SECURITYSERVICES	CSC (AS19574)	782
hostex.lt	Telia Lietuva, AB (AS43811)	33
aslimnica.lv	Jsc Balticom (AS24651)	1
itap.lv	Versija SIA (AS8285)	37
layerip.com	Freethought Internet Limited (AS41000)	16
dns.lv	AMAZON-02 (AS16509)	619
CLOUDFLARENET	Hetzner Online GmbH (AS24940)	363
CLOUDFLARENET	CLOUDFLARENET (AS13335)	6675
CLOUDFLARENET	Hostinger International Limited (AS47583)	1168
serveriai.lt	UAB Interneto vizija (AS212531)	1496
SECURITYSERVICES	MICROSOFT-CORP-MSN-AS-BLOCK (AS8075)	49
NUCDN	Datacenter Luxembourg S.A. (AS24611)	288
Institute of Mathematics and Computer Science of University of Latvia	Institute of Mathematics and Computer Science of University of Latvia (AS5538)	1177
CLOUDFLARENET	Ventspils city municipality institution Ventspils Digital Center (AS43028)	5
arvancdn.ir	Noyan Abr Arvan Co. ( Private Joint Stock) (AS205585)	1
Sia Nano IT	mono solutions ApS (AS201595)	31
zoneedit.com	LeaseWeb Netherlands B.V. (AS60781)	1
IONOS SE	DTS Systeme Muenster GmbH (AS12437)	1
temporarius.lv	SIA BITE Latvija (AS20910)	1
GOOGLE	Wix.com Ltd. (AS58182)	871
donau-it.de	R-KOM Regensburger Telekommunikationsgesellschaft mbH (AS12611)	1
CLOUDFLARENET	INCAPSULA (AS19551)	181
areait.lv	LeaseWeb Netherlands B.V. (AS60781)	2833
Sia Nano IT	Sia Nano IT (AS43513)	3082
szk.lv	SIA Tet (AS12578)	2
Trellian Pty. Limited	Trellian Pty. Limited (AS133618)	15
dns.lv	DIGITALOCEAN-ASN (AS14061)	408
active24.cz	ACTIVE 24, s.r.o. (AS25234)	65
netim.net	Eurofiber France SAS (AS24935)	339
dns.lv	Hetzner Online GmbH (AS24940)	475
fornex.com	Fornex Hosting S.L. (AS44051)	40
Sabiedriba ar ierobezotu atbildibu DELSKA Latvia	Sabiedriba ar ierobezotu atbildibu DELSKA Latvia (AS12993)	47
Zone Media OU	Zone Media OU (AS49604)	1640
dns.lv	PRIVATESYSTEMS (AS63410)	11
dns.lv	Tilda Publishing Ltd. (AS205282)	180
Host Europe GmbH	Hetzner Online GmbH (AS24940)	21
ZONER a.s.	ZONER a.s. (AS34222)	35
Host Europe GmbH	Host Europe GmbH (AS34011)	11
Hetzner Online GmbH	Telia Cygate Oy (AS29422)	4
CLOUDFLARENET	AMAZON-02 (AS16509)	466
Telia Eesti AS	Elkdata OU (AS61189)	399
dns.lv	SIA Tet (AS12578)	534
dns.lv	GOOGLE-CLOUD-PLATFORM (AS396982)	125
garmtech.net	Ddos-guard Ltd (AS57724)	5
dns.lv	Sabiedriba ar ierobezotu atbildibu DELSKA Latvia (AS12993)	374
Institute of Mathematics and Computer Science of University of Latvia	SQUARESPACE (AS53831)	12
MICROSOFT-CORP-MSN-AS-BLOCK	Hetzner Online GmbH (AS24940)	33
CLOUDFLARENET	Jsc Balticom (AS24651)	18
interna.me	IONOS SE (AS8560)	20
CLOUDFLARENET	DREAMHOST-AS (AS26347)	72
CLDIN B.V.	atom86 BV (AS8455)	1
online.lv	LeaseWeb Netherlands B.V. (AS60781)	5
sedoparking.com	SEDO GmbH (AS47846)	298
SIA Tet	SIA Tet (AS47570)	36
inmotionhosting.com	INMOTION (AS22611)	25
Telenet SIA	Telenet SIA (AS24589)	98
CLOUDFLARENET	SIA Tet (AS5518)	10
team.blue Denmark A/S	team.blue Denmark A/S (AS48854)	49
Soluciones Corporativas IP, SL	Soluciones Corporativas IP, SL (AS57910)	39
ORACLE-BMC-31898	ORACLE-BMC-31898 (AS31898)	6
road-runner.net	Road Tech Computer Systems Ltd. (AS34099)	1
AMAZON-02	OVH SAS (AS16276)	197
AMAZON-02	Team Internet AG (AS61969)	507
Signet B.V.	Signet B.V. (AS20857)	96
dns.lv	Scaleway S.a.s. (AS12876)	29
OVH SAS	OVH SAS (AS16276)	656
epag.net	Plusnet GmbH (AS20676)	2
NSONE	IONOS SE (AS8560)	3
rtu.lv	RTU (AS24620)	1
trialine.lv	Telenet SIA (AS24589)	41
nic.ru	Hetzner Online GmbH (AS24940)	1
hostnet.lv	Sabiedriba ar ierobezotu atbildibu DELSKA Latvia (AS12993)	505
bodis.com	AMAZON-02 (AS16509)	343
altusdns.com	AltusHost B.V. (AS51430)	2
garmtech.com	Garmtech Lp (AS43108)	1340
home.pl	home.pl S.A. (AS12824)	78
garmtech.com	AMAZON-02 (AS16509)	11
AUTOMATTIC	AUTOMATTIC (AS2635)	94
MICROSOFT-CORP-MSN-AS-BLOCK	UAB Interneto vizija (AS212531)	6
serveris.lv	Sabiedriba ar ierobezotu atbildibu DELSKA Latvia (AS12993)	606
gfsrv.net	Gameforge 4D GmbH (AS47195)	9
CLOUDFLARENET	DIGITALOCEAN-ASN (AS14061)	410
Hetzner Online GmbH	Hetzner Online GmbH (AS24940)	347
eunethosting.com	ANEXIA Internetdienstleistungs GmbH (AS42473)	1
dns.lv	Institute of Mathematics and Computer Science of University of Latvia (AS5538)	318
GANDI SAS	GANDI SAS (AS29169)	299
UAB Interneto vizija	UAB Interneto vizija (AS212531)	131
dns.lv	SIA Tet (AS5518)	78
GOOGLE-CLOUD-PLATFORM	GOOGLE-CLOUD-PLATFORM (AS396982)	516
dns.lv	CLOUDFLARENET (AS13335)	540
dns.lv	AS-VULTR (AS20473)	34
MICROSOFT-CORP-MSN-AS-BLOCK	Hostinger International Limited (AS47583)	28
serveris.lv	AMAZON-AES (AS14618)	5
AMAZON-02	AMAZON-02 (AS16509)	259
hostex.lt	SIA Tet (AS12578)	1
phase8.net	Team Blue Internet Services Uk Limited (AS8622)	13
Safenames Ltd.	Safenames Ltd. (AS60819)	200
co.uk	OVH SAS (AS16276)	4
dns.lv	Telenet SIA (AS24589)	114
dnsdata.be	CLDIN B.V. (AS48635)	1
Media Partners Sia	Media Partners Sia (AS199558)	51
SECURITYSERVICES	AMAZON-AES (AS14618)	30
businessmedia.lv	AMAZON-AES (AS14618)	85
greengeeks.net	SINGLEHOP-LLC (AS32475)	1
YANDEX LLC	Jsc Balticom (AS24651)	3
garmtech.com	INMOTION (AS22611)	1
MICROSOFT-CORP-MSN-AS-BLOCK	LeaseWeb Netherlands B.V. (AS60781)	16
dns.lv	Republican Unitary Telecommunication Enterprise Beltelecom (AS6697)	2
dtec.lv	Hetzner Online GmbH (AS24940)	1
online.lv	Sia Nano IT (AS43513)	8
Sia Nano IT	AMAZON-02 (AS16509)	45
vagon.lv	RJ Network OU (AS202759)	1
Enix Ltd	Enix Ltd (AS52148)	7
ANEXIA Internetdienstleistungs GmbH	Tele2 SWIPnet (AS1257)	84
CASABLANCA INT a.s.	CASABLANCA INT a.s. (AS15685)	18
dns.lv	WEEBLY (AS27647)	33
dns.lv	Zone Media OU (AS49604)	43
ports.se	Tele2 SWIPnet (AS1257)	105
dns.lv	Ddos-guard Ltd (AS57724)	70
IONOS SE	united-domains GmbH (AS202108)	379
DIGITALOCEAN-ASN	DIGITALOCEAN-ASN (AS14061)	32
SIA Tet	SIA Tet (AS12578)	481
dns.lv	SQUARESPACE (AS53831)	128
Garmtech Lp	Garmtech Lp (AS43108)	53
openidea.lv	Hetzner Online GmbH (AS24940)	7
anadana.lv	Jsc Balticom (AS24651)	107
hyp.net	Domeneshop AS (AS12996)	6
DIGICERT	UK-2 Limited (AS13213)	1
dns.lv	Hostinger International Limited (AS47583)	114
CLOUDFLARENET	NETLAB-SDN (AS979)	5
CLOUDFLARENET	Zone Media OU (AS49604)	15
dns.lv	Garmtech Lp (AS43108)	88
ipcom GmbH	AMAZON-02 (AS16509)	268
CLOUDFLARENET	GOOGLE-CLOUD-PLATFORM (AS396982)	151
dns.lv	UAB Interneto vizija (AS212531)	101
dns.lv	Sia Nano IT (AS43513)	369
Institute of Mathematics and Computer Science of University of Latvia	SINGLEHOP-LLC (AS32475)	17
areait.lv	GOOGLE-CLOUD-PLATFORM (AS396982)	7
Zone Media OU	Telia Eesti AS (AS3249)	16
antivirus.lv	Sabiedriba ar ierobezotu atbildibu DELSKA Latvia (AS12993)	1
SECURITYSERVICES	GTT Communications Inc. (AS3257)	7
ANEXIA Internetdienstleistungs GmbH	MICROSOFT-CORP-MSN-AS-BLOCK (AS8075)	7
hostnet.nl	Infopact Netwerkdiensten B.V. (AS21221)	2
dns.lv	SINGLEHOP-LLC (AS32475)	19
dns.lv	SIA Tet (AS47570)	55
nextpage.lv	UK Dedicated Servers Limited (AS42831)	1
DIGICERT	DIGICERT (AS16552)	104
web4u.cz	AMAZON-02 (AS16509)	1
register.it	Register S.p.A. (AS39729)	92
Zone Media OU	OU CSC Telecom Estonia (AS207872)	2
dns.lv	A2HOSTING (AS55293)	13
101.lv	SIA Maklaut (AS199103)	4
VNET a.s.	VNET a.s. (AS29405)	20
registrar-servers.com	WEEBLY (AS27647)	1
artegence.com	Efigence S.A. (AS43091)	1
areait.lv	SQUARESPACE (AS53831)	4
ns14.net	InterNetX GmbH (AS15456)	48
dns.lv	LeaseWeb Netherlands B.V. (AS60781)	154
CLOUDFLARENET	VAS Latvijas Valsts radio un televizijas centrs (AS8194)	5
contabo.net	Contabo GmbH (AS51167)	34
home.pl	DAWIS IT Sp. z o.o. (AS58334)	2
INTERNET CZ, a.s.	INTERNET CZ, a.s. (AS24806)	43
NSONE	AMAZON-02 (AS16509)	108
dns.lv	Akamai Connected Cloud (AS63949)	107
Webhuset AS	Webhuset AS (AS39783)	6
netim.net	M247 Europe SRL (AS9009)	1
dns.lv	GANDI SAS (AS29169)	1
bi.lv	SIA MWTV (AS44575)	8
SIA BITE Latvija	SIA BITE Latvija (AS2588)	222
dns.lv	SIA BITE Latvija (AS2588)	263
MICROSOFT-CORP-MSN-AS-BLOCK	National Library of Latvia (AS201547)	11
virtualreality.lv	Hetzner Online GmbH (AS24940)	1
ipcom GmbH	MICROSOFT-CORP-MSN-AS-BLOCK (AS8075)	8
specialservers.com	Iomart Cloud Services Limited (AS20860)	1
tukums.lv	VAS Latvijas Valsts radio un televizijas centrs (AS8194)	1
Beget LLC	Beget LLC (AS198610)	37
perfoflex.lv	Hetzner Online GmbH (AS24940)	1
HURRICANE	Cloudflare London, LLC (AS209242)	2
SECURITYSERVICES	METANET AG (AS21069)	2
domeny.tv	Dataspace P.s.a. (AS50599)	99
UAB Elneta	UAB Interneto vizija (AS212531)	1
dns.lv	Contabo GmbH (AS51167)	86
Sia Nano IT	SIA BITE Latvija (AS2588)	17
et.lv	IONOS SE (AS8560)	38
gransy.com	CASABLANCA INT a.s. (AS15685)	41
livas.lv	Sia Livas Net (AS34001)	3
CLOUDFLARENET	Universe Action Limited (AS141356)	45
CLOUDFLARENET	FD-298-8796 (AS8796)	1
JSC IOT	JSC IOT (AS29182)	13
edu.lv	University of Latvia (AS8605)	1
IONOS SE	AMAZON-02 (AS16509)	5
dns.lv	Hohl IT e.U. (AS40994)	3
Deutsche Telekom AG	PlusServer GmbH (AS61157)	2
AMAZON-02	GOOGLE (AS15169)	150
Institute of Mathematics and Computer Science of University of Latvia	AMAZON-02 (AS16509)	34
register.it	AMAZON-02 (AS16509)	16
noderack.lv	SIA Tet (AS47570)	1
CLOUDFLARENET	CNSERVERS (AS40065)	22
CLOUDFLARENET	AS Postimees Grupp (AS207254)	6
GOOGLE	GOOGLE-CLOUD-PLATFORM (AS396982)	38
serveriai.lt	DIGITALOCEAN-ASN (AS14061)	3
IONOS SE	InterNetX GmbH (AS15456)	12
webblitz.net	Xidras GmbH (AS42557)	2
Telia Lietuva, AB	Telia Lietuva, AB (AS43811)	56
dns.lv	SIA Datu Tehnologiju Grupa (AS41898)	35
domena.pl	EXEA Sp. z o.o. (AS60713)	14
cloudns.net	Hetzner Online GmbH (AS24940)	15
protuning.lv	DIGITALOCEAN-ASN (AS14061)	4
Host Europe GmbH	AMAZON-02 (AS16509)	217
AMAZON-02	COLT Technology Services Group Limited (AS8220)	6
studio69.lv	SIA BITE Latvija (AS20910)	1
areait.lv	Tilda Publishing Ltd. (AS205282)	14
uweb.ru	Compubyte Limited (AS204343)	1
awsdns-09.net	AMAZON-02 (AS16509)	1
bluecatdns.com	AMAZON-AES (AS14618)	1
garmtech.com	GOOGLE-CLOUD-PLATFORM (AS396982)	7
GANDI SAS	MICROSOFT-CORP-MSN-AS-BLOCK (AS8069)	8
deac.lv	SIA Tet (AS12578)	11
Akamai International B.V.	Akamai International B.V. (AS20940)	35
dns.lv	NAMECHEAP-NET (AS22612)	19
dns.lv	FASTLY (AS54113)	144
CloudHosting SIA	CloudHosting SIA (AS58269)	115
Rackspace Ltd.	Akamai Connected Cloud (AS63949)	11
supremedns.com	Ficolo Oy (AS49282)	11
YANDEX LLC	First Server Limited (AS50113)	1
ns14.net	Mandala Internet EDV Service GmbH (AS12460)	13
dns.lv	UAB ESNET (AS61053)	6
spx.lv	SPX SIA (AS42936)	24
is-fun.net	TelemaxX Telekommunikation GmbH (AS12843)	33
pro-9.lv	PRO-9 SIA (AS50731)	26
markmonitor.com	AMAZON-02 (AS16509)	329
Hetzner Online GmbH	Hostinger International Limited (AS47583)	1
dns.lv	WIBO Baltic UAB (AS59939)	1
MICROSOFT-CORP-MSN-AS-BLOCK	MICROSOFT-CORP-MSN-AS-BLOCK (AS8075)	114
CLOUDFLARENET	Aeza International Ltd (AS210644)	3
AS-VULTR	Telia Finland Oyj (AS1759)	1
SECURITYSERVICES	COGECO-PEER1 (AS13768)	22
bearingpoint.com	MICROSOFT-CORP-MSN-AS-BLOCK (AS8075)	1
Blacknight Internet Solutions Limited	Blacknight Internet Solutions Limited (AS39122)	5
nordset.lv	MICROSOFT-CORP-MSN-AS-BLOCK (AS8075)	1
virtuaal.com	Virtuaal.com OU (AS205930)	9
nameshield.net	Nameshield SAS (AS20756)	106
serveriai.lt	LEASEWEB-USA-WDC (AS30633)	1
cadence.lv	Cadence SIA (AS41679)	37
Ledl.net GmbH	AUTOMATTIC (AS2635)	1
hostnet.nl	One.com A/S (AS51468)	62
SIA Tet	Wix.com Ltd. (AS58182)	4
SIA Maklaut	DIGITALOCEAN-ASN (AS14061)	3
neuron.ee	Telia Eesti AS (AS3249)	1
SECURITYSERVICES	SECURITYSERVICES (AS12008)	86
Net-Build GmbH	firstcolo GmbH (AS44066)	12
areait.lv	CLOUDFLARENET (AS13335)	44
nominalia.com	Register S.p.A. (AS39729)	6
stepanov.lv	Jsc Balticom (AS24651)	1
CLOUDFLARENET	GOOGLE (AS15169)	35
powerdns.de	UD Media GmbH (AS199753)	2
UAB Elneta	UAB Elneta (AS21031)	6
CLOUDFLARENET	FASTLY (AS54113)	19
nubedns.com	Vadavo Soluciones Sl (AS5505)	1
dns.lv	Finance Department of Riga State City Municipality (AS12443)	20
Register S.p.A.	Register S.p.A. (AS39729)	12
dns.lv	SIA BITE Latvija (AS20910)	168
Sia Nano IT	DIGITALOCEAN-ASN (AS14061)	27
loopia.se	Loopia AB (AS39570)	18
serveriai.lt	CLOUDFLARENET (AS13335)	44
it-line.lv	Telenet SIA (AS24589)	1
CLOUDFLARENET	UNIFIEDLAYER-AS-1 (AS46606)	28
dns.lv	Jsc Balticom (AS24651)	171
SECURITYSERVICES	INCAPSULA (AS19551)	10
SIA Maklaut	SIA Maklaut (AS199103)	180
OVH SAS	Hetzner Online GmbH (AS24940)	23
CLOUDFLARENET	SIA BITE Latvija (AS21016)	2
xnameserver.de	active 1 GmbH (AS197071)	1
dns.lv	GOOGLE (AS15169)	121
Sia Nano IT	Tilda Publishing Ltd. (AS205282)	33
oderland.com	ODERLAND Webbhotell AB (AS44136)	9
ns14.net	M-net Telekommunikations GmbH (AS8767)	1
CLOUDFLARENET	Garmtech Lp (AS43108)	56
adati.lv	SIA BITE Latvija (AS2588)	46
ORANGE BUSINESS SERVICES U.S. Inc.	AMAZON-02 (AS16509)	7
dns.lv	Wix.com Ltd. (AS58182)	92
elbiko.lv	Hetzner Online GmbH (AS24940)	1
dns.lv	OVH SAS (AS16276)	99
MICROSOFT-CORP-MSN-AS-BLOCK	Cloudflare London, LLC (AS209242)	4
awsdns-21.net	AMAZON-02 (AS16509)	1
dns.lv	RENDER (AS397273)	10
Hosting Ukraine LTD	Hosting Ukraine LTD (AS200000)	15
NUCDN	GTT Communications Inc. (AS3257)	3
kecom.lv	AMAZON-02 (AS16509)	15
Akamai International B.V.	MICROSOFT-CORP-MSN-AS-BLOCK (AS8075)	2
webhost.lv	Garmtech Lp (AS43108)	3
RETN Limited	RETN Limited (AS28886)	6
warnerbros.com	AMAZON-02 (AS16509)	2
AMAZON-02	WHG Hosting Services Ltd (AS209341)	22
CLOUDFLARENET	SIA Tet (AS12578)	64
CLDIN B.V.	Accenture B. V. (AS8315)	10
Sia Nano IT	Telenet SIA (AS24589)	4
SECURITYSERVICES	AMAZON-02 (AS16509)	53
MICROSOFT-CORP-MSN-AS-BLOCK	AMAZON-02 (AS16509)	30
dns.lv	National Library of Latvia (AS201547)	7
evo.org	ATLANTICBB-JOHNSTOWN (AS11776)	1
IONOS SE	Bradler & Krantz GmbH & Co. KG (AS29141)	1
CLOUDFLARENET	LeaseWeb Netherlands B.V. (AS60781)	33
dns-net.de	AMAZON-02 (AS16509)	1
AMAZON-02	GOOGLE-CLOUD-PLATFORM (AS396982)	42
MICROSOFT-CORP-MSN-AS-BLOCK	AS-VULTR (AS20473)	14
guya.me	Init7 (Switzerland) Ltd. (AS13030)	1
bhosted.nl	Eurofiber Cloud Infra B.V. (AS25459)	1
fornex.com	Fornex Hosting S.L. (AS16003)	16
VNET a.s.	velia.net Internetdienste GmbH (AS29066)	1
CLOUDFLARENET	Yancy Limited (AS138415)	36
Institute of Mathematics and Computer Science of University of Latvia	Tilda Publishing Ltd. (AS205282)	6
SECURITYSERVICES	OVH SAS (AS16276)	6
CLOUDFLARENET	Sabiedriba ar ierobezotu atbildibu DELSKA Latvia (AS12993)	97
serveks.com	Ddos-guard Ltd (AS57724)	1
canonical.com	University of Latvia (AS8605)	1
dns.lv	Cloudflare London, LLC (AS209242)	54
OVH SAS	P.a.g.m. Ou (AS198068)	57
dns.lv	AMAZON-AES (AS14618)	112
managed-ip.com	InterNetX GmbH (AS15456)	32
Sia Nano IT	Hetzner Online GmbH (AS24940)	32
SECURITYSERVICES	Skandinaviska Enskilda Banken AB (AS44320)	2
bosch.de	Robert Bosch Gesellschaft mit Beschraenkter Haftung (AS9183)	18
mm88.lv	AMAZON-AES (AS14618)	2
dnsip.com	GNET INC. (AS9294)	4
balt.net	UAB Interneto vizija (AS212531)	7
webglobe.cz	Webglobe, s.r.o. (AS29134)	25
linode.com	Akamai Connected Cloud (AS63949)	82
microhost.pl	Dataspace P.s.a. (AS50599)	3
dropshop.lv	Hetzner Online GmbH (AS24940)	1
SECURITYSERVICES	CLOUDFLARENET (AS13335)	9
NUCDN	Team Internet AG (AS61969)	127
ntchosting.com	Ficolo Oy (AS49282)	6
Scaleway S.a.s.	Scaleway S.a.s. (AS12876)	10
nscluster.at	AMAZON-02 (AS16509)	1
one.com	FASTLY (AS54113)	1
GOOGLE	Contabo GmbH (AS51167)	2
io.lv	Prager Connect GmbH (AS57878)	1
awsdns-00.com	SERVERS-COM (AS7979)	1
OVH SAS	Netia SA (AS12741)	1
online.lv	SIA Tet (AS12578)	95
domdom.net	Magyar Telekom Plc. (AS5483)	1
Host Europe GmbH	Garmtech Lp (AS43108)	1
areait.lv	DIGITALOCEAN-ASN (AS14061)	16
files.fm	SIA Tet (AS12578)	2
urdt.lv	OSTKOM SIA (AS41563)	6
grainvest.lv	Contabo GmbH (AS51167)	1
businessmedia.lv	Wix.com Ltd. (AS58182)	98
hostnet.lv	AMAZON-02 (AS16509)	6
keiko.lv	Hetzner Online GmbH (AS24940)	1
SECURITYSERVICES	Audatex (Schweiz) GmbH (AS29430)	1
g1-dns.com	Nessus GmbH (AS47692)	1
team.blue Denmark A/S	WIIT AG (AS24961)	1
Sia Nano IT	CLOUDFLARENET (AS13335)	45
ACTIVE 24, s.r.o.	WebSupport s.r.o. (AS51013)	97
web-solutions.dk	Sentia Denmark A/S (AS47292)	6
a00.me	P.a.g.m. Ou (AS198068)	1
hostnet.lv	Institute of Mathematics and Computer Science of University of Latvia (AS5538)	1
bauska.lv	LeaseWeb Netherlands B.V. (AS60781)	1
Webhuset AS	MICROSOFT-CORP-MSN-AS-BLOCK (AS8075)	1
lanet.lv	University of Latvia (AS8605)	5
CLOUDFLARENET	AS Latvenergo (AS29600)	3
SECURITYSERVICES	NAMECHEAP-NET (AS22612)	74
CLOUDFLARENET	UAB Interneto vizija (AS212531)	46
cdmon.net	10dencehispahard, S.L. (AS197712)	1
nmugroup.com	Nordisk Media Utveckling AB (AS204074)	16
registrar-servers.com	NAMECHEAP-NET (AS22612)	17
AMAZON-02	A2HOSTING (AS55293)	80
mm88.lv	AS Latvenergo (AS29600)	65
nadns1.com	Nameshield SAS (AS20756)	24
areait.lv	Hetzner Online GmbH (AS24940)	9
itap.lv	OVH SAS (AS16276)	11
dns.lv	HAL Service SpA (AS44092)	1
dns.lv	LR Izglitibas un zinatnes ministrija (AS34073)	9
CLOUDFLARENET	Edelskjold Holding ApS (AS215686)	1
datigroup.com	AMAZON-02 (AS16509)	1
INTERNET Ltd.	INTERNET Ltd. (AS12525)	46
AS-VULTR	SINGLEHOP-LLC (AS32475)	12
MICROSOFT-CORP-MSN-AS-BLOCK	SIA BITE Latvija (AS2588)	14
CLOUDFLARENET	NTHL (AS11042)	1
IONOS SE	velia.net Internetdienste GmbH (AS29066)	1
Safenames Ltd.	AMAZON-02 (AS16509)	2
nameserverservice.de	velia.net Internetdienste GmbH (AS29066)	2
superhosting.cz	SH.cz s.r.o. (AS39392)	1
beneave.com	Scaleway S.a.s. (AS12876)	2
M-net Telekommunikations GmbH	Dokumenta AG (AS24657)	9
dns.lv	OSTKOM SIA (AS41563)	10
dns.lv	FASTER CZ spol. s r.o. (AS24641)	2
CLOUDFLARENET	ACTIVE 24, s.r.o. (AS25234)	1
sqr.cloud	Cyso Group B.V. (AS25151)	6
CLOUDFLARENET	M247 Europe SRL (AS9009)	5
Telia Eesti AS	Elisa Eesti AS (AS2586)	2
MICROSOFT-CORP-MSN-AS-BLOCK	Zone Media OU (AS49604)	10
dns.lv	AUTOMATTIC (AS2635)	15
NSONE	Swedbank AS (AS9091)	2
dateks.lv	Sabiedriba ar ierobezotu atbildibu DELSKA Latvia (AS12993)	1
ipcom GmbH	Binero AB (AS35041)	1
kagoya.net	KAGOYA JAPAN Inc. (AS24282)	2
loopia.se	Telia Company AB (AS3301)	1
awsdns-01.net	Contabo GmbH (AS51167)	1
Institute of Mathematics and Computer Science of University of Latvia	Contabo GmbH (AS51167)	3
ns01.nl	Intention B.V. (AS207647)	2
CLOUDFLARENET	Cloudflare London, LLC (AS209242)	25
SIA Tet	SIA Tet (AS5518)	10
dns.lv	EUROHOSTER Ltd. (AS207728)	1
anp.lv	SIA Tet (AS12578)	1
serveris.lv	DIGITALOCEAN-ASN (AS14061)	8
credit-suisse.com	UBS Group AG (AS8729)	7
GANDI SAS	FASTLY (AS54113)	2
MICROSOFT-CORP-MSN-AS-BLOCK	CLDIN B.V. (AS48635)	1
MICROSOFT-CORP-MSN-AS-BLOCK	Telia Lietuva, AB (AS43811)	2
Knipp Medien und Kommunikation GmbH	ScaleUp Technologies GmbH & Co. KG (AS29014)	7
active24.cz	VSHosting s.r.o. (AS43541)	3
ossnet.lv	Hetzner Online GmbH (AS24940)	3
NUCDN	Combell NV (AS34762)	1
deac.lv	SIA Tet (AS5518)	1
CLOUDFLARENET	Informacines sistemos ir technologijos, UAB (AS61272)	23
routing.net	Eurofiber France SAS (AS24935)	5
Media Partners Sia	Hetzner Online GmbH (AS24940)	2
OVH SAS	ZINET.NET.PL Sp. z.o.o. (AS41508)	1
CLOUDFLARENET	AS-COLOCROSSING (AS36352)	5
ANEXIA Internetdienstleistungs GmbH	Deutsche Telekom AG (AS3320)	1
markmonitor.com	MICROSOFT-CORP-MSN-AS-BLOCK (AS8075)	8
telefonica-data.com	Telefonica De Espana S.a.u. (AS3352)	4
grins.lv	P.a.g.m. Ou (AS198068)	1
dns.com	Latitude.sh LTDA (AS262287)	2
asketic.lv	Hetzner Online GmbH (AS24940)	2
inbox.eu	Sia Nano IT (AS43513)	2
DIGICERT	OVH SAS (AS16276)	7
mailinfo.lv	SIA Tet (AS12578)	1
AMAZON-02	CLOUDFLARENET (AS13335)	7
ascio.com	EPAG Domainservices GmbH (AS12915)	4
routing.net	Hosting.de GmbH (AS12574)	9
tosteris.com	SIA Tet (AS47570)	51
garmtech.com	AMAZON-AES (AS14618)	5
netim.net	TimeWeb LLC (AS9123)	1
Safenames Ltd.	SIA Tet (AS47570)	1
Institute of Mathematics and Computer Science of University of Latvia	Sabiedriba ar ierobezotu atbildibu DELSKA Latvia (AS12993)	26
CLOUDFLARENET	Signet B.V. (AS20857)	4
dig.com	AMAZON-02 (AS16509)	10
CLOUDFLARENET	Sia Nano IT (AS43513)	38
O2switch SAS	O2switch SAS (AS50474)	23
eshoprent.com	Informacines sistemos ir technologijos, UAB (AS61272)	2
valuehost.ru	UAB Bite Lietuva (AS13194)	2
Safenames Ltd.	CLOUDFLARENET (AS13335)	2
routing.net	IP-Projects GmbH & Co. KG (AS48314)	2
LIQUIDNETLTD1	LIQUIDNETLTD1 (AS14555)	20
CLOUDFLARENET	Wix.com Ltd. (AS58182)	19
ACTIVE 24, s.r.o.	VSHosting s.r.o. (AS43541)	5
Hetzner Online GmbH	CTG Server Limited (AS152194)	2
web4u.cz	Web4U s.r.o. (AS39790)	21
derprovider.at	NForce Entertainment B.V. (AS43350)	1
CLOUDFLARENET	Eco Baltia AS (AS56323)	2
domainoffensive.de	Hetzner Online GmbH (AS24940)	4
dns.lv	velia.net Internetdienste GmbH (AS29066)	11
SIA Tet	Jsc Balticom (AS24651)	1
oval.it	SEEWEB s.r.l. (AS12637)	1
SIA Tet	Sia Nano IT (AS43513)	4
CLOUDFLARENET	NEP Norway AS (AS34822)	1
bticino.it	Artefact SARL (AS42929)	2
com.pl	Artnet Sp. z o.o. (AS197155)	1
ipcom GmbH	GleSYS AB (AS42708)	50
UAB Interneto vizija	KKM IT Limited (AS60922)	1
dns.lv	Enflow B.V. (AS209626)	15
abedns.net	Tele2 SWIPnet (AS1257)	18
dns.services	Christian Ebsen ApS (AS62121)	4
1and1-dns.biz	IONOS SE (AS8560)	4
42.pl	FASTLY (AS54113)	1
dns.lv	UK Dedicated Servers Limited (AS42831)	2
veeo.pl	Atman Sp. z o.o. (AS57367)	1
Sia Nano IT	PS Internet Company LLP (AS48716)	1
AMAZON-02	Hetzner Online GmbH (AS24940)	20
morfnet.com	AMAZON-02 (AS16509)	3
CLOUDFLARENET	netcup GmbH (AS197540)	5
CLOUDFLARENET	Artnet Sp. z o.o. (AS200088)	1
Institute of Mathematics and Computer Science of University of Latvia	FASTLY (AS54113)	7
ispapi.net	Hetzner Online GmbH (AS24940)	1
cargo.site	AMAZON-AES (AS14618)	2
speedydns.net	NETWORK-SOLUTIONS-HOSTING (AS19871)	1
NUCDN	LeaseWeb Network B.V. (AS38930)	1
net.tr	Doruk Iletisim ve Otomasyon Sanayi ve Ticaret A.S. (AS8685)	1
Arvato Systems GmbH	InterNetX GmbH (AS15456)	1
tosteris.com	Hetzner Online GmbH (AS24940)	55
hix.nl	Superior B.V. (AS34233)	2
Cyber_Folks S.A.	Cyber_Folks S.A. (AS43758)	40
is.nl	Vancis IP B.V. (AS15879)	2
dns.lv	Kamatera Inc (AS41436)	4
Host Europe GmbH	GO-DADDY-COM-LLC (AS398101)	6
Cloud DNS Ltd	GOOGLE-CLOUD-PLATFORM (AS396982)	3
motive.lv	Host Europe GmbH (AS21499)	1
ports.se	CLOUDFLARENET (AS13335)	2
MICROSOFT-CORP-MSN-AS-BLOCK	Host Europe GmbH (AS20773)	1
123ns.de	'ingenit GmbH & Co. KG' (AS57376)	27
MICROSOFT-CORP-MSN-AS-BLOCK	GOOGLE (AS15169)	7
dnsnode.net	SIA Tet (AS12578)	8
rullz.lv	Institute of Mathematics and Computer Science of University of Latvia (AS5538)	1
blueboard.cz	AMAZON-02 (AS16509)	1
volvo.com	Volvo Information Technology AB (AS25252)	4
vigbo.site	Hetzner Online GmbH (AS24940)	24
world4you.at	World4You Internet Services GmbH (AS38955)	32
smart-systems.lv	Jsc Balticom (AS24651)	1
dns.lv	Astrec Data OU (AS201601)	2
PRO-9 SIA	AMAZON-02 (AS16509)	1
bacloud.com	Informacines sistemos ir technologijos, UAB (AS61272)	11
dns.lv	Lailio Solutions SIA (AS202221)	1
Akamai International B.V.	AKAMAI-AS (AS16625)	8
core-dns.net	H4Y-TECHNOLOGIES (AS397373)	1
CLOUDFLARENET	Previder B.V. (AS20847)	1
dns.com	GNET INC. (AS9294)	1
serverhostgroup.com	OVH SAS (AS16276)	3
awardspace.com	Zetta Hosting Solutions LLC. (AS44476)	6
Institute of Mathematics and Computer Science of University of Latvia	CLOUDFLARENET (AS13335)	14
CLOUDFLARENET	Signet B.V. (AS31586)	4
CLOUDFLARENET	HVC-AS (AS29802)	1
IONOS SE	MICROSOFT-CORP-MSN-AS-BLOCK (AS8075)	5
CLOUDFLARENET	Contabo GmbH (AS51167)	27
dns.lv	ERNIS SIA (AS15899)	4
dns.lv	netcup GmbH (AS197540)	4
SIA Datu Tehnologiju Grupa	SIA Datu Tehnologiju Grupa (AS41898)	20
Deutsche Telekom AG	T-Systems International GmbH (AS6878)	1
co.uk	AMAZON-02 (AS16509)	69
Nazwa.pl Sp.z.o.o.	Nazwa.pl Sp.z.o.o. (AS15967)	18
eaton.com	EATON-CORPORATION (AS11719)	2
dns.lv	UNIFIEDLAYER-AS-1 (AS46606)	9
ns14.net	Host Europe GmbH (AS8972)	9
Institute of Mathematics and Computer Science of University of Latvia	GOOGLE-CLOUD-PLATFORM (AS396982)	15
CLOUDFLARENET	Telia Eesti AS (AS3249)	2
Naukowa I Akademicka Siec Komputerowa - Panstwowy Instytut Badawczy	Naukowa I Akademicka Siec Komputerowa - Panstwowy Instytut Badawczy (AS8308)	9
MICROSOFT-CORP-MSN-AS-BLOCK	SIA Tet (AS5518)	3
DIGICERT	Akamai Connected Cloud (AS63949)	1
esteria.lv	SMS solutions SIA (AS51347)	1
misto.cloud	AMAZON-02 (AS16509)	1
medis.si	Medis Intago d.o.o. (AS43427)	2
Radicenter OU	Radicenter OU (AS216263)	10
dns.lv	NEOCITIES (AS395409)	3
getcourse.ru	HLL LLC (AS51115)	4
cloudns.net	AS Latvenergo (AS29600)	1
SIA Tet	AMAZON-02 (AS16509)	3
id.lv	DIGITALOCEAN-ASN (AS14061)	9
CLOUDFLARENET	UK-2 Limited (AS13213)	1
netim.net	DIGITALOCEAN-ASN (AS14061)	6
eservices.business	SIA BITE Latvija (AS2588)	5
unknown	Garmtech Lp (AS43108)	7
GOOGLE-CLOUD-PLATFORM	20i Limited (AS48254)	75
hostsila.com	Hostpro Lab LLC (AS196645)	4
SECURITYSERVICES	Medis Intago d.o.o. (AS43427)	2
dnsip.com	MICROSOFT-CORP-MSN-AS-BLOCK (AS8075)	12
Institute of Mathematics and Computer Science of University of Latvia	Hostinger International Limited (AS47583)	2
awsdns-00.org	AMAZON-02 (AS16509)	5
anycast.no	Nexthop AS (AS49788)	1
cloudns.net	Sabiedriba ar ierobezotu atbildibu DELSKA Latvia (AS12993)	9
INTERNET CZ, a.s.	IP4ISP z.s.p.o (AS49985)	1
markydot.com	InterNetX GmbH (AS15456)	3
ipcom GmbH	InterNetworX Management GmbH (AS48596)	71
FlokiNET ehf	FlokiNET ehf (AS200651)	3
lemarit.de	Liebherr-IT Services GmbH (AS30915)	1
et.lv	SIA BITE Latvija (AS2588)	5
logi.pl	AMAZON-AES (AS14618)	1
Create & Develop BDR	Create & Develop BDR (AS49667)	10
Akamai International B.V.	GOOGLE-CLOUD-PLATFORM (AS396982)	1
neostrada.nl	CLDIN B.V. (AS48635)	4
dns.lv	Digimoney-SIA (AS199577)	1
dnsip.com	DXTL Tseung Kwan O Service (AS134548)	6
gohost.kz	PE Fedinyak Sergey Vyacheslavovich (AS203087)	1
logitech.com	AMAZON-02 (AS16509)	1
deac.lv	Sabiedriba ar ierobezotu atbildibu DELSKA Latvia (AS12993)	105
Sia Nano IT	Institute of Mathematics and Computer Science of University of Latvia (AS5538)	16
euwebhoster.com	Hetzner Online GmbH (AS24940)	4
Tele2 SWIPnet	Tele2 SWIPnet (AS1257)	3
itviss.lv	SIA Tet (AS12578)	7
com.au	Akamai Connected Cloud (AS63949)	1
UpCloud Ltd	UpCloud Ltd (AS202053)	6
sscc.lv	Hetzner Online GmbH (AS24940)	1
RACKSPACE	RACKSPACE (AS19994)	1
NUCDN	Zone Media OU (AS49604)	1
Hostinger International Limited	Hostinger International Limited (AS47583)	14
NUCDN	Telia Company AB (AS3308)	2
CLOUDFLARENET	ORACLE-BMC-31898 (AS31898)	3
ipcom GmbH	PlusServer GmbH (AS61157)	1
domainers.de	Key-Systems GmbH (AS13246)	11
Sia Nano IT	SIA Tet (AS12578)	28
CLOUDFLARENET	Fastmail Pty Ltd (AS151847)	7
dns.lv	SYNERGY WHOLESALE PTY LTD (AS45638)	5
dns.lv	SERTEX SIA (AS64421)	6
CLOUDFLARENET	Tele2 SWIPnet (AS1257)	1
inexio.net	GOOGLE-CLOUD-PLATFORM (AS396982)	1
is-fun.net	Westwing GmbH (AS198996)	1
hopeart.lv	Hetzner Online GmbH (AS24940)	1
MICROSOFT-CORP-MSN-AS-BLOCK	SQUARESPACE (AS53831)	4
dtag.net	Deutsche Telekom AG (AS3320)	1
dns.lv	Bahnhof AB (AS8473)	1
garmtech.com	Cloudflare London, LLC (AS209242)	2
awsdns-10.org	AMAZON-02 (AS16509)	3
CLDIN B.V.	KPN B.V. (AS1136)	2
io.lv	Tilda Publishing Ltd. (AS205282)	2
SECURITYSERVICES	Equinix (Germany) GmbH (AS24989)	1
dns.lv	Host Europe GmbH (AS8972)	4
SECURITYSERVICES	CENTURYLINK-LEGACY-SAVVIS (AS3561)	3
ossnet.lv	SIA OSS Networks (AS206362)	7
SIA BITE Latvija	SIA BITE Latvija (AS20910)	21
dn-s.nl	Signet B.V. (AS20857)	10
balticcranes.lv	UAB Interneto vizija (AS212531)	1
cloudns.net	Cloudflare London, LLC (AS209242)	1
DIGICERT	HOSTWINDS (AS54290)	4
befox.de	EWE-Tel GmbH (AS9145)	1
abdns.biz	Aruba S.p.A. (AS31034)	4
ambidexter.com	NYINTERNET (AS11403)	1
register.be	Combell NV (AS34762)	9
markmonitor.com	SIA Tet (AS47570)	1
netim.net	CLOUDFLARENET (AS13335)	15
a1.net	Telekom Austria (AS8447)	4
Telia Eesti AS	Zone Media OU (AS49604)	19
PONYNET	Wildcard UK Limited (AS34119)	12
dns.lv	Versija SIA (AS8285)	35
dns.lv	CloudHosting SIA (AS58269)	38
perf1.com	Nameshield SAS (AS20756)	35
areait.lv	AMAZON-02 (AS16509)	16
webb.net	Hetzner Online GmbH (AS24940)	13
Anverino Software SRL	ORACLE-BMC-31898 (AS31898)	3
LeaseWeb Netherlands B.V.	LeaseWeb Netherlands B.V. (AS60781)	9
NUCDN	DLX A/S (AS47527)	1
serveris.lv	SIA BITE Latvija (AS20910)	3
SOFTLAYER	ORACLE-BMC-31898 (AS31898)	1
Knipp Medien und Kommunikation GmbH	Knipp Medien und Kommunikation GmbH (AS8391)	6
co.uk	MGMRI-AS (AS16667)	5
hostnet.nl	Previder B.V. (AS20847)	1
NSONE	AS-VULTR (AS20473)	1
PRO-9 SIA	SIA Tet (AS12578)	2
BUNNYWAY, informacijske storitve d.o.o.	ORACLE-BMC-31898 (AS31898)	2
Akamai Connected Cloud	Akamai Connected Cloud (AS63949)	5
arenariga.com	SIA BITE Latvija (AS2588)	1
samalin.lv	Hetzner Online GmbH (AS24940)	1
mijndnsserver.nl	LeaseWeb Netherlands B.V. (AS60781)	3
ANEXIA Internetdienstleistungs GmbH	COGECO-PEER1 (AS13768)	2
gedvards.lv	SIA BITE Latvija (AS2588)	15
Alwaysdata Sarl	Alwaysdata Sarl (AS60362)	11
nyd.lv	UAB Interneto vizija (AS212531)	1
SECURITYSERVICES	Enflow B.V. (AS209626)	4
PRO-9 SIA	PRO-9 SIA (AS50731)	8
mordac.de	Host Europe GmbH (AS20773)	1
dns.lv	AS Latvenergo (AS29600)	38
dns.lv	M247 Europe SRL (AS9009)	38
quattro.lv	SIA Tet (AS12578)	2
linode.com	DIGITALOCEAN-ASN (AS14061)	4
c4.lv	Wix.com Ltd. (AS58182)	1
webb.net	Akamai Connected Cloud (AS63949)	1
CLOUDFLARENET	SIA BITE Latvija (AS2588)	39
accountservergroup.com	UNIFIEDLAYER-AS-1 (AS46606)	1
Telia Finland Oyj	Telia Finland Oyj (AS1759)	9
intech.lv	Telenet SIA (AS24589)	6
dns.lv	Headquarters of National Armed Forces Republic of Latvia (AS25444)	9
namesecure.de	Neue Medien Muennich GmbH (AS34788)	1
naturalshops4.net	LIQUIDWEB (AS32244)	1
CLOUDFLARENET	UAB Bite Lietuva (AS204746)	1
itservice.lv	SIA BITE Latvija (AS20910)	1
Uniserver Internet B.V.	Uniserver Internet B.V. (AS31673)	4
Sia Nano IT	GOOGLE-CLOUD-PLATFORM (AS396982)	16
MICROSOFT-CORP-MSN-AS-BLOCK	Sia Nano IT (AS43513)	24
Aruba S.p.A.	INTERNET CZ, a.s. (AS24806)	2
LLC VK	First Server Limited (AS204997)	1
inbox.eu	DIGITALOCEAN-ASN (AS14061)	5
reg.ru	Domain names registrar REG.RU, Ltd (AS197695)	22
BMS-AS	Datacenter Luxembourg S.A. (AS24611)	3
dns.lv	Liberty Global B.V. (AS6830)	26
tabdigital.eu	SIA Network Operations Center (AS212911)	4
ultahost.com	firstcolo GmbH (AS44066)	1
wfolio.com	Clodo Cloud Service Co. L.L.C (AS216154)	12
areait.lv	Wix.com Ltd. (AS58182)	10
ha-dns.net	Hetzner Online GmbH (AS24940)	1
colombia.lv	Garmtech Lp (AS43108)	1
e-led.lv	Hetzner Online GmbH (AS24940)	1
CLOUDFLARENET	GOOGLE-2 (AS19527)	1
balt.net	Telia Lietuva, AB (AS43811)	2
c4.lv	OVH SAS (AS16276)	2
inbranddns.com	InterNetX GmbH (AS15456)	1
iptwins.com	OVH SAS (AS16276)	22
ukit.com	Ddos-guard Ltd (AS57724)	4
scientology.net	CSI (AS7914)	6
cloudns.net	NForce Entertainment B.V. (AS43350)	4
Cyber_Folks S.A.	Hetzner Online GmbH (AS24940)	2
dns.lv	UAB Bite Lietuva (AS13194)	14
markmonitor.com	UAB Interneto vizija (AS212531)	1
MICROSOFT-CORP-MSN-AS-BLOCK	Tilde SIA (AS56454)	3
dns.lv	SERVERS-COM (AS7979)	6
Wintermute Technologies EHF	Team Internet AG (AS61969)	11
nexloc.ro	Exim Host SRL (AS211611)	2
Dataspace P.s.a.	Dataspace P.s.a. (AS50599)	13
dns.lv	UK-2 Limited (AS13213)	4
tojeono.cz	CASABLANCA INT a.s. (AS15685)	1
rightsdns.com	GOOGLE-CLOUD-PLATFORM (AS396982)	3
trialine.lv	Akamai Connected Cloud (AS63949)	4
Cyber_Folks S.A.	Beyond.pl sp. z o.o. (AS31229)	10
cloudns.net	FASTLY (AS54113)	2
di.lv	SIA Tet (AS5518)	27
UAB ESNET	UAB ESNET (AS61053)	37
Zone Media OU	AS Postimees Grupp (AS207254)	4
serveriai.lt	Hetzner Online GmbH (AS24940)	9
starjt.lv	Mikrotikls SIA (AS51894)	1
controlpanel.si	Webtasy, d.o.o. (AS43128)	2
xundns.com	GNET INC. (AS9294)	8
timeweb.org	TimeWeb LLC (AS9123)	22
CLOUDFLARENET	UAB Bite Lietuva (AS13194)	4
kualo.net	Kualo Limited (AS204436)	1
Institute of Mathematics and Computer Science of University of Latvia	Optrix SIA (AS197616)	1
link-host.net	Hetzner Online GmbH (AS24940)	2
bitfriends.de	OVH SAS (AS16276)	3
andrejons.lv	Sabiedriba ar ierobezotu atbildibu DELSKA Latvia (AS12993)	1
SECURITYSERVICES	Entain Services Austria GmbH (AS13008)	20
hostgator.com	UNIFIEDLAYER-AS-1 (AS46606)	35
serveris.lv	Ddos-guard Ltd (AS57724)	8
hostgator.com	NETWORK-SOLUTIONS-HOSTING (AS19871)	20
MICROSOFT-CORP-MSN-AS-BLOCK	Sabiedriba ar ierobezotu atbildibu DELSKA Latvia (AS12993)	52
ipcom GmbH	IBH IT-Service GmbH (AS15372)	5
Equinix (EMEA) Acquisition Enterprises B.V.	GOOGLE (AS15169)	1
cloudns.net	terralink networks GmbH (AS59507)	1
Hetzner Online GmbH	Contabo GmbH (AS51167)	54
IS-AS-1	IS-AS-1 (AS19318)	10
cloudns.net	AS-VULTR (AS20473)	3
philips.com	AMAZON-02 (AS16509)	2
AMAZON-02	Rackspace Ltd. (AS15395)	1
technicaltextil.lv	Garmtech Lp (AS43108)	1
Register S.p.A.	AMAZON-02 (AS16509)	1
Sia Nano IT	SQUARESPACE (AS53831)	5
battlekart.com	OVH SAS (AS16276)	1
NUCDN	Blacknight Internet Solutions Limited (AS39122)	2
linode.com	OVH SAS (AS16276)	1
dns.lv	IONOS SE (AS8560)	5
cloudns.net	ORACLE-BMC-31898 (AS31898)	4
Deutsche Telekom AG	Deutsche Telekom AG (AS3320)	9
SIA Maklaut	AMAZON-02 (AS16509)	4
magnum.lv	Zone Media OU (AS49604)	2
serveris.lv	KKM IT Limited (AS60922)	1
unknown	Hostinger International Limited (AS47583)	12
dns.lv	Latvijas tikli, SIA (AS16062)	10
djp.lv	SIA Tet (AS12578)	1
lb.lv	AMAZON-02 (AS16509)	14
krampis.lv	Hetzner Online GmbH (AS24940)	2
Buy Limited	AS-VULTR (AS20473)	9
areait.lv	Institute of Mathematics and Computer Science of University of Latvia (AS5538)	4
CLOUDFLARENET	NETWORK-SOLUTIONS-HOSTING (AS19871)	2
dns.lv	WorldStream B.V. (AS49981)	4
TelemaxX Telekommunikation GmbH	TelemaxX Telekommunikation GmbH (AS12843)	7
ahost.cloud	Hetzner Online GmbH (AS24940)	1
INTERNET CZ, a.s.	ACTIVE 24, s.r.o. (AS25234)	2
lach.lv	Contabo GmbH (AS51167)	1
mm88.lv	Wix.com Ltd. (AS58182)	1
CLOUDFLARENET	Akamai Connected Cloud (AS63949)	11
SIA BITE Latvija	Sia Nano IT (AS43513)	18
ivm.ee	Hetzner Online GmbH (AS24940)	3
KRKA, d.d.Novo mesto	KRKA, d.d.Novo mesto (AS29015)	6
cadence.lv	Institute of Mathematics and Computer Science of University of Latvia (AS5538)	1
checkdomain.de	Hetzner Online GmbH (AS24940)	18
CLOUDFLARENET	Latvijas tikli, SIA (AS16062)	3
one.com	One.com A/S (AS51468)	34
team.blue Denmark A/S	DIGITALOCEAN-ASN (AS14061)	1
GANDI SAS	UAB Interneto vizija (AS212531)	2
irondns.de	AMAZON-02 (AS16509)	1
localhost.ltd	SIA Tet (AS47570)	1
dlsdns.com	ODERLAND Webbhotell AB (AS44136)	1
noderack.com	SIA Tet (AS47570)	4
inmotionhosting.com	IMH-IAD (AS54641)	6
ucoz.net	Webhost LLC (AS44094)	10
classicweb.com	GTT Communications Inc. (AS3257)	1
hostnet.nl	Signet B.V. (AS20857)	3
IONOS SE	IONOS SE (AS8560)	61
dns.lv	HWSERVICES-32400 (AS32400)	2
serveriai.lt	GOOGLE-CLOUD-PLATFORM (AS396982)	3
iks.lt	UAB Rakrejus (AS62282)	1
fozzy.com	Webzilla B.V. (AS35415)	13
Zone Media OU	AMAZON-02 (AS16509)	15
Institute of Mathematics and Computer Science of University of Latvia	Wix.com Ltd. (AS58182)	18
fornex.com	Jsc Balticom (AS24651)	1
RACKSPACE	Team Internet AG (AS61969)	6
pranako.lv	Garmtech Lp (AS43108)	1
cloudns.net	Mediam Oy (AS39324)	1
SECURITYSERVICES	Rackspace Ltd. (AS15395)	3
vietnica.lv	Hetzner Online GmbH (AS24940)	6
skynet.lv	PRO-9 SIA (AS50731)	10
Deutsche Telekom AG	T-Systems International GmbH (AS34086)	5
ipcom GmbH	Telenor Norge AS (AS2119)	1
online.lv	VAS Latvijas Valsts radio un televizijas centrs (AS8194)	3
CLOUDFLARENET	Hostpro Lab LLC (AS196645)	1
riconnect.de	Neue Medien Muennich GmbH (AS34788)	1
SECURITYSERVICES	Datagroup Se (AS198333)	3
dns.lv	SIA Aizdevums.lv (AS211838)	1
ns14.net	Hetzner Online GmbH (AS24940)	25
netim.net	Eurofiber France SAS (AS35625)	3
Akamai International B.V.	Luminor Bank AS (AS24984)	1
garmtech.net	Garmtech Lp (AS43108)	6
lemarit.de	AS-VULTR (AS20473)	28
dns.lv	University of Latvia (AS8605)	22
euronic.fi	Domainkeskus Oy (AS201964)	13
dhl.com	DHLNET (AS2571)	1
awsdns-21.net	Cloudflare London, LLC (AS209242)	1
chkz.net	AMAZON-02 (AS16509)	1
Ledl.net GmbH	Ledl.net GmbH (AS25575)	7
ordipat.fr	Ecritel SASU (AS8304)	1
ACTIVE 24, s.r.o.	Loopia AB (AS41528)	7
CLOUDFLARENET	Web4U s.r.o. (AS39790)	1
localbranding.domains	Mittwald CM Service GmbH & Co. KG (AS15817)	1
ewdns.ch	Hostpoint AG (AS29097)	1
Teleglobal SIA	Teleglobal SIA (AS43877)	7
awsdns-19.org	GOOGLE-CLOUD-PLATFORM (AS396982)	1
1und1.de	IONOS SE (AS8560)	4
x-hosting.lv	RETN Limited (AS28886)	3
SECURITYSERVICES	Danfoss A/S (AS12834)	3
MICROSOFT-CORP-MSN-AS-BLOCK	FASTLY (AS54113)	2
hpe.com	HPINC (AS2165)	4
Telia Eesti AS	Telia Eesti AS (AS3249)	15
spochan.lv	SIA Tet (AS47570)	1
Neue Medien Muennich GmbH	Neue Medien Muennich GmbH (AS34788)	30
dns.lv	Elektrons K SIA (AS44483)	12
dynamica.biz	Hetzner Online GmbH (AS24940)	1
Jsc Balticom	Jsc Balticom (AS24651)	15
MICROSOFT-CORP-MSN-AS-BLOCK	Latvijas Finieris A/S (AS43956)	1
z-ns.net	Hetzner Online GmbH (AS24940)	7
empirion.at	baha GmbH (AS211071)	1
dns.lv	VAS Latvijas Valsts radio un televizijas centrs (AS8194)	35
awsdns-02.com	AMAZON-02 (AS16509)	3
dns.lv	Telia Eesti AS (AS3249)	11
swizzonic.ch	Netrics Zuerich AG, Opfikon (AS31424)	1
latc.lv	Hetzner Online GmbH (AS24940)	1
dns.lv	COGECO-PEER1 (AS13768)	3
InterNetX GmbH	InterNetX GmbH (AS15456)	8
Cyber_Folks S.A.	Cyber_Folks S.A. (AS29522)	16
widhost.net	Aruba S.p.A. (AS31034)	3
AS-VULTR	Contabo GmbH (AS51167)	17
dns.lv	KKM IT Limited (AS60922)	27
tux4web.de	Hetzner Online GmbH (AS24940)	1
Key-Systems GmbH	GHOSTnet GmbH (AS12586)	2
Renault SAS	Makolab S.A. (AS42194)	1
dns.lv	Sia Lursoft It (AS24972)	1
prolain.lv	Telenet SIA (AS24589)	1
info-connect.dk	Info-Connect A/S (AS20618)	2
bofh.lv	SIA SOCKS (AS41390)	14
mica.cloud	Cloudflare London, LLC (AS209242)	1
draugiem.lv	SIA Tet (AS5518)	9
GANDI SAS	GOOGLE-CLOUD-PLATFORM (AS396982)	2
SECURITYSERVICES	Akamai International B.V. (AS20940)	4
hostico.ro	GTS Telecom SRL (AS5606)	1
jjfurniture.lv	Garmtech Lp (AS43108)	1
SIA BITE Latvija	SQUARESPACE (AS53831)	2
cadence.lv	Wix.com Ltd. (AS58182)	1
serveris.lv	Garmtech Lp (AS43108)	1
areait.lv	SIA Tet (AS12578)	4
gov.lv	Tiesu Namu Agentura SIA (AS21325)	1
perf1.com	Hermes Europe GmbH (AS29042)	6
ML-1432-54994	AMAZON-02 (AS16509)	2
valtersit.eu	Contabo GmbH (AS51167)	1
awsdns-00.com	AMAZON-02 (AS16509)	5
CLOUDFLARENET	WEEBLY (AS27647)	2
vni.lv	SIA Tet (AS5518)	1
hostsila.com	Atman Sp. z o.o. (AS24723)	2
GOOGLE	Safenames Ltd. (AS60819)	5
dns.lv	VAS Latvijas Valsts radio un televizijas centrs (AS210213)	1
online.lv	Sabiedriba ar ierobezotu atbildibu DELSKA Latvia (AS12993)	4
HURRICANE	Hetzner Online GmbH (AS24940)	2
Elisa Oyj	GOOGLE-CLOUD-PLATFORM (AS396982)	2
Versija SIA	Versija SIA (AS8285)	64
bitforit.com	SIA Tet (AS12578)	1
compic.ee	Compic OU (AS39823)	1
AS-VULTR	AS-VULTR (AS20473)	10
qloud.lv	Zomro B.V. (AS204601)	1
gov.lv	VAS Latvijas Valsts radio un televizijas centrs (AS8194)	11
dns.lv	euNetworks GmbH (AS13237)	2
norplast.lv	AMAZON-02 (AS16509)	3
Zone Media OU	CLOUDFLARENET (AS13335)	45
AMAZON-02	DIGITALOCEAN-ASN (AS14061)	6
ANEXIA Internetdienstleistungs GmbH	Securitas Direct AB (AS39656)	1
fornex.com	Datasource AG (AS51395)	12
abstractdns.com	Freethought Internet Limited (AS41000)	7
MICROSOFT-CORP-MSN-AS-BLOCK	GOOGLE-CLOUD-PLATFORM (AS396982)	12
dns.lv	OSN Online Service Nuernberg GmbH (AS8859)	1
vtl.lv	DIGITALOCEAN-ASN (AS14061)	1
UAB Interneto vizija	AMAZON-02 (AS16509)	5
jika.name	SH.cz s.r.o. (AS39392)	2
RPH Business Support AS	Cloudflare London, LLC (AS209242)	1
runhosting.com	Zetta Hosting Solutions LLC. (AS44476)	14
NUCDN	Adam EcoTech, S.A (AS15699)	5
nss.ee	LeaseWeb Netherlands B.V. (AS60781)	2
CLDIN B.V.	CLDIN B.V. (AS48635)	14
nshost2.de	Hetzner Online GmbH (AS24940)	1
co.uk	CSC (AS19574)	9
awsdns-22.org	AMAZON-02 (AS16509)	1
CLOUDFLARENET	SINGLEHOP-LLC (AS32475)	7
serveriai.lt	SQUARESPACE (AS53831)	1
HURRICANE	UK Dedicated Servers Limited (AS42831)	1
linkit.lv	SIA Tet (AS12578)	2
alphamega.nl	CLDIN B.V. (AS48635)	1
AMAZON-02	WHG Hosting Services Ltd (AS36454)	5
Pq Hosting Plus S.r.l.	SIA Tet (AS12578)	1
cadence.lv	Hostinger International Limited (AS47583)	1
Wildcard UK Limited	Wildcard UK Limited (AS34119)	5
ostkom.lv	OSTKOM SIA (AS41563)	2
worldwidedns.net	ORACLE-BMC-31898 (AS31898)	1
dns.lv	Jurmalas pilsetas dome (AS41376)	5
Sia Nano IT	RCN-AS (AS6079)	1
dns.lv	Neue Medien Muennich GmbH (AS34788)	2
flora.lv	Sabiedriba ar ierobezotu atbildibu DELSKA Latvia (AS12993)	1
online.lv	Wix.com Ltd. (AS58182)	5
CLOUDFLARENET	Sakura Link Limited (AS49304)	3
Strato GmbH	AMAZON-02 (AS16509)	1
tomail.me	Digital Communications Ltd. (AS34524)	1
IONOS SE	DIGITALOCEAN-ASN (AS14061)	1
suta.lv	DIGITALOCEAN-ASN (AS14061)	7
abelite.lv	Sia Nano IT (AS43513)	1
Elisa Oyj	Sabiedriba ar ierobezotu atbildibu DELSKA Latvia (AS12993)	1
dns.lv	Tele2 SWIPnet (AS1257)	8
MICROSOFT-CORP-MSN-AS-BLOCK	Contabo GmbH (AS51167)	7
dns.lv	PRO-9 SIA (AS50731)	14
gov.lv	Valsts sabiedriba ar ierobezotu atbildibu Latvijas Vides, geologijas un meteorologijas cent (AS208284)	2
Optrix SIA	Optrix SIA (AS197616)	8
SECURITYSERVICES	TROWE-NET (AS6566)	1
QUIC-CLOUD	OVH SAS (AS16276)	9
adati.lv	Sabiedriba ar ierobezotu atbildibu DELSKA Latvia (AS12993)	2
MICROSOFT-CORP-MSN-AS-BLOCK	CENTURYLINK-LEGACY-SAVVIS (AS3561)	5
fleksneta.lt	Informacines sistemos ir technologijos, UAB (AS61272)	2
rackspeed-cloud.com	comtrance service GmbH (AS30962)	1
w3line.fr	OVH SAS (AS16276)	1
NETWORK-SOLUTIONS-HOSTING	NETWORK-SOLUTIONS-HOSTING (AS19871)	7
travellink.lv	SIA Tet (AS12578)	2
AMAZON-02	Akamai Connected Cloud (AS63949)	9
dns.lv	mono solutions ApS (AS201595)	15
etwh-service.de	ITP-Solutions GmbH & Co. KG (AS213250)	5
awsdns-29.net	Jsc Balticom (AS24651)	1
itap.lv	Akamai Connected Cloud (AS63949)	1
checkdomain.de	Xirra GmbH (AS51191)	19
RPH Business Support AS	RPH Business Support AS (AS57946)	2
CLOUDFLARENET	SIA BITE Latvija (AS20910)	23
WIKIMEDIA	WIKIMEDIA (AS14907)	7
dns.lv	Media Partners Sia (AS199558)	3
CLOUDFLARENET	Deutsche Telekom AG (AS3320)	3
hostnet.lv	mono solutions ApS (AS201595)	1
controlpanel.si	CLOUDFLARENET (AS13335)	1
online.lv	Hetzner Online GmbH (AS24940)	12
Sia Nano IT	AMAZON-AES (AS14618)	9
s-dns.de	Hetzner Online GmbH (AS24940)	2
spawn.lv	Ventspils city municipality institution Ventspils Digital Center (AS43028)	6
dnsdrift.net	Iver Norge As (AS57829)	1
MICROSOFT-CORP-MSN-AS-BLOCK	Institute of Mathematics and Computer Science of University of Latvia (AS5538)	14
managed-ip.com	AMAZON-02 (AS16509)	5
serveriai.lt	Torena, II (AS47341)	1
iptwins.com	Claranet SAS (AS35012)	1
active24.cz	Lombard s.r.o. (AS60715)	2
dns.lv	INMOTION (AS22611)	1
LDSCHURCH1	LDSCHURCH1 (AS19648)	8
alfanet.ee	Kernel AS (AS39038)	2
ch-inter.net	HiHo AG (AS48218)	1
iplace.se	SiteVision AB (AS41174)	2
erpromo.lv	OVH SAS (AS16276)	1
CLOUDFLARENET	TrueFullstaq B.V. (AS15703)	1
SECURITYSERVICES	PlusServer GmbH (AS61157)	2
dlv.lv	DLV, sia (AS204130)	1
Akamai International B.V.	Blue Bridge MSP, UAB (AS42774)	1
Compic OU	Compic OU (AS39823)	7
cmtechnology.com	CM.com N.V. (AS15447)	1
almeva.cz	DIGITALOCEAN-ASN (AS14061)	1
markmonitor.com	Quantcom, a.s. (AS29208)	6
freehosting.com	Hetzner Online GmbH (AS24940)	6
dems.lv	Telenet SIA (AS24589)	5
hosting.de	Hetzner Online GmbH (AS24940)	1
CLOUDFLARENET	OVH SAS (AS16276)	37
parklogic.com	Akamai Connected Cloud (AS63949)	4
dns.lv	GO-DADDY-COM-LLC (AS400754)	3
SECURITYSERVICES	Den Danske Bank A/S (AS12483)	2
proisp.no	One.com A/S (AS51468)	2
domeny.tv	Hostinger International Limited (AS47583)	1
inware.ch	METANET AG (AS21069)	1
bosch.de	MICROSOFT-CORP-MSN-AS-BLOCK (AS8075)	24
Sia Nano IT	SERTEX SIA (AS64421)	1
chown.lv	SIA Tet (AS12578)	2
dataforce.net	Stack Group, LLC (AS200044)	1
GOOGLE	GOOGLE (AS15169)	7
garmtech.com	AS INFONET (AS8728)	1
Sia Nano IT	KKM IT Limited (AS60922)	6
vivacom.it	Aruba S.p.A. (AS31034)	1
wynnlv.com	NTT-DATA-2914 (AS2914)	1
ipcom GmbH	iptoX GmbH (AS33828)	2
florians.lv	Contabo GmbH (AS51167)	1
SERTEX SIA	SERTEX SIA (AS64421)	25
nettheatre.org	Skhron OU (AS215467)	2
andi.lv	Hetzner Online GmbH (AS24940)	1
hyperops.lt	UAB Rakrejus (AS62282)	1
itpartners.lv	SIA RixHost (AS52048)	14
dns.lv	NOLAN, sia (AS206902)	1
iptwins.com	Enflow B.V. (AS209626)	3
2038.host	DIGITALOCEAN-ASN (AS14061)	2
awsdns-14.net	AMAZON-02 (AS16509)	4
jt.lv	SIA Tet (AS12578)	1
metanet.ch	METANET AG (AS21069)	2
dns.lv	Iomart Cloud Services Limited (AS20860)	5
unknown	World Registry of Internet Domains LTD (AS199029)	7
MICROSOFT-CORP-MSN-AS-BLOCK	RAMNODE (AS3842)	1
dns.lv	SIA Network Operations Center (AS212911)	2
dns.lv	Telia Lietuva, AB (AS43811)	13
is-fun.net	PlusServer GmbH (AS61157)	1
naturalshops6.net	LIQUIDWEB (AS32244)	2
serveriai.lt	Telia Lietuva, AB (AS43811)	14
Telia Lietuva, AB	UAB Baltnetos komunikacijos (AS15440)	1
cadence.lv	SQUARESPACE (AS53831)	3
avency.de	avency GmbH (AS12371)	3
dns.lv	SIA LETA (AS48546)	2
enter.lv	DIGITALOCEAN-ASN (AS14061)	2
beehosting.pro	Hetzner Online GmbH (AS24940)	8
BUNNYWAY, informacijske storitve d.o.o.	Hetzner Online GmbH (AS24940)	3
worldrid.com	Institute of Mathematics and Computer Science of University of Latvia (AS5538)	1
Sia Nano IT	Wix.com Ltd. (AS58182)	25
dns.lv	TimeWeb LLC (AS9123)	2
dns.lv	SIA DIVI Grupa (AS35809)	3
bilendi.com	Bilendi Technology SARL (AS51664)	2
DIGICERT	LeaseWeb Netherlands B.V. (AS60781)	2
site5.com	UNIFIEDLAYER-AS-1 (AS46606)	4
dns.lv	Itglobal.com Nl B.v. (AS208951)	1
dns.lv	Nexthop AS (AS49788)	1
Hetzner Online GmbH	FASTLY (AS54113)	1
nscluster.ee	AMAZON-02 (AS16509)	4
blastport.com	TIER-NET (AS397423)	2
Contabo GmbH	SIA BITE Latvija (AS2588)	5
GOOGLE	Sia dolphnet (AS51548)	16
cid.com	FASTLY (AS54113)	1
ns-service.de	ConnectingBytes GmbH (AS34568)	1
sac-it.dk	MICROSOFT-CORP-MSN-AS-BLOCK (AS8075)	2
yourhost.lv	Teleglobal SIA (AS43877)	13
dns.lv	MICROSOFT-CORP-MSN-AS-BLOCK (AS8075)	39
garmtech.net	CLOUDFLARENET (AS13335)	5
introweb.nl	Signet B.V. (AS20857)	1
inbox.eu	Beget LLC (AS198610)	1
Cyber_Folks S.A.	Cyber_Folks S.A. (AS34360)	4
foundationdns.com	FASTLY (AS54113)	1
null.lv	Hetzner Online GmbH (AS24940)	2
doedns.de	Hetzner Online GmbH (AS24940)	3
CLOUDFLARENET	Tilda Publishing Ltd. (AS205282)	87
dns.lv	Zomro B.V. (AS204601)	1
SECURITYSERVICES	DOM Digital Online Media GmbH (AS31521)	2
CLOUDFLARENET	ROUTERHOSTING (AS14956)	1
hosting.lv	Versija SIA (AS8285)	18
CLOUDFLARENET	SIA ILVA Ltd. (AS47499)	1
introdns.com	Tngnet B.v. (AS47690)	3
kraemer-it.cloud	Hetzner Online GmbH (AS24940)	1
awsdns-11.com	AMAZON-AES (AS14618)	1
ot.lv	SOK, SIA (AS207066)	11
BUNNYWAY, informacijske storitve d.o.o.	ATLANTIC-NET-1 (AS6364)	3
ns1-tec.de	SYNLINQ (AS44486)	2
managed-ip.com	AMAZON-AES (AS14618)	2
Hetzner Online GmbH	Jsc Balticom (AS24651)	1
dtce.net	Equinix (EMEA) Acquisition Enterprises B.V. (AS15830)	1
amadis.lv	Latvijas tikli, SIA (AS16062)	3
dammestirgus.lv	Jsc Balticom (AS24651)	2
Community DNS Limited	Safenames Ltd. (AS60819)	1
ORACLE-BMC-31898	CLOUDFLARENET (AS13335)	4
YANDEX LLC	UNIFIEDLAYER-AS-1 (AS46606)	1
insec.lt	Hostinger International Limited (AS47583)	1
AMAZON-02	Contabo GmbH (AS51167)	4
areait.lv	CloudHosting SIA (AS58269)	3
wedos.cz	WEDOS Internet, a.s. (AS208414)	1
didnt.work	Hetzner Online GmbH (AS24940)	2
SIA BITE Latvija	SIA Tet (AS12578)	6
dns.lv	WHG Hosting Services Ltd (AS209341)	3
OVH SAS	CLOUDFLARENET (AS13335)	6
CLOUDFLARENET	Sia Livas Net (AS34001)	1
ntt.lt	UAB Nacionalinis Telekomunikaciju Tinklas (AS33922)	4
nmugroup.com	Ember AB (AS200150)	1
ns14.net	K&K Kommunikationssysteme GmbH (AS42821)	1
123ns.de	noris network AG (AS12337)	7
black-wizard.com	OVH SAS (AS16276)	3
Sia Nano IT	VAS Latvijas Valsts radio un televizijas centrs (AS8194)	2
Institute of Mathematics and Computer Science of University of Latvia	SIA Tet (AS12578)	11
noz.lv	Institute of Mathematics and Computer Science of University of Latvia (AS5538)	2
Anverino Software SRL	HOSTWINDS (AS54290)	3
Institute of Mathematics and Computer Science of University of Latvia	Lauku atbalsta dienests (AS43188)	2
checkdomain.de	dogado GmbH (AS8648)	1
tosteris.com	Scaleway S.a.s. (AS12876)	6
Versija SIA	SIA BITE Latvija (AS2588)	1
smarthost.pl	Smarthost sp. z o.o. (AS39566)	4
Zone Media OU	HITME.PL (AS50840)	1
CLOUDFLARENET	H4Y-TECHNOLOGIES (AS397373)	1
Global Village GmbH	Global Village GmbH (AS13039)	6
krokodili.lv	Garmtech Lp (AS43108)	1
LiveSport s.r.o.	LiveSport s.r.o. (AS52130)	6
MICROSOFT-CORP-MSN-AS-BLOCK	DIGITALOCEAN-ASN (AS14061)	35
Versija SIA	mono solutions ApS (AS201595)	1
dns.lv	NETWORK-SOLUTIONS-HOSTING (AS19871)	6
dns.lv	GITHUB (AS36459)	3
domenai.lt	UAB Bartus pro (AS51107)	16
HURRICANE	PT Infinys System Indonesia (AS58397)	1
britt.se	Hetzner Online GmbH (AS24940)	1
brainagent.co	Enix Ltd (AS52148)	1
SECURITYSERVICES	CALLAWAYGOLF (AS26005)	1
agenturserver.co	Mittwald CM Service GmbH & Co. KG (AS15817)	2
markmonitor.com	T-Mobile Czech Republic a.s. (AS13036)	3
CLOUDFLARENET	Pq Hosting Plus S.r.l. (AS44477)	4
tieto.com	Optimizely AB (AS30811)	5
areait.lv	Hostinger International Limited (AS47583)	3
dns.lv	Latvijas Mobilais Telefons SIA (AS24921)	20
lailio.cloud	Sabiedriba ar ierobezotu atbildibu DELSKA Latvia (AS12993)	1
nic.ru	Jsc ru-center (AS39494)	1
AMAZON-02	WHG Hosting Services Ltd (AS51713)	4
Media Partners Sia	Garmtech Lp (AS43108)	4
dnsvisa.com	COGECO-PEER1 (AS13768)	2
CLOUDFLARENET	RTU (AS24620)	4
serveris.lv	OVH SAS (AS16276)	3
thednscompany.com	LeaseWeb Netherlands B.V. (AS60781)	3
OVH SAS	Wix.com Ltd. (AS58182)	2
Global Village GmbH	ecotel communication ag (AS12312)	1
ns14.net	united-domains GmbH (AS202108)	2
BB-Online UK Ltd	UK Dedicated Servers Limited (AS42831)	1
gransy.com	AMAZON-02 (AS16509)	1
inbox.eu	Institute of Mathematics and Computer Science of University of Latvia (AS5538)	1
nhl-data.dk	GlobalConnect A/S (AS31027)	1
ANEXIA Internetdienstleistungs GmbH	Akamai Connected Cloud (AS63949)	2
Host Europe GmbH	Cloudflare London, LLC (AS209242)	5
GOOGLE	Partner Hosting LTD (AS215826)	1
dns.lv	Host Europe GmbH (AS20773)	3
dnsbackup.net	Webglobe, s.r.o. (AS29134)	1
NUCDN	Atea A/S (AS21060)	1
dns.lv	Sia dolphnet (AS51548)	6
AMAZON-02	Tilda Publishing Ltd. (AS205282)	1
ossnet.lv	Akamai Connected Cloud (AS63949)	1
netcup GmbH	netcup GmbH (AS197540)	14
SECURITYSERVICES	FNIS (AS18434)	1
dns.lv	Hosting.de GmbH (AS48823)	2
hostex.lt	UAB Interneto vizija (AS212531)	4
serveris.lv	CLOUDFLARENET (AS13335)	14
magichouse.cz	VSHosting s.r.o. (AS43541)	1
webland.se	GleSYS AB (AS42708)	2
CLOUDFLARENET	SIA Maklaut (AS199103)	2
hitrost.net	Hitrost.com Internet Storitve d.o.o. (AS59834)	1
afraid.org	Leaseweb Deutschland GmbH (AS28753)	1
dns.lv	AS-COLOCROSSING (AS36352)	3
droso.dk	SecurityNet.cz s.r.o. (AS42422)	1
AMAZON-02	Admiral Markets AS (AS202063)	1
Cyber_Folks S.A.	Atman Sp. z o.o. (AS57367)	1
telekom.at	LINZ STROM GAS WAERME GmbH fuer Energiedienstleistungen und Telekommunikation (AS35369)	1
dns.lv	Artnet Sp. z o.o. (AS197155)	5
Cyber_Folks S.A.	Play (AS31242)	1
awsdns-02.com	AMAZON-AES (AS14618)	2
Safenames Ltd.	Mittwald CM Service GmbH & Co. KG (AS15817)	1
MICROSOFT-CORP-MSN-AS-BLOCK	Tele2 SWIPnet (AS1257)	3
nadns1.com	Hetzner Online GmbH (AS24940)	9
slnet.lv	SIA Tet (AS5518)	1
Webhuset AS	Webhuset AS (AS29486)	3
Institute of Mathematics and Computer Science of University of Latvia	Hetzner Online GmbH (AS24940)	20
GANDI SAS	Cloudflare London, LLC (AS209242)	4
dns.lv	Mt Finance LLC (AS214822)	1
serveriai.lt	Sabiedriba ar ierobezotu atbildibu DELSKA Latvia (AS12993)	1
serveriai.lt	Akamai Connected Cloud (AS63949)	3
Cyber_Folks S.A.	Cyber_Folks S.A. (AS41079)	18
Zone Media OU	Contabo GmbH (AS51167)	5
ANEXIA Internetdienstleistungs GmbH	Fujitsu Invia Finland IP-network (AS1342)	2
afraid.org	SOFTLAYER (AS36351)	5
deac.lv	GOOGLE-CLOUD-PLATFORM (AS396982)	2
CLOUDFLARENET	VSHosting s.r.o. (AS43541)	4
inbox.eu	Jsc Balticom (AS24651)	1
prodomaines.com	CLOUDFLARENET (AS13335)	1
internex.at	ANEXIA Internetdienstleistungs GmbH (AS42473)	1
AS Latvenergo	AS Latvenergo (AS29600)	13
nsserve.de	EntServ Deutschland GmbH (AS15854)	1
domain24.de	Key-Systems GmbH (AS13246)	1
GANDI SAS	ANTI-DDOS (AS35251)	1
Safenames Ltd.	Rackspace Ltd. (AS15395)	1
CLOUDFLARENET	World Registry of Internet Domains LTD (AS199029)	5
Hetzner Online GmbH	NETWORK-SOLUTIONS-HOSTING (AS19871)	1
cscudns.com	MICROSOFT-CORP-MSN-AS-BLOCK (AS8075)	1
Sia Nano IT	Sabiedriba ar ierobezotu atbildibu DELSKA Latvia (AS12993)	18
Netnod AB	INTERNET AG Global Network (AS8495)	1
zini.lv	Institute of Mathematics and Computer Science of University of Latvia (AS5538)	3
exocad.net	Hetzner Online GmbH (AS24940)	1
tmpw.net	MONST-2AS (AS10694)	1
getspace.us	Hetzner Online GmbH (AS24940)	22
dns.lv	SIA Baltic project group (AS199034)	1
SIA BITE Latvija	Sabiedriba ar ierobezotu atbildibu DELSKA Latvia (AS12993)	3
dns.lv	Miss Hosting AB (AS200719)	12
CLOUDFLARENET	Telenet SIA (AS24589)	2
cloudns.net	Contabo GmbH (AS51167)	8
interstroom.nl	Interstroom Informatietechnologie BV (AS13136)	1
tns1.eu	Tarhely.Eu Szolgaltato Kft. (AS43359)	4
european-server.com	Combell NV (AS34762)	8
dns.lv	Arvid Logicum OU (AS202376)	2
team.blue Denmark A/S	LeaseWeb Netherlands B.V. (AS60781)	2
SCAAM0001	HCL Technologies Sweden AB (AS209236)	3
smartid.lv	SK ID Solutions AS (AS206714)	1
UAB Interneto vizija	CLOUDFLARENET (AS13335)	3
CLOUDFLARENET	NAMECHEAP-NET (AS22612)	10
geberit.ch	Elisa Oyj (AS719)	1
A2HOSTING	A2HOSTING (AS55293)	5
areait.lv	Contabo GmbH (AS51167)	2
webconstructor.lv	Sabiedriba ar ierobezotu atbildibu DELSKA Latvia (AS12993)	3
DIGITALOCEAN-ASN	AMAZON-02 (AS16509)	16
LLC VK	SIA Tet (AS5518)	5
almic.ee	Telia Eesti AS (AS3249)	6
stable.cz	Webglobe, s.r.o. (AS29134)	7
IONOS SE	Hetzner Online GmbH (AS24940)	9
ratesolutions.eu	AS INFONET (AS8728)	2
Akamai Connected Cloud	Leaseweb Deutschland GmbH (AS28753)	5
Hetzner Online GmbH	CLOUDFLARENET (AS13335)	6
boomtime.lv	SIA BFA (AS201315)	1
ANEXIA Internetdienstleistungs GmbH	CSC (AS19574)	2
CLOUDFLARENET	Datacamp Limited (AS60068)	1
netim.net	Netia SA (AS12741)	2
spaceweb.pro	SpaceWeb Ltd (AS44112)	4
top24.lv	Scalaxy B.V. (AS58061)	1
ORACLE-BMC-31898	DIGIKEY (AS14738)	1
euronic.fi	Hetzner Online GmbH (AS24940)	1
ports.se	Fouredge AB (AS48220)	1
ssdhgosting.lv	SIA Tet (AS12578)	1
awsdns-30.org	FASTLY (AS54113)	1
artline.lv	2CLOUD SIA (AS3281)	5
andi.lv	Ddos-guard Ltd (AS57724)	1
irodakomplex.hu	4iG Telecommunications Holding Zrt (AS8990)	1
hostgator.com	ORACLE-BMC-31898 (AS31898)	1
ns14.net	AMAZON-02 (AS16509)	6
proisp.no	Emp Secure As (AS28824)	4
aspnix.com	ANAXA3-ASN (AS989)	1
bsms.lv	OVH SAS (AS16276)	1
Telia Lietuva, AB	Zone Media OU (AS49604)	1
inbox.eu	Hetzner Online GmbH (AS24940)	6
linovate.de	Hetzner Online GmbH (AS24940)	5
CloudHosting SIA	Hetzner Online GmbH (AS24940)	4
balt.net	UAB Baltnetos komunikacijos (AS15440)	15
mediaprofile.lv	SIA BITE Latvija (AS2588)	1
hexonet.net	AMAZON-02 (AS16509)	2
LIQUIDWEB	LIQUIDWEB (AS32244)	5
Akamai International B.V.	CSC (AS19574)	2
CLOUDFLARENET	Miss Hosting AB (AS200719)	2
korves.net	IONOS SE (AS8560)	1
Sia Nano IT	CASABLANCA INT a.s. (AS15685)	1
Hosting Ukraine LTD	Hetzner Online GmbH (AS24940)	8
SECURITYSERVICES	Metaways Infosystems GmbH (AS44225)	4
domserver.de	InterNetX GmbH (AS15456)	4
registrar-servers.com	Sia Nano IT (AS43513)	1
satchurch.lv	AS-VULTR (AS20473)	2
dntrust.com	Key-Systems GmbH (AS13246)	6
namemaster.de	SpeedPartner GmbH (AS34225)	1
Aktsiaselts WaveCom	Aktsiaselts WaveCom (AS34702)	5
mod.lv	Headquarters of National Armed Forces Republic of Latvia (AS25444)	1
site.pro	AMAZON-02 (AS16509)	2
150.136	SIA BITE Latvija (AS2588)	1
managed-ip.com	OVH SAS (AS16276)	7
billberry.ee	Hetzner Online GmbH (AS24940)	1
org.lv	SIA BITE Latvija (AS2588)	2
krystal.uk	Krystal Hosting Ltd (AS12488)	9
boldnet.lv	SIA BITE Latvija (AS2588)	1
perf1.com	Hostinger International Limited (AS47583)	2
Zone Media OU	Tilda Publishing Ltd. (AS205282)	7
ns14.net	Megaspace Internet Services GmbH (AS34624)	1
id.lv	Hetzner Online GmbH (AS24940)	10
gransy.com	VSHosting s.r.o. (AS43541)	5
inbox.eu	SIA Tet (AS12578)	1
abedns.net	Bredband2 AB (AS29518)	1
Key-Systems GmbH	Telehouse EAD (AS57344)	2
Telia Finland Oyj	Jsc Balticom (AS24651)	1
fortes.lv	Telenet SIA (AS24589)	1
awesomeprojects.ro	GTS Telecom SRL (AS5606)	1
zoneedit.com	UNIFIEDLAYER-AS-1 (AS46606)	1
vigbo.site	Hostkey B.v. (AS50867)	4
hostnet.lv	AS-VULTR (AS20473)	2
garmtech.com	CLOUDFLARENET (AS13335)	12
vendo.lv	Hetzner Online GmbH (AS24940)	1
MICROSOFT-CORP-MSN-AS-BLOCK	TimeWeb LLC (AS9123)	1
mserwis.pl	Dataspace P.s.a. (AS50599)	1
brabuss.lv	SIA Tet (AS12578)	1
itd.lv	SIA BITE Latvija (AS2588)	4
stabs.lv	Telenet SIA (AS24589)	1
markmonitor.com	Optimizely AB (AS30811)	3
inbokss.com	Sabiedriba ar ierobezotu atbildibu DELSKA Latvia (AS12993)	8
SkyExchange Internet Access	CLOUDFLARENET (AS13335)	1
QUIC-CLOUD	Sabiedriba ar ierobezotu atbildibu DELSKA Latvia (AS12993)	1
awsdns-04.com	AMAZON-AES (AS14618)	1
globalnet.lv	GOOGLE-CLOUD-PLATFORM (AS396982)	1
jauda.lv	AS Latvenergo (AS29600)	1
unknown	Sia Nano IT (AS43513)	5
co.uk	Hetzner Online GmbH (AS24940)	9
assystems.lv	Jsc Balticom (AS24651)	2
awsdns-06.com	AMAZON-02 (AS16509)	1
PRO-9 SIA	SIA BITE Latvija (AS2588)	3
Host Europe GmbH	Host Europe GmbH (AS21499)	22
dns.lv	Freethought Internet Limited (AS41000)	2
hp.com	AMAZON-02 (AS16509)	4
AMAZON-02	DIGICERT (AS16552)	1
pagengruppen.se	InfraCom Managed Services AB (AS29468)	1
Akamai International B.V.	VFC (AS12052)	1
ipcom GmbH	Hetzner Online GmbH (AS24940)	23
anadana.lv	OVH SAS (AS16276)	1
exohosting.cz	VNET a.s. (AS29405)	5
iu.nl	Bizway BV (AS35260)	1
Sia Nano IT	GOOGLE (AS15169)	3
MICROSOFT-CORP-MSN-AS-BLOCK	Garmtech Lp (AS43108)	15
webempresa.eu	Combell NV (AS34762)	2
mijn.host	mijn.host B.V. (AS214673)	1
awsdns-05.org	Hetzner Online GmbH (AS24940)	1
iwantmyname.net	InterNetX GmbH (AS15456)	3
dns.lv	SIA Maklaut (AS199103)	8
hostpapa.lv	LeaseWeb Netherlands B.V. (AS60781)	3
MICROSOFT-CORP-MSN-AS-BLOCK	OVH SAS (AS16276)	5
ipcom GmbH	INTAC Services GmbH (AS44076)	17
a1.net	Nessus GmbH (AS47692)	3
bitforit.com	SIA Tet (AS47570)	2
GOOGLE	Team Internet AG (AS61969)	25
Safenames Ltd.	Tele2 SWIPnet (AS1257)	1
SECURITYSERVICES	UUNET (AS702)	1
dns.lv	UpCloud Ltd (AS202053)	12
AMAZON-02	Cloudflare London, LLC (AS209242)	5
kwikdns.com	Webzilla B.V. (AS35415)	3
AMAZON-02	FASTLY (AS54113)	2
dns.lv	P.a.g.m. Ou (AS198068)	13
home.pl	Beyond.pl sp. z o.o. (AS31229)	3
CLOUDFLARENET	UAB Baltnetos komunikacijos (AS15440)	5
Institute of Mathematics and Computer Science of University of Latvia	Akamai Connected Cloud (AS63949)	15
co.uk	Akamai International B.V. (AS20940)	1
aerohosting.cz	FASTER CZ spol. s r.o. (AS24641)	2
skynet.lv	Garmtech Lp (AS43108)	1
markmonitor.zone	AMAZON-02 (AS16509)	16
online.lv	Telia Eesti AS (AS3249)	5
DIGICERT	DIGITALOCEAN-ASN (AS14061)	4
mono.net	mono solutions ApS (AS201595)	4
NUCDN	GOOGLE-CLOUD-PLATFORM (AS396982)	2
awsdns-03.net	AMAZON-02 (AS16509)	3
garmtech.com	Sia Nano IT (AS43513)	6
dns.lv	World Registry of Internet Domains LTD (AS199029)	7
MICROSOFT-CORP-MSN-AS-BLOCK	Tilda Publishing Ltd. (AS205282)	2
dns.lv	Green Floid LLC (AS50979)	3
awsdns-03.net	CLOUDFLARENET (AS13335)	1
ilait.se	GleSYS AB (AS42708)	1
Versija SIA	Telenet SIA (AS24589)	3
areait.lv	mono solutions ApS (AS201595)	1
DIGICERT	ATLANTIC-NET-1 (AS6364)	1
Akamai International B.V.	MOTOROLA-SOLUTIONS (AS19773)	1
UAB Interneto vizija	Jsc Balticom (AS24651)	1
serveris.lv	Institute of Mathematics and Computer Science of University of Latvia (AS5538)	4
Hetzner Online GmbH	SIA Tet (AS12578)	3
CLOUDFLARENET	SonderCloud Limited (AS133199)	10
avnet.eu	EBV ELEKTRONIK GMBH & Co.KG (AS41926)	1
Sia Nano IT	MICROSOFT-CORP-MSN-AS-BLOCK (AS8075)	2
oto.cc	AMAZON-AES (AS14618)	3
kaba.com	AMAZON-02 (AS16509)	3
Telia Lietuva, AB	UAB Interneto vizija (AS212531)	7
ascio.com	AMAZON-02 (AS16509)	1
home.pl	Atman Sp. z o.o. (AS15694)	1
Host Europe GmbH	Sia Nano IT (AS43513)	1
GOOGLE	Hostinger International Limited (AS47583)	2
MICROSOFT-CORP-MSN-AS-BLOCK	SiteVision AB (AS41174)	1
online.lv	DIGITALOCEAN-ASN (AS14061)	5
CLOUDFLARENET	offek h&o ltd (AS201156)	1
serveriai.lt	UAB Cherry Servers (AS216444)	1
GANDI SAS	Bahnhof AB (AS8473)	1
AB Tetra Pak	CSC (AS19574)	2
netim.net	GOOGLE-CLOUD-PLATFORM (AS396982)	2
int2000.net	Zoner Oy (AS201692)	1
vmedia.lt	UAB Penki kontinentai (AS12539)	1
Sia Nano IT	Akamai Connected Cloud (AS63949)	2
dnsbycomodo.net	AMAZON-AES (AS14618)	2
GOOGLE	DIGITALOCEAN-ASN (AS14061)	3
Telia Eesti AS	DIGITALOCEAN-ASN (AS14061)	4
co.uk	DIMENOC (AS33182)	3
bluecatdns.com	CGINET-01 (AS18563)	2
SERVERSTACK-ASN	SERVERSTACK-ASN (AS46652)	7
Institute of Mathematics and Computer Science of University of Latvia	Zone Media OU (AS49604)	2
Pq Hosting Plus S.r.l.	Pq Hosting Plus S.r.l. (AS44477)	2
zoneedit.com	Sia Livas Net (AS34001)	1
serveris.lv	SIA Tet (AS12578)	3
interlan.se	GlobalConnect AB (AS12552)	1
cloudns.net	GOOGLE (AS15169)	2
dns.lv	SkyNet Ltd. (AS35807)	2
dmitrij.lv	Jsc Balticom (AS24651)	1
MICROSOFT-CORP-MSN-AS-BLOCK	A2HOSTING (AS55293)	3
eduard.lv	Jsc Balticom (AS24651)	1
NUCDN	ACTIVE 24, s.r.o. (AS25234)	1
tigran.lv	Jsc Balticom (AS24651)	1
registrar-servers.com	CLOUDFLARENET (AS13335)	1
SIA Datu Tehnologiju Grupa	Hetzner Online GmbH (AS24940)	1
gandaa.lv	Hetzner Online GmbH (AS24940)	1
thundercloud.uk	Awareness Software Limited (AS34931)	6
registrar-servers.com	SIA BITE Latvija (AS20910)	3
managed.fi	Hetzner Online GmbH (AS24940)	1
Zone Media OU	velia.net Internetdienste GmbH (AS29066)	1
Sia Nano IT	OVH SAS (AS16276)	5
megagroup.ru	Megagroup.ru LLC (AS60357)	1
ordipat.fr	OVH SAS (AS16276)	2
iptwins.com	Orange (AS3215)	1
Hetzner Online GmbH	AMAZON-02 (AS16509)	5
Netnod AB	Adacor Hosting GmbH (AS42442)	10
llkc.lv	VAS Latvijas Valsts radio un televizijas centrs (AS210213)	1
dns.lv	Foxcloud Llp (AS200904)	1
Telia Lietuva, AB	Data Bank Group UAB (AS201959)	4
CLOUDFLARENET	MICROSOFT-CORP-MSN-AS-BLOCK (AS8075)	27
latinsoft.lv	P.a.g.m. Ou (AS198068)	1
dns.lv	SPX SIA (AS42936)	4
ports.se	CSC (AS19574)	2
dns.lv	Sia Nano IT (AS52173)	2
dns.lv	Aktsiaselts WaveCom (AS34702)	6
UUNET	Deutsche Telekom AG (AS3320)	2
Internet-Pro LLC	Internet-Pro LLC (AS44128)	3
perf1.com	SpaceNet AG (AS5539)	1
Versija SIA	CLOUDFLARENET (AS13335)	1
Elisa Oyj	UAB Rakrejus (AS62282)	1
abcity.lv	Sabiedriba ar ierobezotu atbildibu DELSKA Latvia (AS12993)	1
Sia Nano IT	Hostinger International Limited (AS47583)	5
NUCDN	netlogix GmbH & Co. KG (AS206231)	1
HURRICANE	OVH SAS (AS16276)	2
baden.domains	Leitwerk Ag (AS15894)	1
swt.lv	Contabo GmbH (AS51167)	1
internex.at	InterNetX GmbH (AS15456)	3
CLOUDFLARENET	Centrum Holding 1 Spolka Akcyjna Sp. K. (AS205395)	1
Hangzhou Alibaba Advertising Co.,Ltd.	COGENT-174 (AS174)	1
G-Core Labs S.A.	XRUI TECHNOLOGY LIMITED (AS153494)	9
Sia Nano IT	PRIVATESYSTEMS (AS63410)	2
nsentry.de	PlusServer GmbH (AS61157)	1
pearson.com	PEARSON-NA (AS11892)	1
csh.lv	Sia Nano IT (AS43513)	1
NSONE	GOOGLE (AS15169)	3
Sia Nano IT	SIA Tet (AS47570)	3
subnet.lv	SIA Tet (AS12578)	1
online.lv	SIA Tet (AS47570)	1
dns.lv	Signet B.V. (AS20857)	8
ipcom GmbH	Wurth IT GmbH (AS207481)	5
cloudns.net	M247 Europe SRL (AS9009)	4
edu.lv	SIA Tet (AS12578)	1
Zone Media OU	Scaleway S.a.s. (AS12876)	2
sensongroup.lv	Jsc Balticom (AS24651)	2
domeny.tv	T-Mobile Polska S.A. (AS12912)	1
afraid.org	Sia Nano IT (AS43513)	1
garmtech.com	DIGITALOCEAN-ASN (AS14061)	2
Hostpoint AG	Hostpoint AG (AS29097)	17
loopia.se	Synotio AB (AS203605)	1
inbox.eu	AMAZON-02 (AS16509)	4
websiteservername.com	HOSTP-LA (AS23273)	2
GOOGLE	AMAZON-02 (AS16509)	3
SOFTLAYER	HOSTWINDS (AS54290)	1
Sia Nano IT	SIA BITE Latvija (AS20910)	4
dns.lv	World4You Internet Services GmbH (AS38955)	1
nordnet.fi	Nordnet Bank AB (AS24819)	1
anadana.lv	AMAZON-AES (AS14618)	2
dr.lv	Mikrotikls SIA (AS51894)	1
kkibci.pl	Grupa KKI-BCI Sp. Z o.o. (AS8726)	2
dotroll.com	Magyar Telekom Plc. (AS5483)	1
world4you.at	Next Layer Telekommunikationsdienstleistungs- und Beratungs GmbH (AS1764)	1
amenworld.com	Register S.p.A. (AS39729)	2
Safenames Ltd.	DXC-AS3360 (AS3360)	1
SIA BITE Latvija	SIA Tet (AS5518)	3
NUCDN	Ddos-guard Ltd (AS57724)	1
CLOUDFLARENET	Versija SIA (AS8285)	12
MICROSOFT-CORP-MSN-AS-BLOCK	HyperOps UAB (AS59821)	1
trinity.lv	Garmtech Lp (AS43108)	2
DIGICERT	Tilda Publishing Ltd. (AS205282)	1
MICROSOFT-CORP-MSN-AS-BLOCK	Wichmann Internet Services GmbH (AS33940)	2
mc2.lv	SIA Tet (AS47570)	3
truit.lv	University of Latvia (AS8605)	1
routing.net	IONOS SE (AS8560)	6
klikserver.de	Hetzner Online GmbH (AS24940)	1
SIA BITE Latvija	adesso as a service GmbH (AS44152)	1
dns24.hu	Rackhost Zrt. (AS210579)	2
web-hebergement.net	OVH SAS (AS16276)	1
co.uk	HERABIT S.p.A. (AS21309)	1
dns.lv	SIA MWTV (AS44575)	9
hostnet.nl	SpeedPartner GmbH (AS34225)	1
serveris.lv	Tilda Publishing Ltd. (AS205282)	7
CLOUDFLARENET	RENDER (AS397273)	3
rs.lv	SIA Tet (AS12578)	1
rigalink.lv	Versija SIA (AS8285)	6
validname.com	Alibaba US Technology Co., Ltd. (AS45102)	1
lima-city.de	23M GmbH (AS47447)	1
dditservices.com	JWE S.a r.l. (AS34655)	2
Telia Eesti AS	CLOUDFLARENET (AS13335)	4
CLOUDFLARENET	Visma Software International AS (AS61213)	1
aqq.me	LLC Mixplat Processing (AS199361)	2
opportunity.de	Aixit GmbH (AS29551)	2
silentcoat.lv	DIGITALOCEAN-ASN (AS14061)	1
CLOUDFLARENET	Amarutu Technology Ltd (AS206264)	1
SIA BITE Latvija	Hostinger International Limited (AS47583)	6
iLink ltd	iLink ltd (AS8538)	7
Deutsche Telekom AG	Hetzner Online GmbH (AS24940)	3
balticom.lv	Jsc Balticom (AS24651)	11
mono.lv	LeaseWeb Netherlands B.V. (AS60781)	1
unknown	AMAZON-02 (AS16509)	1
SECURITYSERVICES	Institut Straumann AG (AS34893)	1
pear.lv	OVH SAS (AS16276)	2
managed-ip.com	Cyber_Folks S.A. (AS29522)	1
Yelles AB	Yelles AB (AS206170)	3
crediweb.lv	SIA BITE Latvija (AS2588)	6
dns.lv	IMH-IAD (AS54641)	7
SECURITYSERVICES	Safenames Ltd. (AS60819)	1
123ns.de	DIGITALOCEAN-ASN (AS14061)	4
sellit.lv	Optrix SIA (AS197616)	9
Sia Nano IT	Ddos-guard Ltd (AS57724)	18
Arvato Systems GmbH	1&1 Versatel Deutschland GmbH (AS8881)	2
latgale.lv	SIA BITE Latvija (AS20910)	1
CLOUDFLARENET	EDNS (AS16686)	1
AMAZON-02	AMAZON-AES (AS14618)	24
SIA Tet	DIGITALOCEAN-ASN (AS14061)	1
dns.lv	FLY (AS40509)	4
Hetzner Online GmbH	OWS-NETWORK (AS984)	6
NUCDN	AMAZON-02 (AS16509)	18
Anverino Software SRL	WZ-US-40824 (AS40824)	3
nic.ru	SIA BITE Latvija (AS20910)	1
register.it	GOOGLE-CLOUD-PLATFORM (AS396982)	1
GANDI SAS	HEXATOM s.a.r.l. (AS51269)	1
iwantmyname.net	GOOGLE-CLOUD-PLATFORM (AS396982)	3
ispnoc.eu	Serverius Holding B.V. (AS50673)	1
CLOUDFLARENET	Institute of Mathematics and Computer Science of University of Latvia (AS5538)	14
lovellsnames.org	Hosting.de GmbH (AS12574)	1
CLOUDFLARENET	SIA Tet (AS47570)	12
DIGICERT	SIA BITE Latvija (AS2588)	1
CLOUDFLARENET	Planeetta Internet Oy (AS58003)	1
globalnet.lv	SIA BITE Latvija (AS2588)	1
DIGITALOCEAN-ASN	Opera Norway AS (AS39832)	1
teamartwork.com	Hetzner Online GmbH (AS24940)	1
businessmedia.lv	SIA Tet (AS5518)	13
SIA Maklaut	Akamai Connected Cloud (AS63949)	2
speedkom.net	IDKOM Networks GmbH (AS12931)	3
online.lv	Akciju sabiedriba Regionala Investiciju Banka (AS48867)	1
CLOUDFLARENET	Finance Department of Riga State City Municipality (AS12443)	1
tabdigital.eu	SIA Network Operations Center (AS203339)	1
MICROSOFT-CORP-MSN-AS-BLOCK	AMAZON-AES (AS14618)	6
twinservers.net	PE Skurykhin Mukola Volodumurovuch (AS56851)	3
awsdns-15.net	AMAZON-02 (AS16509)	2
AMAZON-02	Zone Media OU (AS49604)	3
mm88.lv	AMAZON-02 (AS16509)	2
ip-projects.de	IP-Projects GmbH & Co. KG (AS48314)	2
authentica.lv	SIA BITE Latvija (AS2588)	1
SIA Electronic Solutions	SIA Electronic Solutions (AS13070)	5
dataclub.lv	SIA RixHost (AS52048)	4
hostnet.lv	CLOUDFLARENET (AS13335)	2
zzdats.lv	SIA Tet (AS12578)	3
is-fun.net	Artfiles New Media GmbH (AS8893)	1
getspace.us	Scaleway S.a.s. (AS12876)	1
travel.lv	Institute of Mathematics and Computer Science of University of Latvia (AS5538)	1
lemarit.de	Optitrust GmbH (AS200062)	1
dns.lv	AlpineDC SA (AS198385)	4
devlat.eu	Hetzner Online GmbH (AS24940)	4
co.uk	CCSI-AS (AS40593)	1
is-fun.net	Hetzner Online GmbH (AS24940)	1
OVH SAS	COGENT-174 (AS174)	1
ports.se	DREAMHOST-AS (AS26347)	3
tradepoint.lv	Telenet SIA (AS24589)	4
Institute of Mathematics and Computer Science of University of Latvia	Ddos-guard Ltd (AS57724)	5
combell.net	Combell NV (AS34762)	16
onetec.lv	Telenet SIA (AS24589)	6
cnetworks.lv	SIA RD Consult (AS44624)	3
dnsiaas.com	velia.net Internetdienste GmbH (AS29066)	3
DIGICERT	InterNetX GmbH (AS15456)	5
awsdns-22.net	FASTLY (AS54113)	1
goodtec.cloud	SIA GOOD (AS39900)	5
serveriai.lt	Telia Lietuva, AB (AS8764)	4
cloudns.net	Artnet Sp. z o.o. (AS200088)	2
HURRICANE	SSASN2 (AS20454)	1
awsdns-20.net	AMAZON-02 (AS16509)	1
markmonitor.com	Admiral Markets AS (AS202063)	1
awsdns-26.com	AMAZON-02 (AS16509)	2
alb.de	GBC GmbH Internet Service Center Ingenieurgesellschaft fuer Systemsoftware und Kommunikation (AS24766)	1
netim.net	OVH SAS (AS16276)	8
unihost.lv	Freethought Internet Limited (AS41000)	5
ZONER a.s.	T-Mobile Czech Republic a.s. (AS13036)	1
Hetzner Online GmbH	Corporate Solutions SIA (AS43615)	2
pddukns.com	OVH SAS (AS16276)	2
etat.lu	Visual Online S.A. (AS9008)	1
OVH SAS	SIA Lexico Telecom LTD (AS43123)	1
AMAZON-02	Equinix (EMEA) Acquisition Enterprises B.V. (AS15830)	3
helppi.net	S1 Networks Oy (AS45010)	1
skynet.lv	VAS Latvijas Valsts radio un televizijas centrs (AS8194)	25
wpx.net	Voxility LLP (AS3223)	1
ports.se	UAB Interneto vizija (AS212531)	1
SECURITYSERVICES	Combell NV (AS34762)	2
rgz.lv	PONYNET (AS53667)	1
riga.lv	Finance Department of Riga State City Municipality (AS12443)	10
serveriai.lt	Hostinger International Limited (AS47583)	10
linode.com	SIA BITE Latvija (AS2588)	10
di.lv	CLOUDFLARENET (AS13335)	1
csc.lv	OU CSC Telecom Estonia (AS207872)	3
imos.net	imos Gesellschaft fuer Internet-Marketing und Online-Services mbH (AS20677)	3
cloudns.net	UpCloud Ltd (AS202053)	4
CLOUDFLARENET	Cadence SIA (AS41679)	1
cloudns.net	CLOUDFLARENET (AS13335)	2
EuroByte LLC	Iron Hosting Centre LTD (AS216139)	3
SIA BITE Latvija	GOOGLE-CLOUD-PLATFORM (AS396982)	2
dns.lv	Leaseweb Deutschland GmbH (AS28753)	11
deac.lv	mono solutions ApS (AS201595)	1
bit2host.eu	PATHWAY (AS11342)	1
awsdns-04.net	Closed joint stock company ZOLOTAYA KORONA (AS212264)	1
supportedns.com	WEHOSTWEBSITES-COM (AS30475)	1
GOOGLE	Hetzner Online GmbH (AS24940)	20
Cyber_Folks S.A.	Academic Computer Centre CYFRONET AGH (AS8323)	1
Sia Nano IT	Garmtech Lp (AS43108)	6
latmap.lv	OVH SAS (AS16276)	1
hostnet.lv	AMAZON-AES (AS14618)	4
ossnet.lv	SIA Tet (AS12578)	3
hostfactory.ch	Zettaplan AG (AS200713)	2
log.lv	Latvijas tikli, SIA (AS16062)	1
MICROSOFT-CORP-MSN-AS-BLOCK	Create & Develop BDR (AS49667)	2
MICROSOFT-CORP-MSN-AS-BLOCK	Akenes SA (AS61098)	1
Eco Baltia AS	Eco Baltia AS (AS56323)	6
afraid.org	Hetzner Online GmbH (AS24940)	1
yourdomainprovider.net	Metaregistrar B.V. (AS42585)	6
algs.lv	Telenet SIA (AS24589)	3
dnsnode.net	Latvijas Republikas Saeima (AS20548)	1
OVH SAS	GOOGLE (AS15169)	1
Institute of Mathematics and Computer Science of University of Latvia	UAB Interneto vizija (AS212531)	5
Sia Nano IT	SIA Datu Tehnologiju Grupa (AS41898)	3
dns.lv	Create & Develop BDR (AS49667)	2
balt.net	UAB Saulenet (AS50065)	1
aiza.lv	SIA Tet (AS12578)	1
infrapod.nl	Infrapod (AS212098)	1
my.com	LLC VK (AS47764)	1
HURRICANE	SIA Tet (AS5518)	2
config.lv	AS-VULTR (AS20473)	1
cadence.lv	Jsc Balticom (AS24651)	1
pwcits.lv	SIA Tet (AS5518)	1
rsga.lv	Garmtech Lp (AS43108)	1
Host Europe GmbH	Host Europe GmbH (AS8972)	4
Telia Lietuva, AB	Torena, II (AS47341)	1
aspone.cz	INTERNET CZ, a.s. (AS24806)	1
cloudns.net	GO-DADDY-COM-LLC (AS398787)	1
SECURITYSERVICES	Optimizely AB (AS30811)	8
SECURITYSERVICES	CSC Administrative Services Limited (AS34922)	10
home.pl	OVH SAS (AS16276)	2
travelcom.lv	NAMECHEAP-NET (AS22612)	1
dns.lv	Signet B.V. (AS35470)	2
OVH SAS	OOO VPS (AS200487)	3
obvius.lv	SIA Tet (AS5518)	1
Iomart Cloud Services Limited	Iomart Cloud Services Limited (AS20860)	5
zombie.lv	Akamai Connected Cloud (AS63949)	1
NetActuate, Inc	Radware Ltd (AS198949)	2
topconnect.ee	Top Connect Ou (AS42300)	1
ehosting.lv	SIA Tet (AS12578)	3
harizma.lv	Hetzner Online GmbH (AS24940)	3
budgetprint.lv	SIA BITE Latvija (AS20910)	1
dns.lv	GO-DADDY-COM-LLC (AS398101)	3
Safenames Ltd.	Institute of Mathematics and Computer Science of University of Latvia (AS5538)	3
pevonia.lv	Hetzner Online GmbH (AS24940)	1
Sia Nano IT	SIA Tet (AS5518)	4
dtnt.info	MICROSOFT-CORP-MSN-AS-BLOCK (AS8075)	1
registrar-servers.com	AMAZON-02 (AS16509)	2
SIA BITE Latvija	Contabo GmbH (AS51167)	2
SkyExchange Internet Access	G-Core Labs S.A. (AS202422)	1
toshiba-europe.com	CLOUDFLARENET (AS13335)	1
Telenet BV	Telenet BV (AS6848)	1
MICROSOFT-CORP-MSN-AS-BLOCK	CLOUDFLARENET (AS13335)	4
atvirtual.com	Festo Management SE (AS41700)	3
wtg9.com	Hetzner Online GmbH (AS24940)	1
park-my-domain.net	Hetzner Online GmbH (AS24940)	3
Seonet Multimedia s.r.o.	Seonet Multimedia s.r.o. (AS59925)	9
Knipp Medien und Kommunikation GmbH	MICROSOFT-CORP-MSN-AS-BLOCK (AS8075)	1
GANDI SAS	DIGITALOCEAN-ASN (AS14061)	3
CLOUDFLARENET	Ddos-guard Ltd (AS57724)	7
contra.lv	Telenet SIA (AS24589)	1
mdisain.ee	netcup GmbH (AS197540)	1
co.uk	Real Hosts Limited (AS39458)	1
cyber24.de	InterNetX GmbH (AS15456)	4
anet.lv	OSTKOM SIA (AS41563)	2
MICROSOFT-CORP-MSN-AS-BLOCK	UAB ESNET (AS61053)	1
cyon.ch	Cloudflare London, LLC (AS209242)	1
ANEXIA Internetdienstleistungs GmbH	UAB Interneto vizija (AS212531)	3
maklaut.lv	LLC McLaut-Invest (AS25133)	1
dn-s.be	Signet B.V. (AS21155)	1
Sia Nano IT	AS Citadele banka (AS16279)	6
Seonet Multimedia s.r.o.	WEDOS Internet, a.s. (AS197019)	1
BEIT GmbH	BEIT GmbH (AS211784)	10
Zone Media OU	TIM (AS3269)	1
AMAZON-02	MICROSOFT-CORP-MSN-AS-BLOCK (AS8075)	8
co.kr	Korea Telecom (AS4766)	1
iptwins.com	MICROSOFT-CORP-MSN-AS-BLOCK (AS8075)	1
MICROSOFT-CORP-MSN-AS-BLOCK	Tiesu Namu Agentura SIA (AS21325)	3
SIA Maklaut	Wix.com Ltd. (AS58182)	1
artforte.lv	AMAZON-02 (AS16509)	1
ML-1432-54994	ML-1432-54994 (AS54994)	5
worldnic.com	NETWORK-SOLUTIONS-HOSTING (AS19871)	1
net.pl	HITME.PL (AS50840)	2
areait.lv	Akamai Connected Cloud (AS63949)	3
deac.lv	CENTURYLINK-LEGACY-SAVVIS (AS3561)	1
IONOS SE	Host Europe GmbH (AS8972)	1
routing.net	Hetzner Online GmbH (AS24940)	2
dns.lv	Optrix SIA (AS197616)	1
ignum.eu	Webglobe, s.r.o. (AS29134)	5
Institute of Mathematics and Computer Science of University of Latvia	WEEBLY (AS27647)	3
dns.lv	Informacines sistemos ir technologijos, UAB (AS61272)	2
NSONE	FASTLY (AS54113)	1
CLOUDFLARENET	G.Network Communications Limited (AS202596)	1
serveriai.lt	OVH SAS (AS16276)	1
inf.lv	Versija SIA (AS8285)	5
NUCDN	Koninklijke Luchtvaart Maatschappij N.V. (AS28806)	1
time4vps.cloud	UAB Interneto vizija (AS212531)	1
deksters.lv	Garmtech Lp (AS43108)	1
Deutsche Telekom AG	Telekom Deutschland GmbH (AS48951)	2
loopia.se	SQUARESPACE (AS53831)	1
prewise.com	Telia Cygate Oy (AS29422)	1
NSONE	SECURITYSERVICES (AS19905)	9
latnet.lv	Institute of Mathematics and Computer Science of University of Latvia (AS5538)	1
dns.lv	SIA PNB Print (AS35734)	1
grifsag.lv	Hetzner Online GmbH (AS24940)	1
noria.pl	Talex S.A. (AS39599)	1
Cloud DNS Ltd	SIA Tet (AS47570)	2
dns.lv	PODA a.s. (AS30764)	1
awsdns-31.com	AMAZON-02 (AS16509)	1
serveris.lv	SIA BITE Latvija (AS2588)	3
SECURITYSERVICES	DIGITALOCEAN-ASN (AS14061)	4
perf1.com	INCAPSULA (AS19551)	1
loginet.ee	Loginet Solutions LLC (AS60415)	3
namesystem.se	GleSYS AB (AS42708)	1
dns.lv	Host Europe GmbH (AS21499)	13
mksystems.lv	OVH SAS (AS16276)	1
SECURITYSERVICES	Hosting.de GmbH (AS12574)	1
Knipp Medien und Kommunikation GmbH	TIMOCOM GmbH (AS24909)	2
iptwins.com	CSC Administrative Services Limited (AS34922)	1
easyre.lv	LeaseWeb Netherlands B.V. (AS60781)	1
Soluciones Corporativas IP, SL	IONOS SE (AS8560)	1
MICROSOFT-CORP-MSN-AS-BLOCK	SIA Datu Tehnologiju Grupa (AS41898)	2
coltgroup.com	PlusServer GmbH (AS61157)	2
SECURITYSERVICES	SIA Maklaut (AS199103)	1
world4you.at	Hetzner Online GmbH (AS24940)	2
mezaciems.lv	SIA BITE Latvija (AS2588)	2
names.lt	Telia Lietuva, AB (AS43811)	3
register.it	Retelit Digital Services S.p.A. (AS12850)	2
prplus.lv	SIA BITE Latvija (AS2588)	1
ipcom GmbH	Akamai Connected Cloud (AS63949)	4
mediagear.net	PlusServer GmbH (AS61157)	1
AMAZON-02	GANDI SAS (AS29169)	2
nic.ru	HLL LLC (AS51115)	2
anadana.lv	SIA Baltic project group (AS199034)	1
1984.is	AMAZON-02 (AS16509)	1
SECURITYSERVICES	VSHosting s.r.o. (AS43541)	1
Community DNS Limited	PATHWAY (AS11342)	9
Key-Systems GmbH	Artfiles New Media GmbH (AS8893)	2
co.uk	Krystal Hosting Ltd (AS12488)	1
all4net.de	ENTEGA Medianet GmbH (AS12897)	1
Host Europe GmbH	netcup GmbH (AS197540)	3
dns.lv	Fornex Hosting S.L. (AS44051)	2
bitmex.network	AMAZON-02 (AS16509)	1
awsdns-00.net	AMAZON-02 (AS16509)	4
e-tiger.net	Hetzner Online GmbH (AS24940)	1
servicio-online.net	GOOGLE-CLOUD-PLATFORM (AS396982)	1
dns.lv	Alibaba US Technology Co., Ltd. (AS45102)	2
SECURITYSERVICES	Zone Media OU (AS49604)	1
skynet.lv	Akamai Connected Cloud (AS63949)	1
ascio.com	MICROSOFT-CORP-MSN-AS-BLOCK (AS8069)	2
BB-Online UK Ltd	M247 Europe SRL (AS9009)	6
Versija SIA	AMAZON-02 (AS16509)	2
netim.net	WEDOS Internet, a.s. (AS197019)	1
MICROSOFT-CORP-MSN-AS-BLOCK	Bluewin (AS3303)	1
boxsecured.com	Hostinger International Limited (AS47583)	2
vs.lv	SIA BITE Latvija (AS2588)	1
deac.lv	Jsc Balticom (AS24651)	2
AMAZON-02	Elisa Oyj (AS719)	1
inbox.eu	Enflow B.V. (AS209626)	1
AMAZON-02	Combell NV (AS34762)	1
isplevel.name	M247 Europe SRL (AS9009)	1
plusserver.com	ANEXIA Internetdienstleistungs GmbH (AS42473)	1
CLOUDFLARENET	Support Chain LLC (AS60591)	1
serverlet.com	OVH SAS (AS16276)	2
com.pl	Netlink Sp. z o o (AS34324)	2
CLOUDFLARENET	JSC Mediasoft ekspert (AS48347)	2
dns.lv	WHG Hosting Services Ltd (AS14670)	3
nsresponse.com	AS-COLOCROSSING (AS36352)	1
Zone Media OU	AMAZON-AES (AS14618)	3
rk9.lv	SIA Tet (AS12578)	1
cloud86.nl	Duocast B.V. (AS31477)	2
webhostingserver.nl	Previder B.V. (AS20847)	1
desec.io	Jsc Balticom (AS24651)	1
dns.lv	RETN Limited (AS28886)	5
hostvirtual.com	NETACTUATE (AS36236)	3
inbox.eu	LeaseWeb Netherlands B.V. (AS60781)	4
DIGICERT	GOOGLE (AS15169)	1
citadele.lv	AS Citadele banka (AS16279)	8
ticketmaster.com	ATT-INTERNET4 (AS7018)	1
grandcredit.lv	CloudHosting SIA (AS58269)	1
Vautron Rechenzentrum AG	Vautron Rechenzentrum AG (AS25504)	9
Akamai International B.V.	AMAZON-AES (AS14618)	2
arhane.lv	Jsc Balticom (AS24651)	1
Sia Nano IT	FASTLY (AS54113)	2
dnspod.net	Alibaba US Technology Co., Ltd. (AS45102)	1
dns.lv	Telenet SIA (AS48870)	2
Host Europe GmbH	Leaseweb Deutschland GmbH (AS28753)	2
telesputnik.lv	Sia Nano IT (AS43513)	1
areait.lv	Ddos-guard Ltd (AS57724)	8
awsdns-22.org	DIGITALOCEAN-ASN (AS14061)	1
awsdns-27.org	AMAZON-02 (AS16509)	2
itpartners.lv	Sia Nano IT (AS43513)	1
acomputer.cz	CASABLANCA INT a.s. (AS15685)	2
team.blue Denmark A/S	FIBIA P/S (AS44869)	1
fejs.lv	OVH SAS (AS16276)	1
facebook.com	FACEBOOK (AS32934)	2
hostns.io	Enix Ltd (AS52148)	3
ZONER a.s.	CLOUDFLARENET (AS13335)	1
NSONE	Atman Sp. z o.o. (AS15694)	1
dns.lv	ORACLE-BMC-31898 (AS31898)	8
alfalink.lv	SIA Baltic project group (AS199034)	1
tsi.lv	SIA Tet (AS12578)	1
lemarit.de	COLT Technology Services Group Limited (AS8220)	4
net.pl	IQ PL Sp. z o.o. (AS47544)	1
dnsv2.com	Tencent Building, Kejizhongyi Avenue (AS132203)	1
anadana.lv	GOOGLE-CLOUD-PLATFORM (AS396982)	1
dns.lv	SIA Tet (AS6747)	2
octopuce.fr	Octopuce s.a.r.l. (AS28855)	1
satahost.net	Hetzner Online GmbH (AS24940)	1
adesso-group.com	DOKOM Gesellschaft fuer Telekommunikation mbH (AS15763)	1
csc.lv	UAB LTMD Networks (AS47609)	6
serveriai.lt	Data Bank Group UAB (AS201959)	2
datev.com	DATEV eG (AS15451)	1
Naukowa I Akademicka Siec Komputerowa - Panstwowy Instytut Badawczy	SIA BITE Latvija (AS2588)	4
itport.lv	Contabo GmbH (AS51167)	1
SECURITYSERVICES	NMMN New Media Markets & Networks IT-Services GmbH (AS20694)	2
Anverino Software SRL	ATLANTIC-NET-1 (AS6364)	2
webland.se	Webland AB (AS48093)	1
ednsglobal.net	AMAZON-02 (AS16509)	2
Kindred IP Limited	Kindred IP Limited (AS47171)	1
awsdns-00.net	INCAPSULA (AS19551)	1
NSONE	OVH SAS (AS16276)	1
wt500.com	CM Craft Aesthetic (AS18424)	1
ports.se	InterNetX GmbH (AS15456)	7
superhost.pl	Cyber_Folks S.A. (AS41079)	1
ipt.lt	Informacines sistemos ir technologijos, UAB (AS61272)	2
alldomains.hosting	Solcon Internetdiensten B.V. (AS12414)	1
voicemedia.ro	Hetzner Online GmbH (AS24940)	1
IONOS SE	Host Europe GmbH (AS34011)	1
faq.lv	Garmtech Lp (AS43108)	1
Elisa Oyj	Elisa Oyj (AS719)	3
smarthost.eu	Smarthost sp. z o.o. (AS39566)	1
CLOUDFLARENET	CoreIT AB (AS209041)	1
ACTIVE 24, s.r.o.	CLOUDFLARENET (AS13335)	1
SECURITYSERVICES	AZO (AS16677)	1
unknown	Hetzner Online GmbH (AS24940)	2
Zone Media OU	Hetzner Online GmbH (AS24940)	22
ns25.de	Pixel X e.K. (AS60380)	3
ideabits.com	SIA Tet (AS5518)	1
setuid.de	Freedom Internet BV (AS206238)	1
domainregisztraciokft.hu	Invitech ICT Services Kft. (AS12301)	1
MICROSOFT-CORP-MSN-AS-BLOCK	SUCURI-SEC (AS30148)	2
klopca.net	Optimus IT d.o.o. (AS48894)	1
active24.cz	Rackspace Ltd. (AS15395)	8
mserwis.pl	MSERWIS (AS200534)	3
dns.lv	PT Infinys System Indonesia (AS58397)	2
Host Europe GmbH	Optimizely AB (AS30811)	1
mm88.lv	mono solutions ApS (AS201595)	1
VNET a.s.	skHosting.eu s.r.o. (AS201702)	1
cloudns.net	Proact IT Latvia, SIA (AS204427)	2
2is.nl	CLDIN B.V. (AS48635)	1
awsdns-13.net	AMAZON-02 (AS16509)	2
dnsblizzard.com	Xidras GmbH (AS42557)	2
areait.lv	AS-VULTR (AS20473)	6
genesys informatica srl	genesys informatica srl (AS24994)	11
serveris.lv	Business Network Ltd (AS12406)	1
dns-net.de	IONOS SE (AS8560)	2
serveriai.lt	UAB Baltnetos komunikacijos (AS15440)	9
CLOUDFLARENET	UAB Cgates (AS21412)	1
markmonitor.com	OVH SAS (AS16276)	1
dn-s.be	Duocast B.V. (AS31477)	1
netclix.net	Hetzner Online GmbH (AS24940)	2
MICROSOFT-CORP-MSN-AS-BLOCK	DNA Oyj (AS16086)	1
abedns.net	Mittwald CM Service GmbH & Co. KG (AS15817)	1
co.uk	Mittwald CM Service GmbH & Co. KG (AS15817)	1
cloudns.net	GOOGLE-CLOUD-PLATFORM (AS396982)	1
co.uk	Planeetta Internet Oy (AS58003)	1
di.lv	SIA DIVI Grupa (AS35809)	2
GleSYS AB	Web1 Oy (AS207003)	1
starlett.lv	Kamatera Inc (AS41436)	2
dns.lv	Clouvider Limited (AS62240)	1
teletrade-dj.com	Hetzner Online GmbH (AS24940)	1
dns.lv	The Infrastructure Group B.V. (AS60404)	2
dns.lv	Corporate Solutions SIA (AS43615)	3
Optrix SIA	Institute of Mathematics and Computer Science of University of Latvia (AS5538)	1
QUIC-CLOUD	Contabo GmbH (AS51167)	1
Host Europe GmbH	Akamai Connected Cloud (AS63949)	1
Institute of Mathematics and Computer Science of University of Latvia	SIA BITE Latvija (AS2588)	6
latvikon.lv	Sia Nano IT (AS43513)	2
dns.lv	UAB Baltnetos komunikacijos (AS15440)	4
ports.se	LH.pl Sp. z o.o. (AS203417)	1
CLOUDFLARENET	SPX SIA (AS42936)	1
ballou.se	Hostek AB (AS29024)	1
dns.lv	TDC Holding A/S (AS3292)	3
ultahost.com	LATITUDE-SH (AS396356)	1
garmtech.com	Ddos-guard Ltd (AS57724)	4
papaki.gr	Hetzner Online GmbH (AS24940)	1
Zone Media OU	CITIC Telecom CPC Netherlands B.V. (AS3327)	1
dns.lv	AS-26496-GO-DADDY-COM-LLC (AS26496)	2
eurobyte.ru	Iron Hosting Centre LTD (AS216139)	2
smart-id.lv	SK ID Solutions AS (AS206714)	1
dns.lv	Strato GmbH (AS6724)	3
smcc.de	smcc.net GmbH (AS203015)	2
serveris.lv	AMAZON-02 (AS16509)	13
OVH SAS	Akamai Connected Cloud (AS63949)	3
online.lv	Institute of Mathematics and Computer Science of University of Latvia (AS5538)	4
deac.lv	Zone Media OU (AS49604)	1
domenai.lt	CLOUDFLARENET (AS13335)	2
HURRICANE	Corporate Solutions SIA (AS43615)	8
wdc.com	NTT-DATA-2914 (AS2914)	1
hostlife.net	WIBO Baltic UAB (AS59939)	4
cadence.lv	AMAZON-02 (AS16509)	3
reiven.eu	Hetzner Online GmbH (AS24940)	1
site.be	Bastiaan Mathijs Brink (AS215248)	5
Institute of Mathematics and Computer Science of University of Latvia	VAS Latvijas Valsts radio un televizijas centrs (AS8194)	2
dns.lv	WIIT AG (AS24961)	3
G-Core Labs S.A.	DXTL Tseung Kwan O Service (AS134548)	4
Institute of Mathematics and Computer Science of University of Latvia	Telenet SIA (AS24589)	5
SECURITYSERVICES	Oktawave S.A. (AS42503)	1
nameshield.net	Hetzner Online GmbH (AS24940)	3
domenika.lv	Hetzner Online GmbH (AS24940)	1
sparksa.lv	Garmtech Lp (AS43108)	1
Institute of Mathematics and Computer Science of University of Latvia	LeaseWeb Netherlands B.V. (AS60781)	4
webglobe.sk	Webglobe, s.r.o. (AS29134)	2
Institute of Mathematics and Computer Science of University of Latvia	AMAZON-AES (AS14618)	9
glipac.ch	Bluewin (AS3303)	4
garmtech.com	Sabiedriba ar ierobezotu atbildibu DELSKA Latvia (AS12993)	3
42.pl	Orange Polska Spolka Akcyjna (AS5617)	1
n-trade.lv	Pq Hosting Plus S.r.l. (AS44477)	1
aegonins.com	AEGONUSA (AS11857)	1
dns.lv	DataWeb Global Group B.V. (AS39572)	4
garmtech.com	SQUARESPACE (AS53831)	1
realproestate.lv	SIA BITE Latvija (AS2588)	1
fastweb.it	Reevo S.p.A. (AS3242)	1
lynx-art.lv	Sia Nano IT (AS43513)	1
markmonitor.com	Deutsche Telekom AG (AS3320)	3
SECURITYSERVICES	Toyota Motor Europe SA (AS31154)	2
Institute of Mathematics and Computer Science of University of Latvia	PRIVATESYSTEMS (AS63410)	2
machcloud.com	MachCloud B.V. (AS39146)	2
idn.lv	Hetzner Online GmbH (AS24940)	3
SECURITYSERVICES	RACKSPACE (AS19994)	1
ilait.se	Hostinger International Limited (AS47583)	1
domaine.fr	Xefi Lyon SAS (AS198330)	1
Blacknight Internet Solutions Limited	Team Internet AG (AS61969)	2
narbutas.eu	NForce Entertainment B.V. (AS43350)	1
az.pl	home.pl S.A. (AS12824)	10
Host Europe GmbH	velia.net Internetdienste GmbH (AS29066)	2
Institute of Mathematics and Computer Science of University of Latvia	University of Latvia (AS8605)	2
Akamai International B.V.	Alter Way SAS (AS13273)	3
com.ua	Hetzner Online GmbH (AS24940)	1
garmtech.com	Awareness Software Limited (AS34931)	2
voxy.lv	Contabo GmbH (AS51167)	3
NSONE	INTERNAP-BLOCK-4 (AS14742)	1
ipcom GmbH	DIGITALOCEAN-ASN (AS14061)	2
garmtech.com	KKM IT Limited (AS60922)	1
2038.host	OVH SAS (AS16276)	3
n5q.de	Vautron Rechenzentrum AG (AS25504)	1
Sia Nano IT	Cadence SIA (AS41679)	1
rzhosting.net	Vodafone GmbH (AS3209)	1
yandex.ru	YANDEX LLC (AS13238)	1
serveris.lv	Sia Nano IT (AS43513)	4
dns.lv	SMS solutions SIA (AS51347)	2
intermedia.ee	Signet B.V. (AS20857)	1
MICROSOFT-CORP-MSN-AS-BLOCK	SIA MWTV (AS44575)	2
netim.net	Podaon SIA (AS211381)	1
AMAZON-02	AS-VULTR (AS20473)	1
turbodns.at	Hutchison Drei Austria GmbH (AS8437)	1
dns.lv	PS Internet Company LLP (AS48716)	1
cadence.lv	SIA BITE Latvija (AS2588)	5
SECURITYSERVICES	Sabiedriba ar ierobezotu atbildibu DELSKA Latvia (AS12993)	6
mafia-rules.lv	SIA BFA (AS201315)	1
ellas.lv	Hetzner Online GmbH (AS24940)	1
CLOUDFLARENET	Telia Lietuva, AB (AS43811)	4
HURRICANE	AS-VULTR (AS20473)	1
name-servers.gr	Th.papamichail Vainas - G.psaltakis G.p (AS209150)	1
muuv.eu	AMAZON-02 (AS16509)	4
flexbe.ru	JSC Selectel (AS50340)	4
mtfcloud.ch	MTF Solutions AG (AS20988)	1
nss.ee	CITIC Telecom CPC Netherlands B.V. (AS3327)	1
Anverino Software SRL	UpCloud Ltd (AS202053)	1
dimir.lv	RTU (AS24620)	1
CLOUDFLARENET	SQUARESPACE (AS53831)	9
dns.lv	Domain names registrar REG.RU, Ltd (AS197695)	5
NUCDN	Proximus NV (AS5432)	1
CLOUDFLARENET	velia.net Internetdienste GmbH (AS29066)	2
ipcom GmbH	Combell NV (AS34762)	1
areait.lv	KKM IT Limited (AS60922)	2
online.lv	GOOGLE-CLOUD-PLATFORM (AS396982)	4
xelan.info	AS INFONET (AS8728)	1
itport.lv	Versija SIA (AS8285)	1
MICROSOFT-CORP-MSN-AS-BLOCK	ORACLE-BMC-31898 (AS31898)	3
CLOUDFLARENET	Republican Unitary Telecommunication Enterprise Beltelecom (AS6697)	1
gamers.lv	Sia Nano IT (AS43513)	1
ipcom GmbH	Tilaa B.V. (AS196752)	1
ul.ee	Zone Media OU (AS49604)	3
nmmn.com	NMMN New Media Markets & Networks IT-Services GmbH (AS20694)	4
tsmdns.com	COGENT-174 (AS174)	1
CLOUDFLARENET	AS-VULTR (AS20473)	7
porscheinformatik.com	Porsche Informatik Gesellschaft m.b.H (AS29085)	2
isoft.lv	SIA Tet (AS12578)	2
zahid.host	MVPS LTD (AS202448)	5
SECURITYSERVICES	Viking Office Europe B.V. (AS20896)	5
Safenames Ltd.	AS-VULTR (AS20473)	1
phreneticus.at	euNetworks GmbH (AS13237)	1
lv100.lv	VAS Latvijas Valsts radio un televizijas centrs (AS8194)	1
inwx.ch	InterNetworX Management GmbH (AS48596)	3
oxilion.nl	Fundaments B.V. (AS20559)	1
awsdns-13.net	Hetzner Online GmbH (AS24940)	1
Telia Finland Oyj	Zone Media OU (AS49604)	1
klczy.com	CONFLUENCE-NETWORK-INC (AS40034)	1
aspcloudhost.com	LeaseWeb Netherlands B.V. (AS60781)	2
MICROSOFT-CORP-MSN-AS-BLOCK	Wix.com Ltd. (AS58182)	11
cloudns.net	Scalaxy B.V. (AS58061)	5
scw.cloud	Scaleway S.a.s. (AS12876)	1
Institute of Mathematics and Computer Science of University of Latvia	Telia Lietuva, AB (AS43811)	1
fsm.lv	Hetzner Online GmbH (AS24940)	1
timmehosting.de	Hetzner Online GmbH (AS24940)	6
armadaservers.com	Akamai Connected Cloud (AS63949)	1
planeetta.net	PlusServer GmbH (AS61157)	1
Contabo GmbH	Contabo GmbH (AS51167)	16
spartoo.info	Iguane Solutions SAS (AS39605)	1
dnx.lu	dnx network sarl (AS212882)	1
123ns.de	Cronon GmbH (AS6786)	2
feed.lv	Garmtech Lp (AS43108)	1
Santa Monica Networks SIA	C3 SIA (AS6851)	3
MICROSOFT-CORP-MSN-AS-BLOCK	Akamai Connected Cloud (AS63949)	6
MICROSOFT-CORP-MSN-AS-BLOCK	Enflow B.V. (AS209626)	2
MICROSOFT-CORP-MSN-AS-BLOCK	SIA Aizdevums.lv (AS211838)	1
domenia.no	Nexthop AS (AS49788)	3
conova communications GmbH	LINZ STROM GAS WAERME GmbH fuer Energiedienstleistungen und Telekommunikation (AS35369)	5
gamestore.lv	Hetzner Online GmbH (AS24940)	1
SECURITYSERVICES	Babiel GmbH (AS198913)	4
CLOUDFLARENET	Yelles AB (AS206170)	3
ipcom GmbH	UAB Interneto vizija (AS212531)	1
flexbe.com	Hetzner Online GmbH (AS24940)	2
CLOUDFLARENET	KAMATERA (AS36007)	1
online.lv	MICROSOFT-CORP-MSN-AS-BLOCK (AS8075)	4
garmtech.com	Tilda Publishing Ltd. (AS205282)	6
ft.lv	SIA BITE Latvija (AS20910)	1
lemarit.de	LEMARIT GmbH (AS204135)	5
contaboserver.net	Contabo GmbH (AS51167)	1
GOOGLE	UAB Interneto vizija (AS212531)	1
co.uk	Telecom Italia San Marino S.p.A (AS15433)	1
dibens.lv	SIA Tet (AS12578)	1
ipage.com	BIZLAND-SD (AS29873)	2
ZONER a.s.	VSHosting s.r.o. (AS43541)	7
OVH SAS	NAMECHEAP-NET (AS22612)	2
industra.finance	AS Industra Bank (AS25107)	4
hostex.lt	UAB Baltnetos komunikacijos (AS15440)	1
awsdns-18.net	AMAZON-02 (AS16509)	2
Infomaniak Network SA	Infomaniak Network SA (AS29222)	2
Zone Media OU	Garmtech Lp (AS43108)	2
parrot-media.de	netcup GmbH (AS197540)	1
sd-cross.de	Hetzner Online GmbH (AS24940)	1
Zone Media OU	P.a.g.m. Ou (AS198068)	2
chatbot.lv	AMAZON-02 (AS16509)	2
ipcom GmbH	UAB Baltnetos komunikacijos (AS15440)	1
my-hosting-panel.com	WHG Hosting Services Ltd (AS14670)	1
hosting.lv	Sia Nano IT (AS43513)	1
MICROSOFT-CORP-MSN-AS-BLOCK	WEEBLY (AS27647)	4
netim.net	green.ch AG (AS1836)	2
first-ns.de	Hetzner Online GmbH (AS24940)	5
cdmon.net	GOOGLE-CLOUD-PLATFORM (AS396982)	1
MDNET	Miss Hosting AB (AS200719)	1
hostinger.com	CLOUDFLARENET (AS13335)	1
nsd.de	HKN GmbH (AS12676)	1
monopost.com	Greysom Limited (AS12678)	1
SIA Tet	GOOGLE-CLOUD-PLATFORM (AS396982)	1
domainoo.fr	Planet Service SARL (AS61168)	10
SECURITYSERVICES	FASTLY (AS54113)	8
Deutsche Telekom AG	MICROSOFT-CORP-MSN-AS-BLOCK (AS8075)	2
markmonitor.zone	FASTLY (AS54113)	3
compo-dns.de	COLT Technology Services Group Limited (AS8220)	1
ipcom GmbH	IT.Gate S.p.A. (AS12779)	1
ft.lv	SPDNet Telekomunikasyon Hizmetleri Bilgi Teknolojileri Taahhut Sanayi Ve Ticaret A.S. (AS203963)	1
vcloud.lv	Sia Nano IT (AS43513)	2
CLOUDFLARENET	Cloudi Nextgen Sl (AS49635)	1
nameself.com	SIA Tet (AS12578)	1
dns.lv	SIA Network Operations Center (AS203339)	5
IONOS SE	Neue Medien Muennich GmbH (AS34788)	1
cloudns.net	ATLANTIC-NET-1 (AS6364)	3
b2me.lv	SIA RD Consult (AS44624)	1
GANDI SAS	TIM (AS20746)	1
portmann.lv	SIA BITE Latvija (AS2588)	2
lir.lv	Sia Nano IT (AS43513)	1
DIGICERT	INCAPSULA (AS19551)	1
netim.net	Hetzner Online GmbH (AS24940)	5
deac.lv	AMAZON-02 (AS16509)	8
Institute of Mathematics and Computer Science of University of Latvia	Sia Nano IT (AS43513)	8
Institute of Mathematics and Computer Science of University of Latvia	DIGITALOCEAN-ASN (AS14061)	10
serveris.lv	GOOGLE-CLOUD-PLATFORM (AS396982)	6
dcsaas.net	Atman Sp. z o.o. (AS15694)	6
anywise.net	Eurofiber Nederland BV (AS39686)	1
twbi-dns.net	Envia Tel GmbH (AS21413)	1
corpinter.de	IONOS SE (AS8560)	1
dns.lv	Institute of Mathematics and Computer Science of University of Latvia (AS29345)	6
weblease-europe.com	AMAZON-02 (AS16509)	1
awsdns-29.net	Hetzner Online GmbH (AS24940)	1
CLOUDFLARENET	PRO-9 SIA (AS50731)	1
dhosting.pl Sp. z o.o.	dhosting.pl Sp. z o.o. (AS48896)	8
AS-VULTR	Hetzner Online GmbH (AS24940)	2
MICROSOFT-CORP-MSN-AS-BLOCK	NAMECHEAP-NET (AS22612)	2
headoff.biz	i-Wet Ltd. (AS29122)	1
verax.net	Jobs.bg Ltd (AS49737)	2
dns.lv	Compubyte Limited (AS204343)	7
mts-ip.net	GlobalConnect AB (AS12552)	2
Ledl.net GmbH	MICROSOFT-CORP-MSN-AS-BLOCK (AS8075)	2
f5.ee	Quickport OU (AS204072)	1
ACTIVE 24, s.r.o.	MasterDC s.r.o. (AS24971)	2
Elisa Oyj	Zone Media OU (AS49604)	1
OVH SAS	LeaseWeb Netherlands B.V. (AS60781)	2
0800freecall.ch	Hetzner Online GmbH (AS24940)	1
skv.lt	Institute of Mathematics and Computer Science of University of Latvia (AS5538)	1
Host Europe GmbH	Institute of Mathematics and Computer Science of University of Latvia (AS5538)	1
master.cz	MasterDC s.r.o. (AS24971)	2
eits.lv	Versija SIA (AS8285)	4
123ns.de	MEWA Textil-Service AG & Co. Management OHG (AS200703)	1
Ledl.net GmbH	Bradler & Krantz GmbH & Co. KG (AS29141)	1
ipcom GmbH	FASTLY (AS54113)	1
CLOUDFLARENET	NL-811-40021 (AS40021)	1
GANDI SAS	AMAZON-02 (AS16509)	8
UAB Interneto vizija	Telia Lietuva, AB (AS43811)	2
ports.se	MICROSOFT-CORP-MSN-AS-BLOCK (AS8075)	3
online.lv	UAB ESNET (AS61053)	1
marcoaventino.com	Hetzner Online GmbH (AS24940)	2
hostiq.ua	PE Skurykhin Mukola Volodumurovuch (AS56851)	3
weblease-europe.com	LeaseWeb Netherlands B.V. (AS60781)	1
unknown	SIA Network Operations Center (AS212911)	1
org-ns.com	comtrance service GmbH (AS30962)	1
lpmotor.ru	Servicepipe LLC (AS201706)	4
hostpapa.com	HOSTP-LA (AS23273)	2
twosteps.info	Hetzner Online GmbH (AS24940)	1
dns.lv	Host Europe GmbH (AS21501)	2
markmonitor.com	CLOUDFLARENET (AS13335)	1
prior.lv	netcup GmbH (AS197540)	1
ns14.net	MICROSOFT-CORP-MSN-AS-BLOCK (AS8075)	7
msw.lv	VAS Latvijas Valsts radio un televizijas centrs (AS8194)	1
etes.de	ETES GmbH (AS205890)	1
virtuaal.com	Zone Media OU (AS49604)	1
helldns.com	SIA Tet (AS12578)	4
SIA Datu Tehnologiju Grupa	SIA Tet (AS12578)	2
MICROSOFT-CORP-MSN-AS-BLOCK	CloudHosting SIA (AS58269)	2
a1.net	united-domains GmbH (AS202108)	1
cloudns.net	SIA BITE Latvija (AS20910)	2
CLOUDFLARENET	CTG Server Limited (AS152194)	4
nic.ru	RTCloud, LLC (AS50166)	1
Telenet BV	Combell NV (AS34762)	1
publicisgroupe.com	MICROSOFT-CORP-MSN-AS-BLOCK (AS8075)	1
SECURITYSERVICES	AS Tallink Grupp (AS43958)	1
zcom.it	Limitis s.r.l. (AS50178)	2
SECURITYSERVICES	SIA Tet (AS5518)	2
domreg.lt	UAB Interneto vizija (AS212531)	1
garmtech.com	Hetzner Online GmbH (AS24940)	4
IONOS SE	Vodafone GmbH (AS3209)	1
dns.lv	JSC Selectel (AS49505)	5
areait.lv	SIA BITE Latvija (AS20910)	2
SECURITYSERVICES	Telia Cygate Oy (AS29422)	1
glbns.com	Servergarden Kft. (AS47381)	3
dwb.it	Server Plan S.r.l. (AS52030)	1
itservice.lv	SIA Tet (AS12578)	1
CloudHosting SIA	AMAZON-02 (AS16509)	1
ipt.lt	CLOUDFLARENET (AS13335)	1
csc.lv	DIGITALOCEAN-ASN (AS14061)	2
Sia Nano IT	Tele2 SWIPnet (AS1257)	1
pro-9.lv	Institute of Mathematics and Computer Science of University of Latvia (AS5538)	1
bi.lt	UAB Bite Lietuva (AS13194)	2
ANEXIA Internetdienstleistungs GmbH	Bluewin (AS3303)	1
NForce Entertainment B.V.	FLY (AS40509)	1
fornex.com	firstcolo GmbH (AS44066)	4
dns.lv	WEHOSTWEBSITES-COM (AS30475)	1
a26.lv	Hetzner Online GmbH (AS24940)	1
ipcom GmbH	AS Tallink Grupp (AS43958)	4
inbox.eu	Wix.com Ltd. (AS58182)	1
Akamai International B.V.	Icewood LLC (AS201119)	1
abora.lv	SIA Tet (AS12578)	1
sk.ee	AMAZON-02 (AS16509)	2
Buy Limited	OVH SAS (AS16276)	2
SECURITYSERVICES	GOOGLE-CLOUD-PLATFORM (AS396982)	5
bittivirta.fi	Hetzner Online GmbH (AS24940)	1
awsdns-28.com	CLOUDFLARENET (AS13335)	1
itport.lv	LeaseWeb Netherlands B.V. (AS60781)	1
porr.at	Mittwald CM Service GmbH & Co. KG (AS15817)	1
Hetzner Online GmbH	MOACK.Co.LTD (AS138195)	1
dns.lv	Vorboss Limited (AS25160)	1
bbinvestment.lv	SIA Tet (AS47570)	1
woop.cc	IONOS SE (AS8560)	4
xortex.at	AMAZON-02 (AS16509)	1
Sia Nano IT	Contabo GmbH (AS51167)	5
afraid.org	SIA Tet (AS47570)	1
registrar-servers.com	Cloudflare London, LLC (AS209242)	1
smd-baltic.lv	SIA Tet (AS12578)	1
domene.si	Eurofiber France SAS (AS24935)	3
markmonitor.com	UUNET (AS702)	1
CLOUDFLARENET	Castlegem SRL (AS34689)	2
INTERNET CZ, a.s.	CASABLANCA INT a.s. (AS15685)	2
dns.lv	INTERNET AG Global Network (AS8495)	1
netim.net	Wix.com Ltd. (AS58182)	2
sbin.lv	SIA Datu Tehnologiju Grupa (AS41898)	4
javico.ee	Elisa Eesti AS (AS2586)	3
iq.pl	IQ PL Sp. z o.o. (AS47544)	1
NUCDN	Opin Kerfi hf (AS48685)	2
serveris.lv	Wix.com Ltd. (AS58182)	5
home.pl	Netia SA (AS12741)	3
Host Europe GmbH	Elisa Oyj (AS719)	1
garmtech.com	SIA Tet (AS12578)	1
netim.net	AS-VULTR (AS20473)	2
garda.lv	SIA Tet (AS12578)	1
dns.lv	DREAMHOST-AS (AS26347)	3
ANEXIA Internetdienstleistungs GmbH	Web Dadeh Paydar Co (Ltd) (AS49556)	1
inetadmin.cz	VNET a.s. (AS29405)	1
GOOGLE-CLOUD-PLATFORM	Wix.com Ltd. (AS58182)	1
NUCDN	MICROSOFT-CORP-MSN-AS-BLOCK (AS8075)	5
economy.lv	CloudHosting SIA (AS58269)	1
CLOUDFLARENET	Net-Build GmbH (AS38927)	1
dns.lv	SIA ILVA Ltd. (AS47499)	5
DIGICERT	CLOUDFLARENET (AS13335)	1
loopia.se	ACTIVE 24, s.r.o. (AS25234)	1
MICROSOFT-CORP-MSN-AS-BLOCK	COLT Technology Services Group Limited (AS8220)	1
vps-dns.info	Arvid Logicum OU (AS202376)	4
Institute of Mathematics and Computer Science of University of Latvia	OVH SAS (AS16276)	3
adventisti.lv	SIA BITE Latvija (AS2588)	2
isadministrators.lv	MICROSOFT-CORP-MSN-AS-BLOCK (AS8075)	2
OVH SAS	Intred S.p.A. (AS41497)	1
bisping.de	Bisping & Bisping GmbH & Co KG (AS20686)	3
awsdns-04.com	AMAZON-02 (AS16509)	5
interway.ch	Iway AG (AS8758)	1
IONOS SE	noris network AG (AS12337)	1
td-test.stream	HOSTHATCH (AS63473)	1
sprinthost.net	Sprinthost.ru LLC (AS35278)	5
YANDEX LLC	Sia Nano IT (AS43513)	8
deac.lv	UAB Interneto vizija (AS212531)	1
online.lv	Jsc Balticom (AS24651)	2
all-connect.net	all-connect Data Communications GmbH (AS21476)	1
ipcom GmbH	Deutsche Telekom AG (AS3320)	4
wfolio.com	Haicom Limited (AS48988)	1
Anverino Software SRL	AS-VULTR (AS20473)	1
dns.lv	DIMENOC (AS33182)	4
itsolutions.it	Retelit Digital Services S.p.A. (AS28716)	1
cloudns.net	Tilda Publishing Ltd. (AS205282)	2
Zone Media OU	OVH SAS (AS16276)	1
anadana.lv	Tilda Publishing Ltd. (AS205282)	1
kubriks.com	SERVERS-COM (AS7979)	1
serveriai.lt	UAB Duomenu logistikos centras (AS201201)	1
hostnet.lv	Tilda Publishing Ltd. (AS205282)	1
ns14.net	Mittwald CM Service GmbH & Co. KG (AS15817)	1
mvmnet.com	Moviement srl (AS49073)	3
namehero.com	NAMEHERO-KCDC (AS399250)	2
digitalschool.lv	Hetzner Online GmbH (AS24940)	1
DEFENSE-NET	F5 Networks SARL (AS35280)	1
geolog.lv	Hetzner Online GmbH (AS24940)	1
SECURITYSERVICES	Beyond.pl sp. z o.o. (AS31229)	1
emedia.lv	Hetzner Online GmbH (AS24940)	2
CLOUDFLARENET	Kamatera Inc (AS41436)	1
awsdns-04.net	AMAZON-02 (AS16509)	1
ns14.net	A2HOSTING (AS55293)	1
lemarit.de	PPP Internetdienstleistungen GmbH (AS8687)	1
interserver.net	IS-AS-1 (AS19318)	1
dns.lv	Trader soft LLC (AS201848)	1
datakom.lv	MICROSOFT-CORP-MSN-AS-BLOCK (AS8075)	1
SECURITYSERVICES	Hetzner Online GmbH (AS24940)	5
xundns.com	Forewin Telecom Group Limited, ISP at (AS38186)	1
liepaja.lv	SIA Tet (AS12578)	1
Zone Media OU	FASTLY (AS54113)	2
Akamai International B.V.	Nestle Nespresso SA (AS48307)	1
dns.lv	LEVEL3 (AS3356)	1
wwdh.hu	Hetzner Online GmbH (AS24940)	5
SECURITYSERVICES	NTT Global Data Centers EMEA UK Ltd. (AS29017)	4
MICROSOFT-CORP-MSN-AS-BLOCK	SIA Tet (AS47570)	6
care.lv	SIA BITE Latvija (AS2588)	1
Versija SIA	GOOGLE (AS15169)	1
fastnet.it	FASTNET SpA (AS8265)	4
CLOUDFLARENET	SIA RD Consult (AS44624)	4
perf1.com	GTT Communications Inc. (AS3257)	1
CloudHosting SIA	SIA Maklaut (AS199103)	4
dns.lv	Data Communication Business Group (AS3462)	1
Host Europe GmbH	Zone Media OU (AS49604)	1
serveriai.lt	SKUBA, UAB (AS13260)	1
supremedns.com	SIA Tet (AS12578)	1
xtom.com	xTom GmbH (AS3214)	1
cadence.lv	UAB Baltnetos komunikacijos (AS15440)	1
web-host.ro	Chroot Network SRL (AS56430)	2
CLOUDFLARENET	noris network AG (AS12337)	2
MICROSOFT-CORP-MSN-AS-BLOCK	RETN Limited (AS28886)	1
MICROSOFT-CORP-MSN-AS-BLOCK	P.a.g.m. Ou (AS198068)	2
standart.lv	Telenet SIA (AS24589)	2
egensajt.se	Tele2 SWIPnet (AS1257)	3
io.lv	Telenet SIA (AS24589)	7
tecob.com	OVH SAS (AS16276)	1
meteonews.ch	Hetzner Online GmbH (AS24940)	1
aurianagency.lv	Contabo GmbH (AS51167)	1
Zone Media OU	Versija SIA (AS8285)	1
Deutsche Telekom AG	Host Europe GmbH (AS34011)	1
Versija SIA	Hetzner Online GmbH (AS24940)	1
best4.lv	OVH SAS (AS16276)	1
cloudns.net	Sia Nano IT (AS43513)	3
dns.lv	ATT-INTERNET4 (AS7018)	1
Telia Finland Oyj	Hetzner Online GmbH (AS24940)	3
AMAZON-02	WBD-AS40703 (AS40703)	3
GANDI SAS	Advania Finland Oy (AS41369)	1
1tele.net	Hetzner Online GmbH (AS24940)	1
MICROSOFT-CORP-MSN-AS-BLOCK	SIA Tet (AS12578)	22
nameshield.net	BLT-US-01 (AS21721)	1
wpxhosting.com	K Media Tech Ltd. (AS210250)	4
serveriai.lt	Ab Lietuvos Pastas (AS62260)	1
studiof5.lv	DIGITALOCEAN-ASN (AS14061)	6
gmeiner.de	Hetzner Online GmbH (AS24940)	1
balticdata.lv	SIA Tet (AS12578)	3
inbox.lv	Sabiedriba ar ierobezotu atbildibu DELSKA Latvia (AS12993)	1
lailio.net	Sabiedriba ar ierobezotu atbildibu DELSKA Latvia (AS12993)	5
AMAZON-02	AUTOMATTIC (AS2635)	2
dns.lv	Umdasch Group AG (AS3201)	2
lemarit.de	Hetzner Online GmbH (AS24940)	5
LLC VK	NAMECHEAP-NET (AS22612)	1
lemarit.de	AMAZON-02 (AS16509)	6
markmonitor.com	AMAZON-AES (AS14618)	7
vero.lt	Telia Lietuva, AB (AS43811)	1
dns.lv	Telia Lietuva, AB (AS8764)	2
tmd.cloud	SINGLEHOP-LLC (AS32475)	1
awsdns-16.com	AMAZON-02 (AS16509)	1
Cloud DNS Ltd	Hetzner Online GmbH (AS24940)	11
fiestaplus.lv	Hetzner Online GmbH (AS24940)	1
blueboard.cz	CASABLANCA INT a.s. (AS15685)	4
pay.bz	EVOCATIVE-GLOBAL (AS4213)	1
ns14.net	PlusServer GmbH (AS61157)	3
dns.lv	Teleglobal SIA (AS43877)	4
valodas.lv	Versija SIA (AS8285)	1
balticbox.com	CROCWEB (AS63068)	2
Host Europe GmbH	MICROSOFT-CORP-MSN-AS-BLOCK (AS8075)	9
ngate.de	ecotel communication ag (AS12312)	1
ANEXIA Internetdienstleistungs GmbH	Hostinger International Limited (AS47583)	1
NetActuate, Inc	Akamai Connected Cloud (AS63949)	1
ipcom GmbH	LeaseWeb Netherlands B.V. (AS60781)	1
NUCDN	OTEnet S\.A\. (AS6799)	1
awsdns-14.org	AMAZON-02 (AS16509)	3
youarei.lv	Hetzner Online GmbH (AS24940)	1
1veikals.lv	Hetzner Online GmbH (AS24940)	2
MICROSOFT-CORP-MSN-AS-BLOCK	Carmine Red IT, SIA (AS210817)	1
wvnet.eu	WVNET Information und Kommunikation GmbH (AS29081)	1
Zone Media OU	SIA Tet (AS12578)	7
awtech.lv	SIA BITE Latvija (AS2588)	1
dns.lv	EVANZO e-commerce GmbH (AS42730)	1
Zone Media OU	GOOGLE-CLOUD-PLATFORM (AS396982)	6
NUCDN	Tilaa B.V. (AS196752)	1
inexio.net	inexio Informationstechnologie und Telekommunikation Gmbh (AS42652)	1
p7.lv	Garmtech Lp (AS43108)	1
icoms.lv	Telenet SIA (AS24589)	1
extranets.lv	Telenet SIA (AS24589)	1
lnb.lv	National Library of Latvia (AS201547)	1
sika.com	Mittwald CM Service GmbH & Co. KG (AS15817)	2
Host Europe GmbH	GOOGLE (AS15169)	4
mclab.lv	SIA BITE Latvija (AS2588)	1
com.br	BANCO BRADESCO SA (AS28586)	1
co.uk	Enflow B.V. (AS209626)	1
Sia Nano IT	FPT Telecom Company (AS18403)	1
SECURITYSERVICES	AKAMAI-AS (AS16625)	5
Safenames Ltd.	Advania Island ehf (AS50613)	1
DEFENSE-NET	DHLNET (AS2571)	2
interum.lv	SIA BITE Latvija (AS20910)	1
areait.lv	FASTLY (AS54113)	4
webhost1.com	Webhost LLC (AS44094)	2
cscudns.com	Akamai International B.V. (AS20940)	1
dpmg.ch	Hetzner Online GmbH (AS24940)	2
MICROSOFT-CORP-MSN-AS-BLOCK	Cyso Group B.V. (AS25151)	3
awsdns-11.com	ATLANTIC-NET-1 (AS6364)	1
intelitech.lv	Jsc Balticom (AS24651)	4
Anverino Software SRL	OVH SAS (AS16276)	2
co.uk	UK Dedicated Servers Limited (AS42831)	1
SECURITYSERVICES	Akamai International B.V. (AS33905)	2
adati.lv	SIA Tet (AS12578)	3
yahoo.com	AMAZON-02 (AS16509)	3
Sia Nano IT	VSHosting s.r.o. (AS43541)	1
qweb.co	Infopact Netwerkdiensten B.V. (AS21221)	2
dnsip.com	TERAEXCH (AS399077)	2
awsdns-30.com	AMAZON-02 (AS16509)	3
sureserver.com	ICDSoft Ltd. (AS8739)	1
MICROSOFT-CORP-MSN-AS-BLOCK	University of Latvia (AS8605)	1
managed-ip.com	MICROSOFT-CORP-MSN-AS-BLOCK (AS8075)	10
SECURITYSERVICES	AUTOMATTIC (AS2635)	2
artforte.lv	Hetzner Online GmbH (AS24940)	1
mcs.lt	Wix.com Ltd. (AS58182)	1
Nazwa.pl Sp.z.o.o.	LH.pl Sp. z o.o. (AS203417)	1
ns14.net	Equinix (EMEA) Acquisition Enterprises B.V. (AS15830)	1
allianz.com	SWAN, a.s. (AS5578)	2
markmonitor.com	BACOM (AS577)	1
recipe.lv	Sabiedriba ar ierobezotu atbildibu DELSKA Latvia (AS12993)	1
aeict.nl	Libernet (AS206389)	1
dns.lv	RTU (AS24620)	17
lh.pl	LH.pl Sp. z o.o. (AS203417)	4
radiolg.lv	SIA Tet (AS12578)	1
GOOGLE-CLOUD-PLATFORM	CLOUDFLARENET (AS13335)	1
cloudns.net	DIGITALOCEAN-ASN (AS14061)	4
labcorp.com	LABCORP-BLS (AS18994)	1
cluster-team.net	Cluster-Team Guenter Haeusler & Andreas Specht GbR (AS202524)	3
net.pl	Cyber_Folks S.A. (AS41079)	1
skygroup.tech	Versija SIA (AS8285)	2
system10whc1.lv	Jsc Balticom (AS24651)	1
online.lv	SIA BITE Latvija (AS2588)	5
cscudns.com	Austrian Airlines AG (AS44594)	1
dns.lv	comtrance service GmbH (AS30962)	1
Zone Media OU	Jsc Balticom (AS24651)	2
bixce.com	LeaseWeb Netherlands B.V. (AS60781)	7
webstyle.ch	senseLAN GmbH (AS31736)	1
host-big.ru	Home Internet Ltd (AS42893)	1
DIGICERT	VSHosting s.r.o. (AS43541)	1
co.jp	Weathernews,Inc. (AS24286)	2
is-fun.net	Deutsche Telekom AG (AS3320)	3
rochendns.net	AMAZON-02 (AS16509)	3
dns.lv	SIA RixHost (AS52048)	10
auto-dns.com	UpCloud Ltd (AS202053)	1
SECURITYSERVICES	Mittwald CM Service GmbH & Co. KG (AS15817)	1
areait.lv	GOOGLE (AS15169)	3
eurohosting.lv	Akamai Connected Cloud (AS63949)	1
NUCDN	team.blue Denmark A/S (AS48854)	1
buts.lv	SIA BITE Latvija (AS2588)	1
autoremonts.lv	Versija SIA (AS8285)	1
autentica.lv	SIA BITE Latvija (AS2588)	1
alladmintools.com	Lailio Solutions SIA (AS202221)	1
OVH SAS	Internet Invest, Ltd. (AS25393)	2
leaseweb.nl	LeaseWeb Netherlands B.V. (AS60781)	4
Global Village GmbH	Delticom Ag (AS57533)	7
vanderhoffict.nl	Signet B.V. (AS20857)	1
kecom.lv	A2HOSTING (AS55293)	1
serveriai.lt	Luminor Bank AS (AS24984)	3
SECURITYSERVICES	noris network AG (AS12337)	9
AMAZON-02	INCAPSULA (AS19551)	1
Host Europe GmbH	Jsc Balticom (AS24651)	1
odibo.net	UKDedicated LTD (AS34282)	2
garmtech.com	Institute of Mathematics and Computer Science of University of Latvia (AS5538)	1
CLDIN B.V.	Vancis IP B.V. (AS15879)	5
awsdns-23.com	AMAZON-02 (AS16509)	1
deffner.lv	OVH SAS (AS16276)	1
netim.net	GleSYS AB (AS42708)	1
richnet.lv	AS Latvenergo (AS29600)	1
DIGICERT	GOOGLE-CLOUD-PLATFORM (AS396982)	1
rioav.lv	Contabo GmbH (AS51167)	1
dns.lv	GO-DADDY-COM-LLC (AS398787)	2
ukdns.biz	Synextra Limited (AS59778)	1
markmonitor.com	ConnetU Ltd. (AS51945)	1
Host Europe GmbH	Host Europe GmbH (AS20773)	4
tele3.cz	Quantcom, a.s. (AS29208)	1
UAB Interneto vizija	Hetzner Online GmbH (AS24940)	3
Sia Nano IT	TimeWeb LLC (AS9123)	1
AMAZON-02	TicMate AB (AS199543)	1
micron.com	MICROSOFT-CORP-MSN-AS-BLOCK (AS8075)	1
conova communications GmbH	conova communications GmbH (AS5404)	1
CLOUDFLARENET	DMIT (AS906)	5
PONYNET	PONYNET (AS53667)	6
MICROSOFT-CORP-MSN-AS-BLOCK	VAS Latvijas Valsts radio un televizijas centrs (AS8194)	7
grdns.cz	INTERNET CZ, a.s. (AS24806)	1
nameshield.net	AMAZON-AES (AS14618)	1
DIGICERT	COGECO-PEER1 (AS13768)	1
telemar.it	Axera SpA (AS13097)	1
servery.com	ACTIVE 24, s.r.o. (AS25234)	1
bytecamp.net	e.discom Telekommunikation GmbH (AS12693)	1
online.lv	Telia Lietuva, AB (AS43811)	1
cloudns.net	SIA MWTV (AS44575)	1
ri.fi	GOOGLE-CLOUD-PLATFORM (AS396982)	1
UAB Interneto vizija	Tilda Publishing Ltd. (AS205282)	1
hostico.ro	AMAZON-02 (AS16509)	1
webhostinghub.com	INMOTION (AS22611)	1
lantech-server.se	Yelles AB (AS206170)	2
Sia Nano IT	Latvijas Sabiedriskais medijs VSIA (AS60324)	2
online.lv	PRO-9 SIA (AS50731)	4
faonet.com	Jsc Balticom (AS24651)	1
tta.lv	Versija SIA (AS8285)	1
aipi.at	Hetzner Online GmbH (AS24940)	1
Vautron Rechenzentrum AG	WIIT AG (AS24961)	6
namesecure.de	Hetzner Online GmbH (AS24940)	1
CLOUDFLARENET	MULTA-ASN1 (AS35916)	2
MICROSOFT-CORP-MSN-AS-BLOCK	OEDIV Oetker Daten-und Informationsverarbeitung KG (AS48425)	1
rvit.eu	Yelles AB (AS206170)	1
NetActuate, Inc	AMAZON-02 (AS16509)	6
one.com	Hetzner Online GmbH (AS24940)	1
ipcom GmbH	Open Line BV (AS50399)	1
SECURITYSERVICES	ODERLAND Webbhotell AB (AS44136)	2
newdiscovery.agency	Hostinger International Limited (AS47583)	1
areait.lv	AMAZON-AES (AS14618)	6
Sia Nano IT	UAB Interneto vizija (AS212531)	7
thewebhostserver.com	Synextra Limited (AS59778)	2
AMAZON-02	Verizon Nederland B.V. (AS2830)	1
awsdns-01.net	AMAZON-02 (AS16509)	1
rp5.lv	JSC Selectel (AS49505)	1
areait.lv	IONOS SE (AS8560)	1
SECURITYSERVICES	MICROSOFT-CORP-MSN-AS-BLOCK (AS8069)	1
liepaja.lv	SIA BITE Latvija (AS2588)	1
dicom.lv	SIA Tet (AS5518)	2
DIGICERT	Tele2 SWIPnet (AS1257)	1
zavarka.lv	Sia Nano IT (AS43513)	17
cnsdns.nl	Fundaments B.V. (AS20559)	1
tosteris.com	University of Latvia (AS8605)	1
GANDI SAS	Innofactor Software Oy (AS43499)	1
register.be	COLT Technology Services Group Limited (AS8220)	2
markmonitor.com	COLT Technology Services Group Limited (AS8220)	5
domdom.net	Infotechna Ltd. (AS15566)	2
aseven.lv	AS-VULTR (AS20473)	1
NUCDN	Keepit A/S (AS9120)	1
spx.lv	Garmtech Lp (AS43108)	2
RJ Network OU	RJ Network OU (AS202759)	5
dns.lv	dogado GmbH (AS45012)	2
areait.lv	UAB Interneto vizija (AS212531)	2
zoneedit.com	EDNS (AS16686)	2
SECURITYSERVICES	Key-Systems GmbH (AS196763)	1
DIGICERT	FASTLY (AS54113)	2
nicns.net	OVH SAS (AS16276)	4
snafu.de	snafu Gesellschaft fuer interaktive Netzwerke mbH (AS34171)	2
ihc.ru	Seti Weba Ltd (AS196750)	1
elogic.it	Dinova Srl (AS200760)	3
IONOS SE	Soltia Consulting SL (AS201942)	1
bauska.lv	SIA Tet (AS12578)	2
itower.lv	Hetzner Online GmbH (AS24940)	1
balt.net	AMAZON-02 (AS16509)	2
SIA BITE Latvija	Host Europe GmbH (AS21499)	1
Sia Nano IT	Akciju sabiedriba RD ALFA (AS35036)	6
quicns.cloud	OVH SAS (AS16276)	3
jurmala.lv	VAS Latvijas Valsts radio un televizijas centrs (AS8194)	1
porsche.asia	AMAZON-02 (AS16509)	2
netim.net	Internet Vikings International AB (AS51747)	4
SCAAM0001	Host Europe GmbH (AS8972)	7
garmtech.com	Wix.com Ltd. (AS58182)	7
vas-hosting.com	SH.cz s.r.o. (AS39392)	2
AMAZON-02	ASN-TEKTRONIX (AS10406)	1
world4you.at	Digimagical GmbH (AS209050)	2
amaya.lv	Jsc Balticom (AS24651)	1
AMAZON-02	Packetfabric (uk) Ltd (AS15570)	1
hostnet.lv	Akamai Connected Cloud (AS63949)	2
register.it	Aruba S.p.A. (AS31034)	3
skoda-auto.cz	SKODA AUTO a.s. (AS20708)	3
AMAZON-02	united-domains GmbH (AS202108)	2
CLOUDFLARENET	CJ2 Hosting B.V. (AS39704)	1
rentondc.com	DACEN-2 (AS31863)	1
radinko.com	Gransy s.r.o. (AS60592)	3
Contabo GmbH	Sia Nano IT (AS43513)	1
Aruba S.p.A.	Webglobe, s.r.o. (AS29134)	1
dns.lv	Ikoula Net SAS (AS21409)	1
bigshop.lv	Scalaxy B.V. (AS58061)	1
MICROSOFT-CORP-MSN-AS-BLOCK	JWKFO (AS394046)	1
register.it	Retelit Digital Services S.p.A. (AS28716)	2
pinkdude.com	Hostline, Uab (AS198651)	3
Media Partners Sia	Yandex.Cloud LLC (AS200350)	1
Zone Media OU	DIGITALOCEAN-ASN (AS14061)	5
garmtech.net	NAMECHEAP-NET (AS22612)	1
matrix.lv	SIA Tet (AS12578)	2
combell.net	Adapt Services Limited (AS24867)	1
NSONE	Optimizely AB (AS30811)	1
dimedns.com	AS40676 (AS40676)	2
carminered.eu	Telenet SIA (AS24589)	1
worldrid.com	World Registry of Internet Domains LTD (AS199029)	7
dnsip.com	CNSERVERS (AS40065)	4
manet.lv	Garmtech Lp (AS43108)	1
shockmedia.nl	Previder B.V. (AS20847)	4
meganameservers.eu	Internet Names for Business Inc (AS9115)	1
helmes.ee	AS HELMES (AS197289)	1
Sia Nano IT	Versija SIA (AS8285)	1
CLOUDFLARENET	Green Floid LLC (AS50979)	1
OVH SAS	AMAZON-02 (AS16509)	3
ports.se	Akamai Connected Cloud (AS63949)	1
SECURITYSERVICES	MB Redfox Cloud (AS212853)	1
Host Europe GmbH	Host Europe GmbH (AS21501)	6
netcologne.de	CLAUS WEB srl (AS203053)	1
online.lv	TDC Holding A/S (AS3292)	1
DIGICERT	Hetzner Online GmbH (AS24940)	3
transnexis.net	Layershift Limited (AS205072)	1
euronic.fi	Telia Cygate Oy (AS29422)	2
cadence.lv	Garmtech Lp (AS43108)	1
rackhosting.com	Rackhosting.com ApS (AS31590)	3
MICROSOFT-CORP-MSN-AS-BLOCK	Datacenter Luxembourg S.A. (AS24611)	1
cronon.de	Strato GmbH (AS6724)	2
vpsnet.lt	UAB ESNET (AS61053)	1
serveriai.lt	MICROSOFT-CORP-MSN-AS-BLOCK (AS8075)	2
BUNNYWAY, informacijske storitve d.o.o.	Datacamp Limited (AS60068)	4
masterfoto.lv	Garmtech Lp (AS43108)	1
HURRICANE	AMAZON-02 (AS16509)	1
unknown	Scalaxy B.V. (AS58061)	2
tg.lv	Telegrupa Baltija SIA (AS21061)	2
linode.com	AMAZON-02 (AS16509)	2
licorp.lv	AMAZON-02 (AS16509)	1
NSONE	Akamai International B.V. (AS213120)	2
small.pl	Atman Sp. z o.o. (AS57367)	1
cloudns.net	UAB Interneto vizija (AS212531)	2
balticbeach.lv	DIGITALOCEAN-ASN (AS14061)	1
domain.tld	Hetzner Online GmbH (AS24940)	1
CloudHosting SIA	Aktsiaselts WaveCom (AS34702)	1
dns.lv	LF Dati SIA (AS44105)	1
rehau.com	REHAU Industries SE & Co. KG (AS204138)	1
gov.lv	Valsts akciju sabiedriba Celu satiksmes drosibas direkcija (AS57058)	4
studionatural.lv	CLOUDFLARENET (AS13335)	1
mmp.lv	Contabo GmbH (AS51167)	2
CLOUDFLARENET	Starnet LTD (AS47485)	1
dns.lv	Contabo Asia Private Limited (AS141995)	1
mk.de	MK Netzdienste GmbH & Co. KG (AS25394)	2
loopia.se	Telia Cygate AB (AS197308)	1
CLOUDFLARENET	AUTOMATTIC (AS2635)	1
dnsip.com	Latitude.sh LTDA (AS262287)	2
1cbit.ru	LLC Digital Network (AS12695)	2
Telia Eesti AS	AMAZON-02 (AS16509)	4
ORACLE-BMC-31898	AMAZON-02 (AS16509)	4
deac.lv	AMAZON-AES (AS14618)	2
home.pl	Enflow B.V. (AS209626)	1
MICROSOFT-CORP-MSN-AS-BLOCK	TrueFullstaq B.V. (AS15703)	2
INTERNET CZ, a.s.	ISP Alliance a.s. (AS47232)	1
OVH SAS	Hostpro Lab LLC (AS196645)	1
winhosting.eu	Telia Lietuva, AB (AS43811)	1
Rackspace Ltd.	Rackspace Ltd. (AS15395)	1
Zone Media OU	Latvijas Mobilais Telefons SIA (AS24921)	1
SOFTLAYER	ATLANTIC-NET-1 (AS6364)	1
arzhost.com	Kuroit (AS152586)	1
contrans.lv	RJ Network OU (AS202759)	1
coverme.lv	Garmtech Lp (AS43108)	1
linode.com	Sabiedriba ar ierobezotu atbildibu DELSKA Latvia (AS12993)	2
Institute of Mathematics and Computer Science of University of Latvia	Ficolo Oy (AS49282)	1
eastman.com	AMAZON-02 (AS16509)	1
SECURITYSERVICES	SIA Tet (AS12578)	4
SECURITYSERVICES	CL-1379-14537 (AS14537)	1
CLOUDFLARENET	TWC-20001-PACWEST (AS20001)	1
apple.com	APPLE-ENGINEERING (AS714)	3
skynet.lv	Institute of Mathematics and Computer Science of University of Latvia (AS5538)	1
Telia Finland Oyj	Cloudflare London, LLC (AS209242)	1
cadence.lv	Zone Media OU (AS49604)	1
audaxis.com	Audaxis SAS (AS206656)	1
vhost.lt	UAB Bite Lietuva (AS13194)	1
emag.ro	AMAZON-02 (AS16509)	1
CLOUDFLARENET	COGENT-174 (AS174)	1
pronets.lv	Telenet SIA (AS24589)	1
sv.lv	Hetzner Online GmbH (AS24940)	1
sqm.lv	Jsc Balticom (AS24651)	1
preili.lv	VAS Latvijas Valsts radio un televizijas centrs (AS8194)	1
serveriai.lt	Uab Servera (AS205688)	1
netropolis.sk	SWAN, a.s. (AS5578)	1
interna.me	Cyber_Folks S.A. (AS41079)	2
kalendari.lv	SIA BITE Latvija (AS20910)	1
CLOUDFLARENET	Ficolo Oy (AS49282)	1
ns.express	Hetzner Online GmbH (AS24940)	1
klondaika.lv	CLOUDFLARENET (AS13335)	1
io.lv	AMAZON-02 (AS16509)	1
nroute.de	TelemaxX Telekommunikation GmbH (AS12843)	2
orlen.pl	Zone Media OU (AS49604)	1
Webhuset AS	ODERLAND Webbhotell AB (AS44136)	1
omicron.lv	SIA BITE Latvija (AS2588)	1
smarthub.lv	RTU (AS24620)	1
vip.nl	CLDIN B.V. (AS48635)	1
ipcom GmbH	Orange (AS3215)	4
lkw-1.de	ITP-Solutions GmbH & Co. KG (AS213250)	1
CloudHosting SIA	DIGITALOCEAN-ASN (AS14061)	2
garmtech.net	PRIVATESYSTEMS (AS63410)	1
sbinelk.com	Hetzner Online GmbH (AS24940)	1
pikselis.lt	UAB Bite Lietuva (AS13194)	1
simourg.com	SIA Tet (AS12578)	3
cadence.lv	Sia Nano IT (AS43513)	1
zoner.fi	UAB Interneto vizija (AS212531)	1
intech.lv	AMAZON-02 (AS16509)	1
i-net-hosting.de	Hetzner Online GmbH (AS24940)	2
IONOS SE	Strato GmbH (AS6724)	2
IONOS SE	NorthC Deutschland GmbH (AS15598)	1
BB-Online UK Ltd	OVH SAS (AS16276)	3
GOOGLE	Institute of Mathematics and Computer Science of University of Latvia (AS5538)	1
Host Europe GmbH	DIGITALOCEAN-ASN (AS14061)	4
NSONE	Xsolla (USA), Inc (AS60527)	1
MICROSOFT-CORP-MSN-AS-BLOCK	LR Izglitibas un zinatnes ministrija (AS34073)	5
dns.lv	SatGate LLC (AS30721)	1
pantheon.lv	SIA Tet (AS47570)	1
AMAZON-02	FRITZ EGGER GmbH & Co. OG (AS198211)	2
tosteris.com	Signet B.V. (AS35470)	1
Zone Media OU	Elisa Eesti AS (AS2586)	4
ipcom GmbH	froxlor GmbH (AS207048)	2
tosteris.com	SIA Tet (AS12578)	1
dns.lv	MVPS LTD (AS202448)	13
nroute.de	DIGITALOCEAN-ASN (AS14061)	1
NUCDN	Awaze A/S (AS9171)	1
nic53.de	OVH SAS (AS16276)	2
markmonitor.com	Tietoevry Norway As (AS13243)	1
waaf.net	Cyber_Folks S.A. (AS29522)	1
taplink.cc	JSC Selectel (AS49505)	4
qwerty12.lv	Contabo GmbH (AS51167)	1
SECURITYSERVICES	UUNET (AS701)	3
bluerange.se	Iver Norge As (AS57829)	1
Zone Media OU	mono solutions ApS (AS201595)	1
medbanka.lv	Institute of Mathematics and Computer Science of University of Latvia (AS5538)	1
cloudns.net	UPCLOUDUSA (AS25697)	1
garmtech.com	Versija SIA (AS8285)	1
fleit.lv	Wix.com Ltd. (AS58182)	1
balt.net	Infocom Uk Ltd (AS43463)	2
Elisa Oyj	Enfo Oy (AS29282)	1
lmt.lv	Latvijas Mobilais Telefons SIA (AS24921)	7
AMAZON-02	SIA Tet (AS12578)	2
domeny.tv	UAB Interneto vizija (AS212531)	1
logismarket.lv	UUNET (AS702)	1
desec.io	netcup GmbH (AS197540)	1
awsdns-19.org	AMAZON-02 (AS16509)	1
helldns.com	Garmtech Lp (AS43108)	1
telekom.at	Telekom Austria (AS8447)	3
ilait.se	Hetzner Online GmbH (AS24940)	3
interland.net	NETWORK-SOLUTIONS-HOSTING (AS19871)	1
NUCDN	Hetzner Online GmbH (AS24940)	7
keurigonline.be	CJ2 Hosting B.V. (AS39704)	1
accenture.com	Accenture UK Limited (AS21433)	1
OVH SAS	Jsc Balticom (AS24651)	1
HURRICANE	Garmtech Lp (AS43108)	4
GOOGLE	OVH SAS (AS16276)	1
Zone Media OU	Toyota Motor Europe SA (AS31154)	1
zonomi.com	AMAZON-02 (AS16509)	1
claranet.de	Claranet Limited (AS8426)	1
Telia Eesti AS	RJ Network OU (AS202759)	1
GOOGLE	GTT Communications Inc. (AS3257)	1
blanco.de	Deutsche Telekom AG (AS3320)	1
CLOUDFLARENET	Equinix (EMEA) Acquisition Enterprises B.V. (AS15830)	1
clavister.com	Tele2 SWIPnet (AS1257)	1
dezinfekcija.lv	SIA Tet (AS47570)	1
sendinblue.com	Sendinblue SAS (AS200484)	1
publicisgroupe.com	RESOURCES-22808 (AS22808)	3
AS-VULTR	HAWKHOST (AS20068)	2
ford.com	MICROSOFT-CORP-MSN-AS-BLOCK (AS8075)	1
maklaut.lv	SIA Maklaut (AS199103)	1
markmonitor.com	HILTON-E (AS26529)	6
Cloud DNS Ltd	PS Internet Company LLP (AS48716)	2
vshosting.cz	VSHosting s.r.o. (AS43541)	1
cns-ebusiness.com	T-Systems International GmbH (AS6878)	2
Sia Nano IT	SIA RixHost (AS52048)	1
plusserver.com	PlusServer GmbH (AS61157)	6
Cyber_Folks S.A.	LH.pl Sp. z o.o. (AS203417)	1
hostnet.lv	Hetzner Online GmbH (AS24940)	3
Santa Monica Networks SIA	Hetzner Online GmbH (AS24940)	1
ohituskaista.net	Planeetta Internet Oy (AS58003)	1
datigroup.com	Sia dolphnet (AS51548)	2
elmi.lv	SIA BITE Latvija (AS2588)	1
mvv.de	Host Europe GmbH (AS34011)	1
IONOS SE	Deutsche Telekom AG (AS3320)	1
dns.lv	LEASEWEB-USA-WDC (AS30633)	1
ignum.com	Webglobe, s.r.o. (AS29134)	1
Institute of Mathematics and Computer Science of University of Latvia	CloudHosting SIA (AS58269)	1
webzero.ro	Unmanaged Ltd (AS47890)	1
nameserver.nl	LeaseWeb Netherlands B.V. (AS60781)	1
mikronet.lv	mono solutions ApS (AS201595)	1
unifiedpost.com	SIA Tet (AS12578)	2
dns.lv	FREE RANGE CLOUD (AS53356)	1
MICROSOFT-CORP-MSN-AS-BLOCK	NETACTUATE (AS36236)	1
awsdns-29.com	AMAZON-02 (AS16509)	1
Strato GmbH	Jungheinrich AG (AS212961)	5
nic.ru	Data Storage Center JSC (AS43226)	1
CLOUDFLARENET	SERTEX SIA (AS64421)	1
gov.lv	SIA BITE Latvija (AS2588)	1
dns.lv	ArtPlanet LLC (AS49542)	2
glipac.ch	Datacenter Luxembourg S.A. (AS24611)	1
registrar-servers.com	Hetzner Online GmbH (AS24940)	2
denver.lv	SIA Datu Tehnologiju Grupa (AS41898)	3
businessmedia.lv	OVH SAS (AS16276)	1
routing.net	CLOUDFLARENET (AS13335)	1
AMAZON-02	One Hungary Ltd. (AS21334)	1
hostlink.	SIA Tet (AS12578)	1
Corporate Solutions SIA	Corporate Solutions SIA (AS43615)	1
bellapella.lv	Hetzner Online GmbH (AS24940)	1
thiswebhost.com	AS40676 (AS40676)	1
CLOUDFLARENET	Fredrik Holmqvist (AS33837)	1
rmdk.lv	Hetzner Online GmbH (AS24940)	1
quadsys.net	GOOGLE-CLOUD-PLATFORM (AS396982)	3
Institute of Mathematics and Computer Science of University of Latvia	Informacines sistemos ir technologijos, UAB (AS61272)	1
angels.lv	SIA Tet (AS12578)	2
poise.se	Admax AB (AS39806)	1
CLOUDFLARENET	GlobalConnect AB (AS12552)	2
internex.at	senseLAN GmbH (AS31736)	1
desec.io	Akamai Connected Cloud (AS63949)	1
pbx.lv	RTU (AS24620)	1
com.ua	TheHost LLC (AS56485)	4
telekom-domains.de	Deutsche Telekom AG (AS3320)	1
papaki.gr	AMAZON-02 (AS16509)	1
OVH SAS	MatHost.eu (AS214762)	1
reseller.si	Hitrost.com Internet Storitve d.o.o. (AS59834)	1
dns.lv	Enix Ltd (AS52148)	3
CLDIN B.V.	BIT BV (AS12859)	1
HURRICANE	DIGITALOCEAN-ASN (AS14061)	1
dns.lv	TWC-11426-CAROLINAS (AS11426)	1
domeny.host	Cyber_Folks S.A. (AS29522)	2
SIA Tet	GOOGLE (AS15169)	1
rdbrokers.lv	AS Latvenergo (AS29600)	1
serveriai.lt	Informacines sistemos ir technologijos, UAB (AS61272)	3
td-fn.net	AMAZON-02 (AS16509)	1
MICROSOFT-CORP-MSN-AS-BLOCK	UAB Bite Lietuva (AS13194)	1
serveris.lv	UAB Interneto vizija (AS212531)	2
Anverino Software SRL	AS-26496-GO-DADDY-COM-LLC (AS26496)	1
karm.lv	UAB Interneto vizija (AS212531)	1
OVH SAS	Maxnet (AS43171)	1
spx.lv	SIA Datu Tehnologiju Grupa (AS41898)	1
awsdns-01.net	MICROSOFT-CORP-MSN-AS-BLOCK (AS8075)	1
CLOUDFLARENET	Telia Company AB (AS3301)	1
garmtech.com	VAS Latvijas Valsts radio un televizijas centrs (AS8194)	2
SIA BITE Latvija	Institute of Mathematics and Computer Science of University of Latvia (AS5538)	4
mijndnsserver.nl	Voxility LLP (AS3223)	1
netjust.com	Sparkinit S.r.l. (AS39825)	1
happyauto.lv	Hetzner Online GmbH (AS24940)	1
ows.lv	SIA Tet (AS12578)	1
cloudns.net	SIA BITE Latvija (AS2588)	3
routing.net	MICROSOFT-CORP-MSN-AS-BLOCK (AS8075)	2
registrar.eu	Team Internet AG (AS61969)	1
linkit.lv	Sia dolphnet (AS51548)	1
mintbox.lv	Contabo GmbH (AS51167)	1
triatel.lv	Express Teleservice Corp (AS41625)	1
domainoo.fr	Aruba S.p.A. (AS31034)	1
CLOUDFLARENET	IONOS SE (AS8560)	4
spin.ee	Elisa Eesti AS (AS2586)	1
hypervsn.lv	Contabo GmbH (AS51167)	1
NUCDN	Sabiedriba ar ierobezotu atbildibu DELSKA Latvia (AS12993)	3
managed-ip.com	novomind AG (AS206775)	1
eqwolf.com	ASN-CXA-ALL-CCI-22773-RDC (AS22773)	3
devlat.eu	Sia Nano IT (AS43513)	2
autonr1.lv	Latvijas Mobilais Telefons SIA (AS24921)	1
cancom-mase.com	CANCOM Managed Services GmbH (AS8469)	1
veikaliem.lv	Sabiedriba ar ierobezotu atbildibu DELSKA Latvia (AS12993)	1
Hetzner Online GmbH	Wix.com Ltd. (AS58182)	3
hipo.lv	State Joint Stock Company Latvian Development Finance Institution Altum (AS39675)	2
registrar-servers.com	GOOGLE-CLOUD-PLATFORM (AS396982)	1
dopla.eu	Webfleet Solutions Development Germany GmbH (AS47518)	5
supremedns.com	Fuze III SARL (AS200202)	1
Akamai International B.V.	DEERE (AS10846)	2
factoreal.lv	Jsc Balticom (AS24651)	1
dtnt.info	Bezeq International Ltd. (AS8551)	1
verisigndns.com	DIGICERT (AS16552)	2
awsdns-02.com	Ticketmaster UK Limited (AS42944)	1
eunet.no	Globalconnect As (AS2116)	1
serveris.lv	Akamai Connected Cloud (AS63949)	2
NUCDN	SIA BITE Latvija (AS2588)	3
NUCDN	Orange (AS3215)	1
afraid.org	SIA BITE Latvija (AS20910)	1
dn-s.be	Signet B.V. (AS20857)	1
loopia.se	MICROSOFT-CORP-MSN-AS-BLOCK (AS8075)	1
private-nameserver.net	WEBHOSTINGHOLDINGS (AS965)	1
hubara.net	HUBARA hosting solutions, S.L. (AS51294)	3
hbby-cloud.com	Republican Unitary Telecommunication Enterprise Beltelecom (AS6697)	1
riga.lv	MICROSOFT-CORP-MSN-AS-BLOCK (AS8075)	1
domaine.fr	METANET AG (AS21069)	1
phase8.net	GOOGLE-CLOUD-PLATFORM (AS396982)	1
awsdns-29.net	AMAZON-02 (AS16509)	2
sancom.lv	Hetzner Online GmbH (AS24940)	1
hostnet.lv	UAB Interneto vizija (AS212531)	1
edns.de	PlusServer GmbH (AS61157)	1
UAB Interneto vizija	Garmtech Lp (AS43108)	1
Safenames Ltd.	GOOGLE-CLOUD-PLATFORM (AS396982)	1
dc-monaco.cz	SYNOT ICT Services, a.s. (AS208906)	1
DIGICERT	LVLT-3549 (AS3549)	3
areait.lv	OVH SAS (AS16276)	1
cadence.lv	VAS Latvijas Valsts radio un televizijas centrs (AS8194)	1
online.lv	Zepter IT Sp. z o.o. (AS35785)	1
langleyholdings.com	DIGITALOCEAN-ASN (AS14061)	1
LLC VK	Jsc Balticom (AS24651)	2
kweb.cz	Contabo GmbH (AS51167)	2
RPH Business Support AS	Sia Nano IT (AS43513)	1
pro-9.lv	VAS Latvijas Valsts radio un televizijas centrs (AS8194)	1
broadspeed.de	Plusnet GmbH (AS20676)	1
atvirtual.com	AMAZON-02 (AS16509)	1
CLOUDFLARENET	Stichting DIGI NL (AS206281)	1
nroute.de	Hetzner Online GmbH (AS24940)	1
CLOUDFLARENET	united-domains GmbH (AS202108)	2
aikido.lv	SIA Tet (AS47570)	1
ANEXIA Internetdienstleistungs GmbH	Telia Cygate Oy (AS29422)	1
BB-Online UK Ltd	AS-VULTR (AS20473)	5
inbox.eu	Sabiedriba ar ierobezotu atbildibu DELSKA Latvia (AS12993)	2
naturalshops5.net	LIQUIDWEB (AS32244)	3
HURRICANE	SIA Electronic Solutions (AS13070)	1
YANDEX LLC	ZAO Web Hosting (AS30943)	1
ne.jp	SAKURA Internet Inc. (AS9370)	1
cloudns.net	PRGMR (AS47066)	1
organyc-online.com	LEASEWEB-USA-WDC (AS30633)	1
CLDIN B.V.	AMAZON-02 (AS16509)	1
dns.lv	ArubaCloud Limited (AS199883)	1
webglobe.cz	Akamai Connected Cloud (AS63949)	1
irc.lv	Hetzner Online GmbH (AS24940)	1
nearlyfreespeech.net	GRIDFURY-AS (AS40630)	1
printworks.lv	CLOUDFLARENET (AS13335)	1
introdns.hu	Magyar Telekom Plc. (AS5483)	1
bkus.lv	SIA Tet (AS12578)	1
eistat.lv	Hetzner Online GmbH (AS24940)	1
europlast.lv	Jsc Balticom (AS24651)	1
Institute of Mathematics and Computer Science of University of Latvia	KKM IT Limited (AS60922)	1
cloudns.net	CARINET (AS10439)	1
CLOUDFLARENET	WorldStream B.V. (AS49981)	1
softtek.com	Cloudflare London, LLC (AS209242)	1
NUCDN	Cloudflare London, LLC (AS209242)	3
qbit.lv	SIA Tet (AS12578)	2
hix.nl	One.com A/S (AS51468)	1
netzpepper.de	Mittwald CM Service GmbH & Co. KG (AS15817)	1
adati.lv	GOOGLE (AS15169)	1
vider.de	Mittwald CM Service GmbH & Co. KG (AS15817)	2
G-Core Labs S.A.	Hong Kong Communications International Co., Limited (AS140227)	1
forss.net	Synotio AB (AS203605)	1
cloudrapido.net	EGO INFORMATIKA d.o.o. (AS208443)	2
worldrid.com	SIA Tet (AS12578)	3
CLOUDFLARENET	S.c. Infotech-grup S.r.l. (AS201670)	2
CLOUDFLARENET	JSC Selectel (AS49505)	2
cert.lv	VAS Latvijas Valsts radio un televizijas centrs (AS8194)	1
Hetzner Online GmbH	SQUARESPACE (AS53831)	2
novasalon.lv	Hetzner Online GmbH (AS24940)	1
1gb.ru	JSC RTComm.RU (AS8342)	1
mm88.lv	Sabiedriba ar ierobezotu atbildibu DELSKA Latvia (AS12993)	3
itport.lv	MICROSOFT-CORP-MSN-AS-BLOCK (AS8075)	4
iptwins.com	Rackspace Ltd. (AS15395)	2
cadence.lv	THEROCKETSCIENCEGROUP (AS14782)	1
transports.lv	Jsc Balticom (AS24651)	1
dns.lv	Pq Hosting Plus S.r.l. (AS44477)	5
dns.lv	ORANGEHOST (AS19853)	1
dehost.lv	SIA BITE Latvija (AS20910)	1
online.lv	Tilda Publishing Ltd. (AS205282)	1
SIA BITE Latvija	SIA Vitol Terminal Latvia (AS197446)	2
zomro.com	Podaon SIA (AS211381)	2
AMAZON-02	Retelit Digital Services S.p.A. (AS3302)	2
nadns1.com	Sabiedriba ar ierobezotu atbildibu DELSKA Latvia (AS12993)	1
futurehosting.com	Redcentric Solutions Ltd (AS31463)	2
ports.se	netlogix GmbH & Co. KG (AS206231)	1
neobond.lv	Jsc Balticom (AS24651)	1
reliable-internet-solutions.net	dogado GmbH (AS8648)	1
perf1.com	MICROSOFT-CORP-MSN-AS-BLOCK (AS8075)	1
bdc-services.net	AMAZON-02 (AS16509)	2
awsdns-17.com	AMAZON-02 (AS16509)	2
nameservice.at	T-Mobile Austria GmbH (AS8412)	4
xf.ee	Server Farm LLC (AS202635)	1
businessmedia.lv	mono solutions ApS (AS201595)	5
CLOUDFLARENET	Alibaba US Technology Co., Ltd. (AS45102)	2
gorenje.si	Contabo GmbH (AS51167)	1
awsdns-14.net	AMAZON-AES (AS14618)	1
ibc.pl	Cyber_Folks S.A. (AS29522)	1
fornex.com	Hetzner Online GmbH (AS24940)	2
LDSCHURCH1	GENSOCIETYUTAH (AS33397)	1
pulsen.se	ODERLAND Webbhotell AB (AS44136)	1
dns.lv	UAB LTMD Networks (AS47609)	2
online.lv	Hostinger International Limited (AS47583)	1
ernis.lv	ERNIS SIA (AS15899)	1
Media Partners Sia	SIA BITE Latvija (AS20910)	1
garmtech.com	Iway AG (AS8758)	1
benders.se	Benders Sverige AB (AS62116)	1
SCAAM0001	MICROSOFT-CORP-MSN-AS-BLOCK (AS8075)	6
dns.lv	Information Centre of the Ministry of the Interior (AS25241)	1
hostup.se	Hostup AB (AS214640)	1
markmonitor.com	VERISIGN-ILG1 (AS30060)	1
online.lv	AMAZON-AES (AS14618)	2
agressor.lv	Garmtech Lp (AS43108)	1
bicos.de	Bicos Computer GmbH (AS12466)	1
Akamai International B.V.	AMERICAN-EXPRESS (AS6307)	1
ipcom GmbH	IONOS SE (AS8560)	1
ipcom GmbH	OVH SAS (AS16276)	2
SECURITYSERVICES	Orange Business Digital Norway As (AS25148)	2
AMAZON-02	Optimizely AB (AS30811)	3
ctekns.ch	AMAZON-02 (AS16509)	1
com.tw	GOOGLE-CLOUD-PLATFORM (AS396982)	1
netim.net	SH.cz s.r.o. (AS39392)	1
garmtech.com	Jsc Balticom (AS24651)	1
ns14.net	Neue Medien Muennich GmbH (AS34788)	1
dns.lv	Optimizely AB (AS30811)	3
eisy.lv	SIA BITE Latvija (AS2588)	4
online.lv	CLOUDFLARENET (AS13335)	3
BUNNYWAY, informacijske storitve d.o.o.	UpCloud Ltd (AS202053)	2
balt.net	AS-VULTR (AS20473)	1
datenstrom.cloud	NForce Entertainment B.V. (AS43350)	1
SIA BITE Latvija	SIA Baltic project group (AS199034)	1
MICROSOFT-CORP-MSN-AS-BLOCK	Combell NV (AS34762)	2
mono.lv	SIA MWTV (AS44575)	5
awsdns-17.com	Hetzner Online GmbH (AS24940)	1
GANDI SAS	Akamai International B.V. (AS20940)	1
balt.net	PlusServer GmbH (AS61157)	1
ATT-INTERNET4	UPS (AS12217)	1
diespezialisten.de	Hetzner Online GmbH (AS24940)	1
whixx.com	InterRacks B.V. (AS42093)	1
ports.se	DIGITALOCEAN-ASN (AS14061)	2
bosatravel.lv	Latvijas tikli, SIA (AS16062)	1
du.lv	Daugavpils university (AS6832)	3
markmonitor.com	Team Internet AG (AS61969)	2
Institute of Mathematics and Computer Science of University of Latvia	MICROSOFT-CORP-MSN-AS-BLOCK (AS8075)	1
garmtech.com	Telenet SIA (AS24589)	2
dolphin-it.com	Elkdata OU (AS61189)	1
volkswagen.de	Globalconnect As (AS2116)	1
Zone Media OU	Akamai Connected Cloud (AS63949)	2
CLOUDFLARENET	Webglobe, s.r.o. (AS29134)	2
register.it	MICROSOFT-CORP-MSN-AS-BLOCK (AS8075)	2
slt.lv	SIA Tet (AS12578)	1
dns.lv	PONYNET (AS53667)	1
ns15.net	InterNetX GmbH (AS15456)	1
Versija SIA	SIA Tet (AS12578)	3
colt.net	Deutsche Telekom Global Business Solutions GmbH (AS8387)	2
reg.ru	Tilda Publishing Ltd. (AS205282)	1
GANDI SAS	Domeneshop AS (AS12996)	1
less-is-more.dk	Hetzner Online GmbH (AS24940)	1
Institute of Mathematics and Computer Science of University of Latvia	Cloudflare London, LLC (AS209242)	3
AMAZON-02	Celeste SAS (AS20926)	1
grey-wolf.lv	DIGITALOCEAN-ASN (AS14061)	1
SIA Datu Tehnologiju Grupa	Institute of Mathematics and Computer Science of University of Latvia (AS5538)	1
cloudyne.eu	MICROSOFT-CORP-MSN-AS-BLOCK (AS8075)	1
AMAZON-02	Societe Francaise Du Radiotelephone - SFR SA (AS15557)	1
deutschepost.de	DHLNET (AS2571)	1
chabadonline.com	CLOUDFLARENET (AS13335)	1
awsdns-41.net	AMAZON-02 (AS16509)	1
ACTIVE 24, s.r.o.	GOOGLE (AS15169)	1
hostnet.nl	DIGITALOCEAN-ASN (AS14061)	1
ait.lt	Telia Lietuva, AB (AS43811)	2
lkb.lv	SIA Tet (AS12578)	1
yoursite.lv	Hetzner Online GmbH (AS24940)	3
GOOGLE	CLOUDFLARENET (AS13335)	5
via-s.lv	Garmtech Lp (AS43108)	1
SIA BITE Latvija	VAS Latvijas Valsts radio un televizijas centrs (AS8194)	1
domain-hosting.name	Stadtwerke Feldkirch (AS48362)	2
SIA Maklaut	CLOUDFLARENET (AS13335)	2
reserver.ru	Hetzner Online GmbH (AS24940)	1
hostia.name	Hetzner Online GmbH (AS24940)	1
ilait.se	AMAZON-02 (AS16509)	2
markmonitor.zone	INCAPSULA (AS19551)	1
noez.io	GHOSTnet GmbH (AS12586)	1
PEPSICO-NA	INCAPSULA (AS19551)	3
AMAZON-AES	AMAZON-AES (AS14618)	6
imap.lv	SIA Tet (AS12578)	1
Create & Develop BDR	OVH SAS (AS16276)	1
sdsab.se	Varnamo Energi AB (AS31642)	1
bap.lv	Zone Media OU (AS49604)	1
thcservers.com	AS40676 (AS40676)	2
Sia Nano IT	UAB Bite Lietuva (AS13194)	2
dns.lv	Ventspils city municipality institution Ventspils Digital Center (AS43028)	5
vterminal.lv	Garmtech Lp (AS43108)	1
uberns.com	COLUMBUS NETWORKS DE COSTA RICA SOCIEDAD DE RESPONSABILIDAD LIMITADA (AS263785)	1
globalhtcnetwork.com	AS-GLOBALTELEHOST (AS63023)	1
goodtec.cloud	SIA BITE Latvija (AS2588)	1
domenomania.pl	Artnet Sp. z o.o. (AS197155)	1
rocketship.lv	Sia Nano IT (AS43513)	1
IONOS SE	ANEXIA Internetdienstleistungs GmbH (AS42473)	1
zinga.lv	Combell NV (AS34762)	1
iwantmyname.net	Clouvider Limited (AS62240)	1
ericsson.se	MICROSOFT-CORP-MSN-AS-BLOCK (AS8075)	1
runpay.com	Digimoney-SIA (AS199577)	2
PEPSICO-NA	AMAZON-02 (AS16509)	1
dns.lv	2 Cloud Ltd. (AS39845)	4
domain.tld	Sia Nano IT (AS43513)	1
ns14.net	OVH SAS (AS16276)	2
serveriai.lt	Strato GmbH (AS6724)	1
auroradns.eu	CLDIN B.V. (AS48635)	1
scandinavianhosting.se	Scandinavian Hosting AB (AS215783)	3
dns.lv	Telegrupa Baltija SIA (AS21061)	2
publicisgroupe.com	SIA Tet (AS5518)	1
ossnet.lv	Sia Nano IT (AS43513)	1
kuldigasnovads.lv	SIA Tet (AS12578)	2
ports.se	OVH SAS (AS16276)	1
dns.lv	NOVA SIA (AS57223)	4
SECURITYSERVICES	UAB Interneto vizija (AS212531)	2
Host Europe GmbH	LeaseWeb Netherlands B.V. (AS60781)	2
zomro.com	Contabo GmbH (AS51167)	2
post.ch	Die Schweizerische Post AG (AS12511)	1
toplogistic.lv	CloudHosting SIA (AS58269)	1
garmtech.net	Sia Nano IT (AS43513)	1
dns.lv	SIA OSS Networks (AS206362)	1
icsmedia.de	DTS Systeme Muenster GmbH (AS12437)	1
cadence.lv	UpCloud Ltd (AS202053)	1
nogale.lv	SIA Tet (AS12578)	1
intercom.it	GOOGLE-CLOUD-PLATFORM (AS396982)	1
CLOUDFLARENET	DLX A/S (AS47527)	1
awsdns-05.org	AMAZON-02 (AS16509)	4
SIA BITE Latvija	Hetzner Online GmbH (AS24940)	5
GOOGLE	NAMECHEAP-NET (AS22612)	1
lemarit.de	FASTLY (AS54113)	1
kuhlma-it.de	IONOS SE (AS8560)	1
SOFTLAYER	AS-VULTR (AS20473)	1
pro-serve.eu	Signet B.V. (AS21155)	1
papinet.lv	Sia Nano IT (AS43513)	1
sec-ns.de	PlusServer GmbH (AS61157)	1
datamed.lv	Institute of Mathematics and Computer Science of University of Latvia (AS5538)	1
agnat.pl	EXEA Sp. z o.o. (AS60713)	1
CLOUDFLARENET	Latvijas Mobilais Telefons SIA (AS24921)	2
NSONE	CLOUDFLARENET (AS13335)	1
online.lv	UpCloud Ltd (AS202053)	2
NSONE	MICROSOFT-CORP-MSN-AS-BLOCK (AS8075)	1
rndev.lv	Sia Nano IT (AS43513)	1
xundns.com	NETLAB-SDN (AS979)	1
Hetzner Online GmbH	dogado GmbH (AS8648)	3
regmix.com	Pq Hosting Plus S.r.l. (AS44477)	1
helpsoft.lv	Hetzner Online GmbH (AS24940)	1
tronics.lv	SIA BITE Latvija (AS2588)	1
CLOUDFLARENET	OMCnet Internet Service GmbH (AS15388)	1
routing.net	LeaseWeb Netherlands B.V. (AS60781)	1
tns.lv	SIA Tet (AS12578)	1
mirohost.net	Internet Invest, Ltd. (AS25393)	11
dynu.com	OVH SAS (AS16276)	1
serverhostgroup.com	Akamai Connected Cloud (AS63949)	3
Zone Media OU	Host Europe GmbH (AS8972)	3
sac-it.dk	Sabiedriba ar ierobezotu atbildibu DELSKA Latvia (AS12993)	1
spx.lv	DIGITALOCEAN-ASN (AS14061)	1
CLOUDFLARENET	China Unicom Beijing Province Network (AS4808)	1
vesti.lv	SIA BITE Latvija (AS2588)	1
markmonitor.com	RACKSPACE (AS19994)	1
OVH SAS	WEEBLY (AS27647)	1
bns.lv	SIA LETA (AS48546)	2
idcservices.it	AMAZON-02 (AS16509)	2
CLOUDFLARENET	Politechnika Czestochowska (AS25084)	1
register.it	IMAC SPA (AS207798)	1
webhost.ee	Aktsiaselts WaveCom (AS34702)	1
serveris.lv	ORACLE-BMC-31898 (AS31898)	1
eskom.lv	SIA Electronic Solutions (AS13070)	3
nikami.lv	Garmtech Lp (AS43108)	1
SECURITYSERVICES	Douglas Group Technology GmbH & Co. KG (AS50407)	2
mamba.ru	KKM IT Limited (AS60922)	1
weblv.lv	Media Partners Sia (AS199558)	4
deac.lv	CLOUDFLARENET (AS13335)	4
dns.lv	ServeTheWorld AS (AS34989)	1
LLC VK	LLC VK (AS47764)	3
zoneedit.com	FASTLY (AS54113)	1
dns.lv	Bellnet Limited (AS20521)	2
core.hosting	RJ Network OU (AS202759)	2
devlat.eu	CLOUDFLARENET (AS13335)	1
domain-hosting.name	InterNetX GmbH (AS15456)	3
registrar-servers.com	Wildcard UK Limited (AS34119)	1
kaiserkraft-europa.de	AMAZON-02 (AS16509)	1
jchost04.pl	Atman Sp. z o.o. (AS15694)	1
dns.lv	GlobalConnect AB (AS12552)	1
almiko.eu	SIA Datu Tehnologiju Grupa (AS41898)	3
ns1.pl	PROGRESO.PL Sp. z o.o (AS210379)	2
UAB Interneto vizija	UAB Rakrejus (AS62282)	2
CLOUDFLARENET	Leaseweb Deutschland GmbH (AS28753)	1
kodak.com	MICROSOFT-CORP-MSN-AS-BLOCK (AS8075)	1
seb.ee	AS SEB Pank (AS43682)	2
IONOS SE	Infotech EDV-Systeme GmbH (AS28760)	2
fanetz.com	Hetzner Online GmbH (AS24940)	1
DIGICERT	team.blue Denmark A/S (AS48854)	1
routing.net	Host Europe GmbH (AS34011)	1
online.lv	Garmtech Lp (AS43108)	3
Telia Eesti AS	MICROSOFT-CORP-MSN-AS-BLOCK (AS8075)	1
datorspecialisti.lv	Ventspils city municipality institution Ventspils Digital Center (AS43028)	1
Institute of Mathematics and Computer Science of University of Latvia	Sia dolphnet (AS51548)	1
ounet.fi	Telia Eesti AS (AS3249)	1
dns.lv	Telenet SIA (AS205370)	4
AMAZON-02	Institute of Mathematics and Computer Science of University of Latvia (AS5538)	3
mz-mail.com	Hetzner Online GmbH (AS24940)	2
ANEXIA Internetdienstleistungs GmbH	AMAZON-02 (AS16509)	3
dns.lv	Sia Livas Net (AS34001)	5
wondermondo.lv	AS40676 (AS40676)	1
registrar-servers.com	ORACLE-BMC-31898 (AS31898)	1
SIA BITE Latvija	Jsc Balticom (AS24651)	1
acipere.com	Hetzner Online GmbH (AS24940)	2
alpari-dns.net	Exinity works (CY) LTD (AS59655)	1
MICROSOFT-CORP-MSN-AS-BLOCK	Scaleway S.a.s. (AS12876)	3
liubit.lt	Informacines sistemos ir technologijos, UAB (AS61272)	2
ipcom GmbH	Neue Medien Muennich GmbH (AS34788)	1
areait.lv	dataforest GmbH (AS58212)	3
CLOUDFLARENET	UpCloud Ltd (AS202053)	3
serveriai.lt	AMAZON-02 (AS16509)	7
hostnet.lv	SIA Maklaut (AS199103)	1
Netnod AB	INCAPSULA (AS19551)	1
Zone Media OU	Tele2 SWIPnet (AS1257)	1
netim.net	Telia Lietuva, AB (AS43811)	1
NSONE	MICROSOFT-CORP-MSN-AS-BLOCK (AS8069)	3
ch-inter.net	METANET AG (AS21069)	3
uniweb.be	UniWeb bvba (AS35593)	4
Sabiedriba ar ierobezotu atbildibu DELSKA Latvia	CLOUDFLARENET (AS13335)	1
voog.com	Zone Media OU (AS49604)	2
registrar-servers.com	Zone Media OU (AS49604)	1
awsdns-22.net	AMAZON-02 (AS16509)	1
AMAZON-02	dogado GmbH (AS45012)	1
modo.lv	Hetzner Online GmbH (AS24940)	2
Sia Nano IT	Telia Lietuva, AB (AS8764)	1
zmajevi.org	Hetzner Online GmbH (AS24940)	3
Hetzner Online GmbH	Rackspace Ltd. (AS15395)	1
dns.lv	Duocast B.V. (AS31477)	1
dns.lv	VSHosting s.r.o. (AS43541)	2
ipcom GmbH	DXC-AS3360 (AS3360)	1
budget-print.lv	SIA BITE Latvija (AS20910)	1
mc2.lv	SIA Tet (AS12578)	1
NSONE	Sabiedriba ar ierobezotu atbildibu DELSKA Latvia (AS12993)	1
speedweb.sk	SWAN, a.s. (AS5578)	3
tosteris.com	AMAZON-AES (AS14618)	1
ormag.info	Seflow s.r.l. (AS49367)	1
online.lv	SIA Tet (AS5518)	3
YANDEX LLC	Telenet SIA (AS24589)	3
gigabyte.com	Jsc ru-center (AS39494)	1
CLOUDFLARENET	HyperOps UAB (AS59821)	3
my-hosting.lv	SIA BITE Latvija (AS2588)	2
infoserve.de	gridscale GmbH (AS29423)	2
melanoma.lv	Contabo GmbH (AS51167)	1
lv.lv	VAS Latvijas Valsts radio un televizijas centrs (AS8194)	1
dateks.lv	Institute of Mathematics and Computer Science of University of Latvia (AS5538)	3
dell.com	Akamai International B.V. (AS33905)	2
ucoz.net	SERVERS-COM (AS7979)	4
awsdns-06.com	DIGITALOCEAN-ASN (AS14061)	1
datenchef.net	meerfarbig GmbH & Co. KG (AS34549)	3
winet.de	Wichmann Internet Services GmbH (AS33940)	3
garmtech.com	TimeWeb LLC (AS9123)	1
dns.lv	SIA SOCKS (AS41390)	1
coder.lv	Hetzner Online GmbH (AS24940)	1
dns.lv	Krystal Hosting Ltd (AS12488)	3
Sia Nano IT	firstcolo GmbH (AS44066)	1
ajhs.io	AS40676 (AS40676)	1
fresenius.de	Fresenius SE & Co. KGaA (AS15644)	1
shneider-host.ru	Serverius Holding B.V. (AS50673)	2
ANEXIA Internetdienstleistungs GmbH	Sabiedriba ar ierobezotu atbildibu DELSKA Latvia (AS12993)	1
xado.com	Hetzner Online GmbH (AS24940)	2
kivisepad.ee	Telia Eesti AS (AS3249)	1
Netnod AB	MICROSOFT-CORP-MSN-AS-BLOCK (AS8075)	1
devlat.eu	SIA BITE Latvija (AS2588)	3
lenet.lt	UAB Ignitis grupes paslaugu centras (AS24607)	3
design.ru	PVimpelCom (AS3216)	2
serveris.lv	Hetzner Online GmbH (AS24940)	3
frp.lv	SIA Tet (AS12578)	1
vikrem.lv	SIA BITE Latvija (AS20910)	1
hostingcentar.com	Hetzner Online GmbH (AS24940)	1
NUCDN	Akamai Connected Cloud (AS63949)	1
domain.tld	GOOGLE-CLOUD-PLATFORM (AS396982)	1
baden.domains	managedhosting.de GmbH (AS62310)	1
domainit.de	Bradler & Krantz GmbH & Co. KG (AS29141)	1
intrade.lv	Sia Nano IT (AS43513)	2
SECURITYSERVICES	intersaar GmbH (AS12941)	4
Sia Nano IT	Jsc Balticom (AS24651)	3
Telia Eesti AS	ODERLAND Webbhotell AB (AS44136)	1
dns.lv	UUNET (AS701)	2
plusline.de	Plus.line AG (AS12306)	1
epag.net	AMAZON-02 (AS16509)	1
Neue Medien Muennich GmbH	SQUARESPACE (AS53831)	1
areait.lv	Sabiedriba ar ierobezotu atbildibu DELSKA Latvia (AS12993)	2
wedos.com	SH.cz s.r.o. (AS39392)	1
comp-pro-dns.de	Hetzner Online GmbH (AS24940)	1
medyabim.com	Bradler & Krantz GmbH & Co. KG (AS29141)	1
SECURITYSERVICES	DATAPIPE-SEA (AS22205)	1
SIA Tet	Hetzner Online GmbH (AS24940)	4
dns.lv	Serverius Holding B.V. (AS50673)	1
netim.net	netcup GmbH (AS197540)	1
OVH SAS	Scaleway S.a.s. (AS12876)	4
mahost.lt	Informacines sistemos ir technologijos, UAB (AS61272)	1
wigs.lv	Institute of Mathematics and Computer Science of University of Latvia (AS5538)	1
bombax.lv	AMAZON-02 (AS16509)	1
ithesion.com	Hetzner Online GmbH (AS213230)	1
h2.lv	Sia Nano IT (AS43513)	3
tbk.lv	SIA BITE Latvija (AS2588)	1
optiline.lv	Telenet SIA (AS24589)	1
CLOUDFLARENET	I LAYER LIMITED (AS137899)	1
Neue Medien Muennich GmbH	Verein zur Foerderung eines Deutschen Forschungsnetzes e.V. (AS680)	1
tuxit.lv	SIA BITE Latvija (AS2588)	2
dns.lv	Primetel PLC (AS16229)	1
SIA Tet	Tilda Publishing Ltd. (AS205282)	1
minolta.lv	Hetzner Online GmbH (AS24940)	1
MICROSOFT-CORP-MSN-AS-BLOCK	Leaseweb UK Limited (AS205544)	1
neonita.lv	Telenet SIA (AS24589)	1
DIGICERT	Telia Company AB (AS3301)	1
managed-ip.com	Kuehne + Nagel (AG & Co.) KG (AS211656)	1
swisscenter.com	Openbusiness S.A. (AS49457)	1
dotnice.asia	AMAZON-02 (AS16509)	2
Institute of Mathematics and Computer Science of University of Latvia	CITIC Telecom CPC Netherlands B.V. (AS3327)	1
ezstreetco.com	UNIFIEDLAYER-AS-1 (AS46606)	1
MICROSOFT-CORP-MSN-AS-BLOCK	velia.net Internetdienste GmbH (AS29066)	1
eventim.de	CTS Eventim Solutions GmbH (AS204253)	2
gamma.lv	C3 SIA (AS6851)	1
citadele.lv	MICROSOFT-CORP-MSN-AS-BLOCK (AS8075)	2
Telia Lietuva, AB	Audatex (Schweiz) GmbH (AS29430)	1
pharmamax.lv	RPH Business Support AS (AS57946)	1
mathworks.com	MATHWORKS (AS11939)	1
AMAZON-02	InterNetworX Management GmbH (AS48596)	1
biz.nf	Zetta Hosting Solutions LLC. (AS44476)	1
CLOUDFLARENET	Beget LLC (AS198610)	1
linode.com	GOOGLE-CLOUD-PLATFORM (AS396982)	1
tavamarka.lv	SIA BITE Latvija (AS2588)	2
azembassy.lv	OVH SAS (AS16276)	1
lumik.se	AMAZON-02 (AS16509)	1
ascio.com	Sota Solutions Ltd. (AS31742)	1
SECURITYSERVICES	Greentube GmbH (AS60368)	1
register.it	CoreTech s.r.l. (AS56559)	1
CLOUDFLARENET	Domain names registrar REG.RU, Ltd (AS197695)	1
co.uk	IONOS SE (AS8560)	2
aixit.com	Aixit GmbH (AS29551)	2
CLOUDFLARENET	SIA MWTV (AS44575)	1
web4u.cz	CLOUDFLARENET (AS13335)	1
jagoanhosting.com	PT. Beon Intermedia (AS55688)	1
Zone Media OU	NorthC Deutschland GmbH (AS15598)	1
soller.lv	HOSTHATCH (AS63473)	1
Netnod AB	Telia Cygate AB (AS197308)	1
anadana.lv	Wix.com Ltd. (AS58182)	1
CLOUDFLARENET	TONAQUINT-DC (AS46309)	1
eders.lv	Garmtech Lp (AS43108)	1
60north.com	60 North ApS (AS47454)	2
linuxpl.com	Cyber_Folks S.A. (AS41079)	1
SERTEX SIA	Sia Nano IT (AS43513)	2
CLOUDFLARENET	AMAZON-AES (AS14618)	6
sporta-klubi.lv	SIA Tet (AS12578)	1
Akamai Connected Cloud	Ddos-guard Ltd (AS57724)	1
Zone Media OU	LeaseWeb Netherlands B.V. (AS60781)	2
ascio.com	CLOUDFLARENET (AS13335)	1
xbt.lv	SIA Tet (AS12578)	4
Institute of Mathematics and Computer Science of University of Latvia	Nexthop AS (AS49788)	1
CLOUDFLARENET	Hosting Ukraine LTD (AS200000)	1
norte.lv	Hetzner Online GmbH (AS24940)	1
netim.net	Combell NV (AS34762)	1
awsdns-05.org	GOOGLE (AS15169)	1
CLOUDFLARENET	Fornex Hosting S.L. (AS44051)	1
online.lv	AS Latvenergo (AS29600)	1
201.101	Ventspils city municipality institution Ventspils Digital Center (AS43028)	1
opr.lv	Opera Norway AS (AS39832)	1
hostingww.com	AMAZON-02 (AS16509)	1
nic.ru	LeaseWeb Netherlands B.V. (AS60781)	1
webhostmost.com	CLOUDFLARENET (AS13335)	1
dns.lv	Belcloud LTD (AS44901)	1
levi.com	GTT Communications Inc. (AS3257)	2
acwebconnecting.com	SC Web Software Development SRL (AS47836)	1
Institute of Mathematics and Computer Science of University of Latvia	PRO-9 SIA (AS50731)	2
dns.lv	Hong Kong Broadband Network Ltd. (AS9269)	1
gemius.pl	GEMIUS SA (AS197431)	1
Institute of Mathematics and Computer Science of University of Latvia	SamsungSDS Inc. (AS6619)	1
register.it	Server Plan S.r.l. (AS52030)	1
perf1.com	OVH SAS (AS16276)	1
vivawebhost.com	Telehouse EAD (AS57344)	3
nic.ru	CLOUDFLARENET (AS13335)	1
garda.lv	SIA BITE Latvija (AS2588)	1
MICROSOFT-CORP-MSN-AS-BLOCK	If P&C Insurance AS (AS21147)	1
dnsimple.com	DIGITALOCEAN-ASN (AS14061)	4
SIA BITE Latvija	AMAZON-02 (AS16509)	7
enbw.com	EnBW Energie Baden-Wuerttemberg AG (AS15698)	2
lb.lv	GOOGLE-CLOUD-PLATFORM (AS396982)	1
Hangzhou Alibaba Advertising Co.,Ltd.	ESTRUXTURE-QC-10929 (AS10929)	1
dns.lv	Servers Tech Fzco (AS216071)	1
colt.net	Delticom Ag (AS57533)	1
ntn-snr.com	AGORA CALYCE SpAS (AS47833)	1
CLDIN B.V.	Previder B.V. (AS20847)	1
magnum.lv	Magnum Medical Sia (AS56938)	1
MICROSOFT-CORP-MSN-AS-BLOCK	Unilever PLC (AS21188)	1
spx.lv	Sabiedriba ar ierobezotu atbildibu DELSKA Latvia (AS12993)	1
namebay.com	Nameshield SAS (AS20756)	2
SIA BITE Latvija	INTERNET AG Global Network (AS8495)	1
com.pl	LSB Data Sp.z o.o. (AS51208)	1
GANDI SAS	Hetzner Online GmbH (AS24940)	3
SOFTLAYER	OVH SAS (AS16276)	1
smconsulting.lv	Latvijas tikli, SIA (AS16062)	1
serveriai.lt	AS-VULTR (AS20473)	1
CLOUDFLARENET	ATLANTIC-NET-1 (AS6364)	1
Akamai International B.V.	Massive Media Match NV (AS41471)	1
Host Europe GmbH	SIA Tet (AS12578)	2
krystal.uk	DIGITALOCEAN-ASN (AS14061)	1
server-cpanel.com	WHG Hosting Services Ltd (AS216180)	1
CLOUDFLARENET	UCLOUD INFORMATION TECHNOLOGY HK LIMITED (AS135377)	1
Host Europe GmbH	Sabiedriba ar ierobezotu atbildibu DELSKA Latvia (AS12993)	2
lemarit.de	MICROSOFT-CORP-MSN-AS-BLOCK (AS8075)	1
hostland.ru	Hostland LTD (AS62082)	1
yourdomainprovider.net	Global-Gateway Internet (AS4648)	1
awsdns-01.net	DIGICERT (AS16552)	1
CLOUDFLARENET	ERNIS SIA (AS15899)	1
awsdns-54.com	GOOGLE-CLOUD-PLATFORM (AS396982)	1
hostserv.eu	Hetzner Online GmbH (AS24940)	2
ipcom GmbH	CLOUDFLARENET (AS13335)	3
Institute of Mathematics and Computer Science of University of Latvia	NETWORK-SOLUTIONS-HOSTING (AS19871)	1
rdab.lv	SIA RD Consult (AS44624)	1
MICROSOFT-CORP-MSN-AS-BLOCK	MICROSOFT-CORP-MSN-AS-BLOCK (AS8069)	1
areait.lv	SIA BITE Latvija (AS2588)	1
iotnet.lv	Hetzner Online GmbH (AS24940)	1
ascio.com	Vodafone Spain (AS12430)	1
AMAZON-02	Hostinger International Limited (AS47583)	3
ironplanet.com	BACOM (AS577)	2
co.uk	MICROSOFT-CORP-MSN-AS-BLOCK (AS8075)	2
buddyns.com	LR Izglitibas un zinatnes ministrija (AS34073)	2
asure.lv	DIGITALOCEAN-ASN (AS14061)	1
YANDEX LLC	SOFTLAYER (AS36351)	1
co.uk	UNIFIEDLAYER-AS-1 (AS46606)	1
awsdns-25.org	AMAZON-02 (AS16509)	1
studio-moderna.com	MICROSOFT-CORP-MSN-AS-BLOCK (AS8075)	1
Zone Media OU	MICROSOFT-CORP-MSN-AS-BLOCK (AS8075)	1
medis.si	LeaseWeb Netherlands B.V. (AS60781)	1
gov.lv	Sia Lursoft It (AS24972)	4
INTERNET CZ, a.s.	MasterDC s.r.o. (AS24971)	2
yui.lv	Hetzner Online GmbH (AS24940)	1
pt.lu	POST Luxembourg (AS6661)	1
dnspod.net	LEMON TELECOMMUNICATIONS LIMITED (AS132325)	1
mammo.lv	AS-VULTR (AS20473)	1
YANDEX LLC	First Server Limited (AS200740)	1
webhotellit.com	Planeetta Internet Oy (AS58003)	1
CLOUDFLARENET	Talex S.A. (AS39599)	1
itmoves.net	InterNetX GmbH (AS15456)	1
garmtech.com	Hostinger International Limited (AS47583)	1
NSONE	GOOGLE-CLOUD-PLATFORM (AS396982)	1
CLOUDFLARENET	ANTI-DDOS (AS35251)	2
Nazwa.pl Sp.z.o.o.	Beyond.pl sp. z o.o. (AS31229)	1
fifthns.com	PlusServer GmbH (AS61157)	1
euroweb.net	Viscomp Ltd (AS42446)	1
dns.lv	Hostkey B.v. (AS57043)	1
dns.lv	HLL LLC (AS51115)	1
NSONE	Sofor Oy (AS41242)	1
ns14.net	23M GmbH (AS47447)	1
site4now.net	SHARKTECH (AS46844)	5
awsdns-11.com	AMAZON-02 (AS16509)	2
hostnet.lv	UAB Baltnetos komunikacijos (AS15440)	1
MDNET	Akamai Connected Cloud (AS63949)	1
tosteris.com	Sabiedriba ar ierobezotu atbildibu DELSKA Latvia (AS12993)	2
RPH Business Support AS	Sabiedriba ar ierobezotu atbildibu DELSKA Latvia (AS12993)	2
dns.lv	Webzilla B.V. (AS35415)	2
pnholding.com	TimeWeb LLC (AS9123)	1
MICROSOFT-CORP-MSN-AS-BLOCK	home.pl S.A. (AS12824)	1
absecurity.lv	Telenet SIA (AS198343)	7
CLOUDFLARENET	SUCURI-SEC (AS30148)	2
liveboxserver.uk	Awareness Software Limited (AS34931)	2
team.blue Denmark A/S	AMAZON-02 (AS16509)	1
ilkari.tech	DIGITALOCEAN-ASN (AS14061)	1
mybizcloud.at	Infotech EDV-Systeme GmbH (AS28760)	1
online.lv	CloudHosting SIA (AS58269)	1
SECURITYSERVICES	The Offices at Central World, 27th floor (AS45530)	1
Hosting Ukraine LTD	OVH SAS (AS16276)	3
Sia Nano IT	MVPS LTD (AS202448)	1
pagrabs.lv	SIA Tet (AS12578)	1
bmlg.eu	Telia Eesti AS (AS3249)	1
sellit.lv	Sia Nano IT (AS43513)	1
GOOGLE	FASTLY (AS54113)	4
Zone Media OU	Aktsiaselts WaveCom (AS34702)	2
ports.se	Iver Sverige AB (AS49419)	2
CLOUDFLARENET	xTom Japan Corporation (AS3258)	1
NUCDN	IONOS SE (AS8560)	1
SIA Maklaut	Hetzner Online GmbH (AS24940)	2
hosting90.cz	Webglobe, s.r.o. (AS29134)	2
timmehosting.de	23M GmbH (AS47447)	1
hoster.by	Republican Unitary Telecommunication Enterprise Beltelecom (AS6697)	6
domainhotelli.fi	CLOUDFLARENET (AS13335)	1
TimeWeb LLC	TimeWeb LLC (AS9123)	1
YANDEX LLC	Hetzner Online GmbH (AS24940)	2
DIGICERT	AKAMAI-AS (AS16625)	1
tuonomeregistrar.net	Elmec Informatica S.p.A. (AS39217)	1
OVH SAS	Nazwa.pl Sp.z.o.o. (AS15967)	2
MICROSOFT-CORP-MSN-AS-BLOCK	Jsc Balticom (AS24651)	3
GANDI SAS	Host Europe GmbH (AS21499)	1
pearson.com	Beyond.pl sp. z o.o. (AS31229)	1
svmarketing.lv	Garmtech Lp (AS43108)	1
dns.lv	NYINTERNET (AS11403)	1
ilkari.tech	Internet Vikings International AB (AS51747)	1
internex.at	interneX GmbH (AS44453)	3
Sabiedriba ar ierobezotu atbildibu DELSKA Latvia	Tele2 SWIPnet (AS1257)	1
AMAZON-02	WEDOS Internet, a.s. (AS197019)	1
weber.cloud	weber.digital GmbH (AS35710)	1
dns.lv	Telenor A/S (AS9158)	1
cloudns.net	SIA Tet (AS12578)	2
xetnet.com	Ficolo Oy (AS49282)	1
autostarts.lv	SIA Tet (AS12578)	1
Sia Nano IT	AUTOMATTIC (AS2635)	1
blacknightsolutions.com	Blacknight Internet Solutions Limited (AS39122)	1
canagon.com	Hetzner Online GmbH (AS24940)	1
Zone Media OU	AS-GLOBALTELEHOST (AS63023)	1
SECURITYSERVICES	Telia Company AB (AS3308)	1
ilva.lv	SIA ILVA Ltd. (AS47499)	2
inside.lv	IONOS SE (AS8560)	1
theo.lv	Scaleway S.a.s. (AS12876)	1
ns14.net	Akamai Connected Cloud (AS63949)	1
izvele.lv	SIA BITE Latvija (AS20910)	1
awsdns-35.net	AMAZON-02 (AS16509)	1
awsdns-03.net	Contabo GmbH (AS51167)	1
dardega.lv	UAB Interneto vizija (AS212531)	1
zehost.host	Media Partners Sia (AS199558)	2
Zone Media OU	WEEBLY (AS27647)	1
controlpanel.host	Hetzner Online GmbH (AS24940)	2
handelsbanken.se	Telia Company AB (AS3301)	2
hostnet.nl	AMAZON-02 (AS16509)	1
homepage.lv	SIA BITE Latvija (AS20910)	1
ann6.lv	Jsc Balticom (AS24651)	1
armando.lv	Garmtech Lp (AS43108)	1
is-fun.net	Mittwald CM Service GmbH & Co. KG (AS15817)	1
hostpapavps.net	ONIAAS (AS40092)	1
GANDI SAS	Arkea Direct Bank SA (AS43751)	1
home.pl	Smarthost sp. z o.o. (AS39566)	1
co.uk	Des Capital B.V. (AS213035)	1
Institute of Mathematics and Computer Science of University of Latvia	RMH-14 (AS33070)	1
speedydns.net	UNIFIEDLAYER-AS-1 (AS46606)	1
CLOUDFLARENET	CSC (AS19574)	1
rdbrokers.lv	A2HOSTING (AS55293)	1
awsdns-09.net	IONOS SE (AS8560)	1
Vautron Rechenzentrum AG	ecotel communication ag (AS12312)	1
telekom.at	Leder und Schuh AG (AS48486)	1
ipcom GmbH	GTT Communications Inc. (AS3257)	1
dns.lv	Aruba S.p.A. (AS31034)	3
eurodns.biz	BluOr Bank AS (AS34417)	1
ascio.com	Akamai International B.V. (AS20940)	1
checkdomain.de	IONOS SE (AS8560)	1
domas.lv	SIA Tet (AS12578)	1
dobele.lv	VAS Latvijas Valsts radio un televizijas centrs (AS8194)	1
midtowndoornailns.com	AMAZON-AES (AS14618)	1
rackforest.hu	Rackforest Zrt. (AS62214)	1
ports.se	Telia Company AB (AS3301)	1
svea.com	Tele2 SWIPnet (AS1257)	1
register.it	FASTLY (AS54113)	1
CLOUDFLARENET	Hangzhou Alibaba Advertising Co.,Ltd. (AS37963)	1
areait.lv	Sentia Denmark A/S (AS47292)	1
Institute of Mathematics and Computer Science of University of Latvia	Telemach Slovenija d.o.o. (AS41828)	1
GANDI SAS	GlobalConnect AB (AS12552)	1
aviation.ch	DIGITALOCEAN-ASN (AS14061)	1
brabus.lv	SIA Tet (AS12578)	1
wedos.com	WEDOS Internet, a.s. (AS197019)	2
mm88.lv	SIA BITE Latvija (AS2588)	1
Zone Media OU	SIA Tet (AS6747)	1
Hangzhou Alibaba Advertising Co.,Ltd.	IncomparableHKNetwork Co., Limited (AS141159)	1
flexbe.com	OVH SAS (AS16276)	1
mamo.lv	AS-VULTR (AS20473)	1
introweb.nl	DIGITALOCEAN-ASN (AS14061)	1
register.it	SEEWEB s.r.l. (AS12637)	1
Telia Lietuva, AB	Sabiedriba ar ierobezotu atbildibu DELSKA Latvia (AS12993)	1
HURRICANE	Contabo GmbH (AS51167)	1
clamehost.com	Naquadria S.R.L. (AS201333)	2
siel.si	Webtasy, d.o.o. (AS43128)	1
SIA BITE Latvija	LeaseWeb Netherlands B.V. (AS60781)	2
awsdns-46.com	AMAZON-02 (AS16509)	2
afraid.org	SERVERS-COM (AS7979)	1
Media Partners Sia	Host Europe GmbH (AS21499)	1
logopromo.lv	Sia Nano IT (AS43513)	1
dns.lv	BluOr Bank AS (AS34417)	1
evolerdomains.net	SOK, SIA (AS207066)	2
spawn.lv	DIGITALOCEAN-ASN (AS14061)	1
online.lv	SYNOT ICT Services, a.s. (AS208906)	2
lf.net	LF.net Netzwerksysteme GmbH (AS12374)	1
InterNetX GmbH	dogado GmbH (AS45012)	1
serveriai.lt	UAB Cherry Servers (AS16125)	3
ports.se	Elisa Oyj (AS719)	1
e-n-v.net	Lucas Vossberg (AS198139)	1
unknown	Sabiedriba ar ierobezotu atbildibu DELSKA Latvia (AS12993)	3
UAB Interneto vizija	Compubyte Limited (AS204343)	1
dns.lv	AS INFONET (AS8728)	2
dnssyn.de	Key-Systems GmbH (AS13246)	1
NSONE	WIIT AG (AS24961)	1
HURRICANE	GOOGLE-CLOUD-PLATFORM (AS396982)	1
gestiondeservidor.com	Xtudio Networks S.L.U. (AS60458)	2
portformance.com	InterNetX GmbH (AS15456)	1
Nazwa.pl Sp.z.o.o.	Cyber_Folks S.A. (AS29522)	1
Elisa Oyj	Hetzner Online GmbH (AS24940)	1
load.lv	SIA Tet (AS12578)	1
CLOUDFLARENET	Cloudsigma Ag (AS50837)	1
dns.lv	Shinjiru Technology Sdn Bhd (AS45839)	1
djrent.lv	CLOUDFLARENET (AS13335)	1
almic.eu	Telia Eesti AS (AS3249)	2
dns.lv	LF.net Netzwerksysteme GmbH (AS12374)	1
ppi.dk	AMAZON-02 (AS16509)	1
YANDEX LLC	JSC IOT (AS29182)	3
awsdns-18.net	AMAZON-AES (AS14618)	1
cs2.ch	Init7 (Switzerland) Ltd. (AS13030)	1
serveris.lv	Scaleway S.a.s. (AS12876)	1
MICROSOFT-CORP-MSN-AS-BLOCK	ODERLAND Webbhotell AB (AS44136)	2
Hetzner Online GmbH	SIA BITE Latvija (AS2588)	3
tera.lt	UAB Cherry Servers (AS16125)	1
Zone Media OU	Hostinger International Limited (AS47583)	1
limitlesshost.com	dataforest GmbH (AS58212)	1
sa.cz	STUDENT AGENCY k.s. (AS200844)	2
audax.lv	SIA Tet (AS12578)	1
ns14.net	GlobalConnect A/S (AS31027)	1
Key-Systems GmbH	Deutsche Telekom AG (AS3320)	1
alkaline.lv	Hetzner Online GmbH (AS24940)	1
example.tld	SIA Tet (AS5518)	4
HURRICANE	GOOGLE (AS15169)	1
iphh.de	IPHH Internet Port Hamburg GmbH (AS12731)	3
lpmtr.net	DIGITALOCEAN-ASN (AS14061)	2
CLOUDFLARENET	MVPS LTD (AS202448)	1
NUCDN	CITIC Telecom CPC Netherlands B.V. (AS3327)	1
baccara.lv	SIA Tet (AS47570)	1
Nordea Bank Abp	Nordea Bank Abp (AS201271)	1
Telia Eesti AS	CITIC Telecom CPC Netherlands B.V. (AS3327)	1
nvzhlv.com	Clouvider Limited (AS62240)	1
SECURITYSERVICES	SSASN2 (AS20454)	1
domeny.tv	OVH SAS (AS16276)	2
ilk.de	ILK Internet.Gmbh (AS12480)	4
mr2.si	Telemach Slovenija d.o.o. (AS41828)	1
home.pl	CLOUDFLARENET (AS13335)	2
effxgroup.lv	OVH SAS (AS16276)	4
zini.lv	AMAZON-02 (AS16509)	1
CLOUDFLARENET	A2HOSTING (AS55293)	3
com.pl	Dataspace P.s.a. (AS50599)	1
silko.lv	DIGITALOCEAN-ASN (AS14061)	1
NUCDN	Cyber_Folks S.A. (AS41079)	1
zxcs.be	Stichting DIGI NL (AS206281)	1
iwantmyname.net	ULV-AS (AS18795)	1
krasuserviss.lv	Hetzner Online GmbH (AS24940)	2
isvgate.com	Diagonal Forlags AB (AS43096)	1
garmtech.com	SIA BITE Latvija (AS2588)	1
Netnod AB	Akamai Connected Cloud (AS63949)	2
SECURITYSERVICES	IONOS SE (AS8560)	1
prodomaines.com	Bdl Systemes SAS (AS38926)	1
atbalstadienests.lv	Ventspils city municipality institution Ventspils Digital Center (AS43028)	1
YANDEX LLC	OVH SAS (AS16276)	1
awsdns-05.org	DELFI UAB (AS210126)	1
managed-ip.com	Deutsche Telekom AG (AS3320)	2
Media Partners Sia	Wix.com Ltd. (AS58182)	1
savana.cz	Webglobe, s.r.o. (AS29134)	3
Akamai International B.V.	AMAZON-02 (AS16509)	5
Institute of Mathematics and Computer Science of University of Latvia	Jsc Balticom (AS24651)	3
dns.lv	Proact IT Latvia, SIA (AS204427)	1
ns14.net	Telekom Deutschland GmbH (AS48951)	1
datakom.lv	Sabiedriba ar ierobezotu atbildibu DELSKA Latvia (AS12993)	2
eits.pro	Versija SIA (AS8285)	1
csc.lv	Sia Nano IT (AS43513)	1
nska.net	Hetzner Online GmbH (AS24940)	1
myx.lv	Hetzner Online GmbH (AS24940)	1
savvii.com	CLDIN B.V. (AS48635)	1
servconfig.com	IMH-IAD (AS54641)	1
HURRICANE	FIBERFI (AS26388)	2
mikrotik.lv	Mikrotikls SIA (AS51894)	1
Elisa Oyj	DIGITALOCEAN-ASN (AS14061)	1
ecomation.nl	Signet B.V. (AS35470)	1
gov.lv	Scaleway S.a.s. (AS12876)	2
spb.ru	Research and Production Company Medicina-Tekhnika LLC (AS61383)	1
mayoral.com	Orange Espagne SA (AS12479)	1
carparts.lv	Hetzner Online GmbH (AS24940)	1
ACTIVE 24, s.r.o.	NAMECHEAP-NET (AS22612)	1
artsoft.lv	Hetzner Online GmbH (AS24940)	2
inbox.eu	AUTOMATTIC (AS2635)	2
Institute of Mathematics and Computer Science of University of Latvia	mono solutions ApS (AS201595)	2
xundns.com	19 Chun Wang Street, Tseung Kwan O Industrial Estate, N.T. Hong Kong (AS135581)	2
CloudHosting SIA	Ddos-guard Ltd (AS57724)	1
MICROSOFT-CORP-MSN-AS-BLOCK	CSC (AS19574)	1
profiwh.com	Sprintel s.r.o. (AS197013)	3
avnet.com	AVNET-NA (AS14990)	1
qwe.lv	Latvijas tikli, SIA (AS16062)	6
dns.lv	Wildcard UK Limited (AS34119)	1
thecamels.org	LH.pl Sp. z o.o. (AS203417)	2
domeny.tv	Beyond.pl sp. z o.o. (AS31229)	2
Sia Nano IT	DataWeb Global Group B.V. (AS39572)	1
online.lv	SQUARESPACE (AS53831)	1
cloudns.net	MICROSOFT-CORP-MSN-AS-BLOCK (AS8075)	2
corpinter.de	AMAZON-02 (AS16509)	1
amacx.lv	SIA Datu Tehnologiju Grupa (AS41898)	1
123ns.de	Hetzner Online GmbH (AS24940)	1
SIA Tet	AMAZON-AES (AS14618)	1
gmn.lv	Telenet SIA (AS24589)	1
llkc.lv	Hostinger International Limited (AS47583)	1
netsite.dk	Netsite A/S (AS205206)	2
Host Europe GmbH	23M GmbH (AS47447)	1
tarhelykozpont.hu	WebSupport s.r.o. (AS51013)	1
hostuj.to	Alberon Letohrad s.r.o (AS56450)	1
adati.lv	Hetzner Online GmbH (AS24940)	1
CLOUDFLARENET	Scaleway S.a.s. (AS12876)	6
serveriai.lt	GOOGLE (AS15169)	1
wizja.net	WizjaNet sp. z o.o. (AS197279)	1
dns.lv	Kernel AS (AS39038)	1
UAB Interneto vizija	Ddos-guard Ltd (AS57724)	1
UAB Interneto vizija	AMAZON-AES (AS14618)	2
thednscompany.com	Hetzner Online GmbH (AS24940)	1
zetta.lv	Hetzner Online GmbH (AS24940)	1
mecalux.lv	UUNET (AS702)	1
ocean.lv	Hetzner Online GmbH (AS24940)	2
curaden-hosting.ch	Hosting eXperts Switzerland AG (AS200979)	2
internet.fi	MICROSOFT-CORP-MSN-AS-BLOCK (AS8075)	1
avon.com	AVON (AS27263)	1
awsdns-22.net	GlobalConnect A/S (AS31027)	1
managed-vps.net	Telehouse EAD (AS57344)	1
ns53.be	Devout BV (AS216471)	2
MICROSOFT-CORP-MSN-AS-BLOCK	Versija SIA (AS8285)	1
GOOGLE-CLOUD-PLATFORM	KKM IT Limited (AS60922)	1
YANDEX LLC	Tilda Publishing Ltd. (AS205282)	1
INTERNET CZ, a.s.	SH.cz s.r.o. (AS39392)	3
AMAZON-02	VS-MEDIA-IPV4 (AS395412)	1
Hangzhou Alibaba Advertising Co.,Ltd.	Hangzhou Alibaba Advertising Co.,Ltd. (AS37963)	1
dns.lv	team.blue Denmark A/S (AS48854)	3
Institute of Mathematics and Computer Science of University of Latvia	Vodafone Limited (AS5378)	1
ANEXIA Internetdienstleistungs GmbH	TDC Holding A/S (AS3292)	2
jchost15.pl	Netia SA (AS12741)	1
webhosting.jp	SAKURA Internet Inc. (AS7684)	1
campsites.lv	Garmtech Lp (AS43108)	1
timeweb.org	Yandex.Cloud LLC (AS200350)	1
serveriai.lt	UAB Bite Lietuva (AS13194)	2
rgfi.net	dogado GmbH (AS45012)	1
ANEXIA Internetdienstleistungs GmbH	InterNetX GmbH (AS15456)	1
drei.host	Hutchison Drei Austria GmbH (AS25255)	1
MICROSOFT-CORP-MSN-AS-BLOCK	EDGE-HOSTING (AS22903)	1
mts-ip.net	team.blue Denmark A/S (AS48854)	2
ANEXIA Internetdienstleistungs GmbH	Optimizely AB (AS30811)	1
GANDI SAS	GOOGLE (AS15169)	2
everleap.com	HOSTCOLLECTIVE (AS14415)	1
G-Core Labs S.A.	OWGELS INTERNATIONAL CO., LIMITED (AS139880)	1
Elisa Oyj	Equinix (EMEA) Acquisition Enterprises B.V. (AS15830)	1
Hangzhou Alibaba Advertising Co.,Ltd.	FD-298-8796 (AS8796)	1
squad.lv	SIA BITE Latvija (AS20910)	1
domain.tld	Scalaxy B.V. (AS58061)	1
cloudns.net	Enflow B.V. (AS209626)	1
SIA BITE Latvija	OVH SAS (AS16276)	1
SIA Tet	Garmtech Lp (AS43108)	1
alldomains.hosting	GO-DADDY-COM-LLC (AS398787)	1
NUCDN	Luxnetwork S.A. (AS29467)	1
Anverino Software SRL	DIGITALOCEAN-ASN (AS14061)	1
pop-hannover.de	Hetzner Online GmbH (AS24940)	1
datakom.lv	SIA Datakom (AS198285)	1
rinf.lv	SIA Tet (AS5518)	2
allianz.com	Allianz Technology SE (AS15580)	3
HURRICANE	GITHUB (AS36459)	1
itcrm.lv	Latvijas Mobilais Telefons SIA (AS24921)	1
CLOUDFLARENET	ML Consultancy (AS9150)	1
quick-hosts.com	WEEBLY (AS27647)	1
amsol.lv	SIA Tet (AS47570)	1
SIA BITE Latvija	DIGITALOCEAN-ASN (AS14061)	3
Hangzhou Alibaba Advertising Co.,Ltd.	IT7NET (AS25820)	3
lailio.net	Lailio Solutions SIA (AS202221)	1
com.es	OVH SAS (AS16276)	1
turkticaret.net	TURKTICARET.NET YAZILIM HIZMETLERI SAN. ve TIC. A.S. (AS197720)	1
dns.lv	E-karte SIA (AS215537)	1
keyper.net	Cloudflare London, LLC (AS209242)	1
afraid.org	SIA Tet (AS12578)	3
Host Europe GmbH	GOOGLE-CLOUD-PLATFORM (AS396982)	4
SECURITYSERVICES	Capgemini Finland Oy (AS41701)	1
skv.lt	UAB Proservis (AS56413)	2
Telia Eesti AS	Synotio AB (AS203605)	1
SECURITYSERVICES	Signet B.V. (AS20857)	1
webserversystems.com	UNIFIEDLAYER-AS-1 (AS46606)	1
dns4.cz	SWAN, a.s. (AS5578)	2
dns.lv	British Telecommunications PLC (AS2856)	1
NUCDN	HVC-AS (AS29802)	1
drosiba.lv	LF Dati SIA (AS44105)	2
adizz.lv	Keyweb AG (AS31103)	1
hostinger.com	Hostinger International Limited (AS47583)	1
fftb.lv	Garmtech Lp (AS43108)	1
ip-51-75-147.eu	OVH SAS (AS16276)	1
lh.pl	home.pl S.A. (AS12824)	1
NUCDN	Hosting.de GmbH (AS12574)	1
sandalsbeta.com	LEVEL3 (AS3356)	1
GOOGLE-CLOUD-PLATFORM	Media Partners Sia (AS199558)	1
Institute of Mathematics and Computer Science of University of Latvia	SIA BITE Latvija (AS20910)	1
inriga.lv	UK Dedicated Servers Limited (AS42831)	1
garmtech.com	OVH SAS (AS16276)	3
addpro.se	servinga GmbH (AS39378)	1
easydns.ca	EDNS (AS16686)	1
IONOS SE	UpCloud Ltd (AS202053)	1
proisp.no	OVH SAS (AS16276)	3
mil.lv	VAS Latvijas Valsts radio un televizijas centrs (AS8194)	1
Media Partners Sia	Tilda Publishing Ltd. (AS205282)	2
abora2.lv	SIA Tet (AS12578)	1
com.au	Vocus Connect International Backbone (AS4826)	1
deac.lv	SQUARESPACE (AS53831)	1
serveriem.lv	GOOGLE (AS15169)	1
careerjet.net	Equinix (EMEA) Acquisition Enterprises B.V. (AS15830)	1
postmet.com	SIA Tet (AS5518)	1
netim.net	UAB Interneto vizija (AS212531)	4
123ns.de	LKW Walter Internationale Transportorganisation AG (AS34735)	6
intave.com	OVH SAS (AS16276)	1
BUNNYWAY, informacijske storitve d.o.o.	GO-DADDY-COM-LLC (AS398101)	1
topsec.com	AMAZON-02 (AS16509)	1
Telia Company AB	ODERLAND Webbhotell AB (AS44136)	1
NSONE	UpCloud Ltd (AS202053)	1
datakom.lv	Garmtech Lp (AS43108)	2
ports.se	Optimizely AB (AS30811)	1
MICROSOFT-CORP-MSN-AS-BLOCK	FlokiNET ehf (AS200651)	1
nesteoil.com	Capgemini Finland Oy (AS41701)	2
INTERNET Ltd.	Hetzner Online GmbH (AS24940)	1
net.ua	XOmobile Ltd. (AS47371)	1
CLOUDFLARENET	Dataspace P.s.a. (AS50599)	2
dns.lv	2CLOUD SIA (AS3281)	2
et.lv	Wix.com Ltd. (AS58182)	1
iquer.net	Telia Lietuva, AB (AS43811)	1
IntegraDesign, Mariusz Barczyk	IntegraDesign, Mariusz Barczyk (AS61154)	8
maxonline.de	Deutsche Telekom AG (AS3320)	1
ports.se	AMAZON-02 (AS16509)	1
dns.lv	Daugavpils university (AS6832)	2
dius.lv	Wix.com Ltd. (AS58182)	1
assystems.lv	Sia Nano IT (AS43513)	2
m3.pl	Warsaw Data Center Sp. z o.o. (AS21244)	1
di.lv	Wix.com Ltd. (AS58182)	1
ddt.lv	SIA Tet (AS12578)	1
netim.net	Loopia AB (AS39570)	1
ns14.net	Plusnet GmbH (AS20676)	1
eurodns.biz	INTERNET Ltd. (AS12525)	3
garmtech.com	CloudHosting SIA (AS58269)	1
managed-ip.com	ALSO International Services GmbH (AS198745)	1
3m.com	AMAZON-02 (AS16509)	3
dns.lv	AS-WAVE-1 (AS11404)	1
lemarit.de	Telekom Austria (AS8447)	1
dig.com	DISNEYONLINE-AS (AS8137)	3
fastpark.net	Team Internet AG (AS61969)	1
arei.lv	Latvijas Biozinatnu un tehnologiju universitaete (AS13242)	1
pointhq.com	ML-1432-54994 (AS54994)	1
forza10.lv	CLOUDFLARENET (AS13335)	1
MICROSOFT-CORP-MSN-AS-BLOCK	Wildcard UK Limited (AS34119)	1
seodomains.vip	BrainStorm Network, Inc (AS136258)	1
online.lv	British Telecommunications PLC (AS2856)	2
opportunity.de	MICROSOFT-CORP-MSN-AS-BLOCK (AS8075)	1
wildcasino.lv	CLOUDFLARENET (AS13335)	1
Netnod AB	CLOUDFLARENET (AS13335)	2
ns14.net	DNIC-AS-00749 (AS749)	1
unknown	Telenet SIA (AS24589)	1
CLOUDFLARENET	servinga GmbH (AS200220)	1
com.ua	LeaseWeb Netherlands B.V. (AS60781)	1
euronic.fi	Datacenter Luxembourg S.A. (AS24611)	1
efapel.pt	Dominios, S.A. (AS33876)	1
MICROSOFT-CORP-MSN-AS-BLOCK	SONICTEST Ltd. (AS57873)	1
Sia Nano IT	Domain names registrar REG.RU, Ltd (AS197695)	2
noris.ch	noris network AG (AS12337)	3
Versija SIA	DIGITALOCEAN-ASN (AS14061)	1
CLOUDFLARENET	team.blue Denmark A/S (AS48854)	2
hyp.net	Cloudflare London, LLC (AS209242)	1
datapool.lv	AS-VULTR (AS20473)	1
kuhlma-it.de	InterNetX GmbH (AS15456)	1
CLOUDFLARENET	Bahnhof AB (AS8473)	1
edss.ee	Telia Eesti AS (AS3249)	1
pragalux.lv	Hetzner Online GmbH (AS24940)	1
alan.lv	SIA BITE Latvija (AS2588)	2
semizen.lv	Jsc Balticom (AS24651)	1
SECURITYSERVICES	BAYER-ARCH (AS23167)	1
Host Europe GmbH	CENTURYLINK-US-LEGACY-QWEST (AS209)	1
ossnet.lv	AMAZON-02 (AS16509)	1
OVH SAS	IONOS SE (AS8560)	2
dns.lv	EuroByte LLC (AS210079)	1
garmtech.com	LeaseWeb Netherlands B.V. (AS60781)	1
fastdns.hosting	Hosting Ukraine LTD (AS200000)	1
dns.lv	RACKSPACE (AS19994)	1
angels.lv	Hetzner Online GmbH (AS24940)	1
ports.se	Telia Eesti AS (AS3249)	1
wizja.net	sprint S.A. (AS197226)	1
housem.lv	Contabo GmbH (AS51167)	1
auto1.lv	Latvijas Mobilais Telefons SIA (AS24921)	1
garmtech.net	Telenet SIA (AS24589)	1
GANDI SAS	Wix.com Ltd. (AS58182)	1
ns14.net	UAB Interneto vizija (AS212531)	1
kontakti.lv	Versija SIA (AS8285)	1
PRO-9 SIA	DREAMHOST-AS (AS26347)	1
hostnet.lv	SIA OSS Networks (AS206362)	3
SIA Maklaut	AMAZON-AES (AS14618)	1
dnsdrift.net	TelemaxX Telekommunikation GmbH (AS12843)	1
asusshop.lt	Hostinger International Limited (AS47583)	1
NUCDN	Signet B.V. (AS20857)	2
mikescustomcreations.net	QUICKPACKET (AS46261)	1
ipcom GmbH	Axians AB (AS20514)	1
GOOGLE	B-F (AS40338)	1
registrar-servers.com	FASTLY (AS54113)	1
MICROSOFT-CORP-MSN-AS-BLOCK	Telenet SIA (AS24589)	2
dns.lv	NL-811-40021 (AS40021)	1
MICROSOFT-CORP-MSN-AS-BLOCK	Signet B.V. (AS20857)	1
garmtech.com	JSC RTComm.RU (AS8342)	1
dns.lv	Zetta Hosting Solutions LLC. (AS44476)	3
AB Tetra Pak	AMAZON-02 (AS16509)	1
pronet.lv	Telenet SIA (AS24589)	1
co.at	Hetzner Online GmbH (AS24940)	2
nodefast.com	Hetzner Online GmbH (AS24940)	4
lemarit.de	OMCnet Internet Service GmbH (AS15388)	1
ns14.net	Elkdata OU (AS61189)	1
anadana.lv	MICROSOFT-CORP-MSN-AS-BLOCK (AS8075)	1
riga.us	Hetzner Online GmbH (AS24940)	1
officedesk.ru	DIGITALOCEAN-ASN (AS14061)	1
gransy.com	DIGITALOCEAN-ASN (AS14061)	1
lssf.lv	Contabo GmbH (AS51167)	1
OVH SAS	KKM IT Limited (AS60922)	1
versuni.com	AMAZON-02 (AS16509)	1
MICROSOFT-CORP-MSN-AS-BLOCK	UPCLOUDUSA (AS25697)	1
businessmedia.lv	Sabiedriba ar ierobezotu atbildibu DELSKA Latvia (AS12993)	1
inkomerc.lv	Jsc Balticom (AS24651)	1
reichelt.de	Deutsche Telekom AG (AS3320)	2
deac.lv	DIGITALOCEAN-ASN (AS14061)	2
eurowebs.eu	Enix Ltd (AS52148)	1
Telenet SIA	SIA Tet (AS12578)	1
SIA Tet	CLOUDFLARENET (AS13335)	2
ZONER a.s.	Vodafone Czech Republic a.s. (AS16019)	1
Beget LLC	Scaleway S.a.s. (AS12876)	2
wfolio.com	Hetzner Online GmbH (AS24940)	1
YANDEX LLC	Enterprise Cloud Ltd. (AS48096)	1
dsddeluxe.lv	SIA Tet (AS12578)	1
stalkers.lv	Hetzner Online GmbH (AS24940)	1
hostmonster.com	UNIFIEDLAYER-AS-1 (AS46606)	1
IONOS SE	YMC AG (AS203969)	1
NSONE	WEEBLY (AS27647)	1
iok.net	IONOS SE (AS8560)	3
spaceportal.lv	OVH SAS (AS16276)	1
DIGICERT	Axians AB (AS20514)	3
CLOUDFLARENET	Serverius Holding B.V. (AS50673)	1
brv.net	Mittwald CM Service GmbH & Co. KG (AS15817)	1
Host Europe GmbH	GO-DADDY-COM-LLC (AS400754)	1
parktons.com	Gransy s.r.o. (AS60592)	2
dns.lv	Beget LLC (AS198610)	2
jekaba.lv	Contabo GmbH (AS51167)	1
ANEXIA Internetdienstleistungs GmbH	One.com A/S (AS51468)	1
Akamai International B.V.	TDC Holding A/S (AS3292)	1
introdns.hu	Rackforest Zrt. (AS62214)	1
inviso.se	InfraCom Managed Services AB (AS29468)	1
enter-system.com	AMAZON-02 (AS16509)	3
famatech.net	OVH SAS (AS16276)	1
Claranet Limited	Hetzner Online GmbH (AS24940)	1
Versija SIA	IntechSystems SIA (AS51763)	2
CloudHosting SIA	Sabiedriba ar ierobezotu atbildibu DELSKA Latvia (AS12993)	2
bmlg.eu	Zone Media OU (AS49604)	2
nav.lv	SIA BITE Latvija (AS20910)	3
ns14.net	Sunrise GmbH (AS6730)	1
bit2host.com	PATHWAY (AS11342)	1
oberberg-online.de	Oberberg-Online Informationssysteme GmbH (AS15415)	1
dns.com	MICROSOFT-CORP-MSN-AS-BLOCK (AS8075)	1
chilly.domains	Ledl.net GmbH (AS25575)	1
dns24.hu	Servergarden Kft. (AS47381)	1
NUCDN	CLOUDFLARENET (AS13335)	4
bixce.com	Wix.com Ltd. (AS58182)	1
Telia Eesti AS	Aktsiaselts WaveCom (AS34702)	1
Institute of Mathematics and Computer Science of University of Latvia	Lailio Solutions SIA (AS202221)	1
CLOUDFLARENET	LUCENT-CIO (AS10455)	1
DIGITALOCEAN-ASN	Combell NV (AS34762)	1
webb.net	GleSYS AB (AS42708)	5
GOOGLE	IT WEB LTD (AS200313)	1
dominiok.it	3U TELECOM GmbH (AS198710)	1
hesburger.fi	DNA Oyj (AS16086)	1
GOOGLE	MICROSOFT-CORP-MSN-AS-BLOCK (AS8075)	2
kivial.it	Engineering D.HUB S.p.A. (AS21176)	1
Elisa Oyj	DNA Oyj (AS16086)	1
OVH SAS	Free SAS (AS12322)	1
CLOUDFLARENET	Aruba S.p.A. (AS31034)	1
mjns.org	Iron Hosting Centre LTD (AS216139)	1
CLOUDFLARENET	SOFTLAYER (AS36351)	4
magnum.lv	DIGITALOCEAN-ASN (AS14061)	1
hosting.lv	UAB Interneto vizija (AS212531)	2
managed-ip.com	UAB Interneto vizija (AS212531)	1
hostnet.lv	Zone Media OU (AS49604)	1
addmotion.lv	SIA Tet (AS47570)	1
lindt.com	Alter Way SAS (AS13273)	2
Netnod AB	GleSYS AB (AS42708)	2
discountasp.net	Equinix (EMEA) Acquisition Enterprises B.V. (AS15830)	1
dns.lv	uvensys GmbH (AS58010)	1
managed-ip.com	SysEleven GmbH (AS25291)	1
EuroByte LLC	EuroByte LLC (AS210079)	1
mmd.net	Domainkeskus Oy (AS29243)	1
serveriai.lt	Contabo GmbH (AS51167)	1
id.lv	Hostkey B.v. (AS57043)	1
unas.eu	Rackforest Zrt. (AS62214)	1
pro-9.lv	Wix.com Ltd. (AS58182)	1
dns-123.net	FIBIA P/S (AS44869)	1
novonordisk.com	MICROSOFT-CORP-MSN-AS-BLOCK (AS8075)	1
bdl.lu	Banque De Luxembourg SA (AS20501)	1
DIGICERT	TAS France SAS (AS8554)	1
Cloud DNS Ltd	Scaleway S.a.s. (AS12876)	7
MICROSOFT-CORP-MSN-AS-BLOCK	UAB Baltnetos komunikacijos (AS15440)	7
dns.lv	EMERGN AS (AS35108)	1
core-hosting.eu	RJ Network OU (AS202759)	1
register.it	Equinix (EMEA) Acquisition Enterprises B.V. (AS15830)	1
griffel.se	Wix.com Ltd. (AS58182)	1
2038.host	Latvijas tikli, SIA (AS16062)	1
medbank.lv	Institute of Mathematics and Computer Science of University of Latvia (AS5538)	1
continum.net	Deutsche Telekom MMS GmbH (AS200093)	2
GOOGLE	UAB Baltnetos komunikacijos (AS15440)	2
beetux.com	OVH SAS (AS16276)	1
omegaonline.lv	SIA BITE Latvija (AS20910)	1
skatvis.lv	Jsc Balticom (AS24651)	1
penguinhost.net	ASN-FLEXENTIAL (AS13649)	1
markydot.com	Tele2 SWIPnet (AS1257)	1
egontek.net	Technology Transfer Intercontinental S.R.L (AS44567)	1
hosthp.net	Arvid Logicum OU (AS202376)	2
ANEXIA Internetdienstleistungs GmbH	CLOUDFLARENET (AS13335)	2
evor.lv	SIA BITE Latvija (AS20910)	1
NUCDN	Uniserver Internet B.V. (AS31673)	1
gmc.lt	Telia Lietuva, AB (AS8764)	2
devopshosting.online	Leaseweb UK Limited (AS205544)	1
inbox.eu	Garmtech Lp (AS43108)	1
miljons.lv	Akamai Connected Cloud (AS63949)	1
IONOS SE	Red Technology Solutions Limited (AS47351)	2
SIA Maklaut	VAS Latvijas Valsts radio un televizijas centrs (AS8194)	1
cloudns.net	LEASEWEB-USA-WDC (AS30633)	3
nroute.de	Combell NV (AS34762)	1
sakins.lv	Hetzner Online GmbH (AS24940)	1
websupport.hu	Rackforest Zrt. (AS62214)	2
fixcom.fi	Suomi Communications Oy (AS16302)	1
OVH SAS	AMAZON-AES (AS14618)	2
GleSYS AB	GleSYS AB (AS35382)	3
AMAZON-02	snafu Gesellschaft fuer interaktive Netzwerke mbH (AS34171)	1
Zone Media OU	Optimizely AB (AS30811)	2
spx.lv	Hetzner Online GmbH (AS24940)	1
mcafee.com	AMAZON-02 (AS16509)	2
ipcom GmbH	COLT Technology Services Group Limited (AS8220)	1
d-server.nl	Eurofiber Cloud Infra B.V. (AS25459)	1
YANDEX LLC	SIA BITE Latvija (AS20910)	1
rdnet.lv	SIA Tet (AS5518)	1
Institute of Mathematics and Computer Science of University of Latvia	AS-VULTR (AS20473)	2
serveriai.lt	Wix.com Ltd. (AS58182)	1
deac.lv	UAB Rakrejus (AS62282)	1
AMAZON-02	UAB Interneto vizija (AS212531)	1
INTERNET CZ, a.s.	RADIOKOMUNIKACE a.s. (AS25248)	1
dns.lv	BIT BV (AS12859)	2
ywsolution.com	LIQUIDWEB (AS32244)	1
frei.net	Sylon Hosting GmbH (AS197439)	1
frigo.lv	Hetzner Online GmbH (AS24940)	1
dns.lv	Tilaa B.V. (AS196752)	1
ipcom GmbH	SQUARESPACE (AS53831)	4
ANEXIA Internetdienstleistungs GmbH	GleSYS AB (AS42708)	1
serveriai.lt	Garmtech Lp (AS43108)	1
dynu.com	SIA Tet (AS12578)	3
iwantmyname.net	AMAZON-02 (AS16509)	3
one.com	AS-VULTR (AS20473)	1
topgraf.com	Aruba S.p.A. (AS31034)	2
tuv-nord.com	TUEV NORD Service GmbH & Co KG (AS200003)	2
meness.lv	Sabiedriba ar ierobezotu atbildibu DELSKA Latvia (AS12993)	1
ORACLE-BMC-31898	GOOGLE-CLOUD-PLATFORM (AS396982)	1
korak.sk	Lombard s.r.o. (AS60715)	1
LeaseWeb Netherlands B.V.	Zone Media OU (AS49604)	1
omfg.lv	Sia Nano IT (AS43513)	1
MICROSOFT-CORP-MSN-AS-BLOCK	Roedl & Partner GmbH Wirtschaftspruefungsgesellschaft (AS212225)	1
hostven03.com	Arvid Logicum OU (AS202376)	1
SECURITYSERVICES	GENERAL-MOTORS-CORPORATION (AS30383)	1
ipcom GmbH	Akamai International B.V. (AS20940)	1
dbweb.ee	Tele2 SWIPnet (AS1257)	2
AMAZON-02	Remod Oy (AS59397)	1
MICROSOFT-CORP-MSN-AS-BLOCK	UpCloud Ltd (AS202053)	1
nsoft.eu	UAB Baltnetos komunikacijos (AS15440)	1
krausnaimer.com	Telecom Liechtenstein AG (AS20634)	1
1and1.es	IONOS SE (AS8560)	2
nic.ru	Jsc ru-center (AS48287)	4
NUCDN	UKDedicated LTD (AS34282)	1
broadview.se	Hostek AB (AS61207)	1
dataspace.pl	MICROSOFT-CORP-MSN-AS-BLOCK (AS8075)	2
hostcream.eu	DIGITALOCEAN-ASN (AS14061)	1
Zone Media OU	Elkdata OU (AS61189)	2
Institute of Mathematics and Computer Science of University of Latvia	Scaleway S.a.s. (AS12876)	2
linode.com	SIA Tet (AS12578)	1
CLOUDFLARENET	TWL-Kom GmbH (AS9022)	2
planaschuliganas.lt	Hostinger International Limited (AS47583)	1
garmtech.net	Cloudflare London, LLC (AS209242)	2
gudzondns.net	Ddos-guard Ltd (AS57724)	1
leta.lv	SIA LETA (AS48546)	4
dns.lv	Seva-Host Ltd (AS49313)	1
GANDI SAS	all-connect Data Communications GmbH (AS21476)	1
mikrotikls.lv	Mikrotikls SIA (AS51894)	1
ukwebsolutionsdirect.com	M247 Europe SRL (AS9009)	1
nutriclinic.lv	Contabo GmbH (AS51167)	1
LLC VK	Sia Nano IT (AS43513)	1
Institute of Mathematics and Computer Science of University of Latvia	SIA Tet (AS5518)	1
netim.net	MICROSOFT-CORP-MSN-AS-BLOCK (AS8075)	1
futuris.lv	Garmtech Lp (AS43108)	1
snom.net	Hetzner Online GmbH (AS24940)	1
YANDEX LLC	SIA Tet (AS12578)	2
4host.ch	Hetzner Online GmbH (AS24940)	1
722.lv	Contabo GmbH (AS51167)	1
cca.lv	AS-VULTR (AS20473)	1
Radicenter OU	Zone Media OU (AS49604)	2
standart.lv	Standart AG, LLC (AS49549)	2
ecomdata.de	ecomDATA GmbH (AS211582)	1
aivision.cz	CASABLANCA INT a.s. (AS15685)	1
osn.de	OSN Online Service Nuernberg GmbH (AS8859)	1
balticvps.eu	Uab Servera (AS205688)	1
apiname.com	Atak Domain Bilgi Teknolojileri A.S. (AS211401)	1
named.be	Pi-group Bv (AS48137)	2
MICROSOFT-CORP-MSN-AS-BLOCK	RENDER (AS397273)	1
value-domain.com	GMO Internet Group, Inc. (AS7506)	1
dodns.net	united-domains GmbH (AS202108)	1
ANEXIA Internetdienstleistungs GmbH	SIA Tet (AS12578)	1
Anverino Software SRL	NETACTUATE (AS36236)	1
NSONE	RMH-14 (AS33070)	1
itic-dns.de	Bradler & Krantz GmbH & Co. KG (AS29141)	1
SECURITYSERVICES	Ecritel SASU (AS8304)	1
hostingtek.it	MICROSOFT-CORP-MSN-AS-BLOCK (AS8075)	1
nic.ru	Host Europe GmbH (AS21499)	1
hrnet.fr	Nine Internet Solutions AG (AS29691)	1
webcraft.ch	AMAZON-02 (AS16509)	2
Hetzner Online GmbH	Kaopu Cloud HK Limited (AS138915)	1
serve.lv	SIA Tet (AS12578)	1
b4me.lv	SIA RD Consult (AS44624)	1
NSONE	Institute of Mathematics and Computer Science of University of Latvia (AS5538)	1
virtuaal.com	Telia Eesti AS (AS3249)	1
baltimora.org	ERNIS SIA (AS15899)	1
smarltink.lv	SIA Tet (AS12578)	2
Key-Systems GmbH	Hetzner Online GmbH (AS24940)	1
mwebdns.de	Artfiles New Media GmbH (AS8893)	1
Anverino Software SRL	LIQUIDWEB (AS32244)	1
wmtransfer.lv	Jsc Balticom (AS24651)	1
MICROSOFT-CORP-MSN-AS-BLOCK	WHG Hosting Services Ltd (AS209341)	1
Zone Media OU	Server Farm LLC (AS202635)	2
blanera.lv	Aktsiaselts WaveCom (AS34702)	1
fc-net.fr	Franche Comte Net SAS (AS39931)	1
garmtech.com	Zone Media OU (AS49604)	1
anw.net	Hetzner Online GmbH (AS24940)	1
CLOUDFLARENET	Cloudie Limited (AS55933)	3
awsdns-01.net	LIQUIDWEB (AS32244)	1
Sia Nano IT	Host Europe GmbH (AS34011)	1
Telenet SIA	Tilda Publishing Ltd. (AS205282)	1
la-edv.de	Hetzner Online GmbH (AS24940)	1
tosteris.com	AMAZON-02 (AS16509)	2
awsdns-18.net	Akamai Connected Cloud (AS63949)	1
online.lv	LR Izglitibas un zinatnes ministrija (AS34073)	1
serveks.com	Versija SIA (AS8285)	2
oh.lv	SIA BITE Latvija (AS2588)	1
afraid.org	OSTKOM SIA (AS41563)	1
netim.net	AMAZON-AES (AS14618)	1
shopdev.lv	Contabo GmbH (AS51167)	1
afacerver.com	Aktsiaselts WaveCom (AS34702)	2
vegasystems.de	VegaSystems GmbH & Co. KG (AS34372)	1
ne.jp	SAKURA Internet Inc. (AS9371)	1
Host Europe GmbH	NorthC Deutschland GmbH (AS15598)	1
dns.lv	ColocaTel Inc. (AS213438)	1
GANDI SAS	FD-298-8796 (AS8796)	1
pns.de	WEBSALE AG (AS62297)	2
dcm.lv	AS-VULTR (AS20473)	1
NUCDN	NTT-DATA-2914 (AS2914)	1
dnsexit.com	Jsc ru-center (AS39494)	1
redirect.host	Gransy s.r.o. (AS60592)	1
DIGICERT	Host Europe GmbH (AS8972)	2
audaxis.com	Maehdros S.A. (AS49677)	1
NForce Entertainment B.V.	FASTLY (AS54113)	1
dns.lv	SQUIXA PTY LIMITED (AS136133)	1
virtualzone.eu	VSHosting s.r.o. (AS43541)	1
btech.lv	Jsc Balticom (AS24651)	1
NSONE	COLT Technology Services Group Limited (AS8220)	1
Zone Media OU	Alibaba US Technology Co., Ltd. (AS45102)	1
Telia Eesti AS	Astrec Data OU (AS201601)	2
GOOGLE	A2HOSTING (AS55293)	1
akz.lv	SIA Tet (AS12578)	1
eht.lv	Garmtech Lp (AS43108)	1
netim.net	UNIFIEDLAYER-AS-1 (AS46606)	1
SIA BITE Latvija	SIA Tet (AS47570)	3
markmonitor.com	SWITCH-LTD (AS23005)	1
pirn.net	Telia Eesti AS (AS3249)	1
HURRICANE	Sia Livas Net (AS34001)	1
carrier.com	CLOUDFLARENET (AS13335)	1
cloudcity.fi	Cloud City Oy (AS202509)	1
avency.de	CSC (AS19574)	1
netim.net	Netsons s.r.l. (AS60087)	1
optinet.lv	Optrix SIA (AS197616)	1
dns.com	POWER LINE DATACENTER (AS132839)	1
mijndnsserver.nl	Signet B.V. (AS20857)	1
spx.lv	Telegrupa Baltija SIA (AS21061)	2
wiz.lv	Jsc Balticom (AS24651)	1
dns.lv	INTERNET Ltd. (AS12525)	2
CLOUDFLARENET	Arvid Logicum OU (AS202376)	1
BB-Online UK Ltd	TIER-NET (AS397423)	1
adion.ie	OVH SAS (AS16276)	1
virusstyle.lv	SIA Tet (AS12578)	1
masterdns.nl	Equinix (EMEA) Acquisition Enterprises B.V. (AS15830)	1
AMAZON-02	Uniserver Internet B.V. (AS31673)	1
dns.lv	GOOGLE-2 (AS19527)	3
ezbid.lv	Hetzner Online GmbH (AS24940)	1
ipcom GmbH	Cheops Technology France S.A. (AS58011)	1
CLOUDFLARENET	Thien Quang Digital technology joint stock company (AS140825)	1
LLC VK	SpaceWeb Ltd (AS44112)	1
respondents.lv	Jsc Balticom (AS24651)	1
GANDI SAS	OVH SAS (AS16276)	5
Institute of Mathematics and Computer Science of University of Latvia	Garmtech Lp (AS43108)	2
host-telecom.com	Host-Telecom.com s.r.o. (AS51248)	1
100ws.com	LIQUIDNETLTD1 (AS14555)	1
l4dns.com	ORACLE-BMC-31898 (AS31898)	1
telekom.at	PlusServer GmbH (AS61157)	1
thinline.cz	PRO-ZETA a.s. (AS60606)	3
cadence.lv	LeaseWeb Netherlands B.V. (AS60781)	1
NForce Entertainment B.V.	AS-COLOCROSSING (AS36352)	1
SECURITYSERVICES	IFOXNETODPD-ENSONO-DCCS (AS19229)	2
hostingpalvelu.fi	Planeetta Internet Oy (AS58003)	1
Sia Nano IT	NOVA SIA (AS57223)	1
Deutsche Telekom AG	Deutsche Glasfaser Wholesale GmbH (AS60294)	1
garmtech.net	Tilda Publishing Ltd. (AS205282)	3
telecom.lt	Telia Lietuva, AB (AS8764)	1
Zone Media OU	SQUARESPACE (AS53831)	2
dns.lv	Vautron Rechenzentrum AG (AS25504)	2
NSONE	FDCSGNET (AS11273)	1
dns.lv	ElmoNet Oy (AS8829)	1
serveriai.lt	UAB Penki kontinentai (AS12539)	2
lynxgallery.lv	Sia Nano IT (AS43513)	1
aversus.com	Infrastructure Italia Colo S.r.l. (AS203201)	1
markmonitor.com	LNH-INC (AS20021)	1
lashcode.ie	OVH SAS (AS16276)	1
ANEXIA Internetdienstleistungs GmbH	Synotio AB (AS203605)	1
awsdns-21.com	Hetzner Online GmbH (AS24940)	1
DIGITALOCEAN-ASN	PLANETHOSTER-8 (AS53589)	2
shockhosting.com	SHOCK-1 (AS395092)	1
GleSYS AB	Telia Cygate Oy (AS29422)	1
serverhost.name	UAB Interneto vizija (AS212531)	2
lvs.lv	SIA Tet (AS12578)	1
smartmonitor.lv	Jsc Balticom (AS24651)	1
machineasp.net	Hetzner Online GmbH (AS24940)	1
cadence.lv	Akamai Connected Cloud (AS63949)	2
perfo.lv	Hetzner Online GmbH (AS24940)	1
uk.net	Awareness Software Limited (AS34931)	1
registrar-servers.com	DIGITALOCEAN-ASN (AS14061)	1
amzndns.com	AMAZON-02 (AS16509)	1
cdk.com	CDK-GLOBAL (AS40443)	2
CLOUDFLARENET	Eurofiber France SAS (AS24935)	1
g30.se	Videnca AB (AS42622)	1
globalhost.lv	UAB Interneto vizija (AS212531)	4
cloudcity.fi	UpCloud Ltd (AS202053)	1
anadana.lv	AMAZON-02 (AS16509)	1
ipcom GmbH	GOOGLE-CLOUD-PLATFORM (AS396982)	5
registrar-servers.com	Sabiedriba ar ierobezotu atbildibu DELSKA Latvia (AS12993)	1
CLOUDFLARENET	XNNET (AS932)	1
silverspoon.studio	Scaleway S.a.s. (AS12876)	1
AMAZON-02	UUNET (AS701)	1
hosting.lv	Sabiedriba ar ierobezotu atbildibu DELSKA Latvia (AS12993)	1
managed-ip.com	Hetzner Online GmbH (AS24940)	1
oranum.com	JWE S.a r.l. (AS34655)	1
MICROSOFT-CORP-MSN-AS-BLOCK	KKM IT Limited (AS60922)	1
5k.lv	Contabo GmbH (AS51167)	3
serveriai.lt	Hostline, Uab (AS198651)	1
Telia Lietuva, AB	UAB Bite Lietuva (AS13194)	1
ns14.net	ecotel communication ag (AS12312)	3
lemarit.de	23M GmbH (AS47447)	1
Versija SIA	Sabiedriba ar ierobezotu atbildibu DELSKA Latvia (AS12993)	2
iptwins.com	Hetzner Online GmbH (AS24940)	1
gransy.com	MasterDC s.r.o. (AS24971)	1
atait.lv	Hetzner Online GmbH (AS24940)	1
nike.com	AMAZON-02 (AS16509)	1
home.pl	MAIN Sp. z o.o. (AS205671)	1
HURRICANE	Jsc Balticom (AS24651)	3
hosting.lv	CLOUDFLARENET (AS13335)	1
zino.lv	UK Dedicated Servers Limited (AS42831)	1
arenariga.com	SIA Arena Riga (AS205821)	1
GANDI SAS	CLOUDFLARENET (AS13335)	3
qwest.net	Shanghai Blue Cloud Technology Co.,Ltd (AS58593)	1
mmc.com	AMAZON-02 (AS16509)	1
virtono.com	M247 Europe SRL (AS9009)	1
managed-ip.com	PlusServer GmbH (AS61157)	1
DIGITALOCEAN-ASN	Scaleway S.a.s. (AS12876)	1
priceinfo.lv	Hetzner Online GmbH (AS24940)	1
CloudHosting SIA	SIA BITE Latvija (AS20910)	1
webplace.lv	Sabiedriba ar ierobezotu atbildibu DELSKA Latvia (AS12993)	2
momentdigital.fi	GleSYS AB (AS35382)	1
GOOGLE	DLX A/S (AS47527)	1
Zone Media OU	Sia Nano IT (AS43513)	2
fairyhosting.ee	RJ Network OU (AS202759)	1
dntrust.com	UAB Interneto vizija (AS212531)	1
net.uk	Treasury Limited (AS214555)	1
kpn.net	Enreach Netherlands B.V. (AS39647)	1
avento.lv	Institute of Mathematics and Computer Science of University of Latvia (AS5538)	1
camelhost.lv	Sia Nano IT (AS43513)	1
edelkey.net	Fujitsu Invia Finland IP-network (AS1342)	1
SIA Maklaut	Jsc Balticom (AS24651)	1
CLOUDFLARENET	Yanislav Basiuk (AS200993)	1
komin.lv	Jsc Balticom (AS24651)	2
CLOUDFLARENET	EMERGN AS (AS35108)	1
vps-ag.com	Belcloud LTD (AS44901)	1
altnet.lv	SIA SOCKS (AS41390)	1
rightsdns.com	AMAZON-02 (AS16509)	1
skynet.lv	SIA Tet (AS5518)	1
ecl.lt	UAB Baltnetos komunikacijos (AS15440)	1
Elisa Oyj	OP Osuuskunta (AS1738)	1
CLOUDFLARENET	High Family Technology Co., Limited (AS142032)	1
CLOUDFLARENET	Primend OU (AS215447)	1
optron.lv	SIA BITE Latvija (AS2588)	1
pportale.pl	UAB Baltnetos komunikacijos (AS15440)	2
adati.lv	SQUARESPACE (AS53831)	1
CLOUDFLARENET	National Library of Latvia (AS201547)	1
ecritel.com	Ecritel SASU (AS8304)	1
pro-9.lv	Hetzner Online GmbH (AS24940)	1
wolet.lt	Hetzner Online GmbH (AS24940)	1
markmonitor.com	UUNET (AS701)	1
fcio.net	Flying Circus Internet Operations GmbH (AS41981)	2
Sia Nano IT	CloudHosting SIA (AS58269)	2
biti.lv	SIA Tet (AS12578)	1
webhosts.lv	OVH SAS (AS16276)	3
itis.lv	MOBIUSPARTNERS (AS19337)	1
SECURITYSERVICES	q.beyond AG (AS12399)	1
checkdomain.de	dogado GmbH (AS45012)	1
SECURITYSERVICES	SIA BITE Latvija (AS2588)	1
unifiedpost.com	GOOGLE-CLOUD-PLATFORM (AS396982)	1
johncotton.pl	SGK Projekt sp. z o.o. spolka komandytowa (AS203685)	1
ports.se	ODERLAND Webbhotell AB (AS44136)	1
a00.me	LLC Mixplat Processing (AS199361)	1
cpanelwebserver.net	OVH SAS (AS16276)	1
waaf.net	Hetzner Online GmbH (AS24940)	1
Hetzner Online GmbH	Sabiedriba ar ierobezotu atbildibu DELSKA Latvia (AS12993)	1
atos-services.net	Worldline SA (AS8677)	1
Institute of Mathematics and Computer Science of University of Latvia	Telia Company AB (AS3301)	1
NUCDN	Futuro Exito Sp. z o.o. (AS48464)	1
lvtc.lv	Hetzner Online GmbH (AS24940)	1
mijn.host	Odido Netherlands B.V. (AS50266)	1
Safenames Ltd.	SECURITYSERVICES (AS12008)	1
MICROSOFT-CORP-MSN-AS-BLOCK	mono solutions ApS (AS201595)	2
proservis.lt	UAB Proservis (AS56413)	2
io.lv	Standart AG, LLC (AS49549)	3
shockmedia.nl	CLDIN B.V. (AS48635)	1
Institute of Mathematics and Computer Science of University of Latvia	AS Citadele banka (AS16279)	1
SECURITYSERVICES	Webhuset AS (AS39783)	1
Sia Nano IT	HWSERVICES-32400 (AS32400)	1
Deutsche Telekom AG	Continum Ag (AS20849)	1
IONOS SE	Mittwald CM Service GmbH & Co. KG (AS15817)	1
serveriai.lt	FASTLY (AS54113)	2
rent4event.lv	Garmtech Lp (AS43108)	1
one.com	UK Dedicated Servers Limited (AS42831)	1
hyp.net	AMAZON-02 (AS16509)	1
Sia Nano IT	UpCloud Ltd (AS202053)	1
abaton.at	abaton EDV-Dienstleistungs GmbH (AS42572)	1
dn-s.nl	Uniserver Internet B.V. (AS31673)	1
G-Core Labs S.A.	XNNET (AS932)	1
4cars.lv	Hetzner Online GmbH (AS24940)	1
rkg.lv	SIA Tet (AS12578)	1
home.pl	DIGITALOCEAN-ASN (AS14061)	1
blacknightdns.com	Blacknight Internet Solutions Limited (AS39122)	1
dnsever.com	Kakao Corp (AS38099)	1
AMAZON-02	SIA Decta (AS212676)	1
forss.net	Forss IT AB (AS43809)	2
netfinish.de	WIIT AG (AS24961)	1
weber.cloud	Hetzner Online GmbH (AS24940)	1
tivi.lv	Institute of Mathematics and Computer Science of University of Latvia (AS5538)	1
awsdns-13.net	Signet B.V. (AS35470)	1
CLOUDFLARENET	Blue Bridge MSP, UAB (AS42774)	1
serveris.lv	GOOGLE (AS15169)	1
inbokss.com	AS-VULTR (AS20473)	1
ns14.net	ADESTIS GmbH (AS204053)	1
eurodns.biz	Datacenter Luxembourg S.A. (AS24611)	4
NUCDN	Yayzi Broadband Limited (AS215523)	1
lemarit.de	Equinix (EMEA) Acquisition Enterprises B.V. (AS15830)	1
IONOS SE	GTT Communications Inc. (AS3257)	1
routing.net	P.a.g.m. Ou (AS198068)	1
registrar-servers.com	Tilaa B.V. (AS196752)	1
AMAZON-02	GleSYS AB (AS42708)	1
ipcom GmbH	Fornex Hosting S.L. (AS44051)	1
skynet.lv	AMAZON-02 (AS16509)	1
ns53.be	Destiny N.V (AS28707)	1
syndicatemoney.lv	Garmtech Lp (AS43108)	1
tnnet.fi	TNNet Oy (AS30798)	1
markmonitor.com	Combell NV (AS34762)	2
tosteris.com	GOOGLE-CLOUD-PLATFORM (AS396982)	1
Seonet Multimedia s.r.o.	Hetzner Online GmbH (AS24940)	2
unifiedpost.com	AMAZON-02 (AS16509)	1
dns.lv	Elkdata OU (AS61189)	2
CLOUDFLARENET	Atea A/S (AS21060)	1
iplace.se	Infomaniak Network SA (AS29222)	1
NUCDN	OVH SAS (AS16276)	2
epaka.lv	SIA DPD Latvija (AS213022)	1
online.lv	UAB Interneto vizija (AS212531)	2
Hetzner Online GmbH	green.ch AG (AS1836)	1
SIA BITE Latvija	Garmtech Lp (AS43108)	2
Key-Systems GmbH	Key-Systems GmbH (AS13246)	5
CLOUDFLARENET	Iway AG (AS8758)	1
AMAZON-02	Jsc Balticom (AS24651)	1
SECURITYSERVICES	united-domains GmbH (AS202108)	1
NUCDN	AKAMAI-AS (AS16625)	1
sai-gon.lv	Jsc Balticom (AS24651)	1
Hangzhou Alibaba Advertising Co.,Ltd.	ZILLION-NETWORK (AS54801)	3
stable.cz	Tilda Publishing Ltd. (AS205282)	1
logopromo.lv	Hetzner Online GmbH (AS24940)	1
drosiba.lv	Sabiedriba ar ierobezotu atbildibu DELSKA Latvia (AS12993)	1
freedns.si	Wix.com Ltd. (AS58182)	1
MICROSOFT-CORP-MSN-AS-BLOCK	LINKEDIN (AS14413)	1
Vautron Rechenzentrum AG	AMAZON-02 (AS16509)	1
tal.de	tal.de GmbH (AS8820)	1
mitrans.lv	OVH SAS (AS16276)	1
online.lv	Ddos-guard Ltd (AS57724)	1
Hetzner Online GmbH	OVH SAS (AS16276)	2
ossnet.lv	CLOUDFLARENET (AS13335)	1
supremecenter10.se	UK Dedicated Servers Limited (AS42831)	1
CLOUDFLARENET	GO-DADDY-COM-LLC (AS398101)	2
ru-hoster.com	Udovikhin Evgenii (AS207718)	1
webhostbox.net	UNIFIEDLAYER-AS-1 (AS46606)	1
volvo.com	MICROSOFT-CORP-MSN-AS-BLOCK (AS8075)	1
zolt.lv	Garmtech Lp (AS43108)	1
dpn.de	GTT Communications Inc. (AS3257)	1
cyon.ch	cyon GmbH (AS47302)	1
ramnode.com	RouteLabel V.O.F. (AS198203)	1
scandinavianhosting.se	SIA Datu Tehnologiju Grupa (AS41898)	1
adati.lv	Wix.com Ltd. (AS58182)	2
profiwh.com	CASABLANCA INT a.s. (AS15685)	1
netparks.lv	Scaleway S.a.s. (AS12876)	1
name-services.com	TUCOWS-3 (AS32491)	1
euronic.fi	Domainkeskus Oy (AS29243)	1
cpcs.lv	SIA Tet (AS47570)	1
NUCDN	UAB Baltnetos komunikacijos (AS15440)	1
abx.lv	SIA BITE Latvija (AS2588)	1
GANDI SAS	Gigas Hosting S.A. (AS57286)	2
SECURITYSERVICES	NetConnex Broadband Ltd. (AS21396)	1
yourdomainprovider.net	Cyso Group B.V. (AS25151)	1
ossnet.lv	AUTOMATTIC (AS2635)	1
brd.lv	SIA BITE Latvija (AS2588)	1
3m.com	Institute of Mathematics and Computer Science of University of Latvia (AS5538)	1
tunt.lv	DIGITALOCEAN-ASN (AS14061)	1
nroute.de	FLY (AS40509)	1
markmonitor.com	INCAPSULA (AS19551)	1
Zone Media OU	GOOGLE (AS15169)	1
CLOUDFLARENET	UAB Cherry Servers (AS16125)	1
dttt.lv	SIA Tet (AS12578)	1
dns.lv	UAB Rakrejus (AS62282)	1
inbox.eu	SIA Tet (AS5518)	1
evorm.lv	DIGITALOCEAN-ASN (AS14061)	1
webhostmost.com	WEB-HOST-MOST-ASN-1 (AS401605)	1
IONOS SE	netcup GmbH (AS197540)	2
Zone Media OU	SIA LETA (AS48546)	1
mvmnet.com	Server Plan S.r.l. (AS52030)	1
redbackinternet.net	Node4 Limited (AS31727)	1
qsite.nl	Fundaments B.V. (AS20559)	1
AMAZON-02	WHG Hosting Services Ltd (AS204800)	1
dns.lv	365.partners INC (AS198178)	1
NUCDN	TDC Holding A/S (AS3292)	2
introweb.nl	One.com A/S (AS51468)	1
schlund.de	IONOS SE (AS8560)	1
123ns.de	Deutsche Telekom AG (AS3320)	1
dnsdienst.de	AMAZON-02 (AS16509)	1
lcn.com	Team Blue Internet Services Uk Limited (AS8622)	1
optron.lv	RETN Limited (AS28886)	2
GOOGLE	velia.net Internetdienste GmbH (AS29066)	1
dns.lv	Liquid Web B.V. (AS202521)	1
hostnet.lv	MICROSOFT-CORP-MSN-AS-BLOCK (AS8075)	1
iai-system.com	Beyond.pl sp. z o.o. (AS31229)	1
SECURITYSERVICES	Emp Secure As (AS28824)	1
internethosting.at	Hetzner Online GmbH (AS24940)	1
CLOUDFLARENET	VPSOR-GLOBAL (AS138538)	1
stabletransit.com	AMAZON-02 (AS16509)	1
iptwins.com	GANDI SAS (AS29169)	1
catalyst2.net	catalyst2 Services Limited (AS29636)	1
infomaniak.ch	Infomaniak Network SA (AS29222)	1
SECURITYSERVICES	dogado GmbH (AS47215)	1
domainhotelli.fi	Planeetta Internet Oy (AS58003)	1
lmt.lv	Latvijas Mobilais Telefons SIA (AS12847)	2
YANDEX LLC	Iomart Cloud Services Limited (AS20860)	1
dns.lv	SIA Electronic Solutions (AS13070)	1
bfp.cz	MasterDC s.r.o. (AS24971)	1
xonet.fi	Domainkeskus Oy (AS201964)	2
MICROSOFT-CORP-MSN-AS-BLOCK	Optimizely AB (AS30811)	2
is-fun.net	Elisa Oyj (AS719)	1
animaji.lv	Garmtech Lp (AS43108)	1
Telia Finland Oyj	Telia Cygate Oy (AS29422)	1
infobel.net	DC STAR nv (AS42160)	1
ns14.net	FactSet GmbH (AS15613)	1
cyfrowafoto.com	Atman Sp. z o.o. (AS57367)	1
rhx.info	CDLAN SpA (AS20836)	1
awsdns-28.com	INCAPSULA (AS19551)	1
SERTEX SIA	UAB Interneto vizija (AS212531)	1
SIA BITE Latvija	AS Latvenergo (AS29600)	1
Telenet SIA	GOOGLE-CLOUD-PLATFORM (AS396982)	1
vevida.net	CLDIN B.V. (AS48635)	2
cary.lv	SIA BITE Latvija (AS20910)	1
YANDEX LLC	NAMECHEAP-NET (AS22612)	1
NUCDN	RMH-14 (AS33070)	1
mss.lv	SIA Tet (AS47570)	1
gov.lv	SIA Tet (AS12578)	1
aqq.me	Messaggio Ltd (AS207406)	1
dcsix.net	KEVAG Telekom GmbH (AS12360)	1
garmtech.com	Arvid Logicum OU (AS202376)	2
hemhosting.se	Yelles AB (AS206170)	1
dns.lv	Vodafone Czech Republic a.s. (AS16019)	1
pit.lv	Telenet SIA (AS24589)	2
ossnet.lv	LeaseWeb Netherlands B.V. (AS60781)	1
Telenet SIA	LeaseWeb Netherlands B.V. (AS60781)	2
Sia Nano IT	HLL LLC (AS51115)	1
worldrid.com	Sia Nano IT (AS43513)	1
MICROSOFT-CORP-MSN-AS-BLOCK	PRIVATESYSTEMS (AS63410)	1
domenai.lt	UAB Cherry Servers (AS16125)	1
gestiondecuenta.com	DinaHosting S.L. (AS42612)	1
hosterra.eu	Scaleway S.a.s. (AS12876)	1
one.com	GOOGLE (AS15169)	2
balttaks.lv	Versija SIA (AS8285)	1
Telia Finland Oyj	AMAZON-02 (AS16509)	2
Deutsche Telekom AG	noris network AG (AS12337)	1
lielvarde.lv	SIA Tet (AS47570)	1
unknown	Tilda Publishing Ltd. (AS205282)	1
Optrix SIA	VAS Latvijas Valsts radio un televizijas centrs (AS8194)	1
asbe.lv	iLink ltd (AS8538)	1
Zone Media OU	Sabiedriba ar ierobezotu atbildibu DELSKA Latvia (AS12993)	1
xserver.jp	Xserver Inc. (AS131965)	1
dns.lv	JSC IOT (AS29182)	2
Institute of Mathematics and Computer Science of University of Latvia	Aktsiaselts WaveCom (AS34702)	1
hosdex.com	Leaseweb Deutschland GmbH (AS28753)	1
areait.lv	Jsc Balticom (AS24651)	1
crm24.lv	SIA BITE Latvija (AS2588)	1
ecolines.lv	SIA BITE Latvija (AS20910)	1
DIGICERT	SOFTLAYER (AS36351)	1
electronic.lv	DIGITALOCEAN-ASN (AS14061)	1
mailservice.com	Hetzner Online GmbH (AS24940)	1
firestorm-isp.com	Datasource AG (AS51395)	1
supremedns.com	UK Dedicated Servers Limited (AS42831)	3
Key-Systems GmbH	Vodafone GmbH (AS3209)	1
managed-ip.com	Wix.com Ltd. (AS58182)	1
gmmdns.ch	Nine Internet Solutions AG (AS29691)	1
GOOGLE	Cloudflare London, LLC (AS209242)	1
AMAZON-02	TSG Interactive Services Limited (AS48536)	2
ns25.de	Contabo GmbH (AS51167)	1
extranet.lv	Telenet SIA (AS24589)	1
registrar-servers.com	OSTKOM SIA (AS41563)	2
adati.lv	AMAZON-AES (AS14618)	1
garmtech.com	Akamai Connected Cloud (AS63949)	1
checkdomain.de	OVH SAS (AS16276)	1
adak.vip	PONYNET (AS53667)	1
holonsite.com	OVH SAS (AS16276)	1
CLOUDFLARENET	PONYNET (AS53667)	1
CLOUDFLARENET	Antbox Networks Limited (AS138995)	1
orangehost.com	ORANGEHOST (AS19853)	2
abcdevelopment.lv	SIA Tet (AS47570)	1
softwaregrp.com	OPENTEXT (AS82)	1
wy.sk	Webglobe, s.r.o. (AS29134)	1
hosting.de	MICROSOFT-CORP-MSN-AS-BLOCK (AS8075)	1
awsdns-25.org	Hetzner Online GmbH (AS24940)	1
marcant.net	MARCANT AG (AS15726)	1
delaval.com	Optimizely AB (AS30811)	1
dns.lv	Sentia Denmark A/S (AS47292)	1
ipcom GmbH	Retelit Digital Services S.p.A. (AS12850)	1
SIA Tet	FASTLY (AS54113)	1
DIGICERT	Quantcom, a.s. (AS29208)	1
Zone Media OU	Wix.com Ltd. (AS58182)	1
splus.lv	Contabo GmbH (AS51167)	1
getgo.com	AMAZON-AES (AS14618)	1
perf1.com	Groupama Supports Et Services (AS58029)	2
OVH SAS	Institute of Mathematics and Computer Science of University of Latvia (AS5538)	1
websupport.hu	WebSupport s.r.o. (AS51013)	1
UUNET	AMAZON-02 (AS16509)	1
pixelx.de	Contabo GmbH (AS51167)	2
awsdns-13.net	DIGITALOCEAN-ASN (AS14061)	1
combell.net	CLOUDFLARENET (AS13335)	1
netim.net	FASTLY (AS54113)	1
fekahost.nl	TrueFullstaq B.V. (AS15703)	1
CLOUDFLARENET	Beyond.pl sp. z o.o. (AS31229)	1
CLOUDFLARENET	Webhuset AS (AS29486)	1
GANDI SAS	WorldStream B.V. (AS49981)	1
astrologija.lv	SIA BITE Latvija (AS2588)	1
CLOUDFLARENET	Zemlyaniy Dmitro Leonidovich (AS47987)	1
csb.lv	SIA BITE Latvija (AS2588)	1
Institute of Mathematics and Computer Science of University of Latvia	LR Labklajibas Ministrija (AS50893)	1
Hetzner Online GmbH	Tilda Publishing Ltd. (AS205282)	1
Sia Nano IT	WEEBLY (AS27647)	4
CLOUDFLARENET	NTT-DATA-2914 (AS2914)	1
garmtech.com	PRIVATESYSTEMS (AS63410)	1
MICROSOFT-CORP-MSN-AS-BLOCK	UAB Rakrejus (AS62282)	1
dns.lv	Institute of Mathematics and Computer Science of University of Latvia (AS51955)	1
msw.lv	Telenet SIA (AS205370)	1
safronet.lv	Akciju sabiedriba RD ALFA (AS35036)	1
Deutsche Telekom AG	Neue Medien Muennich GmbH (AS34788)	1
mythic-beasts.com	Mythic Beasts Ltd (AS44684)	1
ironmountain.com	IRON-MOUNTAIN (AS21549)	1
SECURITYSERVICES	GlobalConnect AB (AS12552)	1
Elisa Oyj	INCAPSULA (AS19551)	1
eway.lv	SIA Tet (AS47570)	1
Institute of Mathematics and Computer Science of University of Latvia	NAMECHEAP-NET (AS22612)	1
bluerange.se	Bluerange Sweden AB (AS56711)	1
ACTIVE 24, s.r.o.	ACTIVE 24, s.r.o. (AS25234)	1
obvius.lv	ORACLE-BMC-31898 (AS31898)	1
markmonitor.com	AVAYA (AS18676)	1
printeks.lv	OVH SAS (AS16276)	1
hostnet.nl	Fundaments B.V. (AS20559)	1
kotisivut.com	Sia Nano IT (AS43513)	1
CLOUDFLARENET	CloudHosting SIA (AS58269)	1
dns.lv	AS Magnetiq Bank (AS210886)	1
SIA Datu Tehnologiju Grupa	Sabiedriba ar ierobezotu atbildibu DELSKA Latvia (AS12993)	2
ANEXIA Internetdienstleistungs GmbH	CSC Administrative Services Limited (AS34922)	1
register.eu	GlobalConnect AB (AS12552)	1
Versija SIA	Garmtech Lp (AS43108)	1
getspace.us	Ddos-guard Ltd (AS57724)	1
spacestation.lv	Telenet SIA (AS24589)	3
hostnet.nl	TrueFullstaq B.V. (AS15703)	1
CLOUDFLARENET	Alpha Internet Limited (AS58051)	2
di.lv	AMAZON-02 (AS16509)	1
NUCDN	DIGITALOCEAN-ASN (AS14061)	1
CLOUDFLARENET	STEELCASEINET (AS19236)	1
AMAZON-02	Sia Nano IT (AS43513)	2
seacalf.lv	SIA Tet (AS12578)	1
et.lv	Sabiedriba ar ierobezotu atbildibu DELSKA Latvia (AS12993)	1
ladasdomains.com	AMAZON-02 (AS16509)	1
mmp.lv	AMAZON-02 (AS16509)	1
morfnet.com	CLOUDFLARENET (AS13335)	1
gamereactor.dk	Rackhosting.com ApS (AS31590)	1
Hetzner Online GmbH	GOOGLE-CLOUD-PLATFORM (AS396982)	2
co.uk	Telia Eesti AS (AS3249)	1
123ns.de	Cloudflare London, LLC (AS209242)	1
NUCDN	Cyber_Folks S.A. (AS29522)	1
IONOS SE	cyon GmbH (AS47302)	1
Sia Nano IT	Informacines sistemos ir technologijos, UAB (AS61272)	1
Deutsche Telekom AG	TimeWeb LLC (AS9123)	1
haufegroup.com	OVH SAS (AS16276)	2
spx.lv	LeaseWeb Netherlands B.V. (AS60781)	1
evelit.net	RJ Network OU (AS202759)	1
mediatel.at	AMAZON-02 (AS16509)	1
cloudns.net	Dravanet Co Ltd. (AS197248)	1
AMAZON-02	Telia Cygate Oy (AS29422)	1
web-crossing.at	web-crossing GmbH (AS202516)	1
active24.cz	AMAZON-02 (AS16509)	1
ANEXIA Internetdienstleistungs GmbH	Advania Sverige AB (AS202780)	1
pastorius.lv	Hetzner Online GmbH (AS24940)	1
bonvoyage.lv	Garmtech Lp (AS43108)	1
ecomtech.lv	Hetzner Online GmbH (AS24940)	2
one.com	CLOUDFLARENET (AS13335)	2
ipcom GmbH	VTS Sp. z o.o. (AS31045)	1
SECURITYSERVICES	LIQUIDNETLTD1 (AS14555)	1
serveris.lv	Hostinger International Limited (AS47583)	3
SECURITYSERVICES	Advania Sverige AB (AS202780)	1
HURRICANE	Telenet SIA (AS24589)	2
prh.com	AMAZON-AES (AS14618)	1
virtuaal.com	DIGITALOCEAN-ASN (AS14061)	1
thb.lv	Hetzner Online GmbH (AS24940)	1
ACTIVE 24, s.r.o.	T-Mobile Czech Republic a.s. (AS13036)	1
synchron.ua	Synchron Ltd. (AS41600)	1
lemarit.de	SOPRADO GmbH (AS20546)	2
ugfischer.com	fischerwerke GmbH & Co. KG (AS207404)	1
CLOUDFLARENET	TCPSHIELD (AS64199)	1
crossnet.net	GlobalConnect AB (AS12552)	1
dns.lv	WebSupport s.r.o. (AS51013)	1
Institute of Mathematics and Computer Science of University of Latvia	ORACLE-BMC-31898 (AS31898)	1
intrica.net	AMAZON-02 (AS16509)	1
lh.pl	CLOUDFLARENET (AS13335)	1
IONOS SE	Zone Media OU (AS49604)	1
miegs.lv	SIA BITE Latvija (AS2588)	1
dnsimple.com	AMAZON-02 (AS16509)	3
domenai.lt	UAB Interneto vizija (AS212531)	1
SECURITYSERVICES	Digital Space Group Limited (AS8607)	1
gransy.com	Vodafone Czech Republic a.s. (AS16019)	1
travelmarket.com	GlobalConnect A/S (AS31027)	1
ugunssiena.lv	SIA Tet (AS12578)	2
Akamai International B.V.	LENOVO-NET (AS20111)	2
IONOS SE	webgo GmbH (AS48324)	1
it-sprava.cz	Coolhousing s.r.o. (AS35592)	1
feldhost.cz	FELDSAM s.r.o. (AS206712)	1
domain247.fi	GleSYS AB (AS35382)	1
rixhost.lv	SIA RixHost (AS52048)	1
copypro.lv	Hetzner Online GmbH (AS24940)	2
online.lv	WEEBLY (AS27647)	1
ipt.lt	AMAZON-02 (AS16509)	1
YANDEX LLC	TimeWeb LLC (AS9123)	1
lemarit.de	team.blue Denmark A/S (AS48854)	2
dns.lv	WII (AS32097)	1
neoserv.si	Optimus IT d.o.o. (AS48894)	1
agitos.de	Hetzner Online GmbH (AS24940)	1
Akamai International B.V.	SOLARWINDSAUSTIN (AS20251)	1
CLOUDFLARENET	CYBERCON (AS7393)	1
travelsim.lv	OU CSC Telecom Estonia (AS207872)	1
YANDEX LLC	Republican Unitary Telecommunication Enterprise Beltelecom (AS6697)	1
LLC VK	GOOGLE-CLOUD-PLATFORM (AS396982)	1
cloudns.net	HOSTCOLLECTIVE (AS14415)	1
ns14.net	LF.net Netzwerksysteme GmbH (AS12374)	1
infoplus.lv	SIA Tet (AS12578)	1
Key-Systems GmbH	SIA Tet (AS12578)	1
Elisa Oyj	Telia Cygate Oy (AS51188)	1
telenor.net	AMAZON-02 (AS16509)	1
empirion.at	HZ Hosting Ltd (AS59711)	1
dnsiaas.com	Uus Programm (AS204595)	1
orangewebsite.com	Advania Island ehf (AS50613)	1
SECURITYSERVICES	Jsc Balticom (AS24651)	1
dntrust.com	Telefonbuch Verlag Hans Mueller GmbH & Co. KG (AS12655)	3
masterphoto.lv	Garmtech Lp (AS43108)	1
rro.de	IONOS SE (AS8560)	1
rullz.lv	Signet B.V. (AS20857)	2
stepanova.lv	Jsc Balticom (AS24651)	1
domaineasy.com	AMAZON-02 (AS16509)	2
GOOGLE	Telia Finland Oyj (AS1759)	1
aftermarket.com	AMAZON-02 (AS16509)	1
dns.lv	23M GmbH (AS47447)	1
JSC Selectel	Hetzner Online GmbH (AS24940)	1
ports.se	Institute of Mathematics and Computer Science of University of Latvia (AS5538)	1
gransy.com	O2 Czech Republic, a.s. (AS5610)	1
register.it	Fastweb (AS12874)	1
hostnet.lv	Sia Nano IT (AS43513)	1
technicaltextile.lv	Garmtech Lp (AS43108)	1
compositiv.com	Artfiles New Media GmbH (AS8893)	2
porsche.asia	Dr. Ing. h.c. F. Porsche AG (AS33848)	1
0x10.lv	Contabo GmbH (AS51167)	1
aruba.it	Aruba S.p.A. (AS31034)	1
HURRICANE	SIA Tet (AS12578)	1
NUCDN	Miss Hosting AB (AS200719)	1
enivo.lv	SIA BITE Latvija (AS20910)	1
MICROSOFT-CORP-MSN-AS-BLOCK	CEGID S.A. (AS47820)	1
team.blue Denmark A/S	CLOUDFLARENET (AS13335)	1
edi.lv	Elektronikas un Datorzinatnu Instituts (AS3241)	1
eurodns.biz	AMAZON-02 (AS16509)	1
SkyExchange Internet Access	Tilda Publishing Ltd. (AS205282)	1
webhost.lv	GOOGLE-CLOUD-PLATFORM (AS396982)	1
dns.lv	O2switch SAS (AS50474)	1
netim.net	senseLAN GmbH (AS31736)	1
variant.lv	SIA Tet (AS12578)	1
dns.lv	EPICOR (AS30175)	1
linqhost.eu	Stichting DIGI NL (AS206281)	1
is-fun.net	Bisping & Bisping GmbH & Co KG (AS20686)	1
bib.lv	SIA Tet (AS5518)	1
SECURITYSERVICES	AS SEB Pank (AS43682)	1
ukit.com	IQWeb FZ-LLC (AS59692)	1
ANEXIA Internetdienstleistungs GmbH	FASTLY (AS54113)	1
JSC RTComm.RU	JSC RTComm.RU (AS8342)	3
valtersit.eu	Hetzner Online GmbH (AS24940)	1
one.com	MICROSOFT-CORP-MSN-AS-BLOCK (AS8075)	1
janssen-s1.de	WebJanssen ISP ltd & Co KG (AS29471)	1
HURRICANE	Cgi Global Limited (AS56971)	1
MICROSOFT-CORP-MSN-AS-BLOCK	Media Partners Sia (AS199558)	1
domeny.tv	DIGITALOCEAN-ASN (AS14061)	1
NUCDN	Dukascopy Bank SA (AS41623)	1
registrar-servers.com	SIA Tet (AS12578)	1
1984.is	Latvijas Mobilais Telefons SIA (AS12847)	1
GOOGLE	ROUTERHOSTING (AS14956)	1
linqhost.eu	Signet B.V. (AS20857)	1
mm88.lv	CLOUDFLARENET (AS13335)	1
dns.lv	UNREAL-SERVERS (AS64236)	1
OVH SAS	Tilda Publishing Ltd. (AS205282)	1
nethinks.com	FASTLY (AS54113)	1
Hetzner Online GmbH	Planeetta Internet Oy (AS58003)	1
unh.net	BT Italia S.p.A. (AS3313)	1
NUCDN	SQUARESPACE (AS53831)	1
YANDEX LLC	SERTEX SIA (AS64421)	1
gudzondns.net	LIQUIDWEB (AS32244)	2
studio-moderna.com	Studio Moderna d.o.o. (AS43854)	1
cream.nl	Signet B.V. (AS35470)	1
vegap.lv	Versija SIA (AS8285)	1
ns22.de	Keyweb AG (AS31103)	1
technorail.com	Aruba S.p.A. (AS31034)	1
markmonitor.zone	UpCloud Ltd (AS202053)	1
edgedns.ru	Hetzner Online GmbH (AS24940)	1
Versija SIA	SIA Tet (AS5518)	2
panoramaresidence.lv	Jsc Balticom (AS24651)	1
spx.lv	AMAZON-02 (AS16509)	1
OVH SAS	Cyber_Folks S.A. (AS41079)	1
axis.com	Axis Communications AB (AS39731)	1
spin.ee	Telia Eesti AS (AS3249)	1
ACTIVE 24, s.r.o.	Shoptet, a.s. (AS198627)	1
tos.lv	SIA Maklaut (AS199103)	1
metrotec.ee	OU Metrotec (AS61328)	1
Sia Nano IT	UNIFIEDLAYER-AS-1 (AS46606)	1
linode.com	Hetzner Online GmbH (AS24940)	1
CLOUDFLARENET	iLink ltd (AS8538)	1
turiba.lv	Hetzner Online GmbH (AS24940)	1
dns.lv	DNS:NET Internet Service GmbH (AS15366)	1
katz.lv	CloudHosting SIA (AS58269)	1
deac.lv	Hetzner Online GmbH (AS24940)	1
GOOGLE	Jsc Balticom (AS24651)	1
di.lv	Sabiedriba ar ierobezotu atbildibu DELSKA Latvia (AS12993)	1
skf.com	Arelion Sweden AB (AS1299)	1
gign.lv	Hetzner Online GmbH (AS24940)	1
MICROSOFT-CORP-MSN-AS-BLOCK	INCAPSULA (AS19551)	1
zoneedit.com	AS-COLOCROSSING (AS36352)	1
Versija SIA	Sia Nano IT (AS43513)	2
rent4.lv	Garmtech Lp (AS43108)	1
home.pl	Korbank S. A. (AS35179)	1
dns.lv	HAWKHOST (AS20068)	1
akvarius.lv	SIA Tet (AS12578)	1
regantis.ro	Space Ro SRL (AS50939)	1
kuldiga.lv	SIA Tet (AS12578)	1
garmtech.com	Yandex.Cloud LLC (AS200350)	1
deac.lv	Sia Nano IT (AS43513)	2
IONOS SE	Artfiles New Media GmbH (AS8893)	1
hostnet.lv	SQUARESPACE (AS53831)	2
mynameserve.com	IONOS SE (AS8560)	1
YANDEX LLC	Garmtech Lp (AS43108)	2
providesupport.com	CLOUDFLARENET (AS13335)	1
dns.lv	Parallel Web Cloud Services (AS137035)	1
markmonitor.com	CSC (AS19574)	1
csc.lv	AMAZON-AES (AS14618)	1
NUCDN	Telia Eesti AS (AS3249)	1
serveris.lv	LH.pl Sp. z o.o. (AS203417)	1
garmtech.net	SQUARESPACE (AS53831)	1
alphanet-dns.de	PlusServer GmbH (AS61157)	2
bluzs.lv	OVH SAS (AS16276)	1
NSONE	Mercedes-Benz Group AG (AS31399)	1
ignum.eu	T-Mobile Czech Republic a.s. (AS13036)	1
omron.com	GOOGLE-CLOUD-PLATFORM (AS396982)	1
areait.lv	Cloudflare London, LLC (AS209242)	1
eib-rz.de	dogado GmbH (AS45012)	1
pricespy.eu	Sabiedriba ar ierobezotu atbildibu DELSKA Latvia (AS12993)	1
Zone Media OU	UpCloud Ltd (AS202053)	1
CloudHosting SIA	Sia Nano IT (AS43513)	1
serveris.lv	Tele2 SWIPnet (AS1257)	1
VNET a.s.	VSHosting s.r.o. (AS43541)	1
cvk.lv	VAS Latvijas Valsts radio un televizijas centrs (AS8194)	1
neostrada.nl	LeaseWeb Netherlands B.V. (AS60781)	1
OVH SAS	MasterDC s.r.o. (AS24971)	1
aedes.ee	Server Farm LLC (AS202635)	1
awsdns-03.net	AMAZON-AES (AS14618)	1
Hetzner Online GmbH	DIGITALOCEAN-ASN (AS14061)	1
online.lv	Cloudflare London, LLC (AS209242)	1
dns.lv	DNA Oyj (AS16086)	1
alfait.lv	Sia Livas Net (AS34001)	1
MICROSOFT-CORP-MSN-AS-BLOCK	GIONA (AS22838)	1
azon.lv	SIA Tet (AS12578)	1
OVH SAS	GOOGLE-CLOUD-PLATFORM (AS396982)	4
G-Core Labs S.A.	Dimension Network & Communication Limited (AS59371)	1
IONOS SE	AltusHost B.V. (AS51430)	1
NUCDN	FASTLY (AS54113)	1
DIGICERT	Nameshield SAS (AS20756)	1
nashaldus.ee	Telia Eesti AS (AS3249)	1
com.pl	KPE NIERUCHOMOSCI Spolka Akcyjna (AS43015)	1
vagners.lv	OVH SAS (AS16276)	1
SECURITYSERVICES	TDC Holding A/S (AS3292)	1
iepercies.lv	SIA Tet (AS12578)	1
dns.lv	Beyond.pl sp. z o.o. (AS31229)	1
netim.net	Contabo GmbH (AS51167)	2
host-anycast.com	Host SpA (AS47242)	1
hackerone.com	CLOUDFLARENET (AS13335)	1
superdnsserver.net	SuperHosting.BG Ltd. (AS201200)	1
rdl.lv	Garmtech Lp (AS43108)	1
telenet.be	Telenet BV (AS6848)	1
123ns.de	COLT Technology Services Group Limited (AS8220)	1
JSC Selectel	Reliable Software, Ltd. (AS35594)	1
grvcp.lv	Sia Nano IT (AS43513)	1
kenga.net	Latvijas tikli, SIA (AS16062)	2
UAB ESNET	LeaseWeb Netherlands B.V. (AS60781)	1
ORACLE-BMC-31898	CSC (AS19574)	1
luckybet.lv	Sabiedriba ar ierobezotu atbildibu DELSKA Latvia (AS12993)	1
bytes24.de	Net-Build GmbH (AS38927)	1
mezaciems.lv	AMAZON-AES (AS14618)	1
Institute of Mathematics and Computer Science of University of Latvia	RTU (AS24620)	1
CLOUDFLARENET	Webzilla B.V. (AS35415)	1
jurmalatravel.lv	Jurmalas pilsetas dome (AS41376)	1
areait.lv	COLT Technology Services Group Limited (AS8220)	1
dns.lv	Virgin Media (AS5089)	2
registrar-servers.com	AMAZON-AES (AS14618)	1
modula-dns.de	Hetzner Online GmbH (AS24940)	1
crossmediaconcept.fr	OVH SAS (AS16276)	1
awsdns-11.com	UUNET (AS702)	1
terralink.de	terralink networks GmbH (AS59507)	1
dnsexit.com	Hetzner Online GmbH (AS24940)	1
ipcom GmbH	Mittwald CM Service GmbH & Co. KG (AS15817)	1
eolas.fr	FASTLY (AS54113)	1
Sia Nano IT	Media Partners Sia (AS199558)	1
serveriai.lt	Ddos-guard Ltd (AS57724)	1
SkyExchange Internet Access	Contabo GmbH (AS51167)	1
seznam.cz	Seznam.cz, a.s. (AS43037)	1
NUCDN	WebSupport s.r.o. (AS51013)	1
CLOUDFLARENET	Latvijas Loto Vas (AS201574)	1
dns.lv	UAB Duomenu logistikos centras (AS201201)	1
cloudns.net	InnoGames GmbH (AS208058)	1
unknown	Zomro B.V. (AS204601)	1
kivial.it	IONOS SE (AS8560)	1
volkswagen.de	AMAZON-02 (AS16509)	1
am-impact.nl	Previder B.V. (AS20847)	1
sac-it.dk	Telia Company AB (AS3308)	1
datakom.lv	AMAZON-AES (AS14618)	1
heinex.lv	Contabo GmbH (AS51167)	1
abcp.ru	Hetzner Online GmbH (AS24940)	1
di.lv	Garmtech Lp (AS43108)	1
CLOUDFLARENET	Siamdata Communication Co.,Ltd. (AS56309)	1
OVH SAS	DIGITALOCEAN-ASN (AS14061)	1
OVH SAS	Binary Racks Limited (AS59895)	1
GANDI SAS	Blix Solutions AS (AS50304)	1
Garmtech Lp	Akamai Connected Cloud (AS63949)	1
netxms.org	Hetzner Online GmbH (AS24940)	1
gptrading.lv	Garmtech Lp (AS43108)	1
gwsweb.net	CLOUDFLARENET (AS13335)	1
home.pl	IQ PL Sp. z o.o. (AS47544)	1
awsdns-21.com	Sabiedriba ar ierobezotu atbildibu DELSKA Latvia (AS12993)	1
nibe.se	CLOUDFLARENET (AS13335)	1
MICROSOFT-CORP-MSN-AS-BLOCK	GANDI SAS (AS203476)	1
martaplus.lv	SIA Tet (AS47570)	1
socgen.com	OVH SAS (AS16276)	1
netzpionier.at	eww ag (AS21013)	1
wwe.com	AMAZON-AES (AS14618)	1
atlanticmarine.lv	SIA Tet (AS12578)	1
GOOGLE-CLOUD-PLATFORM	Hetzner Online GmbH (AS24940)	1
arrows.lv	AMAZON-02 (AS16509)	1
hsworks.fi	Telia Cygate Oy (AS29422)	1
csc.ee	UAB LTMD Networks (AS47609)	1
Sia Nano IT	LeaseWeb Netherlands B.V. (AS60781)	3
businessmedia.lv	GOOGLE-CLOUD-PLATFORM (AS396982)	4
signo.lv	AMAZON-02 (AS16509)	1
Safenames Ltd.	AMAZON-AES (AS14618)	1
iitd.io	CLOUDFLARENET (AS13335)	1
Cyber_Folks S.A.	ICT FUTURE Sp. z o.o. (AS210220)	1
ossnet.lv	UAB Baltnetos komunikacijos (AS15440)	1
stabletransit.com	UNIFIEDLAYER-AS-1 (AS46606)	1
ns35.de	SpaceNet AG (AS5539)	1
alicorn.lv	Jsc Balticom (AS24651)	1
cbis.lv	SIA Tet (AS47570)	1
afraid.org	M5HOSTING (AS21581)	1
dogado GmbH	dogado GmbH (AS45012)	1
one.com	Viken Fiber AS (AS62225)	1
netim.net	WebSupport s.r.o. (AS51013)	1
demo5.de	Hetzner Online GmbH (AS24940)	2
one.com	Sentia Denmark A/S (AS47292)	1
ocean.lv	Sabiedriba ar ierobezotu atbildibu DELSKA Latvia (AS12993)	1
Host Europe GmbH	SIA Tet (AS5518)	1
spletna-postaja.com	Telekom Slovenije, d.d. (AS5603)	1
sycor.de	SYCOR GmbH (AS25481)	1
182.90	SIA Tet (AS5518)	1
Hangzhou Alibaba Advertising Co.,Ltd.	Alibaba US Technology Co., Ltd. (AS45102)	1
comnica.com	Tarhely.Eu Szolgaltato Kft. (AS43359)	1
tosteris.com	Telenet SIA (AS24589)	1
hostnet.lv	DIGITALOCEAN-ASN (AS14061)	3
Seonet Multimedia s.r.o.	T-Mobile Czech Republic a.s. (AS13036)	2
nic.ru	JSC Avantel (AS25227)	1
guebs.com	Axarnet Comunicaciones, S.l. (AS50926)	1
CLOUDFLARENET	Team Blue Carrier Limited (AS29550)	1
bulten.com	CLOUDFLARENET (AS13335)	1
DIGICERT	COLT Technology Services Group Limited (AS8220)	1
djrent.lv	SIA Tet (AS12578)	1
MICROSOFT-CORP-MSN-AS-BLOCK	EuroByte LLC (AS210079)	1
webhostingireland.ie	Team Blue Carrier Limited (AS29550)	1
Sabiedriba ar ierobezotu atbildibu DELSKA Latvia	Hetzner Online GmbH (AS24940)	1
serveriai.lt	UAB Bartus pro (AS51107)	1
mm88.lv	SIA Tet (AS12578)	1
corvus.lv	SIA Tet (AS5518)	1
SECURITYSERVICES	Cloudflare London, LLC (AS209242)	1
dns.lv	Tiesu Namu Agentura SIA (AS21325)	1
GANDI SAS	noris network AG (AS12337)	1
gideon.lv	Contabo GmbH (AS51167)	1
ACTIVE 24, s.r.o.	AMAZON-02 (AS16509)	1
NUCDN	Equinix (EMEA) Acquisition Enterprises B.V. (AS15830)	2
hostgator.com	CLOUDFLARENET (AS13335)	2
checkdomain.de	Digital Frankfurt GmbH (AS48152)	1
register.be	WILLUX.be N.V. (AS39641)	1
ns14.net	Pixel X e.K. (AS60380)	1
SECURITYSERVICES	NTT-DATA-2914 (AS2914)	1
CLOUDFLARENET	IT7NET (AS25820)	2
da.direct	UAB Interneto vizija (AS212531)	1
Institute of Mathematics and Computer Science of University of Latvia	SIA Tet (AS47570)	1
managed-ip.com	Mittwald CM Service GmbH & Co. KG (AS15817)	1
awsdns-28.com	AMAZON-02 (AS16509)	2
plenso.net	CLOUDFLARENET (AS13335)	1
AMAZON-02	SIA BITE Latvija (AS2588)	1
recipeplus.lv	RPH Business Support AS (AS57946)	1
gi-dns.com	MICROSOFT-CORP-MSN-AS-BLOCK (AS8075)	1
dateks.lv	Hostinger International Limited (AS47583)	1
MICROSOFT-CORP-MSN-AS-BLOCK	Dustin Aktiebolag (AS199520)	1
ntchosting.com	UK Dedicated Servers Limited (AS42831)	1
Beget LLC	FASTLY (AS54113)	1
include.lv	Hetzner Online GmbH (AS24940)	1
CLOUDFLARENET	REDAM SIA (AS215702)	1
amberbit.lv	Institute of Mathematics and Computer Science of University of Latvia (AS5538)	1
guzelhosting.com	OVH SAS (AS16276)	1
SECURITYSERVICES	OVEA SAS (AS29608)	1
Beget LLC	Partner Hosting LTD (AS215826)	2
reg.ru	Zen Internet Ltd (AS13037)	1
SECURITYSERVICES	PANDG (AS11003)	1
AMAZON-02	Iomart Cloud Services Limited (AS20860)	1
savana.cz	INTERNET CZ, a.s. (AS24806)	1
euroinfo.lv	SIA Tet (AS12578)	1
hosting-minecraft.ru	SEBEK sp. z o.o (AS213633)	1
dns.lv	TalkTalk (AS13285)	1
web-repository.com	AMAZON-AES (AS14618)	1
aspone.cz	CLOUDFLARENET (AS13335)	1
layerip.com	AMAZON-02 (AS16509)	1
finadvice.lv	SIA Tet (AS12578)	1
rsnx.ru	LLC astra Cloud (AS41535)	1
tosteris.com	DIGITALOCEAN-ASN (AS14061)	1
CLOUDFLARENET	Obehosting AB (AS42675)	1
g2.lv	Garmtech Lp (AS43108)	1
NForce Entertainment B.V.	The Infrastructure Group B.V. (AS60404)	1
wpx.net	K Media Tech Ltd. (AS210250)	1
xo.fm	XOmobile Ltd. (AS47371)	1
io.lv	SIA Tet (AS12578)	1
startpunktet.com	SQUARESPACE (AS53831)	1
cleannameservers.com	OVH SAS (AS16276)	1
pc-hilfe.com	Hetzner Online GmbH (AS24940)	1
NUCDN	Akamai International B.V. (AS20940)	1
AMAZON-02	Rietumu banka AS (AS13244)	1
serveris.lv	Telenet SIA (AS24589)	1
fedex.com	FITC-AS (AS7726)	1
SECURITYSERVICES	Telia Eesti AS (AS3249)	1
deac.lv	Akamai Connected Cloud (AS63949)	1
one.com	team.blue Denmark A/S (AS48854)	1
io.lv	Hetzner Online GmbH (AS24940)	1
hoster.kz	LLP Kompaniya Hoster.KZ (AS207333)	1
ports.se	Heart Internet limited (AS20738)	1
csdd.lv	Valsts akciju sabiedriba Celu satiksmes drosibas direkcija (AS57058)	1
supremedns.com	OVH SAS (AS16276)	1
CLOUDFLARENET	INFOTECHSYS (AS6943)	1
vshosting.cloud	VSHosting s.r.o. (AS43541)	2
domain.tld	DIGITALOCEAN-ASN (AS14061)	1
k12.lv	Versija SIA (AS8285)	1
awsdns-04.net	Equinix (EMEA) Acquisition Enterprises B.V. (AS15830)	1
domainers.de	CSC (AS19574)	1
environment.lv	SIA BITE Latvija (AS2588)	2
team.blue Denmark A/S	UNIFIEDLAYER-AS-1 (AS46606)	1
Sia Nano IT	Fiord Networks, UAB (AS28917)	1
SIA BITE Latvija	ERNIS SIA (AS15899)	1
jkii.lt	UAB Interneto vizija (AS212531)	1
MICROSOFT-CORP-MSN-AS-BLOCK	Web4U s.r.o. (AS39790)	1
hostgator.com	Tilda Publishing Ltd. (AS205282)	1
cepus.net	Iver Norge As (AS57829)	1
volcengine-dns.com	LUCIDACLOUD LIMITED (AS139659)	1
CLOUDFLARENET	Latvijas Mobilais Telefons SIA (AS12847)	1
CLOUDFLARENET	P.a.g.m. Ou (AS198068)	1
miblogic.com	Akamai Connected Cloud (AS63949)	1
garmtech.com	WEEBLY (AS27647)	1
keyloop.com	Keyloop Holdings (UK) Limited (AS206547)	1
stagestore.lv	Garmtech Lp (AS43108)	1
rff.lv	DIGITALOCEAN-ASN (AS14061)	1
awsdns-10.org	Sia Nano IT (AS43513)	1
landert.com	Sunrise GmbH (AS6730)	1
lpk.lv	SIA Tet (AS12578)	1
winhosting.eu	Telia Lietuva, AB (AS8764)	1
Claranet Limited	23M GmbH (AS47447)	1
2038.host	Fastmail Pty Ltd (AS151847)	1
mbox.lu	Visual Online S.A. (AS9008)	1
garmtech.net	AMAZON-02 (AS16509)	2
Sia Nano IT	Telia Eesti AS (AS3249)	1
NUCDN	Enflow B.V. (AS209626)	1
folio.lv	SERTEX SIA (AS64421)	1
cloudns.net	AS40676 (AS40676)	1
myserver.lv	Telenet SIA (AS24589)	1
Telia Lietuva, AB	Telia Lietuva, AB (AS8764)	1
markmonitor.com	CISCOSYSTEMS (AS109)	1
agra.lv	DIGITALOCEAN-ASN (AS14061)	1
ntxl.eu	CloudHosting SIA (AS58269)	2
CLOUDFLARENET	DATABANK-DFW (AS13767)	1
my-hosting.lv	DIGITALOCEAN-ASN (AS14061)	1
ns14.net	dogado GmbH (AS47215)	1
AMAZON-02	SECURITYSERVICES (AS12008)	1
SECURITYSERVICES	GOOGLE (AS15169)	1
cadence.lv	SIA BITE Latvija (AS21016)	1
dns.lv	SIA SILKO serviss (AS51249)	1
Santa Monica Networks SIA	Santa Monica Networks SIA (AS35407)	1
mohawkind.com	MICROSOFT-CORP-MSN-AS-BLOCK (AS8075)	1
YANDEX LLC	DIGITALOCEAN-ASN (AS14061)	1
serveks.com	AMAZON-AES (AS14618)	1
ularhost.com	OVH SAS (AS16276)	1
SIA Tet	Sabiedriba ar ierobezotu atbildibu DELSKA Latvia (AS12993)	2
neuroth.at	InterNetworX Management GmbH (AS48596)	1
123ns.de	MICROSOFT-CORP-MSN-AS-BLOCK (AS8075)	1
iurd.ru	Rostelecom (AS42610)	1
tentacle.fi	Mediam Oy (AS39324)	1
Akamai International B.V.	RMH-14 (AS33070)	1
ports.se	Telia Cygate AB (AS197308)	1
gedvards.lv	Sia Nano IT (AS43513)	1
due.lv	SIA Tet (AS12578)	1
ipcom GmbH	Scaleway S.a.s. (AS12876)	1
worldrid.com	AMAZON-02 (AS16509)	1
campingsearch.net	Ops One AG (AS198249)	1
portalsvr.lv	M247 Europe SRL (AS9009)	1
envox.lv	Jsc Balticom (AS24651)	2
as41887.eu	Prolocation B.V. (AS41887)	1
JSC Selectel	TimeWeb LLC (AS9123)	1
gusc.lv	DIGITALOCEAN-ASN (AS14061)	1
european-server.com	Krystal Hosting Ltd (AS12488)	1
Zone Media OU	365.partners INC (AS198178)	1
iok.net	Garmtech Lp (AS43108)	1
managed-ip.com	SIA ALSO Latvia (AS35484)	1
Institute of Mathematics and Computer Science of University of Latvia	SIA Maklaut (AS199103)	1
corpinter.de	COLT Technology Services Group Limited (AS8220)	1
awsdns-06.com	CLOUDFLARENET (AS13335)	1
MICROSOFT-CORP-MSN-AS-BLOCK	SIA Tet (AS6747)	1
id.lv	SIA BITE Latvija (AS20910)	1
bsms.lv	AMAZON-02 (AS16509)	1
AMAZON-02	Sentia Denmark A/S (AS47292)	1
domainers.de	COGECO-PEER1 (AS13768)	1
alise.lv	SIA Tet (AS5518)	1
exxs.net	Hetzner Online GmbH (AS24940)	1
madhoster.com	SIA Maklaut (AS199103)	1
eiriq.com	SIA BITE Latvija (AS20910)	1
ip-135-148-6.us	OVH SAS (AS16276)	1
Telia Lietuva, AB	SIA BITE Latvija (AS2588)	1
xtsystem.it	Akamai Connected Cloud (AS63949)	1
CLOUDFLARENET	BIT BV (AS12859)	2
CLOUDFLARENET	Clouvider Limited (AS62240)	1
marguciai.lt	Informacines sistemos ir technologijos, UAB (AS61272)	1
Anverino Software SRL	Contabo GmbH (AS51167)	1
online.lv	IONOS SE (AS8560)	1
heidelberg.com	dogado GmbH (AS47215)	1
seffner-schlesier.de	Hetzner Online GmbH (AS24940)	1
Sia Nano IT	Cloudflare London, LLC (AS209242)	1
markmonitor.com	GANDI SAS (AS29169)	1
dns.lv	AS Citadele banka (AS16279)	1
ipv1.lv	SIA Tet (AS47570)	1
dns.com	ASLINE LIMITED (AS137951)	2
GOOGLE	Deda Tech SRL (AS24817)	1
dns.lv	IS-AS-1 (AS19318)	1
intel.com	INTEL-SC-AS (AS4983)	1
dns.lv	SOFTLAYER (AS36351)	2
Telia Finland Oyj	OU CSC Telecom Estonia (AS207872)	1
MICROSOFT-CORP-MSN-AS-BLOCK	KYN-GTS (AS14904)	1
lf.net	GO-DADDY-COM-LLC (AS400754)	1
BUNNYWAY, informacijske storitve d.o.o.	Optimus IT d.o.o. (AS48894)	1
CLOUDFLARENET	Hong Kong Communications International Co., Limited (AS140227)	1
register.eu	Combell NV (AS34762)	1
gi-dns.com	Hetzner Online GmbH (AS24940)	1
retrofuture.lv	Garmtech Lp (AS43108)	1
sitbv.nl	ExtraIP B.V. (AS45040)	1
gi-dns.com	Retelit Digital Services S.p.A. (AS12850)	1
OVH SAS	Infomaniak Network SA (AS29222)	1
mm88.lv	Hostinger International Limited (AS47583)	1
CLOUDFLARENET	AS INFONET (AS8728)	1
arkemagroup.com	CLOUDFLARENET (AS13335)	1
register.it	TIM (AS20746)	2
forza.lv	Versija SIA (AS8285)	1
Hangzhou Alibaba Advertising Co.,Ltd.	StarLight Network, Inc. (AS214828)	1
supremedns.com	AMAZON-02 (AS16509)	1
Atak Domain Bilgi Teknolojileri A.S.	Atak Domain Bilgi Teknolojileri A.S. (AS211401)	1
telekom-domains.de	ARTHREXINC (AS26151)	1
spx.lv	MICROSOFT-CORP-MSN-AS-BLOCK (AS8075)	1
z500.pl	OVH SAS (AS16276)	1
cnczone.lv	SIA BITE Latvija (AS20910)	1
dns.lv	GTT Communications Inc. (AS3257)	1
QUIC-CLOUD	Hetzner Online GmbH (AS24940)	2
Zone Media OU	Radware Ltd (AS48851)	1
as41887.eu	Hetzner Online GmbH (AS24940)	1
krones-group.com	PlusServer GmbH (AS61157)	1
co.uk	VERISIGN-ILG1 (AS30060)	1
G-Core Labs S.A.	Cloudie Limited (AS55933)	1
HURRICANE	Wix.com Ltd. (AS58182)	1
IONOS SE	Alibaba US Technology Co., Ltd. (AS45102)	1
dns.lv	MasterDC s.r.o. (AS24971)	1
wireless.lv	Mikrotikls SIA (AS51894)	1
quicns.net	OVH SAS (AS16276)	1
interlan.se	Nordlo Sodra Norrland AB (AS43065)	1
einfachtoll.com	T-Mobile Austria GmbH (AS8412)	1
datacenter.fi	Advania Finland Oy (AS41369)	1
sendit.lv	Versija SIA (AS8285)	1
solutions.fi	DNA Oyj (AS16086)	1
GANDI SAS	Deutsche Telekom AG (AS3320)	2
gdmnet.se	MICROSOFT-CORP-MSN-AS-BLOCK (AS8075)	1
dns.lv	Jesse Roehsler (AS47263)	1
sellit.lv	Wix.com Ltd. (AS58182)	1
Zone Media OU	Jakobstadsnejdens Telefon Ab (AS24751)	1
ezzed.com	Scaleway S.a.s. (AS12876)	1
home.pl	Asseco Data Systems S.A. (AS28785)	1
online.lv	AMAZON-02 (AS16509)	1
hoststar.hosting	Hetzner Online GmbH (AS24940)	1
worldwidedns.net	ATLANTIC-NET-1 (AS6364)	1
optrix.lv	Optrix SIA (AS197616)	1
saldus.lv	Garmtech Lp (AS43108)	1
online.lv	AS Postimees Grupp (AS207254)	1
vet.lv	Sia Nano IT (AS43513)	1
OVH SAS	Ddos-guard Ltd (AS57724)	1
NUCDN	Cegecom S.A. (AS15965)	1
MICROSOFT-CORP-MSN-AS-BLOCK	Sokom S.r.l. (AS57507)	1
net.pl	ZINET.NET.PL Sp. z.o.o. (AS41508)	1
bosch.de	AMAZON-02 (AS16509)	2
BUNNYWAY, informacijske storitve d.o.o.	AS-VULTR (AS20473)	1
accenture.com	ACCENTURE (AS3573)	1
hosting.lv	DIGITALOCEAN-ASN (AS14061)	1
cermet.lv	Optrix SIA (AS197616)	1
awsdns-14.org	Leica Geosystems AG (AS208065)	1
Sia Nano IT	Teleglobal SIA (AS43877)	1
gksmdns.com	LLC VK (AS47764)	1
SECURITYSERVICES	CW Vodafone Group PLC (AS1273)	1
manrev.net	AMAZON-02 (AS16509)	1
Zone Media OU	A2HOSTING (AS55293)	1
yolink.lv	Garmtech Lp (AS43108)	1
hkn.de	HKN GmbH (AS12676)	1
NUCDN	GleSYS AB (AS42708)	1
Zone Media OU	Cloudflare London, LLC (AS209242)	1
DNA Oyj	home.pl S.A. (AS12824)	1
team.blue Denmark A/S	CSC (AS19574)	1
Tele2 SWIPnet	Optrix SIA (AS197616)	1
AMAZON-02	SavMAN AB (AS28854)	1
venta.lv	AMAZON-AES (AS14618)	1
timmehosting.de	OVH SAS (AS16276)	1
dns1.hu	Cyber_Folks S.A. (AS29522)	1
CLOUDFLARENET	Duocast B.V. (AS31477)	1
OVH SAS	MICROSOFT-CORP-MSN-AS-BLOCK (AS8075)	1
interip.nl	WorldStream B.V. (AS49981)	1
Telenet SIA	FASTLY (AS54113)	1
cloudns.net	Jsc Balticom (AS24651)	1
vivasport.lv	Zone Media OU (AS49604)	1
grove.de	HKN GmbH (AS12676)	1
supremedns.com	Sia Nano IT (AS43513)	1
microhost.pl	CLOUDFLARENET (AS13335)	1
intech.lv	Sia dolphnet (AS51548)	2
0x00.lv	Sabiedriba ar ierobezotu atbildibu DELSKA Latvia (AS12993)	2
equator-studio.com	GOOGLE-CLOUD-PLATFORM (AS396982)	1
ns14.net	MARCANT AG (AS15726)	1
Telia Finland Oyj	GOOGLE-CLOUD-PLATFORM (AS396982)	1
data-center.com	Hetzner Online GmbH (AS24940)	1
UAB Interneto vizija	Sabiedriba ar ierobezotu atbildibu DELSKA Latvia (AS12993)	1
plusserver.com	Hetzner Online GmbH (AS24940)	1
autonet.ee	Contabo GmbH (AS51167)	1
Seonet Multimedia s.r.o.	CLOUDFLARENET (AS13335)	1
vistec.net	VISTEC Internet Service GmbH (AS20792)	1
register.it	GOOGLE (AS15169)	1
viky.lv	SIA BITE Latvija (AS20910)	1
GANDI SAS	Plus.line AG (AS12306)	1
dmarc.lv	Institute of Mathematics and Computer Science of University of Latvia (AS5538)	1
SIA Maklaut	Zone Media OU (AS49604)	1
agfa.be	Agfa Gevaert NV (AS31612)	1
qware.eu	Routit BV (AS28685)	1
net.uk	UKDedicated LTD (AS34282)	1
CLOUDFLARENET	Vodafone Czech Republic a.s. (AS16019)	1
infocity.pl	Orange Polska Spolka Akcyjna (AS5617)	1
BUNNYWAY, informacijske storitve d.o.o.	LIQUIDWEB (AS32244)	1
1a.nl	dnx network sarl (AS212882)	1
teamviewer.com	ANEXIA Internetdienstleistungs GmbH (AS42473)	1
ANEXIA Internetdienstleistungs GmbH	GTT Communications Inc. (AS3257)	1
xaoc.lv	Sia Nano IT (AS43513)	1
managed-ns.com	OVH SAS (AS16276)	1
combell.net	Vancis IP B.V. (AS15879)	1
dns.lv	T-Mobile Austria GmbH (AS8412)	1
CLOUDFLARENET	Emp Secure As (AS28824)	1
MICROSOFT-CORP-MSN-AS-BLOCK	UNIFIEDLAYER-AS-1 (AS46606)	1
markmonitor.com	Bluewin (AS3303)	1
servolet.com	Hetzner Online GmbH (AS24940)	1
AMAZON-02	Ans Academy Limited (AS61323)	1
fsdatans.net	Hostek AB (AS61207)	1
CLOUDFLARENET	LiveDns Ltd (AS201857)	1
atelierhosting.com	NAMECHEAP-NET (AS22612)	1
topsec.com	ACTIVE 24, s.r.o. (AS25234)	1
CLOUDFLARENET	SIA SOCKS (AS41390)	1
ORANGE BUSINESS SERVICES U.S. Inc.	IACD Systemhaus GmbH (AS16218)	1
neon.lv	SIA BITE Latvija (AS20910)	1
beehosting.pro	GOOGLE-CLOUD-PLATFORM (AS396982)	1
dns.lv	ZAO Web Hosting (AS30943)	1
SECURITYSERVICES	Bayerische Motoren Werke Aktiengesellschaft (AS8590)	3
OVH SAS	home.pl S.A. (AS12824)	1
tab.lv	SIA Network Operations Center (AS203339)	1
serveriai.lt	Institute of Mathematics and Computer Science of University of Latvia (AS5538)	1
ow1.lv	Hetzner Online GmbH (AS24940)	1
CLOUDFLARENET	Chinanet (AS4134)	1
etop.pl	eTOP sp. z o.o. (AS20853)	1
ch.lv	SIA Tet (AS12578)	1
awsdns-28.org	AMAZON-02 (AS16509)	1
dns.lv	M247 Ltd (AS33970)	1
GOOGLE	UpCloud Ltd (AS202053)	1
areait.lv	Sia Nano IT (AS43513)	1
globalsigndns.com	Devrandom.be BV (AS208725)	1
CLOUDFLARENET	SIA GOOD (AS39900)	1
1984.is	Stichting Hivos (AS60526)	1
draugiem.lv	AMAZON-02 (AS16509)	1
comtrance.de	comtrance service GmbH (AS30962)	1
zumedns.com	Alpha Internet Limited (AS58051)	1
AMAZON-02	CSC (AS19574)	1
MICROSOFT-CORP-MSN-AS-BLOCK	Radware Ltd (AS48851)	1
astralux.lv	Jsc Balticom (AS24651)	1
lvmgeo.lv	SIA Tet (AS5518)	1
Safenames Ltd.	MICROSOFT-CORP-MSN-AS-BLOCK (AS8075)	1
Safenames Ltd.	Nuco Technologies Ltd (AS45014)	1
twins.lv	Versija SIA (AS8285)	1
SIA BITE Latvija	UAB Interneto vizija (AS212531)	1
Hetzner Online GmbH	HOSTHATCH (AS63473)	1
Akamai International B.V.	MASTER-7-AS (AS26380)	2
AMAZON-02	Datacenter Luxembourg S.A. (AS24611)	1
ediweb.eu	CITIC Telecom CPC Netherlands B.V. (AS3327)	1
online.lv	Enix Ltd (AS52148)	1
NUCDN	Itm8 A/S (AS62319)	1
online.lv	SINGLEHOP-LLC (AS32475)	1
rentforevent.lv	Garmtech Lp (AS43108)	1
dns.lv	Infomaniak Network SA (AS29222)	2
DIGICERT	NETACTUATE (AS36236)	1
doorhan.com	Hetzner Online GmbH (AS24940)	1
dns-bb.de	Mittwald CM Service GmbH & Co. KG (AS15817)	1
infoserver.lv	SIA BITE Latvija (AS20910)	1
Radicenter OU	DIGITALOCEAN-ASN (AS14061)	1
mt.lv	Mikrotikls SIA (AS51894)	1
mandarin.lv	Versija SIA (AS8285)	1
elpis.lv	Tilda Publishing Ltd. (AS205282)	1
thednscompany.com	ML Consultancy (AS9150)	1
veloplus.lv	Domain names registrar REG.RU, Ltd (AS197695)	1
clover.host	LeaseWeb Netherlands B.V. (AS60781)	1
ipcom GmbH	GISA GmbH (AS205435)	1
yourdomainprovider.net	DIGITALOCEAN-ASN (AS14061)	1
Equinix (EMEA) Acquisition Enterprises B.V.	Equinix (EMEA) Acquisition Enterprises B.V. (AS15830)	1
SIA Tet	UAB Rakrejus (AS62282)	1
endrju.lv	UK Dedicated Servers Limited (AS42831)	1
smartsystems.lv	Jsc Balticom (AS24651)	1
grundfos.com	Grundfos Holding A/s (AS31131)	1
ACTIVE 24, s.r.o.	Slovak Telekom, a.s. (AS6855)	1
Pq Hosting Plus S.r.l.	Zomro B.V. (AS204601)	2
MICROSOFT-CORP-MSN-AS-BLOCK	Servicos De Comunicacoes E Multimedia S.A. (AS3243)	1
Hetzner Online GmbH	SIA DIVI Grupa (AS35809)	1
GOOGLE	M247 Europe SRL (AS9009)	1
Create & Develop BDR	AMAZON-02 (AS16509)	1
di.lv	Institute of Mathematics and Computer Science of University of Latvia (AS5538)	1
laimz.lv	CLOUDFLARENET (AS13335)	1
Infomaniak Network SA	WOW (AS23033)	1
ml.ee	Telia Eesti AS (AS3249)	1
dns.lv	Retelit Digital Services S.p.A. (AS3302)	1
newss.it	Aruba S.p.A. (AS31034)	1
hostix.de	NetCologne Gesellschaft fur Telekommunikation mbH (AS8422)	1
DIGICERT	AMAZON-02 (AS16509)	1
combell.net	Rackspace Ltd. (AS15395)	1
opspro.lv	Telenet SIA (AS24589)	1
MICROSOFT-CORP-MSN-AS-BLOCK	Safenames Ltd. (AS60819)	1
dns.lv	GRIDFURY-AS (AS40630)	1
euronic.fi	Optimizely AB (AS30811)	2
ns53.be	Combell NV (AS34762)	1
Host Europe GmbH	Docklands Data Centre Ltd (AS9086)	1
GANDI SAS	Eir Broadband (AS5466)	1
rocket-media.info	Mittwald CM Service GmbH & Co. KG (AS15817)	1
e2youngengineers.org	Hetzner Online GmbH (AS24940)	1
OVH SAS	Beyond.pl sp. z o.o. (AS31229)	1
MICROSOFT-CORP-MSN-AS-BLOCK	Domain names registrar REG.RU, Ltd (AS197695)	1
Sia Nano IT	Clodo Cloud Service Co. L.L.C (AS216154)	1
spx.lv	GOOGLE-CLOUD-PLATFORM (AS396982)	1
home.pl	Play (AS31242)	1
maxcluster.net	23M GmbH (AS47447)	1
AMAZON-02	UpCloud Ltd (AS202053)	1
domagroup.lv	SIA Tet (AS12578)	1
ports.se	Domainkeskus Oy (AS201964)	1
sesderma.com	Soltia Consulting SL (AS201942)	1
maximagroup.eu	CLOUDFLARENET (AS13335)	1
MICROSOFT-CORP-MSN-AS-BLOCK	HASBRO (AS32025)	1
soudal.lv	GOOGLE-CLOUD-PLATFORM (AS396982)	1
sarunas.lv	Latvijas tikli, SIA (AS16062)	1
aversus.com	OVH SAS (AS16276)	1
CLOUDFLARENET	Hostek AB (AS61207)	1
itap.lv	DIGITALOCEAN-ASN (AS14061)	1
CLOUDFLARENET	Tencent Building, Kejizhongyi Avenue (AS132203)	1
namnam.lv	Garmtech Lp (AS43108)	1
mafra.cz	MAFRA, a.s. (AS38952)	1
hosterion.com	Hosterion Srl (AS43927)	2
syndicate.lv	Garmtech Lp (AS43108)	1
CLOUDFLARENET	InterNetworX Management GmbH (AS48596)	1
AS-VULTR	NAMECHEAP-NET (AS22612)	1
ashop.lv	SIA BITE Latvija (AS20910)	1
cewedigital.de	CEWE Stiftung & Co. KGaA (AS49494)	1
ihc.ru	EuroByte LLC (AS210079)	1
junik.lv	Telenet SIA (AS24589)	1
3lsolution.eu	UNIFIEDLAYER-AS-1 (AS46606)	1
tosteris.com	20i Limited (AS48254)	1
netim.net	WISTEE SAS (AS48594)	1
garmtech.net	ORACLE-BMC-31898 (AS31898)	1
abedns.net	SIA Aizdevums.lv (AS211838)	1
llu.lv	Latvijas Biozinatnu un tehnologiju universitaete (AS13242)	2
dns.lv	RACKSPACE (AS27357)	1
NUCDN	British Telecommunications PLC (AS2856)	1
SECURITYSERVICES	Retelit Digital Services S.p.A. (AS28716)	1
serveris.lv	Zetta Hosting Solutions LLC. (AS44476)	1
teamnet.de	Teamnet GmbH (AS35062)	2
eurosignal.cz	Webglobe, s.r.o. (AS29134)	1
riga.lv	VAS Latvijas Valsts radio un televizijas centrs (AS8194)	1
cloudns.net	M-net Telekommunikations GmbH (AS8767)	1
abovers.net	Orange (AS3215)	1
active24.cz	DIGITALOCEAN-ASN (AS14061)	1
Safenames Ltd.	British Telecommunications PLC (AS2856)	1
wearehostingyou.com	CLOUDFLARENET (AS13335)	1
markmonitor.com	GOOGLE-CLOUD-PLATFORM (AS396982)	1
odoo.com	OVH SAS (AS16276)	1
infomaniak.ch	IONOS SE (AS8560)	1
spx.lv	SIA Tet (AS12578)	1
123ns.eu	FASTLY (AS54113)	1
levita-dns.eu	GOOGLE-CLOUD-PLATFORM (AS396982)	1
pt.lu	Swissquote Bank SA (AS31141)	1
serveriai.lt	NETWORK-SOLUTIONS-HOSTING (AS19871)	1
GOOGLE-CLOUD-PLATFORM	Institute of Mathematics and Computer Science of University of Latvia (AS5538)	1
Deutsche Telekom AG	NETWAYS GmbH (AS61303)	1
moornetworks.net	OVH SAS (AS16276)	1
zonomi.com	ORACLE-BMC-31898 (AS31898)	1
ipcom GmbH	ebm-papst Mulfingen GmbH & Co. KG (AS47769)	2
telekom-domains.de	Hetzner Online GmbH (AS24940)	1
svethostingu.cz	MasterDC s.r.o. (AS24971)	1
namesrv.ch	dogado GmbH (AS8648)	1
egensajt.se	DIGITALOCEAN-ASN (AS14061)	1
web2.ee	Zone Media OU (AS49604)	1
nic.ru	TT-Travel LLC (AS59935)	1
garmtech.net	Institute of Mathematics and Computer Science of University of Latvia (AS5538)	1
home.pl	Cyber_Folks S.A. (AS29522)	1
jimdo-server.com	CLOUDFLARENET (AS13335)	1
HURRICANE	M247 Europe SRL (AS9009)	1
internex.at	Hetzner Online GmbH (AS24940)	1
superhosting.bg	SuperHosting.BG Ltd. (AS201200)	1
dataclub.lv	SIA Network Operations Center (AS212911)	1
dailymotion.com	Dailymotion S.A. (AS41690)	1
goodbye.lv	SIA BITE Latvija (AS20910)	1
marc-cain.net	Hetzner Online GmbH (AS24940)	2
ignum.com	Hetzner Online GmbH (AS24940)	1
fastvps.ru	P.a.g.m. Ou (AS198068)	1
dts-net.com	DACEN-2 (AS31863)	1
1gb.ru	GHOSTnet GmbH (AS12586)	1
impulss.lv	Hetzner Online GmbH (AS24940)	1
com.pl	Trojniak Krzysztof FLYNET (AS204019)	1
bahigo.online	AMAZON-02 (AS16509)	2
ns14.net	Deutsche Glasfaser Wholesale GmbH (AS60294)	1
valuehost.ru	Versija SIA (AS8285)	1
426.lv	Scaleway S.a.s. (AS12876)	1
DIGICERT	SIA Tet (AS12578)	1
mydns.jp	its communications Inc. (AS9365)	1
bofh.lv	Exeplay d.o.o. (AS205613)	2
Cyber_Folks S.A.	INEA sp. z o.o. (AS13110)	1
online.lv	mono solutions ApS (AS201595)	1
CLOUDFLARENET	Wildcard UK Limited (AS34119)	1
tallink.ee	AS Tallink Grupp (AS43958)	1
exum.eu	OVH SAS (AS16276)	1
alastyr.com	Alastyr Telekomunikasyon A.S. (AS3188)	1
SECURITYSERVICES	home.pl S.A. (AS12824)	1
businessmedia.lv	Sia Latvijas Talrunis (AS42663)	1
DIGICERT	MICROSOFT-CORP-MSN-AS-BLOCK (AS8075)	1
cpanel.guru	AMAZON-AES (AS14618)	1
nservice.lv	Hetzner Online GmbH (AS24940)	1
lair.lv	Hetzner Online GmbH (AS24940)	1
SIA BITE Latvija	Latvijas Mobilais Telefons SIA (AS24921)	1
awsdns-18.net	Iomart Cloud Services Limited (AS20860)	1
webcraft.ee	Compic OU (AS39823)	1
mijndns.com	Eurofiber Cloud Infra B.V. (AS25459)	1
registrar-servers.com	Hostinger International Limited (AS47583)	1
linode.com	LIQUIDWEB (AS32244)	1
namehero.com	OVH SAS (AS16276)	1
linode.com	HERABIT S.p.A. (AS21309)	1
SIA BITE Latvija	IONOS SE (AS8560)	1
Versija SIA	Institute of Mathematics and Computer Science of University of Latvia (AS5538)	1
AMAZON-02	UniWeb bvba (AS35593)	1
Elisa Oyj	MICROSOFT-CORP-MSN-AS-BLOCK (AS8075)	1
akrapovic.si	MICROSOFT-CORP-MSN-AS-BLOCK (AS8075)	1
zbshost.com	RETN Limited (AS28886)	1
netim.net	GlobalConnect AB (AS12552)	1
ANEXIA Internetdienstleistungs GmbH	Telia Company AB (AS3301)	2
OVH SAS	AS-VULTR (AS20473)	1
CLOUDFLARENET	University of Latvia (AS8605)	1
SECURITYSERVICES	Accenture SAS (AS25593)	1
edns.de	blackpoint GmbH (AS214319)	1
cadence.lv	GOOGLE (AS15169)	1
dts-online.net	Claas KGaA mbH (AS208868)	2
tonerrefill.lv	SIA BITE Latvija (AS20910)	1
brsystems.lv	SIA Tet (AS12578)	1
gov.lv	GlobalConnect A/S (AS31027)	1
hostmaster.lv	Latvijas tikli, SIA (AS16062)	1
Akamai International B.V.	NTT-DATA-2914 (AS2914)	1
schindler.com	FASTLY (AS54113)	1
dnsexit.com	DIGITALOCEAN-ASN (AS14061)	1
fullstack.lv	Garmtech Lp (AS43108)	1
ipcom GmbH	Arvid Logicum OU (AS202376)	1
harmonija.lv	Sia Nano IT (AS43513)	1
manitu.net	manitu GmbH (AS34240)	1
worldcastdns.com	Admax AB (AS39806)	1
is-fun.net	Cloudflare London, LLC (AS209242)	1
Telia Company AB	AMAZON-02 (AS16509)	1
awsdns-04.net	DIGITALOCEAN-ASN (AS14061)	1
garmtech.com	SIA BITE Latvija (AS20910)	2
mdpcloud.com	UAB Baltnetos komunikacijos (AS15440)	1
CLOUDFLARENET	Rackspace Ltd. (AS15395)	1
danego.net	DIGITALOCEAN-ASN (AS14061)	1
dnssrv.nl	AMAZON-02 (AS16509)	1
coreit.se	CoreIT AB (AS209041)	2
salskea.fi	Hetzner Online GmbH (AS24940)	1
NSONE	LeaseWeb Netherlands B.V. (AS60781)	1
dns.lv	home.pl S.A. (AS12824)	1
gabi.lv	Institute of Mathematics and Computer Science of University of Latvia (AS5538)	1
datacore.lv	Contabo GmbH (AS51167)	1
isolgomma.lv	Hetzner Online GmbH (AS24940)	1
masterhost.ru	LLC masterhost (AS25532)	1
CLOUDFLARENET	Fundaments B.V. (AS20559)	1
ictpark.ch	METANET AG (AS21069)	1
eprons.lv	Host Europe GmbH (AS8972)	1
CLOUDFLARENET	RouteLabel V.O.F. (AS198203)	1
Safenames Ltd.	Turk Telekom (AS9121)	1
dnsexit.com	Zemlyaniy Dmitro Leonidovich (AS47987)	1
PRO-9 SIA	Sabiedriba ar ierobezotu atbildibu DELSKA Latvia (AS12993)	1
autokompleks.lv	AMAZON-02 (AS16509)	1
domain-box.dk	Hetzner Online GmbH (AS24940)	1
lateastv.lv	Hetzner Online GmbH (AS24940)	1
Institute of Mathematics and Computer Science of University of Latvia	GOOGLE (AS15169)	1
webb.net	CLOUDFLARENET (AS13335)	1
AMAZON-02	WHG Hosting Services Ltd (AS14670)	1
IONOS SE	Plusnet GmbH (AS20676)	1
YANDEX LLC	Institute of Mathematics and Computer Science of University of Latvia (AS5538)	1
agrobusiness.lv	Institute of Mathematics and Computer Science of University of Latvia (AS5538)	1
zogal.lv	Hetzner Online GmbH (AS24940)	1
dns.lv	Webhost LLC (AS44094)	1
apit.lv	SIA Tet (AS47570)	1
kandinsky.net	Hetzner Online GmbH (AS24940)	1
commit.ee	Telia Eesti AS (AS3249)	1
netkert.hu	Magyar Telekom Plc. (AS5483)	1
absolutushost.nl	BEST-NET s.r.o. (AS196653)	1
dns.lv	Domeneshop AS (AS12996)	1
t2i.lv	Hetzner Online GmbH (AS24940)	1
Cyber_Folks S.A.	OVH SAS (AS16276)	1
iquer.net	iquer.net GmbH & Co KG (AS201955)	2
zomro.com	Zomro B.V. (AS204601)	1
turiba.lv	SIA Biznesa augstskola Turiba (AS15827)	1
dns.lv	Hosting Ukraine LTD (AS200000)	1
nomeo.be	Destiny N.V (AS28707)	1
1tele.net	SIA Tet (AS12578)	1
l1.lv	Scaleway S.a.s. (AS12876)	1
Institute of Mathematics and Computer Science of University of Latvia	SIA MWTV (AS44575)	1
SECURITYSERVICES	Register S.p.A. (AS39729)	1
active24.cz	MICROSOFT-CORP-MSN-AS-BLOCK (AS8075)	1
byethost42.org	Wildcard UK Limited (AS34119)	1
handyhost.ru	Hetzner Online GmbH (AS24940)	1
BB-Online UK Ltd	SOFTLAYER (AS36351)	1
managed-ip.com	23M GmbH (AS47447)	1
Versija SIA	Akamai Connected Cloud (AS63949)	1
xf.lv	Sia Nano IT (AS43513)	1
init3.eu	AMAZON-02 (AS16509)	1
mm-com.de	Deutsche Telekom AG (AS3320)	1
SECURITYSERVICES	Teva Pharmaceutical Industries Limited (AS12753)	1
lucushost.com	OVH SAS (AS16276)	1
Hetzner Online GmbH	MasterDC s.r.o. (AS24971)	1
et.lv	Sia Nano IT (AS43513)	1
anu.net	Asimo Networks B.V. (AS49127)	2
dn-s.nl	LeaseWeb Netherlands B.V. (AS60781)	1
Institute of Mathematics and Computer Science of University of Latvia	PERFORMIVE (AS46562)	1
emirates.com	AMAZON-02 (AS16509)	2
hyp.net	Hetzner Online GmbH (AS24940)	1
ehobby.lv	OVH SAS (AS16276)	1
Akamai International B.V.	SIA Tet (AS12578)	1
iwantmyname.net	ORACLE-BMC-31898 (AS31898)	1
balmet.lv	Hetzner Online GmbH (AS24940)	1
1984.is	1984 ehf (AS44925)	1
lemarit.de	dogado GmbH (AS45012)	1
edicy.net	Zone Media OU (AS49604)	1
yritysnet.fi	SSASN2 (AS20454)	1
penki.lt	Penkiu kontinentu komunikaciju centras, Ltd. (AS21211)	1
myshoptet.com	Shoptet, a.s. (AS198627)	1
redham.ru	Internet-Pro LLC (AS44128)	1
fresenius.de	FASTLY (AS54113)	1
GANDI SAS	LeaseWeb Netherlands B.V. (AS60781)	1
tti.lv	SIA Tet (AS12578)	2
dns.lv	HOSTHATCH (AS63473)	1
Hetzner Online GmbH	SIA Datu Tehnologiju Grupa (AS41898)	1
daladatorer.net	Liden Data Internetwork AB (AS13189)	1
awsdns-14.org	Hetzner Online GmbH (AS24940)	1
DIGICERT	Hostinger International Limited (AS47583)	1
x-dns.de	planet 33 AG (AS206138)	1
CLOUDFLARENET	FLY (AS40509)	2
hoster.by	Belarusian Cloud Technologies LLC (AS60330)	1
ronet.de	KOMRO Gesellschaft fuer Telekommunikation mit beschraenkter Haftung (AS29413)	1
alfait.lv	SIA BITE Latvija (AS2588)	1
sal.lv	LR Izglitibas un zinatnes ministrija (AS34073)	1
areait.lv	WEEBLY (AS27647)	1
infopages.lv	SIA Tet (AS12578)	1
efficient.it	Pixel X e.K. (AS60380)	1
BB-Online UK Ltd	British Telecommunications PLC (AS2856)	1
jlrext.com	Telia Cygate Oy (AS29422)	1
hyp.net	INCAPSULA (AS19551)	1
aizkraukle.lv	VAS Latvijas Valsts radio un televizijas centrs (AS8194)	1
SECURITYSERVICES	Telia Company AB (AS3301)	1
Netnod AB	Bahnhof AB (AS8473)	1
NUCDN	Host Europe GmbH (AS8972)	1
positiv.lv	Hetzner Online GmbH (AS24940)	1
uniserve.de	Surfplanet GmbH (AS33984)	1
CLOUDFLARENET	Telehouse EAD (AS57344)	1
dns.lv	RMH-14 (AS33070)	1
Elisa Oyj	CGI Suomi Oy (AS24713)	1
YANDEX LLC	UAB Interneto vizija (AS212531)	1
online.lv	HKN GmbH (AS12676)	1
issociate.de	InterNetX GmbH (AS15456)	1
perf1.com	AMAZON-02 (AS16509)	2
Sia Nano IT	AS-VULTR (AS20473)	1
CLOUDFLARENET	Quality Service Provider BV (AS12315)	1
promocodex.com	Cyber_Folks SRL (AS44043)	1
netvision.lv	SIA BITE Latvija (AS2588)	1
hostup.se	CLOUDFLARENET (AS13335)	1
dns.lv	SIA BITE Latvija (AS47814)	1
DIGICERT	Akamai International B.V. (AS20940)	1
macom.lv	Jsc Balticom (AS24651)	1
rxtx.cx	Hetzner Online GmbH (AS24940)	1
first-colo.net	firstcolo GmbH (AS44066)	1
garmtech.net	VAS Latvijas Valsts radio un televizijas centrs (AS8194)	1
tldns.net	comtrance service GmbH (AS30962)	1
GANDI SAS	Tilda Publishing Ltd. (AS205282)	1
UAB Interneto vizija	Zone Media OU (AS49604)	1
ZONER a.s.	MasterDC s.r.o. (AS24971)	1
rjk.lv	Garmtech Lp (AS43108)	1
level27.eu	Level 27 BVBA (AS59943)	1
yourdomainprovider.net	Hetzner Online GmbH (AS24940)	1
sedo.com	SEDO GmbH (AS47846)	1
omxgraphics.com	OVH SAS (AS16276)	1
ports.se	T-Mobile Czech Republic a.s. (AS5588)	1
dodns.net	PlusServer GmbH (AS61157)	1
Telenet SIA	Sabiedriba ar ierobezotu atbildibu DELSKA Latvia (AS12993)	1
aerie.lv	Versija SIA (AS8285)	1
CLOUDFLARENET	ZOHO Corporation B.V (AS205111)	1
wedos.com	WEDOS Internet, a.s. (AS208414)	1
awsdns-01.net	Equinix (EMEA) Acquisition Enterprises B.V. (AS15830)	1
123ns.de	netcup GmbH (AS197540)	1
BUNNYWAY, informacijske storitve d.o.o.	MICROSOFT-CORP-MSN-AS-BLOCK (AS8075)	1
co.uk	Think BV Limited (AS51159)	1
OVH SAS	dhosting.pl Sp. z o.o. (AS48896)	1
DIGICERT	AS-VULTR (AS20473)	1
edi.lv	DIGITALOCEAN-ASN (AS14061)	1
awsdns-24.org	CSC (AS19574)	1
it-und-punkt.de	Hetzner Online GmbH (AS24940)	1
interna.me	Hetzner Online GmbH (AS24940)	1
serveriem.lv	CloudHosting SIA (AS58269)	1
Host Europe GmbH	net.de AG (AS15743)	1
dns.lv	JSC Mediasoft ekspert (AS48347)	1
online.lv	Tele2 SWIPnet (AS1257)	1
srvnl.nl	Onworx BV (AS12595)	1
Telia Finland Oyj	Optimizely AB (AS30811)	1
Telia Eesti AS	SQUARESPACE (AS53831)	1
dnsvisa.com	CLOUDFLARENET (AS13335)	1
dnsimple.com	Ddos-guard Ltd (AS57724)	1
CLOUDFLARENET	TWC-11351-NORTHEAST (AS11351)	1
stable.cz	SH.cz s.r.o. (AS39392)	1
MICROSOFT-CORP-MSN-AS-BLOCK	Sbcloud LLC (AS209805)	1
ezzed.com	STACK Infrastructure Switzerland SA (AS21217)	1
dns.lv	Atman Sp. z o.o. (AS57367)	1
42.pl	ANFA FAJER Sp.J. (AS57998)	1
serveriai.lt	Orange Business Digital Norway As (AS25148)	1
solutions.fi	Online Solutions Oy (AS34541)	1
netim.net	AMAZON-02 (AS16509)	1
OVH SAS	Hostinger International Limited (AS47583)	1
iplace.se	Tele2 SWIPnet (AS1257)	1
pegasus.it	AMAZON-02 (AS16509)	1
statespatriots.com	PRIVATESYSTEMS (AS63410)	1
Institute of Mathematics and Computer Science of University of Latvia	World Registry of Internet Domains LTD (AS199029)	1
ibells.lv	Hetzner Online GmbH (AS24940)	1
dns.lv	Liquid Web B.V. (AS201682)	1
wisniowski.pl	WISNIOWSKI Sp. z o.o. S.K.A. (AS210081)	1
stabletransit.com	ORACLE-BMC-31898 (AS31898)	1
ns14.net	Strato GmbH (AS6724)	1
pro-9.lv	DIGITALOCEAN-ASN (AS14061)	1
dns.lv	Valsts akciju sabiedriba Latvijas dzelzcels (AS41424)	1
netzoomi.net	UK Dedicated Servers Limited (AS42831)	1
dns.lv	PVimpelCom (AS3216)	1
AMAZON-02	DELFI UAB (AS210126)	1
novikontas.lv	SIA Tet (AS5518)	1
proofpoint.com	INCAPSULA (AS19551)	1
omron.com	AMAZON-02 (AS16509)	1
hysing.is	Advania Island ehf (AS44515)	1
dqcloud1.pl	Hetzner Online GmbH (AS24940)	1
BUNNYWAY, informacijske storitve d.o.o.	OVH SAS (AS16276)	1
ANEXIA Internetdienstleistungs GmbH	Team Internet AG (AS61969)	1
dns.lv	QD Sverige AB (AS12935)	1
cloudns.net	OVH SAS (AS16276)	1
foodgenius.de	Hetzner Online GmbH (AS24940)	1
SECURITYSERVICES	Six Degrees Technology Group Limited (AS6908)	1
lemarit.de	TDC Holding A/S (AS3292)	1
prewise.com	DNA Oyj (AS16086)	1
IONOS SE	FASTLY (AS54113)	1
geberit.ch	MICROSOFT-CORP-MSN-AS-BLOCK (AS8075)	1
MICROSOFT-CORP-MSN-AS-BLOCK	Biedriba Latvijas Transportlidzeklu apdrosinataju birojs (AS47284)	1
Telia Lietuva, AB	DIGITALOCEAN-ASN (AS14061)	1
pacs.lv	Institute of Mathematics and Computer Science of University of Latvia (AS5538)	1
bitlibre.net	Equinix (EMEA) Acquisition Enterprises B.V. (AS15830)	1
YANDEX LLC	AMAZON-AES (AS14618)	1
GANDI SAS	Domainkeskus Oy (AS201964)	1
dns.lv	Cronon GmbH (AS6786)	1
hosting.lv	Hetzner Online GmbH (AS24940)	1
dns.lv	Computerline GmbH (AS41913)	1
netio.cz	MasterDC s.r.o. (AS24971)	1
Seonet Multimedia s.r.o.	MasterDC s.r.o. (AS24971)	1
ports.se	GOOGLE (AS15169)	1
pohl-it.de	meerfarbig GmbH & Co. KG (AS34549)	1
pro-linuxpl.com	Cyber_Folks S.A. (AS41079)	1
ftree.pl	Cyber_Folks S.A. (AS29522)	1
netit.se	Hagloef & Nordkvist Internet AB (AS34133)	1
atvirtual.com	Akamai Connected Cloud (AS63949)	1
NSONE	INCAPSULA (AS19551)	1
dns.lv	United Networks of Ukraine Ltd (AS24703)	1
fastmedia.lv	AS Latvenergo (AS29600)	1
Zone Media OU	Ddos-guard Ltd (AS57724)	1
zonomi.com	Hosterion Srl (AS43927)	1
Soluciones Corporativas IP, SL	CLOUDFLARENET (AS13335)	1
NUCDN	Corpex Internet GmbH (AS39227)	1
pvk.lv	Institute of Mathematics and Computer Science of University of Latvia (AS5538)	1
dns.lv	HOSTWINDS (AS54290)	1
spatialsolutions.lv	SIA BITE Latvija (AS2588)	1
web-vision.de	WIIT AG (AS24961)	1
ihc.at	myNet GmbH (AS31543)	1
MICROSOFT-CORP-MSN-AS-BLOCK	T-Mobile Polska S.A. (AS12912)	1
meotti.lv	Telenet SIA (AS24589)	1
ACTIVE 24, s.r.o.	Hetzner Online GmbH (AS24940)	1
GOOGLE	Atman Sp. z o.o. (AS15694)	1
activeby.net	Aktivnie Tehnologii LLC (AS202090)	1
wedos.com	Hetzner Online GmbH (AS24940)	1
fakro.pl	Netia SA (AS12741)	1
ultahost.com	Ultahost, Inc. (AS214036)	1
host-care.com	DIMENOC (AS33182)	1
gcdn.services	AMAZON-02 (AS16509)	1
hosting.de	uvensys GmbH (AS58010)	1
rigasudens.lv	VAS Latvijas Valsts radio un televizijas centrs (AS8194)	1
BB-Online UK Ltd	Enflow B.V. (AS209626)	1
hosting.de	1&1 Versatel Deutschland GmbH (AS8881)	1
CLOUDFLARENET	NOCIX (AS33387)	1
SECURITYSERVICES	Iver Sverige AB (AS49419)	1
superslots.lv	CLOUDFLARENET (AS13335)	1
hertz.com	INCAPSULA (AS19551)	1
iiko-systems.com	e-Style ISP LLC (AS20655)	1
optibet.lv	CLOUDFLARENET (AS13335)	1
hostingww.com	WEEBLY (AS27647)	1
casino777.lv	Sabiedriba ar ierobezotu atbildibu DELSKA Latvia (AS12993)	1
esteria.lv	DIGITALOCEAN-ASN (AS14061)	1
blackrock.com	LEVEL3 (AS3356)	1
Host Europe GmbH	CLOUDFLARENET (AS13335)	1
for-ns.biz	Hetzner Online GmbH (AS24940)	1
sitehostingserver.com	SS-ASH (AS19437)	1
rcb.lv	Finance Department of Riga State City Municipality (AS12443)	1
BUNNYWAY, informacijske storitve d.o.o.	Host Europe GmbH (AS21499)	1
tarhely.com	WebSupport s.r.o. (AS51013)	1
whirlpool.com	CSC (AS19574)	1
cylex.de	1&1 Versatel Deutschland GmbH (AS8881)	1
CLOUDFLARENET	ACE (AS139341)	1
iptwins.com	Telia Cygate Oy (AS51188)	1
Akamai International B.V.	Deutsche Telekom AG (AS3320)	1
GANDI SAS	M247 Europe SRL (AS9009)	1
adobe.net	OMNITURE (AS15224)	1
compitek.eu	AS INFONET (AS8728)	1
southwest.com	GOOGLE-CLOUD-PLATFORM (AS396982)	1
io.lv	Wix.com Ltd. (AS58182)	1
bofh.lv	CSC Telecom SIA (AS34326)	1
systemec.nl	Signet B.V. (AS20857)	1
machsol.com	MachCloud B.V. (AS39146)	1
imarketings.lv	Garmtech Lp (AS43108)	1
GOOGLE-CLOUD-PLATFORM	SIA BITE Latvija (AS2588)	1
dns.lv	High5! B.V. (AS60131)	1
