hyp.net	Domeneshop AS (AS12996)	111159
SECURITYSERVICES	CSC (AS19574)	1813
one.com	One.com A/S (AS51468)	43164
ServeTheWorld AS	ServeTheWorld AS (AS34989)	1591
domain-hosting.name	InterNetX GmbH (AS15456)	9
netclient.no	IP Group AS (AS16186)	2352
as2116.net	Globalconnect As (AS2116)	169
dnsdomene.net	ServeTheWorld AS (AS34989)	5439
Webhuset AS	Webhuset AS (AS39783)	8806
hyp.net	Tietoevry Norway As (AS13243)	38
CLOUDFLARENET	CLOUDFLARENET (AS13335)	8281
GOOGLE	GOOGLE-CLOUD-PLATFORM (AS396982)	207
CLOUDFLARENET	Cloudflare London, LLC (AS209242)	231
AMAZON-02	GOOGLE (AS15169)	276
Monsternett AS	Monsternett AS (AS201577)	584
Host Europe GmbH	CLOUDFLARENET (AS13335)	366
hyp.net	SQUARESPACE (AS53831)	2942
dnsdomene.net	Hostek AB (AS61207)	2234
proisp.no	DIGITALOCEAN-ASN (AS14061)	156
one.com	SQUARESPACE (AS53831)	1009
markmonitor.com	AMAZON-02 (AS16509)	843
one.com	ServeTheWorld AS (AS34989)	195
CLOUDFLARENET	GOOGLE-CLOUD-PLATFORM (AS396982)	359
hyp.net	CLOUDFLARENET (AS13335)	3156
loopia.se	Loopia AB (AS39570)	3325
CLOUDFLARENET	Hostinger International Limited (AS47583)	856
AMAZON-02	Team Internet AG (AS61969)	5930
MICROSOFT-CORP-MSN-AS-BLOCK	Domeneshop AS (AS12996)	181
one.com	mono solutions ApS (AS201595)	147
hyp.net	AS-VULTR (AS20473)	213
hyp.net	Hostek AB (AS61207)	265
hyp.net	Globalconnect As (AS2116)	1829
Anverino Software SRL	AS-VULTR (AS20473)	442
hyp.net	MICROSOFT-CORP-MSN-AS-BLOCK (AS8075)	1015
Hetzner Online GmbH	Hetzner Online GmbH (AS24940)	1848
hyp.net	Lyse Tele (AS29695)	957
ANEXIA Internetdienstleistungs GmbH	Tele2 SWIPnet (AS1257)	758
hyp.net	AMAZON-02 (AS16509)	3887
linode.com	Akamai Connected Cloud (AS63949)	107
GANDI SAS	GANDI SAS (AS29169)	427
hyp.net	DREAMHOST-AS (AS26347)	37
proisp.no	Emp Secure As (AS28824)	5850
hyp.net	ServeTheWorld AS (AS34989)	780
itsjefen.no	ITsjefen AS (AS44381)	64
hyp.net	ZONES AS (AS49082)	21
Webhuset AS	AMAZON-AES (AS14618)	54
hyp.net	Hetzner Online GmbH (AS24940)	1043
proisp.no	OVH SAS (AS16276)	118
MICROSOFT-CORP-MSN-AS-BLOCK	MICROSOFT-CORP-MSN-AS-BLOCK (AS8075)	564
CLOUDFLARENET	UNIFIEDLAYER-AS-1 (AS46606)	94
one.com	AMAZON-AES (AS14618)	127
Nexthop AS	Nexthop AS (AS49788)	913
one.com	GOOGLE-CLOUD-PLATFORM (AS396982)	409
DIGICERT	CSC (AS19574)	2
hyp.net	team.blue Denmark A/S (AS48854)	157
NUCDN	Team Internet AG (AS61969)	202
UPHEADS AS	Nexthop AS (AS49788)	6
AMAZON-02	AMAZON-02 (AS16509)	1116
one.com	Globalconnect As (AS2116)	1251
nordkapp.net	GOOGLE-CLOUD-PLATFORM (AS396982)	6
hyp.net	Telia Norge AS (AS25400)	682
CLOUDFLARENET	Domeneshop AS (AS12996)	311
Braathe AS	One.com A/S (AS51468)	11
CLOUDFLARENET	Hetzner Online GmbH (AS24940)	264
Webhuset AS	Webhuset AS (AS29486)	770
DIGICERT	DIGICERT (AS16552)	422
one.com	RAMNODE (AS3842)	1
hyp.net	DIGITALOCEAN-ASN (AS14061)	1501
hyp.net	GOOGLE-CLOUD-PLATFORM (AS396982)	1187
CLOUDFLARENET	Webhuset AS (AS39783)	29
halden.net	GOOGLE-CLOUD-PLATFORM (AS396982)	1
NextGenTel AS	Telecom Holding 3 As (AS35157)	1
co.uk	AMAZON-02 (AS16509)	191
proisp.no	One.com A/S (AS51468)	5203
ipcom GmbH	AMAZON-02 (AS16509)	354
smarthost.pl	Smarthost sp. z o.o. (AS39566)	5
CLOUDFLARENET	Hostek AB (AS61207)	1720
MICROSOFT-CORP-MSN-AS-BLOCK	DIGITALOCEAN-ASN (AS14061)	39
hyp.net	CSC Administrative Services Limited (AS34922)	59
AMAZON-02	OVH SAS (AS16276)	393
ORACLE-BMC-31898	ORACLE-BMC-31898 (AS31898)	72
hyp.net	Sognenett AS (AS31169)	22
hyp.net	SavMAN AB (AS28854)	6
hyp.net	Advania Norge As (AS31264)	44
online4u.no	Globalconnect As (AS2116)	384
viddy Networks - Marius Eikenes	viddy Networks - Marius Eikenes (AS202060)	21
ipcom GmbH	Wurth IT GmbH (AS207481)	15
NSONE	AMAZON-02 (AS16509)	602
one.com	AMAZON-02 (AS16509)	1156
hyp.net	Webhuset AS (AS29486)	336
one.com	Webhuset AS (AS39783)	78
one.com	Emp Secure As (AS28824)	114
CLOUDFLARENET	Akamai Connected Cloud (AS63949)	43
hyp.net	Nexthop AS (AS49788)	554
netpower.no	Globalconnect As (AS2116)	6
team.blue Denmark A/S	team.blue Denmark A/S (AS48854)	1182
hyp.net	SUCURI-SEC (AS30148)	13
one.com	Tussa Ikt As (AS203424)	302
Hostek AB	Hostek AB (AS61207)	35
GOOGLE	Wix.com Ltd. (AS58182)	5367
CLOUDFLARENET	GOOGLE (AS15169)	45
hyp.net	Telia Norge AS (AS41164)	149
hyp.net	Advania Sverige AB (AS25146)	3
sedoparking.com	SEDO GmbH (AS47846)	897
AMAZON-02	GOOGLE-CLOUD-PLATFORM (AS396982)	114
serveriai.lt	UAB Interneto vizija (AS212531)	136
goink.eu	ServeTheWorld AS (AS34989)	5
Host Europe GmbH	AMAZON-02 (AS16509)	2489
hyp.net	One.com A/S (AS51468)	1463
Nexthop AS	Cloudflare London, LLC (AS209242)	3
sircon.net	Nte Telekom As (AS34087)	1257
one.com	Lyse Tele (AS29695)	276
Statens Vegvesen	Statens Vegvesen (AS200139)	24
Webhuset AS	ServeTheWorld AS (AS34989)	25
Webhuset AS	MICROSOFT-CORP-MSN-AS-BLOCK (AS8075)	59
CLOUDFLARENET	DREAMHOST-AS (AS26347)	191
bedsys.net	Nexthop AS (AS49788)	1
Safenames Ltd.	Safenames Ltd. (AS60819)	229
itpays.net	IT PAYS AS (AS50562)	1503
proisp.no	Akamai Connected Cloud (AS63949)	19
Webhuset AS	Nexthop AS (AS49788)	123
AMAZON-02	mono solutions ApS (AS201595)	412
team.blue Denmark A/S	Cloudflare London, LLC (AS209242)	11
dnsdomene.net	IONOS SE (AS8560)	4
LeaseWeb Netherlands B.V.	LeaseWeb Netherlands B.V. (AS60781)	72
nordkapp.net	Nexthop AS (AS49788)	539
InterNetX GmbH	InterNetX GmbH (AS15456)	65
hyp.net	Cloudflare London, LLC (AS209242)	1065
Telenor Norge AS	CLOUDFLARENET (AS13335)	24
hyp.net	Hostinger International Limited (AS47583)	427
one.com	Akamai Connected Cloud (AS63949)	62
kamy.no	Hetzner Online GmbH (AS24940)	84
taxi24.no	EXPEDIENT (AS17054)	19
ipcom GmbH	SQUARESPACE (AS53831)	6
ports.se	Tele2 SWIPnet (AS1257)	595
AMAZON-02	Schibsted ASA (AS21171)	53
hyp.net	Nte Telekom As (AS34087)	401
Cizgi Telekomunikasyon Anonim Sirketi	Cizgi Telekomunikasyon Anonim Sirketi (AS42807)	5
readyhosting.com	BIZLAND-SD (AS29873)	1
hyp.net	SpaceNet AG (AS5539)	1
inmotionhosting.com	INMOTION (AS22611)	15
subsys.no	SQUARESPACE (AS53831)	25
hyp.net	ORACLE-BMC-31898 (AS31898)	27
hyp.net	GlobalConnect AB (AS12552)	106
one.com	IT PAYS AS (AS50562)	130
Monsternett AS	Eidsiva Bredband AS (AS29492)	1
one.com	Blix Solutions AS (AS50304)	123
hyp.net	Hostnet B.V. (AS197902)	1
oderland.com	ODERLAND Webbhotell AB (AS44136)	145
netbox.no	Nexthop AS (AS60717)	435
proisp.no	Hetzner Online GmbH (AS24940)	107
one.com	23M GmbH (AS47447)	1
GleSYS AB	GleSYS AB (AS42708)	68
Sucom AS	FASTLY (AS54113)	3
dnsdomene.net	GleSYS AB (AS42708)	1
sicor-kdl.net	Hetzner Online GmbH (AS24940)	1
tikt.no	Transdata AS (AS29479)	2
hyp.net	Telenor Norge AS (AS2119)	333
one.com	Telenor Norge AS (AS2119)	114
hyp.net	BAHNHOF AS (AS29300)	15
Advania Norge As	Hetzner Online GmbH (AS24940)	7
hyp.net	Loopia AB (AS39570)	188
tikt.no	PC Support AS (AS43200)	109
netim.net	Eurofiber France SAS (AS24935)	269
usethisnameserver.com	EXPEDIENT (AS17054)	50
GOOGLE	FASTLY (AS54113)	81
hyp.net	Blix Solutions AS (AS50304)	443
CLOUDFLARENET	DIGITALOCEAN-ASN (AS14061)	371
Webhuset AS	CLOUDFLARENET (AS13335)	446
Blix Solutions AS	Blix Solutions AS (AS50304)	938
hyp.net	Emp Secure As (AS28824)	608
netpower.no	Netpower IT Solutions AS (AS48680)	104
Cloud DNS Ltd	Hetzner Online GmbH (AS24940)	72
one.com	Telia Norge AS (AS25400)	99
hyp.net	Webhuset AS (AS39783)	391
MICROSOFT-CORP-MSN-AS-BLOCK	GOOGLE-CLOUD-PLATFORM (AS396982)	82
swiboda.com	Cloudflare London, LLC (AS209242)	3
proisp.no	Nexthop AS (AS49788)	21
CLOUDFLARENET	AMAZON-02 (AS16509)	901
loopia.se	ACTIVE 24, s.r.o. (AS25234)	245
NUCDN	Datacenter Luxembourg S.A. (AS24611)	682
Enivest AS	Enivest AS (AS35132)	48
Webhuset AS	DIGITALOCEAN-ASN (AS14061)	144
AMAZON-02	Cloudflare London, LLC (AS209242)	41
mainloop.net	Mainloop AB (AS202687)	6
hyp.net	GOOGLE (AS15169)	490
hyp.net	Optimizely AB (AS30811)	81
ANEXIA Internetdienstleistungs GmbH	AMAZON-02 (AS16509)	76
nixtra.net	Lyse Tele (AS29695)	2
hyp.net	CSC (AS19574)	26
one.com	SOFTLAYER (AS36351)	17
proisp.no	SQUARESPACE (AS53831)	294
hyp.net	GleSYS AB (AS42708)	98
tikt.no	AMAZON-02 (AS16509)	15
SECURITYSERVICES	Teleservice Bredband Skane AB (AS34244)	2
one.com	Domeneshop AS (AS12996)	104
halden.net	Eidsiva Bredband AS (AS29492)	1
one.com	CLOUDFLARENET (AS13335)	1307
hyp.net	Globalconnect As (AS8896)	130
one.com	Cloudflare London, LLC (AS209242)	278
loopia.se	GOOGLE (AS15169)	15
Telia Norge AS	Eviny Digital AS (AS8542)	5
hyp.net	AS-COLOCROSSING (AS36352)	35
one.com	team.blue Denmark A/S (AS48854)	73
hyp.net	UNIFIEDLAYER-AS-1 (AS46606)	146
interna.me	IONOS SE (AS8560)	9
hyp.net	Wix.com Ltd. (AS58182)	549
managed-ip.com	InterNetX GmbH (AS15456)	36
hyp.net	Akamai Connected Cloud (AS63949)	379
Webhuset AS	mono solutions ApS (AS201595)	33
Fundaments B.V.	Fundaments B.V. (AS20559)	3
proisp.no	Telenor Norge AS (AS2119)	9
Webhuset AS	Hetzner Online GmbH (AS24940)	77
MICROSOFT-CORP-MSN-AS-BLOCK	Wix.com Ltd. (AS58182)	16
dnsdomene.net	SQUARESPACE (AS53831)	183
register.it	CLOUDFLARENET (AS13335)	7
altidata.net	Telia Norge AS (AS25400)	223
itpays.net	AMAZON-02 (AS16509)	31
DIGICERT	AMAZON-02 (AS16509)	49
redbackinternet.net	Iomart Cloud Services Limited (AS20860)	4
one.com	Nexthop AS (AS60717)	31
DIGICERT	Administrator Systems AS (AS20741)	51
CLOUDFLARENET	Cegal AS (AS201888)	7
ipcom GmbH	GleSYS AB (AS42708)	391
QUIC-CLOUD	Hetzner Online GmbH (AS24940)	1
Webhuset AS	Globalconnect As (AS2116)	109
Webhuset AS	FASTLY (AS54113)	77
keurigonline.be	Contabo GmbH (AS51167)	1
one.com	RMH-14 (AS33070)	11
AMAZON-02	Telia Cygate Oy (AS29422)	1
hyp.net	FASTLY (AS54113)	608
ESTRUXTURE-ON-19122	CLOUDFLARENET (AS13335)	13
Host Europe GmbH	Cloudflare London, LLC (AS209242)	64
BUNNYWAY, informacijske storitve d.o.o.	GlobalConnect AB (AS12552)	2
register.it	Register S.p.A. (AS39729)	134
namehero.com	NAMEHERO-KCDC (AS399250)	8
ports.se	Domeneshop AS (AS12996)	39
dnsdomene.net	WEEBLY (AS27647)	8
hjelseth.com	Lyse Tele (AS29695)	213
proisp.no	GITHUB (AS36459)	1
one.com	DIGITALOCEAN-ASN (AS14061)	358
proisp.no	ServeTheWorld AS (AS34989)	45
teknograd.no	UPHEADS AS (AS201454)	58
hyp.net	Kunnskapssektorens Tjenesteleverandor (AS224)	84
SECURITYSERVICES	Domeneshop AS (AS12996)	23
Anverino Software SRL	SEDO GmbH (AS47846)	20
cargo.site	AMAZON-AES (AS14618)	74
hyp.net	Iver Norge As (AS57829)	30
east.no	Contabo GmbH (AS51167)	1
swiboda.com	Hetzner Online GmbH (AS24940)	81
one.com	Ddos-guard Ltd (AS57724)	2
Webhuset AS	AMAZON-02 (AS16509)	381
Host Europe GmbH	SQUARESPACE (AS53831)	87
Advania Norge As	ServeTheWorld AS (AS34989)	3
MICROSOFT-CORP-MSN-AS-BLOCK	Telenor Norge AS (AS2119)	51
interhost.no	AMAZON-02 (AS16509)	7
Braathe AS	Braathe AS (AS21119)	418
phase8.net	Team Blue Internet Services Uk Limited (AS8622)	23
CLOUDFLARENET	AMAZON-AES (AS14618)	75
hyp.net	NAMECHEAP-NET (AS22612)	16
bitbit.net	Redpill Linpro AS (AS39029)	52
hyp.net	Telia Company AB (AS3308)	18
AUTOMATTIC	AUTOMATTIC (AS2635)	837
itl.no	Lyse Tele (AS29695)	90
dnsatconviator.com	OVH SAS (AS16276)	1
Akamai Connected Cloud	Hardanger Breiband AS (AS216374)	50
itpays.net	Hetzner Online GmbH (AS24940)	8
AMAZON-02	SSI-WESTCOAST (AS30718)	1
Webhuset AS	Blix Solutions AS (AS50304)	13
awardspace.com	Zetta Hosting Solutions LLC. (AS44476)	50
hyp.net	Gigahost AS (AS56655)	185
CLOUDFLARENET	ServeTheWorld AS (AS34989)	86
Advania Norge As	Advania Norge As (AS31264)	206
SECURITYSERVICES	AMAZON-AES (AS14618)	46
register.it	AMAZON-02 (AS16509)	582
one.com	FASTLY (AS54113)	186
kamy.no	Nexthop AS (AS49788)	3
Braathe AS	Cloudflare London, LLC (AS209242)	4
GleSYS AB	Internet Vikings International AB (AS203297)	6
MICROSOFT-CORP-MSN-AS-BLOCK	AMAZON-02 (AS16509)	118
loopia.se	SQUARESPACE (AS53831)	57
CLOUDFLARENET	One.com A/S (AS51468)	83
interhost.no	Telia Norge AS (AS25400)	64
CLOUDFLARENET	MICROSOFT-CORP-MSN-AS-BLOCK (AS8075)	114
hyp.net	Contabo GmbH (AS51167)	82
securedomainservice.net	Enivest AS (AS35132)	82
name-services.com	TUCOWS-3 (AS32491)	6
Host Europe GmbH	Telia Company AB (AS3301)	3
GOOGLE	Akamai Connected Cloud (AS63949)	19
nameshield.net	Nameshield SAS (AS20756)	187
Nte Telekom As	Nte Telekom As (AS34087)	155
Trellian Pty. Limited	Trellian Pty. Limited (AS133618)	70
hyp.net	Neas Energi Telekom As (AS61275)	21
Braathe AS	Hostinger International Limited (AS47583)	4
proisp.no	IT PAYS AS (AS50562)	19
mimer.no	Globalconnect As (AS2116)	31
IMC AS	IMC AS (AS35754)	111
hyp.net	AMAZON-AES (AS14618)	431
Teleservice Bredband Skane AB	Teleservice Bredband Skane AB (AS34244)	4
AMAZON-02	Compuweb Communications Services Limited (AS15510)	1
register.it	Planeetta Internet Oy (AS58003)	1
Gigahost AS	CLOUDFLARENET (AS13335)	1
storstein-nett.no	Lyse Tele (AS29695)	103
ipcom GmbH	froxlor GmbH (AS207048)	55
SECURITYSERVICES	AMAZON-02 (AS16509)	148
dominiok.it	3U TELECOM GmbH (AS198710)	1
Hetzner Online GmbH	Lyse Tele (AS29695)	6
OVH SAS	Nazwa.pl Sp.z.o.o. (AS15967)	29
dnsdomene.net	Hostkey B.v. (AS57043)	2
one.com	Hetzner Online GmbH (AS24940)	273
alotspace.com	Zetta Hosting Solutions LLC. (AS44476)	2
proisp.no	Tussa Ikt As (AS203424)	9
markmonitor.zone	AMAZON-02 (AS16509)	49
nmugroup.com	Nordisk Media Utveckling AB (AS204074)	140
dnsdomene.net	CLOUDFLARENET (AS13335)	470
Norsk Helsenett SF	Norsk Helsenett SF (AS56828)	84
hyp.net	SEDO GmbH (AS47846)	40
easywebshop.com	Combell NV (AS34762)	1
Host Europe GmbH	GOOGLE (AS15169)	11
accountservergroup.com	UNIFIEDLAYER-AS-1 (AS46606)	1
e-studio.dk	Christian Ebsen ApS (AS62121)	34
loopia.se	Globalconnect As (AS2116)	49
DIGITALOCEAN-ASN	ServeTheWorld AS (AS34989)	273
DXC-AS3360	AMAZON-02 (AS16509)	5
second-ns.com	Hetzner Online GmbH (AS24940)	20
hyp.net	Tilda Publishing Ltd. (AS205282)	25
webhostinghub.com	IMH-IAD (AS54641)	3
24web.no	Webhuset AS (AS39783)	358
netim.net	Stichting DIGI NL (AS206281)	4
DIGICERT	Tussa Ikt As (AS203424)	12
AMAZON-02	DIGITALOCEAN-ASN (AS14061)	33
hyp.net	WEEBLY (AS27647)	219
Telia Norge AS	Telia Norge AS (AS49455)	19
SECURITYSERVICES	SECURITYSERVICES (AS12008)	290
Hetzner Online GmbH	Contabo GmbH (AS51167)	17
hyp.net	IT PAYS AS (AS50562)	273
Host Europe GmbH	GOOGLE-CLOUD-PLATFORM (AS396982)	34
Kunnskapssektorens Tjenesteleverandor	Eviny Digital AS (AS8542)	1
ipcom GmbH	M-net Telekommunikations GmbH (AS8767)	1
Nexthop AS	AMAZON-02 (AS16509)	27
SECURITYSERVICES	Cloudflare London, LLC (AS209242)	12
Webhuset AS	Tietoevry Norway As (AS13243)	1
itpays.net	GOOGLE-CLOUD-PLATFORM (AS396982)	18
proisp.no	CLOUDFLARENET (AS13335)	373
hyp.net	Telefiber AS (AS31726)	36
hyp.net	Administrator Systems AS (AS20741)	21
fjordstack.com	Akamai Connected Cloud (AS63949)	22
subsys.no	Blix Solutions AS (AS50304)	380
Global Village GmbH	Delticom Ag (AS57533)	18
CLOUDFLARENET	INCAPSULA (AS19551)	298
Cyber_Folks S.A.	Cyber_Folks S.A. (AS41079)	59
proisp.no	Hostinger International Limited (AS47583)	65
CLOUDFLARENET	OVH SAS (AS16276)	79
dnsdomene.net	Globalconnect As (AS8896)	1
SECURITYSERVICES	Optimizely AB (AS30811)	34
loopia.se	CLOUDFLARENET (AS13335)	54
Akamai Connected Cloud	MICROSOFT-CORP-MSN-AS-BLOCK (AS8075)	4
SECURITYSERVICES	AS-VULTR (AS20473)	2
SECURITYSERVICES	GlobalConnect AB (AS12552)	11
Akamai International B.V.	AKAMAI-AS (AS16625)	24
Tietoevry Norway As	MICROSOFT-CORP-MSN-AS-BLOCK (AS8075)	68
Webhuset AS	One.com A/S (AS51468)	38
SECURITYSERVICES	NMMN New Media Markets & Networks IT-Services GmbH (AS20694)	1
MICROSOFT-CORP-MSN-AS-BLOCK	Iteam 10 As (AS202128)	7
Webhuset AS	LeaseWeb Netherlands B.V. (AS60781)	6
hyp.net	Eviny Digital AS (AS8542)	132
team.blue Denmark A/S	Hetzner Online GmbH (AS24940)	21
Globalconnect As	Globalconnect As (AS2116)	250
one.com	MICROSOFT-CORP-MSN-AS-BLOCK (AS8075)	291
hyp.net	Schibsted ASA (AS21171)	6
proisp.no	AMAZON-02 (AS16509)	283
ns14.net	InterNetX GmbH (AS15456)	52
Telenor Norge AS	Nexthop AS (AS49788)	19
hyp.net	mono solutions ApS (AS201595)	382
Lyse Tele	Lyse Tele (AS29695)	341
MICROSOFT-CORP-MSN-AS-BLOCK	ServeTheWorld AS (AS34989)	28
Host Europe GmbH	Telia Norge AS (AS25400)	1
One.com A/S	Previder B.V. (AS20847)	2
Cloud DNS Ltd	NForce Entertainment B.V. (AS43350)	86
IP Group AS	AMAZON-02 (AS16509)	7
123ns.de	MICROSOFT-CORP-MSN-AS-BLOCK (AS8075)	6
proisp.no	Webhuset AS (AS39783)	18
CLOUDFLARENET	IT PAYS AS (AS50562)	22
CLOUDFLARENET	team.blue Denmark A/S (AS48854)	35
ports.se	GOOGLE (AS15169)	2
UPHEADS AS	AS-VULTR (AS20473)	8
brandsight-dns.com	AMAZON-02 (AS16509)	3
CLOUDFLARENET	WEEBLY (AS27647)	12
MICROSOFT-CORP-MSN-AS-BLOCK	NorthC Deutschland GmbH (AS15598)	1
hyp.net	Safety Computing AS (AS30737)	11
Hetzner Online GmbH	ServeTheWorld AS (AS34989)	143
auto-dns.com	UpCloud Ltd (AS202053)	1
Globalconnect As	One.com A/S (AS51468)	50
tikt.no	UpCloud Ltd (AS202053)	1
Braathe AS	FASTLY (AS54113)	2
UPHEADS AS	One.com A/S (AS51468)	7
hyp.net	Embriq AS (AS199791)	57
hadab.se	InterNetX GmbH (AS15456)	1
hjelseth.com	Hetzner Online GmbH (AS24940)	6
hyp.net	Nexthop AS (AS60717)	148
Kunnskapssektorens Tjenesteleverandor	Kunnskapssektorens Tjenesteleverandor (AS224)	208
Akamai Connected Cloud	SQUARESPACE (AS53831)	34
Safenames Ltd.	MICROSOFT-CORP-MSN-AS-BLOCK (AS8075)	6
hjelseth.com	CLOUDFLARENET (AS13335)	8
Webhuset AS	Wix.com Ltd. (AS58182)	75
AMAZON-02	MICROSOFT-CORP-MSN-AS-BLOCK (AS8075)	43
dnsdomene.net	Miss Hosting AB (AS200719)	158
team.blue Denmark A/S	Hostek AB (AS61207)	1
loopia.se	Cloudflare London, LLC (AS209242)	28
PAIR-NETWORKS	PAIR-NETWORKS (AS7859)	24
MICROSOFT-CORP-MSN-AS-BLOCK	Hetzner Online GmbH (AS24940)	37
proisp.no	UK Dedicated Servers Limited (AS42831)	1
ZONES AS	ZONES AS (AS49082)	117
GOOGLE	Team Internet AG (AS61969)	91
IONOS SE	IONOS SE (AS8560)	37
Nexthop AS	Tietoevry Norway As (AS13243)	1
CLOUDFLARENET	AS-VULTR (AS20473)	36
team.blue Denmark A/S	AMAZON-02 (AS16509)	27
one.com	Wix.com Ltd. (AS58182)	168
increo.com	Increo AS (AS59438)	117
SECURITYSERVICES	INCAPSULA (AS19551)	19
VEV Romerike AS	VEV Romerike AS (AS43568)	5
intempus.com	Hetzner Online GmbH (AS24940)	1
egensajt.se	Tele2 SWIPnet (AS1257)	28
swip.net	Tele2 SWIPnet (AS1257)	1
swiboda.com	Karjaan Puhelin Oy (AS42343)	4
ipcom GmbH	InterNetworX Management GmbH (AS48596)	46
Eviny Digital AS	Lyse Tele (AS29695)	10
Resurs Bank AB	Resurs Bank AB (AS35814)	15
hyp.net	AUTOMATTIC (AS2635)	176
CLOUDFLARENET	Lyse Tele (AS29695)	143
Telenor Norge AS	One.com A/S (AS51468)	27
Eviny Digital AS	Eviny Digital AS (AS8542)	63
Advania Norge As	Telia Norge AS (AS25400)	13
hyp.net	SOFTLAYER (AS36351)	34
Safenames Ltd.	AMAZON-AES (AS14618)	5
Telenor Norge AS	Telenor Norge AS (AS2119)	205
A2HOSTING	A2HOSTING (AS55293)	9
CLOUDFLARENET	Globalconnect As (AS2116)	156
Gigahost AS	Globalconnect As (AS2116)	5
one.com	Foreach AS (AS214761)	3
AMAZON-02	A2HOSTING (AS55293)	126
hyp.net	WEBHOSTINGHOLDINGS (AS965)	4
proisp.no	AMAZON-AES (AS14618)	40
affarsverken.se	team.blue Denmark A/S (AS48854)	2
dnsdomene.net	AMAZON-02 (AS16509)	221
loopia.se	Emp Secure As (AS28824)	10
MICROSOFT-CORP-MSN-AS-BLOCK	One.com A/S (AS51468)	67
kanhotel.net	Nexthop AS (AS49788)	45
Telenor Norge AS	Hetzner Online GmbH (AS24940)	9
ltit.no	Bredbandsfylket AS (AS61006)	2
SECURITYSERVICES	GOOGLE-CLOUD-PLATFORM (AS396982)	33
proisp.no	Telia Norge AS (AS25400)	8
hyp.net	Braathe AS (AS21119)	70
Hetzner Online GmbH	mono solutions ApS (AS201595)	6
AMAZON-02	CLOUDFLARENET (AS13335)	88
Hetzner Online GmbH	velia.net Internetdienste GmbH (AS29066)	11
itl.no	GOOGLE (AS15169)	1
Kunnskapssektorens Tjenesteleverandor	Optimizely AB (AS30811)	6
hyp.net	OVH SAS (AS16276)	201
one.com	GO-DADDY-COM-LLC (AS398101)	3
MICROSOFT-CORP-MSN-AS-BLOCK	Combell NV (AS34762)	4
Norsk Helsenett SF	Optimizely AB (AS30811)	15
Telia Company AB	Telia Cygate AB (AS197308)	3
UPHEADS AS	Globalconnect As (AS8896)	6
SECURITYSERVICES	MICROSOFT-CORP-MSN-AS-BLOCK (AS8075)	170
dnsdomene.net	NForce Entertainment B.V. (AS43350)	1
ipcom GmbH	MICROSOFT-CORP-MSN-AS-BLOCK (AS8075)	20
CLOUDFLARENET	RAILWAY (AS400940)	6
AVUR AS	AVUR AS (AS50272)	19
loopia.se	AMAZON-02 (AS16509)	124
Hetzner Online GmbH	Globalconnect As (AS8896)	37
123ns.de	'ingenit GmbH & Co. KG' (AS57376)	46
netherlandsservers.org	Hostkey B.v. (AS57043)	3
one.com	Administrator Systems AS (AS20741)	4
GOOGLE	MICROSOFT-CORP-MSN-AS-BLOCK (AS8075)	18
loopia.se	IT PAYS AS (AS50562)	13
SECURITYSERVICES	NAMECHEAP-NET (AS22612)	70
proisp.no	Monsternett AS (AS201577)	1
sk-asp.no	Wix.com Ltd. (AS58182)	1
nexloc.ro	Exim Host SRL (AS211611)	1
AMAZON-02	WHG Hosting Services Ltd (AS209341)	51
hyp.net	A2HOSTING (AS55293)	69
hostpapa.com	HOSTP-LA (AS23273)	1
bitbit.net	SQUARESPACE (AS53831)	2
AMAZON-02	INCAPSULA (AS19551)	4
sircon.net	SQUARESPACE (AS53831)	28
SECURITYSERVICES	Celeste SAS (AS34177)	1
one.com	Gigahost AS (AS56655)	23
com.ph	LIQUIDNETLTD1 (AS14555)	53
ipcom GmbH	1Access Sweden AB (AS57773)	1
SCAAM0001	HCL Technologies Sweden AB (AS209236)	11
GENMILLS	MICROSOFT-CORP-MSN-AS-BLOCK (AS8075)	2
hyp.net	Iver Norge As (AS49409)	20
CLOUDFLARENET	SQUARESPACE (AS53831)	105
lemarit.de	AS-VULTR (AS20473)	46
GleSYS AB	GlobalConnect AB (AS12552)	6
yahoo.com	AMAZON-02 (AS16509)	19
Webhuset AS	Lyse Tele (AS29695)	46
one.com	OVH SAS (AS16276)	46
ukwebsolutionsdirect.com	M247 Europe SRL (AS9009)	1
Telia Norge AS	Rackspace Ltd. (AS15395)	4
dnsimple.com	AMAZON-02 (AS16509)	24
one.com	Nte Telekom As (AS34087)	80
Netnod AB	GleSYS AB (AS42708)	49
domainers.de	PlusServer GmbH (AS61157)	4
hyp.net	LUMEN-LEGACY-L3-CUSTOMER-SHARED-USE (AS10753)	22
ANEXIA Internetdienstleistungs GmbH	GlobalConnect A/S (AS42525)	14
Webhuset AS	Cloudflare London, LLC (AS209242)	90
web-solutions.dk	Sentia Denmark A/S (AS47292)	112
iplace.se	Tele2 SWIPnet (AS1257)	3
Host Europe GmbH	FASTLY (AS54113)	55
iplace.se	CLOUDFLARENET (AS13335)	2
raiolanetworks.es	Raiola Networks S.L. (AS56958)	1
IP Group AS	IP Group AS (AS16186)	83
as2116.net	One.com A/S (AS51468)	146
innit.network	Globalconnect As (AS2116)	77
garnesdata.no	SQUARESPACE (AS53831)	9
copyleft.no	Blix Solutions AS (AS50304)	146
SECURITYSERVICES	ABBVIE (AS62763)	19
hyp.net	UpCloud Ltd (AS202053)	28
ports.se	Netnordic Group AS (AS59767)	21
loopia.se	Blix Solutions AS (AS50304)	8
krystal.uk	Krystal Hosting Ltd (AS12488)	97
one.com	Nexthop AS (AS49788)	118
dnsnode.net	Redpill Linpro AS (AS39029)	65
incabus.net	Fouredge AB (AS48220)	1
subsys.no	GOOGLE-CLOUD-PLATFORM (AS396982)	5
one.com	Hostinger International Limited (AS47583)	115
co.uk	M&g Investment Management Limited (AS202161)	2
CLOUDFLARENET	UpCloud Ltd (AS202053)	3
hjelseth.com	LeaseWeb Netherlands B.V. (AS60781)	3
AMAZON-02	M-net Telekommunikations GmbH (AS8767)	5
dominiando.asia	Register S.p.A. (AS39729)	5
ports.se	Internet Vikings International AB (AS203814)	1
Webhuset AS	GOOGLE-CLOUD-PLATFORM (AS396982)	85
altidata.net	Lyse Tele (AS29695)	17
hyp.net	AS48707 OPS PL sp. z o.o. (AS48707)	1
GANDI SAS	MICROSOFT-CORP-MSN-AS-BLOCK (AS8069)	12
addcon.com	InterNetX GmbH (AS15456)	10
Kunnskapssektorens Tjenesteleverandor	AMAZON-02 (AS16509)	22
european-server.com	Combell NV (AS34762)	5
getyourguide.com	CLOUDFLARENET (AS13335)	1
hyp.net	Raiola Networks S.L. (AS56958)	1
novonordisk.com	MICROSOFT-CORP-MSN-AS-BLOCK (AS8075)	2
Akamai Connected Cloud	One.com A/S (AS51468)	8
hashmagnet.pl	HITME.PL (AS50840)	1
ports.se	GlobalConnect AB (AS12552)	49
Eidsiva Bredband AS	mono solutions ApS (AS201595)	2
MICROSOFT-CORP-MSN-AS-BLOCK	Embriq AS (AS199791)	12
one.com	NextGenTel AS (AS15659)	19
dynu.com	Lyse Tele (AS29695)	3
Hetzner Online GmbH	One.com A/S (AS51468)	7
Nexthop AS	Globalconnect As (AS2116)	34
ANEXIA Internetdienstleistungs GmbH	Optimizely AB (AS30811)	18
online4u.no	Hostek AB (AS61207)	7
Telenor Norge AS	AMAZON-02 (AS16509)	77
CLOUDFLARENET	Miss Hosting AB (AS200719)	47
Gigahost AS	DIGITALOCEAN-ASN (AS14061)	1
Cloud DNS Ltd	ServeTheWorld AS (AS34989)	6
Host Europe GmbH	Host Europe GmbH (AS21499)	56
proisp.no	FASTLY (AS54113)	62
Webhuset AS	RENDER (AS397273)	8
SECURITYSERVICES	CENCORA-INTERNET (AS13628)	1
Sognenett AS	Sognenett AS (AS31169)	10
sircon.net	Cloudflare London, LLC (AS209242)	10
Akamai International B.V.	MICROSOFT-CORP-MSN-AS-BLOCK (AS8075)	22
one.com	DREAMHOST-AS (AS26347)	8
NSONE	INTERNAP-BLOCK-4 (AS14742)	1
Hetzner Online GmbH	HWSERVICES-32400 (AS32400)	1
AUTOMATTIC	SQUARESPACE (AS53831)	2
weblovers.se	Miss Hosting AB (AS200719)	1
Akamai Connected Cloud	Iteam 10 As (AS202128)	88
gigahost.dk	Sentia Denmark A/S (AS47292)	4
dnsdomene.net	Contabo GmbH (AS51167)	5
ANEXIA Internetdienstleistungs GmbH	One.com A/S (AS51468)	26
AMAZON-02	Nte Telekom As (AS34087)	15
elive.ie	Cork Internet Exchange Limited (AS47720)	2
ANEXIA Internetdienstleistungs GmbH	Domeneshop AS (AS12996)	42
one.com	Telia Cygate AB (AS197308)	17
ports.se	GleSYS AB (AS42708)	37
loopia.se	AS-VULTR (AS20473)	8
mimer.no	Wix.com Ltd. (AS58182)	1
GOOGLE-CLOUD-PLATFORM	20i Limited (AS48254)	73
M247 Europe SRL	ServeTheWorld AS (AS34989)	8
Akamai International B.V.	Akamai International B.V. (AS20940)	97
CLOUDFLARENET	FASTLY (AS54113)	88
sircon.net	CLOUDFLARENET (AS13335)	13
hyp.net	Redpill Linpro AS (AS39029)	55
QUIC-CLOUD	Emp Secure As (AS28824)	1
Webhuset AS	SQUARESPACE (AS53831)	245
managed-ip.com	Mittwald CM Service GmbH & Co. KG (AS15817)	2
Telenor Norge AS	GOOGLE (AS15169)	5
Telenor Norge AS	mono solutions ApS (AS201595)	34
Telenor Norge AS	Webhuset AS (AS29486)	8
nordkapp.net	CLOUDFLARENET (AS13335)	6
CLOUDFLARENET	Infopact Netwerkdiensten B.V. (AS21221)	2
AS-VULTR	AS-VULTR (AS20473)	16
Yelles AB	Yelles AB (AS206170)	33
innit.network	AMAZON-02 (AS16509)	28
SECURITYSERVICES	SOFTLAYER (AS36351)	1
ifenix.se	Telia Company AB (AS3301)	2
ServeTheWorld AS	Cato Networks Ltd (AS13150)	1
nordkapp.net	Telia Norge AS (AS41164)	3
Leaseweb Deutschland GmbH	Leaseweb Deutschland GmbH (AS28753)	49
DIGICERT	Globalconnect As (AS2116)	18
DIGICERT	Axians AB (AS20514)	5
1984.is	velia.net Internetdienste GmbH (AS29066)	5
one.com	Globalconnect As (AS8896)	29
itgarden.se	Tele2 SWIPnet (AS1257)	1
vhosting.no	Nexthop AS (AS49788)	46
Wantech AB	Globalconnect As (AS2116)	1
ZONES AS	Globalconnect As (AS2116)	56
Akamai Connected Cloud	Sognenett AS (AS31169)	167
hyp.net	BLOOM-HOST (AS399244)	1
IONOS SE	united-domains GmbH (AS202108)	78
one.com	AS-VULTR (AS20473)	64
nordkapp.net	Wix.com Ltd. (AS58182)	5
one.com	Contabo GmbH (AS51167)	27
Telenor Norge AS	Globalconnect As (AS2116)	67
as2116.net	34SP.com Limited (AS41357)	1
IP Group AS	Itm8 A/S (AS44398)	1
as2116.net	AMAZON-02 (AS16509)	26
GleSYS AB	Internet Vikings International AB (AS51747)	3
hyp.net	Telia Cygate AB (AS197308)	44
Wintermute Technologies EHF	Team Internet AG (AS61969)	55
Akamai International B.V.	NorthC Deutschland GmbH (AS15598)	1
Kunnskapssektorens Tjenesteleverandor	GOOGLE (AS15169)	2
CLOUDFLARENET	Nexthop AS (AS49788)	41
ACTIVE 24, s.r.o.	WebSupport s.r.o. (AS51013)	19
resolv.no	DIGITALOCEAN-ASN (AS14061)	3
salecto.com	DLX A/S (AS47527)	3
markmonitor.com	Loopia AB (AS41528)	1
uu.net	Eviden Austria GmbH (AS8971)	1
godtsagt.no	DIGITALOCEAN-ASN (AS14061)	17
hyp.net	Tietoevry Norway As (AS5619)	12
MICROSOFT-CORP-MSN-AS-BLOCK	mono solutions ApS (AS201595)	13
Neas Energi Telekom Rorosregionen As	Neas Energi Telekom Rorosregionen As (AS48863)	107
hyp.net	Core-Backbone GmbH (AS201011)	2
DIGICERT	CLOUDFLARENET (AS13335)	27
DIGICERT	IT PAYS AS (AS50562)	3
CLOUDFLARENET	A2HOSTING (AS55293)	13
Hetzner Online GmbH	WEEBLY (AS27647)	3
hostgator.com	NETWORK-SOLUTIONS-HOSTING (AS19871)	43
supremepanel.com	Ficolo Oy (AS49282)	29
mimer.no	Tafjord Connect AS (AS15765)	101
DIGICERT	Cloudflare London, LLC (AS209242)	8
online4u.no	CLOUDFLARENET (AS13335)	15
UPHEADS AS	UPHEADS AS (AS201454)	66
kamy.no	AMAZON-02 (AS16509)	2
one.com	GOOGLE (AS15169)	131
Webhuset AS	Domeneshop AS (AS12996)	83
godtsagt.no	SQUARESPACE (AS53831)	2
CLOUDFLARENET	Contabo GmbH (AS51167)	14
indomco.com	Ecritel SASU (AS8304)	1
NUCDN	GOOGLE-CLOUD-PLATFORM (AS396982)	4
MICROSOFT-CORP-MSN-AS-BLOCK	Akamai Connected Cloud (AS63949)	7
bluehost.in	UNIFIEDLAYER-AS-1 (AS46606)	4
nordkapp.net	Eidsiva Bredband AS (AS29492)	10
hyp.net	Leaseweb UK Limited (AS205544)	1
dnsdomene.net	Hostinger International Limited (AS47583)	20
sucuridns.com	SUCURI-SEC (AS30148)	2
hyp.net	K Media Tech Ltd. (AS210250)	40
kasperskylabs.net	Kaspersky Lab Switzerland GmbH (AS200107)	2
proisp.no	Gigahost AS (AS56655)	10
nordkapp.net	SQUARESPACE (AS53831)	6
Kunnskapssektorens Tjenesteleverandor	OVH SAS (AS16276)	4
isphuset.no	SQUARESPACE (AS53831)	1
CLOUDFLARENET	FLY (AS40509)	9
Systemec BV	Signet B.V. (AS20857)	2
euphoria.no	BIZLAND-SD (AS29873)	2
Braathe AS	AMAZON-02 (AS16509)	26
ipcom GmbH	OVH SAS (AS16276)	18
Host Europe GmbH	AUTOMATTIC (AS2635)	16
one.com	GlobalConnect AB (AS12552)	24
Gigahost AS	Gigahost AS (AS56655)	74
hyp.net	IOFLOOD (AS53755)	2
dnsdomene.net	DIGITALOCEAN-ASN (AS14061)	21
combell.net	Combell NV (AS34762)	45
MICROSOFT-CORP-MSN-AS-BLOCK	Globalconnect As (AS2116)	124
AMAZON-02	LH.pl Sp. z o.o. (AS203417)	35
hyp.net	PIEG-01 (AS400238)	2
Neas Energi Telekom Rorosregionen As	AMAZON-02 (AS16509)	9
GANDI SAS	Firstline IT ApS (AS60153)	5
loopia.se	WEEBLY (AS27647)	3
hyp.net	ITsjefen AS (AS44381)	50
PONYNET	WEBHOSTINGHOLDINGS (AS965)	5
one.com	Enflow B.V. (AS209626)	5
hyp.net	Systemec BV (AS41480)	2
UPHEADS AS	Contabo GmbH (AS51167)	1
ANEXIA Internetdienstleistungs GmbH	CLOUDFLARENET (AS13335)	26
hyp.net	Increo AS (AS59438)	47
Telenor Norge AS	Telia Norge AS (AS25400)	25
MICROSOFT-CORP-MSN-AS-BLOCK	CLOUDFLARENET (AS13335)	55
netclient.no	Braathe AS (AS21119)	10
Enivest AS	Hetzner Online GmbH (AS24940)	3
bedsys.net	Globalconnect As (AS2116)	4
loopia.se	velia.net Internetdienste GmbH (AS29066)	2
webb.net	GleSYS AB (AS42708)	19
tv2.no	TV 2 AS (AS39787)	44
markmonitor.com	Bayer AG (AS13043)	1
Nexthop AS	Domeneshop AS (AS12996)	7
ilait.se	Hostek AB (AS61207)	51
ipcom GmbH	GlobalConnect AB (AS12552)	18
Host Europe GmbH	Ans Academy Limited (AS61323)	1
dnsdomene.net	RENDER (AS397273)	3
Webhuset AS	GOOGLE (AS15169)	34
DIGICERT	Proact IT UK Limited (AS62313)	6
is-fun.net	TelemaxX Telekommunikation GmbH (AS12843)	46
Nte Telekom As	Globalconnect As (AS2116)	23
ESTRUXTURE-ON-19122	ESTRUXTURE-ON-19122 (AS19122)	77
Telia Norge AS	MICROSOFT-CORP-MSN-AS-BLOCK (AS8075)	2
netbox.no	Nte Telekom As (AS34087)	3
one.com	Iver Norge As (AS49409)	9
phase8.net	British Telecommunications PLC (AS2856)	1
au-globaldns.com	Globalhost d.o.o. (AS200698)	1
CLOUDFLARENET	Telenor Norge AS (AS2119)	82
quicknet.se	Tele2 SWIPnet (AS1257)	2
MICROSOFT-CORP-MSN-AS-BLOCK	IT PAYS AS (AS50562)	6
hyp.net	Plus.line AG (AS12306)	10
SECURITYSERVICES	ADESTIS GmbH (AS204053)	2
itpays.net	Blix Solutions AS (AS50304)	3
itpays.net	mono solutions ApS (AS201595)	10
itpays.net	FASTLY (AS54113)	5
vercel-dns-2.com	AMAZON-02 (AS16509)	2
SECURITYSERVICES	CSC Administrative Services Limited (AS34922)	6
team.blue Denmark A/S	CLOUDFLARENET (AS13335)	111
AMAZON-02	ORACLE-BMC-31898 (AS31898)	12
NUCDN	Tele2 SWIPnet (AS1257)	5
Globalconnect As	Globalconnect As (AS8896)	152
hostnet.nl	One.com A/S (AS51468)	19
Advania Norge As	Nexthop AS (AS49788)	18
hyp.net	SiteVision AB (AS41174)	3
Telenor Norge AS	ServeTheWorld AS (AS34989)	17
MICROSOFT-CORP-MSN-AS-BLOCK	Cloudflare London, LLC (AS209242)	63
securedomainservice.net	NETWORK-SOLUTIONS-HOSTING (AS19871)	1
netpower.no	Cloudflare London, LLC (AS209242)	6
Nexthop AS	GlobalConnect AB (AS12552)	4
hyp.net	COGECO-PEER1 (AS13768)	7
GANDI SAS	MICROSOFT-CORP-MSN-AS-BLOCK (AS8075)	6
netpower.no	ServeTheWorld AS (AS34989)	1
markmonitor.com	Tele2 SWIPnet (AS1257)	1
bosch.de	Robert Bosch Gesellschaft mit Beschraenkter Haftung (AS9183)	52
hkit.no	Blix Solutions AS (AS50304)	5
Telenor Norge AS	Nte Telekom As (AS34087)	8
loopia.se	Bahnhof AB (AS8473)	7
ServeTheWorld AS	Hostinger International Limited (AS47583)	3
Nexthop AS	NextGenTel AS (AS15659)	4
Kunnskapssektorens Tjenesteleverandor	Domeneshop AS (AS12996)	18
AS-VULTR	SINGLEHOP-LLC (AS32475)	25
Telenor Norge AS	SQUARESPACE (AS53831)	34
slb.com	RICOH USA IT SERVICES (AS21886)	1
NetActuate, Inc	Akamai International B.V. (AS20940)	6
Lyse Tele	OVH SAS (AS16276)	1
BMS-AS	BMS-AS (AS7246)	10
Tietoevry Norway As	Tietoevry Norway As (AS13243)	39
sircon.net	IP Group AS (AS16186)	1
SECURITYSERVICES	AKAMAI-AS (AS16625)	11
one.com	WEEBLY (AS27647)	89
Safety Computing AS	Eidsiva Bredband AS (AS29492)	3
domenai.lt	AS-VULTR (AS20473)	1
Akamai Connected Cloud	Cloudflare London, LLC (AS209242)	7
mediasparx.com	ServeTheWorld AS (AS34989)	56
hjelseth.com	MICROSOFT-CORP-MSN-AS-BLOCK (AS8075)	92
dhosting.pl Sp. z o.o.	dhosting.pl Sp. z o.o. (AS48896)	24
GOOGLE	CSC (AS19574)	5
one.com	UUNET (AS702)	3
ServeTheWorld AS	mono solutions ApS (AS201595)	7
Globalconnect As	CLOUDFLARENET (AS13335)	5
DIGITALOCEAN-ASN	Dokumenta AG (AS24657)	7
Karjaan Puhelin Oy	Hetzner Online GmbH (AS24940)	95
hyp.net	GO-DADDY-COM-LLC (AS398101)	14
CLOUDFLARENET	GleSYS AB (AS42708)	8
imr.no	GANDI SAS (AS203476)	5
Nte Telekom As	Cloudflare London, LLC (AS209242)	1
CLOUDFLARENET	Telia Norge AS (AS25400)	38
ORACLE-BMC-31898	CLOUDFLARENET (AS13335)	13
hyp.net	RENDER (AS397273)	40
Telenor Norge AS	DIGITALOCEAN-ASN (AS14061)	17
one.com	Hostek AB (AS61207)	32
Nte Telekom As	MICROSOFT-CORP-MSN-AS-BLOCK (AS8075)	1
allmaxhost.net	OVH SAS (AS16276)	1
loopia.se	GlobalConnect AB (AS12552)	12
bitbit.net	Telenor Norge AS (AS2119)	15
coretrek.net	Telia Norge AS (AS25400)	24
Monsternett AS	Globalconnect As (AS2116)	8
GOOGLE	Serverius Holding B.V. (AS50673)	1
hyp.net	IP Group AS (AS16186)	39
hyp.net	Tele2 SWIPnet (AS1257)	26
proisp.no	Telia Eesti AS (AS3249)	1
kokstad-data.no	AVUR AS (AS50272)	2
hyp.net	Atea A/S (AS21060)	5
AMAZON-02	AMAZON-AES (AS14618)	76
netpower.no	Hetzner Online GmbH (AS24940)	5
ZONER a.s.	AMAZON-02 (AS16509)	2
AMAZON-02	Hetzner Online GmbH (AS24940)	23
MICROSOFT-CORP-MSN-AS-BLOCK	OVH SAS (AS16276)	8
DIMENOC	DIMENOC (AS33182)	11
centric.eu	Signet B.V. (AS28878)	9
ServeTheWorld AS	Lyse Tele (AS29695)	3
Zone Media OU	Zone Media OU (AS49604)	12
netit.se	Hagloef & Nordkvist Internet AB (AS34133)	1
Hetzner Online GmbH	CLOUDFLARENET (AS13335)	29
hyp.net	NextGenTel AS (AS15659)	62
hyp.net	Studentersamfundet i Trondhjem (AS58302)	15
Eidsiva Bredband AS	Cloudflare London, LLC (AS209242)	5
increo.com	AMAZON-02 (AS16509)	3
nadns1.com	GleSYS AB (AS42708)	1
Kunnskapssektorens Tjenesteleverandor	Webhuset AS (AS39783)	6
nscluster.ee	AMAZON-02 (AS16509)	3
ports.se	Iver Sverige AB (AS49419)	3
proisp.no	Globalconnect As (AS2116)	49
hyp.net	Svorka AS (AS206260)	20
sircon.net	StarNet Solutii SRL (AS31252)	1
Nexthop AS	Nexthop AS (AS60717)	50
Braathe AS	Globalconnect As (AS2116)	30
Lyse Tele	FASTLY (AS54113)	3
NUCDN	AMAZON-02 (AS16509)	53
DIGITALOCEAN-ASN	AMAZON-02 (AS16509)	36
ipcom GmbH	Optimizely AB (AS30811)	8
If Skadeforsakring AB	MICROSOFT-CORP-MSN-AS-BLOCK (AS8075)	6
NUCDN	Equinix (EMEA) Acquisition Enterprises B.V. (AS15830)	5
oderland.com	AMAZON-AES (AS14618)	1
markmonitor.com	FIBRENOIRE-INTERNET (AS22652)	1
ports.se	Destiny N.V (AS8368)	3
transnexis.net	Layershift Limited (AS205072)	3
Netsite A/S	Netsite A/S (AS205206)	28
ragesw.com	LIQUIDWEB (AS32244)	1
Host Europe GmbH	Enflow B.V. (AS209626)	1
proisp.no	GOOGLE-CLOUD-PLATFORM (AS396982)	93
CLOUDFLARENET	RouteLabel V.O.F. (AS198203)	2
ilait.se	Bahnhof AB (AS8473)	2
one.com	HOSTWINDS (AS54290)	2
Webhuset AS	Hostinger International Limited (AS47583)	42
CLOUDFLARENET	China Unicom Beijing Province Network (AS4808)	1
hyp.net	Arribatec Cloud AS (AS205976)	8
DIGICERT	Tafjord Connect AS (AS15765)	13
Dataspace P.s.a.	Dataspace P.s.a. (AS50599)	11
hyp.net	AS-26496-GO-DADDY-COM-LLC (AS26496)	11
CLOUDFLARENET	Fastmail Pty Ltd (AS151847)	79
domenai.lt	UAB Bartus pro (AS51107)	3
NUCDN	DLX A/S (AS47527)	3
one.com	K Media Tech Ltd. (AS210250)	5
Braathe AS	Globalconnect As (AS8896)	1
Webhuset AS	AUTOMATTIC (AS2635)	13
NUCDN	AMAZON-AES (AS14618)	1
iplace.se	Eviny Digital AS (AS8542)	20
halden.net	Cloudflare London, LLC (AS209242)	7
DIGICERT	OVH SAS (AS16276)	13
Telenor Norge AS	Tietoevry Norway As (AS13243)	2
Host Europe GmbH	GO-DADDY-COM-LLC (AS398101)	21
ports.se	InterNetX GmbH (AS15456)	50
LDSCHURCH1	LDSCHURCH1 (AS19648)	9
MICROSOFT-CORP-MSN-AS-BLOCK	23M GmbH (AS47447)	2
Tietoevry Norway As	Diagonal Forlags AB (AS43096)	2
garnesdata.no	mono solutions ApS (AS201595)	1
easydns.ca	British Telecommunications PLC (AS2856)	1
GOOGLE	Eidsiva Bredband AS (AS29492)	1
ACTIVE 24, s.r.o.	Loopia AB (AS41528)	13
Advania Norge As	Cloudflare London, LLC (AS209242)	10
gpserver.com	Hetzner Online GmbH (AS24940)	2
SECURITYSERVICES	PC Support AS (AS43200)	1
ANEXIA Internetdienstleistungs GmbH	Akamai Connected Cloud (AS63949)	30
NUCDN	Globalconnect As (AS2116)	18
hyp.net	Foreach AS (AS214761)	28
markmonitor.com	MICROSOFT-CORP-MSN-AS-BLOCK (AS8075)	34
online4u.no	IT PAYS AS (AS50562)	3
Webhuset AS	Contabo GmbH (AS51167)	14
Cloud DNS Ltd	CLOUDFLARENET (AS13335)	17
bedsys.net	Eltele AS (AS206557)	1
ports.se	Internet Vikings International AB (AS203194)	9
proisp.no	Sognenett AS (AS31169)	1
proisp.no	Domeneshop AS (AS12996)	12
MICROSOFT-CORP-MSN-AS-BLOCK	Emp Secure As (AS28824)	30
Cyber_Folks S.A.	Beyond.pl sp. z o.o. (AS31229)	33
itl.no	Globalconnect As (AS2116)	1
hyp.net	Binero AB (AS35041)	12
ports.se	Globalconnect As (AS2116)	19
Akamai Connected Cloud	Tietoevry Norway As (AS5619)	8
one.com	Localhost As (AS199990)	13
Host Europe GmbH	Webhuset AS (AS39783)	2
Telia Norge AS	Iver Norge As (AS57829)	1
rhsoftware.de	M-net Telekommunikations GmbH (AS8767)	1
NUCDN	GleSYS AB (AS42708)	2
Advania Norge As	Globalconnect As (AS2116)	30
itiden.cloud	LIQUIDWEB (AS32244)	3
Webhuset AS	IT PAYS AS (AS50562)	22
godtsagt.no	Nexthop AS (AS49788)	14
ipcom GmbH	punkt.de GmbH (AS16188)	2
AMAZON-02	ODERLAND Webbhotell AB (AS44136)	5
netim.net	Lyse Tele (AS29695)	2
bedsys.net	Emp Secure As (AS28824)	1
Enivest AS	SQUARESPACE (AS53831)	2
edns.de	PlusServer GmbH (AS61157)	1
powerhosting.se	Binero AB (AS35041)	1
sircon.net	Hetzner Online GmbH (AS24940)	23
linode.com	Hetzner Online GmbH (AS24940)	6
Free Pro SAS	Free Pro SAS (AS30781)	3
Webhuset AS	FLY (AS40509)	1
Netnod AB	team.blue Denmark A/S (AS48854)	2
drlinux.no	Nexthop AS (AS49788)	37
dnsdomene.net	Hetzner Online GmbH (AS24940)	26
tikt.no	Tussa Ikt As (AS203424)	24
itsjefen.no	Increo AS (AS59438)	1
CLOUDFLARENET	FNX Tecnologia LTDA (AS60503)	1
weuk.net	Amito Ltd (AS60610)	1
mimer.no	Emp Secure As (AS28824)	3
flodin.no	Nexthop AS (AS49788)	1
netzoomi.net	Cloudflare London, LLC (AS209242)	1
markmonitor.com	CLOUDFLARENET (AS13335)	9
dnsdomene.net	PRIVATESYSTEMS (AS63410)	1
Telenor Norge AS	Domeneshop AS (AS12996)	30
Karjaan Puhelin Oy	GlobalConnect AB (AS12552)	1
CLOUDFLARENET	Arribatec Cloud AS (AS205976)	1
team.blue Denmark A/S	MICROSOFT-CORP-MSN-AS-BLOCK (AS8075)	16
Telenor Norge AS	AMAZON-AES (AS14618)	85
IONOS SE	InterNetX GmbH (AS15456)	24
QUIC-CLOUD	One.com A/S (AS51468)	1
loopia.se	ODERLAND Webbhotell AB (AS44136)	12
hyp.net	Orange Business Digital Norway As (AS25148)	73
nordkapp.net	Hetzner Online GmbH (AS24940)	20
isphuset.no	Hostek AB (AS61207)	16
MICROSOFT-CORP-MSN-AS-BLOCK	Telia Norge AS (AS25400)	27
GOOGLE	DIGITALOCEAN-ASN (AS14061)	23
Localhost As	Localhost As (AS199990)	7
altidata.net	Webhuset AS (AS39783)	1
Webhuset AS	team.blue Denmark A/S (AS48854)	10
SHOCK-1	SHOCK-1 (AS395092)	5
NSONE	Serverius Holding B.V. (AS50673)	9
contabo.net	Contabo GmbH (AS51167)	32
one.com	LIMESTONENETWORKS (AS46475)	7
tieto.com	Optimizely AB (AS30811)	4
afraid.org	Telenor Norge AS (AS2119)	3
hyp.net	RMH-14 (AS33070)	24
one.com	NETWORK-SOLUTIONS-HOSTING (AS19871)	20
DIGICERT	Optimizely AB (AS30811)	10
Neas Energi Telekom Rorosregionen As	SUCURI-SEC (AS30148)	15
CLOUDFLARENET	HVC-AS (AS29802)	9
UPHEADS AS	SQUARESPACE (AS53831)	8
web-solutions.dk	OVH SAS (AS16276)	1
NUCDN	Hosting.de GmbH (AS12574)	11
Telenor Norge AS	MICROSOFT-CORP-MSN-AS-BLOCK (AS8075)	36
Telenor Norge AS	Braathe AS (AS21119)	5
inmotionhosting.com	IMH-IAD (AS54641)	15
AMAZON-02	InfraCom Managed Services AB (AS29468)	1
HURRICANE	Svorka AS (AS206260)	4
hyp.net	UAB Interneto vizija (AS212531)	38
Webhuset AS	Administrator Systems AS (AS20741)	1
ANEXIA Internetdienstleistungs GmbH	Nexthop AS (AS49788)	11
one.com	20i Limited (AS48254)	3
register.be	Combell NV (AS34762)	24
Telenor Norge AS	Move AS (AS200163)	1
proisp.no	ITsjefen AS (AS44381)	4
one.com	Cleura AB (AS42695)	2
DIGICERT	Vaddo Media Information IS AB (AS41943)	1
Telia Norge AS	Telia Norge AS (AS41164)	28
norwaynet.no	IONOS SE (AS8560)	1
gameduell.de	noris network AG (AS12337)	2
netpower.no	Domeneshop AS (AS12996)	5
one.com	Enix Ltd (AS52148)	10
dnsdomene.net	Cloudflare London, LLC (AS209242)	51
hyp.net	RAILWAY (AS400940)	17
powerhosting.dk	CLOUDFLARENET (AS13335)	4
as2116.net	GlobalConnect AB (AS12552)	11
netim.net	UNIFIEDLAYER-AS-1 (AS46606)	1
innit.network	GleSYS AB (AS42708)	1
iptwins.com	Loopia AB (AS41528)	1
tikt.no	One.com A/S (AS51468)	7
site.pro	AMAZON-02 (AS16509)	1
Telenor Norge AS	Eviny Digital AS (AS8542)	6
ServeTheWorld AS	GOOGLE (AS15169)	4
Webhuset AS	Globalconnect As (AS8896)	8
altidata.net	SQUARESPACE (AS53831)	4
one.com	dogado GmbH (AS8648)	3
atakdomain.com	Atak Domain Bilgi Teknolojileri A.S. (AS211401)	5
storstein-nett.no	Hostinger International Limited (AS47583)	1
markmonitor.com	AMAZON-AES (AS14618)	8
markmonitor.com	Akamai International B.V. (AS20940)	1
nmugroup.com	GlobalConnect AB (AS12552)	3
benify.net	Benify AB (AS200820)	2
ports.se	Internet Vikings International AB (AS51747)	49
teknograd.no	Increo AS (AS59438)	1
dnsdomene.net	IT PAYS AS (AS50562)	25
webb.net	Hetzner Online GmbH (AS24940)	30
ascio.com	EPAG Domainservices GmbH (AS12915)	18
as2116.net	Optimizely AB (AS30811)	12
managed-ip.com	CLOUDFLARENET (AS13335)	3
CLDIN B.V.	CLDIN B.V. (AS48635)	31
geberit.ch	MICROSOFT-CORP-MSN-AS-BLOCK (AS8075)	3
dialogueweb.net	Hetzner Online GmbH (AS24940)	2
apple.com	APPLE-ENGINEERING (AS714)	8
hyp.net	MVPS LTD (AS202448)	4
Ans Academy Limited	GOOGLE-CLOUD-PLATFORM (AS396982)	3
securedomainservice.net	Globalconnect As (AS8896)	2
itpays.net	Braathe AS (AS21119)	2
Helse Vest IKT AS	Norsk Helsenett SF (AS56828)	20
MICROSOFT-CORP-MSN-AS-BLOCK	Nexthop AS (AS49788)	14
Anverino Software SRL	ORACLE-BMC-31898 (AS31898)	1
proisp.no	MICROSOFT-CORP-MSN-AS-BLOCK (AS8075)	53
checkdomain.de	Hetzner Online GmbH (AS24940)	18
altidata.net	CLOUDFLARENET (AS13335)	8
hyp.net	Eidsiva Bredband AS (AS29492)	50
increo.com	Globalconnect As (AS2116)	9
hyp.net	Obos Nett AS (AS211309)	21
Safety Computing AS	Safety Computing AS (AS30737)	52
ports.se	Domainkeskus Oy (AS201964)	1
NSONE	Telia Norge AS (AS25400)	1
mono.net	mono solutions ApS (AS201595)	23
Yelles AB	Cloudflare London, LLC (AS209242)	2
halden.net	Viken Fiber AS (AS62225)	18
UPHEADS AS	GleSYS AB (AS42708)	2
hyp.net	Enivest AS (AS35132)	41
Arelion Sweden AB	Arelion Sweden AB (AS1299)	86
hyp.net	Hardanger Breiband AS (AS216374)	25
one.com	A2HOSTING (AS55293)	10
SECURITYSERVICES	GTT Communications Inc. (AS3257)	1
web-solutions.dk	Cloudflare London, LLC (AS209242)	1
mainloop.net	AMAZON-02 (AS16509)	6
MICROSOFT-CORP-MSN-AS-BLOCK	team.blue Denmark A/S (AS48854)	7
quicns.cloud	Hetzner Online GmbH (AS24940)	1
online4u.no	MICROSOFT-CORP-MSN-AS-BLOCK (AS8075)	8
UPHEADS AS	CLOUDFLARENET (AS13335)	9
netim.net	Hetzner Online GmbH (AS24940)	13
nyquest.com	AS-VULTR (AS20473)	1
GOOGLE	Akamai International B.V. (AS20940)	1
kreativstrek.no	MICROSOFT-CORP-MSN-AS-BLOCK (AS8075)	22
itpays.net	ServeTheWorld AS (AS34989)	3
Nte Telekom As	Webhuset AS (AS29486)	1
lemarit.de	SOPRADO GmbH (AS20546)	1
GANDI SAS	CLOUDFLARENET (AS13335)	7
AS-VULTR	AMAZON-02 (AS16509)	3
dnsdomene.net	Tilda Publishing Ltd. (AS205282)	2
SECURITYSERVICES	UUNET (AS702)	11
MICROSOFT-CORP-MSN-AS-BLOCK	CENTURYLINK-LEGACY-SAVVIS (AS3561)	1
media24.no	EXPEDIENT (AS17054)	12
perf1.com	INCAPSULA (AS19551)	4
one.com	Braathe AS (AS21119)	33
AMAZON-02	Domeneshop AS (AS12996)	19
vacan-soleil.no	Signet B.V. (AS20857)	1
BMS-AS	INCAPSULA (AS19551)	2
eurodns.biz	Datacenter Luxembourg S.A. (AS24611)	3
VITAL-DNS	Telenor Norge AS (AS2119)	5
managed-ip.com	MICROSOFT-CORP-MSN-AS-BLOCK (AS8075)	5
as8758.net	Ifolor AG (AS43127)	5
hyp.net	SHARKTECH (AS46844)	11
hostgator.com	UNIFIEDLAYER-AS-1 (AS46606)	31
faltinsen.no	Lyse Tele (AS29695)	4
loopia.se	Telia Company AB (AS3301)	7
netpower.no	MICROSOFT-CORP-MSN-AS-BLOCK (AS8075)	7
Akamai International B.V.	NCUBE-OREGON-AS (AS1219)	1
dn-s.nl	DIGITALOCEAN-ASN (AS14061)	2
ANEXIA Internetdienstleistungs GmbH	MICROSOFT-CORP-MSN-AS-BLOCK (AS8075)	35
UPHEADS AS	GOOGLE-CLOUD-PLATFORM (AS396982)	11
online4u.no	AMAZON-AES (AS14618)	2
IONOS SE	Mittwald CM Service GmbH & Co. KG (AS15817)	1
DIGICERT	Domeneshop AS (AS12996)	11
Hostpoint AG	Hostpoint AG (AS29097)	38
hyp.net	LeaseWeb Netherlands B.V. (AS60781)	96
nordkapp.net	Kunnskapssektorens Tjenesteleverandor (AS224)	2
CLOUDFLARENET	Telia Norge AS (AS41164)	33
avency.de	Mittwald CM Service GmbH & Co. KG (AS15817)	1
sircon.net	WEEBLY (AS27647)	1
DXC-AS3360	MICROSOFT-CORP-MSN-AS-BLOCK (AS8075)	3
hyp.net	FASTER CZ spol. s r.o. (AS24641)	9
mydnspt.net	Almouroltec Servicos De Informatica E Internet Lda (AS24768)	3
CLOUDFLARENET	Iomart Cloud Services Limited (AS20860)	12
dnsdomene.net	GOOGLE-CLOUD-PLATFORM (AS396982)	52
homednsserver.com	Lyse Tele (AS29695)	2
hyp.net	Ddos-guard Ltd (AS57724)	16
Host Europe GmbH	Orange Business Digital Norway As (AS25148)	2
NextGenTel AS	NextGenTel AS (AS15659)	8
NetActuate, Inc	AMAZON-02 (AS16509)	21
SCAAM0001	MICROSOFT-CORP-MSN-AS-BLOCK (AS8075)	12
hyp.net	IPAX GmbH (AS44133)	1
pbsys.no	Globalconnect As (AS2116)	1
vitnett.no	Neas Energi Telekom As (AS52157)	31
helsenord.no	Optimizely AB (AS30811)	2
asp.be	Proximus NV (AS5432)	1
Nexthop AS	UAB Interneto vizija (AS212531)	4
hyp.net	AS-30083-US-VELIA-NET (AS30083)	5
CLOUDFLARENET	CSC (AS19574)	36
Telia Norge AS	Telia Company AB (AS3301)	10
DIGICERT	DIGITALOCEAN-ASN (AS14061)	23
123ns.de	noris network AG (AS12337)	8
MICROSOFT-CORP-MSN-AS-BLOCK	Hostinger International Limited (AS47583)	12
AMAZON-02	FASTLY (AS54113)	24
tv2.no	TV 2 AS (AS35703)	14
SECURITYSERVICES	noris network AG (AS12337)	13
afraid.org	Lyse Tele (AS29695)	6
MICROSOFT-CORP-MSN-AS-BLOCK	SiteVision AB (AS41174)	2
loopia.se	SaSG GmbH & Co. KG (AS51483)	1
goodhosting.org	QUICKPACKET (AS46261)	2
DIGICERT	Nordvest Fiber As (AS16234)	5
ipcom GmbH	Globalconnect As (AS2116)	6
IONOS SE	Strato GmbH (AS6724)	3
ServeTheWorld AS	CLDIN B.V. (AS48635)	3
NSONE	Bluewin (AS3303)	1
Tietoevry Norway As	Telia Norge AS (AS25400)	6
Henning Solberg	SQUARESPACE (AS53831)	1
Sucom AS	Sucom AS (AS60908)	2
Blix Solutions AS	Contabo GmbH (AS51167)	1
hyp.net	SINGLEHOP-LLC (AS32475)	28
AMAZON-02	One.com A/S (AS51468)	17
one.com	Combell NV (AS34762)	3
hyp.net	WorldStream B.V. (AS49981)	8
dnsdomene.net	Webhuset AS (AS29486)	1
MICROSOFT-CORP-MSN-AS-BLOCK	Iver Sverige AB (AS49419)	3
Webhuset AS	Iver Norge As (AS49409)	4
hyp.net	Globalways GmbH (AS48918)	1
Host Europe GmbH	LDeX Connect LTD (AS47264)	2
ServeTheWorld AS	DIGITALOCEAN-ASN (AS14061)	5
Norsk Helsenett SF	SINGLEHOP-LLC (AS32475)	1
SECURITYSERVICES	AUTOMATTIC (AS2635)	3
proisp.no	Tilaa B.V. (AS196752)	2
smallhold-hosting.nl	Eurofiber Cloud Infra B.V. (AS25459)	2
routing.net	Hosting.de GmbH (AS12574)	3
Telenor Norge AS	Systemec BV (AS41480)	1
itl.no	Globalconnect As (AS8896)	2
brik.no	One.com A/S (AS51468)	1
hyp.net	RouteLabel V.O.F. (AS198203)	3
loopia.se	DIGITALOCEAN-ASN (AS14061)	30
web-solutions.dk	CLOUDFLARENET (AS13335)	13
hyp.net	UPHEADS AS (AS201454)	57
one.com	UNIFIEDLAYER-AS-1 (AS46606)	18
acssystem.xyz	OVH SAS (AS16276)	2
amtrustgroup.com	Domeneshop AS (AS12996)	3
Globalconnect As	Optimizely AB (AS30811)	1
Nte Telekom As	GOOGLE-CLOUD-PLATFORM (AS396982)	3
hyp.net	Vitec Software Group AB (AS197332)	69
is-fun.net	Westwing GmbH (AS198996)	2
SECURITYSERVICES	QTS-SUW1-ATL1 (AS20141)	1
bedsys.net	Redpill Linpro AS (AS39029)	7
SECURITYSERVICES	Bayerische Motoren Werke Aktiengesellschaft (AS8590)	11
gota.net	Gotalandsnatet AB (AS12597)	2
Blix Solutions AS	Globalconnect As (AS2116)	1
Telenor Norge AS	UAB Interneto vizija (AS212531)	1
Cloud DNS Ltd	TDC Holding A/S (AS3292)	1
SECURITYSERVICES	CLOUDFLARENET (AS13335)	24
Lyse Tele	IONOS SE (AS8560)	1
ipcom GmbH	CLOUDFLARENET (AS13335)	29
hyp.net	Host Europe GmbH (AS21501)	7
foxcloud.net	Foxcloud Llp (AS200904)	2
ports.se	Internet Vikings International AB (AS203295)	3
Webhuset AS	COGECO-PEER1 (AS13768)	1
Kunnskapssektorens Tjenesteleverandor	ITsjefen AS (AS44381)	4
sandalsbeta.com	LEVEL3 (AS3356)	2
ns14.net	Nippon Gases Euro-Holding S.L.U. (AS207367)	8
one.com	Webhuset AS (AS29486)	30
as2116.net	Lyse Tele (AS29695)	2
Akamai Connected Cloud	Eviny Digital AS (AS8542)	8
NUCDN	NetNordic Denmark A/S (AS59701)	1
ports.se	AMAZON-02 (AS16509)	36
hyp.net	AVUR AS (AS50272)	55
Webhuset AS	Enivest AS (AS35132)	24
one.com	ODERLAND Webbhotell AB (AS44136)	9
helsenord.no	Kunnskapssektorens Tjenesteleverandor (AS224)	1
itpays.net	SQUARESPACE (AS53831)	17
as2116.net	Iway AG (AS8758)	11
CLOUDFLARENET	Bitpro (AS44764)	6
hyp.net	Tafjord Connect AS (AS15765)	39
perf1.com	MICROSOFT-CORP-MSN-AS-BLOCK (AS8075)	2
Nexthop AS	Lyse Tele (AS29695)	5
as2116.net	Stortinget (AS34100)	2
dn-s.nl	Signet B.V. (AS20857)	45
halden.net	Emp Secure As (AS28824)	2
dnsdomene.net	Globalconnect As (AS2116)	16
co.uk	Optimizely AB (AS30811)	8
netpower.no	GOOGLE (AS15169)	9
Cyber_Folks S.A.	Cyber_Folks S.A. (AS43758)	4
GOOGLE	AMAZON-02 (AS16509)	43
Telenor Norge AS	Nexthop AS (AS60717)	3
ANEXIA Internetdienstleistungs GmbH	SQUARESPACE (AS53831)	12
supremedns.com	Ficolo Oy (AS49282)	10
hyp.net	20i Limited (AS48254)	5
ServeTheWorld AS	CLOUDFLARENET (AS13335)	13
MICROSOFT-CORP-MSN-AS-BLOCK	GO-DADDY-COM-LLC (AS398101)	1
home.pl	home.pl S.A. (AS12824)	16
Telenor Norge AS	Hostek AB (AS61207)	7
hyp.net	Kodmyran AB (AS211551)	1
proisp.no	Redpill Linpro AS (AS39029)	3
MICROSOFT-CORP-MSN-AS-BLOCK	CSC (AS19574)	7
loopia.se	Solaris Bus&Coach S.A. (AS197977)	1
one.com	DLX A/S (AS47527)	14
nordkapp.net	Globalconnect As (AS2116)	26
ipcom GmbH	Hostek AB (AS61207)	4
DIGICERT	GleSYS AB (AS42708)	6
GOOGLE	Webhuset AS (AS39783)	7
bosch.de	MICROSOFT-CORP-MSN-AS-BLOCK (AS8075)	36
hyp.net	EXPEDIENT (AS17054)	3
Hetzner Online GmbH	AMAZON-02 (AS16509)	40
Globalconnect As	MICROSOFT-CORP-MSN-AS-BLOCK (AS8075)	4
ipcom GmbH	ODERLAND Webbhotell AB (AS44136)	15
one.com	AUTOMATTIC (AS2635)	38
Norsk Helsenett SF	Telia Norge AS (AS25400)	2
co.uk	CSC (AS19574)	11
Nexthop AS	FASTLY (AS54113)	4
GOOGLE	GlobalConnect AB (AS12552)	3
AMAZON-02	Telia Norge AS (AS25400)	9
ports.se	Nte Telekom As (AS34087)	2
Globalconnect As	UPHEADS AS (AS201454)	3
Safenames Ltd.	AMAZON-02 (AS16509)	11
one.com	TDC Holding A/S (AS3292)	32
one.com	LeaseWeb Netherlands B.V. (AS60781)	12
Lyse Tele	LeaseWeb Netherlands B.V. (AS60781)	1
hyp.net	Enix Ltd (AS52148)	40
stair.se	DIGITALOCEAN-ASN (AS14061)	1
dnsdomene.net	MICROSOFT-CORP-MSN-AS-BLOCK (AS8075)	17
bitbit.net	Blix Solutions AS (AS50304)	2
hyp.net	SERVERS-COM (AS7979)	5
Akamai Connected Cloud	Blix Solutions AS (AS50304)	13
dnsdomene.net	FASTLY (AS54113)	29
SECURITYSERVICES	Entain Services Austria GmbH (AS13008)	33
ANEXIA Internetdienstleistungs GmbH	AMAZON-AES (AS14618)	1
CLOUDFLARENET	Visma Software International AS (AS61213)	37
caliserohosting.ro	ROMARG SRL (AS205275)	2
SECURITYSERVICES	Telia Company AB (AS3308)	5
domainoo.fr	Planet Service SARL (AS61168)	16
dynu.com	Telenor Norge AS (AS2119)	9
online4u.no	Webhuset AS (AS39783)	2
CLOUDFLARENET	NL-811-40021 (AS40021)	1
GANDI SAS	AMAZON-02 (AS16509)	8
subsys.no	Hetzner Online GmbH (AS24940)	92
zahid.host	MVPS LTD (AS202448)	9
DIGICERT	COLT Technology Services Group Limited (AS8220)	1
indomco.com	CSC (AS19574)	1
Advania Norge As	GOOGLE-CLOUD-PLATFORM (AS396982)	6
fastpark.net	Team Internet AG (AS61969)	2
linovate.de	Hetzner Online GmbH (AS24940)	5
Cloud DNS Ltd	HOSTWINDS (AS54290)	73
plothost.com	PRIVATESYSTEMS (AS63410)	1
SH.cz s.r.o.	SH.cz s.r.o. (AS39392)	17
proisp.no	Nexthop AS (AS60717)	14
proisp.no	Cloudflare London, LLC (AS209242)	89
hyp.net	Tussa Ikt As (AS203424)	161
Webhuset AS	Varnamo Energi AB (AS31642)	1
Webhuset AS	Nte Telekom As (AS34087)	20
Hosting Ukraine LTD	Hosting Ukraine LTD (AS200000)	9
hyp.net	NEXTLEVELINTERNET (AS16582)	1
UPHEADS AS	Domeneshop AS (AS12996)	16
netim.net	OVH SAS (AS16276)	14
SECURITYSERVICES	Telenor Norge AS (AS2119)	52
InterNetX GmbH	GlobalConnect AB (AS12552)	4
MICROSOFT-CORP-MSN-AS-BLOCK	Tele2 SWIPnet (AS1257)	7
ipcom GmbH	DIGITALOCEAN-ASN (AS14061)	8
hyp.net	viddy Networks - Marius Eikenes (AS202060)	3
arvixeshared.com	UNIFIEDLAYER-AS-1 (AS46606)	2
hyp.net	Host Europe GmbH (AS21499)	40
ipcom GmbH	GOOGLE-CLOUD-PLATFORM (AS396982)	24
garnesdata.no	NForce Entertainment B.V. (AS43350)	30
webserversystems.com	UNIFIEDLAYER-AS-1 (AS46606)	3
123onweb.no	Nexthop AS (AS49788)	104
netbox.no	Lyse Tele (AS29695)	3
Lyse Tele	Globalconnect As (AS2116)	16
Webhuset AS	Nexthop AS (AS60717)	4
sircon.net	OVH SAS (AS16276)	28
hyp.net	Team Internet AG (AS61969)	36
CLOUDFLARENET	ecotel communication ag (AS12312)	1
one.com	Host Europe GmbH (AS21501)	3
Contabo GmbH	Contabo GmbH (AS51167)	41
ports.se	Cloudflare London, LLC (AS209242)	7
nameunit.com	Name Unit Limited (AS51850)	34
Keyloop Holdings (UK) Limited	Keyloop Holdings (UK) Limited (AS206547)	3
innit.network	Eidsiva Bredband AS (AS29492)	27
hyp.net	Rackspace Ltd. (AS15395)	84
Webhuset AS	UNIFIEDLAYER-AS-1 (AS46606)	6
If Skadeforsakring AB	Domeneshop AS (AS12996)	1
team.blue Denmark A/S	Scaleway S.a.s. (AS12876)	2
SECURITYSERVICES	Tietoevry Norway As (AS5619)	9
online4u.no	Advania Norge As (AS31264)	1
ns53.be	Devout BV (AS216471)	2
bedsys.net	AMAZON-02 (AS16509)	3
BB-Online UK Ltd	AS-VULTR (AS20473)	23
easydns.com	EDNS (AS16686)	1
sac-it.dk	Telia Company AB (AS3308)	11
hyp.net	SWIFTWILL2 (AS30361)	2
DIGICERT	Telia Norge AS (AS25400)	7
tevale.net	Sabiedriba ar ierobezotu atbildibu DELSKA Latvia (AS12993)	1
webb.net	DIGITALOCEAN-ASN (AS14061)	2
Host Europe GmbH	Hetzner Online GmbH (AS24940)	11
Braathe AS	CLOUDFLARENET (AS13335)	4
loopia.se	MICROSOFT-CORP-MSN-AS-BLOCK (AS8075)	45
proisp.no	RMH-14 (AS33070)	1
hyp.net	Akenes SA (AS61098)	3
Kunnskapssektorens Tjenesteleverandor	Nexthop AS (AS49788)	6
dinstudio.no	GleSYS AB (AS42708)	4
salmans-it.net	DirectVPS B.V. (AS29028)	3
hyp.net	Liquid Web B.V. (AS202521)	6
MICROSOFT-CORP-MSN-AS-BLOCK	Neas Energi Telekom As (AS61275)	3
one.com	Transdata AS (AS29479)	29
CLOUDFLARENET	WEBHOSTINGHOLDINGS (AS965)	2
imr.no	Kunnskapssektorens Tjenesteleverandor (AS224)	7
Tietoevry Norway As	Telia Cygate Oy (AS29422)	2
ITsjefen AS	ITsjefen AS (AS44381)	9
Advania Norge As	Optimizely AB (AS30811)	9
hyp.net	QuickPay ApS (AS197660)	1
MICROSOFT-CORP-MSN-AS-BLOCK	Eviny Digital AS (AS8542)	34
Host Europe GmbH	DLX A/S (AS47527)	1
Advania Norge As	Domeneshop AS (AS12996)	12
IOFLOOD	IOFLOOD (AS53755)	3
ipcom GmbH	Domeneshop AS (AS12996)	18
123ns.de	Hetzner Online GmbH (AS24940)	4
guru-networks.no	Nte Telekom As (AS34087)	3
hyp.net	Ficolo Oy (AS49282)	15
Telenor Norge AS	AS-VULTR (AS20473)	5
iplace.se	Nexthop AS (AS49788)	3
Host Europe GmbH	Wix.com Ltd. (AS58182)	37
hyp.net	LIBERTY NETWORKS DE COLOMBIA S.A.S (AS262191)	1
one.com	Optimizely AB (AS30811)	44
Strato GmbH	PlusServer GmbH (AS61157)	4
AVUR AS	mono solutions ApS (AS201595)	2
faktum.co	Lyse Tele (AS29695)	1
Tietoevry Norway As	Webhuset AS (AS29486)	3
one.com	Redpill Linpro AS (AS39029)	21
ih36.net	Mammoth Media Pty Ltd (AS133159)	3
GOOGLE	Nte Telekom As (AS34087)	4
Cloud DNS Ltd	M247 Europe SRL (AS9009)	18
proisp.no	Lyse Tele (AS29695)	40
sircon.net	AMAZON-02 (AS16509)	31
UPHEADS AS	Nte Telekom As (AS34087)	5
as2116.net	SQUARESPACE (AS53831)	5
vshosting.cloud	Notino s.r.o. (AS215588)	3
ns14.net	Host Europe GmbH (AS8972)	9
Safety Computing AS	Akamai Connected Cloud (AS63949)	1
Globalconnect As	Telenor Norge AS (AS2119)	9
one.com	COGENT-174 (AS174)	1
SAREnet, S.A.	Emp Secure As (AS28824)	1
GANDI SAS	Cloudflare London, LLC (AS209242)	4
garnesdata.no	Globalconnect As (AS2116)	9
innit.network	DIGITALOCEAN-ASN (AS14061)	7
Cloud DNS Ltd	Emp Secure As (AS28824)	16
CLOUDFLARENET	Datacamp Limited (AS212238)	1
grygier.com	IP-Projects GmbH & Co. KG (AS48314)	26
sircon.net	Webhuset AS (AS39783)	2
sircon.net	Globalconnect As (AS2116)	23
GOOGLE	Tele2 SWIPnet (AS1257)	16
Lyse Tele	DIGITALOCEAN-ASN (AS14061)	6
hyp.net	Bryhni.com AS (AS16065)	6
hjelseth.com	GOOGLE-CLOUD-PLATFORM (AS396982)	14
Blix Solutions AS	Telenor Norge AS (AS2119)	1
SECURITYSERVICES	Quickline Communications Limited (AS43207)	1
dnsdomene.net	TDC Holding A/S (AS3292)	1
topsec.com	AMAZON-02 (AS16509)	4
Helse Vest IKT AS	Eviny Digital AS (AS8542)	1
team.blue Denmark A/S	SQUARESPACE (AS53831)	7
as2116.net	Nexthop AS (AS49788)	6
one.com	Enivest AS (AS35132)	10
MICROSOFT-CORP-MSN-AS-BLOCK	GOOGLE (AS15169)	9
zoneedit.com	Lyse Tele (AS29695)	2
ORACLE-BMC-31898	mono solutions ApS (AS201595)	1
itpays.net	A2HOSTING (AS55293)	1
loopia.se	ServeTheWorld AS (AS34989)	16
keklolwtf.com	Blix Solutions AS (AS50304)	2
Kunnskapssektorens Tjenesteleverandor	SQUARESPACE (AS53831)	4
ucoz.net	Webhost LLC (AS44094)	3
SECURITYSERVICES	Den Danske Bank A/S (AS12483)	3
DIGICERT	MICROSOFT-CORP-MSN-AS-BLOCK (AS8075)	6
hyp.net	TDC Holding A/S (AS3292)	41
hyp.net	GIG Networks AS (AS8478)	4
ANEXIA Internetdienstleistungs GmbH	Telia Norge AS (AS25400)	10
iplace.se	MICROSOFT-CORP-MSN-AS-BLOCK (AS8075)	6
itpays.net	Lyse Tele (AS29695)	4
AMAZON-02	Wix.com Ltd. (AS58182)	5
Lyse Tele	AMAZON-02 (AS16509)	11
coreit.se	CoreIT AB (AS209041)	9
AMAZON-02	Telenor Norge AS (AS2119)	2
pbsys.no	Webhuset AS (AS39783)	4
Akamai Connected Cloud	Hetzner Online GmbH (AS24940)	14
pbsys.no	Telia Norge AS (AS25400)	37
CLOUDFLARENET	Net at Once Sweden AB (AS35706)	1
mimer.no	PC Support AS (AS43200)	3
CLOUDFLARENET	Hostkey B.v. (AS57043)	6
markmonitor.com	INCAPSULA (AS19551)	4
Akamai Connected Cloud	AMAZON-02 (AS16509)	14
MICROSOFT-CORP-MSN-AS-BLOCK	AUTOMATTIC (AS2635)	15
ports.se	Telia Company AB (AS3301)	14
ServeTheWorld AS	Webhuset AS (AS39783)	4
AMAZON-02	Globalconnect As (AS2116)	19
hyp.net	Serverius Holding B.V. (AS50673)	13
itl.no	One.com A/S (AS51468)	14
hyp.net	IONOS SE (AS8560)	14
jawas.pl	Cyber_Folks S.A. (AS29522)	1
CLOUDFLARENET	Telia Cygate AB (AS197308)	6
sparebank1.no	Telenor Norge AS (AS2119)	42
Globalconnect As	Arribatec Cloud AS (AS205976)	1
opportunity.de	Aixit GmbH (AS29551)	2
hyp.net	Bosnet Aktiebolag (AS44769)	1
CLOUDFLARENET	Wix.com Ltd. (AS58182)	30
team.blue Denmark A/S	Globalconnect As (AS8896)	1
hyp.net	Netpower IT Solutions AS (AS48680)	35
CLOUDFLARENET	Nte Telekom As (AS34087)	28
SECURITYSERVICES	Telia Company AB (AS3301)	14
AMAZON-02	Blix Solutions AS (AS50304)	2
ANEXIA Internetdienstleistungs GmbH	Hostek AB (AS29024)	2
hyp.net	Telia Company AB (AS3301)	15
Cloud DNS Ltd	Globalconnect As (AS2116)	6
SECURITYSERVICES	Telia Norge AS (AS25400)	10
hyp.net	Monsternett AS (AS201577)	57
SECURITYSERVICES	ODERLAND Webbhotell AB (AS44136)	13
webio.no	Enivest AS (AS35132)	17
mimer.no	Administrator Systems AS (AS20741)	3
Kunnskapssektorens Tjenesteleverandor	CLOUDFLARENET (AS13335)	1
ACTIVE 24, s.r.o.	VSHosting s.r.o. (AS43541)	3
proisp.no	AS-VULTR (AS20473)	27
savvii.com	CLDIN B.V. (AS48635)	5
SECURITYSERVICES	Globalconnect As (AS2116)	44
hyp.net	NForce Entertainment B.V. (AS43350)	4
sircon.net	Individual Network Berlin (IN-Berlin) e.V. (AS29670)	2
InterNetX GmbH	Domeneshop AS (AS12996)	1
oderland.com	GOOGLE-CLOUD-PLATFORM (AS396982)	4
Cloud DNS Ltd	team.blue Denmark A/S (AS48854)	8
as2116.net	Tietoevry Norway As (AS5619)	1
is-fun.net	Contabo GmbH (AS51167)	5
griffel.se	Griffel AB (AS47467)	4
err.no	Blix Solutions AS (AS50304)	2
mirohost.net	Internet Invest, Ltd. (AS25393)	1
unixstorm.org	Unix Storm - Michal Gottlieb (AS198921)	4
iserv.no	Telenor Norge AS (AS2119)	3
mint.rs	SQUARESPACE (AS53831)	1
netim.net	NETWORK-SOLUTIONS-HOSTING (AS19871)	1
One.com A/S	One.com A/S (AS51468)	26
hyp.net	Akamai International B.V. (AS20940)	14
forss.net	Forss IT AB (AS43809)	12
AMAZON-02	Optimizely AB (AS30811)	10
BUNNYWAY, informacijske storitve d.o.o.	Hetzner Online GmbH (AS24940)	6
Globalconnect As	Akamai Connected Cloud (AS63949)	1
Akamai International B.V.	Safenames Ltd. (AS60819)	7
loopia.se	Lyse Tele (AS29695)	22
DIGICERT	One.com A/S (AS51468)	8
CORESPACE-DAL	CORESPACE-DAL (AS54489)	7
netim.net	UK Dedicated Servers Limited (AS42831)	4
Hydra Communications Ltd	Enix Ltd (AS52148)	23
Globalconnect As	COMCAST-7922 (AS7922)	1
Webhuset AS	UAB Interneto vizija (AS212531)	2
one.com	Rackspace Ltd. (AS15395)	6
Webhuset AS	ORACLE-BMC-31898 (AS31898)	1
Host Europe GmbH	A2HOSTING (AS55293)	1
Telia Company AB	GOOGLE (AS15169)	1
net.pl	ZINET.NET.PL Sp. z.o.o. (AS41508)	1
hyp.net	Viken Fiber AS (AS62225)	7
godtsagt.no	Globalconnect As (AS2116)	1
ANEXIA Internetdienstleistungs GmbH	EPAG Domainservices GmbH (AS12915)	3
SECURITYSERVICES	Viking Office Europe B.V. (AS20896)	1
combell.net	Level 27 BVBA (AS59943)	1
NUCDN	Vaddo Media Information IS AB (AS41943)	6
basefarm.net	Optimizely AB (AS30811)	3
mn37.no	Nte Telekom As (AS34087)	6
hyp.net	Scaleway S.a.s. (AS12876)	23
vas-hosting.com	SH.cz s.r.o. (AS39392)	2
Advania Norge As	AMAZON-02 (AS16509)	34
CLOUDFLARENET	Redpill Linpro AS (AS39029)	14
Webhuset AS	Emp Secure As (AS28824)	34
one.com	Arribatec Cloud AS (AS205976)	1
beursstraat.nl	NovoServe B.V. (AS24875)	1
online4u.no	AMAZON-02 (AS16509)	11
medel.com	InterNetX GmbH (AS15456)	2
ilait.se	DIGITALOCEAN-ASN (AS14061)	1
innit.network	Arribatec Cloud AS (AS205976)	27
hyp.net	CLOUDACCESS-NETWORK (AS54456)	9
AMAZON-02	WHG Hosting Services Ltd (AS51713)	33
Hetzner Online GmbH	Akamai Connected Cloud (AS63949)	1
itl.no	CLOUDFLARENET (AS13335)	1
dig.com	AMAZON-02 (AS16509)	48
ServeTheWorld AS	One.com A/S (AS51468)	3
loopia.se	AMAZON-AES (AS14618)	10
Cloud DNS Ltd	Cloudflare London, LLC (AS209242)	3
Webhuset AS	Team Internet AG (AS61969)	4
team.blue Denmark A/S	DLX A/S (AS47527)	13
hyp.net	Neas Energi Telekom Rorosregionen As (AS48863)	8
dnsnet.no	Hardanger Breiband AS (AS216374)	4
hjelseth.com	Wix.com Ltd. (AS58182)	8
NUCDN	Itm8 A/S (AS44398)	1
Nazwa.pl Sp.z.o.o.	Nazwa.pl Sp.z.o.o. (AS15967)	5
Webhuset AS	GO-DADDY-COM-LLC (AS398787)	1
CLOUDFLARENET	NETWORK-SOLUTIONS-HOSTING (AS19871)	8
CLOUDFLARENET	ORACLE-BMC-31898 (AS31898)	13
Advania Norge As	CLOUDFLARENET (AS13335)	8
NSONE	Akamai International B.V. (AS213120)	3
vhosting.no	GlobalConnect AB (AS12552)	20
CLOUDFLARENET	mono solutions ApS (AS201595)	22
loopia.se	atom86 BV (AS47543)	1
exacttarget.com	AMAZON-02 (AS16509)	1
CLOUDFLARENET	NAMECHEAP-NET (AS22612)	12
Hetzner Online GmbH	Cloud City Oy (AS202509)	2
subsys.no	AMAZON-02 (AS16509)	9
one.com	Increo AS (AS59438)	23
tikt.no	Emp Secure As (AS28824)	2
Blix Solutions AS	CLOUDFLARENET (AS13335)	17
ORANGE BUSINESS SERVICES U.S. Inc.	AMAZON-02 (AS16509)	10
dnsdomene.net	cloudscale.ch AG (AS59414)	1
web-solutions.dk	Hoasted B.V. (AS205876)	1
ha-dns.net	Hetzner Online GmbH (AS24940)	3
PONYNET	AMAZON-02 (AS16509)	2
Akamai Connected Cloud	Akamai Connected Cloud (AS63949)	22
perf1.com	Nameshield SAS (AS20756)	53
netflix.net	AMAZON-02 (AS16509)	9
ipcom GmbH	Internet Vikings International AB (AS203240)	2
MICROSOFT-CORP-MSN-AS-BLOCK	Lyse Tele (AS29695)	23
CLOUDFLARENET	Emp Secure As (AS28824)	34
one.com	Orange Business Digital Norway As (AS25148)	9
one.com	FLY (AS40509)	1
markmonitor.com	arcos informationssysteme GmbH (AS41504)	1
loopia.se	Nexthop AS (AS49788)	14
123ns.de	LKW Walter Internationale Transportorganisation AG (AS34735)	6
Webhuset AS	NETWORK-SOLUTIONS-HOSTING (AS19871)	3
NUCDN	BIT BV (AS12859)	1
sqr.cloud	CLOUDFLARENET (AS13335)	1
nadns1.com	Nameshield SAS (AS20756)	16
ServeTheWorld AS	AMAZON-02 (AS16509)	28
AMAZON-02	Lyse Tele (AS29695)	8
hysing.is	Advania Island ehf (AS44515)	1
NSONE	FASTLY (AS54113)	9
vip.nl	CLDIN B.V. (AS48635)	3
hyp.net	Neas Energi Telekom As (AS52157)	14
AMAZON-02	LIQUIDWEB (AS32244)	2
loopia.se	Tele2 SWIPnet (AS1257)	8
hyp.net	Nazwa.pl Sp.z.o.o. (AS15967)	8
pearson.com	PEARSON-NA (AS11892)	2
bisping.de	Bisping & Bisping GmbH & Co KG (AS20686)	3
hyp.net	1984 ehf (AS44925)	10
one.com	Beyond.pl sp. z o.o. (AS31229)	1
oderland.com	CLOUDFLARENET (AS13335)	3
ANEXIA Internetdienstleistungs GmbH	GOOGLE (AS15169)	8
Cloud DNS Ltd	Iomart Cloud Services Limited (AS20860)	11
itl.no	Hostinger International Limited (AS47583)	6
mimer.no	SQUARESPACE (AS53831)	7
domainers.de	Key-Systems GmbH (AS13246)	4
itsjefen.no	AMAZON-02 (AS16509)	3
cloudhosting.net	Krystal Hosting Ltd (AS12488)	14
SECURITYSERVICES	Orange Business Digital Norway As (AS25148)	10
dnsdomene.net	mono solutions ApS (AS201595)	13
storstein-nett.no	WEEBLY (AS27647)	1
netbox.no	GOOGLE (AS15169)	1
CLOUDFLARENET	Combell NV (AS34762)	3
proisp.no	mono solutions ApS (AS201595)	24
GleSYS AB	Binero AB (AS35041)	13
Blix Solutions AS	Nte Telekom As (AS34087)	2
IONOS SE	adesso as a service GmbH (AS44152)	1
Host Europe GmbH	AS-VULTR (AS20473)	6
hyp.net	Aussie Broadband (AS4764)	2
UPHEADS AS	Hostinger International Limited (AS47583)	4
AMAZON-02	Redpill Linpro AS (AS39029)	3
systor.st	Emp Secure As (AS28824)	1
occentus.net	NIXVAL (AS13287)	1
hyp.net	iquer.net GmbH & Co KG (AS201955)	1
hyp.net	GCP-ENTERPRISE-USER-TRAFFIC (AS394089)	1
Cloud DNS Ltd	Leaseweb Deutschland GmbH (AS28753)	2
webbess.no	GleSYS AB (AS42708)	1
hyp.net	Avatel Telecom, SA (AS200845)	1
hyp.net	Trollfjord Bredband AS (AS202204)	8
Nordea Bank Abp	GlobalConnect A/S (AS42525)	2
garnesdata.no	Webhuset AS (AS29486)	6
co.uk	MICROSOFT-CORP-MSN-AS-BLOCK (AS8075)	6
SECURITYSERVICES	MEMSET Ltd (AS50957)	1
web-solutions.dk	Adacor Hosting GmbH (AS42442)	1
MICROSOFT-CORP-MSN-AS-BLOCK	SQUARESPACE (AS53831)	49
ANEXIA Internetdienstleistungs GmbH	GOOGLE-CLOUD-PLATFORM (AS396982)	8
Akamai International B.V.	CSC (AS19574)	6
Tietoevry Norway As	Rackhosting.com ApS (AS31590)	1
Braathe AS	Hetzner Online GmbH (AS24940)	8
hyp.net	NTHL (AS11042)	2
pin.se	Iver Sverige AB (AS49419)	1
AMAZON-02	DTS Systeme GmbH (AS8879)	1
Telia Norge AS	AMAZON-02 (AS16509)	10
broadmail.de	Orange Business Digital Germany GmbH (AS48173)	1
BIZLAND-SD	BIZLAND-SD (AS29873)	15
Hetzner Online GmbH	Hostinger International Limited (AS47583)	5
MICROSOFT-CORP-MSN-AS-BLOCK	Hostek AB (AS61207)	6
team.blue Denmark A/S	Wix.com Ltd. (AS58182)	3
dnsdomene.net	UNIFIEDLAYER-AS-1 (AS46606)	2
markmonitor.com	HILTON-E (AS26529)	1
Akamai Connected Cloud	AS-VULTR (AS20473)	2
Telenor Norge AS	IpHost P.C. (AS47521)	2
Host Europe GmbH	WEEBLY (AS27647)	4
AMAZON-02	SQUARESPACE (AS53831)	21
Cyber_Folks S.A.	Cyber_Folks S.A. (AS29522)	12
Karjaan Puhelin Oy	Eviny Digital AS (AS8542)	1
dnsdomene.net	Lyse Tele (AS29695)	14
AS-VULTR	Hetzner Online GmbH (AS24940)	30
ANEXIA Internetdienstleistungs GmbH	DIGITALOCEAN-ASN (AS14061)	11
systemdns.com	TUCOWS (AS15348)	1
nameshield.net	Globalconnect As (AS2116)	3
GOOGLE	A2HOSTING (AS55293)	1
SECURITYSERVICES	LeaseWeb Netherlands B.V. (AS60781)	3
hyp.net	LH.pl Sp. z o.o. (AS203417)	2
DIGICERT	SQUARESPACE (AS53831)	16
iserv.no	SQUARESPACE (AS53831)	2
hostgator.com	CLOUDFLARENET (AS13335)	4
nisecasp.no	UPHEADS AS (AS201454)	1
norskhosting.net	Nexthop AS (AS49788)	64
hyp.net	Iver Sverige AB (AS49419)	9
Hammerfest Energi Bredbaand AS	Globalconnect As (AS2116)	7
Nexthop AS	Emp Secure As (AS28824)	5
AMAZON-02	Eidsiva Bredband AS (AS29492)	16
hyp.net	BIGCOMMERCE (AS399566)	3
CLOUDFLARENET	Neas Energi Telekom As (AS61275)	4
hyp.net	Hetzner Online GmbH (AS213230)	2
hyp.net	VEV Romerike AS (AS43568)	18
Tietoevry Norway As	GOOGLE-CLOUD-PLATFORM (AS396982)	4
firmanett.no	Diagonal Forlags AB (AS43096)	32
egensajt.se	ODERLAND Webbhotell AB (AS44136)	3
Hetzner Online GmbH	Wix.com Ltd. (AS58182)	11
east.no	Globalconnect As (AS2116)	6
bitpro.no	SQUARESPACE (AS53831)	1
managed-ip.com	AMAZON-02 (AS16509)	5
hyp.net	Lyse Tele (AS203995)	5
SECURITYSERVICES	DIGITALOCEAN-ASN (AS14061)	26
Kunnskapssektorens Tjenesteleverandor	MICROSOFT-CORP-MSN-AS-BLOCK (AS8075)	8
careerjet.net	Equinix (EMEA) Acquisition Enterprises B.V. (AS15830)	2
flodin.no	Cloudflare London, LLC (AS209242)	2
lemarit.de	Scaleway S.a.s. (AS12876)	1
Host Europe GmbH	OVH SAS (AS16276)	5
CLOUDFLARENET	Intility AS (AS49586)	12
anduin.net	Modirum Mdpay Ou (AS62248)	4
as2116.net	Telenor Norge AS (AS2119)	7
Akamai Connected Cloud	Leaseweb Deutschland GmbH (AS28753)	2
cdns.no	Hetzner Online GmbH (AS24940)	1
infoss.cloud	Transdata AS (AS29479)	2
dnsnet.no	Akamai Connected Cloud (AS63949)	19
volvo.com	Volvo Information Technology AB (AS25252)	6
ServeTheWorld AS	Nte Telekom As (AS34087)	4
NUCDN	Domeneshop AS (AS12996)	20
Telenor Norge AS	Hostek AB (AS29024)	2
CLOUDFLARENET	Blix Solutions AS (AS50304)	65
tarhely.com	WebSupport s.r.o. (AS51013)	1
Akamai Connected Cloud	LeaseWeb Netherlands B.V. (AS60781)	2
proisp.no	Nte Telekom As (AS34087)	23
Akamai Connected Cloud	Domeneshop AS (AS12996)	8
datacenter.fi	OVH SAS (AS16276)	1
proisp.no	Iver Norge As (AS57829)	5
ANEXIA Internetdienstleistungs GmbH	Sentia Denmark A/S (AS16245)	1
24web.no	Webhuset AS (AS29486)	1
online4u.no	Eviny Digital AS (AS8542)	1
ServeTheWorld AS	Globalconnect As (AS2116)	8
hyp.net	Telia Norge AS (AS49455)	22
ANEXIA Internetdienstleistungs GmbH	Orange Business Digital Norway As (AS25148)	2
dnsdomene.net	Nexthop AS (AS49788)	9
loopia.se	Webhuset AS (AS39783)	9
loopia.se	Iver Norge As (AS49409)	1
ports.se	DIGITALOCEAN-ASN (AS14061)	27
SECURITYSERVICES	DATABANK-CASTLEACCESS (AS22489)	1
ports.se	One.com A/S (AS51468)	14
Webhuset AS	INTERNET-ARCHIVE (AS7941)	1
online4u.no	One.com A/S (AS51468)	7
Eidsiva Bredband AS	MICROSOFT-CORP-MSN-AS-BLOCK (AS8075)	2
ipcom GmbH	Akamai Connected Cloud (AS63949)	9
Akamai Connected Cloud	GOOGLE-CLOUD-PLATFORM (AS396982)	16
netpower.no	Telenor Norge AS (AS2119)	1
hyp.net	Telia Eesti AS (AS3249)	1
storstein-nett.no	GOOGLE-CLOUD-PLATFORM (AS396982)	1
Host Europe GmbH	Emp Secure As (AS28824)	2
Eviny Digital AS	Webhuset AS (AS29486)	2
Kunnskapssektorens Tjenesteleverandor	DIGITALOCEAN-ASN (AS14061)	3
ports.se	WebSupport s.r.o. (AS51013)	2
Webhuset AS	Gigahost AS (AS56655)	14
NUCDN	AS-VULTR (AS20473)	2
Telia Norge AS	DIGITALOCEAN-ASN (AS14061)	4
first-ns.de	Hetzner Online GmbH (AS24940)	5
IS-AS-1	IS-AS-1 (AS19318)	13
sircon.net	mono solutions ApS (AS201595)	1
hyp.net	Cloud Center Finland Oy (AS41993)	16
Akamai International B.V.	LENOVO-NET (AS20111)	4
online4u.no	Gigahost AS (AS56655)	1
hyp.net	Redcentric Solutions Ltd (AS31463)	10
MICROSOFT-CORP-MSN-AS-BLOCK	Felleskjopet Agri SA (AS43516)	19
one.com	Bitpro (AS44764)	11
Tietoevry Norway As	Tafjord Connect AS (AS15765)	1
DIGICERT	Switch Datacenters Amsterdam 1 B.V. (AS205644)	7
hyp.net	Invitech ICT Services Kft. (AS12301)	1
Hetzner Online GmbH	AMAZON-AES (AS14618)	7
loopia.se	GOOGLE-CLOUD-PLATFORM (AS396982)	34
Dataspace P.s.a.	OVH SAS (AS16276)	1
DIGICERT	Telenor Norge AS (AS2119)	4
postnord.no	AMAZON-02 (AS16509)	6
UPHEADS AS	AMAZON-02 (AS16509)	17
bodis.com	AMAZON-02 (AS16509)	40
nshost2.de	TelemaxX Telekommunikation GmbH (AS12843)	4
G-Core Labs S.A.	eTOP sp. z o.o. (AS20853)	9
Advania Norge As	AMAZON-AES (AS14618)	2
solutions.fi	ODERLAND Webbhotell AB (AS44136)	4
Telenor Norge AS	Tietoevry Norway As (AS5619)	7
hyp.net	Voxility LLP (AS3223)	12
itl.no	Wix.com Ltd. (AS58182)	2
Netnod AB	Orange Business Digital Sweden AB (AS8523)	2
gar.no	Globalconnect As (AS2116)	5
wk.se	Webbkonsulterna i Jamtland AB (AS41980)	3
AMAZON-02	Monaco Telecom S.A. (AS6758)	7
Webhuset AS	Iver Norge As (AS57829)	4
SECURITYSERVICES	Datagroup Se (AS198333)	1
AMAZON-02	Leica Geosystems AG (AS208065)	6
netbox.no	AMAZON-02 (AS16509)	17
egensajt.se	MICROSOFT-CORP-MSN-AS-BLOCK (AS8075)	4
GOOGLE	Webhuset AS (AS29486)	1
tieto.com	GANDI SAS (AS29169)	1
markmonitor.com	team.blue Denmark A/S (AS48854)	2
Telenor Norge AS	FASTLY (AS54113)	6
dnsdomene.net	Dataspace P.s.a. (AS50599)	1
hyp.net	NETWORK-SOLUTIONS-HOSTING (AS19871)	21
NUCDN	AUTOMATTIC (AS2635)	4
nameshield.net	Optimizely AB (AS30811)	4
ipcom GmbH	Mirror Partner Utveckling AB (AS44447)	1
vitnett.no	Neas Energi Telekom As (AS61275)	11
Globalconnect As	Blix Solutions AS (AS50304)	3
manufrog.com	GleSYS AB (AS42708)	3
Webhuset AS	Eviny Digital AS (AS8542)	25
Contabo GmbH	Telia Norge AS (AS25400)	21
okosoft.no	Globalconnect As (AS2116)	8
CLOUDFLARENET	Enix Ltd (AS52148)	3
dnsdomene.net	Yelles AB (AS206170)	2
GANDI SAS	GITHUB (AS36459)	1
ipcom GmbH	INTAC Services GmbH (AS44076)	11
dnsdomene.net	Enflow B.V. (AS209626)	1
vmi.se	Vaddo Media Information IS AB (AS41943)	3
GOOGLE	AMAZON-AES (AS14618)	4
itpays.net	Telia Norge AS (AS25400)	3
nisecasp.no	Kodmyran AB (AS211551)	2
bedsys.net	Bedriftssystemer AS (AS199900)	10
Nte Telekom As	Telenor Norge AS (AS2119)	1
GOOGLE	Cloudflare London, LLC (AS209242)	10
Monsternett AS	AMAZON-AES (AS14618)	4
NUCDN	SQUARESPACE (AS53831)	6
iptwins.com	Optimizely AB (AS30811)	4
team.blue Denmark A/S	Compuweb Communications Services Limited (AS15510)	1
sks.no	FASTLY (AS54113)	1
checkdomain.de	Xirra GmbH (AS51191)	11
Akamai International B.V.	Register S.p.A. (AS39729)	1
GOOGLE	CLOUDFLARENET (AS13335)	23
Webhuset AS	GleSYS AB (AS42708)	9
datasenter.no	Emp Secure As (AS28824)	1
1and1.es	IONOS SE (AS8560)	1
CLOUDFLARENET	Webhuset AS (AS29486)	16
Tietoevry Norway As	Telia Cygate AB (AS197308)	1
Hetzner Online GmbH	Eltele AS (AS206557)	2
Telenor Norge AS	TelemaxX Telekommunikation GmbH (AS12843)	1
IMC AS	Host Europe GmbH (AS21501)	1
mvmnet.com	Moviement srl (AS49073)	3
CLOUDFLARENET	Hetzner Online GmbH (AS213230)	10
SECURITYSERVICES	Danfoss A/S (AS12834)	6
ZONER a.s.	WEDOS Internet, a.s. (AS197019)	1
hyp.net	Modum Kabel-tv As (AS16185)	15
ports.se	Emp Secure As (AS28824)	3
Contabo GmbH	SQUARESPACE (AS53831)	2
thaicuisine.no	Internet Vikings International AB (AS51747)	1
ports.se	Hetzner Online GmbH (AS24940)	8
Contabo GmbH	Hostek AB (AS61207)	3
ipcom GmbH	Binero AB (AS35041)	6
Hetzner Online GmbH	SQUARESPACE (AS53831)	31
Safenames Ltd.	OPENTEXT-NA-CA-1 (AS16751)	2
hyp.net	Intility AS (AS49586)	19
henes.no	Nexthop AS (AS60717)	4
Eidsiva Bredband AS	SQUARESPACE (AS53831)	2
Nexthop AS	DIGITALOCEAN-ASN (AS14061)	5
Safenames Ltd.	DIGITALOCEAN-ASN (AS14061)	2
DIGICERT	AUTOMATTIC (AS2635)	9
Webhuset AS	ZONES AS (AS49082)	4
Norsk Helsenett SF	AMAZON-02 (AS16509)	4
netbox.no	Hetzner Online GmbH (AS24940)	5
ns14.net	IT PAYS AS (AS50562)	1
cakebox.net	Gigahost AS (AS56655)	2
hyp.net	COGENT-174 (AS174)	9
ports.se	Internet Vikings International AB (AS203800)	5
QUIC-CLOUD	OVH SAS (AS16276)	13
ipcom GmbH	Webhuset AS (AS29486)	6
Nexthop AS	Hetzner Online GmbH (AS24940)	7
Webhuset AS	Telenor Norge AS (AS2119)	17
one.com	Tele2 SWIPnet (AS1257)	12
unitechnal.cloud	ZNET Telekom Zrt (AS57389)	1
Nexthop AS	Telia Norge AS (AS25400)	8
Globalconnect As	SQUARESPACE (AS53831)	5
aversus.com	OVH SAS (AS16276)	1
Eidsiva Bredband AS	Domeneshop AS (AS12996)	2
SECURITYSERVICES	CGI Norge AS (AS25225)	1
smartprodukteradmin.net	ServeTheWorld AS (AS34989)	2
ports.se	Optimizely AB (AS30811)	28
MICROSOFT-CORP-MSN-AS-BLOCK	Tietoevry Norway As (AS13243)	3
inexio.net	inexio Informationstechnologie und Telekommunikation Gmbh (AS42652)	7
IP Group AS	Domeneshop AS (AS12996)	1
dynu.com	Globalconnect As (AS2116)	5
one.com	UPHEADS AS (AS201454)	7
CLOUDFLARENET	Akamai International B.V. (AS20940)	6
webland.se	AMAZON-02 (AS16509)	1
smarthosting.no	SQUARESPACE (AS53831)	20
Braathe AS	SQUARESPACE (AS53831)	6
bitbit.net	Orange Business Digital Norway As (AS25148)	8
AMAZON-02	CSC (AS19574)	6
SECURITYSERVICES	Akamai International B.V. (AS20940)	10
MICROSOFT-CORP-MSN-AS-BLOCK	Odido Netherlands B.V. (AS13127)	3
team.blue Denmark A/S	Itm8 A/S (AS62319)	15
one.com	Eviny Digital AS (AS8542)	22
Host Europe GmbH	MICROSOFT-CORP-MSN-AS-BLOCK (AS8075)	29
dep.no	MICROSOFT-CORP-MSN-AS-BLOCK (AS8075)	20
Webhuset AS	OVH SAS (AS16276)	31
ports.se	Telia Cygate AB (AS197308)	8
msasystems.no	DIGITALOCEAN-ASN (AS14061)	3
mimer.no	Tussa Ikt As (AS203424)	10
K Media Tech Ltd.	K Media Tech Ltd. (AS210250)	27
infomaniak.ch	Infomaniak Network SA (AS29222)	3
krx.no	Globalconnect As (AS2116)	17
Webhuset AS	WEEBLY (AS27647)	19
Host Europe GmbH	Hostinger International Limited (AS47583)	9
smarthosting.no	AMAZON-02 (AS16509)	2
hyp.net	Krystal Hosting Ltd (AS12488)	7
as41887.eu	Prolocation B.V. (AS41887)	3
Globalconnect As	RMH-14 (AS33070)	1
merchantmoms.com	CLOUDFLARENET (AS13335)	1
GleSYS AB	GleSYS AB (AS35382)	7
markmonitor.com	SWITCH-LTD (AS23005)	9
krx.no	Globalconnect As (AS8896)	3
GOOGLE	Avanza Bank AB (AS25545)	2
Advania Norge As	MICROSOFT-CORP-MSN-AS-BLOCK (AS8075)	8
mijndns.com	Eurofiber Cloud Infra B.V. (AS25459)	1
hyp.net	FLY (AS40509)	22
reedelsevier.com	LEXIS2-AS (AS32472)	1
Telenor Norge AS	A2HOSTING (AS55293)	2
ipcom GmbH	Tele2 SWIPnet (AS1257)	7
itl.no	GOOGLE-CLOUD-PLATFORM (AS396982)	5
gop.se	Tele2 SWIPnet (AS1257)	1
MICROSOFT-CORP-MSN-AS-BLOCK	Akenes SA (AS61098)	5
one.com	Iver Norge As (AS57829)	5
Webhuset AS	SOFTLAYER (AS36351)	5
DIGICERT	Blix Solutions AS (AS50304)	17
Webhuset AS	UNITAS (AS1828)	1
proisp.no	Telia Norge AS (AS41164)	5
blueit.dk	Tele2 SWIPnet (AS1257)	1
DIGITALOCEAN-ASN	One.com A/S (AS51468)	6
hyp.net	JOTTA AS (AS206667)	5
faktum.co	Hetzner Online GmbH (AS24940)	1
sircon.net	Emp Secure As (AS28824)	2
vitnett.no	Cloudflare London, LLC (AS209242)	1
ANEXIA Internetdienstleistungs GmbH	Securitas Direct AB (AS39656)	7
robben.net	LIQUIDWEB (AS32244)	3
one.com	Eidsiva Bredband AS (AS29492)	17
dnsdomene.net	Nexthop AS (AS60717)	2
gransy.com	ZCOM.cz s.r.o (AS206548)	1
MICROSOFT-CORP-MSN-AS-BLOCK	noris network AG (AS12337)	1
one.com	Advania Norge As (AS31264)	25
CLOUDFLARENET	Norsk Helsenett SF (AS56828)	1
iplace.se	Telia Norge AS (AS25400)	5
iptwins.com	OVH SAS (AS16276)	18
proisp.no	WEEBLY (AS27647)	12
Telia Norge AS	Globalconnect As (AS2116)	5
livlost.net	WorldStream B.V. (AS49981)	6
Globalconnect As	Nexthop AS (AS49788)	9
MICROSOFT-CORP-MSN-AS-BLOCK	Enflow B.V. (AS209626)	6
Telia Norge AS	IT PAYS AS (AS50562)	3
AMAZON-02	SavMAN AB (AS28854)	1
scandinavianhosting.se	Scandinavian Hosting AB (AS215783)	8
one.com	GleSYS AB (AS42708)	21
iptwins.com	Hetzner Online GmbH (AS24940)	2
secureparkme.com	Dreamscape Networks Limited (AS38719)	2
Safenames Ltd.	Vodafone Net Iletisim Hizmetler AS (AS15924)	1
pery.com	AS-22364 (AS22364)	2
NUCDN	FASTLY (AS54113)	5
ANEXIA Internetdienstleistungs GmbH	Braathe AS (AS21119)	31
ametek.com	AMAZON-02 (AS16509)	2
Hostinger International Limited	Hostinger International Limited (AS47583)	3
atthost.pl	Nazwa.pl Sp.z.o.o. (AS15967)	3
Kunnskapssektorens Tjenesteleverandor	Nte Telekom As (AS34087)	4
CLOUDFLARENET	Eviny Digital AS (AS8542)	8
sircon.net	GlobalConnect AB (AS12552)	1
CLOUDFLARENET	TCPSHIELD (AS64199)	1
servera.lt	Uab Servera (AS205688)	1
ports.se	Hostek AB (AS61207)	6
team.blue Denmark A/S	GOOGLE (AS15169)	6
1984.is	Hetzner Online GmbH (AS24940)	3
Telia Norge AS	Vodafone Italia S.p.A. (AS12663)	1
subsys.no	Telenor Norge AS (AS2119)	2
nmugroup.com	Optimizely AB (AS30811)	2
isphuset.no	Blix Solutions AS (AS50304)	18
proisp.no	Blix Solutions AS (AS50304)	24
godtsagt.no	Domeneshop AS (AS12996)	9
navneserver.no	Datacamp Limited (AS212238)	1
as41993.net	Cloud Center Finland Oy (AS41993)	1
katespadeandcompany.com	UUNET (AS701)	2
one.com	LIQUIDWEB (AS32244)	3
hostnet.nl	Hostnet B.V. (AS197902)	6
loopia.se	T-2, d.o.o. (AS34779)	1
Hosting Ukraine LTD	Hetzner Online GmbH (AS24940)	3
Dreamscape Networks Limited	Dreamscape Networks Limited (AS38719)	6
coretrek.net	One.com A/S (AS51468)	2
Host Europe GmbH	WEHOSTWEBSITES-COM (AS30475)	1
hyp.net	LIQUIDWEB (AS32244)	12
markmonitor.com	Vancis IP B.V. (AS15879)	1
firmanett.no	Emp Secure As (AS28824)	2
Advania Norge As	Webhuset AS (AS39783)	2
acos.no	Eviny Digital AS (AS8542)	15
nordkapp.net	Enivest AS (AS35132)	1
Akamai Connected Cloud	OVH SAS (AS16276)	1
hyp.net	3NET AS (AS201596)	2
SECURITYSERVICES	Retelit Digital Services S.p.A. (AS28716)	1
MICROSOFT-CORP-MSN-AS-BLOCK	Advania Norge As (AS31264)	11
tikt.no	Tafjord Connect AS (AS15765)	4
ringcom.no	Hetzner Online GmbH (AS24940)	1
ANEXIA Internetdienstleistungs GmbH	TDC Holding A/S (AS3292)	6
Hetzner Online GmbH	MICROSOFT-CORP-MSN-AS-BLOCK (AS8075)	9
MICROSOFT-CORP-MSN-AS-BLOCK	Loopia AB (AS39570)	8
hyp.net	VSHosting s.r.o. (AS43541)	11
hyp.net	Signet B.V. (AS20857)	10
nixus.info	GlobalConnect AB (AS12552)	1
Hetzner Online GmbH	EBOX (AS1403)	1
increo.com	MICROSOFT-CORP-MSN-AS-BLOCK (AS8075)	1
helgelandkraft.no	MICROSOFT-CORP-MSN-AS-BLOCK (AS8075)	3
markmonitor.com	Telia Norge AS (AS25400)	4
Eviny Digital AS	GOOGLE-CLOUD-PLATFORM (AS396982)	4
as2116.net	Eidsiva Bredband AS (AS29492)	3
esunnmore.no	GOOGLE-CLOUD-PLATFORM (AS396982)	1
nordkapp.net	Telenor Norge AS (AS2119)	3
flexwebhosting.nl	CLDIN B.V. (AS48635)	2
innit.network	SQUARESPACE (AS53831)	5
xfiber.com	MICROSOFT-CORP-MSN-AS-BLOCK (AS8075)	2
markmonitor.com	FASTLY (AS54113)	4
flokinet.net	FlokiNET ehf (AS200651)	1
hyp.net	IS-AS-1 (AS19318)	6
innit.network	Akamai Connected Cloud (AS63949)	1
eleweb.no	OVH SAS (AS16276)	2
stwserver.net	ServeTheWorld AS (AS34989)	1
mildmedia.se	OVH SAS (AS16276)	4
proisp.no	UNIFIEDLAYER-AS-1 (AS46606)	4
nadns1.com	MICROSOFT-CORP-MSN-AS-BLOCK (AS8075)	1
hyp.net	Bitpro (AS44764)	44
GOOGLE	ServeTheWorld AS (AS34989)	9
X Treme AS	Karjaan Puhelin Oy (AS42343)	14
teknograd.no	Akamai Connected Cloud (AS63949)	4
Braathe AS	ServeTheWorld AS (AS34989)	6
Telenor Norge AS	GOOGLE-CLOUD-PLATFORM (AS396982)	28
NUCDN	GOOGLE (AS15169)	2
curaden-hosting.ch	Hosting eXperts Switzerland AG (AS200979)	3
AUTOMATTIC	Webhuset AS (AS29486)	1
dnsdomene.net	DLX A/S (AS47527)	1
123ns.de	DREAMHOST-AS (AS26347)	3
ports.se	HWSERVICES-32400 (AS32400)	1
nordkapp.net	AMAZON-02 (AS16509)	12
one.com	Almouroltec Servicos De Informatica E Internet Lda (AS24768)	1
nscluster.ee	Combell NV (AS34762)	1
one.com	ORACLE-BMC-31898 (AS31898)	15
AMAZON-02	FLUKE-ELECTRONICS (AS16435)	1
MICROSOFT-CORP-MSN-AS-BLOCK	GleSYS AB (AS42708)	5
Telenor Norge AS	Cloudflare London, LLC (AS209242)	11
loopia.se	Webhuset AS (AS29486)	4
NUCDN	Sentia Denmark A/S (AS47292)	8
CLOUDFLARENET	Embriq AS (AS199791)	11
as2116.net	Increo AS (AS59438)	4
Telenor Norge AS	Blix Solutions AS (AS50304)	13
NUCDN	MICROSOFT-CORP-MSN-AS-BLOCK (AS8075)	51
CLOUDFLARENET	VSHosting s.r.o. (AS43541)	5
SECURITYSERVICES	INVITROGEN (AS22001)	1
Webhuset AS	WHG Hosting Services Ltd (AS209341)	1
NUCDN	Beyond.pl sp. z o.o. (AS31229)	1
AMAZON-02	Resurs Bank AB (AS35814)	6
monopost.com	Greysom Limited (AS12678)	1
as2116.net	Nexthop AS (AS60717)	1
isphuset.no	CLOUDFLARENET (AS13335)	1
loopia.se	One.com A/S (AS51468)	21
Braathe AS	MICROSOFT-CORP-MSN-AS-BLOCK (AS8075)	6
liquidweb.com	LIQUIDWEB (AS32244)	1
ports.se	ODERLAND Webbhotell AB (AS44136)	16
AMAZON-02	Tele2 SWIPnet (AS1257)	1
omeganet.it	AMAZON-02 (AS16509)	1
GOOGLE	Axera SpA (AS34758)	1
Bahnhof AB	Bahnhof AB (AS8473)	13
acens Technologies, S.L.	acens Technologies, S.L. (AS16371)	5
MICROSOFT-CORP-MSN-AS-BLOCK	Rackhosting.com ApS (AS31590)	4
SECURITYSERVICES	PPCO (AS18701)	2
allianz.com	Allianz Technology SE (AS15580)	3
SECURITYSERVICES	COGECO-PEER1 (AS13768)	21
NSONE	Aruba S.p.A. (AS31034)	8
Advania Norge As	Rackspace Ltd. (AS15395)	3
Braathe AS	GOOGLE (AS15169)	6
hostonline.dk	GlobalConnect A/S (AS31027)	7
hyp.net	Diagonal Forlags AB (AS43096)	11
loopia.se	Telia Norge AS (AS25400)	15
gransy.com	CASABLANCA INT a.s. (AS15685)	10
hyp.net	SQUIXA PTY LIMITED (AS136133)	1
co.uk	GOOGLE-CLOUD-PLATFORM (AS396982)	4
one.com	Norlys Digital A/S (AS39642)	8
as2116.net	Advania Norge As (AS31264)	5
hjelseth.com	Emp Secure As (AS28824)	6
Norsk Helsenett SF	Loopia AB (AS39570)	1
CLOUDFLARENET	Tafjord Connect AS (AS15765)	1
hyp.net	PAPERSPACE (AS394996)	1
ispnoc.net	Serverius Holding B.V. (AS50673)	2
netpower.no	Globalconnect As (AS8896)	15
CLOUDFLARENET	Fastweb (AS12874)	1
hostbasket.com	Telenet BV (AS6848)	1
CLOUDFLARENET	Sandviken Energi AB (AS20626)	1
one.com	HOSTHATCH (AS63473)	6
sawsells.com	AS-VULTR (AS20473)	2
hyp.net	FF-AS01 (AS36637)	3
ports.se	CLOUDFLARENET (AS13335)	21
MICROSOFT-CORP-MSN-AS-BLOCK	Telia Company AB (AS3301)	2
netpower.no	GOOGLE-CLOUD-PLATFORM (AS396982)	10
SECURITYSERVICES	Tietoevry Oyj (AS5411)	3
Deutsche Telekom AG	BITel Gesellschaft fuer Telekommunikation mbH (AS198967)	1
Telenor Norge AS	Eidsiva Bredband AS (AS29492)	4
i-net-hosting.de	Hetzner Online GmbH (AS24940)	3
Lyse Tele	MICROSOFT-CORP-MSN-AS-BLOCK (AS8075)	3
drlinux.no	GOOGLE-CLOUD-PLATFORM (AS396982)	1
markmonitor.com	Eidsiva Bredband AS (AS29492)	1
GOOGLE	SQUARESPACE (AS53831)	7
SECURITYSERVICES	mono solutions ApS (AS201595)	2
ORACLE-BMC-31898	Hetzner Online GmbH (AS24940)	7
Telia Finland Oyj	SQUARESPACE (AS53831)	1
teknograd.no	Hetzner Online GmbH (AS24940)	11
vhosting.no	Redpill Linpro AS (AS39029)	1
MICROSOFT-CORP-MSN-AS-BLOCK	Monsternett AS (AS201577)	2
hyp.net	ODERLAND Webbhotell AB (AS44136)	40
CLOUDFLARENET	THEROCKETSCIENCEGROUP (AS14782)	1
hyp.net	Cyber_Folks S.A. (AS41079)	8
sedo.com	SEDO GmbH (AS47846)	3
DIGITALOCEAN-ASN	Nte Telekom As (AS34087)	1
Advania Norge As	GleSYS AB (AS42708)	1
Host Europe GmbH	Lyse Tele (AS29695)	16
MICROSOFT-CORP-MSN-AS-BLOCK	Nte Telekom As (AS34087)	15
ns37.de	Mittwald CM Service GmbH & Co. KG (AS15817)	1
Akamai International B.V.	AMAZON-02 (AS16509)	24
Eviny Digital AS	MICROSOFT-CORP-MSN-AS-BLOCK (AS8075)	1
Webhuset AS	Akamai Connected Cloud (AS63949)	16
Tele2 SWIPnet	Tele2 SWIPnet (AS1257)	3
NSONE	EG-USWEST (AS54018)	1
one.com	Vitec Software Group AB (AS197332)	4
AMAZON-02	SINGLEHOP-LLC (AS32475)	29
MICROSOFT-CORP-MSN-AS-BLOCK	Blix Solutions AS (AS50304)	9
domain247.fi	GleSYS AB (AS35382)	1
MICROSOFT-CORP-MSN-AS-BLOCK	Webhuset AS (AS29486)	10
activo-criativo.org	OVH SAS (AS16276)	1
Webhuset AS	NTT Global Data Centers EMEA UK Ltd. (AS29017)	2
DIGITALOCEAN-ASN	Signet B.V. (AS20857)	1
AVUR AS	Hetzner Online GmbH (AS24940)	1
OVH SAS	OVH SAS (AS16276)	19
Cloud DNS Ltd	Webhuset AS (AS39783)	1
SECURITYSERVICES	intersaar GmbH (AS12941)	3
tikt.no	Globalconnect As (AS2116)	18
MICROSOFT-CORP-MSN-AS-BLOCK	FASTLY (AS54113)	16
MICROSOFT-CORP-MSN-AS-BLOCK	Team Internet AG (AS61969)	4
Akamai International B.V.	BLACKROCK-FINANCIAL-MANAGEMENT (AS11336)	3
hyp.net	IP-Projects GmbH & Co. KG (AS48314)	1
xtom.com	xTom GmbH (AS3214)	1
CLOUDFLARENET	Tussa Ikt As (AS203424)	5
dnsdomene.net	Wix.com Ltd. (AS58182)	39
co.uk	HOSTROCKET (AS23535)	1
natalie.nl	Uniserver Internet B.V. (AS31673)	4
as2116.net	Nte Telekom As (AS34087)	5
thin.no	Telenor Norge AS (AS2119)	16
CLOUDFLARENET	InfraCom Managed Services AB (AS29468)	1
wrberkley.com	CLOUDFLARENET (AS13335)	2
hyp.net	NetConnex Broadband Ltd. (AS21396)	2
Telenor Norge AS	Globalconnect As (AS8896)	4
UPHEADS AS	Diagonal Forlags AB (AS43096)	2
niva.no	Kunnskapssektorens Tjenesteleverandor (AS224)	1
is-fun.net	GOOGLE-CLOUD-PLATFORM (AS396982)	2
Nexthop AS	Heart Internet limited (AS20738)	1
aname.net	CLOUDFLARENET (AS13335)	1
Cygrids Communications AB	GOOGLE (AS15169)	1
MICROSOFT-CORP-MSN-AS-BLOCK	NetNordic Denmark A/S (AS59701)	8
dns.services	team.blue Denmark A/S (AS48854)	1
netpower.no	Nexthop AS (AS49788)	5
name-services.com	AUTOMATTIC (AS2635)	1
markmonitor.com	Combell NV (AS34762)	5
NUCDN	Adminor Aktiebolag (AS51701)	1
Cloud DNS Ltd	SQUARESPACE (AS53831)	4
Tietoevry Norway As	AMAZON-02 (AS16509)	15
Tietoevry Norway As	SQUARESPACE (AS53831)	2
sircon.net	Telia Norge AS (AS41164)	8
NSONE	AKAMAI-AS (AS16625)	2
nisecasp.no	Scaleway S.a.s. (AS12876)	1
as2116.net	Globalconnect As (AS8896)	1
Contabo GmbH	One.com A/S (AS51468)	12
HURRICANE	Hetzner Online GmbH (AS24940)	1
DIGICERT	InterNetX GmbH (AS15456)	7
proisp.no	Enivest AS (AS35132)	2
ecit.com	team.blue Denmark A/S (AS48854)	3
innit.network	VSHosting s.r.o. (AS43541)	1
Nexthop AS	ServeTheWorld AS (AS34989)	3
Advania Norge As	UUNET (AS702)	7
CLOUDFLARENET	Wildcard UK Limited (AS34119)	1
MICROSOFT-CORP-MSN-AS-BLOCK	Krystal Hosting Ltd (AS12488)	3
nmugroup.com	Hetzner Online GmbH (AS24940)	1
onitas.no	ONIT AS (AS47753)	2
spacetec.no	IT Partner Tromso AS (AS203733)	1
Advania Norge As	Blix Solutions AS (AS50304)	2
MICROSOFT-CORP-MSN-AS-BLOCK	Increo AS (AS59438)	1
altidata.net	Domeneshop AS (AS12996)	6
buildit.eu	Tele2 SWIPnet (AS1257)	6
svorka.net	Globalconnect As (AS2116)	1
proisp.no	Globalconnect As (AS8896)	4
ServeTheWorld AS	Increo AS (AS59438)	1
funcom.no	LEASEWEB-USA-WDC (AS30633)	1
Webhuset AS	GlobalConnect AB (AS12552)	4
Hetzner Online GmbH	Emp Secure As (AS28824)	3
hyp.net	HOST4GEEKS-LLC (AS393960)	3
Tietoevry Oyj	AMAZON-02 (AS16509)	3
CLOUDFLARENET	UPHEADS AS (AS201454)	5
hyp.net	GANDI SAS (AS203476)	8
Telenor Norge AS	Loopia AB (AS39570)	10
Webhuset AS	TURNKEY-INTERNET (AS40244)	3
ilait.se	ODERLAND Webbhotell AB (AS44136)	5
serverquality.com	HVC-AS (AS29802)	1
MICROSOFT-CORP-MSN-AS-BLOCK	ALYRICA (AS25961)	1
hjelseth.com	VSHosting s.r.o. (AS43541)	1
roosit.nl	TrueFullstaq B.V. (AS15703)	1
ns14.net	Metaways Infosystems GmbH (AS44225)	1
ServeTheWorld AS	AMAZON-AES (AS14618)	11
dnsdomene.net	team.blue Denmark A/S (AS48854)	4
Tietoevry Norway As	Eviny Digital AS (AS8542)	1
hyp.net	Loopia AB (AS41528)	2
AMAZON-02	Cloud City Oy (AS202509)	2
hyp.net	Combell NV (AS34762)	1
hyp.net	Iomart Cloud Services Limited (AS20860)	9
online4u.no	Safety Computing AS (AS30737)	1
hjelseth.com	GlobalConnect AB (AS12552)	1
hyp.net	DIGICERT (AS16552)	1
ns14.net	IP-Projects GmbH & Co. KG (AS48314)	2
itpays.net	AMAZON-AES (AS14618)	1
ordipat.fr	Ordipat SAS (AS16101)	1
Blix Solutions AS	ServeTheWorld AS (AS34989)	2
Telenor Norge AS	Hostinger International Limited (AS47583)	11
Telenor Norge AS	AUTOMATTIC (AS2635)	4
ironmountain.com	IRON-MOUNTAIN (AS21549)	1
Host Europe GmbH	Telia Norge AS (AS41164)	10
GANDI SAS	GOOGLE-2 (AS19527)	1
Blix Solutions AS	mono solutions ApS (AS201595)	1
as2116.net	GOOGLE-CLOUD-PLATFORM (AS396982)	8
proisp.no	NUCDN (AS23393)	1
ipcom GmbH	Internet Vikings International AB (AS51747)	28
co.uk	INCAPSULA (AS19551)	1
online4u.no	Optimizely AB (AS30811)	7
acwebconnecting.com	SC Web Software Development SRL (AS47836)	5
hule.no	Hetzner Online GmbH (AS24940)	1
ORACLE-BMC-31898	FASTLY (AS54113)	1
serverhostgroup.com	Akamai Connected Cloud (AS63949)	1
Braathe AS	mono solutions ApS (AS201595)	9
hjelseth.com	GOOGLE (AS15169)	5
tellnes.com	CLOUDFLARENET (AS13335)	1
hostline.pl	IQ PL Sp. z o.o. (AS47544)	1
netpower.no	Emp Secure As (AS28824)	2
Hetzner Online GmbH	Telia Norge AS (AS25400)	12
osloweb.no	OVH SAS (AS16276)	1
AMAZON-02	Akamai Connected Cloud (AS63949)	18
ANEXIA Internetdienstleistungs GmbH	Cloudflare London, LLC (AS209242)	10
ANEXIA Internetdienstleistungs GmbH	team.blue Denmark A/S (AS48854)	12
Safety Computing AS	Globalconnect As (AS8896)	2
halden.net	Monsternett AS (AS201577)	23
Advania Norge As	mono solutions ApS (AS201595)	2
NUCDN	DIGITALOCEAN-ASN (AS14061)	7
nroute.de	TelemaxX Telekommunikation GmbH (AS12843)	2
hyp.net	Transdata AS (AS29479)	6
NUCDN	Increo AS (AS59438)	1
simpleagencygroup.dk	team.blue Denmark A/S (AS48854)	3
ipcom GmbH	HOSTWINDS (AS54290)	2
Nexthop AS	Enivest AS (AS35132)	3
DIGICERT	FASTLY (AS54113)	4
hyp.net	HWSERVICES-32400 (AS32400)	18
ports.se	Telia Norge AS (AS25400)	4
loopia.se	Nexthop AS (AS60717)	5
MICROSOFT-CORP-MSN-AS-BLOCK	AS-VULTR (AS20473)	10
CLOUDFLARENET	WZ-US-40824 (AS40824)	1
CLOUDFLARENET	AS-COLOCROSSING (AS36352)	12
timmehosting.de	Hetzner Online GmbH (AS24940)	1
mydatinglab.net	GOOGLE-CLOUD-PLATFORM (AS396982)	2
Globalconnect As	Orange Business Digital Norway As (AS25148)	3
ipcom GmbH	Bahnhof AB (AS8473)	5
Host Europe GmbH	velia.net Internetdienste GmbH (AS29066)	1
ANEXIA Internetdienstleistungs GmbH	InterNetX GmbH (AS15456)	2
CLOUDFLARENET	Obos Nett AS (AS211309)	5
serveriai.lt	Telia Lietuva, AB (AS8764)	1
Telia Norge AS	Telia Norge AS (AS25400)	9
dnsperfect.net	Hetzner Online GmbH (AS24940)	1
123onweb.no	velia.net Internetdienste GmbH (AS29066)	6
server.plus	Leaseweb Deutschland GmbH (AS28753)	1
APX Integration SASU	MICROSOFT-CORP-MSN-AS-BLOCK (AS8075)	6
hyp.net	NOV-AS (AS22803)	1
wpbuzz.io	TIER-NET (AS397423)	3
online4u.no	ServeTheWorld AS (AS34989)	8
NUCDN	TDC Holding A/S (AS3292)	17
Telenor Norge AS	NextGenTel AS (AS15659)	1
mijndnsserver.nl	LeaseWeb Netherlands B.V. (AS60781)	2
epag.net	Deutsche Telekom AG (AS3320)	1
abbott.com	RACKSPACE (AS19994)	2
Netnod AB	Optimizely AB (AS30811)	2
CLOUDFLARENET	Gigahost AS (AS56655)	23
NUCDN	Xenius BVBA (AS203148)	1
GANDI SAS	Lyse Tele (AS29695)	4
CLOUDFLARENET	servinga GmbH (AS39378)	2
one.com	WHG Hosting Services Ltd (AS36454)	4
SECURITYSERVICES	Skandinaviska Enskilda Banken AB (AS44320)	11
CLOUDFLARENET	SCALAHOSTING (AS40476)	1
hyp.net	dogado GmbH (AS8648)	2
Braathe AS	GOOGLE-CLOUD-PLATFORM (AS396982)	13
handelsbanken.se	Telia Company AB (AS3301)	5
Monsternett AS	DIGITALOCEAN-ASN (AS14061)	8
hyp.net	DLX A/S (AS47527)	7
tnnet.fi	TNNet Oy (AS30798)	2
CLOUDFLARENET	AVUR AS (AS50272)	2
Blix Solutions AS	AMAZON-02 (AS16509)	7
Telia Company AB	AMAZON-02 (AS16509)	4
ri.se	Increo AS (AS59438)	1
MICROSOFT-CORP-MSN-AS-BLOCK	FLY (AS40509)	1
Hetzner Online GmbH	GOOGLE-CLOUD-PLATFORM (AS396982)	18
Xylem Water Solutions Global Services Ab	Loopia AB (AS39570)	2
smarthosting.no	Loopia AB (AS39570)	2
Hetzner Online GmbH	Nexthop AS (AS49788)	11
hyp.net	GITHUB (AS36459)	7
Nte Telekom As	One.com A/S (AS51468)	3
loopia.se	Wix.com Ltd. (AS58182)	7
hjelseth.com	AMAZON-02 (AS16509)	6
SECURITYSERVICES	Increo AS (AS59438)	1
dotserv.com	Atea A/S (AS21060)	10
as2116.net	LeaseWeb Netherlands B.V. (AS60781)	1
Monsternett AS	NextGenTel AS (AS15659)	1
ODERLAND Webbhotell AB	ODERLAND Webbhotell AB (AS44136)	7
ipcom GmbH	One.com A/S (AS51468)	8
ITCONNECT Scandinavia AB	ITCONNECT Scandinavia AB (AS43770)	7
yourhosting.eu	CLOUDFLARENET (AS13335)	1
increo.com	Domeneshop AS (AS12996)	2
NUCDN	Hetzner Online GmbH (AS24940)	14
optinet.se	AMAZON-02 (AS16509)	1
SECURITYSERVICES	OVEA SAS (AS29608)	1
netim.net	Vodafone GmbH (AS3209)	1
bptech.pl	CLOUDFLARENET (AS13335)	1
AMAZON-02	Akamai International B.V. (AS20940)	3
hyp.net	Asergo Holding ApS (AS30736)	4
proisp.no	Kunnskapssektorens Tjenesteleverandor (AS224)	10
markmonitor.com	Valeo ApS (AS47715)	1
linode.com	RAMNODE (AS3842)	3
widhost.net	Aruba S.p.A. (AS31034)	2
123ns.de	WIIT AG (AS24961)	1
one.com	eTOP sp. z o.o. (AS20853)	3
Advania Norge As	DIGITALOCEAN-ASN (AS14061)	10
CLOUDFLARENET	DATAPIPE-ASN2 (AS22576)	1
ports.se	Ans Academy Limited (AS61323)	1
GlobalConnect A/S	GlobalConnect A/S (AS31027)	6
web-solutions.dk	AMAZON-02 (AS16509)	2
proisp.no	GOOGLE (AS15169)	20
proisp.no	Wix.com Ltd. (AS58182)	25
hyp.net	GANDI SAS (AS29169)	8
Telia Norge AS	Tietoevry Norway As (AS5619)	1
Host Europe GmbH	GO-DADDY-COM-LLC (AS400754)	15
as2116.net	DIGITALOCEAN-ASN (AS14061)	20
SECURITYSERVICES	Neue Medien Muennich GmbH (AS34788)	1
ipcom GmbH	CITIC Telecom CPC Netherlands B.V. (AS3327)	1
CLOUDFLARENET	INMOTION (AS22611)	3
Telenor Norge AS	GANDI SAS (AS203476)	1
SECURITYSERVICES	NEXCESS-NET (AS36444)	1
world4you.at	World4You Internet Services GmbH (AS38955)	3
subsys.no	One.com A/S (AS51468)	2
netim.net	TelemaxX Telekommunikation GmbH (AS12843)	1
iserv.no	Lyse Tele (AS29695)	23
NUCDN	CLOUDFLARENET (AS13335)	25
Kunnskapssektorens Tjenesteleverandor	Globalconnect As (AS8896)	2
CLOUDFLARENET	Scalaxy B.V. (AS58061)	2
hyp.net	HVC-AS (AS29802)	12
GlobalConnect AB	GlobalConnect AB (AS12552)	23
SECURITYSERVICES	Scandinavian Hosting AB (AS215783)	1
one.com	SERVERCENTRAL (AS23352)	4
GOOGLE-CLOUD-PLATFORM	CLOUDFLARENET (AS13335)	4
netim.net	CLOUDFLARENET (AS13335)	37
loopia.se	FASTLY (AS54113)	13
Neue Medien Muennich GmbH	Neue Medien Muennich GmbH (AS34788)	17
Telia Norge AS	ITsjefen AS (AS44381)	1
co.uk	Hetzner Online GmbH (AS24940)	1
ServeTheWorld AS	Blix Solutions AS (AS50304)	5
hyp.net	Hostek AB (AS29024)	3
solarnor.no	GlobalConnect AB (AS12552)	1
Netnod AB	Tafjord Connect AS (AS15765)	1
one.com	Telia Norge AS (AS41164)	17
SECURITYSERVICES	Enflow B.V. (AS209626)	22
interhost.no	GlobalConnect A/S (AS42525)	1
Gigahost AS	Domeneshop AS (AS12996)	3
zoneedit.com	Telenor Norge AS (AS2119)	5
sparebank1.no	Hetzner Online GmbH (AS24940)	2
pixelx.de	Contabo GmbH (AS51167)	9
hyp.net	Host Europe GmbH (AS20773)	12
iaasdns.com	velia.net Internetdienste GmbH (AS29066)	2
MICROSOFT-CORP-MSN-AS-BLOCK	Eidsiva Bredband AS (AS29492)	4
Safety Computing AS	Globalconnect As (AS2116)	3
lighting.com	AMAZON-02 (AS16509)	2
ServeTheWorld AS	SQUARESPACE (AS53831)	17
linode.com	Cloud Center Finland Oy (AS41993)	1
smarthosting.no	Eidsiva Bredband AS (AS29492)	7
itl.no	mono solutions ApS (AS201595)	1
MICROSOFT-CORP-MSN-AS-BLOCK	AMAZON-AES (AS14618)	13
Nexthop AS	LIQUIDWEB (AS32244)	2
Netnod AB	AltusHost B.V. (AS51430)	1
loopia.se	Hetzner Online GmbH (AS24940)	13
almic.ee	Telia Eesti AS (AS3249)	1
Telenor Norge AS	Wix.com Ltd. (AS58182)	10
Webhuset AS	HOSTHATCH (AS63473)	2
rg19.nu	Iver Norge As (AS57829)	1
NUCDN	Itm8 A/S (AS62319)	3
G-Core Labs S.A.	Leaseweb Deutschland GmbH (AS28753)	2
online4u.no	GOOGLE-CLOUD-PLATFORM (AS396982)	8
vhosting.no	UUNET (AS702)	1
managed-ip.com	OVH SAS (AS16276)	9
CLOUDFLARENET	Liquid Web B.V. (AS202521)	1
CLOUDFLARENET	LIQUIDWEB (AS32244)	1
AMAZON-02	Enflow B.V. (AS209626)	2
Deutsche Telekom AG	OEDIV Oetker Daten-und Informationsverarbeitung KG (AS48425)	2
opoint.no	GlobalConnect AB (AS12552)	1
svea.com	Tele2 SWIPnet (AS1257)	2
emberdns.se	Ember AB (AS200150)	2
oderland.com	AMAZON-02 (AS16509)	2
managed-ip.com	Globalconnect As (AS2116)	1
Tietoevry Norway As	Tietoevry Norway As (AS5619)	14
subsys.no	FASTLY (AS54113)	5
Webhuset AS	NextGenTel AS (AS15659)	2
itpays.net	MICROSOFT-CORP-MSN-AS-BLOCK (AS8075)	12
Hetzner Online GmbH	Netpower IT Solutions AS (AS48680)	2
hyp.net	RHW Eiendom AS (AS198368)	16
Blix Solutions AS	Hetzner Online GmbH (AS24940)	5
asdata.sk	skHosting.eu s.r.o. (AS201702)	2
aipi.at	Hetzner Online GmbH (AS24940)	1
team.blue Denmark A/S	TDC Holding A/S (AS3292)	9
net.pl	Cyber_Folks S.A. (AS43758)	1
svenskadomaner.se	AxByte Internet Services AB (AS43853)	1
lindt.com	Alter Way SAS (AS13273)	2
AMAZON-02	Embriq AS (AS199791)	15
solutions.fi	AMAZON-02 (AS16509)	1
hyp.net	netcup GmbH (AS197540)	14
textdata.no	Hostek AB (AS61207)	2
subsys.no	Cloudflare London, LLC (AS209242)	6
hyp.net	Underworld (AS50213)	5
loopia.se	UPHEADS AS (AS201454)	3
Webhuset AS	AS-VULTR (AS20473)	11
ANEXIA Internetdienstleistungs GmbH	Webhuset AS (AS29486)	10
ascio.com	INCAPSULA (AS19551)	1
hyp.net	RACKSPACE (AS27357)	4
Monsternett AS	Zone Media OU (AS49604)	1
itsjefen.no	Emp Secure As (AS28824)	2
hyp.net	Freethought Internet Limited (AS41000)	2
one.com	HWSERVICES-32400 (AS32400)	16
one.com	TZULO (AS11878)	16
loopia.se	HKN GmbH (AS12676)	1
MICROSOFT-CORP-MSN-AS-BLOCK	PANDG (AS11003)	1
one.com	NAMECHEAP-NET (AS22612)	5
NSONE	CENCORA-INTERNET (AS13628)	1
MICROSOFT-CORP-MSN-AS-BLOCK	Nazwa.pl Sp.z.o.o. (AS15967)	1
exonet.nl	BIT BV (AS12859)	1
proisp.no	Iver Norge As (AS49409)	1
CLOUDFLARENET	SOFTLAYER (AS36351)	4
GANDI SAS	OVH SAS (AS16276)	13
ServeTheWorld AS	Wix.com Ltd. (AS58182)	4
Akamai Connected Cloud	Secura Hosting Ltd (AS29452)	1
ipcom GmbH	Hetzner Online GmbH (AS24940)	23
proisp.no	Bahnhof AB (AS8473)	1
proisp.no	LeaseWeb Netherlands B.V. (AS60781)	2
dnsdomene.net	Alibaba US Technology Co., Ltd. (AS45102)	1
CLOUDFLARENET	Atea AS (AS41729)	1
Rackspace Ltd.	Safenames Ltd. (AS60819)	1
ANEXIA Internetdienstleistungs GmbH	a5n (AS207727)	1
vhosting.no	Globalconnect As (AS2116)	9
bedsys.net	Hostinger International Limited (AS47583)	1
sircon.net	DIGITALOCEAN-ASN (AS14061)	9
hyp.net	RF Nett AS (AS208512)	5
registrar-servers.com	NAMECHEAP-NET (AS22612)	3
Akamai Connected Cloud	SuperHosting.BG Ltd. (AS201200)	4
computopic.dk	team.blue Denmark A/S (AS48854)	1
one.com	Sentia Denmark A/S (AS47292)	5
hyp.net	Jsc Balticom (AS24651)	1
Hetzner Online GmbH	RENDER (AS397273)	1
Hetzner Online GmbH	Globalconnect As (AS2116)	13
netclient.no	Nexthop AS (AS49788)	2
sircon.net	GOOGLE-CLOUD-PLATFORM (AS396982)	13
dns.services	Christian Ebsen ApS (AS62121)	18
SECURITYSERVICES	Yalniz Bilisim Teknolojileri Tic. Ltd.sti. (AS213751)	1
tikt.no	GOOGLE-CLOUD-PLATFORM (AS396982)	8
iserv.no	Emp Secure As (AS28824)	1
Nexthop AS	Wix.com Ltd. (AS58182)	5
hyp.net	Move AS (AS200163)	7
powerhosting.dk	DLX A/S (AS47527)	4
Webhuset AS	Braathe AS (AS21119)	4
O2switch SAS	OVH SAS (AS16276)	1
webstyle.ch	NTS workspace AG (AS15576)	1
markmonitor.com	DNA Oyj (AS16086)	3
mirror.se	Mirror Partner Utveckling AB (AS44447)	1
loopia.se	INTERNET CZ, a.s. (AS24806)	1
grygier.com	Arribatec Cloud AS (AS205976)	1
norrs.no	Hetzner Online GmbH (AS24940)	1
registrar-servers.com	Telia Norge AS (AS41164)	1
ddns.no	DIGITALOCEAN-ASN (AS14061)	1
hyp.net	T-Mobile Czech Republic a.s. (AS13036)	3
one.com	Host Europe GmbH (AS21499)	8
CLOUDFLARENET	Binero AB (AS35041)	8
one.com	Kunnskapssektorens Tjenesteleverandor (AS224)	7
glipac.ch	Bluewin (AS3303)	7
DIGICERT	UNIFIEDLAYER-AS-1 (AS46606)	1
proisp.no	Localhost As (AS199990)	3
agenturserver.co	Mittwald CM Service GmbH & Co. KG (AS15817)	2
itl.no	Akamai Connected Cloud (AS63949)	1
enbart.se	Tele2 SWIPnet (AS1257)	1
dnsdomene.net	Webhuset AS (AS39783)	3
AMAZON-02	team.blue Denmark A/S (AS43220)	3
kei.pl	Cyber_Folks S.A. (AS29522)	4
dnsdomene.net	GlobalConnect AB (AS12552)	1
dns-solutions.net	FIBER (AS5048)	1
Lucense SCaRL	Lucense SCaRL (AS41381)	2
MICROSOFT-CORP-MSN-AS-BLOCK	WEEBLY (AS27647)	6
trustit.se	Infracom Trust-It (AS35565)	1
Monsternett AS	Telia Norge AS (AS41164)	1
DIGITALOCEAN-ASN	GOOGLE-CLOUD-PLATFORM (AS396982)	1
ANEXIA Internetdienstleistungs GmbH	ServeTheWorld AS (AS34989)	3
dnsdomene.net	Telia Cygate AB (AS197308)	1
UPHEADS AS	GOOGLE (AS15169)	5
Braathe AS	Safety Computing AS (AS30737)	1
Helse Vest IKT AS	Helse Vest IKT AS (AS60278)	4
zxcs.be	Stichting DIGI NL (AS206281)	7
ZONER a.s.	ZONER a.s. (AS34222)	13
team.blue Denmark A/S	GlobalConnect A/S (AS31027)	11
itgarden.se	Bredband2 AB (AS29518)	2
Webhuset AS	Advania Norge As (AS31264)	2
CLOUDFLARENET	Iver Norge As (AS57829)	3
nominalia.com	Register S.p.A. (AS39729)	7
cdk.com	CDK-GLOBAL (AS40443)	1
as2116.net	MICROSOFT-CORP-MSN-AS-BLOCK (AS8075)	14
post.ch	Die Schweizerische Post AG (AS12511)	1
ascio.com	Internet Vikings International AB (AS203800)	1
one.com	Atman Sp. z o.o. (AS57367)	2
ANEXIA Internetdienstleistungs GmbH	Globalconnect As (AS2116)	32
sircon.net	GOOGLE (AS15169)	9
getspace.us	Hetzner Online GmbH (AS24940)	8
dnsdomene.net	Monsternett AS (AS201577)	1
Advania Norge As	Increo AS (AS59438)	3
UPHEADS AS	Globalconnect As (AS2116)	20
Tietoevry Norway As	GOOGLE (AS15169)	2
Telenor Norge AS	NTHL (AS11042)	1
Lyse Tele	Telia Norge AS (AS25400)	6
CLOUDFLARENET	DLX A/S (AS47527)	3
net.pl	Cyber_Folks S.A. (AS41079)	2
hyp.net	UNREAL-SERVERS (AS64236)	3
Nexthop AS	GOOGLE (AS15169)	5
hyp.net	velia.net Internetdienste GmbH (AS29066)	27
itpays.net	Cloudflare London, LLC (AS209242)	5
unifiedpost.com	AMAZON-02 (AS16509)	1
hyp.net	Kamatera Inc (AS210329)	1
orion-erotic.com	TNG Stadtnetz GmbH (AS13101)	3
ZONES AS	AMAZON-02 (AS16509)	16
one.com	Tilaa B.V. (AS196752)	4
nisecasp.no	Hostinger International Limited (AS47583)	1
crohost.net	Plus Hosting Grupa d.o.o. (AS12417)	2
SECURITYSERVICES	One.com A/S (AS51468)	10
online4u.no	Emp Secure As (AS28824)	3
Webhuset AS	Bredband2 AB (AS29518)	1
AMAZON-02	dogado GmbH (AS8648)	1
Nexthop AS	GOOGLE-CLOUD-PLATFORM (AS396982)	9
dnsdomene.net	PE Freehost (AS42331)	1
DIGITALOCEAN-ASN	Scaleway S.a.s. (AS12876)	5
ports.se	Telenor Norge AS (AS2119)	5
Karjaan Puhelin Oy	Karjaan Puhelin Oy (AS42343)	4
technipenergies.com	GANDI SAS (AS203476)	3
cert.no	Nasjonal Sikkerhetsmyndighet (AS47405)	1
hyp.net	HOSTHATCH (AS63473)	15
ports.se	Rackfish AB (AS49232)	2
hyp.net	Signet B.V. (AS35470)	1
SECURITYSERVICES	Hyve Ltd (AS204167)	1
UPHEADS AS	DIGITALOCEAN-ASN (AS14061)	7
Host Europe GmbH	UNIFIEDLAYER-AS-1 (AS46606)	4
CLOUDFLARENET	Sognenett AS (AS31169)	1
Akamai International B.V.	PlusServer GmbH (AS61157)	4
subsys.no	Bahnhof AB (AS8473)	1
Globalconnect As	Domeneshop AS (AS12996)	5
unknown	Globalconnect As (AS2116)	12
Nordea Bank Abp	Nordea Bank Abp (AS201271)	12
CLOUDFLARENET	UAB Interneto vizija (AS212531)	13
orb.no	Network Technology Harald Firing Karlsen (AS48144)	2
MICROSOFT-CORP-MSN-AS-BLOCK	Tietoevry Norway As (AS5619)	5
NUCDN	Hostinger International Limited (AS47583)	2
SCAAM0001	Host Europe GmbH (AS8972)	9
signal2noise.eu	Hetzner Online GmbH (AS24940)	1
eondns.net	Sentia Denmark A/S (AS47292)	3
altidata.net	Globalconnect As (AS2116)	10
hyp.net	xneelo (AS37153)	1
one.com	Loopia AB (AS39570)	10
nordkapp.net	Cloudflare London, LLC (AS209242)	7
flodin.no	Globalconnect As (AS2116)	8
corpinter.de	SOFTLAYER (AS36351)	1
ANEXIA Internetdienstleistungs GmbH	Tietoevry Norway As (AS5619)	1
hjelseth.com	Domeneshop AS (AS12996)	8
one.com	RACKSPACE (AS19994)	5
itpays.net	NAMECHEAP-NET (AS22612)	1
Dataspace P.s.a.	GOOGLE (AS15169)	1
hyp.net	Bahnhof AB (AS8473)	4
as2116.net	Braathe AS (AS21119)	2
BUNNYWAY, informacijske storitve d.o.o.	Hetzner Online GmbH (AS213230)	1
provops.no	MICROSOFT-CORP-MSN-AS-BLOCK (AS8075)	2
Tietoevry Norway As	FASTLY (AS54113)	1
zoonlog.net	Akamai Connected Cloud (AS63949)	4
NSONE	Domeneshop AS (AS12996)	10
tcrafts.no	AVUR AS (AS50272)	1
CLOUDFLARENET	GANDI SAS (AS29169)	1
nonamehosts.com	Hostline, Uab (AS198651)	1
netburn.net	Domeneshop AS (AS12996)	1
SECURITYSERVICES	Telia Cygate Oy (AS29422)	1
Host Europe GmbH	Contabo GmbH (AS51167)	4
DIGICERT	GOOGLE-CLOUD-PLATFORM (AS396982)	12
Advania Norge As	Viken Fiber AS (AS62225)	1
one.com	ITsjefen AS (AS44381)	8
team.blue Denmark A/S	GOOGLE-CLOUD-PLATFORM (AS396982)	12
More og Romsdal fylkeskommune	More og Romsdal fylkeskommune (AS200915)	2
one.com	Tietoevry Norway As (AS13243)	3
AMAZON-02	GleSYS AB (AS42708)	7
access-point.no	OVH SAS (AS16276)	1
serverstack.com	SERVERSTACK-ASN (AS46652)	2
MICROSOFT-CORP-MSN-AS-BLOCK	Intuitiv Ltd. (AS16174)	2
Nexthop AS	MICROSOFT-CORP-MSN-AS-BLOCK (AS8075)	8
Host Europe GmbH	AMAZON-AES (AS14618)	10
itpays.net	DIGITALOCEAN-ASN (AS14061)	6
Akamai Connected Cloud	CLOUDFLARENET (AS13335)	6
wirtualne.net	LH.pl Sp. z o.o. (AS203417)	1
ports.se	MICROSOFT-CORP-MSN-AS-BLOCK (AS8075)	34
halden.net	A2HOSTING (AS55293)	2
Telia Lietuva, AB	Telia Lietuva, AB (AS43811)	4
BB-Online UK Ltd	AS-DYNASCALE-LAX (AS7296)	1
ANEXIA Internetdienstleistungs GmbH	INCAPSULA (AS19551)	5
MICROSOFT-CORP-MSN-AS-BLOCK	Orange Business Digital Norway As (AS25148)	2
ORACLE-BMC-31898	GOOGLE-CLOUD-PLATFORM (AS396982)	1
teknograd.no	Amito Ltd (AS60610)	1
ports.se	AMAZON-AES (AS14618)	1
Netnod AB	Cloudflare London, LLC (AS209242)	3
is-fun.net	meerfarbig GmbH & Co. KG (AS34549)	6
dn-s.nl	LeaseWeb Netherlands B.V. (AS60781)	1
VITAL-DNS	AMAZON-AES (AS14618)	4
garnesdata.no	Emp Secure As (AS28824)	2
Lyse Tele	GOOGLE (AS15169)	2
ipcom GmbH	Retelit Digital Services S.p.A. (AS3302)	2
hyp.net	AS Tallink Grupp (AS43958)	5
vwd.com	Infront Financial Technology GmbH (AS201463)	2
iserv.no	Monsternett AS (AS201577)	1
vitnett.no	Hostnet B.V. (AS197902)	1
AMAZON-02	Previder B.V. (AS20847)	1
Hetzner Online GmbH	Digi Romania S.A. (AS8708)	1
hyp.net	Atea Sverige AB (AS34234)	2
ipcom GmbH	AxByte Internet Services AB (AS43853)	1
one.com	Telia Company AB (AS3301)	2
ipcom GmbH	Telia Company AB (AS3301)	8
subsys.no	CLOUDFLARENET (AS13335)	7
CLDIN B.V.	AMAZON-02 (AS16509)	1
Telenor Norge AS	Lyse Tele (AS29695)	7
hyp.net	Host Europe GmbH (AS8972)	6
arcticsec.com	Globalconnect As (AS2116)	5
unknown	AS-VULTR (AS20473)	1
mimer.no	Telia Norge AS (AS41164)	4
one.com	RENDER (AS397273)	13
ports.se	P.A Granlund kommunikation AB (AS35073)	2
netim.net	Globalconnect As (AS2116)	12
QUIC-CLOUD	HVC-AS (AS29802)	2
quicns.net	OVH SAS (AS16276)	1
globat.com	BIZLAND-SD (AS29873)	1
beebyte.se	GlobalConnect AB (AS12552)	3
CLOUDFLARENET	Globalconnect As (AS8896)	8
hjelseth.com	Webhuset AS (AS29486)	3
Eidsiva Bredband AS	OVH SAS (AS16276)	6
Blix Solutions AS	SQUARESPACE (AS53831)	14
SECURITYSERVICES	GOOGLE (AS15169)	2
advenio.no	Telenor Norge AS (AS2119)	7
home.pl	ORACLE-BMC-31898 (AS31898)	1
hyp.net	Karjaan Puhelin Oy (AS42343)	2
loopia.se	mono solutions ApS (AS201595)	29
rackhosting.com	Rackhosting.com ApS (AS31590)	2
aivision.cz	CASABLANCA INT a.s. (AS15685)	1
co.uk	CLOUDFLARENET (AS13335)	7
nmugroup.com	ODERLAND Webbhotell AB (AS44136)	2
apario.net	ITsjefen AS (AS44381)	10
one.com	PRIVATESYSTEMS (AS63410)	1
ports.se	Internet Vikings International AB (AS203552)	7
hyp.net	AITNET (AS10843)	1
online4u.no	DLX A/S (AS47527)	1
webb.net	velia.net Internetdienste GmbH (AS29066)	2
ports.se	GOOGLE-CLOUD-PLATFORM (AS396982)	16
copyleft.no	SQUARESPACE (AS53831)	3
MICROSOFT-CORP-MSN-AS-BLOCK	Vodafone Libertel B.V. (AS33915)	1
ANEXIA Internetdienstleistungs GmbH	Cloud Center Finland Oy (AS41993)	1
Soluciones Corporativas IP, SL	Soluciones Corporativas IP, SL (AS57910)	5
Tietoevry Norway As	Bitpro (AS44764)	2
dhosting.pl Sp. z o.o.	DIGITALOCEAN-ASN (AS14061)	1
ports.se	Internet Vikings International AB (AS203300)	2
hyp.net	UUNET (AS702)	21
dnsdomene.net	GOOGLE-2 (AS19527)	2
one.com	Hostpoint AG (AS29097)	8
G-Core Labs S.A.	M247 Europe SRL (AS9009)	1
rackspace.com	Rackspace Ltd. (AS15395)	2
ericsson.se	MICROSOFT-CORP-MSN-AS-BLOCK (AS8075)	1
Advania Norge As	Tietoevry Norway As (AS13243)	3
proisp.no	Increo AS (AS59438)	2
Advania Norge As	Nte Telekom As (AS34087)	8
one.com	Neas Energi Telekom As (AS52157)	4
ServeTheWorld AS	Emp Secure As (AS28824)	4
sircon.net	Loopia AB (AS39570)	1
Underworld	Underworld (AS50213)	14
hyp.net	Cloud City Oy (AS202509)	3
hyp.net	OPTICFUSION (AS30170)	1
NSONE	GOOGLE (AS15169)	4
helsenord.no	Norsk Helsenett SF (AS56828)	19
itsjefen.no	Underworld (AS50213)	1
zoneedit.com	Eltele AS (AS206557)	1
hjelseth.com	Nexthop AS (AS49788)	8
name-services.com	AMAZON-02 (AS16509)	6
netpower.no	Lyse Tele (AS29695)	5
CLOUDFLARENET	Signet B.V. (AS31586)	3
hyp.net	Hostup AB (AS214640)	5
Host Europe GmbH	IT PAYS AS (AS50562)	2
net.pl	HITME.PL (AS50840)	2
webh.cloud	ZINET.NET.PL Sp. z.o.o. (AS41508)	1
Braathe AS	Wix.com Ltd. (AS58182)	3
copyleft.no	Domeneshop AS (AS12996)	2
cdns.no	A2HOSTING (AS55293)	9
ascio.com	CSC Administrative Services Limited (AS34922)	1
Webhuset AS	Orange Business Digital Norway As (AS25148)	2
sdnett.com	Globalconnect As (AS2116)	2
Cloud DNS Ltd	One.com A/S (AS51468)	2
firmanett.no	Globalconnect As (AS2116)	1
loltek.net	aurologic GmbH (AS30823)	1
one.com	Cyber_Folks S.A. (AS41079)	3
one.com	Neas Energi Telekom As (AS61275)	5
gsfg.org	Hetzner Online GmbH (AS24940)	1
DIGICERT	LeaseWeb Netherlands B.V. (AS60781)	12
copyleft.no	UPHEADS AS (AS201454)	14
webly.no	Hostek AB (AS61207)	1
SECURITYSERVICES	CONTIN-83-1 (AS36712)	1
SECURITYSERVICES	MICROSOFT-CORP-MSN-AS-BLOCK (AS8069)	10
Strato GmbH	Jungheinrich AG (AS212961)	8
Cloud DNS Ltd	Hostinger International Limited (AS47583)	12
one.com	Mediateknik i Varberg AB (AS48803)	3
bhosted.nl	Eurofiber Cloud Infra B.V. (AS25459)	7
GOOGLE	KPN B.V. (AS3265)	2
chosting.dk	Atea A/S (AS21060)	5
Advania Norge As	Eltele AS (AS206557)	2
pbsys.no	GOOGLE-CLOUD-PLATFORM (AS396982)	1
one.com	hosttech GmbH (AS207143)	1
hostika.net	UAB Baltnetos komunikacijos (AS15440)	3
123onweb.no	Emp Secure As (AS28824)	1
hyp.net	Equinix (EMEA) Acquisition Enterprises B.V. (AS15830)	2
PEPSICO-NA	INCAPSULA (AS19551)	3
innit.network	InfraCom Managed Services AB (AS29468)	7
Advania Norge As	Eviny Digital AS (AS8542)	2
scandinavianhosting.se	MICROSOFT-CORP-MSN-AS-BLOCK (AS8075)	5
Kunnskapssektorens Tjenesteleverandor	GOOGLE-CLOUD-PLATFORM (AS396982)	9
one.com	IWEB-AS (AS32613)	2
Lyse Tele	CEWE Stiftung & Co. KGaA (AS49494)	1
altidata.net	OVH SAS (AS16276)	1
hogia.se	Tele2 SWIPnet (AS1257)	1
ports.se	NextGenTel AS (AS15659)	1
hackerone.com	CLOUDFLARENET (AS13335)	1
hyp.net	MTS Internet GmbH (AS13010)	2
Globalconnect As	Cloudflare London, LLC (AS209242)	2
hostwindsdns.com	HOSTWINDS (AS54290)	4
GOOGLE	Optimizely AB (AS30811)	4
neostrada.nl	Tilaa B.V. (AS196752)	1
altidata.net	Nexthop AS (AS60717)	1
Webhuset AS	firstcolo GmbH (AS44066)	1
CLOUDFLARENET	Green Floid LLC (AS15626)	1
domserver.de	InterNetX GmbH (AS15456)	1
gfsrv.net	Gameforge 4D GmbH (AS47195)	6
ServeTheWorld AS	WEEBLY (AS27647)	9
perf1.com	GOOGLE-CLOUD-PLATFORM (AS396982)	2
IP Group AS	FANDM (AS31746)	1
unh.net	MICROSOFT-CORP-MSN-AS-BLOCK (AS8075)	1
onlinepartner.se	GOOGLE-CLOUD-PLATFORM (AS396982)	1
godtsagt.no	AMAZON-02 (AS16509)	1
barnelykke.no	Enivest AS (AS35132)	3
Norsk Helsenett SF	GOOGLE-CLOUD-PLATFORM (AS396982)	3
sdv.fr	team.blue Denmark A/S (AS48854)	1
ANEXIA Internetdienstleistungs GmbH	CSC (AS19574)	8
MICROSOFT-CORP-MSN-AS-BLOCK	Registerenheten i Bronnoysund (AS204027)	2
Webhuset AS	Tilda Publishing Ltd. (AS205282)	2
Kunnskapssektorens Tjenesteleverandor	Redpill Linpro AS (AS39029)	1
Webhuset AS	IONOS SE (AS8560)	2
Host Europe GmbH	20i Limited (AS48254)	1
Blix Solutions AS	OVH SAS (AS16276)	2
cdnetdns.net	Tele2 SWIPnet (AS1257)	1
NUCDN	ALM. Brand Forsikring A/S (AS41240)	3
AMAZON-02	GTT Communications Inc. (AS3257)	3
Webhuset AS	Bitpro (AS44764)	4
hostingcentar.com	Hetzner Online GmbH (AS24940)	1
itpays.net	Akamai Connected Cloud (AS63949)	5
loopia.se	Crossnet AB (AS198866)	1
NSONE	MICROSOFT-CORP-MSN-AS-BLOCK (AS8069)	4
Cloud DNS Ltd	Telenor Norge AS (AS2119)	2
ORANGE BUSINESS SERVICES U.S. Inc.	Globalconnect As (AS2116)	1
Telenor Norge AS	Akamai Connected Cloud (AS63949)	5
hyp.net	IST ApS (AS35678)	4
Norsk Helsenett SF	Globalconnect As (AS2116)	2
Cyber_Folks S.A.	MICROSOFT-CORP-MSN-AS-BLOCK (AS8075)	1
ns14.net	Strato GmbH (AS6724)	1
thundercloud.uk	Awareness Software Limited (AS34931)	18
Hetzner Online GmbH	K Media Tech Ltd. (AS210250)	6
Cygrids Communications AB	Cygrids Communications AB (AS34941)	4
planetel.it	Planetel SPA (AS47217)	1
nswhitelabel.com	Servernet Internet Limited (AS60439)	2
ANEXIA Internetdienstleistungs GmbH	Blix Solutions AS (AS50304)	3
experience.as	Blix Solutions AS (AS50304)	9
abakomp.dk	Keyweb AG (AS31103)	1
skanska.net	team.blue Denmark A/S (AS48854)	1
NUCDN	Previder B.V. (AS20847)	1
flodin.no	Blix Solutions AS (AS50304)	1
CLOUDFLARENET	velia.net Internetdienste GmbH (AS29066)	5
one.com	CASABLANCA INT a.s. (AS15685)	1
IONOS SE	Infotech EDV-Systeme GmbH (AS28760)	2
netim.net	AS-COLOCROSSING (AS36352)	6
CLOUDFLARENET	NextGenTel AS (AS15659)	7
irisresearch.no	Internet Vikings International AB (AS51747)	1
linqhost.eu	Signet B.V. (AS20857)	2
kamy.no	Wix.com Ltd. (AS58182)	2
subsys.no	CEWE Stiftung & Co. KGaA (AS49494)	1
lemarit.de	ORACLE-BMC-31898 (AS31898)	3
namebay.com	Monaco Telecom S.A. (AS6758)	1
team.blue Denmark A/S	WIIT AG (AS24961)	2
managed-ip.com	InfoServe GmbH (AS9188)	1
firmanett.no	SQUARESPACE (AS53831)	4
DIGITALOCEAN-ASN	Opera Norway AS (AS39832)	6
r24cloud.se	Remote24 AB (AS199544)	6
DIGICERT	Tripnet AB (AS34385)	5
Eidsiva Bredband AS	Nexthop AS (AS49788)	2
CLOUDFLARENET	GlobalConnect AB (AS12552)	14
zoneedit.com	EDNS (AS16686)	5
Webhuset AS	RouteLabel V.O.F. (AS198203)	6
hjelseth.com	mono solutions ApS (AS201595)	4
dnsdomene.net	Akamai Connected Cloud (AS63949)	5
ANEXIA Internetdienstleistungs GmbH	Telenor Norge AS (AS2119)	3
Nte Telekom As	AMAZON-02 (AS16509)	4
as2116.net	Hetzner Online GmbH (AS24940)	3
one.com	Yelles AB (AS206170)	4
Akamai Connected Cloud	Globalconnect As (AS2116)	6
Host Europe GmbH	ORACLE-BMC-31898 (AS31898)	2
Akamai International B.V.	AMERICAN-EXPRESS (AS6307)	4
kreativstrek.no	AMAZON-02 (AS16509)	1
Telenor Norge AS	Optimizely AB (AS30811)	16
SECURITYSERVICES	Advania Finland Oy (AS41369)	4
teknograd.no	GOOGLE-CLOUD-PLATFORM (AS396982)	3
novonordisk.com	Aeven A/S (AS15687)	1
itpays.net	Nexthop AS (AS49788)	10
deploi.cloud	One.com A/S (AS51468)	13
IONOS SE	SQUARESPACE (AS53831)	1
Tietoevry Norway As	HWSERVICES-32400 (AS32400)	1
mydnscloud.com	Afrihost (AS37611)	1
SECURITYSERVICES	Webhuset AS (AS29486)	2
ns14.net	Hetzner Online GmbH (AS24940)	20
Advania Norge As	Mojohost B.v. (AS42567)	1
publicisgroupe.com	One.com A/S (AS51468)	2
Cloud DNS Ltd	Pq Hosting Plus S.r.l. (AS44477)	3
1and1-dns.biz	GOOGLE-CLOUD-PLATFORM (AS396982)	1
one.com	firstcolo GmbH (AS44066)	4
SECURITYSERVICES	Equinix (EMEA) Acquisition Enterprises B.V. (AS15830)	2
hyp.net	LEASEWEB-USA-WDC (AS30633)	8
ns14.de	wilhelm.tel GmbH (AS15943)	1
Braathe AS	Nte Telekom As (AS34087)	4
AMAZON-02	Host Europe GmbH (AS21499)	1
Norsk Helsenett SF	mono solutions ApS (AS201595)	1
Hammerfest Energi Bredbaand AS	Lyse Tele (AS29695)	1
one.com	velia.net Internetdienste GmbH (AS29066)	14
Liden Data Internetwork AB	GlobalConnect AB (AS12552)	1
NetActuate, Inc	Emp Secure As (AS28824)	1
sircon.net	GOOGLE-2 (AS19527)	1
increo.com	Telia Norge AS (AS25400)	3
Host Europe GmbH	Contabo Asia Private Limited (AS141995)	1
Akamai International B.V.	Norsk Rikskringkasting AS (AS21293)	5
one.com	AS-26496-GO-DADDY-COM-LLC (AS26496)	3
mnemonic.no	mnemonic AS (AS48469)	1
netpower.no	FASTLY (AS54113)	1
increo.com	SQUARESPACE (AS53831)	4
netclient.no	Wix.com Ltd. (AS58182)	4
mkweb.se	Bahnhof AB (AS8473)	1
Netnod AB	Tele2 SWIPnet (AS1257)	2
Webhuset AS	Eidsiva Bredband AS (AS29492)	6
Braathe AS	Nordland Fylkeskommune (AS203580)	2
cloudwebhosting.com	OVH SAS (AS16276)	1
Telenor Norge AS	Iver Norge As (AS57829)	1
zoneedit.com	AMAZON-02 (AS16509)	2
SECURITYSERVICES	BIT BV (AS12859)	1
AUTOMATTIC	Scaleway S.a.s. (AS12876)	1
hyp.net	Yelles AB (AS206170)	31
SECURITYSERVICES	Vodafone GmbH (AS3209)	1
dnsdomene.net	INFORENT GmbH (AS21336)	2
GOOGLE	Nexthop AS (AS49788)	9
SECURITYSERVICES	Iver Sverige AB (AS49419)	5
omc.info	MICROSOFT-CORP-MSN-AS-BLOCK (AS8075)	1
oderland.com	Cloudflare London, LLC (AS209242)	1
Webhuset AS	Hostek AB (AS61207)	6
nmugroup.com	Advania Sverige AB (AS57208)	1
Host Europe GmbH	Globalconnect As (AS2116)	9
loopia.se	Akamai Connected Cloud (AS63949)	4
ORACLE-BMC-31898	Lyse Tele (AS29695)	2
hostnet.nl	Tilaa B.V. (AS196752)	1
CLOUDFLARENET	AUTOMATTIC (AS2635)	10
one.com	Hostup AB (AS214640)	8
keurigonline.be	CJ2 Hosting B.V. (AS39704)	1
Norsk Helsenett SF	Blix Solutions AS (AS50304)	1
itpays.net	Telenor Norge AS (AS2119)	3
mimer.no	AMAZON-02 (AS16509)	10
CLOUDFLARENET	Zone Media OU (AS49604)	4
ns14.net	All for One Group SE (AS197915)	2
online4u.no	Cloudflare London, LLC (AS209242)	2
Nexthop AS	Iver Norge As (AS57829)	2
cloud86.nl	DIGITALOCEAN-ASN (AS14061)	1
Enivest AS	mono solutions ApS (AS201595)	1
reg63.no	GOOGLE-CLOUD-PLATFORM (AS396982)	2
Telenor Norge AS	Telenor A/S (AS9158)	3
Akamai Connected Cloud	FASTLY (AS54113)	2
Eviny Digital AS	Bitpro (AS44764)	8
Telia Company AB	Telia Company AB (AS3301)	7
datacity.no	Lyse Tele (AS29695)	10
Jakobstadsnejdens Telefon Ab	Jakobstadsnejdens Telefon Ab (AS24751)	6
altidata.net	DIGITALOCEAN-ASN (AS14061)	5
DIGITALOCEAN-ASN	Wix.com Ltd. (AS58182)	1
semaphor.dk	Semaphor (AS201697)	2
ntcloudhosting.com	20i Limited (AS48254)	2
pbsys.no	dogado GmbH (AS47215)	1
VITAL-DNS	Globalconnect As (AS2116)	1
hyp.net	Eltele AS (AS206557)	5
nisecasp.no	AMAZON-AES (AS14618)	1
Advania Norge As	Iver Norge As (AS57829)	1
broadview.se	Telia Cygate AB (AS197308)	1
CLOUDFLARENET	Cleura AB (AS42695)	1
netim.net	Sabiedriba ar ierobezotu atbildibu DELSKA Latvia (AS12993)	1
Sucom AS	SQUARESPACE (AS53831)	3
one.com	CLOUDACCESS-NETWORK (AS54456)	4
CGI Sverige AB	ODERLAND Webbhotell AB (AS44136)	1
GOOGLE	Tussa Ikt As (AS203424)	1
one.com	TWL-Kom GmbH (AS9022)	2
it-lideris.cloud	Hetzner Online GmbH (AS24940)	1
nameservice.at	SUCURI-SEC (AS30148)	1
CLOUDFLARENET	Host Europe GmbH (AS21499)	2
loopia.se	Binero AB (AS35041)	2
exquiro.net	Telenor Norge AS (AS2119)	1
dormakaba.com	AMAZON-02 (AS16509)	2
reg63.no	Globalconnect As (AS2116)	12
thiswebhost.com	AS40676 (AS40676)	6
team.blue Denmark A/S	Sentia Denmark A/S (AS47292)	6
dnsnet.no	Eviny Digital AS (AS8542)	3
SECURITYSERVICES	Institut Straumann AG (AS34893)	8
iplace.se	Akamai Connected Cloud (AS63949)	1
karanden.net	OVH SAS (AS16276)	2
ilait.se	InfraCom Managed Services AB (AS29468)	3
one.com	IT Partner Tromso AS (AS203733)	4
proisp.no	GlobalConnect AB (AS12552)	1
3essentials.com	LEVEL3 (AS3356)	2
Telenor Norge AS	Monsternett AS (AS201577)	6
bcxcomms.net	Enix Ltd (AS52148)	1
itpays.net	Synotio AB (AS203605)	1
dynamica.biz	Hetzner Online GmbH (AS24940)	1
grygier.com	Hetzner Online GmbH (AS24940)	1
MICROSOFT-CORP-MSN-AS-BLOCK	Schibsted ASA (AS21171)	1
one.com	Netpower IT Solutions AS (AS48680)	10
routing.net	CLOUDFLARENET (AS13335)	2
one.com	APPLE-ENGINEERING (AS714)	1
wmhost.com	DNA Oyj (AS16086)	1
ecit.com	Itm8 A/S (AS62319)	6
one.com	UAB Interneto vizija (AS212531)	7
Telia Norge AS	Nexthop AS (AS49788)	1
online4u.no	DIGITALOCEAN-ASN (AS14061)	2
hyp.net	Telia Finland Oyj (AS1759)	1
Tafjord Connect AS	Tafjord Connect AS (AS15765)	2
Telia Company AB	ODERLAND Webbhotell AB (AS44136)	1
Henning Solberg	IXT AS (AS214667)	4
sto.com	Globalconnect As (AS2116)	3
hyp.net	DHIVEHI RAAJJEYGE GULHUN PLC (AS7642)	6
team.blue Denmark A/S	LIQUIDWEB (AS32244)	1
Netnod AB	AMAZON-02 (AS16509)	4
dnsdomene.net	AUTOMATTIC (AS2635)	4
utbnord.se	Griffel AB (AS47467)	1
hyp.net	Opin Kerfi hf (AS60690)	2
markmonitor.com	UpCloud Ltd (AS202053)	2
vitnett.no	Domeneshop AS (AS12996)	3
dnsdomene.net	AMAZON-AES (AS14618)	20
hyp.net	UK Dedicated Servers Limited (AS42831)	9
donbranco.fi	Ficolo Oy (AS49282)	1
loopia.se	Nte Telekom As (AS34087)	12
CLOUDFLARENET	netcup GmbH (AS197540)	3
Advania Norge As	Advania Norge As (AS197519)	7
Heart Internet limited	Heart Internet limited (AS20738)	6
one.com	Equinix (EMEA) Acquisition Enterprises B.V. (AS15830)	2
Host Europe GmbH	Host Europe GmbH (AS34011)	8
Cloud DNS Ltd	mono solutions ApS (AS201595)	1
webhouse.sk	VNET a.s. (AS29405)	3
one.com	Sabiedriba ar ierobezotu atbildibu DELSKA Latvia (AS12993)	3
Knipp Medien und Kommunikation GmbH	ScaleUp Technologies GmbH & Co. KG (AS29014)	7
CLOUDFLARENET	Bluestone AS (AS49952)	1
itpays.net	Emp Secure As (AS28824)	2
Host Europe GmbH	RENDER (AS397273)	3
iplace.se	AS-30083-US-VELIA-NET (AS30083)	1
jetserver.net	KAMATERA (AS36007)	1
Telenor Norge AS	Perceval S.A. (AS5463)	1
innit.network	AS-VULTR (AS20473)	2
lumik.se	AMAZON-02 (AS16509)	2
markmonitor.com	UBIMET GmbH (AS209571)	1
AMAZON-02	AUTOMATTIC (AS2635)	3
island51.net	OVH SAS (AS16276)	1
lounea.fi	Hostinger International Limited (AS47583)	1
AMAZON-02	Bredband2 AB (AS29518)	1
Hostpoint AG	hosttech GmbH (AS207143)	1
subsys.no	Lyse Tele (AS29695)	1
linode.com	CLOUDFLARENET (AS13335)	3
markmonitor.zone	CLOUDFLARENET (AS13335)	6
online4u.no	Domeneshop AS (AS12996)	6
itpays.net	GITHUB (AS36459)	1
itl.no	Nte Telekom As (AS34087)	2
GOOGLE	GOOGLE (AS15169)	31
nmugroup.com	Ember AB (AS200150)	1
wwe.com	AMAZON-AES (AS14618)	2
subsys.no	AS-VULTR (AS20473)	15
Kunnskapssektorens Tjenesteleverandor	WLN-ASID (AS395953)	1
DIGICERT	Hetzner Online GmbH (AS24940)	11
sircon.net	Enix Ltd (AS52148)	1
mimer.no	One.com A/S (AS51468)	3
Webhuset AS	SHARKTECH (AS46844)	1
itpays.net	AS-VULTR (AS20473)	3
hjelseth.com	FASTLY (AS54113)	4
rockinghoster.de	Nawork Internet Informationssysteme GmbH (AS9211)	2
hyp.net	Localhost As (AS199990)	6
CLOUDFLARENET	Datacamp Limited (AS60068)	1
tikt.no	Cloudflare London, LLC (AS209242)	5
MICROSOFT-CORP-MSN-AS-BLOCK	EDGE-HOSTING (AS22903)	1
Globalconnect As	AMAZON-02 (AS16509)	12
hjelseth.com	Hostinger International Limited (AS47583)	8
dnsdomene.net	Tussa Ikt As (AS203424)	2
ns14.net	CQ International B.V. (AS25418)	7
increo.com	DIGITALOCEAN-ASN (AS14061)	2
hyp.net	Sub 6 Limited (AS200083)	1
dnsimple.com	DIGITALOCEAN-ASN (AS14061)	7
MICROSOFT-CORP-MSN-AS-BLOCK	GlobalConnect AB (AS12552)	4
hyp.net	GlobalConnect A/S (AS31027)	5
tikt.no	GlobalConnect AB (AS12552)	1
malkm.com	CONFLUENCE-NETWORK-INC (AS40034)	4
anix.net	Lyse Tele (AS29695)	1
SECURITYSERVICES	Amadeus Data Processing GmbH (AS12888)	2
team.blue Denmark A/S	Nexthop AS (AS60717)	1
Elisa Oyj	Equinix (EMEA) Acquisition Enterprises B.V. (AS15830)	1
cid.com	FASTLY (AS54113)	2
ports.se	Internet Vikings International AB (AS203610)	2
x24.lt	Hetzner Online GmbH (AS24940)	1
one.com	Krystal Hosting Ltd (AS12488)	3
Telenor Norge AS	WEEBLY (AS27647)	4
CLOUDFLARENET	BAXTER (AS21595)	1
register.it	Retelit Digital Services S.p.A. (AS28716)	3
Cygrids Communications AB	GleSYS AB (AS42708)	1
Hetzner Online GmbH	Telia Norge AS (AS41164)	2
MICROSOFT-CORP-MSN-AS-BLOCK	Optimizely AB (AS30811)	13
digitalbusinesslounge.com	OVH SAS (AS16276)	2
CLOUDFLARENET	Optimizely AB (AS30811)	18
Webhuset AS	A2HOSTING (AS55293)	16
HURRICANE	SQUARESPACE (AS53831)	1
Sigterm AS	Sigterm AS (AS57423)	10
canpack.eu	Canpack S.A. (AS49664)	2
ksweb.net	Hetzner Online GmbH (AS24940)	2
Braathe AS	WEEBLY (AS27647)	1
basefarm.net	Orange Business Digital Norway As (AS25148)	15
safedc.eu	Safespring AB (AS41001)	1
AMAZON-02	JP/Politikens Hus A/S (AS50783)	3
one.com	Stichting Breedband Delft (AS34108)	1
netbox.no	Gigahost AS (AS56655)	1
krausnaimer.com	Telecom Liechtenstein AG (AS20634)	1
linode.com	ITsjefen AS (AS44381)	1
Lyse Tele	Nte Telekom As (AS34087)	4
hyp.net	Bredbandsfylket AS (AS61006)	10
proisp.no	team.blue Denmark A/S (AS48854)	7
InterNetX GmbH	Bahnhof AB (AS8473)	2
itl.no	AMAZON-02 (AS16509)	6
Telenor Norge AS	Emp Secure As (AS28824)	11
netpower.no	DIGITALOCEAN-ASN (AS14061)	3
sac-it.dk	team.blue Denmark A/S (AS48854)	2
ringcom.no	Lyse Tele (AS29695)	7
Hetzner Online GmbH	DIGITALOCEAN-ASN (AS14061)	14
one.com	GlobalConnect A/S (AS31027)	8
securedomainservice.net	Hetzner Online GmbH (AS24940)	2
Telenor Norge AS	IT PAYS AS (AS50562)	10
netbox.no	Cloudflare London, LLC (AS209242)	1
hyp.net	Advania Island ehf (AS44515)	1
vika.no	Telenor Norge AS (AS2119)	8
afraid.org	Lyse Tele (AS203995)	1
vhosting.no	Emp Secure As (AS28824)	1
Advania Norge As	AS-VULTR (AS20473)	1
dnsdomene.net	Nte Telekom As (AS34087)	5
Tele2 SWIPnet	InfraCom Managed Services AB (AS29468)	1
loopia.se	Solar Communications GmbH (AS197988)	1
tikt.no	Akamai Connected Cloud (AS63949)	2
Deutsche Telekom AG	Deutsche Telekom AG (AS3320)	3
sircon.net	Nexthop AS (AS49788)	4
netbox.no	DIGITALOCEAN-ASN (AS14061)	5
ipcom GmbH	Compuweb Communications Services Limited (AS15510)	4
CLOUDFLARENET	Loopia AB (AS39570)	9
proisp.no	Liquid Web B.V. (AS202521)	3
kommune.no	Nte Telekom As (AS34087)	2
CLDIN B.V.	Accenture B. V. (AS8315)	14
MICROSOFT-CORP-MSN-AS-BLOCK	LINKEDIN (AS14413)	1
dnsdomene.net	Blix Solutions AS (AS50304)	2
Host Europe GmbH	K Media Tech Ltd. (AS210250)	1
time4vps.com	Globalconnect As (AS2116)	1
Braathe AS	K Media Tech Ltd. (AS210250)	1
entrydns.net	Kunnskapssektorens Tjenesteleverandor (AS224)	1
Blix Solutions AS	Akamai Connected Cloud (AS63949)	1
VITAL-DNS	NextGenTel AS (AS15659)	2
smarthosting.no	UUNET (AS702)	1
subsys.no	Nexthop AS (AS60717)	1
aname.net	Hostek AB (AS61207)	5
innit.network	Hostinger International Limited (AS47583)	1
ANEXIA Internetdienstleistungs GmbH	SINGLEHOP-LLC (AS32475)	1
ipcom GmbH	Strato GmbH (AS6724)	1
NUCDN	Akamai Connected Cloud (AS63949)	6
newsnow.org	COGENT-174 (AS174)	1
itpays.net	One.com A/S (AS51468)	6
BUNNYWAY, informacijske storitve d.o.o.	Datacamp Limited (AS60068)	9
one.com	netcup GmbH (AS197540)	2
ilait.se	CLOUDFLARENET (AS13335)	4
hjelseth.com	Cloudflare London, LLC (AS209242)	9
Yelles AB	Bahnhof AB (AS8473)	3
perf1.com	British Telecommunications PLC (AS2856)	1
Hetzner Online GmbH	Monsternett AS (AS201577)	2
Akamai Connected Cloud	Wix.com Ltd. (AS58182)	1
SECURITYSERVICES	Move AS (AS200163)	2
terki.no	Akamai Connected Cloud (AS63949)	1
Blix Solutions AS	Lyse Tele (AS29695)	1
Host Europe GmbH	AS-26496-GO-DADDY-COM-LLC (AS26496)	5
proisp.no	Scaleway S.a.s. (AS12876)	3
altidata.net	Blix Solutions AS (AS50304)	4
wayscloud.services	ServeTheWorld AS (AS34989)	1
GleSYS AB	Internet Vikings International AB (AS203552)	1
hyp.net	KAMATERA (AS36007)	6
Braathe AS	Domeneshop AS (AS12996)	13
sircon.net	One.com A/S (AS51468)	8
hyp.net	Hosting Ukraine LTD (AS200000)	2
Cloud DNS Ltd	ATLANTIC-NET-1 (AS6364)	1
IP Group AS	SQUARESPACE (AS53831)	1
GOOGLE-CLOUD-PLATFORM	SQUARESPACE (AS53831)	1
Hostpoint AG	Hetzner Online GmbH (AS24940)	1
proisp.no	A2HOSTING (AS55293)	12
GOOGLE-CLOUD-PLATFORM	AMAZON-02 (AS16509)	1
CLOUDFLARENET	Daniel Husand (AS57381)	2
az.pl	home.pl S.A. (AS12824)	1
Globalconnect As	Eidsiva Bredband AS (AS29492)	12
bosch.de	AMAZON-02 (AS16509)	5
subsys.no	Akamai Connected Cloud (AS63949)	3
GANDI SAS	Nexthop AS (AS49788)	2
halden.net	Viken Fiber AS (AS203238)	4
hyp.net	Zetta Hosting Solutions LLC. (AS44476)	3
domainrobot.center	Nawork Internet Informationssysteme GmbH (AS9211)	1
SECURITYSERVICES	Sodexo SA (AS209304)	2
CLOUDFLARENET	Safenames Ltd. (AS60819)	1
SECURITYSERVICES	FASTLY (AS54113)	19
Lyse Tele	Iver Norge As (AS57829)	1
iphh.de	IPHH Internet Port Hamburg GmbH (AS12731)	1
Hetzner Online GmbH	Bitpro (AS44764)	1
one.com	SUCURI-SEC (AS30148)	5
vitnett.no	mono solutions ApS (AS201595)	2
Tietoevry Norway As	Cloudflare London, LLC (AS209242)	7
innit.network	One.com A/S (AS51468)	6
sircon.net	Akamai Connected Cloud (AS63949)	4
NUCDN	Emp Secure As (AS28824)	4
ANEXIA Internetdienstleistungs GmbH	Telia Cygate AB (AS197308)	2
ANEXIA Internetdienstleistungs GmbH	Coloplast A/S (AS25111)	1
hyp.net	IMH-IAD (AS54641)	2
domainhotelli.fi	CLOUDFLARENET (AS13335)	3
Eidsiva Bredband AS	A2HOSTING (AS55293)	1
GANDI SAS	Domeneshop AS (AS12996)	1
testyourwebsite.nl	NAMECHEAP-NET (AS22612)	1
ANEXIA Internetdienstleistungs GmbH	Tietoevry Norway As (AS13243)	2
DIGICERT	Ellos AB (AS199215)	5
corpinter.de	IONOS SE (AS8560)	1
altidata.net	IT PAYS AS (AS50562)	1
DIGICERT	ML Consultancy (AS9150)	1
hyp.net	Lindbak IT AS (AS57280)	5
MICROSOFT-CORP-MSN-AS-BLOCK	Telia Norge AS (AS41164)	3
kommune.no	Cloudflare London, LLC (AS209242)	1
nebla.com	GOOGLE (AS15169)	1
globalip.info	AMAZON-02 (AS16509)	1
markmonitor.com	Consultix GmbH (AS31055)	2
one.com	Fortion Networks, s.r.o. (AS44984)	1
hyp.net	VeloxServ Communications Ltd (AS3170)	1
online4u.no	Nexthop AS (AS60717)	1
msphost.com	Hetzner Online GmbH (AS24940)	1
Hetzner Online GmbH	Advania Norge As (AS31264)	8
CLOUDFLARENET	HOSTHATCH (AS63473)	5
Blix Solutions AS	AS-VULTR (AS20473)	3
Advania Norge As	Loopia AB (AS39570)	8
Cloud DNS Ltd	GOOGLE-CLOUD-PLATFORM (AS396982)	2
ports.se	SQUARESPACE (AS53831)	11
get.no	Telia Norge AS (AS41164)	3
hyp.net	Cleura AB (AS42695)	9
Hetzner Online GmbH	Telefiber AS (AS31726)	1
atvirtual.com	Festo Management SE (AS41700)	4
Nexthop AS	CENTURYLINK-US-LEGACY-QWEST (AS209)	6
Lyse Tele	STARKEY (AS14614)	1
itpays.net	Globalconnect As (AS2116)	8
Cloud DNS Ltd	MICROSOFT-CORP-MSN-AS-BLOCK (AS8075)	2
datacity.no	SQUARESPACE (AS53831)	1
iplace.se	Domeneshop AS (AS12996)	5
Nordea Bank Abp	CSC Administrative Services Limited (AS34922)	1
Tietoevry Norway As	Combell NV (AS34762)	1
topsec.com	Rackspace Ltd. (AS15395)	1
CLOUDFLARENET	Christian Ebsen ApS (AS62121)	1
acos.no	Advania Norge As (AS31264)	1
Hammerfest Energi Bredbaand AS	velia.net Internetdienste GmbH (AS29066)	1
galaxywebsolutions.com	4on LTD (AS59816)	1
ITCONNECT Scandinavia AB	Hostek AB (AS61207)	1
kommune.no	Lyse Tele (AS29695)	2
Telenor Norge AS	NETWORK-SOLUTIONS-HOSTING (AS19871)	2
Monsternett AS	Nexthop AS (AS49788)	2
Braathe AS	SiteVision AB (AS41174)	1
global-e.nl	Global-e ICT solutions B.V. (AS39591)	1
afraid.org	SOFTLAYER (AS36351)	2
as2116.net	Embriq AS (AS199791)	5
ilait.se	Griffel AB (AS47467)	1
SECURITYSERVICES	Bredband2 AB (AS29518)	2
SECURITYSERVICES	InterNetX GmbH (AS15456)	2
ipcom GmbH	FASTLY (AS54113)	8
kanhotel.net	Nte Telekom As (AS34087)	1
Akamai Connected Cloud	Localhost As (AS199990)	10
scenegroup.eu	Hetzner Online GmbH (AS24940)	1
euronic.fi	Domainkeskus Oy (AS201964)	6
mainnameserver.com	Heart Internet limited (AS20738)	2
nordkapp.net	One.com A/S (AS51468)	3
tikt.no	SQUARESPACE (AS53831)	12
CLOUDFLARENET	Equinix (EMEA) Acquisition Enterprises B.V. (AS15830)	6
hostedxl.nl	Infopact Netwerkdiensten B.V. (AS21221)	1
bnc.info	DNS:NET Internet Service GmbH (AS15366)	1
markmonitor.com	RACKSPACE (AS19994)	1
AMAZON-02	Hostinger International Limited (AS47583)	13
ZONES AS	Wix.com Ltd. (AS58182)	1
MICROSOFT-CORP-MSN-AS-BLOCK	LIQUIDWEB (AS53824)	2
nersc.no	Kunnskapssektorens Tjenesteleverandor (AS224)	1
pbsys.no	One.com A/S (AS51468)	1
mimer.no	Domeneshop AS (AS12996)	1
namesrv.ch	green.ch AG (AS1836)	2
ulfheimr.no	SQUARESPACE (AS53831)	1
SECURITYSERVICES	Rackspace Ltd. (AS15395)	6
ports.se	GlobalConnect A/S (AS42525)	2
ANEXIA Internetdienstleistungs GmbH	Advania Norge As (AS31264)	4
MICROSOFT-CORP-MSN-AS-BLOCK	We Dare B.V. (AS20495)	1
Globalconnect As	Hetzner Online GmbH (AS24940)	2
DIGICERT	Eltele AS (AS206557)	1
UK-2 Limited	GOOGLE-CLOUD-PLATFORM (AS396982)	18
Global Village GmbH	ecotel communication ag (AS12312)	1
one.com	Lyse Tele (AS203995)	1
AMAZON-02	WBD-AS40703 (AS40703)	1
hiof.no	Kunnskapssektorens Tjenesteleverandor (AS224)	2
broadview.se	Hostek AB (AS61207)	3
peugeot-sport-club.no	Internet Vikings International AB (AS51747)	1
itpays.net	Heart Internet limited (AS20738)	1
proisp.no	Hostek AB (AS61207)	3
NUCDN	Adam EcoTech, S.A (AS15699)	5
DIGICERT	Wix.com Ltd. (AS58182)	2
proisp.no	Atea A/S (AS21060)	1
hyp.net	Telia Cygate Oy (AS29422)	2
GANDI SAS	GOOGLE-CLOUD-PLATFORM (AS396982)	5
nadns1.com	Hetzner Online GmbH (AS24940)	24
hjelseth.com	DIGITALOCEAN-ASN (AS14061)	2
excanto.net	Hostek AB (AS61207)	1
Webhuset AS	Svorka AS (AS206260)	1
AMAZON-02	WZ-US-40824 (AS40824)	1
Advania Norge As	Globalconnect As (AS8896)	5
teknograd.no	AMAZON-02 (AS16509)	4
hyp.net	PC Support AS (AS43200)	15
Nte Telekom As	Hetzner Online GmbH (AS24940)	1
CLOUDFLARENET	Advania Norge As (AS31264)	5
copyleft.no	Serverius Holding B.V. (AS50673)	1
LiveSport s.r.o.	LiveSport s.r.o. (AS52130)	6
netbox.no	Webhuset AS (AS39783)	3
supremedns.com	UK Dedicated Servers Limited (AS42831)	4
CLOUDFLARENET	Braathe AS (AS21119)	12
d60.net	CLDIN B.V. (AS48635)	3
SavMAN AB	ODERLAND Webbhotell AB (AS44136)	2
one.com	GANDI SAS (AS203476)	1
dnsimple.com	SINGLEHOP-LLC (AS32475)	1
euronic.fi	CLOUDFLARENET (AS13335)	1
nisecasp.no	Emp Secure As (AS28824)	2
teknograd.no	AUTOMATTIC (AS2635)	3
tikt.no	Redpill Linpro AS (AS39029)	2
co.uk	CCSI-AS (AS40593)	3
GleSYS AB	Cloudflare London, LLC (AS209242)	2
nameshield.net	INCAPSULA (AS19551)	9
NUCDN	Cloudflare London, LLC (AS209242)	3
hyp.net	Rackhosting.com ApS (AS31590)	20
netpower.no	AMAZON-02 (AS16509)	9
bladns.net	OVH SAS (AS16276)	1
Akamai International B.V.	Volkswagen Financial Services AG (AS205505)	8
boblegummi.com	Kamatera Inc (AS41436)	2
hostmonster.com	UNIFIEDLAYER-AS-1 (AS46606)	2
sircon.net	AS-VULTR (AS20473)	27
dnsdomene.net	Iver Norge As (AS49409)	1
cluster-team.net	InterNetX GmbH (AS15456)	4
Telenor Norge AS	Vancis IP B.V. (AS15879)	1
hostico.net	GTS Telecom SRL (AS5606)	1
BUNNYWAY, informacijske storitve d.o.o.	Lyse Tele (AS29695)	1
lemarit.de	MICROSOFT-CORP-MSN-AS-BLOCK (AS8075)	1
MICROSOFT-CORP-MSN-AS-BLOCK	Cyso Group B.V. (AS25151)	9
seo-linuxpl.com	Cyber_Folks S.A. (AS41079)	2
CLOUDFLARENET	aurologic GmbH (AS30823)	2
phase8.net	AMAZON-02 (AS16509)	1
ports.se	Akamai Connected Cloud (AS63949)	1
hostarmada.net	Akamai Connected Cloud (AS63949)	4
3ds.com	Dassault Systemes Se (AS41935)	1
usethisnameserver.com	HURRICANE (AS6939)	1
hyp.net	Servitro Ltd (AS213495)	1
Globalconnect As	Tietoevry Norway As (AS13243)	1
ipcom GmbH	noris network AG (AS12337)	1
GOOGLE	Safenames Ltd. (AS60819)	5
as2116.net	Telia Norge AS (AS25400)	13
ipcom GmbH	Rackhosting.com ApS (AS31590)	1
netclient.no	Emp Secure As (AS28824)	1
runbox.net	Blix Solutions AS (AS50304)	16
tophost.md	It Concept Srl (AS44388)	1
AMAZON-02	SiteVision AB (AS41174)	2
Eidsiva Bredband AS	Eltele AS (AS206557)	13
ipcom GmbH	T-Systems International GmbH (AS34086)	4
Telenor Norge AS	Telia Company AB (AS3301)	3
GleSYS AB	Internet Vikings International AB (AS203298)	3
Monsternett AS	Hetzner Online GmbH (AS24940)	2
SECURITYSERVICES	RACKSPACE (AS19994)	1
itpays.net	Redcentric Solutions Ltd (AS31463)	1
Tietoevry Norway As	Webhuset AS (AS39783)	1
bedsys.no	Advania Norge As (AS31264)	1
one.com	Liquid Web B.V. (AS202521)	7
itl.no	Emp Secure As (AS28824)	2
stabletransit.com	RACKSPACE (AS19994)	1
hjelseth.com	SQUARESPACE (AS53831)	7
SECURITYSERVICES	Planeetta Internet Oy (AS58003)	2
ASN-MEDTRONIC-1	AMAZON-02 (AS16509)	1
CLOUDFLARENET	COGECO-PEER1 (AS13768)	11
ipcom GmbH	Internet Vikings International AB (AS203191)	1
zumedns.com	Alpha Internet Limited (AS58051)	1
UPHEADS AS	Akamai Connected Cloud (AS63949)	1
co.uk	GTT Communications Inc. (AS3257)	1
phase8.net	GOOGLE-CLOUD-PLATFORM (AS396982)	1
register.it	mono solutions ApS (AS201595)	1
NSONE	OVH SAS (AS16276)	1
securedomainservice.net	SQUARESPACE (AS53831)	2
NetActuate, Inc	CLOUDFLARENET (AS13335)	4
dnsiaas.com	LIMESTONENETWORKS (AS46475)	1
hyp.net	ACTIVE 24, s.r.o. (AS25234)	9
getonline.space	UK Dedicated Servers Limited (AS42831)	1
Kunnskapssektorens Tjenesteleverandor	Rackspace Ltd. (AS15395)	4
Akamai International B.V.	DEERE (AS10846)	3
ServeTheWorld AS	Eviny Digital AS (AS8542)	1
Teleservice Bredband Skane AB	GlobalConnect AB (AS12552)	1
keklolwtf.com	Keklolwtf As (AS60163)	7
QUIC-CLOUD	AS-VULTR (AS20473)	1
sohosted.com	CLDIN B.V. (AS48635)	1
norplex-communications.com	1&1 Versatel Deutschland GmbH (AS8881)	2
AUTOMATTIC	Hostek AB (AS61207)	1
Lyse Tele	Globalconnect As (AS8896)	24
proisp.no	Optimizely AB (AS30811)	4
Underworld	ITsjefen AS (AS44381)	9
Webhuset AS	Leaseweb Deutschland GmbH (AS28753)	5
SCAAM0001	Link11 GmbH (AS34309)	1
niku.no	GOOGLE-CLOUD-PLATFORM (AS396982)	1
nameshield.net	Cloudflare London, LLC (AS209242)	2
VITAL-DNS	Lyse Tele (AS29695)	5
Akamai Connected Cloud	Gigahost AS (AS56655)	1
bedsys.net	team.blue Denmark A/S (AS48854)	1
MICROSOFT-CORP-MSN-AS-BLOCK	SD Worx Finland Oy (AS204002)	1
picox.se	Bahnhof AB (AS8473)	1
Tietoevry Oyj	Akamai International B.V. (AS20940)	1
loopia.se	Eviny Digital AS (AS8542)	3
hyp.net	BIZLAND-SD (AS29873)	6
Telia Company AB	Telia Norge AS (AS12929)	1
reg63.no	MICROSOFT-CORP-MSN-AS-BLOCK (AS8075)	1
hyp.net	CONTE-25-BLA-RST (AS36473)	1
accenture.com	ACCENTURE (AS3573)	2
enbw.com	EnBW Energie Baden-Wuerttemberg AG (AS15698)	5
totaal.net	Totaalnet Internet Works B.V. (AS43190)	1
loopia.se	Globalconnect As (AS8896)	6
ri.se	Loopia AB (AS39570)	1
Tietoevry Norway As	DIGITALOCEAN-ASN (AS14061)	5
fikas.no	Hammerfest Energi Bredbaand AS (AS200665)	1
IONOS SE	noris network AG (AS12337)	3
teknograd.no	Cloudflare London, LLC (AS209242)	2
lemarit.de	LEMARIT GmbH (AS204135)	9
Hammerfest Energi Bredbaand AS	Hostinger International Limited (AS47583)	5
proisp.no	eTOP sp. z o.o. (AS20853)	4
Kunnskapssektorens Tjenesteleverandor	Tietoevry Norway As (AS13243)	5
hyp.net	IMC AS (AS35754)	9
Eviny Digital AS	AMAZON-02 (AS16509)	3
AMAZON-02	Aktsiaselts WaveCom (AS34702)	1
10gb.no	Bona Netto SL (AS52122)	4
ANEXIA Internetdienstleistungs GmbH	ODERLAND Webbhotell AB (AS44136)	4
MICROSOFT-CORP-MSN-AS-BLOCK	INCAPSULA (AS19551)	4
Braathe AS	Nexthop AS (AS49788)	6
SECURITYSERVICES	Loomis AB (AS214302)	2
nameshield.net	Axians AB (AS20514)	1
hyp.net	DIMENOC (AS33182)	9
hostvirtual.com	NETACTUATE (AS36236)	1
itpays.net	Nte Telekom As (AS34087)	3
online4u.no	Hostinger International Limited (AS47583)	2
Braathe AS	Webhuset AS (AS29486)	1
uu.net	Deutsche Telekom AG (AS3320)	1
vmi.se	MICROSOFT-CORP-MSN-AS-BLOCK (AS8075)	1
team.blue Denmark A/S	AMAZON-AES (AS14618)	1
ports.se	Netpower IT Solutions AS (AS48680)	1
UPHEADS AS	mono solutions ApS (AS201595)	6
terki.no	Globalconnect As (AS2116)	17
tikt.no	mono solutions ApS (AS201595)	3
oderland.com	MICROSOFT-CORP-MSN-AS-BLOCK (AS8075)	1
team.blue Denmark A/S	mono solutions ApS (AS201595)	1
unh.net	DIGITALOCEAN-ASN (AS14061)	1
hyp.net	Wildcard UK Limited (AS34119)	2
ports.se	Internet Vikings International AB (AS203213)	4
itl.no	Dreamscape Networks Limited (AS38719)	1
Blix Solutions AS	Cloudflare London, LLC (AS209242)	1
gransy.com	VSHosting s.r.o. (AS43541)	1
markmonitor.com	Telia Cygate Oy (AS51188)	2
Hetzner Online GmbH	Karjaan Puhelin Oy (AS42343)	2
Advania Norge As	Akamai Connected Cloud (AS63949)	3
SECURITYSERVICES	Sentia Denmark A/S (AS47292)	1
customwebhost.com	WIIT AG (AS24961)	2
Hetzner Online GmbH	Itm8 A/S (AS62319)	1
Liden Data Internetwork AB	ODERLAND Webbhotell AB (AS44136)	1
mimer.no	Tietoevry Norway As (AS13243)	3
lemarit.de	Liebherr-IT Services GmbH (AS30915)	1
Braathe AS	DIGITALOCEAN-ASN (AS14061)	16
nisecasp.no	Globalconnect As (AS2116)	22
ordipat.fr	OVH SAS (AS16276)	1
Nte Telekom As	AS-VULTR (AS20473)	1
SECURITYSERVICES	Telekom Austria (AS8447)	1
holdfokus.no	Internet Vikings International AB (AS203300)	1
iplace.se	Iver Norge As (AS49409)	3
heisolutions.no	ServeTheWorld AS (AS34989)	1
netpower.no	CLOUDFLARENET (AS13335)	8
CLOUDFLARENET	Tripnet AB (AS34385)	1
SECURITYSERVICES	Telefonica Germany (AS6805)	1
hyp.net	NTT Global Data Centers EMEA UK Ltd. (AS29017)	5
Host Europe GmbH	Trollfjord Bredband AS (AS202204)	1
GleSYS AB	AS-VULTR (AS20473)	1
ANEXIA Internetdienstleistungs GmbH	GleSYS AB (AS42708)	4
ipcom GmbH	Globalways GmbH (AS48918)	1
hyp.net	HOSTWINDS (AS54290)	3
securedomainservice.net	Lyse Tele (AS29695)	2
registrar-servers.com	Lyse Tele (AS29695)	2
itl.no	Domeneshop AS (AS12996)	1
nomeasy.com	COLT Technology Services Group Limited (AS8220)	1
NUCDN	ODERLAND Webbhotell AB (AS44136)	2
one.com	Monsternett AS (AS201577)	8
Braathe AS	Redpill Linpro AS (AS39029)	1
hyp.net	UNION-CELL (AS29946)	1
Akamai International B.V.	RACKSPACE (AS19994)	1
genesys informatica srl	genesys informatica srl (AS24994)	3
elavon.com	US-BANCORP (AS3147)	1
DIGICERT	DLX A/S (AS47527)	1
banahosting.com	SERVERCENTRAL (AS23352)	3
ipcom GmbH	Internet Vikings International AB (AS203241)	3
Signet B.V.	Signet B.V. (AS20857)	17
Tietoevry Norway As	velia.net Internetdienste GmbH (AS29066)	1
afraid.org	GOOGLE (AS15169)	1
dlx.dk	Cloudflare London, LLC (AS209242)	1
SECURITYSERVICES	CW Vodafone Group PLC (AS1273)	2
Webhuset AS	NCL-203-16477 (AS16477)	2
ports.se	Advania Sverige AB (AS41216)	1
vhosting.no	Nte Telekom As (AS34087)	1
itpays.net	Webhuset AS (AS39783)	4
nixus.info	AxByte Internet Services AB (AS43853)	1
netclient.no	Globalconnect As (AS2116)	7
Safenames Ltd.	IQVIA-CARLSTADT (AS14948)	1
netim.net	WISTEE SAS (AS48594)	1
SavMAN AB	Telia Cygate AB (AS197308)	2
web-solutions.dk	team.blue Denmark A/S (AS48854)	7
kaiserchina.com	CLOUDFLARENET (AS13335)	1
one.com	PE Skurykhin Mukola Volodumurovuch (AS56851)	1
Monsternett AS	CLOUDFLARENET (AS13335)	5
Monsternett AS	Emp Secure As (AS28824)	3
online4u.no	Lyse Tele (AS29695)	8
garnesdata.no	IT PAYS AS (AS50562)	1
ipcom GmbH	Loopia AB (AS39570)	2
ports.se	M247 Europe SRL (AS9009)	3
Akamai Connected Cloud	Tussa Ikt As (AS203424)	2
validns.com	MASSIVE-NETWORKS (AS21777)	2
Safenames Ltd.	IONOS SE (AS8560)	3
loopia.se	Hardanger Breiband AS (AS216374)	1
UPHEADS AS	Hetzner Online GmbH (AS24940)	8
Globalconnect As	Webhuset AS (AS29486)	4
godtsagt.no	Hetzner Online GmbH (AS24940)	1
itl.no	Nexthop AS (AS49788)	6
freehosting.com	Hetzner Online GmbH (AS24940)	4
atakdomain.com	Superonline Iletisim Hizmetleri A.S. (AS34984)	2
Cloud DNS Ltd	AMAZON-02 (AS16509)	4
Safety Computing AS	IT PAYS AS (AS50562)	1
DIGICERT	Telia Company AB (AS3301)	2
freehostia.com	LIQUIDNETLTD1 (AS14555)	4
halden.net	Globalconnect As (AS2116)	5
waveenergy.no	Internet Vikings International AB (AS203610)	1
ACTIVE 24, s.r.o.	ODERLAND Webbhotell AB (AS44136)	1
co.uk	Spark for Information Technology Services Ltd (AS208570)	1
sdnett.com	AS-VULTR (AS20473)	1
pbsys.no	Telenor Norge AS (AS2119)	1
myrvold.marketing	NAMEHERO-KCDC (AS399250)	3
lovellsnames.org	FACEBOOK (AS32934)	1
frei.net	Sylon Hosting GmbH (AS197439)	1
MICROSOFT-CORP-MSN-AS-BLOCK	A2HOSTING (AS55293)	6
mydevil.net	Atman Sp. z o.o. (AS57367)	5
SECURITYSERVICES	DTS Systeme GmbH (AS8879)	2
multilan.org	Braathe AS (AS21119)	1
pro.dk	CLOUDFLARENET (AS13335)	1
one.com	Embriq AS (AS199791)	7
hyp.net	PRIVATESYSTEMS (AS63410)	2
sourcexs.nl	Combell NV (AS34762)	1
pagengruppen.se	InfraCom Managed Services AB (AS29468)	4
loopia.se	NTT Global Data Centers EMEA UK Ltd. (AS29017)	1
hyp.net	Bredband2 AB (AS29518)	6
CLOUDFLARENET	INFOTECHSYS (AS6943)	1
GANDI SAS	Akamai International B.V. (AS20940)	1
team.blue Denmark A/S	FIBIA P/S (AS44869)	1
hyp.net	Heart Internet limited (AS20738)	7
smarthosting.no	Globalconnect As (AS2116)	7
ns14.net	CTS Eventim Solutions GmbH (AS204253)	4
ServeTheWorld AS	Telia Norge AS (AS25400)	3
dnsimple.com	Blix Solutions AS (AS50304)	1
CLOUDFLARENET	Signet B.V. (AS20857)	5
ports.se	Iver Norge As (AS57829)	7
itpays.net	Serverius Holding B.V. (AS50673)	1
SECURITYSERVICES	MPY Telecom Oy (AS34263)	2
one.com	Hydra Communications Ltd (AS25369)	7
Webhuset AS	Telia Norge AS (AS41164)	12
CLOUDFLARENET	Switch Datacenters Amsterdam 1 B.V. (AS205644)	1
iplace.se	Lyse Tele (AS29695)	1
radicenter.eu	Radicenter OU (AS216263)	1
Webhuset AS	Kunnskapssektorens Tjenesteleverandor (AS224)	3
one.com	Mojohost B.v. (AS42567)	13
iplace.se	Globalconnect As (AS2116)	4
arvixe.com	UNIFIEDLAYER-AS-1 (AS46606)	1
EATON-CORPORATION	EATON-CORPORATION (AS11719)	5
Karjaan Puhelin Oy	AMAZON-02 (AS16509)	4
vivawebhost.com	Telehouse EAD (AS57344)	3
Host Europe GmbH	DIGITALOCEAN-ASN (AS14061)	10
Globalconnect As	Wix.com Ltd. (AS58182)	3
Advania Norge As	Webhuset AS (AS29486)	3
ns14.net	OVH SAS (AS16276)	1
SECURITYSERVICES	Ifolor AG (AS43127)	1
hyp.net	eTOP sp. z o.o. (AS20853)	2
Telenor Norge AS	Neue Medien Muennich GmbH (AS34788)	1
Localhost As	Cloudflare London, LLC (AS209242)	3
ServeTheWorld AS	Cloudflare London, LLC (AS209242)	6
waaf.net	AMAZON-02 (AS16509)	1
proisp.no	Signet B.V. (AS20857)	3
sircon.net	FASTLY (AS54113)	3
introweb.nl	Previder B.V. (AS20847)	7
Safety Computing AS	team.blue Denmark A/S (AS48854)	1
loopia.se	PC Support AS (AS43200)	1
GANDI SAS	Telenor Norge AS (AS2119)	3
ports.se	Eviny Digital AS (AS8542)	4
Braathe AS	Tietoevry Norway As (AS13243)	1
netim.net	Servergarden Kft. (AS47381)	1
ipcom GmbH	Bredband2 AB (AS29518)	3
addpro.se	GlobalConnect AB (AS12552)	2
ServeTheWorld AS	Telenor Norge AS (AS2119)	6
quicns.cloud	OVH SAS (AS16276)	3
hostgator.com	ORACLE-BMC-31898 (AS31898)	2
SECURITYSERVICES	InfraCom Managed Services AB (AS29468)	5
CLOUDFLARENET	Scaleway S.a.s. (AS12876)	5
tikt.no	Nexthop AS (AS49788)	1
DIGICERT	Orange Business Digital Norway As (AS25148)	4
tdc.no	Equinix (Germany) GmbH (AS24989)	2
ANEXIA Internetdienstleistungs GmbH	Wix.com Ltd. (AS58182)	3
ANEXIA Internetdienstleistungs GmbH	Redpill Linpro AS (AS39029)	9
one.com	DNA Oyj (AS16086)	1
GANDI SAS	Tussa Ikt As (AS203424)	3
Advania Norge As	Orange Business Digital Norway As (AS25148)	2
vika.no	Cloudflare London, LLC (AS209242)	1
Telia Norge AS	AS-VULTR (AS20473)	7
td-fn.net	PlusServer GmbH (AS61157)	1
Nte Telekom As	Telia Cygate Oy (AS29422)	1
iplace.se	Equinix (EMEA) Acquisition Enterprises B.V. (AS15830)	3
bsdly.net	Gigahost AS (AS56655)	2
managed-ip.com	Deutsche Telekom AG (AS3320)	4
AMAZON-02	AS-VULTR (AS20473)	1
Lyse Tele	WEEBLY (AS27647)	1
AMAZON-02	Loopia AB (AS39570)	1
Lyse Tele	AMAZON-AES (AS14618)	3
drei.host	Greentube GmbH (AS60368)	2
netonnet.com	Tele2 SWIPnet (AS1257)	1
Host Europe GmbH	NAMECHEAP-NET (AS22612)	4
koneovbg.se	AMAZON-AES (AS14618)	1
Liden Data Internetwork AB	Liden Data Internetwork AB (AS13189)	1
sircon.net	AMAZON-AES (AS14618)	5
DIGICERT	Akamai Connected Cloud (AS63949)	8
dnsprotect.com	DIMENOC (AS33182)	3
proisp.no	Contabo GmbH (AS51167)	2
1and1-dns.biz	IONOS SE (AS8560)	3
Akamai International B.V.	Optimizely AB (AS30811)	2
gransy.com	Quantcom, a.s. (AS29208)	2
svorka.net	GlobalConnect AB (AS12552)	1
one.com	Axarnet Comunicaciones, S.l. (AS50926)	1
securedomainservice.net	Flow Retail As (AS202174)	1
hp.com	AMAZON-02 (AS16509)	5
Tietoevry Norway As	Globalconnect As (AS2116)	18
Hetzner Online GmbH	RMH-14 (AS33070)	2
one.com	Team Blue Carrier Limited (AS29550)	1
bluerange.se	Bluerange Sweden AB (AS56711)	1
SECURITYSERVICES	Hetzner Online GmbH (AS24940)	8
hosting.de	uvensys GmbH (AS58010)	1
hostingbenidorm.net	IONOS SE (AS8560)	1
oderland.com	HOSTA-LAS (AS33398)	3
itpays.net	AUTOMATTIC (AS2635)	2
1984.is	Hostinger International Limited (AS47583)	1
Webhuset AS	SiteVision AB (AS41174)	1
loopia.se	Hi3G Access AB (AS44034)	1
markmonitor.zone	AS-NALCO-NA (AS36259)	1
itpays.net	Enivest AS (AS35132)	1
kamy.no	Serverius Holding B.V. (AS50673)	1
Akamai Connected Cloud	Hostek AB (AS61207)	3
krx.no	Optimizely AB (AS30811)	9
hyp.net	Ans Academy Limited (AS61323)	3
UPHEADS AS	Lyse Tele (AS29695)	6
CLOUDFLARENET	Underworld (AS50213)	2
CLOUDFLARENET	WHG Hosting Services Ltd (AS209341)	9
web.tr	YSR Bilisim Teknolojileri Telekomunikasyon Internet ve Danismanlik Hizmetleri Tic. Ltd. Sti. (AS57610)	2
innit.network	Moelven Modus AS (AS202057)	5
CLOUDFLARENET	Enivest AS (AS35132)	8
hyp.net	GO-DADDY-COM-LLC (AS398787)	11
integral.fi	Telia Cygate Oy (AS29422)	2
cfdns.biz	CLOUDFLARENET (AS13335)	1
MICROSOFT-CORP-MSN-AS-BLOCK	Dataspace P.s.a. (AS50599)	1
hyp.net	Eurofiber Cloud Infra B.V. (AS25459)	1
Safety Computing AS	Foreach AS (AS214761)	2
nameshield.net	Telia Norge AS (AS25400)	8
hostup.se	Hostup AB (AS214640)	2
proisp.no	Telehouse EAD (AS57344)	2
GOOGLE	team.blue Denmark A/S (AS48854)	1
as2116.net	GANDI SAS (AS203476)	2
moodys.com	SECURITYSERVICES (AS12008)	1
acos.no	SQUARESPACE (AS53831)	1
fuseddns.com	SQUARESPACE (AS53831)	1
one.com	Tilda Publishing Ltd. (AS205282)	7
uu.net	Tripnet AB (AS34385)	1
proisp.no	Radore Veri Merkezi Hizmetleri A.S. (AS42926)	1
eurodns.biz	AMAZON-02 (AS16509)	3
netpower.no	Keyweb AG (AS31103)	1
halden.net	MICROSOFT-CORP-MSN-AS-BLOCK (AS8075)	3
DIGICERT	LEASEWEB-USA-WDC (AS30633)	3
uk-noc.com	Sub 6 Limited (AS200083)	4
M247 Europe SRL	M247 Europe SRL (AS9009)	2
NUCDN	Hosting.de GmbH (AS48823)	16
nordichost.no	Hetzner Online GmbH (AS24940)	3
IP Group AS	mono solutions ApS (AS201595)	1
kaiserkraft-europa.de	GleSYS AB (AS42708)	1
tikt.no	Domeneshop AS (AS12996)	3
interna.me	CLOUDFLARENET (AS13335)	6
dnsdomene.net	Telia Norge AS (AS25400)	1
CLOUDFLARENET	AltusHost B.V. (AS51430)	1
Hosting Ukraine LTD	OVH SAS (AS16276)	1
NetActuate, Inc	CSC (AS19574)	6
NSONE	Hetzner Online GmbH (AS24940)	1
norsar.no	Telia Norge AS (AS25400)	3
ipcom GmbH	GOOGLE (AS15169)	4
MICROSOFT-CORP-MSN-AS-BLOCK	Webhuset AS (AS39783)	19
arcticsec.as	Globalconnect As (AS2116)	3
intutor.no	Hetzner Online GmbH (AS24940)	4
online4u.no	SQUARESPACE (AS53831)	3
hyp.net	Ashburn International Ltd. (AS198009)	2
itsjefen.no	One.com A/S (AS51468)	2
managed-ip.com	Fraidei Oy (AS211848)	1
hyp.net	NETACTUATE (AS36236)	7
one.com	ZONES AS (AS49082)	9
Fujitsu Invia Finland IP-network	Fujitsu Invia Finland IP-network (AS1342)	1
skf.com	Arelion Sweden AB (AS1299)	1
Soluciones Corporativas IP, SL	SQUIXA PTY LIMITED (AS136133)	1
Cloud DNS Ltd	Telia Norge AS (AS41164)	2
AMAZON-02	Kunnskapssektorens Tjenesteleverandor (AS224)	3
one.com	Freethought Internet Limited (AS41000)	1
Braathe AS	The Central Bank of the Republic of Azerbaijan (AS209374)	1
Akamai Connected Cloud	GlobalConnect AB (AS12552)	1
Hammerfest Energi Bredbaand AS	GOOGLE-CLOUD-PLATFORM (AS396982)	1
mono.net	AMAZON-02 (AS16509)	1
loopia.se	LeaseWeb Netherlands B.V. (AS60781)	2
MICROSOFT-CORP-MSN-AS-BLOCK	ITsjefen AS (AS44381)	4
one.com	Remote24 AB (AS199544)	1
Hetzner Online GmbH	Telenor Norge AS (AS2119)	8
Host Europe GmbH	Domeneshop AS (AS12996)	3
hyp.net	LLC Renome-Service (AS34187)	1
ge-dns.com	AMAZON-AES (AS14618)	1
AMAZON-02	NextGenTel AS (AS15659)	2
proisp.no	Braathe AS (AS21119)	4
Tietoevry Norway As	Hardanger Breiband AS (AS216374)	3
online4u.no	Blix Solutions AS (AS50304)	3
vhosting.no	AMAZON-02 (AS16509)	3
zoneedit.com	Gigahost AS (AS56655)	1
hotbytes.net	Mittwald CM Service GmbH & Co. KG (AS15817)	1
as2116.net	Telia Norge AS (AS49455)	1
com.tr	Niobe Telekomunikasyon Bilisim Teknolojileri Yazilim Danismanlik Sanayi ve Ticaret Ltd. Sti. (AS42868)	1
Cloud DNS Ltd	PC Support AS (AS43200)	2
hyp.net	Cyber_Folks S.A. (AS29522)	2
introweb.nl	Combell NV (AS34762)	1
sandvik.com	AMAZON-02 (AS16509)	2
MICROSOFT-CORP-MSN-AS-BLOCK	Telia Norge AS (AS49455)	3
Rackspace Ltd.	Akamai Connected Cloud (AS63949)	7
jdm.pl	Hetzner Online GmbH (AS24940)	2
CLOUDFLARENET	HZ Hosting Ltd (AS59711)	1
plusserver.com	PlusServer GmbH (AS61157)	4
serveriai.lt	Hostinger International Limited (AS47583)	4
brodern.no	OVH SAS (AS16276)	1
stable.cz	Webglobe, s.r.o. (AS29134)	2
CLOUDFLARENET	SH.cz s.r.o. (AS39392)	3
ipcom GmbH	AS6453 (AS6453)	1
euronic.fi	UpCloud Ltd (AS202053)	2
Eviny Digital AS	Hetzner Online GmbH (AS24940)	2
cscudns.com	CSC (AS19574)	3
acos.no	Lyse Tele (AS29695)	1
AMAZON-02	UUNET (AS702)	3
Sigterm AS	DIGITALOCEAN-ASN (AS14061)	2
itpays.net	team.blue Denmark A/S (AS48854)	1
Kunnskapssektorens Tjenesteleverandor	Blix Solutions AS (AS50304)	3
iptwins.com	Orange (AS3215)	1
Akamai International B.V.	CLOUDFLARENET (AS13335)	7
domeny.tv	Hetzner Online GmbH (AS24940)	1
hyp.net	Brightbox Systems Ltd (AS51059)	3
ORACLE-BMC-31898	Telenor Norge AS (AS2119)	1
Neas Energi Telekom Rorosregionen As	Gigahost AS (AS56655)	2
one.com	Webglobe, s.r.o. (AS198171)	1
online4u.no	Atea AS (AS41729)	1
iserv.no	Wix.com Ltd. (AS58182)	1
halden.net	Braathe AS (AS21119)	1
turkticaret.net	TURKTICARET.NET YAZILIM HIZMETLERI SAN. ve TIC. A.S. (AS197720)	2
CLOUDFLARENET	Starhub Ltd (AS55430)	1
haugli.dev	Hetzner Online GmbH (AS24940)	6
team.blue Denmark A/S	CSC (AS19574)	2
ports.se	OVH SAS (AS16276)	3
Sognenett AS	Hetzner Online GmbH (AS24940)	3
swiboda.com	Telia Cygate AB (AS197308)	1
ServeTheWorld AS	SOFTLAYER (AS36351)	1
IONOS SE	Nordisk Media Utveckling AB (AS204074)	6
provops.no	LeaseWeb Netherlands B.V. (AS60781)	1
itpays.net	Garant-Park-Internet LLC (AS56364)	2
hyp.net	Tilaa B.V. (AS196752)	1
Braathe AS	AMAZON-AES (AS14618)	2
loopia.se	GleSYS AB (AS42708)	15
NSONE	AMAZON-AES (AS14618)	5
Host Europe GmbH	SINGLEHOP-LLC (AS32475)	2
Telenor Norge AS	UpCloud Ltd (AS202053)	1
hyp.net	Zone Media OU (AS49604)	2
Webhuset AS	NForce Entertainment B.V. (AS43350)	1
Akamai International B.V.	RMH-14 (AS33070)	3
online4u.no	Telenor Norge AS (AS2119)	2
cscudns.com	MICROSOFT-CORP-MSN-AS-BLOCK (AS8075)	1
Sia Nano IT	Sia Nano IT (AS43513)	5
Telenor Norge AS	Webhuset AS (AS39783)	5
routing.net	Signet B.V. (AS20857)	1
Kunnskapssektorens Tjenesteleverandor	Akamai Connected Cloud (AS63949)	3
X Treme AS	X Treme AS (AS41949)	1
iplace.se	SQUARESPACE (AS53831)	5
online4u.no	A2HOSTING (AS55293)	1
GANDI SAS	Infomaniak Network SA (AS29222)	1
Telenor Norge AS	Telia Lietuva, AB (AS8764)	1
AMAZON-02	LEASEWEB SINGAPORE PTE. LTD. (AS59253)	1
NUCDN	Telia Lietuva, AB (AS8764)	1
AMAZON-02	Netrics Zuerich AG, Opfikon (AS31424)	1
123onweb.no	FASTLY (AS54113)	1
one.com	Tafjord Connect AS (AS15765)	7
ORACLE-BMC-31898	MICROSOFT-CORP-MSN-AS-BLOCK (AS8075)	4
arvato-systems.de	NetCologne Gesellschaft fur Telekommunikation mbH (AS8422)	1
bvister.no	LeaseWeb Netherlands B.V. (AS60781)	1
Tele2 SWIPnet	Aruba S.p.A. (AS31034)	1
Hetzner Online GmbH	Iver Sverige AB (AS49419)	1
Akamai Connected Cloud	Optimizely AB (AS30811)	1
slpdigital.net	IONOS SE (AS8560)	1
itsjefen.no	Cloudflare London, LLC (AS209242)	1
Telia Norge AS	FASTLY (AS54113)	2
markmonitor.com	Deutsche Telekom AG (AS3320)	3
CLOUDFLARENET	Nawork Internet Informationssysteme GmbH (AS9211)	1
GOOGLE	UAB Interneto vizija (AS212531)	7
media-concept.com	Deutsche Telekom AG (AS3320)	1
hjelseth.com	Globalconnect As (AS2116)	6
Kunnskapssektorens Tjenesteleverandor	Eidsiva Bredband AS (AS29492)	1
CLOUDFLARENET	Layer7 Networks GmbH (AS35042)	2
AUTOMATTIC	ServeTheWorld AS (AS34989)	2
neostrada.nl	CLDIN B.V. (AS48635)	1
GOOGLE	TIMEWARP IT Consulting GmbH (AS207203)	1
increo.com	Cloudflare London, LLC (AS209242)	2
one.com	Cegal AS (AS201888)	1
ipcom GmbH	InfraCom Managed Services AB (AS29468)	1
njal.la	ab stract ltd (AS39287)	1
hyp.net	Root Localhost LLC (AS216093)	2
bit.nl	Akamai Connected Cloud (AS63949)	1
nmugroup.com	FASTLY (AS54113)	2
one.com	Trollfjord Bredband AS (AS202204)	1
hyp.net	UAB Cherry Servers (AS204770)	1
AMAZON-02	ServeTheWorld AS (AS34989)	9
reg63.no	Optimizely AB (AS30811)	2
nersc.no	Eviny Digital AS (AS8542)	1
Teleservice Bredband Skane AB	DIGITALOCEAN-ASN (AS14061)	1
Webhuset AS	Tussa Ikt As (AS203424)	2
Cloud DNS Ltd	Blix Solutions AS (AS50304)	4
layerip.com	Freethought Internet Limited (AS41000)	6
gazduire.net	Tes Euro Media SRL (AS51295)	1
ipcom GmbH	AGORA CALYCE SpAS (AS47833)	1
loopia.se	Visma Software International AS (AS61213)	1
privatesystems.net	PRIVATESYSTEMS (AS63410)	1
Telenor Norge AS	team.blue Denmark A/S (AS48854)	6
one.com	Zone Media OU (AS49604)	2
jimstromberg.com	IMH-IAD (AS54641)	2
Lyse Tele	CLOUDFLARENET (AS13335)	6
GleSYS AB	AMAZON-02 (AS16509)	2
team.blue Denmark A/S	Rackhosting.com ApS (AS31590)	1
Monsternett AS	Informacines sistemos ir technologijos, UAB (AS61272)	1
Cloud DNS Ltd	Servitro Ltd (AS213495)	3
ANEXIA Internetdienstleistungs GmbH	Eurofiber France SAS (AS24935)	4
Advania Norge As	Enivest AS (AS35132)	1
proisp.no	Webdock.io ApS (AS44803)	2
proisp.no	K Media Tech Ltd. (AS210250)	3
nordkapp.net	Embriq AS (AS199791)	1
nisecasp.no	ODERLAND Webbhotell AB (AS44136)	1
webmaker.pl	eTOP sp. z o.o. (AS20853)	1
as2116.net	UUNET (AS702)	1
Telenor Norge AS	Heart Internet limited (AS20738)	2
as2116.net	Tietoevry Norway As (AS13243)	4
coretrek.net	UPHEADS AS (AS201454)	3
infoblox.com	FASTLY (AS54113)	1
loopia.se	Infomaniak Network SA (AS29222)	3
ipcom GmbH	Embriq AS (AS199791)	1
one.com	AERONET-WIRELESS (AS14979)	1
hyp.net	LEVEL3 (AS3356)	2
unify.chat	NAMECHEAP-NET (AS22612)	2
NUCDN	Keepit A/S (AS9120)	3
kamy.no	Globalconnect As (AS2116)	1
CLOUDFLARENET	Netpower IT Solutions AS (AS48680)	6
AMAZON-02	LeaseWeb Netherlands B.V. (AS60781)	3
ballou.se	Loopia AB (AS39570)	1
Tietoevry Norway As	mono solutions ApS (AS201595)	1
cruisecritic.net	AMAZON-02 (AS16509)	1
123onweb.no	DIGITALOCEAN-ASN (AS14061)	1
hyp.net	WIIT AG (AS24961)	3
one.com	DHIVEHI RAAJJEYGE GULHUN PLC (AS7642)	3
ports.se	Miss Hosting AB (AS200719)	1
Webhuset AS	Iomart Cloud Services Limited (AS20860)	2
loopia.se	Telia Cygate AB (AS197308)	3
Anverino Software SRL	Lyse Tele (AS29695)	1
hyp.net	Quickline Communications Limited (AS43207)	1
hyp.net	Stichting DIGI NL (AS206281)	3
linux.pl	Nazwa.pl Sp.z.o.o. (AS15967)	1
Hetzner Online GmbH	GlobalConnect AB (AS12552)	2
sa.cz	STUDENT AGENCY k.s. (AS200844)	1
one.com	Cyber_Folks S.A. (AS29522)	1
NUCDN	mono solutions ApS (AS201595)	2
syseleven.de	SysEleven GmbH (AS25291)	1
dnscluster.dk	PerfGrid (AS59795)	2
runsafe.no	Lyse Tele (AS29695)	1
hostnet.nl	Warsaw Data Center Sp. z o.o. (AS21244)	1
sac-it.dk	Claas KGaA mbH (AS208868)	1
dnsimple.com	Cloudflare London, LLC (AS209242)	1
websiteserverbox.com	HOST4GEEKS-LLC (AS393960)	2
hyp.net	Webdock.io ApS (AS44803)	11
loopia.se	UUNET (AS702)	1
NEXCESS-NET	Liquid Web B.V. (AS202521)	5
MICROSOFT-CORP-MSN-AS-BLOCK	ODERLAND Webbhotell AB (AS44136)	8
helpwebhost.com	Ava Host Srl (AS48753)	1
firmanett.no	GOOGLE-CLOUD-PLATFORM (AS396982)	3
Webhuset AS	Hardanger Breiband AS (AS216374)	3
CLOUDFLARENET	Datacenter Luxembourg S.A. (AS24611)	2
nodesecure.com	AMAZON-02 (AS16509)	1
Kunnskapssektorens Tjenesteleverandor	UPHEADS AS (AS201454)	1
hyp.net	Hetzner Online GmbH (AS212317)	4
ipcom GmbH	Hostek AB (AS29024)	1
Webhuset AS	Telia Norge AS (AS25400)	9
one.com	KKM IT Limited (AS60922)	2
Webhuset AS	Increo AS (AS59438)	2
storstein-nett.no	mono solutions ApS (AS201595)	5
aname.net	AS-VULTR (AS20473)	1
team.blue Denmark A/S	IT PAYS AS (AS50562)	1
DIGICERT	SECURITYSERVICES (AS12008)	1
ANEXIA Internetdienstleistungs GmbH	Hetzner Online GmbH (AS24940)	5
ports.se	Internet Vikings International AB (AS51913)	3
egensajt.se	CLOUDFLARENET (AS13335)	6
Nexthop AS	SQUARESPACE (AS53831)	11
easydns.com	Amarutu Technology Ltd (AS206264)	1
hkit.no	Globalconnect As (AS2116)	1
Nexthop AS	Optimizely AB (AS30811)	1
meganameservers.eu	CSC Administrative Services Limited (AS34922)	4
xetnet.com	Ficolo Oy (AS49282)	2
all4net.de	ENTEGA Medianet GmbH (AS12897)	2
kaba.com	AMAZON-02 (AS16509)	4
1984.is	1984 ehf (AS44925)	4
Telenor Norge AS	Intility AS (AS49586)	1
as2116.net	CGI Norge AS (AS25225)	1
innit.network	IT PAYS AS (AS50562)	1
infoserve.de	gridscale GmbH (AS29423)	2
Webhuset AS	ML-1432-54994 (AS54994)	2
propellerhosting.net	Ansluten Hosting i Sverige AB (AS201983)	1
Telia Norge AS	SQUARESPACE (AS53831)	2
itgarden.se	Resurs Bank AB (AS35814)	4
jumpdns.net	Delta HighTech Ltd. (AS8860)	1
oderland.com	Tele2 SWIPnet (AS1257)	2
Tietoevry Norway As	Advania Norge As (AS31264)	3
dnsdomene.net	OVH SAS (AS16276)	3
AMAZON-02	Vodafone Ono, S.A. (AS6739)	1
coretrek.net	Lyse Tele (AS29695)	1
loopia.se	Eidsiva Bredband AS (AS29492)	2
loopia.se	Combell NV (AS34762)	1
managed-ip.com	TKRZ Stadtwerke GmbH (AS42184)	2
CLOUDFLARENET	WHG Hosting Services Ltd (AS51713)	5
zattoo.com	Zattoo AG (AS8302)	1
Braathe AS	VSHosting s.r.o. (AS43541)	1
webmore.no	Gigahost AS (AS56655)	2
Bluewin	dogado GmbH (AS47215)	8
iplace.se	Ember AB (AS200150)	1
one.com	Sopra Steria As (AS206897)	1
CLOUDFLARENET	SSASN2 (AS20454)	1
truehostdns.com	AS-30083-US-VELIA-NET (AS30083)	2
unknown	Hetzner Online GmbH (AS24940)	8
master.cz	MasterDC s.r.o. (AS24971)	2
UPHEADS AS	Iteam 10 As (AS202128)	1
one.com	SuperHosting.BG Ltd. (AS201200)	2
ngt.se	Straznet AB (AS209256)	1
GOOGLE	UNIFIEDLAYER-AS-1 (AS46606)	2
SECURITYSERVICES	ResMed Dual Internet Gateway (AS18165)	1
CLOUDFLARENET	Safety Computing AS (AS30737)	1
Globalconnect As	Rackspace Ltd. (AS15395)	10
iptwins.com	GIONA (AS22838)	1
okosoft.no	Emp Secure As (AS28824)	1
MICROSOFT-CORP-MSN-AS-BLOCK	CLDIN B.V. (AS48635)	1
dnsnet.no	AMAZON-02 (AS16509)	2
Akamai International B.V.	Advania Norge As (AS31264)	1
ecit.com	CLOUDFLARENET (AS13335)	2
AMAZON-02	Neas Energi Telekom As (AS52157)	3
hinz.no	Gigahost AS (AS56655)	1
hjelseth.com	Telia Norge AS (AS25400)	2
ACTIVE 24, s.r.o.	CLOUDFLARENET (AS13335)	2
ports.se	Tietoevry Oyj (AS5411)	5
GOOGLE	Domeneshop AS (AS12996)	4
loopia.se	Nessus GmbH (AS47692)	2
asmallorange.com	UNIFIEDLAYER-AS-1 (AS46606)	2
one.com	AS-COLOCROSSING (AS36352)	2
mtgsy.com	AMAZON-02 (AS16509)	1
Admax AB	GOOGLE-CLOUD-PLATFORM (AS396982)	1
arvato-systems.de	iquer.net GmbH & Co KG (AS201955)	1
loopia.se	OVH SAS (AS16276)	10
co.uk	Kcom Group Limited (AS12390)	1
kwikdns.com	Webzilla B.V. (AS35415)	2
DIGITALOCEAN-ASN	CLDIN B.V. (AS48635)	2
ilait.se	AMAZON-02 (AS16509)	2
iplace.se	Webhuset AS (AS29486)	2
seznam.cz	Seznam.cz, a.s. (AS43037)	1
ESTRUXTURE-ON-19122	DIGITALOCEAN-ASN (AS14061)	1
Blix Solutions AS	AUTOMATTIC (AS2635)	1
gunneboindustries.com	Telia Company AB (AS3301)	1
CLOUDFLARENET	Accenture B. V. (AS8315)	6
vika.no	Globalconnect As (AS2116)	9
d-server.nl	Eurofiber Cloud Infra B.V. (AS25459)	1
hyp.net	Sopra Steria As (AS206897)	1
vhosting.no	CLOUDFLARENET (AS13335)	1
vitnett.no	Eidsiva Bredband AS (AS29492)	4
one.com	Iteam 10 As (AS202128)	4
dns-admin.dk	ODERLAND Webbhotell AB (AS44136)	1
hyp.net	ROMARG SRL (AS205275)	3
site4now.net	SHARKTECH (AS46844)	6
markmonitor.com	GAMP Sp. z o.o. (AS56511)	1
SECURITYSERVICES	Nets Denmark A/S (AS41741)	3
Nexthop AS	PRO-ZETA a.s. (AS60606)	1
thin.no	Hetzner Online GmbH (AS24940)	3
ipcom GmbH	Merck KGaA (AS13167)	2
register.be	GOOGLE (AS15169)	2
loopia.se	PCL Data AB (AS43071)	2
DIGICERT	SIA Tet (AS12578)	2
hyp.net	THEROCKETSCIENCEGROUP (AS14782)	3
grundfos.com	Grundfos Holding A/s (AS31131)	1
storstein-nett.no	SQUARESPACE (AS53831)	2
netbox.no	SQUARESPACE (AS53831)	2
MICROSOFT-CORP-MSN-AS-BLOCK	AS62964 (AS62964)	1
Tietoevry Norway As	Nexthop AS (AS49788)	3
nisecasp.no	Cloudflare London, LLC (AS209242)	3
NUCDN	Telenor Norge AS (AS2119)	2
sedgwick.com	FNIS (AS18434)	1
Webhuset AS	Telehouse EAD (AS57344)	2
Krystal Hosting Ltd	Krystal Hosting Ltd (AS12488)	7
netim.net	SQUARESPACE (AS53831)	1
ipcom GmbH	Telenor Norge AS (AS2119)	6
r24cloud.se	Advania Sverige AB (AS25146)	2
ascio.com	DIGITALOCEAN-ASN (AS14061)	1
AMAZON-02	LUMEN-LEGACY-L3-CUSTOMER-SHARED-USE (AS10753)	1
online4u.no	Nexthop AS (AS49788)	2
ricoit.no	Hetzner Online GmbH (AS24940)	2
proisp.no	Tele2 SWIPnet (AS1257)	2
sircon.net	Blix Solutions AS (AS50304)	6
proisp.no	FLY (AS40509)	3
hyp.net	Infranord SA (AS204503)	2
loopia.se	IQ PL Sp. z o.o. (AS47544)	1
mijndnsserver.nl	Signet B.V. (AS20857)	1
wrberkley.com	LIGHTEDGE-AS-02 (AS11320)	1
CLOUDFLARENET	Eltele AS (AS206557)	1
NetActuate, Inc	Cloudflare London, LLC (AS209242)	1
nmugroup.com	Telia Company AB (AS3301)	2
bigcommerce.com	BIGCOMMERCE (AS399566)	3
skanska.net	AMAZON-02 (AS16509)	2
mohawkind.com	MICROSOFT-CORP-MSN-AS-BLOCK (AS8075)	1
team.blue Denmark A/S	ODERLAND Webbhotell AB (AS44136)	2
ports.se	Internet Vikings International AB (AS202922)	5
Cloud DNS Ltd	GOOGLE (AS15169)	6
Sucom AS	Monsternett AS (AS201577)	1
firmanett.no	GleSYS AB (AS42708)	1
CLOUDFLARENET	UK Dedicated Servers Limited (AS42831)	5
iplace.se	Arribatec Cloud AS (AS205976)	2
altidata.net	One.com A/S (AS51468)	5
as2116.net	Wix.com Ltd. (AS58182)	1
teknograd.no	Neas Energi Telekom As (AS52157)	1
vrooom.no	GlobalConnect AB (AS12552)	1
smallhold-hosting-3.nl	Eurofiber Cloud Infra B.V. (AS25459)	2
Hetzner Online GmbH	AURA Fiber A/S (AS204274)	2
MICROSOFT-CORP-MSN-AS-BLOCK	Norsk Regnesentral (AS59863)	3
Nexthop AS	mono solutions ApS (AS201595)	8
proisp.no	Eviny Digital AS (AS8542)	3
Cloud DNS Ltd	Scalaxy B.V. (AS58061)	2
Nexthop AS	Loopia AB (AS39570)	1
Monsternett AS	SQUARESPACE (AS53831)	8
easydns.com	Akamai Connected Cloud (AS63949)	1
paradox.no	Blix Solutions AS (AS50304)	1
team.blue Denmark A/S	Itm8 A/S (AS42903)	2
dnsdomene.net	Telenor Norge AS (AS2119)	4
sircon.net	SOFTLAYER (AS36351)	3
hyp.net	Alibaba US Technology Co., Ltd. (AS45102)	1
claranet.de	Claranet Limited (AS8426)	1
webhostingpad.com	ASN-GIGENET (AS32181)	3
GOOGLE	INTERNAP-BLK3 (AS13789)	2
lemarit.de	Host Europe GmbH (AS20773)	1
nilu.no	CLOUDFLARENET (AS13335)	1
Teleservice Bredband Skane AB	CLOUDFLARENET (AS13335)	2
Netnod AB	ODERLAND Webbhotell AB (AS44136)	1
web-solutions.dk	xneelo (AS37153)	1
NetActuate, Inc	Globalconnect As (AS2116)	1
ilya.no	Clouvider Limited (AS62240)	1
fribyte.no	Kunnskapssektorens Tjenesteleverandor (AS224)	2
Telenor Norge AS	OVH SAS (AS16276)	7
rcode0.net	Signet B.V. (AS20857)	3
conova communications GmbH	LINZ STROM GAS WAERME GmbH fuer Energiedienstleistungen und Telekommunikation (AS35369)	7
abedns.net	Loopia AB (AS39570)	1
CLDIN B.V.	atom86 BV (AS8455)	1
Neas Energi Telekom Rorosregionen As	CLOUDFLARENET (AS13335)	3
scania.com	One.com A/S (AS51468)	1
ipcom GmbH	Cloudflare London, LLC (AS209242)	7
glbns.com	Hetzner Online GmbH (AS24940)	1
dnsdomene.net	One.com A/S (AS51468)	9
GANDI SAS	DIGITALOCEAN-ASN (AS14061)	2
cloud9.pl	Netia SA (AS12741)	4
hyp.net	Alojalia Cloud S.l. (AS205697)	2
BB-Online UK Ltd	Cloudflare London, LLC (AS209242)	1
webb.net	CLOUDFLARENET (AS13335)	2
colo.lv	SIA Maklaut (AS199103)	1
hyp.net	Previder B.V. (AS20847)	1
one.com	EPAG Domainservices GmbH (AS12915)	1
sparebank1.no	Tietoevry Norway As (AS5619)	1
GOOGLE-CLOUD-PLATFORM	FIBIA P/S (AS44869)	4
FACEBOOK	FACEBOOK (AS32934)	3
sircon.net	MICROSOFT-CORP-MSN-AS-BLOCK (AS8075)	6
gorenje.si	Tele2 SWIPnet (AS1257)	1
introweb.nl	Neue Medien Muennich GmbH (AS34788)	1
Webhuset AS	Web1 Oy (AS207003)	4
vitnett.no	Globalconnect As (AS2116)	1
markmonitor.com	DXC Technology Danmark A/S (AS29156)	2
adacor.net	Adacor Hosting GmbH (AS42442)	1
Webhuset AS	UK Dedicated Servers Limited (AS42831)	1
veniceplaza.net	AMAZON-02 (AS16509)	1
proisp.no	GleSYS AB (AS42708)	2
NSONE	Mercedes-Benz Group AG (AS31399)	1
hyp.net	DIGITAL SNAP (AS150055)	2
Anverino Software SRL	Telia Norge AS (AS41164)	1
eukdns.com	Node4 Limited (AS31727)	3
MICROSOFT-CORP-MSN-AS-BLOCK	Braathe AS (AS21119)	2
fupp.net	GANDI SAS (AS203476)	1
innit.network	mono solutions ApS (AS201595)	2
osn.de	OSN Online Service Nuernberg GmbH (AS8859)	1
AMAZON-02	Micron21 Datacentre Pty Ltd (AS38880)	1
Blix Solutions AS	GlobalConnect AB (AS12552)	1
efficient.it	Pixel X e.K. (AS60380)	1
hyp.net	HURRICANE (AS6939)	4
nameshield.net	IT PAYS AS (AS50562)	1
teknograd.no	Telia Norge AS (AS25400)	1
Tietoevry Norway As	OVH SAS (AS16276)	5
Webhuset AS	Monsternett AS (AS201577)	3
dep.no	Globalconnect As (AS2116)	2
marketdatasystems.net	IG Index Ltd. (AS30931)	1
hyp.net	Iteam 10 As (AS202128)	17
nisecasp.no	AMAZON-02 (AS16509)	2
Safety Computing AS	Vitec Software Group AB (AS197332)	1
Monsternett AS	Blix Solutions AS (AS50304)	3
Lyse Tele	Hetzner Online GmbH (AS24940)	2
tubes-international.com	Tubes International Sp. z.o.o. (AS197966)	1
ringcom.no	Globalconnect As (AS2116)	1
Knipp Medien und Kommunikation GmbH	Knipp Medien und Kommunikation GmbH (AS8391)	4
osnode.com	Hetzner Online GmbH (AS24940)	2
proisp.no	GANDI SAS (AS203476)	1
ipcom GmbH	Webhuset AS (AS39783)	5
evolutionet.hu	RendszerNET Kft. (AS60071)	4
iplace.se	Wix.com Ltd. (AS58182)	1
ailair.fr	OVH SAS (AS16276)	3
jra.se	Telia Company AB (AS3301)	2
sac-it.dk	Mittwald CM Service GmbH & Co. KG (AS15817)	1
DIGITALOCEAN-ASN	RENDER (AS397273)	1
dnsdomene.net	RMH-14 (AS33070)	1
Webhuset AS	Loopia AB (AS39570)	2
hyp.net	Radware Ltd (AS48851)	1
DIGICERT	Hostek AB (AS61207)	1
Safenames Ltd.	CSC Administrative Services Limited (AS34922)	2
Host Europe GmbH	Medela AG (AS51760)	1
NUCDN	Liden Data Internetwork AB (AS13189)	1
as2116.net	Asergo Holding ApS (AS30736)	1
basefarm.net	Arribatec Cloud AS (AS205976)	4
CLOUDFLARENET	Alibaba US Technology Co., Ltd. (AS45102)	1
HURRICANE	Studentersamfundet i Trondhjem (AS58302)	2
interhost.no	Akamai Connected Cloud (AS63949)	3
hyp.net	ICDSoft Ltd. (AS8739)	1
Nexthop AS	Eidsiva Bredband AS (AS29492)	1
Tietoevry Norway As	NextGenTel AS (AS15659)	2
AMAZON-02	Server Plan S.r.l. (AS52030)	1
transdata.no	Transdata AS (AS29479)	1
axc.nl	CLDIN B.V. (AS48635)	1
whmpanels.com	ROMARG SRL (AS205275)	1
tikt.no	AUTOMATTIC (AS2635)	1
Telia Company AB	Telia Cygate Oy (AS29422)	2
Akamai Connected Cloud	Loopia AB (AS39570)	2
Akamai International B.V.	Nets Denmark A/S (AS41741)	1
NSONE	Optimizely AB (AS30811)	1
innit.network	MICROSOFT-CORP-MSN-AS-BLOCK (AS8075)	3
Akamai Connected Cloud	DIGITALOCEAN-ASN (AS14061)	11
itsjefen.no	MICROSOFT-CORP-MSN-AS-BLOCK (AS8075)	1
CLOUDFLARENET	IONOS SE (AS8560)	5
philips.com	AMAZON-02 (AS16509)	4
Blix Solutions AS	GOOGLE-CLOUD-PLATFORM (AS396982)	1
Braathe AS	Blix Solutions AS (AS50304)	5
Safenames Ltd.	Globalconnect As (AS2116)	1
Telenor Norge AS	Tele2 SWIPnet (AS1257)	1
oslo.no	Netpower IT Solutions AS (AS48680)	1
APX Integration SASU	ODERLAND Webbhotell AB (AS44136)	1
online4u.no	NAMECHEAP-NET (AS22612)	1
blueboard.cz	AMAZON-02 (AS16509)	1
ANEXIA Internetdienstleistungs GmbH	OVH SAS (AS16276)	8
dnsdomene.net	Domeneshop AS (AS12996)	4
posteo-dns.de	INTERNET AG Global Network (AS8495)	1
fresenius.de	Fresenius SE & Co. KGaA (AS15644)	1
ACTIVE 24, s.r.o.	GOOGLE-CLOUD-PLATFORM (AS396982)	1
cyberfolks.ro	Cyber_Folks SRL (AS44043)	2
ANEXIA Internetdienstleistungs GmbH	Mittwald CM Service GmbH & Co. KG (AS15817)	3
UNIFIEDLAYER-AS-1	UNIFIEDLAYER-AS-1 (AS46606)	7
SECURITYSERVICES	Hostek AB (AS61207)	1
thednscompany.com	LeaseWeb Netherlands B.V. (AS60781)	2
CLOUDFLARENET	TDC Holding A/S (AS3292)	3
euronic.fi	Hetzner Online GmbH (AS24940)	2
dn-s.nl	Previder B.V. (AS20847)	1
ANEXIA Internetdienstleistungs GmbH	Loopia AB (AS39570)	4
DIGICERT	A2HOSTING (AS55293)	5
Akamai Connected Cloud	ORACLE-BMC-31898 (AS31898)	1
bigrig.org	AMAZON-AES (AS14618)	1
Telenor Norge AS	Sopra Steria As (AS206897)	5
netpower.no	Eviny Digital AS (AS8542)	2
webserwer.pl	COIG S.A (AS28978)	1
iptwins.com	LeaseWeb Netherlands B.V. (AS60781)	1
1und1.de	weber.digital GmbH (AS35710)	1
Blix Solutions AS	FASTLY (AS54113)	2
kokstad-data.no	Eviny Digital AS (AS8542)	1
ipcom GmbH	Rackspace Ltd. (AS15395)	1
ormag.net	Seflow s.r.l. (AS49367)	1
dn-s.nl	CLOUDFLARENET (AS13335)	3
interlan.se	Optimizely AB (AS30811)	1
bticino.it	Artefact SARL (AS42929)	1
ports.se	Rackspace Ltd. (AS15395)	1
one.com	VEV Romerike AS (AS43568)	6
NUCDN	Host Europe GmbH (AS20773)	1
NUCDN	Internet Vikings International AB (AS51747)	1
nisecasp.no	DIGITALOCEAN-ASN (AS14061)	2
routing.net	MICROSOFT-CORP-MSN-AS-BLOCK (AS8075)	1
GleSYS AB	Internet Vikings International AB (AS203610)	1
Norsk Helsenett SF	MICROSOFT-CORP-MSN-AS-BLOCK (AS8075)	2
Advania Norge As	Tele2 SWIPnet (AS1257)	1
one.com	IS-AS-1 (AS19318)	1
sier.online	Signet B.V. (AS20857)	1
DIGICERT	Eurofiber Cloud Infra B.V. (AS205185)	1
Mark Weber Andersen	Mark Weber Andersen (AS209959)	2
ddns.no	WHG Hosting Services Ltd (AS209341)	1
hyp.net	STEADFAST (AS32748)	1
NUCDN	Advania Norge As (AS31264)	3
SECURITYSERVICES	BAYER-ARCH (AS23167)	2
ANEXIA Internetdienstleistungs GmbH	Telia Company AB (AS3301)	2
infomaniak.com	Infomaniak Network SA (AS29222)	2
itpays.net	CLOUDFLARENET (AS13335)	18
iplace.se	DIGITALOCEAN-ASN (AS14061)	1
ciberserver.com	Servicos De Comunicacoes E Multimedia S.A. (AS15525)	1
IP Group AS	Orange Business Digital Norway As (AS25148)	3
webempresa.eu	Combell NV (AS34762)	2
gojohnnie.net	Hetzner Online GmbH (AS24940)	1
badoo.com	Greysom Limited (AS12678)	1
one.com	Serverius Holding B.V. (AS50673)	3
norskhosting.net	CLOUDFLARENET (AS13335)	3
hyp.net	Inventum Ost AS (AS205851)	2
inmotionhosting.com	Redcentric Solutions Ltd (AS31463)	1
vhosting.no	MICROSOFT-CORP-MSN-AS-BLOCK (AS8075)	4
MICROSOFT-CORP-MSN-AS-BLOCK	NTT Global Data Centers EMEA UK Ltd. (AS29017)	1
SECURITYSERVICES	GleSYS AB (AS42708)	6
webglobe.cz	Webglobe, s.r.o. (AS29134)	2
sircon.net	Lyse Tele (AS29695)	2
webb.net	SQUARESPACE (AS53831)	1
one.com	Telemach Slovenija d.o.o. (AS41828)	1
one.com	GlobalConnect AB (AS51815)	1
hyp.net	GRIDFURY-AS (AS40630)	1
Lyse Tele	WEBINT (AS11989)	1
interhost.no	Lyse Tele (AS29695)	1
Lyse Tele	Telenor Norge AS (AS2119)	3
tmolberg.net	Lyse Tele (AS29695)	3
ANEXIA Internetdienstleistungs GmbH	FASTLY (AS54113)	1
rasnet.hu	Globalconnect As (AS2116)	1
firmanett.no	AMAZON-02 (AS16509)	3
one.com	InfraCom Managed Services AB (AS29468)	8
ports.se	Fouredge AB (AS48220)	1
mediaconnect.dk	TDC Holding A/S (AS3292)	1
hyp.net	firstcolo GmbH (AS44066)	2
Norsk Helsenett SF	Domeneshop AS (AS12996)	2
netbox.no	HWSERVICES-32400 (AS32400)	1
co.uk	Des Capital B.V. (AS213035)	2
bergendataskole.no	NextGenTel AS (AS15659)	2
ns53.be	AMAZON-02 (AS16509)	2
one.com	AZDIGI Corporation (AS63760)	1
hyp.net	FIBERSTATE (AS26042)	1
Elisa Oyj	SQUARESPACE (AS53831)	1
MICROSOFT-CORP-MSN-AS-BLOCK	Webdock.io ApS (AS44803)	1
qwest.net	CENTURYLINK-US-LEGACY-QWEST (AS209)	3
CLOUDFLARENET	Cizgi Telekomunikasyon Anonim Sirketi (AS34619)	1
iplace.se	Webhuset AS (AS39783)	3
Webhuset AS	Redpill Linpro AS (AS39029)	3
balt.net	UAB Baltnetos komunikacijos (AS15440)	1
one.com	Liquid Web B.V. (AS201682)	1
markmonitor.zone	FASTLY (AS54113)	2
hyp.net	IWEB-AS (AS32613)	2
nominalia.com	MICROSOFT-CORP-MSN-AS-BLOCK (AS8075)	1
Webhuset AS	DREAMHOST-AS (AS26347)	1
NUCDN	Combell NV (AS34762)	3
Akamai International B.V.	Rackspace Ltd. (AS15395)	2
xonet.fi	Cloud City Oy (AS202509)	1
hpe.com	HPINC (AS2165)	9
acens.net	acens Technologies, S.L. (AS16371)	1
netbox.no	One.com A/S (AS51468)	2
team.blue Denmark A/S	PerfGrid (AS59795)	5
loopia.se	AUTOMATTIC (AS2635)	2
loopia.se	Iver Norge As (AS57829)	8
liveboxserver.uk	Awareness Software Limited (AS34931)	1
ns14.net	Telekom Deutschland GmbH (AS48951)	1
hyp.net	Modirum Mdpay Ou (AS62248)	5
lemarit.de	net.de AG (AS15743)	1
VITAL-DNS	AMAZON-02 (AS16509)	1
DIGITALOCEAN-ASN	M247 Europe SRL (AS9009)	1
iplace.se	Braathe AS (AS21119)	1
MICROSOFT-CORP-MSN-AS-BLOCK	M-net Telekommunikations GmbH (AS8767)	1
BUNNYWAY, informacijske storitve d.o.o.	Datacamp Limited (AS212238)	4
NUCDN	PerfGrid (AS59795)	1
proisp.no	InfraCom Managed Services AB (AS29468)	1
123ns.de	MEWA Textil-Service AG & Co. Management OHG (AS200703)	1
oderland.com	GleSYS AB (AS42708)	3
sac-it.dk	Domeneshop AS (AS12996)	1
icedc.no	Bredbandsfylket AS (AS61006)	1
VEV Romerike AS	Telenor Norge AS (AS2119)	1
norut.no	Akamai Connected Cloud (AS63949)	1
NUCDN	UAB Baltnetos komunikacijos (AS15440)	1
helsenord.no	AMAZON-02 (AS16509)	1
managed-ip.com	PlusServer GmbH (AS61157)	2
ns14.net	COLT Technology Services Group Limited (AS8220)	1
oderland.com	Telia Cygate AB (AS197308)	1
GOOGLE-CLOUD-PLATFORM	LeaseWeb Netherlands B.V. (AS60781)	1
dnsimple.com	SiteVision AB (AS41174)	1
Monsternett AS	COLOGIX (AS8001)	1
CLOUDFLARENET	IP Group AS (AS16186)	5
home.pl	Wix.com Ltd. (AS58182)	1
Kunnskapssektorens Tjenesteleverandor	GlobalConnect AB (AS12552)	1
123onweb.no	One.com A/S (AS51468)	1
hyp.net	Telia Lietuva, AB (AS8764)	2
hyp.net	Nefos IT bv (AS202591)	1
coop.ch	Hetzner Online GmbH (AS24940)	1
ipcom GmbH	Internet Vikings International AB (AS51913)	2
itpays.no	IT PAYS AS (AS50562)	1
Eviny Digital AS	Free SAS (AS12322)	1
dnns.no	Nexthop AS (AS49788)	4
Telenor Norge AS	Hardanger Breiband AS (AS216374)	3
loopia.se	Telenor Sverige AB (AS33885)	1
AMAZON-02	Telia Norge AS (AS12929)	2
as2116.net	Orange Business Digital Norway As (AS25148)	2
netbox.no	Tarhely.Eu Szolgaltato Kft. (AS43359)	1
netim.net	Iver Norge As (AS57829)	1
InterNetX GmbH	Tele2 SWIPnet (AS1257)	2
nordkapp.net	DIGITALOCEAN-ASN (AS14061)	5
hyp.net	NEXCESS-NET (AS36444)	7
GOOGLE	AUTOMATTIC (AS2635)	1
hyp.net	IHNET (AS33494)	2
DIGICERT	Eidsiva Bredband AS (AS29492)	1
fedex.com	Hostek AB (AS61207)	1
Seonet Multimedia s.r.o.	Fortion Networks, s.r.o. (AS44984)	1
Telenor Norge AS	ACTIVE 24, s.r.o. (AS25234)	1
SECURITYSERVICES	Nielsen International SA (AS212310)	1
Localhost As	AMAZON-02 (AS16509)	2
Nordnet Bank AB	Nordnet Bank AB (AS24819)	10
moesborg.dk	Hetzner Online GmbH (AS24940)	1
Eidsiva Bredband AS	Emp Secure As (AS28824)	2
lottosport.com	HERABIT S.p.A. (AS29177)	1
hyp.net	Voss Fiber AS (AS210150)	1
isphuset.no	AMAZON-02 (AS16509)	2
proisp.no	Loopia AB (AS39570)	1
team.blue Denmark A/S	JDM A/S (AS49930)	2
Webhuset AS	IP Group AS (AS16186)	1
vitdns.com	Vital Teknoloji Telekomunikasyon Bilgisayar Hizmetleri Ve Sanayi Ticaret Ltd Sirketi (AS44565)	1
CLOUDFLARENET	Increo AS (AS59438)	4
ZONES AS	Nte Telekom As (AS34087)	1
subsys.no	Webhuset AS (AS29486)	2
Karjaan Puhelin Oy	FASTLY (AS54113)	1
UPHEADS AS	Cloudflare London, LLC (AS209242)	10
bechtle.com	Bechtle AG (AS21161)	1
loopia.se	Varnamo Energi AB (AS31642)	1
elkdata.ee	Elkdata OU (AS61189)	3
iplace.se	Cloudflare London, LLC (AS209242)	5
Globalconnect As	Lyse Tele (AS29695)	4
klikkdesign.no	Gigahost AS (AS56655)	2
ilait.se	Kodmyran AB (AS211551)	1
Host Europe GmbH	One.com A/S (AS51468)	2
Tietoevry Norway As	Telenor Norge AS (AS2119)	3
jodoshared.com	APYLI-AS (AS53628)	1
Telia Finland Oyj	Hetzner Online GmbH (AS24940)	2
CLOUDFLARENET	SUCURI-SEC (AS30148)	3
GANDI SAS	SQUARESPACE (AS53831)	2
lovellsnames.org	Yelles AB (AS206170)	1
ica.se	AMAZON-02 (AS16509)	1
CLOUDFLARENET	IDKOM Networks GmbH (AS12931)	1
netpower.no	SQUARESPACE (AS53831)	4
publicisgroupe.com	Emp Secure As (AS28824)	2
nextzone.fi	DNA Oyj (AS16086)	2
irondns.de	AMAZON-02 (AS16509)	1
iplace.se	TEKTONIC-PHL (AS396839)	2
hyp.net	ROGERS-COMMUNICATIONS (AS812)	1
team.blue Denmark A/S	DIGITALOCEAN-ASN (AS14061)	11
danaweb.org	Telia Company AB (AS3308)	4
hostup.se	Domeneshop AS (AS12996)	1
Deutsche Telekom AG	noris network AG (AS12337)	1
proisp.no	UAB Interneto vizija (AS212531)	1
MICROSOFT-CORP-MSN-AS-BLOCK	Enivest AS (AS35132)	1
avnet.com	AVNET-NA (AS14990)	2
BUNNYWAY, informacijske storitve d.o.o.	Webhuset AS (AS39783)	2
Webhuset AS	Host Europe GmbH (AS21501)	1
jimdo.com	CLOUDFLARENET (AS13335)	1
bitbit.net	Rackhosting.com ApS (AS31590)	2
Global Village GmbH	Global Village GmbH (AS13039)	5
Netnod AB	CLOUDFLARENET (AS13335)	8
Akamai International B.V.	Bahnhof AB (AS8473)	2
copyleft.no	Cloudflare London, LLC (AS209242)	1
Hetzner Online GmbH	ODERLAND Webbhotell AB (AS44136)	3
DIGICERT	ServeTheWorld AS (AS34989)	2
Safety Computing AS	Telia Norge AS (AS25400)	1
web-solutions.dk	GOOGLE-CLOUD-PLATFORM (AS396982)	5
hyp.net	WHG Hosting Services Ltd (AS209341)	1
Telia Finland Oyj	Telia Finland Oyj (AS1759)	3
dominiok.it	OVH SAS (AS16276)	1
foyer.lu	POST Luxembourg (AS6661)	1
cernerns.com	CSC (AS19574)	1
dep.no	Tietoevry Norway As (AS13243)	10
linux.pl	Hetzner Online GmbH (AS24940)	2
huset.no	Compic OU (AS39823)	1
as2116.net	conova communications GmbH (AS5404)	1
Advania Norge As	GOOGLE (AS15169)	2
CLOUDFLARENET	Duocast B.V. (AS31477)	1
Kunnskapssektorens Tjenesteleverandor	Telia Norge AS (AS25400)	6
itpays.net	WHG Hosting Services Ltd (AS14670)	1
one.com	HOR.NET Polska Sp.z o.o. (AS34254)	1
momentdigital.fi	GleSYS AB (AS35382)	6
IONOS SE	One.com A/S (AS51468)	1
itl.no	Webhuset AS (AS39783)	1
Host Europe GmbH	Tilda Publishing Ltd. (AS205282)	1
CLOUDFLARENET	Team Internet AG (AS61969)	1
webbia.net	Contabo GmbH (AS51167)	1
creamarketing.com	Hostek AB (AS61207)	1
hyp.net	WEBNX (AS18450)	2
Elisa Oyj	Elisa Oyj (AS719)	1
Eviny Digital AS	Kunnskapssektorens Tjenesteleverandor (AS224)	1
mint.rs	Webglobe, s.r.o. (AS198171)	1
sfs-network.ch	Mittwald CM Service GmbH & Co. KG (AS15817)	1
Karjaan Puhelin Oy	Nte Telekom As (AS34087)	1
zetup.se	DIGITALOCEAN-ASN (AS14061)	2
netclient.no	Webhuset AS (AS29486)	1
AMAZON-02	WHG Hosting Services Ltd (AS14670)	6
Tietoevry Norway As	Optimizely AB (AS30811)	6
vitnett.no	ServeTheWorld AS (AS34989)	1
ports.se	IT PAYS AS (AS50562)	7
hyp.net	Day Telecom Company (ltd.) (AS207655)	1
Cloud DNS Ltd	Lyse Tele (AS29695)	3
powerdns.de	UD Media GmbH (AS199753)	1
nmugroup.com	AMAZON-02 (AS16509)	3
Helse Vest IKT AS	One.com A/S (AS51468)	1
QUIC-CLOUD	Domeneshop AS (AS12996)	2
AMAZON-02	Webhuset AS (AS39783)	3
machineasp.net	Hetzner Online GmbH (AS24940)	1
one.com	SuperHosting.BG Ltd. (AS49699)	4
sparebank1.no	Nexthop AS (AS49788)	1
markmonitor.com	Netpower IT Solutions AS (AS48680)	1
DIGITALOCEAN-ASN	SQUARESPACE (AS53831)	3
Eviny Digital AS	Domeneshop AS (AS12996)	5
AMAZON-02	Societe Francaise Du Radiotelephone - SFR SA (AS15557)	1
langleyholdings.com	Gotalandsnatet AB (AS12597)	1
Nexthop AS	Blix Solutions AS (AS50304)	2
dcsix.net	kyberio GmbH (AS24679)	1
DIGITALOCEAN-ASN	Lyse Tele (AS29695)	1
halden.net	AMAZON-02 (AS16509)	3
CLOUDFLARENET	Iver Sverige AB (AS49419)	1
Gigahost AS	Telia Norge AS (AS12929)	2
hyp.net	DACEN-2 (AS31863)	2
webio.no	Previder B.V. (AS20847)	1
ballou.se	Scandinavian Hosting AB (AS215783)	1
shockmedia.nl	Previder B.V. (AS20847)	2
Hetzner Online GmbH	FASTLY (AS54113)	8
hyp.net	HostUS (AS7489)	1
CLOUDFLARENET	CoreIT AB (AS209041)	2
CLOUDFLARENET	Neas Energi Telekom Rorosregionen As (AS48863)	2
MICROSOFT-CORP-MSN-AS-BLOCK	InfraCom Managed Services AB (AS29468)	3
folesvaert.no	Nte Telekom As (AS34087)	3
Nexthop AS	One.com A/S (AS51468)	3
fupp.net	Kunnskapssektorens Tjenesteleverandor (AS224)	7
DIGICERT	COGECO-PEER1 (AS13768)	1
dns.services	DIGITALOCEAN-ASN (AS14061)	1
ZONES AS	AMAZON-AES (AS14618)	1
loopia.se	Enflow B.V. (AS209626)	2
Telia Finland Oyj	GleSYS AB (AS42708)	1
markmonitor.com	OVH SAS (AS16276)	3
Host Europe GmbH	Telenor Norge AS (AS2119)	5
Safety Computing AS	Netpower IT Solutions AS (AS48680)	2
Nte Telekom As	OVH SAS (AS16276)	2
Telia Norge AS	Braathe AS (AS21119)	1
Netsite A/S	Itm8 A/S (AS42903)	1
sallyann.no	Internet Vikings International AB (AS203295)	1
mtech.fi	Mediam Oy (AS39324)	1
jimdo.com	AMAZON-02 (AS16509)	3
IP Group AS	GOOGLE-CLOUD-PLATFORM (AS396982)	2
cmswe.net	InfraCom Managed Services AB (AS29468)	2
Lyse Tele	No ACK Group Holding AB (AS30893)	1
CLOUDFLARENET	Telefiber AS (AS31726)	1
Helse Vest IKT AS	Optimizely AB (AS30811)	7
CLOUDFLARENET	Vodafone Czech Republic a.s. (AS16019)	1
Braathe AS	Synotio AB (AS203605)	1
vlfk.no	Optimizely AB (AS30811)	1
Kunnskapssektorens Tjenesteleverandor	Increo AS (AS59438)	1
big-gruppen.com	Telia Company AB (AS3301)	1
netbox.no	Telia Norge AS (AS41164)	1
zcom.it	Retelit Digital Services S.p.A. (AS20811)	1
Akamai International B.V.	Telia Norge AS (AS25400)	2
loopia.se	WebSupport s.r.o. (AS51013)	1
hyp.net	RACKSPACE (AS19994)	14
copyleft.no	MICROSOFT-CORP-MSN-AS-BLOCK (AS8075)	3
MICROSOFT-CORP-MSN-AS-BLOCK	ACTIVE 24, s.r.o. (AS25234)	5
amberg.ch	Mittwald CM Service GmbH & Co. KG (AS15817)	1
pin.se	MICROSOFT-CORP-MSN-AS-BLOCK (AS8075)	1
Xylem Water Solutions Global Services Ab	Xylem Water Solutions Global Services Ab (AS60269)	2
ITsjefen AS	Kunnskapssektorens Tjenesteleverandor (AS224)	1
vhosting.no	AUTOMATTIC (AS2635)	1
serverspace.io	Aktsiaselts WaveCom (AS34702)	1
faktum.co	GOOGLE-CLOUD-PLATFORM (AS396982)	2
interlan.se	Nordlo Sodra Norrland AB (AS43065)	3
hyp.net	APYLI-AS (AS53628)	1
co.uk	SECURITYSERVICES (AS12008)	1
NetActuate, Inc	Radware Ltd (AS198949)	3
co.uk	Infopact Netwerkdiensten B.V. (AS21221)	1
Nexthop AS	team.blue Denmark A/S (AS48854)	2
hyp.net	Advania Norge As (AS197519)	3
CLOUDFLARENET	Arion Banki hf (AS39472)	1
ports.se	Internet Vikings International AB (AS203240)	4
Nexthop AS	Tele2 SWIPnet (AS1257)	1
nameunit.com	SQUARESPACE (AS53831)	1
ipcom GmbH	BT Italia S.p.A. (AS3313)	1
GANDI SAS	Rackspace Ltd. (AS15395)	3
hyp.net	Nexthop AS (AS60130)	7
AVUR AS	Tussa Ikt As (AS203424)	1
ESTRUXTURE-ON-19122	One.com A/S (AS51468)	1
proisp.no	Advania Norge As (AS31264)	2
loopia.se	team.blue Denmark A/S (AS48854)	5
CLOUDFLARENET	Kunnskapssektorens Tjenesteleverandor (AS224)	6
bahnhof.net	Bahnhof AB (AS8473)	1
GOOGLE	Rackspace Ltd. (AS15395)	1
communique.se	Blix Solutions AS (AS50304)	2
ezit.hu	RendszerNET Kft. (AS60071)	1
SECURITYSERVICES	Nexthop AS (AS49788)	11
proisp.no	VEV Romerike AS (AS43568)	2
hyp.net	Liquid Web B.V. (AS201682)	5
nethely.hu	Rackforest Zrt. (AS62214)	1
one.com	THEROCKETSCIENCEGROUP (AS14782)	3
AMAZON-02	VS-MEDIA-IPV4 (AS395412)	1
proisp.no	AUTOMATTIC (AS2635)	4
hostgator.mx	NETWORK-SOLUTIONS-HOSTING (AS19871)	1
nettvplus.com	Telemach Slovenija d.o.o. (AS3212)	1
Host Europe GmbH	Bitpro (AS44764)	1
interlan.nu	Binero AB (AS35041)	1
hyp.net	Nasjonal Sikkerhetsmyndighet (AS47405)	8
hyp.net	SWITCH-LTD (AS23005)	2
sigmanet.lv	Institute of Mathematics and Computer Science of University of Latvia (AS5538)	2
copyleft.no	ServeTheWorld AS (AS34989)	1
ports.se	AS-VULTR (AS20473)	3
one.com	Nexthop AS (AS60130)	1
one.com	Viken Fiber AS (AS62225)	3
Monsternett AS	Cloudflare London, LLC (AS209242)	4
hyp.net	GOOGLE-2 (AS19527)	15
flodin.no	AUTOMATTIC (AS2635)	1
web-solutions.dk	Hetzner Online GmbH (AS24940)	3
dnsnet.no	Domeneshop AS (AS12996)	1
markmonitor.com	Optimizely AB (AS30811)	5
dnsdomene.net	Eviny Digital AS (AS8542)	1
hostex.lt	Telia Lietuva, AB (AS43811)	1
NUCDN	Tafjord Connect AS (AS15765)	1
loopia.se	Nasdaq Technology AB (AS16115)	1
dnsdomene.net	MasterDC s.r.o. (AS24971)	1
Statens Vegvesen	SQUARESPACE (AS53831)	1
HURRICANE	Lyse Tele (AS29695)	1
one.com	RHW Eiendom AS (AS198368)	3
team.blue Denmark A/S	IMC AS (AS35754)	1
speedkom.net	IDKOM Networks GmbH (AS12931)	1
dnsdomene.net	Emp Secure As (AS28824)	9
ports.se	Akamai International B.V. (AS20940)	2
fekahost.nl	Fundaments B.V. (AS20559)	1
Braathe AS	Akamai Connected Cloud (AS63949)	4
CLOUDFLARENET	VAS Latvijas Valsts radio un televizijas centrs (AS8194)	1
AMAZON-02	Equinix (EMEA) Acquisition Enterprises B.V. (AS15830)	3
Nte Telekom As	Lyse Tele (AS29695)	3
latitud.net	Telia Company AB (AS3301)	2
itpays.net	Hostinger International Limited (AS47583)	4
team.blue Denmark A/S	Nessus GmbH (AS47692)	1
ports.se	team.blue Denmark A/S (AS48854)	7
norskk.no	Hetzner Online GmbH (AS24940)	1
ticketmaster.com	ATT-INTERNET4 (AS7018)	1
team.blue Denmark A/S	Contabo GmbH (AS51167)	3
hyp.net	Sentia Denmark A/S (AS47292)	8
tmc95.com	Aruba S.p.A. (AS31034)	1
loopia.se	Obenet AB (AS3399)	2
IP Group AS	AS-COLOCROSSING (AS36352)	1
MICROSOFT-CORP-MSN-AS-BLOCK	Netpower IT Solutions AS (AS48680)	1
proffh20.com	LeaseWeb Netherlands B.V. (AS60781)	4
swiboda.com	Blix Solutions AS (AS50304)	2
itergo.net	MICROSOFT-CORP-MSN-AS-BLOCK (AS8075)	1
MICROSOFT-CORP-MSN-AS-BLOCK	Leaseweb Deutschland GmbH (AS28753)	1
omega.no	MICROSOFT-CORP-MSN-AS-BLOCK (AS8075)	1
Strato GmbH	Webhuset AS (AS39783)	1
net.pl	IQ PL Sp. z o.o. (AS47544)	2
ZONES AS	OVH SAS (AS16276)	1
SECURITYSERVICES	GANDI SAS (AS203476)	1
co.uk	Cloudbear B.V. (AS57758)	1
DIGICERT	Jonkoping Energi AB (AS34946)	2
abhost.pl	Hetzner Online GmbH (AS24940)	1
ESTRUXTURE-ON-19122	Webhuset AS (AS39783)	1
monslop.net	Telefiber AS (AS31726)	1
swiboda.com	Telia Norge AS (AS25400)	1
Webhuset AS	Belcloud LTD (AS44901)	2
centoba.cloud	Hetzner Online GmbH (AS24940)	4
Nexthop AS	CLOUDFLARENET (AS13335)	7
hyp.net	Eidsiva Energi AS (AS199672)	1
hyp.net	ARISK-COMMUNICATIONS-INC (AS395793)	7
markmonitor.com	Strato GmbH (AS6724)	1
hjelseth.com	Globalconnect As (AS8896)	5
Norsk Helsenett SF	One.com A/S (AS51468)	2
GANDI SAS	Blix Solutions AS (AS50304)	3
cewedigital.de	CEWE Stiftung & Co. KGaA (AS49494)	2
credit-agricole.fr	MICROSOFT-CORP-MSN-AS-BLOCK (AS8075)	3
Safenames Ltd.	Cloudflare London, LLC (AS209242)	2
ANEXIA Internetdienstleistungs GmbH	UUNET (AS702)	1
nordkapp.net	Domeneshop AS (AS12996)	3
one.com	acens Technologies, S.L. (AS16371)	1
nisecasp.no	AS-VULTR (AS20473)	1
ORACLE-BMC-31898	DIGITALOCEAN-ASN (AS14061)	1
Neas Energi Telekom Rorosregionen As	DIGITALOCEAN-ASN (AS14061)	7
dnsdomene.net	GOOGLE (AS15169)	5
accenture.com	MICROSOFT-CORP-MSN-AS-BLOCK (AS8075)	1
bitbit.net	Kunnskapssektorens Tjenesteleverandor (AS224)	1
as210152.net	SpanningNetworks AS (AS212514)	1
CLOUDFLARENET	Tactica ehf (AS206842)	1
smarthosting.no	GOOGLE (AS15169)	1
Telenor Norge AS	INCAPSULA (AS19551)	3
one.com	UpCloud Ltd (AS202053)	5
2mnordic.com	GlobalConnect AB (AS12552)	1
swiboda.com	MICROSOFT-CORP-MSN-AS-BLOCK (AS8075)	1
prodomaines.com	CLOUDFLARENET (AS13335)	1
CLOUDFLARENET	SAKURA Internet Inc. (AS9370)	1
hyp.net	one4vision GmbH (AS9067)	1
dnsdomene.net	Redcentric Solutions Ltd (AS31463)	2
Sentia Denmark A/S	Akamai Connected Cloud (AS63949)	1
GANDI SAS	GANDI SAS (AS203476)	2
as2116.net	team.blue Denmark A/S (AS48854)	4
superhosting.cz	SH.cz s.r.o. (AS39392)	2
vlfk.no	Globalconnect As (AS8896)	1
Kunnskapssektorens Tjenesteleverandor	FASTLY (AS54113)	2
vitnett.no	internett GmbH (AS29510)	1
hyp.net	Naukowa I Akademicka Siec Komputerowa - Panstwowy Instytut Badawczy (AS8308)	2
Anverino Software SRL	Emp Secure As (AS28824)	1
cloud86.nl	Duocast B.V. (AS31477)	5
hostingww.com	Domeneshop AS (AS12996)	1
hyp.net	Herman IT Oy (AS60970)	1
terki.no	Bitpro (AS44764)	1
ns14.net	DIGITALOCEAN-ASN (AS14061)	1
CLOUDFLARENET	Tarhely.Eu Szolgaltato Kft. (AS43359)	1
DIGICERT	AS-VULTR (AS20473)	6
bedsys.net	Cloudflare London, LLC (AS209242)	1
subsys.no	GOOGLE (AS15169)	3
onevoice.no	F24 Nordics As (AS58005)	8
stableserver.net	ASN-DIS (AS393398)	1
MICROSOFT-CORP-MSN-AS-BLOCK	Datacamp Limited (AS60068)	1
one.com	Atea AS (AS41729)	1
pcsupport.no	Tussa Ikt As (AS203424)	1
GOOGLE	Loopia AB (AS41528)	1
one.com	Atea A/S (AS21060)	1
kommune.no	Telia Norge AS (AS25400)	6
Webhuset AS	Keyweb AG (AS31103)	2
IONOS SE	Neue Medien Muennich GmbH (AS34788)	1
hyp.net	Beyond.pl sp. z o.o. (AS31229)	3
hyp.net	GTT Communications Inc. (AS3257)	3
CLOUDFLARENET	SIA Tet (AS12578)	2
opportunity.de	Hetzner Online GmbH (AS24940)	1
yum.pl	Hetzner Online GmbH (AS24940)	3
ServeTheWorld AS	Nexthop AS (AS49788)	4
hyp.net	Norsk Helsenett SF (AS56828)	6
ipcom GmbH	Vitec Software Group AB (AS197332)	1
CLOUDFLARENET	HWSERVICES-32400 (AS32400)	2
Trollfjord Bredband AS	ServeTheWorld AS (AS34989)	1
Nexthop AS	Telia Norge AS (AS41164)	1
SECURITYSERVICES	Emp Secure As (AS28824)	4
Host Europe GmbH	Iver Norge As (AS49409)	1
proisp.no	HOSTHATCH (AS63473)	3
SECURITYSERVICES	COLT Technology Services Group Limited (AS8220)	1
one.com	Advania Sverige AB (AS25146)	2
Yelles AB	INMOTION (AS22611)	1
NUCDN	UUNET (AS702)	1
altidata.net	Nte Telekom As (AS34087)	1
bedsys.no	Emp Secure As (AS28824)	1
loopia.se	Yelles AB (AS206170)	3
SECURITYSERVICES	Tele2 SWIPnet (AS1257)	2
ascio.com	Sota Solutions Ltd. (AS31742)	2
Statens Vegvesen	Optimizely AB (AS30811)	2
ports.se	A2HOSTING (AS55293)	2
one.com	Skyware Sp. z o.o. (AS42673)	1
siteground.biz	Zen Internet Ltd (AS13037)	1
markmonitor.com	Host Europe GmbH (AS21499)	1
ipcom GmbH	Deutsche Telekom AG (AS3320)	4
mijn.host	ServeTheWorld AS (AS34989)	1
nettitieto.fi	NettiTieto Oy (AS61177)	1
Hetzner Online GmbH	Voxility LLP (AS3223)	5
hyp.net	UPCLOUDUSA (AS25697)	1
sircon.net	Redcentric Solutions Ltd (AS31463)	1
dnsdomene.net	LeaseWeb Netherlands B.V. (AS60781)	3
O2switch SAS	O2switch SAS (AS50474)	4
desec.io	Netia SA (AS12741)	1
e-data.lt	Torena, II (AS47341)	1
ServeTheWorld AS	WEBHOSTINGHOLDINGS (AS965)	2
xj.no	NextGenTel AS (AS15659)	14
MICROSOFT-CORP-MSN-AS-BLOCK	GlobalConnect A/S (AS31027)	3
Safety Computing AS	DIGITALOCEAN-ASN (AS14061)	4
CLOUDFLARENET	SPEEDFI (AS399226)	2
hyp.net	JWE S.a r.l. (AS34655)	1
Telenor Norge AS	Diagonal Forlags AB (AS43096)	1
one.com	ROMARG SRL (AS205275)	1
ns247.net	M247 Europe SRL (AS9009)	1
dnsdomene.net	Kunnskapssektorens Tjenesteleverandor (AS224)	2
Netsite A/S	CLOUDFLARENET (AS13335)	3
one.com	Wildcard UK Limited (AS34119)	4
subsys.no	A2HOSTING (AS55293)	1
byethost21.org	Wildcard UK Limited (AS34119)	2
SECURITYSERVICES	Intility AS (AS49586)	4
zumedns.com	TIER-NET (AS397423)	2
Advania Norge As	SQUARESPACE (AS53831)	4
tropiki.no	ServeTheWorld AS (AS34989)	1
CLDIN B.V.	Signet B.V. (AS20857)	1
nordkapp.net	Webhuset AS (AS29486)	1
des.dev	Hetzner Online GmbH (AS24940)	2
Tietoevry Norway As	Braathe AS (AS21119)	1
Webhuset AS	velia.net Internetdienste GmbH (AS29066)	2
team.blue Denmark A/S	One.com A/S (AS51468)	2
Telenor Norge AS	Netic A/S (AS42697)	2
subsys.no	Redpill Linpro AS (AS39029)	1
buddyns.com	Globalconnect As (AS2116)	2
online4u.no	Telia Norge AS (AS25400)	3
ports.se	Sentia Denmark A/S (AS47292)	2
AMAZON-02	GlobalConnect AB (AS12552)	1
ANEXIA Internetdienstleistungs GmbH	Telia Company AB (AS3308)	1
Zone Media OU	AMAZON-02 (AS16509)	3
getgo.com	AMAZON-AES (AS14618)	3
itpays.net	Webhuset AS (AS29486)	2
hyp.net	ZC38-AS1 (AS13354)	1
SECURITYSERVICES	Orange Business Digital Sweden AB (AS8523)	1
CLOUDFLARENET	SINGLEHOP-LLC (AS32475)	4
Telenor Norge AS	Netpower IT Solutions AS (AS48680)	2
vlfk.no	Increo AS (AS59438)	1
CLOUDFLARENET	Hostek AB (AS29024)	1
IONOS SE	Host Europe GmbH (AS8972)	1
hyp.net	SERVERCENTRAL (AS23352)	3
hyp.net	SH.cz s.r.o. (AS39392)	1
Webhuset AS	The Infrastructure Group B.V. (AS60404)	1
Hetzner Online GmbH	WEDOS Internet, a.s. (AS197019)	1
Akamai Connected Cloud	HOSTWINDS (AS54290)	2
Telia Norge AS	GOOGLE (AS15169)	2
mimer.no	Akamai Connected Cloud (AS63949)	1
IOFLOOD	ASNET (AS26383)	2
Tietoevry Norway As	Iver Norge As (AS57829)	1
arahoster.net	20i Limited (AS48254)	1
hyp.net	Pe Slaen Sygard (AS44511)	2
NUCDN	IT PAYS AS (AS50562)	1
phase8.net	MICROSOFT-CORP-MSN-AS-BLOCK (AS8075)	1
ipcom GmbH	home.pl S.A. (AS12824)	1
hyp.net	Atea AS (AS41729)	5
SECURITYSERVICES	OVH SAS (AS16276)	5
skynet.lv	PRO-9 SIA (AS50731)	1
estpak.ee	DIGITALOCEAN-ASN (AS14061)	1
itocservices.net	XEROX-WB (AS22390)	1
Braathe AS	Optimizely AB (AS30811)	2
AMAZON-02	Jakobstadsnejdens Telefon Ab (AS24751)	1
arcade.ch	Datacenter Luxembourg S.A. (AS24611)	1
itsjefen.no	AMAZON-AES (AS14618)	1
Advania Norge As	Embriq AS (AS199791)	11
NUCDN	Cloud Factory A/S (AS208310)	1
Neas Energi Telekom Rorosregionen As	Foreach AS (AS214761)	2
dnsdrift.net	TelemaxX Telekommunikation GmbH (AS12843)	1
com.au	Dreamscape Networks Limited (AS38719)	1
porsche.asia	AMAZON-02 (AS16509)	1
UPHEADS AS	Nexthop AS (AS60717)	2
iai-system.com	Beyond.pl sp. z o.o. (AS31229)	2
Monsternett AS	AMAZON-02 (AS16509)	8
internex.at	Hetzner Online GmbH (AS24940)	1
loopia.se	Telia Norge AS (AS41164)	4
Tietoevry Norway As	Blix Solutions AS (AS50304)	2
CLOUDFLARENET	KEYYO SA (AS13193)	1
bedsys.no	Hostinger International Limited (AS47583)	2
Webhuset AS	Mittwald CM Service GmbH & Co. KG (AS15817)	1
NUCDN	Telia Company AB (AS3301)	2
objectware.no	Internet Vikings International AB (AS51747)	1
hyp.net	Kamatera Inc (AS41436)	1
Webhuset AS	eTOP sp. z o.o. (AS20853)	2
supercdnzone.com	NL-811-40021 (AS40021)	1
loopia.se	Easyspace Limited (AS33968)	1
MICROSOFT-CORP-MSN-AS-BLOCK	BAHNHOF AS (AS29300)	1
deploi.cloud	Globalconnect As (AS2116)	2
co.uk	IONOS SE (AS8560)	3
CLOUDFLARENET	Secura Hosting Ltd (AS29452)	1
one.com	PerfGrid (AS59795)	2
ports.se	Internet Vikings International AB (AS203241)	4
DNA Oyj	Zoner Oy (AS201692)	1
driftshotellet.com	Hostek AB (AS61207)	2
hyp.net	IT Partner Tromso AS (AS203733)	3
primawebspace.com	Binary Racks Limited (AS59895)	2
hyp.net	SERVER-MANIA (AS55286)	1
AMAZON-02	SUNMED (AS20163)	1
hyp.net	Itm8 A/S (AS57030)	1
porsche.asia	AMAZON-AES (AS14618)	1
SECURITYSERVICES	Iver Norge As (AS57829)	1
Akamai Connected Cloud	Telia Norge AS (AS25400)	1
netclient.no	AMAZON-02 (AS16509)	5
SECURITYSERVICES	Lolo Company AB (AS201216)	2
Blix Solutions AS	Wix.com Ltd. (AS58182)	3
one.com	GO-DADDY-COM-LLC (AS398787)	1
hyp.net	Synotio AB (AS203605)	6
123onweb.no	AUTOMATTIC (AS2635)	1
GOOGLE	Hostek AB (AS61207)	1
Webhuset AS	Host Europe GmbH (AS21499)	5
fixcom.fi	Suomi Communications Oy (AS16302)	1
NUCDN	INCAPSULA (AS19551)	1
hyp.net	Qloud AS (AS49271)	1
tikt.no	Wix.com Ltd. (AS58182)	2
one.com	Obos Nett AS (AS211309)	1
Nte Telekom As	Emp Secure As (AS28824)	2
iplace.se	GOOGLE-CLOUD-PLATFORM (AS396982)	6
proisp.no	RENDER (AS397273)	1
one.com	Servergarden Kft. (AS47381)	1
Nessus GmbH	Nessus GmbH (AS47692)	3
BUNNYWAY, informacijske storitve d.o.o.	Domeneshop AS (AS12996)	1
pcsupport.no	PC Support AS (AS43200)	2
hyp.net	Bo data ApS (AS49974)	3
proisp.no	TDC Holding A/S (AS3292)	1
Orange Business Services SA	Orange Business Services SA (AS15401)	2
CLOUDFLARENET	Tilda Publishing Ltd. (AS205282)	6
connexeon.com	MICROSOFT-CORP-MSN-AS-BLOCK (AS8075)	1
netpower.no	Telia Norge AS (AS25400)	8
interhost.no	SQUARESPACE (AS53831)	2
ports.se	Lyse Tele (AS29695)	1
Webhuset AS	TDC Holding A/S (AS3292)	2
NEXCESS-NET	Redcentric Solutions Ltd (AS31463)	4
Telenor Norge AS	Orange Business Digital Norway As (AS25148)	3
tal.de	tal.de GmbH (AS8820)	1
ormset.net	Neas Energi Telekom As (AS61275)	2
Telenor Norge AS	Mercedes-Benz Group AG (AS31399)	1
one.com	Invitech ICT Services Kft. (AS12301)	2
DIGICERT	Webhuset AS (AS39783)	6
smarthosting.no	Webhuset AS (AS29486)	1
prowebpanel.com	WHG Hosting Services Ltd (AS51713)	1
UPHEADS AS	AUTOMATTIC (AS2635)	3
markmonitor.com	Telia Company AB (AS3301)	5
LEVEL3	CENTURYLINK-LEGACY-QWEST-SPA-OMAHA (AS4015)	1
ORACLE-BMC-31898	Akamai International B.V. (AS20940)	3
smarthosting.no	Domeneshop AS (AS12996)	1
DIGICERT	mono solutions ApS (AS201595)	4
Cygrids Communications AB	AMAZON-AES (AS14618)	1
CLOUDFLARENET	Gigas Hosting S.A. (AS57286)	2
netim.net	AMAZON-02 (AS16509)	5
hyp.net	Zen Internet Ltd (AS13037)	2
hyp.net	ABAX as (AS50531)	1
gop.se	Bjare Kraft ekonomisk forening (AS57084)	1
wayscloud.dk	CANON-BUSINESS-PROCESS-SERVICES-UT (AS63405)	1
megahost.no	Gigahost AS (AS56655)	1
CLOUDFLARENET	RENDER (AS397273)	3
DNA Oyj	UpCloud Ltd (AS202053)	1
itpays.net	Itm8 A/S (AS62319)	1
as2116.net	Gigahost AS (AS56655)	1
Telenor Norge AS	LeaseWeb Netherlands B.V. (AS60781)	1
lundeco.no	UAB Interneto vizija (AS212531)	1
ramnode.com	RouteLabel V.O.F. (AS198203)	3
netim.net	Lycatel Distribution Uk Limited (AS31404)	2
iplace.se	One.com A/S (AS51468)	1
SECURITYSERVICES	Axians AB (AS20514)	1
sircon.net	Telenor Norge AS (AS2119)	2
home.pl	OVH SAS (AS16276)	1
Eidsiva Bredband AS	Neas Energi Telekom Rorosregionen As (AS48863)	1
ports.se	Internet Vikings International AB (AS62395)	2
NextGenTel AS	AMAZON-02 (AS16509)	1
enkaros.no	WEEBLY (AS27647)	1
Cloud DNS Ltd	Host Europe GmbH (AS21499)	1
NSONE	Akamai International B.V. (AS20940)	2
nanolash.com	OVH SAS (AS16276)	1
inter.at	AMAZON-02 (AS16509)	1
Akamai Connected Cloud	team.blue Denmark A/S (AS48854)	1
MICROSOFT-CORP-MSN-AS-BLOCK	VSHosting s.r.o. (AS43541)	1
hyp.net	Innet.az Ltd (AS211790)	1
managed-ip.com	Domeneshop AS (AS12996)	2
Globalconnect As	IT PAYS AS (AS50562)	3
Netnod AB	LeaseWeb Netherlands B.V. (AS60781)	2
balticvps.eu	Uab Servera (AS205688)	1
Kunnskapssektorens Tjenesteleverandor	One.com A/S (AS51468)	7
Kunnskapssektorens Tjenesteleverandor	Emp Secure As (AS28824)	2
home.pl	Netia SA (AS12741)	1
AMAZON-02	CGI Suomi Oy (AS24713)	7
Kunnskapssektorens Tjenesteleverandor	SiteVision AB (AS41174)	1
vitnett.no	GOOGLE-CLOUD-PLATFORM (AS396982)	2
bagateller.com	Studentersamfundet i Trondhjem (AS58302)	1
itl.no	DIGITALOCEAN-ASN (AS14061)	3
netcom.no	Telia Norge AS (AS12929)	1
SECURITYSERVICES	CJ2 Hosting B.V. (AS39704)	1
MICROSOFT-CORP-MSN-AS-BLOCK	UPHEADS AS (AS201454)	1
is-fun.net	Deutsche Telekom AG (AS3320)	3
NUCDN	One.com A/S (AS51468)	3
AMAZON-02	Sentia Denmark A/S (AS47292)	2
CLOUDFLARENET	Domainkeskus Oy (AS201964)	1
mts-ip.net	team.blue Denmark A/S (AS48854)	1
Telenor Norge AS	CLDIN B.V. (AS48635)	2
ironplanet.com	BACOM (AS577)	2
aplus.net	INFB2-AS (AS30447)	1
SECURITYSERVICES	Eviny Digital AS (AS8542)	3
bcdtravel.com	Cloudflare London, LLC (AS209242)	1
SECURITYSERVICES	Team Blue Carrier Limited (AS29550)	9
team.blue Denmark A/S	23M GmbH (AS47447)	1
DIGITALOCEAN-ASN	Combell NV (AS34762)	1
SECURITYSERVICES	IFOXNETODPD-ENSONO-DCCS (AS19229)	1
us.lt	UAB Interneto vizija (AS212531)	2
Ans Academy Limited	Telefiber AS (AS31726)	1
itpays.net	Team Internet AG (AS61969)	6
Eidsiva Bredband AS	AMAZON-02 (AS16509)	1
AS3585	AMAZON-AES (AS14618)	2
proisp.no	SuperHosting.BG Ltd. (AS201200)	1
GOOGLE	Hetzner Online GmbH (AS24940)	6
ACTIVE 24, s.r.o.	DIGITALOCEAN-ASN (AS14061)	1
koneo.net	GleSYS AB (AS42708)	1
loopia.se	Neas Energi Telekom As (AS52157)	1
AS-VULTR	DIGITALOCEAN-ASN (AS14061)	5
Nte Telekom As	Enix Ltd (AS52148)	1
Telia Norge AS	Hostek AB (AS61207)	1
ipcom GmbH	team.blue Denmark A/S (AS48854)	10
CLOUDFLARENET	SEEWEB s.r.l. (AS12637)	1
markmonitor.com	Telenor Norge AS (AS2119)	1
one.com	Ardalsnett AS (AS197212)	3
co.uk	SQUARESPACE (AS53831)	1
halden.net	DIGITALOCEAN-ASN (AS14061)	3
AMAZON-02	CENTURYLINK-LEGACY-SAVVIS (AS3561)	1
ipcom GmbH	AS-VULTR (AS20473)	4
hyp.net	UK-2 Limited (AS13213)	2
is-fun.net	Hetzner Online GmbH (AS24940)	4
clavister.com	Tele2 SWIPnet (AS1257)	1
as2116.net	IT PAYS AS (AS50562)	2
Hetzner Online GmbH	Tietoevry Norway As (AS13243)	1
as49271.net	ONIT AS (AS47753)	1
basefarm.net	ORACLE-BMC-31898 (AS31898)	1
netbox.no	ServeTheWorld AS (AS34989)	1
hyp.net	CNSNEXT (AS16700)	1
DIGICERT	Increo AS (AS59438)	3
one.com	PremierDC Veri Merkezi Anonim Sirketi (AS42910)	1
UPHEADS AS	Advania Norge As (AS31264)	1
one.com	Voxility LLP (AS3223)	1
Telenor Norge AS	Contabo GmbH (AS51167)	2
thc.ro	Tipzor Media Srl (AS51177)	4
Hammerfest Energi Bredbaand AS	ZONES AS (AS49082)	1
DIGICERT	Hostinger International Limited (AS47583)	6
time4vps.com	UAB Interneto vizija (AS212531)	1
Host Europe GmbH	Itm8 A/S (AS44398)	1
AVUR AS	AMAZON-02 (AS16509)	1
bahnhof.se	Bahnhof AB (AS8473)	3
unelink.net	Aire Networks Del Mediterraneo Sl Unipersonal (AS60494)	1
iserv.no	Diagonal Forlags AB (AS43096)	1
DIGICERT	Nexthop AS (AS49788)	1
SECURITYSERVICES	AS-IRISTEL (AS33164)	2
Hetzner Online GmbH	Domeneshop AS (AS12996)	4
CLOUDFLARENET	VERISIGN-ILG1 (AS30060)	1
domain247.fi	CLOUDFLARENET (AS13335)	1
Safenames Ltd.	DXC-AS3360 (AS3360)	1
Telenor Norge AS	Administrator Systems AS (AS20741)	1
yazzy.org	Lyse Tele (AS29695)	2
xssl.net	Easyspace Limited (AS33968)	1
bah.com	CLOUDFLARENET (AS13335)	3
MICROSOFT-CORP-MSN-AS-BLOCK	Host Europe GmbH (AS21499)	1
gika.se	InfraCom Managed Services AB (AS29468)	3
Telenor Norge AS	Cleura AB (AS42695)	1
err.no	Hetzner Online GmbH (AS24940)	1
Globalconnect As	GOOGLE-CLOUD-PLATFORM (AS396982)	3
netpower.no	SUCURI-SEC (AS30148)	2
fakat.net	Hetzner Online GmbH (AS24940)	2
firmanett.no	Nte Telekom As (AS34087)	1
euronic.fi	Optimizely AB (AS30811)	1
checkdomain.de	OMCnet Internet Service GmbH (AS15388)	2
sto.com	Deutsche Telekom AG (AS3320)	1
Telenor Norge AS	WebSupport s.r.o. (AS51013)	1
hyp.net	Gigas Hosting S.A. (AS57286)	1
ns14.net	Mittwald CM Service GmbH & Co. KG (AS15817)	3
online4u.no	Tele2 SWIPnet (AS1257)	2
ports.se	Internet Vikings International AB (AS202910)	1
dbweb.ee	Tele2 SWIPnet (AS1257)	1
pearson.com	Pearson Shared Services Ltd (AS29016)	4
one.com	Nasjonal Sikkerhetsmyndighet (AS47405)	1
hyp.net	KKM IT Limited (AS60922)	4
ipcom GmbH	Contabo GmbH (AS51167)	1
Eidsiva Bredband AS	velia.net Internetdienste GmbH (AS29066)	1
netim.net	TOV Highload Systems (AS34259)	1
hyp.net	DFW-DATACENTER (AS30277)	1
Webhuset AS	UpCloud Ltd (AS202053)	1
securehostingpanel.com	ColoCone (AS147303)	1
web-solutions.dk	MICROSOFT-CORP-MSN-AS-BLOCK (AS8075)	2
netbox.no	WEEBLY (AS27647)	3
hyp.net	Amarutu Technology Ltd (AS206264)	1
Knipp Medien und Kommunikation GmbH	Deutsche Telekom AG (AS3320)	1
BMS-AS	Domeneshop AS (AS12996)	1
CLOUDFLARENET	RACKSPACE (AS27357)	1
Eidsiva Bredband AS	WorldStream B.V. (AS49981)	1
Statens Vegvesen	Domeneshop AS (AS12996)	1
Globalconnect As	Emp Secure As (AS28824)	3
dds.no	Lyse Tele (AS29695)	1
tojeono.cz	CASABLANCA INT a.s. (AS15685)	1
Hetzner Online GmbH	Sognenett AS (AS31169)	2
ANEXIA Internetdienstleistungs GmbH	Host Europe GmbH (AS8972)	1
CLOUDFLARENET	UPCLOUDUSA (AS25697)	1
iplace.se	IT PAYS AS (AS50562)	1
NUCDN	Cato Networks Ltd (AS13150)	1
loopia.se	Oktawave S.A. (AS42503)	4
easyconnect.no	Eviny Digital AS (AS8542)	2
GOOGLE-CLOUD-PLATFORM	WEEBLY (AS27647)	1
vigbo.site	Hetzner Online GmbH (AS24940)	1
ipcom GmbH	Combell NV (AS34762)	1
UPHEADS AS	Enix Ltd (AS52148)	1
domena.pl	EXEA Sp. z o.o. (AS60713)	2
garnesdata.no	Cloudflare London, LLC (AS209242)	1
hyp.net	Sendinblue SAS (AS200484)	1
proisp.no	Cyber_Folks S.A. (AS41079)	1
Tietoevry Norway As	LeaseWeb Netherlands B.V. (AS60781)	1
zetta.io	GlobalConnect AB (AS12552)	1
DIGICERT	ATLANTIC-NET-1 (AS6364)	1
hyp.net	Samlerhuset Norge AS (AS198204)	1
AMAZON-02	IT PAYS AS (AS50562)	4
hyp.net	More og Romsdal fylkeskommune (AS200915)	2
CLOUDFLARENET	GNET Internet Telekomunikasyon A.S. (AS42846)	1
MICROSOFT-CORP-MSN-AS-BLOCK	Neas Energi Telekom As (AS52157)	4
Nordea Bank Abp	Telia Company AB (AS3308)	1
plathost.pl	Hetzner Online GmbH (AS24940)	1
Akamai Connected Cloud	Telenor Norge AS (AS2119)	1
proisp.no	Cloud Center Finland Oy (AS41993)	1
NUCDN	Telia Finland Oyj (AS1759)	2
Webhuset AS	Th.papamichail Vainas - G.psaltakis G.p (AS209150)	1
shell.com	MICROSOFT-CORP-MSN-AS-BLOCK (AS8075)	1
laohost.net	Hetzner Online GmbH (AS24940)	2
hipercom.no	Globalconnect As (AS8896)	1
nordicom.no	Telia Norge AS (AS198309)	1
iwelt.de	FASTLY (AS54113)	1
serverdrift.com	ODERLAND Webbhotell AB (AS44136)	2
plusline.de	Plus.line AG (AS12306)	2
Cloud DNS Ltd	DIMENOC (AS33182)	4
hforb.com	Uniserver Internet B.V. (AS31673)	3
GleSYS AB	Yelles AB (AS206170)	2
forss.net	Akamai Connected Cloud (AS63949)	1
hyp.net	Telehouse EAD (AS57344)	2
hyp.net	CEWE Stiftung & Co. KGaA (AS49494)	2
proisp.no	Host Europe GmbH (AS21499)	2
DIGITALOCEAN-ASN	CLOUDFLARENET (AS13335)	11
dnsexit.com	AS40676 (AS40676)	2
SECURITYSERVICES	OEDIV Oetker Daten-und Informationsverarbeitung KG (AS48425)	2
Telenor Norge AS	Globalhost d.o.o. (AS200698)	1
combell.net	GOOGLE (AS15169)	1
subsys.no	MICROSOFT-CORP-MSN-AS-BLOCK (AS8075)	2
name-services.com	SQUARESPACE (AS53831)	1
hyp.net	EZZI-101-BGP (AS15149)	2
altidata.net	Emp Secure As (AS28824)	1
servconfig.com	INMOTION (AS22611)	2
kreawit.se	Bahnhof AB (AS8473)	1
Lyse Tele	Webhuset AS (AS29486)	1
Orange Business Services SA	Emp Secure As (AS28824)	1
epag.net	COMSPACE GmbH & Co KG (AS9182)	1
my-tss.com	PERFORMIVE (AS46562)	1
ANEXIA Internetdienstleistungs GmbH	Webhuset AS (AS39783)	1
Deutsche Telekom AG	SOPRADO GmbH (AS20546)	1
iwelt-ag.net	iWelt GmbH + Co. KG (AS29624)	1
bitbit.net	AMAZON-02 (AS16509)	3
zs.se	Team Internet AG (AS61969)	3
unfold.pl	S-NET Sp. z o.o. (AS42927)	1
netclient.no	Telenor Norge AS (AS2119)	1
subsys.no	Gigahost AS (AS56655)	1
teknograd.no	Cleura AB (AS42695)	1
nordkapp.net	SuperHosting.BG Ltd. (AS201200)	1
Localhost As	Enivest AS (AS35132)	2
altidata.net	AUTOMATTIC (AS2635)	1
dnsdomene.net	Telia Norge AS (AS41164)	3
SECURITYSERVICES	NTT-DATA-2914 (AS2914)	1
Tietoevry Norway As	Globalconnect As (AS8896)	3
CLOUDFLARENET	AS-INTERMEDIA (AS16406)	1
iplace.se	Netpower IT Solutions AS (AS48680)	1
AMAZON-02	UAB Interneto vizija (AS212531)	1
Akamai Connected Cloud	Hostinger International Limited (AS47583)	2
a1.net	IPAX GmbH (AS44133)	1
in-lineweb.com	UK Dedicated Servers Limited (AS42831)	2
sircon.net	Wix.com Ltd. (AS58182)	5
GANDI SAS	AMAZON-AES (AS14618)	1
SECURITYSERVICES	IONOS SE (AS8560)	3
nixus.info	Bahnhof AB (AS8473)	1
stabletransit.com	FASTLY (AS54113)	1
lerelaisinternet.com	GOOGLE-CLOUD-PLATFORM (AS396982)	2
UPHEADS AS	A2HOSTING (AS55293)	2
one.com	Sognenett AS (AS31169)	2
Telenor Norge AS	Neas Energi Telekom As (AS52157)	1
dns-admin.dk	SQUARESPACE (AS53831)	1
Telia Norge AS	CLOUDFLARENET (AS13335)	1
hyp.net	GHOSTnet GmbH (AS12586)	1
online4u.no	mono solutions ApS (AS201595)	4
loopia.se	Baffin Bay Networks AB (AS42649)	2
sammen.no	Kunnskapssektorens Tjenesteleverandor (AS224)	2
Host Europe GmbH	Fanavari Serverpars Argham Gostar Company Ltd. (AS201999)	1
mimer.no	MICROSOFT-CORP-MSN-AS-BLOCK (AS8075)	1
proisp.no	Krystal Hosting Ltd (AS12488)	1
Kunnskapssektorens Tjenesteleverandor	Hostinger International Limited (AS47583)	1
proisp.no	SOFTLAYER (AS36351)	2
hyp.net	Hope Media Europe e.V. (AS211909)	1
SECURITYSERVICES	PHILLIPS-66 (AS19428)	2
pegasus.it	AMAZON-02 (AS16509)	1
CLOUDFLARENET	Orange Business Digital Norway As (AS25148)	4
nordkapp.net	Hostinger International Limited (AS47583)	2
one.com	PUBLIC-DOMAIN-REGISTRY (AS394695)	1
intrica.net	AMAZON-02 (AS16509)	1
driften.net	Iver Norge As (AS57829)	1
ytec.nl	Tilaa B.V. (AS196752)	1
phase8.net	Rackspace Ltd. (AS15395)	1
ports.se	FASTLY (AS54113)	4
coretrek.net	Blix Solutions AS (AS50304)	1
DIGITALOCEAN-ASN	Blix Solutions AS (AS50304)	5
gceuproxy.com	Hetzner Online GmbH (AS24940)	1
CLOUDFLARENET	IS-AS-1 (AS19318)	3
hyp.net	Signet B.V. (AS28878)	2
Monsternett AS	GOOGLE-CLOUD-PLATFORM (AS396982)	1
InterNetX GmbH	Globalconnect As (AS2116)	1
firewallforce.no	Contabo GmbH (AS51167)	1
loopia.se	Increo AS (AS59438)	2
tloque.com	MICROSOFT-CORP-MSN-AS-BLOCK (AS8075)	1
dwhost.net	Hetzner Online GmbH (AS24940)	2
NSONE	GOOGLE-CLOUD-PLATFORM (AS396982)	4
ORACLE-BMC-31898	Tele2 SWIPnet (AS1257)	3
dnsdomene.net	Cyber_Folks S.A. (AS41079)	2
Helse Vest IKT AS	MICROSOFT-CORP-MSN-AS-BLOCK (AS8075)	1
CLOUDFLARENET	Bofiber AS (AS59720)	1
GANDI SAS	Globalconnect As (AS2116)	4
kmstudio.se	DIGITALOCEAN-ASN (AS14061)	1
CLOUDFLARENET	Yelles AB (AS206170)	2
Braathe AS	Advania Norge As (AS31264)	1
meganameservers.eu	Braathe AS (AS21119)	1
dynu.com	UNIFIEDLAYER-AS-1 (AS46606)	1
123onweb.no	Globalconnect As (AS2116)	1
Cloud DNS Ltd	Telia Norge AS (AS25400)	1
bedsys.net	IT PAYS AS (AS50562)	1
SECURITYSERVICES	Blix Solutions AS (AS50304)	2
UPHEADS AS	Webhuset AS (AS39783)	3
Hetzner Online GmbH	IP Group AS (AS16186)	2
hyp.net	Duett AS (AS204712)	4
web-solutions.dk	Itm8 A/S (AS62319)	1
netim.net	Nexthop AS (AS49788)	1
hjelseth.com	Enflow B.V. (AS209626)	1
nsroot1.com	CSC (AS19574)	5
xonet.fi	Domainkeskus Oy (AS201964)	2
Webhuset AS	netcup GmbH (AS197540)	1
godtsagt.no	FASTLY (AS54113)	1
team.blue Denmark A/S	WebSupport s.r.o. (AS51013)	1
NUCDN	team.blue Denmark A/S (AS48854)	9
team.blue Denmark A/S	GlobalConnect A/S (AS42525)	2
garmtech.com	Garmtech Lp (AS43108)	5
nordkapp.net	Rackhosting.com ApS (AS31590)	2
GOOGLE	mono solutions ApS (AS201595)	2
DIGICERT	GANDI SAS (AS203476)	1
sks.no	Lyse Tele (AS29695)	3
CLOUDFLARENET	NEXCESS-NET (AS36444)	1
Akamai International B.V.	SOLARWINDSAUSTIN (AS20251)	1
bitsex.net	Hetzner Online GmbH (AS24940)	1
team.blue Denmark A/S	AUTOMATTIC (AS2635)	1
jth.net	EWII Bredbaand A/S (AS204151)	1
publicisgroupe.com	Domeneshop AS (AS12996)	2
InterNetX GmbH	net.de AG (AS15743)	1
netbox.no	GOOGLE-CLOUD-PLATFORM (AS396982)	3
dns.services	Its Integra SAS (AS8723)	2
Globalconnect As	Iteam 10 As (AS202128)	1
MICROSOFT-CORP-MSN-AS-BLOCK	Safenames Ltd. (AS60819)	2
marosnet.ru	I-servers Ltd (AS209641)	1
hypns.no	VEV Romerike AS (AS43568)	5
netclient.no	team.blue Denmark A/S (AS48854)	1
CLOUDFLARENET	MOTOROLA-SOLUTIONS (AS19773)	1
hyp.net	PAIR-NETWORKS (AS7859)	2
AMAZON-02	Eviny Digital AS (AS8542)	2
copyleft.no	GOOGLE-CLOUD-PLATFORM (AS396982)	4
CLOUDFLARENET	CGI Sverige AB (AS29217)	2
AMAZON-02	One Hungary Ltd. (AS21334)	1
ports.se	Enflow B.V. (AS209626)	4
min-it.no	Lyse Tele (AS29695)	1
CLOUDFLARENET	Mittwald CM Service GmbH & Co. KG (AS15817)	2
setesdalnet.no	Lyse Tele (AS29695)	2
opodo.com	GOOGLE-CLOUD-PLATFORM (AS396982)	1
GANDI SAS	Nexthop AS (AS60717)	1
hyp.net	WHG Hosting Services Ltd (AS51713)	2
canges.es	SERVERCENTRAL (AS23352)	1
CLOUDFLARENET	UAB ESNET (AS61053)	1
krx.no	Akamai Connected Cloud (AS63949)	2
addpro.se	Cleura AB (AS42695)	1
InterNetX GmbH	Telia Cygate AB (AS197308)	1
SECURITYSERVICES	AS-26496-GO-DADDY-COM-LLC (AS26496)	1
Hetzner Online GmbH	Cloudflare London, LLC (AS209242)	9
nordkapp.net	Lyse Tele (AS29695)	4
team.blue Denmark A/S	Itm8 A/S (AS57030)	3
dntrust.com	Key-Systems GmbH (AS13246)	6
netjust.com	Sparkinit S.r.l. (AS39825)	3
Nte Telekom As	UNIFIEDLAYER-AS-1 (AS46606)	1
agitos.de	Hetzner Online GmbH (AS24940)	1
sca.com	Sca Forestproducts Ab (AS60238)	3
storstein-nett.no	Domeneshop AS (AS12996)	1
Seonet Multimedia s.r.o.	Seonet Multimedia s.r.o. (AS59925)	2
vhosting.no	Cloudflare London, LLC (AS209242)	1
reg63.no	Lyse Tele (AS29695)	1
com.ph	AS-COLOCROSSING (AS36352)	1
sircon.net	GleSYS AB (AS42708)	2
iptwins.com	GOOGLE-CLOUD-PLATFORM (AS396982)	3
dcx.rs	TELEKOM SRBIJA a.d. (AS8400)	1
Braathe AS	NextGenTel AS (AS15659)	1
Hammerfest Energi Bredbaand AS	MICROSOFT-CORP-MSN-AS-BLOCK (AS8075)	1
storstein-nett.no	Globalconnect As (AS2116)	2
as2116.net	mono solutions ApS (AS201595)	4
ultahost.com	firstcolo GmbH (AS44066)	3
netbox.no	IT PAYS AS (AS50562)	1
markmonitor.com	LeaseWeb Netherlands B.V. (AS60781)	4
qbranch.se	Globalconnect As (AS2116)	1
dnsdomene.net	HWSERVICES-32400 (AS32400)	1
itpays.net	NETWORK-SOLUTIONS-HOSTING (AS19871)	1
ports.se	InfraCom Managed Services AB (AS29468)	1
Akamai International B.V.	GOOGLE-CLOUD-PLATFORM (AS396982)	1
netset.se	Cygrids Communications AB (AS34941)	1
lemarit.de	Deutsche Telekom AG (AS3320)	5
Sucom AS	AMAZON-02 (AS16509)	2
reliabledns.org	SINGLEHOP-LLC (AS32475)	2
iserv.no	Telia Norge AS (AS25400)	2
SECURITYSERVICES	Webhuset AS (AS39783)	2
ports.se	Nexthop AS (AS49788)	1
Monsternett AS	IT PAYS AS (AS50562)	1
team.blue Denmark A/S	Webhuset AS (AS29486)	1
Monsternett AS	NETWORK-SOLUTIONS-HOSTING (AS19871)	1
Blix Solutions AS	AMAZON-AES (AS14618)	2
ipcom GmbH	Iver Norge As (AS57829)	3
Telenor Norge AS	LUMEN-LEGACY-L3-CUSTOMER-SHARED-USE (AS10753)	2
markmonitor.zone	MICROSOFT-CORP-MSN-AS-BLOCK (AS8075)	3
ANEXIA Internetdienstleistungs GmbH	Iomart Managed Services Limited (AS199542)	1
CLOUDFLARENET	Beyond.pl sp. z o.o. (AS31229)	1
intermedia.no	ServeTheWorld AS (AS34989)	1
nordicdns.net	SQUARESPACE (AS53831)	1
auroradns.eu	CLOUDFLARENET (AS13335)	1
tikt.no	MICROSOFT-CORP-MSN-AS-BLOCK (AS8075)	2
ANEXIA Internetdienstleistungs GmbH	Enivest AS (AS35132)	1
Nte Telekom As	Telenet BV (AS6848)	1
MICROSOFT-CORP-MSN-AS-BLOCK	Move AS (AS200163)	4
Nexthop AS	Monsternett AS (AS201577)	1
firmanett.no	Neas Energi Telekom As (AS52157)	1
topnet.nu	Nte Telekom As (AS34087)	2
Hetzner Online GmbH	LEAPSWITCH NETWORKS PRIVATE LIMITED (AS132335)	1
vhosting.no	SQUARESPACE (AS53831)	3
nameunit.com	Wix.com Ltd. (AS58182)	1
proisp.no	dogado GmbH (AS8648)	2
CLOUDFLARENET	Hostpoint AG (AS29097)	1
anix.net	Emp Secure As (AS28824)	1
hyp.net	Netsolution Vestfold og Telemark AS (AS208042)	3
proisp.no	UpCloud Ltd (AS202053)	1
one.com	Signet B.V. (AS20857)	2
Lyse Tele	GOOGLE-CLOUD-PLATFORM (AS396982)	4
Akamai International B.V.	Hetzner Online GmbH (AS24940)	1
nordkapp.net	mono solutions ApS (AS201595)	3
as2116.net	Emp Secure As (AS28824)	6
zitac.net	ODERLAND Webbhotell AB (AS44136)	1
altidata.net	Cloudflare London, LLC (AS209242)	2
Kunnskapssektorens Tjenesteleverandor	Lyse Tele (AS29695)	1
proisp.no	comtrance service GmbH (AS41108)	1
UPHEADS AS	Telia Norge AS (AS25400)	2
one.com	Christian Ebsen ApS (AS62121)	2
team.blue Denmark A/S	UNIFIEDLAYER-AS-1 (AS46606)	1
ipcom GmbH	NetUSE AG (AS5605)	1
hyp.net	HOSTROCKET (AS23535)	2
one.com	LH.pl Sp. z o.o. (AS203417)	1
linode.com	GOOGLE-CLOUD-PLATFORM (AS396982)	1
creaman.no	Contabo GmbH (AS51167)	3
vintageluxury.no	Internet Vikings International AB (AS51747)	1
hyp.net	Iomart Managed Services Limited (AS35425)	3
leehansenit.net	Hetzner Online GmbH (AS24940)	1
halden.net	Hostek AB (AS61207)	1
dnsdomene.net	MVPS LTD (AS202448)	1
morganphilips.com	GlobalConnect A/S (AS31027)	1
dialecta.net	Enivest AS (AS35132)	1
pbsys.no	AMAZON-02 (AS16509)	3
GOOGLE	One.com A/S (AS51468)	2
swiboda.com	GOOGLE-CLOUD-PLATFORM (AS396982)	2
storstein-nett.no	IT PAYS AS (AS50562)	2
Hetzner Online GmbH	GleSYS AB (AS42708)	2
Hetzner Online GmbH	3NET AS (AS201596)	2
Hetzner Online GmbH	GOOGLE (AS15169)	6
etop.pl	eTOP sp. z o.o. (AS20853)	2
Webhuset AS	GITHUB (AS36459)	1
DNA Oyj	Domeneshop AS (AS12996)	2
MICROSOFT-CORP-MSN-AS-BLOCK	WZ-US-40824 (AS40824)	1
one.com	PlusServer GmbH (AS61157)	1
emirates.com	AMAZON-02 (AS16509)	2
reg63.no	Wix.com Ltd. (AS58182)	1
hyp.net	Hostpoint AG (AS29097)	1
xelan.info	AS INFONET (AS8728)	1
hyp.net	O2switch SAS (AS50474)	4
CLOUDFLARENET	CITIC Telecom CPC Netherlands B.V. (AS3327)	1
hyp.net	Penkiu kontinentu komunikaciju centras, Ltd. (AS21211)	1
one.com	Cibicom A/S (AS3342)	1
Sigterm AS	Akamai Connected Cloud (AS63949)	1
isphuset.no	Webhuset AS (AS29486)	2
Gigahost AS	mono solutions ApS (AS201595)	1
Advania Norge As	Emp Secure As (AS28824)	5
one.com	itm8 Sverige AB (AS198965)	2
CLOUDFLARENET	Foreach AS (AS214761)	3
ggmedia.no	Liquid Web B.V. (AS201682)	1
zonasprivadasdns.com	Axarnet Comunicaciones, S.l. (AS50926)	1
serverdrift.com	GleSYS AB (AS42708)	1
ServeTheWorld AS	GOOGLE-CLOUD-PLATFORM (AS396982)	10
Nte Telekom As	Domeneshop AS (AS12996)	1
Norsk Helsenett SF	Nte Telekom As (AS34087)	1
scania.com	Domeneshop AS (AS12996)	1
ns01.nl	Intention B.V. (AS207647)	2
topsec.com	MICROSOFT-CORP-MSN-AS-BLOCK (AS8075)	2
mcp.com	Telenor Norge AS (AS2119)	1
CLOUDFLARENET	TrueFullstaq B.V. (AS15703)	1
lemarit.de	TDC Holding A/S (AS3292)	1
one.com	COGECO-PEER1 (AS13768)	2
Lyse Tele	BRSK Limited (AS51809)	1
Host Europe GmbH	Kunnskapssektorens Tjenesteleverandor (AS224)	2
loopia.se	ODS Joint Stock Company (AS45538)	1
GANDI SAS	Ellos AB (AS199215)	1
Akamai International B.V.	MASTER-7-AS (AS26380)	2
netim.net	Eurofiber France SAS (AS35625)	2
kvistad-elektronikk.no	Globalconnect As (AS2116)	1
as2116.net	UPHEADS AS (AS201454)	2
one.com	NEXCESS-NET (AS36444)	1
SECURITYSERVICES	Telenor A/S (AS9158)	4
nmugroup.com	GleSYS AB (AS42708)	1
Host Europe GmbH	Nte Telekom As (AS34087)	2
mijn.host	Voxility LLP (AS3223)	1
swiboda.com	Telenor Norge AS (AS2119)	3
wvnet.eu	WVNET Information und Kommunikation GmbH (AS29081)	1
Telenor Norge AS	Eltele AS (AS206557)	2
Host Europe GmbH	Neas Energi Telekom As (AS61275)	2
sircon.net	Webhuset AS (AS29486)	4
innit.network	Tietoevry Norway As (AS13243)	5
Safety Computing AS	AMAZON-02 (AS16509)	3
Henning Solberg	Globalconnect As (AS2116)	1
CLOUDFLARENET	Atos Poland Sp.z.o.o (AS197544)	1
opensolution.se	Hostek AB (AS61207)	1
markmonitor.com	Cloudflare London, LLC (AS209242)	1
CLOUDFLARENET	Surfnett AS (AS212500)	1
stercomm.com	ecotel communication ag (AS12312)	1
Webhuset AS	Enflow B.V. (AS209626)	1
sureserver.com	ICDSoft Ltd. (AS8739)	4
SECURITYSERVICES	SQUARESPACE (AS53831)	8
Telenor Norge AS	BAHNHOF AS (AS29300)	1
Monsternett AS	OVH SAS (AS16276)	1
ns14.net	Comit A/S (AS206612)	1
Hetzner Online GmbH	Rackfish AB (AS49232)	1
esdns.net	MICROSOFT-CORP-MSN-AS-BLOCK (AS8075)	1
mn37.no	Obos Nett AS (AS211309)	1
SavMAN AB	SavMAN AB (AS28854)	2
philips.com	UUNET (AS701)	1
CLOUDFLARENET	K Media Tech Ltd. (AS210250)	2
hyp.net	D102-PHL-1 (AS17185)	1
zetup.se	GOOGLE-CLOUD-PLATFORM (AS396982)	1
online4u.no	Tietoevry Norway As (AS13243)	1
innit.network	Webhuset AS (AS29486)	1
netclient.no	DIGITALOCEAN-ASN (AS14061)	4
as2116.net	Kunnskapssektorens Tjenesteleverandor (AS224)	1
Host Europe GmbH	Host Europe GmbH (AS21501)	3
MICROSOFT-CORP-MSN-AS-BLOCK	Yelles AB (AS206170)	3
Nordea Bank Abp	Itm8 A/S (AS44398)	2
r24cloud.se	One.com A/S (AS51468)	1
routing.net	Iso-Chemie GmbH (AS210585)	1
NSONE	SQUARESPACE (AS53831)	2
ANEXIA Internetdienstleistungs GmbH	Team Internet AG (AS61969)	7
dnsdomene.net	NAMECHEAP-NET (AS22612)	1
Akamai Connected Cloud	Rackspace Ltd. (AS15395)	2
crossnet.net	GOOGLE (AS15169)	1
drlinux.no	DIGITALOCEAN-ASN (AS14061)	2
CLOUDFLARENET	Telia Company AB (AS3301)	2
nordkapp.net	ServeTheWorld AS (AS34989)	1
Webhuset AS	Nazwa.pl Sp.z.o.o. (AS15967)	1
internet1.de	Optitrust GmbH (AS200062)	1
proisp.no	ORACLE-BMC-31898 (AS31898)	1
CLOUDFLARENET	TURNKEY-INTERNET (AS40244)	2
omfang.net	WHG Hosting Services Ltd (AS209341)	1
ANEXIA Internetdienstleistungs GmbH	Telenor A/S (AS9158)	1
is-fun.net	UD Media GmbH (AS199753)	1
Netnod AB	Akamai Connected Cloud (AS63949)	1
Telia Norge AS	Akamai Connected Cloud (AS63949)	1
inputinterior.se	Tele2 SWIPnet (AS1257)	2
pq.hosting	M247 Europe SRL (AS9009)	1
bluerange.se	Bredband2 AB (AS29518)	1
iplace.se	Loopia AB (AS39570)	1
DIGICERT	Akamai International B.V. (AS20940)	1
as2116.net	CLOUDFLARENET (AS13335)	5
netclusive.net	Equinix (Germany) GmbH (AS24989)	1
register.it	Aruba S.p.A. (AS31034)	5
dig.com	NTT-DATA-2914 (AS2914)	1
urlnameserver.com	SINGLEHOP-LLC (AS32475)	1
ORACLE-BMC-31898	DIGIKEY (AS14738)	1
serveriai.lt	Miss Hosting AB (AS200719)	1
one.com	MICROSOFT-CORP-MSN-AS-BLOCK (AS8069)	1
subsys.no	IT PAYS AS (AS50562)	1
nouryon.com	Enflow B.V. (AS209626)	2
GANDI SAS	FASTLY (AS54113)	11
MICROSOFT-CORP-MSN-AS-BLOCK	UUNET (AS702)	2
arnstein.net	Hetzner Online GmbH (AS24940)	1
Nte Telekom As	Telia Norge AS (AS25400)	4
AMAZON-02	Visma Software International AS (AS61213)	1
SECURITYSERVICES	Loopia AB (AS39570)	3
team.blue Denmark A/S	Binero AB (AS35041)	1
ebosys.com	IWEB-AS (AS32613)	1
AMAZON-02	Vodafone GmbH (AS3209)	3
antalyahosting.com	Cizgi Telekomunikasyon Anonim Sirketi (AS42807)	1
MMC	F5 Networks SARL (AS35280)	1
itl.no	Eviny Digital AS (AS8542)	4
pbsys.no	Webhuset AS (AS29486)	1
Monsternett AS	MICROSOFT-CORP-MSN-AS-BLOCK (AS8075)	3
clavister.com	AMAZON-02 (AS16509)	2
ns14.net	GlobalConnect A/S (AS42525)	2
iq.pl	IQ PL Sp. z o.o. (AS47544)	5
volvo.com	Alter Way SAS (AS13273)	1
GOOGLE	Enivest AS (AS35132)	1
nordicdns.net	AMAZON-02 (AS16509)	1
ilait.se	Optimizely AB (AS30811)	1
Webhuset AS	Telia Company AB (AS3301)	1
MICROSOFT-CORP-MSN-AS-BLOCK	UNIFIEDLAYER-AS-1 (AS46606)	2
pil.dk	team.blue Denmark A/S (AS48854)	1
loopia.se	Tafjord Connect AS (AS15765)	1
ANEXIA Internetdienstleistungs GmbH	Eviny Digital AS (AS8542)	2
MICROSOFT-CORP-MSN-AS-BLOCK	DREAMHOST-AS (AS26347)	1
Cloud DNS Ltd	COLOGIX (AS8001)	1
Nessus GmbH	Hetzner Online GmbH (AS24940)	1
Telenor Norge AS	Modum Kabel-tv As (AS16185)	1
loopia.se	Cloud City Oy (AS202509)	2
egensajt.se	OVH SAS (AS16276)	1
hyp.net	JACKSON-CO-REMC (AS31875)	1
GOOGLE	Telia Norge AS (AS41164)	1
CLOUDFLARENET	CGINET-01 (AS18563)	3
sircon.net	Increo AS (AS59438)	1
Tietoevry Norway As	Hetzner Online GmbH (AS24940)	3
Advania Norge As	Hostinger International Limited (AS47583)	3
CLOUDFLARENET	HI-NET-AS (AS125)	1
tpvision.com	DirectVPS B.V. (AS29028)	2
ey.com	MICROSOFT-CORP-MSN-AS-BLOCK (AS8075)	2
powercp.net	IT PAYS AS (AS50562)	1
Underworld	Telenor Norge AS (AS2119)	3
loopia.se	Contabo GmbH (AS51167)	2
markmonitor.com	DXC-AS3360 (AS3360)	1
hostnet.nl	AMAZON-02 (AS16509)	1
pin.se	ODERLAND Webbhotell AB (AS44136)	2
hjelseth.com	Webhuset AS (AS39783)	2
ukit.com	Ddos-guard Ltd (AS57724)	1
one.com	PC Support AS (AS43200)	2
dacoda.com	CLOUDFLARENET (AS13335)	1
GOOGLE	Hostinger International Limited (AS47583)	1
one.com	WHG Hosting Services Ltd (AS209341)	1
netpower.no	Webhuset AS (AS39783)	3
kreawit.se	GleSYS AB (AS42708)	1
linpro.net	Redpill Linpro AS (AS39029)	2
one.com	servinga GmbH (AS39378)	1
web-solutions.dk	Orange (AS3215)	1
NUCDN	Capgemini Finland Oy (AS41701)	2
one.com	NODISTO (AS394727)	1
GOOGLE	velia.net Internetdienste GmbH (AS29066)	1
hyp.net	Astimp IT Solution SRL (AS3164)	1
syncope.de	AUTOMATTIC (AS2635)	1
hyp.net	Internet Vikings International AB (AS203800)	4
ORACLE-BMC-31898	COGECO-PEER1 (AS13768)	3
one.com	Team Internet AG (AS61969)	1
carr.no	GOOGLE (AS15169)	2
itl.no	Cloudflare London, LLC (AS209242)	4
LEVEL3	Bayerische Motoren Werke Aktiengesellschaft (AS8590)	1
hyp.net	Sirena Travel AO (AS42901)	2
Webhuset AS	Tilaa B.V. (AS196752)	1
Tietoevry Norway As	NTT Global Data Centers EMEA UK Ltd. (AS29017)	1
netpower.no	Hostinger International Limited (AS47583)	1
Nordea Bank Abp	Telenor Norge AS (AS2119)	1
Braathe AS	TDC Holding A/S (AS3292)	2
CLOUDFLARENET	High5! B.V. (AS60131)	1
host-ed.me	OVH SAS (AS16276)	1
team.blue Denmark A/S	Dansk Scanning A/S (AS203288)	1
Telenor Norge AS	SHARKTECH (AS46844)	1
Akamai International B.V.	OMNITURE (AS15224)	1
norskhosting.net	FASTLY (AS54113)	1
netim.net	S1 Networks Oy (AS42122)	1
markmonitor.com	ANS-1699-AS (AS1699)	3
lyricalhost.com	20i Limited (AS48254)	1
one.com	Safety Computing AS (AS30737)	3
co.uk	20i Limited (AS48254)	1
mydataknox.com	SETCOR d.o.o. (AS61211)	1
linode.com	Lyse Tele (AS29695)	4
dig.com	AMAZON-AES (AS14618)	1
one.com	Iomart Cloud Services Limited (AS20860)	2
NSONE	MICROSOFT-CORP-MSN-AS-BLOCK (AS8075)	3
ports.se	Braathe AS (AS21119)	1
CLOUDFLARENET	sharptech DA (AS208869)	2
hostnet.nl	GOOGLE (AS15169)	1
sac-it.dk	MICROSOFT-CORP-MSN-AS-BLOCK (AS8075)	4
ipcom GmbH	kyberio GmbH (AS24679)	2
tikt.no	Administrator Systems AS (AS20741)	3
loopia.se	Move AS (AS200163)	1
Safety Computing AS	UPHEADS AS (AS201454)	1
beotel.net	BeotelNet-ISP d.o.o (AS6700)	1
CLOUDFLARENET	PUBLIC-DOMAIN-REGISTRY (AS394695)	1
Akamai International B.V.	AMAZON-AES (AS14618)	1
loopia.se	Kodmyran AB (AS211551)	2
ACTIVE 24, s.r.o.	Globalconnect As (AS2116)	1
iserv.no	AS-VULTR (AS20473)	1
IMC AS	Globalconnect As (AS2116)	1
ANEXIA Internetdienstleistungs GmbH	Adminor Aktiebolag (AS51701)	1
Kunnskapssektorens Tjenesteleverandor	Enivest AS (AS35132)	1
vitnett.no	AMAZON-02 (AS16509)	1
Advania Norge As	Telia Cygate AB (AS197308)	1
netbox.no	Globalconnect As (AS2116)	3
world4you.at	GOOGLE-CLOUD-PLATFORM (AS396982)	2
IMC AS	Sunrise GmbH (AS6730)	1
itpays.net	Bent Oystein Bostad (AS50582)	3
ports.se	Internet Vikings International AB (AS203625)	3
com-trade.sk	GOOGLE-CLOUD-PLATFORM (AS396982)	1
proisp.no	Datacamp Limited (AS60068)	1
Safenames Ltd.	Blix Solutions AS (AS50304)	1
phase8.net	DIGITALOCEAN-ASN (AS14061)	1
Netsite A/S	Hetzner Online GmbH (AS24940)	1
rackspace.com	RMH-14 (AS33070)	1
tikt.no	Hostinger International Limited (AS47583)	1
netim.net	Domeneshop AS (AS12996)	1
hyp.net	uvensys GmbH (AS58010)	2
co.uk	One.com A/S (AS51468)	3
webspring.se	Telia Company AB (AS3301)	2
AMAZON-02	Telefonica De Espana S.a.u. (AS3352)	1
askunnr.no	SQUARESPACE (AS53831)	1
perf1.com	Iver Norge As (AS57829)	1
Neas Energi Telekom Rorosregionen As	Iver Norge As (AS57829)	1
vadheim.no	OVH SAS (AS16276)	1
DIGITALOCEAN-ASN	Hostek AB (AS61207)	4
netim.net	Informacines sistemos ir technologijos, UAB (AS61272)	1
NetActuate, Inc	SECURITYSERVICES (AS12008)	1
Tietoevry Norway As	Hostinger International Limited (AS47583)	2
kaiserkraft-europa.de	AMAZON-02 (AS16509)	1
MICROSOFT-CORP-MSN-AS-BLOCK	Sentia Denmark A/S (AS47292)	1
MICROSOFT-CORP-MSN-AS-BLOCK	Contabo GmbH (AS51167)	3
ipcom GmbH	IT PAYS AS (AS50562)	1
hosting.de	1&1 Versatel Deutschland GmbH (AS8881)	1
luddigweb.no	Hetzner Online GmbH (AS24940)	3
planeetta.net	MICROSOFT-CORP-MSN-AS-BLOCK (AS8075)	2
team.blue Denmark A/S	GlobalConnect A/S (AS28717)	1
desec.io	Globalconnect As (AS2116)	1
zedality.com	Hetzner Online GmbH (AS24940)	1
Hostpoint AG	AMAZON-02 (AS16509)	1
Webhuset AS	NAMECHEAP-NET (AS22612)	3
firmanett.no	Cloudflare London, LLC (AS209242)	1
mimer.no	CLOUDFLARENET (AS13335)	2
waaf.net	Gaertner Datensysteme GmbH & Co. KG (AS24956)	2
webly.no	ServeTheWorld AS (AS34989)	1
gransy.com	NEW TELEKOM, spol. s r.o. (AS43413)	1
netim.net	GOOGLE-CLOUD-PLATFORM (AS396982)	2
one.com	Bezeq International Ltd. (AS8551)	1
rimuhosting.com	firstcolo GmbH (AS44066)	4
nordkapp.net	team.blue Denmark A/S (AS48854)	1
skycom.dk	Yelles AB (AS206170)	1
Hetzner Online GmbH	Telia Norge AS (AS49455)	3
Kunnskapssektorens Tjenesteleverandor	Gigahost AS (AS56655)	1
shedesign.no	Internet Vikings International AB (AS51747)	1
SECURITYSERVICES	British Telecommunications PLC (AS5400)	1
aname.net	GOOGLE-CLOUD-PLATFORM (AS396982)	1
Braathe AS	Tussa Ikt As (AS203424)	1
vshosting.cloud	MICROSOFT-CORP-MSN-AS-BLOCK (AS8075)	1
Host Europe GmbH	Foreach AS (AS214761)	1
hyp.net	Atman Sp. z o.o. (AS57367)	1
nazar.fo	Tele2 SWIPnet (AS1257)	1
one.com	GOOGLE-2 (AS19527)	4
enterprise.com	EHI-NA-AS-1 (AS13893)	1
nchost.dk	CLOUDFLARENET (AS13335)	1
altidata.net	Wix.com Ltd. (AS58182)	1
CLOUDFLARENET	Rackspace Ltd. (AS15395)	2
bilendi.com	Bilendi Technology SARL (AS51664)	4
acs-europe.de	Neue Medien Muennich GmbH (AS34788)	1
datacity.no	TDC Holding A/S (AS3292)	1
dnsnode.net	AMAZON-02 (AS16509)	1
Hetzner Online GmbH	Blix Solutions AS (AS50304)	1
NUCDN	UpCloud Ltd (AS202053)	1
hyp.net	DNHOST IKE (AS200128)	1
dn-s.nl	CLDIN B.V. (AS48635)	1
CLOUDFLARENET	Esmero Holding B.V. (AS207829)	1
krx.no	WEEBLY (AS27647)	1
perf1.com	AMAZON-02 (AS16509)	6
ipcom GmbH	Cleura AB (AS42695)	1
AMAZON-02	EG Danmark A/S (AS203644)	2
Blix Solutions AS	GOOGLE (AS15169)	2
Norsk Helsenett SF	Orange Business Digital Norway As (AS25148)	2
navipro.se	SINGLEHOP-LLC (AS32475)	1
hostnet.lv	LeaseWeb Netherlands B.V. (AS60781)	1
GlobalConnect AB	MICROSOFT-CORP-MSN-AS-BLOCK (AS8075)	1
hertz.com	INCAPSULA (AS19551)	1
DIMENOC	Webhuset AS (AS39783)	1
avnet.com	EBV ELEKTRONIK GMBH & Co.KG (AS41926)	1
hyp.net	TV 2 AS (AS35703)	1
storstein-nett.no	AMAZON-02 (AS16509)	3
rawr.no	OVH SAS (AS16276)	1
ipcom GmbH	Den Danske Bank A/S (AS12483)	1
register.it	TIM (AS20746)	1
register.it	SEEWEB s.r.l. (AS12637)	1
Nexthop AS	Webhuset AS (AS29486)	2
as41993.net	GOOGLE-CLOUD-PLATFORM (AS396982)	1
Eviny Digital AS	Nte Telekom As (AS34087)	1
smarthosting.no	Nexthop AS (AS49788)	3
okosoft.no	Telenor Norge AS (AS2119)	1
Elisa Oyj	GleSYS AB (AS35382)	1
GANDI SAS	Contabo GmbH (AS51167)	1
fmjuk.net	GleSYS AB (AS42708)	1
xfiber.com	DIGITALOCEAN-ASN (AS14061)	1
one.com	Deutsche Telekom AG (AS3320)	1
onoffice.hu	Invitech ICT Services Kft. (AS12301)	1
atom.com	AMAZON-AES (AS14618)	2
proisp.no	Rackhosting.com ApS (AS31590)	2
as2116.net	Telia Company AB (AS3308)	1
oderland.net	ODERLAND Webbhotell AB (AS44136)	1
nmugroup.com	CGI Sverige AB (AS29217)	1
ti.com	TI-AS (AS161)	1
Safenames Ltd.	Rackspace Ltd. (AS15395)	1
Braathe AS	Emp Secure As (AS28824)	1
witchcloud.net	SINGLEHOP-LLC (AS32475)	2
innit.network	GlobalConnect AB (AS12552)	2
MMC	AMAZON-02 (AS16509)	2
9en.us	Hetzner Online GmbH (AS24940)	1
domaintechnik.at	Ledl.net GmbH (AS25575)	1
CLOUDFLARENET	PACKET (AS54825)	1
dn-s.nl	Uniserver Internet B.V. (AS31673)	1
dnsdomene.net	TZULO (AS11878)	1
loopia.se	Bradler & Krantz GmbH & Co. KG (AS29141)	1
securedomainservice.net	MICROSOFT-CORP-MSN-AS-BLOCK (AS8075)	1
hyp.net	Cloudsigma Ag (AS50837)	1
SCAAM0001	SUCURI-SEC (AS30148)	1
kamy.no	IONOS SE (AS8560)	1
AMAZON-02	Combell NV (AS34762)	1
NUCDN	Telia Cygate AB (AS197308)	1
AMAZON-02	MasterDC s.r.o. (AS24971)	1
netclient.no	Akamai Connected Cloud (AS63949)	2
okosoft.no	GOOGLE-CLOUD-PLATFORM (AS396982)	1
markmonitor.com	ACTIVE 24, s.r.o. (AS25234)	1
morganstanley.net	CSC (AS19574)	1
SECURITYSERVICES	Accenture SAS (AS25593)	2
hyp.net	Sony Network Communications Inc. (AS2527)	1
firmanett.no	OVH SAS (AS16276)	1
lemarit.de	Claas KGaA mbH (AS208868)	2
Wantech AB	Nexthop AS (AS49788)	1
nisecasp.no	GOOGLE-CLOUD-PLATFORM (AS396982)	1
LeaseWeb Netherlands B.V.	FASTER CZ spol. s r.o. (AS24641)	1
loopia.se	Bitpro (AS44764)	1
markmonitor.com	SN4ENDO (AS30039)	3
unh.net	BT Italia S.p.A. (AS3313)	2
nordkapp.net	OVH SAS (AS16276)	1
Hetzner Online GmbH	Nexthop AS (AS60717)	1
hostingpalvelu.fi	Planeetta Internet Oy (AS58003)	3
hjelseth.com	One.com A/S (AS51468)	3
UPHEADS AS	team.blue Denmark A/S (AS48854)	2
Karjaan Puhelin Oy	MICROSOFT-CORP-MSN-AS-BLOCK (AS8075)	2
Telenor Norge AS	FASTER CZ spol. s r.o. (AS24641)	1
drlinux.no	AMAZON-AES (AS14618)	1
CLOUDFLARENET	ID Performance (AS213693)	1
Tietoevry Norway As	Eidsiva Bredband AS (AS29492)	2
prodns.net	Datacenter Luxembourg S.A. (AS24611)	1
ipcom GmbH	ebm-papst Mulfingen GmbH & Co. KG (AS47769)	1
one.com	Its Integra SAS (AS8723)	1
dns-noc.net	AS-VULTR (AS20473)	1
AMAZON-02	FORTRESSITX (AS25653)	1
Elisa Oyj	Optimizely AB (AS30811)	1
Hammerfest Energi Bredbaand AS	AMAZON-02 (AS16509)	4
proisp.no	UPHEADS AS (AS201454)	2
hyp.net	PCL Data AB (AS43071)	1
NSONE	Atman Sp. z o.o. (AS15694)	1
ports.se	Internet Vikings International AB (AS203191)	1
ZONES AS	A2HOSTING (AS55293)	1
CLOUDFLARENET	Eidsiva Bredband AS (AS29492)	3
CLOUDFLARENET	Voxility LLP (AS3223)	1
linode.com	team.blue Denmark A/S (AS48854)	1
ilait.se	GOOGLE-CLOUD-PLATFORM (AS396982)	2
IONOS SE	Hetzner Online GmbH (AS24940)	4
carr.no	Lyse Tele (AS29695)	2
nmugroup.com	Rackhosting.com ApS (AS31590)	1
ZONES AS	Hetzner Online GmbH (AS24940)	2
M247 Europe SRL	Hetzner Online GmbH (AS24940)	1
DIGITALOCEAN-ASN	IT PAYS AS (AS50562)	1
godtsagt.no	Nte Telekom As (AS34087)	1
CLOUDFLARENET	Cibicom A/S (AS3342)	2
PAIR-NETWORKS	SQUARESPACE (AS53831)	1
Webhuset AS	MasterDC s.r.o. (AS24971)	2
swiboda.com	SQUARESPACE (AS53831)	2
AS-VULTR	Global Connectivity Solutions Llp (AS215540)	1
AMAZON-02	Sia Nano IT (AS43513)	1
netpower.no	RMH-14 (AS33070)	1
team.blue Denmark A/S	ServeTheWorld AS (AS34989)	1
123ns.de	Akamai International B.V. (AS20940)	1
ilimit.net	Ilimit Comunicacions S.L. (AS39263)	1
secureserver.net	GO-DADDY-COM-LLC (AS398101)	1
innit.network	GOOGLE-CLOUD-PLATFORM (AS396982)	3
Safenames Ltd.	BROADBANDONE (AS13645)	1
Kunnskapssektorens Tjenesteleverandor	Scaleway S.a.s. (AS12876)	1
ign.as	Iver Norge As (AS57829)	1
bitbit.net	UUNET (AS702)	1
timmehosting.de	23M GmbH (AS47447)	1
hjelseth.com	Blix Solutions AS (AS50304)	3
AMAZON-02	Vodafone Spain (AS12430)	1
SECURITYSERVICES	RFT kabel Brandenburg GmbH (AS35205)	1
named.be	Pi-group Bv (AS48137)	1
hyp.net	HAWKHOST (AS20068)	1
ANEXIA Internetdienstleistungs GmbH	Telia Norge AS (AS49455)	1
Webhuset AS	Austevoll Kraftlag BA (AS58264)	1
one.com	Svorka AS (AS206260)	4
Webhuset AS	JSC Selectel (AS49505)	1
vitnett.no	Blix Solutions AS (AS50304)	1
AVUR AS	GOOGLE-CLOUD-PLATFORM (AS396982)	1
esunnmore.no	Cloudflare London, LLC (AS209242)	1
CLOUDFLARENET	GANDI SAS (AS203476)	1
interna.me	Cyber_Folks S.A. (AS41079)	1
one.com	PRGMR (AS47066)	1
Lyse Tele	UAB Interneto vizija (AS212531)	1
GANDI SAS	Hetzner Online GmbH (AS24940)	6
register.it	Loopia AB (AS39570)	1
european-server.com	GOOGLE-CLOUD-PLATFORM (AS396982)	1
SKODA AUTO a.s.	AMAZON-02 (AS16509)	1
increo.com	Gigahost AS (AS56655)	1
SECURITYSERVICES	CENTURYLINK-LEGACY-SAVVIS (AS3561)	1
porridgefactory.com	NAMECHEAP-NET (AS22612)	2
runbox.net	NTHL (AS11042)	2
skanska.net	Optimizely AB (AS30811)	2
hyp.net	Datacamp Limited (AS60068)	2
Akamai Connected Cloud	Netpower IT Solutions AS (AS48680)	1
koneo.net	mono solutions ApS (AS201595)	1
loopia.se	Tietoevry Norway As (AS13243)	6
sircon.net	ServeTheWorld AS (AS34989)	3
Host Europe GmbH	Mittwald CM Service GmbH & Co. KG (AS15817)	2
Nexthop AS	Webhuset AS (AS39783)	1
nameshield.net	BLT-US-01 (AS21721)	1
ipcom GmbH	WIIT AG (AS24961)	1
altidata.net	AMAZON-02 (AS16509)	5
Nexthop AS	Webdock.io ApS (AS44803)	1
Advania Norge As	FASTLY (AS54113)	1
nhgit.net	Suomi Communications Oy (AS16302)	1
dnsdomene.net	AS-VULTR (AS20473)	2
NEXCESS-NET	CLOUDFLARENET (AS13335)	6
gov.ie	Irish Government (AS15806)	2
xetnet.com	ElmoNet Oy (AS8829)	1
Monsternett AS	Nte Telekom As (AS34087)	1
online4u.no	Hostup AB (AS214640)	1
one.com	Kepler Technologies AB (AS212220)	1
Cloud DNS Ltd	DIGITALOCEAN-ASN (AS14061)	2
ig-1.net	Iguane Solutions SAS (AS39605)	1
hyp.net	Advania Norge As (AS198931)	1
phpoint.net	GleSYS AB (AS35382)	1
vlfk.no	Vestland Fylkeskommune (AS50217)	1
MICROSOFT-CORP-MSN-AS-BLOCK	HASBRO (AS32025)	3
name-services.com	Blix Solutions AS (AS50304)	11
one.com	ATLANTIC-NET-1 (AS6364)	2
hyp.net	CS LOXINFO Public Company Limited. (AS9891)	1
CLOUDFLARENET	Iteam 10 As (AS202128)	1
one.com	IPXO (AS834)	1
swiftycdn.net	Melbikomas UAB (AS56630)	1
markmonitor.com	CSC (AS19574)	2
zumedns.com	UK Dedicated Servers Limited (AS42831)	1
midtowndoornailns.com	AMAZON-02 (AS16509)	1
gemonn.com	GOOGLE-CLOUD-PLATFORM (AS396982)	2
benders.se	Benders Sverige AB (AS62116)	3
ns14.net	ORACLE-BMC-31898 (AS31898)	1
one.com	AS40676 (AS40676)	1
apollohosting.com	BIZLAND-SD (AS29873)	1
CLOUDFLARENET	Lyse Tele (AS203995)	1
co.uk	DIGITALOCEAN-ASN (AS14061)	1
rackfish.net	team.blue Denmark A/S (AS48854)	1
SECURITYSERVICES	Mittwald CM Service GmbH & Co. KG (AS15817)	2
nicsdata.no	Globalconnect As (AS2116)	3
hyp.net	Hostkey B.v. (AS57043)	1
GANDI SAS	Visma Software International AS (AS61213)	2
pro-9.com	PRO-9 SIA (AS50731)	1
nordicdns.net	ServeTheWorld AS (AS34989)	3
CLDIN B.V.	Vancis IP B.V. (AS15879)	1
increo.com	Webhuset AS (AS39783)	1
markmonitor.com	ODERLAND Webbhotell AB (AS44136)	1
Eviny Digital AS	Globalconnect As (AS2116)	2
topnet.nu	ODERLAND Webbhotell AB (AS44136)	2
team.blue Denmark A/S	COGENT-174 (AS174)	1
Tietoevry Norway As	Orange Business Digital Norway As (AS25148)	2
one.com	UKDedicated LTD (AS34282)	3
DIGICERT	Lyse Tele (AS203995)	1
Telenor Norge AS	RMH-14 (AS33070)	1
bitbit.net	Ficolo Oy (AS49282)	2
netpower.no	Optimizely AB (AS30811)	1
hyp.net	Cygrids Communications AB (AS34941)	2
ServeTheWorld AS	OVH SAS (AS16276)	1
netbox.no	CLOUDFLARENET (AS13335)	5
mywahosting.com	AMAZON-AES (AS14618)	1
dns.services	Norlys Digital A/S (AS39642)	1
NetActuate, Inc	ODERLAND Webbhotell AB (AS44136)	1
AMAZON-02	GlobalConnect A/S (AS31027)	2
Hetzner Online GmbH	AS-VULTR (AS20473)	2
tuthost.com	Denis Pavlovich Semenyuk (AS44820)	1
kylos.pl	LH.pl Sp. z o.o. (AS203417)	3
truefalsehosting.com	Hetzner Online GmbH (AS24940)	1
Nexthop AS	Akamai Connected Cloud (AS63949)	2
ANEXIA Internetdienstleistungs GmbH	Krystal Hosting Ltd (AS12488)	3
SECURITYSERVICES	34SP.com Limited (AS41357)	1
bitbit.net	Akamai Connected Cloud (AS63949)	2
Advania Norge As	Karjaan Puhelin Oy (AS42343)	1
domainhotelli.fi	Planeetta Internet Oy (AS58003)	2
basefarm.net	COGECO-PEER1 (AS13768)	1
hyp.net	RUN Communications AB (AS197557)	1
dnsnet.no	GOOGLE (AS15169)	1
smarthosting.no	UPHEADS AS (AS201454)	1
hostnet.nl	Signet B.V. (AS20857)	1
Localhost As	Optimizely AB (AS30811)	1
bitbit.net	Miss Hosting AB (AS200719)	1
CLOUDFLARENET	CYBERCON (AS7393)	2
ServeTheWorld AS	team.blue Denmark A/S (AS48854)	1
NetActuate, Inc	AUTOMATTIC (AS2635)	1
as2116.net	Webhuset AS (AS39783)	3
hyp.net	Deutsche Telekom AG (AS3320)	3
IMC AS	Telenor Norge AS (AS2119)	1
markmonitor.com	AVAYA (AS18676)	1
drgn.no	Advania Island ehf (AS50613)	1
one.com	Neas Energi Telekom Rorosregionen As (AS48863)	1
nominandum.no	Hetzner Online GmbH (AS24940)	3
AMAZON-02	Telia Cygate AB (AS197308)	2
hyp.net	REPRISE-HOSTING (AS62838)	1
proisp.no	The Positive Internet Company Ltd (AS21260)	1
Webhuset AS	Telia Cygate AB (AS197308)	2
ANEXIA Internetdienstleistungs GmbH	COGECO-PEER1 (AS13768)	1
atznet.dk	Christian Ebsen ApS (AS62121)	4
NETWORK-SOLUTIONS-HOSTING	NETWORK-SOLUTIONS-HOSTING (AS19871)	10
markmonitor.com	Proximus NV (AS5432)	1
isphuset.no	GOOGLE-CLOUD-PLATFORM (AS396982)	1
ford.com	GOOGLE-CLOUD-PLATFORM (AS396982)	1
nameshield.net	Serverius Holding B.V. (AS50673)	1
Nexthop AS	Nexthop AS (AS60130)	1
itpays.net	WEEBLY (AS27647)	4
firmanett.no	DIGITALOCEAN-ASN (AS14061)	1
ceti.pl	CETI s.c. (AS15541)	1
Safenames Ltd.	Eviny Digital AS (AS8542)	2
MICROSOFT-CORP-MSN-AS-BLOCK	UAB Interneto vizija (AS212531)	1
driftshotellet.com	84 Grams AB (AS57630)	2
nordkapp.net	Akamai Connected Cloud (AS63949)	1
iplace.se	DHIVEHI RAAJJEYGE GULHUN PLC (AS7642)	2
desec.io	OVH SAS (AS16276)	1
dnsdomene.net	Iver Norge As (AS57829)	1
okosoft.no	Tele2 SWIPnet (AS1257)	1
SECURITYSERVICES	TDC Holding A/S (AS3292)	3
itl.no	Rackspace Ltd. (AS15395)	2
GOOGLE	Gigahost AS (AS56655)	1
as41993.net	FASTLY (AS54113)	1
netbox.no	MICROSOFT-CORP-MSN-AS-BLOCK (AS8075)	1
one.com	Kualo Limited (AS204436)	1
hexonet.net	Pulsant (Scotland) Ltd (AS12703)	1
proisp.no	34SP.com Limited (AS41357)	1
almic.eu	Cloudflare London, LLC (AS209242)	1
Telia Norge AS	Webhuset AS (AS29486)	1
123onweb.no	CLOUDFLARENET (AS13335)	2
SECURITYSERVICES	NCL-203-396290 (AS396290)	4
Nte Telekom As	Eviny Digital AS (AS8542)	3
BUNNYWAY, informacijske storitve d.o.o.	UK-2 Limited (AS13213)	1
one.com	FSKNET-DK Forskningsnettet - Danish network for Research and Education (AS1835)	1
AUTOMATTIC	CLOUDFLARENET (AS13335)	3
MICROSOFT-CORP-MSN-AS-BLOCK	velia.net Internetdienste GmbH (AS29066)	4
ugfischer.com	fischerwerke GmbH & Co. KG (AS207404)	1
hyp.net	WII (AS32097)	3
Monsternett AS	Domeneshop AS (AS12996)	1
onlinegitar.no	Blix Solutions AS (AS50304)	2
parklogic.com	Akamai Connected Cloud (AS63949)	1
Advania Norge As	Bitpro (AS44764)	1
CGI Sverige AB	One.com A/S (AS51468)	2
iserv.no	GOOGLE-CLOUD-PLATFORM (AS396982)	3
UPHEADS AS	Netpower IT Solutions AS (AS48680)	2
Neas Energi Telekom Rorosregionen As	GANDI SAS (AS203476)	1
garnesdata.no	DIGITALOCEAN-ASN (AS14061)	1
dn-s.nl	OVH SAS (AS16276)	1
Liden Data Internetwork AB	FASTLY (AS54113)	2
Telenor Norge AS	UNIFIEDLAYER-AS-1 (AS46606)	2
ipcom GmbH	WHG Hosting Services Ltd (AS51713)	1
Elisa Oyj	GOOGLE (AS15169)	1
as2116.net	SOFTLAYER (AS36351)	1
ksat.no	Kunnskapssektorens Tjenesteleverandor (AS224)	1
NUCDN	Telia Norge AS (AS12929)	1
vitnett.no	SQUARESPACE (AS53831)	3
SECURITYSERVICES	ServeTheWorld AS (AS34989)	2
agilerig.no	Internet Vikings International AB (AS51747)	1
loopia.se	Viken Fiber AS (AS62225)	2
gransy.com	Hetzner Online GmbH (AS24940)	1
frh.no	Telenor Norge AS (AS2119)	1
Advania Norge As	ITsjefen AS (AS44381)	1
AMAZON-02	TicMate AB (AS199543)	3
ZONER a.s.	AMAZON-AES (AS14618)	1
sircon.net	team.blue Denmark A/S (AS48854)	1
hyp.net	M247 Europe SRL (AS9009)	2
namehero.net	NAMEHERO-KCDC (AS399250)	1
ZONES AS	CLOUDFLARENET (AS13335)	1
ns14.net	Globalconnect As (AS2116)	1
MICROSOFT-CORP-MSN-AS-BLOCK	KUES DATA GmbH (AS203412)	1
MICROSOFT-CORP-MSN-AS-BLOCK	AxByte Internet Services AB (AS43853)	1
Nexthop AS	Tussa Ikt As (AS203424)	1
Webhuset AS	HWSERVICES-32400 (AS32400)	1
Tietoevry Norway As	Rackspace Ltd. (AS15395)	1
tellnes.com	AMAZON-02 (AS16509)	3
NUCDN	OVH SAS (AS16276)	2
CLDIN B.V.	CLOUDFLARENET (AS13335)	1
online4u.no	Neas Energi Telekom As (AS52157)	1
SECURITYSERVICES	AVERYDENNISON-AS (AS54914)	1
NSONE	SECURITYSERVICES (AS19905)	1
Webhuset AS	Ikt-kapasiteter (AS49278)	1
podi.dk	team.blue Denmark A/S (AS48854)	1
carr.no	SQUARESPACE (AS53831)	1
SECURITYSERVICES	Advania Norge As (AS31264)	1
hyp.net	HostSlim B.V. (AS207083)	1
Henning Solberg	Henning Solberg (AS29607)	1
nemo7.de	Vautron Rechenzentrum AG (AS25504)	1
supremedns.com	MICROSOFT-CORP-MSN-AS-BLOCK (AS8075)	2
markmonitor.com	Costa Crociere S.p.a. (AS198772)	1
preo.no	Internet Vikings International AB (AS51747)	1
tvlport.com	TRAVELPORT (AS19631)	1
dis-hosting.eu	EasyTeam SAS (AS20986)	1
one.com	Dataspace P.s.a. (AS50599)	1
ANEXIA Internetdienstleistungs GmbH	Emp Secure As (AS28824)	2
innit.network	CLOUDFLARENET (AS13335)	3
Statens Vegvesen	MICROSOFT-CORP-MSN-AS-BLOCK (AS8075)	2
Nte Telekom As	VCS-AS (AS14383)	1
CLOUDFLARENET	Cloud City Oy (AS202509)	1
itpays.net	Mojohost B.v. (AS42567)	1
InterNetX GmbH	FASTLY (AS54113)	1
Webhuset AS	GlobalConnect A/S (AS31027)	4
Underworld	Lyse Tele (AS29695)	1
basefarm.net	CSC (AS19574)	1
Host Europe GmbH	The Infrastructure Group B.V. (AS60404)	1
storstein-nett.no	GleSYS AB (AS42708)	1
Telia Norge AS	Domeneshop AS (AS12996)	3
Nexthop AS	IP Group AS (AS16186)	1
Enivest AS	WEEBLY (AS27647)	1
shockmedia.nl	Hostinger International Limited (AS47583)	1
itsjefen.no	Nexthop AS (AS49788)	1
dnsdomene.net	Rackhosting.com ApS (AS31590)	1
one.com	Hyundai AutoEver Europe GmbH (AS51527)	1
Host Europe GmbH	Akamai Connected Cloud (AS63949)	3
hyp.net	BIGSCOOTS (AS394303)	2
hyp.net	Host SpA (AS47242)	1
webbplatsen.se	UpCloud Ltd (AS202053)	1
ServeTheWorld AS	Viken Fiber AS (AS62225)	1
statped.no	DIGITALOCEAN-ASN (AS14061)	1
ns14.net	GOOGLE-CLOUD-PLATFORM (AS396982)	1
linode.com	GleSYS AB (AS42708)	1
GANDI SAS	Sognenett AS (AS31169)	2
swiboda.com	One.com A/S (AS51468)	1
copyleft.no	Batterflyai Media ltd. (AS59580)	1
loopia.se	Equinix (EMEA) Acquisition Enterprises B.V. (AS15830)	1
Hetzner Online GmbH	ONTARIO-TELEPHONE-COMPANY (AS395685)	1
proisp.no	Hetzner Online GmbH (AS213230)	1
DIGICERT	Advania Norge As (AS31264)	1
Elisa Oyj	DIGITALOCEAN-ASN (AS14061)	1
InterNetX GmbH	Iver Norge As (AS57829)	2
syrahost.com	Dreamscape Networks Limited (AS38719)	2
hyp.net	AS-TING-BACKBONE (AS32133)	1
team.blue Denmark A/S	Telia Company AB (AS3308)	2
AMAZON-02	Signet B.V. (AS35470)	1
team.blue Denmark A/S	Hostinger International Limited (AS47583)	2
mijndnsserver.nl	DataFiber Group B.V. (AS42755)	1
Eidsiva Bredband AS	One.com A/S (AS51468)	2
loopia.se	Bredband2 AB (AS29518)	2
thednscompany.com	Previder B.V. (AS20847)	1
DIGICERT	ODERLAND Webbhotell AB (AS44136)	6
Host Europe GmbH	UUNET (AS702)	1
ANEXIA Internetdienstleistungs GmbH	Globalconnect As (AS8896)	2
itsjefen.no	DIGITALOCEAN-ASN (AS14061)	1
myhostdns.com	HVC-AS (AS29802)	1
itpays.net	OVH SAS (AS16276)	1
UPHEADS AS	Telenor Norge AS (AS2119)	3
serveriai.lt	CLOUDFLARENET (AS13335)	3
Safety Computing AS	Domeneshop AS (AS12996)	3
cxloyalty.com	SQUARESPACE (AS53831)	1
spxflow.com	MICROSOFT-CORP-MSN-AS-BLOCK (AS8075)	1
NUCDN	Blacknight Internet Solutions Limited (AS39122)	1
one.com	LEASEWEB-USA-WDC (AS30633)	2
MICROSOFT-CORP-MSN-AS-BLOCK	Cegeka NV (AS9166)	1
hjelseth.com	Advania Norge As (AS31264)	1
Cloud DNS Ltd	Alibaba US Technology Co., Ltd. (AS45102)	2
hostup.se	CLOUDFLARENET (AS13335)	1
fastdns24.com	P.a.g.m. Ou (AS198068)	1
NUCDN	Signet B.V. (AS21155)	1
godtsagt.no	Iver Norge As (AS49409)	1
Deutsche Telekom AG	Hetzner Online GmbH (AS24940)	2
european-server.com	DIGITALOCEAN-ASN (AS14061)	2
Host Europe GmbH	Eclit Bilisim Hizmetleri A.S (AS50941)	1
upheads.cloud	DIGITALOCEAN-ASN (AS14061)	1
netclient.no	GOOGLE-CLOUD-PLATFORM (AS396982)	1
GleSYS AB	Internet Vikings International AB (AS203800)	2
Nte Telekom As	GOOGLE (AS15169)	1
UPHEADS AS	PS Internet Company LLP (AS48716)	1
wayscloud.dk	ServeTheWorld AS (AS34989)	2
HURRICANE	Telenor Norge AS (AS2119)	2
Lyse Tele	Blix Solutions AS (AS50304)	2
Akamai International B.V.	INCAPSULA (AS19551)	2
serveriai.lt	SQUARESPACE (AS53831)	1
SECURITYSERVICES	Eidsiva Bredband AS (AS29492)	2
dnsdomene.net	FORTRESSITX (AS25653)	1
GOOGLE	IQ PL Sp. z o.o. (AS47544)	1
cscudns.com	SECURITYSERVICES (AS12008)	2
hostiq.ua	PE Skurykhin Mukola Volodumurovuch (AS56851)	2
nordkapp.net	GleSYS AB (AS42708)	1
SECURITYSERVICES	F5 Networks SARL (AS35280)	1
eu.net	Globalconnect As (AS2116)	1
kaizendns.com	LIQUIDWEB (AS32244)	2
frei.net	Equinix (EMEA) Acquisition Enterprises B.V. (AS15830)	2
securedomainservice.net	Telenor Norge AS (AS2119)	1
bedsys.net	GlobalConnect AB (AS12552)	1
hosting.de	Hosting.de GmbH (AS12574)	1
netclient.no	One.com A/S (AS51468)	1
hyp.net	PONYNET (AS53667)	1
GleSYS AB	Internet Vikings International AB (AS16312)	1
GleSYS AB	CLOUDFLARENET (AS13335)	1
altidata.net	GOOGLE (AS15169)	1
Contabo GmbH	AUTOMATTIC (AS2635)	1
internex.at	InterNetX GmbH (AS15456)	1
topsec.com	Kualo Limited (AS204436)	1
cdns.no	Akamai Connected Cloud (AS63949)	3
proisp.no	Miss Hosting AB (AS200719)	1
CTS Eventim Solutions GmbH	CTS Eventim Solutions GmbH (AS204253)	4
SECURITYSERVICES	PANDG (AS11003)	1
Host Europe GmbH	ServeTheWorld AS (AS34989)	2
Fujitsu Invia Finland IP-network	MICROSOFT-CORP-MSN-AS-BLOCK (AS8075)	1
team.blue Denmark A/S	RENDER (AS397273)	2
SECURITYSERVICES	Advania Sverige AB (AS202780)	1
kanhotel.net	DIGITALOCEAN-ASN (AS14061)	1
she.de	TWL-Kom GmbH (AS9022)	1
dalaker.com	Lyse Tele (AS29695)	1
register.it	MICROSOFT-CORP-MSN-AS-BLOCK (AS8075)	2
one.com	LF.net Netzwerksysteme GmbH (AS12374)	1
tele.net	Russmedia IT GmbH (AS5385)	2
reg365.net	Team Blue Internet Services Uk Limited (AS8622)	1
vhosting.no	Bluestone AS (AS49952)	1
ferranti.be	Telenet BV (AS6848)	1
Telenor Norge AS	MCKINSEY-GLOBAL (AS395366)	1
serverhostgroup.com	OVH SAS (AS16276)	4
1and1-dns.com	OVH SAS (AS16276)	1
netclient.no	AMAZON-AES (AS14618)	1
i-net-hosting.net	Hetzner Online GmbH (AS24940)	3
dns.nexus	LIQUIDWEB (AS32244)	1
hyp.net	CONFLUENCE-NETWORK-INC (AS40034)	2
loopia.se	AS-26496-GO-DADDY-COM-LLC (AS26496)	1
okhysing.is	DIGITALOCEAN-ASN (AS14061)	1
sqr.cloud	Cyso Group B.V. (AS25151)	4
123onweb.no	MICROSOFT-CORP-MSN-AS-BLOCK (AS8075)	2
beebyte.se	Cloudflare London, LLC (AS209242)	1
superhosting.bg	SuperHosting.BG Ltd. (AS201200)	2
Nordea Bank Abp	DXC Technology Danmark A/S (AS29156)	1
CLOUDFLARENET	Net-Build GmbH (AS38927)	1
cloud3001.com	WHG Hosting Services Ltd (AS36218)	1
bios-online.de	LUMEN-LEGACY-L3-CUSTOMER-SHARED-USE (AS10753)	2
Neas Energi Telekom Rorosregionen As	SQUARESPACE (AS53831)	2
banahosting.com	SINGLEHOP-LLC (AS32475)	2
Akamai Connected Cloud	Telehouse EAD (AS57344)	1
invid.se	ODERLAND Webbhotell AB (AS44136)	1
InterNetX GmbH	DIGITALOCEAN-ASN (AS14061)	2
mngd-hosting.com	Supporta Interactiva B.V. (AS205316)	1
Hostpoint AG	METANET AG (AS21069)	1
hyp.net	SERVERROOM (AS19624)	4
ipcom GmbH	NSAI (AS23446)	1
NUCDN	Optimizely AB (AS30811)	7
SECURITYSERVICES	Tafjord Connect AS (AS15765)	1
saint-gobain.com	Optimizely AB (AS30811)	1
storstein-nett.no	DIGITALOCEAN-ASN (AS14061)	1
hyp.net	CENTURYLINK-US-LEGACY-QWEST (AS209)	1
iplace.se	GlobalConnect AB (AS12552)	2
one.com	Heart Internet limited (AS20738)	5
Norsk Helsenett SF	Administrator Systems AS (AS20741)	1
Cloud DNS Ltd	Wix.com Ltd. (AS58182)	1
itsjefen.no	Foreach AS (AS214761)	2
mecalux.com	UUNET (AS702)	1
ASN-MEDTRONIC-1	ASN-MEDTRONIC-1 (AS13684)	3
NUCDN	GTT Communications Inc. (AS3257)	1
domain-hosting.name	IONOS SE (AS8560)	2
coretrek.net	SQUARESPACE (AS53831)	1
storstein-nett.no	Webhuset AS (AS29486)	1
imr.no	Hetzner Online GmbH (AS24940)	1
Host Europe GmbH	Telia Cygate AB (AS197308)	1
lemarit.de	FASTLY (AS54113)	1
ports.se	Vitec Software Group AB (AS197332)	4
bjolab.net	Kunnskapssektorens Tjenesteleverandor (AS224)	1
Xylem Water Solutions Global Services Ab	UUNET (AS702)	1
memset.com	MEMSET Ltd (AS50957)	1
interhost.no	Globalconnect As (AS2116)	5
schindler.com	FASTLY (AS54113)	1
garnesdata.no	Webhuset AS (AS39783)	3
as2116.net	Cloudflare London, LLC (AS209242)	5
Neas Energi Telekom Rorosregionen As	Domeneshop AS (AS12996)	2
dnsdomene.net	evolvit Solutions AB (AS205834)	1
hostboogie.com	SSASN2 (AS20454)	1
team.blue Denmark A/S	FASTLY (AS54113)	1
hyp.net	Hofmeir Media GmbH (AS196922)	1
lf.net	LF.net Netzwerksysteme GmbH (AS12374)	1
zoneedit.com	Studentersamfundet i Trondhjem (AS58302)	1
Contabo GmbH	Tietoevry Norway As (AS13243)	1
netclient.no	CLOUDFLARENET (AS13335)	6
ANEXIA Internetdienstleistungs GmbH	Nte Telekom As (AS34087)	1
Cloud DNS Ltd	FIBIA P/S (AS44869)	1
webhotel24.se	GlobalConnect AB (AS12552)	1
mynewserver.com	Hetzner Online GmbH (AS24940)	1
SECURITYSERVICES	Monsternett AS (AS201577)	1
hyp.net	Surfnett AS (AS212500)	1
estpak.ee	Telia Eesti AS (AS3249)	1
dep.no	Telenor Norge AS (AS2119)	2
CLOUDFLARENET	CLDIN B.V. (AS48635)	2
AS-VULTR	CLOUDFLARENET (AS13335)	1
SECURITYSERVICES	Dravanet Co Ltd. (AS197248)	2
hyp.net	CZECH IT CLUSTER, druzstvo (AS12344)	3
Tafjord Connect AS	SQUARESPACE (AS53831)	1
nixus.info	DIGITALOCEAN-ASN (AS14061)	1
ipcom GmbH	genesys informatica srl (AS24994)	1
hyp.net	Adacor Hosting GmbH (AS42442)	1
clusterhaven.com	AS-VULTR (AS20473)	2
Eidsiva Bredband AS	Hetzner Online GmbH (AS24940)	1
Telenor Norge AS	Scaleway S.a.s. (AS12876)	1
webb-partner.se	Telia Company AB (AS3301)	1
straznet.se	MICROSOFT-CORP-MSN-AS-BLOCK (AS8075)	1
NSONE	CLOUDFLARENET (AS13335)	3
gota.net	SH.cz s.r.o. (AS39392)	1
Monsternett AS	Lyse Tele (AS29695)	1
loopia.se	Hostinger International Limited (AS47583)	5
DIGICERT	Lyse Tele (AS29695)	1
ports.se	Binero AB (AS35041)	1
Globalconnect As	Schibsted ASA (AS21171)	2
itpays.net	Transdata AS (AS29479)	1
etechdomainhosting.com	NETWORK-SOLUTIONS-HOSTING (AS19871)	1
Localhost As	team.blue Denmark A/S (AS48854)	1
oslo.no	Kunnskapssektorens Tjenesteleverandor (AS224)	1
Bahnhof AB	MICROSOFT-CORP-MSN-AS-BLOCK (AS8075)	1
one.com	P.a.g.m. Ou (AS198068)	2
afraid.org	DIGITALOCEAN-ASN (AS14061)	1
tieto.com	SOFTLAYER (AS36351)	1
GOOGLE	RENDER (AS397273)	2
CLOUDFLARENET	DATAPIPE-SEA (AS22205)	1
Strato GmbH	AMAZON-02 (AS16509)	1
GOOGLE	InterNetX GmbH (AS15456)	2
Host Europe GmbH	Advania Norge As (AS31264)	1
iplace.se	Hetzner Online GmbH (AS24940)	2
lovellsnames.org	One.com A/S (AS51468)	2
nameshield.net	CLOUDFLARENET (AS13335)	1
Norsk Helsenett SF	Nexthop AS (AS49788)	3
Webhuset AS	Move AS (AS200163)	1
netsons.net	Netsons s.r.l. (AS60087)	3
hyp.net	LIQUIDWEB (AS53824)	1
SECURITYSERVICES	TNG Stadtnetz GmbH (AS13101)	1
Norsk Helsenett SF	Akamai Connected Cloud (AS63949)	2
ipcom GmbH	Internet Vikings International AB (AS202922)	1
Telenor Norge AS	Rackhosting.com ApS (AS31590)	2
triuvare-webhosting.fi	FASTLY (AS54113)	1
Webhuset AS	AVUR AS (AS50272)	1
hyp.net	EDIS GmbH (AS57169)	2
dhosting.pl Sp. z o.o.	LH.pl Sp. z o.o. (AS203417)	1
hostinger.lt	Hostinger International Limited (AS47583)	1
CLOUDFLARENET	O2 Czech Republic, a.s. (AS5610)	1
CLOUDFLARENET	Adeo Datacenter ApS (AS202914)	1
NUCDN	Spark for Information Technology Services Ltd (AS208570)	1
sac-it.dk	GOOGLE-CLOUD-PLATFORM (AS396982)	1
Telenor Norge AS	Mittwald CM Service GmbH & Co. KG (AS15817)	1
gersh.no	GlobalConnect AB (AS12552)	1
Eidsiva Bredband AS	Hostinger International Limited (AS47583)	1
campingsearch.net	Ops One AG (AS198249)	1
DIGICERT	Tele2 SWIPnet (AS1257)	3
loopia.se	Domeneshop AS (AS12996)	1
Telenor Norge AS	COMCAST-7922 (AS7922)	1
one.com	Silistra Telecom Solutions Ltd. (AS198228)	2
servatica.com	Servatica Technologies, S.L. (AS31653)	2
as2116.net	ServeTheWorld AS (AS34989)	4
Nexthop AS	Braathe AS (AS21119)	1
dnsimple.com	GOOGLE-CLOUD-PLATFORM (AS396982)	2
webd.pl	Naukowa I Akademicka Siec Komputerowa - Panstwowy Instytut Badawczy (AS8308)	3
vhosting.no	mono solutions ApS (AS201595)	1
CLOUDFLARENET	VEV Romerike AS (AS43568)	2
kortermann-hosting.dk	team.blue Denmark A/S (AS48854)	1
itpays.net	GOOGLE (AS15169)	3
jpmorganchase.com	adesso as a service GmbH (AS44152)	3
netclient.no	AS-VULTR (AS20473)	1
nameshield.net	Domeneshop AS (AS12996)	2
itpays.net	Zone Media OU (AS49604)	1
ascio.com	Internet Vikings International AB (AS203625)	1
nameshield.net	Loopia AB (AS39570)	2
thin.no	SQUARESPACE (AS53831)	1
co.uk	SamsungSDS Inc. (AS6619)	1
ORACLE-BMC-31898	Voss Fiber AS (AS210150)	1
telenorexpo.no	Telenor Norge AS (AS2119)	3
Akamai Connected Cloud	Nexthop AS (AS60717)	1
Webhuset AS	Localhost As (AS199990)	2
as2116.net	AMAZON-AES (AS14618)	1
hyp.net	ungleich glarus ag (AS213081)	2
hyp.net	UAB Baltnetos komunikacijos (AS15440)	1
ns14.net	CLOUDFLARENET (AS13335)	3
dnsdomene.net	Hostup AB (AS214640)	1
Hetzner Online GmbH	Hostek AB (AS61207)	2
nisecasp.no	Wix.com Ltd. (AS58182)	1
CLOUDFLARENET	Monsternett AS (AS201577)	1
loopia.se	UpCloud Ltd (AS202053)	2
ilait.se	Hetzner Online GmbH (AS24940)	1
ANEXIA Internetdienstleistungs GmbH	Hexabyte AB (AS215273)	1
CLOUDFLARENET	SpanningNetworks AS (AS212514)	1
as2116.net	Akamai Connected Cloud (AS63949)	1
lemarit.de	Hetzner Online GmbH (AS24940)	5
cdnetdns.net	AMAZON-02 (AS16509)	1
one.com	Mittwald CM Service GmbH & Co. KG (AS15817)	2
AMAZON-02	Retelit Digital Services S.p.A. (AS3302)	2
dnshostcentral.com	UK Dedicated Servers Limited (AS42831)	1
GANDI SAS	Innofactor Software Oy (AS43499)	1
markmonitor.com	Bluewin (AS3303)	1
forss.net	Synotio AB (AS203605)	1
Telenor Norge AS	Telenor Norge AS (AS200168)	1
registrar-servers.com	GOOGLE-CLOUD-PLATFORM (AS396982)	1
ns14.net	firstcolo GmbH (AS44066)	2
GOOGLE	Globalconnect As (AS2116)	4
BMS-AS	GlobalConnect AB (AS12552)	2
ANEXIA Internetdienstleistungs GmbH	Tussa Ikt As (AS203424)	2
rackforest.com	Rackforest Zrt. (AS62214)	1
web-solutions.dk	Telenor Norge AS (AS2119)	2
itsjefen.no	Domeneshop AS (AS12996)	1
ACTIVE 24, s.r.o.	Binero AB (AS35041)	2
phpwebhosting.com	SINGLEHOP-LLC (AS32475)	1
firmanett.no	A2HOSTING (AS55293)	1
Tietoevry Oyj	Optimizely AB (AS30811)	1
tarhelyszakerto.hu	Giganet Internet Szolgaltato Kft (AS42864)	1
hvilket.net	Lyse Tele (AS29695)	1
ports.se	Tafjord Connect AS (AS15765)	1
linode.com	AMAZON-02 (AS16509)	1
itpays.net	Neas Energi Telekom As (AS52157)	1
vmi.se	CLOUDFLARENET (AS13335)	2
Blix Solutions AS	Telia Norge AS (AS41164)	1
tagestad.net	Blix Solutions AS (AS50304)	1
internic.at	Telekom Austria (AS8447)	1
ANEXIA Internetdienstleistungs GmbH	Netpower IT Solutions AS (AS48680)	1
SECURITYSERVICES	Redcentric Solutions Ltd (AS15533)	1
InterNetX GmbH	ODERLAND Webbhotell AB (AS44136)	2
dnsimple.com	Hetzner Online GmbH (AS24940)	1
dnsdomene.net	NetActuate, Inc (AS63911)	1
crossnet.se	GlobalConnect AB (AS12552)	1
hyp.net	Team Blue Carrier Limited (AS29550)	2
logitech.com	AMAZON-02 (AS16509)	1
iplace.se	Iver Norge As (AS57829)	1
linqhost.eu	Optimizely AB (AS30811)	1
Akamai Connected Cloud	mono solutions ApS (AS201595)	2
Host Europe GmbH	TimeWeb LLC (AS9123)	1
nearcloud.se	CGI Norge AS (AS25225)	1
DIGITALOCEAN-ASN	Hostinger International Limited (AS47583)	2
dnsimple.com	FASTLY (AS54113)	1
ns25.de	Contabo GmbH (AS51167)	1
Tietoevry Norway As	Nte Telekom As (AS34087)	1
itpays.net	RENDER (AS397273)	1
hyp.net	ASN-HRNET (AS23522)	1
proisp.no	SINGLEHOP-LLC (AS32475)	2
innit.network	UNIFIEDLAYER-AS-1 (AS46606)	1
web-solutions.dk	TDC Holding A/S (AS3292)	4
domserver.de	INGATE GmbH (AS49435)	1
loopia.se	Transtema Fiberdata AB (AS197603)	1
ballou.se	Hostek AB (AS29024)	2
marathontrainingschedule.com	PRIVATESYSTEMS (AS63410)	1
GTS Telecom SRL	GTS Telecom SRL (AS5606)	3
sks.no	MICROSOFT-CORP-MSN-AS-BLOCK (AS8075)	1
GleSYS AB	Loopia AB (AS39570)	1
team.blue Denmark A/S	Enflow B.V. (AS209626)	4
Cloud DNS Ltd	OVH SAS (AS16276)	2
cyberbook.no	Cyberse GmbH & Co. KG (AS208208)	1
manitu.net	manitu GmbH (AS34240)	2
InterNetX GmbH	OVH SAS (AS16276)	2
vhosting.no	Nexthop AS (AS60717)	3
lashcode.us	OVH SAS (AS16276)	1
OVH SAS	CLOUDFLARENET (AS13335)	1
AMAZON-02	DISNEYONLINE-AS (AS8137)	3
proisp.no	AVUR AS (AS50272)	1
Cloud DNS Ltd	AMAZON-AES (AS14618)	2
bit.nl	Optimizely AB (AS30811)	1
Host Europe GmbH	PerfGrid (AS59795)	1
ipcom GmbH	Adacor Hosting GmbH (AS42442)	2
ACTIVE 24, s.r.o.	SQUARESPACE (AS53831)	1
pickup-point.no	OVH SAS (AS16276)	1
ascio.com	MICROSOFT-CORP-MSN-AS-BLOCK (AS8069)	1
Telenor Norge AS	Enivest AS (AS35132)	1
IONOS SE	FASTLY (AS54113)	1
wavecom.ee	Aktsiaselts WaveCom (AS34702)	1
start3000.eu	Signet B.V. (AS39700)	2
one.com	UAB Elneta (AS21031)	1
loopia.se	Synotio AB (AS203605)	2
NUCDN	IQ PL Sp. z o.o. (AS47544)	1
one.com	Binero AB (AS35041)	2
hyp.net	Miss Hosting AB (AS200719)	6
airnorway.no	GlobalConnect AB (AS12552)	1
markmonitor.com	Hetzner Online GmbH (AS24940)	2
Cloud DNS Ltd	DLX A/S (AS47527)	4
hysing.is	Telia Norge AS (AS25400)	1
loopia.se	Cyber_Folks S.A. (AS41079)	2
DIGICERT	Telefiber AS (AS31726)	1
hyp.net	INTERNET CZ, a.s. (AS24806)	2
ilait.se	Bredband2 AB (AS29518)	1
innit.network	EveryWare AG (AS24951)	1
one.com	Aria Shatel PJSC (AS31549)	1
slb.com	MICROSOFT-CORP-MSN-AS-BLOCK (AS8075)	1
one.com	CZECH IT CLUSTER, druzstvo (AS12344)	1
Globalconnect As	VSHosting s.r.o. (AS43541)	1
mimer.no	Cloudflare London, LLC (AS209242)	2
nextzone.fi	InfraCom Managed Services AB (AS29468)	1
Cloud DNS Ltd	Iver Norge As (AS57829)	1
MICROSOFT-CORP-MSN-AS-BLOCK	Hostek AB (AS29024)	1
tnnet.fi	Globalconnect As (AS2116)	1
nameshield.net	AMAZON-02 (AS16509)	4
clicksports.org	Hetzner Online GmbH (AS24940)	1
Braathe AS	WHG Hosting Services Ltd (AS209341)	1
ilait.se	MICROSOFT-CORP-MSN-AS-BLOCK (AS8075)	1
proisp.no	SUCURI-SEC (AS30148)	2
DIGICERT	IP Group AS (AS16186)	1
easycgi.com	BIZLAND-SD (AS29873)	1
DIGITALOCEAN-ASN	Axarnet Comunicaciones, S.l. (AS50926)	1
AMAZON-02	Nexthop AS (AS49788)	1
IONOS SE	Domeneshop AS (AS12996)	1
eatserver.nl	CLDIN B.V. (AS48635)	1
ecdn.dk	Hetzner Online GmbH (AS24940)	1
QUIC-CLOUD	UK Dedicated Servers Limited (AS42831)	1
coreit.se	ODERLAND Webbhotell AB (AS44136)	1
ORACLE-BMC-31898	Webhuset AS (AS39783)	2
Hetzner Online GmbH	GleSYS AB (AS35382)	1
ORACLE-BMC-31898	Kunnskapssektorens Tjenesteleverandor (AS224)	1
proisp.no	Enix Ltd (AS52148)	3
dep.no	One.com A/S (AS51468)	1
bitbit.net	GOOGLE-CLOUD-PLATFORM (AS396982)	2
Telenor Norge AS	Increo AS (AS59438)	2
DIGICERT	team.blue Denmark A/S (AS48854)	3
Telenor Norge AS	Cablenet Communication Systems plc (AS35432)	1
storstein-nett.no	One.com A/S (AS51468)	1
Eidsiva Bredband AS	Eidsiva Bredband AS (AS29492)	2
aoeu.io	Loopia AB (AS39570)	1
tnx.it	OVH SAS (AS16276)	2
stableserver.net	WHG Hosting Services Ltd (AS209341)	1
griffel.se	Cleura AB (AS42695)	1
Host Europe GmbH	mono solutions ApS (AS201595)	1
Akamai Connected Cloud	AMAZON-AES (AS14618)	1
simplenet.ro	ROMARG SRL (AS205275)	2
srv-console.com	Hetzner Online GmbH (AS24940)	1
coolicehost.com	Petar Petrov (AS202634)	1
parquesreunidos.com	FASTLY (AS54113)	2
CLOUDFLARENET	COGENT-174 (AS174)	1
itl.no	SQUARESPACE (AS53831)	1
ns14.net	Sentia Denmark A/S (AS47292)	2
secker.org	LIQUIDWEB (AS32244)	2
Globalconnect As	Telia Norge AS (AS25400)	1
gorenje.si	Contabo GmbH (AS51167)	1
routing.net	IP-Projects GmbH & Co. KG (AS48314)	2
SECURITYSERVICES	Itm8 A/S (AS44398)	2
hyp.net	WEDOS Internet, a.s. (AS197019)	1
amenworld.com	Register S.p.A. (AS39729)	2
SECURITYSERVICES	Planmeca oy (AS203034)	1
Braathe AS	Loopia AB (AS39570)	2
Safety Computing AS	Orange Business Digital Norway As (AS25148)	1
GleSYS AB	Internet Vikings International AB (AS202922)	2
UPHEADS AS	Loopia AB (AS39570)	1
hyp.net	Virtual Access Internet BV (AS15535)	1
iplace.se	Optimizely AB (AS30811)	1
increo.com	Hetzner Online GmbH (AS24940)	4
hjelseth.com	AS-VULTR (AS20473)	3
DIGICERT	Webhuset AS (AS29486)	1
nordkapp.net	Krystal Hosting Ltd (AS12488)	1
one.com	FASTER CZ spol. s r.o. (AS24641)	1
conect.nu	Conect networks and Information Technology i Jonkoping AB (AS197581)	1
one.com	Fast4networks Ltd (AS48825)	1
ESTRUXTURE-ON-19122	SQUARESPACE (AS53831)	1
ServeTheWorld AS	Kunnskapssektorens Tjenesteleverandor (AS224)	1
Cloud DNS Ltd	Serverius Holding B.V. (AS50673)	1
one.com	Scaleway S.a.s. (AS12876)	5
loopia.se	ASACENET1 (AS22878)	1
MICROSOFT-CORP-MSN-AS-BLOCK	DirectVPS B.V. (AS29028)	1
sircon.net	Iver Norge As (AS49409)	1
dodns.net	united-domains GmbH (AS202108)	1
Tietoevry Norway As	ServeTheWorld AS (AS34989)	1
GOOGLE	CENTURYLINK-US-LEGACY-QWEST (AS209)	1
proisp.no	ACTIVE 24, s.r.o. (AS25234)	1
AMAZON-02	Emp Secure As (AS28824)	4
nebyra.no	Internet Vikings International AB (AS51747)	1
netim.net	RACKSPACE (AS19994)	1
levershelpt.nl	Stichting DIGI NL (AS206281)	1
keylane.com	TrueFullstaq B.V. (AS15703)	1
team.blue Denmark A/S	Globalconnect As (AS2116)	2
Kunnskapssektorens Tjenesteleverandor	Cloudflare London, LLC (AS209242)	1
DIGICERT	UpCloud Ltd (AS202053)	1
Globalconnect As	DIGITALOCEAN-ASN (AS14061)	6
one.com	Intility AS (AS49586)	1
iserv.no	Globalconnect As (AS2116)	1
Akamai Connected Cloud	Neas Energi Telekom As (AS61275)	1
one.com	Netsolution Vestfold og Telemark AS (AS208042)	1
hyp.net	Avoki Services AB (AS206258)	1
one.com	BIGCOMMERCE (AS399566)	2
Host Europe GmbH	Binero AB (AS35041)	4
Telenor Norge AS	VEV Romerike AS (AS43568)	1
enbw.com	Hetzner Online GmbH (AS24940)	1
register.it	Cloudflare London, LLC (AS209242)	2
hyp.net	AS-DYNASCALE-LAX (AS7296)	1
is-fun.net	Cloudflare London, LLC (AS209242)	1
Karjaan Puhelin Oy	Cloudflare London, LLC (AS209242)	2
CLOUDFLARENET	Bahnhof AB (AS8473)	1
AMAZON-02	ASN-FLEXENTIAL (AS13649)	2
sec-ns.de	PlusServer GmbH (AS61157)	1
UPHEADS AS	FASTLY (AS54113)	2
ServeTheWorld AS	AS-VULTR (AS20473)	1
Webhuset AS	SERVERCENTRAL (AS23352)	1
Braathe AS	UpCloud Ltd (AS202053)	1
pearson.com	AMAZON-02 (AS16509)	2
isphuset.no	Globalconnect As (AS2116)	1
Telenor Norge AS	HWJ Invest 2016 ApS (AS198614)	1
Telenor Norge AS	Vocus Retail (AS9443)	1
CLOUDFLARENET	Sentia Denmark A/S (AS47292)	1
one.com	IONOS SE (AS8560)	4
GOOGLE	UUNET (AS702)	2
aditor.se	ODERLAND Webbhotell AB (AS44136)	1
innit.network	Blix Solutions AS (AS50304)	1
vika.no	GOOGLE-CLOUD-PLATFORM (AS396982)	1
Host Europe GmbH	GO-DADDY-COM-LLC (AS398787)	3
MICROSOFT-CORP-MSN-AS-BLOCK	Signet B.V. (AS20857)	5
pin.se	FASTLY (AS54113)	1
one.com	Itm8 A/S (AS44398)	1
Underworld	Kunnskapssektorens Tjenesteleverandor (AS224)	1
wedos.com	WEDOS Internet, a.s. (AS197019)	1
server.eu	Totaalnet Internet Works B.V. (AS43190)	1
SECURITYSERVICES	ORACLE-BMC-31898 (AS31898)	3
Akamai Connected Cloud	ServeTheWorld AS (AS34989)	4
halden.net	Cleura AB (AS42695)	1
kmelectronics.no	GlobalConnect AB (AS12552)	1
a1.net	EDIS GmbH (AS57169)	1
loopia.se	Atea A/S (AS21060)	1
Akamai Connected Cloud	Webhuset AS (AS29486)	2
ipcom GmbH	Fca Information Technology, Excellence And Methods S.p.A. (AS24771)	1
hyp.net	PLATEAU (AS21782)	1
Lyse Tele	SQUARESPACE (AS53831)	4
alwaysdata.com	Alwaysdata Sarl (AS60362)	1
totalenergies.biz	CLOUDFLARENET (AS13335)	1
optinet.se	Telenor Norge AS (AS2119)	3
CLOUDFLARENET	SiteVision AB (AS41174)	1
ipcom GmbH	Miss Hosting AB (AS200719)	2
mimer.no	DIGITALOCEAN-ASN (AS14061)	1
Telenor Norge AS	Toyota Motor Europe SA (AS31154)	1
netclient.no	FASTLY (AS54113)	2
Advania Norge As	VSHosting s.r.o. (AS43541)	1
itpays.net	Teleservice Bredband Skane AB (AS34244)	2
BB-Online UK Ltd	AMAZON-02 (AS16509)	1
hyp.net	VSE NET GmbH (AS9063)	2
loopia.se	Kunnskapssektorens Tjenesteleverandor (AS224)	1
CLOUDFLARENET	Turk Telekom (AS9121)	1
markmonitor.com	ATT-INTERNET4 (AS7018)	1
Akamai Connected Cloud	Embriq AS (AS199791)	1
torfoerit.no	Hetzner Online GmbH (AS24940)	1
Kunnskapssektorens Tjenesteleverandor	FASTER CZ spol. s r.o. (AS24641)	1
CLOUDFLARENET	Zen Internet Ltd (AS13037)	2
Ans Academy Limited	Webhuset AS (AS39783)	2
SavMAN AB	Tele2 SWIPnet (AS1257)	2
Webhuset AS	Vitec Software Group AB (AS197332)	1
team.blue Denmark A/S	LeaseWeb Netherlands B.V. (AS60781)	1
aname.net	GleSYS AB (AS42708)	1
ANEXIA Internetdienstleistungs GmbH	Orbital Net Ltd (AS24916)	1
itpays.net	Webico Company Limited (AS135951)	1
one.com	NAMEHERO-KCDC (AS399250)	1
GOOGLE	Adminor Aktiebolag (AS51701)	1
hyp.net	34SP.com Limited (AS41357)	1
NUCDN	TMT GmbH & Co. KG (AS16316)	1
ogicom.pl	Cyber_Folks S.A. (AS29522)	1
ipcom GmbH	Aruba S.p.A. (AS31034)	1
deeperbydesign.com	AMAZON-AES (AS14618)	1
vspain.net	IONOS SE (AS8560)	2
subsys.no	Nexthop AS (AS49788)	2
team.blue Denmark A/S	WEEBLY (AS27647)	1
CLDIN B.V.	UpCloud Ltd (AS202053)	1
Nte Telekom As	Varanger KraftFiber AS (AS207464)	1
Host Europe GmbH	TURNKEY-INTERNET (AS40244)	1
Telenor Norge AS	Karjaan Puhelin Oy (AS42343)	1
ZONER a.s.	SH.cz s.r.o. (AS39392)	2
co.uk	Redcentric Solutions Ltd (AS8419)	3
esosoft.net	ESOSOFT (AS36221)	1
SECURITYSERVICES	TelemaxX Telekommunikation GmbH (AS12843)	1
AUTOMATTIC	Hetzner Online GmbH (AS24940)	1
dustindns.net	Bahnhof AB (AS8473)	1
ilait.se	Miss Hosting AB (AS200719)	2
DIGICERT	SiteVision AB (AS41174)	1
itsjefen.no	Nte Telekom As (AS34087)	1
dep.no	Registerenheten i Bronnoysund (AS204027)	1
Nessus GmbH	dogado GmbH (AS208582)	1
radical.org	AS-VULTR (AS20473)	1
proisp.no	Enflow B.V. (AS209626)	1
ipcom GmbH	Blix Solutions AS (AS50304)	1
loopia.se	Advania Norge As (AS31264)	2
co.uk	VERISIGN-ILG1 (AS30060)	1
one.com	Sensio AS (AS59562)	2
proisp.no	velia.net Internetdienste GmbH (AS29066)	4
ecomation.eu	Signet B.V. (AS28878)	1
hyp.net	Tarhely.Eu Szolgaltato Kft. (AS43359)	1
Hetzner Online GmbH	OVH SAS (AS16276)	2
flodin.no	SQUARESPACE (AS53831)	1
unknown	PRIVATESYSTEMS (AS63410)	3
Contabo GmbH	CLOUDFLARENET (AS13335)	1
Globalconnect As	OVH SAS (AS16276)	1
game.net	Game Retail Ltd (AS21099)	1
stabletransit.com	Akamai Connected Cloud (AS63949)	1
loopia.se	Gigahost AS (AS56655)	1
markmonitor.com	GOOGLE-CLOUD-PLATFORM (AS396982)	1
drlinux.no	Globalconnect As (AS2116)	1
x10hosting.com	SINGLEHOP-LLC (AS32475)	1
hostcreators.sk	VNET a.s. (AS29405)	2
domeinbalie.nl	CLDIN B.V. (AS48635)	2
forithost.com	GTS Telecom SRL (AS5606)	2
SECURITYSERVICES	Safenames Ltd. (AS60819)	1
Hetzner Online GmbH	LIQUIDNETLTD1 (AS14555)	1
Lyse Tele	AS-VULTR (AS20473)	1
innit.network	Optimizely AB (AS30811)	1
Akamai International B.V.	Nestle Nespresso SA (AS48307)	2
SECURITYSERVICES	TCIS (AS22747)	1
implix.com	GETRESPONSE-IMPLIX (AS46469)	1
hyp.net	home.pl S.A. (AS12824)	2
qbranch.se	MICROSOFT-CORP-MSN-AS-BLOCK (AS8075)	1
GRENKE Service GmbH	LeaseWeb Netherlands B.V. (AS60781)	3
bedsys.no	Domeneshop AS (AS12996)	1
rationellit.se	TelemaxX Telekommunikation GmbH (AS12843)	1
proisp.no	Administrator Systems AS (AS20741)	2
bedsys.net	mono solutions ApS (AS201595)	2
AMAZON-02	Advania Norge As (AS31264)	2
nersc.no	Globalconnect As (AS2116)	1
hyp.net	Datacenter Luxembourg S.A. (AS24611)	1
GOOGLE-CLOUD-PLATFORM	JSC IOT (AS29182)	1
claranet.com	Signet B.V. (AS20857)	1
ipcom GmbH	Teleservice Bredband Skane AB (AS34244)	2
medline.net	MEDLINE (AS22446)	1
Host Europe GmbH	xneelo (AS37153)	1
hjelseth.com	leniwiec.biz Grzegorz Kulewski (AS43476)	1
canonical.com	Canonical Group Limited (AS41231)	1
GOOGLE	Telia Company AB (AS3301)	1
altidata.net	Hetzner Online GmbH (AS24940)	1
mayoral.com	Orange Espagne SA (AS12479)	2
nordkapp.net	Gigahost AS (AS56655)	2
dnsdomene.net	DREAMHOST-AS (AS26347)	1
Advania Norge As	Cyber_Folks S.A. (AS29522)	2
Telia Finland Oyj	UpCloud Ltd (AS202053)	1
hyp.net	JSC Selectel (AS49505)	1
nameshield.net	UUNET (AS702)	2
uwhostingwinkel.nl	CLOUDFLARENET (AS13335)	1
stabletransit.com	RMH-14 (AS33070)	1
DIGICERT	GlobalConnect AB (AS12552)	2
ports.se	Telia Cygate Oy (AS29422)	2
ipcom GmbH	Videnca AB (AS42622)	1
ServeTheWorld AS	AUTOMATTIC (AS2635)	1
proisp.no	IT Partner Tromso AS (AS203733)	1
Kunnskapssektorens Tjenesteleverandor	Globalconnect As (AS2116)	3
rpip.nl	Cubic Circle B.V. (AS5419)	1
ServeTheWorld AS	SHERWEB-AS36354 (AS36354)	1
ipcom GmbH	Wix.com Ltd. (AS58182)	2
as2116.net	Blix Solutions AS (AS50304)	5
one.com	NETACTUATE (AS394344)	1
noc40.com	IOFLOOD (AS53755)	1
sircon.net	IT PAYS AS (AS50562)	2
markmonitor.com	CSL-ASN-AS17033 (AS17033)	1
NUCDN	Telia Norge AS (AS25400)	2
DNA Oyj	AMAZON-02 (AS16509)	4
Eviny Digital AS	Cloudflare London, LLC (AS209242)	1
ORACLE-BMC-31898	SQUARESPACE (AS53831)	2
sas.com	SAS-WHQ (AS12229)	2
Helse Vest IKT AS	Telia Norge AS (AS25400)	1
sircon.net	Nazwa.pl Sp.z.o.o. (AS15967)	1
hostnet.nl	CLOUDFLARENET (AS13335)	1
ipcom GmbH	net.de AG (AS15743)	2
loopia.se	ZAYO-6461 (AS6461)	1
CLOUDFLARENET	Previder B.V. (AS20847)	1
cloudhosting.uk	Krystal Hosting Ltd (AS12488)	1
hyp.net	Globalhost d.o.o. (AS200698)	1
ilait.se	PC Support AS (AS43200)	1
basefarm.net	Rackhosting.com ApS (AS31590)	3
MICROSOFT-CORP-MSN-AS-BLOCK	Eltele AS (AS206557)	1
ANEXIA Internetdienstleistungs GmbH	ITsjefen AS (AS44381)	1
Telenor Norge AS	Akamai International B.V. (AS20940)	1
one.com	Host Europe GmbH (AS20773)	2
internex.at	Hostinger International Limited (AS47583)	1
CLOUDFLARENET	LEASEWEB-USA-WDC (AS30633)	1
webio.no	DIGITALOCEAN-ASN (AS14061)	3
netim.net	Cloudflare London, LLC (AS209242)	1
loopia.se	Pe Slaen Sygard (AS44511)	2
nic53.de	Telecom Liechtenstein AG (AS20634)	1
datarad.se	GleSYS AB (AS42708)	1
hyp.net	Brainoza OU (AS214790)	1
team.blue Denmark A/S	RAILWAY (AS400940)	1
Telia Norge AS	One.com A/S (AS51468)	1
Nexthop AS	Globalconnect As (AS8896)	3
cloudbeheer.net	Rono-IT BV (AS208034)	1
loopia.se	Trollfjord Bredband AS (AS202204)	1
Eviny Digital AS	IT PAYS AS (AS50562)	2
textalk.com	Tele2 SWIPnet (AS1257)	2
nordkapp.net	MICROSOFT-CORP-MSN-AS-BLOCK (AS8075)	1
hyp.net	UAB Rakrejus (AS62282)	1
egensajt.se	DIGITALOCEAN-ASN (AS14061)	1
Cloud DNS Ltd	Datacamp Limited (AS212238)	1
DIGITALOCEAN-ASN	Telia Company AB (AS3308)	1
IMC AS	CASABLANCA INT a.s. (AS15685)	1
ServeTheWorld AS	FASTLY (AS54113)	1
proisp.no	ZONES AS (AS49082)	2
as2116.net	Redcentric Solutions Ltd (AS31463)	1
hostpapa.com	ONIAAS (AS40092)	2
bilden.uk	Sub 6 Limited (AS200083)	1
forbanna.net	Globalconnect As (AS2116)	3
SECURITYSERVICES	Iomart Cloud Services Limited (AS20860)	1
one.com	Bahnhof AB (AS8473)	3
ports.se	AUTOMATTIC (AS2635)	2
dnsserve.rs	Hetzner Online GmbH (AS24940)	1
wwi.dk	Itm8 A/S (AS62319)	1
SECURITYSERVICES	British Telecommunications PLC (AS2856)	1
Telenor Norge AS	Elisa Oyj (AS719)	1
VITAL-DNS	23M GmbH (AS47447)	2
iptwins.com	MICROSOFT-CORP-MSN-AS-BLOCK (AS8075)	2
ns14.net	MICROSOFT-CORP-MSN-AS-BLOCK (AS8075)	2
nordkapp.net	IT PAYS AS (AS50562)	1
salskea.fi	UpCloud Ltd (AS202053)	1
dnsdomene.net	SINGLEHOP-LLC (AS32475)	2
DIGICERT	Loopia AB (AS39570)	1
Nexthop AS	Nte Telekom As (AS34087)	2
dnsnet.no	AS-VULTR (AS20473)	1
one.com	IMC AS (AS35754)	1
Contabo GmbH	AMAZON-02 (AS16509)	2
upheads.cloud	Telenor Norge AS (AS2119)	1
bitronictech.net	KAMATERA (AS36007)	1
copyleft.no	LVLT-3549 (AS3549)	1
CLOUDFLARENET	Coreix Ltd (AS31708)	1
Webhuset AS	RMH-14 (AS33070)	1
GANDI SAS	Radware Ltd (AS198949)	1
CLOUDFLARENET	Scalepoint Technologies Denmark A/S (AS206749)	1
online4u.no	Monsternett AS (AS201577)	1
SECURITYSERVICES	RACKSPACE (AS27357)	2
is-fun.net	Serverius Holding B.V. (AS50673)	1
X Treme AS	Hetzner Online GmbH (AS24940)	1
ACTIVE 24, s.r.o.	skHosting.eu s.r.o. (AS201702)	1
itl.no	MICROSOFT-CORP-MSN-AS-BLOCK (AS8075)	2
Webhuset AS	ODERLAND Webbhotell AB (AS44136)	2
lowercase.no	Blix Solutions AS (AS50304)	1
Hetzner Online GmbH	Telia Cygate Oy (AS29422)	1
Telenor Norge AS	MasterDC s.r.o. (AS24971)	1
bluerange.se	GleSYS AB (AS42708)	1
coretrek.net	Tietoevry Norway As (AS13243)	1
online4u.no	DHIVEHI RAAJJEYGE GULHUN PLC (AS7642)	1
Elisa Oyj	CSC (AS19574)	1
dnsdomene.net	netcup GmbH (AS197540)	1
ipcom GmbH	Advania Sverige AB (AS25146)	2
bog.ge	JSCB Bank of Georgia (AS48393)	1
telavox.se	CLOUDFLARENET (AS13335)	1
Gigahost AS	NEXCESS-NET (AS36444)	1
Blix Solutions AS	Nexthop AS (AS49788)	1
innit.network	Webhuset AS (AS39783)	1
markmonitor.com	Itm8 A/S (AS44398)	1
Host Europe GmbH	SpeedPartner GmbH (AS34225)	1
dnsdomene.net	RACKSPACE (AS19994)	1
Advania Norge As	One.com A/S (AS51468)	3
lemarit.de	team.blue Denmark A/S (AS48854)	2
NSONE	Cloudflare London, LLC (AS209242)	1
DIGICERT	Enivest AS (AS35132)	3
firmanett.no	Hetzner Online GmbH (AS24940)	1
ports.se	Webhuset AS (AS29486)	4
Hetzner Online GmbH	dogado GmbH (AS45012)	1
Blix Solutions AS	Hostinger International Limited (AS47583)	1
loopia.se	Miss Hosting AB (AS200719)	1
vitnett.no	Administrator Systems AS (AS20741)	1
Webhuset AS	Oktawave S.A. (AS42503)	1
netim.net	M247 Europe SRL (AS9009)	1
register.it	OVH SAS (AS16276)	1
egensajt.se	AMAZON-02 (AS16509)	1
bedsys.no	Globalconnect As (AS2116)	2
MICROSOFT-CORP-MSN-AS-BLOCK	Tripnet AB (AS34385)	1
hforb.com	MICROSOFT-CORP-MSN-AS-BLOCK (AS8075)	1
Akamai Connected Cloud	Nexthop AS (AS49788)	1
online4u.no	Visma Software International AS (AS61213)	1
BUNNYWAY, informacijske storitve d.o.o.	OVH SAS (AS16276)	1
Globalconnect As	Sentia Denmark A/S (AS47292)	1
Yelles AB	AMAZON-02 (AS16509)	1
totalenergies.biz	Orange (AS3215)	1
a1.net	firstcolo GmbH (AS44066)	1
eukns.com	Iomart Managed Services Limited (AS35425)	1
CLOUDFLARENET	Nexthop AS (AS60717)	5
ORANGE BUSINESS SERVICES U.S. Inc.	CLOUDFLARENET (AS13335)	1
buyhostnow.com	Zetta Hosting Solutions LLC. (AS44476)	1
sircon.net	Zone Media OU (AS49604)	1
Gigahost AS	FASTLY (AS54113)	2
Localhost As	SQUARESPACE (AS53831)	2
hostgator.com	INCAPSULA (AS19551)	3
domainoffensive.de	Hetzner Online GmbH (AS24940)	1
CLOUDFLARENET	Redcentric Solutions Ltd (AS31463)	1
ssikt.no	Advania Norge As (AS31264)	1
aua.com	Austrian Airlines AG (AS44594)	1
BIZLAND-SD	SQUARESPACE (AS53831)	1
CLOUDFLARENET	Telia Norge AS (AS49455)	1
register.it	SQUARESPACE (AS53831)	1
one.com	Microdata Aps (AS204866)	2
is-fun.net	23M GmbH (AS47447)	1
iptwins.com	Hostek AB (AS61207)	1
dnsdomene.net	Gigahost AS (AS56655)	1
nordkapp.net	Telia Lietuva, AB (AS8764)	1
ipcom GmbH	IBH IT-Service GmbH (AS15372)	2
hispalisdns.com	Comvive Servidores S.L. (AS39020)	2
online4u.no	Braathe AS (AS21119)	2
1and1-dns.biz	Host Europe GmbH (AS21499)	1
ipcom GmbH	Level 27 BVBA (AS59943)	1
first-ns.de	IP-Projects GmbH & Co. KG (AS48314)	1
nord.no	Kunnskapssektorens Tjenesteleverandor (AS224)	2
Cloud DNS Ltd	Christian Ebsen ApS (AS62121)	1
esunnmore.no	Alesund Kommune (AS203673)	2
gdmnet.se	MICROSOFT-CORP-MSN-AS-BLOCK (AS8075)	1
dnspod.net	Alibaba US Technology Co., Ltd. (AS45102)	2
Eidsiva Bredband AS	Webhuset AS (AS39783)	7
Orange Business Services SA	IT PAYS AS (AS50562)	1
itpays.net	Host Europe GmbH (AS21499)	1
MICROSOFT-CORP-MSN-AS-BLOCK	Deutsche Telekom AG (AS3320)	1
worldcastdns.com	FASTLY (AS54113)	1
rammultiinvest.com	Hetzner Online GmbH (AS24940)	1
vshosting.cloud	VSHosting s.r.o. (AS43541)	1
MICROSOFT-CORP-MSN-AS-BLOCK	novomind AG (AS206775)	1
IP Group AS	Telia Company AB (AS3301)	1
alidns.com	Alibaba US Technology Co., Ltd. (AS45102)	1
mimer.no	AITNET (AS10843)	1
team.blue Denmark A/S	Telia Cygate AB (AS197308)	1
CLOUDFLARENET	Telehouse EAD (AS57344)	2
Gigahost AS	GOOGLE-CLOUD-PLATFORM (AS396982)	1
okosoft.no	DIGITALOCEAN-ASN (AS14061)	1
nrd.dk	TDC Holding A/S (AS3292)	2
Webhuset AS	Rackspace Ltd. (AS15395)	1
ANEXIA Internetdienstleistungs GmbH	AS-VULTR (AS20473)	1
CLOUDFLARENET	Nordisk Media Utveckling AB (AS204074)	1
godtsagt.no	Telia Norge AS (AS25400)	2
DIGICERT	Advania Sverige AB (AS58343)	1
iplace.se	AMAZON-02 (AS16509)	1
managed-ns.com	InterNetX GmbH (AS15456)	1
plusserver.com	MICROSOFT-CORP-MSN-AS-BLOCK (AS8075)	1
nrd.dk	Itm8 A/S (AS62319)	1
Fundaments B.V.	Signet B.V. (AS20857)	2
VITAL-DNS	FSNET-1 (AS29889)	1
powercloud.at	GOOGLE-CLOUD-PLATFORM (AS396982)	1
netpower.no	Rackspace Ltd. (AS15395)	1
sac-it.dk	AMAZON-02 (AS16509)	2
loopia.se	Internet Vikings International AB (AS51747)	1
netim.net	DIGITALOCEAN-ASN (AS14061)	1
SECURITYSERVICES	TVC-AS1 (AS13536)	2
okosoft.no	MICROSOFT-CORP-MSN-AS-BLOCK (AS8075)	1
Helse Vest IKT AS	Hostinger International Limited (AS47583)	1
Webhuset AS	UUNET (AS702)	2
hyp.net	WZ-US-40824 (AS40824)	1
CLOUDFLARENET	LeaseWeb Netherlands B.V. (AS60781)	3
CGI Sverige AB	CGI Norge AS (AS25225)	1
audelegation.com	NETWORK-SOLUTIONS-HOSTING (AS19871)	1
ANEXIA Internetdienstleistungs GmbH	Cloudist AB (AS51821)	1
iplace.se	Vitec Software Group AB (AS197332)	1
lemarit.de	Wix.com Ltd. (AS58182)	1
QUIC-CLOUD	MULTA-ASN1 (AS35916)	1
nameunit.com	AMAZON-02 (AS16509)	1
subsys.no	DIGITALOCEAN-ASN (AS14061)	2
AMAZON-02	Kodmyran AB (AS211551)	1
proisp.no	RouteLabel V.O.F. (AS198203)	1
cmdwebsites.com	AMAZON-AES (AS14618)	1
bearingpoint.com	uvensys GmbH (AS58010)	1
hjelseth.com	AUTOMATTIC (AS2635)	1
Norsk Helsenett SF	Jisc Services Limited (AS786)	1
noris.ch	noris network AG (AS12337)	2
hyp.net	AS17378 (AS17378)	3
hyp.net	Web Wiz Ltd (AS203315)	1
Host Europe GmbH	GOOGLE-2 (AS19527)	1
as2116.net	Telia Norge AS (AS41164)	2
netpower.no	IT PAYS AS (AS50562)	1
ipcom GmbH	British Telecommunications PLC (AS2856)	1
hyp.net	UKDedicated LTD (AS34282)	1
proisp.no	Tafjord Connect AS (AS15765)	1
DIGICERT	Telia Cygate Oy (AS29422)	2
quicknet.se	ODERLAND Webbhotell AB (AS44136)	1
extravm.com	DEDICATED (AS63018)	1
SCAAM0001	CLOUDFLARENET (AS13335)	1
GleSYS AB	Internet Vikings International AB (AS203240)	2
Hetzner Online GmbH	UNIFIEDLAYER-AS-1 (AS46606)	1
CLOUDFLARENET	FIBERHUB (AS53340)	1
sdnett.com	SQUARESPACE (AS53831)	1
hyp.net	BIT BV (AS12859)	1
trivenet.it	Sparkinit S.r.l. (AS39825)	2
Telia Finland Oyj	Posti Group Oyj (AS30978)	1
one.com	Eltele AS (AS206557)	2
netclient.no	Hetzner Online GmbH (AS24940)	1
isphuset.no	team.blue Denmark A/S (AS48854)	1
Telenor Norge AS	TzOV Biznes i Technologii (AS59671)	1
DIGICERT	METANET AG (AS21069)	2
Braathe AS	AUTOMATTIC (AS2635)	1
GENMILLS	GENMILLS (AS20478)	2
hyp.net	HKT Limited (AS4760)	1
vhosting.no	FASTLY (AS54113)	1
one.com	INMOTION (AS22611)	3
Hetzner Online GmbH	Nte Telekom As (AS34087)	3
abedns.net	Tele2 SWIPnet (AS1257)	1
isphuset.no	Telia Norge AS (AS25400)	2
anix.net	Bredband2 AB (AS29518)	1
serveris.lt	UAB Rakrejus (AS62282)	1
co.uk	Ans Academy Limited (AS61323)	1
ns1.dk	PerfGrid (AS59795)	1
altidata.net	GOOGLE-CLOUD-PLATFORM (AS396982)	3
loopia.se	Hostek AB (AS61207)	2
ZONES AS	SQUARESPACE (AS53831)	1
one.com	INCAPSULA (AS19551)	1
tikt.no	FASTLY (AS54113)	1
netpower.no	GleSYS AB (AS35382)	1
GOOGLE	AS-VULTR (AS20473)	2
register.it	Lyse Tele (AS29695)	1
proisp.no	WII (AS32097)	1
storstein-nett.no	team.blue Denmark A/S (AS48854)	1
ulfasidr.no	Hetzner Online GmbH (AS24940)	1
Safety Computing AS	One.com A/S (AS51468)	2
ANEXIA Internetdienstleistungs GmbH	IMC AS (AS35754)	1
smarthosting.no	Cloudflare London, LLC (AS209242)	1
maxcluster.net	23M GmbH (AS47447)	1
Blix Solutions AS	DIGITALOCEAN-ASN (AS14061)	4
AMAZON-02	Increo AS (AS59438)	1
Hetzner Online GmbH	Tilda Publishing Ltd. (AS205282)	2
mimer.no	Nte Telekom As (AS34087)	1
copyleft.no	Hetzner Online GmbH (AS24940)	2
innit.network	Telia Norge AS (AS25400)	1
zahid.host	Cloudflare London, LLC (AS209242)	1
bcxcomms.net	Hydra Communications Ltd (AS25369)	1
loopia.se	Eltele AS (AS206557)	1
exacthosting.com	LIQUIDWEB (AS32244)	1
ports.se	Blix Solutions AS (AS50304)	3
ASN-MEDTRONIC-1	METANET AG (AS21069)	2
AMAZON-02	Zen Internet Ltd (AS13037)	1
Bahnhof AB	Telia Cygate AB (AS197308)	1
robertsvendsen.no	Hetzner Online GmbH (AS24940)	1
whosting.eu	Hetzner Online GmbH (AS24940)	1
MICROSOFT-CORP-MSN-AS-BLOCK	Bahnhof AB (AS8473)	1
CLOUDFLARENET	NForce Entertainment B.V. (AS43350)	1
Equinor ASA	MICROSOFT-CORP-MSN-AS-BLOCK (AS8075)	1
resellerinterface.de	CLOUDFLARENET (AS13335)	1
one.com	VSHosting s.r.o. (AS43541)	3
netpower.no	Contabo GmbH (AS51167)	1
aveo.dk	team.blue Denmark A/S (AS48854)	1
MICROSOFT-CORP-MSN-AS-BLOCK	Server Plan S.r.l. (AS52030)	1
krot.org	Hetzner Online GmbH (AS24940)	2
inter.at	Hetzner Online GmbH (AS24940)	1
UPHEADS AS	Tietoevry Norway As (AS13243)	1
proisp.no	Eidsiva Bredband AS (AS29492)	1
dn-s.nl	Hostnet B.V. (AS197902)	1
hyperhost.ua	Green Floid LLC (AS21100)	3
MICROSOFT-CORP-MSN-AS-BLOCK	WHG Hosting Services Ltd (AS51713)	1
nano.lv	Sia Nano IT (AS43513)	2
Trollfjord Bredband AS	GOOGLE (AS15169)	1
AMAZON-02	COLT Technology Services Group Limited (AS8220)	1
hiddenservers.com	IHNET (AS33494)	1
firmanett.no	Increo AS (AS59438)	1
iptwins.com	Telia Cygate Oy (AS29422)	1
team.blue Denmark A/S	SOFTLAYER (AS36351)	1
dax.net	Telia Norge AS (AS41483)	1
Webhuset AS	Scaleway S.a.s. (AS12876)	3
vhosting.no	AS-VULTR (AS20473)	2
arcticservers.net	OVH SAS (AS16276)	1
ServeTheWorld AS	Nexthop AS (AS60717)	1
GANDI SAS	CLDIN B.V. (AS48635)	1
web-solutions.dk	LeaseWeb Netherlands B.V. (AS60781)	1
as2116.net	Serverius Holding B.V. (AS50673)	1
Karjaan Puhelin Oy	DIGITALOCEAN-ASN (AS14061)	1
iptwins.com	Enflow B.V. (AS209626)	2
izefy.com	InterNetX GmbH (AS15456)	1
Webhuset AS	Serverius Holding B.V. (AS50673)	2
ports.se	Hostek AB (AS29024)	3
Iver Norge As	GleSYS AB (AS42708)	1
swiboda.com	AMAZON-02 (AS16509)	1
ipcom GmbH	Hi3G Access AB (AS44034)	1
SECURITYSERVICES	Pulsant (Scotland) Ltd (AS12703)	2
hostpapavps.net	ONIAAS (AS40092)	1
hyp.net	CYBERCON (AS7393)	1
markmonitor.com	COLT Technology Services Group Limited (AS8220)	4
ESTRUXTURE-ON-19122	Nexthop AS (AS60717)	1
Braathe AS	Webhuset AS (AS39783)	2
Nexthop AS	UNIFIEDLAYER-AS-1 (AS46606)	1
copyleft.no	AMAZON-02 (AS16509)	1
CLOUDFLARENET	NETACTUATE (AS36236)	1
dnsnet.no	DIGITALOCEAN-ASN (AS14061)	1
G-Core Labs S.A.	GleSYS AB (AS42708)	1
Telia Lietuva, AB	UAB Interneto vizija (AS212531)	1
register.it	FASTER CZ spol. s r.o. (AS24641)	1
ports.se	Nordlo Elevate AB (AS50904)	1
DIGICERT	Transdata AS (AS29479)	1
drlinux.no	Telenor Norge AS (AS2119)	1
subsys.no	Hostinger International Limited (AS47583)	1
DTS Systeme GmbH	PlusServer GmbH (AS61157)	1
AUTOMATTIC	Contabo GmbH (AS51167)	1
vitnett.no	Hetzner Online GmbH (AS24940)	1
CLOUDFLARENET	LUMEN-LEGACY-L3-CUSTOMER-SHARED-USE (AS10753)	1
Webhuset AS	Eltele AS (AS206557)	1
ports.se	ServeTheWorld AS (AS34989)	2
dnsdomene.net	NEOCITIES (AS395409)	1
loopia.se	Telenor Norge AS (AS2119)	4
AUTOMATTIC	AMAZON-02 (AS16509)	1
NUCDN	Bahnhof AB (AS8473)	3
Nte Telekom As	Telia Company AB (AS3301)	1
MICROSOFT-CORP-MSN-AS-BLOCK	Host Europe GmbH (AS21501)	1
smarthosting.no	Hetzner Online GmbH (AS24940)	1
Akamai International B.V.	Domeneshop AS (AS12996)	2
Hydra Communications Ltd	Hydra Communications Ltd (AS25369)	1
afraid.org	OVH SAS (AS16276)	1
hyp.net	Isimtescil Bilisim A.S. (AS51557)	2
sircon.net	Telia Norge AS (AS25400)	2
DIGICERT	CLOUDACCESS-NETWORK (AS54456)	1
salskea.fi	Hetzner Online GmbH (AS24940)	1
ns04-bbcstudios.com	AMAZON-02 (AS16509)	1
hyp.net	StormGeo AS (AS203343)	1
one.com	kyberio GmbH (AS24679)	1
web-solutions.dk	Griffel AB (AS47467)	1
team.blue Denmark A/S	SUCURI-SEC (AS30148)	1
copyleft.no	COGECO-PEER1 (AS13768)	1
NUCDN	ISP Solutions SA (AS34146)	1
phs.no	Kunnskapssektorens Tjenesteleverandor (AS224)	1
SECURITYSERVICES	Lyse Tele (AS29695)	2
chroot.ro	Chroot Network SRL (AS56430)	2
domenai.lt	GOOGLE-CLOUD-PLATFORM (AS396982)	1
is-fun.net	UK Dedicated Servers Limited (AS42831)	1
Blix Solutions AS	One.com A/S (AS51468)	2
Akamai International B.V.	Cloudi Nextgen Sl (AS49635)	1
Tietoevry Norway As	LEVEL3 (AS3356)	1
smarthosting.no	Emp Secure As (AS28824)	1
Nexthop AS	Hostinger International Limited (AS47583)	1
legedom.no	AMAZON-02 (AS16509)	1
meteonews.ch	Hetzner Online GmbH (AS24940)	1
SECURITYSERVICES	UPS (AS12217)	1
NUCDN	Koninklijke Luchtvaart Maatschappij N.V. (AS28806)	1
mimer.no	team.blue Denmark A/S (AS48854)	1
one.com	Rackhosting.com ApS (AS31590)	2
Nexthop AS	Orange Business Digital Norway As (AS25148)	1
hostingww.com	AMAZON-02 (AS16509)	1
online4u.no	LeaseWeb Netherlands B.V. (AS60781)	1
Cloud DNS Ltd	GlobalConnect A/S (AS31027)	1
getspace.us	Webhuset AS (AS39783)	1
ha-dns.net	Mittwald CM Service GmbH & Co. KG (AS15817)	2
DIGICERT	MARCANT AG (AS15726)	3
Nexthop AS	AMAZON-AES (AS14618)	3
kolsrudweb.no	Hetzner Online GmbH (AS24940)	1
dotserv.com	Lyse Tele (AS29695)	1
as2116.net	AUTOMATTIC (AS2635)	2
SECURITYSERVICES	team.blue Denmark A/S (AS48854)	4
NUCDN	AKAMAI-AS (AS16625)	1
CLOUDFLARENET	GOOGLE-2 (AS19527)	1
co.uk	Domeneshop AS (AS12996)	4
pixallus.net	20i Limited (AS48254)	1
Nexthop AS	Hostek AB (AS61207)	1
netpower.no	China Unicom Beijing Province Network (AS4808)	1
Monsternett AS	ServeTheWorld AS (AS34989)	1
bosch.de	Tele2 SWIPnet (AS1257)	2
Telenor Norge AS	TDC Holding A/S (AS3292)	2
coretrek.net	MICROSOFT-CORP-MSN-AS-BLOCK (AS8075)	1
fasthostingdirect.com	20i Limited (AS48254)	1
IP Group AS	Telenor Norge AS (AS2119)	1
forn-sidr.no	Hetzner Online GmbH (AS24940)	1
Monsternett AS	One.com A/S (AS51468)	2
co.uk	Enflow B.V. (AS209626)	1
Host Europe GmbH	UAB Interneto vizija (AS212531)	2
AMAZON-02	Dataspace P.s.a. (AS50599)	1
nordkapp.net	High5! B.V. (AS60131)	1
SECURITYSERVICES	CGI Sverige AB (AS29217)	2
omex.no	Synextra Limited (AS59778)	2
HURRICANE	DIGITALOCEAN-ASN (AS14061)	1
AS3585	AS3585 (AS3585)	1
AMAZON-02	Awin SAS (AS47268)	1
DIGICERT	UAB Interneto vizija (AS212531)	1
Kunnskapssektorens Tjenesteleverandor	ORACLE-BMC-31898 (AS31898)	1
ITCONNECT Scandinavia AB	AMAZON-02 (AS16509)	1
ford.com	RMH-14 (AS33070)	1
garnesdata.no	MICROSOFT-CORP-MSN-AS-BLOCK (AS8075)	1
CLOUDFLARENET	COLOUP (AS19084)	1
AVUR AS	Cloudflare London, LLC (AS209242)	1
Akamai Connected Cloud	Vestland Fylkeskommune (AS6829)	1
ns14.net	AMAZON-02 (AS16509)	3
CLOUDFLARENET	WHG Hosting Services Ltd (AS14670)	1
maquinadigital.net	Infocomunicacoes, S.A. (AS9186)	1
GOOGLE	OVH SAS (AS16276)	2
lemarit.de	PPP Internetdienstleistungen GmbH (AS8687)	1
hyp.net	UNITAS (AS1828)	1
Safety Computing AS	Cloudflare London, LLC (AS209242)	1
loopia.se	GANDI SAS (AS203476)	2
evo.org	ATLANTICBB-JOHNSTOWN (AS11776)	1
markmonitor.com	CISCOSYSTEMS (AS109)	1
ipcom GmbH	IONOS SE (AS8560)	2
mediasparx.com	SQUARESPACE (AS53831)	1
APX Integration SASU	Hostinger International Limited (AS47583)	1
Telenor Norge AS	SOFTLAYER (AS36351)	1
dynu.com	Nte Telekom As (AS34087)	1
Norsk Helsenett SF	FASTLY (AS54113)	3
itpays.net	Tilda Publishing Ltd. (AS205282)	1
AMAZON-02	Bitpro (AS44764)	1
mimer.no	Transdata AS (AS29479)	1
avshop.no	HOSTWINDS (AS54290)	1
bitbit.net	Telia Norge AS (AS25400)	1
blueboard.cz	CASABLANCA INT a.s. (AS15685)	2
CLOUDFLARENET	rh-tec Business GmbH (AS25560)	1
MICROSOFT-CORP-MSN-AS-BLOCK	home.pl S.A. (AS12824)	1
nameshield.net	MICROSOFT-CORP-MSN-AS-BLOCK (AS8075)	3
barneys-amsterdam.com	VeloxServ Communications Ltd (AS3170)	1
Webhuset AS	GOOGLE-2 (AS19527)	1
flodin.no	Hostinger International Limited (AS47583)	1
trueserver.nl	TrueFullstaq B.V. (AS15703)	2
bluerange.se	Iver Norge As (AS57829)	1
one.com	Bedriftssystemer AS (AS199900)	2
team.blue Denmark A/S	CLDIN B.V. (AS48635)	1
Telia Norge AS	team.blue Denmark A/S (AS48854)	1
ZONES AS	FASTLY (AS54113)	1
glipac.ch	Hetzner Online GmbH (AS24940)	1
netpower.no	Tussa Ikt As (AS203424)	1
K Media Tech Ltd.	Voxility LLP (AS3223)	1
altidata.net	mono solutions ApS (AS201595)	1
SECURITYSERVICES	Robert Bosch Gesellschaft mit Beschraenkter Haftung (AS9183)	1
combell.net	MICROSOFT-CORP-MSN-AS-BLOCK (AS8075)	1
GleSYS AB	Internet Vikings International AB (AS203295)	1
one.com	SINGLEHOP-LLC (AS32475)	3
online4u.no	Kunnskapssektorens Tjenesteleverandor (AS224)	1
statped.no	Redpill Linpro AS (AS39029)	1
Nte Telekom As	WEEBLY (AS27647)	1
altidata.net	Orange Business Digital Norway As (AS25148)	1
iserv.no	Hostinger International Limited (AS47583)	1
as2116.net	Eviny Digital AS (AS8542)	1
smarthosting.no	Telia Norge AS (AS25400)	1
Hetzner Online GmbH	itm8 Sverige AB (AS198965)	1
GANDI SAS	Akamai Connected Cloud (AS63949)	1
halden.net	Nexthop AS (AS60717)	1
runbox.net	AMAZON-02 (AS16509)	1
CLOUDFLARENET	Tele2 SWIPnet (AS1257)	2
clpik-studio.com	OVH SAS (AS16276)	1
tuonomeregistrar.com	AMAZON-02 (AS16509)	1
nearcloud.se	Telia Company AB (AS3301)	1
proisp.no	NextGenTel AS (AS15659)	1
net-server.de	Net-Build GmbH (AS38927)	1
dghost.cz	AMAZON-02 (AS16509)	1
innit.network	Telia Cygate AB (AS197308)	2
nadns1.com	WIIT AG (AS205411)	1
phase8.net	Domeneshop AS (AS12996)	1
storstein-nett.no	Hostup AB (AS214640)	1
cyon.ch	cyon GmbH (AS47302)	1
ports.se	Tussa Ikt As (AS203424)	1
rocketship.cloud	GleSYS AB (AS42708)	1
Telenor Norge AS	SSASN2 (AS20454)	2
loopia.se	GITHUB (AS36459)	1
netim.net	Fundaments B.V. (AS20559)	1
gigabyte.com	Jsc ru-center (AS39494)	1
NUCDN	COMCAST-7922 (AS7922)	2
ormag.net	Hetzner Online GmbH (AS24940)	1
GOOGLE	Telenor Norge AS (AS2119)	2
AMAZON-02	23M GmbH (AS47447)	1
hyp.net	23M GmbH (AS47447)	1
nordkapp.net	AS-VULTR (AS20473)	1
AVUR AS	Nte Telekom As (AS34087)	1
one.com	RF Nett AS (AS208512)	1
Webhuset AS	Telecom Holding 3 As (AS35157)	1
proisp.no	PC Support AS (AS43200)	1
lmco.com	LM-CORP (AS6075)	2
IONOS SE	CLOUDFLARENET (AS13335)	1
Telenor Norge AS	Advania Norge As (AS31264)	1
innit.network	Loopia AB (AS39570)	1
dnsdomene.net	Optimizely AB (AS30811)	1
CLOUDFLARENET	PT Indotechno Digital Komputasi (AS140417)	1
shnw.net	AMAZON-AES (AS14618)	1
darwincomputing.com	COLT Technology Services Group Limited (AS8220)	1
one.com	Sky UK Limited (AS5607)	1
skydsl.eu	Envia Tel GmbH (AS21413)	1
server-dns.name	Arvid Logicum OU (AS202376)	1
perf1.com	Globalconnect As (AS2116)	1
virtuaal.com	Virtuaal.com OU (AS205930)	2
CLOUDFLARENET	Tietoevry Norway As (AS13243)	4
Webhuset AS	Host Europe GmbH (AS8972)	1
bitpro.no	CLOUDFLARENET (AS13335)	1
impervasecuredns.net	INCAPSULA (AS19551)	1
hyp.net	Hosting Services Inc (AS29302)	1
tikt.no	team.blue Denmark A/S (AS48854)	1
increo.com	GOOGLE (AS15169)	1
dnsdomene.net	Kylos sp. z o.o. (AS48505)	1
dnsserver.se	Adminor Aktiebolag (AS51701)	1
Kunnskapssektorens Tjenesteleverandor	IT Partner Tromso AS (AS203733)	1
ilait.se	Cloudflare London, LLC (AS209242)	1
nameshield.net	Combell NV (AS34762)	1
netim.net	Telia Cygate AB (AS197308)	1
ServeTheWorld AS	IT PAYS AS (AS50562)	1
hyp.net	Sigma Informatique SAS (AS39542)	1
IP Group AS	Webhuset AS (AS39783)	2
qb4ai.info	Webhuset AS (AS39783)	1
d-server.nl	Caveo Internet BV (AS24642)	2
LeaseWeb Netherlands B.V.	mono solutions ApS (AS201595)	1
hyp.net	My Mind (Holdings) Ltd (AS49898)	1
loopia.se	Vaddo Media Information IS AB (AS41943)	1
hadab.se	Telia Company AB (AS3301)	3
digisafe.se	Qloud AS (AS49271)	1
bedsys.net	ServeTheWorld AS (AS34989)	1
one.com	Cloud Factory A/S (AS208310)	1
elogic.it	Dinova Srl (AS200760)	3
CLOUDFLARENET	M247 Europe SRL (AS9009)	1
IMC AS	GO-DADDY-COM-LLC (AS398787)	1
oderland.com	GlobalConnect AB (AS12552)	1
3sol.cz	WEDOS Internet, a.s. (AS197019)	1
areait.lv	LeaseWeb Netherlands B.V. (AS60781)	4
hyp.net	UAB Bite Lietuva (AS13194)	1
Webhuset AS	Pinja Digital Oy (AS206381)	1
hyp.net	ATLANTIC-NET-1 (AS6364)	3
IP Group AS	Cloudflare London, LLC (AS209242)	1
ports.se	T-Mobile Czech Republic a.s. (AS5588)	1
deutschepost.de	DHLNET (AS2571)	1
Netnod AB	GlobalConnect AB (AS12552)	1
proisp.no	ODERLAND Webbhotell AB (AS44136)	1
abdns.biz	Aruba S.p.A. (AS31034)	2
cloudcity.fi	Cloud City Oy (AS202509)	3
x1.si	SIEL, d.o.o. (AS51790)	1
Telia Company AB	MICROSOFT-CORP-MSN-AS-BLOCK (AS8075)	1
com.pl	sprint S.A. (AS197226)	2
telefiber.no	ServeTheWorld AS (AS34989)	1
AMAZON-02	WEEBLY (AS27647)	1
one.com	DIGICERT (AS16552)	1
NUCDN	Awaze A/S (AS9171)	1
AMAZON-02	Safenames Ltd. (AS60819)	1
itl.no	Blix Solutions AS (AS50304)	1
hyp.net	DNA Oyj (AS16086)	1
nameshield.net	CSC (AS19574)	1
nic53.de	Mittwald CM Service GmbH & Co. KG (AS15817)	2
z.com	GMO Internet Group, Inc. (AS7506)	1
web-solutions.dk	DIGITALOCEAN-ASN (AS14061)	1
Host Europe GmbH	SIA BITE Latvija (AS2588)	1
hyp.net	Itm8 A/S (AS62319)	1
itpays.net	IMC AS (AS35754)	1
hyp.net	Bradler & Krantz GmbH & Co. KG (AS29141)	1
123ns.de	netcup GmbH (AS197540)	1
ports.se	WEEBLY (AS27647)	1
ServeTheWorld AS	Hetzner Online GmbH (AS24940)	2
absolutushost.nl	AMAZON-02 (AS16509)	1
CLOUDFLARENET	ASNET (AS26383)	1
loopia.se	BIGCOMMERCE (AS399566)	1
ZONES AS	IT PAYS AS (AS50562)	1
AMAZON-02	GITHUB (AS36459)	1
CLOUDFLARENET	Daisy Corporate Services Trading Ltd (AS5413)	1
Tietoevry Norway As	AUTOMATTIC (AS2635)	1
mimer.no	WEEBLY (AS27647)	1
funcom.no	Game-Hosting GH AB (AS198347)	1
garnesdata.no	AMAZON-02 (AS16509)	1
anydns.cloud	netcup GmbH (AS197540)	1
rehau.com	REHAU Industries SE & Co. KG (AS204138)	1
netpower.no	velia.net Internetdienste GmbH (AS29066)	2
nameshield.net	Sentia Denmark A/S (AS47292)	1
flodin.no	Emp Secure As (AS28824)	1
flyingcroc.net	ATG-11608 (AS11608)	1
d-53.info	CANCOM Managed Services GmbH (AS8469)	1
hyp.net	Clodo Cloud Service Co. L.L.C (AS216154)	1
iserv.no	AMAZON-AES (AS14618)	1
Kindred IP Limited	Rackspace Ltd. (AS15395)	1
hyp.net	ROUTERHOSTING (AS14956)	1
Advania Norge As	comtrance service GmbH (AS30962)	1
bedsys.net	MICROSOFT-CORP-MSN-AS-BLOCK (AS8075)	1
Telenor Norge AS	Bredband2 AB (AS29518)	1
nibe.se	CLOUDFLARENET (AS13335)	1
newimage.nl	DNIC-AS-00749 (AS749)	1
Advania Norge As	GlobalConnect AB (AS12552)	1
eftydns.com	Signet B.V. (AS20857)	1
Advania Norge As	Netpower IT Solutions AS (AS48680)	1
Neas Energi Telekom Rorosregionen As	mono solutions ApS (AS201595)	2
SECURITYSERVICES	Embriq AS (AS199791)	2
hyp.net	SUPERDATA (AS45544)	1
ports.se	Cleura AB (AS42695)	1
Braathe AS	LUMEN-LEGACY-L3-CUSTOMER-SHARED-USE (AS10753)	1
nmugroup.com	team.blue Denmark A/S (AS48854)	2
okosoft.no	AMAZON-02 (AS16509)	1
proisp.no	netcup GmbH (AS197540)	1
hoststar.hosting	Hetzner Online GmbH (AS24940)	1
weblium.com	GOOGLE-CLOUD-PLATFORM (AS396982)	2
NUCDN	Braathe AS (AS21119)	1
SECURITYSERVICES	Yelles AB (AS206170)	1
supremepanel.com	UK Dedicated Servers Limited (AS42831)	1
dnsimple.com	MICROSOFT-CORP-MSN-AS-BLOCK (AS8075)	1
semcon.se	AMAZON-02 (AS16509)	1
MICROSOFT-CORP-MSN-AS-BLOCK	GANDI SAS (AS203476)	1
Webhuset AS	GHOSTnet GmbH (AS12586)	1
redbackinternet.net	Node4 Limited (AS31727)	2
dnsimple.com	Akamai Connected Cloud (AS63949)	1
Host Europe GmbH	ColocaTel Inc. (AS213438)	1
CLOUDFLARENET	Duett AS (AS204712)	1
Karjaan Puhelin Oy	One.com A/S (AS51468)	1
hyp.net	Safenames Ltd. (AS60819)	1
ipcom GmbH	Kodmyran AB (AS211551)	1
one.com	Synotio AB (AS203605)	2
MICROSOFT-CORP-MSN-AS-BLOCK	Cloud City Oy (AS202509)	1
one.com	dogado GmbH (AS45012)	1
hyp.net	Varanger KraftFiber AS (AS207464)	2
smarthosting.no	GOOGLE-CLOUD-PLATFORM (AS396982)	3
MICROSOFT-CORP-MSN-AS-BLOCK	WFC-ASN (AS11722)	1
mobirisesite.com	AMAZON-AES (AS14618)	1
one.com	Eurofiber Cloud Infra B.V. (AS25459)	2
xerox.com	XEROX-WB (AS22390)	2
DIGICERT	NextGenTel AS (AS15659)	1
Tietoevry Norway As	Domeneshop AS (AS12996)	2
SECURITYSERVICES	Alliance Healthcare Espana S.A. (AS43919)	1
one.com	SpaceNet AG (AS5539)	1
nordkapp.net	FASTLY (AS54113)	1
bigscoots.com	BIGSCOOTS (AS394303)	1
UPHEADS AS	AMAZON-AES (AS14618)	1
markmonitor.com	DIGITALOCEAN-ASN (AS14061)	3
alotspace.com	KKM IT Limited (AS60922)	1
AMAZON-02	WHG Hosting Services Ltd (AS36454)	1
Blix Solutions AS	BIT BV (AS12859)	1
norsk-tipping.no	Norsk Tipping AS (AS202230)	1
Eidsiva Bredband AS	Lyse Tele (AS29695)	1
one.com	Infocomunicacoes, S.A. (AS5626)	1
EDIS GmbH	TWL-Kom GmbH (AS9022)	1
hyp.net	Tencent Building, Kejizhongyi Avenue (AS132203)	2
ipcom GmbH	all-connect Data Communications GmbH (AS21476)	1
Globalconnect As	Webhuset AS (AS39783)	1
IP Group AS	DIGITALOCEAN-ASN (AS14061)	3
allegion.com	SaSG GmbH & Co. KG (AS51483)	2
tele3.cz	Quantcom, a.s. (AS29208)	1
GlobalConnect AB	Blix Solutions AS (AS50304)	1
Host Europe GmbH	WHG Hosting Services Ltd (AS199404)	1
routing.net	Eurofiber France SAS (AS24935)	3
hpscloud.se	Bredband2 Stockholms Stadsnaet AB (AS50821)	2
Globalconnect As	AS-VULTR (AS20473)	1
hyp.net	RAMNODE (AS3842)	2
UPHEADS AS	Vitec Software Group AB (AS197332)	1
Blix Solutions AS	senseLAN GmbH (AS31736)	1
dnsimple.com	Globalconnect As (AS2116)	1
ifastnet11.org	Wildcard UK Limited (AS34119)	2
equant.net	ORANGE BUSINESS SERVICES U.S. Inc. (AS51964)	1
SECURITYSERVICES	Free Pro SAS (AS30781)	1
hyp.net	Axarnet Comunicaciones, S.l. (AS50926)	1
omc.info	COLT Technology Services Group Limited (AS8220)	1
SECURITYSERVICES	SSASN2 (AS20454)	1
opera.com	Opera Norway AS (AS39832)	1
CLOUDFLARENET	SIMANT Szymon Balart (AS197375)	1
Braathe AS	Atea A/S (AS21060)	1
MPY Telecom Oy	A2HOSTING (AS55293)	1
ipcom GmbH	Internet Vikings International AB (AS203300)	1
vitnett.no	Hostinger International Limited (AS47583)	1
swedishexportmedia.com	UpCloud Ltd (AS202053)	1
loopia.se	CLOUDACCESS-NETWORK (AS54456)	2
proisp.no	DREAMHOST-AS (AS26347)	1
Kunnskapssektorens Tjenesteleverandor	DREAMHOST-AS (AS26347)	1
dns.services	Hetzner Online GmbH (AS24940)	1
gj-server.eu	GleSYS AB (AS42708)	2
reg63.no	Norsk Helsenett SF (AS56828)	1
mimer.no	ServeTheWorld AS (AS34989)	1
swisscenter.com	Cloudflare London, LLC (AS209242)	1
Norsk Helsenett SF	Kunnskapssektorens Tjenesteleverandor (AS224)	3
speedium.eu	Krystal Hosting Ltd (AS12488)	1
sircon.net	Domeneshop AS (AS12996)	1
DIGICERT	VERISIGN-CORP (AS16838)	1
NUCDN	Advania Finland Oy (AS41369)	1
co.za	VANILLA (AS37199)	1
phase8.net	AS62964 (AS62964)	1
multicom-ip.se	Synotio AB (AS203605)	1
NUCDN	GO-DADDY-COM-LLC (AS400754)	1
IMC AS	SUCURI-SEC (AS30148)	1
Safety Computing AS	Rackspace Ltd. (AS15395)	1
investici.org	A2b Ip B.v. (AS51088)	1
griffel.se	Wix.com Ltd. (AS58182)	1
ascio.com	Internet Vikings International AB (AS51747)	2
CLOUDFLARENET	InterNetX GmbH (AS15456)	1
bedsys.net	GOOGLE-CLOUD-PLATFORM (AS396982)	2
storstein-nett.no	MICROSOFT-CORP-MSN-AS-BLOCK (AS8075)	1
UPHEADS AS	OVH SAS (AS16276)	1
Gigahost AS	Nexthop AS (AS49788)	2
ports.se	Internet Vikings International AB (AS203297)	4
proisp.no	WEDOS Internet, a.s. (AS197019)	2
hyp.net	IXT AS (AS214667)	2
vitnett.no	Wix.com Ltd. (AS58182)	1
registrar-servers.com	Nte Telekom As (AS34087)	1
alb.de	GBC GmbH Internet Service Center Ingenieurgesellschaft fuer Systemsoftware und Kommunikation (AS24766)	1
Kunnskapssektorens Tjenesteleverandor	Nexthop AS (AS60717)	1
alkemi-si.net	IPGarde SAS (AS41765)	1
proisp.no	Synotio AB (AS203605)	1
GENMILLS	Cloudflare London, LLC (AS209242)	2
hyp.net	Internet Vikings International AB (AS203610)	1
incabus.net	DIGITALOCEAN-ASN (AS14061)	1
artech.se	FASTLY (AS54113)	1
CLOUDFLARENET	IWEB-AS (AS32613)	1
hyp.net	PUBLIC-DOMAIN-REGISTRY (AS394695)	1
garnesdata.no	GOOGLE-CLOUD-PLATFORM (AS396982)	2
MICROSOFT-CORP-MSN-AS-BLOCK	MICROSOFT-CORP-MSN-AS-BLOCK (AS8068)	3
loopia.se	RMH-14 (AS33070)	1
one.com	Leaseweb Deutschland GmbH (AS28753)	2
O2switch SAS	AS-VULTR (AS20473)	1
040services.net	WorldStream B.V. (AS49981)	2
co.uk	Nte Telekom As (AS34087)	1
Akamai Connected Cloud	Enivest AS (AS35132)	2
SECURITYSERVICES	Akamai International B.V. (AS33905)	1
GOOGLE	HVC-AS (AS29802)	1
DIGICERT	GOOGLE (AS15169)	2
gathering.systems	Nexthop AS (AS49788)	1
kreativstrek.no	One.com A/S (AS51468)	1
uu.net	UUNET (AS701)	1
ESTRUXTURE-ON-19122	Wix.com Ltd. (AS58182)	1
halden.net	Akamai Connected Cloud (AS63949)	1
rox.net	Rockenstein AG (AS8823)	1
unknown	AMAZON-02 (AS16509)	1
itecoserv.com	IT EcoServ SRL (AS59892)	1
desec.io	Lyse Tele (AS29695)	1
loopia.se	SUCURI-SEC (AS30148)	1
lesjoforsab.com	Telia Company AB (AS3301)	1
Braathe AS	Signet B.V. (AS20857)	1
transip.eu	CLOUDFLARENET (AS13335)	1
avenla.com	Cloud Center Finland Oy (AS41993)	1
copyleft.no	Globalconnect As (AS2116)	1
one.com	PAIR-NETWORKS (AS7859)	2
lovellsnames.org	Cloudflare London, LLC (AS209242)	1
yellowfrog.fi	TNNet Oy (AS30798)	1
softronic.se	MICROSOFT-CORP-MSN-AS-BLOCK (AS8075)	1
ports.se	Webhuset AS (AS39783)	1
Akamai Connected Cloud	Nte Telekom As (AS34087)	1
ANEXIA Internetdienstleistungs GmbH	Neas Energi Telekom As (AS61275)	1
mjl.no	Telenor Norge AS (AS2119)	1
beehosting.pro	Hetzner Online GmbH (AS24940)	1
VITAL-DNS	Telia Norge AS (AS41164)	1
GleSYS AB	Internet Vikings International AB (AS203814)	1
whirlpool.com	AMAZON-02 (AS16509)	1
nano.lv	DIGITALOCEAN-ASN (AS14061)	1
loopia.se	K Media Tech Ltd. (AS210250)	1
hyp.net	SKYSILK-02 (AS399334)	1
hjelseth.com	IP Group AS (AS16186)	1
Safety Computing AS	Emp Secure As (AS28824)	1
hackeriet.no	Blix Solutions AS (AS50304)	1
one.com	Nazwa.pl Sp.z.o.o. (AS15967)	1
itl.no	AS-VULTR (AS20473)	2
IP Group AS	Eviny Digital AS (AS8542)	1
mimer.no	mono solutions ApS (AS201595)	1
dnsdomene.net	NING (AS13535)	1
one.com	Bryhni.com AS (AS16065)	1
hyp.net	High5! B.V. (AS60131)	2
SECURITYSERVICES	Equinor ASA (AS42175)	1
epag.net	TKRZ Stadtwerke GmbH (AS42184)	1
loopia.se	Telia Company AB (AS3308)	2
SECURITYSERVICES	Enivest AS (AS35132)	1
serveriai.lt	OVH SAS (AS16276)	1
one.com	IP Group AS (AS16186)	1
CLOUDFLARENET	Atman Sp. z o.o. (AS57367)	1
as2116.net	Domeneshop AS (AS12996)	7
antagonist.net	One.com A/S (AS51468)	1
proisp.no	Dataspace P.s.a. (AS50599)	1
dnsiaas.com	velia.net Internetdienste GmbH (AS29066)	1
energizedit.com	SS-ATL (AS11572)	1
ph4.se	Bahnhof AB (AS8473)	1
NUCDN	Bitpro (AS44764)	1
increo.com	Bitpro (AS44764)	1
loopia.se	GO-DADDY-COM-LLC (AS398787)	1
teknograd.no	SQUARESPACE (AS53831)	1
pixeldeath.com	INMOTION (AS22611)	1
IONOS SE	MICROSOFT-CORP-MSN-AS-BLOCK (AS8075)	2
AMAZON-02	UpCloud Ltd (AS202053)	3
MICROSOFT-CORP-MSN-AS-BLOCK	Kunnskapssektorens Tjenesteleverandor (AS224)	2
Sucom AS	GlobalConnect AB (AS12552)	1
hyp.net	Bedriftssystemer AS (AS199900)	1
dell.com	Akamai International B.V. (AS33905)	1
nameshield.net	DXC-AS3360 (AS3360)	1
ipcom GmbH	NETWORK-SOLUTIONS-HOSTING (AS19871)	1
hyp.net	INMOTION (AS22611)	2
defcon.no	Kunnskapssektorens Tjenesteleverandor (AS224)	1
Braathe AS	Telia Norge AS (AS25400)	3
qcom.it	GOOGLE (AS15169)	1
vitnett.no	IT PAYS AS (AS50562)	1
serverdrift.no	Administrator Systems AS (AS20741)	1
register.it	One.com A/S (AS51468)	1
efapel.pt	Dominios, S.A. (AS33876)	1
NUCDN	EG Norge AS (AS44808)	2
netpower.no	Webhuset AS (AS29486)	1
totalbox.no	Hetzner Online GmbH (AS24940)	1
krx.no	MICROSOFT-CORP-MSN-AS-BLOCK (AS8075)	2
one.com	HVC-AS (AS29802)	2
hyp.net	BROADBANDONE (AS13645)	1
delaval.com	Optimizely AB (AS30811)	1
cyperfection.de	AMAZON-02 (AS16509)	1
ServeTheWorld AS	ORACLE-BMC-31898 (AS31898)	1
markmonitor.com	GlobalConnect A/S (AS31027)	2
IONOS SE	Nicalia Internet, S.L.U (AS208769)	1
hdllc.net	EXPEDIENT (AS17054)	1
netpower.no	mono solutions ApS (AS201595)	1
Nte Telekom As	ServeTheWorld AS (AS34989)	1
Host Europe GmbH	Nexthop AS (AS49788)	1
nisecasp.no	Domeneshop AS (AS12996)	2
narbutas.eu	NForce Entertainment B.V. (AS43350)	1
SECURITYSERVICES	Batterflyai Media ltd. (AS59580)	1
one.com	Equinix (Germany) GmbH (AS24989)	1
bedsys.net	DIGITALOCEAN-ASN (AS14061)	1
UPHEADS AS	Emp Secure As (AS28824)	1
Norsk Helsenett SF	team.blue Denmark A/S (AS48854)	2
one.com	Host Europe GmbH (AS34011)	2
Nte Telekom As	IT PAYS AS (AS50562)	1
AMAZON-02	RMH-14 (AS33070)	1
CLOUDFLARENET	ODERLAND Webbhotell AB (AS44136)	2
GOOGLE	Iver Norge As (AS57829)	1
rbk-dns.net	Nte Telekom As (AS34087)	1
ns14.net	Vautron Rechenzentrum AG (AS25504)	1
Akamai Connected Cloud	WEEBLY (AS27647)	1
as2116.net	GlobalConnect A/S (AS31027)	1
SECURITYSERVICES	TROWE-NET (AS6566)	1
Netsite A/S	team.blue Denmark A/S (AS48854)	2
altidata.net	Akamai Connected Cloud (AS63949)	1
bedsys.net	OVH SAS (AS16276)	1
hyp.net	Viken Fiber AS (AS203238)	1
sircon.net	AUTOMATTIC (AS2635)	2
viddy Networks - Marius Eikenes	Blix Solutions AS (AS50304)	1
Safety Computing AS	LeaseWeb Netherlands B.V. (AS60781)	1
nordkapp.net	Iver Norge As (AS57829)	1
GOOGLE	DLX A/S (AS47527)	1
Tietoevry Norway As	One.com A/S (AS51468)	1
sfif.de	M-net Telekommunikations GmbH (AS8767)	1
loopia.se	Rackhosting.com ApS (AS31590)	1
DIGICERT	Toyota Material Handling Europe AB (AS41243)	1
IMC AS	Hetzner Online GmbH (AS24940)	2
Advania Norge As	Telenor Norge AS (AS2119)	2
Webhuset AS	Neas Energi Telekom As (AS61275)	1
Akamai Connected Cloud	Webhuset AS (AS39783)	2
one.com	HURRICANE (AS6939)	1
IP Group AS	Lyse Tele (AS29695)	1
Host Europe GmbH	ZONES AS (AS49082)	1
scandinavianhosting.se	Optimizely AB (AS30811)	1
hyp.net	Maehdros S.A. (AS49677)	1
Hetzner Online GmbH	Eidsiva Bredband AS (AS29492)	1
loopia.se	Oy Crea Nova Hosting Solution Ltd (AS51765)	1
hyp.net	Hammerfest Energi Bredbaand AS (AS200665)	3
dnx.lu	dnx network sarl (AS212882)	2
valneva.com	Hostpoint AG (AS29097)	1
name-services.com	DIGITALOCEAN-ASN (AS14061)	1
co.uk	Sofor Oy (AS41242)	1
SECURITYSERVICES	Jonkoping Energi AB (AS34946)	1
topsec.com	Telia Cygate Oy (AS51188)	1
Statens Vegvesen	Hetzner Online GmbH (AS24940)	1
perf1.com	Webhuset AS (AS29486)	2
Advania Norge As	team.blue Denmark A/S (AS48854)	1
ports.se	GTT Communications Inc. (AS3257)	1
NSONE	DIGITALOCEAN-ASN (AS14061)	1
GANDI SAS	DREAMHOST-AS (AS26347)	1
proisp.no	firstcolo GmbH (AS44066)	1
loopia.se	HOSTHATCH (AS63473)	1
yourwebhosting.com	BIZLAND-SD (AS29873)	1
domainhotelli.fi	Telia Cygate Oy (AS29422)	1
Safenames Ltd.	Embriq AS (AS199791)	1
web-solutions.dk	UK-2 Limited (AS13213)	2
GOOGLE	GlobalConnect AB (AS51815)	1
ServeTheWorld AS	RMH-14 (AS33070)	1
net.pl	Hetzner Online GmbH (AS24940)	1
Telia Norge AS	Hetzner Online GmbH (AS24940)	1
iplace.se	ODERLAND Webbhotell AB (AS44136)	1
Tietoevry Norway As	CLOUDFLARENET (AS13335)	3
dnsdomene.net	UAB Interneto vizija (AS212531)	2
one.com	Move AS (AS200163)	1
anywise.net	Eurofiber Nederland BV (AS39686)	1
Akamai International B.V.	Alter Way SAS (AS13273)	2
kualo.net	Kualo Limited (AS204436)	1
helppi.net	S1 Networks Oy (AS45010)	2
netgiganten.dk	Christian Ebsen ApS (AS62121)	1
NUCDN	Host Europe GmbH (AS8972)	1
nameshield.net	COLT Technology Services Group Limited (AS8220)	2
Cloud DNS Ltd	LEASEWEB-USA-WDC (AS30633)	1
ZONES AS	Cloudflare London, LLC (AS209242)	1
SECURITYSERVICES	The Offices at Central World, 27th floor (AS45530)	1
Advania Norge As	Tussa Ikt As (AS203424)	1
romarg.com	ROMARG SRL (AS205275)	2
helpout.se	GleSYS AB (AS42708)	1
markmonitor.zone	GOOGLE-CLOUD-PLATFORM (AS396982)	1
hyp.net	PRO-ZETA a.s. (AS49025)	1
introdns.hu	Magyar Telekom Plc. (AS5483)	1
Norsk Helsenett SF	Telenor Norge AS (AS2119)	1
kripos.no	Kripos (AS208692)	1
3d2web.no	Globalconnect As (AS2116)	1
ports.se	SiteVision AB (AS41174)	1
corpinter.de	AMAZON-02 (AS16509)	1
kamy.no	AUTOMATTIC (AS2635)	1
cdmon.net	10dencehispahard, S.L. (AS197712)	2
itpays.net	Wix.com Ltd. (AS58182)	5
CLOUDFLARENET	Iver Norge As (AS49409)	1
terki.no	GOOGLE-CLOUD-PLATFORM (AS396982)	1
dep.no	Orange Business Digital Norway As (AS25148)	1
dnsdomene.net	dhosting.pl Sp. z o.o. (AS48896)	1
team.blue Denmark A/S	AS-VULTR (AS20473)	2
one.com	FlokiNET ehf (AS200651)	1
nordkapp.net	JOESD-18501 (AS18501)	1
team.blue Denmark A/S	Unit IT Services ApS (AS42876)	1
hyp.net	HOR.NET Polska Sp.z o.o. (AS34254)	1
GOOGLE	Monsternett AS (AS201577)	3
GleSYS AB	Internet Vikings International AB (AS203241)	1
lemarit.de	SQUARESPACE (AS53831)	1
addhost.pl	OVH SAS (AS16276)	1
DIGICERT	Host Europe GmbH (AS21499)	1
webthingshost.com	AS17378 (AS17378)	1
UPHEADS AS	Webhuset AS (AS29486)	2
Akamai Connected Cloud	Emp Secure As (AS28824)	3
hyp.net	JOESDATACENTER (AS19969)	1
interhost.no	mono solutions ApS (AS201595)	1
IONOS SE	AMAZON-02 (AS16509)	2
ANEXIA Internetdienstleistungs GmbH	Signet B.V. (AS35470)	1
dnsimple.com	Liquid Web B.V. (AS201682)	1
ANEXIA Internetdienstleistungs GmbH	Nordlo Syd AB (AS198054)	2
mydnsweb.com	Contabo GmbH (AS51167)	1
ZONES AS	Braathe AS (AS21119)	1
voi-communication.com	IONOS SE (AS8560)	1
nic.ru	Jsc ru-center (AS48287)	1
iseencloud.com	OVH SAS (AS16276)	1
nylosning.no	A2HOSTING (AS55293)	1
iplace.se	AS-VULTR (AS20473)	2
adtraks.com	GOOGLE-CLOUD-PLATFORM (AS396982)	1
Cygrids Communications AB	MICROSOFT-CORP-MSN-AS-BLOCK (AS8075)	1
shockmedia.nl	Team Blue Carrier Limited (AS29550)	1
iplace.at	iPlace Internet & Network Services GmbH (AS29545)	1
hyp.net	Mittwald CM Service GmbH & Co. KG (AS15817)	5
lopdns.se	lopnet AB (AS201146)	1
keurigonline.be	Signet B.V. (AS20857)	1
SECURITYSERVICES	Lyreco Management SAS (AS16254)	1
ESTRUXTURE-ON-19122	Eltele AS (AS206557)	1
ipcom GmbH	Telia Norge AS (AS25400)	1
hyp.net	Bluestone AS (AS49952)	1
markmonitor.com	EHI-NA-AS-1 (AS13893)	1
markmonitor.com	Iver Norge As (AS57829)	1
loopia.se	Jakobstadsnejdens Telefon Ab (AS24751)	1
Cloud DNS Ltd	Mediam Oy (AS39324)	2
name.com	SOFTLAYER (AS36351)	2
netpower.no	Wix.com Ltd. (AS58182)	1
tellnes.no	AMAZON-02 (AS16509)	1
Safenames Ltd.	CLOUDFLARENET (AS13335)	1
markmonitor.com	Blix Solutions AS (AS50304)	1
Eidsiva Bredband AS	Telia Norge AS (AS25400)	1
CLOUDFLARENET	PC Support AS (AS43200)	1
increo.com	One.com A/S (AS51468)	1
xerox.com	Cloudflare London, LLC (AS209242)	1
Webhuset AS	ABUL-14-7385 (AS7385)	1
managed-ip.com	Hetzner Online GmbH (AS24940)	1
Jakobstadsnejdens Telefon Ab	IP Group AS (AS16186)	1
solutions.fi	GOOGLE-CLOUD-PLATFORM (AS396982)	1
ns15.net	InterNetX GmbH (AS15456)	1
GANDI SAS	Free Pro SAS (AS30781)	2
iptwins.com	CLOUDFLARENET (AS13335)	1
innit.network	Domeneshop AS (AS12996)	2
ServeTheWorld AS	Netservers Limited (AS35826)	1
Elisa Oyj	Hetzner Online GmbH (AS24940)	1
proisp.no	Neue Medien Muennich GmbH (AS34788)	1
hyp.net	dataforest GmbH (AS58212)	1
krx.no	Domeneshop AS (AS12996)	1
ipcom GmbH	CSC (AS19574)	2
businessx.com	HUT8-EAST (AS912)	1
IP Group AS	AMAZON-AES (AS14618)	1
AMAZON-02	Domainkeskus Oy (AS201964)	1
addpro.se	ODERLAND Webbhotell AB (AS44136)	2
subsys.no	HOSTHATCH (AS63473)	2
netzfokus.de	Neue Medien Muennich GmbH (AS34788)	1
ballou.se	Hostek AB (AS61207)	1
mordac.de	Host Europe GmbH (AS20773)	1
Netnod AB	Tripnet AB (AS34385)	1
ORACLE-BMC-31898	ODERLAND Webbhotell AB (AS44136)	1
hyp.net	Nessus GmbH (AS47692)	3
dotnice.asia	AMAZON-02 (AS16509)	1
Akamai International B.V.	AS2-TRENDMICRO-COM (AS16880)	1
porsche.asia	Domeneshop AS (AS12996)	1
gegidns.com	Team Internet AG (AS61969)	1
name-services.com	Emp Secure As (AS28824)	1
pm-i.com	firstcolo GmbH (AS44066)	1
pulsen.se	ODERLAND Webbhotell AB (AS44136)	1
CLOUDFLARENET	Griffel AB (AS47467)	1
CLDIN B.V.	GOOGLE-CLOUD-PLATFORM (AS396982)	1
esunnmore.no	Advania Norge As (AS31264)	1
fptindustrial.com	Fca Information Technology, Excellence And Methods S.p.A. (AS24771)	1
123onweb.no	Hetzner Online GmbH (AS24940)	1
GleSYS AB	UpCloud Ltd (AS202053)	1
loopia.se	Monsternett AS (AS201577)	2
Akamai International B.V.	FASTLY (AS54113)	3
porr.at	Hetzner Online GmbH (AS24940)	1
Webhuset AS	Zone Media OU (AS49604)	1
meganameservers.eu	HVC-AS (AS29802)	1
qnorway.com	Hetzner Online GmbH (AS24940)	2
MICROSOFT-CORP-MSN-AS-BLOCK	Nexthop AS (AS60717)	2
loopia.se	GlobalConnect A/S (AS31027)	1
AS-VULTR	MICROSOFT-CORP-MSN-AS-BLOCK (AS8075)	1
ANEXIA Internetdienstleistungs GmbH	WIIT AG (AS24961)	1
CLOUDFLARENET	Enflow B.V. (AS209626)	1
stjarna.no	Hetzner Online GmbH (AS24940)	1
Equinix (EMEA) Acquisition Enterprises B.V.	Hetzner Online GmbH (AS24940)	1
34sp.com	34SP.com Limited (AS41357)	1
ServeTheWorld AS	GITHUB (AS36459)	1
ipcom GmbH	Tietoevry Norway As (AS13243)	3
SECURITYSERVICES	UpCloud Ltd (AS202053)	2
cms.se	InfraCom Managed Services AB (AS29468)	1
stabletransit.com	Rackspace Ltd. (AS15395)	1
tikt.no	IT PAYS AS (AS50562)	1
acuitybrands.com	AMAZON-02 (AS16509)	2
griffel.se	GleSYS AB (AS42708)	2
hyp.net	Strato GmbH (AS6724)	1
nmugroup.com	Nordlo Improve AB (AS50572)	1
dynu.com	NextGenTel AS (AS15659)	1
konformit.com	Kontainer A/S (AS198452)	2
123onweb.no	AMAZON-02 (AS16509)	2
one.com	Zen Internet Ltd (AS13037)	4
ANEXIA Internetdienstleistungs GmbH	GTT Communications Inc. (AS3257)	1
securedomainservice.net	AMAZON-02 (AS16509)	1
MICROSOFT-CORP-MSN-AS-BLOCK	Scaleway S.a.s. (AS12876)	1
planeetta.net	AMAZON-02 (AS16509)	1
GOOGLE-CLOUD-PLATFORM	team.blue Denmark A/S (AS48854)	1
whirlpool.com	Engineering D.HUB S.p.A. (AS21176)	1
transip.eu	Signet B.V. (AS20857)	1
itpays.net	Bitpro (AS44764)	1
storstein-nett.no	CLOUDFLARENET (AS13335)	1
hyp.net	Itm8 A/S (AS42903)	1
Tietoevry Norway As	Telekom Austria (AS8447)	1
iptwins.com	Telia Cygate Oy (AS51188)	1
DIGITALOCEAN-ASN	OVH SAS (AS16276)	1
loopia.se	eTOP sp. z o.o. (AS20853)	1
wk.se	AS-VULTR (AS20473)	1
publicisgroupe.com	Globalconnect As (AS2116)	1
pbsys.no	DIGITALOCEAN-ASN (AS14061)	2
itpays.net	Contabo GmbH (AS51167)	1
nocdirect.com	NTHL (AS11042)	1
genesys informatica srl	AMAZON-AES (AS14618)	1
Lyse Tele	Ddos-guard Ltd (AS57724)	1
hysing.is	Ljosleidarinn ehf (AS12969)	1
sks.no	SQUARESPACE (AS53831)	1
ANEXIA Internetdienstleistungs GmbH	Binero AB (AS35041)	1
pns.de	WEBSALE AG (AS62297)	1
dns24.net	Hetzner Online GmbH (AS24940)	1
iprojectweb.com	LeaseWeb Netherlands B.V. (AS60781)	1
radicenter.com	Radicenter OU (AS216263)	1
nameshield.net	OVH SAS (AS16276)	2
flirble.org	Hetzner Online GmbH (AS24940)	1
smarthosting.no	Wix.com Ltd. (AS58182)	1
loopia.se	Nordvest Fiber As (AS16234)	1
hyp.net	CITIC Telecom CPC Netherlands B.V. (AS3327)	1
rockhoster.biz	OVH SAS (AS16276)	1
ascio.com	Redpill Linpro AS (AS39029)	1
loopia.se	Iteam 10 As (AS202128)	1
DIGICERT	Amito Ltd (AS60610)	1
hostingsrbija.com	Hetzner Online GmbH (AS24940)	1
mapletreestudios.com	SysGroup plc (AS39537)	2
one.com	Underworld (AS50213)	1
stofa.is	Globalconnect As (AS2116)	1
NUCDN	ServeTheWorld AS (AS34989)	1
Nexthop AS	Iomart Cloud Services Limited (AS20860)	2
hyp.net	ARCUSTECH (AS40442)	1
netim.net	PerfGrid (AS59795)	1
itamin.nu	Diagonal Forlags AB (AS43096)	2
hyp.net	ecotel communication ag (AS12312)	1
bitbit.net	Domeneshop AS (AS12996)	1
viddy Networks - Marius Eikenes	Lyse Tele (AS29695)	2
one.com	BAHNHOF AS (AS29300)	1
webcloud.es	Raiola Networks S.L. (AS56958)	1
g30.se	Videnca AB (AS42622)	2
hostgator.in	UNIFIEDLAYER-AS-1 (AS46606)	1
one.com	Vaddo Media Information IS AB (AS41943)	2
CLOUDFLARENET	Hohl IT e.U. (AS40994)	1
Netnod AB	Hetzner Online GmbH (AS24940)	1
cyberneticos.com	Cyberneticos Hosting SL (AS198968)	1
nethinks.com	FASTLY (AS54113)	1
Monsternett AS	VEV Romerike AS (AS43568)	1
register.it	Keliweb S.R.L (AS202675)	1
webess.no	GleSYS AB (AS42708)	1
AMAZON-02	Planeetta Internet Oy (AS58003)	1
Webhuset AS	282, Sector 19 (AS132420)	1
ZONES AS	SUCURI-SEC (AS30148)	1
proisp.no	Ans Academy Limited (AS61323)	1
NSONE	Xsolla (USA), Inc (AS60527)	1
proisp.no	Redcentric Solutions Ltd (AS31463)	1
proisp.no	Telia Norge AS (AS49455)	1
one.com	Diagonal Forlags AB (AS43096)	1
itpays.net	Orange Business Digital Norway As (AS25148)	2
kamy.no	CLOUDFLARENET (AS13335)	1
sircon.net	Transdata AS (AS29479)	1
ANEXIA Internetdienstleistungs GmbH	Foreach AS (AS214761)	1
hyp.net	MasterDC s.r.o. (AS24971)	2
hyp.net	PlusServer GmbH (AS61157)	1
dnsnode.net	Tele2 SWIPnet (AS1257)	1
Anverino Software SRL	UpCloud Ltd (AS202053)	1
blueit.dk	CLOUDFLARENET (AS13335)	1
skattefogd.no	OVH SAS (AS16276)	1
webb.net	Internet Vikings International AB (AS51747)	1
NSONE	Loihde Trust Oy (AS29240)	1
loopia.se	Deutsche Telekom AG (AS3320)	1
Trollfjord Bredband AS	Trollfjord Bredband AS (AS202204)	2
Akamai International B.V.	Deutsche Telekom AG (AS3320)	2
hyp.net	TIMEIT AS (AS205238)	1
ANEXIA Internetdienstleistungs GmbH	Bluewin (AS3303)	1
ipcom GmbH	Mezcalito SCOP-SARL (AS42970)	1
CLOUDFLARENET	ATLANTIC-NET-1 (AS6364)	2
Telenor Norge AS	Duett AS (AS204712)	2
lcn.com	AMAZON-02 (AS16509)	1
lemarit.de	AMAZON-02 (AS16509)	2
itgarden.se	GOOGLE (AS15169)	1
increo.com	Webhuset AS (AS29486)	1
netclient.no	Telia Norge AS (AS25400)	1
one.com	SW-USA-LLC (AS393698)	1
CLOUDFLARENET	Internetport Sweden AB (AS49770)	1
Advania Norge As	Braathe AS (AS21119)	1
hyp.net	Informacines sistemos ir technologijos, UAB (AS61272)	2
afraid.org	IP-Projects GmbH & Co. KG (AS48314)	2
Telenor Norge AS	PlusServer GmbH (AS61157)	1
versuni.com	AMAZON-02 (AS16509)	1
hyp.net	LIQUIDNETLTD1 (AS14555)	1
hkit.no	Nexthop AS (AS49788)	1
serveriai.lt	AMAZON-02 (AS16509)	2
dnsn.se	ViaEuropa Sverige AB (AS47155)	1
teknograd.no	ZONES AS (AS49082)	1
cdns.no	Synextra Limited (AS59778)	1
as2116.net	EWE-Tel GmbH (AS9145)	1
vierato.com	SINGLEHOP-LLC (AS32475)	1
GOOGLE	BIGCOMMERCE (AS399566)	1
aofk.com	AMAZON-02 (AS16509)	2
loopia.se	GO-DADDY-COM-LLC (AS398101)	2
media24.no	Lyse Tele (AS29695)	1
increo.com	Sognenett AS (AS31169)	1
tikt.no	Equinix (EMEA) Acquisition Enterprises B.V. (AS15830)	1
Norsk Helsenett SF	Cloudflare London, LLC (AS209242)	1
Nte Telekom As	GO-DADDY-COM-LLC (AS398101)	1
scw.cloud	Scaleway S.a.s. (AS12876)	2
innit.network	AMAZON-AES (AS14618)	1
pulsation.fr	OVH SAS (AS16276)	1
iplace.se	Iver Sverige AB (AS49419)	2
for-ns.biz	Hetzner Online GmbH (AS24940)	1
CLOUDFLARENET	Host Europe GmbH (AS8972)	1
Karjaan Puhelin Oy	A2HOSTING (AS55293)	1
ANEXIA Internetdienstleistungs GmbH	LeaseWeb Netherlands B.V. (AS60781)	1
DEFENSE-NET	DHLNET (AS2571)	1
Norsk Helsenett SF	ITsjefen AS (AS44381)	1
Hostinger International Limited	CLOUDFLARENET (AS13335)	1
hrnoc.net	HOSTROCKET (AS23535)	1
s.	Cloud DNS Ltd (AS203391)	1
dnsdomene.net	Krystal Hosting Ltd (AS12488)	1
webhostmost.com	CLOUDFLARENET (AS13335)	1
hyp.net	NEOCITIES (AS395409)	1
hyp.net	Telemix AS (AS204996)	1
IP Group AS	Braathe AS (AS21119)	2
itl.no	AMAZON-AES (AS14618)	1
UPHEADS AS	UpCloud Ltd (AS202053)	1
wnshosting.us	Ficolo Oy (AS49282)	1
Kunnskapssektorens Tjenesteleverandor	AUTOMATTIC (AS2635)	1
dds.amsterdam	Signet B.V. (AS21155)	1
ports.se	Kodmyran AB (AS211551)	1
iplace.se	AUTOMATTIC (AS2635)	1
hyp.net	Patrik Lagerman (AS35100)	1
hyp.net	Internet Vikings International AB (AS51747)	1
introdns.hu	Rackforest Zrt. (AS62214)	2
CLOUDFLARENET	Planeetta Internet Oy (AS58003)	1
Anverino Software SRL	LEASEWEB-USA-WDC (AS30633)	1
Localhost As	Hostek AB (AS61207)	1
123onweb.no	SQUARESPACE (AS53831)	2
securedomainservice.net	ServeTheWorld AS (AS34989)	1
GlobalConnect A/S	Heart Internet limited (AS20738)	1
toshiba-europe.com	CLOUDFLARENET (AS13335)	1
hostnet.nl	Nextpertise B.V. (AS41960)	1
Nte Telekom As	Intermax Group B.V. (AS24586)	1
ANEXIA Internetdienstleistungs GmbH	Fujitsu Invia Finland IP-network (AS1342)	2
one.com	COMCAST-7922 (AS7922)	1
ANEXIA Internetdienstleistungs GmbH	Bluerange Sweden AB (AS56711)	1
magichouse.cz	VSHosting s.r.o. (AS43541)	1
one.com	AVUR AS (AS50272)	1
DEFENSE-NET	F5 Networks SARL (AS35280)	1
Bluewin	EveryWare AG (AS24951)	1
Hetzner Online GmbH	Enix Ltd (AS52148)	1
sircon.net	Scaleway S.a.s. (AS12876)	2
topborn.com	Hetzner Online GmbH (AS24940)	1
linode.com	Telenor Norge AS (AS2119)	1
loopia.se	A2HOSTING (AS55293)	1
vacansoleil.no	Signet B.V. (AS20857)	1
SECURITYSERVICES	Aeven A/S (AS15687)	2
Lyse Tele	One.com A/S (AS51468)	1
AMAZON-02	Contabo GmbH (AS51167)	1
scania.com	Globalconnect As (AS2116)	1
Netnod AB	INCAPSULA (AS19551)	1
mfa.no	MICROSOFT-CORP-MSN-AS-BLOCK (AS8075)	1
NSONE	IONOS SE (AS8560)	1
kamy.no	Liquid Web B.V. (AS202521)	1
sircon.net	Iver Norge As (AS57829)	3
webhostmost.com	WEB-HOST-MOST-ASN-1 (AS401605)	1
nadns1.com	net.de AG (AS15743)	1
hyp.net	Cizgi Telekomunikasyon Anonim Sirketi (AS34619)	1
home.pl	DIGITALOCEAN-ASN (AS14061)	2
hostaustria-dns.at	Hutchison Drei Austria GmbH (AS8437)	1
websupport.cz	WebSupport s.r.o. (AS51013)	1
loopia.se	BAHNHOF AS (AS29300)	1
Knipp Medien und Kommunikation GmbH	MICROSOFT-CORP-MSN-AS-BLOCK (AS8075)	1
thecamels.org	LH.pl Sp. z o.o. (AS203417)	3
SECURITYSERVICES	Strato GmbH (AS6724)	1
anony.nl	Uniserver Internet B.V. (AS31673)	1
hostupon.com	AS-HOSTUPON (AS53479)	1
SECURITYSERVICES	Bayer AG (AS13043)	1
hyp.net	Sia Nano IT (AS52173)	1
duelhost.dk	Hetzner Online GmbH (AS24940)	1
ANEXIA Internetdienstleistungs GmbH	ELASTX AB (AS48579)	1
feldhost.cz	FELDSAM s.r.o. (AS206712)	1
pop-hannover.de	kyberio GmbH (AS24679)	1
SECURITYSERVICES	Diagonal Forlags AB (AS43096)	1
AUTOMATTIC	AMAZON-AES (AS14618)	1
Telia Lietuva, AB	DIGITALOCEAN-ASN (AS14061)	1
OVH SAS	Cheops Technology France S.A. (AS58011)	1
SECURITYSERVICES	Equinix (Germany) GmbH (AS24989)	1
wirednodes.com	DACEN-2 (AS31863)	1
Underworld	Globalconnect As (AS2116)	2
skyfritt.net	Lyse Tele (AS29695)	1
Host Europe GmbH	Infranord SA (AS204503)	1
managed-ip.com	ALSO International Services GmbH (AS198745)	1
tikt.no	Hetzner Online GmbH (AS24940)	1
Tietoevry Oyj	FASTLY (AS54113)	1
resellerinterface.de	Hetzner Online GmbH (AS24940)	2
MICROSOFT-CORP-MSN-AS-BLOCK	Telia Cygate AB (AS197308)	1
OVH SAS	Hetzner Online GmbH (AS24940)	3
IMC AS	GOOGLE (AS15169)	1
SECURITYSERVICES	RMH-14 (AS33070)	4
skanska.net	SQUARESPACE (AS53831)	1
Hetzner Online GmbH	Enivest AS (AS35132)	1
farbyte.com	OVH SAS (AS16276)	1
Braathe AS	GlobalConnect AB (AS12552)	1
Sucom AS	Hetzner Online GmbH (AS24940)	1
online4u.no	Hetzner Online GmbH (AS24940)	1
exoscale.ch	Akenes SA (AS61098)	1
CLOUDFLARENET	The Infrastructure Group B.V. (AS60404)	1
Braathe AS	RF Nett AS (AS208512)	1
LeaseWeb Netherlands B.V.	Akamai Connected Cloud (AS63949)	1
Nexthop AS	ITsjefen AS (AS44381)	1
Webhuset AS	VERSA-01 (AS400318)	1
DIGICERT	NEP Norway AS (AS34822)	1
supremedns.com	Belcloud LTD (AS44901)	1
namebay.com	Nameshield SAS (AS20756)	1
hallmark.com	CENTURYLINK-TIER3-CLOUD (AS6640)	1
DIMENOC	Emp Secure As (AS28824)	1
VITAL-DNS	Eidsiva Bredband AS (AS29492)	1
Eviny Digital AS	Webhuset AS (AS39783)	3
ANEXIA Internetdienstleistungs GmbH	BROAD-RUN-BORDER-AS (AS26134)	1
nscluster.tn	AMAZON-02 (AS16509)	2
MICROSOFT-CORP-MSN-AS-BLOCK	Node4 Limited (AS31727)	1
markmonitor.com	COGECO-PEER1 (AS13768)	1
ANEXIA Internetdienstleistungs GmbH	Monsternett AS (AS201577)	1
NUCDN	Nte Telekom As (AS34087)	1
lcn.com	Team Blue Internet Services Uk Limited (AS8622)	1
itsjefen.no	Hetzner Online GmbH (AS24940)	1
ANEXIA Internetdienstleistungs GmbH	Loopia AB (AS41528)	1
netim.net	GOOGLE (AS15169)	1
Neas Energi Telekom Rorosregionen As	ServeTheWorld AS (AS34989)	1
domenai.lt	UAB Interneto vizija (AS212531)	1
Globalconnect As	Nte Telekom As (AS34087)	1
teliko.net	CompuGroup Medical SE & Co. KGaA (AS203437)	1
hobohost.com	NDCHOST (AS33322)	2
hyp.net	CoMaSys ApS (AS51377)	1
one.com	Brightbox Systems Ltd (AS51059)	1
GOOGLE	Emp Secure As (AS28824)	1
amzndns.com	AMAZON-02 (AS16509)	1
hyp.net	Domowy Serwis Komputerowy Piotr Chrobot (AS202061)	2
bedsys.net	One.com A/S (AS51468)	1
fozzy.com	Webzilla B.V. (AS35415)	1
grifols.com	Grifols S.A. (AS42722)	1
rmi.fr	Oxeva SAS (AS39104)	1
nordkapp.net	Telia Cygate AB (AS197308)	1
blix.com	Blix Solutions AS (AS50304)	2
iplace.se	mono solutions ApS (AS201595)	1
coltgroup.com	PlusServer GmbH (AS61157)	1
hyp.net	METANET AG (AS21069)	2
markmonitor.com	British Telecommunications PLC (AS2856)	1
superiordesign.hr	Plus Hosting Grupa d.o.o. (AS12417)	1
riconnect.de	ORACLE-BMC-31898 (AS31898)	1
Akamai Connected Cloud	GOOGLE (AS15169)	1
vlfk.no	Vestland Fylkeskommune (AS6829)	1
hyp.net	NTT-DATA-2914 (AS2914)	1
nano.lv	CLOUDFLARENET (AS13335)	1
one.com	HOST4GEEKS-LLC (AS393960)	1
DIGICERT	Sentia Denmark A/S (AS47292)	1
Eidsiva Bredband AS	GOOGLE-CLOUD-PLATFORM (AS396982)	1
robertsvendsen.com	Hetzner Online GmbH (AS24940)	1
Monsternett AS	Viken Fiber AS (AS203238)	1
CLOUDFLARENET	MasterDC s.r.o. (AS24971)	1
itpayscloud.com	IT PAYS AS (AS50562)	2
NSONE	INCAPSULA (AS19551)	1
byethost17.org	Wildcard UK Limited (AS34119)	1
properhost.net	LIQUIDNETLTD1 (AS14555)	1
netclient.no	MICROSOFT-CORP-MSN-AS-BLOCK (AS8075)	1
goeast.ch	AMAZON-02 (AS16509)	1
netim.net	AS-VULTR (AS20473)	1
hyp.net	SnTHostings (AS140947)	1
webio.no	SQUARESPACE (AS53831)	2
MICROSOFT-CORP-MSN-AS-BLOCK	Sognenett AS (AS31169)	1
hyp.net	Enflow B.V. (AS209626)	1
MPY Telecom Oy	FASTLY (AS54113)	1
exaktahosting.se	DIGITALOCEAN-ASN (AS14061)	1
Monsternett AS	Wix.com Ltd. (AS58182)	1
ecuatur.no	GleSYS AB (AS42708)	1
ANEXIA Internetdienstleistungs GmbH	DIGICERT (AS16552)	1
afraid.org	Akamai Connected Cloud (AS63949)	1
virgo-networks.net	Wildcard UK Limited (AS34119)	1
co.uk	DOTBLOCK-3 (AS29869)	1
reg.ru	Domain names registrar REG.RU, Ltd (AS197695)	1
palantir.no	Eviny Digital AS (AS8542)	1
studio-moderna.com	Studio Moderna d.o.o. (AS43854)	1
hyp.net	SEEWEB s.r.l. (AS12637)	1
mypurple.cloud	SHOCK-1 (AS395092)	1
Globalconnect As	velia.net Internetdienste GmbH (AS29066)	1
combell.net	Hostnet B.V. (AS197902)	2
MICROSOFT-CORP-MSN-AS-BLOCK	Itm8 A/S (AS62319)	1
datahalland.se	CLOUDFLARENET (AS13335)	1
xeran.com	BIZLAND-SD (AS29873)	2
sfera.net	Signet B.V. (AS20857)	1
More og Romsdal fylkeskommune	FASTLY (AS54113)	1
kvik.shop	AMAZON-02 (AS16509)	1
mimer.no	Nexthop AS (AS60717)	1
timeweb.org	TimeWeb LLC (AS9123)	2
luxhosting.lu	WHG Hosting Services Ltd (AS213183)	1
iserv.no	AMAZON-02 (AS16509)	2
increo.com	Lyse Tele (AS29695)	1
logismarket.com	UUNET (AS702)	1
ports.se	PCL Data AB (AS43071)	1
CLOUDFLARENET	KKM IT Limited (AS60922)	1
ford.com	FORDSRL-AS (AS3389)	1
bedsys.net	Telia Norge AS (AS25400)	1
DIGICERT	WEEBLY (AS27647)	3
NUCDN	IONOS SE (AS8560)	1
SECURITYSERVICES	Fujitsu Services A/S (AS35033)	2
storstein-nett.no	Cloudflare London, LLC (AS209242)	1
sparebank1.no	GOOGLE-CLOUD-PLATFORM (AS396982)	1
mdap.it	23M GmbH (AS47447)	1
kleinweb.dk	Klein-Data (AS59979)	1
netpower.no	Heart Internet limited (AS20738)	1
Webhuset AS	AS-COLOCROSSING (AS36352)	1
Webhuset AS	Heart Internet limited (AS20738)	1
hyp.net	Sentia Denmark A/S (AS16245)	1
dynu.com	Telia Norge AS (AS41164)	3
ports.se	Hi3G Access AB (AS44034)	1
val.it	DIGITALOCEAN-ASN (AS14061)	1
one.com	Netsite A/S (AS205206)	1
MICROSOFT-CORP-MSN-AS-BLOCK	COLT Technology Services Group Limited (AS8220)	1
one.com	1&1 Versatel Deutschland GmbH (AS8881)	1
hyp.net	Midt Energi As (AS49214)	1
Contabo GmbH	Hostek AB (AS29024)	1
proisp.no	Svorka AS (AS206260)	2
DIGITALOCEAN-ASN	GOOGLE (AS15169)	1
MICROSOFT-CORP-MSN-AS-BLOCK	KMD A/S (AS6834)	1
tikt.no	A2HOSTING (AS55293)	1
ANEXIA Internetdienstleistungs GmbH	Bredband2 AB (AS29518)	1
sohosted.com	Signet B.V. (AS20857)	1
managed-ip.com	CANCOM Managed Services GmbH (AS8469)	1
one.com	Varnamo Energi AB (AS31642)	1
subsys.no	Tussa Ikt As (AS203424)	2
web-solutions.dk	Tietoevry Oyj (AS5411)	1
co.uk	Iomart Cloud Services Limited (AS20860)	1
SECURITYSERVICES	Combell NV (AS34762)	2
work.de	Artfiles New Media GmbH (AS8893)	1
NUCDN	Wix.com Ltd. (AS58182)	1
24web.no	Contabo GmbH (AS51167)	1
SECURITYSERVICES	Bahnhof AB (AS8473)	2
dnnhost.eu	Web Wiz Ltd (AS203315)	1
VITAL-DNS	Hetzner Online GmbH (AS24940)	1
Advania Norge As	Eidsiva Bredband AS (AS29492)	1
Sentia Denmark A/S	Sentia Denmark A/S (AS47292)	1
dnsdomene.net	NETWORK-SOLUTIONS-HOSTING (AS19871)	1
Yelles AB	CLOUDFLARENET (AS13335)	1
ford.com	PlusServer GmbH (AS61157)	1
subsys.no	DLX A/S (AS47527)	1
proisp.no	KKM IT Limited (AS60922)	1
one.com	QTIME BUSINESSES PRIVATE LIMITED (AS141004)	1
hyp.net	Sensa ehf (AS43892)	1
one.com	Delta HighTech Ltd. (AS8860)	1
Braathe AS	Visma Software International AS (AS61213)	1
netim.net	FASTLY (AS54113)	1
one.com	MasterDC s.r.o. (AS24971)	2
online4u.no	Nte Telekom As (AS34087)	1
markmonitor.com	One.com A/S (AS51468)	1
byteworks.ch	Byteworks GmbH (AS62035)	1
Telenor Norge AS	COGECO-PEER1 (AS13768)	1
flodin.no	Hetzner Online GmbH (AS24940)	1
Host Europe GmbH	Zone Media OU (AS49604)	1
bedsys.net	CLOUDFLARENET (AS13335)	1
thrond.no	Gigahost AS (AS56655)	1
bitpro.no	MICROSOFT-CORP-MSN-AS-BLOCK (AS8075)	1
cscudns.com	Akamai International B.V. (AS20940)	1
tmt.de	TMT GmbH & Co. KG (AS16316)	1
ANEXIA Internetdienstleistungs GmbH	Advania Sverige AB (AS202780)	1
michaelduch.no	GlobalConnect AB (AS12552)	1
neodns.info	Hetzner Online GmbH (AS24940)	1
err.no	Kunnskapssektorens Tjenesteleverandor (AS224)	1
novagraaf-dns.com	AMAZON-02 (AS16509)	1
one.com	NETACTUATE (AS36236)	1
DIMENOC	ZONES AS (AS49082)	1
MICROSOFT-CORP-MSN-AS-BLOCK	PlusServer GmbH (AS61157)	1
CLOUDFLARENET	TIM (AS3269)	2
GOOGLE	Eviny Digital AS (AS8542)	1
Webhuset AS	Cygrids Communications AB (AS34941)	1
lemarit.de	Telekom Austria (AS8447)	2
cope.nl	atom86 BV (AS8455)	1
teknograd.no	DIGITALOCEAN-ASN (AS14061)	1
nordicom.no	DIGITALOCEAN-ASN (AS14061)	1
eurodns.biz	FSKNET-DK Forskningsnettet - Danish network for Research and Education (AS1835)	1
MICROSOFT-CORP-MSN-AS-BLOCK	LRS (AS19065)	1
one.com	SUPERDATA (AS45544)	1
one.com	RouteLabel V.O.F. (AS198203)	1
SECURITYSERVICES	KPN B.V. (AS1136)	1
Eidsiva Bredband AS	LeaseWeb Netherlands B.V. (AS60781)	1
innit.network	Eviny Digital AS (AS8542)	1
subsys.no	NETWORK-SOLUTIONS-HOSTING (AS19871)	1
online4u.no	Wix.com Ltd. (AS58182)	4
ports.se	GlobalConnect A/S (AS31027)	1
as2116.net	ITsjefen AS (AS44381)	1
SECURITYSERVICES	GENERAL-MOTORS-CORPORATION (AS30383)	1
SECURITYSERVICES	SUCURI-SEC (AS30148)	1
Tietoevry Norway As	GleSYS AB (AS42708)	1
Telenor Norge AS	AS-26496-GO-DADDY-COM-LLC (AS26496)	1
hyp.net	Telemach Slovenija d.o.o. (AS41828)	1
nameshield.net	One.com A/S (AS51468)	1
CLOUDFLARENET	WINDSTREAM (AS7029)	1
Webhuset AS	DACEN-2 (AS31863)	1
Gigahost AS	SQUARESPACE (AS53831)	1
roxtec.com	Roxtec International AB (AS207538)	1
hosted.nl	BIT BV (AS12859)	1
1and1-dns.com	Telenor Norge AS (AS2119)	1
norskhosting.net	MICROSOFT-CORP-MSN-AS-BLOCK (AS8075)	1
colt-telecom.nl	InterNetX GmbH (AS15456)	1
Hammerfest Energi Bredbaand AS	Hammerfest Energi Bredbaand AS (AS200665)	2
Webhuset AS	Tietoevry Norway As (AS5619)	1
Nte Telekom As	UPHEADS AS (AS201454)	1
hyp.net	Orange Polska Spolka Akcyjna (AS5617)	1
loopia.se	EntServ Deutschland GmbH (AS15854)	1
evolutio.es	Bahnhof AB (AS8473)	1
irandns.com	Hetzner Online GmbH (AS24940)	1
SECURITYSERVICES	Netsec Limited (AS45753)	1
Key-Systems GmbH	Key-Systems GmbH (AS13246)	1
halden.net	Webhuset AS (AS39783)	1
Tietoevry Norway As	Lyse Tele (AS29695)	1
AMAZON-02	ACTIVE 24, s.r.o. (AS25234)	1
norwaydirect.no	Administrator Systems AS (AS20741)	1
Tele2 SWIPnet	GlobalConnect AB (AS12552)	1
hyp.net	CORESPACE-DAL (AS54489)	1
dnsexit.com	Webhuset AS (AS39783)	1
hostbreak.com	Hetzner Online GmbH (AS24940)	1
dnsdomene.net	Binary Racks Limited (AS59895)	1
Webhuset AS	Optimizely AB (AS30811)	1
one.com	GO-DADDY-COM-LLC (AS400754)	1
niva.no	FASTLY (AS54113)	1
hyp.net	Smarthelp As (AS5485)	1
CLOUDFLARENET	Asergo Holding ApS (AS30736)	1
grupoloading.com	Grupo Loading Systems, S.L. (AS198066)	1
UPHEADS AS	Enivest AS (AS35132)	1
nameshield.net	AMAZON-AES (AS14618)	3
itpays.net	Duett AS (AS204712)	1
dcwebdesign.ro	GTS Telecom SRL (AS5606)	1
nordhost.net	Nexthop AS (AS49788)	1
GOOGLE	DXC-AS3360 (AS3360)	1
Hetzner Online GmbH	Host Europe GmbH (AS21499)	1
hjelseth.com	ServeTheWorld AS (AS34989)	1
netim.net	MICROSOFT-CORP-MSN-AS-BLOCK (AS8075)	1
nordicdns.net	Globalconnect As (AS8896)	1
SCAAM0001	ODERLAND Webbhotell AB (AS44136)	1
krx.no	Telia Norge AS (AS25400)	1
NEXCESS-NET	LIQUIDWEB (AS32244)	1
one.com	APYLI-AS (AS53628)	1
SECURITYSERVICES	23M GmbH (AS47447)	1
Host Europe GmbH	SUCURI-SEC (AS30148)	1
SECURITYSERVICES	PlusServer GmbH (AS61157)	2
Braathe AS	Lyse Tele (AS29695)	1
egensajt.se	GOOGLE-CLOUD-PLATFORM (AS396982)	1
sec-ns.de	Hetzner Online GmbH (AS24940)	1
hyp.net	InterNetX GmbH (AS15456)	1
infobel.net	DC STAR nv (AS42160)	1
serveriai.lt	SC Lithuanian Radio and TV Center (AS15419)	1
Cloud DNS Ltd	UNIFIEDLAYER-AS-1 (AS46606)	1
dnsresolve.eu	GlobalConnect A/S (AS31027)	1
hyp.net	NING (AS13535)	2
ibc.pl	Cyber_Folks S.A. (AS29522)	1
markydotdns.com	Tietoevry Oyj (AS5411)	1
tuthost.com	Volia-Cable LLC (AS35680)	1
serveriai.lt	Cloudflare London, LLC (AS209242)	1
SECURITYSERVICES	Plus.line AG (AS12306)	1
munchhansen.dk	GlobalConnect A/S (AS31027)	1
name.se	WHG Hosting Services Ltd (AS209341)	1
sfera.net	Register S.p.A. (AS35130)	1
Telia Company AB	GleSYS AB (AS42708)	2
one.com	Mjoback Overlida Fiber Ekonomisk forening (AS211353)	1
metadata.be	Hetzner Online GmbH (AS24940)	1
tikt.no	CLOUDFLARENET (AS13335)	1
Host Europe GmbH	FLY (AS40509)	2
sircon.net	Gigahost AS (AS56655)	1
Kunnskapssektorens Tjenesteleverandor	Advania Norge As (AS31264)	1
nethere.net	DATABANK-CASTLEACCESS (AS22489)	1
supremedns.com	LIQUIDNETLTD1 (AS14555)	2
CLOUDFLARENET	Studentersamfundet i Trondhjem (AS58302)	1
brgen.no	High5! B.V. (AS60131)	1
giaever.online	ServeTheWorld AS (AS34989)	1
Host Europe GmbH	RAILWAY (AS400940)	1
managed-ip.com	SysEleven GmbH (AS25291)	1
CLOUDFLARENET	VITNA-GSO (AS35950)	1
SECURITYSERVICES	LIQUIDWEB (AS32244)	1
webhs.org	Comercio e Prestacao de Servicos Informaticos, Lda (AS59787)	1
geberit.ch	Bluewin (AS3303)	1
hyp.net	Flow Retail As (AS202174)	1
markmonitor.com	Ans Academy Limited (AS61323)	1
lemarit.de	dogado GmbH (AS45012)	1
dynu.com	Sognenett AS (AS31169)	1
NUCDN	WEEBLY (AS27647)	1
itpays.net	SEDO GmbH (AS47846)	1
Telenor Norge AS	Binero AB (AS35041)	2
IP Group AS	Telekom Austria (AS8447)	1
VITAL-DNS	Nte Telekom As (AS34087)	1
vika.no	CLOUDFLARENET (AS13335)	1
SECURITYSERVICES	Tilaa B.V. (AS196752)	1
Monsternett AS	UNIFIEDLAYER-AS-1 (AS46606)	1
SECURITYSERVICES	Treml+Sturm Datentechnik GmbH (AS25279)	1
famatech.net	OVH SAS (AS16276)	1
Host Europe GmbH	IONOS SE (AS8560)	1
buddyns.com	DNA Oyj (AS16086)	1
weblovers.se	Yelles AB (AS206170)	1
hostgator.com	Cloudflare London, LLC (AS209242)	1
iplace.se	Infomaniak Network SA (AS29222)	1
oppinord.no	Hammerfest Energi Bredbaand AS (AS200665)	1
svethostingu.cz	MasterDC s.r.o. (AS24971)	1
CLOUDFLARENET	FIBER (AS5048)	1
link-host.net	Hostkey B.v. (AS57043)	1
Eidsiva Bredband AS	DIGITALOCEAN-ASN (AS14061)	2
SECURITYSERVICES	XL-CAPITAL (AS22848)	1
stabletransit.com	AMAZON-02 (AS16509)	1
nibe.se	GOOGLE-CLOUD-PLATFORM (AS396982)	1
Hetzner Online GmbH	TDC Holding A/S (AS3292)	1
strd.se	NetNordic Sweden AB (AS207932)	1
proisp.no	Eltele AS (AS206557)	1
Telenor Norge AS	InfraCom Managed Services AB (AS29468)	1
east.no	SQUARESPACE (AS53831)	1
innit.network	SUCURI-SEC (AS30148)	1
itpays.net	GlobalConnect AB (AS12552)	1
afraid.org	Domeneshop AS (AS12996)	1
CLOUDFLARENET	POPIDC powered by CSLoxinfo (AS131447)	1
online4u.no	GOOGLE (AS15169)	2
one.com	Domainkeskus Oy (AS201964)	1
proisp.no	Host Europe GmbH (AS34011)	1
iptwins.com	GANDI SAS (AS29169)	1
tikt.no	DIGITALOCEAN-ASN (AS14061)	1
Teleservice Bredband Skane AB	ODERLAND Webbhotell AB (AS44136)	1
SECURITYSERVICES	Wantech AB (AS39648)	1
polybrite.no	ServeTheWorld AS (AS34989)	1
dnsdomene.net	ZONES AS (AS49082)	1
nordic-backup.com	Secure Data Center Aps (AS202567)	1
CLOUDFLARENET	Bryhni.com AS (AS16065)	1
hyp.net	Batterflyai Media ltd. (AS59580)	1
NUCDN	COGECO-PEER1 (AS13768)	1
MICROSOFT-CORP-MSN-AS-BLOCK	Globalconnect As (AS8896)	2
Globalconnect As	GOOGLE (AS15169)	1
More og Romsdal fylkeskommune	Advania Norge As (AS31264)	1
whukns.com	Iomart Managed Services Limited (AS35425)	1
dnsdomene.net	ORACLE-BMC-31898 (AS31898)	1
tomaxies.net	LIMESTONENETWORKS (AS46475)	1
innit.network	A2HOSTING (AS55293)	1
stofa.is	Verkis hf (AS47545)	1
Neas Energi Telekom Rorosregionen As	AS-VULTR (AS20473)	2
the-name-server.com	HOSTWINDS (AS54290)	1
Nte Telekom As	Monsternett AS (AS201577)	1
Hetzner Online GmbH	Webhuset AS (AS39783)	1
SECURITYSERVICES	Akamai Connected Cloud (AS63949)	2
hostsila.com	Atman Sp. z o.o. (AS24723)	1
UPHEADS AS	WEEBLY (AS27647)	1
tikt.no	Nte Telekom As (AS34087)	1
itsjefen.no	Tietoevry Norway As (AS13243)	1
GOOGLE	Blix Solutions AS (AS50304)	1
hyp.net	The Infrastructure Group B.V. (AS60404)	2
AMAZON-02	Krystal Hosting Ltd (AS12488)	1
drlinux.no	Lyse Tele (AS29695)	1
as2116.net	WEEBLY (AS27647)	1
netpower.no	One.com A/S (AS51468)	1
ORANGE BUSINESS SERVICES U.S. Inc.	AMAZON-AES (AS14618)	1
GANDI SAS	Kunnskapssektorens Tjenesteleverandor (AS224)	1
fnordserver.net	SysEleven GmbH (AS25291)	1
CLOUDFLARENET	Trollfjord Bredband AS (AS202204)	1
DTS Systeme GmbH	Deutsche Telekom AG (AS3320)	1
admfx.com	AMAZON-02 (AS16509)	1
netim.net	Miss Hosting AB (AS200719)	1
lemarit.de	Fresenius SE & Co. KGaA (AS15644)	1
hyp.net	ESTRUXTURE-ON-19122 (AS19122)	1
matnyttig.no	Internet Vikings International AB (AS51747)	1
itl.no	LeaseWeb Netherlands B.V. (AS60781)	1
One.com A/S	GOOGLE-CLOUD-PLATFORM (AS396982)	1
Globalconnect As	Tafjord Connect AS (AS15765)	1
online4u.no	GleSYS AB (AS42708)	1
Kindred IP Limited	Kindred IP Limited (AS47171)	1
MICROSOFT-CORP-MSN-AS-BLOCK	COGECO-PEER1 (AS13768)	1
one.com	Telia Lietuva, AB (AS43811)	1
CLOUDFLARENET	UAB Cherry Servers (AS16125)	1
SECURITYSERVICES	Toyota Motor Europe SA (AS31154)	1
landert.com	Sunrise GmbH (AS6730)	1
zoneedit.com	Telia Norge AS (AS41164)	1
ns14.net	Deutsche Glasfaser Wholesale GmbH (AS60294)	1
timeforit.se	GlobalConnect AB (AS12552)	1
AMAZON-02	Globalconnect As (AS8896)	1
Localhost As	Webhuset AS (AS39783)	1
Webhuset AS	LIQUIDWEB (AS53824)	1
Nordea Bank Abp	Tietoevry Norway As (AS5619)	1
egontek.net	Technology Transfer Intercontinental S.R.L (AS44567)	1
IP Group AS	CLOUDFLARENET (AS13335)	1
DIGICERT	AMAZON-AES (AS14618)	1
Telenor Norge AS	GlobalConnect AB (AS12552)	1
one.com	Stichting DIGI NL (AS206281)	1
kamy.no	DIGITALOCEAN-ASN (AS14061)	2
subsys.no	UNIFIEDLAYER-AS-1 (AS46606)	1
Akamai Connected Cloud	Orange Business Digital Norway As (AS25148)	1
ServeTheWorld AS	Globalconnect As (AS8896)	1
basefarm.net	AUTOMATTIC (AS2635)	1
swiboda.com	Redpill Linpro AS (AS39029)	1
NUCDN	Signet B.V. (AS20857)	1
ongoingsystems.se	Tripnet AB (AS34385)	1
Advania Norge As	DREAMHOST-AS (AS26347)	1
ports.se	Internet Vikings International AB (AS203193)	1
Tietoevry Norway As	NovoServe B.V. (AS24875)	1
Lyse Tele	RACKSPACE (AS19994)	1
registrarservers.net	Exa Bytes Network Sdn.Bhd. (AS46015)	1
henes.no	SQUARESPACE (AS53831)	1
ANEXIA Internetdienstleistungs GmbH	GlobalConnect AB (AS12552)	1
Hetzner Online GmbH	Init7 (Switzerland) Ltd. (AS13030)	1
winhost.com	HOSTCOLLECTIVE (AS14415)	1
proisp.no	Telia Cygate AB (AS197308)	2
Lyse Tele	Gigahost AS (AS56655)	1
tikt.no	SOFTLAYER (AS36351)	1
Free Pro SAS	FASTLY (AS54113)	1
serverdrift.no	Tussa Ikt As (AS203424)	2
domeinbalie.nl	We Dare B.V. (AS20495)	1
hyp.net	WebSupport s.r.o. (AS51013)	1
CLOUDFLARENET	Trans-iX B.V. (AS30870)	1
markmonitor.zone	AS23049 (AS23049)	1
123ns.de	Core-Backbone GmbH (AS201011)	1
ACTIVE 24, s.r.o.	GDM Konsult AB (AS39078)	1
port53.se	Bredband2 AB (AS29518)	1
Norsk Helsenett SF	DIGITALOCEAN-ASN (AS14061)	1
netpower.no	GlobalConnect A/S (AS42525)	1
ServeTheWorld AS	Strato GmbH (AS6724)	1
co.uk	DOSARREST (AS19324)	1
nla.no	FASTLY (AS54113)	1
Hetzner Online GmbH	Intility AS (AS49586)	1
yourdomainprovider.net	Metaregistrar B.V. (AS42585)	1
proisp.no	HURRICANE (AS6939)	2
solvarde.com	AMAZON-AES (AS14618)	3
ahrain.net	Underworld (AS50213)	1
hyp.net	GleSYS AB (AS35382)	1
Key-Systems GmbH	Hetzner Online GmbH (AS24940)	2
Advania Norge As	Artnet Sp. z o.o. (AS197155)	1
subsys.no	Ddos-guard Ltd (AS57724)	1
kreativstrek.no	CLOUDFLARENET (AS13335)	1
vitnett.no	UUNET (AS702)	1
AMAZON-02	WBD-AS5662 (AS5662)	1
999servers.com	Good Domain Registry Private Limited (AS132322)	1
Telenor Norge AS	ODERLAND Webbhotell AB (AS44136)	2
Heart Internet limited	GOOGLE-CLOUD-PLATFORM (AS396982)	1
savvii.com	GlobalConnect AB (AS12552)	1
dnsdomene.net	DIGI Tavkozlesi es Szolgaltato Kft. (AS20845)	1
subsys.no	Globalconnect As (AS2116)	1
co.uk	AMAZON-AES (AS14618)	1
krx.no	Tussa Ikt As (AS203424)	1
tikt.no	Webhuset AS (AS39783)	1
DIGICERT	SOFTLAYER (AS36351)	1
Braathe AS	GleSYS AB (AS42708)	1
MICROSOFT-CORP-MSN-AS-BLOCK	Redpill Linpro AS (AS39029)	1
GOOGLE	Binero AB (AS35041)	1
Akamai International B.V.	Lyse Tele (AS29695)	1
ANEXIA Internetdienstleistungs GmbH	Sentia Denmark A/S (AS47292)	1
addpro.se	MICROSOFT-CORP-MSN-AS-BLOCK (AS8075)	1
bitbit.net	Optimizely AB (AS30811)	1
dotserv.com	AMAZON-02 (AS16509)	1
securenet-server.net	ASACENET1 (AS22878)	1
hvosting.ua	PE Konstantin Vladimirovich Kravchenko (AS43773)	1
stabletransit.com	UUNET (AS701)	1
Statens Vegvesen	Globalconnect As (AS8896)	1
hostarch.com	Gwy It Pty Ltd (AS199959)	1
crossnet.net	GlobalConnect AB (AS12552)	1
MICROSOFT-CORP-MSN-AS-BLOCK	SOFTLAYER (AS36351)	1
proisp.no	Heart Internet limited (AS20738)	2
swiboda.com	Contabo GmbH (AS51167)	2
MICROSOFT-CORP-MSN-AS-BLOCK	Planeetta Internet Oy (AS58003)	1
Telia Lietuva, AB	Hetzner Online GmbH (AS24940)	1
Sigterm AS	Nexthop AS (AS49788)	1
Hetzner Online GmbH	Bahnhof AB (AS8473)	1
skycom.dk	AMAZON-02 (AS16509)	1
innit.network	GOOGLE (AS15169)	1
CLOUDFLARENET	WIIT AG (AS24961)	1
webly.no	Webhuset AS (AS39783)	1
kanhotel.net	Kunnskapssektorens Tjenesteleverandor (AS224)	1
hyp.net	Ikt-kapasiteter (AS49278)	1
rehau.com	Hetzner Online GmbH (AS24940)	1
rackspace.com	AMAZON-AES (AS14618)	1
second-ns.com	CLOUDFLARENET (AS13335)	1
CLOUDFLARENET	Digital Realty (UK) Limited (AS49425)	1
sameservers.com	DIMENOC (AS33182)	1
solcon.nl	The Infrastructure Group B.V. (AS38913)	1
markydotdns.com	Akamai International B.V. (AS20940)	1
zoneedit.com	Globalconnect As (AS2116)	1
Host Europe GmbH	NTT COMMUNICATIONS INDIA NETWORK SERVICES PRIVATE LIMITED (AS17439)	1
Telenor Norge AS	ORACLE-BMC-31898 (AS31898)	1
bramgn.nl	Hetzner Online GmbH (AS24940)	1
dominiando.asia	DLX A/S (AS47527)	1
CLOUDFLARENET	Infomaniak Network SA (AS29222)	2
hyp.net	Fastmail Pty Ltd (AS151847)	1
vika.no	Telia Cygate AB (AS197308)	1
Eidsiva Bredband AS	ServeTheWorld AS (AS34989)	1
as2116.net	Loopia AB (AS39570)	1
one.com	Iver Sverige AB (AS49419)	1
is-fun.net	Bisping & Bisping GmbH & Co KG (AS20686)	1
hyp.net	Christian Ebsen ApS (AS62121)	1
AMAZON-02	WEDOS Internet, a.s. (AS197019)	1
ServeTheWorld AS	MICROSOFT-CORP-MSN-AS-BLOCK (AS8075)	1
ANEXIA Internetdienstleistungs GmbH	WEEBLY (AS27647)	1
moes-tavern.com	ServeTheWorld AS (AS34989)	1
MICROSOFT-CORP-MSN-AS-BLOCK	Accenture B. V. (AS8315)	1
hyp.net	Sunrise GmbH (AS6730)	1
ns14.net	31173 Services AB (AS39351)	1
hyp.net	IQ PL Sp. z o.o. (AS47544)	1
mimer.no	Telia Norge AS (AS25400)	1
subsys.no	team.blue Denmark A/S (AS48854)	1
kuzmin.no	ORACLE-BMC-31898 (AS31898)	1
klaviyo.com	CLOUDFLARENET (AS13335)	1
CLOUDFLARENET	Adacor Hosting GmbH (AS42442)	1
worldwidedns.net	OVH SAS (AS16276)	1
Eviny Digital AS	NETWORK-SOLUTIONS-HOSTING (AS19871)	1
Globalconnect As	NextGenTel AS (AS15659)	1
tikt.no	Globalconnect As (AS8896)	1
as49271.net	SQUARESPACE (AS53831)	1
sui-inter.net	METANET AG (AS21069)	2
ipcom GmbH	UNIFIEDLAYER-AS-1 (AS46606)	2
inndata.no	Gigahost AS (AS56655)	1
CLOUDFLARENET	RMH-14 (AS33070)	1
hyp.net	Pulsant (Scotland) Ltd (AS12703)	1
CLOUDFLARENET	Move AS (AS200163)	1
Admax AB	Akamai Connected Cloud (AS63949)	1
gigahost.dk	Sentia Denmark A/S (AS16245)	1
exocad.net	Hetzner Online GmbH (AS24940)	1
increo.com	Tafjord Connect AS (AS15765)	1
proisp.no	GlobalConnect A/S (AS31027)	2
holcim.com	AMAZON-02 (AS16509)	1
ksat.no	Optimizely AB (AS30811)	1
ServeTheWorld AS	Cloud City Oy (AS202509)	1
hypernode.com	FASTLY (AS54113)	1
hyp.net	Dustin Norway AS (AS207346)	1
webstyle.ch	senseLAN GmbH (AS31736)	1
Key-Systems GmbH	Deutsche Telekom AG (AS3320)	1
GOOGLE	Enflow B.V. (AS209626)	2
CGI Sverige AB	Tele2 SWIPnet (AS1257)	1
Nexthop AS	Host Europe GmbH (AS21501)	1
ANEXIA Internetdienstleistungs GmbH	F-Solutions Oy (AS51691)	1
chilldns.net	IOFLOOD (AS53755)	1
inviso.se	InfraCom Managed Services AB (AS29468)	1
as2116.net	GOOGLE (AS15169)	1
Netnod AB	Enflow B.V. (AS209626)	1
web4u.cz	SH.cz s.r.o. (AS39392)	2
NSONE	Eidsiva Bredband AS (AS29492)	1
Telenor Norge AS	DREAMHOST-AS (AS26347)	1
dnsdomene.net	Tencent Building, Kejizhongyi Avenue (AS132203)	1
netpower.no	Braathe AS (AS21119)	1
MICROSOFT-CORP-MSN-AS-BLOCK	Bredband2 AB (AS29518)	1
subsys.no	Scaleway S.a.s. (AS12876)	1
sycor.de	SYCOR GmbH (AS25481)	1
markmonitor.com	AKAMAI-AS (AS16625)	1
keyence.net	AMAZON-02 (AS16509)	1
markmonitor.com	Signet B.V. (AS20857)	1
CLOUDFLARENET	SweHosting (AS208453)	1
combitech.biz	Telia Cygate AB (AS197308)	1
CLOUDFLARENET	Korea Telecom (AS4766)	1
halden.net	Loopia AB (AS39570)	1
NUCDN	Rackspace Ltd. (AS15395)	1
SKODA AUTO a.s.	SKODA AUTO a.s. (AS20708)	1
BB-Online UK Ltd	SOFTLAYER (AS36351)	1
hpdns.net	Enix Ltd (AS52148)	1
DTS Systeme GmbH	FASTLY (AS54113)	1
CLOUDFLARENET	Ficolo Oy (AS49282)	1
jino.ru	JSC RTComm.RU (AS8342)	1
terki.no	Telenor Norge AS (AS2119)	1
nameshield.net	Nexthop AS (AS49788)	1
team.blue Denmark A/S	DNA Oyj (AS16086)	1
Telia Norge AS	EXP-EC2000 (AS14799)	1
teknograd.no	Wix.com Ltd. (AS58182)	1
Telia Finland Oyj	SCALEMATRIX (AS33695)	1
hyp.net	LINKBERMUDA (AS11269)	2
lemarit.de	23M GmbH (AS47447)	1
Telenor Norge AS	Societe Francaise Du Radiotelephone - SFR SA (AS15557)	1
hyp.net	ONIAAS (AS40092)	1
managed-ip.com	GOOGLE-CLOUD-PLATFORM (AS396982)	1
ports.se	Lounea Palvelut Oy (AS21348)	1
markmonitor.com	Enflow B.V. (AS209626)	1
MICROSOFT-CORP-MSN-AS-BLOCK	Telefiber AS (AS31726)	1
AMAZON-02	Itm8 A/S (AS44398)	1
nrec.no	Kunnskapssektorens Tjenesteleverandor (AS224)	1
a1.net	Telekom Austria (AS8447)	1
oto.cc	AMAZON-AES (AS14618)	1
addpro.se	Telenor Norge AS (AS2119)	1
OVH SAS	Novaram ApS (AS34165)	1
Kunnskapssektorens Tjenesteleverandor	Tussa Ikt As (AS203424)	1
hyp.net	Sparkinit S.r.l. (AS39825)	1
flyttebyra-oslo.no	Contabo GmbH (AS51167)	1
interhost.no	GOOGLE-CLOUD-PLATFORM (AS396982)	1
NUCDN	FALCK-MOBILE-HEALTH-CORP (AS32306)	1
tentacle.fi	Mediam Oy (AS39324)	1
hyp.net	Synextra Limited (AS59778)	1
dns.services	GlobalConnect A/S (AS31027)	1
Systemec BV	Systemec BV (AS41480)	1
namehero.net	Hostinger International Limited (AS47583)	1
hyp.net	Freedom Internet BV (AS206238)	1
co.uk	FASTLY (AS54113)	2
GleSYS AB	84 Grams AB (AS57630)	1
Hammerfest Energi Bredbaand AS	Telenor Norge AS (AS2119)	1
Akamai Connected Cloud	Tietoevry Norway As (AS13243)	1
Gigahost AS	Lyse Tele (AS29695)	1
CLOUDFLARENET	BASF Digital Solutions GmbH (AS15495)	1
1984.is	Lyse Tele (AS29695)	1
dezyne.net	Mammoth Media Pty Ltd (AS133159)	1
planethoster.net	PLANETHOSTER-8 (AS53589)	1
AMAZON-02	HOSTHATCH (AS63473)	1
Gigahost AS	AMAZON-02 (AS16509)	1
itpays.net	Tussa Ikt As (AS203424)	1
oxxy.com	AMAZON-02 (AS16509)	1
cscudns.com	Globalconnect As (AS2116)	1
mirva.io	ODERLAND Webbhotell AB (AS44136)	1
MICROSOFT-CORP-MSN-AS-BLOCK	Arribatec Cloud AS (AS205976)	1
proisp.no	Akenes SA (AS61098)	1
ITCONNECT Scandinavia AB	AMAZON-AES (AS14618)	1
Cloud DNS Ltd	GOOGLE-2 (AS19527)	1
ipcom GmbH	UPHEADS AS (AS201454)	1
yahoo.com	CENTURYLINK-LEGACY-SAVVIS (AS3561)	1
Cloud DNS Ltd	Akamai Connected Cloud (AS63949)	1
CLOUDFLARENET	Krystal Hosting Ltd (AS12488)	1
online4u.no	PlusServer GmbH (AS61157)	1
volkswagen.de	Volkswagen AG (AS206618)	1
meinberg.de	Hetzner Online GmbH (AS24940)	1
nazar.fo	GleSYS AB (AS42708)	2
Tietoevry Norway As	team.blue Denmark A/S (AS48854)	1
Akamai International B.V.	TDC Holding A/S (AS3292)	1
Safenames Ltd.	Mittwald CM Service GmbH & Co. KG (AS15817)	2
team.blue Denmark A/S	Christian Ebsen ApS (AS62121)	1
online4u.no	SINGLEHOP-LLC (AS32475)	1
svorka.net	PRO-ZETA a.s. (AS49025)	1
Karjaan Puhelin Oy	Globalconnect As (AS2116)	1
serverworld.uk	UK Dedicated Servers Limited (AS42831)	1
ports.se	UKDedicated LTD (AS34282)	1
team.blue Denmark A/S	Lyse Tele (AS29695)	1
hyp.net	Compuweb Communications Services Limited (AS15510)	1
zs.se	GleSYS AB (AS42708)	1
team.blue Denmark A/S	Signet B.V. (AS20857)	1
hyp.net	CoreIT AB (AS209041)	1
hyp.net	MEMSET Ltd (AS50957)	1
Host Europe GmbH	TZULO (AS11878)	1
bedsys.net	Leaseweb Deutschland GmbH (AS28753)	1
AMAZON-02	Hostek AB (AS61207)	2
Tietoevry Norway As	AMAZON-AES (AS14618)	1
proisp.no	Iteam 10 As (AS202128)	1
proisp.no	INTEGRITY Informatics Ltd. (AS28924)	1
SECURITYSERVICES	WYSIWYG Software Design GmbH (AS38948)	1
ipcom GmbH	Internet Vikings International AB (AS62395)	1
east.no	AMAZON-02 (AS16509)	1
co.uk	A2HOSTING (AS55293)	1
teknograd.no	Webhuset AS (AS39783)	1
dcsaas.net	Atman Sp. z o.o. (AS15694)	1
register.it	K Media Tech Ltd. (AS210250)	1
domeny.tv	Dataspace P.s.a. (AS50599)	1
Telenor Norge AS	IT-Total Sweden AB (AS8769)	1
Nordea Bank Abp	Domeneshop AS (AS12996)	1
securewebhosting.net	NAMEHERO-KCDC (AS399250)	1
Telenor Norge AS	SiteVision AB (AS41174)	1
as2116.net	Iomart Cloud Services Limited (AS20860)	1
dig.com	DISNEYONLINE-AS (AS8137)	1
hyp.net	Network Technology Harald Firing Karlsen (AS48144)	1
Tietoevry Norway As	GlobalConnect AB (AS12552)	2
deutschepost.de	Akamai International B.V. (AS20940)	1
Monsternett AS	A2HOSTING (AS55293)	1
bedsys.net	SQUARESPACE (AS53831)	1
co.uk	Think BV Limited (AS51159)	1
hesburger.fi	DNA Oyj (AS16086)	1
dnsnode.net	DIGITALOCEAN-ASN (AS14061)	1
firmanett.no	MICROSOFT-CORP-MSN-AS-BLOCK (AS8075)	2
Hetzner Online GmbH	dogado GmbH (AS8648)	1
joslabs.net	Hetzner Online GmbH (AS24940)	2
one.com	Bredband2 AB (AS29518)	1
MICROSOFT-CORP-MSN-AS-BLOCK	ORACLE-BMC-31898 (AS31898)	1
SECURITYSERVICES	Ans Academy Limited (AS61323)	1
swiboda.com	Webhuset AS (AS29486)	1
nixus.info	Aruba S.p.A. (AS31034)	1
1a.nl	dnx network sarl (AS212882)	1
is-fun.net	IONOS SE (AS8560)	1
jetcom.dk	TDC Holding A/S (AS3292)	1
DIGICERT	Iver Sverige AB (AS49419)	2
yourserver.de	Hetzner Online GmbH (AS24940)	1
Safenames Ltd.	Hetzner Online GmbH (AS24940)	1
Webhuset AS	Bouygues Telecom SA (AS5410)	1
GOOGLE	Tietoevry Oyj (AS375)	1
Telia Norge AS	Loopia AB (AS39570)	1
Braathe AS	Telenor Norge AS (AS2119)	1
Telenor Norge AS	DXC Technology Danmark A/S (AS29156)	1
Neas Energi Telekom Rorosregionen As	CLOUDACCESS-NETWORK (AS54456)	1
hyp.net	DNIC-AS-00749 (AS749)	1
Braathe AS	RouteLabel V.O.F. (AS198203)	1
resolv.no	FASTLY (AS54113)	1
goliathdns.no	SERVERS-COM (AS7979)	1
MICROSOFT-CORP-MSN-AS-BLOCK	GO-DADDY-COM-LLC (AS398787)	1
nordkapp.net	A2HOSTING (AS55293)	1
netnam.vn	Netnam Company (AS24173)	1
Akamai International B.V.	AUTOMATTIC (AS2635)	1
UPHEADS AS	ServeTheWorld AS (AS34989)	1
ipcom GmbH	Pixel X e.K. (AS60380)	1
Cloud DNS Ltd	Dravanet Co Ltd. (AS197248)	1
rmt.pl	Hetzner Online GmbH (AS24940)	1
Knipp Medien und Kommunikation GmbH	AMAZON-02 (AS16509)	1
proisp.no	COGENT-174 (AS174)	1
Underworld	GlobalConnect AB (AS12552)	1
UPHEADS AS	SOFTLAYER (AS36351)	1
interhost.no	Blix Solutions AS (AS50304)	1
Webhuset AS	WHG Hosting Services Ltd (AS51713)	1
vaasagroup.com	Web1 Oy (AS207003)	1
Keyloop Holdings (UK) Limited	TDC Holding A/S (AS3292)	2
Globalconnect As	Obos Nett AS (AS211309)	1
nordkapp.net	Hostek AB (AS61207)	1
nvme-servers.org	Hetzner Online GmbH (AS24940)	1
pbsys.no	AMAZON-AES (AS14618)	1
hyp.net	Telefonica De Espana S.a.u. (AS3352)	1
Telenor Norge AS	Rackspace Ltd. (AS15395)	1
interip.nl	WorldStream B.V. (AS49981)	1
vika.no	Wix.com Ltd. (AS58182)	1
thinline.cz	PRO-ZETA a.s. (AS60606)	1
AMAZON-02	Elisa Oyj (AS719)	1
Host Europe GmbH	ZAYO-6461 (AS6461)	1
AMAZON-02	Rackspace Ltd. (AS15395)	1
hyp.net	ASN-CXA-ALL-CCI-22773-RDC (AS22773)	1
Webhuset AS	LIQUIDWEB (AS32244)	1
Neas Energi Telekom Rorosregionen As	Nte Telekom As (AS34087)	1
3s.pl	ODERLAND Webbhotell AB (AS44136)	1
AMAZON-02	SIA BITE Latvija (AS2588)	1
whitelabelserver.nl	Serverius Holding B.V. (AS50673)	1
MICROSOFT-CORP-MSN-AS-BLOCK	Enix Ltd (AS52148)	2
Lyse Tele	Cloudflare London, LLC (AS209242)	1
hyp.net	Itissalat Al-MAGHRIB (AS6713)	1
iptwins.com	CSC Administrative Services Limited (AS34922)	1
hyp.net	Volvo Information Technology AB (AS25252)	1
Orange Business Services SA	FASTLY (AS54113)	1
cloud-01-ropesolutions.nl	CLDIN B.V. (AS48635)	1
tmpw.net	MONST-2AS (AS10694)	1
Akamai Connected Cloud	Vitec Software Group AB (AS197332)	1
acalbfi.com	Mittwald CM Service GmbH & Co. KG (AS15817)	1
Neas Energi Telekom Rorosregionen As	Telenor Norge AS (AS2119)	1
SECURITYSERVICES	CERNET-ASN-BLOCK (AS4264)	1
futurehost.pl	Cyber_Folks S.A. (AS41079)	1
firmanett.no	CLOUDFLARENET (AS13335)	2
Dataspace P.s.a.	AMAZON-02 (AS16509)	1
CLOUDFLARENET	Keyweb AG (AS31103)	1
Eidsiva Bredband AS	Globalconnect As (AS2116)	3
hjelseth.com	RHW Eiendom AS (AS198368)	1
medialaget.net	AMAZON-02 (AS16509)	1
ACTIVE 24, s.r.o.	GleSYS AB (AS42708)	1
netim.net	proIO GmbH (AS206293)	1
ZONES AS	MICROSOFT-CORP-MSN-AS-BLOCK (AS8075)	1
netim.net	SH.cz s.r.o. (AS39392)	1
CLOUDFLARENET	Deutsche Telekom AG (AS3320)	1
ports.se	Heart Internet limited (AS20738)	1
Hammerfest Energi Bredbaand AS	Emp Secure As (AS28824)	1
smarthosting.no	Hostinger International Limited (AS47583)	1
hyp.net	MilkyWan Association (AS2027)	1
skarya.host	Hetzner Online GmbH (AS24940)	2
CLDIN B.V.	DIGITALOCEAN-ASN (AS14061)	1
Akamai Connected Cloud	Telia Cygate AB (AS197308)	1
hyp.net	PRGMR (AS47066)	1
one.com	ACTIVE 24, s.r.o. (AS25234)	1
one.com	Tietoevry Norway As (AS5619)	1
myshoptet.com	VSHosting s.r.o. (AS43541)	1
mybizcloud.at	Infotech EDV-Systeme GmbH (AS28760)	1
Elisa Oyj	AMAZON-02 (AS16509)	1
Lyse Tele	Wix.com Ltd. (AS58182)	1
BUNNYWAY, informacijske storitve d.o.o.	Gigahost AS (AS56655)	1
scientology.net	GOOGLE-CLOUD-PLATFORM (AS396982)	1
griffel.se	Optimizely AB (AS30811)	1
dns.services	CLOUDFLARENET (AS13335)	1
aedes.ee	Server Farm LLC (AS202635)	1
cogentco.com	COGENT-174 (AS174)	1
nameunit.com	DIGITALOCEAN-ASN (AS14061)	1
jad.es	Hetzner Online GmbH (AS24940)	1
Lyse Tele	mono solutions ApS (AS201595)	1
hyp.net	Compic OU (AS39823)	1
bookmate.com	WorldStream B.V. (AS49981)	1
mdnsservice.com	FASTLY (AS54113)	1
terrakom.hr	Terrakom d.o.o. (AS34362)	1
Eviny Digital AS	DIGITALOCEAN-ASN (AS14061)	1
Hetzner Online GmbH	DREAMHOST-AS (AS26347)	1
teknograd.no	Emp Secure As (AS28824)	1
ipcom GmbH	INCAPSULA (AS19551)	1
VEV Romerike AS	mono solutions ApS (AS201595)	1
isphuset.no	DIGITALOCEAN-ASN (AS14061)	1
as2116.net	Retelit Digital Services S.p.A. (AS5602)	1
fmuv.no	GlobalConnect AB (AS12552)	1
z500.pl	OVH SAS (AS16276)	1
webb.net	Cleura AB (AS42695)	1
hyp.net	HWJ Invest 2016 ApS (AS198614)	1
hyp.net	Individual Network Berlin (IN-Berlin) e.V. (AS29670)	1
bitbit.net	Tietoevry Norway As (AS13243)	2
mainloop.net	Gigahost AS (AS56655)	1
sircon.net	VSHosting s.r.o. (AS43541)	1
demysdns.net	Cleura AB (AS42695)	1
Admax AB	ODERLAND Webbhotell AB (AS44136)	1
one.com	Telenet SIA (AS24589)	1
24web.no	team.blue Denmark A/S (AS48854)	1
hyp.net	CASABLANCA INT a.s. (AS15685)	1
domain-hosting.name	Hetzner Online GmbH (AS24940)	1
Telenor Norge AS	Redpill Linpro AS (AS39029)	1
unifiedns.com	HVC-AS (AS29802)	1
abbott.com	ABBOTT (AS21899)	1
NUCDN	BROAD-RUN-BORDER-AS (AS26134)	1
Cloud DNS Ltd	Domeneshop AS (AS12996)	1
thcservers.com	AS40676 (AS40676)	1
dnsdrift.net	IT PAYS AS (AS50562)	1
ilait.se	Loopia AB (AS39570)	1
stabilny.net	Cyber_Folks S.A. (AS29522)	1
one.com	Patrik Lagerman (AS35100)	1
SAREnet, S.A.	SAREnet, S.A. (AS3262)	1
sparebank1.no	MICROSOFT-CORP-MSN-AS-BLOCK (AS8075)	1
as2116.net	Visma Software International AS (AS61213)	1
hyp.net	Six Degrees Technology Group Limited (AS6908)	1
Akamai Connected Cloud	ATLANTIC-NET-1 (AS6364)	1
SavMAN AB	Akamai Connected Cloud (AS63949)	1
r24cloud.se	Advania Sverige AB (AS57208)	1
tigron.be	Tigron bv (AS56837)	1
freewha.com	WII (AS32097)	1
markmonitor.com	GlobalConnect AB (AS12552)	1
Globalconnect As	Hostinger International Limited (AS47583)	1
iptwins.com	SQUARESPACE (AS53831)	1
unlimited.rs	United Internet Ltd. (AS207604)	1
triple.be	Triple Interactive B.V. (AS210977)	1
peer1.net	MICROSOFT-CORP-MSN-AS-BLOCK (AS8075)	1
Gigahost AS	Hetzner Online GmbH (AS24940)	1
keurigonline.be	CLOUDFLARENET (AS13335)	1
Cloud DNS Ltd	Bryhni.com AS (AS16065)	1
zcom.cz	ZCOM.cz s.r.o (AS206548)	1
td-fn.net	arcos informationssysteme GmbH (AS41504)	1
Hostpoint AG	NForce Entertainment B.V. (AS43350)	1
advenio.no	Domeneshop AS (AS12996)	1
Neas Energi Telekom Rorosregionen As	BIT BV (AS12859)	1
Nte Telekom As	AMAZON-AES (AS14618)	1
yourdomainprovider.net	IONOS SE (AS8560)	1
Host Europe GmbH	Cyber_Folks S.A. (AS41079)	1
smarthosting.no	mono solutions ApS (AS201595)	1
Host Europe GmbH	COGECO-PEER1 (AS13768)	1
dnsdomene.net	Enix Ltd (AS52148)	1
CLOUDFLARENET	LUCENT-CIO (AS10455)	1
progressive.dk	team.blue Denmark A/S (AS48854)	1
ascio.com	Vodafone Spain (AS12430)	1
GOOGLE	Free SAS (AS12322)	1
loopia.se	NETWORK-SOLUTIONS-HOSTING (AS19871)	1
storstein-nett.no	GOOGLE (AS15169)	1
CTS Eventim Solutions GmbH	CLOUDFLARENET (AS13335)	1
Akamai Connected Cloud	GleSYS AB (AS42708)	1
as2116.net	Webhuset AS (AS29486)	1
Braathe AS	SUCURI-SEC (AS30148)	1
afraid.org	Com4 AS (AS57660)	1
Neas Energi Telekom Rorosregionen As	Cloudflare London, LLC (AS209242)	1
Host Europe GmbH	Blix Solutions AS (AS50304)	1
SECURITYSERVICES	BROAD-RUN-BORDER-AS (AS26134)	1
one.com	Mt Spolka Z Ograniczona Odpowiedzialnoscia (AS196883)	1
vhosting.no	Telia Norge AS (AS25400)	1
Webhuset AS	Domowy Serwis Komputerowy Piotr Chrobot (AS202061)	1
hyp.net	IT DATA AS (AS206220)	1
mintydns.com	DIGITALOCEAN-ASN (AS14061)	1
rawsec.no	Akamai Connected Cloud (AS63949)	1
sammen.no	AMAZON-02 (AS16509)	1
streamterium.com	Supporta Interactiva B.V. (AS205316)	1
one.com	GORILLASERVERS (AS53850)	1
Akamai Connected Cloud	Globalconnect As (AS8896)	1
dmdox.com	AMAZON-02 (AS16509)	1
register.it	Globalconnect As (AS2116)	1
hyp.net	Amito Ltd (AS60610)	1
GRENKE Service GmbH	AMAZON-02 (AS16509)	1
nta.no	Kunnskapssektorens Tjenesteleverandor (AS224)	1
HURRICANE	Aixit GmbH (AS29551)	1
MICROSOFT-CORP-MSN-AS-BLOCK	UpCloud Ltd (AS202053)	1
pil.dk	AMAZON-02 (AS16509)	1
superhosting.rs	Superhosting doo (AS208898)	1
SAREnet, S.A.	Hetzner Online GmbH (AS24940)	1
ServeTheWorld AS	Computer Technology Institute and Press Diophantus (AS8248)	1
euronetworldwide.com	AMAZON-02 (AS16509)	1
IMC AS	FASTER CZ spol. s r.o. (AS24641)	1
bergendataskole.no	Eviny Digital AS (AS8542)	1
hyp.net	Austevoll Kraftlag BA (AS58264)	1
wwdh.hu	Hetzner Online GmbH (AS24940)	1
NUCDN	Atea A/S (AS21060)	1
CLOUDFLARENET	Host Europe GmbH (AS21501)	1
ns53.be	Destiny N.V (AS28707)	1
Monsternett AS	mono solutions ApS (AS201595)	1
Cloud DNS Ltd	Gigahost AS (AS56655)	1
media24.no	Webhuset AS (AS39783)	1
Eviny Digital AS	team.blue Denmark A/S (AS48854)	1
NUCDN	Akamai International B.V. (AS20940)	1
team.blue Denmark A/S	firstcolo GmbH (AS44066)	1
is-fun.net	Strato GmbH (AS6724)	1
sorsele.net	DIGITALOCEAN-ASN (AS14061)	1
sonnungr.no	SQUARESPACE (AS53831)	1
co.uk	Amito Ltd (AS60610)	1
altidata.net	MICROSOFT-CORP-MSN-AS-BLOCK (AS8075)	1
DIGICERT	lopnet AB (AS201146)	1
register.be	Planeetta Internet Oy (AS58003)	1
com4.no	Cloudflare London, LLC (AS209242)	1
vika.no	AS-VULTR (AS20473)	1
register.it	FASTLY (AS54113)	1
AMAZON-02	Zone Media OU (AS49604)	1
CLOUDFLARENET	SPARKED (AS397032)	1
zoneedit.com	Hostek AB (AS61207)	1
headsite.nu	Bahnhof AB (AS8473)	1
iben.no	IONOS SE (AS8560)	1
SECURITYSERVICES	Videnca AB (AS42622)	1
starwebb.se	AMAZON-02 (AS16509)	1
CLOUDFLARENET	GO-DADDY-COM-LLC (AS398787)	1
smarthosting.no	AMAZON-AES (AS14618)	1
Liden Data Internetwork AB	Binero AB (AS35041)	1
Hostpoint AG	CLOUDFLARENET (AS13335)	1
freedns.si	DREAMHOST-AS (AS26347)	1
vhosting.no	Hetzner Online GmbH (AS24940)	1
Braathe AS	IT PAYS AS (AS50562)	1
desec.io	Hetzner Online GmbH (AS24940)	1
SECURITYSERVICES	Agnitio AS (AS38990)	1
gazduire.ro	GTS Telecom SRL (AS5606)	1
hyp.net	NAMEHERO-KCDC (AS399250)	1
NUCDN	23M GmbH (AS47447)	1
linode.com	Cloudflare London, LLC (AS209242)	1
zoneedit.com	One.com A/S (AS51468)	1
NUCDN	INTERNET CZ, a.s. (AS24806)	1
markmonitor.com	RACKSPACE (AS27357)	1
uu.net	WUCHICAGO (AS16744)	1
loopia.se	SOFTLAYER (AS36351)	1
NUCDN	GO-DADDY-COM-LLC (AS398101)	1
Akamai International B.V.	Cloudflare London, LLC (AS209242)	1
domainoo.fr	Akamai Connected Cloud (AS63949)	1
markmonitor.com	Rackfish AB (AS49232)	1
radionova.no	Kunnskapssektorens Tjenesteleverandor (AS224)	1
loopia.se	IONOS SE (AS8560)	1
colt.net	FASTLY (AS54113)	1
QUIC-CLOUD	Hostinger International Limited (AS47583)	1
premiumdns.zone	ServeTheWorld AS (AS34989)	1
sparebank1.no	ORACLE-BMC-31898 (AS31898)	1
Hetzner Online GmbH	Heart Internet limited (AS20738)	1
oderland.com	Hetzner Online GmbH (AS24940)	1
getinternet.no	Administrator Systems AS (AS20741)	1
TUI Sverige AB	TUI Sverige AB (AS56531)	1
name-servers.gr	Th.papamichail Vainas - G.psaltakis G.p (AS209150)	1
baden.domains	managedhosting.de GmbH (AS62310)	1
Eidsiva Bredband AS	Webhuset AS (AS29486)	1
markmonitor.com	SPLUNK-WEST (AS22024)	1
computernoerderne.dk	Hetzner Online GmbH (AS24940)	1
loopia.se	TDC Holding A/S (AS3292)	1
marc-cain.net	Hetzner Online GmbH (AS24940)	1
rmi.fr	OVH SAS (AS16276)	1
nmugroup.com	Nexthop AS (AS49788)	1
webb.net	ODERLAND Webbhotell AB (AS44136)	1
CLOUDFLARENET	Ddos-guard Ltd (AS57724)	1
hyp.net	Ouiheberg Sarl (AS208226)	1
co.uk	Converged Communication Solutions Limited (AS39522)	1
hyp.net	LIMESTONENETWORKS (AS46475)	1
ANEXIA Internetdienstleistungs GmbH	Advania Sverige AB (AS51929)	1
managed-ip.com	FASTLY (AS54113)	1
scienceforsociety.no	Internet Vikings International AB (AS203295)	1
Telenor Norge AS	EXPEDIENT (AS17054)	1
register.it	Axera SpA (AS34758)	1
innit.network	team.blue Denmark A/S (AS48854)	1
cdns.no	CLOUDFLARENET (AS13335)	1
bitpro.no	Telenor Norge AS (AS2119)	1
ipcom GmbH	CLARO S.A. (AS4230)	1
co.uk	DIMENOC (AS33182)	1
Webhuset AS	SSASN2 (AS20454)	1
Webhuset AS	HOST4GEEKS-LLC (AS393960)	1
odn.de	Bisping & Bisping GmbH & Co KG (AS20686)	1
inexio.net	GOOGLE-CLOUD-PLATFORM (AS396982)	1
byte.nl	Signet B.V. (AS20857)	1
ANEXIA Internetdienstleistungs GmbH	Tafjord Connect AS (AS15765)	1
ui-global-dns.biz	IONOS SE (AS8560)	1
linode.com	ORACLE-BMC-31898 (AS31898)	1
markmonitor.com	Tietoevry Norway As (AS13243)	1
perf1.com	Telia Norge AS (AS25400)	1
OVH SAS	AMAZON-02 (AS16509)	1
q-free.com	CLOUDFLARENET (AS13335)	1
bitpro.no	Bitpro (AS44764)	1
svorka.net	MICROSOFT-CORP-MSN-AS-BLOCK (AS8075)	1
nameunit.com	IT PAYS AS (AS50562)	1
Telenor Norge AS	Nexthop AS (AS60130)	1
CLOUDFLARENET	Kamatera Inc (AS210329)	1
Host Europe GmbH	Cato Networks Ltd (AS13150)	1
pil.dk	DLX A/S (AS47527)	1
netzoomi.net	UK Dedicated Servers Limited (AS42831)	1
one.com	TV 2 AS (AS35703)	1
norskhosting.net	Globalconnect As (AS2116)	1
SECURITYSERVICES	Atea AS (AS41729)	1
hjelseth.com	WEEBLY (AS27647)	1
sircon.net	Foreach AS (AS214761)	1
loopia.se	Localhost As (AS199990)	1
as41887.eu	Hetzner Online GmbH (AS24940)	1
Advania Norge As	UPHEADS AS (AS201454)	1
NSONE	AUTOMATTIC (AS2635)	2
SECURITYSERVICES	Volvo Information Technology AB (AS25252)	1
Host Europe GmbH	Optimizely AB (AS30811)	1
ipdns.gr	Hetzner Online GmbH (AS24940)	1
ORACLE-BMC-31898	Akamai Connected Cloud (AS63949)	1
ns14.net	Digimagical GmbH (AS209050)	1
smarthosting.no	CLOUDFLARENET (AS13335)	1
voestalpine.com	Deutsche Telekom Global Business Solutions GmbH (AS8387)	1
loxysoft.se	GlobalConnect AB (AS12552)	1
tikt.no	Loopia AB (AS39570)	1
Telia Finland Oyj	AMAZON-02 (AS16509)	1
web4u.cz	Web4U s.r.o. (AS39790)	1
itsjefen.no	Globalconnect As (AS2116)	1
managed-ip.com	Kuehne + Nagel (AG & Co.) KG (AS211656)	1
mimer.no	GOOGLE-CLOUD-PLATFORM (AS396982)	1
terki.no	Lyse Tele (AS29695)	1
Globalconnect As	Freethought Internet Limited (AS41000)	1
dnspackage.com	UAB Interneto vizija (AS212531)	1
Admax AB	Admax AB (AS39806)	1
hitrost.net	Telemach Slovenija d.o.o. (AS41828)	1
one.com	Flow Retail As (AS202174)	1
hexonet.net	Hetzner Online GmbH (AS24940)	1
namecity.com	Hetzner Online GmbH (AS24940)	1
AMAZON-02	GleSYS AB (AS35382)	1
ANEXIA Internetdienstleistungs GmbH	Nine Internet Solutions AG (AS29691)	1
CLOUDFLARENET	GRIDFURY-AS (AS40630)	1
worldwidedns.net	CENIC-2152 (AS2152)	1
kodak.com	MICROSOFT-CORP-MSN-AS-BLOCK (AS8075)	1
markmonitor.com	NCUBE-OREGON-AS (AS1219)	1
one.com	3NET AS (AS201596)	1
hyp.net	Aeven A/S (AS15687)	1
1984.is	AMAZON-02 (AS16509)	1
SECURITYSERVICES	FORDSRL-AS (AS3389)	1
Host Europe GmbH	netcup GmbH (AS197540)	1
IP Group AS	Eidsiva Bredband AS (AS29492)	1
Safety Computing AS	Hetzner Online GmbH (AS24940)	1
sac-it.dk	Enivest AS (AS35132)	1
GOOGLE	Scandinavian Hosting AB (AS215783)	1
NUCDN	LeaseWeb Netherlands B.V. (AS60781)	1
one.com	T-Mobile Czech Republic a.s. (AS13036)	1
Gigahost AS	Tussa Ikt As (AS203424)	1
Xylem Water Solutions Global Services Ab	INMOTION (AS22611)	1
ATT-INTERNET4	AS17378 (AS17378)	1
ballou.se	GlobalConnect AB (AS12552)	1
iok.net	IONOS SE (AS8560)	1
SECURITYSERVICES	Telia Cygate AB (AS197308)	1
quicns.cloud	MICROSOFT-CORP-MSN-AS-BLOCK (AS8075)	1
ServeTheWorld AS	Cyber_Folks S.A. (AS29522)	1
d60.net	AS-VULTR (AS20473)	1
dnsdomene.net	Serverius Holding B.V. (AS50673)	1
one.com	CEWE Stiftung & Co. KGaA (AS49494)	1
nike.com	AMAZON-02 (AS16509)	1
Zone Media OU	CLOUDFLARENET (AS13335)	1
Telenor Norge AS	PC Support AS (AS43200)	1
domenai.lt	Contabo GmbH (AS51167)	1
terki.no	Kunnskapssektorens Tjenesteleverandor (AS224)	1
ports.se	Baffin Bay Networks AB (AS42649)	1
Hetzner Online GmbH	Tussa Ikt As (AS203424)	1
netpower.no	AMAZON-AES (AS14618)	1
democratsabroad.no	Internet Vikings International AB (AS203213)	1
Cloud DNS Ltd	COGENT-174 (AS174)	1
SECURITYSERVICES	DNA Oyj (AS16086)	1
yourwebhoster.com	UpCloud Ltd (AS202053)	1
allinisp.no	WHG Hosting Services Ltd (AS51713)	1
loopia.se	CLDIN B.V. (AS48635)	1
Lyse Tele	Equinix (EMEA) Acquisition Enterprises B.V. (AS15830)	1
SECURITYSERVICES	Itm8 A/S (AS62319)	1
ballou.se	ODERLAND Webbhotell AB (AS44136)	1
domain-hosting.name	DNS:NET Internet Service GmbH (AS15366)	1
ipcom GmbH	Nte Telekom As (AS34087)	1
GENMILLS	GOOGLE-CLOUD-PLATFORM (AS396982)	1
Telia Company AB	GlobalConnect AB (AS12552)	1
telecom3.net	Hostek AB (AS61207)	1
travellink.com	GOOGLE-CLOUD-PLATFORM (AS396982)	1
stair.se	CLOUDFLARENET (AS13335)	1
webhostingpad.com	SERVERCENTRAL (AS23352)	1
nordkapp.net	Nte Telekom As (AS34087)	1
kmd.dk	KMD A/S (AS6834)	1
ibrand.pt	Dominios, S.A. (AS33876)	1
team.blue Denmark A/S	Hiper A/S (AS203953)	1
DIGITALOCEAN-ASN	Cloudflare London, LLC (AS209242)	1
nlxs.nl	Signet B.V. (AS20857)	1
GOOGLE	BIGSCOOTS (AS394303)	1
jvnv.net	Akamai Connected Cloud (AS63949)	1
Advania Norge As	Sognenett AS (AS31169)	1
nscluster.ee	Optimizely AB (AS30811)	1
itpays.net	HWSERVICES-32400 (AS32400)	1
hyp.net	KPN B.V. (AS1136)	1
NSONE	Tussa Ikt As (AS203424)	1
subsys.no	AMAZON-AES (AS14618)	1
ZONER a.s.	OptoNet Communication, spol. s.r.o. (AS43542)	1
popidns.de	Orange Business Digital Germany GmbH (AS48173)	1
dn-s.nl	i3D.net B.V (AS49544)	1
IONOS SE	Rockenstein AG (AS8823)	1
itpays.net	velia.net Internetdienste GmbH (AS29066)	1
Safenames Ltd.	RACKSPACE (AS19994)	1
innit.network	Nte Telekom As (AS34087)	1
nadns1.com	Globalconnect As (AS2116)	1
hyp.net	Eurofiber France SAS (AS24935)	1
bitbit.net	GlobalConnect A/S (AS31027)	1
vitnett.no	Gigahost AS (AS56655)	1
ipcom GmbH	Telia Cygate AB (AS197308)	1
CLOUDFLARENET	23M GmbH (AS47447)	1
norut.no	Kunnskapssektorens Tjenesteleverandor (AS224)	1
bitpro.no	Telia Norge AS (AS25400)	1
ports.se	Adminor Aktiebolag (AS51701)	1
co.uk	UK Dedicated Servers Limited (AS42831)	1
CLOUDFLARENET	AS-30083-US-VELIA-NET (AS30083)	1
GleSYS AB	Bredband2 AB (AS29518)	1
cyberbook.no	GOOGLE-CLOUD-PLATFORM (AS396982)	1
dnsdomene.net	UPHEADS AS (AS201454)	1
mediasparx.com	AMAZON-02 (AS16509)	1
fastdirectadmin.com	Hetzner Online GmbH (AS24940)	1
Eidsiva Bredband AS	Phoenix Nap, LLC. (AS60558)	1
Cloud DNS Ltd	aurologic GmbH (AS30823)	1
antagonist.net	AMAZON-02 (AS16509)	1
aegonins.com	AEGONUSA (AS11857)	1
weber.cloud	weber.digital GmbH (AS35710)	1
teknograd.no	Nexthop AS (AS60717)	1
hermanmiller.com	SQUARESPACE (AS53831)	1
whnhosting.net	WEBHOST-ASN1 (AS27229)	2
proisp.no	TETA s.r.o. (AS50698)	1
krx.no	AMAZON-02 (AS16509)	1
Nazwa.pl Sp.z.o.o.	NaszaSiec.NET Krakow Damian Murzynowski (AS197615)	1
Netnod AB	Vaddo Media Information IS AB (AS41943)	1
Nte Telekom As	Systemec BV (AS41480)	1
ezstreetco.com	UNIFIEDLAYER-AS-1 (AS46606)	1
ilait.se	Binero AB (AS35041)	1
hyp.net	Lillestrom Kommune Organisasjon Og Nyskaping (AS213957)	1
Akamai Connected Cloud	Krystal Hosting Ltd (AS12488)	1
hyp.net	COLOGIX (AS8001)	1
Kunnskapssektorens Tjenesteleverandor	Studentersamfundet i Trondhjem (AS58302)	1
worldcastdns.com	Admax AB (AS39806)	1
Akamai Connected Cloud	CWIE (AS19181)	1
one.com	Vodafone Romania S.A. (AS12302)	1
aname.net	ServeTheWorld AS (AS34989)	1
ANEXIA Internetdienstleistungs GmbH	UpCloud Ltd (AS202053)	1
ServeTheWorld AS	ZONES AS (AS49082)	1
Host Europe GmbH	Globalconnect As (AS8896)	1
NSONE	Host Europe GmbH (AS8972)	1
Host Europe GmbH	Host Europe GmbH (AS8972)	1
AMAZON-02	DIGICERT (AS16552)	1
DIGITALOCEAN-ASN	Voxility LLP (AS3223)	1
team.blue Denmark A/S	Tilaa B.V. (AS196752)	1
webhuset.no	AMAZON-02 (AS16509)	1
Hetzner Online GmbH	UAB Interneto vizija (AS212531)	1
Sucom AS	Nexthop AS (AS49788)	1
jkvinge.net	ServeTheWorld AS (AS34989)	1
Cloud DNS Ltd	Team Blue Carrier Limited (AS29550)	1
Cloud DNS Ltd	NetNordic Denmark A/S (AS59701)	1
citynetwork.se	Cleura AB (AS42695)	1
basefarm.net	Akamai Connected Cloud (AS63949)	1
Host Europe GmbH	Fornex Hosting S.L. (AS44051)	1
ServeTheWorld AS	GleSYS AB (AS42708)	1
sj.se	Telia Company AB (AS3301)	1
storstein-nett.no	ServeTheWorld AS (AS34989)	1
Braathe AS	team.blue Denmark A/S (AS48854)	1
Webhuset AS	Modum Kabel-tv As (AS16185)	1
MICROSOFT-CORP-MSN-AS-BLOCK	Bitpro (AS44764)	1
one.com	Sia Nano IT (AS43513)	1
Safety Computing AS	OVH SAS (AS16276)	1
Advania Norge As	LeaseWeb Netherlands B.V. (AS60781)	1
iplace.se	Datacenter Luxembourg S.A. (AS24611)	1
Braathe AS	GANDI SAS (AS203476)	1
loopia.se	Telefiber AS (AS31726)	1
Gigahost AS	Wix.com Ltd. (AS58182)	1
as2116.net	Telia Cygate AB (AS197308)	1
servicepoint.no	OVH SAS (AS16276)	1
CLOUDFLARENET	LEVEL3 (AS3356)	1
UPHEADS AS	Wix.com Ltd. (AS58182)	1
ANEXIA Internetdienstleistungs GmbH	Nos Comunicacoes, S.A. (AS2860)	1
NSONE	Telia Finland Oyj (AS1759)	1
ipcom GmbH	AUTOMATTIC (AS2635)	1
goodbarber.com	COGENT-174 (AS174)	1
securedomainservice.net	Advania Norge As (AS31264)	1
combell.net	UpCloud Ltd (AS202053)	1
one.com	WZ-US-40824 (AS40824)	1
nroute.de	Combell NV (AS34762)	1
hyp.net	i3D.net B.V (AS49544)	1
com.pl	AS-VULTR (AS20473)	1
serveu.net	ODERLAND Webbhotell AB (AS44136)	1
Telenor Norge AS	GleSYS AB (AS42708)	1
teknograd.no	Telia Cygate Oy (AS29422)	1
CLOUDFLARENET	CSC Administrative Services Limited (AS34922)	1
nord.no	FASTLY (AS54113)	1
teknograd.no	Cyber_Folks S.A. (AS29522)	1
Host Europe GmbH	Orion Network Limited (AS58065)	1
one.com	ELASTX AB (AS48579)	1
iplace.se	WEEBLY (AS27647)	1
ifastnet.com	Contabo GmbH (AS51167)	1
aland.net	INCAPSULA (AS19551)	1
nameservice.at	T-Mobile Austria GmbH (AS8412)	1
Akamai Connected Cloud	Monsternett AS (AS201577)	1
swiboda.com	AUTOMATTIC (AS2635)	1
superhost.pl	Comarch S.A. (AS25070)	1
