serveriai.lt	UAB Interneto vizija	26984
CLOUDFLARENET	CLOUDFLARENET	9813
hostex.lt	sander.lt	1
GANDI SAS	MICROSOFT-CORP-MSN-AS-BLOCK	6
SECURITYSERVICES	SECURITYSERVICES	650
UAB Interneto vizija	soundspot.lt	1
hostingpalvelu.fi	hostingpalvelu.fi	1
serveriai.lt	localhost.localdomain	743
serveriai.lt	safnar.lt	1
mail.ru	LLC VK	1
IONOS SE	NorthC Deutschland GmbH	387
serveriai.lt	bellapelle.lt	1
OVH SAS	OVH SAS	781
gmc.lt	Telia Lietuva, AB	21
Telia Lietuva, AB	eman.lt	1
serveriai.lt	animatika.lt	1
CLOUDFLARENET	UAB Interneto vizija	1217
serveriai.lt	baltasnamas.lt	1
CLOUDFLARENET	Proton AG	84
serveriai.lt	pmgroup.lt	1
domenai.lt	UAB Bartus pro	1633
SECURITYSERVICES	idatanet.com	7
OVH SAS	kraftler.lt	1
GOOGLE	CLOUDFLARENET	62
serveriai.lt	MICROSOFT-CORP-MSN-AS-BLOCK	1945
CLOUDFLARENET	fixy.lt	1
serveriai.lt	andesa.lt	1
xundns.com	xmocloud02.com	34
serveriai.lt	hotelskick.lt	1
GOOGLE	UAB Interneto vizija	307
serveriai.lt	denojs.lt	1
Telia Lietuva, AB	2bricks.lt	1
latgrupe.lt	MICROSOFT-CORP-MSN-AS-BLOCK	1
interconnect-dns.be	Signet B.V.	4
Telia Lietuva, AB	laukobaldis.lt	1
serveriai.lt	franklincovey.lt	1
Sia Nano IT	labamaja.lt	1
AUTOMATTIC	UAB Interneto vizija	10
CLOUDFLARENET	GOOGLE	1511
ltmd.net	reznik.lt	1
UAB Diginet LTU	vmedija.lt	1
IONOS SE	GOOGLE-CLOUD-PLATFORM	13
bacloud.com	kuhnt.lt	1
domenai.lt	UAB Interneto vizija	25
CLOUDFLARENET	MICROSOFT-CORP-MSN-AS-BLOCK	1308
Telia Lietuva, AB	sport1tv.lt	1
Telia Lietuva, AB	naturfloor.lt	1
kir.lt	kir.lt	1
CLOUDFLARENET	blogorama.lt	1
Hetzner Online GmbH	everventas.lt	1
serveriai.lt	merakiskincare.lt	1
serveriai.lt	cxdesign.lt	1
interna.me	guaca-mole.lt	1
Telia Eesti AS	Elkdata OU	387
bacloud.com	lavaprojects.lt	1
AMAZON-02	GOOGLE	64
Telia Lietuva, AB	MICROSOFT-CORP-MSN-AS-BLOCK	408
domenai.lt	flatrent.lt	1
serveriai.lt	ballare.lt	1
bacloud.com	netoks.lt	1
UAB Interneto vizija	autos24.lt	1
serveriai.lt	databank.lt	3
CLOUDFLARENET	vedela.lt	1
serveriai.lt	printagram.lt	1
serveriai.lt	GOOGLE	2004
serveriai.lt	bdev.lt	1
danego.net	danego.net	3
Penkiu kontinentu komunikaciju centras, Ltd.	edipas.lt	1
serveriai.lt	opensoft.lt	1
domenai.lt	ikivelomaratonas.lt	1
netim.net	Eurofiber France SAS	436
Hostinger International Limited	CLOUDFLARENET	56
nameshield.net	Nameshield SAS	64
CLOUDFLARENET	advokataikaune.lt	1
serveriai.lt	amberlaser.lt	1
yra.lt	yra.lt	2
contabo.net	akeloteirko.lt	1
SECURITYSERVICES	fashion-digital.de	13
serveriai.lt	wakeway.lt	1
UAB Interneto vizija	imoro.lt	1
bhosted.nl	bhosted.nl	2
Telia Lietuva, AB	motorida.lt	1
Kauno Technologijos Universitetas	ddf.lt	1
serveriai.lt	xoxoxo.lt	1
domains.lt	CLOUDFLARENET	17
serveriai.lt	granto.lt	1
Hetzner Online GmbH	v-tac.lt	1
UAB Interneto vizija	los-santos.lt	1
sedoparking.com	localhost	158
serveriai.lt	itrent.lt	1
Telia Lietuva, AB	griovimas.lt	1
serveriai.lt	buta.lt	1
serveriai.lt	qs.lt	1
CLOUDFLARENET	UAB Bartus pro	39
ACTIVE 24, s.r.o.	WebSupport s.r.o.	44
getspace.us	healthcoach.lt	1
domains.lt	terralt.lt	1
serveriai.lt	rytojus.lt	1
serveriai.lt	apctooling.lt	1
eric.lt	lawonline24.lt	1
webiso.pl	greensteam.lt	1
serveriai.lt	ekoterma.lt	1
serveriai.lt	translotus.lt	1
Hosting Ukraine LTD	Hosting Ukraine LTD	368
CLOUDFLARENET	amberis.lt	2
topsec.com	emailantidote.com	2
balt.net	UAB Baltnetos komunikacijos	545
serveriai.lt	sutemos.lt	3
CLOUDFLARENET	fbihosting.com	3
CLOUDFLARENET	ZOHO-AS	66
UAB Interneto vizija	kelmina.lt	1
shockmedia.nl	auping.lt	1
Telia Lietuva, AB	hannainst.lt	1
serveriai.lt	ekaina.lt	1
serveriai.lt	weldingservices.lt	1
hostex.lt	ziedu.lt	1
hostex.lt	laminox.lt	1
Telia Lietuva, AB	gurmanija.lt	1
serveriai.lt	iceland.lt	1
UAB Nacionalinis Telekomunikaciju Tinklas	COGENT-174	2
Zone Media OU	Zone Media OU	211
com.pl	lidero.lt	1
GOOGLE	GOOGLE	218
liubit.lt	Informacines sistemos ir technologijos, UAB	36
serveriai.lt	indigoservices.lt	1
AMAZON-02	AMAZON-02	35
serveriai.lt	lijo.lt	1
GANDI SAS	GANDI SAS	426
domeny.host	grillkamado.lt	1
ipt.lt	Telia Lietuva, AB	1
serveriai.lt	ums.lt	1
serveriai.lt	papile.lt	1
CLOUDFLARENET	APPLE-ENGINEERING	95
sysadm.lt	e-pagalba.lt	3
sysadm.lt	MICROSOFT-CORP-MSN-AS-BLOCK	5
Telia Lietuva, AB	ipdata.lt	1
CLOUDFLARENET	ZOHO Corporation B.V	160
bacloud.com	polygrade.lt	1
liubit.lt	MICROSOFT-CORP-MSN-AS-BLOCK	4
serveriai.lt	alcs.lt	1
Cloud DNS Ltd	NAMECRANE	1
SECURITYSERVICES	OVH SAS	10
Telia Lietuva, AB	ssrd.lt	1
serveriai.lt	westtransit.lt	1
CLOUDFLARENET	nevda.lt	2
serveriai.lt	CLOUDFLARENET	151
serveriai.lt	gamaka.lt	1
CLOUDFLARENET	localhost.localdomain	6
serveriai.lt	drahthaar.lt	1
eshoprent.com	GOOGLE	1
domains.lt	MICROSOFT-CORP-MSN-AS-BLOCK	305
icsmedia.de	icsmedia.de	1
domenai.lt	evt.lt	1
UAB Proservis	UAB Proservis	19
serveriai.lt	mae.lt	1
we.lv	center.lt	1
Hetzner Online GmbH	webas.lt	2
CLOUDFLARENET	AUTOMATTIC	384
serveriai.lt	mokom.lt	1
UAB Interneto vizija	adme.lt	1
balt.net	Telia Lietuva, AB	7
serveriai.lt	cweb.lt	1
CLOUDFLARENET	UAB Baltnetos komunikacijos	34
CLOUDFLARENET	OVH SAS	47
UAB Interneto vizija	airosolutions.lt	1
serveriai.lt	minijosbaidares.lt	1
balt.net	MICROSOFT-CORP-MSN-AS-BLOCK	171
serveris.lv	Sabiedriba ar ierobezotu atbildibu DELSKA Latvia	6
serveriai.lt	kayakshop.lt	1
serveriai.lt	ZOHO-AS	91
winhosting.eu	Telia Lietuva, AB	23
domains.lt	Proton AG	7
Penkiu kontinentu komunikaciju centras, Ltd.	paulita.lt	1
domains.lt	dalaida.lt	3
serveriai.lt	domussolution.lt	1
balticvps.eu	entercar.lt	1
Telia Lietuva, AB	vpa.lt	1
CLOUDFLARENET	dynadot.com	6
serveriai.lt	imperija.lt	1
serveriai.lt	oksera.lt	1
serveriai.lt	aroste.lt	1
handyhost.ru	climate.lt	1
balt.net	erlang.lt	1
domenai.lt	sincity.lt	1
serveriai.lt	mailonline.lt	5
hostex.lt	MICROSOFT-CORP-MSN-AS-BLOCK	63
bacloud.com	rocketcluster.lt	1
serveriai.lt	diffrent.lt	1
serveriai.lt	sport-box.lt	1
CLOUDFLARENET	ginkom.lt	1
ANEXIA Internetdienstleistungs GmbH	SECURITYSERVICES	10
hostex.lt	khachapuri.lt	1
serveriai.lt	jub.lt	1
serveriai.lt	interrao.lt	1
hostex.lt	mimo.lt	1
UAB Interneto vizija	enerplast.lt	1
dntrust.com	wishcard.lt	1
CLOUDFLARENET	trivian.lt	1
BUNNYWAY, informacijske storitve d.o.o.	MICROSOFT-CORP-MSN-AS-BLOCK	1
serveriai.lt	white.lt	1
serveriai.lt	mailfence.com	3
SECURITYSERVICES	lepicol.lt	1
ANEXIA Internetdienstleistungs GmbH	Tele2 SWIPnet	28
serveriai.lt	vskp.lt	1
getspace.us	asakaviciute.lt	1
UAB Bite Lietuva	domusconstruction.lt	1
xundns.com	xblgxfc.com	44
UAB Interneto vizija	mylia.lt	1
ipcom GmbH	GOOGLE	7
UAB Elneta	nso.lt	3
CLOUDFLARENET	svn.lt	1
serveriai.lt	rodita.lt	1
UAB Bite Lietuva	akphoto.lt	1
getspace.us	goodhabits.lt	1
CLOUDFLARENET	registrucentras.lt	2
serveriai.lt	checkhealthonline.lt	1
UAB Bite Lietuva	neu.lt	1
managed-ip.com	MICROSOFT-CORP-MSN-AS-BLOCK	3
bacloud.com	3dk.lt	1
IONOS SE	IONOS SE	71
homax.pl	homax.pl	1
Kauno Technologijos Universitetas	GOOGLE	11
domenai.lt	coconuts.lt	1
CLOUDFLARENET	vivam.lt	1
domena.pl	EXEA Sp. z o.o.	14
CLOUDFLARENET	aidas.lt	1
UAB Proservis	MICROSOFT-CORP-MSN-AS-BLOCK	8
serveriai.lt	sollina.lt	1
garmtech.com	NForce Entertainment B.V.	8
Telia Lietuva, AB	inohouse.lt	1
serveriai.lt	pirat.lt	1
CLOUDFLARENET	arborusgroup.com	2
xundns.com	gvip.nl	32
markmonitor.com	thebodyshop.lt	1
serveriai.lt	e-serpantinas.lt	1
serveriai.lt	simena.lt	1
NUCDN	getoptics.lt	1
Uab Servera	ripas.lt	1
home.pl	IQ PL Sp. z o.o.	2
Informacines sistemos ir technologijos, UAB	evcharge24.lt	1
CLOUDFLARENET	YANDEX LLC	31
serveriai.lt	menique.lt	1
NSONE	CLOUDFLARENET	18
grawe.at	AMAZON-02	1
serveriai.lt	fontana.lt	1
prodns.net	plasticseurope.lt	1
serveriai.lt	medicum.lt	1
UAB Interneto vizija	turbocentras.lt	1
serveriai.lt	audule.lt	1
serveriai.lt	dar24.lt	1
ieskok.lt	ieskok.lt	2
CLOUDFLARENET	ten-europe.lt	1
serveriai.lt	grandshow.lt	1
getspace.us	sanva.lt	1
Telia Lietuva, AB	UAB Interneto vizija	74
serveriai.lt	romuva.lt	1
serveriai.lt	bzz.lt	1
serveriai.lt	digso.lt	1
CLOUDFLARENET	AMAZON-02	34
serveriai.lt	imki.lt	1
UAB Baltnetos komunikacijos	prettydecor.lt	1
balt.net	kavinukas.lt	1
serveriai.lt	UAB Baltnetos komunikacijos	54
dukascopy.com	dukascopy.com	2
Telia Lietuva, AB	orvega.lt	1
serveriai.lt	autodiagnostika.lt	1
Telia Lietuva, AB	reaco.lt	1
Telia Lietuva, AB	mtz.lt	1
phase8.net	co.uk	24
domains.lt	UAB Baltnetos komunikacijos	29
register.it	Register S.p.A.	139
UAB Interneto vizija	askobalt.lt	5
domains.lt	GOOGLE	269
CLOUDFLARENET	actlegal.lt	1
serveris.lt	novaservice.lt	1
balt.net	ergo-draudimas.lt	1
serveriai.lt	fotoweb.lt	1
serveriai.lt	ardi.lt	1
CLOUDFLARENET	edata.lt	7
UAB Bite Lietuva	angolita.lt	1
combell.net	aalberts-hfc.lt	1
serveriai.lt	grnature.lt	1
LiveSport s.r.o.	GOOGLE	7
CLOUDFLARENET	sidona.lt	1
CLOUDFLARENET	7d.lt	8
GOOGLE	MICROSOFT-CORP-MSN-AS-BLOCK	64
SECURITYSERVICES	MICROSOFT-CORP-MSN-AS-BLOCK	41
eshoprent.com	tabuba.lt	1
cleardns.be	stanleyandstella.lt	1
CLOUDFLARENET	GOOGLE-CLOUD-PLATFORM	41
Hetzner Online GmbH	granda.lt	1
hostex.lt	svajoniusodai.lt	1
Hetzner Online GmbH	neriniai.lt	1
serveriai.lt	Fastmail Pty Ltd	14
serveriai.lt	polycalc.lt	1
IONOS SE	UAB Interneto vizija	1
UAB Interneto vizija	highlandpark.lt	1
hoster.by	YANDEX LLC	2
serveriai.lt	elektros-prekes.lt	1
GOOGLE	cirkoniodantys.lt	1
serveriai.lt	jessicashy.lt	1
domenai.lt	GOOGLE	115
Telia Lietuva, AB	mpl.lt	1
NUCDN	MICROSOFT-CORP-MSN-AS-BLOCK	31
MICROSOFT-CORP-MSN-AS-BLOCK	MICROSOFT-CORP-MSN-AS-BLOCK	257
serveriai.lt	cloud24.lt	1
serveriai.lt	mielepro.lt	1
serveriai.lt	luminus.lt	1
balt.net	lajana.lt	1
perf1.com	Nameshield SAS	21
CLOUDFLARENET	absta.lt	1
Telia Lietuva, AB	relas.lt	1
serveriai.lt	AUTOMATTIC	12
serveriai.lt	homestop.lt	1
first-ns.de	1mail.lt	1
serveriai.lt	cofe.lt	1
serveriai.lt	arimax.lt	1
UAB Interneto vizija	v1p.lt	1
Zone Media OU	MICROSOFT-CORP-MSN-AS-BLOCK	66
Telia Lietuva, AB	pakelesnamai.lt	1
UAB Baltnetos komunikacijos	ntpt.lt	1
serveriai.lt	sunmi.lt	1
serveriai.lt	fdwh.lt	1
serveriai.lt	manee.lt	1
serveriai.lt	ZOHO Corporation B.V	112
serveriai.lt	lismas.lt	1
CLOUDFLARENET	modora.lt	1
Sia Nano IT	smart-storage.lt	1
CLOUDFLARENET	prospecto.lt	1
ford.com	vista.lt	1
serveriai.lt	complete.lt	1
UAB Interneto vizija	crapula.lt	1
ipcom GmbH	do.de	2
Telia Lietuva, AB	korys.lt	1
UAB Interneto vizija	kompass.lt	1
Telia Lietuva, AB	klion.lt	1
CLOUDFLARENET	bonamens.lt	1
Hetzner Online GmbH	mailas.lt	1
UAB Interneto vizija	6a.lt	1
Telia Lietuva, AB	GOOGLE	278
virtualushostingas.com	ekspotrans.lt	1
CLOUDFLARENET	skinbox.lt	1
serveriai.lt	kgservice.lt	1
domains.lt	lira.lt	1
Telia Lietuva, AB	vc2000.lt	1
CLOUDFLARENET	zx770.com	9
UAB Rakrejus	MICROSOFT-CORP-MSN-AS-BLOCK	1
serveriai.lt	irp.lt	1
serveriai.lt	indema.lt	1
serveriai.lt	APPLE-ENGINEERING	52
UAB Elneta	ecowater.lt	1
serveriai.lt	greisima.lt	1
GOOGLE-CLOUD-PLATFORM	stackmail.com	7
serveriai.lt	ottiptv.lt	1
eshoprent.com	kulinero.lt	1
serveriai.lt	eglutes.lt	1
IONOS SE	airscreen.lt	1
Hetzner Online GmbH	antis.lt	1
UNIFIEDLAYER-AS-1	buytricycle.lt	1
cloud86.nl	elshop.lt	1
serveriai.lt	gamify.lt	1
hostex.lt	tes.lt	1
freehosting.com	pcmaster.lt	1
ipcom GmbH	oskar-campus.eu	3
serveriai.lt	dresson.lt	1
CLOUDFLARENET	liberalas.lt	1
CLOUDFLARENET	f45training.lt	1
one.com	One.com A/S	14
serveriai.lt	lindec.lt	1
OVH SAS	lt11.lt	1
winhosting.eu	MICROSOFT-CORP-MSN-AS-BLOCK	12
domenai.lt	MICROSOFT-CORP-MSN-AS-BLOCK	73
CLOUDFLARENET	AMAZON-AES	56
CLOUDFLARENET	com.ua	9
Hetzner Online GmbH	Hetzner Online GmbH	48
Telia Lietuva, AB	genys.lt	1
serveriai.lt	iom.lt	1
CLOUDFLARENET	suzukimoto.lt	1
serveriai.lt	mstudiophotography.lt	1
serveris.lt	perkamiska.lt	1
eshoprent.com	sport4u.lt	1
serveriai.lt	thorauto.lt	1
Buy Limited	co.uk	8
UAB Penki kontinentai	richter.hu	1
AMAZON-02	LH.pl Sp. z o.o.	12
domenai.lt	barbeque.lt	1
serveriai.lt	linenfabric.lt	1
Telia Lietuva, AB	rikesta.lt	1
loginet.ee	ice-professional.lt	1
Cloud DNS Ltd	Hetzner Online GmbH	6
NUCDN	fernbach.com	2
OVH SAS	caora.org	2
serveriai.lt	konstruktoriai.lt	1
managed-ip.com	marabu.lt	1
domenai.lt	zmmc.lt	1
serveriai.lt	packshot.lt	1
Telia Lietuva, AB	pianoforte.lt	1
Hetzner Online GmbH	biciulis.lt	1
serveriai.lt	novitibank.lt	1
Hetzner Online GmbH	litbriko.lt	1
CLOUDFLARENET	DIGITALOCEAN-ASN	5
serveriai.lt	bosolutions.lt	1
serveriai.lt	artm.lt	1
serveriai.lt	koratrade.lt	1
OVH SAS	MICROSOFT-CORP-MSN-AS-BLOCK	11
CLOUDFLARENET	rotate.lt	1
CLOUDFLARENET	dsd.lt	1
serveriai.lt	knvp.lt	1
serveriai.lt	dyglys.lt	1
QUIC-CLOUD	CLOUDFLARENET	12
hap.lt	GOOGLE	7
domainers.de	inh.lt	1
serveriai.lt	archit.lt	1
serveriai.lt	pointsofyou.lt	1
serveris.lt	mattech.lt	1
domenai.lt	greensquare.lt	1
CLOUDFLARENET	ateacloud.lt	2
serveriai.lt	kukis.lt	1
CLOUDFLARENET	koperator.lt	1
UAB Elneta	turism.lt	2
serveriai.lt	elkon.lt	1
siel.si	GOOGLE	1
Aruba S.p.A.	Aruba S.p.A.	14
UAB Interneto vizija	realdeal.lt	1
CLOUDFLARENET	antbaciai.lt	1
UAB Interneto vizija	killing-floor.lt	1
UAB Interneto vizija	Telia Lietuva, AB	8
CLOUDFLARENET	itucdn.lt	4
serveriai.lt	manosistema.lt	1
Telia Lietuva, AB	irtem.lt	1
serveriai.lt	serverhost.name	3
serveriai.lt	webtemple.lt	2
Telia Lietuva, AB	spakauskas.lt	1
hostex.lt	nekrologai.lt	1
getspace.us	strapas.lt	1
Telia Lietuva, AB	martusevicius.lt	1
Telia Finland Oyj	MICROSOFT-CORP-MSN-AS-BLOCK	6
CLOUDFLARENET	vcb.lt	1
AMAZON-02	Delta HighTech Ltd.	124
nucleus.be	nucleus.be	1
Telia Lietuva, AB	energeto.lt	1
CLOUDFLARENET	tastytasty.lt	1
Hetzner Online GmbH	suo.lt	1
balt.net	redakcija.lt	3
serveriai.lt	volmeta.lt	1
cyon.ch	pharmedic-cbd.lt	1
serveriai.lt	ino.lt	1
serveriai.lt	ortolife.lt	1
CLOUDFLARENET	irisimo.com	1
webglobe.cz	Webglobe, s.r.o.	27
GOOGLE	vestahouse.lt	1
GOOGLE	hostedemail.com	1
serveriai.lt	dreinius.lt	1
serveriai.lt	beatrice.lt	1
domains.lt	danrida.lt	2
serveriai.lt	ayahotelimages.lt	1
serveriai.lt	malna.lt	1
serveriai.lt	mator.lt	1
serveriai.lt	alenas.lt	1
CLOUDFLARENET	one.lt	1
team.blue Denmark A/S	MICROSOFT-CORP-MSN-AS-BLOCK	7
serveriai.lt	e-katerina.lt	1
eshoprent.com	egledu.lt	1
garmtech.com	Garmtech Lp	9
serveriai.lt	auto-glass.lt	1
Telia Lietuva, AB	APPLE-ENGINEERING	9
Hetzner Online GmbH	vfg.lt	1
serveriai.lt	halal-food.lt	1
Telia Lietuva, AB	saulesnamas.lt	1
domenai.lt	venuklinika.lt	1
SECURITYSERVICES	positive-internet.com	1
serveriai.lt	botava.lt	1
serveriai.lt	moxon.lt	1
Nazwa.pl Sp.z.o.o.	arpanel.lt	1
serveriai.lt	oka.lt	1
CLOUDFLARENET	moe.lt	1
serveriai.lt	4car.lt	1
UAB Interneto vizija	fighter.lt	1
Telia Lietuva, AB	effectum.lt	1
ltmd.net	skubek.lt	1
nesteoil.com	nesteoil.lt	1
serveriai.lt	resma.lt	1
serveriai.lt	megaservice.lt	1
serveriai.lt	ecokids.lt	1
Seonet Multimedia s.r.o.	Seonet Multimedia s.r.o.	10
CLOUDFLARENET	olainfarm.com	1
domenai.lt	cika.lt	1
serveriai.lt	reachinfo.lt	1
serveriai.lt	asvegas.lt	1
domains.lt	amaliai.eu	5
HURRICANE	attn.lt	1
intercom.it	intercom.it	1
Telia Lietuva, AB	kits.lt	1
Sia Nano IT	ritausmas.lt	1
CLOUDFLARENET	zuza.lt	1
serveriai.lt	anbinderis.lt	1
bacloud.com	acbaltic.lt	1
bacloud.com	globas.lt	1
serveriai.lt	xn.lt	1
serveriai.lt	gimbutas.lt	1
serveriai.lt	vmedija.lt	1
linode.com	lkpt.lt	1
iptwins.com	OVH SAS	18
serveriai.lt	karpas.lt	1
hostnet.lv	MICROSOFT-CORP-MSN-AS-BLOCK	2
grdns.cz	whitesoft.eu	1
serveriai.lt	huy.lt	1
domainoo.fr	Planet Service SARL	11
serveriai.lt	gransta.lt	1
jethosting.com	agapito.lt	1
bacloud.com	GOOGLE	28
domains.lt	nemunobanga.lt	1
serveriai.lt	open-cart.lt	1
Telia Lietuva, AB	advitam.lt	1
serveriai.lt	partyzone.lt	1
iwantmyname.net	GOOGLE	7
serveriai.lt	osb.lt	1
Telia Lietuva, AB	decibelas.lt	1
OVH SAS	GOOGLE	40
serveriai.lt	impressbuilder.lt	1
hostex.lt	margos.lt	1
serveriai.lt	sar.lt	1
Telia Lietuva, AB	OVH SAS	4
telekom-domains.de	t-systems-service.com	1
serveriai.lt	hrs1.lt	1
Telia Lietuva, AB	lonashome.lt	1
Telia Lietuva, AB	dagma.lt	1
CLOUDFLARENET	nemokamossvetaines.lt	2
CLOUDFLARENET	wcdnga.com	1
serveriai.lt	bach.lt	1
serveriai.lt	orising.lt	1
UAB Interneto vizija	GOOGLE	28
UAB Interneto vizija	elf.lt	1
european-server.com	eduard.lt	1
UAB Interneto vizija	ednim.lt	1
serveriai.lt	Hostline, Uab	42
magit.lt	in-time.lt	1
CLOUDFLARENET	traveta.lt	1
Telia Lietuva, AB	amorino.lt	1
domains.lt	bio-energy.lt	1
hostex.lt	morant.lt	1
curaden-hosting.ch	curaden-hosting.ch	2
serveriai.lt	anele.lt	1
CLOUDFLARENET	Telia Lietuva, AB	17
MICROSOFT-CORP-MSN-AS-BLOCK	Combell NV	1
serveriai.lt	ready72.lt	1
Zone Media OU	zone.eu	3
sha.lt	baghdadmail.com	1
serveriai.lt	easycar.lt	1
CLOUDFLARENET	Sabiedriba ar ierobezotu atbildibu DELSKA Latvia	14
Telia Lietuva, AB	hai.lt	1
Telia Lietuva, AB	webreklama.lt	1
NUCDN	zebinix.lt	1
serveriai.lt	transas.lt	1
serveriai.lt	justlife.lt	1
serveris.lt	globalcustoms.lt	1
balt.net	straumanngroup.lt	1
UAB Bite Lietuva	cityport.lt	1
CLOUDFLARENET	vdt.lt	1
GOOGLE	Proton AG	4
mirohost.net	mirohost.net	7
domains.lt	a3a.lt	1
Telia Lietuva, AB	nordcurrent.lt	1
Hetzner Online GmbH	colorprint.lt	1
serveriai.lt	seopaslaugos.lt	1
IONOS SE	hostingzone.eu	2
domains.lt	Routit BV	6
AMAZON-02	vapes-bars.lt	1
Telia Lietuva, AB	Telia Lietuva, AB	47
UAB Interneto vizija	padangosvisiems.lt	1
Telia Lietuva, AB	igst.lt	1
serveriai.lt	alesius.lt	1
serveriai.lt	noosferapro.lt	1
domains.lt	eivi.lt	1
ports.se	centiljon.se	1
bacloud.com	MICROSOFT-CORP-MSN-AS-BLOCK	24
serveriai.lt	lehko.lt	1
Kauno Technologijos Universitetas	nkkm.lt	1
serveriai.lt	storix.lt	1
UAB Interneto vizija	navakauskas.lt	1
serveriai.lt	velstra.lt	1
serveriai.lt	skogran.lt	1
Telia Lietuva, AB	ldesign.lt	1
cprapid.com	buytribestan.lt	1
Hostpoint AG	Hostpoint AG	27
Uab Servera	legaldrive.lt	1
traffic.lt	dalys24.lt	1
serveriai.lt	lvppd.lt	1
Telia Lietuva, AB	mittern.lt	1
serveriai.lt	dsf.lt	1
serveriai.lt	kaikai.lt	1
serveriai.lt	medicalbeauty.lt	1
domenai.lt	transnet.lt	1
UAB Bite Lietuva	cargoload.lt	1
serveriai.lt	cavio.lt	1
serveriai.lt	sct-lubricants.lt	1
nic.ru	Jsc ru-center	8
Telia Lietuva, AB	muralo.lt	1
CLOUDFLARENET	teismas.lt	2
xundns.com	111tt.icu	45
UAB Interneto vizija	MICROSOFT-CORP-MSN-AS-BLOCK	13
Zone Media OU	netero.io	1
phase8.net	SQUIXA PTY LIMITED	1
hostex.lt	UAB Interneto vizija	9
serveriai.lt	lpf.lt	1
hostex.lt	soske.lt	1
UAB Bite Lietuva	rosado.lt	1
serveriai.lt	partylimo.lt	1
CLOUDFLARENET	lekeckas.lt	1
CLOUDFLARENET	lna.lt	1
eshoprent.com	boom24.lt	1
UAB Interneto vizija	auction.lt	1
CLOUDFLARENET	autopp.lt	1
serveriai.lt	auditor.lt	1
serveriai.lt	ibmt.lt	1
CLOUDFLARENET	siusk.net	2
GOOGLE	UAB Rakrejus	12
serveriai.lt	assessor.lt	1
Zone Media OU	mx.microsoft	1
serveriai.lt	emocija.lt	1
afraid.org	GOOGLE	6
bacloud.com	tvarkytojas.lt	1
serveriai.lt	vaina.lt	1
ltmd.net	calltrans.lt	1
cid.com	iphmx.com	1
serveriai.lt	litopt.lt	1
CLOUDFLARENET	trendyol.lt	1
UAB Bite Lietuva	pakaba.lt	1
serveriai.lt	audena.lt	1
UAB Baltnetos komunikacijos	procargo.lt	1
domenai.lt	APPLE-ENGINEERING	7
hap.lt	sniper.lt	1
Telia Lietuva, AB	spectrans.lt	1
coreit.se	GlobalConnect AB	1
Telia Lietuva, AB	limemicro.lt	1
serveriai.lt	4queen.lt	1
UAB Bite Lietuva	ltp.lt	1
ilait.se	GlobalConnect AB	2
hostuj.to	fitmin.cz	2
Zone Media OU	GOOGLE	34
Deutsche Telekom AG	iphmx.com	3
hostex.lt	joko.lt	1
fcomet.com	fcomet.com	1
serveriai.lt	bustena.lt	1
NUCDN	thelocal.lt	1
serveriai.lt	robotcity.lt	1
Hetzner Online GmbH	4000000.lt	1
netim.net	GOOGLE	18
Telia Lietuva, AB	exel.lt	1
UAB Interneto vizija	kb.lt	1
hostex.lt	administrum.lt	1
sika.com	sika.com	2
CLOUDFLARENET	15min.lt	1
Telia Lietuva, AB	horus.lt	1
web4u.cz	mailchannels.net	13
xundns.com	handipppowzzzuu.com	5
serveriai.lt	proshop.lt	1
serveriai.lt	igera.lt	1
ZONER a.s.	GOOGLE	5
Cyber_Folks S.A.	sniezka.lt	1
serveriai.lt	greitoji.lt	1
Telia Lietuva, AB	jurista.lt	1
dataforest GmbH	electricgen.lt	1
Hetzner Online GmbH	globallogistic.lt	1
serveriai.lt	tts.lt	2
serveriai.lt	sivosstudija.lt	1
winhosting.eu	GOOGLE	1
ports.se	SECURITYSERVICES	1
NSONE	MICROSOFT-CORP-MSN-AS-BLOCK	7
da.direct	hardmc.lt	1
serveriai.lt	mcgrajus.lt	1
UAB Interneto vizija	oak.lt	1
is-fun.net	TelemaxX Telekommunikation GmbH	26
UAB Baltnetos komunikacijos	ZOHO Corporation B.V	6
Seonet Multimedia s.r.o.	gs.cz	1
serveriai.lt	golfpro.lt	1
serveriai.lt	pepperit.lt	1
domenai.lt	brabantia.lt	1
domenai.lt	postcard.lt	1
Global Village GmbH	delti.com	4
Telia Lietuva, AB	akmb.lt	1
Telia Lietuva, AB	studiodentis.lt	1
getspace.us	4infra.lt	1
Safenames Ltd.	Safenames Ltd.	60
Telia Lietuva, AB	sportofeja.lt	1
markmonitor.com	egencia.lt	1
NUCDN	eurosecure.lt	1
savana.cz	Webglobe, s.r.o.	5
Telia Lietuva, AB	tve.lt	1
serveriai.lt	asdf.lt	1
serveriai.lt	lpza.lt	1
serveriai.lt	landeko.lt	1
one.com	simplyhq.com	2
serveriai.lt	digitalaudio.lt	1
serveriai.lt	hostens.cloud	1
serveriai.lt	rimakeup.lt	1
CLOUDFLARENET	mailchannels.net	10
UAB Interneto vizija	mikulski.lt	1
CLOUDFLARENET	Eurofiber France SAS	32
serveriai.lt	aqualingua.lt	1
Telia Lietuva, AB	balosa.lt	1
Telia Lietuva, AB	provecta.lt	1
Telia Lietuva, AB	pgaltu.lt	1
serveriai.lt	e9.lt	1
MICROSOFT-CORP-MSN-AS-BLOCK	unileverservices.com	2
serveriai.lt	interjerodizaineris.lt	1
Domain names registrar REG.RU, Ltd	YANDEX LLC	7
serveriai.lt	kolagen.lt	1
UAB Cgates	erika.lt	1
kupidomain.bg	thepetshop.lt	1
serveriai.lt	drakon.lt	1
CLOUDFLARENET	Hetzner Online GmbH	27
domains.lt	eas.lt	3
hostex.lt	adminet.lt	1
Telia Lietuva, AB	imago.lt	1
CLOUDFLARENET	powdi.lt	1
bacloud.com	sundeta.lt	1
da.direct	fundraising.lt	1
serveriai.lt	pitlanemotors.lt	1
serveriai.lt	print-in.lt	1
domenai.lt	ramalis.lt	1
masterfoto.lt	masterfoto.lt	1
CLOUDFLARENET	sofalovakedestalas.lt	1
UAB Interneto vizija	cityout.lt	1
serveriai.lt	loyal.lt	1
CLOUDFLARENET	lvask.lt	1
UAB Interneto vizija	brutai.lt	1
serveriai.lt	saugau.lt	1
MICROSOFT-CORP-MSN-AS-BLOCK	pphosted.com	5
Telia Lietuva, AB	robinas.lt	1
123ns.de	u-life.lt	1
serveriai.lt	kokosa.lt	1
serveriai.lt	itsguru.lt	1
Telia Lietuva, AB	plugai.lt	1
serveriai.lt	viber.lt	1
gransy.com	spintero.lt	1
Telia Lietuva, AB	rimdex.lt	1
socgen.com	socgen.com	2
ipcom GmbH	MICROSOFT-CORP-MSN-AS-BLOCK	17
serveriai.lt	e-v.lt	1
AMAZON-02	moychay.lt	1
serveriai.lt	rbaltic.lt	1
routing.net	Eurofiber France SAS	8
Uab Servera	smartheating.lt	1
serveriai.lt	astra.lt	1
gransy.com	ketodiet.lt	1
serveriai.lt	xtx.lt	1
getspace.us	grassbarbers.lt	1
serveriai.lt	instahouse.lt	1
domenai.lt	senamiescioteatras.lt	1
web4u.cz	web4u.cz	8
UAB Bite Lietuva	citygym.lt	1
modula-dns.de	buzil.de	1
hostex.lt	ipm.lt	1
Telia Eesti AS	LLC VK	1
Telia Lietuva, AB	colourstone.lt	1
UAB Interneto vizija	nme.lt	1
serveriai.lt	foos-shop.lt	1
lemarit.de	AMAZON-02	10
serveriai.lt	forsum.lt	1
ns1.pl	progreso.pl	3
serveriai.lt	limit.lt	1
Telia Lietuva, AB	tvgholding.lt	1
serveriai.lt	bridges.lt	1
SECURITYSERVICES	UAB Interneto vizija	3
serveris.lt	iipp.lt	1
sitbv.nl	myonlinestore.lt	1
serveriai.lt	fotoex.lt	1
serveriai.lt	printline.lt	1
CLOUDFLARENET	ssem.lt	1
serveriai.lt	ivenkov.lt	1
balt.net	saulenet.lt	8
genesys informatica srl	MICROSOFT-CORP-MSN-AS-BLOCK	1
1233dns.com	Alsycon B.V.	33
hostex.lt	Proton AG	1
whirlpool.com	whirlpool.com	1
rtk.lt	rtk.lt	1
serveriai.lt	inventory.lt	1
register.be	Combell NV	10
CLOUDFLARENET	dbaservice.lt	1
UAB Rakrejus	CLOUDFLARENET	5
serveriai.lt	opp.lt	1
serveriai.lt	rokom.lt	1
Telia Lietuva, AB	49.53	1
serveriai.lt	funk.lt	1
UAB Interneto vizija	rsbaldai.lt	1
OVH SAS	vertexsms.com	1
gransy.com	vshosting.cloud	3
CLOUDFLARENET	electron.lt	1
Telia Lietuva, AB	laboratoriniaibaldai.lt	1
serveriai.lt	culture-live.lt	1
Informacines sistemos ir technologijos, UAB	infoline.lt	1
serveriai.lt	blooms.lt	1
Nazwa.pl Sp.z.o.o.	olaer.lt	1
CLOUDFLARENET	Fastmail Pty Ltd	52
serveriai.lt	jbloomatelier.lt	1
Telia Lietuva, AB	igeta.lt	1
serveriai.lt	beautiq.lt	1
parkas.lt	GOOGLE	11
SECURITYSERVICES	ryanairemail.com	1
serveriai.lt	ajso.lt	1
CLOUDFLARENET	GANDI SAS	9
hostex.lt	orbita.lt	1
serveriai.lt	coriva.lt	1
GOOGLE	nomadgroup.lt	1
CLOUDFLARENET	tanauta.lt	1
serveris.lt	migva.lt	1
IONOS SE	png.lt	1
serveriai.lt	lacos.lt	1
serveriai.lt	designmap.lt	1
serveriai.lt	ggi.lt	1
serveriai.lt	touch.lt	1
serveriai.lt	boxboutique.lt	1
serveriai.lt	tuningpro.lt	1
serveriai.lt	pakeliui.lt	1
CLOUDFLARENET	leojar.lt	1
serveris.lt	provencehome.lt	1
hostex.lt	consolius.lt	1
Penkiu kontinentu komunikaciju centras, Ltd.	MICROSOFT-CORP-MSN-AS-BLOCK	9
serveriai.lt	naminukai.lt	1
Telia Lietuva, AB	glora.lt	1
CLOUDFLARENET	debaxo.lt	1
OVH SAS	Fastmail Pty Ltd	2
xundns.com	jhydns01.com	9
serveriai.lt	empathy.lt	1
Telia Lietuva, AB	carinphone.lt	1
serveriai.lt	aggro.lt	1
ferroli.lv	beril.lt	1
domenai.lt	lmkl.lt	1
serveriai.lt	relictec.lt	1
Hostinger International Limited	ZOHO-AS	1
serveriai.lt	s7.lt	1
serveriai.lt	grv.lt	1
CLOUDFLARENET	maksima.lt	1
Cloud DNS Ltd	milkmarket.lt	1
serveriai.lt	euroamerikana.lt	1
CLOUDFLARENET	ostmed.lt	2
home.pl	IONOS SE	13
1984.is	OVH SAS	1
serveriai.lt	ofr.lt	1
serveriai.lt	kuklys.lt	1
Sia Nano IT	oribalt.lt	1
bacloud.com	zone.eu	1
UAB Interneto vizija	mytutor.lt	1
Telia Lietuva, AB	reola.lt	1
hostex.lt	weship.lt	1
serveriai.lt	lap.lt	1
hostex.lt	surgitel.lt	1
CLOUDFLARENET	pauluns.lt	1
Hostline, Uab	MICROSOFT-CORP-MSN-AS-BLOCK	5
serveriai.lt	seimu.lt	1
serveriai.lt	vandziogala.lt	1
serveris.lt	nuoga.lt	1
serveris.lt	hophop.lt	1
serveriai.lt	luxurytransport.lt	1
serveriai.lt	YANDEX LLC	15
serveriai.lt	rentway.lt	1
serveriai.lt	prp.lt	1
pinkdude.com	pinkdude.com	5
serveriai.lt	cvm.lt	1
serveriai.lt	areta.lt	1
bacloud.com	solarlog.lt	1
azh.es	azh.lt	1
Telia Lietuva, AB	ZOHO Corporation B.V	7
serveriai.lt	3dim.lt	1
managed-ip.com	also.com	8
serveriai.lt	itmanager.lt	1
bacloud.com	polturizm.lt	1
Cloud DNS Ltd	MICROSOFT-CORP-MSN-AS-BLOCK	11
ACTIVE 24, s.r.o.	love-card.lt	1
bacloud.com	axiomalife.lt	1
serveriai.lt	eurocave.lt	1
Cyber_Folks S.A.	paleteo.lt	1
Telia Lietuva, AB	etpro.lt	1
CLOUDFLARENET	officepro.lt	1
Telia Lietuva, AB	profittools.lt	1
gransy.com	blindshell.lt	1
domains.lt	ekeri.lt	1
domains.lt	UAB Interneto vizija	117
serveriai.lt	write.lt	1
serveriai.lt	AMAZON-02	17
serveriai.lt	duty-free.lt	1
ipt.lt	GOOGLE	19
CLOUDFLARENET	wtg9.com	2
Hostpoint AG	fruit2day.lt	1
UAB Elneta	frezi.lt	1
UAB Interneto vizija	mineral.lt	1
serveriai.lt	nrc.lt	1
UAB Interneto vizija	basedschool.lt	1
Cloud DNS Ltd	hansetrailer.lt	1
Hetzner Online GmbH	viartas.lt	1
CLOUDFLARENET	iol.lt	1
serveriai.lt	ta-daa.lt	1
ltmd.net	cicero.lt	1
Kauno Technologijos Universitetas	Kauno Technologijos Universitetas	21
serveriai.lt	radler.lt	1
broadview.se	GlobalConnect AB	1
serveriai.lt	guogis.lt	1
hostex.lt	marineconsultation.lt	1
serveriai.lt	katalizator.lt	1
neoserv.si	facesocks.lt	1
UAB Interneto vizija	mureika.lt	1
Hetzner Online GmbH	berto.lt	1
serveriai.lt	selvio.lt	1
CLOUDFLARENET	divai.lt	2
CLOUDFLARENET	anextour.lt	1
Telia Lietuva, AB	parkresidence.lt	1
Host Europe GmbH	vialaurea.lt	1
easydns.com	easydns.com	1
serveriai.lt	defas.lt	1
serveriai.lt	rikava.lt	1
CLOUDFLARENET	plastikiniailangaiklaipeda.lt	1
CLOUDFLARENET	bellatoscana.lt	1
serveriai.lt	msv1.invalid	14
serveriai.lt	podo.lt	1
Telia Lietuva, AB	kabelis.lt	1
bacloud.com	myhome.lt	1
home.pl	ecoexpress24.lt	1
Telia Lietuva, AB	abvp.lt	1
CLOUDFLARENET	inida.lt	1
Telia Lietuva, AB	oistu.lt	1
serveriai.lt	Heinlein-Support GmbH	5
Sia Nano IT	salerium.lt	1
GANDI SAS	exu.lt	1
serveriai.lt	tuplex.lt	1
serveriai.lt	technikai.lt	1
Telia Lietuva, AB	kalinauskiene.lt	1
CLOUDFLARENET	d4d.lt	1
awsdns-05.com	hosting.lv	1
AMAZON-02	mygov.lt	1
serveriai.lt	adverum.lt	1
dcsaas.net	home.pl S.A.	9
hostex.lt	sankauskas.lt	1
serveriai.lt	svega.lt	1
serveriai.lt	retriever.lt	1
Cyber_Folks S.A.	oximo.lt	1
UAB Interneto vizija	grainera.lt	1
UAB Interneto vizija	stofas.lt	1
serveriai.lt	synology.me	2
bacloud.com	aitis.lt	1
serveriai.lt	authentica.lt	1
domains.lt	azofix.lt	1
serveriai.lt	reset.lt	1
serveriai.lt	nihon.lt	1
CLOUDFLARENET	rink.lt	1
CLOUDFLARENET	v9.lt	1
serveriai.lt	mcamp.lt	1
serveriai.lt	holoprint.lt	1
CLOUDFLARENET	tungbrush.lt	1
UAB Rakrejus	ava.lt	1
domains.lt	kli.lt	1
Telia Lietuva, AB	sds.lt	1
serveriai.lt	politika.lt	1
serveriai.lt	paukste.lt	1
careerjet.net	careerjet.net	2
serveriai.lt	sellmarket.lt	1
serveriai.lt	sekos.lt	1
serveriai.lt	secretgarden.lt	1
GANDI SAS	07zr.com	1
ucoz.net	ZOHO Corporation B.V	1
lss.lt	GOOGLE	1
Telia Lietuva, AB	industrial-packaging.lt	1
Cyber_Folks S.A.	joypal.lt	1
1233dns.com	dun555.com	3
infomaniak.com	infomaniak.ch	4
CLOUDFLARENET	zoho.in	2
CLOUDFLARENET	hostinger.ru	1
serveriai.lt	mikrozona.lt	2
meganameservers.eu	megamailservers.eu	2
AUTOMATTIC	sauliuskarosas.lt	1
freehosting.com	oplius.lt	1
serveriai.lt	gnss.lt	1
CLOUDFLARENET	mamontovas.lt	1
serveriai.lt	gammafittings.com	1
hostex.lt	tuva.lt	1
Telia Lietuva, AB	grunwald.lt	1
Nazwa.pl Sp.z.o.o.	galakor.lt	1
serveriai.lt	kontra.lt	1
serveriai.lt	oohpro.lt	1
Telia Lietuva, AB	fronius.lt	1
AMAZON-02	GOOGLE-CLOUD-PLATFORM	58
Hostinger International Limited	GOOGLE	9
serveriai.lt	rbbistro.lt	1
iq.pl	IQ PL Sp. z o.o.	5
nmmn.com	23M GmbH	4
domains.lt	UAB Ecofon	10
Zone Media OU	ZOHO Corporation B.V	6
serveriai.lt	benita.lt	1
domains.lt	antiusdragon.lt	1
serveriai.lt	kac.lt	1
domenai.lt	eura-tech.lt	1
serveriai.lt	lipde.lt	1
UAB Interneto vizija	hardas.lt	1
CLOUDFLARENET	epigone.lt	1
serveriai.lt	kaminuvalymas.lt	1
serveriai.lt	banionis.lt	1
Akamai Connected Cloud	sagroup.lt	1
domenai.lt	pigusdraudimas.lt	1
Telia Lietuva, AB	crumina.lt	1
UAB Interneto vizija	minibuilds.lt	1
CLOUDFLARENET	siuntu.lt	1
thinline.cz	thinline.cz	3
domains.lt	kika.lt	4
Hetzner Online GmbH	manodarbai.lt	1
serveriai.lt	parisa.lt	1
petrauskis.com	wuw.lt	1
hostex.lt	kanban.lt	1
serveriai.lt	even.lt	1
CLOUDFLARENET	tlt-electronics.lt	1
tts.lt	tts.lt	1
serveriai.lt	golfroom.lt	1
domenai.lt	Telia Lietuva, AB	2
Hetzner Online GmbH	malkos.lt	1
serveriai.lt	media3.lt	1
dehostingfirma.com	engineered-life.lt	1
serveriai.lt	gig.lt	1
UAB Interneto vizija	kapavietes.lt	1
smallhold-hosting-3.nl	anthogenol.lt	1
serveriai.lt	webnation.lt	1
serveriai.lt	premium-pellet.lt	1
UAB Rakrejus	redcoolou.com	3
domenai.lt	climbingclub.lt	1
hap.lt	choras.lt	1
serveriai.lt	mego.lt	1
serveriai.lt	kdrt.lt	1
hostex.lt	duliart.lt	1
serveriai.lt	atradimai.lt	1
CLOUDFLARENET	adameva.lt	1
UAB Interneto vizija	tc.lt	1
serveriai.lt	jetis.lt	1
CLOUDFLARENET	spacemail.com	2
serveriai.lt	nobrenparfum.lt	1
domains.lt	merton.lt	1
balt.net	savinge.lt	2
epag.net	wedi.de	1
domenai.lt	vciip.lt	1
serveriai.lt	dehood.lt	1
serveris.lt	CLOUDFLARENET	1
DELFI UAB	GOOGLE	1
serveriai.lt	pietaris.lt	1
UAB Interneto vizija	spigen.lt	1
serveris.lt	msera.lt	1
serveriai.lt	xpazintys.lt	1
gigahost.dk	gigahost.dk	1
OVH SAS	com.ua	27
balt.net	ekosistema.lt	1
CLOUDFLARENET	scanin.lt	1
CLOUDFLARENET	cranbalt.lt	1
routing.net	container.lt	1
UAB Elneta	UAB Interneto vizija	2
Telia Lietuva, AB	partyboat.lt	1
serveriai.lt	imodb.lt	1
serveriai.lt	evioni.lt	1
serveriai.lt	lunax.lt	1
AMAZON-02	aircharterservice.lt	1
awsdns-10.org	GOOGLE	1
UNIFIEDLAYER-AS-1	lovelydecor.lt	1
serveriai.lt	omecha.lt	1
Tele2 SWIPnet	parlino.lt	1
serveriai.lt	k26.lt	1
serveriai.lt	bliss.lt	1
xundns.com	dljxoooocdn.com	4
serveriai.lt	busim.lt	1
CLOUDFLARENET	rwgusa.net	2
CLOUDFLARENET	pakida.lt	1
serveris.lt	apr.lt	1
eurodns.biz	gazprom-mt.lt	1
eshoprent.com	gorillawear.lt	1
serveriai.lt	hoc.lt	1
UAB Interneto vizija	superzoo.lt	1
serveriai.lt	coolmaster.lt	1
serveriai.lt	tuner.lt	1
CLOUDFLARENET	dns-parking.com	1
serveriai.lt	naturalia.lt	1
hostex.lt	tutas.lt	1
serveriai.lt	dharma.lt	1
serveriai.lt	omax.lt	1
serveriai.lt	trysmuzos.lt	1
dnsip.com	jhydns01.com	6
Telia Lietuva, AB	0x00.lt	2
CLOUDFLARENET	aur.lt	1
Akamai International B.V.	MICROSOFT-CORP-MSN-AS-BLOCK	11
Domain names registrar REG.RU, Ltd	Domain names registrar REG.RU, Ltd	5
CLOUDFLARENET	esabic.lt	1
UAB Interneto vizija	drugeliuparoda.lt	1
NUCDN	dolzer.lt	1
serveriai.lt	kaminera.lt	1
home.pl	ekonstal.lt	1
wk.se	MICROSOFT-CORP-MSN-AS-BLOCK	1
CLOUDFLARENET	fmf.lt	1
UAB Baltnetos komunikacijos	hobbyshop.lt	1
serveriai.lt	adorablecat.lt	1
domains.lt	bevielis.lt	1
serveriai.lt	bumas.org	1
Hetzner Online GmbH	vente.lt	1
hostex.lt	kreizi.lt	1
UAB Interneto vizija	margaritamonth.lt	1
bb-online.biz	co.uk	7
serveriai.lt	iceco.lt	5
serveriai.lt	144.lt	1
serveks.com	serveks.net	2
CLOUDFLARENET	elminute.lt	1
dataforest GmbH	talaria.lt	1
Telia Lietuva, AB	idente.lt	1
CLOUDFLARENET	cyber-city.lt	1
UAB Elneta	mtsrv.lt	1
serveriai.lt	emsella.lt	1
team.blue Denmark A/S	team.blue Denmark A/S	19
Telia Lietuva, AB	dorama.lt	1
home.pl	MICROSOFT-CORP-MSN-AS-BLOCK	11
serveriai.lt	kotlospaw.lt	1
dnsimple.com	Eurofiber France SAS	1
serveriai.lt	gworkspace.lt	1
serveriai.lt	glassmarket.lt	1
bacloud.com	nailart.lt	1
serveriai.lt	cloud1.lt	1
serveriai.lt	marelux.lt	1
UAB Interneto vizija	kelmesautobusai.lt	1
serveriai.lt	sptrans.lt	1
CLOUDFLARENET	abstore.lt	1
Telia Lietuva, AB	neoprint.lt	1
UAB Elneta	pvmc.lt	1
areait.lv	rotenso.lt	1
serveriai.lt	tagofjoy.lt	1
serveriai.lt	nordsolar.lt	1
domains.lt	msv1.invalid	6
eshoprent.com	balticshooter.lt	1
UAB Penki kontinentai	lighthousestudio.lt	1
magit.lt	sakbar.lt	1
UNIFIEDLAYER-AS-1	rallyschool.lt	1
hostex.lt	activegym.lt	1
UAB Interneto vizija	pavara.lt	1
bnpparibas.com	srv.bnpparibas	1
Hetzner Online GmbH	gowise.lt	1
balt.net	transekspedicija.lt	1
serveriai.lt	fmclub.lt	1
UAB Interneto vizija	didaktika.lt	1
serveriai.lt	crack.lt	1
SECURITYSERVICES	NAMECHEAP-NET	16
tarhely.com	momzee.lt	1
serveriai.lt	silkinis.lt	1
ascio.com	MICROSOFT-CORP-MSN-AS-BLOCK	1
serveriai.lt	gobar.lt	1
serveriai.lt	s-and-s.lt	1
domenai.lt	custompc.lt	1
Telia Lietuva, AB	el-s.lt	1
Telia Lietuva, AB	valsena.lt	1
UAB Bite Lietuva	GOOGLE	9
hostex.lt	esense.lt	1
Telia Lietuva, AB	nkvk.lt	1
serveriai.lt	cloudera.lt	1
serveriai.lt	clayhead.lt	1
Neue Medien Muennich GmbH	kasserver.com	6
Telia Lietuva, AB	korsakas.lt	1
UAB Elneta	amatu.lt	1
Telia Lietuva, AB	suvita.lt	1
serveriai.lt	militar.lt	1
domenai.lt	plovyklos.lt	1
serveriai.lt	timof.lt	1
eulerhermes.com	eulerhermes.com	1
serveriai.lt	mysteribox.lt	1
CLOUDFLARENET	bc.lt	1
de-nserver.de	flightsupermarket.lt	1
hostex.lt	ekomax.lt	1
AMAZON-02	zabka.lt	1
Telia Lietuva, AB	k-t.lt	1
serveriai.lt	tentis.lt	1
CLOUDFLARENET	faktas.lt	1
serveriai.lt	bmse.lt	1
SECURITYSERVICES	register.com	5
monix.cz	monix.cz	2
serveriai.lt	eshoping.lt	1
serveriai.lt	expedit.lt	1
dhosting.pl Sp. z o.o.	dhosting.pl Sp. z o.o.	8
home.pl	marbosport.lt	1
CLOUDFLARENET	rox.lt	1
Telia Lietuva, AB	baltogroup.lt	1
serveris.lt	asrc.lt	1
Telia Lietuva, AB	hcasista.lt	1
CLOUDFLARENET	finpro.lt	1
Sia Nano IT	coldumarine.lt	1
balt.net	UAB Interneto vizija	37
marinet.lt	marinet.lt	1
serveriai.lt	010.lt	1
osn.de	hipp.de	1
serveriai.lt	alfamedis.lt	1
serveriai.lt	ekoska.lt	1
mc2.lv	reaton.lv	1
serveriai.lt	rab.lt	1
serveriai.lt	nvm.lt	2
Telia Lietuva, AB	elektrum-next.lt	1
AMAZON-02	retall.lt	1
oberberg-online.de	sarstedt.lt	1
serveriai.lt	e-gastro.lt	1
serveriai.lt	ivetamalisauskaite.lt	1
CLOUDFLARENET	dreamer.lt	1
serveriai.lt	ddworkshop.lt	1
serveriai.lt	nteam.lt	1
Telia Lietuva, AB	thecure.lt	1
serveris.lt	rir.lt	1
serveriai.lt	bki.lt	1
ns14.net	welfen.net	6
CLOUDFLARENET	RACKSPACE	6
serveriai.lt	grappa.lt	1
CLOUDFLARENET	krupa.lt	1
serveriai.lt	sitk.lt	1
WEHOSTWEBSITES-COM	maldero.lt	1
CLOUDFLARENET	geciene.lt	1
UAB Interneto vizija	2424.lt	1
getspace.us	heatingsystem.lt	1
serveriai.lt	artbooks.lt	1
trueserver.nl	link2trials.lt	1
Sia Nano IT	jobbi.lt	1
Telia Lietuva, AB	deimed.lt	1
serveriai.lt	eurotop.lt	1
UAB Bite Lietuva	doseka.lt	1
serveriai.lt	macan.lt	1
domenai.lt	slipas.lt	1
serveriai.lt	rezon.lt	1
UAB Interneto vizija	autoxxx.lt	1
NUCDN	davida.lt	1
Telia Lietuva, AB	conti.lt	1
UAB Interneto vizija	stj.lt	1
UAB Interneto vizija	pp.lt	1
vevida.net	CLDIN B.V.	2
CLOUDFLARENET	66.197	1
nominalia.com	nominalia.com	8
balticum.lt	rygveda.lt	1
serveriai.lt	technine-pagalba.lt	1
serveriai.lt	mokykla.lt	1
areait.lv	radio.lt	1
CLOUDFLARENET	dpu.lt	1
cancom-mase.com	obi.com	1
domains.lt	ZOHO Corporation B.V	13
ipage.com	enamas.lt	1
serveriai.lt	munera.lt	1
serveriai.lt	metlo.lt	1
serveriai.lt	nowo.lt	1
serveriai.lt	cario.lt	1
domenai.lt	biotechnologijos.lt	1
bacloud.com	konfeti.lt	1
serveriai.lt	cabin.lt	1
CLOUDFLARENET	asmodas.lt	1
serveriai.lt	tekvo.lt	1
serveriai.lt	price.lt	1
bacloud.com	renderis.lt	1
Telia Lietuva, AB	gompa.lt	1
serveriai.lt	Sabiedriba ar ierobezotu atbildibu DELSKA Latvia	5
domenai.lt	automobil.lt	1
exum.eu	Register S.p.A.	1
serveriai.lt	semantic.lt	1
serveriai.lt	buhalter.lt	1
Telia Lietuva, AB	irv.lt	1
serveriai.lt	ladydreams.lt	1
Kauno Technologijos Universitetas	greitadovana.lt	1
CLOUDFLARENET	lsc.lt	1
traffic.lt	razina.lt	1
serveriai.lt	mountainside.lt	1
Hetzner Online GmbH	pablo.lt	1
domenai.lt	stagemolton.lt	1
serveriai.lt	traumeel.lt	1
CLOUDFLARENET	tenerife24.lt	1
serveriai.lt	haircult.lt	1
serveriai.lt	skolis.lt	1
AMAZON-02	gameinsight.lt	1
Telia Lietuva, AB	pagalbosgija.lt	1
domains.lt	riftus.lt	1
AMAZON-02	CLOUDFLARENET	2
Cyber_Folks S.A.	GOOGLE	4
serveriai.lt	svf.lt	1
domenai.lt	composer.lt	1
UAB Interneto vizija	skiing.lt	1
serveriai.lt	constr.lt	1
serveriai.lt	matulevicius.lt	1
serveriai.lt	dekoras3d.lt	1
tvujweb.com	tvujweb.cz	1
serveriai.lt	autosport.lt	1
Informacines sistemos ir technologijos, UAB	farmtrac.lt	1
serveriai.lt	kvl.lt	1
CLOUDFLARENET	LLC VK	5
UAB Interneto vizija	alpharp.lt	1
serveriai.lt	delfinariumas.lt	1
Telia Lietuva, AB	Proton AG	5
domains.lt	pku.lt	1
serveriai.lt	ladonas.lt	1
serveriai.lt	korotech.lt	1
serveriai.lt	noob.lt	1
serveriai.lt	adas.lt	1
serveriai.lt	simc.lt	1
interna.me	hummu.lt	1
Telia Lietuva, AB	elektromontaz.lt	1
PONYNET	blg.lt	1
Telia Lietuva, AB	rivalita.lt	1
GANDI SAS	GOOGLE	10
UAB Proservis	superakcija.lt	1
klopca.net	fertilup.lt	1
IONOS SE	greitikreditai.lt	1
Informacines sistemos ir technologijos, UAB	e-it.lt	1
serveriai.lt	novusnexus.lt	1
serveriai.lt	efiko.lt	1
serveriai.lt	econet.lt	1
serveriai.lt	sraute.lt	1
intel.com	intel.com	1
domains.lt	beston.lt	1
CLOUDFLARENET	prodomaines.com	3
CLOUDFLARENET	hendlex.com	1
Hetzner Online GmbH	GOOGLE	34
serveriai.lt	avarinis-atrakinimas.lt	1
ltmd.net	dubinin.lt	1
serveriai.lt	elitetaxi.lt	1
Kauno Technologijos Universitetas	webpartner.lt	1
UAB Bite Lietuva	sintek.lt	1
Kauno Technologijos Universitetas	smm.lt	2
serveriai.lt	dreams.lt	1
serveriai.lt	brasta.lt	1
eshoprent.com	amani.lt	1
serveriai.lt	rosenthal.lt	1
UAB Interneto vizija	carmaster.lt	1
UAB Bite Lietuva	nieda.lt	1
ul.ee	kostka.lt	1
Telia Lietuva, AB	adrotrans.lt	1
UAB Interneto vizija	inbrand.lt	1
bacloud.com	laisvas.lt	1
serveriai.lt	e-casio.lt	1
AMAZON-02	nasodren.lt	1
serveriai.lt	feral.lt	1
ltmd.net	MICROSOFT-CORP-MSN-AS-BLOCK	16
serveriai.lt	stalda.lt	1
domenai.lt	kolumbas.lt	1
Telia Lietuva, AB	karbas.lt	1
serveriai.lt	didance.lt	1
serveriai.lt	darbasuzsienyje.lt	1
UAB Interneto vizija	pmac.lt	1
sd-cross.de	bestofchristmas.lt	1
CLOUDFLARENET	murmur.lt	1
balticvps.eu	GOOGLE	1
AMAZON-02	SQUIXA PTY LIMITED	2
iptwins.com	isdnet.net	1
CLOUDFLARENET	Hostline, Uab	1
bacloud.com	snekam.lt	1
serveriai.lt	rasa-siudikiene.lt	1
serveriai.lt	onn.lt	1
Scaleway S.a.s.	strategija.lt	1
CLOUDFLARENET	egv.lt	1
Kauno Technologijos Universitetas	MICROSOFT-CORP-MSN-AS-BLOCK	14
UAB Interneto vizija	hiena.lt	1
serveriai.lt	insi.lt	1
Telia Lietuva, AB	fillers.lt	1
serveriai.lt	prabhupada.lt	1
serveriai.lt	bambinospa.lt	1
Telia Lietuva, AB	levuo.lt	1
CLOUDFLARENET	co.uk	27
CLOUDFLARENET	mokara.lt	1
serveriai.lt	monikaart.lt	1
A2HOSTING	rytisdruskinis.lt	1
serveriai.lt	horizonsresort.lt	1
serveriai.lt	pasveik.lt	1
hoster.by	hoster.by	3
serveriai.lt	agrinda.lt	1
jkii.lt	atx.lt	1
UAB Baltnetos komunikacijos	nsoft.lt	1
domenai.lt	bettybarclay.lt	1
UAB Interneto vizija	andrum.lt	1
serveriai.lt	karaliunas.lt	1
CLOUDFLARENET	NAMECHEAP-NET	6
hostex.lt	colores.lt	1
CLOUDFLARENET	b-max.lt	1
Telia Lietuva, AB	norsvin.lt	1
timmehosting.de	timmehosting.de	4
serveriai.lt	promoter.lt	1
domains.lt	energolukss.lv	1
gransy.com	cestee.lt	1
Hostline, Uab	Hostline, Uab	11
bst.lt	ron.lt	1
Hetzner Online GmbH	ltm.lt	1
markmonitor.com	pphosted.com	2
serveriai.lt	kvvg.lt	1
Trellian Pty. Limited	above.com	4
Telia Lietuva, AB	wwwservice.lt	1
domains.lt	imedia.lt	1
serveriai.lt	milasa.lt	1
serveriai.lt	refreex.lt	1
CLOUDFLARENET	vilnosnamai.lt	1
domenai.lt	taras.lt	1
serveriai.lt	amberworld.lt	1
gransy.com	ketolife.lt	1
serveriai.lt	kvitas.lt	1
serveriai.lt	balticdesigns.lt	1
Telia Lietuva, AB	soneta.lt	1
Hetzner Online GmbH	solarcamp.lt	1
serveriai.lt	kesminas.lt	1
Telia Lietuva, AB	agrozeme.lt	1
serveriai.lt	misis.lt	1
getspace.us	emobs.lt	1
checkdomain.de	dogado GmbH	1
MICROSOFT-CORP-MSN-AS-BLOCK	ko.com	14
getspace.us	golfotakeliai.lt	1
serveriai.lt	palmsstudio.lt	1
topsec.com	SQUIXA PTY LIMITED	1
Telia Lietuva, AB	autoforumas.lt	1
Vardas.lt, Uab	Vardas.lt, Uab	76
MICROSOFT-CORP-MSN-AS-BLOCK	GOOGLE	5
xundns.com	cname66.com	25
hostex.lt	pyrmolita.lt	1
cbrid.net	UAB Rakrejus	12
oderland.com	ODERLAND Webbhotell AB	7
CLOUDFLARENET	vialietuva.lt	2
domenai.lt	minimi.lt	1
NUCDN	sheetmusicdirect.lt	1
UAB Bite Lietuva	web-services.lt	1
Penkiu kontinentu komunikaciju centras, Ltd.	busrental.lt	1
UAB Interneto vizija	vaitekunas.lt	1
hostex.lt	catalogue.lt	1
CLOUDFLARENET	ja0.lt	1
CLOUDFLARENET	volton.lt	1
serveriai.lt	aquacleanpro.lt	1
serveriai.lt	psichologes.lt	1
serveriai.lt	euroeksternas.lt	1
serveriai.lt	rolo.lt	1
hostex.lt	nebrangiai.lt	1
serveriai.lt	arsk.lt	1
SECURITYSERVICES	Elkdata OU	1
hap.lt	ataxi.lt	1
Telia Lietuva, AB	116111.lt	1
domains.lt	service.lt	1
balt.net	GOOGLE	49
serveriai.lt	lprint.lt	1
serveriai.lt	multicar.lt	1
GOOGLE	AUTOMATTIC	5
hostega.eu	hostega.eu	5
serveriai.lt	bitsens.lt	1
Hetzner Online GmbH	mylima.lt	1
serveriai.lt	granmax.lt	1
serveriai.lt	topfoto.lt	1
pixelx.de	msp-concept.de	2
luadns.net	lsds.lt	1
phase8.net	MICROSOFT-CORP-MSN-AS-BLOCK	1
serveriai.lt	idigital.lt	1
helinet.lt	helinet.lt	1
UAB Baltnetos komunikacijos	ZOHO-AS	7
domenai.lt	traliukai.lt	1
hostex.lt	information.lt	1
CLOUDFLARENET	databank.lt	3
CLOUDFLARENET	fcrmedia.com	1
serveriai.lt	logit.lt	1
Telia Lietuva, AB	reisita.lt	1
leaseweb.nl	leaseweb.com	2
serveriai.lt	hostit.lt	1
serveriai.lt	maaam.lt	1
naturalshops2.net	greenbarleyplus.lt	1
UAB Interneto vizija	kyc.lt	1
CLOUDFLARENET	mtr.lt	1
UAB Bite Lietuva	elenita.lt	1
UAB Interneto vizija	valuna.lt	1
serveriai.lt	aroneka.lt	1
Telia Lietuva, AB	altaja.lt	1
serveriai.lt	neolina.lt	1
serveriai.lt	aurisva.lt	1
serveriai.lt	kalasnikovas.lt	1
SECURITYSERVICES	autoonline.de	2
serveriai.lt	debt.lt	1
serveriai.lt	htp.lt	1
serveriai.lt	telefix.lt	1
serveriai.lt	huaweishop.lt	1
serveriai.lt	norhageindustri.lt	1
Telia Lietuva, AB	snowcamp.lt	1
irondns.de	AMAZON-02	8
serveriai.lt	perfumer.lt	1
serveriai.lt	livitas.lt	1
serveriai.lt	brent.lt	1
rfaust.de	domain-robot.org	1
vultr.com	madu.lt	1
UAB Interneto vizija	blaze.lt	1
netim.net	birza.lt	1
smarthost.pl	pragmasystem.lt	1
CLOUDFLARENET	transekspedicija.lt	1
serveriai.lt	elroga.lt	1
serveriai.lt	indrekontrimiene.lt	1
CLOUDFLARENET	bffinsider.lt	1
bacloud.com	domosta.lt	1
serveriai.lt	pirosmani.lt	1
serveriai.lt	fortera.lt	1
netangels.ru	jolesa.lt	1
UAB Elneta	vata.lt	1
hostex.lt	conte.lt	1
serveriai.lt	stargena.lt	1
magu.lt	jankevicius.lt	1
ICDSoft Ltd.	kerjamail.co	1
serveriai.lt	pronet.lt	1
Sia Nano IT	olefar.lt	1
CLOUDFLARENET	architype.lt	1
dnsv.jp	junk.lt	1
Telia Lietuva, AB	angelsfund.lt	1
OVH SAS	k7team.lt	1
ns14.net	ect-munich.com	1
gransy.com	bonmoto.lt	1
CLOUDFLARENET	wbpo.online	1
serveriai.lt	terrabella.lt	1
Akamai International B.V.	Safenames Ltd.	3
serveriai.lt	urbancase.lt	1
UAB Interneto vizija	neirada.lt	1
lrta.lt	lrta.lt	1
Telia Lietuva, AB	inmedicagrupe.lt	1
serveriai.lt	wolfgolf.lt	1
sendersnews.lt	baldinis.lt	1
UAB Interneto vizija	mentalist.lt	1
serveriai.lt	galeckas.lt	1
CLOUDFLARENET	intercom.lt	14
Safenames Ltd.	baxi.lt	1
Cyber_Folks S.A.	millersoils.lt	1
Telia Lietuva, AB	ns.lt	1
hostex.lt	revirsta.lt	1
serveriai.lt	e-pinigine.lt	1
bacloud.com	solvat.lt	1
ait.lt	ait.lt	1
Telia Lietuva, AB	starlett.lt	1
serveriai.lt	divingshop.lt	1
serveriai.lt	autoaudio.lt	1
hiro.cz	hiro.cz	1
stable.cz	stable.cz	8
Telia Lietuva, AB	grafubaldai.lt	1
UAB Bite Lietuva	tomika.lt	1
bacloud.com	vestila.lt	1
serveriai.lt	isportus.lt	1
serveriai.lt	smv.lt	1
eik.lt	UAB Bite Lietuva	24
domains.lt	moletai.lt	4
interna.me	paypo.lt	1
serveriai.lt	k-9.lt	1
AMAZON-02	MICROSOFT-CORP-MSN-AS-BLOCK	39
CLOUDFLARENET	acvk.lt	1
serveriai.lt	cosmonox.lt	1
net.pl	fotica.lt	1
AMAZON-02	APPLE-ENGINEERING	2
iitd.io	iitd.lt	1
Zone Media OU	biolanshop.lt	1
CLOUDFLARENET	QUICKPACKET	11
CLOUDFLARENET	kupetis.lt	1
oto.cc	dialogagroup.lt	1
bacloud.com	reg.lt	1
serveriai.lt	ubuntu.lt	1
Telia Lietuva, AB	profpizza.lt	1
serveriai.lt	roner.lt	1
tophosting.lt	UAB Bartus pro	1
SECURITYSERVICES	Safenames Ltd.	6
serveriai.lt	mogis.lt	1
serveriai.lt	beledo.lt	1
nslite.net	ssvm.lt	1
AMAZON-02	marketplacer.lt	1
UAB Interneto vizija	gelik.lt	1
serveriai.lt	andy.lt	1
serveriai.lt	boardshop.lt	1
serveriai.lt	Datacamp Limited	6
CLOUDFLARENET	minfra.eu	21
GOOGLE	hara.lt	1
domenai.lt	dede.lt	1
serveriai.lt	goldsera.lt	1
data.lt	tdd.lt	2
serveriai.lt	config.lt	1
Institute of Mathematics and Computer Science of University of Latvia	Institute of Mathematics and Computer Science of University of Latvia	18
nmugroup.com	nmugroup.com	4
serveriai.lt	infolor.lt	1
balticvps.eu	bortas.lt	1
getspace.us	ateitiesodontologijosklinika.lt	1
Cloud DNS Ltd	GOOGLE	32
CLOUDFLARENET	k15.lt	1
domains.lt	skopos.lt	2
Hetzner Online GmbH	nothing.lt	1
AMAZON-02	mailmodul.de	1
serveriai.lt	brahmakumaris.lt	1
serveriai.lt	understyle.lt	1
Telia Lietuva, AB	qualitystudio.lt	1
serveriai.lt	pomi-t.lt	1
bacloud.com	7r7.lt	1
bacloud.com	yv.lt	1
UAB Interneto vizija	feldhaus-klinker.lt	1
bacloud.com	nicenail.lt	1
CLOUDFLARENET	idmcloud.eu	8
routing.net	routing.net	4
Telia Lietuva, AB	CLOUDFLARENET	13
lima-city.de	GOOGLE	1
Hetzner Online GmbH	justeko.lt	1
Telia Lietuva, AB	adisplay.lt	1
Kauno Technologijos Universitetas	domreg.lt	2
serveriai.lt	baltmilk.lt	1
Hetzner Online GmbH	plasticpack.lt	1
serveriai.lt	nogood.lt	1
serveriai.lt	ortoma.lt	1
serveriai.lt	anvisima.lt	1
domenai.lt	tamagochi.lt	1
UAB Proservis	hervin.lt	1
serveris.lt	kanalizacijosvalymas.lt	1
OVH SAS	shogun.lt	1
CLOUDFLARENET	hostinger.it	3
nethinks.com	jumo.lt	1
serveriai.lt	tilis.lt	1
serveriai.lt	rukas.lt	1
serveriai.lt	4sport.lt	1
serveriai.lt	ridershive.lt	1
serveriai.lt	ozi.lt	1
domenai.lt	3dlaserscanning.lt	1
CLOUDFLARENET	ags.lt	1
hostex.lt	asii.lt	1
serveriai.lt	dovre.lt	1
CLOUDFLARENET	buy.lv	2
serveriai.lt	bddev.lt	1
skyrock.net	skyrock.net	1
serveriai.lt	mumijumi.lt	1
serveriai.lt	financepro.lt	1
combell.net	mailprotect.be	26
CLOUDFLARENET	pphosted.com	24
hostex.lt	empeca.lt	1
ltmd.net	UAB LTMD Networks	10
serveriai.lt	vianova.lt	1
SuperHosting.BG Ltd.	vsam.lt	1
serveriai.lt	alaina.lt	1
Telia Lietuva, AB	vws.lt	1
domains.lt	exdatum.lt	1
CLOUDFLARENET	pxm.lt	1
UAB Interneto vizija	pumpum.lt	1
serveriai.lt	wineandsmile.lt	1
UAB Interneto vizija	artemij.lt	1
ipcom GmbH	ouisncf.lt	1
UAB Interneto vizija	20vt.lt	1
serveriai.lt	lieknek.lt	1
bacloud.com	domospa.lt	1
serveriai.lt	artclub.lt	1
serveriai.lt	rehub.lt	1
UAB Interneto vizija	dbaf.lt	1
interip.nl	interip.nl	2
bacloud.com	livela.lt	1
serveriai.lt	zalgirio-arena.lt	1
hostex.lt	CLOUDFLARENET	2
CLOUDFLARENET	aikidofederation.lt	1
serveris.lt	aterma.lt	1
serveriai.lt	datalab.lt	1
serveriai.lt	termas.lt	1
domains.lt	okseta.lt	1
metanet.ch	nsync.lt	1
Telia Lietuva, AB	cromax.lt	1
123ns.de	relife.lt	1
UAB Interneto vizija	klsnet.lt	1
net.pl	bestsafes.lt	1
serveriai.lt	bhb.lt	1
perf1.com	naos.lt	1
UAB Baltnetos komunikacijos	apm.lt	4
serveriai.lt	irankiunuoma.lt	1
Telia Lietuva, AB	mysportlab.lt	1
atakdomain.com	maillb.com	1
domains.lt	go9.lt	1
serveriai.lt	rogama.lt	1
AMAZON-02	mailerhost.net	10
ns14.net	denios.lt	1
serveriai.lt	supremesupply.lt	1
serveriai.lt	masari.lt	1
domenai.lt	ictservice.lt	1
serveriai.lt	aminagra.lt	1
NUCDN	walraven.lt	1
serveriai.lt	rgo.lt	1
serveriai.lt	boos.lt	7
UAB Interneto vizija	rockradio.lt	1
serveriai.lt	runbox.com	2
managed-ip.com	bon.at	3
markmonitor.com	timberland.com	1
AMAZON-02	sequence.lt	1
Telia Lietuva, AB	giles.lt	1
serveriai.lt	grart.lt	1
Zone Media OU	YANDEX LLC	2
serveriai.lt	cargotek.lt	1
winhosting.eu	vindikacija.lt	1
serveriai.lt	rednet.lt	1
CLOUDFLARENET	tavomama.lt	1
serveriai.lt	vikri.lt	1
data.lt	hostex.lt	1
123ns.de	adenuric.lt	1
Safenames Ltd.	MICROSOFT-CORP-MSN-AS-BLOCK	2
serveriai.lt	freightia.lt	1
Vardas.lt, Uab	kyokushinkai.lt	1
serveriai.lt	medicalprogress.lt	1
serveriai.lt	notalone.lt	1
serveriai.lt	balakin.lt	1
serveriai.lt	aurama.lt	1
serveriai.lt	konsultacijosverslui.lt	1
serveriai.lt	agrupe.lt	1
Telia Lietuva, AB	artnex.lt	1
vimo.lt	vimo.lt	1
serverhostgroup.com	trysgijos.lt	1
adak.vip	floralexports.lt	1
ltmd.net	psychocatalysis.lt	1
Telia Lietuva, AB	mcwealth.lt	1
desec.io	gomailify.com	1
Telia Lietuva, AB	nutsclub.lt	1
serveriai.lt	110v.lt	1
serveris.lt	tevas.lt	1
Telia Lietuva, AB	temo.lt	1
gransy.com	raylyst.lt	1
Telia Lietuva, AB	lsb.lt	1
hostex.lt	baltictaste.lt	1
da.direct	eshops.lt	1
home.pl	EXEA Sp. z o.o.	1
getspace.us	visum.lt	1
serveriai.lt	fastshop.lt	1
domains.lt	savaauto.lt	1
CLOUDFLARENET	alp.lt	1
serveriai.lt	beepro.lt	1
profiwh.com	profiwh.com	2
Scaleway S.a.s.	danzam.lt	1
UAB Interneto vizija	exec.lt	1
svethostingu.cz	svethostingu.cz	3
serveriai.lt	singlis.lt	1
serveriai.lt	autodiag.lt	1
serveriai.lt	eval.lt	1
CLOUDFLARENET	aluflam.lt	1
serveriai.lt	lulugyvunams.lt	1
serveriai.lt	keista.lt	1
serveriai.lt	metrai.lt	1
CLOUDFLARENET	sakiai.lt	1
serveriai.lt	lkas.lt	1
serveriai.lt	mediamanager.lt	1
serveriai.lt	lsdps.lt	1
serveriai.lt	ratutaskas.lt	1
serveriai.lt	akbk.lt	1
serveriai.lt	robiworks.lt	1
serveris.lt	robinet.lt	1
serveriai.lt	greysalon.lt	1
domains.lt	eurometa.lt	1
serveriai.lt	qbis.lt	1
getspace.us	fjordcare.lt	1
UAB Interneto vizija	ja.lt	1
balt.net	dienamedia.lt	4
lenet.lt	lpc.lt	3
serveriai.lt	statrama.lt	1
Telia Lietuva, AB	red-brick.lt	1
CLOUDFLARENET	ejt.lt	1
Telia Lietuva, AB	balticum.lt	1
serveriai.lt	sava.lt	1
serveriai.lt	balticm.lt	1
bacloud.com	pro2.lt	1
serveriai.lt	kalara.lt	1
bacloud.com	vlt.lt	1
Telia Lietuva, AB	automag.lt	1
getspace.us	topgeo.lt	1
ascio.com	Cloudflare London, LLC	12
serveriai.lt	mika.lt	1
serveriai.lt	lvc.lt	1
serveriai.lt	agebrave.lt	1
UAB Interneto vizija	urbancampus.lt	1
domenai.lt	levissime.lt	1
domains.lt	elaba.lt	4
getspace.us	hddrilling.lt	1
domenai.lt	dyi.lt	1
CLOUDFLARENET	netforma.lt	1
serveriai.lt	tlist.eu	2
serveriai.lt	elvis.lt	1
CLOUDFLARENET	icmarket.lt	1
Informacines sistemos ir technologijos, UAB	medicineline.lt	1
UAB Interneto vizija	v7.lt	1
serveriai.lt	vil.lt	1
CLOUDFLARENET	codeofsilence.lt	1
NUCDN	SECURITYSERVICES	5
planaschuliganas.com	MICROSOFT-CORP-MSN-AS-BLOCK	1
site4now.net	site4now.net	2
serveriai.lt	theweb.lt	1
domains.lt	brokas.lt	1
Telia Lietuva, AB	savasvektorius.lt	1
bacloud.com	megatrends.lt	1
serveriai.lt	noclegi.lt	1
serveriai.lt	adrtest.lt	1
balt.net	bags4you.lt	1
serveriai.lt	maildauba.lt	1
DIGICERT	ellos.lt	1
CLOUDFLARENET	aroma.lt	1
myshoptet.com	myshoptet.com	1
AMAZON-02	com.au	1
UAB Interneto vizija	tap.lt	1
AMAZON-02	1seo.lt	1
getspace.us	qune.lt	1
serveriai.lt	vnl.lt	1
UAB Interneto vizija	kebulai.lt	1
Key-Systems GmbH	splash24.lt	1
UAB Interneto vizija	yellowtyre.lt	1
serveriai.lt	alkosa.lt	1
AMAZON-02	pim2print.lt	1
hostex.lt	algoritmas.lt	1
sqr.cloud	antispam-login.net	4
serveriai.lt	foodingredients.lt	1
serveriai.lt	alsoda.lt	1
UAB ESNET	mcelite.lt	1
UAB Interneto vizija	ntphoto.lt	1
serveris.lt	GOOGLE	6
afraid.org	boringart.lt	1
Telia Lietuva, AB	200.39	1
CLOUDFLARENET	strangelove.lt	1
domains.lt	laif.lt	1
domenai.lt	culturelive.lt	1
CLOUDFLARENET	AS2-TRENDMICRO-COM	6
bacloud.com	truckpark.lt	1
CLOUDFLARENET	egile.lt	1
domains.lt	cop.lt	1
Nazwa.pl Sp.z.o.o.	funfloor.lt	1
CLOUDFLARENET	bestweb.lt	1
serveriai.lt	skyfol.lt	1
UAB Elneta	GOOGLE	8
UAB Bite Lietuva	UAB Rakrejus	9
MICROSOFT-CORP-MSN-AS-BLOCK	CLOUDFLARENET	2
Hetzner Online GmbH	disentis.lt	1
serveriai.lt	misterija.lt	1
serveriai.lt	bihelp.lt	1
Uab Servera	jbskin.lt	1
serveriai.lt	interaja.lt	1
eshoprent.com	elektronika24.lt	1
serveriai.lt	pigis.lt	1
serveriai.lt	asp.lt	1
CLOUDFLARENET	mfb.lt	1
whixx.com	MICROSOFT-CORP-MSN-AS-BLOCK	1
serveriai.lt	refernet.lt	1
AMAZON-02	mdfinstruments.lt	1
domains.lt	alantas.lt	1
SECURITYSERVICES	tevapharm.com	4
CLOUDFLARENET	kosmeka.lt	1
UAB Interneto vizija	vjcan.lt	1
serveriai.lt	odd.lt	1
serveriai.lt	antanyne.lt	1
serveriai.lt	ess.lt	1
serveriai.lt	kublita.lt	1
UAB Interneto vizija	cra.lt	1
serveriai.lt	pietumegrame.lt	1
UAB Interneto vizija	vivagym.lt	1
serveriai.lt	modulasoft.lt	1
serveriai.lt	k22.lt	1
serveriai.lt	ern.lt	1
Telia Lietuva, AB	bakecake.lt	1
orlen.pl	orlen.pl	3
serveriai.lt	tobond.lt	1
CLOUDFLARENET	nbpodle.com	6
Penkiu kontinentu komunikaciju centras, Ltd.	abikus.lt	1
webindex.ro	hotnews.lt	1
parkas.lt	idealgroup.lt	1
serveriai.lt	likimomatrica.lt	1
ipcom GmbH	Mittwald CM Service GmbH & Co. KG	1
serveriai.lt	gabya.lt	1
domains.lt	dartspizza.lt	1
serveriai.lt	hostbot.eu	4
serveriai.lt	pphosted.com	5
serveriai.lt	terpe.lt	1
serveriai.lt	elveka.lt	1
hostex.lt	lv5.lt	1
serveriai.lt	datacloud.lt	1
domenai.lt	jtcontrols.lt	1
CLOUDFLARENET	agropraktika.lt	1
GOOGLE	24.157	1
socgen.com	gefa.de	1
serveriai.lt	edjusta.lt	1
AMAZON-02	jrnychurch.lt	1
serveriai.lt	fotana.lt	1
serveriai.lt	voo.lt	1
domains.lt	btph.lt	2
serveriai.lt	eta.lt	1
profik.cz	ebdistribution.com	2
Trellian Pty. Limited	Delta HighTech Ltd.	7
balticvps.eu	erdama.lt	1
serveriai.lt	shamas.lt	1
bacloud.com	star1.lt	1
linode.com	Fastmail Pty Ltd	3
serverstack.com	idnet.lt	1
serveriai.lt	capitalinsurance.lt	1
gransy.com	mamutex.lt	1
Telia Lietuva, AB	eurojackpot.lt	1
UAB ESNET	cloud.lt	1
serveriai.lt	radionet.lt	1
CLOUDFLARENET	gsl.lt	1
serveriai.lt	semesta.lt	1
serveriai.lt	pilibas.lt	1
ns1-tec.de	calloffice.lt	1
Telia Lietuva, AB	gaap.lt	1
serveriai.lt	cechavicius.lt	1
UAB Penki kontinentai	vptrading.lt	1
Hosting Ukraine LTD	com.ua	19
serveriai.lt	nube.lt	1
CLOUDFLARENET	begis.lt	1
Telia Lietuva, AB	pphosted.com	10
QUIC-CLOUD	mantula.lt	1
Telia Lietuva, AB	drek.lt	1
domenai.lt	daugiau.lt	1
serveriai.lt	musteika.lt	1
serveriai.lt	kgt.lt	1
misto.cloud	rivalo.info	1
UAB INIT	sugardas.lt	4
serveriai.lt	dts-security.de	1
CLOUDFLARENET	demotyvacija.lt	1
serveriai.lt	geleta.lt	1
weblease-europe.com	grenkeleasing.com	1
CLOUDFLARENET	lm.lt	1
UAB Nacionalinis Telekomunikaciju Tinklas	centrum.lt	1
CLOUDFLARENET	topogrupe.lt	1
bacloud.com	viptools.lt	1
bacloud.com	elektrikas.lt	1
serveriai.lt	homme.lt	1
serveriai.lt	lematec.lt	1
UAB Elneta	lnbd.lt	1
serveriai.lt	keyforrest.lt	1
prolan.lt	mli.lt	1
serveriai.lt	groomerpro.lt	1
serveriai.lt	420.lt	1
serveriai.lt	kurtoliau.lt	1
Hetzner Online GmbH	widewingsanimation.lt	1
serveriai.lt	homers.lt	1
CLOUDFLARENET	pickaxe.lt	1
serveriai.lt	ismokos.lt	1
domenai.lt	sbschool.lt	1
Telia Lietuva, AB	er2.lt	1
birfa.lt	birfa.lt	1
Sia Nano IT	gosh.lt	1
superhost.pl	super-host.pl	1
NUCDN	ntglogistics.lt	1
lightcon.com	MICROSOFT-CORP-MSN-AS-BLOCK	1
serveriai.lt	dore.lt	1
serveriai.lt	ascgroup.lt	1
proworkshop.lt	GOOGLE	1
serveriai.lt	kepiniunamai.lt	1
domenai.lt	bucyte.lt	1
zmajevi.org	profitsystem.pl	2
Hetzner Online GmbH	elskigroup.lt	1
serveris.lt	scb.lt	1
serveriai.lt	deims.lt	1
Telia Lietuva, AB	kasteckas.lt	1
d5.lt	richardas.lt	1
AMAZON-02	arp.lt	1
serveriai.lt	minifutbolas.lt	1
serveriai.lt	mods.lt	1
serveriai.lt	x-ion GmbH	1
Telia Lietuva, AB	ZOHO-AS	9
baden.domains	MICROSOFT-CORP-MSN-AS-BLOCK	1
UAB Interneto vizija	oldtowngifts.lt	1
domenai.lt	vitalio.lt	1
serveriai.lt	padelis.lt	1
serveriai.lt	modum.lt	1
CLOUDFLARENET	Akamai International B.V.	2
serveriai.lt	virauto.lt	1
serveriai.lt	blankspace.lt	1
domenai.lt	urologas.lt	1
serveriai.lt	balance.lt	1
serveriai.lt	ikvepti.lt	1
ACTIVE 24, s.r.o.	czechtrade.cz	1
serveriai.lt	echotools.lt	1
serveriai.lt	lcs.lt	1
serveriai.lt	mediz.lt	7
CLOUDFLARENET	clickhere.lt	1
UAB Interneto vizija	genocidas.lt	1
serveris.lt	fy.lt	1
serveriai.lt	postlink.lt	1
serveriai.lt	dress-on.lt	1
serveriai.lt	rosalis.lt	1
Telia Lietuva, AB	sprendimas.lt	1
AMAZON-02	victoria-milan.lt	1
serveriai.lt	autorius.lt	1
serveriai.lt	jurius.lt	1
CLOUDFLARENET	stalin.lt	1
glbns.com	microware.hu	2
serveriai.lt	medicpro.lt	1
Telia Lietuva, AB	tutu.lt	1
SECURITYSERVICES	saabgroup.lt	1
serveriai.lt	transpo.lt	1
serveriai.lt	sistiana.lt	1
serveriai.lt	vivalamanicure.lt	1
magichouse.cz	magichouse.cz	1
CLOUDFLARENET	nailab.lt	1
ipcom GmbH	Forcepoint Cloud Ltd	1
serveriai.lt	roboshop.lt	1
domains.lt	justitia.lt	2
Hostline, Uab	eta.lt	11
interna.me	procural.lt	1
CLOUDFLARENET	esmina.lt	1
CLOUDFLARENET	webox.lt	4
CLOUDFLARENET	top-10.lt	1
davgita.lt	nenuphar.lt	1
Telia Lietuva, AB	gerata.lt	1
1and1-dns.biz	IONOS SE	6
serveriai.lt	canoe.lt	1
serveriai.lt	hedonist.lt	1
serveriai.lt	irok.lt	1
serveriai.lt	ponelis.lt	1
domenai.lt	villaelvina.lt	1
serveriai.lt	skdr.lt	1
Hetzner Online GmbH	kitapus.lt	1
domains.lt	Hetzner Online GmbH	5
domenai.lt	holesa.lt	1
Telia Lietuva, AB	kaunashotels.lt	1
awsdns-38.com	mars-inc.com	1
serveriai.lt	e-toner.lt	1
SECURITYSERVICES	raileurope.lt	1
serveriai.lt	aform.lt	1
allianz.com	iphmx.com	1
UAB Interneto vizija	g5.lt	1
ports.se	GOOGLE	1
serveriai.lt	insiti.lt	1
CLOUDFLARENET	softwarecanarias.es	1
GOOGLE	esauga.lt	1
serveriai.lt	itoma.lt	1
serveriai.lt	figurai.lt	1
Telia Lietuva, AB	juridicum.lt	1
domains.lt	ukvm.lt	1
serveriai.lt	proprofit.lt	1
xundns.com	1bcdn.com	5
getspace.us	laiska.lt	1
serveriai.lt	igsi.lt	1
serveriai.lt	augimas.lt	1
serveriai.lt	angeleyes.lt	1
Domain names registrar REG.RU, Ltd	startec.lt	1
serveriai.lt	dotnet.lt	1
serveriai.lt	inter-silo.lt	1
serveriai.lt	mindina.lt	1
dnscloudserver.com	watchwrestling.lt	1
UAB Penki kontinentai	sky.lt	1
Telia Lietuva, AB	semiconductors.lt	1
serveriai.lt	mllife.lt	1
creativelink.net	creativelink.net	2
serveriai.lt	wuliuair.lt	1
Telia Lietuva, AB	msv1.invalid	4
hostex.lt	ntm.lt	1
serveriai.lt	velo.lt	1
CLOUDFLARENET	nksc.lt	5
serveriai.lt	kamc.lt	1
OVH SAS	siuvykla.lt	1
serveriai.lt	flexiprint.lt	1
Telia Lietuva, AB	flovac.lt	1
serveriai.lt	legranda.lt	1
almantas.com	almantas.com	3
serveriai.lt	radiocity.lt	1
serveriai.lt	embassyofireland.lt	1
domenai.lt	immi.lt	1
wannafind.dk	ritohobby.lt	1
Sia Nano IT	vitalitydrink.lt	1
serveriai.lt	polimeta.lt	1
domains.lt	aquafilter.lt	1
serveriai.lt	drivesms.lt	1
serveriai.lt	kabicare.lt	1
serveriai.lt	pronko.lt	1
serveriai.lt	xtreme.lt	1
serveriai.lt	rvpl.lt	1
GOOGLE	LLC VK	1
serveriai.lt	animeworld.lt	1
domenai.lt	baylor.lt	1
serveriai.lt	bubobubo.lt	1
serveriai.lt	katrin.lt	1
european-server.com	saris.lt	1
serveriai.lt	leporo.lt	1
markmonitor.com	00ziprecruiter.com	1
bacloud.com	divalis.lt	1
NUCDN	Datacenter Luxembourg S.A.	15
hostex.lt	aj.lt	1
GOOGLE	p-system.org	1
UAB Baltnetos komunikacijos	vil.lt	4
serveriai.lt	inv.lt	1
domains.lt	skl.lt	1
serveriai.lt	assbook.lt	1
serveriai.lt	leea.lt	1
UAB Baltnetos komunikacijos	despecto.lt	1
serveriai.lt	budreika.lt	1
Telia Lietuva, AB	cornus.lt	1
UAB Interneto vizija	beautyforyou.lt	1
serveriai.lt	viadeco.lt	1
eunet.no	multinet.no	1
serveriai.lt	lclaim.lt	1
CLOUDFLARENET	Cloudflare London, LLC	27
serveriai.lt	tuza.lt	1
serveriai.lt	monkus.lt	1
Telia Lietuva, AB	fpak.lt	1
serveriai.lt	teg.lt	1
serveriai.lt	shmiel.lt	1
hostex.lt	chinchilla.lt	1
allunitedartists.com	debesys.lt	1
serveriai.lt	colis.lt	1
domenai.lt	rimvis.lt	1
UAB Elneta	pi.lt	1
hostex.lt	footwear.lt	1
serveris.lt	rvparts.lt	1
domenai.lt	turbo.lt	1
bacloud.com	berrywell.lt	1
serveriai.lt	tivis.lt	1
UAB Interneto vizija	rentvilnius.lt	1
serveriai.lt	kanro.lt	1
serveriai.lt	boldframe.lt	1
serveriai.lt	davil.lt	1
d5.lt	rulit.lt	1
UAB Interneto vizija	melbera.lt	1
GANDI SAS	pphosted.com	4
AMAZON-02	stableserver.net	3
Telia Lietuva, AB	vtranzitas.lt	1
dnsip.com	longteng-cdn.com	21
serveriai.lt	grieze.lt	1
domenai.lt	ZOHO Corporation B.V	16
inretio.lt	gyt.is	1
bacloud.com	ruva.lt	1
AMAZON-02	mars-inc.com	4
CLOUDFLARENET	fokus.lt	1
serveriai.lt	furnistyle.lt	1
serveriai.lt	dockboot.lt	1
CLOUDFLARENET	flagmanas.lt	1
webd.pl	xtrack.lt	1
Telia Lietuva, AB	plyteles.lt	1
UAB Bite Lietuva	mastercar.lt	1
serveriai.lt	aldma.lt	1
serveriai.lt	prolima.lt	1
serveriai.lt	tholos.lt	1
UAB Proservis	hachiko.lt	1
hostex.lt	ZOHO-AS	4
serveriai.lt	gpx.lt	1
serveriai.lt	stuburogydymas.lt	1
UAB Interneto vizija	ventia.lt	1
CLOUDFLARENET	diamante.lt	1
balt.net	statega.lt	1
ltmd.net	viltekta.lt	1
UAB Interneto vizija	stokex.lt	1
serveriai.lt	p-tech.lt	1
domains.lt	lib.lt	1
AMAZON-02	removify.lt	1
CLOUDFLARENET	vidrena.lt	1
getspace.us	GOOGLE	6
serveriai.lt	savero.lt	1
eshoprent.com	obera.lt	1
serveriai.lt	automobiliuservisas.lt	1
serveriai.lt	einza.lt	1
home.pl	saloneo.lt	1
Telia Lietuva, AB	orga.lt	1
Torena, II	Torena, II	9
GANDI SAS	Proton AG	7
serveriai.lt	dija.lt	1
serveriai.lt	meco.lt	1
CLOUDFLARENET	goodyear.se	1
Telia Lietuva, AB	terma.lt	1
bacloud.com	saulesziedas.lt	1
gransy.com	kokiska.lt	1
domeny.host	krafttrans.lt	1
CLOUDFLARENET	lntaa.lt	1
serveriai.lt	vaikams.lt	1
eshoprent.com	perku24.lt	1
serveriai.lt	artmodules.lt	1
Telia Lietuva, AB	saulyte.lt	1
Telia Lietuva, AB	toysland.lt	1
Kauno Technologijos Universitetas	muza.lt	1
eshoprent.com	ionickiss.lt	1
UAB Interneto vizija	zukis.lt	1
serveriai.lt	teza.lt	1
infocentras.com	MICROSOFT-CORP-MSN-AS-BLOCK	2
UAB Interneto vizija	mikro.lt	1
bacloud.com	savaskampas.lt	1
serveriai.lt	clarus.lt	1
serveriai.lt	tpdr.lt	1
serveriai.lt	contess.lt	1
gransy.com	megamovies.lt	1
Hangzhou Alibaba Advertising Co.,Ltd.	163.com	1
ltmd.net	ltravel.lt	1
serveriai.lt	Proton AG	40
serveriai.lt	balproma.lt	1
Scaleway S.a.s.	brolimo.lt	1
Telia Lietuva, AB	propatria.lt	1
eshoprent.com	spshop.lt	1
serveriai.lt	minisodas.lt	1
serveriai.lt	webleader.lt	1
domenai.lt	meli.lt	1
serveriai.lt	yourbrand.lt	1
grdns.cz	esvacloud.com	1
home.pl	bdh.lt	1
domains.lt	prodentas.lt	1
serveriai.lt	bbproject.lt	1
dnsip.com	vnscdn2.com	3
WEHOSTWEBSITES-COM	ammos.lt	1
serveriai.lt	sino.lt	1
bacloud.com	promeda.lt	1
serveriai.lt	p3d.lt	1
Cloud DNS Ltd	wehle.lt	1
serveriai.lt	vestina.lt	1
CLOUDFLARENET	One.com A/S	3
serveriai.lt	nubega.lt	1
hostika.net	eseptem.lt	1
ANEXIA Internetdienstleistungs GmbH	OVH SAS	2
Telia Lietuva, AB	familyhotel.lt	1
NUCDN	officeatwork.lt	1
CLOUDFLARENET	siberian-husky.lt	1
jimdo-server.com	jimdo.com	1
serveriai.lt	isrilanka.lt	1
serveriai.lt	nefrovita.lt	1
bacloud.com	afiafi.lt	1
serveriai.lt	didink.lt	1
serveriai.lt	autobeat.lt	1
serveriai.lt	filteka.lt	1
CLOUDFLARENET	streamhub.lt	1
serveriai.lt	kibs.lt	1
serveriai.lt	dzukai.lt	1
serveriai.lt	masaint.lt	1
serveriai.lt	intelectus.lt	1
dnshostnetwork.com	viesvile.lt	1
CLOUDFLARENET	i-daisy.net	1
hostex.lt	sexprekes.lt	1
serveriai.lt	i9.lt	1
UAB Interneto vizija	rb.lt	1
Telia Lietuva, AB	lanvista.lt	1
OVH SAS	posteitaliane.lt	1
UAB Elneta	fscompany.lt	1
serveriai.lt	aglcode.com	1
UAB Baltnetos komunikacijos	beveka.lt	1
serveriai.lt	strategas.lt	1
serveriai.lt	ecoidea.lt	1
bacloud.com	gpsservis.lt	1
serveriai.lt	inbeauty.lt	1
OVH SAS	hostux.io	1
serveriai.lt	extrafm.lt	1
Hetzner Online GmbH	UAB Bartus pro	1
Hetzner Online GmbH	servisas.lt	1
UAB Kauno interneto sistemos	kks.lt	1
solutions.fi	solutions.fi	1
serveriai.lt	vesia.lt	1
Kauno Technologijos Universitetas	lm.lt	2
bacloud.com	ecomvideo.lt	1
Uab Servera	agromap.lt	1
wwdh.hu	Magyar Telekom Plc.	8
UAB Bite Lietuva	pumpas.lt	1
UAB Interneto vizija	rawyal.lt	1
serveriai.lt	amr.lt	1
sbinelk.com	itpromotions.lt	1
CLOUDFLARENET	grifla.lt	1
serveriai.lt	baltolink.com	4
Telia Lietuva, AB	foto.lt	1
serveriai.lt	chocolatebar.lt	1
Telia Lietuva, AB	vijoka.lt	1
BUNNYWAY, informacijske storitve d.o.o.	GOOGLE	1
CLOUDFLARENET	thai.lt	1
serveriai.lt	sosvan.lt	1
gamespot.lt	moulinbois.lt	1
bacloud.com	kirgas.lt	1
Telia Lietuva, AB	youexpert.lt	1
serveriai.lt	insaneteam.lt	1
serveriai.lt	cosmopizza.lt	1
balt.net	terra1.lt	1
infocentras.com	4safe.lt	1
contabo.net	GOOGLE	1
bacloud.com	univers.lt	1
serveriai.lt	finalogic.lt	1
Telia Lietuva, AB	linkara.lt	1
123ns.de	migard.lt	1
UAB Diginet LTU	lt24.lt	1
Telia Lietuva, AB	univer.lt	1
Telia Lietuva, AB	needfordrift.lt	1
serveriai.lt	manoratai.lt	1
NUCDN	heimdalsecurity.com	1
serveriai.lt	hidrolift.lt	1
tiltas.lt	kkteam.lt	1
serveriai.lt	verygood.lt	1
serveriai.lt	ntbr.lt	1
bacloud.com	lanaboutique.lt	1
serveriai.lt	rvl.lt	1
serveriai.lt	artvilnius.lt	1
SECURITYSERVICES	AMAZON-02	4
CLOUDFLARENET	mesim.lt	1
serveriai.lt	drinkservice.lt	1
serveriai.lt	juriscon.lt	1
Infocom Uk Ltd	tomkus.lt	1
AS48707 OPS PL sp. z o.o.	aftermarket.pl	7
serveriai.lt	appstart.lt	1
serveriai.lt	fbp.lt	1
ns14.net	wolff-arzneimittel.de	4
UAB Elneta	mediator.lt	1
serveriai.lt	maccabi.lt	1
serveriai.lt	tapes.lt	1
home.pl	happs.lt	1
Telia Lietuva, AB	sportsmode.lt	1
serveriai.lt	rns.lt	1
serveriai.lt	Tutao GmbH	5
Domain names registrar REG.RU, Ltd	cmp.lt	1
serveriai.lt	sekunda.lt	1
CLOUDFLARENET	uniamachines.lt	1
serveriai.lt	i6.lt	1
is-fun.net	Safenames Ltd.	2
UAB Interneto vizija	spyris.lt	1
CLOUDFLARENET	skylum.lt	1
serveriai.lt	jbg.lt	1
CLOUDFLARENET	lofficiel.lt	1
serveriai.lt	justboutique.lt	1
SCAAM0001	ngninfra.net	18
NUCDN	x-ion GmbH	1
hostex.lt	piit.lt	1
domenai.lt	loftmarket.lt	1
CLOUDFLARENET	tezaurus.lt	2
serveriai.lt	arle.lt	1
NSONE	pphosted.com	2
serveriai.lt	mvh.lt	1
Telia Lietuva, AB	loewe.lt	1
home.pl	pawbol.lt	1
CLOUDFLARENET	Zone Media OU	10
serveriai.lt	eureta.lt	1
home.pl	elixa.lt	1
CLOUDFLARENET	auto-plovykla.lt	1
Telia Lietuva, AB	vivatrans.lt	1
NSONE	ZOHO Corporation B.V	12
awsdns-04.com	MICROSOFT-CORP-MSN-AS-BLOCK	1
minehost.lt	minehost.lt	1
hostex.lt	frontera.lt	1
hostex.lt	jonuska.lt	1
MB Redfox Cloud	mcorb.lt	1
Telia Lietuva, AB	gil.lt	1
serveris.lt	sbpc.lt	1
serveriai.lt	didone.lt	1
UAB Elneta	cactus.lt	1
contabo.net	bills.lt	1
bacloud.com	vigidas.lt	1
serveriai.lt	maratonshop.lt	1
serveriai.lt	infobox.lt	1
serveriai.lt	lubras.lt	1
CLOUDFLARENET	audioforma.lt	1
CLOUDFLARENET	dealsonwheels.lt	1
domains.lt	jnvc.lt	1
Hetzner Online GmbH	abetenordico.com	2
CLOUDFLARENET	novo.lt	1
serveriai.lt	freecamp.lt	1
CLOUDFLARENET	fyn.nl	1
balt.net	sdl.lt	1
popidns.de	pop-i.de	1
serveriai.lt	einc.lt	1
serveriai.lt	kommander.lt	1
serveriai.lt	carflex.lt	1
Hetzner Online GmbH	arsidea.lt	1
serveriai.lt	kadipe.lt	1
serveriai.lt	best-of-blue.lt	1
Uab Servera	balticvpn.lt	1
serveriai.lt	crd.lt	1
serveriai.lt	erip.lt	1
serveriai.lt	royalfresh.lt	1
checkdomain.de	fineway.lt	1
ACTIVE 24, s.r.o.	hpal.lt	1
GOOGLE	UAB Bartus pro	12
prodomaines.com	e-leclerc.lt	1
123ns.de	walter-group.net	2
serveriai.lt	ergsis.lt	1
CLOUDFLARENET	lucysecurity.help	1
serveriai.lt	girtex.lt	1
classicweb.com	classicweb.com	1
serveris.lt	ber.lt	1
serveriai.lt	estata.lt	1
awsdns-20.net	UAB Baltnetos komunikacijos	1
CLOUDFLARENET	vstudija.lt	1
serveriai.lt	etanetas.lt	3
Telia Lietuva, AB	YANDEX LLC	5
CLOUDFLARENET	lokva.lt	1
CLOUDFLARENET	hostinger.es	2
CLOUDFLARENET	finestra.lt	1
serveriai.lt	manomed.lt	1
serveriai.lt	alsteka.lt	1
serveriai.lt	adomax.lt	1
bacloud.com	infomenas.lt	1
eshoprent.com	nordicdesign.lt	1
bacloud.com	bestrent.lt	1
serveriai.lt	akiuoptika.lt	1
cloud-addr.nl	cloud-addr.nl	1
serveriai.lt	freeshop.lt	1
serveriai.lt	consiliumoptimum.lt	1
Telia Lietuva, AB	tumosa.lt	1
Telia Lietuva, AB	sauths.lt	1
OVH SAS	Proton AG	5
Telia Lietuva, AB	voucher.lt	1
Telia Lietuva, AB	pramo.lt	1
Cyber_Folks S.A.	ogicom.pl	6
serveriai.lt	capitalpro.lt	1
serveriai.lt	llmd.lt	1
awsdns-09.com	GOOGLE	1
serveriai.lt	pirmine.lt	1
serveriai.lt	skrydis.lt	1
serveriai.lt	krema.lt	1
Telia Lietuva, AB	activemedia.lt	1
serveriai.lt	synthwave.lt	1
Telia Lietuva, AB	ragelis.lt	1
AMAZON-02	miraclenoodle.lt	1
CLOUDFLARENET	svoka.lt	1
serveriai.lt	penta.lt	1
UAB Bite Lietuva	1001words.lt	1
Telia Lietuva, AB	likutis.lt	1
serveriai.lt	nuomones.lt	1
serveriai.lt	desktop.lt	3
Dataspace P.s.a.	masterlabels.lt	1
1233dns.com	ns01.ru	4
serveriai.lt	fruti.lt	1
managed-ip.com	jhcn.net	1
CLOUDFLARENET	duona.lt	1
serveriai.lt	RACKSPACE	6
serveriai.lt	photography.lt	1
serveriai.lt	prieskonis.lt	1
Aruba S.p.A.	abacus.cz	1
VNET a.s.	hostcreators.sk	4
serveriai.lt	skuba.lt	1
HURRICANE	GOOGLE	3
CLOUDFLARENET	adminpro.lt	1
serveriai.lt	luxuria.lt	1
serveriai.lt	saulandra.lt	1
serveriai.lt	b2bprint.lt	1
Cyber_Folks S.A.	nano.pl	1
serveriai.lt	eveksa.lt	1
serveriai.lt	milsta.lt	1
Telia Lietuva, AB	vestaka.lt	1
CLOUDFLARENET	paciolis.lt	1
serveriai.lt	netskaita.lt	1
xundns.com	xmocloud01.com	4
serveris.lt	garsva.lt	1
e-net-b.net	glutton.lt	1
Telia Lietuva, AB	bartulis.lt	1
serveriai.lt	seventips.lt	1
ipcom GmbH	inoui.lt	1
domenai.lt	maz.lt	1
serveriai.lt	reflect.lt	1
UAB Interneto vizija	mineralinekosmetika.lt	1
serveriai.lt	Cloudflare London, LLC	10
Telia Lietuva, AB	kalevalaproducts.lt	1
garmtech.com	biomodul.lt	1
Telia Lietuva, AB	palgroup.lt	1
CLOUDFLARENET	softecha.lt	1
serveriai.lt	alchem.lt	1
serveriai.lt	essencedeparis.lt	1
eshoprent.com	mildeco.lt	1
CLOUDFLARENET	xmocloud01.com	12
serveriai.lt	inkaras.lt	1
serveriai.lt	red.lt	1
voog.com	MICROSOFT-CORP-MSN-AS-BLOCK	1
Telia Lietuva, AB	klinike.lt	1
UAB Bite Lietuva	baltos.lt	1
serveriai.lt	obzor.lt	2
serveriai.lt	fundamentus.lt	1
UNIFIEDLAYER-AS-1	stasiulaitis.lt	1
Telia Lietuva, AB	biofortis.lt	1
domenai.lt	riveta.lt	1
CLOUDFLARENET	teisa.lt	1
serveriai.lt	nords.lt	1
Scaleway S.a.s.	gosteel.lt	1
domenai.lt	aity.lt	1
hostex.lt	ademi.lt	1
hostex.lt	maxmoto.lt	1
registrar-servers.com	albumi.lt	1
hostex.lt	ale.lt	1
dntrust.com	sellwerk.lt	1
serveriai.lt	gomilitar.lt	1
serveriai.lt	nfc.lt	1
bacloud.com	ili.lt	1
serveriai.lt	miriza.lt	1
serveriai.lt	varoze.lt	1
hostex.lt	diving.lt	1
UAB Bite Lietuva	safagas.lt	1
serveriai.lt	icete.lt	1
serveriai.lt	nosequest.lt	1
serveriai.lt	deksnys.lt	1
serveriai.lt	pvvg.lt	1
serveriai.lt	teeko.lt	1
CLOUDFLARENET	kosmelita.lt	1
manware.nl	cakesupplies.lt	1
Telia Lietuva, AB	zara.lt	1
hidra.lt	randa.lt	1
Sia Nano IT	soluro.lt	1
Hetzner Online GmbH	valentispharma.lt	1
serveriai.lt	avg-antivirus.lt	1
UAB Interneto vizija	comms.lt	1
serveriai.lt	mqtt.lt	1
home.pl	onde.lt	1
Telia Eesti AS	MICROSOFT-CORP-MSN-AS-BLOCK	20
CLOUDFLARENET	veikia.net	1
serveriai.lt	dekolte.lt	1
serveriai.lt	otokar.lt	1
serveriai.lt	qg.lt	1
Global Village GmbH	tipico.lt	1
avency GmbH	avency.de	4
domains.lt	panketus.lt	1
Hetzner Online GmbH	openshop.lt	1
hostex.lt	feminabona24.lt	1
UAB Interneto vizija	ricom.lt	1
Telia Lietuva, AB	vanago.lt	1
Telia Lietuva, AB	wayway.lt	1
Telia Lietuva, AB	stunt.lt	1
AUTOMATTIC	GOOGLE	6
CLOUDFLARENET	arvima.lt	1
serveriai.lt	ibcservice.lt	1
CLOUDFLARENET	zante.lt	1
smarthost.pl	beon.lt	1
CLOUDFLARENET	startupmonthly.lt	1
gdmnet.se	hl-display.com	1
CLDIN B.V.	CLDIN B.V.	12
Telia Lietuva, AB	dsprojektai.lt	1
CLOUDFLARENET	themerex.net	1
CLOUDFLARENET	ibet.lt	1
Informacines sistemos ir technologijos, UAB	vipplay.lt	1
serveriai.lt	lidea.lt	1
Hetzner Online GmbH	bigbus.lt	1
serveriai.lt	lmpf.lt	1
Beget LLC	Beget LLC	10
parabole.lt	UAB Proservis	3
CLOUDFLARENET	techp.lt	1
hostex.lt	laboheme.lt	1
hostika.net	webtools.lt	1
co.uk	memail.com	1
serveriai.lt	baron.lt	1
serveriai.lt	eteria.lt	1
Sia Nano IT	ekase.lt	1
Telia Lietuva, AB	personalas.lt	1
serveriai.lt	medasa.lt	1
OVH SAS	ex10.biz	1
serveriai.lt	renobit.lt	1
getspace.us	ftd.lt	1
Telia Lietuva, AB	incas.lt	1
my-control-panel.com	indas.lt	1
serveriai.lt	pokas.lt	1
UAB Interneto vizija	bioera.lt	1
Hetzner Online GmbH	airus.lt	1
Telia Lietuva, AB	reliablecontrols.lt	1
serveriai.lt	muzikija.lt	1
serveriai.lt	luxrent.lt	1
AMAZON-02	filmora.lt	1
serveriai.lt	durima.lt	1
Hetzner Online GmbH	gardinas.lt	1
Telia Lietuva, AB	vistera.lt	1
serveriai.lt	rentabus.lt	1
Informacines sistemos ir technologijos, UAB	securitysolutions.lt	1
serveriai.lt	i-l.lt	1
Telia Lietuva, AB	2v.lt	1
edata.lt	rugosa.lt	1
UAB Elneta	sachmatai.lt	1
Telia Lietuva, AB	laptop.lt	1
Kauno Technologijos Universitetas	Hostline, Uab	1
CLOUDFLARENET	roboforex.com	1
o12.pl	hawker.lt	1
SECURITYSERVICES	valmont.com	1
serveriai.lt	ilgunas.lt	1
CLOUDFLARENET	unicode.lt	1
GOOGLE	turftech.lt	1
serveriai.lt	oggz.lt	1
plenso.net	vanhoo.lt	1
Telia Lietuva, AB	kriaute.lt	1
CLOUDFLARENET	kutka.lt	1
naliniji.com	totaltools.lt	1
serveriai.lt	impela.lt	1
serveriai.lt	ort.lt	1
serveriai.lt	innoearth.lt	1
domains.lt	Fastmail Pty Ltd	3
serveriai.lt	futuresnutrition.lt	1
UAB Interneto vizija	psmusic.lt	1
UAB Nacionalinis Telekomunikaciju Tinklas	ntt.lt	8
UAB Bite Lietuva	guste.lt	1
UAB Diginet LTU	Telia Lietuva, AB	2
serveriai.lt	bejune.lt	1
Telia Eesti AS	abc.ee	1
serveriai.lt	skeleton.lt	1
serveriai.lt	evc.lt	1
serveriai.lt	pamote.lt	1
UAB Bite Lietuva	MICROSOFT-CORP-MSN-AS-BLOCK	23
serveriai.lt	beebaltic.lt	1
gransy.com	kaufino.lt	1
serveriai.lt	sanreta.lt	1
serveriai.lt	menuturas.lt	4
Telia Lietuva, AB	gamapro.lt	1
serveriai.lt	devop.lt	1
host-ww.net	tauteris.lt	1
Hostline, Uab	petcap.lt	1
domenai.lt	nikva.lt	1
serveris.lt	9sritys.lt	1
diespezialisten.de	backupservers.de	1
serveriai.lt	mastika.lt	1
serveriai.lt	linotakas.lt	1
NSONE	APPLE-ENGINEERING	4
MICROSOFT-CORP-MSN-AS-BLOCK	dpi.lt	1
serveriai.lt	lavasales.lt	1
Cyber_Folks S.A.	bubalicious.lt	1
CLOUDFLARENET	rm1.lt	1
Telia Lietuva, AB	bernardas.lt	1
serveriai.lt	predo.lt	1
Telia Lietuva, AB	yu.lt	1
a1.net	a1.net	3
CLOUDFLARENET	gerapazintis.lt	1
domenai.lt	safyra.lt	1
serveriai.lt	varf.lt	1
serveriai.lt	e46.lt	1
serveriai.lt	deska.lt	1
Telia Lietuva, AB	etacargo.lt	1
Telia Lietuva, AB	sshost.lt	1
UAB Rakrejus	GOOGLE	4
Cloud DNS Ltd	all-rent.lt	1
serveriai.lt	gandrolizdas.lt	1
Telia Lietuva, AB	orojoga.lt	1
serveriai.lt	foodtrucks.lt	1
nshost2.de	whserv.de	1
UAB Interneto vizija	spamexperts.com	3
serveriai.lt	litigo.lt	1
serveriai.lt	mimi.lt	1
serveriai.lt	misiukaite.lt	1
serveriai.lt	foleta.lt	1
UAB Interneto vizija	dokumentika.org	1
Telia Lietuva, AB	karjeras.lt	1
UAB Interneto vizija	audiotechnika.lt	1
serveriai.lt	lunero.lt	1
register.it	AMAZON-02	1
serveriai.lt	valkirija.lt	1
serveriai.lt	art-taxi.lt	1
domenai.lt	maru.lt	1
UAB Interneto vizija	alterego.lt	1
hostex.lt	naftalita.lt	1
hostex.lt	GOOGLE	43
serveriai.lt	sanesane.lt	1
Kauno Technologijos Universitetas	ipc.lt	1
bacloud.com	nugara.lt	1
etanetas.lt	etanetas.lt	2
serveriai.lt	dogsnanny.lt	1
mmd.net	mmd.net	1
UAB Bite Lietuva	e-ducate.lt	1
UAB Elneta	apartamentas.lt	1
UAB Cgates	MICROSOFT-CORP-MSN-AS-BLOCK	1
Telia Lietuva, AB	pozeminiaidarbai.lt	1
serveriai.lt	easywin.lt	1
contabo.net	CLOUDFLARENET	1
serveriai.lt	blsystems.lt	1
serveriai.lt	gerasolutions.lt	1
serveriai.lt	testing.lt	1
serveriai.lt	meidus.lt	1
serveriai.lt	mysunnyone.lt	1
domenai.lt	domantasbalciunas.lt	1
serveriai.lt	bssg.lt	1
perf1.com	completel.fr	3
serveris.lt	advocatus.lt	1
serveriai.lt	topogrupe.lt	1
serveriai.lt	orvibo.lt	1
naturalshops3.net	fastburnextreme.lt	1
serveriai.lt	buz.lt	1
CLOUDFLARENET	spurga.lt	1
Telia Lietuva, AB	ekoenergija.lt	1
serveriai.lt	eismocentras.lt	1
data.lt	UAB Rakrejus	15
serveriai.lt	autovela.lt	1
serveriai.lt	hefas.lt	1
domeny.tv	naturalpharmaceuticals.lt	1
bacloud.com	juodaitis.lt	1
domenai.lt	ztkp.lt	1
Telia Lietuva, AB	mukas.lt	1
NUCDN	ibood.lt	1
serveriai.lt	ocpp.lt	1
serveriai.lt	optimata.lt	1
Telia Lietuva, AB	ineo.lt	1
serveriai.lt	proreal.lt	1
devsa.lt	devsa.lt	1
managed-ip.com	newyorker.de	1
Telia Lietuva, AB	4techno.lt	1
BMS-AS	azacitidine.lt	1
serveriai.lt	lvpro.lt	1
UAB Interneto vizija	geldos.lt	1
proisp.no	One.com A/S	2
UAB Bite Lietuva	tarifas.lt	1
serveriai.lt	bera.lt	1
hostserv.eu	avesco-cat.lt	1
domenai.lt	komandax.lt	1
CLOUDFLARENET	evii.lt	1
UAB Baltnetos komunikacijos	icto.lt	1
webb.net	MICROSOFT-CORP-MSN-AS-BLOCK	1
Telia Lietuva, AB	cassandra.lt	1
CLOUDFLARENET	aurigema.lt	1
serveriai.lt	autobusunuomalt.lt	1
UAB Interneto vizija	ksenukai.lt	1
serveriai.lt	shoppermarketing.lt	1
domenai.lt	lygnugaryte.lt	1
UAB Interneto vizija	geriam.lt	1
AMAZON-02	a777.lt	1
serveriai.lt	resvile.lt	1
CLOUDFLARENET	kitto.lt	1
domains.lt	Zone Media OU	1
domenai.lt	antique-maps.lt	1
ltmd.net	UAB Interneto vizija	2
CLOUDFLARENET	austrata.lt	1
CLOUDFLARENET	stamdata.lt	1
serveriai.lt	kompro.lt	1
Informacines sistemos ir technologijos, UAB	bulldogs.lt	1
SECURITYSERVICES	versatel.de	1
domains.lt	beconcrete.lt	1
serveriai.lt	magnes.lt	1
serveriai.lt	elektro-max.lt	1
domenai.lt	musamieji.lt	1
serveriai.lt	alupra.lt	1
CLOUDFLARENET	ita.lt	1
serveriai.lt	metalurgija.lt	1
CLOUDFLARENET	bombike.lt	1
serveriai.lt	brandidea.lt	1
ns14.net	co.jp	3
OVH SAS	comma8.lt	1
bacloud.com	ecr.lt	1
serveriai.lt	rentalis.lt	1
serveriai.lt	bestplanter.lt	1
Telia Lietuva, AB	melianas.lt	1
transip.eu	printabout.lt	1
serveriai.lt	nelte.lt	1
serveriai.lt	businesslithuania.lt	1
serveriai.lt	kosmelita.lt	3
domains.lt	elsis.lt	1
getspace.us	royaltubs.lt	1
Hetzner Online GmbH	b20.lt	1
hix.nl	rotomrent.lt	1
serveriai.lt	odesatv.lt	1
bacloud.com	vizis.lt	1
nicns.net	qcentis.lt	1
CLOUDFLARENET	mik.lt	1
Telia Lietuva, AB	agina.lt	1
serveriai.lt	lekti.lt	1
Telia Lietuva, AB	slush.lt	1
ipt.lt	Informacines sistemos ir technologijos, UAB	10
serveriai.lt	4shop.lt	1
serveris.lt	wf.lt	1
NUCDN	aerarium.lt	1
infocentras.com	votura.lt	1
Telia Lietuva, AB	dalac.lt	1
domenai.lt	tct.lt	1
data.lt	pphosted.com	1
Telia Lietuva, AB	maxpharma.lt	1
serveriai.lt	itel.lt	1
serveriai.lt	vestu.lt	1
serveriai.lt	troje.lt	1
serveriai.lt	jit.lt	1
serveriai.lt	reefcentral.lt	1
bacloud.com	vsw.lt	1
serveriai.lt	inkonta.lt	1
Kauno Technologijos Universitetas	korbas.lt	1
serveriai.lt	omenta.lt	1
serveriai.lt	rocketgirl.lt	1
hostex.lt	vimota.lt	1
CLOUDFLARENET	mondri.lt	1
Telia Lietuva, AB	asdi.lt	1
UAB Cgates	marinet.lt	1
serveriai.lt	liar.lt	1
domenai.lt	sunpic.lt	1
CLOUDFLARENET	energita.lt	1
littleimpact.de	littleimpact.de	1
serveriai.lt	openmap.lt	1
serveriai.lt	usal.lt	1
blanco.de	bfits.com	1
domains.lt	krena.lt	3
domenai.lt	oneside.lt	1
hosting.de	pxd-server.de	1
serveriai.lt	coins.lt	1
inmotionhosting.com	kozeniauskas.lt	1
genesys informatica srl	cibecco.lt	1
CLOUDFLARENET	buyusdt.me	2
serveriai.lt	bitlitas.lt	1
UAB Elneta	lais.lt	1
serveriai.lt	Akamai International B.V.	3
serveriai.lt	sgtrade.lt	1
serveriai.lt	sumim.lt	1
home.pl	johnnybros.lt	1
serveriai.lt	faina.lt	1
serveriai.lt	wool.lt	1
markmonitor.com	CLOUDFLARENET	20
serveriai.lt	spamexperts.com	1
UAB Elneta	ramuda.lt	1
Zone Media OU	omniva.lt	1
serveriai.lt	cadsoft.lt	1
AMAZON-02	walltastic.lt	1
ltmd.net	protenta.lt	1
balt.net	Vardas.lt, Uab	5
serveriai.lt	agbowling.lt	1
serveriai.lt	myapp.lt	1
Telia Lietuva, AB	xn--austrs-m4a.lt	1
hostex.lt	vlamo.lt	1
ACTIVE 24, s.r.o.	sharpconsumer.lt	1
serveriai.lt	sentimental.lt	1
UAB Interneto vizija	pbtriathlon.lt	1
serveriai.lt	bvngroup.lt	1
GOOGLE	smtp.goog	1
serveriai.lt	taomeile.lt	1
digo.lt	MICROSOFT-CORP-MSN-AS-BLOCK	3
Webhuset AS	Webhuset AS	10
checkdomain.de	peakplan.lt	1
Telia Lietuva, AB	flanges.lt	1
serveriai.lt	dreamon-home.lt	1
areait.lv	airbox.lt	1
serveriai.lt	jazztravel.lt	1
serveriai.lt	inacoaching.lt	1
GOOGLE	adoliokalve.lt	1
bacloud.com	acy.lt	1
serveriai.lt	trihaus.lt	1
Zone Media OU	aeroc.eu	2
Telia Lietuva, AB	lithutec.lt	1
serveriai.lt	analog.lt	1
serveriai.lt	uzupioketuriolika.lt	1
serveriai.lt	hotlunch.lt	1
serveriai.lt	eana.lt	1
Zone Media OU	forwardmx.io	1
serveriai.lt	kipras.lt	1
Telia Lietuva, AB	beamelectrolux.lt	1
Informacines sistemos ir technologijos, UAB	ngc.lt	1
serveriai.lt	ljd.lt	1
CLOUDFLARENET	elstava.lt	6
serveriai.lt	aleodrinks.lt	1
UAB Interneto vizija	cozycomfort.lt	1
dhosting.pl Sp. z o.o.	MICROSOFT-CORP-MSN-AS-BLOCK	1
Hetzner Online GmbH	koebers.lt	1
Nordea Bank Abp	Penkiu kontinentu komunikaciju centras, Ltd.	1
serveriai.lt	racinas.lt	1
serveriai.lt	hotc.lt	1
serveriai.lt	ruma.lt	1
Telia Lietuva, AB	kurhauzas.lt	1
serveriai.lt	inexpro.lt	1
serveriai.lt	gather.lt	1
ovidija.lt	ovidija.lt	1
serveriai.lt	annifer.lt	1
Telia Lietuva, AB	cmail.lt	1
AMAZON-02	fina.lt	1
itpc.lt	kobra.lt	2
cncmachine.lt	cncmachine.lt	1
hostex.lt	dgtech.lt	1
domenai.lt	aglaw.lt	1
UAB Interneto vizija	dfoto.lt	1
industra.finance	AS2-TRENDMICRO-COM	2
hostex.lt	alvista.lt	1
Hetzner Online GmbH	cardoval.lt	1
serveriai.lt	hidrama.lt	1
serveriai.lt	babor-spa.lt	1
serveris.lt	sandoris.lt	1
Telia Lietuva, AB	rallyandracing.lt	1
serveriai.lt	juodojiuoga.lt	1
serveriai.lt	dochouse.lt	1
home.pl	laikinuskelius.lt	1
hostex.lt	duglas.lt	1
serveriai.lt	dinitrol.lt	1
Telia Lietuva, AB	prodigis.lt	1
CLOUDFLARENET	cltoto.lt	1
Telia Lietuva, AB	interse.lt	1
CLOUDFLARENET	carcloud.lt	1
UAB Interneto vizija	hogwarts.lt	1
UAB Interneto vizija	delamode-group.net	2
serveriai.lt	livetoday.lt	1
serveriai.lt	prodo.lt	1
SECURITYSERVICES	AMAZON-AES	1
serveriai.lt	jomante.lt	1
init.lt	capitalfm.lt	1
serveriai.lt	9menesiai.lt	1
CLOUDFLARENET	yzicloud.lt	1
CLOUDFLARENET	30387.cc	2
UAB Interneto vizija	moba.lt	1
CLOUDFLARENET	rez.lt	1
serveriai.lt	antaris.lt	1
ORACLE-BMC-31898	AMAZON-02	1
vinita.lt	UAB Interneto vizija	2
Register S.p.A.	Register S.p.A.	14
serveriai.lt	cordatus.lt	1
UAB Interneto vizija	aptus.lt	1
serveriai.lt	blackstar.lt	1
serveriai.lt	myrto.lt	1
serveriai.lt	vvlp.lt	1
Infomaniak Network SA	infomaniak.ch	2
UAB Interneto vizija	hoppy.lt	1
Telia Lietuva, AB	antalispackaging.lt	1
domains.lt	lki.lt	1
SECURITYSERVICES	icero.lt	1
serveriai.lt	lamija.lt	1
serveriai.lt	stacias.lt	1
serveriai.lt	packsender.lt	1
serveriai.lt	agrogama.lt	1
UAB Proservis	aseja.lt	1
UAB Interneto vizija	meganit.lt	1
Cloud DNS Ltd	ban.lv	1
domains.lt	Telia Lietuva, AB	6
bacloud.com	primaplastic.lt	1
serveriai.lt	auto2sale.lt	1
serveriai.lt	5stories.lt	1
serveriai.lt	prosound.lt	1
domains.lt	andi.lv	1
serveriai.lt	fintechlab.lt	1
UAB Interneto vizija	lhr.lt	1
serveriai.lt	alus.lt	1
Cloud DNS Ltd	laroma.lt	1
domenai.lt	businessgifts.lt	1
bacloud.com	caika.lt	1
Beget LLC	flonq.lt	1
serveriai.lt	drel.lt	1
serveris.lt	oriai.lt	1
UAB Interneto vizija	anotherway.lt	1
gransy.com	forscope.lt	1
serveriai.lt	nack.lt	1
Telia Lietuva, AB	infolex.lt	1
NSONE	UAB Interneto vizija	12
serveriai.lt	skynimai.lt	1
hostex.lt	zambas.lt	1
serveriai.lt	deltabg.lt	1
serveriai.lt	cizas.lt	1
serveriai.lt	paulkind.lt	1
Telia Lietuva, AB	ravada.lt	1
bmlg.eu	MICROSOFT-CORP-MSN-AS-BLOCK	3
serveris.lt	getpro.lt	1
Telia Lietuva, AB	arxtechnologies.lt	1
UAB Elneta	MICROSOFT-CORP-MSN-AS-BLOCK	6
CLOUDFLARENET	sekvoja.lt	1
serveriai.lt	genviten.lt	1
serveriai.lt	limuzinu.lt	1
ipcom GmbH	mijndomein.nl	2
f5.ee	f5.ee	1
domains.lt	sintagma.lt	2
Telia Lietuva, AB	maras.lt	1
SECURITYSERVICES	douglas.systems	10
Telia Lietuva, AB	pervalka.lt	1
hostnet.nl	One.com A/S	4
serveris.lt	gustis.lt	1
CLOUDFLARENET	cargo.lt	4
serveriai.lt	cor.lt	1
UAB Interneto vizija	marpol.lt	1
serveriai.lt	ellement.lt	1
domenai.lt	personos.lt	1
UAB Elneta	mail	2
serveriai.lt	ingart.lt	1
Telia Lietuva, AB	ikigai.lt	1
hostex.lt	dusia.lt	1
Telia Lietuva, AB	fcc.lt	1
UAB Bite Lietuva	control4.lt	1
serveriai.lt	boira.lt	1
serveriai.lt	begood.lt	1
Telia Lietuva, AB	asdera.lt	1
CLOUDFLARENET	foto123.lt	2
serveriai.lt	bookingsystem.lt	1
domenai.lt	kanalservice.lt	1
serveriai.lt	GO-DADDY-COM-LLC	2
serveriai.lt	rius.lt	1
serveriai.lt	lrba.lt	1
serveriai.lt	sekmokas.lt	1
dynu.com	giga.lt	1
bacloud.com	tkeys.lt	1
serveriai.lt	auskim.lt	1
serveriai.lt	edih4lt.lt	1
serveriai.lt	adikopas.lt	1
serveriai.lt	biki.lt	1
CASABLANCA INT a.s.	CASABLANCA INT a.s.	8
UAB Interneto vizija	premiumfit.lt	1
serveriai.lt	dekoras.lt	1
serveriai.lt	proturbo.lt	1
serveriai.lt	autobaras.lt	1
serveriai.lt	lovos.lt	1
ne.jp	orz.lt	1
serveriai.lt	slivko.lt	1
serveriai.lt	freya.lt	1
serveriai.lt	oficina.lt	1
domains.lt	nexia.lt	1
UAB Interneto vizija	okko.lt	1
domains.lt	julius.lt	1
Telia Lietuva, AB	deedgo.lt	1
UAB Interneto vizija	sandja.lt	1
Telia Lietuva, AB	ravisana.lt	1
serveriai.lt	finarta.lt	1
hostex.lt	kedsta.lt	1
serveriai.lt	gehwol.lt	1
areait.lv	yonex.lt	1
Telia Lietuva, AB	dreamtoday.lt	1
serveriai.lt	evanet.lt	1
serveriai.lt	serviceparts.lt	1
serveriai.lt	opelis.lt	1
Deutsche Telekom AG	hella.com	1
Telia Lietuva, AB	medcalc.lt	1
serveriai.lt	pgf.lt	1
UAB Interneto vizija	engineering.lt	1
CLOUDFLARENET	eliclinic.lt	1
serveriai.lt	literatura.lt	1
balt.net	juta.lt	3
UAB Interneto vizija	a6.lt	1
DIGICERT	MICROSOFT-CORP-MSN-AS-BLOCK	8
UAB Proservis	bioksa.lt	1
UAB Interneto vizija	landarch.lt	1
serveriai.lt	sareva.lt	1
serveriai.lt	optola.lt	1
serveriai.lt	dino.lt	1
serveriai.lt	minauta.lt	1
UAB Elneta	clarion.lt	1
Telia Lietuva, AB	balts.lt	1
serveriai.lt	rpl.lt	1
Hetzner Online GmbH	litpak.lt	1
Nazwa.pl Sp.z.o.o.	pphosted.com	1
serveriai.lt	props.lt	1
CLOUDFLARENET	tomur.lt	1
infocentras.com	questroom.lt	1
UAB Interneto vizija	lovemakeup.lt	1
SECURITYSERVICES	medis.si	2
bacloud.com	oxishop.lt	1
AMAZON-02	migalastatamenabilitytable.lt	1
serveriai.lt	mdt.lt	1
UAB Interneto vizija	fashiongallery.lt	1
CLOUDFLARENET	voxpopuli.lt	1
Cyber_Folks S.A.	MICROSOFT-CORP-MSN-AS-BLOCK	3
CLOUDFLARENET	firstdegreefitness.lt	1
UAB Interneto vizija	colors.lt	1
OVH SAS	infomaniak.ch	1
domenai.lt	trucker.lt	1
serveriai.lt	digitek.lt	3
Telia Lietuva, AB	majauskas.lt	1
CLOUDFLARENET	hlx.lt	1
CLOUDFLARENET	amosas.com	1
vigbo.site	YANDEX LLC	4
serveriai.lt	theedgespot.lt	1
Telia Lietuva, AB	dekra-industrial.lt	1
contabo.net	everslas.lt	1
serveriai.lt	telnews.lt	1
CLOUDFLARENET	mdp.lt	1
serveriai.lt	unicorn.lt	1
serveriai.lt	valuetech.lt	1
UAB Elneta	inventa.lt	1
MB Redfox Cloud	hirman.lt	1
Telia Lietuva, AB	ntf.lt	1
serveriai.lt	amazonija.lt	1
serveriai.lt	proex.lt	1
serveriai.lt	epicdeco.lt	1
serveriai.lt	zvake.lt	1
serveriai.lt	poc.lt	1
NUCDN	dynabrade.lt	1
UAB Cgates	mvtv.lt	2
serveriai.lt	selftestlab.lt	1
domains.lt	getlinux.lt	2
serveriai.lt	kantina.lt	1
bacloud.com	julietrose.lt	1
serveriai.lt	403.lt	1
balt.net	hemofilija.lt	1
serveriai.lt	phoneskin.lt	1
CLOUDFLARENET	thekitchen.lt	1
CLOUDFLARENET	muzi.lt	1
domains.lt	homonovus.lt	1
serveriai.lt	palermoshop.lt	1
serveriai.lt	biruva.lt	1
serveriai.lt	arno.lt	1
dnp.lt	tarutislaw.lt	1
Telia Lietuva, AB	gaspada.lt	1
CLOUDFLARENET	osmgames.lt	1
serveriai.lt	itdesign.lt	1
serveriai.lt	saptera.lt	1
serveris.lt	dorlita.lt	1
awsdns-21.com	GOOGLE	1
serveriai.lt	borjomi.lt	1
CLOUDFLARENET	accell-group.com	1
serveriai.lt	keytransa.lt	1
Penkiu kontinentu komunikaciju centras, Ltd.	Penkiu kontinentu komunikaciju centras, Ltd.	9
serveriai.lt	akiragroup.lt	1
bacloud.com	santaliucija.lt	1
serveriai.lt	alkohit.lt	1
Hetzner Online GmbH	voronov.lt	1
serveriai.lt	aquarium.lt	1
serveriai.lt	verta.lt	1
registrar-servers.com	GOOGLE	4
serveriai.lt	automene.lt	1
serveriai.lt	optimaliapskaita.lt	1
Telia Lietuva, AB	luvita.lt	1
3dati.lv	mastertent.lt	1
serveriai.lt	esv.lt	1
SECURITYSERVICES	aereco.lt	1
reilab.lt	UAB Bartus pro	1
serveriai.lt	z66.lt	1
hostex.lt	gomake.lt	1
edata.lt	UAB Interneto vizija	2
serveriai.lt	shutters.lt	1
UAB Kauno interneto sistemos	megatennis.lt	1
serveriai.lt	etenders.lt	1
serveriai.lt	autobodyshop.lt	1
CLOUDFLARENET	ae.lv	1
comnica.com	uhusystems.com	1
serveriai.lt	easyweb.lt	1
serveriai.lt	tipas.lt	1
serveriai.lt	discobox.lt	1
serveriai.lt	jdbms.lt	1
CLOUDFLARENET	site4now.net	2
serveriai.lt	carinspect.lt	1
serveriai.lt	mtsoft.lt	1
serveriai.lt	rasiu.lt	1
domenai.lt	practicacapital.lt	1
checkdomain.de	siku.lt	1
serveriai.lt	que.lt	1
domains.lt	lm.lt	5
Infocom Uk Ltd	retroforma.lt	1
serveriai.lt	gilyn.lt	1
Telia Lietuva, AB	bodbo.lt	1
UAB Bite Lietuva	marykas.lt	1
Telia Lietuva, AB	rkot.lt	1
domenai.lt	lzua.lt	1
Telia Lietuva, AB	elpa.lt	1
getspace.us	kopis.lt	1
Telia Lietuva, AB	crmoto.lt	1
serveris.lt	MICROSOFT-CORP-MSN-AS-BLOCK	12
tipp24.com	tipp24.com	3
getspace.us	baldis.lt	1
CLOUDFLARENET	itease.lt	1
serveriai.lt	jaja.lt	1
domenai.lt	ZOHO-AS	4
CLOUDFLARENET	Institute of Mathematics and Computer Science of University of Latvia	1
UAB Interneto vizija	valdau.lt	1
data.lt	MICROSOFT-CORP-MSN-AS-BLOCK	3
CLOUDFLARENET	simitri.lt	2
serveriai.lt	eternal.lt	1
ACTIVE 24, s.r.o.	websupport.hu	3
serveriai.lt	2it.lt	1
Cloud DNS Ltd	Tutao GmbH	1
domenai.lt	ofisai.lt	1
dipolis.net	seospecai.lt	1
Telia Lietuva, AB	strikeline.lt	1
CLOUDFLARENET	baltmergroup.com	1
serveriai.lt	ayus.lt	1
Kauno Technologijos Universitetas	ifsa.lt	1
Telia Lietuva, AB	neimi.lt	1
Uab Servera	scopri.lt	1
serveriai.lt	auros.lt	1
serveriai.lt	vkg.lt	1
serveriai.lt	osupis.lt	1
co.uk	tallise.lt	1
serveriai.lt	dedikuoti.lt	6
UAB Interneto vizija	naturephoto.lt	1
serveriai.lt	bukonline.lt	1
Telia Lietuva, AB	yachtservice.lt	1
serveriai.lt	dermaklinika.lt	1
AMAZON-02	phe-nordic.lt	1
inbox.eu	Sabiedriba ar ierobezotu atbildibu DELSKA Latvia	3
Telia Lietuva, AB	acapella.lt	1
OVH SAS	katera.lt	1
gopas-solutions.de	jh-group.net	1
Cloud DNS Ltd	hostedemail.com	8
UAB Interneto vizija	irenijus.lt	1
Hetzner Online GmbH	kopenhaga.lt	1
serveriai.lt	safeauto.lt	1
serveriai.lt	aveco.lt	1
serveriai.lt	alanga.lt	1
tojeono.cz	a20.lt	1
serveriai.lt	geowest.lt	1
serveriai.lt	rancevas.lt	1
Hetzner Online GmbH	arspt.lt	1
serveriai.lt	firsty.lt	1
Telia Lietuva, AB	qoost.lt	1
serveriai.lt	marvelous.lt	1
eshoprent.com	sportlook.lt	1
domains.lt	grb.lt	1
serveriai.lt	elniena.lt	1
ns1-tec.de	securemail.name	3
CLOUDFLARENET	eltech.lt	1
CLOUDFLARENET	famaga.lt	1
Telia Lietuva, AB	techranga.lt	1
UAB Interneto vizija	tuti.lt	1
oranum.com	oranum.lt	1
Telia Lietuva, AB	homoliber.lt	1
serveriai.lt	refurbish.lt	1
serveriai.lt	anle.lt	1
dragon.lt	dragon.lt	1
serveriai.lt	dezis.lt	1
CLOUDFLARENET	digiweb.lt	1
Host Europe GmbH	23M GmbH	1
AMAZON-02	hydroless.lt	1
serveris.lt	1bps.lt	1
Telia Lietuva, AB	arsolar.lt	1
serveriai.lt	analote.lt	1
UAB Elneta	weddingcar.lt	1
bacloud.com	cloudlix.com	1
freehosting.com	freehosting.com	5
garmtech.com	evolu.lt	1
serveriai.lt	autovitus.lt	1
serveriai.lt	kempine.lt	1
serveriai.lt	happymaps.lt	1
serveriai.lt	supplyexperts.lt	1
motocms.com	2cats.lt	1
UAB Proservis	cipis.lt	1
serveriai.lt	mgaming.lt	1
ipcom GmbH	example.com	4
serveriai.lt	nikis.lt	1
getspace.us	onyxtattoo.lt	1
Telia Lietuva, AB	data.lt	1
serveriai.lt	bq.lt	1
internex.at	leberkaspepi.lt	1
serveriai.lt	chuwi.lt	1
netzpionier.at	rika.lt	1
AMAZON-02	aiagent.lt	1
serveriai.lt	dekupazas.lt	1
hostex.lt	cosme.lt	1
serveriai.lt	osta.lt	1
serveriai.lt	konio.lt	1
serveriai.lt	graineta.lt	1
getspace.us	rubines.lt	1
Telia Lietuva, AB	credopartners.lt	1
servera.lt	gardenex.lt	1
Sia Nano IT	mastercam.lt	1
serveriai.lt	annamari.lt	1
magit.lt	357.lt	1
serveriai.lt	gopestetika.lt	1
Telia Lietuva, AB	versina.lt	1
serveriai.lt	ceja.lt	1
AMAZON-02	frontai.lt	1
serveriai.lt	lasershop.lt	1
serveriai.lt	coders.lt	1
serveriai.lt	westimport.lt	1
Hetzner Online GmbH	tax.lt	3
UAB Elneta	intermedia.lt	1
serveriai.lt	superstore.lt	1
co.uk	UAB Baltnetos komunikacijos	1
CLOUDFLARENET	ratukai.lt	1
AMAZON-02	hadas.lt	1
UAB Interneto vizija	skanestas.lt	1
serveriai.lt	alavina.lt	1
domains.lt	apt.lt	1
serveriai.lt	woolcool.lt	1
getspace.us	lingvolab.lt	1
serveriai.lt	hashtag.lt	1
Telia Lietuva, AB	highlife.lt	1
serveriai.lt	trival.lt	1
Hetzner Online GmbH	luxsonn.lt	1
thirdlight.com	thirdlight.com	1
UAB Interneto vizija	brewery.lt	1
Telia Lietuva, AB	viralspot.lt	1
serveriai.lt	ksgn.lt	1
domenai.lt	jushop.lt	1
CLOUDFLARENET	10kk.lt	1
proisp.no	pearlconsulting.lt	1
serveriai.lt	emsculpt.lt	1
Telia Lietuva, AB	optics.lt	1
serveriai.lt	operetta.lt	1
bacloud.com	ekd.lt	1
serveriai.lt	esatour.lt	1
hostex.lt	gambling.lt	1
serveriai.lt	cvzona.lt	1
serveriai.lt	akpilates.lt	1
CLOUDFLARENET	kilim.lt	1
ipcom GmbH	mail-redirect.de	5
yolink.lt	yolink.lt	1
serveriai.lt	plabel.lt	1
Telia Lietuva, AB	interlogo.lt	1
Telia Lietuva, AB	vilniusexploring.lt	1
serveriai.lt	bss-group.lt	1
Telia Lietuva, AB	morena.lt	1
Telia Lietuva, AB	AS2-TRENDMICRO-COM	1
serveriai.lt	azuolas.lt	1
UAB Penki kontinentai	relay.lt	1
serveriai.lt	opalus.lt	1
serveriai.lt	aitvarai.lt	1
1and1.com	1and1.com	2
Telia Lietuva, AB	avena.lt	1
serveriai.lt	mantini.lt	1
serveriai.lt	arbuzas.lt	1
serveris.lt	hoteldomus.lt	1
server300.com	player.lt	1
zehost.net	Institute of Mathematics and Computer Science of University of Latvia	1
serveriai.lt	goldfish.lt	1
serveriai.lt	efis.lt	1
serveriai.lt	ismile.lt	1
ltmd.net	budomix.lt	1
serveriai.lt	fightersland.lt	1
serveriai.lt	alce.lt	1
serveriai.lt	auginu.lt	1
serveris.lt	4nano.lt	1
serveriai.lt	foros.lt	1
domenai.lt	Fastmail Pty Ltd	2
serveriai.lt	gyventojai.lt	1
CLOUDFLARENET	ekkl.lt	1
serveris.lt	heiztechnik.lt	1
CLOUDFLARENET	ligsa.lt	1
DIGITALOCEAN-ASN	neen.it	4
CLOUDFLARENET	ane.lt	1
UAB Interneto vizija	s5.lt	1
UAB Bite Lietuva	skygym.lt	1
serveriai.lt	cloverdale.lt	1
CLOUDFLARENET	hostinger.pl	2
Telia Lietuva, AB	alpamedical.lt	1
serveriai.lt	nuomama.lt	1
serveriai.lt	protv.lt	1
serveriai.lt	industrica.lt	1
serveriai.lt	fps.lt	1
MB Redfox Cloud	exora.lt	1
serveriai.lt	ense.lt	1
davgita.lt	christteam.lt	1
lkw-1.de	lkw.lt	1
UAB Elneta	sputnikstyle.lt	1
CLOUDFLARENET	vhost.lt	2
Hetzner Online GmbH	opaltransfer.lt	1
home.pl	babymatex.lt	1
CLOUDFLARENET	fitkid.lt	1
OVH SAS	soconference.com	1
UAB Interneto vizija	jkk.lt	1
serveriai.lt	medio.lt	1
UAB Interneto vizija	mod.lt	1
Telia Lietuva, AB	vrad.lt	1
SECURITYSERVICES	Cloudflare London, LLC	15
serveriai.lt	mpga.lt	1
init.lt	init.lt	3
serveriai.lt	lejita.lt	1
markmonitor.com	MICROSOFT-CORP-MSN-AS-BLOCK	6
serveriai.lt	whatansu.lt	1
CLOUDFLARENET	pauga.lt	1
serveriai.lt	blin.lt	1
ipcom GmbH	mappy.lt	1
domains.lt	psmtp.com	1
serveriai.lt	hairvolume.lt	1
DIGICERT	Forcepoint Cloud Ltd	2
serveriai.lt	baltictranslations.lt	1
CLOUDFLARENET	aviasg.com	7
ba.lt	MICROSOFT-CORP-MSN-AS-BLOCK	1
CLOUDFLARENET	team.blue Denmark A/S	1
Knipp Medien und Kommunikation GmbH	variomedia.de	6
serveriai.lt	gtvprojects.lt	1
serveriai.lt	infokiosk.lt	1
Telia Lietuva, AB	domusmaria.lt	1
Penkiu kontinentu komunikaciju centras, Ltd.	skynet.lt	12
areait.lv	mashmotors.lt	1
serveriai.lt	zaz.lt	1
serveriai.lt	mvp.lt	1
serveriai.lt	iis.lt	1
Hetzner Online GmbH	lumina.lt	1
domenai.lt	inpack.lt	1
Telia Lietuva, AB	earner.lt	1
alfaron.eu	alfaron.eu	1
Telia Lietuva, AB	qonago.lt	1
serveriai.lt	misles.lt	1
areait.lv	meffert.lt	1
domenai.lt	hvac.lt	1
Telia Lietuva, AB	gemega.lt	1
UAB Interneto vizija	arfila.lt	1
UAB Bite Lietuva	epsilonplius.lt	1
evolutionet.hu	viarent.lt	1
serveriai.lt	b2bit.lt	1
balt.net	Scalair SAS	1
fornex.com	svaroslinija.lt	1
GOOGLE	bachatastudio.lt	1
bacloud.com	vievis.lt	1
serveriai.lt	mopedas.lt	1
Telia Lietuva, AB	tufoil.lt	1
domenai.lt	police.lt	1
UAB Interneto vizija	sysadmins.lt	1
serveriai.lt	antus.lt	1
bacloud.com	luxurygo.lt	1
Hetzner Online GmbH	gindia.lt	1
serveriai.lt	masiliauskas.lt	1
pieva.lt	pieva.lt	2
serveriai.lt	dokana.lt	1
Telia Lietuva, AB	gme.lt	1
biotronika.lt	biotronika.lt	1
serveriai.lt	mechanizmunuoma.lt	1
domains.lt	martonas.lt	1
serveriai.lt	ragaine.lt	1
serveriai.lt	fragmentum.lt	1
CLOUDFLARENET	volas.lt	1
ltmd.net	airista.lt	1
serveriai.lt	biosauna.lt	1
etop.pl	etop.pl	1
serveriai.lt	edmundas.lt	1
alfahosting.info	smartcardshop24.lt	1
CLOUDFLARENET	zemaitija.lt	1
Telia Lietuva, AB	utbu.lt	1
totalenergies.biz	totalfinaelf.net	1
AUTOMATTIC	localhost.localdomain	1
Hetzner Online GmbH	vegan-kitchen.lt	1
domenai.lt	demencija.lt	1
serveris.lt	ferries.lt	1
serveriai.lt	ring.lt	3
serveriai.lt	smartera.lt	1
Telia Lietuva, AB	smartcrane.lt	1
Hetzner Online GmbH	jfpa.lt	1
CLOUDFLARENET	hwl.lt	1
CLOUDFLARENET	aeronauticamilitare.lt	1
serveriai.lt	ibang.lt	1
serveriai.lt	zemelapis.lt	1
Telia Lietuva, AB	margiris.lt	1
serveriai.lt	lipria.lt	1
CLOUDFLARENET	trialine.lv	1
UAB Interneto vizija	jrc.lt	1
CLOUDFLARENET	talmedis.lt	1
serveriai.lt	skandeka.lt	1
serveriai.lt	fio.lt	1
serveris.lt	freza.lt	1
UAB Interneto vizija	steko.lt	1
NUCDN	getglasses.lt	1
UAB Interneto vizija	socialsolutions.lt	1
ns14.net	antispameurope.de	1
Hetzner Online GmbH	kryziazodziai.lt	1
CLOUDFLARENET	ccname.org	1
serveriai.lt	gerela.lt	1
serveriai.lt	milesa.lt	1
UAB INIT	MICROSOFT-CORP-MSN-AS-BLOCK	2
serveriai.lt	mychoice.lt	1
serveriai.lt	asela.lt	1
balt.net	hauck.lt	1
serveriai.lt	antspaudai.lt	1
Telia Lietuva, AB	soccerball.lt	1
ditisa.nl	MICROSOFT-CORP-MSN-AS-BLOCK	1
Telia Lietuva, AB	viktoras.lt	1
serveriai.lt	linikodas.lt	1
serveriai.lt	rivi.lt	1
serveriai.lt	baibai.lt	1
serveriai.lt	hatlan.lt	1
registrar-servers.com	ZOHO-AS	6
telekom.at	aon.at	1
serveriai.lt	admina.lt	1
serveriai.lt	unfold.lt	1
serveriai.lt	smartdome.lt	1
CLOUDFLARENET	skandimebeles.lv	2
DEFENSE-NET	MICROSOFT-CORP-MSN-AS-BLOCK	3
serveriai.lt	hillgarden.lt	1
quicns.cloud	CLOUDFLARENET	1
serveriai.lt	jpvet.lt	1
serveriai.lt	mfurniture.lt	1
sendersnews.lt	svetaineskurimas.lt	1
UAB Interneto vizija	adrijart.lt	1
winet.de	winet.de	3
Telia Lietuva, AB	tamga.lt	1
serveriai.lt	gameawards.lt	1
serveriai.lt	pizzahot.lt	1
serveriai.lt	kamazaki.lt	1
forss.net	forss.net	2
Telia Lietuva, AB	redakcija.lt	3
az.pl	landvac.lt	1
bacloud.com	bacloud.online	2
romikus.lt	romikus.lt	1
domenai.lt	augusto.lt	1
serveriai.lt	aloemagic.lt	1
UAB Elneta	siltnamis.lt	1
home.pl	expoglass.lt	1
AMAZON-02	bakercorp.lt	1
serveriai.lt	statikus.lt	1
Telia Lietuva, AB	diurablis.lt	1
Telia Lietuva, AB	eph-elektronik.lt	1
serveriai.lt	valstietis.lt	1
domains.lt	sqrt.lt	1
serveriai.lt	dreverna.lt	1
CLOUDFLARENET	minibaby.lt	1
UAB Interneto vizija	twins.lt	1
serveriai.lt	neokon.lt	1
serveriai.lt	seso.lt	1
Telia Lietuva, AB	beam.lt	1
QUIC-CLOUD	GOOGLE	5
serveriai.lt	ltenetworks.lt	1
serveriai.lt	atech.lt	1
Telia Lietuva, AB	invi.lt	1
serveriai.lt	dzogchen.lt	1
bacloud.com	conditor.lt	1
Telia Lietuva, AB	avs.lt	1
serveriai.lt	orientis.lt	1
UAB Bite Lietuva	lte.lt	1
serveriai.lt	cremedelacreme.lt	1
serveriai.lt	forumtheatre.lt	1
netim.net	zinok.lt	1
CLOUDFLARENET	lagerhaus.lt	1
serveriai.lt	medtest.lt	1
serveriai.lt	homechairs.lt	1
123ns.de	dolmen.lt	1
serveriai.lt	lockedin.lt	1
getspace.us	leanpro.lt	1
awsdns-09.org	GOOGLE	2
hostex.lt	artlogika.lt	1
serveriai.lt	oj.lt	1
serveriai.lt	myshopify.com	6
CLOUDFLARENET	tatkazino.lt	1
serveriai.lt	anhotel.lt	1
bacloud.com	taxifolin.lt	1
Vautron Rechenzentrum AG	bomito.lt	1
garmtech.com	akatrans.lt	1
serveris.lt	meras.lt	1
UNIFIEDLAYER-AS-1	pvsapp.lt	1
Sia Nano IT	alcor.lt	1
hostnet.lv	inducont.lt	1
serveriai.lt	bauda.lt	1
serveriai.lt	trijade.lt	1
serveriai.lt	samu.lt	1
Telia Lietuva, AB	carrier.lt	1
bacloud.com	1cent.lt	1
serveriai.lt	imagodiagnostika.lt	1
CLOUDFLARENET	kodai.eu	5
UAB Interneto vizija	estelina.lt	1
serveriai.lt	autostrada.lt	1
serveriai.lt	maxglow.lt	1
hostika.net	dataservices.lt	1
nevfar.com	nevfar.com	1
Telia Lietuva, AB	slimmymini.lt	1
getspace.us	bspark.lt	1
serveriai.lt	roadservice.lt	1
serveriai.lt	teleline.lt	1
serveriai.lt	grandbalticdunes.lt	1
awsdns-25.org	APPLE-ENGINEERING	1
serveriai.lt	kbdesign.lt	1
serveriai.lt	tabletop.lt	1
Hetzner Online GmbH	vps.lt	9
rackhosting.com	rackhosting.lt	1
UAB Interneto vizija	nannini.lt	1
xundns.com	aisdun-cname.com	27
UAB Interneto vizija	vaardi.lt	1
Telia Lietuva, AB	calvatis.lt	1
Cloud DNS Ltd	maisas.lt	1
bacloud.com	rugpieniukaimas.lt	1
serveriai.lt	ivula.lt	1
serveriai.lt	magnusic.lt	1
CLOUDFLARENET	topsportcasino.lt	1
GOOGLE	balticvaluation.lt	1
site.pro	GOOGLE	4
serveriai.lt	iduna.lt	1
interna.me	tzatziki.lt	1
serveriai.lt	cutebugs.lt	1
serveriai.lt	gileda.lt	1
registrar-servers.com	lacademy.lt	1
serveriai.lt	asia-food.lt	1
UAB Interneto vizija	geisk.lt	1
Hetzner Online GmbH	UAB Rakrejus	3
domains.lt	domreg.lt	1
Telia Lietuva, AB	topdenta.lt	1
serveriai.lt	rentau.lt	1
serveriai.lt	pagube.lt	1
serveriai.lt	lapasbooks.lt	1
rsim.lt	rsim.lt	1
serveriai.lt	luana.lt	1
CLOUDFLARENET	olv.lt	1
Telia Lietuva, AB	finansus.lt	1
nmugroup.com	MICROSOFT-CORP-MSN-AS-BLOCK	2
Nazwa.pl Sp.z.o.o.	falketechnik.lt	1
cyfrowafoto.com	najlepszefoto.pl	1
serveriai.lt	lpromo.lt	1
serveriai.lt	agritourism.lt	1
serveriai.lt	aab.lt	1
CLOUDFLARENET	mns.lt	1
serveriai.lt	wars.lt	1
compic.ee	crystal.lt	1
serveris.lt	hotyoga.lt	1
ltmd.net	ltmd.lt	4
CLOUDFLARENET	phphelp.lt	1
home.pl	fitandeasy.lt	1
Hetzner Online GmbH	lmpk.lt	1
nadns1.com	delink-ssl.net	4
serveriai.lt	silvera.lt	1
serveriai.lt	peugeot.lt	1
serveriai.lt	elwiring.lt	1
Zone Media OU	hansabuss.ee	1
checkdomain.de	hayca.lt	1
serveriai.lt	enila.lt	1
Telia Lietuva, AB	royalcatering.lt	1
hostex.lt	aatc.lt	1
Hetzner Online GmbH	UAB Interneto vizija	2
Telia Lietuva, AB	moonmakers.lt	1
ACTIVE 24, s.r.o.	ubian.lt	1
Telia Lietuva, AB	ihc.lt	1
serveriai.lt	imnita.lt	1
bacloud.com	makle.lt	1
serveriai.lt	maurice.lt	1
Nazwa.pl Sp.z.o.o.	spiroprint.com	1
Telia Lietuva, AB	olfa.lt	1
Telia Lietuva, AB	stmt.lt	1
domenai.lt	sweetvila.lt	1
CLOUDFLARENET	bookmaker.lt	1
Telia Lietuva, AB	medpas.lt	1
serveriai.lt	streetvibe.lt	1
serveriai.lt	memi.lt	1
serveriai.lt	futureleadership.lt	1
getspace.us	bossauto.lt	1
ok.ru	LLC VK	1
serveriai.lt	rekona.lt	1
UAB Interneto vizija	sk.lt	1
serveriai.lt	frc.lt	1
serveriai.lt	bataivaikams.lt	1
CLOUDFLARENET	monta.lt	1
awsdns-03.org	COGENT-174	1
CLOUDFLARENET	visitplunge.lt	1
terralink.de	terralink.de	3
serveriai.lt	skonis.lt	1
CLOUDFLARENET	karameli.lt	1
domains.lt	saules-namai.lt	1
serveriai.lt	tgbrands.lt	1
serveriai.lt	basecamp.lt	1
AMAZON-02	egmontpublishing.lt	1
AMAZON-02	techman.lt	1
parkas.lt	sritis.lt	1
serveriai.lt	sst.lt	1
hostex.lt	Telia Lietuva, AB	6
serveriai.lt	false.lt	1
Deutsche Telekom AG	MICROSOFT-CORP-MSN-AS-BLOCK	3
balt.net	hostex.lt	1
info-connect.dk	info-connect.dk	1
serveriai.lt	ecohouse.lt	1
domains.lt	elofthotel.lt	1
Kauno Technologijos Universitetas	urm.lt	2
cepus.net	netit.se	1
CLOUDFLARENET	hostex.lt	2
serveriai.lt	lcpc.lt	1
Cyber_Folks S.A.	mimello.lt	1
serveriai.lt	crypto24h.lt	1
serveriai.lt	gssbaltic.lt	1
serveriai.lt	salas.lt	1
bacloud.com	rserver.lt	1
CLOUDFLARENET	kalbosdovana.lt	1
home.pl	tigerenergydrink.lt	1
CLOUDFLARENET	mountainbike.lt	1
Telia Lietuva, AB	harmonyhome.lt	1
Telia Lietuva, AB	rehastar.lt	1
bacloud.com	vladyka.lt	1
UAB Interneto vizija	arvi.lt	1
AMAZON-02	osom.cloud	1
getspace.us	wishprint.lt	1
serveriai.lt	seleka.lt	1
Telia Lietuva, AB	mogyi.lt	1
CLOUDFLARENET	vetven.lt	1
airnet.lt	UAB Proservis	2
CLOUDFLARENET	litechnija.lt	1
serveriai.lt	enersis.lt	1
hostex.lt	juris24.lt	1
serveriai.lt	astar.lt	1
hostex.lt	forestinvestment.lt	1
Telia Lietuva, AB	medieval.lt	1
CLOUDFLARENET	futbolas.lt	1
AMAZON-02	debcard.lt	1
serveriai.lt	aporus.lt	1
serveriai.lt	actors.lt	1
serveriai.lt	zenon.lt	1
serveriai.lt	sodenis.lt	2
serveriai.lt	pakeleivis.lt	1
serveriai.lt	rekovera.lt	1
serveriai.lt	hefaust.lt	1
bacloud.com	x10.lt	1
serveris.lt	motina.lt	1
serveriai.lt	circuloop.lt	1
serveriai.lt	adrservice.lt	1
serveriai.lt	giftshop.lt	1
Penkiu kontinentu komunikaciju centras, Ltd.	astera.lt	1
Telia Lietuva, AB	japangarden.lt	1
Telia Lietuva, AB	onnet.lt	1
CLOUDFLARENET	bhs.lt	1
ANEXIA Internetdienstleistungs GmbH	MICROSOFT-CORP-MSN-AS-BLOCK	8
edata.lt	gn.lt	1
infocentras.com	greeners.lt	1
serveriai.lt	litamicus.lt	1
balt.net	pphosted.com	2
Telia Lietuva, AB	mrtreat.lt	1
serveriai.lt	cleansera.lt	1
masterdns.nl	UAB Interneto vizija	1
hostex.lt	ipro.lt	1
bacloud.com	paura.lt	1
serveriai.lt	seranas.lt	1
Telia Lietuva, AB	vta.lt	1
serveriai.lt	geodata.lt	1
Vautron Rechenzentrum AG	domainssaubillig.de	7
Telia Lietuva, AB	daytrader.lt	1
serveriai.lt	greenpaws.lt	1
CLOUDFLARENET	kinomanija.lt	1
CLOUDFLARENET	reinoldmax.lt	1
bacloud.com	autoverta.lt	1
bacloud.com	inet6.lt	1
domrobot.com	localhost	1
serveriai.lt	pilates.lt	1
serveriai.lt	caro.lt	1
Deutsche Telekom AG	renzel.net	1
domains.lt	inovatorius.lt	1
serveriai.lt	pogoda.lt	1
CLOUDFLARENET	aapro.lt	1
Telia Lietuva, AB	amgrupe.lt	1
Telia Lietuva, AB	vitadan.lt	1
serveriai.lt	vietrinas.lt	1
serveriai.lt	grillfun.lt	1
ipcom GmbH	mektovibraftovi.lt	1
serveriai.lt	foxiad.lt	1
hostex.lt	mame.lt	1
serveriai.lt	axl.lt	1
UAB Interneto vizija	grape.lt	1
serveriai.lt	eservices.lt	2
serveriai.lt	beasty.lt	1
dnssyn.de	home2go.lt	1
serveriai.lt	digitalphoto.lt	1
CLOUDFLARENET	laikrodziai.lt	1
domenai.lt	griguola.lt	1
serveriai.lt	unohub.lt	1
serveriai.lt	goit.lt	2
Vardas.lt, Uab	pagalba.lt	1
balt.net	medpro.lt	1
domenai.lt	network21.lt	1
serveriai.lt	epsion.lt	1
serveriai.lt	colorshop.lt	1
hap.lt	badnews.lt	1
CLOUDFLARENET	egensajt.se	1
latnet.lv	viss.lv	1
UAB Baltnetos komunikacijos	fetras.lt	1
UAB Interneto vizija	ZOHO Corporation B.V	5
Hetzner Online GmbH	memorialsites.lt	1
serveriai.lt	akela.lt	1
GOOGLE	dreamhouse.lt	1
serveriai.lt	borijan.lt	1
Telia Lietuva, AB	buongiorno.lt	1
ORACLE-BMC-31898	CLOUDFLARENET	2
bacloud.com	zalensai.lt	1
serveriai.lt	agroteksas.lt	1
serveriai.lt	decoart.lt	1
Telia Lietuva, AB	itsho.lt	1
serveriai.lt	rossa.lt	1
balt.net	hirexo.eu	1
hostex.lt	legaldesk.lt	1
CLOUDFLARENET	internetai.lt	1
serveriai.lt	forkliftparts.lt	1
Telia Lietuva, AB	motec.lt	1
CLOUDFLARENET	merana.lt	1
serveriai.lt	lipka.lt	1
CLOUDFLARENET	pepe.lt	1
balt.net	forelogistics.lt	1
serveriai.lt	facialshop.lt	1
1and1.es	1and1.es	1
NUCDN	taflotan.lt	1
serveriai.lt	surstromming.lt	1
bacloud.com	autotestai.lt	1
serveriai.lt	dupro.lt	1
UAB Bite Lietuva	onions.lt	1
serveriai.lt	abaris.lt	1
Telia Lietuva, AB	elogs.lt	1
Cyber_Folks S.A.	dublindairy.lt	1
CLOUDFLARENET	csi.lt	2
serveriai.lt	osmis.lt	1
CLOUDFLARENET	aem.lt	1
markmonitor.zone	admita.lt	1
Telia Lietuva, AB	hybridattack.lt	1
balt.net	baltus.lt	1
serveriai.lt	bstconstructions.lt	1
serveriai.lt	caerusmed.lt	1
serveriai.lt	lithoc.lt	1
winhosting.eu	dreamsite.lt	1
UAB Interneto vizija	butcher.lt	1
serveriai.lt	ohoapp.lt	1
serveriai.lt	hr1.lt	1
serveriai.lt	mnt.lt	5
domenai.lt	totoys.lt	1
UAB Baltnetos komunikacijos	siuvimokursai.lt	1
UAB Interneto vizija	geniai.lt	1
UAB Interneto vizija	gpu.lt	1
UAB Bite Lietuva	awax.lt	1
serveriai.lt	skardis.lt	1
UAB Bite Lietuva	amalva.lt	5
one.com	Globalconnect As	5
serveriai.lt	smartride.lt	1
domenai.lt	sarvas.lt	1
UAB Interneto vizija	carwrap.lt	1
nt-service.hu	ocoono.lt	1
hostnet.nl	APPLE-ENGINEERING	1
Telia Lietuva, AB	skindoctors.lt	1
wedos.com	wedos.net	4
init.lt	vinita.lt	1
serveriai.lt	ega.lt	1
CLOUDFLARENET	vidal.lt	1
CLOUDFLARENET	renavita.lt	1
serveriai.lt	itcg.lt	2
serveriai.lt	grandlodge.lt	1
Hetzner Online GmbH	slik.lt	1
spaceweb.pro	era.trade	1
serveriai.lt	fesla.lt	1
serveriai.lt	mind2mind.lt	1
serveriai.lt	gajc.lt	1
serveriai.lt	kupre.lt	1
awsdns-28.org	GOOGLE	1
serveris.lt	saltinis.lt	1
balt.net	Deutsche Telekom AG	4
serveriai.lt	control.lt	1
nss.ee	nss.ee	4
serveriai.lt	amberpro.lt	1
serveriai.lt	iwf.lt	1
serveriai.lt	jcdc.lt	1
home.pl	krumber.lt	1
bacloud.com	jovi.lt	1
neoserv.si	primepick.lt	1
serveriai.lt	sanis.lt	1
serveriai.lt	enigma.lt	1
Telia Eesti AS	GOOGLE	9
serveriai.lt	webchat.lt	1
timmehosting.de	meinserver.io	1
serveriai.lt	rude.lt	1
Cloud DNS Ltd	innogames.de	4
checkdomain.de	haicar.lt	1
serveriai.lt	ochroma.lt	1
CLOUDFLARENET	naujojiakmene.lt	1
serveriai.lt	egin.lt	1
serveris.lt	greenmaster.lt	1
serveriai.lt	contourlab.lt	1
serveriai.lt	medianum.lt	1
serveriai.lt	mio.lt	1
AMAZON-02	dvtech.io	1
xundns.com	img999.cc	10
serveriai.lt	euroego.lt	1
serveriai.lt	karantinas.lt	1
wpx.net	activel.lt	1
active24.cz	mattoni.cz	1
UAB Bite Lietuva	visinga.lt	1
e-centras.lt	katarakta.lt	1
eventim.de	pphosted.com	2
serveriai.lt	bruce.lt	1
serveriai.lt	alesto.lt	1
hosttech.ch	okkv.lt	1
serveriai.lt	realdog.lt	1
getspace.us	amkb.lt	1
lenet.lt	MICROSOFT-CORP-MSN-AS-BLOCK	7
controlpanel.si	happykoala.lt	1
hostex.lt	vrcp.lt	1
bacloud.com	legalline.lt	1
Telia Lietuva, AB	lietuviskajautiena.lt	1
hostika.net	dauksa.lt	1
CLOUDFLARENET	klovas.lt	1
SECURITYSERVICES	lifung.com	1
getspace.us	vakada.lt	1
serveriai.lt	claimspro.lt	1
CLOUDFLARENET	proton.me	1
serveriai.lt	it-help.lt	1
CLOUDFLARENET	davibikes.lt	1
hostex.lt	seafood.lt	1
lemarit.de	MICROSOFT-CORP-MSN-AS-BLOCK	6
serveriai.lt	122.lt	1
CLOUDFLARENET	ciokis.lt	1
AMAZON-02	rentus.lt	1
xundns.com	orionxyz.com	2
Telia Lietuva, AB	t-customs.lt	1
serveriai.lt	veltron.lt	1
serveriai.lt	benitas.lt	1
serveriai.lt	langeme.lt	1
serveriai.lt	movida.lt	1
serveriai.lt	memotions.lt	1
CLOUDFLARENET	kavera.lt	1
CLOUDFLARENET	pvmskaiciuokle.lt	1
Telia Lietuva, AB	tta11.lt	1
serveriai.lt	eurotech.lt	1
Sia Nano IT	lubabaltics.lt	1
serveriai.lt	ntop.lt	1
CLOUDFLARENET	fkekranas.lt	1
Kauno Technologijos Universitetas	tiltas.lt	1
Telia Lietuva, AB	norsk.lt	1
getspace.us	oliveandgrape.lt	1
SECURITYSERVICES	domainnetwork.se	6
serveriai.lt	clevermonkeys.lt	1
serveriai.lt	seo-1.lt	1
serveriai.lt	riedu.lt	1
UAB Interneto vizija	noise.lt	1
serveriai.lt	ebusta.lt	1
aruba.it	aruba.it	2
domenai.lt	worktrade.lt	1
serveriai.lt	locator.lt	1
ipcom GmbH	ebvallo-ebv.lt	1
domenai.lt	sylencia.lt	1
serveriai.lt	ora.lt	1
serveriai.lt	chiromante.lt	1
UAB Bite Lietuva	akp.lt	1
CLOUDFLARENET	kristinosinterjerai.lt	1
serveriai.lt	reuse.lt	1
hostnet.lv	GOOGLE	1
CLOUDFLARENET	kupola.lt	1
serveriai.lt	bmwdiag.lt	1
serveriai.lt	bersama.lt	1
CLOUDFLARENET	us.lt	3
CLOUDFLARENET	minelist.lt	1
serveriai.lt	programaid.lt	1
evo.org	GOOGLE	1
CLOUDFLARENET	siauliu.lt	1
serveriai.lt	biomax.lt	1
serveriai.lt	archmap.lt	1
CLOUDFLARENET	imhoclub.lt	1
serveriai.lt	prieezero.lt	1
mediacenter.hu	mediacenter.hu	1
CLOUDFLARENET	all-4u.lt	1
serveriai.lt	neringaruke.lt	1
serveriai.lt	livetv.lt	1
serveriai.lt	deepcheck.lt	1
UAB Interneto vizija	korekta.lt	1
domenai.lt	godelis.lt	1
serveriai.lt	nereverend.lt	1
serveriai.lt	alliancegroup.lt	1
bacloud.com	medica.lt	1
serveriai.lt	rekija.lt	1
UAB Interneto vizija	di-ma.lt	1
hostex.lt	anexo.lt	1
serveriai.lt	miselis.lt	1
serveriai.lt	minibus.lt	1
markmonitor.com	swedishmatch.se	1
CLOUDFLARENET	identity.lt	1
edata.lt	oster.lt	1
serveriai.lt	pressas.lt	1
serveriai.lt	domus24.lt	1
domenai.lt	rolana.lt	1
domenai.lt	ortovita.lt	1
magit.lt	sandomus.lt	1
serveriai.lt	arosmarine.lt	1
serveriai.lt	imagis.lt	1
domains.lt	voke3.lt	1
serveriai.lt	avenuepro.lt	1
hostex.lt	takas.lt	2
serveriai.lt	spinter.lt	1
domenai.lt	mediniaibaldai.lt	1
NUCDN	leekunhee.lt	1
QUIC-CLOUD	bydomi.lt	1
Sia Nano IT	cewood.lt	1
CLOUDFLARENET	galaxy.lt	1
serveriai.lt	ozmis.lt	1
domains.lt	lva.lt	1
serveriai.lt	gnome.lt	1
UAB Interneto vizija	medine.lt	1
bacloud.com	toutline.lt	1
123ns.de	lioton.lt	1
serveriai.lt	vavb.lt	1
serveriai.lt	displaylatvia.lt	1
serveriai.lt	safetyrespectstore.lt	1
domenai.lt	eosystem.lt	1
active24.cz	MICROSOFT-CORP-MSN-AS-BLOCK	3
serveriai.lt	harmonyhouse.lt	1
ver.lt	ver.lt	2
serveriai.lt	dezomeda.lt	1
Telia Lietuva, AB	aims.lt	1
UAB Interneto vizija	deppe.lt	1
register.it	MICROSOFT-CORP-MSN-AS-BLOCK	1
CLOUDFLARENET	UAB Bite Lietuva	4
Telia Lietuva, AB	babauziukai.lt	1
Telia Lietuva, AB	savin.lt	1
Cyber_Folks S.A.	tenzi.lt	1
CLOUDFLARENET	co.at	1
CLOUDFLARENET	SECURITYSERVICES	3
CLOUDFLARENET	wwdx.top	1
hostex.lt	paypost.lt	1
Sia Nano IT	tenaxpanel.lt	1
UAB Interneto vizija	din.lt	1
CLOUDFLARENET	halmeko.lt	2
Telia Lietuva, AB	node47.lt	2
garmtech.com	ebeka.lt	1
GOOGLE	kaidens.lt	1
CLOUDFLARENET	inte.lt	1
NUCDN	cincoatings.lt	1
serveriai.lt	doru.lt	1
hostex.lt	euroauto.lt	1
Hetzner Online GmbH	litpack.lt	1
serveriai.lt	plastimet.lt	1
bacloud.com	orbitvu.lt	1
serveriai.lt	samspub.lt	1
domains.lt	rvsshop.lt	1
CLOUDFLARENET	artworks.lt	1
dnp.lt	dnp.lt	1
CLOUDFLARENET	delti.com	3
Telia Lietuva, AB	stiltas.lt	1
ait.lt	kabom.lt	1
serveriai.lt	petuxe.lt	1
checkdomain.de	burgerme.lt	1
Telia Lietuva, AB	eurobroker.lt	1
CLOUDFLARENET	contactus.lt	1
CLOUDFLARENET	datingwebsites.lt	1
serveriai.lt	laisva.lt	1
Hetzner Online GmbH	hosting-ch.ch	1
serveriai.lt	medphys.lt	1
serveriai.lt	pagalbamazyliui.lt	1
serveriai.lt	wordorado.com	2
balticvps.eu	lorelei.lt	1
GOOGLE	mygestalt.lt	1
serveriai.lt	les.lt	1
register.be	mailprotect.be	4
serveriai.lt	autokey.lt	1
serveriai.lt	memelhaus.lt	1
serveriai.lt	comfortstay.lt	1
Cloud DNS Ltd	YANDEX LLC	1
serveriai.lt	vertma.lt	1
domenai.lt	patogi.lt	1
domenai.lt	prestigeparfums.lt	1
Informacines sistemos ir technologijos, UAB	invoices.lt	1
serveriai.lt	45min.lt	1
CLOUDFLARENET	aerospace.lt	1
serveriai.lt	ferma.lt	1
serveriai.lt	gereja.lt	1
serveriai.lt	iccengineering.lt	1
Telia Lietuva, AB	electrumdrive.lt	1
serveriai.lt	ltuinvest.lt	1
serveriai.lt	epages.lt	1
UAB Interneto vizija	lumis.lt	1
serveriai.lt	ignasvegele.lt	1
serveriai.lt	radiocode.lt	1
UAB Interneto vizija	fair.lt	1
GOOGLE	ngsm.net	1
Telia Lietuva, AB	stellanova.lt	1
serveriai.lt	sanctioncheck.lt	1
hostex.lt	yitgroup.com	1
awsdns-16.org	domainnetwork.net	1
UAB Interneto vizija	divers.lt	1
Host Europe GmbH	GOOGLE	5
Hetzner Online GmbH	auto4d.lt	1
Akamai Connected Cloud	GOOGLE	2
UAB Elneta	spauda.lt	1
CLOUDFLARENET	travelsupermarket.lt	1
team.blue Denmark A/S	fladder.lt	1
domenai.lt	andojas.lt	1
Telia Lietuva, AB	elite-home.lt	1
AMAZON-02	immowelt.lt	1
serveriai.lt	tvpirkirimk.lt	1
serveriai.lt	supsup.lt	1
serveriai.lt	mitlabsol.lt	1
serveriai.lt	turenta.lt	1
nforce.nl	nforce.lt	1
baltic-amadeus.lt	MICROSOFT-CORP-MSN-AS-BLOCK	1
serveriai.lt	ondalatina.lt	1
serveriai.lt	codigi.lt	1
Telia Lietuva, AB	rojasa.lt	1
registrar-servers.com	NAMECHEAP-NET	3
awsdns-15.org	MICROSOFT-CORP-MSN-AS-BLOCK	1
serveriai.lt	lpgmasazas.lt	1
serveriai.lt	ibf.lt	1
CLOUDFLARENET	phygital.lt	1
serveriai.lt	lireb.lt	1
NUCDN	kobaltmusic.lt	1
UAB Interneto vizija	vitaminshop.lt	1
serveriai.lt	gastroshop.lt	1
Telia Lietuva, AB	rri.lt	1
Hetzner Online GmbH	egr.lt	1
serveriai.lt	regsa.lt	1
serveriai.lt	proruna.lt	1
UAB Proservis	cost.lt	1
bacloud.com	demerus.lt	1
Telia Lietuva, AB	101.13	1
AMAZON-02	spain2you.lt	1
ip-projects.de	wosatec.lt	1
Telia Lietuva, AB	hockeystars.lt	1
serveriai.lt	b1consult.lt	1
CLOUDFLARENET	nextlogistics.lt	1
serveriai.lt	i4.lt	1
serveriai.lt	kickboxing.lt	1
serveriai.lt	bip.lt	1
serveriai.lt	studiodoss.lt	1
serveriai.lt	flowershop.lt	1
serveriai.lt	lavazzablue.lt	1
serveriai.lt	gigas.lt	1
UAB Bite Lietuva	netpanel.lt	1
cloudrapido.net	lililama.lt	1
Hetzner Online GmbH	ZOHO Corporation B.V	6
serveriai.lt	gile.lt	1
CLOUDFLARENET	hostux.io	1
bacloud.com	vzu.lt	1
domenai.lt	corporategifts.lt	1
serveriai.lt	intent.lt	1
serveriai.lt	camelia.lt	1
serveriai.lt	watcher.lt	1
nameshield.net	INCAPSULA	14
serveriai.lt	autopastas.lt	1
dntrust.com	goldenpages.lt	1
Telia Lietuva, AB	arboristai.lt	1
UAB Interneto vizija	inteta.lt	1
serveriai.lt	girinis.lt	1
serveriai.lt	disko.lt	1
serveriai.lt	damasta.lt	1
ipcom GmbH	geodislogistics.lt	1
serveriai.lt	findfluencer.lt	1
hostex.lt	protema.lt	1
serveriai.lt	mneme.lt	1
UAB Interneto vizija	jv.lt	1
balt.net	kava.lt	1
telecentras.lt	MICROSOFT-CORP-MSN-AS-BLOCK	1
serveriai.lt	arc.lt	1
ezzed.com	easyflirt.com	1
OVH SAS	imena.ua	1
serveriai.lt	bperp.lt	1
serveriai.lt	mintela.lt	1
serveriai.lt	mechana.lt	1
Telia Lietuva, AB	haltech.lt	1
serveriai.lt	minimalline.lt	1
serveriai.lt	cabinetfurniture.lt	1
serveriai.lt	akumai.lt	1
getspace.us	daumantai.lt	2
Telia Lietuva, AB	gigma.lt	1
CLOUDFLARENET	c8.lt	1
Telia Lietuva, AB	patranka.lt	1
Telia Lietuva, AB	drakar.lt	1
serveriai.lt	katdog.lt	1
ipcom GmbH	mbws.lt	1
CLOUDFLARENET	moop.lt	1
CLOUDFLARENET	spausk.lt	1
serveriai.lt	dentasana.lt	1
serveriai.lt	myshield.lt	1
Telia Lietuva, AB	fehel.lt	1
Uab Servera	amazoo.lt	1
UAB Balticum TV	UAB Balticum TV	9
serveriai.lt	kvarcas.lt	1
serveriai.lt	mamamia.lt	1
webb.net	GlobalConnect AB	16
fornex.com	miniled.lt	1
serveriai.lt	prolexa.lt	1
Penkiu kontinentu komunikaciju centras, Ltd.	bullet.lt	1
domenai.lt	dydy.lt	1
CLOUDFLARENET	vjrt.lt	1
Elisa Oyj	Elisa Oyj	18
nshost2.de	serverdomain.org	1
inmotionhosting.com	autoways.lt	1
UAB Interneto vizija	credit-union.lt	1
ifastnet.com	ZOHO-AS	1
hostex.lt	vitapolis.lt	1
vshosting.cz	MICROSOFT-CORP-MSN-AS-BLOCK	1
serveriai.lt	editme.lt	1
serveriai.lt	artar.lt	1
serveris.lt	bauber.lt	1
serveriai.lt	laikinostatuiruotes.lt	1
serveriai.lt	housezone.lt	1
AMAZON-02	mobilecredit.fi	1
getspace.us	vivasport.lt	1
IONOS SE	co.uk	4
sectigoweb.com	MICROSOFT-CORP-MSN-AS-BLOCK	2
getspace.us	numihome.lt	1
Telia Lietuva, AB	egidijosstudija.lt	1
serveriai.lt	tomoon.lt	1
CLOUDFLARENET	originaluskvepalai.lt	1
serveriai.lt	boltera.lt	1
CLOUDFLARENET	tiings.lt	1
serveriai.lt	web3.lt	1
CLOUDFLARENET	sorpreso.lt	1
serveriai.lt	rulis.lt	1
serveriai.lt	kylam.lt	1
serveriai.lt	naujininku-ukis.lt	1
serveriai.lt	archipelago.lt	1
bacloud.com	memeltacticalgroup.lt	1
getspace.us	wowmama.lt	1
serveriai.lt	mokesciugrazinimas.lt	1
CLOUDFLARENET	esem.lt	1
AMAZON-02	amicusassist.lt	1
getspace.us	famdesign.lt	1
mdpcloud.com	simplecrm.lt	1
UAB Bite Lietuva	vpii.lt	1
serveriai.lt	dzukijosgranitas.lt	1
serveriai.lt	intos.lt	1
domenai.lt	medanis.lt	1
Telia Lietuva, AB	vilart.lt	1
Telia Lietuva, AB	festatour.lt	1
UAB Interneto vizija	lspo.lt	1
laptopplus.nl	skikk.lt	1
serveriai.lt	janusauskas.lt	1
host-anycast.com	host.it	1
hostega.eu	marsietis.lt	1
netcup GmbH	giria.io	1
serveriai.lt	uabpersonalas.lt	1
serveriai.lt	lashop.lt	1
Hetzner Online GmbH	hostai.lt	1
domenai.lt	vartuautomatika.lt	1
Telia Lietuva, AB	faromas.lt	1
serveriai.lt	food3.lt	1
Telia Lietuva, AB	uola.lt	1
meganet.lt	epp.lt	1
serveriai.lt	beddy.lt	1
areait.lv	agtech.lt	1
registrar-servers.com	GOOGLE-CLOUD-PLATFORM	1
serveriai.lt	jucaitis.lt	1
serveriai.lt	saulenet.lt	4
domains.lt	nvka.lt	1
serveriai.lt	invideo.lt	1
MB Redfox Cloud	eurorp.lt	1
infoserve.de	GOOGLE	2
hostex.lt	autogedas.lt	1
serveris.lt	almada.lt	1
serveriai.lt	gugl.lt	1
GANDI SAS	SECURITYSERVICES	3
Hostpoint AG	Proton AG	1
Telia Lietuva, AB	ausva.lt	1
Telia Lietuva, AB	fasttraffic.lt	1
lightningbase.com	lightningbase.com	2
Akamai Connected Cloud	online.lt	2
serveriai.lt	defli.lt	1
teuto.net	teuto.net	1
serveriai.lt	profpet.lt	1
bisping.de	pphosted.com	1
serveriai.lt	kaunassauce.lt	1
serveriai.lt	everest.lt	1
UAB Interneto vizija	weightworld.lt	1
hostex.lt	somaris.lt	1
MICROSOFT-CORP-MSN-AS-BLOCK	SECURITYSERVICES	3
serveriai.lt	manobilietas.lt	1
wfolio.com	UAB Interneto vizija	1
serveriai.lt	lisota.lt	1
serveriai.lt	igarsa.lt	1
getspace.us	sl-piping.lt	1
managed-ip.com	maxi-blue.lt	1
magit.lt	jursenas.lt	1
Telia Lietuva, AB	evsc.lt	1
NUCDN	noemail.invalid	4
UAB Interneto vizija	domena.lt	1
anony.nl	ashuki.lt	1
serveriai.lt	problema.lt	1
ACTIVE 24, s.r.o.	nova-pay.lt	1
armin.sk	armin.sk	1
SECURITYSERVICES	gefco.net	1
Telia Lietuva, AB	tigris.lt	1
active24.cz	kellysbike.com	3
serveriai.lt	crazyfox.lt	1
GANDI SAS	AMAZON-02	2
serveriai.lt	priejuros.lt	1
globat.com	valve.lt	1
serveriai.lt	alekne.lt	1
CLOUDFLARENET	expressbank.lt	1
UAB Bite Lietuva	vist.lt	1
UAB Interneto vizija	balticgifts.lt	1
balt.net	sedeka.lt	1
Telia Lietuva, AB	rozeirkaruna.lt	1
bacloud.com	medavita.lt	1
serveriai.lt	haringa.lt	1
Telia Lietuva, AB	solidome.lt	1
serveriai.lt	Telia Lietuva, AB	8
serveriai.lt	sbagrupe.lt	1
serveriai.lt	amberprint.lt	1
serveriai.lt	statybos.lt	1
GANDI SAS	Fastmail Pty Ltd	4
serveriai.lt	twinnation.lt	1
getspace.us	ecolaser.lt	1
serveriai.lt	sweetpop.lt	1
webawere.nl	webawere.nl	1
CLOUDFLARENET	lttrip.lt	1
bacloud.com	ana.lt	1
serveriai.lt	greendeal.lt	1
ch-inter.net	just.ch	2
webdizaini.lv	Sabiedriba ar ierobezotu atbildibu DELSKA Latvia	1
serveriai.lt	lfta.lt	1
serveriai.lt	karavansarai.lt	1
serveris.lt	red-studio.lt	1
Kauno Technologijos Universitetas	miestas.lt	1
serveriai.lt	oroneo.lt	1
UAB Interneto vizija	pubs.lt	1
serveriai.lt	add.lt	1
serveriai.lt	remori.lt	1
serveriai.lt	odroid.lt	1
weber-it-services.de	weber-it-services.de	1
serveriai.lt	cakonline.lt	1
bacloud.com	tvpn.lt	1
tradepoint.lv	trackpro.lv	1
bacloud.com	vittaa.lt	1
time4vps.com	tattooroom.lt	1
bacloud.com	CLOUDFLARENET	1
serveriai.lt	frigate.lt	1
smarthost.pl	paton.lt	1
Telia Lietuva, AB	rms.lt	1
UAB Nacionalinis Telekomunikaciju Tinklas	zirzile.lt	4
serveriai.lt	nom.lt	1
serveriai.lt	easee.lt	1
serveriai.lt	crabro.lt	1
serveriai.lt	sddesign.lt	1
CLOUDFLARENET	ebor.lt	1
serveriai.lt	jam.lt	1
Telia Lietuva, AB	mytech.lt	1
serveriai.lt	mitada.lt	1
ascio.com	iphmx.com	1
domains.lt	odvilna.lt	1
serveriai.lt	agroangarai.lt	1
serveriai.lt	lvps.lt	1
ltmd.net	perelman.lt	1
Telia Lietuva, AB	remil.lt	1
CLOUDFLARENET	floriol.lt	1
serveriai.lt	isaca.lt	1
UAB Elneta	magnetukas.lt	1
hostex.lt	bruno.lt	1
serveriai.lt	ruko.lt	1
hostex.lt	ivasta.lt	1
serveriai.lt	beautystar.lt	1
IONOS SE	vaizdai.lt	1
noris.ch	holiday-check.lt	1
serveriai.lt	valveta.lt	1
Telia Lietuva, AB	verep.lt	1
domenai.lt	garazai.lt	1
Zone Media OU	telia.ee	2
serveriai.lt	daubaras.lt	1
serveriai.lt	emlogistics.lt	1
serveriai.lt	nandipay.lt	1
CLOUDFLARENET	visur.lt	1
serveriai.lt	e-light.lt	1
hostnet.nl	MICROSOFT-CORP-MSN-AS-BLOCK	4
serveriai.lt	nautira.lt	1
serveriai.lt	vpi.lt	1
Telia Lietuva, AB	balticdiag.lt	1
nska.net	vektor.lt	1
domains.lt	dts-solutions.lt	2
serveriai.lt	niekonaujo.lt	1
UAB Interneto vizija	mti.lt	1
domenai.lt	luxo.lt	1
serveriai.lt	rakstelis.lt	1
CLOUDFLARENET	krom.lt	1
bacloud.com	balticdirect.lt	1
Telia Lietuva, AB	jbfund.lt	1
DELFI UAB	CLOUDFLARENET	7
serveriai.lt	rainbowtours.lt	1
CLOUDFLARENET	xw.lt	1
serveriai.lt	liquidorganics.lt	1
edata.lt	erneta.lt	1
serveris.lt	ZOHO Corporation B.V	1
serveriai.lt	forumpalace.lt	2
serveriai.lt	8dw.lt	1
serveriai.lt	psichologasvilniuje.lt	1
AMAZON-02	enginestands.lt	1
ltmd.net	ivit.lt	1
serveriai.lt	downloadcs.lt	1
hostex.lt	reab.lt	1
serveriai.lt	tedista.lt	1
serveriai.lt	pdg.lt	1
serveriai.lt	etiens.lt	1
bacloud.com	apskaita.lt	1
lmt.lv	lmt.lv	1
ha-dns.net	fritz-services.com	1
serveriai.lt	icongym.lt	1
UAB Interneto vizija	krips.lt	1
serveriai.lt	gimtadieniucentras.lt	1
UAB Interneto vizija	ero.lt	1
register.eu	register.eu	1
SECURITYSERVICES	ekornes.no	1
Kertinis valstybes telekomunikaciju centras	registrucentras.lt	6
getspace.us	idmphotography.lt	1
CLOUDFLARENET	numis.lt	1
serveriai.lt	otracker.lt	1
bacloud.com	nstyle.lt	1
Telia Lietuva, AB	holidayguide.lt	1
serveriai.lt	e-v-s.lt	1
CLOUDFLARENET	groups.lt	1
bacloud.com	aj-properties.lt	1
CLOUDFLARENET	lemyk.eu	1
serveriai.lt	internetsolutions.lt	1
Cyber_Folks S.A.	Beyond.pl sp. z o.o.	7
CLOUDFLARENET	donation.lt	1
Telia Lietuva, AB	esstogai.lt	1
serveriai.lt	msolcom.lt	1
serveriai.lt	cosplay.lt	1
UAB ESNET	vpsnet.lt	2
serveriai.lt	alldesign.lt	1
domains.lt	hrms.lt	1
serveris.lt	gdg.lt	1
serveriai.lt	foxi.lt	1
serveriai.lt	bide.lt	1
serveriai.lt	springas.lt	1
serveriai.lt	mantingalogistics.lt	1
nic.ru	GOOGLE	2
ACTIVE 24, s.r.o.	2energy.lt	1
domenai.lt	drums.lt	1
serveriai.lt	fkr.lt	1
branta.lt	branta.lt	1
UAB Interneto vizija	da.lt	1
serveriai.lt	bluebridgemsp.lt	1
Telia Lietuva, AB	fotopolis.lt	1
CLOUDFLARENET	Elkdata OU	7
issociate.de	Akamai International B.V.	1
ifastnet.com	geoedu.lt	1
serveriai.lt	happy-kids.lt	1
UAB Interneto vizija	stasiulis.lt	1
serveriai.lt	hdog.lt	1
serveriai.lt	gudas.lt	1
eurodns.biz	Hetzner Online GmbH	1
CLOUDFLARENET	clickprint.lt	1
serveriai.lt	oxygenrevolution.lt	1
serveriai.lt	globavita.lt	1
serveriai.lt	adele.lt	1
bacloud.com	88x31.lt	1
UAB Bite Lietuva	tetsujin.lt	1
serveriai.lt	chillngrill.lt	1
dominiok.it	esteri.lt	1
domeinbalie.nl	domeinbalie.nl	1
Cyber_Folks S.A.	koceo.lt	1
Telia Lietuva, AB	autoaves.lt	1
OVH SAS	YANDEX LLC	3
CLOUDFLARENET	GO-DADDY-COM-LLC	2
nameshield.net	oscaro.lt	1
serveriai.lt	vivax.lt	1
Hetzner Online GmbH	dogado GmbH	6
domains.lt	bioeshop.lt	1
serveriai.lt	dizzy.lt	1
NUCDN	gerriets.lt	1
as2116.net	eunet.no	2
MICROSOFT-CORP-MSN-AS-BLOCK	AS2-TRENDMICRO-COM	4
serveriai.lt	baltway.lt	1
serveriai.lt	gannet.lt	1
neostrada.nl	naturalfloralfoam.lt	1
serveriai.lt	rancas.lt	1
domains.lt	greitas.lt	1
UAB Interneto vizija	webai.lt	1
serveriai.lt	belts.lt	1
serveriai.lt	tz3d.lt	1
domains.lt	hostgator.com	1
serveriai.lt	kentauras.lt	1
UAB Interneto vizija	konsula.lt	1
serveriai.lt	auto-loads.lt	1
Telia Lietuva, AB	vista.lt	1
Telia Lietuva, AB	lorent.lt	1
Telia Lietuva, AB	zebra.lt	2
domenai.lt	vinchenso.lt	1
home.pl	helix-digital.lt	1
SECURITYSERVICES	paul.lt	1
serveriai.lt	burito.lt	1
serveriai.lt	sociali.lt	1
bacloud.com	givrer.lt	1
balt.net	immunace.lt	1
serveriai.lt	infoid.lt	1
UAB Bite Lietuva	cleaningservices.lt	1
serveriai.lt	worldcondoms.lt	1
serveriai.lt	llma.lt	1
serveriai.lt	afk.lt	1
serveriai.lt	kk.lt	1
Telia Lietuva, AB	humanitas.lt	1
serveriai.lt	justmo.lt	1
eastwesthost.com	structures.lt	1
serveriai.lt	likenai.lt	1
serveriai.lt	kenstavicius.lt	1
getspace.us	2frogs.lt	1
kivisepad.ee	caesarhansa.lt	1
serveriai.lt	lrg.lt	1
Telia Lietuva, AB	elephone.lt	1
Telia Lietuva, AB	seimosmedicina.lt	1
hostex.lt	acons.lt	1
edns.de	flane.de	1
sendersnews.lt	poliglotas.lt	1
serveriai.lt	autoviskas.lt	1
bitolink.lt	bitolink.lt	1
serveris.lt	ekobaltika.lt	1
SECURITYSERVICES	brita.lt	1
UAB Interneto vizija	vbbb.lt	1
skydsl.eu	skydsl-global.net	1
domenai.lt	bai.lt	1
Informacines sistemos ir technologijos, UAB	lithosting.lt	1
CLOUDFLARENET	viskasnamams.lt	1
servera.lt	omaking.lt	1
Hetzner Online GmbH	cholley.lt	1
serveriai.lt	pua.lt	1
my-control-panel.com	artscene.lt	1
UAB Interneto vizija	xentry.lt	1
ipcom GmbH	wood-mizer.lt	1
serveriai.lt	savi.lt	1
vcreate.lt	CLOUDFLARENET	1
Telia Lietuva, AB	ebb.lt	1
UAB Elneta	apartament.lt	1
serveriai.lt	eksponente.lt	1
UAB Rakrejus	Telia Lietuva, AB	3
internex.at	sliderz.lt	1
getspace.us	blurwall.lt	1
serveriai.lt	amaforest.lt	1
serveriai.lt	alkoblokas.lt	1
serveriai.lt	kimar.lt	1
Hetzner Online GmbH	darbai.lt	1
vshosting.cz	inspio.lt	1
dditservices.com	livejasmin.lt	1
domains.lt	corpus.lt	7
hostex.lt	huvitz.lt	1
serveriai.lt	salesadvice.lt	1
Telia Lietuva, AB	mark24.lt	1
domenai.lt	rzidea.lt	1
edata.lt	ieskok.lt	1
hostika.net	lgm.lt	1
serveriai.lt	auginte.lt	1
serveriai.lt	lins.lt	1
serveriai.lt	dens.lt	1
NUCDN	di-soric.lt	1
orbcube.lt	orbcube.lt	3
quicns.cloud	GOOGLE-CLOUD-PLATFORM	1
serveriai.lt	hobbyfitness.lt	1
UAB Interneto vizija	let.lt	1
Hetzner Online GmbH	expresas.lt	1
Informacines sistemos ir technologijos, UAB	tvr.lt	1
serveriai.lt	matila.lt	1
AMAZON-02	protection.outlook	2
getspace.us	vakgroup.lt	1
CLOUDFLARENET	mozello.com	1
dnstools.nl	ducata.lt	1
net.pl	modo24.lt	1
UAB Elneta	topcarrent.lt	1
serveriai.lt	dantukubalinimas.lt	1
UAB Interneto vizija	pliusas.lt	1
serveriai.lt	erta.lt	1
CLOUDFLARENET	myserverstatus.com	1
bacloud.com	tytus.lt	1
serveriai.lt	sakaris.lt	1
introdns.hu	postinor.lt	1
serveriai.lt	mumu.lt	1
AMAZON-02	novapay.lt	1
digo.lt	digo.lt	5
combell.net	MICROSOFT-CORP-MSN-AS-BLOCK	1
hostex.lt	chanterelles.lt	1
serveriai.lt	litten.lt	1
serveriai.lt	framesi.lt	1
serveriai.lt	dogwell.lt	1
Telia Lietuva, AB	it247.lt	1
UAB Interneto vizija	rukyklele.lt	1
serveriai.lt	instaltika.lt	1
serveriai.lt	jpg.lt	1
serveriai.lt	gcube.lt	1
Kauno Technologijos Universitetas	iks.lt	3
CLOUDFLARENET	autosima.lt	1
serveriai.lt	vegasclub.lt	1
serveriai.lt	shpak-shop.lt	1
serveriai.lt	carsbooking.lt	1
serveriai.lt	krantz.lt	1
serveri.lv	raffaello.lt	1
CLOUDFLARENET	dnfdnsddd.com	9
PONYNET	tomenas.lt	1
serveriai.lt	finpartner.lt	1
serveriai.lt	skservice.lt	1
AUTOMATTIC	ruvi.lt	1
serveriai.lt	myseo.lt	1
CLDIN B.V.	firstfind.nl	4
serveriai.lt	cartech.lt	1
CLOUDFLARENET	mumbo.lt	1
serveriai.lt	teltonika-ems.lt	1
european-server.com	mailprotect.be	9
serveriai.lt	digitalflow.lt	1
serveriai.lt	vicis.lt	1
gransy.com	dronpro.lt	1
winhosting.eu	UAB Interneto vizija	1
serveriai.lt	gtgroup.lt	1
seohost1.pl	eloboost.lt	1
serveriai.lt	alanas.lt	1
getspace.us	familygym.lt	1
Penkiu kontinentu komunikaciju centras, Ltd.	milas.lt	1
serveriai.lt	alfashop.lt	1
UAB Interneto vizija	dinozauras.lt	1
serveriai.lt	aloe.lt	1
serveriai.lt	baltictools.lt	1
getspace.us	venison.lt	1
Telia Lietuva, AB	vilniusairportparking.lt	1
serveriai.lt	lediboutique.lt	2
Telia Lietuva, AB	pbexpress.lt	1
serveriai.lt	themeatbox.lt	1
CLOUDFLARENET	127001.lt	1
CLDIN B.V.	nxs.nl	2
serveriai.lt	ambasadore.lt	1
Telia Lietuva, AB	autochemija.lt	1
domenai.lt	skywards.lt	1
serveriai.lt	pupu.lt	1
OVH SAS	Heinlein-Support GmbH	2
UAB Interneto vizija	vvi.lt	1
domains.lt	voxvera.lt	1
Telia Lietuva, AB	acid.lt	1
getspace.us	amraacademy.lt	1
bacloud.com	Sabiedriba ar ierobezotu atbildibu DELSKA Latvia	1
Telia Lietuva, AB	detective.lt	1
one.com	GOOGLE	3
prolan.lt	aku.lt	1
serveriai.lt	zaislupasaulis.lt	1
domains.lt	finmin.lt	1
serveriai.lt	noremi.lt	1
ports.se	MICROSOFT-CORP-MSN-AS-BLOCK	13
serveriai.lt	laneda.lt	1
init.lt	UAB INIT	9
domenai.lt	frontus.lt	1
serveriai.lt	mir.lt	1
serveriai.lt	darkstar.lt	1
Telia Lietuva, AB	rostela.lt	1
Telia Lietuva, AB	grusas.lt	1
fastsecurehost.com	waxandrelax.lt	1
hostex.lt	elkata.lt	1
UAB Interneto vizija	paulauskas.lt	1
AMAZON-02	cloudfront.net	1
bacloud.com	brolis.lt	1
serveriai.lt	vedika.lt	1
gransy.com	ussp.lt	1
hostex.lt	ideanile.lt	1
bacloud.com	tigema.lt	1
Telia Lietuva, AB	jusunamas.lt	1
serveriai.lt	geodoc.lt	1
Telia Lietuva, AB	infleks.lt	1
balticbhp.pl	balticbhp.pl	1
nameshield.net	te-dns.net	1
CLOUDFLARENET	nkd.lt	1
serveriai.lt	ruc.lt	1
Telia Lietuva, AB	rkg.lt	1
serveriai.lt	tvinternetu.eu	4
Hetzner Online GmbH	neotech.lt	1
serveriai.lt	meskiukas.lt	1
serveris.lt	rollerstudija.lt	1
UAB Interneto vizija	botana.lt	1
domenai.lt	ringtones.lt	1
serveriai.lt	jastudija.lt	1
serveriai.lt	detailingbyd.lt	1
hostex.lt	construction.lt	1
Telia Lietuva, AB	roshen.lt	1
serveriai.lt	cityline.lt	1
domenai.lt	stake.lt	1
GOOGLE	kukuliai.lt	1
gix.lt	itproject.lt	1
serveriai.lt	aloevera24.lt	1
serveriai.lt	sp1.lt	1
Vardas.lt, Uab	zavadskis.lt	1
Telia Lietuva, AB	welcomekit.lt	1
CLOUDFLARENET	3bsolutions.lt	1
Telia Lietuva, AB	vilniusparking.lt	1
serveris.lt	wp.lt	1
Telia Lietuva, AB	conno.lt	1
Telia Lietuva, AB	prosperus.lt	1
serveriai.lt	sanpro.lt	1
Telia Lietuva, AB	viciunaigroup.lt	1
Telia Lietuva, AB	vargonininkas.lt	1
checkdomain.de	smava.lt	1
UAB Elneta	wedbank.lt	1
serveriai.lt	wowfinancing.lt	1
CLOUDFLARENET	brandbild.lt	1
serveriai.lt	pinija.lt	1
Telia Lietuva, AB	gdgm.lt	1
serveriai.lt	acasamia.lt	1
domenai.lt	birzu-vejas.lt	1
CLOUDFLARENET	vcjv.lt	1
fresenius.de	fresenius.de	2
UAB Interneto vizija	tlt.lt	6
getspace.us	casavibes.lt	1
serveriai.lt	acus.lt	1
UAB Interneto vizija	fintechas.lt	1
serveriai.lt	test.lt	1
internet.lv	internet.lv	3
CLOUDFLARENET	foxshop.lt	1
neoserv.si	basomis.lt	1
serveriai.lt	ddv.lt	1
serveriai.lt	prais.lt	1
startlogic.com	biofizika.lt	1
awsdns-09.net	GOOGLE	3
CLOUDFLARENET	Vardas.lt, Uab	1
serveriai.lt	bsp.lt	1
serveriai.lt	beautyservice.lt	1
serveriai.lt	fixus.lt	1
serveriai.lt	bufo.lt	1
nadns1.com	pphosted.com	1
serveriai.lt	dazas.lt	1
serveriai.lt	tapksveikas.lt	1
serveriai.lt	p-system.org	4
balt.net	gridins.com	2
serveriai.lt	robo1.lt	1
serveriai.lt	ribos.lt	1
Cyber_Folks S.A.	asiatrade.lt	1
Telia Lietuva, AB	ledmodus.lt	1
CLOUDFLARENET	stable.cz	1
serveriai.lt	gkphoto.lt	1
UAB Interneto vizija	fixer.lt	1
CLOUDFLARENET	schenk.lt	1
serveriai.lt	autoport.lt	1
serveriai.lt	dimsa.lt	1
Telia Lietuva, AB	grasis.lt	1
serveriai.lt	falcon.lt	1
CLOUDFLARENET	redra.lt	1
serveriai.lt	pokermania.lt	1
serveriai.lt	kaufmann.lt	1
serveriai.lt	dublin.lt	1
hap.lt	cqcq.lt	1
serveriai.lt	pastatusistemos.lt	1
bb-online.biz	MICROSOFT-CORP-MSN-AS-BLOCK	1
serveriai.lt	d2c.lt	1
MB Redfox Cloud	goldbrand.lt	1
getspace.us	juhuu.lt	1
domenai.lt	accounting4you.lt	1
Telia Lietuva, AB	flexo.lt	1
Telia Finland Oyj	AS2-TRENDMICRO-COM	2
Telia Lietuva, AB	challengertyres.lt	1
UAB Baltnetos komunikacijos	prettydeco.lt	1
serveriai.lt	nlabs.lt	1
Host Europe GmbH	GO-DADDY-COM-LLC	2
bacloud.com	stitis.lt	1
mijndnsserver.nl	MICROSOFT-CORP-MSN-AS-BLOCK	2
serveriai.lt	clocks.lt	1
Telia Lietuva, AB	skaitex.lt	1
CLOUDFLARENET	krikis.lt	3
Telia Lietuva, AB	nelly.lt	1
home.pl	carclimat.lt	1
serveriai.lt	icra.lt	1
hostex.lt	figo.lt	1
Telia Lietuva, AB	artisokas.lt	1
serveriai.lt	po8.lt	1
x-th.de	quick.lt	1
CLOUDFLARENET	ika.lt	1
ltmd.net	send.lt	1
CLOUDFLARENET	lipskis.lt	1
serveriai.lt	neorent.lt	1
serveriai.lt	bp.lt	1
serveriai.lt	lrmd.lt	1
e-tiger.net	wro.lt	1
grove.de	klingspor.de	1
serveriai.lt	text.lt	1
balt.net	vilniausaidai.lt	1
GANDI SAS	dnsassurance.com	1
Hetzner Online GmbH	cognitor.lt	1
serveriai.lt	dilali.lt	1
Telia Lietuva, AB	alfam.lt	1
serveriai.lt	reks.lt	1
serveriai.lt	ntx.lt	1
CLOUDFLARENET	tryda.lt	1
UAB Interneto vizija	karolio.lt	1
serveriai.lt	travelretail.lt	1
magit.lt	relatus.lt	1
Sia Nano IT	mintos.lt	1
UAB Baltnetos komunikacijos	MICROSOFT-CORP-MSN-AS-BLOCK	7
serveriai.lt	metalosupirkimas.lt	1
serveriai.lt	magnum.ee	2
Telia Lietuva, AB	permanon.lt	1
nebula.fi	Telia Cygate Oy	1
serveriai.lt	bervita.lt	1
Hetzner Online GmbH	4pro.lt	1
GOOGLE	5arch.lt	1
serveriai.lt	akordai.lt	1
serveriai.lt	area-energy.lt	1
serveriai.lt	pinkparty.lt	1
SECURITYSERVICES	bhw.lt	1
serveriai.lt	accent.lt	1
AMAZON-02	pausable.lt	1
serveriai.lt	armenia.lt	1
hostex.lt	erow.lt	1
CLOUDFLARENET	padangos-visiems.lt	1
OVH SAS	sertamattress.lt	1
bacloud.com	akras.lt	1
domenai.lt	homestuck.lt	1
krystal.uk	krystal.uk	3
serveriai.lt	archipolis.lt	1
Informacines sistemos ir technologijos, UAB	proweb.lt	1
UAB Interneto vizija	smiga.lt	1
CLOUDFLARENET	canvory.lt	1
bacloud.com	plasticscluster.lt	1
Telia Lietuva, AB	psvl.lt	1
serveriai.lt	karyba.lt	1
serveriai.lt	mamacut.lt	1
CLOUDFLARENET	marcaria.com	1
UAB Interneto vizija	semtra.lt	1
serveriai.lt	lunos.lt	1
ua-hosting.company	vrdz.lt	1
serveriai.lt	piuma.lt	1
serveriai.lt	lifechurch.lt	1
GOOGLE	vrd.lt	1
edata.lt	eurocontact.lt	1
serveriai.lt	crmodoo.lt	1
serveriai.lt	slides.lt	1
CLOUDFLARENET	edgclothes.lt	1
serveriai.lt	iop.lt	1
co.uk	konecranes.lt	1
lantech-server.se	sanynordic.lt	1
serveriai.lt	aksomita.lt	1
hostex.lt	pervezimai.lt	1
ANEXIA Internetdienstleistungs GmbH	Nameshield SAS	1
CLOUDFLARENET	itomas.lt	1
bacloud.com	719.lt	1
UAB Interneto vizija	wowenglish.lt	1
serveriai.lt	vineris.lt	1
serveris.lt	urna.lt	1
serveriai.lt	annavaasi.lt	1
serveriai.lt	marmaras.lt	1
Telia Lietuva, AB	britain.lt	1
serveriai.lt	b3technologies.com	1
Telia Lietuva, AB	autofortas.lt	1
CLOUDFLARENET	greengarden.lt	1
iwelt-ag.net	expurgate.net	1
CLOUDFLARENET	mypagerr.com	1
serveriai.lt	westerncrm.lt	1
NUCDN	mxrecord.io	1
Telia Lietuva, AB	itc.lt	1
co.uk	MICROSOFT-CORP-MSN-AS-BLOCK	3
Sia Nano IT	signetbank.com	2
CLOUDFLARENET	trust-bank24.lt	1
Telia Lietuva, AB	ipva.lt	1
domenai.lt	Hetzner Online GmbH	5
GOOGLE	primefinance.lt	1
serveriai.lt	focusstudio.lt	1
domenai.lt	felps.lt	1
serveriai.lt	sensortech.lt	1
CLOUDFLARENET	vct.lt	1
serveriai.lt	savicke.lt	1
co.uk	AMAZON-02	4
serveriai.lt	perladenta.lt	1
Telia Lietuva, AB	divum.lt	1
CLOUDFLARENET	deimosart.lt	1
serveriai.lt	peo.lt	1
serveriai.lt	pilotschool.lt	1
domenai.lt	mugu.lt	1
Deutsche Telekom AG	ltg-hessen.de	1
serveriai.lt	dentina.lt	1
OVH SAS	mirohost.net	1
0800freecall.ch	muldo.lt	1
domenai.lt	filebox.lt	1
UAB Kauno interneto sistemos	bafa.lt	1
serveriai.lt	hortivita.lt	1
awardspace.com	vyto.lt	1
serveriai.lt	pufe.lt	1
CLOUDFLARENET	kigsa.lt	1
Telia Lietuva, AB	autc.lt	1
serveriai.lt	moonbe.lt	1
serveriai.lt	rytispytis.lt	1
UAB Interneto vizija	serbentas.lt	1
serveriai.lt	axs.lt	1
UAB Interneto vizija	ecomm.lt	1
Telia Lietuva, AB	allaway.lt	1
UAB Elneta	curqfen.lt	1
Telia Lietuva, AB	kompiuterizuotas.lt	1
serveriai.lt	pbb.lt	1
edata.lt	clubitalia.lt	1
serveriai.lt	3dgrafika.lt	1
serveriai.lt	duruprekyba.lt	1
CLOUDFLARENET	ente.lt	1
ipcom GmbH	hansemerkur.de	1
jumpdns.net	iecm.lt	1
serveriai.lt	goldy.lt	1
Dataspace P.s.a.	seohost.pl	1
UAB ESNET	dudis.lt	1
serveriai.lt	eurolimit.lt	1
serveriai.lt	digitalbrothers.lt	1
CLOUDFLARENET	mintis.net	1
UAB Baltnetos komunikacijos	busauto.lt	1
Scaleway S.a.s.	svenga.lt	1
AMAZON-02	appfolioinc.lt	1
hostex.lt	nortis.lt	1
qweb.co	qfilter.eu	2
UAB Interneto vizija	ginekologija.lt	1
bacloud.com	transmeja.lt	1
serveriai.lt	eurotransfers.lt	1
UAB Cgates	cgates.lt	6
CLOUDFLARENET	anaxanet.com	1
Telia Lietuva, AB	atlantida.lt	1
CLOUDFLARENET	stonix.lt	1
UAB Cgates	tele2.lt	3
UAB Penki kontinentai	salamander.lt	1
Hetzner Online GmbH	patera.lt	1
serveriai.lt	elitelighting.lt	1
serveriai.lt	dilektra.lt	1
serveriai.lt	autorider.lt	1
CLOUDFLARENET	justmc.lt	1
Telia Lietuva, AB	usg.lt	1
widhost.net	camelina.lt	1
Vardas.lt, Uab	ZOHO-AS	1
ltmd.net	alciona.lt	1
serveriai.lt	dorema.lt	1
IONOS SE	MICROSOFT-CORP-MSN-AS-BLOCK	4
UAB Bite Lietuva	testukas.lt	1
UAB Interneto vizija	therust.lt	1
serveriai.lt	genomas.lt	1
MICROSOFT-CORP-MSN-AS-BLOCK	ZOHO Corporation B.V	1
serveriai.lt	allaw.lt	1
serveriai.lt	autokobra.lt	1
domenai.lt	tid.lt	1
serveriai.lt	higa.lt	1
CLOUDFLARENET	tiga.lt	1
domenai.lt	tscm.lt	1
UAB Interneto vizija	sobieski.lt	1
serveriai.lt	ceilings.lt	1
Vardas.lt, Uab	vizuali.lt	1
domains.lt	edsprojektai.lt	4
CLOUDFLARENET	34.lt	1
UAB Interneto vizija	mayrec.lt	1
cdnetdns.net	pphosted.com	1
CLOUDFLARENET	1ren.ren	1
dntrust.com	raisinbank.lt	1
home.pl	orcal.lt	1
dntrust.com	autohaus24.lt	1
Penkiu kontinentu komunikaciju centras, Ltd.	babravicius.lt	1
Telia Lietuva, AB	globalmerchant.lt	1
manopsichologas.lt	manopsichologas.lt	1
loopia.se	MICROSOFT-CORP-MSN-AS-BLOCK	1
serveriai.lt	grizlis.lt	1
momentdigital.fi	warnermusicbaltics.lt	1
Telia Lietuva, AB	metawood.lt	1
serveriai.lt	motofun.lt	1
serveriai.lt	dokumentas.lt	1
domenai.lt	alterdomus.lt	1
serveriai.lt	vitaelitera.lt	1
CLOUDFLARENET	aquagarden.lt	1
GANDI SAS	phonesystems.net	1
serveriai.lt	OVH SAS	7
Telia Lietuva, AB	debesta.lt	1
getspace.us	komolova.lt	1
eshoprent.com	fashionstyle.lt	1
Cloud DNS Ltd	UAB Interneto vizija	2
Akamai International B.V.	retarus.com	1
nameserv.name	Mittwald CM Service GmbH & Co. KG	2
serveriai.lt	auau.lt	1
serveriai.lt	ghost-lab.lt	2
serveriai.lt	gandras.lt	1
domains.lt	jonusis.lt	1
UAB Interneto vizija	tvarus.lt	1
NUCDN	kingcross.lt	1
domains.lt	jaj.lt	1
Telia Lietuva, AB	fenom.lt	1
bacloud.com	retiva.lt	1
AMAZON-02	kerio.cloud	1
domenai.lt	psychotherapy.lt	1
serveriai.lt	varpas.lt	1
serveriai.lt	palionis.lt	1
GOOGLE	Safenames Ltd.	8
serveriai.lt	aratravel.lt	1
serveriai.lt	merisoft.lt	1
serveriai.lt	greenwall.lt	1
serveriai.lt	84.lt	1
pulsen.se	MICROSOFT-CORP-MSN-AS-BLOCK	1
serveriai.lt	kontare.lt	1
Telia Lietuva, AB	stogrida.lt	1
serveriai.lt	aggamyba.lt	1
Hetzner Online GmbH	adrian.lt	1
serveriai.lt	danvel.lt	1
UAB Interneto vizija	vgroup.lt	1
serveriai.lt	rebuild.lt	1
1984.is	lsk.is	2
serveriai.lt	akez.lt	1
domenai.lt	kabokabo.lt	1
Kauno Technologijos Universitetas	lmb.lt	3
UAB Bite Lietuva	augus.lt	1
serveriai.lt	grep.lt	1
CLOUDFLARENET	cmd.lt	1
unifiedpost.com	epay.lt	4
serveriai.lt	heim.lt	1
o12.pl	fiamm.lt	1
Cloud DNS Ltd	rigma.lt	1
Telia Lietuva, AB	deltaconstruction.lt	1
Informacines sistemos ir technologijos, UAB	energysecurity.lt	1
Penkiu kontinentu komunikaciju centras, Ltd.	ratanas.lt	1
domenai.lt	inventorizacija.lt	1
serveriai.lt	mipartner.lt	1
serveriai.lt	micracrm.lt	1
serveriai.lt	nous.lt	1
Telia Lietuva, AB	kpv.lt	1
serveriai.lt	jnvmc.lt	1
serveriai.lt	hemi-sync.lt	1
Kauno Technologijos Universitetas	tvk.lt	4
serveriai.lt	kristinacheri.lt	1
serveriai.lt	skausmogydymas.lt	1
UAB Interneto vizija	vesc.lt	1
domenai.lt	azna.lt	1
serveriai.lt	ragane.lt	1
ipcom GmbH	gocelltherapy.lt	1
Deutsche Telekom AG	bs-shipmanagement.lt	1
hpdns.net	herbalchemist.lt	1
CLOUDFLARENET	not.lt	1
NUCDN	corialis-group.lt	1
Telia Lietuva, AB	dentaloffice.lt	1
serveriai.lt	restore.lt	1
com.au	mail-forwarder.io	1
domenai.lt	komodos.lt	1
serveriai.lt	adlit.lt	1
xundns.com	ns01.ru	1
serveriai.lt	o-live.lt	1
UAB Interneto vizija	horseshow.lt	1
serveris.lt	bygud.lt	1
Telia Lietuva, AB	mdcalc.lt	1
dnspool.net	lavamedia.lt	1
pegasus.it	schar.lt	1
devoro.cloud	UAB Baltnetos komunikacijos	1
Hetzner Online GmbH	babruna.lt	1
ul.ee	kickbike.lt	1
serveriai.lt	bonchop.lt	1
CLOUDFLARENET	snaige.lt	1
serveriai.lt	dvdr.lt	1
hostex.lt	resurso.lt	1
CLOUDFLARENET	aknet.eu	1
AMAZON-02	randstad.com	1
serveriai.lt	lepela.lt	1
Hetzner Online GmbH	Jsc ru-center	3
net.pl	diabites.lt	1
bacloud.com	misius.lt	1
UAB Interneto vizija	geopaslaugos.lt	1
NUCDN	iphmx.com	1
serveriai.lt	dermaclinic.lt	1
serveriai.lt	laurifer.lt	1
serveriai.lt	filmaks.lt	1
serveriai.lt	everestai.lt	1
serveriai.lt	alstara.lt	1
serveriai.lt	evogie.lt	1
serveriai.lt	darnusverslas.lt	1
serveriai.lt	xyz.lt	1
co.uk	worldbag.lt	1
UAB Bite Lietuva	krivka.lt	1
swiboda.com	norplex.no	1
UAB Elneta	soa.lt	1
serveriai.lt	fantastic.lt	1
Telia Lietuva, AB	novikas.lt	1
serveriai.lt	buhalterijospaslaugos.lt	1
serveriai.lt	transfer.lt	1
com.tw	com.tw	1
serveriai.lt	trails.lt	1
serveriai.lt	sask.lt	1
UAB Interneto vizija	trms.lt	1
serveriai.lt	agnera.lt	1
Sia Nano IT	spiritcapital.lt	1
getspace.us	misvita.lt	1
hostex.lt	lostshtetl.lt	1
proisp.no	vondoren.lt	1
Telia Lietuva, AB	protos.lt	1
serveriai.lt	sockaroo.lt	1
SECURITYSERVICES	nes.lt	1
xonet.fi	xonet.fi	2
serveriai.lt	fogsat.lt	1
serveriai.lt	rippa.lt	1
serveriai.lt	bonis.lt	1
AMAZON-02	e-guesthouse.lt	1
unifiedpost.com	unifiedpost.com	1
serveriai.lt	nirela.lt	1
CLOUDFLARENET	signs24.lt	1
hostex.lt	gaz.lt	1
Telia Lietuva, AB	panavas.lt	1
serveriai.lt	c24.lt	1
CLOUDFLARENET	lesmoralistes.lt	1
com.br	rafae.lt	1
YANDEX LLC	YANDEX LLC	9
itpc.lt	e-box.lt	1
serveriai.lt	zilinskis.com	2
NUCDN	GOOGLE	4
domenai.lt	mp3world.lt	1
serveriai.lt	arcluce.lt	1
domenai.lt	travianas.lt	1
serveriai.lt	futurequality.lt	1
UAB Interneto vizija	gettransfer.lt	1
Cloud DNS Ltd	ZOHO Corporation B.V	1
edata.lt	planas.lt	1
awsdns-09.org	Telia Cygate Oy	1
serveriai.lt	e-olearys.lt	1
serveriai.lt	intrans.lt	1
CLOUDFLARENET	ertero.lt	1
serveriai.lt	bri.lt	1
UAB Elneta	negotiationcenter.lt	1
UAB Rakrejus	cmyk.lt	1
Elisa Oyj	MICROSOFT-CORP-MSN-AS-BLOCK	4
serveriai.lt	kuptu24.lt	1
Telia Lietuva, AB	dagema.lt	1
CLOUDFLARENET	pbplus.lt	1
hostex.lt	metkonas.lt	1
serveriai.lt	modi.lt	1
JSC Selectel	Jsc ru-center	1
AMAZON-02	killerinktattoo.lt	1
serveris.lt	paynex.lt	1
serveriai.lt	nfq.lt	1
domenai.lt	interpreta.lt	1
domains.lt	etanetas.lt	4
serveriai.lt	gollo.lt	1
laukas.lt	Telia Lietuva, AB	11
Telia Lietuva, AB	vipmoving.lt	1
serveriai.lt	mathschool.lt	1
allunitedartists.com	jeetkunedo.lt	1
serveriai.lt	transformation.lt	1
domenai.lt	fitbody.lt	1
world4you.at	revvline.lt	1
Telia Lietuva, AB	ltenergija.lt	1
Telia Lietuva, AB	nkservice.lt	1
UAB Interneto vizija	electricity.lt	1
serveriai.lt	rdmx.lt	1
UAB Interneto vizija	kk2.lt	1
wedos.com	wedos.com	1
serveriai.lt	horecashop.lt	1
serveriai.lt	motipdupli.lt	1
serveriai.lt	ligneroset.lt	1
serveriai.lt	creazone.lt	1
CLOUDFLARENET	doti.lt	1
UAB Penki kontinentai	cooling.lt	1
Telia Lietuva, AB	cremecafe.lt	1
serveriai.lt	adverbum.lt	1
UAB Interneto vizija	aunova.lt	1
CLOUDFLARENET	soyacandles.lt	1
serveriai.lt	odalys.lt	1
hostex.lt	vadovukonferencija.lt	1
netim.net	afroce.lt	1
serveriai.lt	emtra.lt	1
data.lt	localhost	5
domenai.lt	vayubikini.lt	1
Sia Nano IT	lage.lt	1
ltmd.net	castolin.lt	1
balt.net	CLOUDFLARENET	2
DIGITALOCEAN-ASN	OVH SAS	11
Kauno Technologijos Universitetas	ayurvedacenter.lt	1
CLOUDFLARENET	msv1.invalid	4
serveriai.lt	sodeliciousvegan.lt	1
UAB Interneto vizija	quattro.lt	1
serveriai.lt	trap.lt	1
befox.de	bekom.net	1
serveriai.lt	pillarperformance.lt	1
domenai.lt	kapocius.lt	1
serveriai.lt	kabare.lt	1
CLOUDFLARENET	neo.space	1
domenai.lt	etida.lt	1
hostex.lt	litprint.lt	1
serveriai.lt	ym.lt	1
serveriai.lt	bisken.lt	1
serveriai.lt	tinklaitis.lt	1
serveriai.lt	ennovatek.lt	1
CLOUDFLARENET	chemify.com	1
contabo.net	data-driven.lt	1
getspace.us	mojis.lt	1
domains.lt	Tutao GmbH	6
checkdomain.de	vonpoll.lt	1
hostex.lt	lmma.lt	1
serveriai.lt	medpanel.lt	1
pro-linuxpl.com	shardacropchem.lt	1
serveriai.lt	puikikava.lt	1
serveriai.lt	fabrica.lt	1
SECURITYSERVICES	sagemcom.lt	1
getspace.us	rentexpert.lt	1
Telia Lietuva, AB	rentit.lt	1
serveriai.lt	vapglass.lt	1
UAB Interneto vizija	edvardas.lt	1
serveriai.lt	cibis.lt	1
serveris.lt	gvtrans.lt	1
Telia Lietuva, AB	UAB Baltnetos komunikacijos	6
serveriai.lt	dafta.lt	1
Hetzner Online GmbH	simanauskas.lt	1
UAB Interneto vizija	tisada.lt	1
serveriai.lt	evaday.lt	1
serveriai.lt	bigtech.lt	1
Institute of Mathematics and Computer Science of University of Latvia	GOOGLE	1
Telia Lietuva, AB	aestheta.lt	1
serveriai.lt	ekiu.lt	1
CLOUDFLARENET	zootop.lt	1
promocodex.com	nuolaidos-kodas.lt	1
serveriai.lt	buuba.lt	1
serveriai.lt	motelpanorama.lt	1
serveriai.lt	dudefoto.lt	1
Telia Lietuva, AB	2up.lt	1
UAB Interneto vizija	reis.lt	1
serveriai.lt	vytukas.lt	1
UAB Interneto vizija	proficard.lt	1
Hetzner Online GmbH	codesign.lt	1
UAB Rakrejus	tabasco.lt	1
serveriai.lt	blackbox.lt	1
CLOUDFLARENET	web-design.lv	2
wisniowski.pl	wisniowski.pl	1
Telia Lietuva, AB	familyacademy.lt	1
serveriai.lt	norder.lt	1
UAB Interneto vizija	marsc.lt	1
serveriai.lt	plasticus.lt	1
devault.cloud	devau.lt	1
Telia Lietuva, AB	lccl.lt	1
serveriai.lt	avrahome.lt	1
Telia Lietuva, AB	smart.lt	1
Telia Lietuva, AB	acapela.lt	1
CLOUDFLARENET	nuostabu.lt	1
serveriai.lt	maneda.lt	1
serveriai.lt	have.lt	1
domenai.lt	sellik.lt	1
UAB Bite Lietuva	refs.lt	1
serveriai.lt	voge.lt	1
serveriai.lt	ifs.lt	1
hap.lt	hap.lt	2
inmotionhosting.com	slog.lt	1
ACTIVE 24, s.r.o.	myshoptet.com	1
CLOUDFLARENET	mazeikiai.lt	1
OVH SAS	wranglerpower.lt	1
serveriai.lt	nematekas.lt	1
domenai.lt	clickcafe.lt	1
SECURITYSERVICES	kusmitea.lt	1
lmco.com	LM-CORP	2
UAB Bite Lietuva	kati.lt	1
balt.net	beres.lt	1
serveriai.lt	semasta.lt	1
CLOUDFLARENET	emob.lt	1
getspace.us	cukruota.lt	1
checkdomain.de	17min.lt	1
NUCDN	lival.lt	1
serveriai.lt	cipsas.lt	1
getspace.us	splatterstudio.lt	1
serveriai.lt	codriver.lt	1
Telia Lietuva, AB	hisas.lt	1
Cyber_Folks S.A.	vidaron.lt	1
serveriai.lt	baldusurinkimas.lt	1
serveriai.lt	centralhotel.lt	1
bacloud.com	ranking.lt	1
Hetzner Online GmbH	studio36.lt	1
CLOUDFLARENET	brc.lt	3
DIGITALOCEAN-ASN	MICROSOFT-CORP-MSN-AS-BLOCK	1
Claranet Limited	pohlcon.com	1
serveriai.lt	a5.lt	1
serveriai.lt	agenda50.lt	1
serveriai.lt	edoctor.lt	1
hostex.lt	YANDEX LLC	1
eastwesthost.com	ekstaze.lt	3
mvmnet.com	mvmnet.com	2
OVH SAS	spqr.lt	1
serveriai.lt	7c.lt	1
NUCDN	bial.lt	1
UAB Interneto vizija	archo.lt	1
eshoprent.com	aurune.lt	1
ukit.com	GOOGLE	1
powweb.com	wcu.lt	1
serveriai.lt	viadenta.lt	1
CLOUDFLARENET	rivjera.lt	1
serveriai.lt	aiti.lt	1
hostex.lt	projectvision.lt	1
Hetzner Online GmbH	Fastmail Pty Ltd	1
serveriai.lt	minime.lt	1
serveriai.lt	jundokan.lt	1
Telia Lietuva, AB	midara.lt	1
UAB Bite Lietuva	fagus.lt	1
serveriai.lt	emigrantas.lt	1
hostex.lt	label.lt	1
domains.lt	agv.lt	1
serveriai.lt	lures.lt	1
serveris.lt	pansam.lt	1
domains.lt	ibt.lt	1
serveriai.lt	lksa.lt	1
UAB Interneto vizija	lipika.lt	1
bacloud.com	erpas.lt	1
Telia Lietuva, AB	promotime.lt	1
NUCDN	entorno.es	2
domenai.lt	foto-shop.lt	1
NUCDN	boohoo.lt	1
serveriai.lt	magicspa.lt	1
Telia Lietuva, AB	frp.lt	1
NUCDN	silverlinetoolsonline.lt	1
Hetzner Online GmbH	odontos.lt	1
serveriai.lt	click2s.lt	1
serveriai.lt	auto-com.lt	1
serveriai.lt	insip.lt	1
Telia Lietuva, AB	liepa.lt	1
alfahosting.info	alldomains.hosting	1
serveriai.lt	eks.lt	1
IONOS SE	baumer.com	1
d-server.nl	d-server.nl	2
comsultia.com	GOOGLE	1
serveriai.lt	marketingovaldymas.lt	1
Telia Lietuva, AB	corpadvisers.lt	1
Cyber_Folks S.A.	mebline.lt	1
domenai.lt	okbrow.lt	1
serveriai.lt	emtech.lt	1
serveriai.lt	doublepizza.lt	1
serveriai.lt	rotaxkart.lt	1
Telia Lietuva, AB	insect.lt	1
balt.net	bauhof.ee	1
CLOUDFLARENET	fsa.lt	1
getspace.us	girama.lt	1
serveriai.lt	metalon.lt	1
serveriai.lt	itpletra.lt	1
UAB Interneto vizija	unimog.lt	1
CLOUDFLARENET	lollypop.lt	1
serveriai.lt	mbproject.lt	1
eshoprent.com	karateshop.lt	1
getspace.us	animatore.lt	1
serveriai.lt	grom.lt	1
fsdatans.net	mobill.lt	1
serveriai.lt	cantare.lt	1
serveriai.lt	verslovirsmai.lt	1
domains.lt	asistemos.lt	1
CLOUDFLARENET	gasthaus.lt	1
serveriai.lt	travel24.lt	1
hostex.lt	29.13	1
serveriai.lt	relgo.lt	1
anara.lt	anara.lt	1
AMAZON-02	sizzix.lt	1
GOOGLE	metromusic.lt	1
OVH SAS	kazlauskas.lt	1
serveriai.lt	vppc.lt	1
Telia Lietuva, AB	arborator.lt	1
Telia Lietuva, AB	telemed.lt	1
UAB Elneta	aise.lt	1
angel.de	MICROSOFT-CORP-MSN-AS-BLOCK	1
hostex.lt	rokmenas.lt	1
fornex.com	clima.lt	1
hostex.lt	eurocar.lt	1
serveriai.lt	bewi.lt	1
bacloud.com	lightdealers.lt	1
CLOUDFLARENET	NorthC Deutschland GmbH	7
NUCDN	onastra.lt	1
serveriai.lt	zoop.lt	1
serveriai.lt	offca.lt	1
serveriai.lt	soduimiskui.lt	1
hostex.lt	georgianhouse.lt	1
UAB Interneto vizija	japandays.lt	1
serveriai.lt	dame.lt	1
serveriai.lt	iskabos.lt	1
serveriai.lt	darbaiuzsienyje.lt	1
domenai.lt	varlytes.lt	1
CLOUDFLARENET	stilhaus.lt	1
serveriai.lt	kelvita.lt	1
serveriai.lt	fejerverkai.lt	1
domenai.lt	shift4.lt	1
CLOUDFLARENET	araks.lt	1
UAB Interneto vizija	1020.lt	1
euronic.fi	MICROSOFT-CORP-MSN-AS-BLOCK	3
Telia Lietuva, AB	angelana.lt	1
serveriai.lt	cki.lt	1
ipcom GmbH	tallink.com	2
CLOUDFLARENET	laurosnamai.lt	1
serveriai.lt	dentastra.lt	1
IONOS SE	sonnenbatterie.de	1
serveriai.lt	dairis.lt	1
serveriai.lt	mylek.lt	1
domenai.lt	satake.lt	1
serveriai.lt	pml.lt	1
serveriai.lt	legras.lt	1
Telia Lietuva, AB	polidays.lt	1
Telia Lietuva, AB	rupi.lt	1
Telia Lietuva, AB	lnx.lt	1
serveriai.lt	regmeta.lt	1
serveriai.lt	redcounty.lt	1
serveriai.lt	mementovivere.lt	1
domains.lt	kemperiunuoma.lt	1
serveriai.lt	ivppartners.lt	1
CLOUDFLARENET	nolimit.lt	1
serveriai.lt	usc.lt	1
serveriai.lt	mtrider.lt	1
serveris.lt	mivas.lt	1
serveriai.lt	alert.lt	1
serveriai.lt	metalbeta.lt	1
GOOGLE	kambo.lt	1
ns-smart.com	smart.it	1
AUTOMATTIC	wordpress.com	4
hostex.lt	eterniaenergy.lt	1
bacloud.com	motelparadise.lt	1
serveriai.lt	elektrika.lt	1
UAB Interneto vizija	kincare.lt	1
serveriai.lt	droneshoot.lt	1
serveriai.lt	mindhunters.lt	1
serveriai.lt	pile.lt	1
serveriai.lt	it-crowd.lt	1
hostex.lt	9000.lt	1
serveriai.lt	metacoris.lt	1
serveriai.lt	bliz.lt	1
Telia Lietuva, AB	vilnoja.lt	1
serveriai.lt	galaxy24.lt	1
telekom-domains.de	rmx.de	1
UAB Interneto vizija	gric.lt	1
serveriai.lt	likmere.lt	4
serveriai.lt	archive.lt	1
serveriai.lt	hiperfarma.lt	1
CLOUDFLARENET	elucida.lt	1
serveriai.lt	vilma.lt	1
serveriai.lt	vfx.lt	1
serveriai.lt	kutis.lt	1
serveriai.lt	ldf.lt	1
serveriai.lt	balsaitis.lt	1
home.pl	synthosgroup.com	1
domains.lt	zumis.lt	1
Hetzner Online GmbH	praninskas.lt	1
serveriai.lt	repc.lt	1
serveriai.lt	cityjeans.lt	1
UAB Interneto vizija	umbrina.lt	1
CLOUDFLARENET	20min.lt	1
eshoprent.com	e-rasa.lt	1
serveriai.lt	colibris.lt	1
hostex.lt	lifeplan.lt	1
finetic.nl	MICROSOFT-CORP-MSN-AS-BLOCK	1
Deutsche Telekom AG	biesterfeld.lt	1
serveriai.lt	ruby.lt	1
awsdns-13.com	skynet.lv	1
getspace.us	insola.lt	1
serveriai.lt	kung-fu.lt	1
serveriai.lt	ajauto.lt	1
serveriai.lt	kobra.lt	1
UAB Proservis	mitto.lt	1
Telia Lietuva, AB	dantugydymas.lt	1
serveriai.lt	joola.lt	1
Telia Lietuva, AB	50000.lt	1
phase8.net	GOOGLE	1
Telia Lietuva, AB	etrader.lt	1
domenai.lt	tavohobis.lt	1
UAB Bite Lietuva	ukko.lt	1
serveriai.lt	geogame.lt	1
checkdomain.de	mobility-trader.lt	1
serveriai.lt	bk.lt	1
xetnet.com	autodata.lt	1
JSC Selectel	UAB Interneto vizija	1
AMAZON-02	esta.lt	1
Telia Lietuva, AB	darias.lt	1
heitech.net	sachsenfahnen.de	1
AMAZON-02	wondershare.lt	1
serveriai.lt	etours.lt	1
CLOUDFLARENET	hosting24.com	1
ns14.net	scha.lt	1
CLOUDFLARENET	qoomed.lt	1
SECURITYSERVICES	orientexpress.lt	1
serveriai.lt	cargoexpert.lt	1
CLOUDFLARENET	futsal.lt	1
serveriai.lt	avesa.lt	1
serveriai.lt	viphost.lt	1
serveriai.lt	briel.lt	1
serveriai.lt	delicate.lt	1
balt.net	co.uk	1
Telia Lietuva, AB	ilvento.lt	1
serveriai.lt	babyono.lt	1
Hetzner Online GmbH	neozon.lt	1
CLOUDFLARENET	anpa.lt	1
serveriai.lt	o5.lt	1
Telia Lietuva, AB	gzi.lt	1
serveriai.lt	lask.lt	1
Host Europe GmbH	Host Europe GmbH	9
CLOUDFLARENET	cert.lt	2
serveriai.lt	ac4you.lt	1
serveriai.lt	floristika.lt	1
CLOUDFLARENET	dhosting.pl Sp. z o.o.	5
serveriai.lt	ltak.lt	1
HURRICANE	buzz.lt	1
hostex.lt	nukas.lt	1
serveriai.lt	k17.lt	1
ZONER a.s.	vshosting.cloud	1
serveriai.lt	medbase.lt	1
Hetzner Online GmbH	gikeda.lt	1
home.pl	GOOGLE	3
Telia Lietuva, AB	varniai.lt	1
serveriai.lt	florinta.lt	1
ipcom GmbH	remondis.com	1
domains.lt	saluda.lt	1
serveriai.lt	games.lt	1
serveriai.lt	kompotas.lt	1
serveriai.lt	maksimilian.lt	1
domenai.lt	nerkom.lt	1
bacloud.com	miegoimperija.lt	1
UAB Bite Lietuva	tironas.lt	1
home.pl	bopon.lt	1
123ns.eu	berlin-chemie.lt	1
serveris.lt	rudin.lt	1
UAB Elneta	pva.lt	1
AMAZON-02	param.lt	1
domains.lt	maxnet.lt	1
balt.net	kavinukoprekyba.lt	1
novonordisk.com	nnithosting.com	2
bacloud.com	eurile.lt	1
AMAZON-02	fosino.lt	1
Telia Lietuva, AB	vlvinvest.lt	1
hostex.lt	directmarketing.lt	1
serveriai.lt	lenze.lt	1
serveriai.lt	jonela.lt	1
ns14.net	clickparts.lt	1
domenai.lt	okbeauty.lt	1
CLOUDFLARENET	sviesosmagija.lt	1
Telia Lietuva, AB	kggn.lt	1
proc.lv	proc.lv	1
serveriai.lt	limtra.lt	1
serveriai.lt	jip.lt	1
edata.lt	nadiras.lt	1
serveriai.lt	dovydaityte.lt	1
domains.lt	poli.lt	2
serveriai.lt	dcp.lt	1
serveriai.lt	tslparts.lt	1
Telia Lietuva, AB	esthetica.lt	1
serveriai.lt	nastia.lt	1
Telia Lietuva, AB	subtilus.lt	1
serveriai.lt	partyrent.lt	1
meganet.lt	aletra.lt	1
serveriai.lt	hedonista.lt	1
GOOGLE	mbites.lt	1
hostex.lt	nsst.lt	1
serveris.lt	modeira.lt	1
Telia Lietuva, AB	redi.lt	1
Telia Lietuva, AB	egsis.lt	1
serveriai.lt	renatarimke.lt	1
domains.lt	teravil.lt	1
domains.lt	savel.org	2
ACTIVE 24, s.r.o.	izerex.lt	1
serveriai.lt	derisk.lt	1
ports.se	bufab.lt	1
serveriai.lt	minikiss.lt	1
serveriai.lt	nailschool.lt	1
serveriai.lt	rid.lt	1
webglobe.sk	mx-hub.cz	1
Telia Lietuva, AB	decanus.lt	1
serveriai.lt	isupport.lt	1
UAB Interneto vizija	m-shop.lt	1
UAB Interneto vizija	baklis.lt	1
dell.com	iphmx.com	1
magit.lt	laucius.lt	1
serveriai.lt	cocoa.lt	1
MICROSOFT-CORP-MSN-AS-BLOCK	interhyp.de	1
serveriai.lt	gabrile.lt	1
serveriai.lt	chessfed.lt	1
checkdomain.de	epal-pallets.lt	1
UAB Interneto vizija	staszkiewicz.lt	1
serveriai.lt	anete.lt	1
UAB Bite Lietuva	leksema.lt	1
serveriai.lt	heimdalsecurity.com	2
Telia Lietuva, AB	700.lt	1
getspace.us	trumai.lt	1
NSONE	ibm.com	1
O2switch SAS	we-bus.lt	1
Telia Lietuva, AB	cmg.lt	1
serveriai.lt	temsabus.lt	1
domenai.lt	fishspot.lt	1
Hetzner Online GmbH	aldenas.lt	1
Telia Lietuva, AB	dorsana.lt	1
serveriai.lt	fitodizainas.lt	1
serveriai.lt	sbx.lt	1
Telia Lietuva, AB	pometko.lt	1
gfsrv.net	Gameforge 4D GmbH	10
serveriai.lt	mieli.lt	1
serveriai.lt	reclamo.lt	1
UAB Interneto vizija	vaisnys.lt	1
serveriai.lt	autokausta.lt	1
serveriai.lt	sanmark.lt	1
Telia Lietuva, AB	skn.lt	1
Telia Lietuva, AB	darbo.lt	1
OVH SAS	ZOHO-AS	5
eshoprent.com	salamia.lt	1
Informacines sistemos ir technologijos, UAB	ideaart.lt	1
CLOUDFLARENET	127.lt	1
domains.lt	llti.lt	1
serveriai.lt	digitalroot.lt	1
hostfly.by	galeona.lt	1
serveriai.lt	paintservice.lt	1
serveriai.lt	smatis.lt	1
UAB Interneto vizija	wdb.lt	1
domains.lt	ZOHO-AS	9
Telia Lietuva, AB	probeton.lt	1
Hetzner Online GmbH	domodus.lt	1
serveriai.lt	profin.lt	1
Telia Lietuva, AB	maxlimo.lt	1
Ledl.net GmbH	vet-coaching.lt	1
Telia Lietuva, AB	piklis.lt	1
Telia Lietuva, AB	ofnis.lt	1
friendfinderinc.com	friendfinder.com	1
serveriai.lt	vigada.lt	1
serveriai.lt	niaura.lt	1
CLOUDFLARENET	kma.lt	1
GOOGLE	APPLE-ENGINEERING	3
serveriai.lt	s2.lt	1
serveriai.lt	fabrique.lt	1
serveriai.lt	uselis.lt	1
Telia Lietuva, AB	forit.lt	1
serveriai.lt	kerpita.lt	1
SECURITYSERVICES	UK-2 Limited	5
serveriai.lt	metaris.lt	1
serveriai.lt	dulskis.lt	1
domenai.lt	sgh.lt	1
balt.net	audra.lt	5
AMAZON-02	diamondcard.lt	1
hostex.lt	prosotu.lt	1
domenai.lt	orgazmas.lt	1
Hetzner Online GmbH	reisai.lt	1
serveriai.lt	alyva.lt	1
UAB Interneto vizija	fineura.lt	1
serveriai.lt	apartmentsforrent.lt	1
serveriai.lt	taktai.lt	1
serveriai.lt	plokstuminiai-pamatai.lt	1
serveriai.lt	wrestling.lt	1
domenai.lt	cyberpool.lt	1
SECURITYSERVICES	eversheds.lt	1
serveriai.lt	mtfinance.lt	1
getspace.us	pinkpunk.lt	1
svetainiucentras.lt	smpartners.lt	1
ANEXIA Internetdienstleistungs GmbH	Hetzner Online GmbH	1
hosting90.cz	adampac.lt	1
Telia Lietuva, AB	stipra.lt	1
serveriai.lt	luna6.lt	1
eshoprent.com	kamkam.lt	1
serveriai.lt	mrcoffee.lt	1
serveriai.lt	copyleft.lt	1
inetadmin.cz	inetadmin.cz	2
CLOUDFLARENET	themusic.lt	1
serveriai.lt	inventura.lt	1
ipcom GmbH	felder-group.com	2
hostex.lt	sql.lt	1
serveriai.lt	wakeup.lt	1
serveriai.lt	vee.lt	1
CLOUDFLARENET	legida.lt	1
serveriai.lt	pocketlisting.lt	1
serveriai.lt	zyle.lt	1
serveriai.lt	bpf.lt	1
serveriai.lt	whatismyip.lt	1
guebs.com	guebs.com	1
UAB Baltnetos komunikacijos	zeneva.lt	1
serveriai.lt	wowboutique.lt	1
bacloud.com	a-germany.lt	1
ukit.com	LLC VK	1
serveriai.lt	floors.lt	1
serveriai.lt	pmt.lt	1
Telia Lietuva, AB	naturprodukt.lt	1
nanolash.com	nanolash.lt	1
Telia Lietuva, AB	murmuratio.lt	1
CLOUDFLARENET	svic.lt	1
CLOUDFLARENET	schumann.lt	1
MB Redfox Cloud	streamers.lt	1
serveriai.lt	fraudinfo.lt	1
serveriai.lt	elmitra.lt	1
Telia Lietuva, AB	domainauction.lt	1
CLOUDFLARENET	mastis.lt	1
serveriai.lt	landyne.lt	1
serveriai.lt	kastrans.lt	1
serveriai.lt	aikada.lt	1
Telia Lietuva, AB	gauto.lt	1
OVH SAS	imdate.pl	2
serveriai.lt	happykiwi.lt	1
dataforest GmbH	fabiride.lt	1
serveriai.lt	consultores.lt	1
CLOUDFLARENET	010.lt	3
Infocom Uk Ltd	nemta.lt	1
UAB Interneto vizija	bg.lt	1
hosterion.com	hosterion.lt	1
eshoprent.com	babaria.lt	1
Kauno Technologijos Universitetas	vilniustech.lt	2
UAB Baltnetos komunikacijos	fiskalizacija.lt	1
bacloud.com	dumtraukis.lt	1
domains.lt	omgema.lt	1
UAB Interneto vizija	skalsa.lt	1
serveris.lt	termorama.lt	1
serveriai.lt	edushop.lt	1
Telia Lietuva, AB	9999.lt	1
serveris.lv	Institute of Mathematics and Computer Science of University of Latvia	2
Cyber_Folks S.A.	bigjump.lt	1
UAB Bite Lietuva	woodchip.lt	1
GOOGLE	voltmetras.lt	1
serveriai.lt	timbershop.lt	1
SECURITYSERVICES	beiersdorf.com	3
balt.net	baltmail.lt	2
serveriai.lt	procesis.lt	1
serveriai.lt	kasimodarbai.lt	1
Telia Lietuva, AB	negalia.lt	1
UAB Interneto vizija	ijk.lt	1
serveriai.lt	cranedrops.lt	1
hostex.lt	brokers.lt	1
cetsi.eu	integra.fr	1
serveriai.lt	apgt.lt	1
domenai.lt	medios.lt	1
serveriai.lt	jordanas.lt	1
Hetzner Online GmbH	auto-bonus.lt	1
da.direct	renovista.lt	1
domains.lt	GO-DADDY-COM-LLC	3
AMAZON-02	nanoleaf.lt	1
serveriai.lt	gekon.lt	1
Telia Lietuva, AB	alisa.lt	1
serveris.lt	serifai.lt	1
AMAZON-02	ivf-riga.lt	1
Hetzner Online GmbH	granulita.lt	1
serveriai.lt	rovita.lt	1
AUTOMATTIC	MICROSOFT-CORP-MSN-AS-BLOCK	1
serveriai.lt	pinkpong.lt	1
bacloud.com	virga.lt	1
serveriai.lt	dport.lt	1
serveriai.lt	arbis.lt	1
serveriai.lt	unimedpharma.lt	1
Telia Lietuva, AB	amoka.lt	1
UAB Interneto vizija	il.lt	1
CLOUDFLARENET	susivienijimas.lt	1
serveriai.lt	vialex.lt	1
serveriai.lt	impetus.lt	1
serveriai.lt	boulangerie.lt	1
A2HOSTING	realestatematching24.lt	1
CLOUDFLARENET	inweb.lt	1
serveriai.lt	fragrantica.lt	1
serveriai.lt	jauniskis.lt	1
CLOUDFLARENET	hostinger.lv	1
thinline.cz	GOOGLE	1
serveriai.lt	andromedainbaltic.lt	1
serveriai.lt	LLC VK	6
hostex.lt	pphosted.com	1
serveriai.lt	eurokelias.lt	1
ANEXIA Internetdienstleistungs GmbH	mailanyone.net	1
domains.lt	digitela.lt	1
serveriai.lt	rieker.lt	1
Telia Lietuva, AB	mendus.lt	1
serveriai.lt	ntorange.lt	1
serveriai.lt	spaklius.lt	1
corpinter.de	silberauto.com	1
home.pl	kernau.lt	1
getspace.us	scarfa.lt	1
NUCDN	masterbatch.lt	1
serveriai.lt	serpantinopaslaugos.lt	1
Telia Lietuva, AB	tauroalus.lt	1
serveriai.lt	mlp.lt	1
serveriai.lt	m2pro.lt	1
serveriai.lt	periodont.lt	1
serveriai.lt	emsculptneo.lt	1
serveriai.lt	dule.lt	1
SEDO GmbH	localhost	7
serveris.lt	cimic.lt	1
home.pl	kubus.lt	1
serveriai.lt	hardrokas.lt	1
serveriai.lt	luaa.lt	1
Telia Lietuva, AB	pam.lt	1
serveriai.lt	hi-power.lt	1
UAB Interneto vizija	cepulis.lt	1
serveriai.lt	metras.lt	1
atdt.hu	code3.hu	1
Telia Lietuva, AB	ush.lt	1
Hetzner Online GmbH	airboxeco.lt	1
UAB Interneto vizija	paloma.lt	1
UAB Interneto vizija	helveda.lt	1
CLOUDFLARENET	ensys.lt	1
Telia Lietuva, AB	kredora.lt	1
heights.nl	MICROSOFT-CORP-MSN-AS-BLOCK	1
ilait.se	MICROSOFT-CORP-MSN-AS-BLOCK	2
magit.lt	eurocars.lt	1
domains.lt	busko.lt	2
interna.me	frontal24.lt	1
getspace.us	weforest.lt	1
domains.lt	advis.lt	1
Telia Lietuva, AB	reo.lt	1
getspace.us	vit2go.lt	1
nameserver.co	filtercluster.com	2
AMAZON-02	ZOHO Corporation B.V	3
Cyber_Folks S.A.	huzaro.lt	1
serveriai.lt	agrofirma.lt	1
serveriai.lt	rockandroll.lt	1
serveriai.lt	patalpuvalymas.lt	1
MB Redfox Cloud	topen.lt	1
serveriai.lt	familyfed.lt	1
arca.lt	arca.lt	1
hosteur.com	florame.lt	1
ns14.net	lordsandknights.lt	1
domains.lt	silnet.lt	1
serveriai.lt	com-tech.lt	1
serveriai.lt	plaukiam.lt	1
gransy.com	thybit.lt	1
Zone Media OU	termnet.ee	1
serveriai.lt	sollink.lt	1
serveriai.lt	hostline.lt	1
CLOUDFLARENET	hostinger.hu	1
serveriai.lt	did.lt	1
infocentras.com	dipsas.lt	1
serveriai.lt	siusk.net	4
pns.lt	cloudvps.lt	1
hyp.net	Eurofiber France SAS	1
NUCDN	cimcool.lt	1
getspace.us	viptransport.lt	1
IONOS SE	dianetika.lt	1
bioregen.lt	bioregen.lt	1
UAB Interneto vizija	spo.lt	1
serveriai.lt	arenita.lt	1
gransy.com	GOOGLE	3
serveriai.lt	aura-soma.lt	1
CLOUDFLARENET	proxhost.email	2
hostex.lt	sgstrade.lt	1
hostwindsdns.com	breda.lt	1
UAB Interneto vizija	puga.lt	1
AMAZON-02	pphosted.com	7
123ns.de	brimica.lt	1
serveriai.lt	velmus.lt	1
bacloud.com	ltf.lt	1
serveriai.lt	balticinn.lt	1
CLOUDFLARENET	allencarr.lt	1
serveriai.lt	polsa.lt	1
net.pl	rivos.lt	1
serveriai.lt	debian.lt	1
bacloud.com	autlit.lt	1
serveriai.lt	caps.lt	1
serveriai.lt	glopro.lt	1
serveriai.lt	buyeu.lt	1
serveriai.lt	a84.lt	1
CLOUDFLARENET	net.pl	1
wavecom.ee	superalko.lt	1
serveriai.lt	keliueismotaisykles.lt	1
clamehost.com	clamehost.it	2
domains.lt	superadmin.lt	1
serveriai.lt	esavadai.lt	1
serveriai.lt	isblaivinimas.lt	1
UAB Interneto vizija	autoprog.lt	1
CLOUDFLARENET	gelsva.lt	1
serveriai.lt	mercado.lt	1
edata.lt	by.lt	1
CLOUDFLARENET	levenhuk.com	1
virtualzone.eu	Seznam.cz, a.s.	1
serveriai.lt	potato.lt	1
serveriai.lt	almeja.lt	1
Telia Lietuva, AB	rgg.lt	1
serveriai.lt	pukas.lt	1
netim.net	LLC VK	1
serveriai.lt	tiltuva.lt	1
serveriai.lt	grindys24.lt	1
serveriai.lt	duendelab.lt	1
serveriai.lt	jbc.lt	1
OVH SAS	multicook.lt	1
serveriai.lt	fabeta.lt	1
Vautron Rechenzentrum AG	a-b-c.lt	1
enco.lt	enco.lt	1
serveriai.lt	laserland.lt	1
serveriai.lt	prezo.lt	1
Sia Nano IT	northlight.lt	1
serveriai.lt	intercult.lt	1
itc-services.info	pjur.com	1
serveriai.lt	pcplius.lt	1
Telia Lietuva, AB	bpa.lt	1
serveriai.lt	hansgroup.lt	1
bacloud.com	gobold.lt	1
serveriai.lt	aikora.lt	1
serveriai.lt	princesports.lt	1
bacloud.com	plastita.lt	1
serveriai.lt	synergyeffect.lt	1
hostex.lt	intrajuris.lt	1
hostika.net	uandi.lt	1
Telia Lietuva, AB	respro.lt	1
CLOUDFLARENET	deka.ua	1
res.lt	cabletv.lt	1
domenai.lt	vice.lt	1
Telia Lietuva, AB	travel-art.lt	1
serveriai.lt	taps.lt	1
UAB Interneto vizija	akonta.lt	1
Telia Lietuva, AB	simmas.lt	1
UAB Interneto vizija	mug.lt	1
CLOUDFLARENET	kono.lt	1
serveriai.lt	weekend-warriors.lt	1
serveriai.lt	skautuslenis.lt	1
hostiq.ua	just-tv.lt	1
serveriai.lt	altfino.lt	1
hostex.lt	nineteen18.lt	1
domains.lt	itpa.lt	1
UAB Interneto vizija	aizo.lt	1
serveriai.lt	asperitus.lt	1
CLOUDFLARENET	hostens.cloud	4
GOOGLE	metaltonas.lt	1
serveriai.lt	gut.lt	1
serveriai.lt	jie.lt	1
CLOUDFLARENET	accountservergroup.com	1
CLOUDFLARENET	courts.lt	1
ipcom GmbH	spie.lt	1
GOOGLE	pauliusdragunas.lt	1
socket.lt	socket.lt	3
TIER-NET	pavasaris.lt	1
triple.be	0	2
Informacines sistemos ir technologijos, UAB	GOOGLE	1
Infocom Uk Ltd	isc.lt	1
serveriai.lt	tikiu.lt	1
serveriai.lt	inpage.lt	1
Telia Lietuva, AB	reklinika.lt	1
UAB Kauno interneto sistemos	9d.lt	1
serveriai.lt	mobarn.lt	1
serveriai.lt	mandarinai.lt	1
AMAZON-02	accessiway.lt	1
domains.lt	jachta.lt	1
NSONE	GOOGLE	9
serveriai.lt	lisandra.lt	1
areait.lv	mykiwi.lt	1
hostex.lt	startuplab.lt	1
regfish GmbH	moll-group.eu	1
domains.lt	Hostline, Uab	4
serveriai.lt	bevinci.lt	1
Hetzner Online GmbH	sistela.lt	1
serveriai.lt	partan.lt	1
serveriai.lt	1414.lt	1
da.direct	UAB Proservis	1
serveriai.lt	protectapeel.lt	1
CLOUDFLARENET	thinhost.eu	1
CLOUDFLARENET	8com.cz	1
Cyber_Folks S.A.	liderstal.lt	1
bacloud.com	avizo.lt	1
UAB Interneto vizija	stilit.lt	1
serveriai.lt	flyme.lt	1
domenai.lt	bronsun.lt	1
first-ns.de	advertsup.lt	1
studio-moderna.com	MICROSOFT-CORP-MSN-AS-BLOCK	3
CLOUDFLARENET	batteryempire.lt	1
GOOGLE	revenas.lt	1
UAB Interneto vizija	ncscolour.lt	1
register.be	UAB Interneto vizija	1
Hetzner Online GmbH	universaline.lt	1
CLOUDFLARENET	els.lt	1
serveriai.lt	formlita.lt	1
serveriai.lt	slalompro.lt	1
parkas.lt	vytas.lt	1
UAB Interneto vizija	cammora.lt	1
OVH SAS	UAB Interneto vizija	1
Cloud DNS Ltd	OVH SAS	1
bacloud.com	implantpro.lt	1
CLOUDFLARENET	autosales.lt	1
pluym.com	synmar.lt	1
serveriai.lt	klinikos.lt	1
micronet.lt	krena.lt	1
serveriai.lt	firedelete.lt	1
123ns.de	anaftin.lt	1
Telia Lietuva, AB	humanindustry.lt	1
serveriai.lt	wooden-art.lt	1
ltmd.net	GOOGLE	5
UAB Interneto vizija	profus.lt	1
serveriai.lt	santana.lt	1
Telia Lietuva, AB	floriste.lt	1
Telia Lietuva, AB	modernizacija.lt	1
Telia Lietuva, AB	sapnunamai.lt	1
serveriai.lt	forestsport.lt	1
Telia Lietuva, AB	qapter.lt	1
hostex.lt	bankservis.lt	1
CLOUDFLARENET	is.lt	1
serveriai.lt	glamu.lt	1
Telia Lietuva, AB	accinstyle.lt	1
bacloud.com	UAB Interneto vizija	5
domenai.lt	gramas.lt	1
bacloud.com	magnetai.lt	1
ROMARG SRL	de-levie.lt	1
serveriai.lt	7on.lt	1
serveriai.lt	vykti.lt	1
hostex.lt	pagrandukas.lt	1
serveriai.lt	testlab.lt	1
UAB Bite Lietuva	getready.lt	1
serveriai.lt	garsoaparaturosnuoma.lt	1
dotroll.com	dotroll.com	2
citadele.lv	AS2-TRENDMICRO-COM	1
serveriai.lt	buono.lt	1
UAB Proservis	mintstudio.lt	1
serveriai.lt	gkk.lt	1
AMAZON-02	indeform.com	1
CLOUDFLARENET	citas.lt	1
serveriai.lt	simplysystem.lt	1
hidra.lt	hidra.lt	1
ihordns.net	UAB Balticum TV	1
domenai.lt	yinyang.lt	1
serveriai.lt	writelab.lt	1
CLOUDFLARENET	evisit.lt	1
bacloud.com	lagriva.lt	1
CLOUDFLARENET	bestnfast.lt	1
Telia Lietuva, AB	rediant.lt	1
UAB Interneto vizija	artstyles.lt	1
magit.lt	limgroup.lt	1
bacloud.com	strolys.lt	1
Telia Lietuva, AB	jts.lt	1
nscluster.ee	OVH SAS	4
domserver.de	belitas.lt	1
Cloud DNS Ltd	susilk.lt	1
serveriai.lt	bcw.lt	1
serveriai.lt	kligys.lt	1
serveriai.lt	cloudrix.lt	1
NSONE	swedbank.ee	3
AMAZON-02	trovit.com	1
Telia Lietuva, AB	belia.lt	1
serveriai.lt	itadmin.lt	1
serveriai.lt	librum.lt	1
CLOUDFLARENET	dons.lt	1
serveriai.lt	whoopgroup.lt	1
123ns.de	rheinzink.lt	1
home.pl	jmcadventure.lt	1
CLOUDFLARENET	hsplus.email	2
Informacines sistemos ir technologijos, UAB	idealine.lt	1
Iomart Cloud Services Limited	co.uk	1
verisigndns.com	GOOGLE	2
serveriai.lt	beneta.lt	1
serveriai.lt	epeios.lt	1
serveriai.lt	eurotel.lt	1
serveriai.lt	franciacorta.lt	1
serveriai.lt	rebellion.lt	1
serveriai.lt	atostogosturkijoje.lt	1
serveriai.lt	bactrack.lt	1
CLOUDFLARENET	pypauto.lt	1
NSONE	medispa.lt	1
serveriai.lt	modeal.lt	1
MICROSOFT-CORP-MSN-AS-BLOCK	neutral.lt	1
Telia Lietuva, AB	monetis.lt	1
domenai.lt	tevai.lt	1
Telia Lietuva, AB	jor.lt	1
Hetzner Online GmbH	Telia Cygate Oy	6
serveriai.lt	vsuc.lt	1
home.pl	teknikagroup.lt	1
UAB Interneto vizija	wfoto.lt	1
Kauno Technologijos Universitetas	bulas.lt	1
Telia Lietuva, AB	dentita.lt	1
Kauno Technologijos Universitetas	lietuvosrytas.lt	1
CLOUDFLARENET	kpop.lt	1
domenai.lt	flocker.lt	1
hostex.lt	bundonis.lt	1
hosted-power.com	emarkas.lt	1
CLOUDFLARENET	qq.com	2
bacloud.com	databox.lt	1
serveriai.lt	bockus.lt	1
domdom.net	domdom.hu	1
serveriai.lt	campanula.lt	1
UAB Interneto vizija	tekina.lt	1
serveriai.lt	daikra.lt	1
hostex.lt	diaspora.lt	1
serveriai.lt	kedra.lt	1
serveriai.lt	stefa.lt	1
balt.net	2v.lt	1
serveriai.lt	kiddime.lt	1
ipcom GmbH	Nameshield SAS	1
loginet.ee	organic-shop.lt	1
balt.net	vetma.lt	1
Telia Lietuva, AB	ifunshop.lt	1
CLOUDFLARENET	2v.lt	1
UAB Interneto vizija	kil.lt	1
UAB Interneto vizija	zentelis.lt	1
CLOUDFLARENET	xdate.lt	1
serveriai.lt	no-tax.lt	1
CLOUDFLARENET	leith.de	1
UAB Interneto vizija	mppclothing.lt	1
CLOUDFLARENET	livestats.lt	1
Sia Nano IT	4forest.lt	1
domains.lt	YANDEX LLC	3
CLOUDFLARENET	statyboszurnalas.lt	1
serveriai.lt	finesta.lt	1
serveriai.lt	barduva.lt	1
serveriai.lt	result.lt	1
serveriai.lt	posmed.lt	1
Hetzner Online GmbH	infosoft.lt	1
CLOUDFLARENET	semar.net	1
fornex.com	edem.lt	1
domains.lt	lkd.lt	1
serveriai.lt	prosteam.lt	1
serveriai.lt	intespa.lt	1
CLOUDFLARENET	studiogsk.lt	1
CLOUDFLARENET	magvis.lt	1
serveris.lt	saliva.lt	1
CLOUDFLARENET	iuvo.lt	1
Vardas.lt, Uab	CLOUDFLARENET	2
bacloud.com	abuva.lt	1
OVH SAS	gh777.lt	1
tux4web.de	tux4web.de	1
serveriai.lt	mamuku.lt	1
Telia Lietuva, AB	appl.lt	1
serveriai.lt	vitaresta.lt	1
serveriai.lt	runmis.lt	1
Cyber_Folks S.A.	centro-chem.lt	1
CLOUDFLARENET	zenzen.lt	1
Telia Lietuva, AB	sila.lt	1
bacloud.com	kitaspasaulis.lt	1
UAB Interneto vizija	sira.lt	1
Telia Lietuva, AB	vaidoma.lt	1
NUCDN	cartridgepeople.lt	1
CLOUDFLARENET	kvakva.lt	1
serveriai.lt	grunta.lt	1
PONYNET	barkber.lt	1
serveriai.lt	esina.lt	1
bacloud.com	kaledai.lt	1
serveriai.lt	bentski.lt	1
home.pl	somati-system.lt	1
hostex.lt	airs.lt	1
serveriai.lt	persiski-kilimai.lt	1
serveriai.lt	startstop.lt	1
Telia Lietuva, AB	ltlogistics.lt	1
UAB Interneto vizija	cocktails.lt	1
serveriai.lt	bignetas.lt	1
serveriai.lt	matuokliai.lt	1
Telia Lietuva, AB	ollo.lt	1
Telia Lietuva, AB	elkoda.lt	1
Telia Lietuva, AB	dotama.lt	1
Telia Lietuva, AB	iskada.lt	1
Telia Lietuva, AB	nsconsulting.lt	1
QUIC-CLOUD	estbeauty.lt	1
serveriai.lt	japoko.lt	1
serveriai.lt	kyoto.lt	1
weuk.net	co.uk	1
serveriai.lt	litansa.lt	1
absolutushost.nl	MICROSOFT-CORP-MSN-AS-BLOCK	1
GOOGLE	mworker.lt	1
Telia Lietuva, AB	wheel.lt	1
CLOUDFLARENET	zyro.com	4
home.pl	romer.lt	1
serveriai.lt	peakm.lt	1
bluecatdns.com	affecto.com	1
serveriai.lt	lto.lt	1
serveriai.lt	autoaira.lt	1
Telia Lietuva, AB	lrsa.lt	1
GOOGLE	bacchus.lt	1
AMAZON-02	kookai.lt	1
hostika.net	ria.lt	1
domains.lt	consus.lt	1
serveriai.lt	red-room.lt	1
hyp.net	MICROSOFT-CORP-MSN-AS-BLOCK	3
serveriai.lt	pedute.lt	1
serveriai.lt	egmus.lt	1
ipress.ch	sharity.lt	1
UAB Interneto vizija	solutions.lt	1
serveriai.lt	lj.lt	1
CLOUDFLARENET	guri.lt	1
serveriai.lt	eurodesign.lt	1
serveriai.lt	bady.lt	1
hostex.lt	reklama123.lt	1
UAB Interneto vizija	reapi.lt	1
alphamega.nl	alphamega.nl	1
Zone Media OU	Vardas.lt, Uab	1
introdns.hu	intromail.hu	1
Telia Lietuva, AB	druskininkuforumas.lt	1
linfosys.com	MICROSOFT-CORP-MSN-AS-BLOCK	1
CLOUDFLARENET	SQUIXA PTY LIMITED	5
serveriai.lt	izleep.lt	1
serveriai.lt	proledlight.lt	1
serveriai.lt	ertlionamas.lt	1
serveriai.lt	tabelo.lt	1
Telia Lietuva, AB	karanauskas.lt	1
Telia Lietuva, AB	varle.lt	1
serveriai.lt	ddvl.lt	1
Telia Lietuva, AB	autospds.lt	1
awsdns-38.com	MICROSOFT-CORP-MSN-AS-BLOCK	1
UAB Balticum TV	almar.lt	2
GOOGLE	us.lt	1
Telia Lietuva, AB	namija.lt	1
virtuaal.com	umu.lt	1
serveriai.lt	ferona.lt	1
hostex.lt	barsukas.lt	1
serveriai.lt	primadent.lt	1
serveriai.lt	wiselab.lt	1
CLOUDFLARENET	mypos.com	1
co.uk	caselogic.lt	1
gransy.com	metalshop.lt	1
Informacines sistemos ir technologijos, UAB	v2c.lt	1
serveriai.lt	antologija.lt	1
Institute of Mathematics and Computer Science of University of Latvia	insbergs.com	1
serveriai.lt	duevo.lt	1
Telia Lietuva, AB	radio-o.lt	1
domenai.lt	egc.lt	1
CLOUDFLARENET	tolyn.lt	1
serveriai.lt	rola.lt	1
CLOUDFLARENET	1q.lt	2
serveriai.lt	xled.lt	1
serveriai.lt	senelis.lt	1
serveriai.lt	rynkiewicz.lt	1
UAB Interneto vizija	therapy.lt	1
serveriai.lt	fretus.lt	1
serveriai.lt	aidia.lt	1
GANDI SAS	smtp.goog	2
irodakomplex.hu	infoartnet.hu	1
jchost15.pl	hkslazar.lt	1
serveriai.lt	kggroup.eu	2
serveriai.lt	negative.lt	1
domains.lt	agrokoncernas.lt	2
serveriai.lt	d32c.lt	1
serveriai.lt	i-support.lt	1
UAB Interneto vizija	UAB Baltnetos komunikacijos	2
checkdomain.de	teamspeak.lt	1
home.pl	rebelhorn.lt	1
awsdns-20.com	GOOGLE	1
Telia Lietuva, AB	cabero.lt	1
home.pl	ampm-watches.lt	1
Telia Lietuva, AB	dummy.lt	1
AMAZON-02	rmarkets.lt	1
serveriai.lt	bestgo.lt	1
UAB Cgates	vdnet.lt	1
Telia Lietuva, AB	geosoma.lt	1
ACTIVE 24, s.r.o.	lowy.lt	1
UAB Interneto vizija	flammifera.lt	1
banahosting.com	griauti.lt	1
QUIC-CLOUD	UAB Interneto vizija	2
serveriai.lt	xcars.lt	1
UAB Baltnetos komunikacijos	travelmore.lt	1
UAB Interneto vizija	bliujus.lt	1
ml.ee	MICROSOFT-CORP-MSN-AS-BLOCK	1
serveriai.lt	glamgirls.lt	1
serveriai.lt	mtso.lt	1
AMAZON-02	moreland.lt	1
markmonitor.com	manasco.be	1
serveriai.lt	bughunters.lt	1
serveriai.lt	alza.lt	1
hoster.by	GOOGLE	2
serveriai.lt	adventurestop.lt	1
bacloud.com	lowrain.lt	1
serveriai.lt	amelisukneles.lt	1
serveriai.lt	ringas.lt	1
domenai.lt	wordorado.com	2
domains.lt	ankamega.lt	1
serveriai.lt	autogroup.lt	1
xtsystem.it	truemail.it	1
serveriai.lt	morrishair.lt	1
hostex.lt	sexclub.lt	1
bytecamp.net	bytecamp.net	1
serveriai.lt	ippon.lt	1
serveriai.lt	pdc.lt	1
serveriai.lt	dominatus.lt	1
CLOUDFLARENET	saviola.lt	1
domenai.lt	kurtuva.lt	1
Telia Lietuva, AB	aigis.lt	1
serveriai.lt	lasys.lt	1
UAB Interneto vizija	melaminas.lt	1
serveriai.lt	mformad.lt	1
Nazwa.pl Sp.z.o.o.	renggli.lt	1
serveriai.lt	GOOGLE-CLOUD-PLATFORM	12
bacloud.com	autonuoma.lt	1
domains.lt	pae.lt	1
otaverkko.fi	otaverkko.fi	1
hostex.lt	regroup.lt	1
com.br	cvrdinternational.lt	1
nameshield.net	gmessaging.net	1
Telia Lietuva, AB	laimalux.lt	1
bacloud.com	ZOHO-AS	1
serveriai.lt	klaus.lt	1
infocentras.com	viptransfer.lt	1
serveriai.lt	acc.lt	1
serveriai.lt	finvega.lt	1
CLOUDFLARENET	eroklubas.lt	1
serveriai.lt	elme.lt	1
serveriai.lt	julbo.lt	1
Telia Lietuva, AB	ail.lt	1
serveriai.lt	ulbikas.lt	1
Telia Lietuva, AB	tegra.lt	1
systemdns.com	mailbuilderbuilder.com	4
proisp.no	ment.lt	1
domenai.lt	canumo.lt	1
serveriai.lt	ljc.lt	1
CLOUDFLARENET	t4.lt	1
serveriai.lt	energas.lt	1
bacloud.com	avenueart.lt	1
Cyber_Folks S.A.	chigee.lt	1
serveriai.lt	katus.lt	1
serveriai.lt	msakademija.lt	1
Telia Lietuva, AB	inteka.lt	1
CLOUDFLARENET	benita-art.lt	1
CLOUDFLARENET	lol.lt	1
serveriai.lt	i-vita.lt	1
domains.lt	smcsport.lt	1
serveriai.lt	incognito.lt	2
UAB Elneta	negotiation.lt	1
wservices.ch	wservices.ch	2
Telia Lietuva, AB	popo.lt	1
serveriai.lt	bfdgroup.lt	1
Telia Lietuva, AB	takas.lt	7
UAB Interneto vizija	ssstudio.lt	1
domains.lt	wr.lt	1
CLOUDFLARENET	rastai.lt	1
UAB Interneto vizija	babystar.lt	1
serveriai.lt	dnr.lt	1
serveriai.lt	shopinchina.lt	1
balt.net	iauto.lt	1
serveriai.lt	roas.lt	1
UAB Interneto vizija	pcrepair.lt	1
UAB Interneto vizija	mounts.lt	1
serveriai.lt	baa.lt	1
Informacines sistemos ir technologijos, UAB	reforma.lt	1
fastdirectadmin.com	jmm-muziejus.lt	1
serveriai.lt	lightburn.lt	1
gethost.nl	job4everybody.lt	1
serveriai.lt	adorata.lt	1
hostex.lt	remontis.lt	1
CLOUDFLARENET	ct-dent.lt	1
serveriai.lt	earlyrider.lt	1
serveriai.lt	personalcoach.lt	1
CLOUDFLARENET	ibvex.lt	1
AMAZON-02	dipmycar.lt	1
CLOUDFLARENET	incognito.lt	1
CLOUDFLARENET	qisa.lt	1
CLOUDFLARENET	honeywell.com	4
UAB Bite Lietuva	elitefootball.lt	1
serveriai.lt	prosafety.lt	1
ipcom GmbH	sauermann.lt	1
Hostinger International Limited	kalimba.lt	1
domenai.lt	montenegro.lt	1
Telia Lietuva, AB	minx.lt	1
serveriai.lt	paymentsolutions.lt	1
serveriai.lt	sellev.lt	1
garmtech.com	MICROSOFT-CORP-MSN-AS-BLOCK	1
serveriai.lt	sich.lt	1
bacloud.com	lovaspintoje.lt	1
serveriai.lt	tentukas.lt	1
vas-hosting.com	vas-hosting.cz	4
serveriai.lt	studijazet.lt	1
cargo.site	UAB Interneto vizija	2
worldcastdns.com	smartemail.se	1
serveriai.lt	ginsta.lt	1
combell.net	aalberts.lt	1
balt.net	flexiseq.lt	1
serveriai.lt	mgbaltic.lt	1
PEPSICO-NA	zone.eu	1
serveriai.lt	grepa.lt	1
serveriai.lt	pirkcia.lt	1
serveriai.lt	kamra.lt	1
UAB Interneto vizija	algirdo.lt	1
hap.lt	bankrot.lt	1
serveriai.lt	krspt.lt	1
Telia Lietuva, AB	psichologai.lt	1
serveriai.lt	pedicure.lt	1
Cyber_Folks S.A.	mercedes-oldtimer.lt	1
ltmd.net	video.lt	1
CLOUDFLARENET	can.lt	1
serveriai.lt	klk.lt	1
serveriai.lt	rsvb.lt	1
serveriai.lt	lateja.lt	1
serveriai.lt	gerapaskola.lt	1
bacloud.com	rart.lt	1
domenai.lt	inoxpro.lt	1
serveriai.lt	eseb.lt	1
serveriai.lt	bariflo.lt	1
serveriai.lt	a13.lt	1
serveriai.lt	alt13.lt	1
domenai.lt	AUTOMATTIC	4
UAB Interneto vizija	fn.lt	1
serveriai.lt	juara.lt	1
Zone Media OU	joon.lt	1
CLOUDFLARENET	iris.lt	1
serveriai.lt	preisas.lt	1
GOOGLE	zispb.lt	1
iptwins.com	Forcepoint Cloud Ltd	2
CLOUDFLARENET	deb3sis.lt	1
hostex.lt	sateka.lt	1
balt.net	zebra.lt	1
serveriai.lt	chipai.lt	1
UAB Bite Lietuva	megava.lt	1
BMS-AS	pomalidomide.lt	1
serveriai.lt	artuslt.lt	1
domains.lt	almaja.lt	1
serveriai.lt	AMAZON-AES	3
fbihosting.com	poplin.lt	1
Telia Lietuva, AB	gestalt.lt	1
maxcluster.net	MICROSOFT-CORP-MSN-AS-BLOCK	1
UAB Interneto vizija	6x6.lt	1
serveriai.lt	daik.lt	1
serveriai.lt	ariva.lt	1
serveriai.lt	winframe.lt	1
Telia Lietuva, AB	linteka.lt	1
serveriai.lt	partygo.lt	1
Telia Lietuva, AB	uabkv.lt	1
CLOUDFLARENET	pokiai.lt	1
UAB Interneto vizija	eg.lt	1
qware.eu	routit.net	1
Telia Lietuva, AB	barral.lt	1
Telia Lietuva, AB	zubr.lt	1
serveriai.lt	jugo.lt	1
UAB Elneta	office-inn.lt	1
serveriai.lt	aistes.lt	1
serveriai.lt	aoptika.lt	1
hostex.lt	bohemashop.lt	1
UAB Interneto vizija	asun.lt	1
UAB Elneta	tandemas.lt	1
hostex.lt	icebergholding.com	1
CLOUDFLARENET	simonyte.lt	1
GOOGLE	jazzvilla.lt	1
serveriai.lt	gengen.lt	1
UAB Interneto vizija	la.lt	1
swizzonic.ch	swizzonic-mail.ch	2
Telia Eesti AS	cactus.ee	2
Beyond.pl sp. z o.o.	aftermarket.hosting	1
ipcom GmbH	tikamoon.lt	1
CLOUDFLARENET	pjmd.lt	1
vegasystems.de	vegasystems.de	1
123ns.de	ranexa.lt	1
CLOUDFLARENET	nightguards.lt	1
serveriai.lt	moire.lt	1
serveriai.lt	gameshelf.lt	1
serveriai.lt	forestex.lt	1
co.uk	selwood.lt	1
UAB Interneto vizija	verifo.lt	1
serveriai.lt	gerasvardas.lt	1
serveriai.lt	alveva.lt	1
serveriai.lt	balboa.lt	1
domenai.lt	livingroom.lt	1
serveriai.lt	mjr.lt	1
domenai.lt	66.lt	1
serveriai.lt	help.lt	2
serveris.lt	markatas.lt	1
Telia Lietuva, AB	iseki.lt	1
AMAZON-02	dukas.lt	1
serveriai.lt	1000bubbles.lt	1
Telia Lietuva, AB	simkom.lt	1
checkdomain.de	autobid.lt	1
serveriai.lt	infopa.lt	1
AMAZON-02	zelatonin.lt	1
CLOUDFLARENET	alvadi.lt	1
serveriai.lt	benera.lt	1
Telia Lietuva, AB	it-up.lt	1
ports.se	unilabs.lt	1
CLOUDFLARENET	IONOS SE	3
hostex.lt	infosp.lt	1
CLOUDFLARENET	sireda.lt	1
dns24.net	sectorpages.lt	1
CLOUDFLARENET	finbro.lt	1
domenai.lt	CLOUDFLARENET	8
domenai.lt	newyork.lt	1
zomro.com	sexbaltic.lt	1
netsis.lt	netsis.lt	1
serveriai.lt	addvisors.lt	1
CLOUDFLARENET	pppvm.lt	1
serveriai.lt	liteko.lt	1
CLOUDFLARENET	areait.lv	3
Cyber_Folks S.A.	namplan.lt	1
banahosting.com	dogclub.lt	1
serveriai.lt	nefrosana.lt	1
domenai.lt	energie.lt	1
serveriai.lt	drasa.lt	1
photon.info	130.8	1
serveriai.lt	wise2sync.lt	1
gazprombank.lt	gazprombank.ru	1
gransy.com	drivedock.lt	1
serveriai.lt	role.lt	1
serveriai.lt	nst.lt	1
liubit.lt	gappay.lt	1
Telia Lietuva, AB	eirta.lt	1
serveriai.lt	balkonai.lt	1
serveriai.lt	redo.lt	1
Penkiu kontinentu komunikaciju centras, Ltd.	dta.lt	1
serveriai.lt	dunamai.lt	1
AMAZON-02	kekavafoods.lt	1
domenai.lt	irondigital.lt	1
serveriai.lt	olicargo.lt	1
serveriai.lt	herbela.lt	1
Telia Lietuva, AB	litrada.lt	1
eshoprent.com	surasta.lt	1
Kauno Technologijos Universitetas	pamarys.lt	1
serveriai.lt	iqcare.lt	1
serveriai.lt	podolab.lt	1
serveriai.lt	salida.lt	1
serveriai.lt	vsl.lt	1
Telia Lietuva, AB	qpa.lt	1
serveriai.lt	amino.lt	1
serveriai.lt	barent.lt	1
serveriai.lt	monaphotography.lt	1
CLOUDFLARENET	hardstyle.lt	1
serveriai.lt	eurolift.lt	1
hostex.lt	novitena.lt	1
SECURITYSERVICES	Sabiedriba ar ierobezotu atbildibu DELSKA Latvia	1
serveriai.lt	manifesto.lt	1
freehosting.com	ether.lt	1
Telia Lietuva, AB	scandex.lt	1
serveriai.lt	ruke.lt	1
hostex.lt	restamodular.lt	1
CLOUDFLARENET	e-box.lt	2
serveriai.lt	epic.lt	1
serveriai.lt	cme.lt	1
serveriai.lt	inbrevi.lt	1
bacloud.com	serumas.lt	1
serveriai.lt	visavis.lt	1
ltmd.net	nutika.lt	1
Telia Lietuva, AB	gotinga.lt	1
WEHOSTWEBSITES-COM	miletihats.lt	1
serveriai.lt	hpline.lt	1
serveriai.lt	intimatehome.lt	1
net.pl	enzoli.lt	1
UAB Interneto vizija	bateliai.lt	1
hostex.lt	forestmanagement.lt	1
serveriai.lt	cargoland.lt	1
serveriai.lt	cups.lt	1
getspace.us	areklama.lt	1
registrar-servers.com	non.lt	1
hostex.lt	arut.lt	1
CLOUDFLARENET	smoothies.lt	1
serveriai.lt	googlr.lt	1
ipcom GmbH	SQUIXA PTY LIMITED	3
AMAZON-02	bingonthebox.lt	1
serveriai.lt	mobilusmokejimai.lt	1
domenai.lt	tavoweb.lt	1
serveriai.lt	anekdotas.lt	1
Telia Lietuva, AB	inbalto.lt	1
serveriai.lt	divalta.lt	1
serveriai.lt	liquor.lt	1
ketmokymas.lt	ketmokymas.lt	1
domains.lt	topogrupe.lt	2
SECURITYSERVICES	activia.lt	1
serveriai.lt	mhi.lt	1
CLOUDFLARENET	mydroneparts.lt	1
serveriai.lt	gravitsapa.lt	1
serveriai.lt	kulva.lt	1
serveriai.lt	promptlab.lt	1
UAB Interneto vizija	oncotechnas.lt	1
domains.lt	invicte.lt	1
serveriai.lt	separatum.lt	1
serveriai.lt	kiwicontact.lt	1
serveriai.lt	cae-systems.lt	1
serveriai.lt	cos.lt	1
eshoprent.com	kolekto.lt	1
serveriai.lt	dogan.lt	1
CLOUDFLARENET	labbis.lt	1
avnet.eu	avnet.com	1
domenai.lt	bartus-pro.lt	1
serveriai.lt	geoera.lt	1
serveriai.lt	voodoosales.lt	1
bacloud.com	saulinga.lt	1
serveriai.lt	antiradaras.lt	1
OVH SAS	emobotix.lt	1
serveriai.lt	robo.lt	1
domenai.lt	lunaria.lt	1
vigbo.site	GOOGLE	1
serveriai.lt	lipe.lt	1
Key-Systems GmbH	stauff.lt	1
domains.lt	webdesign.lt	1
Telia Lietuva, AB	saulesspektras.lt	3
edata.lt	moser.lt	1
serveriai.lt	ketux.lt	1
domains.lt	llbm.lt	1
domenai.lt	pentaclus.lt	1
serveriai.lt	bijune.lt	1
awsdns-29.org	GOOGLE	1
Telia Lietuva, AB	uvb.lt	1
serveriai.lt	padelspot.lt	1
CLOUDFLARENET	convo.lt	1
Telia Lietuva, AB	bdsystem.lt	1
ltmd.net	buhgalteria.lt	1
vinita.lt	GOOGLE	1
serveriai.lt	tdp.lt	1
serveris.lt	salut.lt	1
magit.lt	lapineda.lt	1
Telia Lietuva, AB	lift.lt	1
serveriai.lt	kazka.lt	1
areait.lv	latvin.lt	1
ZONER a.s.	zoner.com	2
serveriai.lt	siltra.lt	1
domenai.lt	8nty.lt	1
UAB Interneto vizija	cars4rent.lt	1
benders.se	SQUIXA PTY LIMITED	1
data.lt	37.82	1
serveriai.lt	advokatucentras.lt	1
Hetzner Online GmbH	smarthit.lt	1
CLOUDFLARENET	italeri.lt	1
serveriai.lt	vitacor.lt	1
CLOUDFLARENET	varlesca.lt	1
Telia Lietuva, AB	abriga.lt	1
serveriai.lt	amberos.lt	1
serveriai.lt	berza.lt	1
CLOUDFLARENET	eurodata.lt	1
CLOUDFLARENET	Datacamp Limited	9
recohost.com	reco.lt	1
Zone Media OU	taevas.lt	1
serveriai.lt	dameta.lt	8
AMAZON-02	partnersgroup.com	1
Zone Media OU	Proton AG	4
UAB Interneto vizija	mediabv.lt	1
balt.net	midama.lt	1
Nazwa.pl Sp.z.o.o.	MICROSOFT-CORP-MSN-AS-BLOCK	1
bacloud.com	junoma.lt	1
Hetzner Online GmbH	instalika.lt	1
UAB Interneto vizija	data-logic-comerce.lt	1
Telia Lietuva, AB	getflex.lt	1
UAB Interneto vizija	firework.lt	1
GOOGLE	eisi.lt	1
Hetzner Online GmbH	loranna.lt	1
serveriai.lt	optimal.lt	1
Infocom Uk Ltd	lietpak.lt	1
UAB Interneto vizija	n7.lt	1
getspace.us	jonashome.lt	1
Hetzner Online GmbH	recaro.lt	1
domenai.lt	patinku.lt	1
serveriai.lt	manokreta.lt	1
serveriai.lt	ibimsolutions.lt	1
serveriai.lt	labclub.lt	1
avx.pl	avx.pl	1
UAB Interneto vizija	taskatron.lt	1
serveriai.lt	languvalymas.lt	1
CLOUDFLARENET	Seznam.cz, a.s.	1
UAB Penki kontinentai	hostname.lt	1
beehosting.pro	domed.lt	1
Telia Lietuva, AB	alistar.lt	1
CLOUDFLARENET	motone.lt	1
CLOUDFLARENET	therm.lt	1
serveriai.lt	007.lt	1
LLC masterhost	YANDEX LLC	2
domains.lt	deta.lv	1
serveriai.lt	nmsgroup.lt	1
serveriai.lt	dkp.lt	1
serveriai.lt	judo.lt	1
serveriai.lt	grafoline.lt	1
serveriai.lt	tadel.lt	1
serveriai.lt	drager.lt	1
serveriai.lt	landsale.lt	1
domenai.lt	accounting4business.lt	1
UAB Interneto vizija	sock.lt	1
co.uk	e-fit.lt	1
UAB Interneto vizija	pball.lt	1
balt.net	elsoft.lt	1
CLOUDFLARENET	fastlink.lt	1
UAB Interneto vizija	netface.lt	1
CLOUDFLARENET	amafora.lt	1
awsdns-15.org	venteur.lt	1
CLOUDFLARENET	biohemp.lt	1
serveriai.lt	maia.lt	1
introdns.hu	intronetx.hu	1
Radicenter OU	MICROSOFT-CORP-MSN-AS-BLOCK	2
team.blue Denmark A/S	scannet.dk	2
hostex.lt	legalexpert.lt	1
Telia Lietuva, AB	gembe.lt	1
serveriai.lt	palangos-zuvedra.lt	1
bacloud.com	lasida.lt	1
UAB Interneto vizija	imbrem.lt	1
serveriai.lt	kelias.lt	1
serveriai.lt	turin.lt	1
hostex.lt	selftest.lt	1
COLT Technology Services Group Limited	delti.com	1
fastdirectadmin.com	kpkc.lt	1
Sia Nano IT	eurostyle.lt	1
serveris.lt	protermo.lt	1
serveriai.lt	digitalidea.lt	1
1and1-dns.biz	co.uk	1
serveris.lt	topgym.lt	1
SECURITYSERVICES	nielsen.lt	1
seohost1.pl	lolboost.lt	1
hostika.net	AMAZON-AES	1
domenai.lt	masminfabs.lt	1
bacloud.com	forankra.lt	1
domenai.lt	lobynas.lt	1
Telia Lietuva, AB	AMAZON-02	1
Telia Lietuva, AB	srbmotorsport.lt	1
ipcom GmbH	eulerhermes.com	1
UAB Interneto vizija	runax.lt	1
gamespot.lt	zoomin.lt	1
serveriai.lt	isma.lt	1
serveriai.lt	rekv.lt	1
Host Europe GmbH	MICROSOFT-CORP-MSN-AS-BLOCK	6
serveriai.lt	smis.lt	1
serveriai.lt	tourister.lt	1
serveriai.lt	ritava.lt	1
serveriai.lt	visivet.lt	1
serveriai.lt	luxcard.lt	1
Informacines sistemos ir technologijos, UAB	ideamedia.lt	1
CLOUDFLARENET	naujas.lt	1
serveriai.lt	karshta.lt	1
Telia Lietuva, AB	time4u.lt	1
serveriai.lt	dogshow.lt	1
ipcom GmbH	webspace.bz	4
Telia Lietuva, AB	roterban.lt	1
serveriai.lt	turn.lt	1
hostex.lt	berries.lt	1
serveriai.lt	observatory.lt	1
BMS-AS	bms.com	3
serveriai.lt	bonimada.lt	1
SECURITYSERVICES	bayer.de	1
CLOUDFLARENET	foreste.lt	1
hostex.lt	grandus.lt	1
bacloud.com	valumina.lt	1
serveriai.lt	crackstudio.lt	1
serveriai.lt	elladesign.lt	1
MB Redfox Cloud	srw.lt	1
nhl-data.dk	nhl-data.dk	1
Telia Lietuva, AB	liumi.lt	1
Telia Lietuva, AB	Informacines sistemos ir technologijos, UAB	1
serveriai.lt	csolutions.lt	1
fornex.com	perfum.lt	1
SECURITYSERVICES	ge.com	4
CLOUDFLARENET	shooos.lt	1
serveriai.lt	oreiva.lt	1
serveriai.lt	buhalteriams.lt	1
serveriai.lt	lyst.lt	1
Telia Lietuva, AB	lmka.lt	1
serveriai.lt	bosozoku.lt	1
osn.de	osn.de	2
serveriai.lt	sex18.lt	1
serveriai.lt	remesta.lt	1
ipcom GmbH	go-cell-therapy.lt	1
serveriai.lt	988.lt	1
Telia Lietuva, AB	360events.lt	1
Telia Lietuva, AB	retailservice.lt	1
serveriai.lt	mokomasis.lt	1
getspace.us	diw.lt	1
serveriai.lt	gritires.lt	1
serveris.lt	extraway.lt	1
CLOUDFLARENET	a2z.lt	1
serveriai.lt	1st.lt	1
serveriai.lt	hunton.lt	1
CLOUDFLARENET	eudesign.lt	1
UAB Interneto vizija	xscooters.lt	1
serveriai.lt	paki.lt	1
serveriai.lt	itcodex.lt	1
CLOUDFLARENET	autoaibe.lt	1
serveriai.lt	itpc.lt	1
Telia Lietuva, AB	picwall.lt	1
CLOUDFLARENET	dekciw.lt	1
serveriai.lt	formalab.lt	1
CLOUDFLARENET	mxrecord.io	3
dnx.lu	besite.be	2
serveriai.lt	infit.lt	1
serveriai.lt	remigo.lt	1
home.pl	vi-go.lt	1
kuhlma-it.de	melrent.lt	1
serveriai.lt	salabackhealth.lt	1
Telia Lietuva, AB	tennisalibi.lt	1
serveriai.lt	cfg.lt	1
UAB Interneto vizija	motosports.lt	1
domenai.lt	laukobaseinai.lt	1
Informacines sistemos ir technologijos, UAB	rebels.lt	1
serveriai.lt	brego.lt	1
CLOUDFLARENET	svajoniubustostatyba.lt	1
CLOUDFLARENET	aurorahotel.lt	1
serveriai.lt	evsis.lt	1
serveriai.lt	urbana.lt	1
serveriai.lt	ilovevilnius.lt	1
Hetzner Online GmbH	favorika.lt	1
serveriai.lt	companyregistration.lt	1
serveriai.lt	rodoma.lt	1
serveriai.lt	mjg.lt	1
serveriai.lt	citycarrent.lt	1
UAB Interneto vizija	torres.lt	1
serveriai.lt	nonoise.lt	1
first-ns.de	hotelkit.lt	1
domains.lt	spike.lt	1
serveris.lt	eetransport.lt	1
CLOUDFLARENET	Informacines sistemos ir technologijos, UAB	2
serveriai.lt	4kambariai.lt	1
lemarit.de	Hostline, Uab	1
serveriai.lt	dain.lt	1
domains.lt	heidelberg.lt	1
serveriai.lt	fashionzone.lt	1
serveriai.lt	ago.lt	1
Telia Lietuva, AB	pic.lt	1
UAB Interneto vizija	tribosfera.lt	1
UAB Baltnetos komunikacijos	egomaster.lt	1
serveriai.lt	hebeja.lt	1
serveriai.lt	staris.lt	1
hostika.net	kvantum.lt	1
serveriai.lt	smailer.lt	1
serveriai.lt	gipako.lt	1
serveriai.lt	liksa.lt	1
serveriai.lt	emface.lt	1
iquer.net	bio-chem.lt	1
serveriai.lt	divasa.lt	1
serveriai.lt	ise.lt	1
Telia Lietuva, AB	tilers.lt	1
serveriai.lt	kostas.lt	1
domaine.fr	prelox.lt	1
Hetzner Online GmbH	hyand.lt	1
Telia Lietuva, AB	renewableenergy.lt	1
domenai.lt	std.lt	1
serveriai.lt	oills.lt	1
hostex.lt	darnugrupe.lt	1
serveriai.lt	mbrothers.lt	1
Telia Lietuva, AB	crbc.lt	1
CLOUDFLARENET	rool.lt	1
serveriai.lt	act.lt	1
UAB Interneto vizija	computerlab.lt	1
serveriai.lt	decoliu.lt	1
serveriai.lt	muzikosterapija.lt	1
serveriai.lt	cerkov.lt	1
UAB Interneto vizija	kodasa.lt	1
ZONER a.s.	MICROSOFT-CORP-MSN-AS-BLOCK	3
serveriai.lt	biocos.lt	1
serveriai.lt	paletti.lt	1
OVH SAS	smt-group.lt	1
Telia Lietuva, AB	onlyyou.lt	1
dnstools.nl	whoohoo.lt	1
awardspace.com	agritech.lt	1
NSONE	Fastmail Pty Ltd	1
UAB Bite Lietuva	fitcult.lt	1
serveriai.lt	miork.lt	1
serveriai.lt	megrame.lt	1
CLOUDFLARENET	soha.lt	1
serveriai.lt	tgt.lt	1
UAB Interneto vizija	silentai.lt	1
serveriai.lt	nisc.lt	1
serveriai.lt	fortex.lt	1
UAB Interneto vizija	autodiagnostikosiranga.lt	1
Telia Lietuva, AB	autoto.lt	1
Uab Servera	legalway.lt	1
serveriai.lt	aeronautika.lt	1
Nazwa.pl Sp.z.o.o.	creonit.lt	1
serveriai.lt	andrejus.lt	1
serveriai.lt	viagis.lt	1
fink.org	fink-telecom.com	1
UAB Interneto vizija	airwar.lt	1
serveriai.lt	mfl.lt	1
serveriai.lt	neveikia.lt	1
domenai.lt	pickit.lt	3
balt.net	fvs.lt	1
CLOUDFLARENET	marketingangels.lt	1
serveriai.lt	kartagena.lt	1
serveriai.lt	adrijus.lt	1
serveriai.lt	prosystems.lt	1
serveriai.lt	abcd1234.lt	1
Telia Lietuva, AB	nyle.lt	1
checkdomain.de	lplimits.lt	1
serveriai.lt	ekskavatoriunuoma.lt	1
Penkiu kontinentu komunikaciju centras, Ltd.	oldtownhostel.lt	1
Telia Lietuva, AB	datex.lt	1
serveriai.lt	gasta.lt	1
serveriai.lt	asvtrade.lt	1
Ledl.net GmbH	biogena.lt	1
CLOUDFLARENET	rm7.lt	1
Sia Nano IT	coffeeguru.lt	1
hostex.lt	phogra.lt	1
CLOUDFLARENET	mobiservis.lt	1
CLOUDFLARENET	poker.lt	1
areait.lv	MICROSOFT-CORP-MSN-AS-BLOCK	2
serveriai.lt	fab.lt	1
Sia Nano IT	fishingzone.lt	1
serveriai.lt	kailash.lt	1
serveriai.lt	sefi.lt	1
LLC masterhost	masterhost.ru	2
getspace.us	obscura.lt	1
domains.lt	Institute of Mathematics and Computer Science of University of Latvia	1
CLOUDFLARENET	be-ge.se	1
serveriai.lt	rblegal.lt	1
Zone Media OU	infoabi.ee	1
Telia Lietuva, AB	mediz.lt	2
GOOGLE	licviny.lt	1
UAB Bite Lietuva	hostana.lt	1
Telia Lietuva, AB	kent.lt	1
serveriai.lt	orientalmotor.lt	1
UAB Penki kontinentai	almesta.lt	1
Sia Nano IT	bankcbl.lt	1
serveriai.lt	1234567.lt	1
serveriai.lt	ekomarket.lt	1
serveriai.lt	es4b.lt	1
serveriai.lt	prodenta3d.lt	1
serveriai.lt	aumshop.lt	1
reg365.net	reg365.net	1
domenai.lt	minaris.lt	1
NSONE	silberauto.com	1
Zone Media OU	APPLE-ENGINEERING	1
domenai.lt	borzoi.lt	1
Hetzner Online GmbH	e-gov.lt	1
serveriai.lt	galve.lt	1
serveriai.lt	grozisirtu.lt	1
MICROSOFT-CORP-MSN-AS-BLOCK	Eurofiber France SAS	1
UAB Interneto vizija	seniors.lt	1
serveriai.lt	govtechlab.lt	1
UAB Bite Lietuva	meetandcruise.lt	1
CLOUDFLARENET	tatamipuzzle.lt	1
ipcom GmbH	te-dns.net	1
ormag.net	pestnet-europe.lt	1
serveriai.lt	finmo.lt	1
UAB Bite Lietuva	renvita.lt	1
level27.eu	level27.be	1
beehosting.pro	renovate.lt	1
scw.cloud	gedu.lt	1
UAB Interneto vizija	infoball.lt	1
Hetzner Online GmbH	widewings.lt	1
awsdns-21.org	easydns.com	1
CLOUDFLARENET	workspace.org	1
serveriai.lt	ilo.lt	1
Telia Lietuva, AB	libela.lt	1
serveriai.lt	digijob.lt	1
Telia Eesti AS	telia.ee	3
UAB Interneto vizija	rytera.lt	1
eshoprent.com	pudbuq.lt	1
AMAZON-02	delicious.lt	1
CLOUDFLARENET	baksa.lt	1
serveris.lt	ggl.lt	1
serveriai.lt	bero.lt	1
serveriai.lt	fpi.lt	1
serveriai.lt	automega.lt	1
serveriai.lt	medzio.lt	1
DIGICERT	elpy.lt	1
Telia Lietuva, AB	genysbrewing.lt	1
serveriai.lt	nanook.lt	1
Hetzner Online GmbH	arimai.lt	2
nocdirect.com	reichmann.lt	1
bacloud.com	eimrida.lt	1
Telia Lietuva, AB	tarron.lt	1
serveriai.lt	aisfa.lt	1
UAB Interneto vizija	progecad.lt	1
AMAZON-02	zenni.lt	1
serveriai.lt	inscript.lt	1
serveriai.lt	inclouds.lt	1
droso.dk	droso.net	1
serveriai.lt	ponassvara.lt	1
UAB Interneto vizija	bdsm.lt	1
serveriai.lt	bbqshop.lt	1
serveriai.lt	vakis.lt	1
serveriai.lt	testgc.lt	1
serveriai.lt	bonusvita.lt	1
serveriai.lt	nmg.lt	1
domenai.lt	dzinsucentras.lt	1
DIGITALOCEAN-ASN	zxcs.nl	2
serveriai.lt	lkra.lt	1
serveriai.lt	4h.lt	1
serveriai.lt	materialiste.lt	1
CLOUDFLARENET	meharis.lt	1
serveriai.lt	presas.lt	1
NSONE	ZOHO-AS	1
serveriai.lt	autobum.lt	1
serveriai.lt	amrita.lt	1
Hetzner Online GmbH	nataspin.lt	1
serveriai.lt	gekas.lt	1
NForce Entertainment B.V.	GOOGLE	2
serveriai.lt	ardita.lt	1
fbihosting.com	internava.lt	1
serveriai.lt	gilmera.lt	1
Telia Lietuva, AB	getvita.lt	1
jimdo.com	jimdo.com	3
hostserv.lt	hostserv.lt	1
CLOUDFLARENET	Forcepoint Cloud Ltd	2
serveriai.lt	bytea.lt	1
ns14.net	klickparts.lt	1
serveriai.lt	lindy.lt	1
serveriai.lt	proraso.lt	1
getspace.us	judiva.lt	1
AMAZON-02	exceex.com	1
bacloud.com	zf.lt	1
Telia Lietuva, AB	arvitra.lt	1
serveriai.lt	academia.lt	1
GOOGLE	edupro.lt	1
CLOUDFLARENET	luckyeg.lt	1
Uab Servera	petas.lt	1
CLOUDFLARENET	aibe.lt	1
naturalshops5.net	ultrabolan.lt	1
biosistema.lt	MICROSOFT-CORP-MSN-AS-BLOCK	1
serveriai.lt	ehaus.lt	1
serveriai.lt	ingold.lt	1
CLOUDFLARENET	sadego.lt	1
parkas.lt	jpgroup.lt	1
CLOUDFLARENET	dropsclinic.lt	1
UAB Interneto vizija	alertas.lt	1
serveriai.lt	pilies.lt	1
serveriai.lt	avak.lt	1
serveriai.lt	kalvaite.lt	1
serveriai.lt	blender.lt	1
serveriai.lt	alcovisor.lt	1
serveriai.lt	nlva.lt	1
serveriai.lt	energyvis.lt	1
hostex.lt	xn--inios-tib.lt	1
awsdns-09.org	cflow.lt	1
serveriai.lt	clemco.lt	1
CLOUDFLARENET	nonamehosts.lt	1
getspace.us	dugritus.lt	1
awsdns-20.com	ZOHO Corporation B.V	1
Telia Lietuva, AB	197.99	1
CLOUDFLARENET	milele.lt	1
Telia Lietuva, AB	arpal.lt	1
serveriai.lt	mbsu.lt	1
dn-s.nl	igopost.lt	1
serveriai.lt	noireclat.lt	1
CLOUDFLARENET	gaure.lt	1
ORACLE-BMC-31898	digikey.com	1
UAB Bite Lietuva	demega.lt	1
UAB ESNET	aromika.lt	1
Telia Lietuva, AB	akumuliatoriucentras.lt	1
serveriai.lt	desega.lt	1
Cyber_Folks S.A.	alexlovescolour.lt	1
dns.nexus	MICROSOFT-CORP-MSN-AS-BLOCK	1
Hetzner Online GmbH	reter.lt	1
domainers.de	SECURITYSERVICES	1
serveriai.lt	infolankas.lt	1
serveriai.lt	4debt.lt	1
UAB Interneto vizija	vmm.lt	1
AMAZON-02	wilfa.lt	1
domenai.lt	zaidimas.lt	1
UAB Elneta	fun4kids.lt	1
serveriai.lt	mhost.lt	1
Telia Lietuva, AB	archway.lt	1
edata.lt	tinywonders.lt	1
serveriai.lt	t-shop.lt	1
CLOUDFLARENET	tronikel.lt	1
UAB Interneto vizija	sofakiller.lt	1
serveriai.lt	promostar.lt	1
domenai.lt	gandalfsecure.lt	1
hostex.lt	drapanos.lt	1
serveriai.lt	moderncode.lt	1
serveriai.lt	koralai.lt	1
AMAZON-02	vetramil.lt	1
ANEXIA Internetdienstleistungs GmbH	everlast.lt	1
serveriai.lt	terariumai.lt	1
Dataspace P.s.a.	chatler.lt	1
serveriai.lt	arcuscaelestis.lt	1
site.pro	MICROSOFT-CORP-MSN-AS-BLOCK	1
domenai.lt	lsss.lt	1
Akamai International B.V.	kvepuok.lt	1
domenai.lt	lapinskis.lt	1
serveriai.lt	evasport.lt	1
serveriai.lt	cabinbuilder.lt	1
DIGICERT	GOOGLE	2
getspace.us	CLOUDFLARENET	1
serveriai.lt	dogus.lt	1
UAB Interneto vizija	pinksoup.lt	1
serveriai.lt	intuero.lt	1
GANDI SAS	ZOHO Corporation B.V	1
serveriai.lt	1646.lt	1
domenai.lt	vedicastro.lt	1
UAB Bite Lietuva	angelina.lt	1
UAB Bite Lietuva	marketingo.lt	1
ns14.net	thomassabo.com	1
CLOUDFLARENET	e-eur.lt	1
Telia Lietuva, AB	apolonija.lt	1
hostex.lt	liutaineavys.lt	1
Hetzner Online GmbH	emtc.lt	1
serveriai.lt	bendrospajegos.lt	1
SECURITYSERVICES	danonki.lt	1
serveriai.lt	lisas.lt	1
serveriai.lt	avsb.lt	1
Telia Lietuva, AB	smallgift.lt	1
home.pl	laminam.lt	1
serveriai.lt	jadvyga.lt	1
Telia Lietuva, AB	casings.lt	1
serveriai.lt	relita.lt	1
Telia Lietuva, AB	mlaw.lt	1
NUCDN	UAB Baltnetos komunikacijos	1
serveriai.lt	dewmark.lt	1
serveriai.lt	ose.lt	1
asu.lt	MICROSOFT-CORP-MSN-AS-BLOCK	1
serveriai.lt	akus.lt	1
hap.lt	sodai.lt	1
serveriai.lt	lutava.lt	1
IONOS SE	goserver.host	1
serveriai.lt	hydrotech.lt	1
Cyber_Folks S.A.	fello.lt	1
CLOUDFLARENET	aplawgroup.lt	1
serveriai.lt	detaily.lt	1
hostex.lt	rotoma.lt	1
Hetzner Online GmbH	webrand.lt	1
domains.lt	stonedeco.lt	1
CLOUDFLARENET	mona-mona.lt	1
serveriai.lt	erdveterapijai.lt	1
bacloud.com	obelu.lt	1
placetgroup.com	GOOGLE	2
CLOUDFLARENET	balticum.lt	1
UAB Interneto vizija	aloevera.lt	1
serveriai.lt	24auto.lt	1
serveriai.lt	nautilusclub.lt	1
serveriai.lt	utgr.lt	1
serveriai.lt	freddy.lt	1
Hetzner Online GmbH	marshal.lt	1
Telia Lietuva, AB	babilonas.lt	1
serveriai.lt	auda.lt	1
Radicenter OU	aaskla.lt	1
bacloud.com	fulger.lt	1
domenai.lt	inovo.lt	1
hostex.lt	jewels.lt	1
domenai.lt	citybirds.lt	1
lotosus.com	anglada.lt	1
eshoprent.com	celija.lt	1
serveriai.lt	sargis.lt	1
Cloud DNS Ltd	CLOUDFLARENET	1
serveriai.lt	champagne.lt	1
CLOUDFLARENET	homosanus.lt	1
wannafind.dk	sinful.lt	1
serveriai.lt	mds.lt	1
serveriai.lt	balticcapital.lt	1
CLOUDFLARENET	jurbarkas.lt	1
GOOGLE	goodmorning.lt	1
home.pl	faneco.lt	1
domenai.lt	linveba.lt	1
serveriai.lt	mityba.lt	1
Telia Lietuva, AB	ulema.lt	1
CLOUDFLARENET	kasara.lt	1
AMAZON-02	GANDI SAS	2
NUCDN	duckdns.org	2
psisco.cn	forpsi.com	1
UAB Interneto vizija	ardom.lt	1
serveriai.lt	openbox.lt	1
ns14.net	navanet.de	1
hilotec.net	hilotec.net	1
odibo.net	carpetcleanernordic.lt	1
ns1.	babashop.lt	1
serveriai.lt	ellebelle.lt	1
Telia Lietuva, AB	goldentile.lt	1
NSONE	AMAZON-02	6
Telia Lietuva, AB	26.10	1
Telia Lietuva, AB	vulon.lt	1
UAB Bite Lietuva	oderma.lt	1
fornex.com	martinlion.lt	1
SECURITYSERVICES	pphosted.com	6
serveriai.lt	longbow.lt	1
IONOS SE	erelioparkas.lt	1
hoster.by	unistock.lt	1
serveriai.lt	ladiesspot.lt	1
serveriai.lt	tiris.lt	1
od.ua	YANDEX LLC	1
serveriai.lt	digitalsystems.lt	1
team.blue Denmark A/S	dilling.lt	1
Telia Lietuva, AB	tio.lt	1
CLOUDFLARENET	kardiovita.lt	1
serveriai.lt	starfall.lt	1
serveriai.lt	adminova.lt	1
Telia Lietuva, AB	uolektis.lt	1
AMAZON-02	centralartregister.lt	1
bacloud.com	biosaka.lt	1
UAB Interneto vizija	stickers.lt	1
GleSYS AB	GleSYS AB	5
da.direct	shopzone.lt	1
serveriai.lt	regitech.lt	1
Telia Lietuva, AB	tristats.lt	1
CLOUDFLARENET	harvista.lt	1
kapustina.lt	kapustin.lt	1
GOOGLE	ZOHO Corporation B.V	6
hostex.lt	dlab.lt	1
getspace.us	lsts.lt	1
serveriai.lt	asportas.lt	1
AMAZON-02	OVH SAS	1
tns1.eu	hellenergy.lt	1
serveriai.lt	lmbl.lt	1
domenai.lt	mywap.lt	1
Informacines sistemos ir technologijos, UAB	worldtravel.lt	1
serveriai.lt	siberia.lt	1
ACTIVE 24, s.r.o.	intelligenthome.lt	1
getspace.us	sanlex.lt	1
hostex.lt	irseva.lt	1
serveriai.lt	ldts.lt	1
Telia Lietuva, AB	sportloto.lt	1
CLOUDFLARENET	puh.lt	1
domains.lt	celsis.lt	5
serveriai.lt	matula.lt	1
AMAZON-02	tadano.lt	1
MB Redfox Cloud	carbuy.lt	1
hostex.lt	etmonodeco.lt	1
NUCDN	expensereductionanalysts.lt	1
MB Redfox Cloud	vestum.lt	1
serveriai.lt	neto.lt	1
serveriai.lt	cms.lt	1
serveriai.lt	cytai.lt	1
serveriai.lt	dspro.lt	1
balt.net	erodate.pl	1
hostex.lt	eep.lt	1
serveriai.lt	apexnamai.lt	1
serveriai.lt	klientams.lt	1
gabi24.lt	gabi24.lt	1
serveriai.lt	visola.lt	1
getspace.us	cacadoo.lt	1
ecl.lt	UAB Rakrejus	11
Telia Lietuva, AB	biz-consulting.lt	1
UAB Interneto vizija	amdevs.lt	1
Telia Lietuva, AB	datanus.lt	1
UAB Interneto vizija	healthyline.lt	1
serveriai.lt	boldagency.lt	1
Telia Lietuva, AB	nvspl.lt	1
serveriai.lt	orkona.lt	1
serveriai.lt	matek.lt	1
QUIC-CLOUD	wacademy.lt	1
UAB Bite Lietuva	objekta.lt	1
cloud86.nl	yeslogo.lt	1
UAB Interneto vizija	thaiacademy.lt	1
bacloud.com	nordigo.lt	1
hostex.lt	termodata.lt	1
CLOUDFLARENET	plum.lt	1
GOOGLE	uptownbarbershop.lt	1
CLOUDFLARENET	jetcode.lt	1
Telia Eesti AS	termnet.ee	1
Informacines sistemos ir technologijos, UAB	medic-info.lt	1
serveriai.lt	principas.lt	1
CLOUDFLARENET	igz.lt	1
ipcom GmbH	UAB Baltnetos komunikacijos	2
CLOUDFLARENET	agromama.lt	1
bacloud.com	decomaster.lt	1
Telia Lietuva, AB	namuprojektai.lt	1
serveriai.lt	aekas.lt	1
CLOUDFLARENET	reinek.lt	1
Penkiu kontinentu komunikaciju centras, Ltd.	kompensa.lt	1
Telia Lietuva, AB	dermaskin.lt	1
dntrust.com	maxreach.lt	1
chotel.com	choicehotels.com	1
serveriai.lt	antivirusine.lt	1
CLOUDFLARENET	kalvarija.lt	1
serveriai.lt	aivideo.lt	1
serveriai.lt	skrt.lt	1
CLOUDFLARENET	printpartner.lt	1
serveriai.lt	prplaw.lt	1
RACKSPACE	singleplan.com	1
Hetzner Online GmbH	osijap.lt	1
serveriai.lt	jiu-jitsu.lt	1
domenai.lt	vanexpress.lt	1
domains.lt	APPLE-ENGINEERING	3
serveriai.lt	energoterapija.lt	1
UAB Bite Lietuva	serjarom.lt	1
serveriai.lt	dovedeco.lt	1
serveriai.lt	grtrade.lt	1
CLOUDFLARENET	foto1.lt	1
bacloud.com	metagames.lt	1
serveriai.lt	rvg.lt	1
serveriai.lt	topbeton.lt	1
serveriai.lt	balticidea.lt	1
ACTIVE 24, s.r.o.	turkiye.lt	1
serveriai.lt	femta.lt	1
CLOUDFLARENET	weso.lt	1
serveriai.lt	achema.lt	1
serveriai.lt	aidila.lt	1
serveriai.lt	gosailing.lt	1
serveriai.lt	digitalmiracle.lt	1
serveriai.lt	balticlegion.lt	1
serveriai.lt	maxbenefit.lt	1
hostex.lt	eccua.lt	1
bacloud.com	alma.lt	1
serveriai.lt	ekoart.lt	1
serveriai.lt	ajk.lt	1
CLOUDFLARENET	vilda.lt	2
serveriai.lt	daikra-engineering.lt	1
gransy.com	greenidea.lt	1
serveriai.lt	advega.lt	1
serveriai.lt	ainera.lt	2
serveriai.lt	novatus.lt	1
UAB Besmegeniai	GOOGLE	1
domenai.lt	tavoweb.eu	2
serveriai.lt	ibo.lt	1
Penkiu kontinentu komunikaciju centras, Ltd.	atira.lt	1
Telia Lietuva, AB	royalunibrew.lt	1
naturalshops3.net	alldayburn.lt	1
UAB Interneto vizija	windts.lt	1
Hetzner Online GmbH	forestryservice.lt	1
contabo.net	bestbuy.lt	1
balticvps.eu	unistark.lt	1
serveriai.lt	optidecor.lt	1
Telia Lietuva, AB	saurasa.lt	1
GOOGLE	ZOHO-AS	5
UAB Interneto vizija	bitynas.lt	1
serveriai.lt	selectedletters.lt	1
res.lt	UAB Proservis	1
domains.lt	skraja.lt	2
beehosting.pro	audronis.lt	1
OVH SAS	elyon.lt	1
serveriai.lt	boxa.lt	1
fdd.lt	nvsp.lt	1
gamespot.lt	ZOHO-AS	1
UAB Rakrejus	betinvest.lt	1
getspace.us	masys.lt	1
serveriai.lt	busparts.lt	1
Telia Lietuva, AB	olto.lt	1
Telia Lietuva, AB	midona.lt	1
Telia Lietuva, AB	rmapskaita.lt	1
Cloud DNS Ltd	LLC VK	2
serveris.lt	studentresidencehall.lt	1
consultwithsimon.tech	consultwithsimon.tech	1
getspace.us	basaris.lt	1
UAB Interneto vizija	drds.lt	1
serveriai.lt	meistrastau.lt	1
Telia Lietuva, AB	verslodoktrina.lt	1
SECURITYSERVICES	glamour.lt	1
serveriai.lt	evergrate.lt	1
serveriai.lt	iosomo.lt	1
serveriai.lt	ekotyrimai.lt	1
UAB Interneto vizija	pje.lt	1
Sia Nano IT	greenhouses.lt	1
CLOUDFLARENET	5m.lt	1
serveriai.lt	UAB Rakrejus	1
Telia Lietuva, AB	lanada.lt	1
getspace.us	storiusodyba.lt	1
hostika.net	obscurus.lt	1
serveriai.lt	ramiosbites.lt	1
Infocom Uk Ltd	solopak.lt	1
serveriai.lt	aviasg.com	1
serveriai.lt	staticusengineering.lt	1
serveriai.lt	itech.lt	1
CLOUDFLARENET	keramikai.lt	1
hostex.lt	printing.lt	1
domenai.lt	advocata.lt	1
Telia Lietuva, AB	sveikutis.lt	1
serveriai.lt	oek.lt	1
getspace.us	ekorevive.lt	1
Kauno Technologijos Universitetas	elitnet.lt	1
UAB Interneto vizija	amberry.lt	1
serveriai.lt	dynamicsnav.lt	1
serveriai.lt	rpgs.lt	1
Penkiu kontinentu komunikaciju centras, Ltd.	kemitek.lt	1
NUCDN	falkensteiner.lt	1
UAB Elneta	libragroup.lt	1
CLOUDFLARENET	profixauto.lt	1
CLOUDFLARENET	puikuskemperiai.lt	1
serveriai.lt	hustre.lt	1
inmotionhosting.com	MICROSOFT-CORP-MSN-AS-BLOCK	1
hostex.lt	saraga.lt	1
bacloud.com	ZOHO Corporation B.V	2
serveriai.lt	4ride.lt	1
serveriai.lt	adman.lt	1
serveriai.lt	indance.lt	1
Hetzner Online GmbH	progrock.lt	1
checkdomain.de	herthundbuss.lt	1
ltmd.net	tretas.lt	1
GOOGLE	monpet.lt	1
CLOUDFLARENET	superkate.lt	1
serveriai.lt	mdb.lt	1
ROMARG SRL	whmpanels.com	1
hostnet.nl	GOOGLE	2
bacloud.com	metaimage.lt	1
cleannameservers.com	gamafix.lt	1
serveriai.lt	rallyinfo.lt	1
CLOUDFLARENET	timingteam.lt	1
CLOUDFLARENET	dietoscentras.lt	1
UAB Interneto vizija	aclean.lt	1
infocentras.com	labanakt.lt	1
serveriai.lt	mybet.lt	1
OVH SAS	bigbenas.lt	1
UAB Interneto vizija	gipsta.lt	1
serveriai.lt	fsv.lt	1
CLOUDFLARENET	plc-group.lt	1
GOOGLE	simi.lt	1
Telia Lietuva, AB	vil.lt	1
CLOUDFLARENET	bmsolutions.lt	1
Telia Lietuva, AB	sikc.lt	1
Telia Lietuva, AB	smartmeter.lt	1
aji.lt	aji.lt	2
serveriai.lt	eprodukcija.lt	1
Telia Lietuva, AB	ltjautiena.lt	1
UAB Interneto vizija	creditus.lt	1
serveriai.lt	fincon.lt	1
NUCDN	autopstenhoj.lt	1
UAB Cgates	kava.lt	4
CLOUDFLARENET	isku.lt	1
balt.net	petrolana.lt	1
serveriai.lt	letsplay.lt	1
serveriai.lt	cream.lt	1
NUCDN	Hetzner Online GmbH	7
domenai.lt	bemyguest.lt	1
CLOUDFLARENET	officelook.lt	1
serveriai.lt	bad.lt	1
CLOUDFLARENET	invlfinasta.lt	1
serveriai.lt	ntekspertas.lt	1
ACTIVE 24, s.r.o.	interimyou.lt	1
ANEXIA Internetdienstleistungs GmbH	GOOGLE	3
serveriai.lt	bixbox.lt	1
domenai.lt	medtechnika.lt	1
serveriai.lt	lkva.lt	1
domenai.lt	nbgd.lt	1
serveriai.lt	4designers.lt	1
hostex.lt	toralis.lt	1
Telia Lietuva, AB	happygolf.lt	1
serveriai.lt	itmax.lt	1
serveriai.lt	prservice.lt	1
serveriai.lt	audiclub.lt	1
UAB Interneto vizija	tivo.lt	1
ipcom GmbH	mcgard.de	1
getspace.us	kidsfashion.lt	1
bacloud.com	titanvpn.lt	1
domenai.lt	testo.lt	1
serveriai.lt	altidis.lt	1
serveriai.lt	eclient.lt	1
Sia Nano IT	nemco.lt	1
serveriai.lt	mess.lt	1
alphanet-dns.de	mycloudmailbox.com	1
prosnet.pl	smartwork.lt	1
Telia Eesti AS	taski.io	1
serveriai.lt	onemoretattoo.lt	1
Telia Lietuva, AB	euroglass.lt	1
serveriai.lt	kizim.lt	1
Telia Lietuva, AB	bdt.lt	1
robhost.de	kusatek.lt	1
contabo.net	1db.lt	1
serveriai.lt	ersagbaltija.lt	1
SuperHosting.BG Ltd.	kkkt.lt	1
serveriai.lt	lasik.lt	1
Hetzner Online GmbH	olivers.lt	1
hostex.lt	moris.lt	1
CLOUDFLARENET	web-hosting.com	2
winhosting.eu	infobankas.lt	3
serveriai.lt	prozektorius.lt	1
serveriai.lt	kapci.lt	1
Dataspace P.s.a.	lubcon.lt	1
CLOUDFLARENET	foosball.lt	1
serveriai.lt	autocomfort.lt	1
UAB Interneto vizija	dg.lt	1
serveriai.lt	bearfoot.lt	1
serveriai.lt	spro.lt	1
sendersnews.lt	printsign.lt	1
serveriai.lt	advertas.lt	1
serveriai.lt	accor.lt	1
serveriai.lt	startmobile.lt	1
serveris.lt	arkam.lt	1
Kauno Technologijos Universitetas	UAB Interneto vizija	2
balt.net	kukanova.lt	1
domenai.lt	IONOS SE	1
AMAZON-02	SECURITYSERVICES	3
serveriai.lt	mygym.lt	1
serveriai.lt	jesrail.lt	1
serveriai.lt	agromodus.lt	1
yourdomainprovider.net	yourdomainprovider.net	2
balt.net	tdg.lt	1
ewapps.com	MICROSOFT-CORP-MSN-AS-BLOCK	1
serveriai.lt	vzi.lt	1
MICROSOFT-CORP-MSN-AS-BLOCK	sodaclub.lt	1
serveriai.lt	remva.lt	1
serveriai.lt	bustovizija.lt	1
serveriai.lt	atklinika.lt	1
serveriai.lt	mazair.lt	1
domserver.de	gastro-discount.lt	1
Telia Lietuva, AB	apd.lt	1
serveriai.lt	vmarine.lt	1
serveriai.lt	bow.lt	1
ipt.lt	efrata.lt	1
domenai.lt	zemaitijosaruodai.lt	1
serveriai.lt	stachura.lt	1
serveriai.lt	kondicionierius.lt	1
edata.lt	list.lt	1
UAB Baltnetos komunikacijos	woolsaur.lt	1
serveriai.lt	nesvara.lt	1
Hetzner Online GmbH	auroraproject.lt	1
CLOUDFLARENET	philipsavent.lt	1
serveriai.lt	bloginu.lt	1
domenai.lt	gymkhana.lt	1
serveriai.lt	technohoreca.lt	1
balt.net	scalini.lt	1
domains.lt	e-box.lt	1
serveriai.lt	serveonline.lt	1
Safenames Ltd.	SECURITYSERVICES	2
mserwis.pl	domeny.lt	1
webhostingireland.ie	redmillspet.lt	1
CLOUDFLARENET	kineticsbeauty.lt	1
serveriai.lt	fkvilnius.lt	1
serveriai.lt	nainai.lt	1
serveriai.lt	avyte.lt	1
serveriai.lt	inmodulus.lt	1
CLOUDFLARENET	datakraftverk.no	2
serveriai.lt	manifestacija.lt	1
serveriai.lt	shahrazada.lt	1
CLOUDFLARENET	solarpro.lt	1
serveriai.lt	opengov.lt	1
serveriai.lt	horse-riding.lt	1
freedns.si	msplet.com	2
serveriai.lt	mileti.lt	1
serveriai.lt	tss.lt	1
balt.net	amberton.lt	2
domains.lt	esinvesticijos.lt	1
itap.lv	beads.lt	1
domenai.lt	vaziuojam.lt	1
serveriai.lt	lazera.lt	1
CLOUDFLARENET	hg-lamps.lt	1
serveris.lt	madlab.lt	1
serveris.lt	aaff.lt	1
hostex.lt	publishing.lt	1
CLOUDFLARENET	studiovilnius.lt	1
Telia Lietuva, AB	tbbr.lt	1
serveriai.lt	dmp.lt	1
UAB Bite Lietuva	tvpro.lt	1
Telia Lietuva, AB	aidora.lt	1
Telia Lietuva, AB	zdm.lt	1
serveriai.lt	vezi.lt	1
serveriai.lt	nordfish.lt	1
serveriai.lt	vipera.lt	1
Telia Lietuva, AB	peak.lt	1
serveriai.lt	procertus.lt	1
serveriai.lt	orio.lt	2
serveriai.lt	kajuda.lt	1
Telia Lietuva, AB	orobalionai.lt	1
domains.lt	umpc.lt	1
AMAZON-02	zapzap.lt	1
Akamai International B.V.	media-saturn.com	3
spx.lv	spx.lv	1
UAB Elneta	legalizuok.lt	1
serveriai.lt	namupridavimas.lt	1
serveriai.lt	pretty.lt	1
A2HOSTING	rd.lt	1
Telia Lietuva, AB	litoma.lt	1
NUCDN	toptronic.lt	1
awsdns-03.org	UAB Interneto vizija	1
UAB Interneto vizija	streem.lt	1
CLOUDFLARENET	Tutao GmbH	10
Sia Nano IT	ganbei.lt	1
serveris.lt	maaslogistic.lt	1
UAB Interneto vizija	checkup.lt	1
domenai.lt	azon.lt	1
domenai.lt	bubeck.lt	1
Hetzner Online GmbH	nntb.lt	1
magit.lt	eurointer.lt	1
meganet.lt	talja.lt	1
areait.lv	24credit.lt	1
serveriai.lt	asol.lt	1
UAB Interneto vizija	kd.lt	1
NUCDN	rodamco.lt	1
serveriai.lt	helios.lt	1
serveriai.lt	t0.lt	1
domains.lt	lyncis.org	1
domenai.lt	vvdk.lt	1
Penkiu kontinentu komunikaciju centras, Ltd.	azembassy.lt	1
csc.lt	csc.lt	1
getspace.us	simava.lt	1
CLOUDFLARENET	turbox.lt	1
Telia Lietuva, AB	salvesta.lt	1
UAB Interneto vizija	uto.lt	1
datakom.lv	MICROSOFT-CORP-MSN-AS-BLOCK	2
serveriai.lt	lijuna.lt	1
serveriai.lt	pff.lt	1
serveriai.lt	fantas.lt	1
serveriai.lt	doviledesign.lt	1
serveriai.lt	vie.lt	1
CLOUDFLARENET	gf.lt	1
serveriai.lt	sahajayoga.lt	1
space.net	MICROSOFT-CORP-MSN-AS-BLOCK	1
Telia Lietuva, AB	piktas.lt	1
CLOUDFLARENET	lapinas.lt	1
serveriai.lt	gydora.lt	1
serveriai.lt	citynow.lt	1
serveriai.lt	solve.lt	1
bacloud.com	laurex.lt	1
serveriai.lt	good-life.lt	1
bacloud.com	printis.lt	1
getspace.us	info-terminal.lt	1
serveriai.lt	brotech.lt	1
serveriai.lt	kp1.lt	1
UAB Interneto vizija	videogames.lt	1
Hetzner Online GmbH	fotofinder.lt	1
CLOUDFLARENET	tenisas.lt	1
Uab Servera	ers.lt	1
UAB Interneto vizija	kel.lt	1
Sia Nano IT	viron.lt	1
fornex.com	digitalparfum.lt	1
ltmd.net	dimira.lt	1
hostex.lt	zvejyba.lt	1
hostex.lt	lkta.lt	1
UAB Interneto vizija	autowow.lt	1
CLOUDFLARENET	dok.lt	1
serveriai.lt	fotomo.lt	1
Telia Lietuva, AB	cepas.lt	1
dn-s.nl	helisports.net	1
domenai.lt	insito.lt	1
CLOUDFLARENET	digify.lt	1
serveriai.lt	konti.lt	1
inovagroup.eu	dry-dry.lt	1
Hetzner Online GmbH	gelezinisvilkas.lt	1
serveriai.lt	grazys.lt	1
mserwis.pl	tytanit.lt	1
serveriai.lt	xtremegarage.lt	1
Telia Lietuva, AB	omni.lt	1
meganet.lt	etas.lt	1
serveriai.lt	papievis.lt	1
MICROSOFT-CORP-MSN-AS-BLOCK	easydek.lt	1
CLOUDFLARENET	cloudhosting.uk	1
CLOUDFLARENET	manifesta.uk	1
serveriai.lt	studytheworld.lt	1
foodgenius.de	foodgenius.de	1
domains.lt	northway.lt	2
serveriai.lt	sdesign.lt	1
bilendi.com	bilendi.com	2
serveriai.lt	newhouse.lt	1
serveriai.lt	andrejka.lt	1
domenai.lt	losimai.lt	1
domenai.lt	fotoba.lt	1
bacloud.com	kjpg.lt	1
UAB Interneto vizija	raduga.lt	1
inretio.lt	Proton AG	1
CLOUDFLARENET	itsummit.lt	1
hostex.lt	v-servisas.lt	5
GANDI SAS	aliberico.es	2
serveriai.lt	starttravel.lt	1
serveris.lt	lentos.lt	1
serveriai.lt	fauda.lt	1
serveriai.lt	lubas.lt	1
serveriai.lt	katalogas.lt	1
serveriai.lt	lifosodas.lt	1
serveriai.lt	intman.lt	1
Uab Servera	22c.lt	1
CLOUDFLARENET	vilkaviskis.lt	1
CLOUDFLARENET	webstudio.lt	1
Cloud DNS Ltd	dijoma.lt	1
UAB Interneto vizija	energia.lt	1
hostex.lt	rebul.lt	1
my-control-panel.com	kasdiena.lt	1
serveriai.lt	barbers.lt	1
serveriai.lt	ekie.lt	1
serveriai.lt	infopulsas.lt	1
serveriai.lt	icio.lt	1
CLOUDFLARENET	nutreo.lt	1
domains.lt	arches.lt	1
serveriai.lt	ds.lt	1
serveriai.lt	aruk.lt	1
CLOUDFLARENET	spbla.lt	1
serveriai.lt	arto.lt	1
bacloud.com	timtimland.lt	1
domains.lt	aquagutta.lt	1
serveriai.lt	planetgroup.lt	1
serveriai.lt	prettylittlethings.lt	1
serveriai.lt	baidariunuoma.lt	1
serveriai.lt	jarusevicius.lt	1
CLOUDFLARENET	UAB Balticum TV	1
serveriai.lt	photocircle.lt	1
CLOUDFLARENET	elbike.lt	1
ltmd.net	vikada.lt	1
serveriai.lt	sveika.lt	1
proisp.no	pearlbalticlabs.lt	1
serveriai.lt	mockevicius.lt	1
CLOUDFLARENET	idk.lt	1
serveriai.lt	bioinformatika.lt	1
CLOUDFLARENET	getin.lt	1
CLOUDFLARENET	myserverhosts.com	1
serveriai.lt	pagespeed.lt	1
serveriai.lt	9876543210.lt	1
serveriai.lt	itco.lt	1
serveriai.lt	audra.lt	2
markmonitor.com	UAB Interneto vizija	2
Telia Lietuva, AB	sundials.lt	1
UAB Interneto vizija	nm.lt	1
serveriai.lt	candle.lt	1
Telia Lietuva, AB	skpm.lt	1
serveriai.lt	numicon.lt	1
UAB Interneto vizija	cparts.lt	1
serveriai.lt	meamodo.lt	1
serveriai.lt	mdfdazymas.lt	1
ipcom GmbH	mail-forwarder.io	4
serveriai.lt	bizon.lt	1
Zone Media OU	fozzy.com	1
landgard-domains.de	nbv-uga.de	1
CLOUDFLARENET	workrooms.lt	1
serveriai.lt	arga.lt	1
UAB Interneto vizija	simdrift.lt	1
CLOUDFLARENET	pusautomaciai.lt	1
eshoprent.com	atenza.lt	1
CLOUDFLARENET	loopia.se	1
UAB Interneto vizija	miegam.lt	1
airnet.lt	lamiso.lt	1
CLOUDFLARENET	pasvalys.lt	1
Telia Lietuva, AB	teliasms.lt	1
getspace.us	architecttech.lt	1
SECURITYSERVICES	orient-express.lt	1
ns01.nl	doorstuurserver.nl	2
serveriai.lt	askvapai.lt	1
bacloud.com	atgimimas.lt	1
Telia Lietuva, AB	houseofsun.lt	1
serveriai.lt	eqpro.lt	1
serveriai.lt	algama.lt	1
Hetzner Online GmbH	saguva.lt	1
UAB Penki kontinentai	proven.lt	1
serveriai.lt	asoft.lt	1
serveriai.lt	totalis.lt	1
hostex.lt	jacuzzisauna.lt	1
serveriai.lt	clt.lt	1
domains.lt	uste.lt	1
getspace.us	jpt.lt	1
serveriai.lt	securityshop.lt	1
Hetzner Online GmbH	w-o-w.lt	1
Akamai International B.V.	IONOS SE	1
ACTIVE 24, s.r.o.	GOOGLE	1
serveriai.lt	miltec.lt	1
bacloud.com	vbl.lt	1
Nazwa.pl Sp.z.o.o.	heatdecor.lt	1
serveriai.lt	krav-maga.lt	1
bacloud.com	seowebs.lt	1
Telia Lietuva, AB	gideas.lt	1
n0c.com	audio.lt	1
CLOUDFLARENET	home.lt	1
interna.me	plastics24.lt	1
serveriai.lt	goloud.lt	1
serveriai.lt	nemari.lt	1
serveriai.lt	eguso.lt	1
serveriai.lt	elu.lt	1
bacloud.com	jhk.lt	1
serveriai.lt	l2info.lt	1
serveriai.lt	sensas.lt	1
Hetzner Online GmbH	static.lt	1
serveriai.lt	arenalis.lt	1
jschosting.se	MICROSOFT-CORP-MSN-AS-BLOCK	1
UAB Interneto vizija	getfashion.lt	1
UAB Interneto vizija	apskaitosguru.lt	1
site.pro	site.pro	2
AMAZON-02	snorkellift.lt	1
serveriai.lt	lamida.lt	1
areait.lv	mobility-consulting.lt	1
managed-ip.com	gelositin.lt	1
UAB Interneto vizija	espoorp.lt	1
Zone Media OU	UAB Interneto vizija	1
serveriai.lt	dubstep.lt	1
a1.net	AMAZON-02	1
Telia Lietuva, AB	ugnit.lt	1
serveriai.lt	queen.lt	1
serveriai.lt	thz.lt	1
serveriai.lt	zetor.lt	1
serveriai.lt	autotau.lt	1
optibet.lt	GOOGLE	1
serveriai.lt	proair.lt	1
reichelt.de	reichelt.de	2
NUCDN	eastcapitalexplorer.lt	1
Informacines sistemos ir technologijos, UAB	interselas.lt	1
ipcom GmbH	becquet.lt	1
serveriai.lt	vanhool.lt	1
ionline.nl	ionline.nl	1
NUCDN	pinkribbon.lt	1
serveriai.lt	megasola.lt	1
CLOUDFLARENET	robeda.lt	1
domenai.lt	electrotech.lt	1
serveriai.lt	hausas.lt	1
serveriai.lt	eatsleepboost.lt	1
domenai.lt	sildo.lt	1
serveriai.lt	ladanivaparts.lt	1
Telia Lietuva, AB	sijora.lt	1
z-ns.net	com.ua	7
Telia Lietuva, AB	green-rose.lt	1
serveriai.lt	mameva.lt	1
serveriai.lt	rekordai.lt	1
Telia Lietuva, AB	autobusunuoma.lt	1
CLOUDFLARENET	marizone.lt	1
serveriai.lt	kernel.lt	1
balt.net	sta-logistic.lt	1
domenai.lt	puikus.lt	1
CLOUDFLARENET	kal.lt	1
markmonitor.com	kinamo.be	1
bacloud.com	zyzy.lt	1
domenai.lt	sportuoksumartynu.lt	1
Telia Lietuva, AB	vanduo.lt	1
UAB Penki kontinentai	camperclub.lt	1
iecc.com	aaz.lt	1
bacloud.com	aromatu.lt	1
serveriai.lt	testcool.lt	1
AMAZON-02	turner.com	3
getspace.us	daermax.lt	1
serveriai.lt	falcoperegrinus.lt	1
serveriai.lt	terramodus.lt	1
hostex.lt	APPLE-ENGINEERING	1
AMAZON-02	caerussolutions.net	4
serveriai.lt	gampre.lt	1
serveriai.lt	potera.lt	1
serveriai.lt	lots.lt	1
serveriai.lt	Hetzner Online GmbH	2
Telia Lietuva, AB	kingas.lt	1
bacloud.com	sverk.lt	1
helita.lt	helinet.lt	1
serveriai.lt	tomra.lt	1
home.pl	europanels.lt	1
serveriai.lt	cyberhub.lt	1
CLOUDFLARENET	vmarketing.lt	1
Telia Lietuva, AB	steeltrade.lt	1
serveriai.lt	akiro.lt	1
serveriai.lt	greenery.lt	1
serveriai.lt	godox.lt	1
domains.lt	suva.lt	1
getspace.us	stato.lt	1
Telia Lietuva, AB	stammtisch.lt	1
serveriai.lt	kuoka.lt	1
domenai.lt	vkpaslaugos.lt	1
serveriai.lt	kundalini.lt	1
UAB Interneto vizija	xport.lt	1
domains.lt	pif.lt	1
serveriai.lt	grant.lt	1
Telia Lietuva, AB	pro24.lt	1
bacloud.com	r20.lt	1
AMAZON-02	RACKSPACE	1
CLOUDFLARENET	exmail.lt	1
serveriai.lt	litstor.lt	1
serveriai.lt	ekomunikacija.lt	1
serverquality.com	villarex.lt	1
serveriai.lt	surfstyle.lt	1
serveriai.lt	lmk.lt	1
serveriai.lt	freeskaters.lt	1
SECURITYSERVICES	Register S.p.A.	1
atvirtual.com	atvirtual.eu	1
UAB Interneto vizija	myprofi.lt	1
domains.lt	audora.lt	1
ignet.lt	ignet.lt	2
exohosting.cz	dnsserver.eu	4
CLOUDFLARENET	cempion.lt	1
CLOUDFLARENET	42.145	1
domenai.lt	lae.lt	1
hostex.lt	bestlogistic.lt	1
serveriai.lt	pola.lt	1
Telia Lietuva, AB	rad.lt	1
serveriai.lt	chatbot.lt	1
serveriai.lt	kisene.lt	1
Telia Lietuva, AB	fuga.lt	1
Telia Lietuva, AB	absen.lt	1
serveriai.lt	vrr.lt	1
serveriai.lt	inkidea.lt	1
serveriai.lt	4less.lt	1
travellero.org	seeweb.it	1
hostex.lt	duo24.lt	1
serveriai.lt	mechatron.lt	1
serveriai.lt	kybo.lt	1
domains.lt	garazas.lt	1
serveriai.lt	fainukai.lt	1
medis.si	Scalair SAS	3
CLOUDFLARENET	maldos.lt	1
Telia Lietuva, AB	nexgen.lt	1
Infocom Uk Ltd	acalakombucha.lt	1
CLOUDFLARENET	karpol.lt	1
GOOGLE	ambrazeviciute.lt	1
Telia Lietuva, AB	mvsystem.lt	1
jschosting.se	SECURITYSERVICES	1
getspace.us	MICROSOFT-CORP-MSN-AS-BLOCK	12
balt.net	resjudicata.lt	1
CLOUDFLARENET	itcentral.lv	2
hostex.lt	shmutkes.lt	1
serveriai.lt	kompanio.lt	1
Hetzner Online GmbH	dieta24.lt	1
datucentrs.eu	levipharm.lt	1
serveriai.lt	limetal.lt	1
bacloud.com	nas.lt	1
domenai.lt	vyrai.lt	1
bacloud.com	transinvest.lt	1
serveriai.lt	operatus.lt	1
Telia Lietuva, AB	tslkd.lt	1
awsdns-43.com	mybestbook.com	1
serveriai.lt	deimana.lt	1
UAB Interneto vizija	tzn.lt	1
serveriai.lt	greenservice.lt	1
hostex.lt	vigoss.lt	1
Hetzner Online GmbH	roneda.lt	1
Telia Lietuva, AB	kordyceps.lt	1
Telia Lietuva, AB	shell.lt	1
Telia Lietuva, AB	dominga.lt	1
serveriai.lt	hairclinic.lt	1
hostex.lt	lintax.lt	1
CLOUDFLARENET	overis.lt	1
serveriai.lt	bdbd.lt	1
Telia Lietuva, AB	greenfinance.lt	1
AMAZON-02	terraintamer.lt	1
CLOUDFLARENET	zubrus.lt	1
Hetzner Online GmbH	fragrance.lt	1
CLOUDFLARENET	idp.lt	1
serveriai.lt	petkus.lt	1
serveriai.lt	litonika.com	1
serveris.lt	fts.lt	1
dnsdomene.net	mailchannels.net	2
serveriai.lt	inreka.lt	1
serveriai.lt	kompiuteriutaisykla.lt	1
serveriai.lt	lcca.lt	1
Hetzner Online GmbH	iberico.lt	1
serveriai.lt	tinysteps.lt	1
serveriai.lt	trinka.lt	1
serveriai.lt	protegus.lt	1
OVH SAS	batumi.lt	1
magit.lt	domicargo.lt	1
serveriai.lt	dujus.lt	1
Uab Servera	ltbaldai.lt	1
serveriai.lt	agmotors.lt	1
Hostline, Uab	hostline.lt	6
registrar-servers.com	esminis.com	1
bacloud.com	menum.lt	1
Telia Lietuva, AB	Fastmail Pty Ltd	1
serveriai.lt	erelis.lt	1
serveriai.lt	allthings.lt	1
serveriai.lt	norddeco.lt	1
serveriai.lt	dosoma.lt	1
serveriai.lt	cybersports.lt	1
serveriai.lt	grub.lt	1
CLOUDFLARENET	billify.lt	1
serveriai.lt	ermotors.lt	1
domain24.de	sollecitare.lt	1
is-fun.net	einhell.pl	1
UAB Interneto vizija	cb27.lt	1
serveriai.lt	ekohaus.lt	1
hostex.lt	vlp.lt	1
Informacines sistemos ir technologijos, UAB	vesteyfoods.lt	1
1api.net	1api.net	1
Kauno Technologijos Universitetas	infodi.lt	1
serveriai.lt	comfortheat.eu	1
getspace.us	orivent.lt	1
serveriai.lt	session.lt	1
serveriai.lt	gelynas.lt	1
serveriai.lt	arslab.lt	1
serveriai.lt	alunta.lt	1
dataforest GmbH	sur-ron.lt	1
serveriai.lt	intratech.lt	1
UAB Interneto vizija	gta.lt	1
CLOUDFLARENET	8a.lt	1
balt.net	neurozan.lt	1
Telia Lietuva, AB	pelakauskas.lt	1
UAB Interneto vizija	bf.lt	1
edata.lt	funny.lt	1
serveriai.lt	credimus.lt	1
serveriai.lt	baslt.lt	1
serveriai.lt	apdara.lt	1
Nazwa.pl Sp.z.o.o.	solcraft.lt	1
UAB Bite Lietuva	zitel.lt	1
clix.lt	clix.lt	1
serveriai.lt	troja.lt	1
serveriai.lt	phpfusion.lt	1
serveriai.lt	apiconf.lt	1
serveriai.lt	valune.lt	1
serveriai.lt	mails.lt	1
Telia Lietuva, AB	piaggio.lt	1
serveriai.lt	sike.lt	1
serveriai.lt	forumservice.lt	1
serveriai.lt	globalt.lt	1
serveriai.lt	livita.lt	1
com.ua	medoff.lt	1
serveriai.lt	cozykey.lt	1
ACTIVE 24, s.r.o.	fitstream.lt	1
serveriai.lt	senex.lt	1
bacloud.com	bodesa.lt	1
serveriai.lt	mazibasi.lt	1
serveriai.lt	0j.lt	1
serveriai.lt	logixis.lt	1
Telia Lietuva, AB	dainer.lt	1
serveriai.lt	vycio.lt	1
serveriai.lt	citromix.lt	1
ports.se	scannet.dk	1
serveriai.lt	d3sign.lt	1
Telia Lietuva, AB	remedija.lt	1
serveriai.lt	remanus.lt	1
serveriai.lt	perio.lt	1
serveriai.lt	sofos.lt	1
Telia Lietuva, AB	namee.lt	1
domains.lt	ftmc.lt	4
serveriai.lt	afg.lt	1
serveriai.lt	n40.lt	1
deac.lv	Sabiedriba ar ierobezotu atbildibu DELSKA Latvia	3
serveriai.lt	keturraciunuoma.lt	1
serveriai.lt	ekoelectric.lt	1
Telia Lietuva, AB	idconsulting.lt	1
serveriai.lt	rasome.lt	1
serveriai.lt	artbyaudra.lt	1
serveriai.lt	corposound.lt	1
hostex.lt	klt.lt	1
checkdomain.de	erler-zimmer.lt	1
serveriai.lt	vilas.lt	1
serveriai.lt	smilefactory.lt	1
Telia Lietuva, AB	tommy-sons.lt	1
domains.lt	AMAZON-02	3
serveriai.lt	cornhole.lt	1
domains.lt	bnt.eu	1
serveriai.lt	gamebase.lt	1
domenai.lt	bestbrands.lt	1
serveriai.lt	automore.lt	1
serveriai.lt	techsauga.lt	1
serveriai.lt	digitalwork.lt	1
hostex.lt	workfork.lt	1
serveriai.lt	litred.lt	1
UAB Interneto vizija	wellnessstudio.lt	1
Telia Lietuva, AB	hatshop.lt	1
bacloud.com	finansera.lt	1
CLOUDFLARENET	7md.lt	1
serveriai.lt	iload.lt	1
serveriai.lt	gerafanera.lt	1
serveriai.lt	blynai.lt	1
Telia Eesti AS	philos.page	2
zetanet.lt	zetanet.lt	1
UAB Interneto vizija	communication.lt	1
Kauno Technologijos Universitetas	jnta.lt	1
UAB Interneto vizija	dancefusion.lt	1
domains.lt	dlc.lt	1
Kauno Technologijos Universitetas	gis-centras.lt	2
serveriai.lt	suomex.lt	1
serveriai.lt	entropy.lt	1
serveriai.lt	biomon.lt	1
serveriai.lt	kolux.lt	1
Telia Lietuva, AB	a-m.lt	1
UAB Interneto vizija	barai.lt	1
serveriai.lt	e36.lt	1
serveriai.lt	bososnack.lt	1
domenai.lt	seastory.lt	1
serveriai.lt	bakers.lt	1
serveriai.lt	tripreal.lt	1
Telia Lietuva, AB	temca.lt	1
Domain names registrar REG.RU, Ltd	LLC VK	2
Telia Lietuva, AB	amigobbq.lt	1
gorenje.si	MICROSOFT-CORP-MSN-AS-BLOCK	1
ipcom GmbH	0x.lt	1
serveriai.lt	augustebeauty.lt	1
hostex.lt	team.lt	1
Kauno Technologijos Universitetas	rq.lt	1
UAB Interneto vizija	cats.lt	1
serveriai.lt	roomservice.lt	1
Telia Lietuva, AB	lstractor.lt	1
serveriai.lt	optomika.lt	1
CLOUDFLARENET	nolog.cz	1
domenai.lt	manop.lt	1
CLOUDFLARENET	xpart.lt	1
serveriai.lt	eshopelite.lt	1
serveriai.lt	avg.lt	1
UAB Interneto vizija	vagabond.lt	1
computel-standby.eu	computel.nl	2
serveriai.lt	arosha.lt	1
Telia Lietuva, AB	venta.lt	1
getspace.us	lifin.lt	1
serveriai.lt	giriosgrybas.lt	1
serveriai.lt	egmp.lt	1
aversus.com	ovs.lt	1
serveriai.lt	nerda.lt	1
AMAZON-02	archiprod.lt	1
CLOUDFLARENET	lcku.lt	1
serveriai.lt	atis.lt	1
wizja.net	GOOGLE	1
serveriai.lt	medieva.lt	1
CLOUDFLARENET	receptai.lt	1
serveriai.lt	pilingas.lt	1
serveriai.lt	tondas.lt	1
serveriai.lt	strong.lt	1
serveriai.lt	gofreemap.lt	1
riconnect.de	riconnect.de	1
CLOUDFLARENET	virus.lt	1
CLOUDFLARENET	portum.lt	1
WEHOSTWEBSITES-COM	ntiq.lt	1
serveriai.lt	marga.lt	1
serveriai.lt	f4e.lt	1
getspace.us	UAB Interneto vizija	5
serveris.lt	tesera.lt	1
AMAZON-02	arksta.lt	1
serveriai.lt	xop.lt	1
netzpionier.at	wiberg.lt	1
serveriai.lt	kompiuteriudalys.lt	1
serveriai.lt	viaoptima.lt	1
serveriai.lt	aru.lt	1
telekom.at	dts-security.de	1
Telia Lietuva, AB	upledger.lt	1
serveriai.lt	modra.lt	1
CLOUDFLARENET	marketrats.lt	1
hostex.lt	balticgoods.lt	1
CLOUDFLARENET	runet.lt	1
serveriai.lt	itvg.lt	1
domenai.lt	kaklaraistis.lt	1
serveriai.lt	eshaman.lt	1
serveriai.lt	pinkstuff.lt	1
serveriai.lt	vilimas.lt	1
vmi.se	domainnetwork.net	1
styriahost.com	grapos.lt	1
serveriai.lt	otarus.lt	1
serveriai.lt	rikveda.lt	1
Telia Lietuva, AB	alpacas.lt	1
Vardas.lt, Uab	films.lt	1
serveriai.lt	amazonses.com	1
serveriai.lt	miyako.lt	1
serveriai.lt	ismok.lt	1
AUTOMATTIC	AUTOMATTIC	4
TIER-NET	snowbees.lt	1
Telia Lietuva, AB	wago.lt	1
serveriai.lt	anyksta.lt	1
serveriai.lt	vilare.lt	1
serveriai.lt	blackraven.lt	1
CLOUDFLARENET	laidos.lt	1
Telia Lietuva, AB	dendrus.lt	1
GOOGLE	co.uk	1
ports.se	Tele2 SWIPnet	1
serveriai.lt	porsche-events.lt	1
serveriai.lt	sivickas.lt	1
serveriai.lt	italiana.lt	1
serveriai.lt	mof.lt	1
Dataspace P.s.a.	firestop.lt	1
serveriai.lt	imudu.lt	1
serveriai.lt	vigori.lt	1
dwb.it	ictlegalconsulting.lt	1
alfanet.ee	alibre.lt	1
serveriai.lt	main.lt	1
CLOUDFLARENET	tuesi.lt	1
serveriai.lt	groupoffice.lt	1
Telia Lietuva, AB	jurana.lt	1
Telia Lietuva, AB	radiologist.lt	1
serveriai.lt	ebika.lt	1
benify.net	MICROSOFT-CORP-MSN-AS-BLOCK	1
serveris.lt	dentaurus.lt	1
hostex.lt	designcapital.lt	1
serveriai.lt	hobishop.lt	1
serveriai.lt	peritia.lt	1
serveriai.lt	smmm.lt	1
AMAZON-02	GlobalConnect AB	1
UAB Interneto vizija	asvi.lt	1
Telia Lietuva, AB	papilduinfo.lt	1
ports.se	afconsult.com	1
UAB Bite Lietuva	psec.lt	1
Telia Lietuva, AB	cambria.lt	1
serveriai.lt	conceptlofts.lt	1
domains.lt	logopedas.lt	1
UAB Interneto vizija	tinmeta.lt	1
getspace.us	dailyeco.lt	1
serveriai.lt	f18.lt	1
serveriai.lt	faservice.lt	1
domains.lt	amila.lt	1
getspace.us	viphost.lt	1
serveriai.lt	unteka.lt	1
Hetzner Online GmbH	infobeta.lt	1
awsdns-22.org	GOOGLE	1
CLOUDFLARENET	eshopygo.lt	1
serveris.lt	cona.lt	1
hostex.lt	rimda.lt	1
bacloud.com	aravada.lt	1
nadns1.com	SQUIXA PTY LIMITED	2
serveriai.lt	ipgs.lt	1
hostiq.ua	cyber-droid.lt	1
UNIFIEDLAYER-AS-1	hubdic.lt	1
serveriai.lt	elze.lt	1
serveriai.lt	gnosis.lt	1
serveriai.lt	vivatour.lt	1
serveriai.lt	volt.lt	1
Telia Lietuva, AB	opakopa.lt	1
UAB Interneto vizija	chicken.lt	1
Telia Lietuva, AB	vikodo.lt	1
Telia Lietuva, AB	arctic.lt	1
Telia Lietuva, AB	hdlife.lt	1
UAB Interneto vizija	st.lt	1
UAB Interneto vizija	bumer.lt	1
serveriai.lt	matke.lt	1
serveriai.lt	alkoblokai.lt	1
UAB Bite Lietuva	broadcastsolutions.lt	1
serveriai.lt	perlita.lt	1
Telia Lietuva, AB	turis.lt	1
dataforest GmbH	talariasting.lt	1
Telia Lietuva, AB	girada.lt	1
CLOUDFLARENET	hostinger.de	2
serveriai.lt	artvent.lt	1
AltusHost B.V.	taku.lt	1
serveriai.lt	jtm.lt	1
serveriai.lt	mindaugasantique.lt	1
home.pl	sicame.lt	1
serveriai.lt	akorus.lt	1
Telia Lietuva, AB	artiva.lt	1
CLOUDFLARENET	Deutsche Telekom AG	1
serveriai.lt	zbdekoras.lt	1
Telia Lietuva, AB	kietis.lt	1
Telia Lietuva, AB	litagra.lt	1
Hetzner Online GmbH	belo.lt	1
serveriai.lt	kaminari.lt	1
UAB Elneta	gardenparadise.lt	1
Telia Lietuva, AB	areanda.lt	1
serveriai.lt	sohamlife.lt	1
serveriai.lt	protego.lt	1
CLOUDFLARENET	ossnet.lv	1
serveriai.lt	reviver.lt	1
Telia Lietuva, AB	autominute.lt	1
ipcom GmbH	plissee.lt	1
serveriai.lt	minb.lt	1
CLOUDFLARENET	atributas.lt	1
eshoprent.com	naturalwood.lt	1
serveriai.lt	de2.lt	1
Telia Lietuva, AB	coffeeout.lt	1
CLOUDFLARENET	medahouse.lt	1
CLOUDFLARENET	atostogoskaime.lt	2
serveriai.lt	architektugildija.lt	1
serveriai.lt	fiddes.lt	1
Telia Lietuva, AB	gkg3.lt	1
serveriai.lt	makrum.lt	1
serveriai.lt	vilvigroup.lt	1
Telia Lietuva, AB	galileas.lt	1
serveriai.lt	iocopackaging.lt	1
serveriai.lt	gofresh.lt	1
comtrance.de	paclease.lt	1
serveriai.lt	pickvibe.lt	1
Telia Lietuva, AB	socium.lt	1
serveriai.lt	photographer.lt	1
Telia Lietuva, AB	asus.lt	1
serveriai.lt	volantevisuals.lt	1
UAB Interneto vizija	mstyle.lt	1
Telia Lietuva, AB	ttransport.lt	1
serveriai.lt	mmafederation.lt	1
serveriai.lt	vidmantas.lt	1
Telia Lietuva, AB	infoma.lt	1
serveriai.lt	extradent.lt	1
serveriai.lt	grama.lt	1
serveriai.lt	scobiemcintosh.lt	1
domains.lt	vizija.lt	1
serveriai.lt	nidulus.lt	1
serveriai.lt	remga.lt	1
Telia Lietuva, AB	zemata.lt	1
AMAZON-02	casinowinbet.lt	1
home.pl	termetal.lt	1
UAB Elneta	robotics.lt	1
SECURITYSERVICES	SQUIXA PTY LIMITED	3
hostmonster.com	ltpastas.lt	1
bacloud.com	mst.lt	1
Vardas.lt, Uab	kyokushin.lt	1
AMAZON-02	UAB Interneto vizija	4
UAB Interneto vizija	bimmer.lt	1
serveriai.lt	email-messaging.com	1
Hetzner Online GmbH	stereoclub.lt	1
CLOUDFLARENET	tangopc.lt	1
domenai.lt	seo-rocket.lt	1
bacloud.com	avalongroup.lt	1
serveriai.lt	autologija.lt	1
Domain names registrar REG.RU, Ltd	somail.org	1
UAB Interneto vizija	staskus.lt	1
Hetzner Online GmbH	vertinu.lt	1
CLOUDFLARENET	kuksando.lt	1
hostex.lt	darz.lt	1
Hetzner Online GmbH	ZOHO-AS	2
serveriai.lt	fegis.lt	1
winhosting.eu	strele.lt	3
Telia Lietuva, AB	rotgroup.lt	1
domenai.lt	taxivilnius.lt	1
AMAZON-02	trendmicro.com	1
co.uk	lcpackaging.lt	1
CLOUDFLARENET	salarius.lt	1
serveriai.lt	stpk.lt	1
CLOUDFLARENET	glambot.lt	1
AMAZON-02	grn.lt	1
serveriai.lt	lima-city.de	1
UAB Interneto vizija	transline.lt	1
serveriai.lt	fog.lt	1
serveriai.lt	monochrome.lt	1
serveriai.lt	bgss.lt	1
tps.lt	archinova.lt	1
serveriai.lt	cikada.lt	1
CLOUDFLARENET	uxr.lt	1
CLOUDFLARENET	freesat.lt	1
eastwesthost.com	tauta.lt	1
serveriai.lt	energyfestival.lt	1
serveris.lt	langumeistras.lt	1
serveriai.lt	webber.lt	1
hostnet.lv	brcgroup.lt	1
domenai.lt	ageinvest.lt	1
bacloud.com	intelligentsolar.lt	1
serveriai.lt	telemax.lt	1
serveriai.lt	dbu.lt	1
serveriai.lt	adcats.lt	1
AMAZON-02	luckybet.lt	1
Telia Lietuva, AB	finvest.lt	1
tmpw.net	monster.com	1
domenai.lt	holidays-lithuania.lt	1
UAB Interneto vizija	sakwa.lt	1
serveriai.lt	jlc.lt	1
serveriai.lt	fantazija.lt	1
serveriai.lt	minikredit.lt	1
serveriai.lt	datera.lt	1
serveriai.lt	dantu-implantai.lt	1
serveriai.lt	blic.lt	1
CLOUDFLARENET	finita.lt	1
serveriai.lt	woodandtones.lt	1
UAB Interneto vizija	zolynas.lt	1
serveriai.lt	osom.lt	1
domains.lt	nesu.lt	1
serveriai.lt	vanai.lt	1
SECURITYSERVICES	celgene.lt	1
serveriai.lt	expresscustoms.lt	1
CLOUDFLARENET	ors.lt	1
hostex.lt	attraction.lt	1
serveriai.lt	unitedtraders.lt	1
UAB Interneto vizija	impactgame.lt	1
domenai.lt	outfusion.lt	1
GOOGLE	62.147	1
ACTIVE 24, s.r.o.	start21art.lt	1
serveriai.lt	atl.lt	1
serveriai.lt	myolito.lt	1
serveriai.lt	fincause.lt	1
proisp.no	norva24.lt	1
Telia Lietuva, AB	bio-cleaning.lt	1
serveriai.lt	magora.lt	1
serveriai.lt	servage.net	1
Safenames Ltd.	mothercare.lt	1
areait.lv	systemax.lt	1
domeinbalie.nl	werkplekoveral.nl	1
serveriai.lt	metmega.lt	1
domains.lt	hortus.lt	1
hostex.lt	vanvita.lt	1
Telia Lietuva, AB	zspc.lt	1
Telia Lietuva, AB	pipete.lt	1
inmotionhosting.com	europeanstudios.lt	1
serveriai.lt	mobler.lt	1
Telia Lietuva, AB	codis.lt	2
UAB Interneto vizija	malonumas.lt	1
serveriai.lt	medadmin.lt	1
serveriai.lt	birutenavi.lt	1
Telia Lietuva, AB	arvidija.lt	1
getspace.us	ryro.lt	1
UAB Interneto vizija	gyvos.lt	1
UAB Elneta	atputa.lt	1
serveriai.lt	rdr.lt	1
balt.net	marex.lt	1
Telia Lietuva, AB	proarka.lt	1
greatnet.de	greatnet-hosting.de	1
Vautron Rechenzentrum AG	beyourguide.lt	1
serveriai.lt	tigmis.lt	1
serveriai.lt	alidom.lt	1
UAB Nacionalinis Telekomunikaciju Tinklas	iksadosgtc.lt	1
IONOS SE	dts-security.de	1
serveriai.lt	negi.lt	1
serveriai.lt	help24.lt	1
zcom.it	zcom.it	1
serveriai.lt	intention.lt	1
serveriai.lt	mpm.lt	1
domenai.lt	3x3pro.lt	1
serveriai.lt	infomas.lt	1
serveriai.lt	alternetas.lt	1
Telia Lietuva, AB	eliskids.lt	1
serveriai.lt	persija.lt	1
serveriai.lt	riseproject.lt	1
serveriai.lt	gtagame.lt	1
serveriai.lt	viasolis.lt	1
Telia Lietuva, AB	bbzn.lt	1
domains.lt	notares.lt	1
UAB Interneto vizija	wind.lt	1
Telia Lietuva, AB	solarpark.lt	1
bacloud.com	ferio.lt	1
serveriai.lt	ris.lt	1
Telia Lietuva, AB	bateris.lt	1
serveriai.lt	babune.lt	1
serveriai.lt	amberstate.lt	1
serveriai.lt	hatora.lt	1
serveriai.lt	res.lt	1
CLOUDFLARENET	sat.lt	4
arvilas.lt	arvilas.lt	1
serveriai.lt	natureja.lt	1
Informacines sistemos ir technologijos, UAB	mamagali.lt	1
aspirationhosting.com	watch-store.lt	1
CLOUDFLARENET	Magyar Telekom Plc.	2
serveriai.lt	tennisunited.lt	1
serveriai.lt	kamarauskas.lt	1
netjust.com	Safenames Ltd.	2
serveriai.lt	doris.lt	1
serveriai.lt	maxbox.lt	1
serveriai.lt	alrosa.lt	1
serveriai.lt	shootingclub.lt	1
Telia Lietuva, AB	alnida.lt	1
CLOUDFLARENET	lemmy.lt	1
Telia Lietuva, AB	siule.lt	1
aiva.lt	ontheroad.lt	1
Telia Lietuva, AB	techcom.lt	1
CLOUDFLARENET	gilze.lt	1
CLOUDFLARENET	quare.lt	1
Telia Lietuva, AB	vilniushotels.lt	1
Telia Lietuva, AB	karpark.lt	1
Informacines sistemos ir technologijos, UAB	medicine-line.lt	1
dataforest GmbH	webifull.lt	1
Telia Lietuva, AB	tennisstar.lt	1
Telia Lietuva, AB	mode.lt	1
serveriai.lt	aceto.lt	1
OVH SAS	kazlauskiene.lt	1
serveriai.lt	rotas.lt	1
Telia Lietuva, AB	augtum.lt	1
serveriai.lt	bikava.lt	1
CLOUDFLARENET	mimino.lt	1
CLOUDFLARENET	justr.lt	1
ipt.lt	MICROSOFT-CORP-MSN-AS-BLOCK	3
eshoprent.com	gameta.lt	1
net.pl	protan-elmark.lt	1
serveriai.lt	vnz.lt	1
exadel.net	GOOGLE	1
serveriai.lt	belcanto.lt	1
home.pl	clearmind.lt	1
serveriai.lt	grand.lt	1
UAB Interneto vizija	zooclub.lt	1
serveriai.lt	matine.lt	1
serveriai.lt	fenstra.lt	1
serveriai.lt	bom.lt	1
serveriai.lt	autolauzynas.lt	1
serveriai.lt	augintiniai.lt	1
serveriai.lt	duel.lt	1
helldns.com	alfis.lv	1
webo.hosting	GOOGLE	1
UAB Interneto vizija	kool.lt	1
Kauno Technologijos Universitetas	progstudio.lt	1
getspace.us	brggroup.lt	1
CLOUDFLARENET	adilera.lt	1
UAB Penki kontinentai	regina.lt	1
UAB Interneto vizija	van.lt	1
balt.net	tez.lt	1
hostex.lt	bluefish.lt	1
UAB Interneto vizija	alex-ten.lt	1
CLOUDFLARENET	slavira.lt	1
AMAZON-02	suchodolski.lt	1
serveriai.lt	lawpartner.lt	1
serveriai.lt	com.pl	1
hostex.lt	dentists.lt	1
serveriai.lt	fatima.lt	1
hscsc.de	hscsc.de	2
serveriai.lt	familiashop.lt	1
CLOUDFLARENET	lynn.lt	1
serveriai.lt	ppdev.lt	1
hostex.lt	darnu-grupe.lt	1
CLOUDFLARENET	veliu.lt	1
Telia Lietuva, AB	setera.lt	1
serveriai.lt	nesakysiu.lt	1
serveriai.lt	kgc.lt	1
domenai.lt	karoserija.lt	1
serveriai.lt	tandemo.lt	1
serveriai.lt	robpzs.lt	1
NUCDN	megaprofil.lt	1
serveriai.lt	hoptransit.lt	1
UAB Interneto vizija	aumovio.lt	1
CLDIN B.V.	yourfilter.nl	5
serveriai.lt	finservice.lt	1
serveriai.lt	220v.lt	1
CLOUDFLARENET	alytus.lt	1
domains.lt	vps.lt	1
CLOUDFLARENET	p2p.lt	1
domenai.lt	40in.lt	1
home.pl	pol-skone.pl	1
domenai.lt	artscape.lt	1
serveriai.lt	rezulti.lt	1
Telia Lietuva, AB	fnata.lt	1
serveriai.lt	electromarket.lt	1
getspace.us	elunya.lt	1
CLOUDFLARENET	posty.lt	1
serveriai.lt	lockies.lt	1
UAB Bite Lietuva	freeroam.lt	1
dns.com	6jx6np-ntvr6a.com	1
dntrust.com	golden-pages.lt	1
Beget LLC	GOOGLE	1
Telia Lietuva, AB	dreamsapartment.lt	1
domenai.lt	cisa.lt	1
Telia Lietuva, AB	koyo.lt	1
serveriai.lt	mazimazi.lt	1
hostex.lt	environment.lt	1
serveriai.lt	purox.lt	1
serveris.lt	rolna.lt	1
UAB Interneto vizija	sigda.lt	1
domenai.lt	gemba.lt	1
hostex.lt	intimates.lt	1
serveriai.lt	recargo.lt	1
serveriai.lt	avconstruction.lt	1
Telia Lietuva, AB	rggled.lt	1
SECURITYSERVICES	danskebank.com	1
serveriai.lt	orangetravel.lt	1
areva.com	areva.lt	1
serveriai.lt	longana.lt	1
ecomation.nl	vanboekel.net	1
serveriai.lt	oksos.lt	1
serveriai.lt	elegra.lt	1
serveriai.lt	ribona.lt	1
serveriai.lt	hidromega.lt	1
serveriai.lt	freiga.lt	1
UAB Elneta	hot.lt	1
serveriai.lt	eveta.lt	1
bacloud.com	finkona.lt	1
UAB Interneto vizija	sarkus.lt	1
Hetzner Online GmbH	impro.lt	1
serveriai.lt	comlita.lt	1
home.pl	ol-trans.lt	1
serveriai.lt	scent.lt	1
CLOUDFLARENET	ooo.lt	1
serveriai.lt	ealarms.lt	1
UAB Interneto vizija	xzxz.lt	1
bacloud.com	navalis.lt	1
interna.me	vistula.lt	1
UAB Interneto vizija	verse.lt	1
CLOUDFLARENET	cooper.ee	2
domeinbalie.nl	red-fix.com	1
CLOUDFLARENET	viasms.lt	1
domenai.lt	taupykles.lt	1
ahost.uz	GOOGLE	1
UAB Interneto vizija	shinta.lt	1
serveriai.lt	airmatic.lt	1
CLOUDFLARENET	nuomos.lt	1
serveriai.lt	canlogic.lt	1
hostex.lt	laviva.lt	1
iptwins.com	te-dns.net	4
CLOUDFLARENET	westernlight.lt	1
home.pl	bigstarjeans.lt	1
serveriai.lt	mbnavigator.lt	1
home.pl	aztorin.lt	1
UAB Interneto vizija	tvarkarastis.lt	1
serveriai.lt	virtualprojects.lt	1
serveriai.lt	zasma.lt	1
serveriai.lt	filmproducers.lt	1
serveriai.lt	asmeninis.lt	1
AMAZON-02	liontrans.lt	1
serveriai.lt	merkada.lt	1
ipage.com	norwaytaxes.lt	1
ns14.net	22markets.net	1
UAB Interneto vizija	musique.lt	1
Telia Lietuva, AB	rims.lt	1
serveriai.lt	ekspertai.lt	1
serveriai.lt	popcornmood.lt	1
Telia Lietuva, AB	altechna.com	1
bacloud.com	ist.lt	1
Telia Lietuva, AB	aidulis.lt	1
serveris.lt	getgreen.lt	1
CLOUDFLARENET	kukalis.lt	1
UAB Interneto vizija	finopus.lt	1
CLOUDFLARENET	krml.lt	1
CLOUDFLARENET	traffix.lt	1
CLOUDFLARENET	designart.lt	1
CLOUDFLARENET	adcparking.com	1
serveriai.lt	siluetaslt.lt	1
Telia Lietuva, AB	emoto.lt	1
Telia Lietuva, AB	fitlit.lt	1
serveriai.lt	pmrc.lt	1
CLOUDFLARENET	rently.lt	1
serveriai.lt	mylumylu.lt	1
domenai.lt	bravero.lt	1
CLOUDFLARENET	ptl.lt	1
hostex.lt	priekabos.lt	1
serveriai.lt	atp.lt	1
Telia Lietuva, AB	compensakoncertusale.lt	1
Telia Lietuva, AB	fmmc.lt	1
serveriai.lt	airos.lt	1
UAB Bite Lietuva	tnz.lt	1
serveriai.lt	rastrum.lt	1
UAB Interneto vizija	k11.lt	1
serveriai.lt	2009.lt	1
ACTIVE 24, s.r.o.	websupport.lt	1
CLOUDFLARENET	rpg.lt	1
serveriai.lt	labo.lt	1
serveriai.lt	brands.lt	1
serveriai.lt	eliteja.lt	1
serveriai.lt	shopdell.lt	1
domenai.lt	promidesign.lt	1
serveriai.lt	dezo.lt	1
serveriai.lt	egfurniture.lt	1
balticvps.eu	dizainokursai.lt	1
satgate.net	satgate.net	1
CLOUDFLARENET	sgc.lt	1
serveriai.lt	sameka.lt	1
CLOUDFLARENET	sanitex.org	1
CLOUDFLARENET	noris network AG	1
serveriai.lt	begalybe.lt	1
serveriai.lt	labiblioteka.lt	1
serveriai.lt	rinki.lt	1
serveriai.lt	ivalta.lt	1
Telia Lietuva, AB	freshwalk.lt	1
serveriai.lt	probus.lt	1
domains.lt	epd.lt	1
serveris.lt	oee.lt	1
UAB Interneto vizija	kompera.lt	1
serveriai.lt	ad.lt	1
UAB Bite Lietuva	implantas.lt	1
serveriai.lt	rice.lt	1
serveriai.lt	edusync.lt	1
xelan.info	partspapa.lt	1
UAB Interneto vizija	makra.lt	1
serveriai.lt	aktualu.lt	1
CLOUDFLARENET	tat.lt	1
loopia.se	timarco.com	1
hostex.lt	wholesale.lt	1
Radicenter OU	cexpress.lt	1
iqkovos.lt	tetris.lt	1
ACTIVE 24, s.r.o.	lto.cz	1
yahoo.com	yahoodns.net	1
serveriai.lt	rebox.lt	1
serveriai.lt	meteko.lt	1
CLOUDFLARENET	gifty.lt	1
serveriai.lt	petrolegis.lt	1
Sia Nano IT	eushop.lt	1
CLOUDFLARENET	tripinvest.lt	1
interlize.net	airpress.lt	1
serveriai.lt	tonitra.lt	1
ltmd.net	solutionhouse.lt	1
serveriai.lt	irdovanos.lt	1
serveriai.lt	jsuc.lt	1
world4you.at	ht-heiztechnik.lt	1
serveriai.lt	alcoholinterlock.lt	1
bacloud.com	bacloud.lt	1
serveriai.lt	propago.lt	1
AMAZON-02	ivfriga.lt	1
serveriai.lt	fp3.lt	1
serveriai.lt	odricontrols.lt	1
serveriai.lt	euro24.lt	1
serveriai.lt	adi.lt	1
serveriai.lt	mansta.lt	1
serveriai.lt	pl.lt	1
serveriai.lt	newyear.lt	1
CLOUDFLARENET	telia.net	2
CLOUDFLARENET	ltei.lt	1
agitos.de	agitos.de	1
serveriai.lt	mersana.lt	1
VNET a.s.	GOOGLE	1
UAB Interneto vizija	tvarkymas.lt	1
serveriai.lt	medenta.lt	1
serveriai.lt	nocleg.lt	1
hostex.lt	livingmind.lt	1
AMAZON-02	asonor.lt	1
UAB Bite Lietuva	carriage.lt	1
serveriai.lt	lte4g.lt	1
carrier.com	ge.com	1
UAB Elneta	archstudio.lt	1
FlokiNET ehf	cbt.lt	1
serveriai.lt	bjc.lt	1
serveriai.lt	akmi.lt	1
Telia Lietuva, AB	amtest.lt	1
serveriai.lt	ggg-ammo.lt	1
hostex.lt	nexit.lt	1
hostex.lt	beverages.lt	1
serveriai.lt	jakosport.lt	1
serveriai.lt	arveka.lt	6
CLOUDFLARENET	endoca.lt	1
serveriai.lt	fpia.lt	1
NSONE	AUTOMATTIC	2
serveriai.lt	dapkus.lt	1
almiko.eu	denver.lt	1
serveriai.lt	carhunt.lt	1
domains.lt	toy.lt	1
serveriai.lt	carpetdiem.lt	1
UAB Bite Lietuva	ayras.lt	1
CLOUDFLARENET	counter-strike-download.lt	1
domenai.lt	ltua.lt	1
Telia Lietuva, AB	outdoor.lt	1
serveriai.lt	mkml.lt	1
Scaleway S.a.s.	terapija.lt	1
UAB Interneto vizija	mobiauto.lt	1
Telia Lietuva, AB	delitus.lt	1
getspace.us	lketa.lt	1
serveriai.lt	ajags.lt	1
serveriai.lt	grafulankos.lt	1
Telia Lietuva, AB	vento.lt	1
serveriai.lt	hostex.lt	2
bacloud.com	tactum.lt	1
serveriai.lt	bilsas.lt	1
serveriai.lt	aindpro.lt	1
getspace.us	vilona.lt	1
Telia Lietuva, AB	metaloidas.lt	1
Telia Lietuva, AB	exploring.lt	1
sdsab.se	sdsab.se	1
Telia Lietuva, AB	titanika.lt	1
serveriai.lt	lapinskas.lt	1
Kauno Technologijos Universitetas	idamas.lt	1
serveriai.lt	iprociai.lt	1
serveriai.lt	violeta.lt	1
UAB Interneto vizija	igs.lt	1
serveriai.lt	wisedocs.lt	1
managed-ip.com	rud.de	3
Telia Lietuva, AB	dataworld.lt	1
bacloud.com	edas.lt	1
dnstools.nl	gpsbuddy.lt	1
UAB Interneto vizija	tapas.lt	1
CLOUDFLARENET	kietas.lt	1
UAB Bite Lietuva	GOOGLE-CLOUD-PLATFORM	1
domenai.lt	eurolocks.lt	1
CLOUDFLARENET	abbaseafood.lt	1
serveriai.lt	formulafortuna.lt	1
hostex.lt	agriculture.lt	1
domenai.lt	angusrent.lt	1
serveriai.lt	padelkids.lt	1
UAB Interneto vizija	socialbreeze.lt	1
CLOUDFLARENET	woku.lt	1
serveriai.lt	postman.lt	1
Telia Lietuva, AB	serda.lt	1
Telia Lietuva, AB	actuarialservices.lt	1
areait.lv	poppers.lt	1
serveriai.lt	bonauto.lt	1
CLOUDFLARENET	subconit.lt	1
hostex.lt	ama.lt	1
serveriai.lt	biorevital.lt	1
serveriai.lt	aloste.lt	1
serveriai.lt	ramnek.lt	1
MB Redfox Cloud	realliferp.lt	1
UAB Interneto vizija	sarune.lt	1
CLOUDFLARENET	Routit BV	1
serveriai.lt	etuna.lt	1
ipcom GmbH	dicota.com	1
CLOUDFLARENET	balticcattle.lt	1
serveriai.lt	arevita.lt	1
hostex.lt	e-deals.lt	1
Telia Lietuva, AB	engrave.lt	1
CLOUDFLARENET	carchat.lt	1
serveriai.lt	lovein.lt	1
AMAZON-02	i-goods.lt	1
CLOUDFLARENET	immo.lt	1
fiber.ee	ecomotors.lt	1
serveriai.lt	rbg.lt	1
datacentras.lt	metanet.lt	1
UAB Interneto vizija	armonika.lt	1
team.blue Denmark A/S	mailanyone.net	1
serveriai.lt	eiga.lt	1
serveriai.lt	aim100.lt	1
serveriai.lt	biokos.lt	1
balticvps.eu	sands.lt	1
Telia Lietuva, AB	verte.lt	1
UAB Baltnetos komunikacijos	Telia Lietuva, AB	2
serveriai.lt	photodesire.lt	1
CLOUDFLARENET	unite.lt	1
serveriai.lt	django.lt	1
serveriai.lt	agiletour.lt	1
serveriai.lt	conatus.lt	1
pixelx.de	be2.com	1
CLOUDFLARENET	dataschool.lt	1
CLOUDFLARENET	reico.lt	1
Telia Lietuva, AB	ecofarming.lt	1
hostex.lt	laikrastis.lt	1
serveriai.lt	apg.lt	1
serveriai.lt	ipsu.lt	1
serveriai.lt	stelladesign.lt	1
CLOUDFLARENET	las-venturas.lt	1
ns14.net	halfen.com	2
srv.pl	srv.pl	1
hostex.lt	patentai.lt	1
edata.lt	fj.lt	1
rocket-media.info	btbnet.de	1
UAB Interneto vizija	amlshop.lt	1
serveriai.lt	credit123.lt	1
ipcom GmbH	omni.lt	1
getspace.us	jakda.lt	1
domains.lt	nimbus.lt	1
serveriai.lt	intermetal.lt	1
serveriai.lt	roboarena.lt	1
UAB Elneta	boulingas.lt	1
serveriai.lt	sak.lt	1
CLOUDFLARENET	egotu.lt	1
serveriai.lt	sissi.lt	1
Vardas.lt, Uab	Informacines sistemos ir technologijos, UAB	1
Infocom Uk Ltd	ultramarinas.lt	1
UAB Interneto vizija	taudul.lt	1
gransy.com	promotron.com	1
UAB Interneto vizija	adeles.lt	1
serveriai.lt	alfaparf.lt	1
bacloud.com	rsoft.lt	1
serveriai.lt	hersta.lt	1
CLOUDFLARENET	Register S.p.A.	1
NSONE	Cloudflare London, LLC	4
UAB Interneto vizija	easydna.net	1
Kauno Technologijos Universitetas	lkti.lt	7
serveriai.lt	new-vision.lt	1
CLOUDFLARENET	arboristas.lt	1
TIER-NET	fotokeramika.lt	1
UAB Interneto vizija	ihemp.lt	1
serveriai.lt	rodsta.lt	1
serveriai.lt	olove.lt	1
CLOUDFLARENET	mosso.lt	1
getspace.us	ameno.lt	1
serveriai.lt	dotprint.lt	1
UAB Rakrejus	altacom.lt	1
serveriai.lt	memorial.lt	1
Telia Lietuva, AB	ebeauty.lt	1
CLOUDFLARENET	untu.lt	1
GOOGLE	credendogroup.com	2
domenai.lt	tarutis.lt	1
hostex.lt	reint.lt	1
CLOUDFLARENET	kun.lt	1
serveriai.lt	organum.lt	1
team.blue Denmark A/S	spamfilter.io	1
Telia Lietuva, AB	rbii.lt	1
Telia Lietuva, AB	bgm.lt	1
Cyber_Folks S.A.	cirrusaircraft.lt	1
vshosting.cloud	vshosting.cloud	1
UAB Interneto vizija	varda.lt	1
serveriai.lt	ispaniskasmaistas.lt	1
domains.lt	wintec.lt	1
UAB Interneto vizija	krpsc.lt	1
GOOGLE	2add.lt	1
UAB Interneto vizija	florasa.lt	1
serveriai.lt	manex.lt	1
balticvps.eu	capitalline.lt	1
serveriai.lt	didesign.lt	1
balt.net	apto.lt	1
domains.lt	gametracker.lt	1
AMAZON-02	olacabs.lt	1
domenai.lt	antika.lt	1
GOOGLE	jga.lt	1
serveriai.lt	temem.lt	1
serveriai.lt	matavimoprietaisai.lt	1
Telia Lietuva, AB	vandex.lt	1
Telia Lietuva, AB	westcity.lt	1
serveriai.lt	codemakers.lt	1
Telia Lietuva, AB	signalita.lt	1
serveriai.lt	diara.lt	1
serveriai.lt	crew.lt	1
supremedns.com	supremebox.com	2
serveriai.lt	g-lounges.lt	1
Telia Lietuva, AB	artomedia.lt	1
Telia Lietuva, AB	bemed.lt	1
ibc.pl	avicon.lt	1
kadabra.lt	kadabra.lt	1
UAB Interneto vizija	keris.lt	1
serveriai.lt	fighters.lt	1
Akamai International B.V.	GOOGLE	1
UAB Interneto vizija	masterjero.lt	1
serveriai.lt	eled.lt	1
serveriai.lt	photogallery.lt	1
getspace.us	vetema.lt	1
serveriai.lt	faberis.lt	1
UAB Interneto vizija	getema.lt	1
Telia Lietuva, AB	olympicway.lt	1
webhostbox.net	monetium.lt	1
awsdns-24.net	MICROSOFT-CORP-MSN-AS-BLOCK	1
net.pl	GOOGLE	1
UAB Bite Lietuva	droidas.lt	1
domains.lt	webclient1.de	1
1cbit.ru	1cbit.ru	2
bacloud.com	darva.lt	1
AMAZON-02	malcolmhollis.lt	1
serveriai.lt	diabi.lt	1
no-ip.com	jdk.lt	1
Kauno Technologijos Universitetas	vansa.lt	1
serveriai.lt	electricalworks.lt	1
serveriai.lt	notisa.lt	1
serveriai.lt	drops.lt	1
NUCDN	TelemaxX Telekommunikation GmbH	1
serveriai.lt	smagus.lt	1
serveriai.lt	pedos.lt	1
Hetzner Online GmbH	abete.lt	1
serveriai.lt	Penkiu kontinentu komunikaciju centras, Ltd.	1
serveriai.lt	hocuspocus.lt	1
hostex.lt	arvauto.lt	1
serveriai.lt	mailarchive.lt	1
serveriai.lt	bombadealma.lt	1
UAB Interneto vizija	saimon.lt	1
CLOUDFLARENET	kedainiai.lt	1
Sia Nano IT	gardenplast.lt	1
serveriai.lt	piramid.lt	1
serveriai.lt	metalo.lt	1
serveriai.lt	dizu.lt	1
hosting.de	hosting.de	1
serveriai.lt	graphite.lt	1
CLOUDFLARENET	silute.lt	1
serveriai.lt	uoksa.lt	1
serveriai.lt	enlis.lt	1
dbweb.ee	dbweb.ee	1
serveriai.lt	kajc.lt	1
Telia Lietuva, AB	AUTOMATTIC	1
CLOUDFLARENET	kupiskis.lt	1
serveriai.lt	cinefx.lt	1
serveris.lt	ad-miration.lt	1
domenai.lt	concierge.lt	1
SECURITYSERVICES	habbogroup.com	1
CLOUDFLARENET	plex.lt	1
hostsila.com	pixsel.lt	1
AMAZON-02	replayjeans.lt	1
serveriai.lt	balticprinting.lt	1
serveris.lv	Sia Nano IT	7
serveriai.lt	farma24.lt	1
CLOUDFLARENET	mhealth.lt	1
Telia Lietuva, AB	tamada.lt	1
serveriai.lt	musthost.lt	1
getspace.us	artel.lt	1
serveris.lt	beatitas.lt	1
domains.lt	topolis.lt	1
serveriai.lt	pajurionaujienos.lt	1
Hetzner Online GmbH	paninfo.lt	1
UAB Interneto vizija	duratai.lt	1
Telia Lietuva, AB	ventila.lt	1
Hetzner Online GmbH	myli.lt	1
serveriai.lt	e11.lt	1
domenai.lt	bartuspro.lt	1
Telia Lietuva, AB	28.28	1
domenai.lt	peteliskes.lt	1
UAB Interneto vizija	labex.lt	1
home.pl	stegu.lt	1
shockmedia.nl	MICROSOFT-CORP-MSN-AS-BLOCK	2
serveriai.lt	4pack.lt	1
bacloud.com	enlightened.lt	1
serveriai.lt	vyc.lt	1
Hetzner Online GmbH	w3w.lt	1
serveriai.lt	skalbk.lt	1
virtuaal.com	huntloc.lt	1
serveris.lt	metalizacija.lt	1
serveriai.lt	velines.lt	1
UAB Elneta	mapi.lt	1
Nazwa.pl Sp.z.o.o.	electroride.lt	1
bacloud.com	breakroom.lt	1
Hetzner Online GmbH	pikselis.lt	1
serveriai.lt	4x4service.lt	1
UAB Bite Lietuva	m3a.lt	1
Hetzner Online GmbH	tarapack.lt	1
serveriai.lt	revolax.lt	1
MICROSOFT-CORP-MSN-AS-BLOCK	hypermedia.pl	1
Telia Lietuva, AB	e-laurus.lt	1
serveriai.lt	olinex.lt	1
Telia Lietuva, AB	solliner.lt	1
Telia Lietuva, AB	abcklinker.lt	1
UAB Interneto vizija	flagpost.lt	1
serveriai.lt	lubumenas.lt	1
serveriai.lt	automark.lt	1
danplastas.lt	danplastas.lt	2
serveriai.lt	sbh.lt	1
CLOUDFLARENET	holidayclub.lt	1
UAB Interneto vizija	vikeva.lt	1
da.direct	sign-makers.lt	1
datacentras.lt	kriptomanija.lt	1
UAB Interneto vizija	lapienis.lt	1
GOOGLE-CLOUD-PLATFORM	GOOGLE	1
UAB Interneto vizija	translesta.lt	1
serveriai.lt	msev.lt	1
serveriai.lt	f-f.lt	1
serveriai.lt	klava.lt	1
serveriai.lt	provivo.lt	1
serveriai.lt	killercustom.lt	1
balticvps.eu	konversus.lt	1
Telia Lietuva, AB	harmonyvita.lt	1
perf1.com	pphosted.com	3
e-net-b.net	glutton-zen.lt	1
UAB Interneto vizija	zarkompa.lt	1
serveriai.lt	lcpa.lt	1
CLOUDFLARENET	seainthesky.lt	1
Telia Lietuva, AB	videoonline.lt	1
iptwins.com	GOOGLE	1
serveriai.lt	pickout.lt	1
UAB Interneto vizija	deforus.lt	1
serveriai.lt	bioinfo.lt	1
Kertinis valstybes telekomunikaciju centras	CLOUDFLARENET	1
serveriai.lt	manoaura.lt	1
serveriai.lt	omeksa.lt	1
Telia Lietuva, AB	arg.lt	1
CLOUDFLARENET	joniskis.lt	1
domenai.lt	Proton AG	6
topvelo.lt	topvelo.lt	1
serveriai.lt	mysql.lt	1
CLOUDFLARENET	viptennis.lt	1
serveriai.lt	burstner.lt	1
Telia Lietuva, AB	abra.lt	1
ltmd.net	probiotikai.lt	1
Informacines sistemos ir technologijos, UAB	vet-pharmacy.lt	1
UAB Interneto vizija	uwant.lt	1
domenai.lt	kola.lt	1
domains.lt	mnt.lt	1
Telia Lietuva, AB	brandstrategy.lt	1
serveriai.lt	l4l.lt	3
getspace.us	architektas.lt	1
QUIC-CLOUD	MICROSOFT-CORP-MSN-AS-BLOCK	2
getspace.us	curiousdogshop.lt	1
serveris.lt	salys.lt	1
serveriai.lt	dalila.lt	1
Kauno Technologijos Universitetas	kompro.lt	1
serveriai.lt	rkp.lt	1
serveriai.lt	novocore.lt	1
serveriai.lt	rasotiziedai.lt	1
serveriai.lt	stebuklusalis.lt	1
serveriai.lt	technosta.lt	1
OVH SAS	APPLE-ENGINEERING	3
serveriai.lt	bambook.lt	1
getspace.us	pesta.lt	1
serveriai.lt	gatavynas.lt	1
serveriai.lt	ultraviol.lt	1
Telia Lietuva, AB	enilit.lt	1
serveriai.lt	martas.lt	1
Telia Lietuva, AB	protekta.lt	1
serveriai.lt	moreta.lt	1
Telia Lietuva, AB	topexchange.lt	1
GOOGLE	t12.lt	1
CLOUDFLARENET	shar.lt	1
serveriai.lt	teamgate.lt	1
Hetzner Online GmbH	wal.lt	1
hardcore.lt	hardcore.lt	2
bacloud.com	vispak.lt	1
UAB Interneto vizija	megatask.lt	1
Net-Build GmbH	pminternational.lt	1
domenai.lt	rvigroup.lt	1
serveriai.lt	dekoro.lt	1
markmonitor.com	walmark.cz	2
CLOUDFLARENET	autoservis.lt	1
bacloud.com	formed.lt	1
CLOUDFLARENET	gotherapy.lt	1
AMAZON-02	wetteronline.de	1
merlion.ru	merlion.ru	1
cronon.de	hidrive.de	1
serveriai.lt	aigus.lt	1
serveriai.lt	bitneta.lt	1
CLOUDFLARENET	okland.lt	1
cargo.site	MICROSOFT-CORP-MSN-AS-BLOCK	1
serveriai.lt	naujaera.lt	1
Telia Lietuva, AB	restyling.lt	1
serveriai.lt	sansas.lt	1
serveriai.lt	bikers.lt	1
serveriai.lt	littlemouse.lt	1
Telia Lietuva, AB	l-b.lt	1
CLOUDFLARENET	racer.lt	1
Telia Lietuva, AB	spring.lt	1
serveriai.lt	profm.lt	1
trouble-free.net	blacksugar.lt	1
serveriai.lt	pcdomino.lt	1
ipcom GmbH	tunap.com	1
balticvps.eu	profitsale.lt	1
CLOUDFLARENET	7sense.lt	1
netcup GmbH	netcup.net	2
UAB Interneto vizija	witaminj.lt	1
Hetzner Online GmbH	transit.lt	1
Ahosting a.s.	GOOGLE	1
serveriai.lt	ymtv.lt	1
serveriai.lt	monttair.lt	1
domains.lt	litronika.lt	1
Telia Lietuva, AB	aukok.lt	1
serveriai.lt	landera.lt	1
UAB Interneto vizija	flysurfer.lt	1
UAB Interneto vizija	brendis.lt	1
CLOUDFLARENET	bib.lt	1
w3line.fr	globalintranet.net	1
serveriai.lt	kutka.lt	1
bacloud.com	insite.lt	1
Hetzner Online GmbH	nostalgija.lt	1
serveriai.lt	kurokesu.com	1
web-solutions.dk	web-solutions.dk	3
magit.lt	olio.lt	1
ait.lt	rig.lt	1
serveriai.lt	niceidea.lt	1
CLOUDFLARENET	LH.pl Sp. z o.o.	2
NUCDN	norwexuniversity.lt	1
CLOUDFLARENET	etravi.lt	1
Telia Lietuva, AB	asajournal.lt	1
Telia Lietuva, AB	belladerma.lt	1
domenai.lt	lukki.lt	1
serveriai.lt	milvaras.lt	1
Hetzner Online GmbH	fertilgen.lt	1
serveriai.lt	braza.lt	1
serveris.lt	artepak.lt	1
serveriai.lt	cvs.lt	1
louhi.net	bionskincare.lt	1
Hetzner Online GmbH	moosepro.lt	1
Telia Lietuva, AB	siltis.lt	1
Telia Lietuva, AB	decoras.lt	1
serveriai.lt	evamark.lt	1
getspace.us	izotop.lt	1
Telia Lietuva, AB	AMAZON-AES	1
serveriai.lt	strongflex.lt	1
Telia Lietuva, AB	happyme.lt	1
Sia Nano IT	ganbeicity.lt	1
serveriai.lt	tyran.lt	1
serveriai.lt	maslaus.lt	1
CLOUDFLARENET	goodpeople.lt	1
wedos.com	tripleweb.cz	1
serveriai.lt	alkena.lt	1
serveriai.lt	mibencoshop.lt	1
Vautron Rechenzentrum AG	powerbe.lt	1
UAB Interneto vizija	gamingroom.lt	1
AMAZON-02	zalosvertinimas.lt	1
CLOUDFLARENET	janulis.lt	1
serveriai.lt	urmo.lt	1
hostex.lt	avicus.lt	1
CLOUDFLARENET	odontologas.lt	1
getspace.us	luphotography.lt	1
CLOUDFLARENET	genealogia.lt	1
serveriai.lt	7mm.lt	1
serveriai.lt	partnet.lt	3
Telia Lietuva, AB	centari.lt	1
latvenergo.lv	latvenergo.lv	3
getspace.us	laisve.lt	1
serveriai.lt	wakeinn.lt	1
NetUSE AG	ser.de	1
serveriai.lt	pageno4.lt	1
serveriai.lt	petrauskis.lt	1
fixcom.fi	MICROSOFT-CORP-MSN-AS-BLOCK	1
GOOGLE	justdeco.lt	1
domenai.lt	orado.lt	1
pironet-ndh.com	egeplast.de	1
co.uk	beltbo.lt	1
Kauno Technologijos Universitetas	katalizator.lt	1
fiber.ee	crystalmix.lt	1
CLOUDFLARENET	bookaclassic.lt	1
Telia Lietuva, AB	lileikis.lt	1
Telia Lietuva, AB	supremits.lt	1
serveriai.lt	europass.lt	1
serveriai.lt	epet.lt	1
serveriai.lt	mali.lt	1
Telia Lietuva, AB	printmark.lt	1
Sia Nano IT	scan-plast.lt	1
UAB Interneto vizija	vns.lt	1
serveriai.lt	lsed.lt	1
domains.lt	vil.lt	1
serveriai.lt	emiapartments.lt	1
UAB Interneto vizija	sed.lt	1
CLOUDFLARENET	UAB INIT	1
serveriai.lt	kubilai.lt	1
serveriai.lt	gifter.lt	1
serveriai.lt	ecoline.lt	1
serveriai.lt	ci.lt	1
domenai.lt	daviklis.lt	1
serveriai.lt	kufa.lt	1
serveriai.lt	consus.lt	1
Cyber_Folks S.A.	defrohome.lt	1
domenai.lt	ic-service.lt	1
CLOUDFLARENET	npoint.lt	1
hostex.lt	thomasphilipps.lt	1
world4you.at	ebike24.lt	1
serveriai.lt	nieko.lt	1
serveriai.lt	dpg.lt	1
Hetzner Online GmbH	globalhub.lt	1
UAB Interneto vizija	redenta.lt	1
awsdns-01.org	GOOGLE	2
CLOUDFLARENET	multishop.lt	1
Telia Lietuva, AB	superku.lt	1
serveriai.lt	maxrent.lt	1
ignum.com	ignum.cz	2
CLOUDFLARENET	arcoreal.lt	1
AMAZON-02	immoweb.lt	1
Telia Lietuva, AB	kandelas.lt	1
serveriai.lt	ljf.lt	1
IONOS SE	liana.lt	1
serveriai.lt	g2s.lt	1
dipolis.net	seospecas.lt	1
getspace.us	europrojects.lt	1
CLOUDFLARENET	gsmarena.lt	1
serveriai.lt	cozycuts.lt	1
serveriai.lt	k125.lt	1
serveriai.lt	advision.lt	1
domenai.lt	cxc.lt	1
CLOUDFLARENET	mantasdigital.lt	1
serveriai.lt	mdesign.lt	1
UAB ESNET	how-to.lt	1
serveriai.lt	lifodas.lt	1
bacloud.com	eworld.lt	1
serveriai.lt	bighaus.lt	1
MB Redfox Cloud	herbis.lt	1
serveriai.lt	legacyvets.lt	1
UAB Bite Lietuva	skybus.lt	1
AMAZON-02	hyundai-mh.lt	1
serveriai.lt	veneksboutique.lt	1
serveriai.lt	squashacademy.lt	1
Telia Lietuva, AB	entercafe.lt	1
bacloud.com	technicmaster.lt	1
atwork.pro	atwork.lt	1
serveriai.lt	512.lt	1
serveriai.lt	justomus.lt	1
Vardas.lt, Uab	UAB Interneto vizija	1
serveriai.lt	momentkredit.lt	1
domenai.lt	nendre.lt	1
serveriai.lt	commercialcleaning.lt	1
serveriai.lt	vesina.lt	1
domains.lt	gipa.lt	1
bacloud.com	progressive.lt	1
serveriai.lt	morganblue.lt	1
serveriai.lt	dsfg.lt	1
serveriai.lt	juzara.lt	1
serveriai.lt	jogihome.lt	1
serveriai.lt	pagi.lt	1
Telia Lietuva, AB	lauva.lt	1
serveriai.lt	scope-international.lt	1
serveriai.lt	flippa.lt	1
UAB Interneto vizija	np.lt	1
Kauno Technologijos Universitetas	vstarnyba.lt	1
serveriai.lt	olo.lt	1
oxilion.nl	mail-scanner.eu	1
Telia Lietuva, AB	morendi.lt	1
bacloud.com	vladmira.lt	1
serveriai.lt	pandaplay.lt	1
domains.lt	zadeikis.lt	1
serveriai.lt	groomlandia.lt	1
CLOUDFLARENET	dfgc.lt	1
ipcom GmbH	blancheporte.lt	1
serveriai.lt	primavera.lt	1
serveriai.lt	mikera.lt	1
serveriai.lt	babashop.lt	3
CLOUDFLARENET	kalista.lt	1
balticvps.eu	akmens.lt	1
hostex.lt	daglas.lt	1
serveriai.lt	petras.lt	1
serveriai.lt	downloads.lt	1
AMAZON-02	infrav.lt	1
serveriai.lt	noblnutrition.lt	1
serveriai.lt	neuromedicina.lt	1
hostex.lt	meskis.lt	1
serveriai.lt	maciunas.lt	1
serveriai.lt	go-tennis.lt	1
ratesolutions.eu	ratesolutions.eu	1
ns14.net	gfk.lt	1
checkdomain.de	elektror.lt	1
getspace.us	hillas.lt	1
redirect.host	redirect.host	2
serveriai.lt	hurom.lt	1
Hetzner Online GmbH	webso.lt	1
Telia Lietuva, AB	p4.lt	1
mwebdns.de	klapp.lt	1
serveriai.lt	raudone.lt	1
ANEXIA Internetdienstleistungs GmbH	oerlikon.lt	1
serveriai.lt	litech.lt	1
UAB Interneto vizija	instotech.lt	1
serveriai.lt	digiart.lt	1
UAB Interneto vizija	bconstruction.lt	1
home.pl	quiksetpro.lt	1
serveriai.lt	sakotis.lt	1
AMAZON-02	truevo.lt	1
UAB Interneto vizija	topsik.lt	1
CLOUDFLARENET	auroncoffee.lt	1
hostex.lt	pmg.lt	1
CLOUDFLARENET	bimori.lt	1
serveriai.lt	elementai.lt	1
Radicenter OU	batiste.lt	1
UAB Interneto vizija	aradus.lt	1
smarthost.pl	camminareboots.lt	1
serveriai.lt	sutema.lt	1
serveriai.lt	noriva.lt	1
UAB Interneto vizija	whiteglo.lt	1
serveriai.lt	juozas.lt	1
GOOGLE	netmedia.lt	1
Net-Build GmbH	ultimateyoung.lt	1
Telia Lietuva, AB	leaners.lt	1
CLOUDFLARENET	boardsports.lt	1
serveriai.lt	medziokle.lt	1
home.pl	pharmasis.lt	1
serveriai.lt	neijing.lt	1
serveriai.lt	machupicchu.lt	1
CLOUDFLARENET	kasis.lt	1
Kauno Technologijos Universitetas	policija.lt	1
CLOUDFLARENET	npi.lt	1
serveriai.lt	scb.lt	1
serveriai.lt	egrida.lt	1
serveriai.lt	itpaslaugos.lt	1
Hostline, Uab	UAB Interneto vizija	1
domenai.lt	goldberry.lt	1
serveriai.lt	liquimoly.lt	1
octlabs.de	octlabs.de	1
NUCDN	eastconsult.lt	1
serveriai.lt	perfectnails.lt	1
serveriai.lt	ols.lt	1
home.pl	coletto.lt	1
GANDI SAS	samhammer.de	1
CLOUDFLARENET	su4life.lt	1
ait.lt	ticketothemoon.lt	1
Telia Lietuva, AB	misfit.lt	1
bacloud.com	vvtrans.lt	1
CLOUDFLARENET	tcbd.lt	1
Telia Lietuva, AB	e-reporting.lt	1
serveriai.lt	diskoteka.lt	1
CLOUDFLARENET	gov.lt	2
Telia Lietuva, AB	topiary.lt	1
bacloud.com	evacarmats.lt	1
Telia Lietuva, AB	mare.lt	1
NUCDN	duracelldirect.lt	1
serveriai.lt	klimatokaita.lt	1
OVH SAS	nordcurrent.com	1
UAB Interneto vizija	builder.lt	1
edata.lt	cryonomic.lt	1
serveriai.lt	irvi.lt	1
businessconnect.eu	businessconnect.nl	3
managed-ip.com	techem.lt	1
Telia Lietuva, AB	Datacamp Limited	2
serveriai.lt	dziungles.lt	1
serveriai.lt	gigsis.lt	1
serveriai.lt	opopa.lt	1
UAB Interneto vizija	klu.lt	1
topconnect.ee	travelchat.lt	1
UAB Bite Lietuva	jomas.lt	1
UAB Interneto vizija	skrynia.lt	1
serveriai.lt	ichthus.lt	1
serveriai.lt	baldera.lt	1
Hetzner Online GmbH	bifoval.lt	1
Telia Lietuva, AB	inmedika.lt	1
plamega.lt	plamega.lt	1
serveriai.lt	vgh.lt	1
domenai.lt	baldusfera.lt	1
UAB Bite Lietuva	radaras.lt	1
serveriai.lt	itesk.lt	1
ipcom GmbH	dexeryl.lt	1
domenai.lt	karale.lt	1
contabo.net	hosports.lt	1
Telia Lietuva, AB	atamano.lt	1
or.jp	GOOGLE	1
serveriai.lt	rulin.lt	1
serveriai.lt	4f.lt	1
serveriai.lt	gpl.lt	1
serveriai.lt	egz.lt	1
bluebridge.lt	paragliding.lt	1
serveris.lt	vitalissport.lt	1
AMAZON-02	onitsukatiger.lt	1
serveriai.lt	boba.lt	1
mydevil.net	mydevil.net	4
serveriai.lt	amkas.lt	1
balt.net	rytas.net	1
serveriai.lt	eurosistema.lt	1
serveriai.lt	vielaris.lt	1
serveriai.lt	lightbridge.lt	1
serveriai.lt	batut.lt	1
UAB Bite Lietuva	gauja.lt	1
serveriai.lt	contourenterprise.lt	1
serveriai.lt	garsas.lt	1
serveriai.lt	agworkshop.lt	1
serveriai.lt	eiles.lt	1
serveriai.lt	sexe.lt	1
UAB Elneta	cloudit.lt	1
UAB Interneto vizija	brabus.lt	1
serveriai.lt	met.lt	1
hostex.lt	snaigeprofessional.lt	1
serveriai.lt	sba.lt	2
UAB Rakrejus	bpm.lt	1
UAB Interneto vizija	prepper.lt	1
serveriai.lt	makselyte.lt	1
serveriai.lt	multi-media.lt	1
serveriai.lt	foodstories.lt	1
serveriai.lt	fml.lt	1
Telia Lietuva, AB	bac.lt	1
domenai.lt	iso20000.lt	1
serveriai.lt	bulis.lt	1
Telia Lietuva, AB	datrans.lt	1
serveriai.lt	bakanauskas.lt	1
Telia Lietuva, AB	komisija.lt	1
serveriai.lt	atels.lt	1
balt.net	respublika.net	1
Telia Lietuva, AB	nordpark.lt	1
serveriai.lt	smartcity.lt	1
IONOS SE	otobo.de	1
serveriai.lt	fakju.lt	1
hitme.pl	hitme.pl	2
CLOUDFLARENET	vokai.lt	1
serveriai.lt	natural-products.lt	1
serveriai.lt	infiray.lt	1
domenai.lt	travosa.lt	1
domains.lt	optikona.lt	3
serveriai.lt	dovyartstudio.lt	1
CLOUDFLARENET	m9m.lt	1
Sia Nano IT	abas.lv	1
serveriai.lt	fizz.lt	1
balticvps.eu	kitchenhoney.lt	1
CLOUDFLARENET	i-net.lt	1
serveriai.lt	vrsc.lt	1
svetainiucentras.lt	barf.lt	1
AMAZON-02	itscope.de	1
bacloud.com	aquamundi.lt	1
serveriai.lt	saeps.lt	1
almic.eu	almic.ee	1
serveriai.lt	linarta.lt	1
Telia Lietuva, AB	bcrc.lt	1
hostex.lt	etmono.lt	1
wizja.net	kontakt-simon.lt	1
CLOUDFLARENET	nisaba.lt	1
domain24.de	platform-lunar.lt	1
serveriai.lt	nvmnetwork.eu	3
hostiq.ua	remontdoma.lt	1
serveriai.lt	heatpumpservice.lt	1
iptwins.com	SQUIXA PTY LIMITED	1
serveriai.lt	impactcreative.lt	1
inmotionhosting.com	ausy.lt	1
UAB Interneto vizija	prj.lt	1
CLOUDFLARENET	nelita.lt	1
serveriai.lt	108.lt	1
serveriai.lt	megainvest.lt	1
Hetzner Online GmbH	MICROSOFT-CORP-MSN-AS-BLOCK	8
serveriai.lt	lake.lt	1
UAB Interneto vizija	zuikiai.lt	1
Telia Lietuva, AB	upeko.lt	1
serveriai.lt	kalvita.lt	1
fornex.com	duhi.lt	1
Telia Lietuva, AB	teralita.lt	1
domains.lt	gregoriana.lt	1
CLOUDFLARENET	lefty.lt	4
Telia Lietuva, AB	skaiteks.lt	1
getspace.us	jolanarta.lt	1
serveris.lt	knygnesys.lt	1
GOOGLE	grybo7.lt	1
domenai.lt	furnioks.lt	1
serveriai.lt	fotohobis.lt	1
serveriai.lt	samanota.lt	1
hostex.lt	eurowood.lt	1
GOOGLE	ruksa.lt	1
serveriai.lt	lafleur.lt	1
UAB Nacionalinis Telekomunikaciju Tinklas	fireeyecloud.com	1
serveriai.lt	dineris.lt	1
bacloud.com	lvr.lt	1
domains.lt	aids.lt	1
serveriai.lt	mmtransport.lt	1
magit.lt	aveka.lt	1
AMAZON-02	timelapse.lt	1
CLOUDFLARENET	smoothie.lt	1
UAB Interneto vizija	hormonai.lt	1
Infocom Uk Ltd	dcg.lt	1
CLOUDFLARENET	carhire3000.com	1
CLOUDFLARENET	matuzas.lt	1
com.pl	com.pl	5
trouble-free.net	hba.lt	1
Telia Lietuva, AB	butukas.lt	1
serveriai.lt	epicstudio.lt	1
CLOUDFLARENET	eggersmann.lt	1
serveriai.lt	rimar.lt	1
CLOUDFLARENET	kanape.lt	1
UAB Rakrejus	uzlietuva.lt	1
UUNET	vls-global.com	1
serveriai.lt	landers.lt	1
serveriai.lt	pranavent.lt	1
metro-ag.com	metro.info	2
NSONE	GOOGLE-CLOUD-PLATFORM	1
SECURITYSERVICES	tallink.com	1
serveriai.lt	restmodules.lt	1
vultr.com	UAB Interneto vizija	1
CLOUDFLARENET	mydgm.lt	1
Telia Lietuva, AB	ecoservice.lt	1
swizzonic.ch	swizzonic.email	2
DIGITALOCEAN-ASN	easytoys.lt	1
serveriai.lt	iso14001.lt	1
serveriai.lt	denas.lt	1
UAB Interneto vizija	tesia.lt	1
Deutsche Telekom AG	mxlogic.net	1
Telia Lietuva, AB	pbu.lt	1
bacloud.com	bli.lt	1
betta.ru	betta.ru	1
domenai.lt	requiem.lt	1
domenai.lt	aukcionai.lt	1
bacloud.com	avtc.lt	1
CLOUDFLARENET	fizgi.lt	1
serveriai.lt	emer.lt	1
UAB Baltnetos komunikacijos	GOOGLE	1
serveriai.lt	vskinbeauty.lt	1
AMAZON-02	speedcore.lt	1
serveriai.lt	fengineering.lt	1
CLOUDFLARENET	danija.lt	1
eolas.fr	eolas.fr	1
OVH SAS	ovh.ca	1
medtronic.com	microsoft.com	1
serveriai.lt	vpmail.lt	1
serveriai.lt	finante.lt	1
CLOUDFLARENET	labas.lt	1
serveris.lv	webplace.lv	1
CLOUDFLARENET	ibex.lt	1
serveriai.lt	foodtruck.lt	1
CLOUDFLARENET	undine.lt	1
CLOUDFLARENET	agrovartai.lt	1
serveriai.lt	mg-group.lt	1
Hetzner Online GmbH	dkk.lt	1
serveriai.lt	aspc.lt	1
almeva.cz	skhosting.cz	1
CLOUDFLARENET	lgpa.lt	1
serveris.lt	1colibri.lt	1
serveriai.lt	ipmacert.lt	1
UAB Bite Lietuva	artka.lt	1
UAB Interneto vizija	autowrap.lt	1
serveriai.lt	oxygym.lt	1
serveris.lt	archyvarai.lt	1
getspace.us	zzsa.lt	1
serveriai.lt	enzas.lt	1
UAB Interneto vizija	modamo.lt	1
serveriai.lt	matieka.lt	1
serveriai.lt	autodraudimas.lt	1
serveriai.lt	chips.lt	1
Telia Lietuva, AB	rppi.lt	1
UNIFIEDLAYER-AS-1	MICROSOFT-CORP-MSN-AS-BLOCK	1
ipage.com	russellfinex.lt	1
CLOUDFLARENET	draft.lt	1
serveriai.lt	eduai.lt	1
serveriai.lt	elogo.lt	1
serveriai.lt	ecocosmetics.lt	1
bacloud.com	tool24.lt	1
nameserver.de	clustermail.de	1
CLOUDFLARENET	andre.lt	1
UAB Bite Lietuva	starai.lt	1
serveriai.lt	jalita.lt	1
hostex.lt	juridicon.lt	1
UAB Bite Lietuva	kspaces.lt	1
serveriai.lt	numanu.lt	1
smcc.de	smcc.net	1
serveriai.lt	eurovila.lt	1
serveriai.lt	publika.lt	1
serveriai.lt	elanis.lt	1
serveriai.lt	baronas.lt	1
Telia Lietuva, AB	angata.lt	1
serveriai.lt	ageta.lt	1
Telia Lietuva, AB	ppfstudio.lt	1
CLOUDFLARENET	tokenizacija.lt	1
domains.lt	likimas.lt	1
domenai.lt	supply.lt	1
domains.lt	osama.lt	1
bacloud.com	flamesdaily.lt	1
UAB Interneto vizija	tailor.lt	1
atspace.me	arr.lt	1
getspace.us	morolaw.lt	1
serveriai.lt	install.lt	4
serveriai.lt	stundzia.lt	1
megpanel.com	gretasmagnet.lt	1
euronic.fi	tdd.lt	1
zammad.com	zammad.com	1
UAB Interneto vizija	uff.lt	1
Telia Lietuva, AB	owexx.lt	1
Hetzner Online GmbH	phoneservice.lt	1
serveriai.lt	stiklopoliravimas.lt	1
serveriai.lt	danlit.lt	1
Telia Lietuva, AB	versuva.lt	1
serveriai.lt	aaaa.lt	1
UAB Interneto vizija	smartplanai.lt	1
Telia Lietuva, AB	flexoprepress.lt	1
Telia Lietuva, AB	balticpanel.lt	1
Telia Lietuva, AB	credopaslaugos.lt	1
serveriai.lt	daruna.lt	1
UAB Interneto vizija	lygsapne.lt	1
Telia Lietuva, AB	ritualis.lt	1
Telia Lietuva, AB	kbsc.lt	1
domenai.lt	nvpb.lt	1
CLOUDFLARENET	recosport.lt	1
CLOUDFLARENET	trustbank24.lt	1
serveriai.lt	nfm.lt	1
Informacines sistemos ir technologijos, UAB	sevilis.lt	1
behostings.net	afcompressors.lt	1
serveriai.lt	hotcup.lt	1
bacloud.com	optifarma.lt	1
UAB Interneto vizija	inetas.lt	1
CLOUDFLARENET	yappy.lt	1
serveriai.lt	godana.lt	1
serveriai.lt	pimc.lt	1
serveriai.lt	one2one.lt	1
grserver.gr	olympas.lt	1
magit.lt	beurer.lt	1
serveriai.lt	codeco.lt	1
Telia Lietuva, AB	ekora.lt	1
Telia Lietuva, AB	tangocrm.lt	1
serveriai.lt	devweb.lt	1
serveriai.lt	floaty.lt	1
CLOUDFLARENET	3min.lt	1
web4u.cz	server4u.cz	1
CLDIN B.V.	werkonline.nu	1
serveriai.lt	klarenta.lt	1
serveriai.lt	impulse.lt	1
serveriai.lt	cargohub.lt	1
domenai.lt	aidola.lt	1
UAB Proservis	balticmoto.lt	1
serveriai.lt	sline.lt	1
cargo.site	GOOGLE	1
domains.lt	maha.lt	1
serveriai.lt	mynt.lt	1
CLOUDFLARENET	intellekt.lt	1
serveriai.lt	balticsystem.lt	1
bacloud.com	alex.lt	1
UAB Elneta	itgroup.lt	1
serveriai.lt	7arts.lt	1
AMAZON-02	zennioptical.lt	1
serveriai.lt	1go.lt	1
UAB Interneto vizija	couture.lt	1
serveriai.lt	crs.lt	1
CLOUDFLARENET	pric.lt	1
serveris.lt	cvgidas.lt	1
satserver.nl	padelshop.lt	1
naturalshops5.net	endunad.lt	1
meganet.lt	bitasltd.lt	1
hostex.lt	epicor.lt	1
serveriai.lt	rigonda.lt	1
serveriai.lt	letsmeet.lt	1
serveriai.lt	thinhost.eu	1
serveriai.lt	bilstein.lt	1
CLOUDFLARENET	webhook.lt	1
serveriai.lt	kovai.lt	1
serveriai.lt	kompiuterist.lt	1
Telia Lietuva, AB	lavisana.lt	1
Telia Lietuva, AB	ctr.lt	1
CLOUDFLARENET	itgates.lt	1
Telia Lietuva, AB	sun-park.lt	1
xundns.com	980200.vip	2
serveriai.lt	stiliaus.lt	1
NUCDN	ecoonline.lt	1
eltida.lt	GOOGLE	1
AMAZON-02	pokerstars.com	2
GANDI SAS	freedelity.be	1
serveriai.lt	balsana.lt	1
lcn.com	lcn.com	1
domenai.lt	dimplex.lt	1
radionika.lt	radionika.lt	1
Telia Lietuva, AB	processoffice.lt	1
Hetzner Online GmbH	petrone.lt	1
serveriai.lt	kelpa.lt	1
CLOUDFLARENET	auth.lt	1
serveriai.lt	idium.net	2
serveriai.lt	rigveda.lt	1
domenai.lt	kbma.lt	1
exacthosting.com	serverquality.com	1
serveriai.lt	hauliner.lt	1
serveriai.lt	esan.lt	1
serveriai.lt	artvetro.lt	1
NUCDN	movitbrakes.lt	1
serveriai.lt	alekna.lt	1
serveriai.lt	radausa.lt	1
CLOUDFLARENET	imoniunumeriai.lt	1
serveriai.lt	artistic.lt	1
CLOUDFLARENET	progames.lt	1
serveriai.lt	volkstub.lt	1
Nazwa.pl Sp.z.o.o.	europapier.lt	1
CLOUDFLARENET	okva.lt	1
one.com	MICROSOFT-CORP-MSN-AS-BLOCK	6
CLOUDFLARENET	kofis.lt	1
Telia Lietuva, AB	bidonai.lt	1
hostex.lt	pramogauk.lt	1
domains.lt	veravita.lt	2
Telia Lietuva, AB	nemunaslines.lt	1
MB Redfox Cloud	dth.lt	1
Telia Lietuva, AB	53.21	1
Telia Lietuva, AB	myhobby.lt	1
AMAZON-02	bookassist.lt	1
Zone Media OU	kivilaine.ee	1
UAB Interneto vizija	funday.lt	1
CLOUDFLARENET	Beget LLC	2
as41887.eu	datadigest.nl	2
serveriai.lt	oftalmologija.lt	1
serveriai.lt	etranslator.lt	1
serveriai.lt	dercus.lt	1
CLOUDFLARENET	plantsalive.lt	1
serveriai.lt	ivija.lt	1
CLOUDFLARENET	proesna.lt	1
hostex.lt	negrita.lt	1
magit.lt	finum.lt	1
webprobox.lt	webprobox.lt	1
serveriai.lt	photographers.lt	1
serveriai.lt	wkm.lt	1
serveriai.lt	boost.lt	1
domains.lt	tpr.lt	3
UAB Interneto vizija	lokomu.lt	1
serveriai.lt	video-wall.lt	1
serveriai.lt	rollsroycerent.lt	1
asu.lt	GOOGLE	1
Telia Lietuva, AB	kalevala.lt	1
domains.lt	banelis.lt	1
UAB Interneto vizija	lakute.lt	1
CLOUDFLARENET	bkdev.lt	1
serveriai.lt	gsmera.lt	1
Telia Lietuva, AB	ibrand.lt	1
serveriai.lt	aivascope.lt	1
serveriai.lt	inkliuzija.lt	1
serveriai.lt	giftybox.lt	1
domains.lt	bzt.lt	1
serveriai.lt	dokumentinfo.lt	1
Telia Lietuva, AB	softline.lt	1
CLOUDFLARENET	trl.lt	1
Informacines sistemos ir technologijos, UAB	flexev.lt	1
serveriai.lt	pharmacon.lt	1
Telia Lietuva, AB	fernandez.lt	1
serveris.lt	lt360.lt	1
serveriai.lt	kunasnemeluoja.lt	1
serveriai.lt	rvpi.lt	1
ipcom GmbH	sauermann-pumps.lt	1
hostex.lt	traidenis.lt	1
Vardas.lt, Uab	parescius.lt	1
GOOGLE	Seznam.cz, a.s.	1
hostex.lt	system.lt	1
serveriai.lt	graneda.lt	1
serveriai.lt	mainca.lt	1
Hetzner Online GmbH	f8outlet.lt	1
UAB Interneto vizija	josuve.lt	1
serveriai.lt	oum.lt	1
serveriai.lt	oya.lt	1
home.pl	4metal.lt	1
serveriai.lt	smartwebsite.lt	1
serveriai.lt	odi.lt	1
serveris.lt	almaz.lt	1
getspace.us	medestetica.lt	1
ivm.ee	marymaris.lt	1
freehostingeu.com	tavomiestas.lt	1
serveriai.lt	altumretail.lt	1
OVH SAS	vair.lt	1
vgtu.lt	vilniustech.lt	1
bacloud.com	dentoma.lt	1
serveriai.lt	rjg.lt	1
serveriai.lt	mjh.lt	1
checkdomain.de	global-rent-a-car.lt	1
noris.ch	noris network AG	5
hostex.lt	biotech.lt	1
serveriai.lt	deadlift.lt	1
CLOUDFLARENET	stellalex.lt	1
serveris.lt	proart.lt	1
domeny.tv	zpue.pl	1
serveriai.lt	morkys.lt	1
OVH SAS	eforest.lt	1
hostex.lt	dorove.lt	1
UAB Interneto vizija	kredito.lt	1
bacloud.com	outprom.lt	1
domenai.lt	ardf.lt	1
Telia Lietuva, AB	holz.lt	1
serveriai.lt	alcoblock.lt	1
hostex.lt	expertdoor.lt	1
UAB Interneto vizija	mooi.lt	1
Telia Lietuva, AB	santamed.lt	1
CLOUDFLARENET	slash.lt	2
home.pl	primacol.lt	1
UAB Interneto vizija	10points.lt	1
serveriai.lt	elios.lt	1
serveriai.lt	leather.lt	1
UAB Interneto vizija	hightech.lt	1
serveriai.lt	gepet.lt	1
UAB ESNET	amber-room.lt	1
serveriai.lt	kondicionieriai.lt	1
Telia Lietuva, AB	rinva.lt	1
balt.net	Hostline, Uab	1
serveriai.lt	anno1777.lt	1
serveriai.lt	puika.lt	1
naturalshops4.net	nonacne.lt	1
UAB Interneto vizija	sepc.lt	1
AMAZON-02	gbd.lt	1
serveriai.lt	nune.lt	1
chosting.dk	rodantech.lt	1
fornex.com	elementarus.lt	1
CLOUDFLARENET	konf.lt	3
bacloud.com	jkeb.lt	1
Telia Lietuva, AB	iva.lt	1
serveriai.lt	telta.lt	1
hostex.lt	banks.lt	1
AMAZON-02	paybit.lt	1
Telia Lietuva, AB	kreidezeit.lt	1
serveriai.lt	fightershop.lt	1
UAB Elneta	zalia.lt	1
serveriai.lt	puzas.lt	1
UAB Interneto vizija	nolife.lt	1
serveriai.lt	satmaster.lt	1
serveriai.lt	abbi.lt	1
serveriai.lt	kuptu.lt	1
ltmd.net	time2teambuilding.lt	1
serveriai.lt	saldva.lt	1
louhi.net	bemoreshop.lt	1
cloud86.nl	scslogistics.lt	1
UAB Interneto vizija	balticaccountax.lt	1
Telia Lietuva, AB	stylemotion.lt	1
serveriai.lt	2bar.lt	1
serveriai.lt	nailfashion.lt	1
Telia Lietuva, AB	kaiva.lt	1
SECURITYSERVICES	upm-kymmene.com	1
UAB Interneto vizija	oldy.lt	1
hostex.lt	familyproduction.lt	1
hostex.lt	bodyflex.lt	1
GANDI SAS	ZOHO-AS	1
serveriai.lt	bead.lt	1
serveriai.lt	svservice.lt	1
domenai.lt	apkaba.lt	1
Telia Lietuva, AB	dps.lt	1
e-net-b.net	gluton.lt	1
serveriai.lt	infinitas.lt	1
Telia Lietuva, AB	hockey.lt	1
serveriai.lt	filamentai.lt	1
UAB Bite Lietuva	cityshop.lt	1
serveriai.lt	slauga24.lt	1
domains.lt	baltechnika.lt	1
domenai.lt	ercia.lt	1
e-vels.lv	hermess.lt	1
CLOUDFLARENET	wpdeveloper.lt	1
serveriai.lt	elektrotech.lt	1
serveriai.lt	pits.lt	1
serveriai.lt	beb.lt	1
serveriai.lt	intertech.lt	1
serveriai.lt	okunis.lt	1
serveriai.lt	agrodema.lt	1
serveriai.lt	profmeta.lt	1
serveriai.lt	everyday.lt	1
PEPSICO-NA	AMAZON-02	1
serveriai.lt	punctum.lt	1
dntrust.com	clc.lt	1
CLOUDFLARENET	darktea.lt	1
CLOUDFLARENET	unicity.com	1
Telia Lietuva, AB	profitechnika.lt	1
serveriai.lt	gomailify.com	1
serveriai.lt	youngblood.lt	1
geotronika.lt	geotronika.lt	1
home.pl	exclusiveworldwide.lt	1
serveriai.lt	saloje.lt	1
Telia Lietuva, AB	alsaflex.lt	1
serveriai.lt	deitas.lt	1
serveriai.lt	robothead.lt	1
serveris.lt	tyras.lt	1
serveriai.lt	koma.lt	1
Telia Lietuva, AB	fatexpro.lt	1
vibecoding.lt	vibecoding.lt	1
UAB Interneto vizija	ndive.lt	1
CLOUDFLARENET	kaskanaus.lt	1
UAB Elneta	intermedija.lt	1
getspace.us	imperialgroup.lt	1
CLOUDFLARENET	flotile.lt	1
serveriai.lt	python.lt	1
serveris.lt	gendra.lt	1
m-online.net	co.jp	2
Telia Lietuva, AB	uruguay.lt	1
serveriai.lt	blinstrubas.lt	1
serveriai.lt	v8.lt	1
serveriai.lt	sando.lt	1
serveriai.lt	kaimoturizmas.lt	1
serveriai.lt	manita.lt	1
serveriai.lt	padangosplius.lt	1
serveriai.lt	skyrp.lt	1
Informacines sistemos ir technologijos, UAB	forestland.lt	1
serveriai.lt	plg.lt	1
domenai.lt	makanai.lt	1
domenai.lt	grafo.lt	1
serveriai.lt	aliukonis.lt	1
UAB Interneto vizija	hip.lt	1
CLOUDFLARENET	tlt-mechanics.lt	1
serveriai.lt	camilla.lt	1
BMS-AS	azacytidine.lt	1
Telia Lietuva, AB	ukmergesgelzbetonis.lt	1
serveriai.lt	kimona.lt	1
GOOGLE	cafemontmartre.lt	1
CLOUDFLARENET	topsale.lt	1
Vardas.lt, Uab	id.lt	1
CLOUDFLARENET	tremex.lt	1
123ns.de	MICROSOFT-CORP-MSN-AS-BLOCK	6
serveriai.lt	gentai.lt	1
Hetzner Online GmbH	erosas.lt	1
wrdns.it	retinamail.it	1
serveriai.lt	dianeta.lt	1
serveriai.lt	newcosmetology.lt	1
serveriai.lt	venteos.lt	1
bacloud.com	timaris.lt	1
deffner.lt	deffner.lt	1
serveriai.lt	dac.lt	1
Informacines sistemos ir technologijos, UAB	panservis.lt	1
Telia Lietuva, AB	riana.lt	1
serveriai.lt	kamasutra.lt	1
serveriai.lt	coliccalm.lt	1
artfiles.de	dcpserver.de	1
bacloud.com	promptas.lt	1
serveriai.lt	rix.lt	1
serveriai.lt	techplius.lt	1
Hetzner Online GmbH	domusoptimus.lt	1
serveriai.lt	ltart.lt	1
serveriai.lt	hildas.lt	1
Penkiu kontinentu komunikaciju centras, Ltd.	isuzubus.lt	1
agenturserver.co	Mittwald CM Service GmbH & Co. KG	2
seznam.cz	Seznam.cz, a.s.	1
Akamai International B.V.	ejot.de	1
serveriai.lt	aviamed.lt	1
CLOUDFLARENET	ed.lt	1
goscomb.net	GOOGLE	2
serveriai.lt	nspa.lt	1
hostex.lt	mareaude.lt	1
UAB Interneto vizija	elogin.lt	1
serveriai.lt	nft-team.lt	1
serveriai.lt	mutablefuture.lt	1
serveriai.lt	omnishop.lt	1
Penkiu kontinentu komunikaciju centras, Ltd.	carat.no	1
bacloud.com	endokrinologe.lt	1
serveriai.lt	webdeal.lt	1
bacloud.com	soneima.lt	1
Telia Lietuva, AB	infodraudimas.lt	1
serveriai.lt	garage22.lt	1
getspace.us	jolark.lt	1
serveriai.lt	indala.lt	1
CLOUDFLARENET	maxnet.lt	1
serveriai.lt	mighty-seven.lt	1
serveriai.lt	openoffice.lt	1
serveriai.lt	atletas.lt	1
serveriai.lt	flinkefolk.lt	1
UAB Interneto vizija	dilab.lt	1
awsdns-07.org	GOOGLE	2
serveriai.lt	mdsservice.lt	1
GOOGLE	motionacademy.lt	1
serveriai.lt	myvet.lt	1
OVH SAS	razutis.lt	1
serveriai.lt	elit.lt	1
serveriai.lt	nikirace.lt	1
MICROSOFT-CORP-MSN-AS-BLOCK	Forcepoint Cloud Ltd	1
UAB Interneto vizija	affetto.lt	1
CLOUDFLARENET	smtpbak.com	1
Telia Lietuva, AB	angryviking.lt	1
serveriai.lt	ingeniousit.lt	1
serveriai.lt	studiosatin.lt	1
Kauno Technologijos Universitetas	sabi.lt	1
hostex.lt	skaityk.lt	1
Nazwa.pl Sp.z.o.o.	skorsten.lt	1
serveriai.lt	olerex.lt	1
serveriai.lt	gerada.lt	1
MICROSOFT-CORP-MSN-AS-BLOCK	citybeesolutions.lt	1
UAB Interneto vizija	benatural.lt	1
UAB Interneto vizija	engineers.lt	1
serveriai.lt	medklinika.lt	1
Telia Lietuva, AB	arlina.lt	1
Hetzner Online GmbH	naujiejilietuviai.lt	1
Telia Lietuva, AB	autorc.lt	1
eshoprent.com	bobalab.lt	1
CLOUDFLARENET	late.lt	1
serveriai.lt	labradoras.lt	1
CLOUDFLARENET	bmr.lt	1
serveriai.lt	valymopaslaugos.lt	1
Telia Lietuva, AB	heliosdiamond.lt	1
serveriai.lt	ebg.lt	1
serveriai.lt	tikta.lt	1
serveriai.lt	mvgrouplogistics.lt	1
serveriai.lt	bigprom.lt	1
serveriai.lt	elenta.lt	1
serveriai.lt	northsheep.lt	1
serveriai.lt	iherb.lt	1
CLOUDFLARENET	topcar.lt	1
serveriai.lt	plantex.lt	1
serveriai.lt	sausosakys.lt	1
serveriai.lt	veidoskaita.lt	1
Telia Lietuva, AB	linmar.lt	1
CLOUDFLARENET	tonergo.lt	1
eastwesthost.com	lnp.lt	1
home.pl	larkleisurehomes.lt	1
CLOUDFLARENET	expressshop.lt	1
serveriai.lt	yella.lt	1
UAB Interneto vizija	vukk.lt	1
serveris.lt	paal.lt	1
NUCDN	iboot.lt	1
foxfilm.com	foxfilm.com	1
UAB Interneto vizija	slay.lt	1
CLOUDFLARENET	frog.lt	1
magit.lt	futurika.lt	1
Telia Lietuva, AB	jogle.lt	1
grainz.lt	grainz.lt	1
serveriai.lt	balticdeals.lt	1
Telia Lietuva, AB	wagons.lt	1
serveriai.lt	meteka.lt	1
hostex.lt	mariba.lt	1
managed-ip.com	maxiblue.lt	1
speedkom.net	speedkom.net	2
hostex.lt	u-a-b.lt	1
serveriai.lt	butent.lt	1
serveriai.lt	sap.lt	1
serveriai.lt	skalunas.lt	1
awsdns-09.com	Telia Cygate Oy	1
eshoprent.com	homehome.lt	1
blacknight.com	ewtechnologies.ie	1
Telia Lietuva, AB	ingres.lt	1
UAB Interneto vizija	ndivers.lt	1
getspace.us	bluespot.lt	1
CLOUDFLARENET	uplink.lt	1
Telia Lietuva, AB	cadbury.lt	1
reliable-internet-solutions.net	wacom.lt	1
Hetzner Online GmbH	kauta.lt	1
getspace.us	desmos.lt	1
SECURITYSERVICES	webadmin1.net	1
CLOUDFLARENET	opensuse.lt	1
domains.lt	fla.lt	1
serveriai.lt	norde.lt	1
obox-dns.com	CLOUDFLARENET	1
serveriai.lt	gamegarden.lt	1
ltmd.net	surink.lt	1
CLOUDFLARENET	mxlogin.com	1
atvirtual.com	catnic.lt	1
gmc.lt	MICROSOFT-CORP-MSN-AS-BLOCK	3
serveriai.lt	motomoto.lt	1
nameshield.net	norauto.lt	1
serveriai.lt	dellstore.lt	1
serveriai.lt	tomash.lt	1
serveriai.lt	aeon.lt	1
serveriai.lt	gprojects.lt	1
serveriai.lt	sveikatingumas.lt	1
serveriai.lt	kylis.lt	1
serveriai.lt	spalda.lt	1
serveriai.lt	domus-pro.lt	1
domains.lt	countline.lt	2
serveriai.lt	smslove.lt	1
arenacloud.space	GOOGLE	1
GOOGLE	apdailaman.lt	1
hostex.lt	eiv.lt	1
serveriai.lt	justaskucinskas.lt	1
domenai.lt	arenabilliards.lt	1
Telia Lietuva, AB	dasma.lt	1
domenai.lt	wgame.lt	1
awsdns-01.com	Fastmail Pty Ltd	1
serveriai.lt	travel-oasis.lt	1
serveriai.lt	bimforum.lt	1
serveriai.lt	heaterpro.lt	1
CLOUDFLARENET	sportcup.lt	1
UAB Interneto vizija	autoregis.lt	1
serveriai.lt	armysupply.lt	1
serveris.lt	picerija.lt	1
serveriai.lt	jonce.lt	1
Nazwa.pl Sp.z.o.o.	qrown.lt	1
serveriai.lt	nanolex.lt	1
DIGICERT	fruugo.net	1
domenai.lt	w0.lt	1
CLOUDFLARENET	justinas.org	1
UAB Baltnetos komunikacijos	lbglass.lt	1
serveriai.lt	neverestbank.lt	1
UAB Interneto vizija	taiwan.lt	1
balt.net	axistransport.lt	3
serveriai.lt	reggae.lt	1
serveriai.lt	isproto.lt	1
AMAZON-02	niled.lt	1
serveris.lt	nanosun.lt	1
serveriai.lt	euro-auto.lt	1
Telia Lietuva, AB	kou.lt	1
xortex.at	siwa.at	1
serveriai.lt	chow.lt	1
serveriai.lt	gremar.lt	1
allunitedartists.com	stockus.lt	1
Hetzner Online GmbH	kostiumunuoma.lt	1
serveriai.lt	ips-technik.lt	1
serveriai.lt	bionatura.lt	1
Hetzner Online GmbH	vovo.lt	1
chosting.dk	GOOGLE	1
iossol.de	o-o.lt	1
bacloud.com	parton.lt	1
Telia Lietuva, AB	aklinika.lt	1
areait.lv	kredit.lt	1
edata.lt	jjp.lt	1
NUCDN	alkalife.lt	1
serveriai.lt	sbdapparel.lt	1
serveriai.lt	einaras.lt	1
serveriai.lt	proled.lt	1
hostex.lt	petereit.lt	1
serveriai.lt	balticlift.lt	1
serveriai.lt	saza.lt	1
serveriai.lt	bmkleidykla.lt	1
fornex.com	probnik.lt	1
domains.lt	srspc.lt	1
domains.lt	samsonas.lt	3
serveriai.lt	ravenol.lt	1
hashmagnet.pl	opiekunbloga.pl	1
serveriai.lt	killzone.lt	1
domains.lt	multiva.lt	1
SECURITYSERVICES	sagem.lt	1
serveris.lt	programmer.lt	1
serveriai.lt	geo3.lt	1
hostex.lt	sew-eurodrive.lt	1
serveriai.lt	fixtech.lt	1
serveriai.lt	superka.lt	1
AMAZON-02	kingbright-europe.lt	1
serveriai.lt	pro-pro.lt	1
getspace.us	npn.lt	1
Telia Lietuva, AB	baltikameda.lt	1
ecl.lt	MICROSOFT-CORP-MSN-AS-BLOCK	2
voicemedia.ro	globalrecords.lt	1
domains.lt	cmm.lt	2
serveriai.lt	gospel.lt	1
CLOUDFLARENET	campunk.lt	1
serveriai.lt	hackstop.lt	1
rox.net	rox.net	4
serveriai.lt	scan-link.lt	1
Telia Lietuva, AB	stilsas.lt	1
serveriai.lt	callcenter.lt	1
serveriai.lt	eurodraivas.lt	1
serveriai.lt	alphaindustries.lt	1
serveriai.lt	kkad.lt	1
com.ua	com.ua	1
getspace.us	addedvalue.lt	1
Telia Lietuva, AB	servista.lt	1
Hetzner Online GmbH	airport-bus.lt	1
domeny.host	GOOGLE	1
serveriai.lt	aokki.lt	1
awsdns-07.com	Proton AG	1
bacloud.com	metkon.lt	1
UAB Penki kontinentai	retrobox.lt	1
serveriai.lt	balkonu-stiklinimas.lt	1
serveris.lt	endev.lt	1
serveriai.lt	apsauga.lt	1
serveriai.lt	roadtrans.lt	1
Telia Lietuva, AB	sildytuvai.lt	1
serveriai.lt	dodesign.lt	1
serveriai.lt	item.lt	2
serveriai.lt	9arts.lt	1
serveriai.lt	seomaster.lt	1
dns.services	natulique.lt	1
serveriai.lt	kaneri.lt	1
serveriai.lt	fundermax.lt	1
transip.eu	GOOGLE	1
serveriai.lt	supportan.lt	1
serveriai.lt	ecofarms.lt	1
CLOUDFLARENET	visiirankiai.lt	1
UAB Interneto vizija	agparts.lt	1
CLOUDFLARENET	28.29	1
serveriai.lt	metalart.lt	1
serveriai.lt	enternet.lt	1
CLOUDFLARENET	vsdk.lt	1
CLOUDFLARENET	reviews.lt	1
serveriai.lt	isira.lt	1
serveriai.lt	sunandsea.lt	1
serveriai.lt	dezes.lt	1
dntrust.com	my-photo.lt	1
hostex.lt	mjj.lt	1
UAB Interneto vizija	haulers.lt	1
Hetzner Online GmbH	litas.lt	1
UAB Interneto vizija	legalhackers.lt	1
CLOUDFLARENET	subtilu-z.lt	1
serveriai.lt	interversus.lt	1
serveriai.lt	redlita.lt	1
co.uk	Safenames Ltd.	1
serveriai.lt	33.lt	1
serveriai.lt	akv.lt	1
domenai.lt	backofhouse.lt	1
serveriai.lt	solvex.lt	1
serveriai.lt	refer.lt	1
CLOUDFLARENET	Webglobe, s.r.o.	2
serveriai.lt	e14.lt	1
serveriai.lt	sec-consult.com	2
UAB Nacionalinis Telekomunikaciju Tinklas	spamexperts.com	3
CLOUDFLARENET	ioio.lt	1
ports.se	Vardas.lt, Uab	1
bacloud.com	arline.lt	1
Nazwa.pl Sp.z.o.o.	coros-watch.lt	1
serveriai.lt	4moon.lt	1
UAB ESNET	esvet.lt	1
CLOUDFLARENET	catalystglobal.com	1
serveris.lt	UAB Interneto vizija	3
serveriai.lt	aeton.lt	1
CLOUDFLARENET	raidergaming.info	1
hostex.lt	trailers.lt	1
CLOUDFLARENET	antisa.lt	1
CLOUDFLARENET	junkis.lt	1
bacloud.com	zaibovyrai.lt	1
eshoprent.com	mrwoo.lt	1
serveriai.lt	mirrorsled.lt	1
serveriai.lt	mcguard.lt	1
serveriai.lt	hilmont.lt	1
serveriai.lt	gealan.de	1
bacloud.com	institute.lt	1
Telia Lietuva, AB	bap.lt	1
Hetzner Online GmbH	paluse.lt	1
bacloud.com	balticdev.lt	1
edata.lt	a-f.lt	1
getspace.us	plsi.lt	1
serveriai.lt	gotaglow.lt	1
serveriai.lt	goes.lt	1
serveriai.lt	dakeda.lt	1
serveriai.lt	impaks.lt	1
serveriai.lt	glory.lt	1
serveriai.lt	sviesoskugiai.lt	1
Telia Lietuva, AB	pizzadimare.lt	1
Telia Lietuva, AB	operalt.lt	1
UAB Interneto vizija	sprintas.lt	1
Telia Lietuva, AB	shoporganicskincare.lt	1
2ra.lt	2ra.lt	1
serveriai.lt	ditto.lt	1
serveriai.lt	petit.lt	1
serveriai.lt	resima.lt	1
hostex.lt	aonesport.lt	1
GOOGLE	vilniaushumanistinemokykla.lt	1
UAB Bite Lietuva	envirest.lt	1
serveriai.lt	vitalij.lt	1
CLOUDFLARENET	dantistas.lt	1
Sia Nano IT	tunetanken.lt	1
serveriai.lt	gsspro.lt	1
serveriai.lt	kaminaris.lt	1
Telia Lietuva, AB	stampline.lt	1
serveriai.lt	brogiene.lt	1
getspace.us	vyra.lt	1
domains.lt	kareja.lt	1
markydot.com	stadium.se	1
domains.lt	runbox.com	2
UAB ESNET	sairox.lt	1
Ledl.net GmbH	MICROSOFT-CORP-MSN-AS-BLOCK	1
team.blue Denmark A/S	bmtest.lt	1
serveriai.lt	focusparty.lt	1
CLOUDFLARENET	odiniaibaldai.lt	1
serveriai.lt	minion.lt	1
Informacines sistemos ir technologijos, UAB	vet-pharm.lt	1
serveriai.lt	balticweb.lt	1
domain-hosting.name	bolf.com	1
serveriai.lt	neuro.lt	1
CLOUDFLARENET	metlab.lt	1
serveriai.lt	aboutinterior.lt	1
serveriai.lt	seatosummit.lt	1
Telia Lietuva, AB	mdguard.lt	1
serveriai.lt	kwest.lt	1
Telia Lietuva, AB	fortius.lt	1
serveriai.lt	kus.lt	1
Telia Lietuva, AB	vouchers.lt	1
getspace.us	jurjur.lt	1
serveriai.lt	finnordicloan.lt	1
UAB Interneto vizija	vincor.lt	1
CLOUDFLARENET	aurage.lt	1
CLOUDFLARENET	idmgroup.lt	1
serveriai.lt	everhouse.lt	1
serveriai.lt	builddeal.lt	1
serveriai.lt	tissu.lt	1
serveriai.lt	rii.lt	1
bacloud.com	namustatyba.lt	1
Telia Lietuva, AB	marking.lt	1
guzelhosting.com	findestnow.lt	1
AMAZON-02	techsaver.lt	1
CLOUDFLARENET	visainfo.lt	1
CLOUDFLARENET	baidaresdzukijoje.lt	1
NUCDN	Proton AG	2
serveriai.lt	baofeng.lt	1
bacloud.com	budosport.lt	1
angel.de	angel.de	1
serveriai.lt	shakespeare.lt	1
serveriai.lt	balcytis.lt	1
serveriai.lt	sildykis.lt	1
bacloud.com	antrato.lt	1
emirates.com	emirates.com	1
serveris.lt	vegas.lt	1
hostex.lt	flights.lt	1
UAB Bite Lietuva	aquascape.lt	1
serveriai.lt	orokondicionieriai.lt	1
dnsbackup.net	mx-hub.cz	1
Telia Lietuva, AB	cgcollect.lt	1
CLOUDFLARENET	simbiotecha.lt	2
serveriai.lt	fitgym.lt	1
contabo.net	citrus.lt	1
serveriai.lt	jolinta.lt	1
serveriai.lt	gamona.lt	1
CLOUDFLARENET	biyoma.lt	1
SuperHosting.BG Ltd.	kpvm.lt	1
netim.net	MICROSOFT-CORP-MSN-AS-BLOCK	6
serveriai.lt	rutinas.lt	1
domenai.lt	evirent.lt	1
serveriai.lt	alcodetect.lt	1
UAB Interneto vizija	a7.lt	1
domains.lt	qsl.lt	1
UAB Interneto vizija	strumila.lt	1
NUCDN	mazak.lt	1
serveriai.lt	hexsol.lt	1
Telia Lietuva, AB	kandalab.lt	1
serveriai.lt	azetas.lt	1
UAB Interneto vizija	evereste.lt	1
ANEXIA Internetdienstleistungs GmbH	interhome.lt	1
serveriai.lt	higgy.lt	1
nic53.de	xamingo.lt	1
serveriai.lt	bebra.lt	1
xundns.com	77google-dns.com	2
getspace.us	sofina.lt	1
UNIFIEDLAYER-AS-1	lndp.lt	1
bacloud.com	furfabric.lt	1
inleed.net	whynothair.lt	1
serveriai.lt	madera.lt	1
serveriai.lt	auto-elektra.lt	1
UAB Interneto vizija	tuningparts.lt	1
hostingspace24.online	floras.lt	1
serveriai.lt	sodybosnuoma.lt	1
CLOUDFLARENET	andros.lt	1
AMAZON-02	appfolio.lt	1
Telia Lietuva, AB	generalauto.lt	1
bacloud.com	orbcube.lt	1
parkas.lt	tako.lt	1
Cyber_Folks S.A.	domeny.host	1
UAB Interneto vizija	techcity.lt	1
domains.lt	lvsa.lt	1
serveriai.lt	1k.lt	1
wedos.com	Seznam.cz, a.s.	1
serveriai.lt	agency.lt	1
serveriai.lt	buymusic.lt	1
serveriai.lt	astrauskas.lt	1
mono.net	hostedemail.com	1
serveriai.lt	gerasmasazas.lt	1
serveriai.lt	tamulaitis.lt	1
CLOUDFLARENET	epsos.lt	1
serveriai.lt	equipco.lt	1
bacloud.com	funrep.lt	1
hostex.lt	ZOHO Corporation B.V	1
dbtopas.lt	dbtopas.lt	1
hostex.lt	aquafilter.lt	1
serveriai.lt	aseka.lt	1
CLOUDFLARENET	balt-cargo.lt	1
Telia Lietuva, AB	agabaltija.lt	1
getspace.us	galime.lt	1
serveriai.lt	it5.lt	1
serveriai.lt	lwc.lt	1
serveriai.lt	lumii.lt	1
serveriai.lt	mociute.lt	1
CLOUDFLARENET	anyksciai.lt	1
UAB ESNET	speedy.lt	1
CLOUDFLARENET	read.lt	1
serveriai.lt	ekbb.lt	1
checkdomain.de	protecto.lt	1
nesteoil.com	GOOGLE	1
serveriai.lt	mpj.lt	1
serveris.lt	opusoptimum.lt	1
domeny.tv	soxo.pl	1
Net-Build GmbH	ultimate-young.lt	1
serveriai.lt	pizza.lt	1
serveriai.lt	boutiquespa.lt	1
CLOUDFLARENET	b24.lt	1
coral-club.lt	YANDEX LLC	1
serveriai.lt	instatum.lt	1
serveriai.lt	proconcept.lt	1
serveriai.lt	aje.lt	1
serveriai.lt	biokurobaze.lt	1
serveriai.lt	perpus.lt	1
UAB Interneto vizija	vilniusoldtownapartment.lt	1
Telia Lietuva, AB	paksys.lt	1
GOOGLE	burgerkiosk.lt	1
GOOGLE	createhouse.lt	1
home.pl	interbeds.lt	1
CLOUDFLARENET	veriame.lt	1
CLOUDFLARENET	umdo.lt	1
domenai.lt	nvgroup.lt	1
domains.lt	mobiles.lt	1
UAB Interneto vizija	ll.lt	1
serveriai.lt	agvi.lt	1
CLOUDFLARENET	think.lv	1
Telia Lietuva, AB	homehotel.lt	1
serveriai.lt	liepynespaminklai.lt	1
serveriai.lt	multiport.lt	1
telekom.at	a1.net	3
virtuaal.com	heat3.lt	1
serveriai.lt	kordis.lt	1
serveriai.lt	localghost.lt	1
serveriai.lt	projektaiplius.lt	1
liemsis.lt	vilniustech.lt	1
itservis.lt	itservis.lt	1
netim.net	urmas.lt	1
site4now.net	ZOHO-AS	1
serveriai.lt	deklarantai.lt	1
NForce Entertainment B.V.	MICROSOFT-CORP-MSN-AS-BLOCK	1
UAB Proservis	dagilis.lt	1
serveriai.lt	bigmind.lt	1
hostex.lt	kadastras.lt	1
serveriai.lt	monu.lt	1
serveriai.lt	baldailt.lt	1
serveriai.lt	moncera.lt	1
serveriai.lt	lasuduona.lt	1
CLOUDFLARENET	gestel.lt	1
domenai.lt	free-hosting.lt	1
domenai.lt	otel.lt	1
serveriai.lt	hifu.lt	1
Telia Lietuva, AB	arsw.lt	1
serveriai.lt	brilliance-ceiling.lt	1
serveriai.lt	autofokus.lt	1
serveriai.lt	gydymocentras.lt	1
CLOUDFLARENET	peko.lt	1
serveriai.lt	grazu.lt	1
UAB Interneto vizija	tknit.lt	1
Telia Finland Oyj	SQUIXA PTY LIMITED	1
serveriai.lt	dronga.lt	1
hoster.by	alesta.lt	1
Telia Lietuva, AB	psyconsult.lt	1
da.direct	advo.lt	1
serveriai.lt	luksys.lt	1
Telia Lietuva, AB	plasta.lt	2
serveriai.lt	carpzoom.lt	1
serveriai.lt	skinperfection.lt	1
Telia Lietuva, AB	stomil.lt	1
CLOUDFLARENET	kipt.lt	1
hostex.lt	blokpost.lt	1
serveriai.lt	mutoh.lt	1
Telia Lietuva, AB	gaizauskas.lt	1
serveriai.lt	bubnys.lt	1
serveriai.lt	kurpigiau.eu	1
serveriai.lt	navus.lt	1
serveriai.lt	klausk.lt	1
CLOUDFLARENET	printobella.lt	1
UAB Interneto vizija	revolution.lt	1
Telia Lietuva, AB	darbs.lt	1
Telia Lietuva, AB	pakruojoparketas.lt	1
serveriai.lt	aple.lt	1
markmonitor.com	eunet.lv	1
serveriai.lt	devteam.lt	1
Telia Lietuva, AB	tutuspot.lt	1
serveriai.lt	hog.lt	1
transip.eu	stepp-footcare.lt	1
domains.lt	picoline.lt	1
serveriai.lt	simkus.lt	1
serveriai.lt	jurosa.lt	1
Telia Lietuva, AB	dygis.lt	1
serveriai.lt	rvi.lt	1
serveriai.lt	klff.lt	1
serveriai.lt	gmai.lt	1
Hetzner Online GmbH	driftarena.lt	1
Telia Lietuva, AB	sagvi.lt	1
Telia Lietuva, AB	tortas.lt	1
Telia Lietuva, AB	laserstyle.lt	1
biz.nf	upd.lt	1
SECURITYSERVICES	xarelto.lt	1
Telia Lietuva, AB	alpine.lt	1
serveriai.lt	recur.lt	1
bacloud.com	ekospa.lt	1
UAB Interneto vizija	nearme.lt	1
serveriai.lt	rest.lt	1
hostex.lt	muni.lt	1
junona.lt	junona.lt	1
serveriai.lt	hostweb.lt	1
Vautron Rechenzentrum AG	rebelx.lt	1
Nazwa.pl Sp.z.o.o.	eko-chemia.lt	1
CLOUDFLARENET	arbora.lt	1
UAB Interneto vizija	ravus.lt	1
domains.lt	asubaltija.lt	1
serveriai.lt	saleks.lt	1
bacloud.com	mvic.lt	1
serveriai.lt	5s.lt	1
Telia Lietuva, AB	laisvaskodas.lt	1
hostex.lt	kvdg.lt	1
serveriai.lt	mieta.lt	1
serveriai.lt	NAMECHEAP-NET	4
Telia Lietuva, AB	chedas.lt	1
balt.net	singleton-labs.lt	1
magit.lt	lbf.lt	1
CLOUDFLARENET	artmeta.lt	1
CLOUDFLARENET	egu.lt	1
Telia Lietuva, AB	manoteo.lt	1
Telia Lietuva, AB	lzd.lt	1
Cloud DNS Ltd	AS2-TRENDMICRO-COM	1
hostex.lt	lautra.lt	1
domenai.lt	zub.lt	1
register.be	GOOGLE	1
UAB Interneto vizija	smartgroup.lt	1
serveriai.lt	alarmservice.lt	1
Telia Lietuva, AB	spm.lt	1
serveriai.lt	bitspace.lt	1
serveriai.lt	ekg.lt	1
davgita.lt	europlast.lt	1
domains.lt	rodu.lt	1
Kauno Technologijos Universitetas	mii.lt	3
ihsdnsx58.com	com.tr	1
serveriai.lt	artroklinika.lt	1
edata.lt	kpdf.lt	1
UAB Penki kontinentai	kristravel.lt	1
serveriai.lt	jurkuvenas.lt	1
serveriai.lt	magister.lt	1
UAB Interneto vizija	lim.lt	1
serveriai.lt	mma.lt	1
Telia Lietuva, AB	baltpack.lt	1
serveriai.lt	gambitas.lt	1
serveriai.lt	metalucentras.lt	1
serveriai.lt	tanks.lt	1
SECURITYSERVICES	volvo.se	2
serveriai.lt	olias.lt	1
domenai.lt	labradoritas.lt	1
serveriai.lt	1991.lt	1
serveriai.lt	110a.lt	1
serveriai.lt	indijoskeliones.lt	1
domains.lt	nocdirect.com	1
web-host.ro	esteto.lt	1
GOOGLE	aktkc.lt	1
serveriai.lt	festivus.lt	1
serveriai.lt	longevitylife.lt	1
Hetzner Online GmbH	rudanov.lt	1
serveriai.lt	bordercollie.lt	1
home.pl	finix.lt	1
serveriai.lt	riple.lt	1
serveris.lt	miletus.lt	1
CLOUDFLARENET	iphmx.com	2
serveriai.lt	techrent.lt	1
fastweb.it	fastweb.it	1
CLOUDFLARENET	partydeco.lt	1
hostex.lt	emigna.lt	1
serveriai.lt	itbs.lt	1
CLOUDFLARENET	bonux.lt	1
Cloud DNS Ltd	ambergroup.lt	1
serveriai.lt	deles.lt	1
serveriai.lt	itelsis.lt	1
Telia Lietuva, AB	innovo.lt	1
serveriai.lt	novasiria.lt	1
serveriai.lt	primetime.lt	1
eshoprent.com	lapareja.lt	1
hostex.lt	miracle.lt	1
serveriai.lt	dsgroup.lt	1
serveriai.lt	jonus.lt	1
Telia Lietuva, AB	mintak.lt	1
serveriai.lt	signontab.lt	1
infocentras.com	buhalteriuakademija.lt	1
serveriai.lt	puzzle.lt	1
Infocom Uk Ltd	ade.lt	1
getspace.us	alda.lt	1
Telia Lietuva, AB	abcreklama.lt	1
serveriai.lt	adoras.lt	1
UAB Interneto vizija	hometextile.lt	1
CLOUDFLARENET	nevar.lt	1
pauc.lt	pauc.lt	1
serveriai.lt	dpjc.lt	1
dogado GmbH	simpladent.lt	1
domenai.lt	vizora.lt	1
serveriai.lt	sanleja.lt	1
serveriai.lt	comforthotel.lt	1
perf1.com	saint-gobain.com	1
Telia Lietuva, AB	remeliai.lt	1
NUCDN	rephouse.lt	1
awsdns-09.org	turner.com	1
nscc.lt	MICROSOFT-CORP-MSN-AS-BLOCK	1
serveriai.lt	coral24.lt	1
serveriai.lt	horasoee.lt	1
iok.net	heroal.de	1
getspace.us	auto18.lt	1
serveriai.lt	mindas.lt	1
serveriai.lt	mpmgroup.lt	1
serveriai.lt	a1padel.lt	1
fifthns.com	palfingerepsilon.lt	1
serveriai.lt	dumc.lt	1
SECURITYSERVICES	hanesbi.net	1
bacloud.com	billionboutique.lt	1
trialine.lv	aindaima.lt	1
UAB Elneta	braneta.lt	1
balt.net	iphmx.com	1
domainkunden.de	hostedoffice.ag	1
ipcom GmbH	nocibe.lt	1
UAB Interneto vizija	laserview.lt	1
serveriai.lt	dodeco.lt	1
CLOUDFLARENET	refund.lt	1
serveriai.lt	calibra.lt	1
serveriai.lt	bwg.lt	1
serveriai.lt	rtm.lt	1
serveriai.lt	mandarino.lt	1
serveriai.lt	minimode.lt	1
CLOUDFLARENET	divaura.lt	1
serveriai.lt	gymon.lt	1
UAB Interneto vizija	atvi.lt	1
serveriai.lt	kupidonas.lt	1
edata.lt	identia.lt	1
CLOUDFLARENET	manodr.lt	1
bacloud.com	kervi.lt	1
serveriai.lt	evideo.lt	1
hostex.lt	motopress.lt	1
serveriai.lt	matininkas.lt	1
serveriai.lt	risk.lt	1
CLOUDFLARENET	pitrading.lt	1
1984.is	bebraslegend.lt	1
CLOUDFLARENET	altechna.com	1
serveriai.lt	biopoint.lt	1
serveriai.lt	codio.lt	1
Telia Lietuva, AB	litspin.lt	1
ipcom GmbH	sncf.lt	1
hostex.lt	bntp.lt	1
UAB Interneto vizija	hopp.lt	1
domeny.tv	MICROSOFT-CORP-MSN-AS-BLOCK	2
serveriai.lt	noframe.lt	1
serveriai.lt	innerstudios.lt	1
hostex.lt	7lemon.lt	1
UAB Kauno interneto sistemos	nnk.lt	1
Telia Lietuva, AB	blitzstudio.lt	1
eshoprent.com	beautyguru.lt	1
eshoprent.com	hitai.lt	1
serveriai.lt	psichiatrija.lt	1
serveriai.lt	penetron.lt	1
hostingcentar.com	gboox.com	1
hostnet.lv	nutricia.lt	1
CLOUDFLARENET	grizzly.lt	1
serveriai.lt	serpantinas.lt	1
serveriai.lt	uabtoras.lt	1
serveriai.lt	rtp.lt	1
Telia Lietuva, AB	sbsolutions.lt	1
UAB Interneto vizija	medikai.lt	1
bacloud.com	virtuslex.lt	1
ftree.pl	kronoplast.lt	1
serveriai.lt	autodidmena.lt	1
sendersnews.lt	svelni.lt	1
serveriai.lt	sapus.lt	1
serveriai.lt	rkeeper.lt	1
home.pl	artforma.eu	1
serveriai.lt	ampalas.lt	1
serveriai.lt	formagym.lt	1
imesk.lt	imesk.lt	1
Telia Lietuva, AB	aquamatica.lt	1
home.pl	adamspolishes.lt	1
serveriai.lt	glove.lt	1
CLOUDFLARENET	pokerlisting.lt	1
Telia Lietuva, AB	mitrena.lt	1
serveriai.lt	sandrija.lt	1
ns14.net	avenso.com	2
quicns.cloud	dreamgarden.lt	1
domains.lt	error.lt	1
serveriai.lt	osompro.lt	1
CLOUDFLARENET	dancoly.lt	1
ipcom GmbH	GleSYS AB	1
CLOUDFLARENET	kpk.lt	1
serveriai.lt	dslab.lt	1
CLOUDFLARENET	euroimpex.lt	1
ipcom GmbH	floabank.lt	1
domains.lt	lfc.lt	1
Telia Lietuva, AB	voltera.lt	1
UAB Besmegeniai	besmegeniai.lt	1
serveriai.lt	compliments.lt	1
serveriai.lt	logogo.lt	1
domenai.lt	fbi.lt	1
serveriai.lt	dirp.lt	1
Telia Lietuva, AB	pauza.lt	1
serveriai.lt	retorika.lt	1
serveriai.lt	syntricks.lt	1
serveris.lt	labasrytas.lt	1
getspace.us	irta.lt	1
serveriai.lt	beachsoccer.lt	1
serveriai.lt	nutcrackers.lt	1
VNET a.s.	VNET a.s.	3
namtse.host	2lt.lt	1
CLOUDFLARENET	anonaddy.me	4
CLOUDFLARENET	easysport.lt	1
Kauno Technologijos Universitetas	fanola.lt	1
Telia Lietuva, AB	rosila.lt	1
serveriai.lt	dage.lt	1
serveris.lt	masterproject.lt	1
serveriai.lt	bestnatures.lt	1
serveriai.lt	stern.lt	1
UAB Interneto vizija	arsmedia.lt	1
GOOGLE	inavanti.lt	1
hostex.lt	novatours.eu	1
UAB Bite Lietuva	sanmita.lt	1
tbtelecom.pl	citylink.pl	1
Telia Lietuva, AB	ibn.lt	1
NUCDN	rodamcoeurope.lt	1
serveriai.lt	dlk.lt	1
Cyber_Folks S.A.	pakolorente.lt	1
Hetzner Online GmbH	kpop-shop.lt	1
SECURITYSERVICES	vikingdirect.nl	2
Hetzner Online GmbH	esoft.lt	1
serveriai.lt	mimarket.lt	1
CLOUDFLARENET	pincetas.lt	1
getspace.us	skinbeauty.lt	1
CLOUDFLARENET	este.lt	1
Telia Lietuva, AB	bkdesign.lt	1
serveriai.lt	nefertite.lt	1
NUCDN	firstbike.lt	1
Informacines sistemos ir technologijos, UAB	ekgt.lt	1
CLOUDFLARENET	melpomene.lt	1
serveriai.lt	thebalticway.lt	1
ltmd.net	bv.lt	1
CLOUDFLARENET	rstech.lt	1
UAB Interneto vizija	idolon.lt	1
iossol.de	iossol.de	1
serveriai.lt	o2k.lt	1
UAB Elneta	impressi.lt	1
Telia Lietuva, AB	convir.lt	1
Telia Lietuva, AB	nionis.lt	1
Telia Lietuva, AB	airblast.lt	1
serveriai.lt	regusa.lt	1
Telia Lietuva, AB	ceragem.lt	1
Telia Lietuva, AB	rds1.lt	1
serveriai.lt	supin.lt	1
serveriai.lt	autodiler.lt	1
domenai.lt	host1plus.lt	1
neoserv.si	aeonathletics.lt	1
Telia Lietuva, AB	ridma.lt	1
Telia Lietuva, AB	capsule.lt	1
serveriai.lt	aginvest.lt	1
serveriai.lt	marketmind.lt	1
UAB Penki kontinentai	jorde.lt	1
AMAZON-02	ffactory.lt	1
Telia Lietuva, AB	u-g.lt	1
CLOUDFLARENET	messefrankfurt.lt	1
Telia Lietuva, AB	alpra.lt	1
GOOGLE	cometo.lt	1
serveriai.lt	geologus.lt	1
serveriai.lt	trading212.lt	1
domain-host.net	gdcreations.lt	1
serveriai.lt	menomaterija.lt	1
serveriai.lt	belmera.lt	1
hostex.lt	kigra.lt	1
Telia Lietuva, AB	almeks.lt	1
serveriai.lt	jurisvia.lt	1
bacloud.com	revision.lt	1
serveriai.lt	mitsoft.lt	1
co.za	fitchandleedes.lt	1
serveriai.lt	tot.lt	1
serveriai.lt	plaukeliusalinimas.lt	1
AMAZON-02	kingbright.lt	1
serveriai.lt	evadi.lt	1
bacloud.com	daiktas.lt	1
domains.lt	elinova.lt	1
dn-s.nl	MICROSOFT-CORP-MSN-AS-BLOCK	1
serveriai.lt	krinner.lt	1
hostsila.com	ausbaurampa.lt	1
domainit.de	europeanmx.eu	1
UAB Interneto vizija	clubvilnius.lt	1
HURRICANE	maxnet.lt	2
O2switch SAS	laserostop.lt	1
serveriai.lt	vikingdome.lt	1
serveriai.lt	goc.lt	1
serveriai.lt	beautyforsale.lt	1
serveriai.lt	bwcapital.lt	1
UAB Interneto vizija	staysafe.lt	1
magit.lt	igb.lt	1
bacloud.com	perfumes.lt	1
CLOUDFLARENET	carbonfiber.lt	1
Telia Lietuva, AB	inastra.lt	1
serveriai.lt	lanza.lt	1
CLOUDFLARENET	frk.com	3
bacloud.com	ecofacade.lt	1
serveriai.lt	lingualit.lt	1
CLOUDFLARENET	pierelusso.lt	1
serveriai.lt	nanoasia.lt	1
serveriai.lt	naujifilmai.lt	1
serveriai.lt	zyz.lt	1
Telia Lietuva, AB	citywash.lt	1
serveriai.lt	kaivana.lt	1
MICROSOFT-CORP-MSN-AS-BLOCK	toro.com	1
serveriai.lt	full.lt	1
Telia Lietuva, AB	neotika.lt	1
edata.lt	melodrama.lt	1
NUCDN	luxcloud.net	1
UAB Interneto vizija	alsuva.lt	1
serveriai.lt	priedai.lt	1
CLOUDFLARENET	marseli.lt	1
CLOUDFLARENET	ultrapak.lt	1
oqee.net	OVH SAS	1
dominant.lt	motoby.lt	1
serveriai.lt	campergo.lt	1
AMAZON-02	betwaysports.lt	1
serveriai.lt	aideapro.lt	1
Telia Lietuva, AB	ikui.lt	1
NUCDN	elnapress.lt	1
UAB INIT	tecos.lt	1
UAB Elneta	ms.lt	1
serveriai.lt	sharksushi.lt	1
domenai.lt	gaisrininkai.lt	1
hap.lt	reunion.lt	1
serveriai.lt	fire-water.lt	1
serveriai.lt	sssolutions.lt	1
serveriai.lt	gardumeli.lt	1
serveriai.lt	machinelearning.lt	1
domenai.lt	sellauto.lt	1
Telia Lietuva, AB	turleksa.lt	1
serveriai.lt	aeterno.lt	1
UAB Elneta	drenuva.lt	1
serveriai.lt	jocker.lt	1
hostex.lt	topenerga.lt	1
iptwins.com	netservices.com	1
CLOUDFLARENET	egiptas.lt	1
UAB Interneto vizija	tk.lt	1
CASABLANCA INT a.s.	alwataniah.lt	1
CLOUDFLARENET	kmusa.lt	1
UAB Interneto vizija	fortetools.lt	1
domenai.lt	naturtint.lt	1
SCAAM0001	domainnetwork.se	2
serveriai.lt	fresenius-kabi.lt	1
CLOUDFLARENET	arsenda.lt	1
CLOUDFLARENET	teliahosting.lt	2
UAB Elneta	gabidesign.lt	1
serveriai.lt	cgs.lt	1
serveriai.lt	metrologija.lt	1
serveriai.lt	inkodus.lt	1
UAB Interneto vizija	junesta.lt	1
AS-VULTR	MICROSOFT-CORP-MSN-AS-BLOCK	1
domenai.lt	nttrade.lt	1
Hetzner Online GmbH	zona.lt	1
CLOUDFLARENET	e17.lt	1
serveriai.lt	liva.lt	1
serveriai.lt	824.lt	1
CLOUDFLARENET	arsta.lt	1
Telia Lietuva, AB	7up.lt	1
serveriai.lt	dao.lt	1
az.pl	online.pro	1
tmt.de	medi.de	1
domenai.lt	lovelyskin.lt	1
CLOUDFLARENET	mijn.host	1
Telia Lietuva, AB	ekot.lt	1
Telia Lietuva, AB	kgi.lt	1
serveriai.lt	aurafoto.lt	1
UAB Interneto vizija	01.lt	1
serveriai.lt	joincapital.lt	1
UAB Interneto vizija	wildexplorations.lt	1
Telia Lietuva, AB	ceo.lt	1
UAB Proservis	orro.lt	1
getspace.us	starflix.lt	1
serveriai.lt	pyragas.lt	1
serveriai.lt	rebalt.lt	1
Telia Lietuva, AB	competencies.lt	1
Telia Lietuva, AB	eliterent.lt	1
Telia Lietuva, AB	geovizija.lt	3
ipcom GmbH	witglobal.net	2
CLOUDFLARENET	29.28	1
serveriai.lt	copy1.lt	1
domenai.lt	accounting-services.lt	1
serveriai.lt	bubu.lt	1
Uab Servera	andante.lt	1
hap.lt	nicoli.lt	1
serveriai.lt	voicedialogue.lt	1
CLOUDFLARENET	fostral.net	1
domenai.lt	gravitaspartners.lt	1
serveriai.lt	elgoog.lt	1
UAB Interneto vizija	elpeak.lt	1
serveriai.lt	pupis.lt	1
serveriai.lt	guy.lt	1
CLOUDFLARENET	infomaniak.ch	1
serveriai.lt	digitouch.lt	1
gransy.com	pepperfield.lt	1
serveriai.lt	aktyvusjudejimas.lt	1
balt.net	thermoking.lt	1
Kertinis valstybes telekomunikaciju centras	UAB Interneto vizija	1
UAB Penki kontinentai	aspekta.lt	1
OVH SAS	athome.lt	1
serveriai.lt	hausa.lt	1
Telia Lietuva, AB	aluform.lt	1
serveriai.lt	exvil.lt	1
CLOUDFLARENET	crn.lt	1
manoduomenys.lt	kopijos.lt	1
bacloud.com	domeneshop.no	1
naturalshops4.net	shilajitextreme.lt	1
serveriai.lt	enso.lt	1
serveriai.lt	proto.lt	1
serveriai.lt	asimu.lt	1
UAB Interneto vizija	vias.lt	1
Telia Lietuva, AB	lautoma.lt	1
data.lt	sekme.lt	1
serveriai.lt	kprc.lt	1
serveriai.lt	osvaldasbrazas.lt	1
CLOUDFLARENET	himmeli.lt	1
Telia Lietuva, AB	nstrading.lt	1
AMAZON-02	eurosport.com	1
balt.net	sokoladas.lt	1
serveriai.lt	mpb.lt	1
serveriai.lt	geo-fennel.lt	1
serveriai.lt	investela.lt	1
serveriai.lt	gist.lt	1
domenai.lt	motorbreaker.lt	1
Telia Lietuva, AB	bonv.lt	1
Telia Lietuva, AB	cmas.lt	1
CLOUDFLARENET	epis.lt	1
serveriai.lt	deepdesign.lt	1
domains.lt	saulenet.lt	1
Telia Lietuva, AB	pme.lt	1
CLOUDFLARENET	npcdb.lt	1
datenstrom.cloud	bertsch.at	1
serveriai.lt	aineta.lt	1
serveriai.lt	mara.lt	1
serveriai.lt	fertis.lt	1
Informacines sistemos ir technologijos, UAB	lsl.lt	1
serveriai.lt	kamera.lt	1
managed-ip.com	dopodopo.lt	1
serveriai.lt	nivelyras.lt	1
UAB Interneto vizija	lsfl.lt	1
UAB Interneto vizija	procas.lt	1
domenai.lt	milijonas.lt	1
UAB Interneto vizija	bt-group.lt	1
serveris.lt	skyfas.lt	1
serveriai.lt	filantropia.lt	1
Telia Lietuva, AB	stella.lt	1
gi-dns.com	esvacloud.com	3
domenai.lt	barbosas.lt	1
Kauno Technologijos Universitetas	exm.lt	1
Telia Lietuva, AB	skardininkai.lt	1
hostex.lt	mtt.lt	1
beetux.com	beetux.com	1
CLOUDFLARENET	muaythai.lt	1
inovagroup.eu	tecnopol.lt	1
serveriai.lt	rauda.lt	1
Telia Lietuva, AB	solocon.lt	1
serveriai.lt	aimas.lt	1
CLOUDFLARENET	pakruojis.lt	1
serveriai.lt	beautybox.lt	1
serveriai.lt	hausmap.lt	1
serveriai.lt	kvn.lt	1
AMAZON-02	Proton AG	1
UAB Bite Lietuva	cichlasoma.lt	1
serveriai.lt	adiag.lt	1
serveriai.lt	lintiva.lt	1
serveriai.lt	motomarine.lt	1
hidra.lt	selfis.lt	1
serveriai.lt	biochemistry.lt	1
Telia Lietuva, AB	mesalt.lt	1
serveriai.lt	discoverycamp.lt	1
hostex.lt	voyage.lt	1
CLOUDFLARENET	cybercorp.lt	1
Telia Lietuva, AB	brixil.lt	1
serveriai.lt	conlista.lt	1
serveriai.lt	laugea.lt	1
serveriai.lt	irsana.lt	1
gcdn.services	GOOGLE-CLOUD-PLATFORM	2
serveriai.lt	paramotor.lt	1
Nazwa.pl Sp.z.o.o.	thermoval.lt	1
CLOUDFLARENET	candy-shop.lt	1
Telia Lietuva, AB	puzz.lt	1
serveriai.lt	sklypai.lt	1
Telia Lietuva, AB	valimo.com	1
serveriai.lt	mvtransport.lt	1
Telia Lietuva, AB	stopcovid19.lt	1
serveriai.lt	nuotakosdrauge.lt	1
serveriai.lt	ltrent.lt	1
serveriai.lt	kompi.lt	1
Telia Lietuva, AB	rayart.lt	1
serveriai.lt	kamado.lt	1
serveriai.lt	active24.lt	1
balticvps.eu	jajadecor.lt	1
Telia Lietuva, AB	amstandard.lt	1
virtuaal.com	MICROSOFT-CORP-MSN-AS-BLOCK	2
serveriai.lt	cuf.lt	1
serveriai.lt	kasam.lt	1
hostsila.com	sicheurope.lt	1
Hetzner Online GmbH	old-money-style.lt	1
hard.lt	hard.lt	1
UAB Interneto vizija	jumpspace.lt	1
Telia Lietuva, AB	mccafe.lt	1
Telia Lietuva, AB	shredder.lt	1
Telia Lietuva, AB	tome.lt	1
serveriai.lt	realitus.lt	1
Telia Lietuva, AB	n16.lt	1
Sia Nano IT	skywayfly.lt	1
serveriai.lt	gravile.lt	1
CLOUDFLARENET	crence.com	1
CLOUDFLARENET	4iq.lt	1
UAB Penki kontinentai	hdesigner.lt	1
CLOUDFLARENET	orientme.lt	1
Telia Lietuva, AB	kurti.lt	1
serveris.lt	lnsa.lt	1
Telia Lietuva, AB	ligonine.lt	1
serveriai.lt	healthstate.lt	1
serveriai.lt	buci.lt	1
serveriai.lt	lnt.lt	1
serveriai.lt	amplify.lt	1
UAB Interneto vizija	aboutall.lt	1
serveriai.lt	powergroupproperty.lt	1
UAB Interneto vizija	viafina.lt	1
CLOUDFLARENET	elkogroup.com	1
serveriai.lt	presai.lt	1
serveriai.lt	seklys.lt	1
CLOUDFLARENET	bonuo.lt	1
bacloud.com	bolton.lt	1
serveriai.lt	iqlife.lt	1
mail-assistent.de	mail-assistent.de	1
bacloud.com	rinota.lt	1
serveriai.lt	purus.lt	1
serveriai.lt	mylaps.lt	1
serveriai.lt	ecs.lt	1
serveriai.lt	mtrade.lt	1
CLOUDFLARENET	500miles.lt	1
serveriai.lt	globalroute.lt	1
serveriai.lt	capitalconstruction.lt	1
serveriai.lt	rezulty.lt	1
serveriai.lt	provolt.lt	1
Hetzner Online GmbH	spicebox.lt	1
budgetprint.lt	budgetprint.lt	1
serveriai.lt	im-design.lt	1
serveriai.lt	brain-games.lt	1
serveriai.lt	skydai.lt	1
serveriai.lt	arj.lt	1
serveriai.lt	daan.lt	1
serveriai.lt	slimfood.lt	1
serveriai.lt	darvydas.lt	1
UAB Interneto vizija	GOOGLE-CLOUD-PLATFORM	1
hostex.lt	sportsmarket.lt	1
DIGICERT	jotul.pl	1
CLOUDFLARENET	allsysnet.com	1
AMAZON-02	pokernews.lt	1
GOOGLE	vhm.lt	1
AMAZON-02	hyundai-ce.lt	1
serveriai.lt	ridiva.lt	1
fornex.com	climat.lt	1
CLOUDFLARENET	fera.pl	1
bacloud.com	printukas.lt	1
Telia Lietuva, AB	midac.lt	1
UAB Interneto vizija	aimuzika.lt	1
serveriai.lt	innobim.lt	1
Cloud DNS Ltd	lcn.com	1
edata.lt	GOOGLE	1
ipcom GmbH	eauthermaleavene.lt	1
UAB Bite Lietuva	pag.lt	1
domains.lt	m-s.lt	1
serveriai.lt	llvs.lt	1
Telia Lietuva, AB	duetto.lt	1
Telia Lietuva, AB	tmt.lt	1
hostex.lt	mdeko.lt	1
keurigonline.be	coatings.lt	1
serveriai.lt	lognet.lt	1
hardcore.lt	GOOGLE	1
Telia Lietuva, AB	amatai.lt	1
serveriai.lt	range.lt	1
serveriai.lt	amsterdamplaza.lt	1
serveriai.lt	workis.lt	1
UAB Interneto vizija	meetcruise.lt	1
serveriai.lt	robopac.lt	1
Vardas.lt, Uab	mailbox.lt	4
interna.me	tolux.lt	1
serveriai.lt	topmedia.lt	1
Telia Lietuva, AB	mesine.lt	1
UAB Interneto vizija	simpsonaionline.lt	1
serveriai.lt	stucco.lt	1
UAB Interneto vizija	tunera.lt	1
UAB Elneta	jve.lt	1
Hetzner Online GmbH	snowtube.lt	1
CLOUDFLARENET	baldmodern.lt	1
CLOUDFLARENET	inkt.lt	1
serveriai.lt	isec.lt	1
serveriai.lt	pudrine.lt	1
serveriai.lt	leathermaster.lt	1
Hetzner Online GmbH	fragranza.lt	1
Telia Lietuva, AB	goto.lt	1
123ns.de	priligy.lt	1
serveriai.lt	fitit.lt	1
Cyber_Folks S.A.	iparto.lt	1
Cloud DNS Ltd	bridgeclub.lt	1
serveriai.lt	kepa.lt	1
Telia Lietuva, AB	imf.lt	1
Telia Lietuva, AB	travelid.lt	1
alphalynx.nl	MICROSOFT-CORP-MSN-AS-BLOCK	1
webhostbox.net	tecnimont.lt	1
home.pl	folnet.lt	1
UNIFIEDLAYER-AS-1	balticenvironment.lt	1
getspace.us	resti.lt	1
serveriai.lt	ofus.lt	1
UAB Interneto vizija	slam.lt	1
com.pl	yoer.lt	1
serveriai.lt	ditara.lt	1
serveriai.lt	katalogai.lt	1
serveriai.lt	rvr.lt	1
bacloud.com	eurojob.lt	1
UAB Interneto vizija	liwa.lt	1
serveriai.lt	citystorage.lt	1
serveriai.lt	songuessr.lt	1
serveriai.lt	rebuga.lt	1
Telia Lietuva, AB	marsemus.lt	1
cityupdate.de	mitsubishi-edm.lt	1
serveriai.lt	6ryto.lt	1
serveriai.lt	levulis.lt	1
UAB Interneto vizija	aecus.lt	1
serveriai.lt	cpdev.lt	1
serveriai.lt	ibphoto.lt	1
Telia Lietuva, AB	pcd.lt	1
eshoprent.com	CLOUDFLARENET	1
serveris.lt	genmak.lt	1
serveriai.lt	cryptocamp.lt	1
getspace.us	decorent.lt	1
serveriai.lt	decantus.lt	1
UAB Bite Lietuva	luksa.lt	1
serveriai.lt	gpf.lt	1
serveriai.lt	baltictimber.lt	1
serveriai.lt	terror.lt	1
UAB Baltnetos komunikacijos	anivel.lt	1
bacloud.com	mcitp.lt	1
serveriai.lt	eproject.lt	1
serverlet.com	serverlet.com	1
CLOUDFLARENET	arelt.lt	1
domenai.lt	soriukas.lt	1
Penkiu kontinentu komunikaciju centras, Ltd.	tuningteam.lt	1
serveriai.lt	verona.lt	1
Telia Lietuva, AB	becreative.lt	1
serveriai.lt	numbereleven.lt	1
serveriai.lt	panduke.lt	1
serveriai.lt	intserver.lt	1
CLOUDFLARENET	tigbis.lt	1
Telia Lietuva, AB	fungus.lt	1
serveriai.lt	unityteam.lt	1
Hetzner Online GmbH	verkona.lt	1
serveriai.lt	artglass.lt	1
UAB Interneto vizija	overt.lt	1
Hetzner Online GmbH	cleverphant.lt	1
serveriai.lt	kundrotas.lt	1
bacloud.com	edarva.lt	1
Beget LLC	beget.ru	1
serveris.lt	bambina.lt	1
serveriai.lt	maxtop1.lt	1
naisiai.lt	naisiai.lt	1
seohost1.pl	eloboosting.lt	1
UAB Interneto vizija	lash.lt	1
serveriai.lt	hokkaido.lt	1
bacloud.com	pyroshop.lt	1
domains.lt	tas.lt	2
AMAZON-02	saltosystems.lt	1
getspace.us	gsmedia.lt	1
Hetzner Online GmbH	q-d.lt	1
UAB Bite Lietuva	pallettrader.lt	1
ytec.nl	ytec.lt	1
bacloud.com	aiws.lt	1
serveriai.lt	solis.lt	1
checkdomain.de	memodo.lt	1
com.pl	UAB Baltnetos komunikacijos	1
Telia Lietuva, AB	folkinstruments.lt	1
Telia Lietuva, AB	vendors.lt	1
UAB Interneto vizija	androider.lt	1
bacloud.com	motorage.lt	1
serveriai.lt	dekowood.lt	1
serveriai.lt	curling.lt	1
serveriai.lt	retargeting.lt	1
svetainiucentras.lt	luxara.lt	1
domenai.lt	pakrante.lt	1
Telia Lietuva, AB	nepola.lt	1
CLOUDFLARENET	1985.lt	1
serveriai.lt	letenos.lt	1
sendersnews.lt	vivadesign.lt	1
UAB Elneta	arch-studio.lt	1
serveriai.lt	kurlavicius.lt	1
serveriai.lt	klps.lt	1
domains.lt	nok.lt	1
inmotionhosting.com	kristijonas.lt	1
domains.lt	ntv.lt	1
domains.lt	klb.lt	1
AMAZON-02	ibibo.lt	1
serveriai.lt	praha.lt	1
hostex.lt	benber.lt	1
bacloud.com	granulta.lt	1
hostex.lt	sysadmin.lt	1
serveriai.lt	reklamai.lt	1
Telia Lietuva, AB	autovici.lt	1
hostex.lt	priepirtis.lt	1
Telia Lietuva, AB	filora.lt	1
CLOUDFLARENET	aromaterapija.lt	1
AMAZON-02	intraceuticals.lt	1
serveriai.lt	blob.lt	2
serveriai.lt	beaujolais.lt	1
serveriai.lt	nama.lt	1
serveriai.lt	atela.lt	1
ltmd.net	travelsim.lt	1
domeny.tv	GOOGLE	2
serveriai.lt	riesutai.lt	1
Telia Lietuva, AB	nordexpress.lt	1
serveriai.lt	naleta.lt	1
UAB Interneto vizija	pigus.lt	1
SECURITYSERVICES	jack-wolfskin.com	3
Host Europe GmbH	weshop.lt	1
UAB Bite Lietuva	evenika.lt	1
tps.lt	tps.lt	2
serveriai.lt	evaka.lt	1
Telia Lietuva, AB	foo.lt	1
serveriai.lt	pointer.lt	1
Telia Lietuva, AB	elener.lt	1
team.blue Denmark A/S	hiflux-filtration.lt	1
Telia Lietuva, AB	lauko-ekranai.lt	1
Webhuset AS	MICROSOFT-CORP-MSN-AS-BLOCK	3
serveriai.lt	larix.lt	1
widhost.net	rizoma.lt	1
metanet.ch	n-sync.lt	1
serveriai.lt	bcmgroup.lt	1
serveriai.lt	akmenstata.lt	1
serveriai.lt	iprofile.lt	1
serveriai.lt	kampara.lt	1
Telia Lietuva, AB	instaliuok.lt	1
CLOUDFLARENET	sam-solutions.net	1
Vardas.lt, Uab	sportnutrition.lt	1
DIGICERT	didriksons.lt	1
CLOUDFLARENET	flagma.lt	1
domenai.lt	vilkija.lt	1
domenai.lt	vienas.lt	1
Global Village GmbH	ringspann.de	1
CLOUDFLARENET	nuke.lt	1
domenai.lt	ngn.lt	1
serveriai.lt	spacecluster.lt	1
domains.lt	kosmelita.lt	1
domenai.lt	freakyfoxx.lt	1
domenai.lt	ingos.lt	1
Telia Lietuva, AB	tsia.lt	1
serveriai.lt	linijos.lt	1
Telia Lietuva, AB	suvena.lt	1
AMAZON-02	winbetsport.lt	1
Telia Lietuva, AB	kredis.lt	1
rackspace.com	MICROSOFT-CORP-MSN-AS-BLOCK	1
UAB Bite Lietuva	stataris.lt	1
domains.lt	budo.lt	1
volcengine-dns.com	qq.com	1
serveriai.lt	ampcargo.lt	1
serveriai.lt	imoniukatalogai.lt	1
hostex.lt	encryption.lt	1
serveriai.lt	nsi.lt	1
Telia Lietuva, AB	lnab.lt	1
NForce Entertainment B.V.	auth-sumup.lt	1
CLOUDFLARENET	dailsa.lt	1
serveriai.lt	vend.lt	1
serveriai.lt	nug.lt	1
serveriai.lt	rammstein.lt	1
serveriai.lt	pandacoat.lt	1
serveriai.lt	sabosrezidencija.lt	1
serveriai.lt	montvila.lt	1
twosteps.info	twosteps.net	2
serveriai.lt	azotas.lt	1
serveriai.lt	huh.lt	1
serveriai.lt	sanabeauty.lt	1
gmc.lt	amilina.lt	2
CLOUDFLARENET	rsservice.lt	1
SECURITYSERVICES	hostedemail.com	2
serveriai.lt	bcsc.lt	1
serveriai.lt	holdingas.lt	1
domenai.lt	huntdnr.lt	1
serveriai.lt	musclegains.lt	1
startlogic.com	skeptikas.lt	1
UAB Interneto vizija	whitesmile.lt	1
UAB Bite Lietuva	chenglong.lt	1
Informacines sistemos ir technologijos, UAB	serenus.lt	1
hap.lt	astana.lt	1
NSONE	swedbank.se	1
serveriai.lt	toplinelaser.lt	1
serveriai.lt	grandpartners.lt	1
serveriai.lt	melcon.lt	1
serveriai.lt	knives.lt	1
serveriai.lt	ldziburelis.lt	1
serveriai.lt	fertilizers.lt	1
bacloud.com	nakvynepalangoje.lt	1
Cloud DNS Ltd	vrsps.lt	1
serveriai.lt	dvire.lt	1
serveriai.lt	cosmoprof.lt	1
Telia Lietuva, AB	vipdeluxe.lt	1
serveriai.lt	interada.lt	1
serveriai.lt	lbks.lt	1
CLOUDFLARENET	kam.lt	1
GOOGLE	master-buss.lt	1
balticvps.eu	languservisas.lt	1
serveriai.lt	minin.lt	1
Telia Lietuva, AB	toris.lt	1
domains.lt	simply.lt	1
GOOGLE	inroma.lt	1
UAB Bite Lietuva	232.lt	1
serveriai.lt	colic-calm.lt	1
serveriai.lt	adelenotes.lt	1
serveriai.lt	bkp.lt	1
hostex.lt	amrc.lt	1
UAB Interneto vizija	festina.lt	1
Telia Lietuva, AB	parkinggo.lt	1
hostex.lt	silnuta.lt	1
serveriai.lt	bot.lt	1
serveriai.lt	slow.lt	1
serveriai.lt	ctrucks.lt	1
serveriai.lt	finblog.lt	1
Telia Lietuva, AB	burebure.lt	1
serveriai.lt	geriausi.lt	1
CLOUDFLARENET	nrs.lt	1
Sia Nano IT	tendence.lt	1
Telia Lietuva, AB	tps.lt	2
hostex.lt	ms365.lt	1
edata.lt	cartools.lt	1
bacloud.com	teletoto.lt	1
domains.lt	dokumentika.org	1
serveriai.lt	uscrafting.lt	1
serveriai.lt	jumisa.lt	1
serveriai.lt	biglis.lt	1
CLOUDFLARENET	motodata.lt	1
CLOUDFLARENET	limedika.lt	1
getspace.us	epodesign.lt	1
bacloud.com	suvic.lt	1
solutions.fi	MICROSOFT-CORP-MSN-AS-BLOCK	1
serveriai.lt	siva.lt	1
Sia Nano IT	addpack.lt	1
CLOUDFLARENET	likeme.lt	1
getspace.us	aurenta.lt	1
CLOUDFLARENET	synnet.lt	1
serveriai.lt	arcticfishing.lt	1
serveriai.lt	jkksc.lt	1
UAB Interneto vizija	fek.lt	1
Hetzner Online GmbH	man.lt	1
digistate.eu	digistate.lt	1
UAB Bite Lietuva	fastservice.lt	1
Cyber_Folks S.A.	c-l.pl	1
Telia Lietuva, AB	logarta.lt	1
serveriai.lt	busbooking.lt	1
bacloud.com	shery.lt	1
serveriai.lt	draw.lt	1
domains.lt	esutaupus.lt	1
serveriai.lt	perlina.lt	1
serveriai.lt	mentalspace.lt	1
serveriai.lt	e-biker.lt	1
serveriai.lt	alcocloud.lt	1
serveriai.lt	reluva.lt	1
serveriai.lt	infola.lt	1
UAB Interneto vizija	premeta.lt	1
serveris.lt	probinaris.lt	1
naturalshops2.net	profolan.lt	1
CLOUDFLARENET	i-marketing.lt	1
serveriai.lt	groziosala.lt	1
serveriai.lt	qqq.lt	1
serveriai.lt	garant.lt	1
com.pl	festinalente.lt	1
Beget LLC	LLC VK	1
serveriai.lt	abss.lt	1
serveriai.lt	m0.lt	1
register.it	pphosted.com	2
UAB Interneto vizija	mate.lt	1
serveriai.lt	psi.lt	1
CLOUDFLARENET	epiceric.lt	1
serveriai.lt	e-takara.lt	1
UAB Interneto vizija	motogrupe.lt	1
serveriai.lt	hmarket.lt	1
AMAZON-02	bagobago.lt	1
serveriai.lt	mkds.lt	1
Telia Lietuva, AB	schuco.lt	1
CLOUDFLARENET	penkiarai.lt	1
serveriai.lt	gap.lt	1
UAB Besmegeniai	kli.lt	3
serveriai.lt	inprojekt.lt	1
CLOUDFLARENET	autopolis.lt	1
hosttech.ch	hosttech.eu	1
serveriai.lt	yolo.lt	1
serveriai.lt	makaronas.lt	1
serveriai.lt	transgroup.lt	1
Telia Lietuva, AB	brosfarma.lt	1
Telia Lietuva, AB	atropa.lt	1
hostex.lt	marcinkonys.lt	1
domenai.lt	lexsystem.lt	1
CLOUDFLARENET	lrv.lt	1
ipcom GmbH	Heinlein-Support GmbH	1
home.pl	novol.lt	1
UAB Interneto vizija	fairwinds.lt	1
Hetzner Online GmbH	beauty-zone.lt	1
Telia Lietuva, AB	kardiologas.lt	1
serveriai.lt	autocrm.lt	1
bluecatdns.com	affecto.lt	1
CLOUDFLARENET	dancetime.lt	1
UAB Rakrejus	mikro-autobusas.lt	1
solcon.nl	solcon.nl	1
Cyber_Folks S.A.	romet.lt	1
serveriai.lt	sensumhome.lt	1
serveriai.lt	alhi.lt	1
CLOUDFLARENET	sintecs.lt	1
Nazwa.pl Sp.z.o.o.	simet.lt	1
serveriai.lt	beautyconn.lt	1
Hetzner Online GmbH	drifttaxi.lt	1
CLOUDFLARENET	nobodydev.lt	1
CLOUDFLARENET	urm.lt	2
Telia Lietuva, AB	veryvilnius.lt	1
serveriai.lt	icestock.lt	1
serveriai.lt	svoketa.lt	1
AMAZON-02	drstine.lt	1
serveriai.lt	alpha-industries.lt	1
capconnect.com	shorturl.lt	1
serveriai.lt	i-solutions.lt	1
UAB Interneto vizija	baptist.lt	1
balt.net	hardman.lt	1
serveriai.lt	vipmail.lt	1
serveriai.lt	akmenys.lt	1
serveriai.lt	alberg.lt	1
neobond.lt	neobond.lt	1
domains.lt	nvaistine.lt	1
serveriai.lt	sportinn.lt	1
serveriai.lt	ecourses.lt	1
Sia Nano IT	codaco.lt	1
serveriai.lt	smartmama.lt	1
serveriai.lt	rpsc.lt	1
Telia Lietuva, AB	kokliai.lt	1
AMAZON-02	microsoft.com	1
serveriai.lt	baldu.lt	1
Telia Lietuva, AB	vilve.lt	1
serveriai.lt	rlc.lt	1
lexita.lt	UAB Baltnetos komunikacijos	4
SECURITYSERVICES	Telia Lietuva, AB	2
serveriai.lt	fullscreen.lt	1
serveriai.lt	win.lt	1
AMAZON-02	loci.lt	1
CLOUDFLARENET	motogym.lt	1
Telia Lietuva, AB	cruises.lt	1
serveriai.lt	langucentras.lt	1
serveriai.lt	arcode.lt	1
Cyber_Folks S.A.	malsen.lt	1
serveriai.lt	ntl.lt	1
CLOUDFLARENET	mu2.lt	2
ZONER a.s.	heluz.cz	1
serveriai.lt	eurocabs.lt	1
hostex.lt	bartender.lt	1
bacloud.com	finjura.lt	1
UAB Kauno interneto sistemos	perlitas.lt	1
serveriai.lt	d-team.lt	1
GOOGLE	luko.lt	1
OVH SAS	sketis.lt	1
Telia Lietuva, AB	futureengineering.lt	1
serveriai.lt	hypno.lt	1
serveriai.lt	fatbag.lt	1
domains.lt	inkredibl.lt	1
serveriai.lt	lapetite.lt	1
Aruba S.p.A.	forpsi.com	2
serveriai.lt	brainmade.lt	1
timeweb.org	timeweb.ru	4
Telia Lietuva, AB	rinata.lt	1
serveriai.lt	coreindoor.lt	1
CLOUDFLARENET	justauto.lt	1
serveriai.lt	eurokeramika.lt	1
serveriai.lt	svt.lt	1
serveriai.lt	lega.lt	1
hostex.lt	maltika.lt	1
xf.ee	MICROSOFT-CORP-MSN-AS-BLOCK	1
CLOUDFLARENET	afrodite.lt	1
serveriai.lt	donstone.lt	1
serveriai.lt	espp.lt	1
serveriai.lt	visitorify.lt	1
domains.lt	avi.lt	3
serveriai.lt	401.lt	1
Telia Lietuva, AB	aviga.lt	1
CLOUDFLARENET	gpro.lt	1
serveriai.lt	ewar.lt	1
AMAZON-02	crlaurence.lt	1
UAB Elneta	itg.lt	1
CLOUDFLARENET	marmozel.lt	1
serveriai.lt	verum.lt	1
serveriai.lt	lojal.lt	1
GANDI SAS	demokratija.lt	1
serveriai.lt	valera.lt	1
Telia Lietuva, AB	skimpex.lt	1
serveriai.lt	amver.lt	1
UAB Interneto vizija	explosivefoxgames.lt	2
edata.lt	jb.lt	1
serveriai.lt	bca.lt	1
Telia Lietuva, AB	farmgis.lt	1
CLOUDFLARENET	server4u.cz	1
partycasino.lt	GOOGLE	1
serveriai.lt	buycar.lt	1
sec-ns.de	UAB Interneto vizija	1
serveriai.lt	grasys.lt	1
NUCDN	milkline.lt	1
hostex.lt	sancus.lt	1
bacloud.com	pasbobute.lt	1
Telia Lietuva, AB	baifoteka.lt	1
hostex.lt	sdc.lt	1
UAB Interneto vizija	baltmodus.lt	1
serveriai.lt	krivis.lt	1
CLOUDFLARENET	mprogramavimai.lt	1
CLOUDFLARENET	computers.lt	1
Akamai International B.V.	fincantieri.lt	1
domenai.lt	dentifocus.lt	1
CLOUDFLARENET	hostinger.pt	1
hostex.lt	konsulta.lt	1
domenai.lt	amogus.lt	1
bacloud.com	ursula.lt	1
UAB Elneta	cunamitrade.lt	1
serveriai.lt	proars.lt	1
serveriai.lt	grafman.lt	1
getspace.us	bugna.lt	1
serveriai.lt	portable.lt	1
Telia Lietuva, AB	kaidus.lt	1
bacloud.com	medstata.lt	1
serveriai.lt	dock.lt	1
Telia Lietuva, AB	prodis.lt	1
balt.net	bcneptunas.lt	1
UAB Interneto vizija	kg.lt	1
serveriai.lt	grasta.lt	1
domenai.lt	flemount.lt	1
CLOUDFLARENET	netcup.net	1
recognisoft.com	manau.lt	1
Telia Lietuva, AB	sua.lt	1
serveriai.lt	aromas.lt	1
hostika.net	effecol.lt	1
serveriai.lt	skool.lt	1
UAB Interneto vizija	nakas.lt	1
itpays.net	itpays.no	1
serveriai.lt	somus.lt	1
Telia Lietuva, AB	marketplace.lt	1
co.uk	alg.lt	1
serveriai.lt	ook.lt	1
serveriai.lt	helpyou.lt	1
domenai.lt	antica.lt	1
serveriai.lt	saida.lt	1
serveriai.lt	auroradream.lt	1
UAB Interneto vizija	grunder.lt	1
bacloud.com	laska.lt	1
serveriai.lt	minta.lt	1
serveriai.lt	pupasupa.lt	1
serveriai.lt	cbradio.lt	1
CLOUDFLARENET	equihome.lt	1
CLOUDFLARENET	Beyond.pl sp. z o.o.	1
mserwis.pl	aluprof.lt	1
devopshosting.online	olybetevents.lt	1
serveriai.lt	gelzinis.lt	1
serveriai.lt	litmer.lt	1
Telia Lietuva, AB	jeans.lt	1
serveriai.lt	resultavenue.lt	1
serveriai.lt	karmelita.lt	1
serveriai.lt	pagulbis.lt	1
serveriai.lt	bangele.lt	1
serveriai.lt	luni.lt	1
serveriai.lt	asdproject.lt	1
Telia Lietuva, AB	zarga.lt	1
serveriai.lt	grit.lt	1
UAB Interneto vizija	oskaras.lt	1
serveris.lt	edutech.lt	1
CLOUDFLARENET	a2hosting.com	1
serveris.lt	fgr.lt	1
CLOUDFLARENET	redfoxcloud.lt	1
serveriai.lt	inhair.lt	1
BMS-AS	thalomid.lt	1
serveriai.lt	pvz.lt	1
Telia Lietuva, AB	volumelab.lt	1
telpro.lt	Informacines sistemos ir technologijos, UAB	1
serveriai.lt	bananad.lt	1
SECURITYSERVICES	vogue.lt	1
serveriai.lt	navi.lt	1
domenai.lt	YANDEX LLC	4
domenai.lt	obcdn.lt	1
CLOUDFLARENET	rietavas.lt	1
serveriai.lt	ipra.lt	1
Telia Lietuva, AB	opacum.lt	1
AMAZON-02	starcitizen.lt	1
domenai.lt	ecoride.lt	1
serveriai.lt	stafex.lt	1
n5q.de	netbeat.de	1
serveriai.lt	podfurniture.lt	1
serveris.lt	nvo.lt	1
serveriai.lt	elgon.lt	1
serveriai.lt	aster.lt	1
Informacines sistemos ir technologijos, UAB	cane-corso.lt	1
serveriai.lt	sapoka.lt	1
onebit.cz	onebit.cz	1
hostex.lt	bntpgroup.lt	1
bacloud.com	avalo.lt	1
serveriai.lt	kdk.lt	1
CLOUDFLARENET	industrial.lt	1
serveriai.lt	devis.lt	1
Telia Lietuva, AB	alteks.lt	1
serveriai.lt	adgrind.lt	1
serveriai.lt	julia.lt	1
AMAZON-02	galafold.lt	1
serveriai.lt	padagas.lt	1
Telia Lietuva, AB	santalex.lt	1
HURRICANE	86.lt	1
serveriai.lt	calculus.lt	1
UAB Interneto vizija	road.lt	1
ipcom GmbH	logosol.lt	1
serveriai.lt	semantic-systems.com	1
serveriai.lt	vesida.lt	1
Telia Lietuva, AB	architekton.lt	1
serveriai.lt	sogood.lt	1
site.pro	CLOUDFLARENET	1
domains.lt	orthobaltic.lt	2
edata.lt	Proton AG	1
CLOUDFLARENET	mvauto.lt	1
serveriai.lt	dalca.lt	1
O2switch SAS	planetarium.lt	1
getspace.us	ambientboutique.lt	1
hostex.lt	grey.lt	1
domenai.lt	blonde.lt	1
bacloud.com	hunted.lt	1
checkdomain.de	linkvertise.lt	1
GOOGLE	ltas.lt	1
Telia Lietuva, AB	abs.lt	1
serveriai.lt	aprilia.lt	1
serveriai.lt	parkingone.lt	1
UAB Interneto vizija	behere.lt	1
serveriai.lt	vejai.lt	1
UAB Elneta	bfg.lt	1
serveriai.lt	mandeko.lt	1
Hetzner Online GmbH	eigenvector.lt	1
serveriai.lt	partyline.lt	1
zomro.com	mostbet.lt	1
AMAZON-02	c2cdigitalsolutions.lt	1
serveriai.lt	packit.lt	1
datenchef.net	eurho-vital.lt	1
linode.com	ticketoo.lt	1
CLOUDFLARENET	flowfix.lt	1
UAB Interneto vizija	hetna.lt	1
domenai.lt	fosdance.lt	1
serveriai.lt	partspro.lt	1
dntrust.com	deposico.lt	1
domains.lt	vadim.lt	1
Telia Lietuva, AB	egomotors.lt	1
serveriai.lt	wisexml.lt	1
AMAZON-02	englishhome.lt	1
CLOUDFLARENET	bfree.lt	1
QUIC-CLOUD	iceglam.lt	1
ns35.de	armolan.lt	1
serveriai.lt	medgroup.lt	1
dnseiss.com	internet.lv	1
sprintdatacenter.pl	superstal.lt	1
hostex.lt	mosbaltic.lt	1
serveriai.lt	artera.lt	1
Uab Servera	mmorpg.lt	1
eshoprent.com	lexara.lt	1
bacloud.com	bocas.lt	1
serveriai.lt	ptf.lt	1
serveriai.lt	sufra.lt	1
awsdns-00.com	MICROSOFT-CORP-MSN-AS-BLOCK	1
serveriai.lt	markiza.lt	1
serveriai.lt	elpra.lt	1
serveriai.lt	benefitconsulting.lt	1
serveriai.lt	call.lt	1
CLOUDFLARENET	yesprendimai.lt	1
AMAZON-02	refapp.lt	1
serveriai.lt	woodstep.lt	1
serveriai.lt	telemarket.lt	1
bacloud.com	cofee.lt	1
ipcom GmbH	sdk.finance	1
serveriai.lt	youmame.lt	1
serveriai.lt	virtualit.lt	1
virtuaal.com	doglo.lt	1
UAB Baltnetos komunikacijos	gela.lt	1
AMAZON-02	internetineparduotuve.lt	1
domains.lt	tautvydas.lt	1
domenai.lt	veryga.lt	1
SECURITYSERVICES	te-dns.net	1
serveriai.lt	dantida.lt	1
SIA BITE Latvija	Elkdata OU	1
hostex.lt	dent24.lt	1
UAB Interneto vizija	zykas.lt	1
CLOUDFLARENET	nextin.lt	1
serveriai.lt	easyway.lt	1
AMAZON-02	onenutrition.lt	1
serveriai.lt	bxm.lt	1
serveriai.lt	alitasa.lt	1
e-net-b.net	gluttonzen.lt	1
domenai.lt	favoritov.lt	1
naturalshops4.net	ketoactives.lt	1
UAB Interneto vizija	zes.lt	1
serveris.lt	elegrita.lt	1
UAB Interneto vizija	gyvate.lt	1
Telia Lietuva, AB	viksta.lt	1
hostex.lt	translinijos.lt	1
serveriai.lt	greenkeg.lt	1
Telia Lietuva, AB	autoalva.lt	1
CLOUDFLARENET	verkter.lt	1
serveriai.lt	geologas.lt	1
Nazwa.pl Sp.z.o.o.	izopanel.lt	1
serveriai.lt	mariza.lt	1
awsdns-07.com	GOOGLE	1
serveriai.lt	automail.lt	1
serveriai.lt	skyhome.lt	1
domenai.lt	leadlab.lt	1
serveriai.lt	furnera.lt	1
serveriai.lt	martynotechnika.lt	1
CLOUDFLARENET	finipro.lt	1
serveriai.lt	daramas.lt	1
UAB Interneto vizija	stocker.lt	1
Cyber_Folks S.A.	paradyz.lt	1
serveriai.lt	energysupport.lt	1
serveriai.lt	vienasrangovas.lt	1
serveriai.lt	offi.lt	1
home.pl	factor.lt	1
Telia Lietuva, AB	rgled.lt	1
serveriai.lt	reklamosakademija.lt	1
register.it	falmec.lt	1
Telia Lietuva, AB	zenergija.lt	1
serveriai.lt	gripman.lt	1
domenai.lt	ce-marking.lt	1
serveriai.lt	als.lt	1
serveriai.lt	itempiamoslubos.lt	1
hostex.lt	era21.lt	1
serveriai.lt	devocean.lt	1
UAB Interneto vizija	liusy.lt	1
CLOUDFLARENET	gomailify.com	1
UAB Interneto vizija	vilniusforum.lt	1
Informacines sistemos ir technologijos, UAB	stogu-dengimas.lt	1
serveriai.lt	refresh.lt	1
Hetzner Online GmbH	mitan-oil.lt	1
CLOUDFLARENET	alegra.lt	1
serveriai.lt	anudc.lt	1
domain247.fi	calculationtools.lt	1
serveriai.lt	gjm.lt	1
sered.net	eu-guardian.lt	1
CLOUDFLARENET	am1.lt	1
Telia Lietuva, AB	vaisa.lt	1
serveriai.lt	pka.lt	1
web-crossing.at	web-crossing.com	1
Telia Lietuva, AB	vitema.lt	1
UNIFIEDLAYER-AS-1	fia.lt	1
areait.lv	Institute of Mathematics and Computer Science of University of Latvia	1
Telia Lietuva, AB	akmeta.lt	1
bacloud.com	datacopy.lt	1
UAB Interneto vizija	futuretaste.lt	1
domenai.lt	zimart.lt	1
Telia Lietuva, AB	kbca.lt	1
CLOUDFLARENET	babygoods.lt	1
Telia Lietuva, AB	printshop.lt	1
Hetzner Online GmbH	bpms.lt	1
UAB Interneto vizija	lomara.lt	1
Telia Lietuva, AB	executive-search.lt	1
UAB Interneto vizija	hemangioma.lt	1
Hetzner Online GmbH	beto.lt	1
first-ns.de	teamkit.lt	1
Telia Lietuva, AB	girona.lt	1
value-domain.com	GOOGLE	1
domains.lt	jak.lt	1
serveriai.lt	glasscon.lt	1
blueboard.cz	blueboard.cz	5
domains.lt	eicore.lt	1
OVH SAS	e-back.net	1
UAB Interneto vizija	automobiliodraudimas.lt	1
serveriai.lt	mg.lt	1
MB Redfox Cloud	divinerp.lt	1
serveriai.lt	i-gym.lt	1
Telia Lietuva, AB	finline.lt	1
serveriai.lt	a95.lt	1
Telia Lietuva, AB	entes.lt	1
serveriai.lt	creditum.lt	1
UAB Interneto vizija	bridge.lt	1
NUCDN	OVH SAS	7
serveriai.lt	kirsna.lt	1
hostex.lt	istorage.lt	1
hoststar.hosting	lando.lt	1
bacloud.com	eastmedia.lt	1
serveriai.lt	lifeislife.lt	1
serveriai.lt	lser.lt	1
domenai.lt	kokteiliubaras.lt	1
OVH SAS	prudai.lt	1
serveriai.lt	juozaitis.lt	1
Telia Lietuva, AB	tankos.lt	1
NUCDN	airg.lt	1
iwantmyname.net	MICROSOFT-CORP-MSN-AS-BLOCK	2
bacloud.com	jagme.lt	1
serveriai.lt	rampos.lt	1
serveriai.lt	nbs.lt	1
serveriai.lt	ownit.lt	1
UAB Interneto vizija	hempoil.lt	1
balt.net	cosmo.lt	1
serveriai.lt	proficient.lt	1
serveriai.lt	dancefit.lt	1
Hetzner Online GmbH	rockopedia.lt	1
serveriai.lt	savasbustas.lt	1
gameduell.de	noris network AG	1
CLOUDFLARENET	boxstorage.lt	1
serveriai.lt	critic.lt	1
Telia Lietuva, AB	b-trade.lt	1
serveriai.lt	busas.lt	1
serveriai.lt	finmeta.lt	1
serveriai.lt	aavu.lt	1
serveris.lt	referee.lt	1
serveriai.lt	homeopatas.lt	1
linuxpl.com	sharda.lt	1
serveriai.lt	lullu.lt	1
domenai.lt	kontaktai.lt	1
CLOUDFLARENET	jailas.lt	1
serveriai.lt	clife.lt	1
CLOUDFLARENET	svajoniubustas.lt	1
CLOUDFLARENET	hel.lt	1
serveriai.lt	nomadic.lt	1
tojeono.cz	afigo.lt	1
connexeon.com	connexeon.net	1
bacloud.com	ulo.lt	1
UAB Bite Lietuva	stringai.lt	1
e-mind.com	santerno.com	1
serveriai.lt	linusmedical.lt	1
getspace.us	mokis.lt	1
serveriai.lt	aidenis.lt	1
domains.lt	knp.lt	1
getspace.us	ivette.lt	1
meganet.lt	ermc.lt	1
UAB Interneto vizija	plumbing.lt	1
serveriai.lt	amfoto.lt	1
serveriai.lt	zuziai.lt	1
serveriai.lt	grace.lt	1
Telia Lietuva, AB	benhouse.lt	1
UAB Interneto vizija	biopon.lt	1
domains.lt	slowsunday.lt	1
ltmd.net	elpava.lt	1
UAB Interneto vizija	cl.lt	1
balticvps.eu	karmada.lt	1
oxilion.nl	GOOGLE	1
Telia Lietuva, AB	novum.lt	1
serveriai.lt	prevencia.lt	1
serveriai.lt	rovico.lt	1
CLOUDFLARENET	autop.lt	1
UAB Baltnetos komunikacijos	mgnamai.lt	1
serveriai.lt	komanda.lt	1
serveriai.lt	bioflame.lt	1
domenai.lt	rallyfest.lt	1
Hetzner Online GmbH	beorganic.lt	1
UAB Elneta	vija.lt	1
serveriai.lt	mipa.lt	1
nicns.net	esprico.lt	1
Telia Lietuva, AB	ewex.lt	1
serveriai.lt	matildashop.lt	1
serveriai.lt	edmar.lt	1
home.pl	livolo.lt	1
serveriai.lt	centos.lt	1
Telia Lietuva, AB	eurofire.lt	1
Informacines sistemos ir technologijos, UAB	childhelpline.lt	1
CLOUDFLARENET	soulaction.lt	1
hostex.lt	nlt.lt	1
Hetzner Online GmbH	rjhair.lt	1
UAB Interneto vizija	steakspot.lt	1
domenai.lt	mokoshcosmetics.lt	1
hostwhitelabel.com	lagmeta.lt	1
CLOUDFLARENET	biofitus.lt	1
serveriai.lt	kaaral.lt	1
serveriai.lt	carone.lt	1
serveriai.lt	kedesbiurui.lt	1
serveriai.lt	13nt.lt	1
UAB Interneto vizija	cabal.lt	1
seisnet.it	seisnet.it	1
serveriai.lt	netgroup.lt	1
mordac.de	selfhost.de	1
vero.lt	verozona.lt	1
AMAZON-02	heartaerospace.lt	1
UAB Interneto vizija	oc.lt	1
serveriai.lt	hopa.lt	1
domenai.lt	krize.lt	1
Telia Lietuva, AB	autosv.lt	1
serveriai.lt	003.lt	1
domains.lt	aldasta.lt	1
Telia Lietuva, AB	magnum.ee	1
UAB Interneto vizija	ebitas.lt	1
serveriai.lt	saiho.lt	1
serveriai.lt	gameweb.lt	1
serveriai.lt	triumph-adler.lt	1
serveriai.lt	insolitus.lt	1
Hetzner Online GmbH	f8cosmetic.lt	1
Telia Lietuva, AB	diversas.lt	1
SECURITYSERVICES	co.uk	1
NUCDN	nomadicdisplay.lt	1
serveriai.lt	autorecycling.lt	1
CLOUDFLARENET	topsofa.lt	1
serveriai.lt	alphacatum.lt	1
CLOUDFLARENET	ambelts.lt	1
serveriai.lt	gelsva.lt	3
serveriai.lt	dagera.lt	1
CLOUDFLARENET	inbeauty.lt	1
hostex.lt	langureguliavimas.lt	1
serveriai.lt	d20.lt	1
serveriai.lt	rozete.lt	1
serveriai.lt	dylan.lt	1
serveriai.lt	parduodamidomenai.lt	1
GANDI SAS	te-dns.net	1
kapustin.lt	kapustin.lt	1
ecofon.lt	ecofon.lt	1
UAB Interneto vizija	pulsations.lt	1
domenai.lt	janssencosmetics.lt	1
UAB Interneto vizija	rentdrive.lt	1
serveriai.lt	baltic-care.lt	1
CLOUDFLARENET	fifita.lt	1
serveriai.lt	egk.lt	1
CLOUDFLARENET	o6.lt	1
hostex.lt	pakma.lt	1
serveriai.lt	acatia.lt	1
Hetzner Online GmbH	natokinaze.lt	1
serveriai.lt	apexdyna.lt	1
Hetzner Online GmbH	tomsis.lt	1
getspace.us	ZOHO-AS	1
serveriai.lt	miko.lt	1
serveriai.lt	protektor.lt	1
UAB Bite Lietuva	lktd.lt	1
UAB Cgates	remo.lt	1
cyon.ch	cyon.lt	1
GOOGLE	berenike.lt	1
kvintera.lt	resonas.lt	1
hap.lt	bugenvilija.lt	1
serveriai.lt	mantasjanavicius.lt	1
ipcom GmbH	wuerth.lt	1
domains.lt	wecare.lt	1
ports.se	web-solutions.dk	1
fornex.com	z7.lt	1
serveriai.lt	digama.lt	1
hawkhost.com	infashion.lt	1
meganet.lt	idealistas.lt	1
CLOUDFLARENET	anmeda.lt	1
GOOGLE	geniukas.lt	1
serveriai.lt	mobis.lt	1
Buy Limited	AMAZON-02	1
serveriai.lt	gkbeauty.lt	1
serveriai.lt	infoto.lt	1
hostex.lt	akksystems.lt	1
leidenfrost.it	leidenfrost.it	1
UAB Interneto vizija	gembera.lt	1
domenai.lt	nemokamai.lt	1
schedulebull.com	schedulebull.com	1
getspace.us	prometa.lt	1
serveriai.lt	pdfknygos.lt	1
Kauno Technologijos Universitetas	gov.lt	1
serveriai.lt	korpo.lt	1
serveriai.lt	elegy.lt	1
serveriai.lt	luxuryevents.lt	1
serveriai.lt	prokopius.lt	1
Hosting Ukraine LTD	GOOGLE	1
Sia Nano IT	issirdies.lt	1
bacloud.com	qurten.lt	1
serveriai.lt	emadora.lt	1
serveriai.lt	cogab.lt	1
serveriai.lt	osvalda.lt	1
UAB Interneto vizija	mgfilms.lt	1
UAB Interneto vizija	stand-art.lt	1
serveriai.lt	baliwood.lt	1
3dati.lv	707.lt	1
hostex.lt	medicinosgija.lt	1
eshoprent.com	alexfishing.lt	1
Cyber_Folks S.A.	proautomatic.lt	1
serveris.lv	3dmask.lt	1
telpro.lt	Telia Lietuva, AB	5
grifonline.it	domoplast.com	1
checkdomain.de	toolport.lt	1
anixe.net	strong-cosmetics.lt	1
CLOUDFLARENET	nilma.lt	1
balt.net	jg-group.lt	1
serveriai.lt	globalit.lt	1
serveriai.lt	etamedia.lt	1
serveriai.lt	renavus.lt	1
Telia Lietuva, AB	195.148	1
serveriai.lt	naujiejiamatai.lt	1
Telia Lietuva, AB	dentalhouse.lt	1
linuxpl.com	thorspan.lt	1
tierra.net	daemonmail.net	1
serveriai.lt	kaukes.lt	1
AMAZON-02	horseware.lt	1
bacloud.com	turboset.lt	1
contabo.net	smiledenta.lt	1
Telia Lietuva, AB	owexxhosting.lt	1
serveriai.lt	amanagement.lt	1
domains.lt	margarita.lt	1
AMAZON-02	spareroom.lt	1
CLOUDFLARENET	cartrans.lt	1
domenai.lt	kiosk.lt	1
auriga.com	auriganet.co	1
serveriai.lt	bellavilla.lt	1
UAB Interneto vizija	crashfix.lt	1
OVH SAS	cvzone.lt	1
Telia Lietuva, AB	eimride.lt	1
serveriai.lt	map3d.lt	1
Telia Lietuva, AB	notaria.lt	1
serveriai.lt	orange-group.lt	1
serveriai.lt	scotwork.lt	1
serveriai.lt	suolas.lt	1
CLOUDFLARENET	salvata.lt	1
serveriai.lt	baltijoskvapai.lt	1
serveriai.lt	mezoterapija.lt	1
AMAZON-02	vitkauskas.lt	1
serveriai.lt	mytestlab.lt	1
Kauno Technologijos Universitetas	noratus.lt	1
serveriai.lt	rala.lt	1
norplex.no	norplex.no	2
serveriai.lt	gok.lt	1
serveriai.lt	narvesen.lt	1
serveriai.lt	dice.lt	1
rhx.info	rhx.it	1
hostex.lt	gobuy.lt	1
Telia Lietuva, AB	zumbuk.lt	1
serveriai.lt	philosophy.lt	1
domenai.lt	artbet.lt	1
serveriai.lt	rmplast.lt	1
serveriai.lt	ebonus.lt	1
serveriai.lt	mrscargo.lt	1
hemhosting.se	valeryd.lt	1
serveriai.lt	candyshop.lt	1
bacloud.com	bukauskas.lt	1
serveriai.lt	16.lt	1
Telia Lietuva, AB	vilroka.lt	1
serveris.lt	gryllus.lt	1
hostex.lt	konvertic.lt	1
UAB Interneto vizija	pconline.lt	1
ipcom GmbH	letsbrand.com	1
serveriai.lt	supsport.lt	1
serveriai.lt	limited-edition.lt	1
bacloud.com	itskyrius.lt	1
Cloud DNS Ltd	rexnordic.lt	1
UAB Interneto vizija	megatron.lt	1
Telia Lietuva, AB	dasas.lt	1
serveriai.lt	dides.lt	1
Hetzner Online GmbH	regery.net	3
UAB Penki kontinentai	vmedia.lt	1
CLOUDFLARENET	lithuania.lt	1
bacloud.com	bramita.lt	1
Cyber_Folks S.A.	chata.lt	1
getspace.us	plaukuritualai.lt	1
Telia Lietuva, AB	i4e.lt	1
domenai.lt	backtrack.lt	1
onpremises.lt	helinet.lt	1
domenai.lt	dmline.lt	1
serveriai.lt	UAB Bartus pro	1
serveriai.lt	av3.lt	1
serveriai.lt	interinfo.lt	1
serveriai.lt	orthognatic.lt	1
Hetzner Online GmbH	loro.lt	1
ipcom GmbH	ohlins.com	1
ipcom GmbH	uberspace.de	1
Telia Lietuva, AB	diveda.lt	1
serveriai.lt	my4life.lt	1
Telia Lietuva, AB	zuzi.lt	1
CLOUDFLARENET	delei.lt	1
serveriai.lt	creditunion.lt	1
CLOUDFLARENET	akvile.lt	1
serveriai.lt	joda.lt	1
Akamai International B.V.	23M GmbH	1
serveriai.lt	dorista.lt	1
serveriai.lt	kosmoenergetika.lt	1
CLOUDFLARENET	swisra.lt	1
hosting-me.net	citrina.lt	1
CLOUDFLARENET	snusnu.lt	1
UAB Bite Lietuva	n-web.lt	1
checkdomain.de	bonify.lt	1
webglobe.cz	vozab.lt	1
serveriai.lt	bbd.lt	1
serveriai.lt	teatroteka.lt	1
gi-dns.com	enter.it	1
ns.express	UAB Interneto vizija	1
ipcom GmbH	sncf-connect.lt	1
ipcom GmbH	bubbleroom.lt	1
domenai.lt	dinkum.lt	1
serveriai.lt	seemas.lt	1
UAB Bite Lietuva	mylean.lt	1
ascio.com	ulmaconstruction.com	1
UAB Interneto vizija	lawly.lt	1
serveriai.lt	charmingbeauty.lt	1
serveriai.lt	daraida.lt	1
serveriai.lt	silto.lt	1
serveriai.lt	jkc.lt	1
Telia Lietuva, AB	shopuk.lt	1
serveriai.lt	kvu.lt	1
CLOUDFLARENET	host24.lt	1
serveriai.lt	egoforte.lt	1
OVH SAS	solpo.eu	1
Hetzner Online GmbH	foman.lt	1
serveriai.lt	penky.lt	1
ns14.net	louis.de	1
serveriai.lt	autura.lt	1
serveriai.lt	floro.lt	1
NUCDN	gidea.lt	1
hostex.lt	vigaline.lt	1
bacloud.com	sdr.lt	1
bacloud.com	bioeco.lt	1
serveriai.lt	receptoteka.lt	1
serveris.lt	tvintravel.lt	1
serveriai.lt	elem.lt	3
UAB Interneto vizija	lzuka.lt	1
serveriai.lt	igoods.lt	1
serveriai.lt	palm.lt	1
serveriai.lt	gfs.lt	1
UAB Interneto vizija	balticshops.lt	1
serveriai.lt	autosara.lt	1
serveriai.lt	greenvillage.lt	1
bacloud.com	mafiosa.lt	1
serveriai.lt	elektrospec.lt	1
Cyso Group B.V.	edcoonline.lt	1
CLOUDFLARENET	vedeka.lt	1
bacloud.com	outline.lt	1
awsdns-05.com	pha.lt	1
Hetzner Online GmbH	vurecords.lt	1
serveriai.lt	ndi.lt	1
Telia Lietuva, AB	pozityvu.lt	1
serveriai.lt	4x4.lt	1
serveriai.lt	jonai.lt	1
domenai.lt	securemme.lt	1
serveriai.lt	litpersona.lt	1
serveriai.lt	lynetra.lt	1
serveriai.lt	d-d.lt	1
serveriai.lt	unipresta.lt	1
hostex.lt	lantani.lt	1
CLOUDFLARENET	top9.lt	1
CLOUDFLARENET	boompark.lt	1
bacloud.com	promodoro.lt	1
serveriai.lt	sdv.lt	1
mijndnsserver.nl	mosquitno.lt	1
hostex.lt	kuperman.lt	1
CLOUDFLARENET	qq.lt	1
serveriai.lt	d5.lt	1
MB Redfox Cloud	hebis.lt	1
serveriai.lt	auksomeistrai.lt	1
serveriai.lt	psus.lt	1
serveriai.lt	resulti.lt	1
hostex.lt	penosil.lt	1
serveriai.lt	synchronisation.lt	1
serveriai.lt	smolkina.lt	1
serveriai.lt	junglist.lt	1
serveriai.lt	kodokalviai.lt	1
CLOUDFLARENET	clovell.lt	1
iptwins.com	MICROSOFT-CORP-MSN-AS-BLOCK	2
serveriai.lt	limobusas.lt	1
serveriai.lt	opas.lt	1
serveriai.lt	ligaja.lt	1
Hetzner Online GmbH	shorts.lt	1
serveriai.lt	smartlux.lt	1
CLOUDFLARENET	1ct.lt	1
serveriai.lt	flow.lt	1
Informacines sistemos ir technologijos, UAB	kosera.lt	1
CLOUDFLARENET	kmpk.lt	1
serveris.lt	serveris.lt	1
serveriai.lt	millennium.lt	1
hostex.lt	rapsas.lt	1
getspace.us	brelil.lt	1
domenai.lt	buyit.lt	1
serveriai.lt	commsonduty.lt	1
AMAZON-02	levebee.lt	1
serveriai.lt	vav.lt	1
UAB Interneto vizija	fashioncom.lt	1
Akamai International B.V.	AMAZON-02	2
serveriai.lt	topara.lt	1
serveriai.lt	elimart.lt	1
serveriai.lt	rank.lt	1
serveriai.lt	krakenas.lt	1
Telia Lietuva, AB	metaloprekyba.lt	1
serveriai.lt	neovita.lt	1
serveriai.lt	finli.lt	1
serveriai.lt	ingrid.lt	1
markmonitor.com	hilfiger-denim.lt	1
gransy.com	artcrystaltomes.lt	1
serveriai.lt	elunos.lt	1
serveriai.lt	busstop.lt	1
CLOUDFLARENET	selfiebox.lt	1
serveriai.lt	numa.lt	1
serveriai.lt	mbconstruction.lt	1
UAB Elneta	fifaa.lt	1
domains.lt	dremeda.lt	1
WEHOSTWEBSITES-COM	brandmister.lt	1
Kauno Technologijos Universitetas	opentech.lt	1
serveriai.lt	creativa.lt	1
Telia Lietuva, AB	kornealita.lt	1
serveriai.lt	novia.lt	1
serveriai.lt	rezetas.lt	1
Informacines sistemos ir technologijos, UAB	medicine-info.lt	1
serveriai.lt	drcyj.lt	1
serveriai.lt	pushis.lt	1
blacknightsolutions.com	blacknight.ie	1
AMAZON-02	a2hosting.com	1
serveriai.lt	crypt.lt	1
serveriai.lt	gedarta.lt	1
getcourse.ru	UAB Interneto vizija	1
loopia.se	loopia.se	1
Telia Lietuva, AB	tarpgeliu.lt	1
serveriai.lt	novalux.lt	1
UAB Interneto vizija	balticvalley.lt	1
Zone Media OU	uppari.lt	1
serveriai.lt	vetpet.lt	1
serveriai.lt	aukme.lt	1
serveriai.lt	dangara.lt	1
Telia Lietuva, AB	atradejas.lt	1
netsons.net	obrelli.lt	1
webgo.de	goserver.host	1
domserver.de	printfactory.lt	1
serveriai.lt	sandex.lt	1
serveriai.lt	b-s.lt	1
serveriai.lt	agrolitas.lt	1
ipcom GmbH	oui.lt	1
telpro.lt	GOOGLE	1
Hetzner Online GmbH	r1.lt	1
Telia Lietuva, AB	comnet.lt	1
serveriai.lt	optimalus.lt	1
serveriai.lt	gonka.lt	1
getspace.us	travelexperts.lt	1
Telia Lietuva, AB	arborlt.lt	1
Telia Lietuva, AB	pgvt.lt	1
Telia Lietuva, AB	mako.lt	1
serveriai.lt	nikamotor.lt	1
CLOUDFLARENET	prosmile.lt	1
serveriai.lt	balticcmyk.lt	1
ifastnet.com	siriusmusic.lt	1
Telia Lietuva, AB	baterija.lt	1
serveris.lt	gyle.lt	1
domains.lt	altv.lt	1
Scaleway S.a.s.	adjuto.lt	1
CLOUDFLARENET	famclub.lt	1
serveriai.lt	nizami.lt	1
serveriai.lt	artasdesign.lt	1
toivola.name	toivola.name	1
cargo.site	CLOUDFLARENET	1
hostex.lt	signalas.lt	1
serveriai.lt	shsh.lt	1
hap.lt	narkevicius.lt	1
serveriai.lt	balpre.lt	1
CLOUDFLARENET	civinity.eu	1
serveriai.lt	cozynest.lt	1
hostex.lt	t-i-t.lt	1
serveriai.lt	infa.lt	1
SECURITYSERVICES	solerainc.lt	1
serveriai.lt	kom.lt	1
UAB Interneto vizija	toolrental.lt	1
bacloud.com	pyla.lt	1
serveriai.lt	grandservice.lt	1
domains.lt	data-room.lt	1
serveriai.lt	mozuras.lt	1
serveriai.lt	eduardas.lt	1
serveriai.lt	triptips.lt	1
Cyber_Folks S.A.	ecotechgroup.lt	1
stable.cz	GOOGLE	1
serveriai.lt	berno.lt	1
serveriai.lt	raktugamyba.lt	1
UAB Interneto vizija	finansium.lt	1
getspace.us	gilina.lt	1
CLOUDFLARENET	tevudarzelis.lt	1
serveriai.lt	gentleday.lt	1
CLOUDFLARENET	amreta.lt	1
serveriai.lt	socpk.lt	1
GOPAS Solutions GmbH	pphosted.com	1
UAB Interneto vizija	rplc.lt	1
ipcom GmbH	floa.lt	1
getspace.us	sungrid.lt	1
bacloud.com	8bitai.lt	1
serveriai.lt	atmink.lt	1
serveriai.lt	kompiuteriu-klinika.lt	1
tps.lt	MICROSOFT-CORP-MSN-AS-BLOCK	2
serveriai.lt	awclub.lt	1
checkdomain.de	fercam.lt	1
Telia Lietuva, AB	jagmine.lt	1
serveriai.lt	realcrm.lt	1
web-repository.com	funnels.lt	1
serveriai.lt	balticwinds.lt	1
lf.net	lf.net	2
CLOUDFLARENET	mobservice.lt	1
serveris.lt	optolith.lt	1
hosting.de	ebertlang.com	1
Akamai International B.V.	pphosted.com	1
AMAZON-02	coolblue.nl	1
bacloud.com	guvela.lt	1
serveriai.lt	cheeseworld.lt	1
team.blue Denmark A/S	man-force.lt	1
hap.lt	pcmeta.lt	1
serveriai.lt	prorep.lt	1
serveriai.lt	politeca.lt	1
domains.lt	biznis.lt	4
serveriai.lt	fixit.lt	1
hostex.lt	g9.lt	1
hostex.lt	kompasai.lt	1
serveriai.lt	quantus.lt	1
Telia Lietuva, AB	25.173	1
bacloud.com	pulsaras.lt	1
serveriai.lt	diagnostika.lt	1
MB Redfox Cloud	reborn.lt	1
gransy.com	startupjobs.lt	1
infocentras.com	alimar.lt	1
hostex.lt	forester.lt	1
domain-hosting.name	siebe.lt	1
CLOUDFLARENET	ox100.lt	1
markmonitor.com	promat.lt	1
NUCDN	vermeiren.be	1
serveriai.lt	solar4sale.lt	1
CLOUDFLARENET	sakale.lt	1
serveriai.lt	pars.lt	1
serveriai.lt	partexauto.lt	1
serveriai.lt	october.lt	1
serveriai.lt	lsdp.lt	1
serveriai.lt	divo.lt	1
UAB Baltnetos komunikacijos	martema.lt	1
serveriai.lt	ehunter.lt	1
serveriai.lt	lokys.lt	1
serveriai.lt	bagocius.lt	1
serveriai.lt	meimar.lt	1
serveriai.lt	euroinfo.lt	1
serveriai.lt	forklift.lt	1
serveriai.lt	808.lt	1
Telia Lietuva, AB	vikinglotto.lt	1
CLOUDFLARENET	ellexa.lt	1
UAB Interneto vizija	anike.lt	1
hostex.lt	newimage.lt	1
Telia Lietuva, AB	dmdgroup.lt	1
serveriai.lt	atlantai.lt	1
serveriai.lt	kirta.lt	1
serveriai.lt	promiles.lt	1
Hetzner Online GmbH	libertybeach.lt	1
serveriai.lt	esvs.lt	1
CLOUDFLARENET	beachtennis.lt	1
UAB Bite Lietuva	panlaw.lt	1
serveriai.lt	korn.lt	1
serveriai.lt	pradas.lt	1
serveriai.lt	veranda.lt	1
CLOUDFLARENET	ride.lt	1
gransy.com	gol.lt	1
UAB Proservis	xido.lt	1
serveris.lt	leximus.lt	1
domenai.lt	godo.lt	1
serveriai.lt	lmg5.lt	1
serveriai.lt	remarketing.lt	1
hostex.lt	nordija.lt	1
Telia Lietuva, AB	tedis.lt	1
hostex.lt	neverestadventures.lt	1
Telia Lietuva, AB	codebase.lt	1
CLOUDFLARENET	geodeziniaimatavimai.lt	1
serveriai.lt	emigra.lt	2
serveriai.lt	wdev.lt	1
serveriai.lt	balticcommerce.lt	1
serveriai.lt	bcapps.lt	1
serveriai.lt	audito.lt	1
serveriai.lt	silumossiurbliuservisas.lt	1
serveriai.lt	condomania.lt	1
awsdns-07.org	leadingcourses.com	1
serveriai.lt	y9.lt	1
serveriai.lt	vegan.lt	1
serveriai.lt	viaaurora.lt	1
serveriai.lt	eko-l.lt	1
serveriai.lt	bdv.lt	1
serveriai.lt	expro.lt	1
GOOGLE	dom0.lt	1
getspace.us	spacefestivals.lt	1
Telia Lietuva, AB	jotron.lt	1
serveriai.lt	autovita.lt	1
freehostia.com	freehostia.com	3
CLOUDFLARENET	quanloop.cloud	1
bacloud.com	endoret.lt	1
CLOUDFLARENET	fxbroker.lt	1
serveriai.lt	repropack.lt	1
serveriai.lt	infsis.lt	1
serveriai.lt	athletics.lt	1
Host Europe GmbH	vhdns.net	1
serveriai.lt	katu.lt	1
Telia Lietuva, AB	credo.lt	1
CLOUDFLARENET	travelart.lt	1
serveriai.lt	mamaholding.lt	1
serveriai.lt	eventvenue.lt	1
serveriai.lt	fmcg.lt	1
bacloud.com	manufuture.lt	1
serveriai.lt	egeles.lt	1
serveriai.lt	lfml.lt	1
home.pl	stollar.lt	1
serveriai.lt	mikalauskas.lt	1
Telia Lietuva, AB	business.lt	1
UAB Interneto vizija	ap5.lt	1
serveriai.lt	alimentai.lt	1
serveriai.lt	agro-bazaar.lt	1
serveriai.lt	maldyvai.lt	1
CLOUDFLARENET	invensa.lt	1
GOOGLE	UAB Baltnetos komunikacijos	4
CLOUDFLARENET	svidis.net	1
CLOUDFLARENET	ortoteka.lv	1
CLOUDFLARENET	bohemia.lt	1
hostex.lt	tevyne.lt	1
hostex.lt	bfc.lt	1
serveriai.lt	industric.lt	1
getspace.us	c2b.lt	1
serveriai.lt	sveikastatyba.lt	1
Telia Lietuva, AB	levent.lt	1
Hetzner Online GmbH	gedas.lt	1
UAB Interneto vizija	smartnfc.lt	1
serveriai.lt	angusbeef.lt	1
kvintera.lt	bonga.lt	1
UAB Elneta	360.lt	1
serveriai.lt	okmu.lt	1
serveriai.lt	baker.lt	1
markmonitor.com	SECURITYSERVICES	3
eshoprent.com	MICROSOFT-CORP-MSN-AS-BLOCK	1
MICROSOFT-CORP-MSN-AS-BLOCK	benq.eu	1
hostex.lt	sexdating.lt	1
serveris.lt	buvau.lt	1
serveriai.lt	jotiga.lt	1
CLOUDFLARENET	skillora.lt	1
inmotionhosting.com	ilean.lt	1
serveriai.lt	ratola.lt	1
serveriai.lt	laitman.lt	1
serveriai.lt	mckingdom.lt	1
almic.ee	almic.ee	1
serveriai.lt	infare.lt	1
serveriai.lt	israelikravmaga.lt	1
bacloud.com	proinfra.lt	1
Telia Lietuva, AB	railwaysystems.lt	1
domenai.lt	termopro.lt	1
serveriai.lt	vesta.lt	1
serveriai.lt	euristika.lt	1
serveriai.lt	byjeans.lt	1
serveriai.lt	liger.lt	1
serveriai.lt	funnywood.lt	1
UAB Interneto vizija	starcon.lt	1
hostex.lt	dpo.lt	1
bacloud.com	delauto.lt	1
serveriai.lt	karate-do.lt	1
serveriai.lt	labottega.lt	1
serveriai.lt	ats.lt	1
dnsimple.com	GOOGLE	1
UAB Interneto vizija	starsauto.lt	1
Telia Lietuva, AB	mpro.lt	1
hostex.lt	m-ko.lt	1
neostrada.nl	mymacadam.lt	1
serveriai.lt	ibu.lt	1
Hetzner Online GmbH	slp.lt	1
Informacines sistemos ir technologijos, UAB	vetpharmacy.lt	1
Hetzner Online GmbH	pravoslavie.lt	1
CLOUDFLARENET	idusfsdfifs.xyz	4
UAB Interneto vizija	flashback.lt	1
serveriai.lt	cookinwood.lt	1
UAB Interneto vizija	litagent.lt	1
serveriai.lt	akilus.lt	1
UAB Interneto vizija	fautor.lt	1
UAB Interneto vizija	edm.lt	1
domenai.lt	ojcowizna.lt	1
serveriai.lt	brezentai.lt	1
bacloud.com	tmbr.lt	1
UAB Interneto vizija	stokas.lt	1
bacloud.com	moceramics.lt	1
serveriai.lt	keramista.lt	1
CLOUDFLARENET	sante.lt	1
CLOUDFLARENET	intelektas.lt	1
serveriai.lt	dermex.lt	1
Kauno Technologijos Universitetas	tpsis.lt	1
O2switch SAS	filipopolis.lt	1
UAB Interneto vizija	citychef.lt	1
serveriai.lt	drutas.lt	1
serveriai.lt	barcamp.lt	1
CLOUDFLARENET	lalotech.lt	1
eshoprent.com	prolighting.lt	1
serveriai.lt	5bit.lt	1
register.it	whirlpool.com	1
serveriai.lt	bonumauto.lt	1
CLOUDFLARENET	baumera.lt	1
balt.net	skynet.lt	1
MICROSOFT-CORP-MSN-AS-BLOCK	zone.ee	1
serveriai.lt	fordoutlet.lt	1
serveriai.lt	cubcadet.lt	1
serveriai.lt	skatehub.lt	1
Telia Lietuva, AB	motobrain.lt	1
QUIC-CLOUD	getspace.lt	1
serveriai.lt	velloccino.lt	1
domenai.lt	heatbaltic.lt	1
home.pl	e-naturessunshine.lt	1
ipcom GmbH	aroma-zone.lt	1
serveriai.lt	dosata.lt	1
serveriai.lt	liga.lt	1
Telia Lietuva, AB	arcotravel.lt	1
UAB Interneto vizija	advectors.lt	1
serveriai.lt	mududu.lt	1
serveriai.lt	mojodashottub.lt	1
Telia Lietuva, AB	server.lt	1
Telia Lietuva, AB	stupkalnis.lt	1
Telia Lietuva, AB	isg.lt	1
serveriai.lt	silelis.lt	1
Telia Lietuva, AB	sideritas.lt	1
domenai.lt	x-band.lt	1
UAB Interneto vizija	valytojai.lt	1
serveriai.lt	glounge.lt	1
hostex.lt	oyster.lt	1
serveriai.lt	terragreen.lt	1
UAB Interneto vizija	vipcs.lt	1
domenai.lt	fmag.lt	1
Telia Lietuva, AB	grifsag.lt	1
serveriai.lt	myshopyfy.com	1
UAB Interneto vizija	tq.lt	1
serveriai.lt	ipstat.lt	1
serveriai.lt	totimedia.lt	1
snafu.de	snafu.de	2
serveriai.lt	lilas.lt	1
UAB Interneto vizija	riderent.lt	1
serveris.lt	kazis.lt	1
serveriai.lt	wam.lt	1
serveriai.lt	airsoftstop.lt	1
home.pl	spicesolutions.lt	1
UAB Interneto vizija	valantine.lt	1
serveriai.lt	ekojines.lt	1
serveriai.lt	dcore.lt	1
AMAZON-02	devexperts.lt	1
serveriai.lt	mannsu.lt	1
serveriai.lt	inreda.lt	1
hostex.lt	turtovertinimas.lt	1
serveriai.lt	finalfa.lt	1
CLOUDFLARENET	gtea.lt	1
serveriai.lt	professionalgroup.lt	1
serveriai.lt	baugut.lt	1
UAB Interneto vizija	geonika.lt	1
serveriai.lt	zuzus.lt	1
serveriai.lt	provit.lt	1
hostex.lt	trainer.lt	1
iptwins.com	saunalahti.fi	1
serveriai.lt	fluarion.lt	1
serveriai.lt	bobsleigh.lt	1
serveriai.lt	doleta.lt	1
MB Redfox Cloud	automagnatas.lt	1
NUCDN	igus.de	1
wheelde.lt	wheelde.lt	1
serveriai.lt	maket.lt	1
UAB Interneto vizija	inetaspa.lt	1
CLOUDFLARENET	CLDIN B.V.	1
CLOUDFLARENET	imones.lt	1
Telia Lietuva, AB	remdeta.lt	1
serveriai.lt	lbba.lt	1
UAB Interneto vizija	trend.lt	1
serveriai.lt	coretec.lt	1
serveriai.lt	prop.lt	1
hostex.lt	sailoptimist.lt	1
GOOGLE	YANDEX LLC	2
Telia Lietuva, AB	razeta.lt	1
Hetzner Online GmbH	1u.lt	1
serveriai.lt	sensorita.lt	1
awsdns-03.org	RACKSPACE	1
serveriai.lt	dronu.lt	1
UAB Interneto vizija	infoadmin.lt	1
Telia Lietuva, AB	flydog.lt	1
serveriai.lt	aerotechnica.lt	1
serveriai.lt	rutkai.lt	1
serveriai.lt	ploksciasstogas.lt	1
NUCDN	tsetinis.lt	1
UAB Interneto vizija	liggd.lt	1
serveriai.lt	amtt.lt	1
serveriai.lt	visamediena.lt	1
bacloud.com	progma.lt	1
hostex.lt	anderia.lt	1
SECURITYSERVICES	florena.lt	1
serveriai.lt	ariana.lt	1
Telia Lietuva, AB	workinbooth.lt	1
serveriai.lt	daemon.lt	1
serveriai.lt	neostart.lt	1
CLOUDFLARENET	lasiene.lt	1
domenai.lt	owexxhosting.com	1
dnspod.net	159.248	1
csc.lv	csc.lv	1
serveriai.lt	spacetheplace.lt	1
getspace.us	fotke.lt	1
CLOUDFLARENET	esamata.lt	1
serveriai.lt	dekorista.lt	1
rackforest.hu	MICROSOFT-CORP-MSN-AS-BLOCK	1
hostex.lt	blissbeauty.lt	1
Telia Lietuva, AB	dualhead.lt	1
home.pl	yesjewellery.lt	1
serveriai.lt	hica.lt	1
serveriai.lt	1care.lt	1
serveriai.lt	colibricode.lt	1
UAB Interneto vizija	rimka.lt	1
domenai.lt	kanonas.lt	1
serveriai.lt	pgm.lt	1
serveriai.lt	borbet.lt	1
serveriai.lt	heatfix.lt	1
serveriai.lt	grasole.lt	1
Telia Lietuva, AB	recruitment.lt	1
serveriai.lt	fet.lt	1
Informacines sistemos ir technologijos, UAB	MICROSOFT-CORP-MSN-AS-BLOCK	2
serveriai.lt	perfect-body.lt	1
Telia Lietuva, AB	tonita.lt	1
serveriai.lt	acordo.lt	1
ideabits.com	GOOGLE	1
CLOUDFLARENET	mobili.lt	1
serveriai.lt	gtechniq.lt	1
serveriai.lt	multicook-franchise.lt	1
domenai.lt	starline.lt	1
GOOGLE	kinza.lt	1
serveriai.lt	compositus.lt	1
serveriai.lt	intersedes.lt	1
domains.lt	simatra.lt	1
CLOUDFLARENET	hostinger.fi	1
serveriai.lt	the.lt	1
hostika.net	mefa.lt	1
UAB Interneto vizija	m-n.lt	1
hostex.lt	flipas.lt	1
serveriai.lt	morinta.lt	1
domenai.lt	gerry-weber.lt	1
serveriai.lt	mbgroup.lt	1
CLOUDFLARENET	vrc.lt	1
serveriai.lt	spynukeitimas.lt	1
UAB Interneto vizija	finovus.lt	1
serveriai.lt	autohub24.lt	1
serveriai.lt	joyenjoy.lt	1
CLOUDFLARENET	qz.lt	1
QUIC-CLOUD	UAB Bartus pro	1
serveriai.lt	electrosteel.lt	1
serveriai.lt	edosauna.lt	1
serveriai.lt	etools.lt	1
serveriai.lt	carpark.lt	1
prisijungimas.lt	kendo.lt	1
getspace.us	slabs.lt	1
UAB Interneto vizija	mariusdesign.lt	1
domenai.lt	advancedengineering.lt	1
serveriai.lt	transol.lt	1
serveriai.lt	wyrd.lt	1
CLOUDFLARENET	seik.eu	1
serveriai.lt	rdsigns.lt	1
getspace.us	uluwear.lt	1
UAB Interneto vizija	gsmfix.lt	1
serveriai.lt	kkl.lt	1
Kauno Technologijos Universitetas	ma.lt	1
serveriai.lt	metagroup.lt	1
bacloud.com	wegafloor.lt	1
CLOUDFLARENET	vlpk.lt	1
serveriai.lt	shadowstalkers.lt	1
hostex.lt	klap.lt	1
UAB Kauno interneto sistemos	UAB Proservis	2
deckers-it.nl	MICROSOFT-CORP-MSN-AS-BLOCK	1
mvmnet.com	MICROSOFT-CORP-MSN-AS-BLOCK	1
serveriai.lt	stofa.lt	1
intika.lt	intika.lt	1
hostex.lt	lateko.lt	1
Telia Lietuva, AB	vinnic.lt	1
serveriai.lt	secondme.lt	1
CLOUDFLARENET	kotisivut.com	3
serveriai.lt	zoogroom.lt	1
serveriai.lt	telegps.lt	1
CLOUDFLARENET	dosatak.lt	1
serveriai.lt	minijosbaidare.lt	1
CLOUDFLARENET	aero.lt	1
Telia Lietuva, AB	ontra.lt	1
GOOGLE	emityba.lt	1
bacloud.com	menita.lt	1
serveriai.lt	travelta.lt	1
Telia Lietuva, AB	ideadesign.lt	1
UAB Interneto vizija	ihex.lt	1
NUCDN	ikano.lt	1
CLOUDFLARENET	gorban.lt	1
domenai.lt	fotokamera.lt	1
UAB Bite Lietuva	g10.lt	1
UAB Interneto vizija	planasc.lt	1
serveriai.lt	partevo.lt	1
serveriai.lt	atmintis.lt	1
UAB Interneto vizija	lonata.lt	1
ACTIVE 24, s.r.o.	lipoelastic.lt	1
UAB Interneto vizija	ambalas.lt	1
serveriai.lt	offas.lt	1
serveriai.lt	geipel.lt	1
home.pl	AMAZON-02	1
Telia Lietuva, AB	shani.lt	1
serveriai.lt	helinga.lt	1
AMAZON-02	eventgroove.lt	1
domains.lt	etibaltus.lt	1
CLOUDFLARENET	lobasoft.lt	1
serveriai.lt	bmf.lt	1
bacloud.com	mokana.lt	1
serveriai.lt	maritima.lt	1
serveriai.lt	ciubas.lt	1
serveriai.lt	autoprim.lt	1
getspace.us	simart.lt	1
serveriai.lt	baltaragis.lt	1
UAB Interneto vizija	rcsystems.lt	1
serveriai.lt	juve.lt	1
tns1.eu	lgag.lt	1
serveriai.lt	mududeal.lt	1
serveriai.lt	ader.lt	1
serveriai.lt	detas.lt	1
UAB Interneto vizija	lppa.lt	1
serveriai.lt	pikselis.lt	1
hostex.lt	technosfera.lt	1
Telia Lietuva, AB	erply.lt	1
domenai.lt	applink.lt	1
AMAZON-02	f45.lt	1
Telia Lietuva, AB	kavospupa.lt	1
serveriai.lt	liau.lt	1
balt.net	technocentras.lt	2
data.lt	saulesspektras.lt	1
serveriai.lt	agor.lt	1
bacloud.com	bambino.lt	1
bacloud.com	unturned.lt	1
IONOS SE	rainova.lt	1
Hetzner Online GmbH	travel2life.lt	1
domenai.lt	tantra.lt	1
serveriai.lt	kfs.lt	1
awsdns-28.org	AMAZON-02	1
serveriai.lt	hyperautomation.lt	1
Cyber_Folks S.A.	tekkni.lt	1
Zone Media OU	nordcity.ee	1
hostex.lt	btl.lt	1
UAB Interneto vizija	eivydas.lt	1
CLOUDFLARENET	charlesviancin.lt	1
serveriai.lt	life-style.lt	1
UAB Bite Lietuva	judijudi.lt	1
serveriai.lt	lentvaris.lt	1
Kauno Technologijos Universitetas	kfsa.lt	1
serveriai.lt	euronda.lt	1
bacloud.com	solvena.lt	1
serveris.lt	advolex.lt	1
Hetzner Online GmbH	milius.lt	1
eshoprent.com	h2o.lt	1
NUCDN	eu-jobs.lt	1
serveriai.lt	mtdistribution.lt	1
balt.net	katalogugamyba.lt	1
Telia Lietuva, AB	leanconsulting.lt	1
Nazwa.pl Sp.z.o.o.	nazwa.pl	1
balt.net	gordon.lt	1
serveriai.lt	arwen.lt	1
home.pl	premiumoutlet.lt	1
wannafind.dk	sproutworld.lt	1
serveriai.lt	stayhigh.lt	1
serveriai.lt	barsa.lt	1
Telia Lietuva, AB	opiumclub.lt	1
hyp.net	domeneshop.no	1
serveriai.lt	domusmagna.lt	1
serveriai.lt	bpcenter.lt	1
serveriai.lt	in-axis.lt	1
Telia Lietuva, AB	sanistaal.dk	1
CLOUDFLARENET	robomarkets.lt	1
serveriai.lt	greenbeautylab.lt	1
serveriai.lt	pabiruciusveikata.lt	1
serveriai.lt	adminas.lt	1
bacloud.com	yvas.lt	1
Telia Lietuva, AB	antalis-packaging.lt	1
Telia Lietuva, AB	consularis.lt	1
serveriai.lt	inspiredum.lt	1
serveriai.lt	tsi.lt	1
Hetzner Online GmbH	ence.lt	1
serveriai.lt	cvme.lt	1
Hetzner Online GmbH	aikidoka.lt	1
serveriai.lt	suppro.lt	1
UAB Interneto vizija	theorigin.lt	1
Telia Lietuva, AB	53.39	1
CLOUDFLARENET	vil.lt	1
CLOUDFLARENET	vkti.lt	1
serveriai.lt	zab.lt	1
home.pl	kadax.lt	1
serveriai.lt	laikrasciai.lt	1
ports.se	simpleedental.lt	1
domenai.lt	uhu.lt	1
edata.lt	tpp.lt	1
serveriai.lt	cela.lt	1
hostex.lt	2shop.lt	1
serveriai.lt	btce.lt	1
domenai.lt	555.lt	1
ipcom GmbH	petit-bateau.lt	1
hostex.lt	basic.lt	1
serveriai.lt	rentma.lt	1
serveriai.lt	tits.lt	1
nrd.lt	MICROSOFT-CORP-MSN-AS-BLOCK	1
managed-ip.com	pphosted.com	1
GOOGLE	intergates.lt	1
serveriai.lt	marilita.lt	1
UAB Elneta	elektrikai.lt	1
managed-ip.com	Akamai International B.V.	1
CLOUDFLARENET	snowboards.lt	1
serveriai.lt	saveandeat.lt	1
Telia Lietuva, AB	urbanexplorer.lt	1
serveriai.lt	inato.lt	1
UAB Interneto vizija	kovos.lt	1
serveriai.lt	rasvita.lt	1
domenai.lt	wolfstarmedia.lt	1
ACTIVE 24, s.r.o.	balabim.lt	1
ns14.net	ccnetz.de	1
bacloud.com	kadma.lt	1
getspace.us	dracell.lt	1
afraid.org	sucks.lt	1
serveriai.lt	daita.lt	1
serveriai.lt	caleo.lt	1
Telia Lietuva, AB	e-box.lt	1
Telia Lietuva, AB	tsgbaltic.lt	1
serveriai.lt	everafter.lt	1
serveriai.lt	motosfera.lt	1
domains.lt	prototechnika.lt	1
serveriai.lt	econatura.lt	1
Telia Lietuva, AB	altdent.lt	1
serveriai.lt	kogita.lt	1
UAB Interneto vizija	faza.lt	1
serveriai.lt	mikrotik.lt	1
UAB Bite Lietuva	admini.lt	1
serveriai.lt	kssc.lt	1
UAB Penki kontinentai	GOOGLE	2
UAB Interneto vizija	3dgeo.lt	1
serveriai.lt	lipd.lt	1
da.direct	aikidocenter.lt	1
UAB Kauno interneto sistemos	tandyr.lt	1
Telia Lietuva, AB	marici.lt	1
serveriai.lt	tavoauto.lt	1
CLOUDFLARENET	digma.lt	1
serveriai.lt	preka.lt	1
serveriai.lt	bubblemood.lt	1
CLOUDFLARENET	hotroad.lt	1
clix.lt	infohub.lt	1
Telia Lietuva, AB	rnss.lt	1
hostex.lt	dvstyle.lt	1
Hetzner Online GmbH	lipaka.lt	1
Telia Lietuva, AB	eurai.lt	1
CLOUDFLARENET	mtlgroup.lt	1
serveriai.lt	poppin.lt	1
serveris.lt	knygnesiai.lt	1
Telia Lietuva, AB	smesas.lt	1
serveriai.lt	grainmore.lt	1
awsdns-16.net	GOOGLE	1
serveriai.lt	elektrolt.lt	1
CLOUDFLARENET	alphabaltic.com	1
CLOUDFLARENET	archido.lt	1
interna.me	aioli.lt	1
home.pl	motofocus.lt	1
serveriai.lt	autocity.lt	1
serveriai.lt	wingtjun.lt	1
UAB Interneto vizija	plastara.lt	1
serveriai.lt	petlis.lt	1
SECURITYSERVICES	jacuzzi.it	1
UAB Bite Lietuva	iclean.lt	1
serveriai.lt	booked.lt	1
Telia Lietuva, AB	sepetelis.lt	1
serveriai.lt	sportasbeadreso.lt	1
CLOUDFLARENET	atolas.lt	1
bitlibre.net	centriconline.eu	1
Kauno Technologijos Universitetas	hema.lt	1
ns14.net	huf-haus.lt	1
serveris.lt	gravimedia.lt	1
tns1.eu	sdlg.lt	1
serveriai.lt	kosmetologe.lt	1
AMAZON-02	steinway.lt	1
IONOS SE	mercateo.com	1
xundns.com	ai848.com	1
UAB Bite Lietuva	stalo.lt	1
home.pl	letniskowo.lt	1
serveriai.lt	kaltenis.lt	1
CLDIN B.V.	datiq.net	1
UAB Interneto vizija	turboera.lt	1
serveriai.lt	pump.lt	1
Safenames Ltd.	iphmx.com	1
serveriai.lt	avizadrebis.lt	1
serveriai.lt	ezeras.lt	1
serveriai.lt	damalis.lt	1
mijndnsserver.nl	finlux.lt	1
watcheo.lt	watcheo.lt	1
serveriai.lt	jovitas.lt	1
files.fm	erma.lt	1
serveriai.lt	upon.lt	1
CLOUDFLARENET	galanda.lt	1
serveriai.lt	terracota.lt	1
serveriai.lt	minitrips.lt	1
serveriai.lt	termosaas.lt	1
bacloud.com	serpas.lt	1
GOOGLE	renew.lt	1
UAB Bite Lietuva	racinskas.lt	1
UAB ESNET	medicalamber.lt	1
serveriai.lt	beosom.lt	1
serveriai.lt	raspberry.lt	1
vz33.nl	ezup.lt	1
Zone Media OU	x-ion GmbH	1
serveriai.lt	blomstring.lt	1
ICDSoft Ltd.	moiravisuals.com	1
serveriai.lt	jpmanufactory.lt	1
serveriai.lt	ventudo.lt	1
darzelis.lt	darzelis.lt	1
serveriai.lt	martens.lt	1
UAB Interneto vizija	legeartis.lt	1
eshoprent.com	markeva.lt	1
nicns.net	aeropor.lt	1
serveriai.lt	saerimner.lt	1
lesjoforsab.com	lesjoforsab.com	1
CLOUDFLARENET	cyber-folks.pl	1
serveriai.lt	lalaland.lt	1
Telia Lietuva, AB	donix.lt	1
mijndnsserver.nl	eurocoinhouse.lt	1
CLOUDFLARENET	energroup.lt	1
serveriai.lt	katalizai.lt	1
domains.lt	tourist.lt	1
serveriai.lt	daminda.lt	1
Telia Lietuva, AB	austria.lt	1
Telia Lietuva, AB	confinn.lt	1
bacloud.com	formatai.lt	1
SECURITYSERVICES	bc.lt	2
serveriai.lt	vysniauskiene.lt	1
serveriai.lt	mineralinis.lt	1
serveriai.lt	laivonuoma.lt	1
serveriai.lt	cgtarian.lt	1
hostex.lt	transportas.lt	1
areait.lv	sixt-plus.lt	1
domenai.lt	taz.lt	1
adobe.net	MICROSOFT-CORP-MSN-AS-BLOCK	1
kiwinet.eu	hostega.eu	1
vultr.com	multum.lt	1
UAB Interneto vizija	muromeistras.lt	1
Zone Media OU	GOOGLE-CLOUD-PLATFORM	1
serveriai.lt	atour.lt	1
PONYNET	ZOHO Corporation B.V	1
serveriai.lt	konstanta.lt	1
UAB Elneta	Telia Lietuva, AB	2
bacloud.com	vivatrucks.lt	1
hostex.lt	sachara.lt	1
smarthost.pl	altumhost.lt	1
serveriai.lt	oks.lt	1
serveriai.lt	mindema.lt	1
CLOUDFLARENET	rndvholding.lt	1
Telia Lietuva, AB	voruta.lt	1
serveriai.lt	virtualu.lt	1
Informacines sistemos ir technologijos, UAB	marguciai.lt	3
serveriai.lt	anarchija.lt	1
domenai.lt	sugiwood.lt	1
simmatonline.com	limmi.lt	1
CLOUDFLARENET	shoes4kids.lt	1
domenai.lt	saltalankis.lt	1
serveriai.lt	biggangmc.lt	1
serveriai.lt	sponsa.lt	1
UAB Interneto vizija	scuba.lt	1
serveriai.lt	destran.lt	1
serveriai.lt	mpathletics.lt	1
Telia Lietuva, AB	hvactech.lt	1
Telia Lietuva, AB	elderandjenks.lt	1
serveriai.lt	pk.lt	1
CLOUDFLARENET	abba.lt	1
Telia Lietuva, AB	finalina.lt	1
serveriai.lt	vmware.lt	1
Telia Lietuva, AB	droneshop.lt	1
serveriai.lt	auto-bus.lt	1
Telia Lietuva, AB	crmdemo.lt	1
UAB Interneto vizija	g2.lt	1
serveriai.lt	savavet.lt	1
serveriai.lt	adeco.lt	1
hostex.lt	tave.lt	1
bacloud.com	fortrade.lt	1
serveriai.lt	airlock.lt	1
hostex.lt	wolf.lt	1
serveriai.lt	nauji.lt	1
bacloud.com	agrotrans.lt	1
Telia Lietuva, AB	elmas.lt	1
MICROSOFT-CORP-MSN-AS-BLOCK	origin-asp.com	1
serveriai.lt	itela.lt	1
serveriai.lt	karklius.lt	1
CLOUDFLARENET	bzr.lt	1
serveriai.lt	gravada.lt	1
transip.eu	bluemonks.lt	1
serveriai.lt	decovery.lt	1
serveriai.lt	candela.lt	1
serveriai.lt	tevu.lt	1
serveriai.lt	tegrastate.lt	1
serveriai.lt	ingada.lt	1
Telia Lietuva, AB	studioh.lt	1
rgbmg.ru	somatea.lt	1
ukfast.net	britannia.lt	1
serveriai.lt	autofox.lt	1
AMAZON-02	Safenames Ltd.	2
SECURITYSERVICES	domainnetwork.net	1
serveriai.lt	panoramas.lt	1
serveriai.lt	greenlex.lt	1
pq.hosting	krolik.lt	1
domains.lt	atealab.lt	1
AMAZON-02	shopware.lt	1
NUCDN	donnafugata.lt	1
GOOGLE	distyled.lt	1
dnsip.com	hhsw6688hxcdn.com	2
serveriai.lt	humanbattery.lt	1
serveriai.lt	devila.lt	1
CLOUDFLARENET	soverin.net	1
Telia Lietuva, AB	autostiklai.lt	1
UAB Elneta	fotopower.lt	1
serveriai.lt	geso.lt	1
CLOUDFLARENET	gijora.lt	1
UAB Diginet LTU	15min.lt	2
serveriai.lt	skintop.lt	1
serveriai.lt	alnabusiness.lt	1
Cyber_Folks S.A.	mondexhome.lt	1
nameshield.net	placees.lt	1
serveriai.lt	mariks.lt	1
CLOUDFLARENET	adwood.lt	1
serveriai.lt	mokins.lt	1
NUCDN	One.com A/S	1
serveriai.lt	todas.lt	1
serveris.lt	hddlab.lt	1
awardspace.com	naika.lt	1
serveriai.lt	rolema.lt	1
serveriai.lt	intrailer.lt	1
serveriai.lt	minciu-pasaulis.lt	1
serveriai.lt	kajus.lt	1
plusserver.com	IWEB-AS	1
getspace.us	spraytanpro.lt	1
iquer.net	NorthC Deutschland GmbH	1
serveriai.lt	zibrov.lt	1
getspace.us	magistus.lt	1
CLOUDFLARENET	geoshop.lt	1
serveriai.lt	ltrp.lt	1
serveris.lt	gma.lt	1
serveris.lt	printbox.lt	1
UAB Bite Lietuva	vhost.lt	1
serveriai.lt	ketvirtis.lt	1
checkdomain.de	kufatec.de	1
serveriai.lt	interlock.lt	1
serveriai.lt	e-ski.lt	1
serveriai.lt	oaksfarm.lt	1
serveriai.lt	agrobond.lt	1
CLOUDFLARENET	anbe.lt	1
CASABLANCA INT a.s.	ajmal.lt	1
ns14.net	notj.lt	1
serveriai.lt	vomada.lt	1
domenai.lt	scottiego.lt	1
serveriai.lt	kalkes.lt	1
serveriai.lt	penikas.lt	1
Hetzner Online GmbH	driftacademy.lt	1
Cyber_Folks S.A.	mitko.lt	1
getspace.us	virtuallegal.lt	1
CLOUDFLARENET	barteur.lt	1
serveriai.lt	renomas.lt	1
serveriai.lt	anjaras.lt	1
Telia Lietuva, AB	300.lt	1
markmonitor.zone	panasonic.lt	1
UAB Interneto vizija	reservation.lt	1
serveriai.lt	matomi.lt	1
markmonitor.com	Combell NV	1
CLOUDFLARENET	norfa.lt	2
hostex.lt	transvora.lt	1
GOOGLE	AMAZON-02	1
bacloud.com	adalas.lt	1
Telia Lietuva, AB	apis.lt	1
AMAZON-02	aspasia.lt	1
getspace.us	artikula.lt	1
UAB Bite Lietuva	jurka.lt	1
Telia Lietuva, AB	travalsa.lt	1
serveriai.lt	autodeira.lt	1
UAB Bite Lietuva	koreamour.lt	1
Kauno Technologijos Universitetas	a2b.lt	1
CLOUDFLARENET	nutrisslim.com	1
serveriai.lt	retromobile.lt	1
serveriai.lt	prokopa.lt	1
DIGICERT	vitamins.lt	1
CLOUDFLARENET	lrtt.lt	1
xundns.com	skkm558.com	1
serveriai.lt	gymzey.lt	1
UAB Elneta	stainless.lt	1
serveriai.lt	evitragroup.lt	1
Telia Lietuva, AB	alme.lt	1
Telia Lietuva, AB	medusa.lt	1
UAB Interneto vizija	sevenbank.lt	1
bacloud.com	p-k.lt	1
serveriai.lt	regabi.lt	1
getspace.us	UAB Baltnetos komunikacijos	1
domains.lt	tsm.lt	1
UAB Bite Lietuva	exportline.lt	1
serveriai.lt	spoilers.lt	1
domenai.lt	kvietimas.lt	1
CLOUDFLARENET	pokupki.lt	1
ltmd.net	redasa.lt	1
Kauno Technologijos Universitetas	iti.lt	1
Telia Lietuva, AB	vndz.lt	1
home.pl	blockdag.lt	1
serveriai.lt	ete.lt	1
serveriai.lt	itesta.lt	1
serveriai.lt	atendo.lt	1
123ns.de	sico-silicon.lt	1
serveriai.lt	auras.lt	1
quicns.cloud	kiradesign.lt	1
getspace.us	anvari.lt	1
balticvps.eu	krd.lt	1
AMAZON-02	vizik.lt	1
serveriai.lt	adomus.lt	1
serveriai.lt	brosel.lt	1
domains.lt	horses.lt	1
serveris.lt	fasoul.lt	1
UAB Interneto vizija	a-p.lt	1
serveriai.lt	insplash.com	1
UAB Bite Lietuva	dalkia.lt	2
CLOUDFLARENET	horecafood.lt	1
UAB Interneto vizija	soundguys.lt	1
getspace.us	languagezone.lt	1
serveriai.lt	folklora.lt	1
serveriai.lt	alestas.lt	1
AMAZON-02	victoriamilan.lt	1
CLOUDFLARENET	travelcentre.lt	1
CLOUDFLARENET	smiledesign.lt	1
serveriai.lt	ignobilis.lt	1
hostingspace24.online	polas.lt	1
serveriai.lt	gabena.lt	1
getspace.us	missselfie.lt	1
serveriai.lt	acv.lt	1
host-4-u-ns.de	MICROSOFT-CORP-MSN-AS-BLOCK	1
domserver.de	printbrothers.lt	1
serveriai.lt	evasat.lt	1
Telia Lietuva, AB	minstra.lt	1
serveriai.lt	soon.lt	1
serveriai.lt	fuksus.lt	1
serveris.lt	viltanika.lt	1
helppi.net	mathcad.lt	1
CLOUDFLARENET	ziniur.lt	1
tuonomeregistrar.net	gessi.lt	1
NSONE	SQUIXA PTY LIMITED	1
serveriai.lt	itrasa.lt	1
bosch.de	MICROSOFT-CORP-MSN-AS-BLOCK	1
bacloud.com	stechnika.lt	1
hostex.lt	ostmarina.lt	1
serveriai.lt	kksd.lt	1
SECURITYSERVICES	0	1
1233dns.com	longteng-cdn.com	2
serveriai.lt	duna.lt	1
skf.com	omni.lt	1
domenai.lt	hostorado.com	1
ipcom GmbH	monocles.de	1
UAB Interneto vizija	kursera.lt	1
serveriai.lt	far.lt	1
domains.lt	sonto.lt	1
domenai.lt	armorex.lt	1
serveriai.lt	dreson.lt	1
serveriai.lt	onelove.lt	1
serveriai.lt	bombaycats.lt	1
CLOUDFLARENET	veltro.lt	1
serveriai.lt	mazzor.lt	1
domenai.lt	profitex.lt	1
MB Redfox Cloud	kesauto.lt	1
serveriai.lt	pedkelnes.lt	1
CLOUDFLARENET	optonicaled.lt	1
CLOUDFLARENET	joroma.lt	1
Telia Lietuva, AB	tugo.lt	1
UAB Interneto vizija	tofis.lt	1
serveriai.lt	mypak.lt	1
serveriai.lt	griffin.lt	1
hostex.lt	alternative.lt	1
Telia Lietuva, AB	valdykit.lt	2
Cyber_Folks S.A.	profiauto.lt	1
serveriai.lt	automolas.lt	1
UAB Bite Lietuva	emp.lt	4
domains.lt	koti.lt	1
serveriai.lt	innovatus.lt	1
Telia Lietuva, AB	devita.lt	1
thewebhostserver.com	duali.lt	1
serveriai.lt	avenue-art.lt	1
serveriai.lt	kalbejimopotemes.lt	1
Telia Lietuva, AB	stark.lt	1
hostex.lt	i-i.lt	1
serveriai.lt	solvika.lt	1
serveriai.lt	munitas.lt	1
UAB Interneto vizija	smelta.lt	1
UAB Interneto vizija	estudio.lt	1
managedhive.com	abalab.lt	1
GOOGLE	imgw.com	1
serveriai.lt	liutkute.lt	1
widhost.net	Aruba S.p.A.	2
balt.net	jung.lt	1
UAB Cgates	inturbo.lt	1
serveriai.lt	polido.lt	1
serveriai.lt	staccato.lt	1
UAB Interneto vizija	k32.lt	1
serveriai.lt	cardamon.lt	1
serveriai.lt	viewbox.lt	1
Telia Lietuva, AB	noda.lt	1
CLOUDFLARENET	buiteka.lt	1
serveriai.lt	primamoneta.lt	1
CLOUDFLARENET	klase.lt	1
serveriai.lt	iaem.lt	1
fakro.pl	fakro.pl	1
inmotionhosting.com	inmotionhosting.lt	1
serveriai.lt	idesigner.lt	1
serveriai.lt	antikor.lt	1
serveris.lt	mechanical.lt	1
CLOUDFLARENET	jarasiunas.lt	1
serveriai.lt	lycosa.lt	1
AMAZON-02	ancientandbrave.lt	1
serveriai.lt	mykolas.lt	1
serveriai.lt	netpro.lt	1
ipcom GmbH	bluerange.se	1
Telia Lietuva, AB	sendpro.lt	1
serveriai.lt	vitaconsecrata.lt	1
eshoprent.com	smartio.lt	1
Institute of Mathematics and Computer Science of University of Latvia	ZOHO Corporation B.V	1
UAB Interneto vizija	eudalie.lt	1
domenai.lt	vidiso.lt	1
serveriai.lt	geocon.lt	1
serveriai.lt	demand.lt	1
serveriai.lt	bcm-group.lt	1
serveriai.lt	viritas.lt	1
serveriai.lt	keydata.lt	1
serveriai.lt	portfolio.lt	1
ports.se	GlobalConnect AB	2
serveriai.lt	classiccarservice.lt	1
serveriai.lt	binada.lt	1
UAB Interneto vizija	topfm.lt	1
serveriai.lt	aglogistics.lt	1
serveriai.lt	mlpro.lt	1
serveriai.lt	15min.lt	2
serveriai.lt	biggrill.lt	1
Telia Lietuva, AB	oistus.lt	1
Cloud DNS Ltd	e-post.lt	1
domains.lt	teksanta.lt	1
serveriai.lt	formsystem.lt	1
bacloud.com	promtas.lt	1
hostex.lt	taletas.lt	1
serveriai.lt	arabicperfume.lt	1
serveriai.lt	modernconcept.lt	1
Informacines sistemos ir technologijos, UAB	gruntai.lt	1
Telia Lietuva, AB	inspirare.lt	1
serveriai.lt	Elkdata OU	1
microchip.network	fica.lt	1
Telia Lietuva, AB	fenestrum.lt	1
domains.lt	tavi.lt	1
CLOUDFLARENET	mroferto.lt	1
serveriai.lt	eminus.lt	1
CLOUDFLARENET	protagonist.nl	1
CLOUDFLARENET	racingdogsbet.lt	1
bacloud.com	i-tt.lt	1
UAB Interneto vizija	logostudio.lt	1
Hetzner Online GmbH	ajg.lt	1
domenai.lt	dronetech.lt	1
azehosting.net	raaho.lt	1
domenai.lt	fitmax.lt	1
hostex.lt	sights.lt	1
CLOUDFLARENET	dkinvest.lt	1
serveriai.lt	gomind.lt	1
serveriai.lt	poppri.lt	1
Telia Lietuva, AB	condition.lt	1
UAB Elneta	esms.lt	1
Telia Lietuva, AB	marmoarc.lt	1
serveriai.lt	fixshop.lt	1
serveriai.lt	albabistro.lt	1
CLOUDFLARENET	email-messaging.com	1
domenai.lt	cokonlab.lt	1
Aruba S.p.A.	MICROSOFT-CORP-MSN-AS-BLOCK	1
furniture-to-measure.com	vismode.lt	1
AMAZON-02	billink.lt	1
serveriai.lt	dresslikearomama.lt	1
Telia Lietuva, AB	aleris.lt	1
compositiv.com	soleni.lt	1
CLOUDFLARENET	parex.lt	1
UAB Interneto vizija	saltwind.lt	1
ipcom GmbH	NorthC Deutschland GmbH	2
serveriai.lt	websensei.lt	1
generali.it	generalisi.it	1
CLOUDFLARENET	neopizza.lt	1
dn-s.nl	v-maxx.lt	1
serveriai.lt	muzikosmeka.lt	1
serveriai.lt	mezgimas.lt	1
serveriai.lt	liveshop.lt	1
Telia Lietuva, AB	sodotechnika.lt	1
serveriai.lt	auroraclouds.lt	1
getspace.us	perpetuus.lt	1
CLOUDFLARENET	vatesi.lt	1
timeweb.org	GOOGLE	1
serveriai.lt	g365.lt	1
NUCDN	portdesigns.lt	1
schlund.de	IONOS SE	1
serveriai.lt	bonustrade.lt	1
hostex.lt	fruit.lt	1
CLOUDFLARENET	kyudo.lt	1
serveriai.lt	dhealth.lt	1
CLOUDFLARENET	zoomcreative.lt	1
eshoprent.com	linkrusta.lt	1
serveriai.lt	nimpa.lt	1
serveriai.lt	tel.lt	1
UAB Interneto vizija	lauretana.lt	1
Telia Lietuva, AB	jungtis.lt	1
bacloud.com	alefas.lt	1
domenai.lt	balticcaraway.lt	1
serveriai.lt	tigweld.lt	1
serveriai.lt	merkys.lt	1
serveriai.lt	spellsinwax.lt	1
UAB Interneto vizija	vilniauslyrika.lt	1
nameshield.net	pphosted.com	3
Hetzner Online GmbH	f8store.lt	1
serveriai.lt	moterspasaulis.lt	1
bacloud.com	kepukepu.lt	1
serveriai.lt	ectl.lt	1
Telia Lietuva, AB	mediatech.lt	1
serveriai.lt	rpa.lt	1
serveriai.lt	shopinusa.lt	1
serveriai.lt	omnia.lt	1
serveriai.lt	autumncup.lt	1
domenai.lt	kooc.lt	1
avency GmbH	cargobull.com	1
SuperHosting.BG Ltd.	kurtieji.lt	1
CLOUDFLARENET	gamblingplanet.lt	1
serveriai.lt	perva.lt	1
UAB Elneta	rota.lt	1
anadana.lv	gasbox.lt	1
ltmd.net	xn--avalyn-n4a.lt	1
CLOUDFLARENET	topic.lt	1
hostex.lt	fixtherm.lt	1
CLOUDFLARENET	lalupa.lt	1
UAB Rakrejus	gik.lt	1
AMAZON-02	ahdiagnostics.lt	1
UAB Interneto vizija	bucel.lt	1
Telia Lietuva, AB	stainedglass.lt	1
serveriai.lt	hidrotiltai.lt	1
Key-Systems GmbH	flaconi.lt	1
Telia Lietuva, AB	asfarma.lt	1
serveriai.lt	tikly.lt	1
ANEXIA Internetdienstleistungs GmbH	retail-sc.com	1
UAB Interneto vizija	brosis.lt	1
getspace.us	dekore.lt	1
UAB Interneto vizija	string.lt	1
Telia Lietuva, AB	imama.lt	1
Telia Lietuva, AB	renata.lt	1
serveriai.lt	ubara.lt	1
serveriai.lt	logforest.lt	1
bacloud.com	solostove.lt	1
eshoprent.com	toscana.lt	1
serveriai.lt	vtpro.lt	1
serveriai.lt	netsolutions.lt	1
UAB Bite Lietuva	achroma.lt	1
hostex.lt	jad.lt	1
domenai.lt	GOOGLE-CLOUD-PLATFORM	2
UAB Baltnetos komunikacijos	impulslt.lt	1
CLOUDFLARENET	ppj.lt	1
Telia Lietuva, AB	jazzpizza.lt	1
UAB Interneto vizija	promaksa.lt	1
serveriai.lt	kretingos.lt	1
Beyond.pl sp. z o.o.	OVH SAS	1
Zone Media OU	postikana.ee	1
serveriai.lt	eurodeo.lt	1
domenai.lt	civicclub.lt	1
domains.lt	8bites.lt	1
caberinformatica.com	webinaction.net	1
serveriai.lt	loot.lt	1
serveriai.lt	lotushome.lt	1
Telia Lietuva, AB	piksel.lt	1
CLOUDFLARENET	perffecto.lt	1
Hostinger International Limited	MICROSOFT-CORP-MSN-AS-BLOCK	3
Telia Lietuva, AB	hotairlines.lt	1
domenai.lt	unipak.lt	1
NUCDN	everydayplus.lt	1
serveriai.lt	chessvilna.lt	1
serveriai.lt	saltenis.lt	1
serveriai.lt	actiofarma.lt	1
ltmd.net	bnm.lt	1
serveriai.lt	joborder.lt	1
serveriai.lt	ai-sandbox.lt	1
domenai.lt	cte.lt	1
serveriai.lt	googgle.lt	1
GOOGLE	mjsauto.lt	1
lantech-server.se	pmnordic.lt	1
domenai.lt	bena.lt	1
home.pl	maczfit.lt	1
serveriai.lt	vamm.lt	1
domenai.lt	bo-bo.lt	1
CLOUDFLARENET	vilniussummit.lt	1
serveris.lt	auto4rent.lt	1
serveriai.lt	ehunt.lt	1
getspace.us	novi.lt	1
Telia Lietuva, AB	kermeta.lt	1
Telia Lietuva, AB	vipspazone.lt	1
domenai.lt	fitbox.lt	1
Telia Lietuva, AB	uni.lt	1
snekuciai.lt	snekuciai.lt	1
serveriai.lt	dukara.lt	1
serveriai.lt	imessage.lt	1
UAB Interneto vizija	piezo.lt	1
serveriai.lt	green-shop.lt	1
UAB Interneto vizija	medinova.lt	1
serveriai.lt	flaikatus.lt	1
serveriai.lt	jumper.lt	1
Telia Lietuva, AB	jokers.lt	1
data.lt	GOOGLE	2
serveriai.lt	administrator.lt	1
serveriai.lt	transmida.lt	1
Telia Lietuva, AB	angrypuppies.lt	1
UAB Interneto vizija	zam.lt	1
parkas.lt	westbolt.lt	1
CLOUDFLARENET	citora.lt	1
serveriai.lt	ausros.lt	1
serveriai.lt	11a.lt	1
serveriai.lt	lgeos.lt	1
Telia Lietuva, AB	labradors.lt	1
bacloud.com	wildchef.lt	1
UAB Interneto vizija	surge.lt	1
domains.lt	altcut.lt	1
serveriai.lt	ferrum.lt	1
serveriai.lt	ijc.lt	1
serveriai.lt	amed.lt	1
UAB Penki kontinentai	jump.lt	1
Key-Systems GmbH	aquarino.lt	1
bacloud.com	sorvella.lt	1
AMAZON-02	andrewchristian.lt	1
Sia Nano IT	moldvin.lt	1
UAB Penki kontinentai	4it.lt	1
ACTIVE 24, s.r.o.	optics-spot.lt	1
Telia Lietuva, AB	pine.lt	1
serveriai.lt	cukraine.lt	1
serveriai.lt	l2help.lt	1
serveris.lt	dotasa.lt	1
biuras.lt	biuras.lt	1
besparid.com	iranian.lt	1
bacloud.com	zrs.lt	1
serveriai.lt	alys.lt	1
domains.lt	elstava.lt	1
uniserve.de	uniserve.de	1
GOOGLE	aeschool.lt	1
serveriai.lt	lrk.lt	1
serveriai.lt	nordwork.lt	1
serveriai.lt	iminterior.lt	1
CLOUDFLARENET	spice.lt	1
serveriai.lt	digitalfarm.lt	1
CLOUDFLARENET	repairit.lt	1
serveriai.lt	photographic.lt	1
serveriai.lt	poilsio-namai.lt	1
CLOUDFLARENET	easymorning.lt	1
serveris.lt	algirdas.lt	1
Telia Lietuva, AB	tvari.lt	1
Telia Lietuva, AB	vsic.lt	1
serveriai.lt	neworld.lt	1
noc40.com	marathon.lt	1
getspace.us	pdm.lt	1
serveriai.lt	pashaauto.lt	1
getspace.us	gelpa.lt	1
serveriai.lt	foresto.lt	1
serveriai.lt	telnumeriai.lt	1
hostex.lt	pirkonline.lt	1
Telia Lietuva, AB	bc2000.lt	1
serveriai.lt	ict.lt	1
serveriai.lt	greenbloc.lt	1
domains.lt	valkirija.lt	1
Telia Lietuva, AB	baltauto.lt	1
Hetzner Online GmbH	skaitel.lt	1
UAB Interneto vizija	ardata.lt	1
PONYNET	NAMECRANE	4
serveriai.lt	euron.lt	1
GOOGLE	apdeco.lt	1
Telia Lietuva, AB	suntzu.lt	1
serveriai.lt	brig.lt	1
bacloud.com	emora.lt	1
CLOUDFLARENET	webmax.lt	1
serveriai.lt	whoshe.lt	1
home.pl	horecaparts.lt	1
CLOUDFLARENET	ve.lt	1
serveriai.lt	deadbrain.lt	1
serveriai.lt	reginta.lt	1
iok.net	toennies.de	1
AMAZON-02	ketana.lt	1
serveriai.lt	adarta.lt	1
serveriai.lt	balterma.lt	1
serveriai.lt	mataras.lt	1
Telia Lietuva, AB	deloittelegal.lt	1
AMAZON-02	Heinlein-Support GmbH	1
bacloud.com	akadas.lt	1
CLOUDFLARENET	c7.lt	1
maxcluster.net	maxcluster.net	1
domenai.lt	egpp.lt	1
serveriai.lt	ausines.lt	1
serveriai.lt	protecus.lt	1
CLOUDFLARENET	members.lt	1
CLOUDFLARENET	mhost.eu	1
CLOUDFLARENET	unikaklinika.lt	1
hostex.lt	tipro.lt	1
AMAZON-02	fulldip.lt	1
UAB Interneto vizija	profbeauty.lt	1
Telia Lietuva, AB	filcoten.lt	1
serveriai.lt	therabeauty.lt	1
hostex.lt	lipdukai.lt	1
Telia Lietuva, AB	ridus.lt	1
serveriai.lt	retrostyle.lt	1
serveriai.lt	nedzin.lt	1
Telia Lietuva, AB	eu.lt	1
serveriai.lt	vrauto.lt	1
serveriai.lt	simonamoro.lt	1
domains.lt	cm.lt	1
serveriai.lt	marios.lt	1
serveriai.lt	grauzinis.lt	1
CLOUDFLARENET	cloudauto.lt	1
AMAZON-02	lighthief.lt	1
serveriai.lt	forus.lt	1
serveriai.lt	foxlit.lt	1
serveriai.lt	zarasuose.lt	1
UAB Interneto vizija	cityconnect.lt	1
mwebdns.de	brax.lt	1
serveriai.lt	openbeach.lt	1
UAB Kauno interneto sistemos	fotopanorama.lt	1
serveriai.lt	toplink.lt	1
balt.net	vzb.lt	1
serveriai.lt	fausta.lt	1
serveriai.lt	interweb.lt	1
serveriai.lt	rastika.lt	1
Telia Lietuva, AB	land4x4.lt	1
CLOUDFLARENET	sotukai.lt	1
serveriai.lt	ekoinn.lt	1
serveriai.lt	retuta.lt	1
CLOUDFLARENET	choosescorts.lt	1
domenai.lt	sanitas.lt	1
bacloud.com	spatravel.lt	1
serveriai.lt	xtimer.lt	1
fastdirectadmin.com	livadis.lt	1
serveriai.lt	raganna.lt	1
Telia Lietuva, AB	pvholdings.lt	1
UAB Interneto vizija	itking.lt	1
domains.lt	setupas.lt	1
Telia Lietuva, AB	bonavita.lt	1
road-runner.net	rtisp.net	1
CLOUDFLARENET	gspc.lt	1
CLOUDFLARENET	stockdeals.lt	1
serveriai.lt	ethnicart.lt	1
serveriai.lt	businessprint.lt	1
CLOUDFLARENET	x7.lt	1
UAB Elneta	negotiator.lt	1
Sia Nano IT	e-silva.lt	1
SECURITYSERVICES	euromaster.lt	1
serveriai.lt	ecount.lt	1
CLOUDFLARENET	pekto.lt	1
serveriai.lt	censitor.lt	1
Cyso Group B.V.	kinzo.lt	1
jethosting.com	CLOUDFLARENET	1
serveriai.lt	salspa.lt	1
serveriai.lt	tepp.lt	1
serveriai.lt	vin.lt	1
hostex.lt	princese.lt	1
pnholding.com	Beget LLC	1
hostex.lt	chantier.lt	1
serveriai.lt	jec.lt	1
Telia Lietuva, AB	udecor.lt	1
serveriai.lt	riela.lt	1
serveriai.lt	atlantic-shop.lt	1
webland.se	MICROSOFT-CORP-MSN-AS-BLOCK	1
eik.lt	GOOGLE	1
serveriai.lt	meistriukai.lt	1
serveriai.lt	batanica.lt	1
bfp.cz	bfp.cz	1
Telia Lietuva, AB	nipponauto.lt	1
CLOUDFLARENET	dwm.lt	1
CLOUDFLARENET	efamily.lt	1
Kauno Technologijos Universitetas	psichoterapija.lt	1
serveriai.lt	doroteja.lt	1
Telia Lietuva, AB	tangoprint.lt	1
serveriai.lt	pasile.lt	1
serveriai.lt	litsoft.lt	1
GOOGLE	mmfoto.lt	1
AMAZON-02	fogiutte.lt	1
serveriai.lt	bivip.lt	1
ipcom GmbH	01net.lt	1
serveriai.lt	capitalholdings.lt	1
serveriai.lt	imalda.lt	1
serveriai.lt	moskito.lt	1
Telia Lietuva, AB	fortesta.lt	1
domainers.de	wineager.lt	1
serveriai.lt	nakana.lt	1
Telia Lietuva, AB	livingtomorrow.lt	1
serveriai.lt	desota.lt	1
serveriai.lt	saules.lt	1
serveriai.lt	beauty-sp.lt	1
Telia Lietuva, AB	pvgrupe.lt	1
NUCDN	landesk.lt	1
Telia Lietuva, AB	intershop.lt	1
serveriai.lt	hrgroup.lt	1
serveriai.lt	auctionhub.lt	1
domenai.lt	devas.lt	1
Telia Lietuva, AB	vkz.lt	1
Telia Lietuva, AB	galimard.lt	1
serveriai.lt	vask.lt	1
serveriai.lt	apcasting.lt	1
Telia Lietuva, AB	televizoriai.lt	1
awsdns-12.net	ZOHO-AS	1
UAB Interneto vizija	starlab.lt	1
serveriai.lt	loftas.lt	1
UAB Interneto vizija	malgozata.lt	1
Telia Lietuva, AB	picnic.lt	1
serveriai.lt	numi.lt	1
serveriai.lt	checkoutinnovationfactory.lt	1
serveriai.lt	asteroid.lt	1
n0c.com	lemuro.lt	1
serveriai.lt	meiven.lt	1
serveriai.lt	webjeweler.lt	1
bacloud.com	aireda.lt	1
serveriai.lt	gkg.lt	1
serveris.lt	ericsoft.lt	1
serveriai.lt	arenta.lt	1
serveriai.lt	shesready.lt	1
fornex.com	dfbmetodika.lt	1
AMAZON-02	oscar.lt	1
serveriai.lt	ekoamzius.lt	1
CLOUDFLARENET	solargrid.lt	1
parkas.lt	generama.lt	1
master.cz	aensocarcare.lt	1
server-cpanel.com	winecu.lt	1
serveriai.lt	supink.lt	1
CLOUDFLARENET	badgecraft.lt	1
getspace.us	indugo.lt	1
serveriai.lt	dlabs.lt	1
serveriai.lt	imotec.lt	1
CLOUDFLARENET	plungesbaldai.lt	1
serveriai.lt	elso.lt	1
serveriai.lt	ozera.lt	1
bacloud.com	elitenexus.lt	1
serveriai.lt	safety.lt	1
home.pl	o0.lt	1
Telia Lietuva, AB	astunga.lt	1
serveriai.lt	didiejizaidimai.lt	1
serveriai.lt	canabis.lt	1
Hetzner Online GmbH	oilio.lt	1
bacloud.com	medshop.lt	1
oval.it	MICROSOFT-CORP-MSN-AS-BLOCK	1
serveriai.lt	lasyte.lt	1
CLOUDFLARENET	vtt.lt	1
Telia Lietuva, AB	yes.lt	1
serveriai.lt	wrapfreaks.lt	1
edata.lt	orima.lt	1
awsdns-12.net	rolando.lt	1
serveriai.lt	umarai.lt	1
serveriai.lt	photo.lt	1
serveriai.lt	sab.lt	1
Telia Lietuva, AB	pointmedia.lt	1
domenai.lt	pajuriopastas.lt	1
Uab Servera	dailininkas.lt	1
Telia Lietuva, AB	rubus.lt	1
bacloud.com	smsvb.lt	1
serveriai.lt	kompiuterinessistemos.lt	1
serveriai.lt	grazinagum.lt	1
serveriai.lt	mazakaina.lt	1
Telia Lietuva, AB	indigomoon.lt	1
UAB Interneto vizija	aguona.lt	1
serveriai.lt	web4.lt	1
bacloud.com	clearglassauto.lt	1
ignum.eu	Webglobe, s.r.o.	1
serveriai.lt	iti.lt	1
Telia Lietuva, AB	motoroleris.lt	1
trivenet.it	trivenet.it	2
serveriai.lt	avidus.lt	1
Telia Lietuva, AB	creditgroup.lt	1
serveriai.lt	laderma.lt	1
serveriai.lt	autotema.lt	1
CLOUDFLARENET	ket.lt	1
CLOUDFLARENET	vestuviuvedejas.lt	1
Telia Lietuva, AB	armole.lt	1
Telia Lietuva, AB	honeyland.lt	1
bacloud.com	departus.lt	1
Telia Lietuva, AB	catgroup.lt	1
Telia Lietuva, AB	antakalniotrio.lt	1
NUCDN	dsquared2.lt	1
serveriai.lt	ecomodus.lt	1
UAB Interneto vizija	pravda.lt	1
serveriai.lt	cadworks.lt	1
ipcom GmbH	calzedonia.com	3
serveriai.lt	siti.lt	1
UAB Interneto vizija	rentev.lt	1
serveriai.lt	brandus.lt	1
hostex.lt	saphirahair.lt	1
domenai.lt	gppstages.lt	1
Telia Lietuva, AB	artaveniu.lt	1
domenai.lt	fimasales.lt	1
infocentras.com	GOOGLE	3
getspace.us	artboutique.lt	1
domenai.lt	binfo.lt	1
UAB Interneto vizija	kmku.lt	1
CLOUDFLARENET	24trustbank.lt	1
ifastnet.com	macstudio.lt	1
hostex.lt	peles.lt	1
serveriai.lt	leapmotion.lt	1
CLOUDFLARENET	smtp.goog	1
serveriai.lt	plastake.lt	1
serveriai.lt	elcaholding.lt	1
alfahosting.info	dogado GmbH	2
bacloud.com	creston.lt	1
UAB Interneto vizija	selonija.lt	1
UAB Interneto vizija	statorama.lt	1
Telia Lietuva, AB	homosapiens.lt	1
serveriai.lt	pirtis.lt	1
serveriai.lt	fragmentai.lt	1
UAB Interneto vizija	fmcgimport.lt	1
serveriai.lt	jonasjuknius.lt	1
serveriai.lt	haveit.lt	1
Telia Lietuva, AB	dagris.lt	1
serveriai.lt	forestlt.lt	1
Vautron Rechenzentrum AG	fit711.lt	1
Telia Lietuva, AB	happy-interior.lt	1
serveriai.lt	elix.lt	1
bacloud.com	autospa.lt	1
serveriai.lt	igtrans.lt	1
domains.lt	bct.lt	1
serveriai.lt	baldai123.lt	1
Informacines sistemos ir technologijos, UAB	holistika.lt	1
UAB Elneta	collagentripeptide.lt	1
Hetzner Online GmbH	kumpis.lt	1
CLOUDFLARENET	vsd.lt	1
Host Europe GmbH	lorita.lt	1
serveriai.lt	biofarma.lt	1
Hetzner Online GmbH	bitide.lt	1
Hetzner Online GmbH	tip.lt	1
serveriai.lt	1010media.lt	1
serveriai.lt	refoto.lt	1
serveriai.lt	autoprof.lt	1
serveriai.lt	universta.lt	1
UAB Penki kontinentai	webtax.lt	1
serveriai.lt	luksuria.lt	1
bacloud.com	kitava.lt	1
hostex.lt	balticequity.lt	1
bacloud.com	pf.lt	1
CLOUDFLARENET	phoenixgroup.eu	1
domain.com	jbo.lt	1
Telia Lietuva, AB	eng.lt	1
serveriai.lt	blitzcreative.lt	1
eshoprent.com	sitdown.lt	1
serveriai.lt	atmg.lt	1
Telia Lietuva, AB	menesis.lt	1
serveriai.lt	euroshop.lt	1
eshoprent.com	trypart.lt	1
dnsdata.be	123webshop.lt	1
CLOUDFLARENET	skyggnir.is	1
UAB Interneto vizija	sskc.lt	1
serveriai.lt	timesta.lt	1
Telia Lietuva, AB	thebook.lt	1
UAB Interneto vizija	windturbineservice.lt	1
Scaleway S.a.s.	musicassociation.lt	1
CLOUDFLARENET	meds.lt	1
hostex.lt	dynamics.lt	1
CLOUDFLARENET	benas.io	6
serveriai.lt	liceum.lt	1
serveriai.lt	refta.lt	1
UAB Interneto vizija	dpfservice.lt	1
serveriai.lt	elementas.lt	1
Telia Lietuva, AB	logina.lt	1
CLOUDFLARENET	pasto.lt	1
hostex.lt	vidreka.lt	1
Telia Lietuva, AB	evamili.lt	1
serveriai.lt	tolmets.lt	1
serveriai.lt	kagg.lt	1
serveriai.lt	plastikiniai-langai.lt	1
hostex.lt	liedra.lt	1
getspace.us	cgtalk.lt	1
serveriai.lt	englishclub.lt	1
serveriai.lt	jumira.lt	1
broadspeed.de	MICROSOFT-CORP-MSN-AS-BLOCK	1
hostex.lt	soundtrack.lt	1
serveriai.lt	tyvek.lt	1
Telia Lietuva, AB	waldis.lt	1
serveriai.lt	7d.lt	1
serveriai.lt	sushiexpress.lt	1
serveriai.lt	smilebar.lt	1
serveriai.lt	modrus.lt	1
Telia Lietuva, AB	karklai.lt	1
serveriai.lt	adana.lt	1
Telia Lietuva, AB	wdp.lt	1
serveriai.lt	kokoboutique.lt	1
Akamai International B.V.	4fstore.lt	1
Telia Lietuva, AB	ktg.lt	1
serveriai.lt	schroeter.lt	1
serveriai.lt	lszf.lt	1
serveriai.lt	safetyculture.lt	1
Informacines sistemos ir technologijos, UAB	klinker-shop.lt	1
bacloud.com	stylem.lt	1
ANEXIA Internetdienstleistungs GmbH	asphair.lt	1
serveriai.lt	veniai.lt	1
hostex.lt	lawsuit.lt	1
CLOUDFLARENET	dey.lt	1
Uab Servera	tinted.lt	1
serveriai.lt	harmonyspa.lt	1
serveriai.lt	irina.lt	1
dnsdomene.net	rytasventures.lt	1
serveriai.lt	prefab.lt	1
AMAZON-02	jh-group.net	1
Telia Lietuva, AB	regata.lt	1
serveriai.lt	grikis.lt	1
serveriai.lt	photocraft.lt	1
UAB Interneto vizija	razgaitis.lt	1
serveriai.lt	patyriminepsichoterapija.lt	1
serveriai.lt	protorus.lt	1
serveriai.lt	unixacademy.lt	1
serveriai.lt	artimus.lt	1
Telia Lietuva, AB	bitinas.lt	1
balt.net	davincisurgery.lt	1
UAB Interneto vizija	herbertus.lt	1
serveriai.lt	kravmaga.lt	1
Telia Lietuva, AB	marimex.lt	1
serveriai.lt	sekmes.lt	1
bixce.com	bixce.com	2
Telia Lietuva, AB	nanotekas.lt	1
UAB Bite Lietuva	eurocc.lt	1
serveriai.lt	amberbymazukna.com	1
serveriai.lt	biteris.lt	1
CLOUDFLARENET	marialine.lt	1
serveriai.lt	biatlon.lt	1
serveriai.lt	moti.lt	1
UNIFIEDLAYER-AS-1	fimsengines.lt	1
serveriai.lt	websystems.lt	1
serveriai.lt	bezon.lt	1
serveriai.lt	ho.lt	1
hostnet.lv	bbforum.lt	1
UAB Bite Lietuva	mktranslations.lt	1
getspace.us	gtbtrade.lt	1
Telia Lietuva, AB	apexlegal.lt	1
hostingspace24.online	nonstandard.lt	1
Telia Lietuva, AB	stopcoronavirus.lt	1
UAB Interneto vizija	pkon.lt	1
serveriai.lt	anvasta.lt	1
hostex.lt	radwag.lt	1
serveriai.lt	interresta.lt	1
UAB Bite Lietuva	klintas.lt	1
bacloud.com	garinam.lt	1
UAB Interneto vizija	teacher.lt	1
Telia Lietuva, AB	idt.lt	1
Telia Lietuva, AB	lombas.lt	1
bacloud.com	nordiccab.lt	1
UAB Interneto vizija	fest.lt	1
CLOUDFLARENET	87.84	1
UAB Interneto vizija	mindeka.lt	1
CLOUDFLARENET	italianbags.lt	1
serveriai.lt	rentweld.lt	1
UAB Bite Lietuva	janfoto.lt	1
OVH SAS	innocredit.lt	1
first-ns.de	ellemental.lt	1
serveriai.lt	veratika.lt	1
serveriai.lt	keramikaak.lt	1
tendo.lt	ntt.lt	1
UAB Bite Lietuva	company-express.lt	1
fornex.com	7z.lt	1
domenai.lt	UAB Baltnetos komunikacijos	1
fastnet.it	fastnet.it	3
CLOUDFLARENET	freshpath.lt	1
dnsexit.com	Datacamp Limited	1
serveriai.lt	rinas.lt	1
serveriai.lt	gamis.lt	1
Telia Lietuva, AB	surffarm.lt	1
UAB Interneto vizija	multimedija.lt	1
serveriai.lt	pasaga.lt	1
AMAZON-02	unisport.lt	1
getspace.us	betakids.lt	1
serveriai.lt	metalconstructions.lt	1
domenai.lt	spukas.lt	1
serveriai.lt	sysdin.lt	1
domains.lt	laisvaskodas.lt	1
areait.lv	areait.lv	1
serveriai.lt	artu.lt	1
CLOUDFLARENET	6minutes.lt	1
CLOUDFLARENET	klaviaturos.lt	1
NUCDN	duvakhosting.nl	1
Telia Lietuva, AB	smic.lt	1
CLOUDFLARENET	top-game.lt	1
Hetzner Online GmbH	metisbaltic.lt	1
serveriai.lt	magnets.lt	1
domains.lt	ravisana.lt	2
awsdns-04.com	scott-sports.lt	1
getspace.us	otakus.lt	1
Telia Lietuva, AB	lingo.lt	1
serveriai.lt	dec.lt	1
CLOUDFLARENET	termovision.lt	1
AMAZON-02	capricare.lt	1
netim.net	RACKSPACE	1
bacloud.com	transama.lt	1
serveriai.lt	pakanda.lt	1
serveriai.lt	abchost.lt	1
serveriai.lt	primaline.lt	1
serveriai.lt	manostilius.lt	1
serveriai.lt	aim.lt	1
serveriai.lt	joki.lt	1
serveriai.lt	vivacy.lt	1
serveriai.lt	opina.lt	1
CLOUDFLARENET	lits.lt	1
serveriai.lt	faenero.lt	1
res.lt	citycom.lt	1
serveriai.lt	chest.lt	1
lemarit.de	turck-globe.de	1
serveriai.lt	slanina.lt	1
Telia Lietuva, AB	garbaris.lt	1
Telia Lietuva, AB	aivia.lt	1
dualnode.com	Institute of Mathematics and Computer Science of University of Latvia	1
areait.lv	brigg.lt	1
serveriai.lt	elestika.lt	1
serveriai.lt	kemax.lt	1
domenai.lt	noworries.lt	1
serveriai.lt	hexagonas.lt	1
serveriai.lt	autotransa.lt	1
bst.lt	ren.lt	1
Telia Lietuva, AB	daritech.lt	1
UAB Interneto vizija	ridev.lt	1
serveriai.lt	greenerp.lt	1
serveriai.lt	dagaz.lt	1
serveriai.lt	imexcom.lt	1
serveriai.lt	profilplius.lt	1
serveriai.lt	krikscionys.lt	1
MICROSOFT-CORP-MSN-AS-BLOCK	payray.bank	2
Sia Nano IT	soft99.lt	1
CLOUDFLARENET	sinnersrp.lt	1
ipcom GmbH	oui-sncf.lt	1
CLOUDFLARENET	pradis.lt	1
Telia Lietuva, AB	brotherspower.lt	1
serveriai.lt	auroratrading.lt	2
hostex.lt	lounge.lt	1
serveriai.lt	vaikudrabuziai.lt	1
hostex.lt	juris.lt	1
serveriai.lt	kiaauto.lt	1
Zone Media OU	post.ee	1
GANDI SAS	mail-connect.net	1
serveriai.lt	infomed.lt	1
CASABLANCA INT a.s.	afnan.lt	1
newwebsite.lt	MICROSOFT-CORP-MSN-AS-BLOCK	1
serveriai.lt	kalorijos.lt	1
ipcom GmbH	viia.lt	1
UAB Proservis	bit0.lt	1
serveriai.lt	gajoma.lt	1
domenai.lt	ejimas.lt	1
hostex.lt	sga.lt	1
bacloud.com	pmkonstrukcijos.lt	1
CLOUDFLARENET	vilamare.lt	1
bacloud.com	barkauskas.lt	1
sendersnews.lt	lamani.lt	1
UAB Interneto vizija	pages.lt	1
Telia Lietuva, AB	fonogra.lt	1
hostex.lt	szmf.lt	1
CLOUDFLARENET	lmc.lt	1
serveriai.lt	kelvis.lt	1
CLOUDFLARENET	imas.lt	1
serveriai.lt	ramadasa.lt	1
Cloud DNS Ltd	naturallashes.be	1
Telia Lietuva, AB	bauza.lt	1
serveriai.lt	pakorama.lt	1
serveriai.lt	bastionas.lt	1
serveriai.lt	4hw.lt	1
serveriai.lt	slider.lt	1
serveriai.lt	ldva.lt	1
serveriai.lt	karera.lt	1
serveriai.lt	wsgroup.lt	1
serveriai.lt	datatech.lt	1
serveriai.lt	kjv.lt	1
Telia Lietuva, AB	dalmex.lt	1
AMAZON-02	milar.lt	1
bacloud.com	getvless.lt	1
serveris.lt	juodkalnija.lt	1
Telia Lietuva, AB	charon.lt	1
CLOUDFLARENET	NForce Entertainment B.V.	2
serveriai.lt	girida.lt	1
serveriai.lt	flat.lt	1
serveriai.lt	vaikupsichologas.lt	1
mediacomm.it	mediacomm.it	1
domenai.lt	boomogi.lt	1
AUTOMATTIC	ZOHO Corporation B.V	1
serveriai.lt	justinas.lt	1
serveriai.lt	inquisitor.lt	1
Sia Nano IT	susi.lt	1
UAB Interneto vizija	sbac.lt	1
mafra.cz	mafra.cz	1
Telia Lietuva, AB	growsummit.lt	1
serveriai.lt	nevark.lt	1
Hetzner Online GmbH	wiseteam.eu	2
CLOUDFLARENET	nagams.lt	1
hostex.lt	megastore.lt	1
Kauno Technologijos Universitetas	noway.lt	1
UAB Baltnetos komunikacijos	lodesign.lt	1
domenai.lt	littlekitchen.lt	1
serveriai.lt	pyramis.lt	1
serveriai.lt	good-price.lt	1
serveriai.lt	interplus.lt	1
silale.lv	eskom.lv	1
hostex.lt	takada.lt	1
serveriai.lt	mikroeta.lt	1
ltmd.net	vfoto.lt	1
Telia Lietuva, AB	patarimupasaulis.lt	1
interna.me	hum-mus.lt	1
serveriai.lt	lonsta.lt	1
Telia Lietuva, AB	magicmirrors.lt	1
serveriai.lt	checkpoint.lt	1
home.pl	onedaymore.lt	1
Telia Lietuva, AB	rokma.lt	1
serveriai.lt	itree.lt	1
serveriai.lt	topcolor.lt	1
serveriai.lt	fondiu.lt	1
NUCDN	jeremias.de	1
domains.lt	OVH SAS	1
serveriai.lt	pcin.lt	1
serveriai.lt	sade.lt	1
SECURITYSERVICES	dtag.de	1
arwico.net	arwico.net	2
magit.lt	sefasmykolas.lt	1
serveriai.lt	rateus.lt	1
ingoharbeck.de	ingoharbeck.de	1
spaceship.net	spacemail.com	1
serveris.lt	gpsline.lt	1
serveriai.lt	perse.lt	1
nameshield.net	pixmee.lt	1
serveriai.lt	smartwatch.lt	1
nonamehosts.com	kadeira.lt	1
serveriai.lt	papermedia.lt	1
is4u.cz	is4u.cz	3
hostex.lt	soccer.lt	1
serveriai.lt	fitclub.lt	1
serveris.lt	my-phone.lt	1
GOOGLE	Institute of Mathematics and Computer Science of University of Latvia	1
hostex.lt	tvfix.lt	1
serveriai.lt	patikra.lt	1
ltmd.net	azweb.lt	1
Telia Lietuva, AB	sos-it.lt	1
serveriai.lt	omaps.lt	1
serveriai.lt	rcg.lt	1
Telia Lietuva, AB	maxell.lt	1
Telia Lietuva, AB	roto.lt	1
BUNNYWAY, informacijske storitve d.o.o.	Fastmail Pty Ltd	1
serveriai.lt	krypto.lt	1
UAB Interneto vizija	kokashop.lt	1
serveriai.lt	tavogidas.lt	1
SECURITYSERVICES	Forcepoint Cloud Ltd	1
UAB Interneto vizija	pietinis.lt	1
AMAZON-02	onetwotrip.lt	1
Hetzner Online GmbH	visoda.lt	1
serveriai.lt	electude.lt	1
serveriai.lt	arkada.lt	1
serveriai.lt	moterysmoterims.lt	1
serveriai.lt	primeconcert.lt	1
serveriai.lt	auradrops.lt	1
UAB Interneto vizija	seagull.lt	1
UAB Proservis	vilterra.lt	1
serveris.lt	straigis.lt	1
Telia Lietuva, AB	printeasy.lt	1
managed-ip.com	colours-of-the-world.lt	1
CLOUDFLARENET	ogo.lt	1
serveriai.lt	indrea.lt	1
serveriai.lt	yourdream.lt	1
UAB Interneto vizija	graymode.lt	1
hostex.lt	dvdental.lt	1
balticum.lt	vmail.lt	1
serveriai.lt	sandwichpanel.lt	1
serveriai.lt	nparts.lt	1
domains.lt	merstoja.lt	1
serveriai.lt	matematika.lt	1
serveriai.lt	ecocredit.lt	1
CLOUDFLARENET	stateks.lt	1
getspace.us	kminteriors.lt	1
bacloud.com	hidroshop.lt	1
CLOUDFLARENET	atarai.lt	1
serveriai.lt	alpf.lt	1
serveriai.lt	trip.lt	1
datenchef.net	eurovital.lt	1
serveriai.lt	electrica.lt	1
UAB Interneto vizija	brisius.lt	1
serveriai.lt	nextjs.lt	1
serveriai.lt	bodendorf.lt	1
bacloud.com	silkografija.lt	1
CLOUDFLARENET	asaja.lt	1
domains.lt	disineda.lt	1
CLOUDFLARENET	limits.lt	1
net.pl	triplea.lt	1
serveriai.lt	evaris.lt	1
hostex.lt	chairs.lt	1
serveriai.lt	medpark.lt	1
serveriai.lt	cloudservice.lt	1
serveriai.lt	autoad.lt	1
serveriai.lt	alterna.lt	1
DNA Oyj	wurth.fi	2
serveriai.lt	alrasina.lt	1
SECURITYSERVICES	mucix.net	1
vgtu.lt	e-studies.lt	1
serveriai.lt	satz.lt	1
serveriai.lt	rva.lt	1
serveriai.lt	mamile.lt	1
serveriai.lt	gator.lt	1
domains.lt	taisau.lt	1
serveriai.lt	strikehouse.lt	1
serveriai.lt	balticpharma.lt	1
serveriai.lt	lnail.lt	1
serveriai.lt	euwebhoster.com	1
hostex.lt	accounting.lt	1
domains.lt	cheese.lt	1
Key-Systems GmbH	brillux.de	1
serveriai.lt	renewables.lt	1
serveriai.lt	samus.lt	1
serveriai.lt	kadastriniai-matavimai.lt	1
AMAZON-02	koronapay.lt	1
bacloud.com	auctoritas.lt	1
parkas.lt	kubrik.lt	1
awsdns-03.org	Zone Media OU	1
Ledl.net GmbH	screenroom.lt	1
home.pl	tm4.lt	1
quicns.cloud	UAB Bartus pro	1
serveriai.lt	opiumas.lt	1
serveriai.lt	legist.lt	1
hostex.lt	epalete.lt	1
CLOUDFLARENET	getrate.lt	1
serveriai.lt	mkstrade.lt	1
serveriai.lt	maddam.lt	1
serveriai.lt	dilada.lt	1
CLOUDFLARENET	meduna.lt	1
eshoprent.com	jurciukonis.lt	1
domains.lt	audiomastering.lt	1
serveriai.lt	relaxonline.lt	1
UAB Interneto vizija	sbv.lt	1
getspace.us	zajc.lt	1
serveriai.lt	gratis.lt	1
Telia Lietuva, AB	afund.lt	1
rro.de	bettogo.lt	1
managed-ip.com	pageone.lt	1
serveriai.lt	park24.lt	1
serveriai.lt	aboutme.lt	1
prolan.lt	meg.lt	1
MICROSOFT-CORP-MSN-AS-BLOCK	AMAZON-02	1
serveriai.lt	papildaipigiau.lt	1
UAB Interneto vizija	contech.lt	1
serveriai.lt	ljp.lt	1
serveriai.lt	amparo.lt	1
serveriai.lt	audonis.lt	1
serveriai.lt	ikiwi.lt	1
is.nl	ladress.lt	1
serveriai.lt	circa.lt	1
CLOUDFLARENET	Hosting Ukraine LTD	1
serveriai.lt	gtaworld.lt	1
serveriai.lt	eurocoin.lt	1
serveriai.lt	budrys.lt	1
CLOUDFLARENET	danilovo.lt	1
serveriai.lt	grindaura.lt	1
Telia Lietuva, AB	yogaguru.lt	1
serveriai.lt	yula.lt	1
hostex.lt	patents.lt	1
serveriai.lt	aimx.lt	1
magit.lt	thomas.lt	1
unihost.cz	unihost.cz	1
netim.net	iphmx.com	1
CLOUDFLARENET	transgear.lt	1
serveriai.lt	uxd.lt	1
serveriai.lt	strongpoint.lt	1
hostex.lt	reksta.lt	1
CLOUDFLARENET	orangepartners.lt	1
UAB Baltnetos komunikacijos	volskis.lt	1
CLOUDFLARENET	vellodoro.lt	1
UAB Interneto vizija	vitaminj.lt	1
UAB Interneto vizija	bd.lt	1
serveriai.lt	medise.lt	1
serveriai.lt	digitalharmony.lt	1
serveriai.lt	spila.lt	1
CLOUDFLARENET	p8.lt	1
serveriai.lt	ivito.lt	1
CLOUDFLARENET	amazone.de	1
balt.net	jonelis.lt	1
serveriai.lt	rampa.lt	1
serveriai.lt	patiekalai.lt	1
serveriai.lt	betonopoliravimas.lt	1
serveriai.lt	pasala.lt	1
speedydns.net	cska.lt	1
Telia Lietuva, AB	hausera.lt	1
CLOUDFLARENET	4i.lt	1
domains.lt	uzupis.lt	1
serveriai.lt	arnata.lt	1
CLOUDFLARENET	kabis.lt	1
serveriai.lt	ievaogunart.lt	1
serveriai.lt	livinprojects.lt	1
serveriai.lt	balticprintinghouse.lt	1
serveriai.lt	vwp.lt	1
Sia Nano IT	maars.lt	1
Host Europe GmbH	webtau.lt	1
serveriai.lt	stork.lt	1
managed-ip.com	mafell.lt	1
Telia Lietuva, AB	imagegroup.lt	1
Infocom Uk Ltd	acaladrink.lt	1
domains.lt	pierrecardincosmetic.lt	1
serveriai.lt	digitaltouch.lt	1
CLOUDFLARENET	darksiderp.lt	1
Telia Lietuva, AB	dpak.lt	1
CLOUDFLARENET	dekado.lt	1
GANDI SAS	APPLE-ENGINEERING	3
serveriai.lt	ddsdesign.lt	1
serveriai.lt	kirocommerce.lt	1
serveriai.lt	lata.lt	1
serveriai.lt	secondsoul.lt	1
hostex.lt	padelzone.lt	1
Telia Finland Oyj	hostingservice.fi	1
checkdomain.de	heycar.lt	1
serveriai.lt	mysms.lt	1
Telia Lietuva, AB	deafcenter.lt	1
Telia Lietuva, AB	restum.lt	1
serveriai.lt	capitalcommercial.lt	1
AMAZON-02	feishu.cn	1
serveris.lt	myphone.lt	1
serveriai.lt	naila.lt	1
serveriai.lt	promoguy.lt	1
CLOUDFLARENET	antanasguoga.lt	1
serveriai.lt	evderma.lt	1
AMAZON-02	ironcad.lt	1
NUCDN	sistemairgroup.it	1
UAB Bite Lietuva	kapciamiestis.lt	1
serveriai.lt	padarom.lt	1
serveriai.lt	traveland.lt	1
serveriai.lt	lumivy.lt	1
checkdomain.de	aosom.lt	1
UAB Penki kontinentai	tir.lt	1
serveris.lt	ledone.lt	1
serveriai.lt	coinauto.lt	1
eshoprent.com	x6.lt	1
serveriai.lt	yogi-yogi.lt	1
serveriai.lt	remis.lt	1
UAB Interneto vizija	trp.lt	1
Telia Lietuva, AB	oli.lt	1
aspirationhosting.com	watchtv.lt	1
ism.lt	MICROSOFT-CORP-MSN-AS-BLOCK	1
AMAZON-02	toyotires.lt	1
awsdns-22.com	MICROSOFT-CORP-MSN-AS-BLOCK	1
domenai.lt	krausta.lt	1
UAB Interneto vizija	tag.lt	1
domenai.lt	roboket.lt	1
serveriai.lt	lpsk.lt	1
serveriai.lt	taijichen.lt	1
serveriai.lt	smartechas.lt	1
leonet.it	leonet.it	1
MICROSOFT-CORP-MSN-AS-BLOCK	arensia-em.com	1
serveriai.lt	capitalrealty.lt	1
serveriai.lt	automate.lt	1
Telia Lietuva, AB	zonada.lt	1
serveriai.lt	mountfield.lt	1
hpd.lt	GOOGLE	1
serveriai.lt	immobilita.lt	1
domenai.lt	kaunoklinikos.lt	1
Penkiu kontinentu komunikaciju centras, Ltd.	Telia Lietuva, AB	1
hyp.net	GOOGLE	1
balt.net	cardioace.lt	1
serveriai.lt	gr-logistic.lt	1
UAB Elneta	cinemark.lt	1
UAB Interneto vizija	about.lt	1
serveriai.lt	lazy.lt	1
CLOUDFLARENET	cdkeyprices.lt	1
Uab Servera	linden.lt	1
Telia Lietuva, AB	balticum-tv.lt	1
bacloud.com	wabi-sabi.lt	1
serveriai.lt	ai-translations.lt	1
serveriai.lt	coloryourlife.lt	1
gemius.pl	gemius.com	1
domenai.lt	nervai.lt	1
UAB Elneta	artis.lt	1
domenai.lt	boxing.lt	1
ANEXIA Internetdienstleistungs GmbH	UAB Interneto vizija	1
e-centras.lt	versloforumas.lt	1
awsdns-00.com	GOOGLE	1
ezstreetco.com	ezstreet.lt	1
serveriai.lt	forads.lt	1
serveriai.lt	astma.lt	1
domenai.lt	cpv.lt	1
serveriai.lt	ausne.lt	1
CLOUDFLARENET	caloriesens.lt	1
serveriai.lt	jazzdance.lt	1
serveriai.lt	royaltower.lt	1
ORACLE-BMC-31898	pokito.lt	1
serveriai.lt	preventus.lt	1
serveriai.lt	nordkraft.lt	1
serveriai.lt	baltvia.lt	1
xado.com	mottec.lt	1
Kauno Technologijos Universitetas	sugardas.lt	1
serveriai.lt	geo9.lt	1
CLOUDFLARENET	sxs.lt	1
CLOUDFLARENET	kets.lt	1
register-it.net	martinbraun.lt	1
hostex.lt	leaseuropcar.lt	1
serveriai.lt	clavin.lt	1
serveriai.lt	oldmoto.lt	1
CLOUDFLARENET	bekker.pw	1
serveriai.lt	marrymebyribas.lt	1
Telia Lietuva, AB	ilt.lt	1
serveriai.lt	opa.lt	1
home.pl	groundengineering.lt	1
serveriai.lt	k-beauty.lt	1
serveriai.lt	ieuropa.lt	1
serveriai.lt	coralit.lt	1
ezoicns.com	UAB Interneto vizija	1
serveriai.lt	learnsharp.io	1
serveriai.lt	rws.lt	2
serveriai.lt	hipika.lt	1
serveriai.lt	gitakondrotaite.lt	1
serveriai.lt	latlit.lt	1
serveriai.lt	fenoq.lt	1
UAB Interneto vizija	ferada.lt	1
CLOUDFLARENET	redhotchilipeppers.lt	1
GOOGLE	balticlaw.lt	1
serveriai.lt	prestige.lt	1
Telia Lietuva, AB	reginahouse.lt	1
domains.lt	aibe.lt	1
serveriai.lt	kompservis.lt	1
serveriai.lt	seenmag.lt	1
serveriai.lt	rgki.lt	1
SECURITYSERVICES	seb.se	1
serveriai.lt	cbd-oil.lt	1
UAB Interneto vizija	swipe.lt	1
CLOUDFLARENET	rotada.lt	1
Telia Lietuva, AB	aliejus.lt	1
serveriai.lt	logobalt.lt	1
cream.nl	beautyplaza.lt	1
Telia Lietuva, AB	vazz.lt	1
Telia Lietuva, AB	gilera.lt	1
CLOUDFLARENET	UAB Rakrejus	3
owexhxosting.com	ecoreklama.lt	1
AMAZON-02	gmcollin.lt	1
serveriai.lt	homepro.lt	1
edata.lt	dizainogalerija.lt	1
UAB Interneto vizija	ramune.lt	1
Telia Lietuva, AB	klenz.lt	1
serveriai.lt	globaltec.lt	1
linqhost.eu	instechnl.lt	1
CLOUDFLARENET	softex.lt	1
UAB Proservis	mokam.lt	1
serveriai.lt	macintosh.lt	1
edata.lt	mdlcoins.lt	1
UAB Interneto vizija	skywalk.lt	1
domains.lt	lslaw.lt	1
serveriai.lt	lazeriniscentras.lt	1
Telia Lietuva, AB	helona.lt	1
serveriai.lt	spgrupe.lt	1
bacloud.com	tomos.lt	1
serveriai.lt	cs16.lt	1
domains.lt	sks.lt	2
UAB Interneto vizija	barta.lt	1
nashaldus.ee	metromatic.lt	1
CLOUDFLARENET	24trust-bank.lt	1
serveriai.lt	vpvc.lt	1
ltmd.net	osteo.lt	1
serveriai.lt	gkphotography.lt	1
serveriai.lt	msresort.lt	1
Telia Lietuva, AB	woodpellets.lt	1
Telia Lietuva, AB	filaretaihostel.lt	1
serveriai.lt	satrija.lt	1
UAB Interneto vizija	enven.lt	1
UAB Interneto vizija	nootropic.lt	1
serveriai.lt	blinker.lt	1
Telia Lietuva, AB	ranga.lt	1
Sia Nano IT	2323.lt	1
awsdns-24.com	GOOGLE	1
Hetzner Online GmbH	amberit.lt	1
nameshield.net	vioo.lt	1
Nazwa.pl Sp.z.o.o.	sevra.lt	1
Telia Lietuva, AB	onlinecars.lt	1
Sia Nano IT	magnerot.lt	1
serveriai.lt	artwin.lt	1
Sia Nano IT	merrild.lt	1
hesburger.fi	MICROSOFT-CORP-MSN-AS-BLOCK	1
serveriai.lt	kavo.lt	1
serveriai.lt	kreiner.lt	1
serveriai.lt	lspp.lt	1
serveriai.lt	pro-tech.lt	1
serveriai.lt	finansucentras.lt	1
serveriai.lt	emigration.lt	1
CLOUDFLARENET	playmix.lt	1
Telia Lietuva, AB	artima.lt	1
bacloud.com	itstyle.lt	1
serveriai.lt	vh-tech.lt	1
infocentras.com	4spy.lt	1
UAB Interneto vizija	voxcivis.lt	1
euroimmun.de	ei-access.com	3
Telia Lietuva, AB	atlog.lt	1
serveriai.lt	alyga.lt	1
domenai.lt	dainiukas.lt	1
CLOUDFLARENET	caffeine.lt	1
data.lt	crm.lt	1
serveriai.lt	grappling.lt	1
AMAZON-02	clinskin.lt	1
domenai.lt	kojines.lt	1
raiolanetworks.es	autoworld.lt	1
Telia Lietuva, AB	eranga.lt	1
domenai.lt	briuselis.lt	1
Telia Lietuva, AB	kernius.lt	1
roventa.lt	roventa.lt	1
markmonitor.com	asbestas.lt	1
serveriai.lt	famisano.lt	1
serveriai.lt	f0.lt	1
serveriai.lt	elen.lt	1
getspace.us	malbeka.lt	1
com.mx	edivo.lt	1
UAB Elneta	vestratus.lt	1
serveriai.lt	beenet.lt	1
hostex.lt	tauriga.lt	1
serveriai.lt	terasustatyba.lt	1
awsdns-01.org	AMAZON-02	1
Telia Lietuva, AB	bx.lt	1
ltmd.net	getweb.lt	1
ipcom GmbH	pphosted.com	1
omron.com	myomron.com	1
UAB Interneto vizija	vivapharma.lt	1
providesupport.com	providesupport.com	1
bacloud.com	dackys.lt	1
domenai.lt	zinutes.lt	1
Vardas.lt, Uab	maxoil.lt	1
getspace.us	bitelingo.lt	1
Hetzner Online GmbH	tipconstruction.lt	1
serveriai.lt	autoasas.lt	1
serveriai.lt	coachingblog.lt	1
IONOS SE	w5.lt	1
CLOUDFLARENET	saromania.lt	1
Telia Lietuva, AB	coleoptera.lt	1
Hetzner Online GmbH	avlita.lt	1
bacloud.com	remontina.lt	1
domains.lt	supremits.lt	2
co.uk	GOOGLE	1
Telia Lietuva, AB	goodwe.lt	1
Telia Lietuva, AB	barbacan.lt	1
CLOUDFLARENET	autodiagnostic.lt	1
serveriai.lt	laborai.lt	1
CLOUDFLARENET	getstyle.lt	1
serveriai.lt	maluwilz.lt	1
meganet.lt	ssm.lt	1
serveris.lt	xf.lt	1
serveriai.lt	smpf.lt	1
serveriai.lt	rks.lt	1
domenai.lt	whisky.lt	1
serveriai.lt	fiveplay.lt	1
MICROSOFT-CORP-MSN-AS-BLOCK	fortum.lt	1
serveriai.lt	m-w.lt	1
serveriai.lt	rovana.lt	1
ACTIVE 24, s.r.o.	websupport.cz	1
Telia Lietuva, AB	beljana.lt	1
serveriai.lt	pakomega.lt	1
serveriai.lt	icedevelopment.lt	1
serveriai.lt	b2btrade.lt	1
edata.lt	zj.lt	1
serveriai.lt	gutera.lt	1
CLOUDFLARENET	brandbasket.lt	1
CLOUDFLARENET	gi-pro.lt	1
Telia Lietuva, AB	global-assistance.lt	1
ipcom GmbH	ZOHO Corporation B.V	1
serveriai.lt	car4u.lt	1
ipcom GmbH	petitbateau.lt	1
serveriai.lt	markopol.lt	1
Scaleway S.a.s.	GOOGLE	2
asstra.ch	asstra.net	1
markmonitor.com	bose.com	1
AMAZON-02	santoemma.lt	1
hostex.lt	retail.lt	1
serveriai.lt	accio.lt	1
serveriai.lt	rees.lt	1
domenai.lt	creslo.lt	1
serveriai.lt	inovabaltic.lt	1
serveris.lt	egl.lt	1
domains.lt	inida.lt	2
UAB Interneto vizija	n104.lt	1
cafe24.com	cafe24.com	1
traffic.lt	logs.lt	1
serveriai.lt	koktu.lt	1
serveriai.lt	photostation.lt	1
awsdns-22.net	domainnetwork.net	1
Telia Lietuva, AB	sentios.lt	1
serveriai.lt	horas.lt	1
Telia Lietuva, AB	olimpas.lt	1
serveriai.lt	techmanta.lt	1
domenai.lt	shiltabox.lt	1
domenai.lt	etau.lt	1
UAB Interneto vizija	diodela.lt	1
serveriai.lt	orijus.lt	1
serveriai.lt	picoll.com	2
serveriai.lt	wintergames.lt	1
serveriai.lt	gistona.lt	1
serveriai.lt	valdykit.lt	1
home.pl	sunsethouse.lt	1
NUCDN	railco.lt	1
serveriai.lt	mikoliunas.lt	1
serveriai.lt	abdite.lt	1
serveriai.lt	foxas.lt	1
domenai.lt	ambercoredc.lt	1
serveriai.lt	abeauty.lt	1
serveriai.lt	rival.lt	1
serveriai.lt	vilia.lt	1
serveriai.lt	purles.lt	1
Infomaniak Network SA	MICROSOFT-CORP-MSN-AS-BLOCK	1
CLOUDFLARENET	armadilloagency.lt	1
UAB Proservis	esentia.lt	1
serveriai.lt	iwrite.lt	1
korak.sk	iosec.lt	1
awsdns-04.com	GOOGLE	3
UAB Elneta	medjugorje.lt	1
serveriai.lt	azukeria.lt	1
balt.net	conf-info.lt	1
bacloud.com	anydesk.lt	1
serveriai.lt	ress.lt	1
serveriai.lt	lov3.lt	1
AMAZON-02	beanbags.lt	1
serveriai.lt	gec.lt	1
AMAZON-02	podsalt.lt	1
net.pl	sapnu.lt	1
domenai.lt	antalija.lt	1
Telia Lietuva, AB	edenwind.lt	1
serveriai.lt	petfoodsale.lt	1
serveriai.lt	beneda.lt	1
serveriai.lt	sportsbaltic.lt	1
serveriai.lt	adego.lt	1
serveriai.lt	interna.lt	1
UAB Interneto vizija	beautique.lt	1
serveriai.lt	cpd.lt	1
Telia Lietuva, AB	macaron.lt	1
domenai.lt	discovereu.lt	1
CLOUDFLARENET	mcprison.lt	1
CLOUDFLARENET	promagi.lt	1
CLOUDFLARENET	vitiligo.lt	1
Hetzner Online GmbH	eciga.lt	1
domenai.lt	sportcups.lt	1
bacloud.com	lfasa.lt	1
Telia Lietuva, AB	arborita.lt	1
UAB Interneto vizija	ripex.lt	1
domene.si	Eurofiber France SAS	3
domains.lt	infocentras.lt	1
Telia Lietuva, AB	eurokas.lt	1
serveriai.lt	jbu.lt	1
CLOUDFLARENET	rentas.lt	1
UAB Interneto vizija	pufik.lt	1
serveriai.lt	olis.lt	1
serveriai.lt	azuolynas.lt	1
hostex.lt	paint.lt	1
UAB Bite Lietuva	neurology.lt	1
serveriai.lt	kasserver.com	1
QUIC-CLOUD	AUTOMATTIC	1
Telia Lietuva, AB	sus.lt	1
UAB Bite Lietuva	glasis.lt	1
serveris.lt	sathyasai.lt	1
serveriai.lt	dont.lt	1
keliweb.com	altairsecurity.lt	1
Telia Lietuva, AB	eac.lt	1
serveriai.lt	happyhealth.lt	1
serveriai.lt	evadanceagency.lt	1
serveriai.lt	sawas.lt	1
com.pl	knall.lt	1
domenai.lt	selik.lt	1
domains.lt	karbonas.lt	1
serveriai.lt	belorus.lt	1
hostex.lt	fortlegal.lt	1
serveriai.lt	kdc.lt	1
almic.ee	MICROSOFT-CORP-MSN-AS-BLOCK	1
serveriai.lt	domiga.lt	1
serveriai.lt	vup.lt	1
clix.lt	fail.lt	1
serveriai.lt	in3.lt	1
hostex.lt	rsg.lt	1
serveriai.lt	eplay.lt	1
home.pl	invena.lt	1
cancom-mase.com	traveltainment.de	1
domeinbalie.nl	emailsystem.nl	1
getspace.us	indmi.lt	1
CLOUDFLARENET	nimbus.lt	1
eshoprent.com	papermoney.lt	1
1and1-dns.biz	kundenserver.de	2
serveriai.lt	skristi.lt	1
serveriai.lt	dendropark.lt	1
serveriai.lt	naturoti.lt	1
serveriai.lt	ndbeauty.lt	1
UAB Interneto vizija	newholland.lt	1
serveriai.lt	megaauto.lt	1
UAB Interneto vizija	fizelo.lt	1
linode.com	granatas.lt	1
serveriai.lt	dasatours.lt	1
AMAZON-02	sportwinbet.lt	1
serveriai.lt	gsphoto.lt	1
TIER-NET	netconfig.lt	1
serveriai.lt	elforma.lt	1
Radicenter OU	luxterra.lt	1
serveriai.lt	pikris.lt	1
serveriai.lt	dienoshoroskopas.lt	1
Telia Lietuva, AB	nua.lt	1
CLOUDFLARENET	cri.lt	1
Telia Lietuva, AB	cgc.lt	1
MB Redfox Cloud	estilo.lt	1
Telia Lietuva, AB	audis.lt	1
Informacines sistemos ir technologijos, UAB	kartotiniaiprojektai.lt	1
co.uk	lexapro.lt	1
serveriai.lt	du.lt	1
bacloud.com	ntn.lt	1
serveriai.lt	hdi.lt	1
netim.net	CLOUDFLARENET	1
rro.de	bettogoal.lt	1
UAB Interneto vizija	grozistau.lt	1
Telia Lietuva, AB	comtense.lt	1
eurosignal.cz	Webglobe, s.r.o.	1
serveriai.lt	baby-store.lt	1
domenai.lt	mycoffee.lt	1
UNIFIEDLAYER-AS-1	rasadesign.lt	1
serveriai.lt	blackvue.lt	1
serveriai.lt	rodeo.lt	1
hostex.lt	natanas.lt	1
UAB Elneta	sma.lt	1
serveriai.lt	petrikas.lt	1
CLOUDFLARENET	dif.lt	1
profiwh.com	accloud.cz	1
Telia Lietuva, AB	rainman.lt	1
ngate.de	ispmail.de	1
serveriai.lt	bareka.lt	1
FlokiNET ehf	vinco.lt	1
Hetzner Online GmbH	budova.lt	1
serveriai.lt	addprint.lt	1
serveriai.lt	darkauto.lt	1
serveriai.lt	myeurope.lt	1
serveriai.lt	hammock.lt	1
data.lt	data.lt	1
serveriai.lt	jav.lt	1
primerentals.lt	UAB Bartus pro	1
Telia Lietuva, AB	oniar.lt	1
lemarit.de	pphosted.com	1
serveriai.lt	orantas.lt	1
serveriai.lt	bolidas.lt	1
serveriai.lt	happyfood.lt	1
bacloud.com	vandenssmulkmenos.lt	1
serveriai.lt	essmedi.lt	1
serveriai.lt	inomus.lt	1
Telia Lietuva, AB	antstole.lt	1
bacloud.com	iglo.lt	1
serveriai.lt	gatr.lt	1
CLOUDFLARENET	pagegiai.lt	1
serveriai.lt	mbsp.lt	1
serveriai.lt	marijus.lt	1
register.it	emmegi.com	1
serveriai.lt	euromelanoma.lt	1
Telia Lietuva, AB	daimira.lt	1
UAB Elneta	europosparkas.lt	1
serveriai.lt	kotryna.lt	1
UAB Interneto vizija	rent4work.lt	1
serveriai.lt	qedlaw.lt	1
serveriai.lt	silverstone.lt	1
UAB Interneto vizija	vilniuscenterapartment.lt	1
hostnet.lv	tramontina.lt	1
serveriai.lt	agroix.lt	1
serveriai.lt	pcr.lt	1
serveriai.lt	onlink.lt	1
serveriai.lt	f-tech.lt	1
serveriai.lt	biohumussoil.lt	1
Telia Lietuva, AB	metaco.lt	1
domenai.lt	wp2.lt	1
serveriai.lt	forhoreca.lt	1
Telia Lietuva, AB	subarudalys.lt	1
domains.lt	cheeses.lt	1
getspace.us	fibera.lt	1
UAB Interneto vizija	arpolis.lt	1
UAB Interneto vizija	alegro.lt	1
serveriai.lt	tagetis.lt	1
hostex.lt	myskin.lt	1
getspace.us	techvia.lt	1
serveriai.lt	modomex.lt	1
serveriai.lt	rainbowplay.lt	1
UAB Interneto vizija	technine.lt	1
likmere.com	finieris.lt	1
Telia Lietuva, AB	giteksas.lt	1
serveriai.lt	bitoprint.lt	1
serveriai.lt	sheepfarm.lt	1
Telia Lietuva, AB	brothershop.lt	1
Telia Eesti AS	lhv.eu	1
balticvps.eu	eripo.lt	1
serveriai.lt	ezo.lt	1
serveriai.lt	khs.lt	1
serveriai.lt	medicus.lt	1
serveriai.lt	ideavalley.lt	1
serveriai.lt	skodas.lt	1
ipcom GmbH	braftovi-crc.lt	1
sat.lt	horticom.lt	1
ACTIVE 24, s.r.o.	mysubway.lt	1
CLOUDFLARENET	erotinesprekes.lt	1
serveriai.lt	aerocentras.lt	1
Telia Lietuva, AB	savaite.lt	1
serveriai.lt	backend.lt	1
serveriai.lt	egas.lt	1
Infocom Uk Ltd	fudo.lt	1
serveriai.lt	abega.lt	1
serveriai.lt	staticuscare.lt	1
CLOUDFLARENET	lineart.lt	1
getspace.us	egbox.lt	1
serveris.lt	huskyvillage.lt	1
Telia Lietuva, AB	tymes.lt	1
arkemagroup.com	bostik.lt	1
serveriai.lt	mud.lt	1
serveriai.lt	afine.lt	1
serveriai.lt	egmedia.lt	1
SECURITYSERVICES	elopak.com	1
serveriai.lt	datahub.lt	1
dn-s.nl	GOOGLE	1
serveriai.lt	rnga.lt	1
serveriai.lt	lameta.lt	1
CLOUDFLARENET	mb1.lt	1
UAB Elneta	elnet.lt	3
Safenames Ltd.	pokerroomschool.lt	1
UAB Interneto vizija	aurevita.lt	1
serveriai.lt	premmier.lt	1
Akamai International B.V.	estpak.ee	1
Telia Lietuva, AB	pradesk.lt	1
CLOUDFLARENET	sosocredit.lv	1
serveriai.lt	edow.lt	1
serveriai.lt	maxsem.lt	1
serveriai.lt	deveta.lt	1
Telia Lietuva, AB	eilika.lt	1
CLOUDFLARENET	pixinn.lt	1
magit.lt	takose.lt	1
domains.lt	buhalterija-auditas.lt	1
Zone Media OU	geolift.lt	1
Penkiu kontinentu komunikaciju centras, Ltd.	kurier.lt	1
serveriai.lt	apskaitaverslui.lt	1
Telia Lietuva, AB	traktoriukai.lt	1
bacloud.com	sergant.lt	1
domains.lt	seimosparduotuve.lt	1
Telia Lietuva, AB	4me.lt	1
123ns.de	trifas.lt	1
AMAZON-02	renogy.lt	1
UAB Interneto vizija	relined.lt	1
areait.lv	probeauty.lt	1
UAB Elneta	audioshop.lt	1
serveriai.lt	fablab.lt	1
serveriai.lt	credos.lt	1
CLOUDFLARENET	srvmx.net	1
serveriai.lt	toten-transport.lt	1
Telia Lietuva, AB	ogitos.lt	1
serveriai.lt	id1.lt	1
home.pl	profix-refinish.lt	1
serveriai.lt	ainex.lt	1
serveriai.lt	in-sura.lt	1
serveriai.lt	drt.lt	1
domains.lt	igis.lt	1
serveriai.lt	ceile.lt	1
domains.lt	naurisa.lt	1
Telia Lietuva, AB	optronika.lt	1
UAB Interneto vizija	sviesosratas.lt	1
CLOUDFLARENET	arch-1.lt	1
Telia Lietuva, AB	albra.lt	1
Sia Nano IT	sailun.lt	1
ns14.net	askgfk.lt	1
serveriai.lt	cechaviciene.lt	1
Hetzner Online GmbH	astroshop.lt	1
hostex.lt	recreation.lt	1
UAB Interneto vizija	steico.lt	1
serveriai.lt	autotrip.lt	1
Vautron Rechenzentrum AG	texaid.lt	1
CLOUDFLARENET	ainova.lt	1
CLOUDFLARENET	sportsman.lt	1
CLOUDFLARENET	feel.lt	1
devopshosting.online	olysportsbar.lt	1
serveriai.lt	chemicalbro.lt	1
serveriai.lt	ambrosol.lt	1
UAB Elneta	azar.lt	1
serveriai.lt	automod.lt	1
serveriai.lt	splitas.lt	1
bacloud.com	zaka.lt	1
serveriai.lt	tarpininkai.lt	1
checkdomain.de	vonpollrealestate.lt	1
serveriai.lt	befa.lt	1
serveriai.lt	epaka.lt	1
serveriai.lt	sakaibeauty.lt	1
serveriai.lt	coolwood.lt	1
getspace.us	smartsalesconsulting.lt	1
UAB Interneto vizija	dk.lt	1
Hetzner Online GmbH	medverus.lt	1
balt.net	daily.lt	1
CLOUDFLARENET	mcs.lt	2
fornex.com	aleks.lt	1
serveriai.lt	keyaeurope.lt	1
serveriai.lt	drama-burger.lt	1
bacloud.com	ketas.lt	1
serveriai.lt	fitsnack.lt	1
priceinfo.lt	priceinfo.lt	1
serveriai.lt	arphotos.lt	1
Telia Lietuva, AB	guma.lt	1
infocentras.com	xn--ikuraku-i6a.lt	1
getspace.us	robomoto.lt	1
serveriai.lt	miske.lt	1
domains.lt	greiti.lt	1
CLOUDFLARENET	matilsa.lt	1
domenai.lt	gear.lt	1
Telia Lietuva, AB	tournamentic.lt	1
ns14.net	MICROSOFT-CORP-MSN-AS-BLOCK	4
GOOGLE	vintagestyle.lt	1
Telia Lietuva, AB	itpsolar.lt	1
AMAZON-02	plaisio.gr	1
serveriai.lt	inoxas.lt	1
serveriai.lt	padangos-internetu.lt	1
UAB Penki kontinentai	sugargliders.lt	1
UAB Interneto vizija	chr.lt	1
bacloud.com	alaiba.lt	1
serveriai.lt	dryport.lt	1
CLOUDFLARENET	teltonika-telemedic.lt	1
managed-ip.com	misterspex.de	2
site5.com	asahydraulik.lt	1
CLOUDFLARENET	bestlabels.lt	1
CLOUDFLARENET	jon.lt	1
serveriai.lt	citybags.lt	1
Telia Lietuva, AB	avl.lt	1
serveris.lt	moki.lt	1
domains.lt	nimeo.lt	1
Telia Lietuva, AB	auteltech.lt	1
eshoprent.com	inshop.lt	1
Telia Lietuva, AB	ralfbrandt.lt	1
home.pl	tkmaterials.pl	1
Telia Lietuva, AB	s2p.lt	1
bacloud.com	carla.lt	1
serveriai.lt	baltijosautoremontas.lt	1
Telia Lietuva, AB	kalinauskas.lt	1
serveriai.lt	rinkom.lt	1
domains.lt	nasdaq.lt	1
hap.lt	ZOHO Corporation B.V	1
Telia Lietuva, AB	hosted.lt	2
serveriai.lt	fp2.lt	1
serveriai.lt	ptm.lt	1
fsmods.info	afex.lt	1
Telia Lietuva, AB	somelier.lt	1
bacloud.com	constra.lt	1
CLOUDFLARENET	forwardmx.net	1
serveriai.lt	santoza.lt	1
CLOUDFLARENET	spamfree.email	1
serveriai.lt	sell-buy.lt	1
data.lt	parkas.lt	1
serveriai.lt	vegfest.lt	1
CLOUDFLARENET	pedalai.lt	1
serveriai.lt	energy-cells.lt	1
bacloud.com	solvere.lt	1
serveriai.lt	btline.lt	1
UAB Bite Lietuva	serviceline.lt	1
Telia Lietuva, AB	arbormedical.lt	1
serveriai.lt	edevices.lt	1
serveriai.lt	saske.lt	1
serveriai.lt	papadent.lt	1
hostex.lt	transgarant.lt	1
domenai.lt	veborado.lt	1
Telia Lietuva, AB	modelis.lt	1
serveriai.lt	pingusenglish.lt	1
serveriai.lt	k15space.lt	1
hostex.lt	donteks.lt	1
serveriai.lt	intelektus.lt	1
serveriai.lt	gopeshop.lt	1
serveriai.lt	inpg.lt	1
GOOGLE	hairprof.lt	1
serveriai.lt	innco.lt	2
serveriai.lt	vestus.lt	1
CLOUDFLARENET	reamed.lt	1
serveriai.lt	baldcat.lt	1
Telia Lietuva, AB	bytautas.lt	1
serveriai.lt	burzua.lt	1
serveris.lt	elverta.lt	1
Telia Lietuva, AB	bestmarket.lt	1
webhostingpad.com	holi.lt	1
hosting-me.net	gluosne.lt	1
domenai.lt	mamos.lt	1
UAB Elneta	spalva.lt	1
Telia Lietuva, AB	zalcio.lt	1
CLOUDFLARENET	blick.lt	1
UAB Baltnetos komunikacijos	rezerv.lt	1
serveriai.lt	grafike.lt	1
serveriai.lt	wowshop.lt	1
UAB Interneto vizija	edmaco.lt	1
serveriai.lt	omc.lt	1
domenai.lt	creatine.lt	1
domenai.lt	dloud.lt	1
serveriai.lt	912.lt	1
domenai.lt	remove.lt	1
QUIC-CLOUD	vivelda.lt	1
Telia Lietuva, AB	lyana.lt	1
serveriai.lt	gasgas.lt	1
Hetzner Online GmbH	pixelis.lt	1
serveriai.lt	mybaltic.lt	1
hostex.lt	wift.lt	1
CLOUDFLARENET	paltv.lt	1
CLOUDFLARENET	skiff.com	1
contabo.net	sportbaby.lt	1
OVH SAS	serv.lt	2
gransy.com	sportparadise.lt	1
data.lt	doc.lt	1
serveriai.lt	nesukgalvos.lt	1
serveriai.lt	raudonojiknyga.lt	1
UAB Interneto vizija	kybnet.lt	1
CLOUDFLARENET	subme.lt	1
serveriai.lt	vikingsport.lt	1
serveriai.lt	miltenis.lt	1
Scaleway S.a.s.	wnim.lt	1
getspace.us	mediatorlaw.lt	1
serveriai.lt	katiluturgus.lt	1
serveriai.lt	ambita.lt	1
parkas.lt	MICROSOFT-CORP-MSN-AS-BLOCK	2
routing.net	elacontainer.lt	1
Telia Lietuva, AB	lvf.lt	1
serveriai.lt	summos.lt	1
serveriai.lt	kaunosilas.lt	1
serveriai.lt	namamama.lt	1
serveriai.lt	neta.lt	1
UAB Bite Lietuva	thong.lt	1
serveriai.lt	minimaless.lt	1
CLOUDFLARENET	zuv.lt	1
serveriai.lt	cargovip.lt	1
Telia Lietuva, AB	dainava.lt	1
hostex.lt	veksus.lt	1
domenai.lt	help-pc.lt	1
UAB Bite Lietuva	skorpion.lt	1
IONOS SE	ui-dns.com	4
serveriai.lt	infobusiness.lt	1
dn-s.nl	mydeed.lt	1
ihc.ru	hellopark.lt	1
domains.lt	aha.lt	1
serveriai.lt	synkarb.lt	1
parkas.lt	censor.lt	1
serveriai.lt	jy.lt	1
IONOS SE	ionos.es	1
serveriai.lt	back2life.lt	1
Vautron Rechenzentrum AG	keevn.lt	1
Telia Lietuva, AB	amelija.lt	1
serveriai.lt	archimeda.lt	1
domenai.lt	webinfo.lt	1
balt.net	veidas.lt	1
interna.me	ai-oli.lt	1
serveriai.lt	u1.lt	1
serveriai.lt	vev.lt	1
serveriai.lt	pablas.lt	1
Telia Lietuva, AB	lightbox.lt	1
serveriai.lt	landsberger.lt	1
serveriai.lt	afd.lt	1
AMAZON-02	mylios.lt	1
DELFI UAB	MICROSOFT-CORP-MSN-AS-BLOCK	1
Telia Lietuva, AB	acera.lt	1
UAB Kauno interneto sistemos	tindra.lt	1
NUCDN	eastcapital.lt	1
ipcom GmbH	23M GmbH	1
Telia Lietuva, AB	peraltis.lt	1
domenai.lt	inovision.lt	1
serveriai.lt	week.lt	1
Telia Lietuva, AB	stoneart.lt	1
Telia Lietuva, AB	mikotel.lt	1
UAB Interneto vizija	ventilation.lt	1
world4you.at	dermasr.lt	1
Telia Lietuva, AB	lha.lt	1
serveriai.lt	fmi.lt	1
serveriai.lt	true.lt	1
world4you.at	world4you.lt	1
m3group.pl	m3group.pl	1
CLOUDFLARENET	mojehobby.pl	1
serveriai.lt	klik.lt	1
serveriai.lt	dafydd.lt	1
CLOUDFLARENET	allevents.lt	1
Telia Lietuva, AB	euroracing.lt	1
serveriai.lt	tvs.lt	1
gmc.lt	agrobirza.lt	2
CLOUDFLARENET	balticfoot.lt	1
balticvps.eu	solja.lt	1
dn-s.nl	presentationproducts.lt	1
MICROSOFT-CORP-MSN-AS-BLOCK	swatchgroup.com	1
serveriai.lt	follower.lt	1
serveriai.lt	besttrucks.lt	1
ihost.green	stackmail.com	1
CLOUDFLARENET	autokrat.lt	1
CLOUDFLARENET	ntacademy.lt	1
CLOUDFLARENET	medinfo.lt	1
CLOUDFLARENET	csera.lt	1
NForce Entertainment B.V.	ZOHO Corporation B.V	1
UAB Interneto vizija	plumbers.lt	1
UAB Interneto vizija	intec.lt	1
conepuppy.com	conepuppy.com	1
CLOUDFLARENET	lotos-pharma.lt	1
gcdn.services	benefits.lt	1
serveriai.lt	unisend.lt	1
serveriai.lt	linesoft.lt	1
domenai.lt	norvegija.lt	1
serveriai.lt	asistente.lt	1
MB Redfox Cloud	kairos.lt	1
CLOUDFLARENET	laistymosistemos.lt	1
CLOUDFLARENET	gmpt.lt	1
UAB Interneto vizija	data-logic.lt	1
serveriai.lt	battery.lt	1
domains.lt	rasa.lt	1
domains.lt	2mx.lt	1
serveriai.lt	singer.lt	1
CLOUDFLARENET	careerjet.net	1
serveriai.lt	lolo.lt	1
serveriai.lt	1procentas.lt	1
CLOUDFLARENET	intertrust.lt	1
serveriai.lt	altava.lt	1
Key-Systems GmbH	toolineo.lt	1
Telia Lietuva, AB	avks.lt	1
Scaleway S.a.s.	agraris.lt	1
CLOUDFLARENET	mil.lt	1
ukfast.net	AMAZON-02	1
hap.lt	sakuma.lt	1
serveriai.lt	alcoscan.lt	1
UAB Bite Lietuva	blackmagic.lt	1
Telia Lietuva, AB	brucas.lt	1
home.pl	ram-mount.lt	1
SECURITYSERVICES	symantec.com	2
lemarit.de	iti.lt	1
hostex.lt	pataja.lt	1
CLOUDFLARENET	rafes.lt	1
teamnet.de	teamnet.de	1
UAB Interneto vizija	triplife.lt	1
magit.lt	adok.lt	1
serveriai.lt	miltech.lt	1
bacloud.com	evpa.lt	1
UAB Interneto vizija	webforge.lt	1
serveriai.lt	uniforms.lt	1
serveriai.lt	grudoteka.lt	1
serveriai.lt	winbas.lt	1
edata.lt	inta.lt	1
serveriai.lt	regsens.lt	1
getspace.us	tourise.lt	1
serveriai.lt	masterline.lt	1
serveriai.lt	workerbed.lt	1
CLOUDFLARENET	salna.lt	1
hostex.lt	zoeller.lt	1
serveriai.lt	motoland.lt	1
domenai.lt	dataacademy.lt	1
GOOGLE	recut.lt	1
serveriai.lt	pathonet.lt	1
CLOUDFLARENET	home.pl S.A.	1
net.pl	polplan.lt	1
hostex.lt	vitava.lt	1
bacloud.com	easa.lt	1
bacloud.com	linservice.lt	1
Telia Lietuva, AB	mediteka.lt	1
Telia Lietuva, AB	tadasvidmantas.lt	1
serveriai.lt	sakuragc.lt	1
mz-mail.com	mz-mail.com	2
serveriai.lt	blissisland.lt	1
serveriai.lt	mylimaveikla.lt	1
domenai.lt	com.au	1
serveriai.lt	parkshare.lt	1
awsdns-24.com	ZOHO Corporation B.V	1
dnssrvr.eu	mailplatform.eu	1
serveriai.lt	arleja.lt	1
bacloud.com	osus.lt	1
balt.net	zemgulis.lt	2
hawkhost.com	teagong.lt	1
serveriai.lt	kultas.lt	1
Telia Lietuva, AB	abro.lt	1
hostex.lt	digitalfoto.lt	1
home.pl	deviniti.lt	1
UAB Interneto vizija	prints.lt	1
serveriai.lt	indi.lt	1
serveriai.lt	betterme.lt	1
serveriai.lt	tavoit.lt	1
serveriai.lt	turboklinika.lt	1
serveriai.lt	begold.lt	1
UAB Interneto vizija	bellfood.lt	1
Telia Lietuva, AB	ruger.lt	1
domains.lt	asseco.lt	1
serveriai.lt	seneliu-namai.lt	1
domains.lt	nmdev.eu	2
NUCDN	phonesty.lt	1
bacloud.com	imega.lt	1
hostex.lt	digigreen.lt	1
serveriai.lt	hidris.lt	1
serveriai.lt	farmaplius.lt	1
serveris.lt	metada.lt	1
Telia Lietuva, AB	svetaines.lt	1
serveriai.lt	aitvaras.lt	1
serveriai.lt	hellboy.lt	1
serveriai.lt	jpp.lt	1
CLOUDFLARENET	mybeautycorner.lt	1
serveriai.lt	kosmetika1.lt	1
Hetzner Online GmbH	autobusas.lt	1
xundns.com	olns.vip	2
UAB Interneto vizija	tajus.lt	1
Telia Lietuva, AB	galley.lt	1
serveriai.lt	olsauskas.lt	1
UAB Interneto vizija	kosto.lt	1
serveriai.lt	automobiliudetales.lt	1
AMAZON-02	gettested.lt	1
Telia Lietuva, AB	filter.lt	1
serveriai.lt	ani.lt	1
serveriai.lt	alcoquant.lt	1
hostex.lt	kaskade.lt	1
serveriai.lt	mega-sport.lt	1
Hetzner Online GmbH	mikroautobusu-nuoma.lt	1
serveriai.lt	be-healthy.lt	1
domains.lt	UAB Bite Lietuva	2
serveriai.lt	griciaus.lt	1
UAB Interneto vizija	pointera.lt	1
serveriai.lt	fortus.lt	1
webruimtehosting.nl	zxcs.nl	1
serveriai.lt	inplex.lt	1
Telia Lietuva, AB	refabrik.lt	1
ipcom GmbH	geodis.lt	1
UAB Interneto vizija	hairstudio.lt	1
serveriai.lt	larahome.lt	1
ecus.es	khama.lt	1
serveriai.lt	archis.lt	1
CLOUDFLARENET	dlink.ru	1
CLOUDFLARENET	adilus.lt	1
agatas.lt	agatas.lt	1
serveriai.lt	fileksa.lt	1
serveriai.lt	kulig.lt	1
Informacines sistemos ir technologijos, UAB	panevezyje.lt	1
Hetzner Online GmbH	taiman.lt	1
UAB Interneto vizija	windpeak.lt	1
nonamehosts.com	vivixa.lt	1
serveriai.lt	krcb.lt	1
bacloud.com	biotechpro.lt	1
awsdns-29.org	Elisa Oyj	1
serveriai.lt	menusala.lt	1
serveriai.lt	megamail.lt	1
serveriai.lt	blackdiamond.lt	1
serveriai.lt	akvazoo.lt	1
CLOUDFLARENET	tvinfo.lt	1
hostex.lt	gruste.lt	1
serveriai.lt	jengo.lt	1
serveriai.lt	under.lt	1
is-fun.net	MICROSOFT-CORP-MSN-AS-BLOCK	1
fornex.com	LLC VK	2
OVH SAS	rltk.lt	1
serveriai.lt	fbstats.lt	1
serveriai.lt	alsket.lt	1
Telia Eesti AS	estover.ee	1
serveriai.lt	can2.lt	1
hostex.lt	theatre.lt	1
infocentras.com	baumax.lt	1
UAB Rakrejus	siprak.lt	1
serveriai.lt	kemperionuoma.lt	1
CLOUDFLARENET	lau.lt	1
Telia Lietuva, AB	alloverseas.lt	1
serveriai.lt	jrv.lt	1
serveriai.lt	amcpro.lt	1
UAB Interneto vizija	millediem.lt	1
serveriai.lt	nimbus.lt	2
GOOGLE	AMAZON-AES	2
serveriai.lt	domitera.lt	1
serveriai.lt	averin.lt	1
aziendeitalia.com	xvent.lt	1
serveriai.lt	technolink.lt	1
serveriai.lt	ett.lt	1
serveriai.lt	sinoboom.lt	1
serveriai.lt	beamo.lt	1
bacloud.com	hytter.lt	1
Telia Lietuva, AB	fatalitas.lt	1
serveriai.lt	cryptoaccounting.lt	1
balt.net	a2.lt	1
UAB Interneto vizija	zvr.lt	1
Telia Lietuva, AB	zuvine.lt	1
123ns.de	bretaris.lt	1
Telia Lietuva, AB	aukramaritime.lt	1
CLOUDFLARENET	indiego.lt	1
serveriai.lt	skinny.lt	1
domenai.lt	proudtobe.lt	1
splio.name	splio.fr	1
serveriai.lt	capitalteam.lt	1
domains.lt	repdesk.lt	2
serveriai.lt	aldile.lt	1
serveriai.lt	galant.lt	1
Seonet Multimedia s.r.o.	Webglobe, s.r.o.	1
serveriai.lt	bushstore.lt	1
serveriai.lt	balticbrows.lt	1
Hetzner Online GmbH	bonusera.lt	1
CLOUDFLARENET	hoster.by	1
serveriai.lt	multidora.lt	1
CLOUDFLARENET	tmkc.lt	1
serveriai.lt	letslean.lt	1
domains.lt	fam.lt	1
serveriai.lt	spektas.lt	1
serveriai.lt	kopavilkui.lt	1
serveriai.lt	pompa.lt	1
serveriai.lt	finairo.lt	1
linode.com	GOOGLE	1
serveriai.lt	sarlote.lt	1
domenai.lt	saunaradio.lt	1
hostex.lt	denpro.lt	1
serveriai.lt	justfoto.lt	1
Telia Lietuva, AB	improvement.lt	1
CLOUDFLARENET	svetaine.lt	1
domains.lt	unet.lt	2
serveriai.lt	nemeluok.lt	1
serveriai.lt	xdraugas.lt	1
serveris.lt	sipe.lt	1
Informacines sistemos ir technologijos, UAB	seo-seo.lt	1
Telia Lietuva, AB	tisena.lt	1
bacloud.com	bendras.lt	1
serveriai.lt	monomy.lt	1
CLOUDFLARENET	antanaitis.lt	1
serveriai.lt	clientservice.lt	1
serveriai.lt	baltoscandia.lt	1
Telia Lietuva, AB	aiko.lt	1
bacloud.com	medilita.lt	1
CLOUDFLARENET	ecomarket.lt	1
Telia Lietuva, AB	bimas.lt	1
ltmd.net	beautyresort.lt	1
Akamai International B.V.	llnw.com	1
CLOUDFLARENET	buiton.lt	1
Telia Lietuva, AB	plesk.lt	1
serveriai.lt	lette.lt	1
NUCDN	fashionone.lt	1
serveriai.lt	biovalis.lt	1
serveriai.lt	stlabs.lt	1
Hetzner Online GmbH	idd.lt	1
serveriai.lt	adseo.lt	1
serveriai.lt	beaster.lt	1
serveriai.lt	ktc.lt	1
domenai.lt	leki.lt	1
NUCDN	intronics.lt	1
domenai.lt	vbauto.lt	1
proisp.no	MICROSOFT-CORP-MSN-AS-BLOCK	1
UAB Interneto vizija	almosi.lt	1
serveriai.lt	alegal.lt	1
serveriai.lt	delema.lt	1
CLOUDFLARENET	satzmedia.de	1
serveriai.lt	metu.lt	1
CLOUDFLARENET	lipskas.lt	1
serveriai.lt	gst.lt	1
Telia Lietuva, AB	alutech.lt	1
serveriai.lt	v-servisas.lt	1
domenai.lt	ukminfo.lt	1
Hetzner Online GmbH	chipas.lt	1
Telia Lietuva, AB	garmus.lt	1
getspace.us	susavimi.lt	1
serveriai.lt	homely.lt	1
Telia Lietuva, AB	travelman.lt	1
eshoprent.com	glury.lt	1
UAB Interneto vizija	akad.lt	1
serveriai.lt	kala.lt	1
gi-dns.com	gigroup.com	1
UAB Bite Lietuva	saga.lt	1
AMAZON-02	savickis.lt	1
bacloud.com	boatman.lt	1
serveriai.lt	celibat.lt	1
domenai.lt	liko.lt	1
serveriai.lt	iconsofeurope.lt	1
iptwins.com	melvita.lt	1
serveriai.lt	sopo.lt	1
hostex.lt	incomsystems.lt	1
Telia Lietuva, AB	tbs.lt	1
serveriai.lt	design4you.lt	1
CLOUDFLARENET	menergy.lt	1
balt.net	bodegas.lt	1
sec-ns.de	vaillant.dk	1
serveriai.lt	hra.lt	1
net.pl	pranciskus.lt	1
serveriai.lt	felpudi.lt	1
AMAZON-02	mbcore.io	1
serveriai.lt	karavan.lt	1
Telia Lietuva, AB	ozonas.lt	1
nameserver.nl	filtercluster.com	1
rgfi.net	MICROSOFT-CORP-MSN-AS-BLOCK	1
Sia Nano IT	coinstore.lt	1
UAB Interneto vizija	flowdesk.lt	1
serveriai.lt	gelbek.lt	1
domains.lt	123consulting.lt	1
bacloud.com	idosystems.lt	1
cirquent.de	AMAZON-02	1
serveriai.lt	dekrek.lt	1
CLOUDFLARENET	colson-europe.lt	1
Sia Nano IT	lubile.lt	1
CLOUDFLARENET	lapes.lt	1
Telia Lietuva, AB	stona.lt	1
vdx.lt	netsis.lt	1
UAB Interneto vizija	zc.lt	1
NUCDN	yudu.lt	1
serveriai.lt	gymlit.lt	1
serveriai.lt	flippoint.lt	1
balt.net	conferences2016.lt	1
Hetzner Online GmbH	progday.lt	1
balt.net	UAB Bartus pro	1
serveriai.lt	sellit.lt	1
serveriai.lt	yogoland.lt	1
serveriai.lt	moralis.lt	1
Telia Lietuva, AB	ult.lt	1
hostex.lt	ndp.lt	1
servera.lt	inepas.lt	1
serveriai.lt	autoplikis.lt	1
serveriai.lt	balticway.lt	1
hostex.lt	cascade.lt	1
domenai.lt	bitcoiner.lt	1
Hetzner Online GmbH	xv.lt	1
bacloud.com	reeconsteel.lt	1
serveriai.lt	mikka.lt	1
CLOUDFLARENET	prisijungimas.lt	2
CLOUDFLARENET	vedlys.lt	1
serveriai.lt	prespa.lt	1
Telia Lietuva, AB	dorvila.lt	1
CLOUDFLARENET	emig.lt	1
hostex.lt	rimoastrausko.lt	1
CLOUDFLARENET	kinect.lt	1
serveriai.lt	grike.lt	1
CLOUDFLARENET	odonta.lt	1
bacloud.com	doxa.lt	1
getspace.us	healing.lt	1
AMAZON-02	aecparcel.lt	1
bacloud.com	fertibio.lt	1
domenai.lt	stulginskas.lt	1
serveriai.lt	devdev.lt	1
serveriai.lt	pudov.lt	1
hostex.lt	healthcare.lt	1
serveriai.lt	3000.lt	1
serveriai.lt	bestselect.lt	1
serveriai.lt	inra.lt	1
billboard.cz	billboard.cz	1
serveriai.lt	miranda.lt	1
mbox.lu	mbox.lu	1
serveriai.lt	nexgames.lt	1
serveriai.lt	balticproductions.lt	1
Telia Lietuva, AB	jungle.lt	1
CLOUDFLARENET	elkor.lv	2
SECURITYSERVICES	YANDEX LLC	1
Sia Nano IT	raimondspauls.lt	1
serveriai.lt	kenoil.lt	1
serveriai.lt	itouch.lt	1
serveriai.lt	ad-research.lt	1
serveriai.lt	manopora.lt	1
SECURITYSERVICES	gronaverket.se	3
serveriai.lt	interview.lt	1
serveriai.lt	realize.lt	1
serveriai.lt	acorusbalance.lt	1
CLOUDFLARENET	kosmart.lt	1
serveriai.lt	linen-tales.lt	1
xetnet.com	parmaco.lt	1
CLOUDFLARENET	thehomestory.lt	1
serveriai.lt	mum.lt	1
CLOUDFLARENET	ntesmail.com	1
AMAZON-02	gudenaite.lt	1
eshoprent.com	4kedutes.lt	1
serveriai.lt	btsv.lt	1
hostex.lt	stage.lt	1
serveriai.lt	ender.lt	1
ltmd.net	sgb.lt	1
serveriai.lt	automotiveforum.lt	1
AMAZON-02	etbhair.lt	1
domenai.lt	meinai.lt	1
hosting.nl	antispam-login.net	1
domserver.de	fuhr.de	1
serveriai.lt	nemunoausra.lt	1
serveriai.lt	maige.lt	1
datenchef.net	euro-otc-pharma.lt	1
serveriai.lt	releva.lt	1
Telia Lietuva, AB	hairjazz.lt	1
CLOUDFLARENET	cloudacropolis.com	1
serveriai.lt	4ml.lt	1
serveriai.lt	eatit.lt	1
CLOUDFLARENET	degmeda.lt	1
serveriai.lt	norwegianbusiness.lt	1
serveriai.lt	pigeons.lt	1
serveriai.lt	versus.lt	1
serveriai.lt	ilearn.lt	1
ipt.lt	unique.lt	1
serveriai.lt	bearpharma.lt	1
Telia Lietuva, AB	agneta.lt	1
serveriai.lt	phantom.lt	1
hostex.lt	salmon.lt	1
serveriai.lt	prosrv.eu	1
serveriai.lt	keitas.lt	1
CLOUDFLARENET	sprendimai.com	1
domenai.lt	browista.lt	1
domenai.lt	didi.lt	1
UAB Interneto vizija	data-logic-commerce.lt	1
Cyber_Folks S.A.	vin-decoder.lt	1
hostex.lt	diforma.lt	1
serveris.lt	edof.lt	1
serveriai.lt	remax.lt	1
serveriai.lt	idrive.lt	1
serveris.lt	juni.lt	1
CLOUDFLARENET	mrbiceps.lt	1
serveriai.lt	visk.lt	1
domenai.lt	arthroscopy.lt	1
Telia Lietuva, AB	auto.lt	1
UAB Interneto vizija	homeras.lt	1
Telia Lietuva, AB	newheat.lt	1
hostex.lt	biofabrikas.lt	1
getspace.us	bodydose.lt	1
Hetzner Online GmbH	dahlias.lt	1
CLOUDFLARENET	keskosenukai.lt	1
Key-Systems GmbH	everfield.lt	1
serveriai.lt	lucka.lt	1
serveriai.lt	saero.lt	1
serveris.lv	fokker.lt	1
serveriai.lt	augame.lt	1
serveriai.lt	precize.lt	1
serveriai.lt	toliusis.lt	1
gransy.com	rufruf.lt	1
hostiman.ru	otcc.lt	1
PONYNET	driveexam.lt	1
serveriai.lt	trendylux.lt	1
netserwer24.pl	MICROSOFT-CORP-MSN-AS-BLOCK	1
serveris.lt	yza-beauty.lt	1
CLOUDFLARENET	alutis.lt	1
CLOUDFLARENET	itnordic.lt	1
serveriai.lt	foto-grafija.lt	1
serveriai.lt	frontesa.lt	1
Dataspace P.s.a.	artzena.lt	1
CLOUDFLARENET	mobielwerkt.net	1
CLOUDFLARENET	taxi.lt	1
CLOUDFLARENET	fm99.lt	1
serveriai.lt	itv24.lt	1
serveriai.lt	forever.lt	1
viktoras.net	folder.lt	1
AMAZON-02	favbet.lt	1
home.pl	gobarto.eu	1
Elisa Oyj	sorainen.lt	1
serveriai.lt	pawn.lt	1
UAB Interneto vizija	naras.lt	1
UAB Interneto vizija	ezauto.lt	1
Telia Lietuva, AB	edma.lt	1
Telia Lietuva, AB	indasa.lt	1
Penkiu kontinentu komunikaciju centras, Ltd.	augustinas.lt	1
domains.lt	elekta.lt	1
bahigo.online	bahigo.com	2
Telia Lietuva, AB	geozondas.lt	1
UAB Interneto vizija	creative.lt	1
GOOGLE	partypizza.lt	1
serveriai.lt	agora.lt	1
dogado.de	drivetoplay.lt	1
hostex.lt	dlp.lt	1
serveriai.lt	gng.lt	1
Telia Lietuva, AB	vubabaltic.lt	1
serveriai.lt	bestinvilnius.lt	1
serveriai.lt	barkowski.lt	1
hostex.lt	blandis.lt	1
CLOUDFLARENET	autodnr.lt	1
serveriai.lt	fmit.lt	1
domains.lt	uris.lt	2
domainers.de	dry-ager.lt	1
serveriai.lt	tiobigotes.lt	1
serveriai.lt	getpage.lt	1
serveriai.lt	linoma.lt	1
bacloud.com	viliosiai.lt	1
CLOUDFLARENET	innotech.lt	1
serveriai.lt	nwo.lt	1
serveriai.lt	louko.lt	1
serveriai.lt	danize.lt	1
serveriai.lt	adeo.lt	1
serveriai.lt	germanto.lt	1
MB Redfox Cloud	kuss.lt	1
co.uk	ebixa.lt	1
serveriai.lt	nte.lt	1
Telia Lietuva, AB	jojam.lt	1
Telia Lietuva, AB	officedecisions.lt	1
serveriai.lt	genestho.lt	1
CLOUDFLARENET	uncodelab.com	1
domenai.lt	leadell.lt	1
UAB Interneto vizija	hronas.lt	1
Cyber_Folks S.A.	pasoxl.lt	1
hostex.lt	gte.lt	1
serveriai.lt	agrolita.lt	1
CLOUDFLARENET	vaistine.lt	1
serveriai.lt	pitas.lt	1
CLOUDFLARENET	svencionys.lt	1
serveris.lt	restoration.lt	1
UAB Cgates	aktv.lt	1
serveriai.lt	elven.lt	1
serveriai.lt	flydronefast.lt	1
cybox.eu	spamexperts.com	1
NUCDN	depolt.lt	1
bacloud.com	aigency.lt	1
domenai.lt	forcemax.lt	1
Telia Lietuva, AB	bmgl.lt	1
supporthost.com	svrsh.com	1
serveriai.lt	flick.lt	1
serveriai.lt	e-servis.lt	1
Scaleway S.a.s.	sivita.lt	1
mohawkind.com	xtratherm.lt	1
serveriai.lt	uzas.lt	1
NUCDN	dsquared.lt	1
CLOUDFLARENET	202.lt	1
serveriai.lt	efleet.lt	1
UAB Interneto vizija	swag.lt	1
CLOUDFLARENET	dnslinq.de	1
Telia Lietuva, AB	ailima.lt	1
serveriai.lt	manosportas.lt	1
ANEXIA Internetdienstleistungs GmbH	primaerdata.no	1
UAB Interneto vizija	leanconsult.lt	1
setup.ru	YANDEX LLC	1
CLOUDFLARENET	atrama.lt	1
getspace.us	amati.lt	1
serveriai.lt	hrguide.lt	1
serveriai.lt	kjgk.lt	1
serveriai.lt	davinespro.lt	1
serveriai.lt	desa.lt	1
serveriai.lt	wayup.lt	1
nsoft.it	nsoft.it	1
serveriai.lt	arktur.lt	1
serveriai.lt	getauto.lt	1
NUCDN	coverderm.lt	1
domenai.lt	bikelis.lt	1
res.lt	amuic.lt	1
serveriai.lt	lidora.lt	1
serveriai.lt	bazi.lt	1
bacloud.com	eschool.lt	1
CLOUDFLARENET	superhost.pl	1
parkas.lt	zalos.lt	1
serveriai.lt	tajanas.lt	1
Telia Lietuva, AB	polpharma.lt	1
serveriai.lt	igi.lt	1
serveriai.lt	instona.lt	1
arven.lv	healthstore.lt	1
Informacines sistemos ir technologijos, UAB	dekoratyvinistinkas.lt	1
hostex.lt	oldbrick.lt	1
Telia Lietuva, AB	bridge2cloud.lt	1
UAB Elneta	kapela.lt	1
hostex.lt	frogs.lt	1
serveriai.lt	duolife.lt	1
bacloud.com	cloudlix.lt	1
serveriai.lt	autostiklas.lt	1
serveriai.lt	afisa.lt	1
serveriai.lt	linber.lt	1
ipcom GmbH	sncfconnect.lt	1
e-centras.lt	sitemaker.lt	1
domenai.lt	natascan.lt	1
serveriai.lt	capitalre.lt	1
serveriai.lt	taboo.lt	1
serveriai.lt	myparking.lt	1
serveriai.lt	hornady.lt	1
domains.lt	modest.lt	1
eshoprent.com	lovehome.lt	1
Telia Lietuva, AB	litahorti.lt	1
serveriai.lt	cerpe.lt	1
serveriai.lt	menstyle.lt	1
SECURITYSERVICES	dealz.lt	1
CLOUDFLARENET	biopapa.lt	1
hostsila.com	ferberg.lt	1
serveriai.lt	unihaus.lt	1
serveriai.lt	astara.lt	1
UAB Elneta	agerona.lt	1
domenai.lt	martech.lt	1
domenai.lt	amatucentras.lt	1
serveriai.lt	sventes.lt	1
PONYNET	vresta.lt	1
td-fn.net	Forcepoint Cloud Ltd	1
aicovo-dns.info	yurl.lt	1
serveriai.lt	skatt.lt	1
domenai.lt	brows.lt	1
serveriai.lt	obena.lt	1
co.uk	co.uk	4
UAB Interneto vizija	mf.lt	1
dns-123.net	serverpark.dk	1
UAB Interneto vizija	dq.lt	1
CLOUDFLARENET	pensioner.lt	1
getspace.us	zalida.lt	1
hertz.com	MICROSOFT-CORP-MSN-AS-BLOCK	1
serveriai.lt	alvirega.lt	1
UAB Bite Lietuva	synergyspace.lt	1
serveriai.lt	oase.lt	1
serveriai.lt	kkbu.lt	1
Penkiu kontinentu komunikaciju centras, Ltd.	spatula.lt	1
serveriai.lt	scubadiving.lt	1
AMAZON-02	tangotouch.lt	1
ipcom GmbH	nakedwines.lt	1
doblenet.com	virtualmbox.com	1
hostex.lt	virtuve.lt	1
serveriai.lt	roadhogsmc.lt	1
aversus.com	ovskids.lt	1
serveriai.lt	dashboard.lt	1
UAB Interneto vizija	nightguard.lt	1
GOOGLE	disco4u.lt	1
serveriai.lt	rune.lt	1
serveriai.lt	autolife.lt	1
CLOUDFLARENET	autospotlight.lt	1
Telia Lietuva, AB	leanacademy.lt	1
CLOUDFLARENET	custers.lt	1
serveriai.lt	ebiko.lt	1
serveriai.lt	bbm.lt	1
domenai.lt	nomadbee.lt	1
Telia Lietuva, AB	lnsf.lt	1
Telia Lietuva, AB	ardena.lt	1
serveriai.lt	bikinibody.lt	1
balt.net	gamestar.lt	1
bacloud.com	germada.lt	1
serveriai.lt	amifur.lt	1
serveriai.lt	aknera.lt	1
bacloud.com	foldsolutions.lt	1
serveriai.lt	gudauskas.lt	1
anycastns1.org	GOOGLE	1
serveriai.lt	steelpartners.lt	1
Telia Lietuva, AB	viciunugrupe.lt	1
eshoprent.com	sweetgirl.lt	1
Hetzner Online GmbH	greenconstruction.lt	1
alv.lt	alv.lt	1
serveriai.lt	mdrent.lt	1
serveriai.lt	vitago.lt	1
GOOGLE	finestories.lt	1
serveriai.lt	plusplusplus.lt	1
Hetzner Online GmbH	cbn.lt	1
serveriai.lt	trailmap.lt	1
areait.lv	ggbet.lt	1
CLOUDFLARENET	epaslaugos.lt	1
serveriai.lt	dailypro.lt	1
Telia Lietuva, AB	solodance.lt	1
smart-web.lt	smart-web.lt	1
IONOS SE	foryou.lt	1
AMAZON-02	beyondwhois.lt	1
UAB Elneta	pphosted.com	1
serveriai.lt	kkdvd.lt	1
rackspeed-cloud.com	arnoldparts.lt	1
serveriai.lt	adminkey.lt	1
CLOUDFLARENET	60min.lt	1
Telia Lietuva, AB	elinpro.lt	1
IONOS SE	23M GmbH	1
serveriai.lt	mincia.lt	1
serveriai.lt	evoa.lt	1
serveris.lt	kipi.lt	1
Net-Build GmbH	rolf-sorg.lt	1
hostex.lt	koslita.lt	1
serveriai.lt	monito.lt	1
serveriai.lt	autonomas.lt	1
signo.lt	licorp.lv	1
UAB Interneto vizija	odontology.lt	1
serveriai.lt	metrona.lt	1
CLOUDFLARENET	kask.lt	1
serveriai.lt	anekdotai.lt	1
CLOUDFLARENET	skin365.lt	1
serveriai.lt	lai.lt	1
CLOUDFLARENET	jewishstudies.lt	1
Telia Lietuva, AB	audkom.lt	1
PONYNET	vuzk.lt	1
serveriai.lt	cityspa.lt	1
quicns.cloud	MICROSOFT-CORP-MSN-AS-BLOCK	2
eshoprent.com	hobbymarket.lt	1
AMAZON-02	digisound.lt	1
vero.lt	vero.lt	1
viko.lt	MICROSOFT-CORP-MSN-AS-BLOCK	1
home.pl	mextra.lt	1
proisp.no	ambio.lt	1
serveriai.lt	asbk.lt	1
introweb.nl	previder.nl	1
serveriai.lt	priemariu.lt	1
serveriai.lt	apskaitau.lt	1
serveriai.lt	snark.lt	1
serveriai.lt	btcrm.lt	1
serveriai.lt	Torena, II	1
AMAZON-02	vipeq.lt	1
serveriai.lt	crazytrip.lt	1
bacloud.com	printart.lt	1
serveriai.lt	cincin.lt	1
hostex.lt	bidfood.lt	1
hap.lt	cyberella.lt	1
serveriai.lt	com.ua	1
CLOUDFLARENET	volvoautodalys.lt	1
CLOUDFLARENET	murka.lt	1
serveriai.lt	mano-svetaine.lt	1
baronai.lt	baronai.lt	2
serveriai.lt	jerusalem.lt	1
serveriai.lt	c-gis.lt	1
serveriai.lt	geliufeja.lt	1
serveriai.lt	dggroup.lt	1
domenai.lt	moldova.lt	1
teletrade-dj.com	teletrade-dj.com	2
serveriai.lt	briele.lt	1
NUCDN	getlenses.lt	1
balt.net	stalogistic.lt	1
balt.net	amberterminal.lt	1
serveriai.lt	buum.lt	1
Sia Nano IT	caviarhouse.lt	1
AMAZON-02	vdl.lt	1
CLOUDFLARENET	fusemetrix.com	1
serveriai.lt	bestmoto.lt	1
bitosis.net	bitosis.net	1
CLOUDFLARENET	leyla.lt	1
AMAZON-02	mail	1
serveriai.lt	seleris.lt	1
serveriai.lt	saja.lt	1
Penkiu kontinentu komunikaciju centras, Ltd.	vezame.lt	1
serveriai.lt	ainiai.lt	1
serveriai.lt	festa.lt	1
home.pl	400volt.lt	1
da.direct	arteja.lt	1
serveriai.lt	baltcore.lt	1
serveriai.lt	vaikysteszaislai.lt	1
serveriai.lt	dero.lt	1
Cloud DNS Ltd	airrex.lt	1
UAB Interneto vizija	telteka.lt	1
serveriai.lt	sugardas.lt	1
serveriai.lt	bsplegal.lt	1
serveriai.lt	simsim.lt	1
getspace.us	lupromotions.lt	1
serveriai.lt	sfibral.lt	1
serveriai.lt	inmatsis.lt	1
Hetzner Online GmbH	eacgroup.lt	1
Telia Lietuva, AB	ponama.lt	1
serveriai.lt	iconacademy.lt	1
team.blue Denmark A/S	GOOGLE	1
Telia Lietuva, AB	apoteca.lt	1
domenai.lt	milnora.lt	1
serveriai.lt	baldugamyba.lt	1
serveriai.lt	central-asia.lt	1
CLOUDFLARENET	bambuko.lt	1
Hetzner Online GmbH	banknotes.lt	1
serveriai.lt	kul.lt	1
serveris.lt	programuotojas.lt	1
systemdns.com	52.180	1
serveriai.lt	kultur.lt	1
Hetzner Online GmbH	bcmedia.lt	1
serveriai.lt	infoside.lt	1
serveriai.lt	newnest.lt	1
Telia Lietuva, AB	solosa.lt	1
balt.net	terracargo.lt	1
Telia Lietuva, AB	tomega.lt	1
serveriai.lt	sppc.lt	1
serveriai.lt	pirk.lt	1
Hetzner Online GmbH	pogrindis.lt	1
serveriai.lt	fav.lt	1
bacloud.com	picapica.lt	1
hostex.lt	abacus.lt	1
cadence.lv	kgtn.lt	1
Hetzner Online GmbH	brenta.lt	1
Cloud DNS Ltd	respublika.net	1
serveriai.lt	gomanta.lt	1
UAB Interneto vizija	neckaround.lt	1
SECURITYSERVICES	camoplastsolideal.lt	1
serveriai.lt	button-fix.lt	1
Hetzner Online GmbH	smartseo.lt	1
serveriai.lt	etatv.lt	1
rezervavimas.lt	mankus.lt	1
CLOUDFLARENET	tipro.lt	2
Hetzner Online GmbH	rimpex.lt	1
eshoprent.com	oriart.lt	1
ipcom GmbH	softit.net	2
serveriai.lt	irishembassy.lt	1
hostex.lt	upo.lt	1
serveriai.lt	majewska.lt	1
serveriai.lt	piromax.lt	1
CLOUDFLARENET	tinybeats.lt	1
csd.ch	MICROSOFT-CORP-MSN-AS-BLOCK	1
AMAZON-02	salviasept.lt	1
AMAZON-02	biotechusa.lt	1
Telia Lietuva, AB	31.188	1
fornex.com	4k.lt	1
hostex.lt	3play.lt	1
CLOUDFLARENET	fort.lt	1
serveriai.lt	intimamoda.lt	1
CLOUDFLARENET	prokitchen.lt	1
serveriai.lt	2face.lt	1
serveriai.lt	mvpmarketing.lt	1
Telia Lietuva, AB	vmedija.lt	1
domenai.lt	iridology.lt	1
serveriai.lt	diolight.lt	1
webd.pl	x-track.lt	1
CLOUDFLARENET	dirhost.net	1
meganet.lt	zerutis.lt	1
Telia Lietuva, AB	epv.lt	1
CLOUDFLARENET	mireina.lt	1
serveriai.lt	ilab.lt	1
hostex.lt	ebn.lt	1
UAB Bite Lietuva	fixjob.lt	1
serveriai.lt	dastra.lt	1
hostex.lt	cyberdefense.lt	1
serveriai.lt	reporting.lt	1
balt.net	parquet.lt	1
Telia Lietuva, AB	watski.lt	1
ato.lt	sprenda.lt	1
serveriai.lt	heatholders.lt	1
123ns.de	quixx.lt	1
serveris.lt	citynt.lt	1
serveriai.lt	wow24.lt	1
CLOUDFLARENET	openbadges.lt	1
serveriai.lt	goodlifeclub.lt	1
CLOUDFLARENET	sbeenergy.lt	1
UAB Penki kontinentai	ltfgroup.lt	1
UAB Interneto vizija	epicmedia.lt	1
managed-ns.com	SQUIXA PTY LIMITED	1
exxs.net	dabako.lt	1
serveriai.lt	tinyshop.lt	1
Telia Lietuva, AB	meinl.lt	1
domena.pl	GOOGLE	1
coreit.se	azureit.se	1
CLOUDFLARENET	avkparts.lt	1
serveriai.lt	primadenta.lt	1
domains.lt	katilai.lt	1
serveriai.lt	onda.lt	1
serveriai.lt	aac.lt	1
Telia Lietuva, AB	westcargo.lt	1
serveriai.lt	energotecha.lt	1
serveriai.lt	artinn.lt	1
GOOGLE	vrfun.lt	1
serveriai.lt	litvudas.lt	1
nonamehosts.com	victoriasecret.lt	1
serveriai.lt	art3d.lt	1
UAB Interneto vizija	igro.lt	1
serveriai.lt	investors.lt	1
serveriai.lt	foreverliving.lt	1
domains.lt	panaero.lt	1
serveriai.lt	web4labels.lt	1
serveriai.lt	insulinas.lt	1
hostex.lt	arejas.lt	1
areait.lv	dd24.lt	1
CLOUDFLARENET	rmx.de	1
UAB Bite Lietuva	itaja.lt	1
serveriai.lt	startlinemotors.lt	1
domains.lt	kukaitis.lt	1
Telia Lietuva, AB	enta.lt	1
virtuaal.com	snowroom.lt	1
domains.lt	elg.lt	1
serveriai.lt	elcora.lt	1
Institute of Mathematics and Computer Science of University of Latvia	samsungpromo.lt	1
serveriai.lt	augustinaite.lt	1
serveriai.lt	novels.lt	1
serveriai.lt	erste.lt	1
Telia Lietuva, AB	volai.lt	1
ROMARG SRL	padforce.lt	1
UAB Interneto vizija	ingressus.lt	1
serveriai.lt	bondbar.lt	1
serveriai.lt	textileoutlet.lt	1
serveriai.lt	raptorial.lt	1
Telia Lietuva, AB	agrotech.lt	1
CLOUDFLARENET	vmi.lt	1
CLOUDFLARENET	myhost.lt	1
serveris.lt	detera.lt	1
serveriai.lt	masona.lt	1
serveris.lt	pagarba.lt	1
domenai.lt	Cloudflare London, LLC	2
serveriai.lt	alnus.lt	1
smn.lv	smngroup.net	2
serveriai.lt	intwinity.lt	1
CLOUDFLARENET	stagg.lt	1
CLOUDFLARENET	kodomafija.lt	2
awsdns-09.org	OVH SAS	1
Telia Lietuva, AB	parkhotel.lt	1
serveriai.lt	kriptoteka.lt	1
serveriai.lt	mbk.lt	1
Telia Lietuva, AB	miu.lt	1
serveriai.lt	svetlana.lt	1
hostex.lt	mushrooms.lt	1
bacloud.com	gofit.lt	1
infocentras.com	latexfalt.lt	1
serveriai.lt	avanpost.lt	1
serveriai.lt	iter.lt	1
serveriai.lt	blancomet.lt	1
Telia Lietuva, AB	trojan.lt	1
UAB Interneto vizija	neoklasika.lt	1
serveriai.lt	bink.lt	1
Telia Lietuva, AB	medinge.lt	1
UAB Elneta	green-future.lt	1
UAB Interneto vizija	kingalis.lt	1
serveriai.lt	nisa.lt	1
serveris.lt	darata.lt	1
Telia Lietuva, AB	baco.lt	1
serveriai.lt	gugis.lt	1
CLOUDFLARENET	farmeda.lt	1
O2switch SAS	sirvis.lt	1
routing.net	MICROSOFT-CORP-MSN-AS-BLOCK	2
NUCDN	hoya.lt	1
serveriai.lt	marius-fabre.lt	1
getspace.us	rosydrop.lt	1
internex.at	leburger.lt	1
serveris.lt	zvm.lt	1
CLOUDFLARENET	dcr.lt	2
UAB Penki kontinentai	airomi.lt	1
serveriai.lt	socion.lt	1
Telia Lietuva, AB	labanoras.lt	1
CLOUDFLARENET	belex.lt	1
serveriai.lt	justline.lt	1
UAB Interneto vizija	volter.lt	1
serveriai.lt	nemokami.lt	1
UAB Rakrejus	geoteksas.lt	1
serveriai.lt	aikenda.lt	1
Telia Lietuva, AB	drapas.lt	1
domains.lt	creativelink.net	2
getspace.us	dkr-amber.lt	1
serveriai.lt	esel.lt	1
domenai.lt	pcnet.lt	1
getspace.us	cityvan.lt	1
NSONE	spacemail.com	1
domenai.lt	smarter.lt	1
serveriai.lt	velsta.lt	1
serveriai.lt	malkona.lt	1
UAB Interneto vizija	rugys.lt	1
getspace.us	ntga.lt	1
UAB Interneto vizija	autosu.lt	1
ports.se	alpha-innotec.lt	1
serveriai.lt	daugusta.lt	1
serveriai.lt	cathedralhotel.lt	1
domenai.lt	nana.lt	1
Telia Lietuva, AB	v18.lt	1
serveriai.lt	epil.lt	1
Telia Lietuva, AB	paramedica.lt	1
serveriai.lt	bigso.lt	1
serveriai.lt	vinita.lt	1
serveriai.lt	mobilis.lt	1
SCAAM0001	MICROSOFT-CORP-MSN-AS-BLOCK	1
UAB Interneto vizija	medik.lt	1
dotroll.com	hekela.lt	1
domenai.lt	grovela.lt	1
migadu.com	OVH SAS	2
balt.net	skalva.lt	1
serveriai.lt	edela.lt	1
hostika.net	ecoclan.lt	1
serveriai.lt	nautra.lt	1
bacloud.com	astronomai.lt	1
AMAZON-02	com.ua	1
AltusHost B.V.	garse.lt	1
Telia Lietuva, AB	dignas.lt	1
UAB Interneto vizija	contego.lt	1
serveriai.lt	vytis.lt	1
gransy.com	nutrego.lt	1
domenai.lt	salta.lt	1
eshoprent.com	ilovebeauty.lt	1
whirlpool.com	SECURITYSERVICES	1
UAB Interneto vizija	a77.lt	1
serveriai.lt	operacija.lt	1
GOOGLE	paperpoetry.lt	1
edata.lt	sparco.lt	1
AMAZON-02	ayde.lt	1
CLOUDFLARENET	figurina.lt	1
ICDSoft Ltd.	ideaartis.lt	1
serveriai.lt	cebababy.lt	1
domenai.lt	tylu.lt	1
handyhost.ru	klimat.lt	1
serveriai.lt	podu.lt	1
serveriai.lt	amely.lt	1
Telia Lietuva, AB	magra.lt	1
balticvps.eu	leidyklos.lt	1
Telia Lietuva, AB	florina.lt	1
CLOUDFLARENET	prestapro.lt	1
serveriai.lt	faas.lt	1
domains.lt	lnb.lt	1
domains.lt	kalbupasaulis.lt	1
Telia Lietuva, AB	observatorija.lt	1
serveris.lt	ariksa.lt	1
Zone Media OU	mxrecord.io	1
serveriai.lt	lighthouselogistics.lt	1
serveriai.lt	brigit.lt	1
getspace.us	josta.lt	1
bacloud.com	renoda.lt	1
serveriai.lt	kaleda.lt	1
CLOUDFLARENET	pharmarosa.lt	1
Hetzner Online GmbH	zipo.lt	1
serveriai.lt	vtka.lt	1
serveriai.lt	kinokultura.lt	1
serveriai.lt	losf.lt	1
serveriai.lt	schlosser.lt	1
domains.lt	sesla.lt	1
Telia Lietuva, AB	markai.lt	1
Informacines sistemos ir technologijos, UAB	vip-play.lt	1
CLOUDFLARENET	studijos.lt	1
hostex.lt	pamera.lt	1
ntg.pl	primulator.lt	1
UAB Interneto vizija	vrtech.lt	1
Cyber_Folks S.A.	stophiv.lt	1
serveriai.lt	vanparts.lt	1
serveriai.lt	gimines.lt	1
getspace.us	socialspace.lt	1
serveriai.lt	isopro.lt	1
serveriai.lt	elsoft.lt	1
Telia Lietuva, AB	ordo.lt	1
mm-com.de	mm-com.de	1
bacloud.com	skanus.lt	1
Informacines sistemos ir technologijos, UAB	it-line.lt	1
balt.net	litana.lt	1
domains.lt	mrtv.lt	1
serveriai.lt	24nt.lt	1
serveriai.lt	lova.lt	1
Telia Lietuva, AB	meida.lt	1
AMAZON-02	andersenlegal.lt	1
domenai.lt	chillhouse.lt	1
CLOUDFLARENET	ecowatersystems.lt	1
domains.lt	kolekcija.lt	1
serveriai.lt	gungan.lt	1
hostex.lt	ginuciubaidarkiemis.lt	1
serveriai.lt	edukopolis.lt	1
123ns.de	adecco.lt	1
hostex.lt	lakrima.lt	1
serveriai.lt	laroche.lt	1
managed-ns.com	pphosted.com	1
CLOUDFLARENET	l4.lt	1
AMAZON-02	villalituania.lt	1
domains.lt	greitaivezam.lt	1
serveriai.lt	artistotus.lt	1
serveriai.lt	risingstar.lt	1
CLOUDFLARENET	zzx.lt	1
serveriai.lt	builderis.lt	1
CLOUDFLARENET	plantronics.lt	1
serveriai.lt	madaman.lt	1
serveriai.lt	taskius.lt	1
serveriai.lt	cosmodarts.lt	1
domenai.lt	etib.lt	1
CLOUDFLARENET	elga.lt	1
init.lt	capitalradio.lt	1
wavecom.ee	banki.lt	1
serveriai.lt	actiopharma.lt	1
serveriai.lt	museum4u.lt	1
serveriai.lt	expodesign.lt	1
serveriai.lt	abukartu.lt	1
CLOUDFLARENET	uki.lt	1
Telia Lietuva, AB	think-tank.lt	1
serveriai.lt	holbee.lt	1
Telia Lietuva, AB	cwood.lt	1
serveriai.lt	pros.lt	1
serveriai.lt	blue.lt	1
aspone.cz	wedos.net	1
serveriai.lt	helpone.lt	1
CLOUDFLARENET	music.lt	1
crossnet.net	crossnet.net	1
serveriai.lt	elkerija.lt	1
UAB Baltnetos komunikacijos	eurofur.lt	1
UAB Interneto vizija	totorasa.lt	1
Telia Lietuva, AB	transconnect.lt	1
serveriai.lt	autodirect.lt	1
bacloud.com	judra.lt	1
serveriai.lt	ntvs.lt	1
serveriai.lt	samprata.lt	1
serveriai.lt	queenstouch.lt	1
domains.lt	dineras.lt	1
serveriai.lt	gabija.lt	1
bacloud.com	ra.lt	1
CLOUDFLARENET	sguard.lt	1
mr2.si	msv1.invalid	1
Telia Lietuva, AB	pinusnigra.lt	1
AMAZON-02	stagecoachschools.lt	1
dominant.lt	GOOGLE	1
serveriai.lt	starads.lt	1
serveriai.lt	apolskis.lt	1
CLOUDFLARENET	gardugardu.lt	1
serveriai.lt	ato.lt	1
CLOUDFLARENET	tlt-pcb.eu	1
serveriai.lt	serksnas.lt	1
getspace.us	artafilms.lt	1
serveriai.lt	fotografijospaslaugos.lt	1
serveriai.lt	ziukas.lt	1
serveriai.lt	inopla.lt	1
UAB Penki kontinentai	serple.lt	1
bacloud.com	delfin.lt	1
ltmd.net	avpro.lt	1
UAB Bite Lietuva	daza.lt	1
domenai.lt	bpt.lt	1
Telia Lietuva, AB	danys.lt	1
bacloud.com	stud.lt	1
MB Redfox Cloud	primerp.lt	1
UAB Interneto vizija	adutiskis.lt	1
getspace.us	rokys.lt	1
CLOUDFLARENET	mnogoknig.lt	1
serveriai.lt	philharmonic.lt	1
serveriai.lt	gscentras.lt	1
dntrust.com	haribo100.lt	1
serveriai.lt	lext.lt	1
serveris.lt	orus.lt	1
sparks-shop.lt	sparks-shop.lt	1
serveriai.lt	vma.lt	1
AMAZON-02	immonet.lt	1
budimex.pl	MICROSOFT-CORP-MSN-AS-BLOCK	1
UAB Interneto vizija	manon.lt	1
awsdns-20.net	GOOGLE	1
bacloud.com	profkosmetika.lt	1
Telia Lietuva, AB	swim.lt	1
CLOUDFLARENET	345.lt	1
domainers.de	heilind.lt	1
serveriai.lt	rito.lt	1
serveriai.lt	barasa.lt	1
serveriai.lt	momenty.lt	1
naturalshops3.net	locerin.lt	1
CLOUDFLARENET	metalman.lt	1
UAB Interneto vizija	hauson.lt	1
awsdns-01.org	ZOHO-AS	1
serveriai.lt	artsta.lt	1
infocentras.com	westorient.lt	1
Telia Lietuva, AB	winlotto.lt	1
UAB Rakrejus	bramidan.lt	1
Hetzner Online GmbH	eei.lt	1
serveriai.lt	24market.lt	1
serveriai.lt	eurobonds.lt	1
serveriai.lt	copie.lt	1
serveriai.lt	satelitas.lt	1
serveriai.lt	liucijus.lt	1
mijn.host	APPLE-ENGINEERING	1
lemarit.de	IWEB-AS	2
domenai.lt	AMAZON-02	1
domenai.lt	omlet.lt	1
balt.net	blokeliai.lt	1
Zone Media OU	spin.ee	1
Telia Lietuva, AB	latis.lt	1
checkdomain.de	fineways.lt	1
serveriai.lt	s0.lt	1
serveriai.lt	saira.lt	1
serveris.lt	lainava.lt	1
CLOUDFLARENET	gallerix.lt	1
serveriai.lt	term.lt	1
kileris.lt	pegasus.lt	1
CLDIN B.V.	MICROSOFT-CORP-MSN-AS-BLOCK	1
hostex.lt	moshair.lt	1
serveriai.lt	motorshop.lt	1
serveriai.lt	texora.lt	1
neostrada.nl	againstcancer.lt	1
GOOGLE	mamodels.lt	1
serveriai.lt	greycardinals.lt	1
serveriai.lt	lenex.lt	1
serveriai.lt	sec.lt	1
serveriai.lt	inovaciju.lt	1
IONOS SE	berzelius.de	1
serveriai.lt	4x4shop.lt	1
netzquadrat.de	netzquadrat.net	1
CLOUDFLARENET	amberalex.lt	1
serveriai.lt	it-support.lt	1
hostex.lt	rimosta.lt	1
serveriai.lt	estar.lt	1
medynas.lt	medynas.lt	1
hostex.lt	darnu-group.lt	1
serveriai.lt	grafitus.lt	1
serveriai.lt	redal.lt	1
serveriai.lt	fyshop.lt	1
Scaleway S.a.s.	stonesta.lt	1
UAB Interneto vizija	carraro.lt	1
domenai.lt	spoons.lt	1
hostex.lt	draugai.lt	1
bacloud.com	art-events.lt	1
serveriai.lt	reformacija.lt	1
Hetzner Online GmbH	1o.lt	1
serveriai.lt	maziliauskas.lt	1
serveriai.lt	korada.lt	1
trueconf.net	trueconf.com	1
getspace.us	pinkas.lt	1
infocentras.com	esame.lt	1
UNIFIEDLAYER-AS-1	bigcitylife.lt	1
serveriai.lt	dvarkiemis.lt	1
Telia Lietuva, AB	termovizija.lt	1
serveriai.lt	foremedia.lt	1
NUCDN	christeyns.lt	1
serveriai.lt	acinus.lt	1
serveriai.lt	rpmetal.lt	1
BUNNYWAY, informacijske storitve d.o.o.	fusemail.net	1
CLOUDFLARENET	skana.lt	1
edata.lt	br.lt	1
serveriai.lt	manokosmetika.lt	1
serveriai.lt	baltuska.lt	1
serveriai.lt	710.lt	1
serveriai.lt	osdas.lt	1
CLOUDFLARENET	manpx.lt	1
home.pl	lirene.lt	1
serveriai.lt	2c.lt	1
bacloud.com	balticservers.com	1
OVH SAS	i-sec.ninja	1
CLOUDFLARENET	elietuva.lt	1
serveriai.lt	matosauna.lt	1
domains.lt	ecotrans.lt	1
serveriai.lt	vsdg.lt	1
tc-host.pl	velge.lt	1
uniweb.be	uniweb.be	1
serveriai.lt	iotplatforma.lt	1
serveriai.lt	sidabrina.lt	1
blumen-schwarz.de	cvmx.de	1
serveriai.lt	nrl.lt	1
hostex.lt	nrda.lt	1
Telia Lietuva, AB	controlmaster.lt	4
serveriai.lt	lasportiva.lt	1
serveriai.lt	lithuaniatravel.lt	1
serveriai.lt	robot24.lt	1
serveriai.lt	increation.lt	1
CLOUDFLARENET	raseiniai.lt	1
UAB Interneto vizija	kremai.lt	1
serveriai.lt	capitals.lt	1
UAB Interneto vizija	vertejai.lt	1
serveriai.lt	geltoni.lt	1
NUCDN	icecat.lt	1
serveriai.lt	bondeko.lt	1
serveriai.lt	regimantas.lt	1
domenai.lt	v-servisas.lt	1
CLOUDFLARENET	eventbox.lt	1
bacloud.com	lintecha.lt	1
Telia Lietuva, AB	atra.lt	1
86id.nl	86id.nl	1
NUCDN	vilandra.lt	1
serveriai.lt	madeofmetal.lt	1
UAB Bite Lietuva	dex.lt	1
serveriai.lt	fama.lt	1
meganet.lt	eltona.lt	1
Zone Media OU	mlxplus.com	1
UAB Interneto vizija	pipi.lt	1
serveriai.lt	gads.lt	1
magit.lt	eurotir.lt	1
serveriai.lt	kolekcionieriai.lt	1
nicns.net	qcentris.lt	1
CLOUDFLARENET	mcpd.lt	1
Telia Lietuva, AB	gitara.lt	1
serveriai.lt	solarcheck.lt	1
Telia Lietuva, AB	sakora.lt	1
AMAZON-02	btechavmounts.lt	1
serveriai.lt	osteopatas.lt	1
serveriai.lt	minigolf.lt	1
getspace.us	justsport.lt	1
serveriai.lt	m-study.lt	1
serveriai.lt	automatas.lt	1
bacloud.com	webpartners.lt	1
serveriai.lt	bestlimo.lt	1
UAB Bite Lietuva	rentvespa.lt	1
serveriai.lt	laimingiaugalai.lt	1
CLOUDFLARENET	gintarine.lt	1
getspace.us	veslita.lt	1
UAB Interneto vizija	transfer4you.lt	1
serveriai.lt	muchmore.lt	1
serveriai.lt	navas.lt	1
domenai.lt	dieselanimal.lt	1
serveriai.lt	svgc.lt	1
serveriai.lt	titanai.lt	1
alltape.lt	alltape.lt	1
serveriai.lt	fastlink.lt	1
biemolt.com	biemolt.com	1
getspace.us	kpack.lt	1
serveriai.lt	bds.lt	1
Hetzner Online GmbH	denove.lt	1
UAB Nacionalinis Telekomunikaciju Tinklas	detalesplius.lt	1
serveriai.lt	monikapundziute.lt	1
serveriai.lt	rotunda.lt	1
CLOUDFLARENET	vexen.eu	1
UAB Elneta	labena.lt	1
Telia Lietuva, AB	psgn.lt	1
serveriai.lt	sporting.lt	1
domenai.lt	psichologineskonsultacijos.lt	1
CLOUDFLARENET	mailbee.cloud	1
serveriai.lt	safenet.lt	1
domenai.lt	brow.lt	1
serveriai.lt	taimano.lt	1
serveriai.lt	87.lt	1
serveriai.lt	savega.lt	1
Telia Lietuva, AB	iksis.lt	1
domains.lt	zaliasis-namas.lt	1
Telia Lietuva, AB	etron.lt	1
Telia Lietuva, AB	solar-park.lt	1
UAB Elneta	jpl.lt	1
CLOUDFLARENET	autokaubad24.ee	1
serveriai.lt	givenda.lt	1
Telia Lietuva, AB	sintelitika.lt	1
serveriai.lt	kanaporis.lt	1
UAB Interneto vizija	weroll.lt	1
serveriai.lt	eurosfera.lt	1
serveriai.lt	rko.lt	1
Telia Lietuva, AB	grigiskes.lt	1
bacloud.com	tripolis.lt	1
hostex.lt	xn--viebuiai-obb15f.lt	1
serveriai.lt	aikarta.lt	1
serveriai.lt	sketchup.lt	1
serveriai.lt	klingai.lt	1
UAB Bite Lietuva	wherein.lt	1
serveriai.lt	jazzhistory.lt	1
tarhely.com	encrypticoin.lt	1
serveriai.lt	grigalius.lt	1
serveriai.lt	pvv.lt	1
domains.lt	apnet.lt	1
serveriai.lt	hunting.lt	1
domains.lt	ait.lt	1
UAB Interneto vizija	shule.lt	1
eik.lt	kitchenforce.lt	1
bacloud.com	infoin.lt	1
netim.net	Proton AG	1
CLOUDFLARENET	irmantastamasauskas.lt	1
serveriai.lt	eeco.lt	1
Uab Servera	marketxl.lt	1
domenai.lt	pozos.lt	1
serveriai.lt	synnax.lt	1
serveriai.lt	maltus.lt	1
wiziup.net	gablok.lt	1
Telia Lietuva, AB	popshop.lt	1
UAB Baltnetos komunikacijos	schopp.lt	1
CLOUDFLARENET	ados-tech.lt	1
domainwerk.eu	sleepingbaghotel.lt	1
serveriai.lt	ambc.lt	1
UAB Interneto vizija	dvinterior.lt	1
AMAZON-02	physitrack.lt	1
CLOUDFLARENET	agroakademija.lt	1
hostex.lt	vorso.lt	1
ipcom GmbH	avene.lt	1
getspace.us	bongo.lt	1
serveriai.lt	sinida.lt	1
OVH SAS	ebmia.lt	1
UUNET	MICROSOFT-CORP-MSN-AS-BLOCK	1
hostex.lt	scalecomputing.lt	1
serveriai.lt	jelenatulcina.lt	1
Telia Lietuva, AB	authenticmail.eu	1
serveriai.lt	remejas.lt	1
netuse.de	CLOUDFLARENET	1
serveriai.lt	aztraining.lt	1
serveriai.lt	finansuakcentai.lt	1
CLOUDFLARENET	joo.lt	1
UAB Bite Lietuva	veva.lt	1
gransy.com	cerva-shop.lt	1
hostex.lt	palleta.lt	1
serveriai.lt	finsale.lt	1
AMAZON-02	floow.lt	1
Telia Lietuva, AB	vsg.lt	1
domenai.lt	maxspeed.lt	1
serveriai.lt	elpan-wanpan.lt	1
beehosting.pro	1ea.lt	1
serveriai.lt	pasjona.lt	1
IONOS SE	password.lt	1
aipi.at	aipi.de	1
Telia Lietuva, AB	pramac-lifter.lt	1
GOOGLE	GOOGLE-CLOUD-PLATFORM	1
serveriai.lt	oneclickfactory.lt	1
serveriai.lt	gehl.lt	1
edata.lt	balticwood.lt	1
UAB Baltnetos komunikacijos	cibita.lt	1
Telia Lietuva, AB	clavis.lt	1
getspace.us	trt.lt	1
serveriai.lt	inagra.lt	1
serveriai.lt	banaitis.lt	1
serveriai.lt	adie.lt	1
getspace.us	fruitera.lt	1
is-fun.net	mymxserver.com	1
serveris.lt	e-bene.lt	1
netcup GmbH	hewe.lt	1
UAB Interneto vizija	forsera.lt	1
serveriai.lt	kyra.lt	1
serveriai.lt	campus.lt	1
Telia Lietuva, AB	ehobbex.lt	1
serveriai.lt	balticon.lt	1
splius.lt	splius.lt	1
serveriai.lt	okay.lt	1
serveriai.lt	bluedot.lt	1
serveriai.lt	themedicalima.lt	1
serveriai.lt	teisininkai.lt	1
serveriai.lt	scada.lt	1
serveriai.lt	hitech.lt	1
serveriai.lt	eco-cosmetics.lt	1
serveriai.lt	atrakcionai.lt	1
CLOUDFLARENET	cavallette.lt	1
serveriai.lt	tapetija.lt	1
serveriai.lt	niami.lt	1
serveriai.lt	metruna.lt	1
serveriai.lt	mbmconstruction.lt	1
serveriai.lt	liuksbustas.lt	1
CLOUDFLARENET	tvm.lt	1
domains.lt	autentic.lt	1
serveris.lt	ameritus.lt	1
alfanet.ee	scsforwarding.lt	1
Telia Lietuva, AB	gld.lt	1
serveriai.lt	cesna.lt	1
serveriai.lt	heel.lt	1
CLOUDFLARENET	toto.lt	1
serveriai.lt	amarita.lt	1
serveriai.lt	grandpartners.eu	1
bacloud.com	zakona.lt	1
serveriai.lt	rsudd.lt	1
serveriai.lt	solemio.lt	1
home.pl	leaselink.lt	1
serveriai.lt	dejuris.lt	1
serveriai.lt	biker.lt	1
datucentrs.eu	superselection.lt	1
Telia Lietuva, AB	aquamagic.lt	1
UAB Interneto vizija	cgart.lt	1
serveriai.lt	savukynas.lt	1
serveriai.lt	dodeko.lt	1
serveris.lt	autovip.lt	1
CLOUDFLARENET	mnull.lt	1
UAB Interneto vizija	dlgym.lt	1
splius.lt	smail.lt	1
serveriai.lt	apservis.lt	1
supercp.com	connexus.lt	1
balt.net	ramusbaltic.lt	1
serveriai.lt	kurejas.lt	1
Telia Lietuva, AB	baltopaper.lt	1
serveriai.lt	ltva.lt	1
serveriai.lt	dzipudalys.lt	1
serveriai.lt	lpad.lt	1
serveriai.lt	promar.lt	1
serveriai.lt	easyseo.lt	1
hostex.lt	nuotekusistemos.lt	1
serveriai.lt	e6.lt	1
serveriai.lt	bluegastro.lt	1
serveriai.lt	kasura.lt	1
serveriai.lt	icase.lt	1
serveriai.lt	amberwell.lt	1
serveriai.lt	opek.lt	1
serveriai.lt	abcnordic.lt	1
serveriai.lt	avtoshkola.lt	1
Telia Lietuva, AB	vilto.lt	1
home.pl	konsimo.lt	1
Telia Lietuva, AB	degta.lt	1
balticum.lt	MICROSOFT-CORP-MSN-AS-BLOCK	1
Telia Lietuva, AB	bftools.lt	1
serveriai.lt	xfm.lt	1
serveriai.lt	lauce.lt	1
magit.lt	cinevera.lt	1
serveriai.lt	autocom.lt	1
serveris.lt	balticbikers.lt	1
serveriai.lt	photopandora.lt	1
serveriai.lt	nkla.lt	1
serveriai.lt	fasto.lt	1
serveriai.lt	e1shop.lt	1
bacloud.com	cpls.lt	1
Dataspace P.s.a.	GOOGLE	1
UAB Penki kontinentai	armitana.lt	1
serveriai.lt	rega.lt	1
CLOUDFLARENET	sportonline.lt	1
serveriai.lt	coffeespells.lt	1
serveriai.lt	tytoalba.lt	1
balt.net	Hostpoint AG	1
serveriai.lt	vff.lt	1
AMAZON-02	puuilo.lt	1
serveriai.lt	fortunagroup.lt	1
serveriai.lt	sertifikavimas.lt	1
serveriai.lt	vilmantinas.lt	1
Akamai International B.V.	unicreditleasing.lv	1
checkdomain.de	von-poll.lt	1
serveriai.lt	dota2.lt	1
cprapid.com	simu.lt	1
softlab.lt	softlab.lt	1
serveriai.lt	zero-waste.lt	1
serveriai.lt	fuksas.lt	1
1984.is	varse.lt	1
myatea.net	MICROSOFT-CORP-MSN-AS-BLOCK	1
CLOUDFLARENET	hstgr.cloud	1
Telia Lietuva, AB	kaukenas.lt	1
serveriai.lt	emaja.lt	1
serveriai.lt	doctorpc.lt	1
Telia Lietuva, AB	transera.lt	1
serveriai.lt	mundia.lt	1
bacloud.com	punskas.lt	1
Telia Lietuva, AB	nothinglikeaustralia.lt	1
hostex.lt	rotary.lt	1
Telia Lietuva, AB	nombeko.lt	1
ihc.at	ihc.at	1
UAB Penki kontinentai	geonorma.lt	1
ACTIVE 24, s.r.o.	MICROSOFT-CORP-MSN-AS-BLOCK	1
Sia Nano IT	terawood.lt	1
CLOUDFLARENET	1petshop.lt	1
domains.lt	tekeita.lt	1
bacloud.com	balers.lt	1
serveriai.lt	x0.lt	1
Kauno Technologijos Universitetas	evil.lt	1
serveriai.lt	jolitos.lt	1
serveriai.lt	tomvis.lt	1
CLOUDFLARENET	pepipost.com	1
serveriai.lt	rgroup.lt	1
serveriai.lt	bambukogrindys.lt	1
Informacines sistemos ir technologijos, UAB	holistica.lt	1
serveriai.lt	chiaroscuro.lt	1
Cloud DNS Ltd	tmid.lt	1
getspace.us	auditus.lt	1
serveriai.lt	ovalroom.lt	1
Telia Lietuva, AB	grigeo.lt	2
hostex.lt	chemicals.lt	1
serveriai.lt	klavita.lt	1
UAB Interneto vizija	kebb.lt	1
Telia Lietuva, AB	uabksc.lt	1
serveriai.lt	cs-server.lt	1
Telia Lietuva, AB	silko.lt	1
serveriai.lt	dentalone.lt	1
CLOUDFLARENET	noele.lt	1
CLOUDFLARENET	raid.lt	1
Telia Lietuva, AB	azpack.lt	1
domenai.lt	straka.lt	1
getspace.us	ambertown.lt	1
Hetzner Online GmbH	bpglobal.lt	1
UAB Interneto vizija	ts.lt	1
serveriai.lt	kerryblueterrier.lt	1
serveriai.lt	zoomis.lt	1
serveris.lt	meistertex.lt	1
serveriai.lt	opencart.lt	1
hap.lt	emka.lt	1
hostex.lt	sawmills.lt	1
UAB Interneto vizija	letsbuild.lt	1
domenai.lt	prisma.lt	1
serveriai.lt	daviska.lt	1
hostex.lt	woodenwindows.lt	1
serveriai.lt	vavai.lt	1
serveriai.lt	infomaniak.ch	1
serveriai.lt	lygu.lt	1
Ledl.net GmbH	solarfocus.lt	1
serveriai.lt	a14s.lt	1
serveriai.lt	reklamida.lt	1
namehero.com	webexpertai.lt	1
serveriai.lt	ina.lt	1
CLOUDFLARENET	lizards.lt	1
serveriai.lt	secureservice.lt	1
world4you.at	familylab.lt	1
Telia Lietuva, AB	mindtravel.lt	1
NUCDN	a24a.lt	1
UAB Interneto vizija	us.lt	1
serveris.lt	itexpert.lt	1
dragon.lt	drakonas.lt	1
Telia Lietuva, AB	histrans.lt	1
getspace.us	sielosharmonija.lt	1
ipcom GmbH	connect-tech.lt	1
serveriai.lt	automobiliunuoma.lt	1
domenai.lt	rivanda.lt	1
Sia Nano IT	lvagro.lt	1
magu.lt	ref.lt	1
serveriai.lt	fagor.lt	1
abedns.net	MICROSOFT-CORP-MSN-AS-BLOCK	2
NUCDN	durance.lt	1
serveriai.lt	margi.lt	1
serveriai.lt	itps.lt	1
UAB Interneto vizija	septet.lt	1
serveriai.lt	vrni.lt	1
UAB Proservis	greengold.lt	1
Telia Lietuva, AB	latora.lt	1
serveriai.lt	777kava.lt	1
Telia Lietuva, AB	montavimas.lt	1
Telia Lietuva, AB	elsites.lt	1
serveriai.lt	cbgrupe.lt	1
Telia Lietuva, AB	prsp.lt	1
serveriai.lt	astroelena.lt	1
serveriai.lt	vilagra.lt	1
UAB Interneto vizija	akvisa.lt	1
CLOUDFLARENET	rvs-tec.lt	1
serveriai.lt	adrama.lt	1
bacloud.com	bzu.lt	1
serveriai.lt	nnpi.lt	1
serveriai.lt	domuspacis.lt	1
serveriai.lt	evagift.lt	1
serveriai.lt	elmita.lt	1
bacloud.com	timberforce.lt	1
UAB Interneto vizija	keskosenukai.lt	2
serveriai.lt	4swim.lt	1
Telia Lietuva, AB	ecostate.lt	1
ecofon.lt	ekofon.lt	1
domenai.lt	betgee.lt	1
desec.io	ari.lt	1
serveriai.lt	kodavimas.lt	1
ipcom GmbH	floa-pay.lt	1
serveriai.lt	cityracers.lt	1
bacloud.com	club13.lt	1
serveriai.lt	savoserdves.lt	1
serveriai.lt	totaralms.lt	1
fcomet.com	egyland.lt	1
Uab Servera	servera.lt	1
CLOUDFLARENET	friendsclub.lt	1
CLOUDFLARENET	aikido.lt	1
serveriai.lt	getshopin.com	1
serveriai.lt	majada.lt	1
link-host.net	NAMECHEAP-NET	1
serveriai.lt	kosciuszko.lt	1
serveriai.lt	automated.lt	1
serveriai.lt	avlearning.lt	1
CLOUDFLARENET	devmode.lt	1
CLOUDFLARENET	coffeeshop.lt	1
CLOUDFLARENET	Torena, II	2
UAB Rakrejus	bestshop.lt	1
UAB Interneto vizija	lvs.lt	1
CLOUDFLARENET	udu.lt	1
serveriai.lt	spoofy.lt	1
serveriai.lt	dakmeta.lt	1
serveriai.lt	anvela.lt	1
serveriai.lt	germista.lt	1
CLOUDFLARENET	panevezys.lt	1
serveriai.lt	vpalogistics.lt	1
areait.lv	pophouse.lt	1
serveriai.lt	ops.lt	1
Telia Lietuva, AB	vv.lt	1
Hetzner Online GmbH	eruditas.lt	1
domenai.lt	servicedesk.lt	1
serveriai.lt	auksakaliai.lt	1
serveriai.lt	pusele.lt	1
serveriai.lt	dehome.lt	1
serveriai.lt	fotororo.lt	1
smarthost.pl	models118.lt	1
serveriai.lt	liberta.lt	1
serveriai.lt	unit.lt	1
Aixit GmbH	MICROSOFT-CORP-MSN-AS-BLOCK	1
serveriai.lt	silkrest.lt	1
serveriai.lt	nident.lt	1
hostex.lt	tiputapu.lt	1
serveriai.lt	kaloxi.lt	1
Telia Lietuva, AB	artogama.lt	1
introdns.com	apply.lt	1
SECURITYSERVICES	jameshardie.lt	1
hostex.lt	villasofia.lt	1
domenai.lt	realestatevilnius.lt	1
serveriai.lt	tonybetcasino.lt	1
tuonome.it	tuonome.lt	1
ironmountain.com	msv1.invalid	1
serveriai.lt	gestai.lt	1
roventa.lt	MICROSOFT-CORP-MSN-AS-BLOCK	1
UAB Interneto vizija	publicresearch.lt	1
UAB Interneto vizija	senior.lt	1
getspace.us	creamon.lt	1
Beget LLC	MICROSOFT-CORP-MSN-AS-BLOCK	1
serveriai.lt	metaleta.lt	1
Telia Lietuva, AB	archdesign.lt	1
UAB Interneto vizija	elektrik.lt	1
serveriai.lt	rfid.lt	1
serveriai.lt	ambere.lt	1
UAB Interneto vizija	ruf.lt	1
active24.cz	parfimo.lt	1
serveriai.lt	profumo.lt	1
UAB Interneto vizija	velveto.lt	1
Net-Build GmbH	q10-oxyrepair.lt	1
serveriai.lt	dundulis.lt	1
SECURITYSERVICES	dearrom.lt	1
Telia Lietuva, AB	vienkiemis.lt	1
NUCDN	RACKSPACE	1
serveriai.lt	getit.lt	1
AMAZON-02	betwaycasino.lt	1
x-site.be	rhrpets.lt	1
UAB Interneto vizija	travix.lt	1
UAB ESNET	criticallife.lt	1
serveriai.lt	filtras.lt	1
serveriai.lt	agespa.lt	1
Kauno Technologijos Universitetas	reimpex.lt	1
bacloud.com	kvitrina.lt	1
serveriai.lt	copier.lt	1
CLOUDFLARENET	au0.lt	1
serveriai.lt	masterlab.lt	1
domenai.lt	winterrally.lt	1
CLOUDFLARENET	mug.lt	1
Telia Lietuva, AB	kingsbud.lt	1
UAB Interneto vizija	happyrent.lt	1
Telia Lietuva, AB	selection.lt	1
domains.lt	matuzonis.lt	1
serveriai.lt	eon.lt	1
serveriai.lt	mume.lt	1
CLOUDFLARENET	happyjapan.lt	1
serveriai.lt	yesforskills.lt	1
serveriai.lt	tkortele.lt	1
UAB Interneto vizija	cleaners.lt	1
aland.net	MICROSOFT-CORP-MSN-AS-BLOCK	1
serveriai.lt	storma.lt	1
Telia Lietuva, AB	vertintojas.lt	1
serveriai.lt	webster.lt	1
Telia Lietuva, AB	rudenta.lt	1
ipt.lt	autozeba.lt	1
Telia Lietuva, AB	sobona.lt	1
serveriai.lt	fiksera.lt	1
netim.net	Cloudflare London, LLC	1
CLOUDFLARENET	mail	1
epecweb.net	epecweb.com	2
UNIFIEDLAYER-AS-1	minusas.lt	1
home.pl	pphosted.com	1
zonomi.com	maisai.lt	1
UAB Interneto vizija	allis.lt	1
Sia Nano IT	eurobike.lt	1
Telia Lietuva, AB	biohyl.lt	1
UAB Interneto vizija	minikas.lt	1
UAB Interneto vizija	beard.lt	1
hostex.lt	rssailing.lt	1
serveriai.lt	cold.lt	1
hap.lt	p911.lt	1
GOOGLE	agileday.lt	1
Telia Lietuva, AB	trolls.lt	1
nonamehosts.com	addlistsite.lt	1
getspace.us	emu.lt	1
co.uk	Telia Cygate Oy	1
serveriai.lt	olos.lt	1
serveriai.lt	iwent.lt	1
AMAZON-02	dreambingo.lt	1
serveriai.lt	remzona.lt	1
serveriai.lt	plotai.lt	1
UAB Baltnetos komunikacijos	silvija.lt	1
Sia Nano IT	secure-shop.lt	1
UAB Bite Lietuva	lagunaclub.lt	1
serveriai.lt	gti.lt	1
serveriai.lt	mge.lt	1
UAB Interneto vizija	delorean.lt	1
site.pro	ZOHO Corporation B.V	1
checkdomain.de	torpedo-online.lt	1
secar.cz	sherlog.lt	1
serveriai.lt	kiemooaze.lt	1
serveriai.lt	omegaline.lt	1
edata.lt	sraigtelis.lt	1
CLOUDFLARENET	44.136	1
domenai.lt	ambassador.lt	1
serveriai.lt	rastinukaijums.lt	1
serveriai.lt	registracijosadresas.lt	1
serveriai.lt	duvos.lt	1
CLOUDFLARENET	loads.lt	1
UAB Interneto vizija	gtaverse.lt	1
home.pl	coinplex.lt	1
serveriai.lt	sleepspace.lt	1
serveriai.lt	lukomorje.lt	1
Telia Lietuva, AB	baltasfurniture.lt	1
serveriai.lt	mystarlife.lt	1
serveriai.lt	aquasanita.lt	1
linode.com	skytours.lt	1
serveriai.lt	mavera.lt	1
serveriai.lt	autodar.lt	1
Cloud DNS Ltd	transfermarkt.de	1
Telia Lietuva, AB	aera.lt	1
Telia Lietuva, AB	intranetas.lt	1
CLOUDFLARENET	nailpro.lt	1
UAB Bite Lietuva	pardos.lt	1
serveriai.lt	androidmedia.lt	1
serveriai.lt	dentura.lt	1
ipcom GmbH	lavazzaclub.lt	1
serveriai.lt	mediresta.lt	1
serveriai.lt	kulka.lt	1
domenai.lt	srenta.lt	1
serveriai.lt	jukora.lt	1
serveriai.lt	miaris.lt	1
serveriai.lt	goodgarden.lt	1
serveriai.lt	youdek.lt	1
serveriai.lt	cereal.lt	1
serveriai.lt	akvila.lt	1
mwebdns.de	Host Europe GmbH	1
CLOUDFLARENET	heimdalsecurity.com	1
serveriai.lt	urbsys.lt	1
UAB Interneto vizija	sticker.lt	1
UAB Interneto vizija	janina.lt	1
UAB Elneta	quad.lt	1
serveriai.lt	novafinance.lt	1
serveriai.lt	colorstreet.lt	1
Telia Lietuva, AB	top24.lt	1
Telia Lietuva, AB	kiturami.lt	1
CLOUDFLARENET	hobiverse.lt	1
serveriai.lt	hike.lt	1
serveriai.lt	telemeta.lt	1
serveriai.lt	vagis.lt	1
domenai.lt	rcalc.lt	1
serveriai.lt	waterinn.lt	1
serveriai.lt	asanazen.lt	1
serveriai.lt	kolabnow.com	1
domenai.lt	royalhenna.lt	1
serveriai.lt	lgms.lt	1
awsdns-31.com	SQUIXA PTY LIMITED	1
domenai.lt	panetone.lt	1
UAB Interneto vizija	gamex.lt	1
UAB Proservis	amvproject.lt	1
NSONE	viasatinternet.lt	1
CLOUDFLARENET	zafi.lt	1
magit.lt	linne.lt	1
UAB Bite Lietuva	ytong.lt	1
Telia Lietuva, AB	roterbah.lt	1
domenai.lt	myland.lt	1
Telia Lietuva, AB	fishnet.lt	1
AMAZON-02	onlydomains.lt	1
serveriai.lt	jobcenter.lt	1
mahost.lt	dmgc.lt	1
hap.lt	gertruda.lt	1
serveriai.lt	htc.lt	1
serveriai.lt	qu.lt	1
serveriai.lt	arseka.lt	1
serveriai.lt	linobaldai.lt	1
SECURITYSERVICES	GOOGLE	2
serveriai.lt	btinvest.lt	1
magit.lt	infovega.lt	1
hostex.lt	imodel.lt	1
CLOUDFLARENET	lirenta.lt	1
getspace.us	ramps.lt	1
NUCDN	toolstream.lt	1
CLOUDFLARENET	nuvora.lt	1
serveriai.lt	googel.lt	1
serveriai.lt	freyja.lt	1
serveriai.lt	mktechnika.lt	1
Telia Lietuva, AB	Hostline, Uab	1
serveriai.lt	buto.lt	1
CLOUDFLARENET	aprilius.lt	1
domenai.lt	greenmaterials.lt	1
UAB Interneto vizija	cider.lt	1
bacloud.com	senora.lt	1
UUNET	obo.de	1
serveriai.lt	nordena.lt	1
UAB Interneto vizija	bird.lt	1
serveriai.lt	3dvisualizations.lt	1
UAB Interneto vizija	benidorm.lt	1
domenai.lt	leles.lt	1
getspace.us	bosscolor.lt	1
CLOUDFLARENET	sidras.lt	1
serveriai.lt	giemeda.lt	1
serveriai.lt	ekonet.lt	2
getspace.us	charminglook.lt	1
serveriai.lt	ellips.lt	1
getspace.us	sauce.lt	1
CASABLANCA INT a.s.	ahmedperfumes.lt	1
deac.lv	deac.eu	1
fornex.com	aromat.lt	1
serveriai.lt	pelynas.lt	1
Telia Lietuva, AB	vilturas.lt	1
serveriai.lt	kvc.lt	1
serveriai.lt	bge.lt	1
CLOUDFLARENET	2023.lt	1
GOOGLE	partymusic.lt	1
domains.lt	smilga.lt	1
CLOUDFLARENET	tenko.lt	1
AMAZON-02	goldbet.lt	1
CLOUDFLARENET	7lp.lt	1
onyx.pl	onyx.pl	1
serveriai.lt	facto.lt	1
serveriai.lt	modeo.lt	1
serveriai.lt	plytos.lt	1
naturalshops2.net	piperinox.lt	1
serveriai.lt	garbe.lt	1
domenai.lt	royalspa.lt	1
Cyber_Folks S.A.	matzzz.lt	1
UAB Interneto vizija	thinkcar.lt	1
serveriai.lt	geotopo.lt	1
serveriai.lt	ailya.lt	1
serveriai.lt	luckybag.lt	1
serveris.lt	magletis.lt	1
serveriai.lt	master-mind.lt	1
CLOUDFLARENET	eurovaistine.lt	1
ltmd.net	trimate.lt	1
Kauno Technologijos Universitetas	lr.lt	1
UAB Interneto vizija	amtservice.lt	1
Telia Lietuva, AB	durpeta.lt	1
serveriai.lt	agnum.lt	1
UAB Interneto vizija	xklubas.lt	1
Telia Lietuva, AB	packmak.lt	1
Hetzner Online GmbH	colorex.lt	1
serveriai.lt	gtp.lt	1
serveriai.lt	beeprofessional.lt	1
serveriai.lt	handball.lt	1
CLOUDFLARENET	casinotop10.lt	1
hostex.lt	auto4drive.lt	1
Nazwa.pl Sp.z.o.o.	auxair.lt	1
Telia Lietuva, AB	ingroup.lt	1
serveriai.lt	itonika.lt	1
UAB Interneto vizija	gouber.lt	1
Telia Lietuva, AB	andreafoto.lt	1
Telia Lietuva, AB	2go.lt	1
serveriai.lt	kvant.lt	1
Telia Lietuva, AB	neoresta.lt	1
serveriai.lt	onlinebts.lt	1
serveriai.lt	kunce.lt	1
CLOUDFLARENET	gdrive.lt	1
balt.net	marisol.lt	1
serveriai.lt	remigijus.lt	1
serveris.lt	dzukijos.lt	1
ORANGE BUSINESS SERVICES U.S. Inc.	UK-2 Limited	1
SECURITYSERVICES	vilebrequin.lt	1
hostex.lt	doit.lt	1
serveris.lt	sgg.lt	1
hostex.lt	oketa.lt	1
serveriai.lt	slr.lt	1
CLOUDFLARENET	polis.lt	1
serveriai.lt	intertagma.lt	1
bacloud.com	medutis.lt	1
serveriai.lt	intako.lt	1
serveriai.lt	gavenas.lt	1
CLOUDFLARENET	tsdev.lt	1
serveriai.lt	apgr.lt	1
serveriai.lt	germa.lt	1
serveriai.lt	sausta.lt	1
serveriai.lt	autoiranga.lt	1
hostex.lt	wellsys.lt	1
serveriai.lt	magveda.lt	1
Telia Lietuva, AB	wambo.lt	1
domenai.lt	musteracademy.lt	1
AMAZON-02	beconfident.lt	1
A2HOSTING	groundfloor24.lt	1
domains.lt	compex.lt	1
domenai.lt	hipertenzija.lt	1
serveris.lt	evoque.lt	1
serveriai.lt	rif.lt	1
AMAZON-02	hooligaan.lt	1
serveriai.lt	komplektai.lt	1
serveriai.lt	goodidea.lt	1
host1plus.com	Telia Lietuva, AB	1
serveriai.lt	arsis.lt	1
Telia Lietuva, AB	hepi.lt	1
CLOUDFLARENET	dofka.lt	1
bacloud.com	generalis.lt	1
checkdomain.de	maul.lt	1
jassmedia.com	orthogroup.lt	1
serveriai.lt	f3group.lt	1
SIA BITE Latvija	MICROSOFT-CORP-MSN-AS-BLOCK	1
serveriai.lt	ttrecords.lt	1
AMAZON-02	brambles.lt	1
serveriai.lt	karpos.lt	1
serveriai.lt	savashome.lt	1
vultr.com	autoadmin.lt	1
serveriai.lt	alfaline.lt	1
nroute.de	MICROSOFT-CORP-MSN-AS-BLOCK	1
interna.me	babaghanoush.lt	1
domenai.lt	23M GmbH	1
serveriai.lt	solidviser.lt	1
bacloud.com	fintiva.lt	1
hostsila.com	omna.lt	1
serveriai.lt	fanatai.lt	1
Telia Lietuva, AB	clage.lt	1
serveriai.lt	rlaw.lt	1
serveriai.lt	prophunt.lt	1
AMAZON-02	galafoldamenabilitytable.lt	1
serveriai.lt	inet.lt	1
PONYNET	audiozona.lt	1
Penkiu kontinentu komunikaciju centras, Ltd.	ceramics.lt	1
serveriai.lt	gkrp.lt	1
CLOUDFLARENET	srpi.lt	1
serveriai.lt	screenshop.lt	1
serveriai.lt	navako.lt	1
serveriai.lt	biosteam.lt	1
serveriai.lt	promfactorbaltic.lt	1
Telia Lietuva, AB	augtus.lt	1
Telia Lietuva, AB	inseda.lt	1
CLOUDFLARENET	dubaichocolates.lt	1
dhosting.pl Sp. z o.o.	GOOGLE	1
CLOUDFLARENET	eriglobe.lt	1
serveriai.lt	westauto.lt	1
serveriai.lt	reafamily.lt	1
xundns.com	6599sehtcdn.com	1
CLOUDFLARENET	gloomis.lt	1
serveriai.lt	best2go.lt	1
serveriai.lt	teddybear.lt	1
domenai.lt	artur.lt	1
Scaleway S.a.s.	melita.lt	1
serveriai.lt	flexiva.lt	1
serverhostgroup.com	isviesa.lt	1
domains.lt	vk.lt	1
Telia Lietuva, AB	poshop.lt	1
serveriai.lt	pipilates.lt	1
hostex.lt	rangera.lt	1
Telia Lietuva, AB	geogroup.lt	1
Telia Lietuva, AB	baseinai.lt	1
serveriai.lt	topelighting.lt	1
bacloud.com	fikva.lt	1
serveriai.lt	diskai.lt	1
OVH SAS	soverin.net	1
getspace.us	stylebeauty.lt	1
UAB Elneta	sunelectrics.lt	1
serveriai.lt	aplinkotvarka.lt	1
helmes.ee	MICROSOFT-CORP-MSN-AS-BLOCK	1
hostex.lt	lumen.lt	1
Telia Lietuva, AB	eazintel.lt	1
serveriai.lt	apartmentrent.lt	1
hostex.lt	demar.lt	1
arenamediacloud.com	dragonboat.lt	1
serveriai.lt	esetnod32.lt	1
Penkiu kontinentu komunikaciju centras, Ltd.	rent4you.lt	1
serveriai.lt	kungfuakademija.lt	1
domenai.lt	verseka.lt	1
Hetzner Online GmbH	sharmar.lt	1
serveriai.lt	tstore.lt	1
serveriai.lt	purslai.lt	1
CLOUDFLARENET	condomshop.lt	1
serveriai.lt	neonine.lt	1
domains.lt	sportspa.lt	1
Telia Lietuva, AB	daewoo-electronics.lt	1
domains.lt	Sabiedriba ar ierobezotu atbildibu DELSKA Latvia	1
eshoprent.com	mirrorshop.lt	1
NUCDN	exki.lt	1
Telia Lietuva, AB	mju.lt	1
hostika.net	visu.lt	1
domeneshop.dev	domeneshop.dev	1
serveriai.lt	benjaminmoore.lt	1
UAB Rakrejus	infoads.lt	1
CLOUDFLARENET	motogymkhana.lt	1
serveriai.lt	n3.lt	1
serveriai.lt	carparts.lt	1
UAB Baltnetos komunikacijos	jusala.lt	1
serveriai.lt	ineiga.lt	1
serveriai.lt	joia.lt	1
serveriai.lt	nbi.lt	1
serveriai.lt	fundy.lt	1
domenai.lt	daniele.lt	1
bacloud.com	fotospa.lt	1
GANDI SAS	stronga.lt	1
serveriai.lt	fuego.lt	1
serveriai.lt	finopsis.lt	1
UAB Interneto vizija	printy.lt	1
Telia Lietuva, AB	argi.lt	1
serveriai.lt	kertu.lt	1
serveris.lt	stuntriding.lt	1
interdominios.com	tistram.lt	1
serveriai.lt	12345.lt	1
serveris.lt	sile.lt	1
UAB Elneta	nalsia.lt	1
domains.lt	toppica.lt	1
CLOUDFLARENET	jonukas.lt	1
UAB Interneto vizija	profitfactory.lt	1
CLOUDFLARENET	infostatyba.lt	1
CLOUDFLARENET	apstu.lt	1
serveriai.lt	remeda.lt	1
CLOUDFLARENET	umumu.lt	1
jethosting.com	interstart.lt	1
serveriai.lt	thenoted.lt	1
Telia Lietuva, AB	minbra.lt	1
Hetzner Online GmbH	hellen-design.lt	1
Telia Lietuva, AB	rohe.lt	1
Telia Lietuva, AB	micena.lt	1
magit.lt	MICROSOFT-CORP-MSN-AS-BLOCK	1
domains.lt	neringa.lt	1
serveriai.lt	jjj.lt	1
parkas.lt	albireo.lt	1
serveriai.lt	oldtownbarbers.lt	1
serveriai.lt	duruspektras.lt	1
SECURITYSERVICES	sampo.lt	1
ACTIVE 24, s.r.o.	4robot.lt	1
UAB Interneto vizija	skirmante.lt	1
hostex.lt	forlita.lt	1
serveriai.lt	essensi.lt	1
domains.lt	azeris.lt	1
serveriai.lt	two.lt	1
domenai.lt	kafe24.lt	1
Telia Lietuva, AB	briquette.lt	1
UAB Interneto vizija	message.lt	1
Telia Lietuva, AB	vipos.lt	1
serveriai.lt	77houses.lt	1
serveriai.lt	svep.lt	1
serveriai.lt	kalbis.lt	1
serveriai.lt	mobile-accessories.lt	1
serveriai.lt	rentcar.lt	1
serveriai.lt	upta.lt	1
Hetzner Online GmbH	indigosport.lt	1
Hetzner Online GmbH	weightpulling.lt	1
domenai.lt	atlikimopsichologija.lt	1
Penkiu kontinentu komunikaciju centras, Ltd.	gintis.lt	1
serveriai.lt	kvgroup.lt	1
Telia Lietuva, AB	advokatum.lt	1
serveriai.lt	imic.lt	1
serveriai.lt	fritra.lt	1
Telia Lietuva, AB	all-time.lt	1
serveriai.lt	abicor.lt	1
aversus.com	stefanel.lt	1
domenai.lt	lusi.lt	1
CLOUDFLARENET	irmantas.lt	1
datashop.cc	tsetinisefeso.lt	1
serveriai.lt	motobolas.lt	1
serveriai.lt	moderno.lt	1
bacloud.com	duplo.lt	1
IONOS SE	aspoeck.at	1
serveriai.lt	paranoid.lt	1
serveriai.lt	moduliniainameliai.lt	1
serveriai.lt	arkamis.lt	1
domenai.lt	extremerun.lt	1
domains.lt	avpc.lt	1
serveriai.lt	consolutions.lt	1
serveriai.lt	chamas.lt	1
serveriai.lt	malibu.lt	1
balticvps.eu	raktai.lt	1
serveriai.lt	bello.lt	1
CLOUDFLARENET	ukmerge.lt	1
CLOUDFLARENET	brikas.lt	1
Telia Lietuva, AB	landinvest.lt	1
domenai.lt	myshopify.com	1
serveriai.lt	scaent.lt	1
Telia Lietuva, AB	artotrans.lt	1
id.lv	id.lv	2
UAB Interneto vizija	gs.lt	1
CLOUDFLARENET	mdigital.lt	1
serveriai.lt	inpacto.lt	1
serveriai.lt	polidangos.lt	1
CLOUDFLARENET	nvmnetwork.eu	1
serveriai.lt	drj.lt	1
NUCDN	transalliance.lt	1
Telia Lietuva, AB	euroelektronika.lt	1
kwikdns.com	inv24.lt	1
avinet.lt	avinet.lt	1
serveriai.lt	storyselling.lt	1
CLOUDFLARENET	finntrail.lt	1
serveriai.lt	salune.lt	1
domenai.lt	asphoto.lt	1
Vautron Rechenzentrum AG	greendoctors.lt	1
GOOGLE	fotoli.lt	1
balt.net	menopace.lt	1
serveriai.lt	garvis.lt	1
GANDI SAS	atri.lt	1
Telia Lietuva, AB	echostamp.lt	1
serveriai.lt	holyland.lt	1
i-net-hosting.net	wanzl.lt	1
serveriai.lt	gariunai.lt	1
serveriai.lt	liegele.lt	1
serveriai.lt	manoip.lt	1
AMAZON-02	greentom.com	1
serveriai.lt	roond.lt	1
domenai.lt	privatu.lt	1
AMAZON-02	moodle.lt	1
hostex.lt	jauna.lt	1
hostex.lt	sistemos.lt	1
serveriai.lt	saugosgarantija.lt	1
infocentras.com	ctx.lt	1
serveriai.lt	upsera.lt	1
wantstofly.lt	wantstofly.lt	1
hostex.lt	xenum.lt	1
serveriai.lt	brantas.lt	1
serveriai.lt	log-net.lt	1
serveriai.lt	stuf.lt	1
infocentras.com	migesta.lt	1
serveriai.lt	maka.lt	1
Telia Lietuva, AB	paralele.lt	1
ACTIVE 24, s.r.o.	donotage.lt	1
serveriai.lt	defensas.lt	1
ACTIVE 24, s.r.o.	nobio.lt	1
Telia Lietuva, AB	abromaitis.lt	1
AMAZON-02	tslive.lt	1
serveriai.lt	nerolis.lt	1
Telia Lietuva, AB	dateks.lt	1
domains.lt	lema.lt	1
bacloud.com	gaka.lt	1
GOOGLE	projektai.lt	1
papaki.gr	gourmante.lt	1
ipcom GmbH	edenred.lt	1
netim.net	ZOHO-AS	1
Nazwa.pl Sp.z.o.o.	viamori.lt	1
serveriai.lt	airv.lt	1
UAB Elneta	darzeliai.lt	1
domenai.lt	sypt.lt	1
serveriai.lt	sersrl.lt	1
serveriai.lt	zvb.lt	1
fornex.com	haker.lt	1
domenai.lt	ircforum.lt	1
greengeeks.net	ecocycle.lt	1
serveriai.lt	3akis.lt	1
Cyber_Folks S.A.	t-rex.lt	1
serveriai.lt	motobaze.lt	1
serveriai.lt	pirmaskartas.lt	1
tarhelykozpont.hu	auto-az.lt	1
hosterion.com	jarex-parts.lt	1
bacloud.com	finansinelaisve.lt	1
UAB Interneto vizija	galerijos.lt	1
telenet.be	MICROSOFT-CORP-MSN-AS-BLOCK	1
gransy.com	vilgain.lt	1
domains.lt	gaule.lt	1
serveriai.lt	sensumair.lt	1
hostex.lt	biometrija.lt	1
serveriai.lt	labourmarket.lt	1
serveriai.lt	sdg.lt	1
serveriai.lt	elegance.lt	1
serveriai.lt	sgbrand.lt	1
hostika.net	nnp.lt	1
serveriai.lt	adbl.lt	1
ACTIVE 24, s.r.o.	tatratea.lt	1
domenai.lt	ijo.lt	1
serveriai.lt	jogossviesa.lt	1
hostex.lt	lamo.lt	1
serveriai.lt	optimistas.lt	1
CLOUDFLARENET	ecstra.lt	1
domenai.lt	m7.lt	1
home.pl	bodychief.lt	1
bacloud.com	motospa.lt	1
serveriai.lt	valgoma.lt	1
serveriai.lt	livesquare.lt	1
serveriai.lt	waavo.lt	1
domenai.lt	browist.lt	1
serveriai.lt	carhelp.lt	1
Telia Lietuva, AB	jj.lt	1
CLOUDFLARENET	eshop.lt	1
serveris.lv	agrorisk.lt	1
123ns.de	basler.lt	1
serveris.lt	himnas.lt	1
SECURITYSERVICES	pernod-ricard.lt	1
serveriai.lt	hklinika.lt	1
serveriai.lt	lahtipro.lt	1
domains.lt	in-tech.lt	1
ipt.lt	skinest.lt	1
UAB Bite Lietuva	juodvalkis.lt	1
UAB Interneto vizija	eye.lt	1
domains.lt	reabilitacija.lt	1
meganet.lt	perkon.lt	1
UAB Interneto vizija	9v.lt	1
serveriai.lt	partcomm.lt	1
Infocom Uk Ltd	smegi.lt	1
UAB Interneto vizija	coal.lt	1
CLOUDFLARENET	inac.lt	1
serveris.lt	karpiai.lt	1
serveriai.lt	serpantinasgroup.lt	1
bacloud.com	duomenucentras.lt	1
serveriai.lt	imedental.lt	1
CLOUDFLARENET	arthur.lt	1
serveriai.lt	pcdoctor.lt	1
CLOUDFLARENET	paperseal.lt	1
CLOUDFLARENET	magdent.lt	1
hostex.lt	teisi.lt	1
CLOUDFLARENET	e-agroteka.lt	1
AMAZON-02	traceca.lt	1
serveriai.lt	arcanum.lt	1
CLOUDFLARENET	mokosh.lt	1
serveriai.lt	pro-risks.lt	1
serveriai.lt	apresport.lt	1
hap.lt	bmo.lt	1
Telia Lietuva, AB	statga.lt	1
serveriai.lt	kebis.lt	1
Telia Lietuva, AB	eride.lt	1
serveriai.lt	b-a.eu	1
serveriai.lt	algoritmika.lt	1
Sia Nano IT	internetaptieka.lt	1
serveriai.lt	ketika.lt	1
ACTIVE 24, s.r.o.	puzzlemania.lt	1
Hetzner Online GmbH	topenshop.lt	1
nonamehosts.com	linguaneura.lt	1
serveriai.lt	colorita.lt	1
webhostingserver.nl	balemaster.lt	1
serveriai.lt	advalue.lt	1
UAB Interneto vizija	agbeauty.lt	1
Telia Lietuva, AB	netmark.lt	1
Telia Lietuva, AB	oratv.lt	1
NUCDN	adamequipment.lt	1
weber.cloud	MICROSOFT-CORP-MSN-AS-BLOCK	1
serveriai.lt	transvia.lt	1
serveriai.lt	vyrukalve.lt	1
domenai.lt	madamknits.lt	1
serveriai.lt	veld.lt	1
IONOS SE	de-nserver.de	1
serveriai.lt	icos.lt	1
CLOUDFLARENET	jonaslasauskas.lt	1
amenworld.com	securemail.pro	1
Zone Media OU	lexi.lt	1
Kauno Technologijos Universitetas	seb.ee	1
hostex.lt	vacationgoesaction.lt	1
serveriai.lt	orahome.lt	1
hostex.lt	blockpost.lt	1
domenai.lt	danai.lt	1
GOOGLE	getlinux.lt	1
allianz.com	azmx.de	2
serveriai.lt	fishingforfun.lt	1
GOOGLE	creativedock.lt	1
UAB Interneto vizija	ventis.lt	1
serveriai.lt	windu.lt	1
domenai.lt	kardio.lt	1
domains.lt	gama.lt	1
serveriai.lt	budokan.lt	1
AMAZON-02	messaggerie.it	1
UAB Interneto vizija	furnihome.lt	1
serveriai.lt	catzone.lt	1
MB Redfox Cloud	hypeway.lt	1
serveriai.lt	tamro.lt	1
Telia Lietuva, AB	varilight.lt	1
balt.net	work.lt	1
areait.lv	popcredit.lt	1
Telia Lietuva, AB	energija.lt	1
Telia Lietuva, AB	spreadway.lt	1
UAB Bite Lietuva	spak.lt	1
serveriai.lt	army-shop.lt	1
serveriai.lt	kingsmith.lt	1
edns.de	deutsche-pfandbriefbank.lt	1
netim.net	moonkeks.lt	1
CLOUDFLARENET	derekis.lt	1
Telia Lietuva, AB	epsilonenergo.lt	1
CLOUDFLARENET	ans.lt	1
serveriai.lt	juga.lt	1
domenai.lt	lfcc.lt	1
CLOUDFLARENET	geriausia.lt	1
hostex.lt	zallex.lt	1
serveriai.lt	erikas.lt	1
Telia Lietuva, AB	lematics.lt	1
Telia Lietuva, AB	youngsunpack.lt	1
serveriai.lt	agvila.lt	1
domenai.lt	dakar.lt	1
serveriai.lt	salesystem.lt	1
serveriai.lt	cvi.lt	1
serveriai.lt	alkolock.lt	1
serveriai.lt	3dp.lt	1
serveriai.lt	magicgrill.lt	1
CLOUDFLARENET	cascada.lt	1
serveriai.lt	socinvest.lt	1
serveriai.lt	markestro.lt	1
Telia Lietuva, AB	degaline.lt	1
serveriai.lt	deno.lt	1
Telia Lietuva, AB	victorydance.lt	1
CLOUDFLARENET	gogrill.lt	1
UAB Interneto vizija	europacity.lt	1
AMAZON-02	Cloudflare London, LLC	2
serveriai.lt	ma-uri.lt	1
serveriai.lt	midos.lt	1
serveriai.lt	0g.lt	1
bacloud.com	montague.lt	1
Telia Lietuva, AB	ekometa.lt	1
serveriai.lt	smartdeal.lt	1
serveriai.lt	liepos.lt	1
Cyber_Folks S.A.	dhosting.pl Sp. z o.o.	1
ltmd.net	piramida.lt	1
hostcab.net	hostcab.net	1
Telia Lietuva, AB	garazovartai.lt	1
serveriai.lt	finaneta.lt	1
bacloud.com	pilnytis.lt	1
serveriai.lt	lenauto.lt	1
serveriai.lt	aplinkosprieziura.lt	1
UAB Interneto vizija	brixel.lt	1
UAB Interneto vizija	daltex.lt	1
UAB Interneto vizija	castrade.lt	1
Telia Lietuva, AB	vianobile.lt	1
UAB Elneta	alruna.lt	1
serveriai.lt	yzireklama.lt	1
serveriai.lt	manomazylis.lt	1
serveriai.lt	motusaeternus.lt	1
compositiv.com	kasserver.com	1
CLOUDFLARENET	it123.lt	1
getspace.us	amberkids.lt	1
serveriai.lt	pvk.lt	1
Hetzner Online GmbH	amsterdamas.lt	1
serveriai.lt	marti.lt	1
Telia Lietuva, AB	duodam.lt	1
serveriai.lt	nikitin.lt	1
Hetzner Online GmbH	privati.lt	1
CLOUDFLARENET	onlinesprendimai.lt	1
serveriai.lt	spotstudio.lt	1
serveriai.lt	minibusrental.lt	1
serveriai.lt	jutare.lt	1
domenai.lt	alexi.lt	1
UAB Interneto vizija	gep.lt	1
Telia Lietuva, AB	myfeltboots.lt	1
net.pl	faustina.lt	1
serveriai.lt	dysnai.lt	1
domains.lt	itsasaja.lt	1
bacloud.com	teniso.lt	1
Telia Lietuva, AB	tdsfinance.lt	1
hostex.lt	stropex.lt	1
domains.lt	irspt.lt	1
awsdns-09.com	AMAZON-02	1
serveriai.lt	betonoblokeliai.lt	1
infocentras.com	raimart.lt	1
serveriai.lt	foris.lt	1
GOOGLE	iif.lt	1
serveriai.lt	ifconfig.lt	1
domenai.lt	fast.lt	1
serveriai.lt	mylene.lt	1
serveriai.lt	boker.lt	1
domains.lt	potara.lt	1
naturalshops6.net	fatburnactive.lt	1
serveriai.lt	baure.lt	1
Telia Lietuva, AB	gravista.lt	1
CLOUDFLARENET	pokerbooks.lt	1
serveriai.lt	balticlube.com	1
Hetzner Online GmbH	euro1.lt	1
Telia Lietuva, AB	dizrida.lt	1
serveriai.lt	drverslas.lt	1
parkas.lt	angelai.lt	1
serveriai.lt	outletas.lt	1
serveriai.lt	modroom.lt	1
serveriai.lt	missemerald.lt	1
serveriai.lt	dela.lt	1
itport.lv	MICROSOFT-CORP-MSN-AS-BLOCK	1
domenai.lt	abu2.lt	1
serveriai.lt	creative9.lt	1
serveriai.lt	cardeal.lt	1
CLOUDFLARENET	knauf.de	1
serveriai.lt	primario.lt	1
CLOUDFLARENET	teorija.lt	1
serveriai.lt	sinupret.lt	1
serveriai.lt	vilmos.lt	1
serveriai.lt	azeri.lt	1
UAB Interneto vizija	kylie.lt	1
Telia Lietuva, AB	mivalis.lt	1
CLOUDFLARENET	arasas.lt	1
Telia Lietuva, AB	volta.lt	1
serveriai.lt	baltictermo.lt	1
CLOUDFLARENET	nextlogistic.lt	1
serveriai.lt	eldeka.lt	1
ANEXIA Internetdienstleistungs GmbH	UAB Bartus pro	1
Scaleway S.a.s.	tetrada.lt	1
orliva.lt	orliva.lt	1
serveriai.lt	openpharma.lt	1
serveriai.lt	kidland.lt	1
serveris.lt	termomaster.lt	1
serveriai.lt	rejben.lt	1
domains.lt	plunge.lt	1
Uab Servera	mirasta.lt	1
serveriai.lt	cloudarchitects.lt	1
serveriai.lt	asmara.lt	1
serveriai.lt	dareda.lt	1
serveriai.lt	lmiga.lt	1
Telia Lietuva, AB	stiklas.lt	1
is-fun.net	wwwserver.net	1
serveriai.lt	lenders24.lt	1
UAB Bite Lietuva	taksai.lt	1
CLOUDFLARENET	bid4cars.lt	1
serveriai.lt	itsecurity.lt	1
serveriai.lt	slidesys.lt	1
GOOGLE	cynergi.lt	1
serveriai.lt	nidus.lt	1
Telia Lietuva, AB	utu.lt	1
Vardas.lt, Uab	capas.lt	1
serveriai.lt	bloger.lt	1
serveriai.lt	neeiline.lt	1
serveriai.lt	vroom.lt	1
Telia Lietuva, AB	3dvideo.lt	1
Telia Lietuva, AB	sendinn.lt	1
getspace.us	archlab.lt	1
hostika.net	najava.lt	1
areait.lv	hairtex.lt	1
bacloud.com	iroko.lt	1
meganet.lt	manfs.lt	1
UAB Interneto vizija	svauto.lt	1
hostex.lt	bodykit.lt	1
serveriai.lt	sokoladukai.lt	1
serveriai.lt	puf.lt	1
serveriai.lt	biocell.lt	1
serveriai.lt	bodgroup.lt	1
Telia Lietuva, AB	simse.lt	1
serveriai.lt	ali.lt	1
Telia Lietuva, AB	v16.lt	1
vvrc.lt	GOOGLE	1
Telia Lietuva, AB	qianmo.lt	1
serveriai.lt	montavita.lt	1
domenai.lt	adriana.lt	1
serveriai.lt	dspu.lt	1
teledema.lt	demasport.lt	1
Telia Lietuva, AB	svtransport.lt	1
serveriai.lt	decoday.lt	1
csc.lv	send.lv	1
CLOUDFLARENET	indev.lt	1
UAB Bite Lietuva	bitemail.lt	2
getspace.us	fvgroup.lt	1
serveriai.lt	utsukusy.lt	1
serveriai.lt	redakcija.lt	1
serveriai.lt	manifestus.lt	1
Telia Lietuva, AB	soll.lt	1
serveriai.lt	kerista.lt	1
serveriai.lt	ourea.lt	1
bacloud.com	ketpro.lt	1
UAB Bite Lietuva	rumina.lt	1
serveriai.lt	recommgroup.lt	1
serveriai.lt	e-darna.lt	1
serveriai.lt	dnsba.lt	1
UAB Interneto vizija	pt.lt	1
serveriai.lt	colorfactory.lt	1
BUNNYWAY, informacijske storitve d.o.o.	greenalis.lt	1
serveriai.lt	kivibox.lt	1
serveriai.lt	cinderella.lt	1
domains.lt	sypa.lt	1
CLOUDFLARENET	taranas.lt	1
serveriai.lt	ledeka.lt	1
serveriai.lt	rathayatra.lt	1
serveriai.lt	sintas.lt	1
SECURITYSERVICES	Eurofiber France SAS	1
serveriai.lt	cal.lt	1
serveriai.lt	121.lt	1
serveriai.lt	novatoto.lt	1
serveriai.lt	mmcmm.lt	1
UAB Baltnetos komunikacijos	reserv.lt	1
home.pl	erkado.lt	1
UAB Interneto vizija	ebus.lt	1
serveriai.lt	bnp.lt	1
serveriai.lt	dirginta.lt	1
NUCDN	resto.lt	1
serveriai.lt	reutera.lt	1
domenai.lt	robars.lt	1
serveriai.lt	marcopol24.lt	1
serveriai.lt	jetweb.tech	1
Telia Lietuva, AB	bexim.lt	1
UAB Interneto vizija	odiseja.lt	1
serveriai.lt	immunitas.lt	1
magu.lt	magu.lt	1
bst.lt	Infocom Uk Ltd	1
one.com	nexsmart.lt	1
home.pl	kleen-tex.lt	1
serveris.lt	pookis.lt	1
Telia Lietuva, AB	aapc.lt	1
serveriai.lt	moretus.lt	1
awsdns-21.org	submarine.lt	1
CLOUDFLARENET	mointellect.lt	1
Telia Lietuva, AB	donder.lt	1
latgrupe.lt	latgrupe.lt	1
CLOUDFLARENET	oamgroup.lt	1
serveriai.lt	indigoprint.lt	1
Telia Lietuva, AB	verslo-forumas.lt	1
serveriai.lt	pinkrun.lt	1
magit.lt	cine.lt	1
serveriai.lt	m-finance.lt	1
Vautron Rechenzentrum AG	worldwidespirits.lt	1
UAB Interneto vizija	padangostau.lt	1
UAB Interneto vizija	transpart.lt	1
domains.lt	mailinblack.com	1
hostex.lt	market.lt	1
domains.lt	opuscertus.lt	1
IONOS SE	ionos.it	2
serveriai.lt	bluesdance.lt	1
Telia Lietuva, AB	hivilnius.lt	1
serveriai.lt	stigla.lt	1
serveriai.lt	lexpartners.lt	1
Telia Lietuva, AB	pspc.lt	1
UAB Interneto vizija	solgrid.lt	1
serveriai.lt	gamebox.lt	1
CLOUDFLARENET	lvls.lt	1
ns14.net	onoffice.de	1
serveriai.lt	cmhome.lt	1
serveriai.lt	ltpa.lt	1
Sia Nano IT	ZOHO Corporation B.V	1
serveriai.lt	familybusiness.lt	1
serveriai.lt	ofm.lt	1
UAB Interneto vizija	stagelight.lt	1
serveriai.lt	olideja.lt	1
serveriai.lt	urbstudio.lt	1
bacloud.com	drabuziai.lt	1
Hetzner Online GmbH	filmoteka.lt	1
serveriai.lt	enalt.lt	1
Telia Lietuva, AB	axes.lt	1
AMAZON-02	simrad.lt	1
UAB Bite Lietuva	bemoto.lt	1
Hetzner Online GmbH	1g.lt	1
nethouse.it	nethouse.it	1
serveriai.lt	postcrossing.lt	1
serveriai.lt	incore.lt	1
CLOUDFLARENET	null.lt	2
koxs.eu	elabas.lt	1
serveriai.lt	euromontas.lt	1
CLOUDFLARENET	indiko.lt	1
serveriai.lt	protools.lt	1
serveriai.lt	24take.lt	1
serveriai.lt	treatitgreen.lt	1
oaze.lt	oaze.lt	1
domenai.lt	sts.lt	1
awsdns-16.org	sistemium.lt	1
magit.lt	ramundas.lt	1
Hetzner Online GmbH	taskai.lt	1
Telia Lietuva, AB	gerher.lt	1
serveriai.lt	nshop.lt	1
UAB Elneta	ngarchitects.lt	1
serveriai.lt	fotog.lt	1
SECURITYSERVICES	telia.com	1
CLOUDFLARENET	mabu.lt	1
bacloud.com	staketa.lt	1
veeo.pl	wanas.lt	1
serveriai.lt	extreme.lt	1
dditservices.com	joyourself.lt	1
AMAZON-02	andersentax.lt	1
serveriai.lt	gudras.lt	1
serveriai.lt	kmk.lt	1
rackhosting.com	rackhosting.com	1
serveriai.lt	pasauliogeles.lt	1
domains.lt	mdk.lt	1
Kauno Technologijos Universitetas	UAB Baltnetos komunikacijos	1
serveriai.lt	pirklenkijoje.lt	1
serveriai.lt	5c.lt	1
UAB Interneto vizija	primerent.lt	1
Akamai International B.V.	jansport.lt	1
serveriai.lt	kirpimas.lt	1
atva.fi	atva.fi	1
UAB Interneto vizija	ctrla.lt	1
serveris.lt	jurfa.lt	1
hostex.lt	balticsex.lt	1
serveris.lt	srh.lt	1
UAB Interneto vizija	empire222.lt	1
serveriai.lt	teliahosting.lt	1
serveriai.lt	dogify.lt	1
serveris.lt	helper24.lt	1
CLOUDFLARENET	profitas.lt	1
serveriai.lt	mocek.lt	1
UAB Interneto vizija	haushalt.lt	1
CLOUDFLARENET	bgr.lt	1
serveriai.lt	ntc.lt	1
hostex.lt	jst.lt	1
serveriai.lt	gspinvestment.lt	1
hostex.lt	second-hand.lt	1
serveriai.lt	octopus.lt	1
UAB Interneto vizija	stars.lt	1
serveriai.lt	laimingas.lt	1
domains.lt	konsole.lt	1
serveriai.lt	capitalcars.lt	1
dnsdomene.net	MICROSOFT-CORP-MSN-AS-BLOCK	1
serveriai.lt	lwbc.lt	1
serveriai.lt	mailersend.net	1
AMAZON-02	caster.lt	1
CLOUDFLARENET	litnet.lt	1
serveriai.lt	estu.lt	1
Telia Lietuva, AB	tepalai.lt	1
Telia Lietuva, AB	copula.lt	1
badoo.com	badoo.lt	1
serveriai.lt	forsfortuna.lt	1
UAB Penki kontinentai	eminora.lt	1
noris.ch	hotel-check.lt	1
serveriai.lt	altosgranitas.lt	1
serveriai.lt	kandela.lt	1
serveriai.lt	fjb.lt	1
Telia Lietuva, AB	idpartner.lt	1
AMAZON-02	aecparcels.lt	1
serveriai.lt	procolor.lt	1
Kauno Technologijos Universitetas	progresas.lt	1
CLOUDFLARENET	taksinet.lt	1
Telia Lietuva, AB	cafebabel.lt	1
serveriai.lt	mynthon.lt	1
serveriai.lt	ct.lt	1
Hetzner Online GmbH	pivoxy.lt	1
Telia Lietuva, AB	ramsiga.lt	1
serveriai.lt	pethotel.lt	1
serveris.lt	cavalierclub.lt	1
serveriai.lt	bartustudio.lt	1
UAB Interneto vizija	ozoklinika.lt	1
serveriai.lt	grafke.lt	1
serveriai.lt	krutine.lt	1
CLOUDFLARENET	ltgaming.lt	1
UAB Interneto vizija	omgmonitor.lt	1
serveriai.lt	netcup.net	1
CLOUDFLARENET	ibay.lt	1
serveriai.lt	ab.lt	1
GOOGLE	Fastmail Pty Ltd	1
UAB Elneta	shipsservice.lt	1
Telia Lietuva, AB	paper.lt	1
UAB Interneto vizija	ls.lt	1
UAB Interneto vizija	vivaadvert.lt	1
hostex.lt	rls.lt	1
hostex.lt	aeternum.lt	1
eshoprent.com	casaluxe.lt	1
serveriai.lt	dnpgroup.lt	1
serveriai.lt	sevico.lt	1
serveriai.lt	navikas.lt	1
serveriai.lt	trakas.lt	1
serveriai.lt	kotas.lt	1
UAB Interneto vizija	skaistis.lt	1
OVH SAS	dipex.lt	1
serveriai.lt	logistic.lt	1
UAB Interneto vizija	laukys.lt	1
MB Redfox Cloud	mineready.lt	1
Telia Lietuva, AB	dariusfilms.lt	1
serveriai.lt	freshbuffet.lt	1
ediweb.eu	edisoft.lt	1
serveriai.lt	heisis.lt	1
domains.lt	clovell.lt	1
cloudhosting.lv	agento.lt	1
domenai.lt	OVH SAS	1
serveriai.lt	toitoidixi.lt	1
domenomania.pl	refiltr.lt	1
CLOUDFLARENET	stt.lt	1
domenai.lt	dee.lt	1
UAB Interneto vizija	itlife.lt	1
CLOUDFLARENET	siauliai.lt	1
serveris.lt	nemokama.lt	1
serveriai.lt	laidara.lt	1
Hetzner Online GmbH	qualitydevelopment.lt	1
domenai.lt	kryptys.lt	1
Telia Lietuva, AB	hemus.lt	1
AMAZON-02	Zone Media OU	1
Vautron Rechenzentrum AG	qmsmedicosmetics.lt	1
serveriai.lt	aromawest.lt	1
serveriai.lt	bigadventure.lt	1
domenai.lt	danieleidi.lt	1
serveriai.lt	cogita.lt	1
CLOUDFLARENET	corepetitus.lt	1
iptwins.com	marks-and-spencer.cz	1
nameservice.at	nevaris.info	1
UAB Interneto vizija	bwdance.lt	1
hostex.lt	ogmis.lt	1
serveriai.lt	rtrob.lt	1
Cyber_Folks S.A.	estal.lt	1
UAB Interneto vizija	dents.lt	1
serveriai.lt	hostinger.nl	2
neoserv.si	engwe.lt	1
serveriai.lt	degama.lt	1
AMAZON-02	hawesandcurtis.lt	1
bacloud.com	ave-vita.lt	1
serveriai.lt	dermatologe.lt	1
Telia Lietuva, AB	megami.lt	1
domenai.lt	salesforce.lt	1
eurovps.com	co2reset.lt	1
eztops.lt	eztops.lt	1
serveriai.lt	nimfe.lt	1
UAB Interneto vizija	furniplan.lt	1
serveriai.lt	4motus.lt	1
serveriai.lt	laei.lt	1
hix.nl	rotom.lt	1
perf1.com	team.blue Denmark A/S	1
trouble-free.net	visart.lt	1
AMAZON-02	saurena.lt	1
DIGICERT	pphosted.com	1
UAB Interneto vizija	hiimedia.lt	1
serveriai.lt	findestate.lt	1
serveriai.lt	visualforma.lt	1
handyhost.ru	YANDEX LLC	1
Telia Lietuva, AB	resa.lt	1
oncloud.lt	oncloud.lt	1
serveriai.lt	leadsai.lt	1
serveriai.lt	inpublic.lt	1
hostex.lt	loze.lt	1
AMAZON-02	migalastat.lt	1
UAB Proservis	beretta.lt	1
SECURITYSERVICES	deutschepostbank.lt	1
CLOUDFLARENET	sapiens.lt	1
serveriai.lt	flashdance.lt	1
serveris.lt	unibalt.lt	1
CLOUDFLARENET	demotyvacijos.lt	1
computel-standby.eu	beekman.nl	1
serveriai.lt	agapics.lt	1
AMAZON-02	gnuff.lt	1
Torena, II	GOOGLE	2
CLOUDFLARENET	sosparty.lt	1
Host Europe GmbH	goglobal.lt	1
serveriai.lt	elroma.lt	1
bacloud.com	wegawood.lt	1
serveriai.lt	gmqeurope.lt	1
serveriai.lt	printeka.lt	1
Informacines sistemos ir technologijos, UAB	viktorija.lt	1
UAB Interneto vizija	gegute.lt	1
Telia Lietuva, AB	24.lt	1
home.pl	proficy.lt	1
serveriai.lt	itsolution.lt	1
dntrust.com	fotofox.lt	1
register.eu	mailprotect.be	1
serveriai.lt	nomiteksas.lt	1
serveriai.lt	gianlucademarco.lt	1
serveriai.lt	rifarma.lt	1
serveriai.lt	ramuno.lt	1
serveriai.lt	prison.lt	1
Telia Lietuva, AB	vizagroup.lt	1
Hetzner Online GmbH	jegoslinija.lt	1
CLOUDFLARENET	vgn.lt	1
serveriai.lt	pervaza.lt	1
UAB Bite Lietuva	4horses.lt	1
ipcom GmbH	braftovimektovi.lt	1
getspace.us	ireca.lt	1
CLOUDFLARENET	karys.lt	1
Hetzner Online GmbH	transportonuoma.lt	1
Telia Lietuva, AB	optiroc.lt	1
GOOGLE	hempspot.lt	1
serveriai.lt	mtservis.lt	1
serveriai.lt	sarbeka.lt	1
serveriai.lt	sneakybox.lt	1
Zone Media OU	scooty24.lt	1
Telia Lietuva, AB	bloodlands.lt	1
hostex.lt	milera.lt	1
Key-Systems GmbH	votris.lt	1
CLOUDFLARENET	buzini.lt	1
serveriai.lt	taure.lt	1
sac-it.dk	MICROSOFT-CORP-MSN-AS-BLOCK	2
serveriai.lt	lt-online.lt	1
serveriai.lt	goodparty.lt	1
serveriai.lt	easytint.lt	1
Telia Lietuva, AB	tarpine.lt	1
serveriai.lt	michail.lt	1
CLDIN B.V.	bertus.lt	1
Telia Lietuva, AB	evsolutions.lt	1
serveriai.lt	peckyte.lt	1
domenai.lt	deliones.lt	1
serveriai.lt	bjmcosmetics.lt	1
UAB Interneto vizija	vilo.lt	1
bacloud.com	hasco.lt	1
hostex.lt	instart.lt	1
serveriai.lt	gongas.lt	1
Telia Lietuva, AB	taffeta.lt	1
serveriai.lt	ksi.lt	1
serveriai.lt	elektroterapija.lt	1
Telia Lietuva, AB	edenwindows.lt	1
serveriai.lt	raico.lt	1
serveriai.lt	jakuta.lt	1
serveriai.lt	sparkis.lt	1
serveriai.lt	forensic.lt	1
kompro.lt	kompro.lt	1
serveriai.lt	emavia.lt	1
UAB Interneto vizija	mdft.lt	1
serveriai.lt	hempbalt.lt	1
UAB Interneto vizija	akumas.lt	1
42.pl	lyson.it	1
serveriai.lt	ilandas.lt	1
serveriai.lt	mango.lt	1
serveriai.lt	austas.lt	1
serveriai.lt	estont.lt	1
serveriai.lt	mesarti.lt	1
serveriai.lt	monteva.lt	1
serveriai.lt	kromas.lt	1
co.uk	vehicle.lt	1
serveriai.lt	efipro.lt	1
CLOUDFLARENET	eskaro.lt	1
serveriai.lt	bchain.lt	1
serveriai.lt	evadesign.lt	1
NUCDN	tangora.lt	1
serveriai.lt	romaris.lt	1
domenai.lt	ryza.lt	1
Hetzner Online GmbH	polska.lt	1
CLOUDFLARENET	quickcargo.lt	1
Telia Lietuva, AB	vildora.lt	1
CLOUDFLARENET	zappasquare.lt	1
UAB Bite Lietuva	gemclub.lt	1
serveriai.lt	ainsta.lt	1
serveriai.lt	ssus.lt	1
CLOUDFLARENET	claiman.lt	1
domains.lt	decor.lt	1
UAB Balticum TV	icebergholding.com	1
serveriai.lt	pynauja.lt	1
domains.lt	lmz.lt	1
serveriai.lt	projektaisportui.lt	1
ui-global-dns.biz	IONOS SE	1
domains.lt	aitera.lt	1
serveriai.lt	sadiras.lt	1
serveriai.lt	smilesnacks.lt	1
Sia Nano IT	fevex.lt	1
hostex.lt	ecar.lt	1
serveriai.lt	proline.lt	1
serveriai.lt	quickwork.lt	1
serveriai.lt	interjerodizainas.lt	1
garmtech.com	bitumen.lt	1
serveriai.lt	minisize.lt	1
serveriai.lt	prokado.lt	1
CLOUDFLARENET	ltmg.lt	1
logi.pl	skavska.lt	1
getspace.us	lux22.lt	1
serveriai.lt	vecto.lt	1
serveriai.lt	geo-info.lt	1
Telia Lietuva, AB	cheb.lt	1
UAB Interneto vizija	tik-tok.lt	1
serveriai.lt	migrants.lt	1
serveriai.lt	bibliotekavisiems.lt	1
serveriai.lt	riviera.lt	1
serveriai.lt	abtrans.lt	1
UAB Interneto vizija	osas.lt	1
hostex.lt	alfarun.lt	1
fornex.com	testers.lt	1
domenai.lt	ewt.lt	1
glavhost.com	glavhost.com	1
Telia Lietuva, AB	skelbimas.lt	1
Telia Lietuva, AB	geotechnika.lt	1
AMAZON-02	deante.lt	1
serveriai.lt	ambermax.lt	1
serveriai.lt	kempvila.lt	1
bacloud.com	andiamo.lt	1
serveriai.lt	usabusinessmap.lt	1
CLOUDFLARENET	swu.lt	1
CLOUDFLARENET	ikmis.lt	1
balt.net	picard.lt	1
serveriai.lt	eurorenta.lt	1
serveriai.lt	livila.lt	1
serveriai.lt	mileris.lt	1
Akamai International B.V.	dhosting.pl Sp. z o.o.	1
OVH SAS	baltrade.pl	1
CLOUDFLARENET	vsk.lt	1
UAB Interneto vizija	k4.lt	1
freedns.si	CLOUDFLARENET	1
hostex.lt	dds.lt	1
ltmd.net	lordvisuals.lt	1
CLOUDFLARENET	marinesta.lt	1
serveriai.lt	hemalab.lt	1
CLOUDFLARENET	revlis.lt	1
getspace.us	niko.lt	1
serveriai.lt	pools.lt	1
Telia Lietuva, AB	parkingvilnius.lt	1
UAB Elneta	AS2-TRENDMICRO-COM	1
UAB Interneto vizija	elleci.lt	1
serveriai.lt	eddy-tattoo.lt	1
serveriai.lt	bllc.lt	1
Hetzner Online GmbH	autotom.lt	1
serveriai.lt	conceiveplus.lt	1
serveriai.lt	2p.lt	1
serveriai.lt	mafiagame.lt	1
serveris.lt	misija.lt	1
serveriai.lt	designpoint.lt	1
serveriai.lt	cleaningpro.lt	1
serveriai.lt	duomenys.lt	1
CLOUDFLARENET	tymacon.lt	1
getspace.us	goodhabit.lt	1
serveriai.lt	altmaster.lt	1
GOOGLE	jbfoto.lt	1
UAB Bite Lietuva	duana.lt	1
CLOUDFLARENET	tvaria.com	1
Telia Lietuva, AB	driveelektrum.lt	1
serveriai.lt	naujikas.lt	1
serveriai.lt	aiacademy.lt	1
serveriai.lt	perletti.lt	1
serveriai.lt	2k.lt	1
UAB Penki kontinentai	balticflame.lt	1
fornex.com	intelltex.lt	1
serveriai.lt	gultuva.lt	1
serveriai.lt	sofit.lt	1
GOOGLE	asta.lt	1
serveriai.lt	myspiegel.lt	1
hostex.lt	mydrive.lt	1
CLOUDFLARENET	radonas.lt	1
CLOUDFLARENET	beautyprint.lt	1
zinga.lt	MICROSOFT-CORP-MSN-AS-BLOCK	1
serveriai.lt	musi.lt	1
Deutsche Telekom AG	dtag.de	3
dnsip.com	1bcdn.com	1
serveriai.lt	oropor.lt	1
serveriai.lt	investus.lt	1
contabo.net	tecdoc.lt	1
serveriai.lt	samatele.lt	1
domainers.de	landig.lt	1
serveriai.lt	terasa.lt	1
AMAZON-02	creanor.com	1
UAB Elneta	rentavilla.lt	1
serveriai.lt	dienospietus.lt	1
serveriai.lt	qube.lt	1
serveriai.lt	weddingdream.lt	1
CLOUDFLARENET	foto-video.lt	1
serveriai.lt	buitech.lt	1
serveriai.lt	promiks.lt	1
serveriai.lt	megagis.lt	1
UAB Interneto vizija	stepinfit.lt	1
SuperHosting.BG Ltd.	grukas.lt	1
Telia Lietuva, AB	gds.lt	1
checkdomain.de	monsieur-cuisine.lt	1
serveriai.lt	fanu.lt	1
neoserv.si	engue.lt	1
IONOS SE	chal-tec.com	1
serveriai.lt	ink.lt	1
Telia Lietuva, AB	profimus.lt	1
mtfcloud.ch	mtfcloud.ch	1
serveriai.lt	mvrent.lt	1
serveriai.lt	gjstudija.lt	1
serveriai.lt	greenbond.lt	1
serveriai.lt	elesia.lt	1
CLOUDFLARENET	more.lt	1
serveriai.lt	kpp.lt	1
serveriai.lt	nevis.lt	1
AMAZON-02	berserker.lt	1
deffield.com	deffield.com	2
markmonitor.zone	hostedemail.com	1
bacloud.com	spes.lt	1
Scaleway S.a.s.	bhm.lt	1
domenai.lt	fishki.lt	1
serveriai.lt	cargodesk.lt	1
serveriai.lt	motohelp.lt	1
domains.lt	atesys.lt	1
advansys.net	everyone.net	1
CLOUDFLARENET	artglacio.lt	1
serveriai.lt	rimga.lt	1
Hetzner Online GmbH	worldofwear.lt	1
serveriai.lt	onit.lt	1
ns14.net	hufhaus.lt	1
serveriai.lt	biodez.lt	1
UAB Elneta	denzis.lt	1
UAB Interneto vizija	2222.lt	1
Telia Lietuva, AB	stocksolutions.lt	1
link.lv	link.lv	1
serveriai.lt	jums.lt	1
serveriai.lt	getfunds.lt	1
serveriai.lt	gyvagrafika.lt	1
serveriai.lt	dynamit.lt	1
hostex.lt	kubu.lt	1
NUCDN	norwexu.lt	1
hostex.lt	legal24.lt	1
serveriai.lt	postit.lt	1
mail.ru	MICROSOFT-CORP-MSN-AS-BLOCK	1
domenai.lt	animalcare.lt	1
jchost04.pl	esus-it.lt	1
serveriai.lt	asmeta.lt	1
serveriai.lt	susipazink.lt	1
serveriai.lt	softdesign.lt	1
GANDI SAS	opic.lt	1
getspace.us	kadakada.lt	1
NUCDN	infobric.lt	1
serveriai.lt	moonlive.lt	1
bacloud.com	filodilino.lt	1
feldhost.cz	feldhost.cz	1
bacloud.com	transferai.lt	1
serveriai.lt	ehusk.lt	1
UAB Interneto vizija	zg.lt	1
UAB Interneto vizija	stabilizers.lt	1
UAB Interneto vizija	deliver.lt	1
serveriai.lt	milzk.lt	1
hap.lt	marchioro.lt	1
balt.net	web2print.lt	2
serveriai.lt	esparamos.lt	1
hostex.lt	pack-it.lt	1
CLOUDFLARENET	femarelle.lt	1
serveriai.lt	lnkc.lt	1
serveriai.lt	sedum.lt	2
serveriai.lt	leanm.lt	1
serveriai.lt	fullcap.lt	1
UAB Elneta	computeraudio.lt	1
serveriai.lt	mainlix.lt	1
serveriai.lt	meysso.lt	1
serveriai.lt	cocodent.lt	1
serveriai.lt	campetra.lt	1
serveriai.lt	gronada.lt	1
AltusHost B.V.	manazeme.lt	1
serveriai.lt	neverauskas.lt	1
prolan.lt	GOOGLE	1
serveriai.lt	aksservices.lt	1
serveriai.lt	optimumsaas.lt	1
serveriai.lt	biskvitas.lt	1
hostex.lt	4bowling.lt	1
serveriai.lt	binary.lt	1
serveriai.lt	zulonas.lt	1
domenai.lt	globalcompact.lt	1
domains.lt	karina.lt	1
CLOUDFLARENET	gamedev.lt	1
serveriai.lt	markora.lt	1
domains.lt	sangina.lt	1
CLOUDFLARENET	kob.lt	1
serveriai.lt	menuothebrand.lt	1
domenai.lt	lzub.lt	1
CLOUDFLARENET	evangelija.lt	1
domains.lt	stepracing.lt	1
domenai.lt	sildom.lt	1
Telia Lietuva, AB	lvks.lt	1
domenai.lt	w2.lt	1
hostex.lt	smac.lt	1
serveriai.lt	gdme.lt	1
DIGICERT	UAB Baltnetos komunikacijos	1
meganet.lt	katrim.lt	1
domains.lt	narunas.lt	1
serveriai.lt	biosil.lt	1
serveriai.lt	antraste.lt	1
edata.lt	MICROSOFT-CORP-MSN-AS-BLOCK	1
dnsexit.com	ziurek.lt	1
Telia Lietuva, AB	pvmgrp.lt	1
UAB Elneta	vsett.lt	1
bacloud.com	memelhotel.lt	1
serveriai.lt	hestija.lt	1
serveriai.lt	roris.lt	1
serveriai.lt	taurenai.lt	1
serveriai.lt	dobi.lt	1
Telia Lietuva, AB	autoforma.lt	1
serveriai.lt	kaisiadoriuspc.lt	1
Telia Lietuva, AB	vertona.lt	1
serveriai.lt	interaktyviosgrindys.lt	1
serveriai.lt	renovas.lt	1
home.pl	beltor.lt	1
edelkey.net	edelkey.net	1
domains.lt	nudist.lt	1
serveriai.lt	coilovers.lt	1
platon.org	platon.sk	1
CLOUDFLARENET	jonava.lt	1
serveriai.lt	lorix.lt	1
serveriai.lt	py.lt	1
Telia Lietuva, AB	arxtc.lt	1
domenai.lt	tavoshop.lt	1
serveriai.lt	bangene.lt	1
hostex.lt	ode.lt	1
serveriai.lt	vezu.lt	1
serveriai.lt	macc.lt	1
serveriai.lt	uberfeste.lt	1
serveriai.lt	kaledinesdovanos.lt	1
UAB Penki kontinentai	awokado.lt	1
Hetzner Online GmbH	fullchip.lt	1
serveriai.lt	kadasta.lt	1
UAB Interneto vizija	maga.lt	1
ANEXIA Internetdienstleistungs GmbH	edelkey.net	1
serveriai.lt	autostar.lt	1
serveriai.lt	e-truck.lt	1
nsd.de	king4pets.lt	1
serveriai.lt	stiliausidejos.lt	1
serveriai.lt	givable.lt	1
serveriai.lt	foxman.lt	1
UAB Interneto vizija	medeina.lt	1
Telia Lietuva, AB	arnika.lt	1
serveriai.lt	aksi.lt	1
home.pl	sorbotech.lt	1
serveriai.lt	tmvs.lt	1
serveris.lt	ratena.lt	1
serveriai.lt	enketo.lt	1
CLOUDFLARENET	pramoga.lt	1
UAB Interneto vizija	fyd.lt	1
sevenvapes.se	Eurofiber France SAS	1
parkas.lt	CLOUDFLARENET	1
serveriai.lt	odenta.lt	1
UAB Interneto vizija	leda.lt	1
z-ns.net	GOOGLE	1
serveriai.lt	camerawoman.lt	1
Sia Nano IT	rigvir.lt	1
bacloud.com	lem.lt	1
serveriai.lt	logotype.lt	1
serveriai.lt	liutonys.lt	1
GOOGLE	abran.lt	1
eshoprent.com	mybaby.lt	1
CLOUDFLARENET	balticpetroleum.lt	1
bacloud.com	biowood.lt	1
Telia Lietuva, AB	falkana.lt	1
Cyber_Folks S.A.	fulo.lt	1
serveriai.lt	resko.lt	1
UAB Bite Lietuva	clic.lt	1
serveriai.lt	sslcloud.lt	1
serveriai.lt	aromahome.lt	1
serveriai.lt	loois.lt	1
Kauno Technologijos Universitetas	kli.lt	1
balt.net	asv.lt	1
Telia Lietuva, AB	12v.lt	1
serveriai.lt	solvo.lt	1
serveriai.lt	buhalterinisirasas.lt	1
serveriai.lt	abusgroup.lt	1
Telia Lietuva, AB	grasma.lt	1
AMAZON-02	portfoliotime.lt	1
Telia Lietuva, AB	rayovac.lt	1
UAB Rakrejus	myprint.lt	1
CLOUDFLARENET	huracan.lt	1
domains.lt	karibian.lt	1
CLOUDFLARENET	Heinlein-Support GmbH	1
magit.lt	cineskope.lt	1
serveriai.lt	nutralash.lt	1
bacloud.com	zenta.lt	1
serveriai.lt	madad.lt	1
Telia Lietuva, AB	glammore.lt	1
areait.lv	yourcompanyradio.lt	1
CLOUDFLARENET	koalahome.lt	1
Telia Lietuva, AB	promokit.lt	1
Telia Lietuva, AB	tiekimas.lt	1
UAB Interneto vizija	vakareliai.lt	1
hostven07.com	zefirka.lt	1
CLOUDFLARENET	newspoint.lt	1
domenai.lt	entris.lt	1
domains.lt	creditreport.lt	2
serveriai.lt	salexl.lt	1
Telia Lietuva, AB	rivolta.lt	1
GOOGLE	artoflife.lt	1
Telia Lietuva, AB	beautyfly.lt	1
CLOUDFLARENET	irankiai.lt	1
serveriai.lt	hidos.lt	1
domenai.lt	martafoto.lt	1
Deutsche Telekom AG	autoprofi.lt	1
bacloud.com	osstem.lt	1
Host Europe GmbH	Elkdata OU	1
serveriai.lt	cio.lt	1
serveris.lt	lomsargis.lt	1
bacloud.com	perfumada.lt	1
serveriai.lt	autorex.lt	1
Telia Lietuva, AB	skytexcrm.lt	1
organyc-online.com	organyc.lt	1
Telia Lietuva, AB	appointible.lt	1
UAB Interneto vizija	occult.lt	1
UAB Interneto vizija	debtlaw.lt	1
serveriai.lt	muvida.lt	1
Hetzner Online GmbH	probiotic.lt	1
kileris.lt	pegasusfoto.lt	1
Telia Lietuva, AB	industrialpackaging.lt	1
serveriai.lt	rewritable.lt	1
CLOUDFLARENET	cinema.lt	1
serveriai.lt	ragaisis.lt	1
serveriai.lt	cosmodome.lt	1
Telia Lietuva, AB	promont.lt	1
serveriai.lt	business123.lt	1
serveriai.lt	akvanautas.lt	1
serveriai.lt	inpa.lt	1
CLOUDFLARENET	muzikos.lt	1
serveriai.lt	brandsboutique.lt	1
123ns.de	bigmove.lt	1
serveriai.lt	galia.lt	1
UAB Interneto vizija	kolia.lt	1
serveriai.lt	vpare.lt	1
serveriai.lt	popierius.lt	1
nsentry.de	energybody.lt	1
init.lt	kauneta.net	1
serveris.lt	all4hotel.lt	1
awardspace.com	mywall.lt	1
serveriai.lt	kaimai.lt	1
UAB Interneto vizija	vvn.lt	1
serveris.lt	zuzuprint.lt	1
dnsexit.com	infoguru.lt	1
UAB Interneto vizija	fight.lt	1
serveriai.lt	fetek.lt	1
hostex.lt	vitaminas.lt	1
Kauno Technologijos Universitetas	kte.lt	1
Telia Lietuva, AB	weima.lt	1
serveriai.lt	patefonas.lt	1
server300.com	nude.lt	1
serveriai.lt	vgv.lt	1
serveriai.lt	apdailos.lt	1
serveriai.lt	rdsign.lt	1
exxs.net	maskworld.lt	1
getspace.us	modela.lt	1
domenai.lt	zeitgeist.lt	1
Telia Lietuva, AB	eternl.lt	1
serveriai.lt	fordtrucks.lt	1
serveriai.lt	mountainrock.lt	1
serveriai.lt	detava.lt	1
serveriai.lt	sertifikacija.lt	1
serveriai.lt	happyprint.lt	1
Hetzner Online GmbH	dpf.lt	1
serveriai.lt	lag.lt	1
mchost.ru	soundlab.lt	1
Informacines sistemos ir technologijos, UAB	shop-klinker.lt	1
CLOUDFLARENET	gomez.lt	1
serveriai.lt	asianfood.lt	1
Telia Lietuva, AB	names.lt	1
serveriai.lt	mediapro.lt	1
serveris.lt	tvin.lt	1
Telia Lietuva, AB	UAB Rakrejus	3
serveriai.lt	trm.lt	1
bacloud.com	golfnt.lt	1
serveriai.lt	alsa.lt	1
serveriai.lt	ser.lt	1
serveriai.lt	alyvatau.lt	1
serveriai.lt	duk.lt	1
serveriai.lt	medguru.lt	1
OVH SAS	postale.io	1
serveriai.lt	kakismaki.lt	1
balticvps.eu	sipsap.lt	1
CLOUDFLARENET	bitin.lt	1
domenai.lt	beehappy.lt	1
UAB Rakrejus	ionic.lt	1
hostika.net	sdtp.lt	1
serveriai.lt	ebbmedical.lt	1
Telia Lietuva, AB	eurorg.lt	1
UAB Interneto vizija	cleaner.lt	1
domains.lt	epard.lt	1
serveriai.lt	satera.lt	1
serveriai.lt	kidstar.lt	1
Zone Media OU	art4wall.eu	1
home.pl	denley.lt	1
CLOUDFLARENET	exoticspa.lt	1
domenai.lt	combiarialdo.lt	1
bacloud.com	polfirms.lt	1
serveriai.lt	liesl.lt	1
serveriai.lt	de.lt	1
serveriai.lt	auto-group.lt	1
serveriai.lt	motisgroup.eu	1
bacloud.com	hardflightcase.lt	1
serveriai.lt	vabalofilmai.lt	1
serveriai.lt	casinogames.lt	1
CLOUDFLARENET	spino.lt	1
UAB Proservis	crab.lt	1
bacloud.com	amberlearning.lt	1
serveriai.lt	nenius.lt	1
first-ns.de	webapp.lt	1
serveriai.lt	foto2.lt	1
Telia Lietuva, AB	brigin.lt	1
banahosting.com	ZOHO-AS	1
serveriai.lt	campinn.lt	1
Hetzner Online GmbH	sprendimai.lt	1
UAB Interneto vizija	shoplink.lt	1
serveriai.lt	nhta.lt	1
bacloud.com	snackcity.lt	1
domenai.lt	hothead.lt	1
NUCDN	miex.at	1
UAB Interneto vizija	vreality.lt	1
serveriai.lt	tapk.lt	1
serveriai.lt	rtls.lt	1
serveriai.lt	intero.lt	1
serveriai.lt	holoemail.lt	1
serveriai.lt	drexy.lt	1
serveriai.lt	sloww.lt	1
UAB Interneto vizija	webaura.lt	1
Safenames Ltd.	cdpoker.lt	1
mserwis.pl	intermag.lt	1
serveriai.lt	monsier.lt	1
serveriai.lt	truckdrivers.lt	1
serveriai.lt	mov.lt	1
serveriai.lt	aquamarina.lt	1
serveriai.lt	traveltracker.lt	1
hostex.lt	kenton.lt	1
getspace.us	andcar.lt	1
serveriai.lt	malwarerid.lt	1
UAB Interneto vizija	sjk.lt	1
serveriai.lt	nicevideo.lt	1
Penkiu kontinentu komunikaciju centras, Ltd.	ZOHO Corporation B.V	1
CLOUDFLARENET	youandoil.lt	1
UAB Interneto vizija	kpro.lt	1
CLOUDFLARENET	barakuda.lt	1
UAB Bite Lietuva	pvc24.lt	1
Nazwa.pl Sp.z.o.o.	wetrok.lt	1
Telia Lietuva, AB	inpp.lt	1
balt.net	pod.lt	1
Deutsche Telekom AG	23M GmbH	1
domenai.lt	minoras.lt	1
serveriai.lt	media-3.lt	1
serveriai.lt	mku.lt	1
UAB Interneto vizija	diela.lt	1
Penkiu kontinentu komunikaciju centras, Ltd.	optronica.lt	1
Cloud DNS Ltd	htlogistics.lt	1
serveriai.lt	kinderplanet.lt	1
Hetzner Online GmbH	smartenvi.lt	1
Telia Lietuva, AB	madetomeasure.lt	1
serveriai.lt	mapu.lt	1
domenai.lt	ded.lt	1
CLOUDFLARENET	tubiai.lt	1
serveriai.lt	panglos.lt	1
serveriai.lt	motera.lt	1
Telia Lietuva, AB	nomedos.lt	1
UAB Interneto vizija	evservis.lt	1
Telia Lietuva, AB	deltana.lt	1
serveriai.lt	diploma.lt	1
ipcom GmbH	t-fitness.com	2
UAB Interneto vizija	automatics.lt	1
AMAZON-02	spibe.lt	1
serveriai.lt	scompany.lt	1
serveriai.lt	rezisierius.lt	1
bacloud.com	pedutes.lt	1
UAB Interneto vizija	sudeikis.lt	1
Telia Lietuva, AB	dawidmedia.lt	1
Sia Nano IT	appetitt.lt	1
pov.lt	pov.lt	1
serveriai.lt	raspberrypi.lt	1
serveriai.lt	makrickas.lt	1
serveriai.lt	xad.lt	1
domenai.lt	kebab.lt	1
hap.lt	pakeltoslysves.lt	1
bacloud.com	tviski.lt	1
serveriai.lt	muzikant.lt	1
serveriai.lt	minaras.lt	1
Penkiu kontinentu komunikaciju centras, Ltd.	stikliai.lt	1
serveriai.lt	hypoxico.lt	1
serveriai.lt	specis.lt	1
domenai.lt	breinas.lt	1
CLOUDFLARENET	avela.lt	1
UAB Interneto vizija	clothing.lt	1
CLOUDFLARENET	netscroll.lt	1
serveriai.lt	erida.lt	1
serveriai.lt	motocenter.lt	1
Telia Lietuva, AB	holsta.lt	1
domenai.lt	icold.lt	1
serveriai.lt	adomavicius.lt	1
serveriai.lt	learnkey.lt	1
Telia Lietuva, AB	burneikasports.lt	1
co.uk	SQUIXA PTY LIMITED	1
hostex.lt	summit.lt	1
CLOUDFLARENET	emama.lt	1
serveriai.lt	north.lt	1
hostwhitelabel.com	kasyraseo.lt	1
serveriai.lt	miralus.lt	1
Scaleway S.a.s.	cityboxing.lt	1
serveriai.lt	maglite.lt	1
hostex.lt	consulting.lt	1
serveriai.lt	neurexan.lt	1
serveriai.lt	velka.lt	1
snom.net	snom.net	1
serveriai.lt	tailors.lt	1
serveriai.lt	geopro.lt	1
Telia Lietuva, AB	bimbam.lt	1
serveriai.lt	vacha.lt	1
UAB Interneto vizija	l3shop.lt	1
serveriai.lt	elnis.lt	1
hostex.lt	pricep.lt	1
Cyber_Folks S.A.	moto-profil.lt	1
serveriai.lt	granitis.lt	1
serveriai.lt	barteris.lt	1
priorweb.be	priorweb.be	1
serveriai.lt	atlab.lt	1
serveriai.lt	mbs.lt	1
Telia Lietuva, AB	plastima.lt	1
serveriai.lt	brendas.lt	1
serveriai.lt	kisunas.lt	1
serveriai.lt	smarthr.lt	1
serveriai.lt	realfeel.lt	1
Zone Media OU	wtg9.com	1
CASABLANCA INT a.s.	armaf.lt	1
UAB Interneto vizija	gardencenter.lt	1
serveriai.lt	barakkat.lt	1
UAB Elneta	keliai.lt	1
serveriai.lt	prode.lt	1
CLOUDFLARENET	sixt-leasing.lt	1
serveriai.lt	avba.lt	1
home.pl	spx.lt	1
getspace.us	daivashop.lt	1
Hetzner Online GmbH	alanija.lt	1
serveriai.lt	gpavc.lt	1
AMAZON-02	mateco.lt	1
Telia Lietuva, AB	lkdp.lt	1
domenai.lt	suntago.lt	1
UAB Interneto vizija	avertas.lt	1
serveriai.lt	gemoria.lt	1
Telia Lietuva, AB	textsolutions.lt	1
domains.lt	1551.lt	1
serveriai.lt	bhbaits.lt	1
serveriai.lt	underwear.lt	1
serveriai.lt	inversa.lt	1
serveriai.lt	rdtechnology.lt	1
domenai.lt	viva-aqua.lt	1
serveriai.lt	matchhouse.lt	1
balt.net	erksa.lt	1
Infocom Uk Ltd	lietpack.lt	1
domenai.lt	tmgsport.lt	1
serveriai.lt	kosmedija.lt	1
serveriai.lt	offissistemos.lt	1
serveriai.lt	imusau.lt	1
serveriai.lt	lakona.lt	1
serveriai.lt	apsconstruction.lt	1
serveriai.lt	metabo.lt	1
Zone Media OU	timelogic.lt	1
CLOUDFLARENET	vitana.lt	1
serveriai.lt	sup-shop.lt	1
arenacloud.space	kaledueglute.lt	1
serveriai.lt	elega.lt	1
Cloud DNS Ltd	bellozzo.lt	1
getspace.us	dwp.lt	1
MICROSOFT-CORP-MSN-AS-BLOCK	135.55	1
hostex.lt	abritech.lt	1
UAB Interneto vizija	unso.lt	1
serveriai.lt	nolai.lt	1
gcdn.services	Tutao GmbH	1
AMAZON-02	ovb.lt	1
domenai.lt	motopaint.lt	1
serveriai.lt	380v.lt	1
CLOUDFLARENET	upsas.lt	1
serveriai.lt	nfclabs.lt	1
serveriai.lt	geflora.lt	1
domenai.lt	dedu.lt	1
Telia Lietuva, AB	akadema.lt	1
serveriai.lt	chawan.lt	1
Hetzner Online GmbH	dilys.lt	1
serveriai.lt	descor.lt	1
serveriai.lt	roadtrain.lt	1
getspace.us	lkr.lt	1
Telia Lietuva, AB	fiat500.lt	1
awsdns-15.org	GOOGLE	1
balt.net	cyberknife.lt	1
Telia Lietuva, AB	mitas.lt	1
serveriai.lt	sliva.lt	1
serveriai.lt	synchronization.lt	1
domenai.lt	netnordic.lt	1
serveriai.lt	malinua.lt	1
GOOGLE	aromalife.lt	1
serveriai.lt	inese.lt	1
serveriai.lt	klinkeresta.lt	1
serveriai.lt	kondishop.lt	1
serveriai.lt	kopu.lt	1
serveriai.lt	ltga.lt	1
domenai.lt	mosi.lt	1
serveriai.lt	taubu.lt	1
serveriai.lt	openstreetmap.lt	1
hostex.lt	sos.lt	1
ns14.net	bette.de	1
dntrust.com	picanova.lt	1
Scaleway S.a.s.	modernigamta.lt	1
CLOUDFLARENET	usvis.lt	1
serveriai.lt	myk.lt	1
pointhq.com	mxlogin.com	1
OVH SAS	tuttopizza.lt	1
serveriai.lt	inmotion.lt	1
infocity.pl	infocity.pl	1
gransy.com	tipli.lt	1
serveriai.lt	santegra.lt	1
serveriai.lt	movigear.lt	1
Sia Nano IT	decofit.lt	1
serveriai.lt	ghvi.lt	1
serveriai.lt	jippii.lt	1
Telia Lietuva, AB	deisan.lt	1
serveriai.lt	zodele.lt	1
serveriai.lt	klass.lt	1
serveriai.lt	raudondvariodvaras.lt	1
edata.lt	wahl.lt	1
Telia Lietuva, AB	sviestuvai.lt	1
domenai.lt	goretro.lt	1
Telia Lietuva, AB	kimono.lt	1
hostex.lt	payroll.lt	1
Sia Nano IT	liveo.lt	1
Telia Lietuva, AB	herbastress.lt	1
edata.lt	nu.lt	1
Telia Lietuva, AB	gimk.lt	1
domains.lt	brusas.lt	1
hostex.lt	cowboy.lt	1
Nazwa.pl Sp.z.o.o.	settima.lt	1
serveriai.lt	neonet.lt	1
serveriai.lt	bvp.lt	1
CLOUDFLARENET	learn4good.com	1
UAB Bite Lietuva	densta.lt	1
Telia Lietuva, AB	stageart.lt	1
domains.lt	studio.lt	1
serveriai.lt	helijo.lt	1
serveriai.lt	gardai.lt	1
intelliweb.hu	intelliweb.hu	1
UAB Interneto vizija	woow.lt	1
serveriai.lt	gija.lt	1
123ns.de	prostamol.lt	1
serveriai.lt	realtum.lt	1
HURRICANE	lubinas.lt	1
serveriai.lt	melt.lt	1
serveriai.lt	epas.lt	1
xado.com	GOOGLE	1
CLOUDFLARENET	eshoper.lt	1
UAB Interneto vizija	top30.lt	1
Hetzner Online GmbH	todel.lt	1
SECURITYSERVICES	dnsassurance.com	2
domenai.lt	weedstore.lt	1
CLOUDFLARENET	mailhive.eu	2
ipcom GmbH	snowtrex.com	1
serveriai.lt	old.lt	1
serveriai.lt	wakensee.lt	1
CLOUDFLARENET	arborist.lt	1
CLOUDFLARENET	tv8.lt	1
serveriai.lt	itzona.lt	1
domenai.lt	musicstudio.lt	1
Telia Lietuva, AB	sth.lt	1
CLOUDFLARENET	e-pagalba.lt	1
UAB Interneto vizija	broauto.lt	1
Telia Lietuva, AB	abrosa.lt	1
awsdns-07.com	nlg.hu	1
Telia Lietuva, AB	lio.lt	1
UAB Interneto vizija	estel.lt	1
Telia Lietuva, AB	austre.lt	1
serveriai.lt	eldancosmetics.lt	1
CLOUDFLARENET	gtw.lt	1
domenai.lt	draisa.lt	1
CLOUDFLARENET	goxmix.lt	1
serveriai.lt	viphome.lt	1
UAB Interneto vizija	sturbo.lt	1
serveriai.lt	proreta.lt	1
dnspod.net	vvip.ltd	1
UAB Bite Lietuva	genetika.lt	1
CLOUDFLARENET	aromarex.lt	1
UAB Kauno interneto sistemos	kpi.lt	1
serveriai.lt	cojeen.lt	1
serveriai.lt	pabegimo-kambariai.lt	1
CLOUDFLARENET	mectran.lt	1
dlrz.net	upliftingcompany.lt	1
OVH SAS	hiboutik.com	1
serveriai.lt	rectorgroup.lt	1
serveriai.lt	tax24.lt	1
hostex.lt	senmed.lt	1
hostprofis.com	eiska.lt	1
domenai.lt	denimhouse.lt	1
Hetzner Online GmbH	skauga.lt	1
serveriai.lt	beesdrop.lt	1
serveriai.lt	parcelo.lt	1
ORANGE BUSINESS SERVICES U.S. Inc.	Telia Lietuva, AB	1
hap.lt	ginklas.lt	1
serveriai.lt	ppl.lt	1
serveriai.lt	arturik.lt	1
gransy.com	politinn.lt	1
hostex.lt	pro-duce.lt	1
serveriai.lt	buvotavo.lt	1
serveriai.lt	admico.lt	1
CLOUDFLARENET	aviaeuropa.lt	1
Telia Lietuva, AB	artcityinn.lt	1
getspace.us	gorilla.lt	1
balticvps.eu	pgk.lt	1
serveriai.lt	rustenis.lt	1
CLOUDFLARENET	in.ua	1
serveriai.lt	realia.lt	1
serveriai.lt	circulareconomy.lt	1
serveriai.lt	raceshop.lt	1
serveriai.lt	misas.lt	1
Nazwa.pl Sp.z.o.o.	danlab.lt	1
serveriai.lt	rentu.lt	1
domenai.lt	domenai.lt	1
serveriai.lt	1424.lt	1
serveriai.lt	asprova.lt	1
home.pl	luxdecor.lt	1
bacloud.com	myou.lt	1
hsworks.fi	3dandy.lt	1
serveriai.lt	aimed.lt	1
serveriai.lt	goldbody.lt	1
serveriai.lt	mx-it.lt	1
bacloud.com	gripex.lt	1
co.uk	renting.lt	1
serveriai.lt	zenit.lt	1
UAB Bite Lietuva	izet.lt	1
UAB Interneto vizija	uce.lt	1
bacloud.com	mixflora.lt	1
CLOUDFLARENET	onplay.lt	1
hostex.lt	accomodation.lt	1
UAB Interneto vizija	styler.lt	1
getspace.us	aleksotoaerodromas.lt	1
serveriai.lt	gabrys.lt	1
serveris.lt	apiemus.lt	1
softserve.lt	softserve.lt	1
CLOUDFLARENET	invoi.lt	1
serveriai.lt	cisv.lt	1
serveris.lt	kesju.lt	1
omc.info	omc-mail.com	1
serveriai.lt	pasali.lt	1
CLOUDFLARENET	novoshop.lt	1
domains.lt	mainecoon.lt	1
hostfly.by	vino-vino.lt	1
vigbo.site	UAB Interneto vizija	1
Net-Build GmbH	q10-oxy-repair.lt	1
serveris.lt	vestimenta.lt	1
serveriai.lt	gotamo.lt	1
hostex.lt	astrum.lt	1
tmd.cloud	tmdhosting.com	1
serveriai.lt	mailchannels.net	1
rehau.com	pphosted.com	1
serveriai.lt	lifepulse.lt	1
regmix.com	regmix.com	1
serveriai.lt	justile.lt	1
dcsix.net	adticket.de	1
serveriai.lt	aeonlasers.lt	1
serveriai.lt	deima.lt	1
serveriai.lt	wakeparks.lt	1
SECURITYSERVICES	bestdrive.lt	1
balt.net	vpserveris.lt	1
GANDI SAS	satan.lt	1
servera.lt	royalflowers.lt	1
domainers.de	meatager.lt	1
serveriai.lt	meikita.lt	1
domenai.lt	grs-industry.lt	1
Zone Media OU	csctelecom.eu	1
serveriai.lt	kreditailt.lt	1
Nazwa.pl Sp.z.o.o.	roth-industries.lt	1
UAB Elneta	analogaudio.lt	1
IONOS SE	ppsmtp.com	1
UAB Interneto vizija	motomanai.lt	1
CLOUDFLARENET	lmpa.lt	1
Telia Lietuva, AB	zaikauskas.lt	1
DIGICERT	hardrock.com	4
serveriai.lt	ribes.lt	1
hostex.lt	autopc.lt	1
Vautron Rechenzentrum AG	imansys.lt	1
serveriai.lt	peiliukai.lt	1
CLOUDFLARENET	velmet.lt	1
serveriai.lt	hairconcept.lt	1
Telia Lietuva, AB	timetables.lt	1
hostex.lt	fidelita.lt	1
eshoprent.com	isparduodame.lt	1
serveriai.lt	fotodart.lt	1
serveriai.lt	visikatilai.lt	1
serveriai.lt	imeta.lt	1
serveriai.lt	pyramide.lt	1
serveriai.lt	alpaka.lt	1
serveriai.lt	kairaitis.lt	1
serveriai.lt	personeta.lt	1
serveriai.lt	gaber.lt	1
Vautron Rechenzentrum AG	sistrix.lt	1
UAB Interneto vizija	avalonas.lt	1
serveriai.lt	asuva.lt	1
UAB Interneto vizija	christmastouch.lt	1
serveriai.lt	starbar.lt	1
UAB Interneto vizija	ekohumus.lt	1
serveriai.lt	adeva.lt	1
bacloud.com	solsystem.lt	1
webbgata.se	ZOHO Corporation B.V	1
serveriai.lt	bigmoments.lt	1
Telia Lietuva, AB	progeta.lt	1
bacloud.com	s-v-k.lt	1
serveriai.lt	investra.lt	1
awsdns-09.net	AMAZON-02	1
domenai.lt	cart.lt	1
serveriai.lt	dkgroup.lt	1
serveriai.lt	autopus.lt	1
serveriai.lt	bigbag.lt	1
ecus.es	ecus.lt	1
serveriai.lt	shopdrop.lt	1
ACTIVE 24, s.r.o.	nuton.lt	1
NUCDN	SQUIXA PTY LIMITED	1
serveriai.lt	jsf.lt	1
hostex.lt	hihike.lt	1
Telia Lietuva, AB	inforeka.lt	1
serveris.lt	hageled.lt	1
ipt.lt	apparel.lt	1
Penkiu kontinentu komunikaciju centras, Ltd.	vilnietis.lt	1
spaceweb.pro	spaceweb.ru	1
serveriai.lt	stinne.lt	1
AMAZON-02	suirad.lt	1
Telia Lietuva, AB	nordicwalking.lt	1
CLOUDFLARENET	q-service.lt	1
serveris.lt	astolfo.email	1
serveriai.lt	fincredit.lt	1
cewedigital.de	23M GmbH	1
serveris.lt	stalius.lt	1
CLOUDFLARENET	aurile.lt	2
Sia Nano IT	nateo.lt	1
hostex.lt	slim.lt	1
serveriai.lt	livecurling.lt	1
hostex.lt	irishpub.lt	1
Telia Lietuva, AB	agseafood.lt	1
Telia Lietuva, AB	powerjar.lt	1
serveriai.lt	resident.lt	1
NUCDN	blaustein.lt	1
serveriai.lt	elstera.lt	1
morganstanley.net	dnsassurance.com	1
UAB Bite Lietuva	bankrotas.lt	1
serveriai.lt	ligneo.lt	1
serveriai.lt	picolina.lt	1
CLOUDFLARENET	ragauk.lt	1
ns14.net	deutsche-leasing.com	1
domains.lt	dpak.lt	1
serveriai.lt	nueva.lt	1
serveriai.lt	juneka.lt	1
serveriai.lt	guoda.lt	1
Kauno Technologijos Universitetas	sportorumai.lt	1
CLOUDFLARENET	nice.lt	1
fornex.com	parfum33ml.lt	1
Telia Lietuva, AB	bookbook.lt	1
inexio.net	Telia Lietuva, AB	1
dipolis.net	discens.lt	1
serveriai.lt	nnnn.lt	1
serveriai.lt	ln.lt	1
UAB Interneto vizija	hologramos.lt	1
Telia Lietuva, AB	animeplanet.lt	1
my-control-panel.com	langaza.lt	1
bacloud.com	sirputis.lt	1
serveriai.lt	unicornlab.lt	1
UAB Baltnetos komunikacijos	astreta.lt	1
shockmedia.nl	seashepherdstore.lt	1
conix.de	lankwitzer.lt	1
e164.lt	cirka.lt	2
worldrid.com	btsc.lv	1
Tele2 SWIPnet	MICROSOFT-CORP-MSN-AS-BLOCK	1
home.pl	prouve.lt	1
ait.lt	novaforma.lt	1
serveriai.lt	elektra.lt	1
Telia Lietuva, AB	kjk.lt	1
serveriai.lt	goshooting.lt	1
CLOUDFLARENET	eastwood.lt	1
serveriai.lt	cargolot.lt	1
CLOUDFLARENET	newmood.lt	1
plusserver.com	psmanaged.com	1
whirlwind.nl	whirlwind.nl	1
Telia Lietuva, AB	ecotrailers.lt	1
getspace.us	monticola.lt	1
getspace.us	nora-design.lt	1
Cloud DNS Ltd	topcoatgels.es	1
serveriai.lt	vabank.lt	1
Telia Lietuva, AB	lvvk.lt	1
domains.lt	latga.lt	1
domainers.de	tomtailor.lt	1
serveriai.lt	bhd.lt	1
serveriai.lt	paulius.lt	1
combell.net	ZOHO Corporation B.V	1
serveriai.lt	balteck.lt	1
getcourse.ru	LLC VK	1
serveriai.lt	irena.lt	1
popidns.de	gebr-heinemann.de	1
serveriai.lt	dermatest.lt	1
serveriai.lt	okplius.com	1
BMS-AS	vidaza.lt	1
domenai.lt	chocogroup.lt	1
serveriai.lt	qp.lt	1
serveriai.lt	hhh.lt	1
UAB Elneta	lenbra.lt	1
domains.lt	alna.lt	1
UAB Interneto vizija	topfurniture.lt	1
Seonet Multimedia s.r.o.	Seznam.cz, a.s.	1
GOOGLE	incentivus.lt	1
UAB Elneta	owncloud.lt	1
serveriai.lt	aziaspa.lt	1
serveriai.lt	audita.lt	1
serveriai.lt	alstock.lt	1
serveriai.lt	drambliukai.lt	1
Telia Lietuva, AB	rolanta.lt	1
Telia Lietuva, AB	ttc.lt	1
UAB Elneta	occupo.lt	1
serveriai.lt	demokratai.lt	1
serveriai.lt	azf.lt	1
combell.net	transearch.lt	1
domenai.lt	mvt.lt	1
CLOUDFLARENET	ismira.lt	1
combell.net	theinternetone.net	1
Telia Lietuva, AB	officebee.lt	1
PEPSICO-NA	messenger.ee	1
UAB Interneto vizija	woodworkers.lt	1
Telia Lietuva, AB	abba.lt	1
Hetzner Online GmbH	tixpro.lt	1
Informacines sistemos ir technologijos, UAB	garrett.lt	1
serveriai.lt	constructionera.lt	1
edata.lt	isparduotuve.lt	1
serveriai.lt	famus.lt	1
serveriai.lt	asinica.lt	1
serveriai.lt	vikas.lt	1
hostika.net	lfpr.lt	1
CLOUDFLARENET	transp.lt	1
serveriai.lt	akl.lt	1
serveriai.lt	structurus.lt	1
hostex.lt	bautopas.lt	1
serveriai.lt	carclinic.lt	1
AMAZON-02	krausman.lt	1
Hetzner Online GmbH	cityexpress.lt	1
UAB Baltnetos komunikacijos	resula.lt	1
CLOUDFLARENET	skyvision.lt	1
serveriai.lt	benefitadraudimas.lt	1
domains.lt	sd.lt	1
domenai.lt	berankis.lt	1
hostex.lt	akmila.lt	1
CLOUDFLARENET	expedient.nl	1
CLOUDFLARENET	passat-club.lt	1
serveriai.lt	cgb.lt	1
serveriai.lt	rolandas.lt	1
bacloud.com	nensis.lt	1
virtualushosingas.com	tyrescenter.lt	1
CLOUDFLARENET	zaidimuklubas.lt	1
serveriai.lt	aksm.lt	1
home.pl	camarelo.lt	1
Telia Lietuva, AB	tech-ai.lt	1
serveriai.lt	grandcrm.lt	1
icsmedia.de	MICROSOFT-CORP-MSN-AS-BLOCK	1
tiltas.lt	aisva.lt	1
serveriai.lt	evolved.lt	1
domenai.lt	xfit.lt	1
csc.lt	MICROSOFT-CORP-MSN-AS-BLOCK	1
Telia Lietuva, AB	sp67.lt	1
serveriai.lt	reform.lt	1
Hetzner Online GmbH	ljus.lt	1
serveriai.lt	osport.lt	1
serveriai.lt	elnux.lt	1
serveris.lt	rddr.lt	1
Telia Lietuva, AB	valo.lt	1
serveris.lt	laipa.lt	1
Telia Lietuva, AB	librairie.lt	1
serveriai.lt	rvcreativestudio.lt	1
home.pl	arox.lt	1
is-fun.net	23M GmbH	1
CLOUDFLARENET	sodospalvos.lt	1
NSONE	UAB Bartus pro	1
Telia Lietuva, AB	ithelp.lt	1
aspcloudhost.com	CLOUDFLARENET	1
Hetzner Online GmbH	surreal.lt	1
domains.lt	merata.lt	1
CLOUDFLARENET	sputnik.lt	1
serveriai.lt	baltel.lt	1
AMAZON-02	lodegroup.lt	1
getspace.us	aklab.lt	1
serveriai.lt	egoal.lt	1
Telia Lietuva, AB	perdanga.lt	1
world4you.at	lamante.lt	1
serveriai.lt	irida.lt	1
webb.net	surf-town.net	1
bacloud.com	rutagardens.lt	1
Telia Lietuva, AB	lamborghinicalor.lt	1
serveriai.lt	tamp.lt	1
serveriai.lt	benevita.lt	1
wavecom.ee	poivre-blanc.lt	1
serveriai.lt	designlab.lt	1
Informacines sistemos ir technologijos, UAB	klinkershop.lt	1
getspace.us	ortoptika.lt	1
UAB Interneto vizija	themalux.lt	1
pns.lt	pns.lt	1
serveriai.lt	miskoprojektai.lt	1
hostex.lt	dyzel15.lt	1
UAB Interneto vizija	headhunt.lt	1
serveriai.lt	ruoda.lt	1
MB Redfox Cloud	riverside.lt	1
serveriai.lt	317.lt	1
CLOUDFLARENET	etchost.lt	1
Telia Lietuva, AB	agritis.lt	1
serveriai.lt	trep.lt	1
serveriai.lt	megamedia.lt	1
CLOUDFLARENET	raktininkas.lt	1
UAB Interneto vizija	vivasushi.lt	1
CLOUDFLARENET	webhoster.at	1
serveriai.lt	vuda.lt	1
Telia Lietuva, AB	raeco.lt	1
bacloud.com	domoshop.lt	1
CLOUDFLARENET	lusga.lt	1
serveriai.lt	animusagilis.lt	1
nameshield.net	vivendi.net	1
freehosting.com	bereal.lt	1
serveriai.lt	9n.lt	1
serveriai.lt	remco.lt	1
servera.lt	myrobo.lt	1
Telia Lietuva, AB	crmas.lt	1
serveriai.lt	hobis.lt	1
Cyber_Folks S.A.	sklodowscy.lt	1
domains.lt	virtual.lt	1
serveriai.lt	ald.lt	1
Telia Lietuva, AB	linokopos.lt	1
CLOUDFLARENET	euromedika.lt	1
serveriai.lt	accountus.lt	1
serveriai.lt	domicell.lt	1
magit.lt	mydata.lt	1
bacloud.com	in.ua	1
fekahost.nl	bonnekamp.lt	1
CLOUDFLARENET	pcking.lt	1
Informacines sistemos ir technologijos, UAB	medicline.lt	1
domenai.lt	glasses.lt	1
serveriai.lt	krus.lt	1
hostex.lt	101.lt	1
serveriai.lt	modulmasters.lt	1
Telia Lietuva, AB	rflogistics.lt	1
NUCDN	cscope.lt	1
CLOUDFLARENET	gurevicius.lt	1
Telia Lietuva, AB	insects.lt	1
serveriai.lt	1016.lt	1
bacloud.com	eventtech.lt	1
serveriai.lt	sunrate.lt	1
serveriai.lt	biogra.lt	1
serveriai.lt	postdok.lt	1
getspace.us	greenin.lt	1
Host Europe GmbH	millenium.lv	1
serveriai.lt	monreal.lt	1
host-gg.com	cyberbaltic.lt	1
UAB Bite Lietuva	covid.lt	1
CLOUDFLARENET	marmoroc.lt	1
123ns.de	mezym.lt	1
com.ua	mernaya.lt	1
Hetzner Online GmbH	viarmi.lt	1
bacloud.com	gmice.lt	1
serveriai.lt	ledmax.lt	1
UAB ESNET	fall.lt	1
Telia Lietuva, AB	zonemega.lt	1
Telia Lietuva, AB	eordo.lt	1
serveriai.lt	fioridiseta.lt	1
Telia Lietuva, AB	ecotour.lt	1
AMAZON-02	gomailify.com	1
UAB Elneta	taksi1.lt	1
domenai.lt	impotencija.lt	1
bacloud.com	ac3.lt	1
serveriai.lt	autopost.lt	1
ACTIVE 24, s.r.o.	euro-souvenir.lt	1
serveriai.lt	feprojects.lt	1
AMAZON-02	kekava.lt	1
domenai.lt	webserver.lt	1
serveriai.lt	woofstore.lt	1
CLOUDFLARENET	masoma.lt	1
inware.ch	structogram.lt	1
interna.me	fru-it.lt	1
com.ua	yoga4energy.lt	1
nicns.net	metapor.lt	1
serveriai.lt	finliz.lt	1
Informacines sistemos ir technologijos, UAB	cybersec.lt	1
UAB Interneto vizija	automobiliu-supirkimas.lt	1
serveriai.lt	presentsimple.lt	1
bacloud.com	resistance.lt	1
serveriai.lt	lifehacks.lt	1
Telia Lietuva, AB	simkai.lt	1
serveriai.lt	cmms.lt	1
UAB Interneto vizija	adotasgroup.lt	1
SkyExchange Internet Access	AMAZON-02	1
Cyber_Folks S.A.	stellagreen.lt	1
gransy.com	alcapipe.lt	1
serveriai.lt	openspace.lt	1
serveriai.lt	leechfarm.lt	1
Hetzner Online GmbH	inhosting.fi	1
bacloud.com	Proton AG	1
bacloud.com	d-p.lt	1
CLOUDFLARENET	onevideo.lt	1
serveriai.lt	euro-trade.lt	1
Telia Eesti AS	Datacamp Limited	2
hostex.lt	italiatravel.lt	1
Telia Lietuva, AB	klasana.lt	1
Hetzner Online GmbH	ventesragas.lt	1
serveriai.lt	grifinas.lt	1
CLOUDFLARENET	svedaite.lt	1
domenai.lt	9z.lt	1
serveriai.lt	belady.lt	1
comp-pro-dns.de	MICROSOFT-CORP-MSN-AS-BLOCK	1
markmonitor.com	plackers.lt	1
serveriai.lt	hetora.lt	1
UAB Interneto vizija	agerton.lt	1
serveriai.lt	deltasoft.lt	1
domenai.lt	storycamp.lt	1
Telia Lietuva, AB	indigroup.lt	1
Telia Lietuva, AB	bifree.lt	1
serveriai.lt	meetbank.lt	1
serveriai.lt	rostanas.lt	1
serveriai.lt	ach.lt	1
serveriai.lt	eveda.lt	1
serveriai.lt	autodonor.lt	1
ACTIVE 24, s.r.o.	Seznam.cz, a.s.	1
serveris.lt	dreamfoods.lt	1
serveriai.lt	tapetai.lt	1
serveriai.lt	deku.lt	1
bacloud.com	geodesy.lt	1
serveriai.lt	parsfood.lt	1
serveriai.lt	digitalcaps.lt	1
hostex.lt	intimate.lt	1
serveriai.lt	focolare.lt	1
MICROSOFT-CORP-MSN-AS-BLOCK	mail-post.lt	1
serveriai.lt	evtest.lt	1
serveriai.lt	3dprinting.lt	1
interna.me	fitcake.lt	1
eshoprent.com	taptap.lt	1
serveriai.lt	miskopasakos.lt	1
serveriai.lt	sereika.lt	1
Telia Lietuva, AB	kremela.lt	1
bacloud.com	bodylines.lt	1
getspace.us	damoms.lt	1
interna.me	hummus.lt	1
freehosting.com	clu.lt	1
serveriai.lt	boku.lt	1
awsdns-06.net	SECURITYSERVICES	1
serveriai.lt	miestopramogos.lt	1
CLOUDFLARENET	ntb.lt	1
fornex.com	aug.lt	1
serveriai.lt	motivs.lt	1
CLOUDFLARENET	panrs.lt	1
serveriai.lt	maironis.lt	1
CLOUDFLARENET	photostories.lt	1
serveriai.lt	diagor.lt	1
CLOUDFLARENET	stambrauskas.lt	1
Cyber_Folks S.A.	vi-agro.lt	1
hostex.lt	skubi.lt	1
serveriai.lt	kodel.lt	1
serveriai.lt	venckus-software.lt	1
serveriai.lt	kagi.lt	1
serveriai.lt	vileika.lt	1
UAB Interneto vizija	own.lt	1
serveriai.lt	klaf.lt	1
serveriai.lt	jjpro.lt	1
SECURITYSERVICES	tdc.no	1
serveriai.lt	atentis.lt	1
serveriai.lt	etrana.lt	1
UAB Penki kontinentai	satilive.lt	1
CLOUDFLARENET	airbag.lt	1
serveriai.lt	karme.lt	1
bacloud.com	napoleonas.lt	1
bacloud.com	romanscy.lt	1
serveriai.lt	zimas.lt	1
MB Redfox Cloud	fiskar.lt	1
netteam.it	itdnsd.it	1
serveriai.lt	transliacijos.lt	1
serveriai.lt	camera.lt	1
serveriai.lt	bioinformatics.lt	1
serveriai.lt	artfund.lt	1
bacloud.com	pinokis.lt	1
GOOGLE	momentsmystery.lt	1
serveriai.lt	arimeda.lt	1
serveriai.lt	freedom24.lt	1
serveriai.lt	bignet.lt	1
Telia Lietuva, AB	olivetti.lt	1
serveriai.lt	pmtp.lt	1
serveriai.lt	upp.lt	1
domains.lt	kauko.lt	1
serveriai.lt	detama.lt	1
serveriai.lt	porsche-cayenne.lt	1
serveriai.lt	ses.lt	1
CLOUDFLARENET	ringo.lt	1
Telia Lietuva, AB	rukana.lt	1
bacloud.com	profipack.lt	1
Telia Lietuva, AB	pvi.lt	1
serveriai.lt	ecodiamonds.lt	1
serveriai.lt	sfg.lt	1
ipage.com	formules.lt	1
serveriai.lt	rytasprint.lt	1
serveriai.lt	sirex.lt	1
yritysnet.fi	vrtranspoint.lt	1
serveriai.lt	aransa.lt	1
linuxpl.com	MICROSOFT-CORP-MSN-AS-BLOCK	1
NUCDN	grimas.lt	1
business-gifts.lt	business-gifts.lt	1
Infocom Uk Ltd	rem.lt	1
UAB Interneto vizija	aihelp.lt	1
UAB ESNET	dekoros.lt	1
UAB Interneto vizija	rkc.lt	1
serveriai.lt	cron.lt	1
hostex.lt	personnel.lt	1
bacloud.com	e-f1.lt	1
UAB Interneto vizija	signat.lt	1
Telia Lietuva, AB	glg.lt	1
serveriai.lt	carsrent.lt	1
serveriai.lt	meidai.lt	1
serveriai.lt	deltra.lt	1
darsis.us	businesskids.lt	1
UAB Interneto vizija	k-senukai.lt	1
domenai.lt	novaagro.lt	1
CLOUDFLARENET	travelnews.lt	1
serveriai.lt	fitin.lt	1
serveriai.lt	redus.lt	1
serveriai.lt	drillings.lt	1
Telia Lietuva, AB	aloon.lt	1
fastlink.lt	MICROSOFT-CORP-MSN-AS-BLOCK	1
serveriai.lt	applehotel.lt	1
mc2.dev	quake.lt	1
getspace.us	domlu.lt	1
CLOUDFLARENET	xdalys.lt	1
serveris.lt	sveikaskailis.lt	1
UAB Interneto vizija	iday.lt	1
alfahosting.info	mckitchen.lt	1
serveriai.lt	lendor.lt	1
Telia Lietuva, AB	diversity.lt	1
domenai.lt	hostings.lv	1
UAB Interneto vizija	celadon.lt	1
serveriai.lt	takumis.lt	1
domenai.lt	tut.lt	1
CLOUDFLARENET	djiars.lt	1
Hetzner Online GmbH	piercing.lt	1
UAB Interneto vizija	pc4you.lt	1
serveriai.lt	lape.lt	1
balt.net	terracloud.lt	1
AMAZON-02	killerink.lt	1
vub.lt	GOOGLE	1
serveroffer.lt	serveroffer.lt	1
Telia Lietuva, AB	dururemontas.lt	1
serveriai.lt	swiftarena.lt	1
Vautron Rechenzentrum AG	rebel-x.lt	1
Cloud DNS Ltd	risks.lt	1
serveriai.lt	iksija.lt	1
MB Redfox Cloud	onlyside.lt	1
serveriai.lt	fructus.lt	1
Telia Lietuva, AB	orchids.lt	1
UAB Interneto vizija	glowbeauty.lt	1
balt.net	mindsharebaltics.lt	1
CLOUDFLARENET	adlife.lt	1
Telia Lietuva, AB	jvk.lt	1
serveriai.lt	litavia.lt	1
supercp.com	vphoto.lt	1
serveriai.lt	ironcat.lt	1
serveriai.lt	automanai.lt	1
serveriai.lt	neurologe.lt	1
serveriai.lt	fp1.lt	1
UAB Interneto vizija	rsv.lt	1
GOOGLE	25.47	1
nonamehosts.com	buses.lt	1
CLOUDFLARENET	knauf-industries.lt	1
serveriai.lt	cargosoft.lt	1
serveris.lt	sertis.lt	1
serveriai.lt	smetas.lt	1
balt.net	msv1.invalid	1
teledema.lt	dema.lt	1
Telia Lietuva, AB	saws.lt	1
CLOUDFLARENET	markak.lt	1
serveriai.lt	rodo.lt	1
schmetterling.de	schmetterling.de	1
serveriai.lt	vitlex.lt	1
hostex.lt	courses.lt	1
Telia Lietuva, AB	aza-tours.lt	1
CLOUDFLARENET	kimbo.lt	1
host1.eu	led-labs.lt	1
AMAZON-02	Elisa Oyj	1
Zone Media OU	alna.lt	1
serveriai.lt	aquatera.lt	1
serveriai.lt	advokatus.lt	1
UAB Interneto vizija	UAB Interneto vizija	1
serveriai.lt	forelle.lt	1
domenai.lt	mantas-koncius.lt	1
domenai.lt	futura.lt	1
Telia Lietuva, AB	lpgvf.lt	1
hap.lt	namo.lt	1
Telia Lietuva, AB	eee.lt	1
CLOUDFLARENET	md.lt	1
serveriai.lt	budoka.lt	1
Scaleway S.a.s.	speda.lt	1
UAB Baltnetos komunikacijos	svita.lt	1
serveriai.lt	ebex.lt	1
hostex.lt	a-group.lt	1
UAB Interneto vizija	memelmoto.lt	1
my-control-panel.com	vi0.lt	1
CLOUDFLARENET	vps.lt	1
CLOUDFLARENET	pavilionis.lt	1
serveriai.lt	runai.lt	1
CLOUDFLARENET	pagalba.net	1
Telia Lietuva, AB	sentiva.lt	1
serveriai.lt	skierusfarm.lt	1
serveriai.lt	dreamauto.lt	1
serveriai.lt	gmf.lt	1
sreklama.lt	sreklama.lt	1
serveriai.lt	rondo.lt	1
getspace.us	youdrum.lt	1
Cyber_Folks S.A.	janusz.lt	1
UAB Interneto vizija	makiazai.lt	1
bacloud.com	rumai.lt	1
Telia Lietuva, AB	fotos.lt	1
OVH SAS	GOOGLE-CLOUD-PLATFORM	1
Telia Lietuva, AB	liba.lt	1
serveriai.lt	maxprint.lt	1
Telia Lietuva, AB	stankevicius.lt	1
UAB Interneto vizija	sonisnails.lt	1
serveriai.lt	er-motors.lt	1
UAB Interneto vizija	besthotel.lt	1
bacloud.com	siauliuketas.lt	1
Telia Lietuva, AB	eita.lt	1
serveriai.lt	amerigo.lt	1
CLOUDFLARENET	velotrade.lt	1
UAB Interneto vizija	invictusway.lt	1
markmonitor.com	nospamproxy.com	1
serveriai.lt	t24.lt	1
bacloud.com	excitech.lt	1
serveriai.lt	artagne.lt	1
UAB Interneto vizija	itmasters.lt	1
hap.lt	guc.lt	1
hostex.lt	areisa.lt	1
serveriai.lt	refurbas.lt	1
hap.lt	papuosalai.lt	1
serveriai.lt	elyrics.lt	1
serveriai.lt	lahome.lt	1
Telia Lietuva, AB	olegas.lt	1
magit.lt	fintopas.lt	1
eshoprent.com	dupis.lt	1
serveriai.lt	gpg.lt	1
serveriai.lt	xsistema.lt	1
Telia Lietuva, AB	maksimum.lt	1
serveriai.lt	arabiaperfume.lt	1
serveriai.lt	aaltonen.lt	1
CLOUDFLARENET	kundenserver.de	1
ipt.lt	vagonai.lt	1
serveriai.lt	mireda.lt	1
AMAZON-02	jellycat.lt	1
bacloud.com	aipek.lt	1
hostex.lt	oftalmologas.lt	1
GOOGLE	kidzy.lt	1
CLOUDFLARENET	foneka.lt	1
Telia Lietuva, AB	ile.lt	1
aji.lt	rokvesta.lt	1
hostex.lt	irmco.lt	1
hap.lt	cyberupgrade.lt	1
CLOUDFLARENET	gipo.lt	1
CLOUDFLARENET	ilsna.lt	1
Telia Lietuva, AB	baldaix.lt	1
serveriai.lt	a1.lt	1
CLOUDFLARENET	manrasta.lt	1
serveriai.lt	jukoda.lt	1
serveriai.lt	publicsecrets.lt	1
Telia Lietuva, AB	kuolai.lt	1
Cyber_Folks S.A.	worldvit.lt	1
serveriai.lt	salkauskis.lt	1
serveriai.lt	artix.lt	1
UAB Interneto vizija	idedu.lt	1
Telia Lietuva, AB	versloangelai.lt	1
serveriai.lt	brokeriai.lt	1
serveriai.lt	navieu.lt	1
CLOUDFLARENET	administracija.lt	1
Telia Lietuva, AB	agrozona.lt	1
serveriai.lt	pathways.lt	1
serveriai.lt	e-dih.lt	1
AMAZON-02	wpeezy.lt	1
serveriai.lt	membox.lt	1
serveriai.lt	corion.lt	1
serveriai.lt	anti-trafficking.lt	1
UAB Interneto vizija	dalia.lt	1
edata.lt	veidai.lt	1
serveriai.lt	aplinkosaugossprendimai.lt	1
serveriai.lt	3535.lt	1
CLOUDFLARENET	almonature.lt	1
UAB Interneto vizija	elmeida.lt	1
CLOUDFLARENET	calda.lt	1
serveriai.lt	crazybones.lt	1
CLOUDFLARENET	antikorozinis.lt	1
serveriai.lt	infosta.lt	1
checkdomain.de	haycar.lt	1
serveriai.lt	masyvo.lt	1
CLOUDFLARENET	changer4u.com	1
GOOGLE	omotex.lt	1
serveriai.lt	cbdpotential.lt	1
eshoprent.com	parfums.lt	1
CLOUDFLARENET	onyte.lt	1
hostwhitelabel.com	burnos.lt	1
Telia Lietuva, AB	ortovet.lt	1
Ledl.net GmbH	certainity.lt	1
serveriai.lt	odooplus.lt	1
CLOUDFLARENET	repdesk.lt	1
UAB Proservis	oino.lt	1
serveriai.lt	drabuziaidarbui.lt	1
QUIC-CLOUD	nuotolineslauga.lt	1
Hetzner Online GmbH	borta.lt	1
host-care.com	urkunina.lt	1
serveriai.lt	retrogo.lt	1
Telia Lietuva, AB	lud.lt	1
hostex.lt	mdimpex.lt	1
serveriai.lt	niceprice.lt	1
serveriai.lt	taycan.lt	1
serveriai.lt	rf-networks.lt	1
serveriai.lt	deldi.lt	1
serveriai.lt	agintas.lt	1
serveriai.lt	edgeprojects.lt	1
serveriai.lt	arterior.lt	1
GANDI SAS	osmarks.net	1
Telia Lietuva, AB	odry.lt	1
domenai.lt	classicrally.lt	1
serveriai.lt	amail.lt	1
ltmd.net	krims.lt	1
Telia Lietuva, AB	technocentras.lt	1
home.pl	aqua-art.lt	1
serveriai.lt	lpmaps.lt	1
domenai.lt	homedeco.lt	1
MB Redfox Cloud	projectcs.lt	1
domenai.lt	ronetools.lt	1
Telia Lietuva, AB	ecofirma.lt	1
domains.lt	agata.lt	1
serveriai.lt	degintoslentos.lt	1
Telia Lietuva, AB	ecora.lt	1
Telia Lietuva, AB	pceuropa.lt	1
serveriai.lt	blindsport.lt	1
Telia Lietuva, AB	beglobis.lt	1
routing.net	ela.lt	1
domenai.lt	LLC VK	2
serveriai.lt	modernistas.lt	1
UAB Interneto vizija	stylist.lt	1
home.pl	johnybee.lt	1
exacttarget.com	exacttarget.com	1
serveriai.lt	adlsecurity.lt	1
Telia Lietuva, AB	stupa.lt	1
UAB Interneto vizija	adako.lt	1
CLOUDFLARENET	pinkevicius.lt	1
serveriai.lt	welshcorgi.lt	1
eastwesthost.com	alternatyva.lt	1
serveriai.lt	scmsoftware.lt	1
serveriai.lt	detales.lt	1
UAB Interneto vizija	black.lt	1
serveriai.lt	propartners.lt	1
serveriai.lt	migna.lt	1
serveriai.lt	mindeco.lt	1
serveriai.lt	sellis.lt	1
serveriai.lt	bopoha.lt	1
awsdns-00.com	AMAZON-02	1
serveriai.lt	dietetika.lt	1
CLOUDFLARENET	jo.lt	1
afraid.org	YANDEX LLC	1
serveriai.lt	madolina.lt	1
Telia Lietuva, AB	darling.lt	1
ANEXIA Internetdienstleistungs GmbH	energysave.lt	1
serveriai.lt	bnb.lt	1
serveriai.lt	miezis.lt	1
UAB Interneto vizija	bb.lt	1
ACTIVE 24, s.r.o.	emishop.lt	1
Telia Lietuva, AB	primink.lt	1
serveriai.lt	siding.lt	1
serveriai.lt	casmara.lt	1
Hetzner Online GmbH	sendmail.lt	1
auto-vision.ru	edeta.lt	1
serveriai.lt	opusclip.lt	1
serveriai.lt	hairdesign.lt	1
GANDI SAS	Tutao GmbH	1
CLOUDFLARENET	teamextension.lt	1
n0c.com	ametista.lt	1
Telia Lietuva, AB	zts.lt	1
DIGICERT	oriste.lt	1
serveriai.lt	emc.lt	1
wusel.network	gerbracht.it	1
UAB Interneto vizija	trapas.lt	1
bacloud.com	mota.lt	1
serveriai.lt	languagecoaching.lt	1
domains.lt	sros.lt	1
hostex.lt	medtech.lt	1
serveriai.lt	lominda.lt	1
Cyber_Folks S.A.	schmidtmachinery.lt	1
serveriai.lt	silueta.lt	1
Safenames Ltd.	NorthC Deutschland GmbH	1
awsdns-03.org	endian.lt	1
serveriai.lt	regnummusicale.lt	1
domains.lt	fotocat.lt	1
serveriai.lt	tamruna.lt	1
serveriai.lt	srslimited.lt	1
Penkiu kontinentu komunikaciju centras, Ltd.	pris.lt	1
Informacines sistemos ir technologijos, UAB	adesta.lt	1
serveriai.lt	tutushop.lt	1
Telia Lietuva, AB	stukas.lt	1
Telia Lietuva, AB	granex.net	1
CLOUDFLARENET	devnull.lt	1
serveriai.lt	novusit.lt	1
CLOUDFLARENET	nti.lt	1
serveriai.lt	ewine.lt	1
bacloud.com	ovelia.lt	1
GOOGLE	Eurofiber France SAS	1
domenai.lt	thuya.lt	1
Hetzner Online GmbH	robotprint.lt	1
bacloud.com	signis.lt	1
CLOUDFLARENET	3x6.lt	1
Telia Lietuva, AB	magyla.lt	1
Telia Lietuva, AB	svenciustudija.lt	1
eshoprent.com	liushop.lt	1
balticvps.eu	granito.lt	1
serveriai.lt	avra.lt	1
OVH SAS	i-deal.lt	1
CLOUDFLARENET	ionos.com	1
hostex.lt	venitas.lt	1
domains.lt	vjg.lt	1
Telia Lietuva, AB	NAMECHEAP-NET	1
serveriai.lt	charity.lt	1
CLOUDFLARENET	syslevel.lt	1
serveriai.lt	crazydriver.lt	1
serveriai.lt	versloidejos.lt	1
CLOUDFLARENET	nordeks.lv	1
Telia Lietuva, AB	lpconsulting.lt	1
hostex.lt	racketsport.lt	1
serveriai.lt	codenet.lt	1
serveriai.lt	traisi.lt	1
serveriai.lt	serve.lt	1
datacentras.lt	din66399.lt	1
serveriai.lt	dtsgroup.lt	1
serveriai.lt	eugenijus.lt	1
domenai.lt	aflamo.lt	1
serveriai.lt	movetra.lt	1
Telia Lietuva, AB	cashregisterrolls.lt	1
ipcom GmbH	asmc.de	1
serveriai.lt	samoningosmamos.lt	1
domains.lt	suriai.lt	1
Net-Build GmbH	rolfsorg.lt	1
Telia Lietuva, AB	autel.lt	1
domenai.lt	kfmi.lt	1
Telia Lietuva, AB	vitadecora.lt	1
serveriai.lt	aleksa.lt	1
serveriai.lt	levantina.lt	1
NUCDN	yoigo.lt	1
AMAZON-02	tdd.lt	1
GOOGLE	aipo.lt	1
serveriai.lt	hosteris.lt	1
serveriai.lt	efly.lt	1
getspace.us	samskin.lt	1
serveriai.lt	mitpc.lt	1
serveriai.lt	fcbarcelona.lt	1
gransy.com	regtons.lt	1
serveriai.lt	innovations.lt	1
trialine.lv	imprimere.lt	1
CLOUDFLARENET	luxusdecor.lt	1
serveriai.lt	manageris.lt	1
CLOUDFLARENET	gas.lt	1
Telia Lietuva, AB	kybynlar.lt	1
Telia Lietuva, AB	orna.lt	1
NUCDN	art-pol.pl	1
virtuaal.com	diotech.lt	1
Penkiu kontinentu komunikaciju centras, Ltd.	venonta.lt	1
meganet.lt	pirema.lt	1
UAB Interneto vizija	magmilitaris.lt	1
UAB Interneto vizija	intermedus.lt	1
dig.com	disneyonline.com	1
Telia Lietuva, AB	scottishterrier.lt	1
serveriai.lt	gagastudio.lt	1
Telia Lietuva, AB	beautynail.lt	1
Telia Lietuva, AB	macfab.lt	1
serveriai.lt	aqume.lt	1
tarhelykozpont.hu	furanflex.lt	1
Telia Lietuva, AB	accit.lt	1
hostex.lt	skyrybos.lt	1
serveriai.lt	frankana.lt	1
Telia Lietuva, AB	estates.lt	1
serveriai.lt	zolando.lt	1
Telia Lietuva, AB	normantas.lt	1
ports.se	staysecuregroup.com	1
Telia Lietuva, AB	garula.lt	1
serveris.lt	groziopaslaptys.lt	1
serveriai.lt	recom.lt	1
UAB Elneta	simatek.lt	1
CLOUDFLARENET	bkom.it	1
Telia Lietuva, AB	elmet.lt	1
Telia Lietuva, AB	varum.lt	1
serveriai.lt	demetra.lt	1
CLOUDFLARENET	asara.lt	1
ipcom GmbH	letob.de	1
hap.lt	seschool.lt	1
hostex.lt	ridsales.lt	1
UAB Rakrejus	hexagon.lt	1
Telia Lietuva, AB	delardo.lt	1
Telia Lietuva, AB	eurox.lt	1
serveriai.lt	egolf.lt	1
eshoprent.com	skinhouse.lt	1
domenai.lt	tirehotel.lt	1
UAB Bite Lietuva	kombucha.lt	1
balt.net	straumann.lt	1
Telia Lietuva, AB	thingstories.lt	1
CLOUDFLARENET	leaflet.lt	1
serveriai.lt	klasikiniaibaldai.lt	1
serveriai.lt	debitas.lt	1
serveriai.lt	rollshaper.lt	1
UAB Interneto vizija	domeda.lt	1
serveriai.lt	motivated.lt	1
serveriai.lt	kiberzona.lt	1
CLOUDFLARENET	sandrain.lt	1
CLOUDFLARENET	know-how.lt	2
serveriai.lt	golt.lt	1
Telia Lietuva, AB	evoperformance.lt	1
bacloud.com	monas.lt	1
serveriai.lt	logona.lt	1
Sia Nano IT	spletnik.lt	1
Telia Lietuva, AB	up2.lt	1
serveriai.lt	edvs.lt	1
serveriai.lt	ntdubajuje.lt	1
serveriai.lt	metalmorphose.lt	1
serveriai.lt	advisera.lt	1
domenai.lt	kazak.lt	1
domenai.lt	diaside.lt	1
UAB Interneto vizija	sponke.lt	1
hostex.lt	partneriai.lt	1
bacloud.com	truelead.lt	1
serveriai.lt	webey.lt	1
TIER-NET	kulbis.lt	1
ANEXIA Internetdienstleistungs GmbH	melbourneitdbsmail.com	1
SECURITYSERVICES	forbo.com	2
serveriai.lt	asks.lt	1
UAB Interneto vizija	domoletti.lt	1
CLOUDFLARENET	fortakas.lt	1
bacloud.com	axioma.lt	1
serveriai.lt	balticdigital.lt	1
serveriai.lt	clowns.lt	1
serveriai.lt	orex.lt	1
Telia Lietuva, AB	jiesia.lt	1
serveriai.lt	morgana.lt	1
serveriai.lt	meatcraft.lt	1
netsons.net	netsons.lt	1
serveriai.lt	energo.lt	1
ACTIVE 24, s.r.o.	outin.lt	1
bacloud.com	charlot.ee	1
serveriai.lt	absolutum.lt	1
serveriai.lt	bestmarketing.lt	1
Telia Lietuva, AB	smetonis.lt	1
UAB Baltnetos komunikacijos	jns.lt	1
Hetzner Online GmbH	dizko.lt	1
serveriai.lt	ekuboo.lt	1
serveriai.lt	veikia.net	1
serveriai.lt	rina.lt	1
serveriai.lt	enesto.lt	1
CLOUDFLARENET	biodrier.lt	1
serveriai.lt	rc-studio.lt	1
QUIC-CLOUD	maudis.lt	1
Telia Lietuva, AB	atelier.lt	1
serveriai.lt	bluelotus.lt	1
serveriai.lt	mu-hobby.lt	1
serveriai.lt	handymen.lt	1
serveriai.lt	istudija.lt	1
UAB Baltnetos komunikacijos	nasc.lt	1
dntrust.com	cllck.lt	1
Cloud DNS Ltd	lika.lt	1
serveriai.lt	daos.lt	1
UAB Interneto vizija	render.lt	1
UAB Interneto vizija	hazard.lt	1
serveriai.lt	tyres123.lt	1
serveriai.lt	tps.lt	1
serveriai.lt	avk.lt	1
serveriai.lt	ltka.lt	1
serveris.lt	divide.lt	1
afraid.org	starcraft.lt	1
fiber.ee	unipal.lt	1
UAB Interneto vizija	phonefix.lt	1
serveriai.lt	kristiliu.lt	1
CASABLANCA INT a.s.	gulforchid.lt	1
Telia Lietuva, AB	darmena.lt	1
Telia Lietuva, AB	minoxidil.lt	1
serveriai.lt	llaa.lt	1
eshoprent.com	viele.lt	1
MICROSOFT-CORP-MSN-AS-BLOCK	forpsi.com	1
MICROSOFT-CORP-MSN-AS-BLOCK	soda-club.lt	1
bacloud.com	algarve.lt	1
Telia Lietuva, AB	panoramahotel.lt	1
serveriai.lt	flightschool.lt	1
serveriai.lt	auditorija.lt	1
UAB Bite Lietuva	wargames.lt	1
serveriai.lt	akstinas.lt	1
CLOUDFLARENET	pjs.lt	1
UAB Interneto vizija	illusionist.lt	1
serveriai.lt	sperma.lt	1
serveriai.lt	novusturtas.lt	1
CLOUDFLARENET	printcre.lt	1
CLOUDFLARENET	vilniauslangai.lt	1
Telia Lietuva, AB	reverose.lt	1
Telia Lietuva, AB	kubo.lt	1
CLOUDFLARENET	deive.lt	1
bacloud.com	cm-systems.lt	1
serveriai.lt	gosmartway.lt	1
getspace.us	modernsolar.lt	1
CLOUDFLARENET	ramonaitis.lt	1
AMAZON-02	Sabiedriba ar ierobezotu atbildibu DELSKA Latvia	1
CLOUDFLARENET	mee.lt	1
hostex.lt	citybreak.lt	1
serveriai.lt	officeservice.lt	1
world4you.at	aumaerk.lt	1
serveriai.lt	biosta.lt	1
serveriai.lt	saltstory.lt	1
Penkiu kontinentu komunikaciju centras, Ltd.	visalta.lt	1
UAB Interneto vizija	techmarkt.lt	1
serveriai.lt	adexlt.lt	1
serveriai.lt	penkid.lt	1
hostex.lt	philipps.lt	1
Hetzner Online GmbH	mylimas.lt	1
UAB Cgates	cgate.lt	1
UAB Interneto vizija	forkthesystem.lt	1
UAB Bite Lietuva	melomanija.lt	1
Informacines sistemos ir technologijos, UAB	klinker.lt	1
domenai.lt	okhair.lt	1
CLOUDFLARENET	hire-labas.lt	1
serveriai.lt	mtac.lt	1
serveriai.lt	hrsistema.lt	1
getspace.us	ecoposh.lt	1
NUCDN	antispameurope.de	1
Telia Lietuva, AB	msinvestment.lt	1
balt.net	komex.lt	1
CLOUDFLARENET	div.lt	1
serveriai.lt	boxus.lt	1
serveriai.lt	natahome.lt	1
hostex.lt	juscivile.lt	1
serveriai.lt	sampro.lt	1
serveriai.lt	grand-duchess.lt	1
UAB Interneto vizija	senojilida.lt	1
CLOUDFLARENET	vorai.lt	1
serveriai.lt	agam.lt	1
domenai.lt	tetis.lt	1
CLOUDFLARENET	eleganthome.lt	1
Telia Lietuva, AB	verkiai.lt	1
hostex.lt	autobagi.lt	1
CLOUDFLARENET	aotd.lt	1
CLOUDFLARENET	volunteering.lt	1
serveriai.lt	it-pasaulis.lt	1
CLOUDFLARENET	papiljonai.lt	1
serveriai.lt	webservice.lt	1
serveriai.lt	ecp.lt	1
magit.lt	domaras.lt	1
dipolis.net	GOOGLE	1
CLOUDFLARENET	prkl.lt	1
getspace.us	batelle.lt	1
serveriai.lt	silart.lt	1
hostiq.ua	cleanliving.lt	1
UAB Bite Lietuva	oriola.fi	1
edata.lt	ringo-group.lt	1
serveriai.lt	photog.lt	1
serveriai.lt	cnc-wood.lt	1
domains.lt	superita.lt	1
domenai.lt	animalfinder.lt	1
Infocom Uk Ltd	cirkas.lt	1
SK ID Solutions AS	MICROSOFT-CORP-MSN-AS-BLOCK	1
getspace.us	raimax.lt	1
serveriai.lt	alvima.lt	1
Telia Lietuva, AB	8bit.lt	1
serveris.lv	foker.lt	1
Telia Lietuva, AB	advokatai.lt	1
Hetzner Online GmbH	mrj.lt	1
serveriai.lt	concertservice.lt	1
hostex.lt	vilaula.lt	1
CLOUDFLARENET	parduoduversla.lt	1
Telia Lietuva, AB	costumerie.lt	1
UAB Elneta	isd.lt	1
UAB Interneto vizija	libeva.lt	1
UAB Bite Lietuva	baldu-surinkimas.lt	1
serveriai.lt	mlprof.lt	1
serveriai.lt	banners.lt	1
UAB Interneto vizija	yup.lt	1
UAB Interneto vizija	instituteoftechnology.lt	1
serveriai.lt	gorb.lt	1
serveriai.lt	waterpro.lt	1
CLOUDFLARENET	dantuklinika.lt	1
serveriai.lt	inamus.lt	1
xundns.com	admingamex.com	1
domains.lt	autosportas.lt	1
hap.lt	cyberela.lt	1
serveriai.lt	imperial.lt	1
UAB Interneto vizija	gant.lt	1
eastwesthost.com	visalietuva.net	1
serveriai.lt	wink.lt	1
serveriai.lt	nutrex.lt	1
CLOUDFLARENET	e-centras.lt	1
bacloud.com	technotool.lt	1
alfahosting.info	stpeterline.lt	1
CLOUDFLARENET	arsmagna.lt	1
serveriai.lt	beach.lt	1
NSONE	redhat.com	1
UAB Elneta	astrida.lt	1
serveriai.lt	aquagile.lt	1
datashop.cc	tsetinis-efeso.lt	1
serveriai.lt	airport-express.lt	1
serveriai.lt	treciokas.lt	1
serveriai.lt	liftsall.lt	1
serveriai.lt	gregas.lt	1
serveris.lt	ry.lt	1
Telia Lietuva, AB	winloto.lt	1
Telia Lietuva, AB	siuntos.lt	1
gransy.com	odimon.lt	1
serveriai.lt	grab.lt	1
serveriai.lt	beepart.lt	1
domenai.lt	insein.lt	1
serveriai.lt	emovents.lt	1
serveriai.lt	serv.lt	1
serveriai.lt	miliko.lt	1
serveriai.lt	alaskasnowcrab.lt	1
CLOUDFLARENET	ltec.lt	1
serveriai.lt	mydog.lt	1
Telia Lietuva, AB	domusperfecta.lt	1
serveriai.lt	beautycity.lt	1
CLOUDFLARENET	itplanet.lt	1
UAB Interneto vizija	3dr.lt	1
CLOUDFLARENET	textaafoam.lt	1
SECURITYSERVICES	amberic.lt	1
folz.net	falk-ross.de	1
beehosting.pro	salesrocket.lt	1
Zone Media OU	mooncascade.com	1
Sia Nano IT	timesaving.lt	1
serveriai.lt	voltai.lt	1
CLOUDFLARENET	marabika.lt	1
serveriai.lt	yield.lt	1
domenai.lt	cpa.lt	1
serveriai.lt	olab.lt	1
UAB Bite Lietuva	moderator.lt	1
Hetzner Online GmbH	teleskopai.lt	1
UAB Interneto vizija	vandens.lt	1
Telia Lietuva, AB	transaura.lt	1
serveriai.lt	fokuspokus.lt	1
serveriai.lt	arvinas.lt	1
serveriai.lt	pifulis.lt	1
serveriai.lt	lineta.lt	1
serveriai.lt	ecomind.lt	1
hostingpalvelu.fi	GOOGLE	1
serveriai.lt	itw-envopak.lt	1
getspace.us	danysclinic.lt	1
nic.ru	severstal.com	1
ashburn.lt	MICROSOFT-CORP-MSN-AS-BLOCK	1
serveriai.lt	copywriter.lt	1
Telia Lietuva, AB	vitamin.lt	1
Hetzner Online GmbH	nattokinaze.lt	1
serveriai.lt	ancia.lt	1
serveriai.lt	room.lt	1
serveriai.lt	dainos.lt	1
domenai.lt	senerga.lt	1
serveriai.lt	orangeoffice.lt	1
hostex.lt	kuliavas.lt	1
Hetzner Online GmbH	arcon.lt	1
OVH SAS	rednecks.lt	1
acomputer.cz	acomputer.cz	1
Telia Lietuva, AB	efy.lt	1
Hetzner Online GmbH	frevini.lt	1
serveriai.lt	emagroup.lt	1
ANEXIA Internetdienstleistungs GmbH	Telia Lietuva, AB	1
hostex.lt	fishop.lt	1
serveriai.lt	alumnus.lt	1
serveriai.lt	rollspa.lt	1
CLOUDFLARENET	micro.lt	1
serveriai.lt	kozeris.lt	1
serveriai.lt	eirif.lt	1
NUCDN	livegoals.lt	1
serveriai.lt	farmis.lt	1
UAB Interneto vizija	pun.lt	1
serveriai.lt	embolizacija.lt	1
CLOUDFLARENET	inci.lt	1
serveriai.lt	aastudio.lt	1
cyon.ch	cyon.net	1
CLOUDFLARENET	visahq.com	1
UAB Interneto vizija	esr.lt	1
serveriai.lt	autika.lt	1
CLOUDFLARENET	reloved.lt	1
IONOS SE	siebert-group.com	1
checkdomain.de	von-poll-immobilien.lt	1
UAB Interneto vizija	s6.lt	1
Telia Lietuva, AB	jarhouse.lt	1
hostex.lt	autoabc.lt	1
serveriai.lt	studyin.lt	1
hostika.net	2me.lt	1
UAB Elneta	jewishcenter.lt	1
UAB Bite Lietuva	petmania.lt	1
serveriai.lt	bellaverba.lt	1
serveriai.lt	sodybos.lt	1
UAB Interneto vizija	ishop24.lt	1
domenai.lt	nuolaidoskodas.lt	1
serveriai.lt	cam4.lt	1
hostex.lt	invia.lt	1
UAB Interneto vizija	fogosales.lt	1
domenai.lt	inver.lt	1
Sia Nano IT	MICROSOFT-CORP-MSN-AS-BLOCK	3
ailair.fr	ailair.net	1
fornex.com	falkis.lt	1
Telia Lietuva, AB	processpro.lt	1
domenai.lt	agss.lt	1
UAB Interneto vizija	thundra.lt	1
domenai.lt	sportsmen.lt	1
hostex.lt	tesco.lt	1
activeby.net	YANDEX LLC	1
OVH SAS	bang.lt	1
CLOUDFLARENET	lovit.lt	1
serveriai.lt	litaid.lt	1
UAB Interneto vizija	countus.lt	1
serveriai.lt	ortus.lt	1
serveriai.lt	eima.lt	1
serveriai.lt	improdimensija.lt	1
getspace.us	soloriens.lt	1
CLOUDFLARENET	awero.lt	1
CLOUDFLARENET	llj.lt	1
UAB Elneta	eco-tourism.lt	1
ltmd.net	dvi.lt	1
serveriai.lt	eastway.lt	1
serveriai.lt	holiday-travel.lt	1
CLOUDFLARENET	hovus.lt	1
serveriai.lt	pirma.lt	1
serveriai.lt	dentaura.lt	1
serveriai.lt	tccc.lt	1
serveriai.lt	jarteksas.lt	1
Telia Lietuva, AB	gravera.lt	1
serveriai.lt	philipsshop.lt	1
serveriai.lt	numera.lt	1
Telia Lietuva, AB	generix.lt	1
GANDI SAS	citroen.lt	1
serveriai.lt	macadamia.lt	1
UAB Interneto vizija	stilo.lt	1
CLOUDFLARENET	jrm.lt	1
serveriai.lt	fasttrans.lt	1
hap.lt	kodo.lt	1
CLOUDFLARENET	imunoterapija.lt	1
bacloud.com	stropai.lt	1
nadns1.com	Nameshield SAS	2
CLOUDFLARENET	indeliai.lt	1
serveriai.lt	irt.lt	1
webd.pl	webd.pl	1
IONOS SE	avency.de	1
UAB Bite Lietuva	gytautas.lt	1
Informacines sistemos ir technologijos, UAB	eline.lt	1
Telia Lietuva, AB	pramonei.lt	1
UAB Elneta	officeinn.lt	1
serveris.lt	wadima.lt	1
serveriai.lt	republic.lt	1
getspace.us	shinemax.lt	1
aedes.ee	lumav.lt	1
CLOUDFLARENET	mightlike.lt	1
CLOUDFLARENET	tabero.lt	1
serveriai.lt	reston.lt	1
serveriai.lt	ilma.lt	1
AUTOMATTIC	newcircus.lt	1
serveriai.lt	majevska.lt	1
UAB Interneto vizija	cro.lt	1
zhasha.com	zhasha.com	1
Telia Lietuva, AB	azit.lt	1
hostex.lt	inktech.lt	1
serveriai.lt	biomed.lt	1
CLOUDFLARENET	whitecoat.lt	1
devoro.cloud	MICROSOFT-CORP-MSN-AS-BLOCK	1
serveriai.lt	digitus.lt	1
CLOUDFLARENET	mysoda.lt	1
Telia Lietuva, AB	petryla.lt	1
Telia Lietuva, AB	pellx.lt	1
serveriai.lt	krautuvas.lt	1
checkdomain.de	MICROSOFT-CORP-MSN-AS-BLOCK	1
serveriai.lt	velena.lt	1
bacloud.com	infotekas.lt	1
bacloud.com	marry.lt	1
namebay.com	MICROSOFT-CORP-MSN-AS-BLOCK	1
robhost.de	eos-sauna.lt	1
bacloud.com	apvis.lt	1
Telia Lietuva, AB	dmz.lt	1
ICDSoft Ltd.	equestrian.lt	1
serveriai.lt	hanas.lt	1
serveriai.lt	luminaryco.lt	1
serveriai.lt	siilit.lt	1
serveriai.lt	beachvolleyball.lt	1
serveriai.lt	enplus.lt	1
serveriai.lt	ascenta.lt	1
serveriai.lt	baltchem.lt	1
serveriai.lt	fupa.lt	1
Renault SAS	renault.fr	1
serveriai.lt	adrenalin.lt	1
serveriai.lt	ozy.lt	1
IONOS SE	as62310.net	1
serveriai.lt	eldalita.lt	1
domains.lt	vynouoga.lt	1
serveriai.lt	ehas.lt	1
serveriai.lt	rikonetas.lt	1
Telia Lietuva, AB	rudys.lt	1
serveriai.lt	sanora.lt	1
UAB Interneto vizija	visuals.lt	1
GOOGLE	terapijos.lt	1
CLOUDFLARENET	swanboutique.lt	1
serveriai.lt	carado.lt	1
serveriai.lt	vbakaleja.lt	1
hostex.lt	januska.lt	1
CLOUDFLARENET	corris.lt	1
Telia Lietuva, AB	melika.lt	1
Cyber_Folks S.A.	poelking.lt	1
Telia Lietuva, AB	ekira.lt	1
domains.lt	ogrima.lt	1
MB Redfox Cloud	datahost.lt	1
UAB Interneto vizija	heida.lt	1
blnet.pl	blulink.pl	2
serveriai.lt	msystems.lt	1
UAB Interneto vizija	hator.lt	1
getspace.us	gestaltoterapija.lt	1
UAB Interneto vizija	fieldtarget.lt	1
domenai.lt	datacare.lt	1
serveris.lt	anaris.lt	1
serveriai.lt	lshp.lt	1
serveriai.lt	mediatore.lt	1
ipcom GmbH	ebvallo.lt	1
CLOUDFLARENET	serviceplus.lt	1
CLOUDFLARENET	lapinskas.lt	1
domenai.lt	tgfm.lt	1
gransy.com	ultahost.lt	1
serveriai.lt	crr.lt	1
domenai.lt	tekstile.lt	1
Telia Lietuva, AB	a4u.lt	1
CLOUDFLARENET	1and1.com	1
NUCDN	eu-careers.lt	1
CLOUDFLARENET	juvela.lt	1
domenai.lt	motoadv.lt	1
balt.net	vilkas.lt	1
domains.lt	lrt.lt	1
machinecnc.lt	machinecnc.lt	1
serveriai.lt	gintarelis.lt	1
Telia Lietuva, AB	melisalaboratorium.lt	1
UAB Bite Lietuva	exgame.lt	1
serveriai.lt	jsbaltic.lt	1
serveriai.lt	211112.lt	1
Telia Lietuva, AB	dasema.lt	1
Telia Lietuva, AB	328.lt	1
serveriai.lt	mb-indesta.lt	1
serveriai.lt	tuopa.lt	1
serveriai.lt	arsena.lt	1
UAB Interneto vizija	evaface.lt	1
serveriai.lt	raulinaitis.lt	1
serveriai.lt	fortuvia.lt	1
serveriai.lt	pratybos.lt	1
serveriai.lt	irent.lt	1
serveriai.lt	dimili.lt	1
am-impact.nl	am-impact.nl	1
UAB Interneto vizija	aei.lt	1
HURRICANE	MICROSOFT-CORP-MSN-AS-BLOCK	1
UAB Interneto vizija	laukineszasys.lt	1
UAB Interneto vizija	nb.lt	1
domenai.lt	solicharge.lt	1
serveriai.lt	mubas.lt	1
anw.net	GOOGLE	1
UAB Interneto vizija	magnesta.lt	1
UAB Bite Lietuva	prosfera.lt	1
Zone Media OU	LLC VK	1
serveriai.lt	astrus.lt	1
hostingwerft.de	sevic.lt	1
UAB Interneto vizija	luksta.lt	1
hostex.lt	laimesratas.lt	1
hostex.lt	kambokombucha.lt	1
AMAZON-02	arctictrucks.lt	1
CLOUDFLARENET	vmkl.lt	1
serveriai.lt	minimum.lt	1
bacloud.com	pirkpatogiai.lt	1
Telia Lietuva, AB	bro-auto.lt	1
serveriai.lt	milagra.lt	1
serveriai.lt	reiki.lt	1
Telia Lietuva, AB	pike.lt	1
CLOUDFLARENET	cloudmailin.net	1
Nazwa.pl Sp.z.o.o.	alfaram.lt	1
fornex.com	tersis.lt	1
Telia Lietuva, AB	puslapis.lt	1
serveriai.lt	piemuo.lt	1
serveriai.lt	neranta.lt	1
GOOGLE	fakeit.lt	1
123ns.de	opexa.lt	1
Telia Lietuva, AB	pdh.lt	1
serveris.lt	zy.lt	1
UAB Interneto vizija	builders.lt	1
serveriai.lt	kraite.lt	1
abaton.at	eosgallup-europe.lt	1
serveriai.lt	bages.lt	1
GANDI SAS	rautas.lt	1
serveriai.lt	rysys.lt	1
ipcom GmbH	Proton AG	1
ANEXIA Internetdienstleistungs GmbH	verisure.lt	1
serveriai.lt	libertagia.lt	1
serveriai.lt	armonaite.lt	1
serveriai.lt	kompresorius.lt	1
Telia Lietuva, AB	permatex.lt	1
UAB Interneto vizija	emission.lt	1
CLOUDFLARENET	interinfo.lt	1
serveriai.lt	balticremarket.lt	1
serveriai.lt	noage.lt	1
serveriai.lt	muster.lt	1
CLOUDFLARENET	redakcija.lt	1
serveris.lt	vln.lt	1
serveriai.lt	zoon.lt	1
serveriai.lt	padangos24.lt	1
serveriai.lt	envitec.lt	1
serveriai.lt	airwell.lt	1
serveriai.lt	trustus.lt	1
svetainiucentras.lt	rafusmenu.lt	1
hostex.lt	NAMECHEAP-NET	1
UAB Elneta	bluedolphin.lt	1
Telia Lietuva, AB	irri.lt	1
home.pl	dolpima.lt	1
hostex.lt	balticequitygroup.lt	1
hostex.lt	baltled.lt	1
domenai.lt	bigudy.lt	1
CLOUDFLARENET	silvergoldbull.com	1
storeland.ru	GOOGLE	1
hostex.lt	glam.lt	1
serveriai.lt	koef.lt	1
serveriai.lt	lookatme.lt	1
Telia Lietuva, AB	owexxdesign.lt	1
omron.com	GOOGLE-CLOUD-PLATFORM	1
serveriai.lt	alumni.lt	1
UAB Bite Lietuva	steponaitis.lt	1
domains.lt	numavicius.lt	1
Telia Lietuva, AB	vestuviuplanuotoja.lt	1
Telia Lietuva, AB	m27.lt	1
serveriai.lt	virtuozai.lt	1
serveriai.lt	studio77.lt	1
serveriai.lt	fatmarketing.lt	1
hostex.lt	bemore.lt	1
Telia Lietuva, AB	oop.lt	1
serveriai.lt	badmintonclub.lt	1
serveriai.lt	fart.lt	1
Telia Lietuva, AB	vaida.lt	1
blacknight.com	AUTOMATTIC	1
UAB Interneto vizija	rubyevents.lt	1
edata.lt	stamona.lt	1
serveriai.lt	pagalbakelyje.lt	1
gusinde-multimedia.de	litauisch.lt	1
domainers.de	flattr.lt	1
serveriai.lt	brokenglass.lt	1
hostex.lt	altis.lt	1
Hetzner Online GmbH	beleco.lt	1
Host Europe GmbH	Sabiedriba ar ierobezotu atbildibu DELSKA Latvia	1
UAB Interneto vizija	dekliukas.lt	1
Kauno Technologijos Universitetas	beckers.lt	1
serveriai.lt	kuzma.lt	1
CLOUDFLARENET	kondena.lt	1
CLOUDFLARENET	ltinfo.lt	1
Telia Lietuva, AB	kovoti.lt	1
hostex.lt	forests.lt	1
Hetzner Online GmbH	12.lt	1
drei.host	goodmills.com	1
serveriai.lt	nuotaka.lt	1
serveriai.lt	sbf.lt	1
serveriai.lt	acservice.lt	1
serveriai.lt	nardai.lt	1
serveriai.lt	newnordic.lt	1
CLOUDFLARENET	kelme.lt	1
balt.net	sauleselektrines.lt	1
serveriai.lt	aquart.lt	1
serveriai.lt	mydear.lt	1
domenai.lt	prfoto.lt	1
serveriai.lt	petbook.lt	1
serveriai.lt	kunikov.lt	1
Sia Nano IT	tilex.lt	1
UAB Interneto vizija	im.lt	1
serveriai.lt	nide.lt	1
serveriai.lt	rorita.lt	1
serveriai.lt	maniacs.lt	1
softwaregrp.com	novell.com	1
serveriai.lt	scam.lt	1
OVH SAS	drutex.pl	1
domains.lt	tamro.lt	1
serveriai.lt	fohow.lt	1
serveriai.lt	cauda.lt	1
serveriai.lt	cityalumni.lt	1
DIGICERT	SQUIXA PTY LIMITED	1
dnspool.net	ltu24h.lt	1
hostex.lt	dagas.lt	1
Hetzner Online GmbH	limpaka.lt	1
serveriai.lt	agrosolis.lt	1
Telia Lietuva, AB	royal-spa.lt	1
serveriai.lt	osfl.lt	1
serveriai.lt	inlita.lt	1
UAB Proservis	norteo.lt	1
serveriai.lt	autofirma.lt	1
CLOUDFLARENET	mingly.lt	1
hostex.lt	dreamwalls.lt	1
Hetzner Online GmbH	mechs.lt	1
extrememicro.es	hipertin.lt	1
Telia Lietuva, AB	euroliux.lt	1
CLOUDFLARENET	webstarter.lt	1
serveriai.lt	zoseshop.lt	1
serveriai.lt	mevika.lt	1
ordipat.fr	GOOGLE	1
home.pl	sneakersstudio.lt	1
serveriai.lt	kpadel.lt	1
serveriai.lt	smoothconfess.lt	1
serveriai.lt	protechnology.lt	1
awsdns-12.net	MICROSOFT-CORP-MSN-AS-BLOCK	1
serveriai.lt	evento.lt	1
CLOUDFLARENET	rde.lt	1
UAB Interneto vizija	gosail.lt	1
CLOUDFLARENET	archlp.lt	1
serveriai.lt	vdcenergy.lt	1
Telia Lietuva, AB	primasantolina.lt	1
UAB Interneto vizija	consultum.lt	1
SECURITYSERVICES	condenast.lt	1
serveriai.lt	euromarket.lt	1
domenai.lt	r2l.lt	1
serveriai.lt	hey.lt	1
serveriai.lt	lurna.lt	1
Telia Lietuva, AB	vitascientia.lt	1
getspace.us	technokas.lt	1
nic.lv	Institute of Mathematics and Computer Science of University of Latvia	1
serveriai.lt	laudata.lt	1
UAB Bite Lietuva	aurema.lt	1
UAB Interneto vizija	zuikiss.lt	1
Telia Lietuva, AB	ois.lt	1
UAB Interneto vizija	kelmas.lt	1
serveriai.lt	586.lt	1
contabo.net	afroworldexpress.lt	1
Telia Lietuva, AB	artve.lt	1
home.pl	vnc.lt	1
bacloud.com	aerospa.lt	1
UAB Interneto vizija	kaunesta.lt	1
bacloud.com	masteridea.lt	1
UAB Nacionalinis Telekomunikaciju Tinklas	MICROSOFT-CORP-MSN-AS-BLOCK	1
serveriai.lt	varonis.lt	1
serveriai.lt	dabija.lt	1
serveriai.lt	langista.lt	1
domenai.lt	ieee.lt	1
ns-network.org	wmdd.de	1
Telia Lietuva, AB	emola.lt	1
eshoprent.com	siaureshop.lt	1
ICDSoft Ltd.	lietuvosmenofondas.lt	1
CLOUDFLARENET	zefyra.lt	1
serveriai.lt	asirinta.lt	1
serveriai.lt	9km.lt	1
UAB Interneto vizija	easywebmanager.lt	1
CLOUDFLARENET	spool.lt	1
serveriai.lt	openfarma.lt	1
Telia Lietuva, AB	rich.lt	1
serveriai.lt	napro.lt	1
UAB Interneto vizija	electronic.lt	1
serveriai.lt	pepperlive.lt	1
Telia Lietuva, AB	geles.lt	1
serveriai.lt	kasparasg.lt	1
CLOUDFLARENET	softfordent.com	1
CLOUDFLARENET	doho.lt	1
CLOUDFLARENET	skliautai.lt	1
balt.net	ZOHO-AS	1
serveriai.lt	wearehere.lt	1
serveriai.lt	hawkdesign.lt	1
serveriai.lt	biciupikis.lt	1
CLOUDFLARENET	jipasaketaip.lt	1
domenai.lt	ipad.lt	1
cyon.ch	aiag-sa.lt	1
CLOUDFLARENET	expedition.lt	1
serveriai.lt	amberdistribution.lt	1
serveriai.lt	amortizacija.lt	1
getspace.us	juralife.lt	1
serveriai.lt	nar.lt	1
domains.lt	issystems.lt	1
serveriai.lt	kasino.lt	1
serveris.lt	opozicija.lt	1
omc.info	pantaenius.com	1
Telia Lietuva, AB	unichems.lt	1
CLOUDFLARENET	e-lietuva.lt	1
serveriai.lt	ortoklinika.lt	1
domains.lt	boos.lt	1
serveriai.lt	orineta.lt	1
domains.lt	funaris.lt	1
serveriai.lt	beerbox.lt	1
serveriai.lt	trucks.lt	1
hostex.lt	effect.lt	1
world4you.at	spermidinelife.lt	1
hostex.lt	feelthebeef.lt	1
serveriai.lt	erobotai.lt	1
Cloud DNS Ltd	m-1.fm	1
serveris.lt	vx.lt	1
UAB Interneto vizija	lionka.lt	1
hostex.lt	lamborghini.lt	1
serveriai.lt	amarket.lt	1
serveriai.lt	decoupage.lt	1
Cyber_Folks S.A.	keno-energy.lt	1
serveriai.lt	orlov.lt	1
serveriai.lt	ptec.lt	1
serveriai.lt	ftb.lt	1
serveriai.lt	stelitas.lt	1
bacloud.com	transget.lt	1
Telia Lietuva, AB	canada.lt	1
UAB Kauno interneto sistemos	techfarma.lt	1
CLOUDFLARENET	7yes.lt	1
serveriai.lt	freeonlinegames.lt	1
serveriai.lt	oldbutgold.lt	1
serveriai.lt	hidrogreen.lt	1
Telia Lietuva, AB	daytrading.lt	1
domenai.lt	oktraining.lt	1
UAB Interneto vizija	vivis.lt	1
edata.lt	autologistika.lt	1
hostex.lt	kelven.lt	1
AMAZON-02	alixpartners.lt	1
UAB Interneto vizija	dalius.lt	1
serveriai.lt	sanator.lt	1
serveriai.lt	3dmaps.lt	1
serveriai.lt	60.lt	1
serveriai.lt	airr.lt	1
serveriai.lt	litaktak.com	1
serveriai.lt	mtlcarton.lt	1
NUCDN	covermark.lt	1
hostex.lt	a-d-s.lt	1
UAB Interneto vizija	bars.lt	1
infocentras.com	prostatosvezys.lt	1
serveriai.lt	fact.lt	1
naturalshops3.net	eronplus.lt	1
serveriai.lt	granux.lt	1
serveriai.lt	dki.lt	1
bacloud.com	itline.lt	1
serveriai.lt	hotel24.lt	1
UAB Interneto vizija	smokehouse.lt	1
da.direct	insipro.lt	1
iwantmyname.net	Fastmail Pty Ltd	1
UAB Interneto vizija	mommy.lt	1
getspace.us	minte.lt	1
naturalshops6.net	bulkextreme.lt	1
serveriai.lt	opus3.lt	1
serveriai.lt	rollshop.lt	1
eshoprent.com	top1.lt	1
hostedby.eu	polysto.lt	1
Telia Lietuva, AB	salionas.lt	1
serveriai.lt	italiskibaldai.lt	1
serveriai.lt	dagecapital.lt	1
CLOUDFLARENET	cbet.lt	1
UAB Interneto vizija	litlex.lt	1
CLOUDFLARENET	grgroup.lt	1
serveriai.lt	filmukai.lt	1
Telia Lietuva, AB	happysmile.lt	1
CLOUDFLARENET	kenhara.lt	1
serveriai.lt	capitalluxury.lt	1
serveriai.lt	rozes.lt	1
dnspod.net	cdngslb.com	1
serveriai.lt	sarmas.lt	1
Cyber_Folks S.A.	osheeshop.lt	1
FlokiNET ehf	losena.lt	1
NUCDN	okpol.lt	1
serveriai.lt	aloedrinks.lt	1
domains.lt	techpart.lt	1
Telia Lietuva, AB	bestbabysnest.lt	1
serveriai.lt	d2app.lt	1
CLOUDFLARENET	baltidantys.lt	1
serveriai.lt	gatc.lt	1
nic.ru	LLC VK	1
UAB Interneto vizija	vets.lt	1
serveriai.lt	maridana.eu	1
domains.lt	egas.lt	1
serveriai.lt	cora.lt	1
serveriai.lt	psn.lt	1
serveriai.lt	martyno.lt	1
serveriai.lt	liux.lt	1
QUIC-CLOUD	aerodream.lt	1
serveriai.lt	comdis.lt	1
serveriai.lt	reidas.lt	1
serveriai.lt	revu.lt	1
Telia Lietuva, AB	laurynas.lt	1
DIGITALOCEAN-ASN	emagine.lt	1
syse.no	tornado-mail.com	1
serveriai.lt	ekoteks.lt	1
CLOUDFLARENET	rogrp.lt	1
serveriai.lt	executivesearch.lt	1
CLOUDFLARENET	masterteam.lt	1
Hetzner Online GmbH	cito.lt	1
serveriai.lt	boncel.lt	1
serveriai.lt	cakeshop.lt	1
contabo.net	tele.lt	1
serveriai.lt	yokohama.lt	1
serveriai.lt	AS2-TRENDMICRO-COM	1
CLOUDFLARENET	alexnet.lt	1
serveriai.lt	audex.lt	1
UAB Interneto vizija	myfreedom.lt	1
AMAZON-02	soundtalks.lt	1
UAB Interneto vizija	bizstart.lt	1
serveriai.lt	tenspa.lt	1
UAB Bite Lietuva	fun4all.lt	1
bacloud.com	atnaujinkbusta.lt	1
bacloud.com	pramoguiranga.lt	1
bacloud.com	aquaspa.lt	1
OVH SAS	pitau.lt	1
Telia Lietuva, AB	resna.lt	1
domains.lt	regc.lt	1
hostex.lt	bullfrogspas.lt	1
serveriai.lt	admeo.lt	1
serveriai.lt	indoorstyle.lt	1
serveriai.lt	decosinto.lt	1
CLOUDFLARENET	imlitexfood.lt	1
serveriai.lt	pija.lt	1
serveriai.lt	romoda.lt	1
serveriai.lt	fkzalgiris.lt	1
Safenames Ltd.	ey.lt	1
serveriai.lt	fgh.lt	1
serveriai.lt	laforma.lt	1
getspace.us	kapole.lt	1
NUCDN	teleste.lt	1
domains.lt	saverda.lt	1
serveriai.lt	baneriai.lt	1
Hetzner Online GmbH	mln.lt	1
Hetzner Online GmbH	vipcolors.lt	1
aivision.cz	aivision.cz	1
serveriai.lt	hlds.lt	1
hostex.lt	37.153	1
domenai.lt	rosita.lt	1
servidores-vps.com	voidsea.lt	1
domenai.lt	lsas.lt	1
serveriai.lt	shimai.lt	1
serveriai.lt	horn.lt	1
serveriai.lt	gebrauchteautoteile.lt	1
serveriai.lt	ekloma.lt	1
jchost08.pl	multiart.lt	1
aideta.lt	aideta.lt	1
serveriai.lt	klimaservis.lt	1
serveriai.lt	rivena.lt	1
domenai.lt	balticspices.lt	1
CLOUDFLARENET	fmrc.lt	1
Telia Lietuva, AB	dimora.lt	1
serveriai.lt	230v.lt	1
checkdomain.de	adenso.lt	1
serveriai.lt	geostata.lt	1
dn-s.be	srbace.lt	1
serveriai.lt	bbq.lt	1
Telia Lietuva, AB	baltobooks.lt	1
schalk-it.de	Forcepoint Cloud Ltd	1
ipcom GmbH	krimphoff-schulte.de	1
CLOUDFLARENET	lilit.lt	1
UAB Interneto vizija	carhaus.lt	1
Telia Lietuva, AB	allysa.lt	1
CLOUDFLARENET	e-server.lt	1
SECURITYSERVICES	actimel.lt	1
serveriai.lt	agrosistema.lt	1
serveriai.lt	namas123.lt	1
Uab Servera	datasync.lt	1
serveriai.lt	discipline.lt	1
serveriai.lt	akvariumas.lt	1
serveriai.lt	agrova.lt	1
domenai.lt	masaz.lt	1
UAB Bite Lietuva	rask.lt	1
Akamai International B.V.	klm.com	1
serveriai.lt	xgame.lt	1
UAB Bite Lietuva	weberis.lt	1
Telia Lietuva, AB	mylida.lt	1
serveriai.lt	emelita.lt	1
bacloud.com	vedi.lt	1
serveriai.lt	compak.lt	1
SECURITYSERVICES	matthey.lt	1
serveriai.lt	gph.lt	1
NUCDN	trans.eu	1
AMAZON-02	smartsea.lt	1
serveriai.lt	draugus.lt	1
serveriai.lt	repna.lt	1
NUCDN	garofoli.lt	1
UAB Interneto vizija	daltra.lt	1
UAB Interneto vizija	transnita.lt	1
Telia Lietuva, AB	rengme.lt	1
CLOUDFLARENET	x-ion GmbH	1
Telia Lietuva, AB	sheep.lt	1
lemarit.de	team.blue Denmark A/S	1
Deutsche Telekom AG	ages.de	1
getspace.us	auramira.lt	1
UAB Interneto vizija	pingvi.lt	1
serveriai.lt	drillbits.lt	1
CLOUDFLARENET	mx2host.com	1
serveriai.lt	velkom.lt	1
UAB Interneto vizija	b-a.lt	1
serveriai.lt	hyalomax.lt	1
serveriai.lt	bavarija.lt	1
serveriai.lt	mond.lt	1
bacloud.com	2dcrew.lt	1
serveriai.lt	downtownforest.lt	1
serveriai.lt	atease.lt	1
serveriai.lt	yummytummy.lt	1
serveriai.lt	u2fly.lt	1
serveriai.lt	gertuve.lt	1
serveriai.lt	southbay.lt	1
domenai.lt	protmusis.lt	1
serveriai.lt	balticmobile.lt	1
UAB Interneto vizija	eka.lt	1
quicns.cloud	GOOGLE	1
serveriai.lt	saunaschool.lt	1
AMAZON-02	eroad.lt	1
site.pro	UAB Interneto vizija	1
serveriai.lt	zenitham.lt	1
Telia Lietuva, AB	babelis.lt	1
UAB Interneto vizija	pufikpets.lt	1
CLOUDFLARENET	cozycabin.lt	1
serveriai.lt	mmc.lt	1
serveris.lt	lpg.lt	1
serveriai.lt	vivaldi.lt	1
bacloud.com	uspbaltics.lt	1
domeny.tv	nazwa.pl	1
bacloud.com	memai.lt	1
serveriai.lt	precisionrifle.lt	1
AUTOMATTIC	UAB Rakrejus	1
home.pl	foamax.lt	1
ipcom GmbH	daad.lt	1
payticket.lt	payticket.lt	1
home.pl	ampm.lt	1
serveriai.lt	discoproducts.lt	1
serveriai.lt	kranas.lt	1
getspace.us	nareva.lt	1
serveriai.lt	mekas.lt	1
serveriai.lt	jlx.lt	1
serveriai.lt	redeco.lt	1
CLOUDFLARENET	beesmart.lt	1
serveriai.lt	tibo.lt	1
prodomaines.com	systonic.net	1
CLOUDFLARENET	finci.lt	1
domains.lt	tautara.lt	1
serveriai.lt	goshop.lt	1
Telia Lietuva, AB	amkf.lt	1
Hetzner Online GmbH	telenet.lt	1
bacloud.com	pegis.lt	1
serveriai.lt	aura.lt	1
Telia Lietuva, AB	travelboat.lt	1
UAB Interneto vizija	troikera.lt	1
serveriai.lt	inalva.lt	1
bacloud.com	duomenu-centras.lt	1
serveriai.lt	upcity.lt	1
serveriai.lt	workspaces.lt	1
Telia Lietuva, AB	talsa.lt	1
serveriai.lt	nordicnutris.lt	1
UAB Elneta	masterservice.lt	1
Hetzner Online GmbH	pramogos.lt	1
serveriai.lt	betterone.lt	1
magit.lt	doganas.lt	1
ACTIVE 24, s.r.o.	megamega.lt	1
CLOUDFLARENET	gefilus.lt	1
Telia Lietuva, AB	suportai.lt	1
serveriai.lt	fitsport.lt	1
serveris.lt	aviete.lt	1
serveriai.lt	powerforecast.lt	1
domenai.lt	rsw.lt	1
CLOUDFLARENET	portofklaipeda.lt	1
serveriai.lt	inlex.lt	1
domenai.lt	virtuvesirankiai.lt	1
NUCDN	rhino3d.lt	1
serveriai.lt	infix.lt	1
SECURITYSERVICES	novotel.lt	1
serveriai.lt	castingcalls.lt	1
ipcom GmbH	merck.de	1
serveriai.lt	linoo.lt	1
OVH SAS	Scalair SAS	1
serveriai.lt	autoeq.lt	1
serveriai.lt	legalogix.lt	1
gedvards.lv	westshop.lt	1
ns14.net	carlstahl.lt	1
serveriai.lt	onmap.lt	1
serveriai.lt	awu.lt	1
serveriai.lt	zoocentras.lt	1
serveriai.lt	truthtasks.lt	1
serveriai.lt	iarchi.lt	1
serveriai.lt	delicatas.lt	1
CLOUDFLARENET	autosma.lt	1
UAB Bite Lietuva	donac.lt	1
serveriai.lt	toolsta.lt	1
Telia Lietuva, AB	rigips.lt	1
Vardas.lt, Uab	rastinis-namas.lt	1
host-direct.pl	hardwaredirect.lt	1
serveriai.lt	heifetz.lt	1
CLOUDFLARENET	artworkshome.lt	1
serveriai.lt	learning.lt	1
serveriai.lt	procesai.lt	1
UAB Interneto vizija	litlug.lt	1
serveriai.lt	laraneda.lt	1
Telia Lietuva, AB	prosama.lt	1
NUCDN	hargassner.lt	1
serveriai.lt	infotechna.lt	1
Penkiu kontinentu komunikaciju centras, Ltd.	lina.lt	1
bacloud.com	917.lt	1
getspace.us	grandcru.lt	1
lbank.lt	MICROSOFT-CORP-MSN-AS-BLOCK	1
serveriai.lt	resi.lt	1
serveriai.lt	frezera.lt	1
virtualushostingas.com	westie.lt	1
UAB Penki kontinentai	tavas.lt	1
cylex.de	cylex.de	1
ddscentral.org	ddscentral.org	1
CLOUDFLARENET	i2p.lt	1
serveriai.lt	mini-maxi.lt	1
serveriai.lt	ekobite.lt	1
serveriai.lt	togis.lt	1
name.am	ameriogroup.lt	1
hostex.lt	post.lt	1
serveriai.lt	optimeda.lt	1
Telia Lietuva, AB	craftdraft.lt	1
CLOUDFLARENET	coolenergy.lt	1
hostex.lt	supermama.lt	1
serveriai.lt	folkhub.lt	1
UAB Interneto vizija	amcredit.lt	1
UAB Interneto vizija	juke.lt	1
serveriai.lt	dcsolutions.lt	1
Telia Lietuva, AB	kokono.lt	1
serveriai.lt	liekneklengvai.lt	1
serveriai.lt	navislonga.lt	1
serveriai.lt	jsk.lt	1
serveriai.lt	divet.lt	1
bacloud.com	kolona.lt	1
ipcom GmbH	asysbs.services	1
serveriai.lt	buboo.lt	1
serveriai.lt	giema.lt	1
Telia Lietuva, AB	mypets.lt	1
serveriai.lt	barauskas.lt	1
Scaleway S.a.s.	rolinda.lt	1
interna.me	liderwood.lt	1
VNET a.s.	WebSupport s.r.o.	1
serveriai.lt	danesa.lt	1
serveriai.lt	vivikiwi.lt	1
meganet.lt	dizrega.lt	1
serveriai.lt	marokas.lt	1
Telia Lietuva, AB	heko.lt	1
serveriai.lt	royaldenta.lt	1
serveriai.lt	atene.lt	1
getspace.us	zola.lt	1
serveriai.lt	dogdream.lt	1
Telia Lietuva, AB	trako.lt	1
bacloud.com	karstugamyba.lt	1
serveriai.lt	raiska.lt	1
serveriai.lt	hansa-flex.lt	1
UAB Interneto vizija	aeracija.lt	1
hpdns.net	GOOGLE	1
Kauno Technologijos Universitetas	webmasters.lt	1
serveriai.lt	con.lt	1
UAB Interneto vizija	done.lt	1
domenai.lt	odontolog.lt	1
GOOGLE	bspb.lt	1
hostex.lt	optimus.lt	1
Hetzner Online GmbH	mcdiamond.lt	1
hosting-me.net	home.lt	1
serveriai.lt	his.lt	1
Telia Lietuva, AB	dialogus.lt	1
serveriai.lt	angellight.lt	1
edata.lt	dovo.lt	1
Telia Lietuva, AB	saltanosis.lt	1
serveriai.lt	laluza.lt	1
serveriai.lt	bid.lt	1
Telia Lietuva, AB	herity.lt	1
domains.lt	ccsonline.pl	1
serveriai.lt	wctron.lt	1
UAB Interneto vizija	opoka.lt	1
serveriai.lt	salescrm.lt	1
trouble-free.net	komma.lt	1
serveriai.lt	aminero.lt	1
serveriai.lt	moveis.lt	1
serveriai.lt	gimdau.lt	1
hostex.lt	gloves.lt	1
Telia Lietuva, AB	copyline.lt	1
serveriai.lt	agr.lt	1
Telia Lietuva, AB	kaunasvisit.lt	1
CLOUDFLARENET	promasis.lt	1
CLOUDFLARENET	24host.lt	1
CLOUDFLARENET	mycredy.lt	1
UAB Elneta	dinovus.lt	1
serveriai.lt	sveikatosgama.lt	1
bacloud.com	pvsistemos.lt	1
hostex.lt	apicus.lt	1
CLDIN B.V.	vespa-caffe.lt	1
serveriai.lt	ortogama.lt	1
serveriai.lt	lauko-reklama.lt	1
serveriai.lt	megaplant.lt	1
serveriai.lt	agelectric.lt	1
Informacines sistemos ir technologijos, UAB	e-medic.lt	1
bacloud.com	skinu.lt	1
UAB Interneto vizija	lukona.lt	1
Penkiu kontinentu komunikaciju centras, Ltd.	4trade.lt	1
serveriai.lt	anubias.lt	1
alwaysdata.com	alwaysdata.com	1
bacloud.com	ygle.lt	1
serveriai.lt	geovizija.lt	2
domains.lt	ekogroup.lt	1
wavecom.ee	estex.lt	1
domains.lt	avinet.lt	3
AMAZON-02	rcdrift.lt	1
CLOUDFLARENET	sender.lt	1
serveriai.lt	mlgpramogos.lt	1
UAB Proservis	mito.lt	1
serveriai.lt	tkk.lt	1
Kauno Technologijos Universitetas	vdu.lt	1
serveriai.lt	post.lt	1
CLOUDFLARENET	mabre.lt	1
bacloud.com	pspt.lt	1
CLOUDFLARENET	destroyer.lt	1
CLOUDFLARENET	fastdesign.lt	1
CLOUDFLARENET	onlinecasinoreports.lt	1
Telia Lietuva, AB	zoosodas.lt	1
serveriai.lt	sys.lt	1
co.uk	isdnet.net	1
UAB ESNET	jkstudio.lt	1
Hetzner Online GmbH	sanro.lt	1
UAB Interneto vizija	kabe.lt	1
ACTIVE 24, s.r.o.	agevo.lt	1
serveriai.lt	elinchrom.lt	1
serveriai.lt	evelkas.lt	1
server300.com	erotica.lt	1
serveriai.lt	mylingerie.lt	1
NUCDN	iberostar.lt	1
ipcom GmbH	grosfillex.lt	1
Hetzner Online GmbH	pilous.lt	1
serveriai.lt	2sup.lt	1
serveriai.lt	kafeko.lt	1
Telia Lietuva, AB	trelleborg.lt	1
getspace.us	wallprint.lt	1
serveriai.lt	info1.lt	1
serveriai.lt	subtilo.lt	1
CLOUDFLARENET	tfsu.lt	1
bacloud.com	titi.lt	1
parkas.lt	netgear.lt	1
serveriai.lt	bio-clean.lt	1
CLOUDFLARENET	industrinis.lt	1
getspace.us	jumesa.lt	1
CLOUDFLARENET	syspay.lt	1
Telia Lietuva, AB	piluka.lt	1
AMAZON-02	ebeach.lt	1
serveriai.lt	k-s.lt	1
serveriai.lt	morega.lt	1
serveriai.lt	molekule.lt	1
UAB Interneto vizija	conveyor.lt	1
serveriai.lt	newfaces.lt	1
Telia Lietuva, AB	aniplast.lt	1
serveriai.lt	beibis.lt	1
getspace.us	siccusgroup.lt	1
serveriai.lt	csdm.lt	1
serveriai.lt	cupcake.lt	1
Hetzner Online GmbH	SQUIXA PTY LIMITED	1
serveriai.lt	typescript.lt	1
Telia Lietuva, AB	tdmauto.lt	1
quicns.cloud	renovus.lt	1
Telia Lietuva, AB	lnar.lt	1
serveriai.lt	adis.lt	1
CLOUDFLARENET	waterpik.lt	1
nicns.net	isla.lt	1
markmonitor.zone	CLOUDFLARENET	1
domains.lt	plastis.lt	1
Telia Lietuva, AB	missbeauty.lt	1
serveriai.lt	editorial.lt	1
serveriai.lt	sambo.lt	1
UAB Interneto vizija	pusryciams.lt	1
dvhosting.cloud	vivafloors.lt	1
ACTIVE 24, s.r.o.	lovecard.lt	1
serveriai.lt	vagiu.lt	1
serveriai.lt	gvms.lt	1
areait.lv	elbalt.lt	1
serveriai.lt	insima.lt	1
serveriai.lt	nandina.lt	1
MICROSOFT-CORP-MSN-AS-BLOCK	prior.lt	1
UAB Interneto vizija	jvn.lt	1
serveriai.lt	pico7.lt	1
CLOUDFLARENET	tlt-manufacturing.lt	1
UAB Interneto vizija	mylit.lt	1
serveriai.lt	mijola.lt	1
serveriai.lt	pzub.lt	1
NUCDN	opinionbar.lt	1
serveriai.lt	milamoto.lt	1
serveriai.lt	akubas.lt	1
WEHOSTWEBSITES-COM	realusbetonosprendimai.lt	1
CLOUDFLARENET	dilmah.lt	1
Telia Lietuva, AB	aisummit.lt	1
UAB Interneto vizija	techpagalba24.lt	1
UAB Interneto vizija	skyshots.lt	1
serveriai.lt	luksas.lt	1
UAB Interneto vizija	ridona.lt	1
Rackspace Ltd.	SECURITYSERVICES	1
ambero.lv	Institute of Mathematics and Computer Science of University of Latvia	1
de-nserver.de	luckyshopping.lt	1
serveriai.lt	instyle.lt	1
serveriai.lt	irpt.lt	1
serveriai.lt	elonika.lt	1
serveriai.lt	zasys.lt	1
TIER-NET	netping.lt	1
CLOUDFLARENET	mdpcloud.lt	1
bacloud.com	computer-guy.lt	1
CLOUDFLARENET	postas.lt	1
serveriai.lt	karlat.lt	1
serveriai.lt	ballmaster.lt	1
hostex.lt	carus.lt	1
serveriai.lt	autorent24.lt	1
abstractdns.com	meraki.lt	1
UAB Elneta	genflora.lt	1
getspace.us	urbanlegal.lt	1
serveriai.lt	oklight.lt	1
CLOUDFLARENET	probo.lt	1
serveriai.lt	scorpion.lt	1
serveriai.lt	t-p.lt	1
getspace.us	rshouse.lt	1
domenai.lt	Tutao GmbH	1
serveriai.lt	justhost.lt	1
domenai.lt	ambershell.lt	1
serveriai.lt	reimo.lt	1
ptoscan.com	ptoscan.com	1
serveriai.lt	r9.lt	1
UAB Interneto vizija	vdku.lt	1
dolphin-it.com	boostjuicebars.lt	1
serveriai.lt	startupas.lt	1
UAB Interneto vizija	securities.lt	1
domains.lt	koperis.lt	1
AMAZON-02	flexiblecarhire.lt	1
UAB Baltnetos komunikacijos	23M GmbH	1
serveriai.lt	aigita.lt	1
Telia Lietuva, AB	elektrum-drive.lt	1
OVH SAS	itpark.pl	1
serveriai.lt	geotrade.lt	1
UAB Interneto vizija	varesa.lt	1
gdmnet.se	gdmnet.se	1
Telia Lietuva, AB	aure.lt	1
serveriai.lt	seomarket.lt	1
serveriai.lt	egi.lt	1
serveriai.lt	tradershop.lt	1
serveriai.lt	4gamers.lt	1
serveriai.lt	ernotech.lt	1
hyperhost.ua	rollingwood.lt	1
serveriai.lt	hunter.lt	1
AMAZON-02	eudel.lt	1
CLOUDFLARENET	dnsserver.eu	1
serveris.lt	zojana.lt	1
world4you.at	autoflasher.lt	1
getspace.us	atriadecor.lt	1
serveriai.lt	apija.lt	1
bacloud.com	tools24.lt	1
UAB Bite Lietuva	stitch.lt	1
serveriai.lt	ambermist.lt	2
Telia Lietuva, AB	infra.lt	1
da.direct	MICROSOFT-CORP-MSN-AS-BLOCK	1
UAB Interneto vizija	lip.lt	1
hostex.lt	hiperionas.lt	1
Telia Lietuva, AB	raps.lt	1
GOOGLE	inowood.lt	1
serveriai.lt	infotecher.lt	1
serveriai.lt	balticproduction.lt	1
CLOUDFLARENET	armss.lt	1
CLOUDFLARENET	emaildit.com	1
serveriai.lt	naunau.lt	1
serveriai.lt	kukuruza.lt	1
Hetzner Online GmbH	didiejisodai.lt	1
UAB Baltnetos komunikacijos	antique-shop.lt	1
serveris.lt	solistas.lt	1
domenai.lt	enovotek.lt	1
Telia Lietuva, AB	digista.lt	1
virtuaal.com	smartherm.lt	1
serveriai.lt	grundotech.lt	1
teledema.lt	bestline.lt	1
gransy.com	sunnysoft.lt	1
itic-dns.de	vodka-forest.lt	1
serveriai.lt	getorders.lt	1
Telia Lietuva, AB	eprojects.lt	1
serveriai.lt	preksa.lt	1
serveriai.lt	vai.lt	1
domenai.lt	gowap.lt	1
UAB Interneto vizija	1kw.lt	1
UAB Baltnetos komunikacijos	on-cloud.pro	1
CLOUDFLARENET	netsec.lt	1
serveriai.lt	doorshop.lt	1
serveriai.lt	skeyndor.lt	1
serveriai.lt	Institute of Mathematics and Computer Science of University of Latvia	1
serveriai.lt	velomelo.lt	1
serveriai.lt	menulink.lt	1
hostex.lt	sunrisevalley.lt	1
serveriai.lt	viatera.lt	1
serveriai.lt	arival.lt	1
ihc.ru	gamezz.lt	1
Uab Servera	kuras.lt	1
serveriai.lt	fizioklinika.lt	1
Telia Lietuva, AB	padangos.lt	1
serveriai.lt	amis.lt	1
areait.lv	merteh.lt	1
AMAZON-02	paws.lt	1
serveriai.lt	didmena.lt	1
OVH SAS	Seznam.cz, a.s.	1
UAB Interneto vizija	aee.lt	1
serveriai.lt	avitera.lt	1
serveriai.lt	arco.lt	1
Telia Lietuva, AB	wicke.lt	1
serveriai.lt	ivro.lt	1
namemaster.de	fotokoch.de	1
ferroli.lv	avtodelo.lt	1
serveriai.lt	privinta.lt	1
domenai.lt	eoffice.lt	1
CLOUDFLARENET	marketsfactor.lt	1
bacloud.com	utenosmontuotojai.lt	1
AMAZON-02	betwaypoker.lt	1
serveriai.lt	googlel.lt	1
serveriai.lt	kovalskij.lt	1
serveriai.lt	ekoma.lt	1
UAB Baltnetos komunikacijos	msk.lt	1
Telia Lietuva, AB	nordenwave.lt	1
balt.net	nuvolo.pro	1
home.pl	eurowash.lt	1
Hetzner Online GmbH	playradio.lt	1
localbranding.domains	Mittwald CM Service GmbH & Co. KG	1
serveriai.lt	ingrida.lt	1
CLOUDFLARENET	proteinas.lt	1
serveriai.lt	donnataponero.lt	1
UAB Interneto vizija	rmnts.lt	1
serveriai.lt	holocaustnames.lt	1
AMAZON-02	chep.lt	1
Telia Lietuva, AB	dtm-print.lt	1
serveriai.lt	biotualetas.lt	1
serveriai.lt	easymedia.lt	1
serveriai.lt	pukipuki.lt	1
domenai.lt	bacloud.online	1
Telia Lietuva, AB	deart.lt	1
overall.ee	overall.ee	1
serveriai.lt	delipack.lt	1
Telia Lietuva, AB	gdsn.lt	1
Hetzner Online GmbH	bernal.lt	1
auroradns.eu	pcextreme.nl	1
serveriai.lt	lzud.lt	1
natrohost.com	kurumsaleposta.com	1
serveriai.lt	top500.lt	1
UAB Interneto vizija	amlgroup.lt	1
Telia Lietuva, AB	kariai.lt	1
serveriai.lt	zava.lt	1
serveriai.lt	parketas24.lt	1
epag.net	mailingcloud.de	1
Nazwa.pl Sp.z.o.o.	miebach.lt	1
CLOUDFLARENET	pyramid.lt	1
UAB Interneto vizija	inexta.lt	1
hukot.cz	hukot.net	1
serveriai.lt	hart.lt	1
serveriai.lt	hotpizza.lt	1
dion.lv	dion.lt	1
ltmd.net	gain.lt	1
serveriai.lt	milkauction.lt	1
serveriai.lt	vedo.lt	1
CLOUDFLARENET	lionmama.lt	1
Telia Lietuva, AB	dominas.lt	1
serveriai.lt	tomarina.lt	1
bacloud.com	mademoiselle.lt	1
Seonet Multimedia s.r.o.	rendl.com	1
Telia Lietuva, AB	evobox.lt	1
serveriai.lt	koordinate.lt	1
Akamai International B.V.	mcgraw-hill.com	1
serveriai.lt	balticclothing.lt	1
serveriai.lt	jankauskai.lt	1
perf1.com	bioderma.lt	1
serveriai.lt	kaip.lt	1
UAB Cgates	technikas.lt	1
serveriai.lt	dressinfelt.lt	1
domainers.de	wine-ager.lt	1
Telia Lietuva, AB	metalista.lt	1
Telia Lietuva, AB	bodymaker.lt	1
serveriai.lt	railbalt.lt	1
CLOUDFLARENET	vitaflora.lt	1
serveriai.lt	artdecor.lt	1
nssecure.de	clustersecure.de	1
CLOUDFLARENET	cannonworks.lt	1
serveriai.lt	fsst.lt	1
Kauno Technologijos Universitetas	vq.lt	1
serveriai.lt	bioherbax.lt	1
serveriai.lt	vsn.lt	1
CLOUDFLARENET	danetra.lt	1
Zone Media OU	balthellin.eu	1
serveriai.lt	ltsolar.lt	1
serveriai.lt	lekiam.lt	1
serveriai.lt	admex.lt	1
serveriai.lt	nsta.lt	1
serveriai.lt	mkn.lt	1
serveriai.lt	jmr.lt	1
CLOUDFLARENET	vinca.lt	1
OVH SAS	grupamarox.pl	1
serveriai.lt	supirkimasautomobiliu.lt	1
serveriai.lt	nutrify.lt	1
domains.lt	erelita.lt	1
serveriai.lt	eniks.lt	1
serveriai.lt	dizas.lt	1
CLOUDFLARENET	padelhouse.lt	1
domains.lt	energolt.eu	1
serveriai.lt	tarka.lt	1
serveriai.lt	rudnia.lt	1
serveriai.lt	formaflow.lt	1
markmonitor.zone	MICROSOFT-CORP-MSN-AS-BLOCK	1
serveriai.lt	skia.lt	1
Telia Lietuva, AB	graanulinvest.lt	1
manrev.net	manrev.com	1
UAB Interneto vizija	plasma123.lt	1
UAB Elneta	vpia.lt	1
serveriai.lt	ideasfactory.lt	1
serveriai.lt	naam.lt	1
eshoprent.com	cyclestories.lt	1
Cyber_Folks S.A.	teknomatik.lt	1
CLOUDFLARENET	architekte.lt	1
serveriai.lt	formule.lt	1
serveriai.lt	autobanga.lt	1
serveriai.lt	amberstream.lt	1
serveriai.lt	paskauskas.lt	1
CLOUDFLARENET	labteka.lt	1
octopuce.fr	octopuce.fr	1
CLOUDFLARENET	cat-cafe.lt	1
Telia Lietuva, AB	indorama.lt	1
serveriai.lt	artvila.lt	1
ipcom GmbH	merckserono.ch	1
serveriai.lt	genc.lt	1
serveriai.lt	deora.lt	1
bacloud.com	hera.lt	1
ns14.net	lumas.lt	1
CLOUDFLARENET	siliconeshop.lt	1
serveriai.lt	alavas.lt	1
hostex.lt	courtside.lt	1
Telia Lietuva, AB	appo.lt	1
Telia Lietuva, AB	mtm.lt	1
Telia Lietuva, AB	dmsp.lt	1
serveriai.lt	e-mada.lt	1
serveriai.lt	felicida.lt	1
domain-hosting.name	23M GmbH	1
Telia Lietuva, AB	ardeola.lt	1
serveriai.lt	bakra.lt	1
winhosting.eu	stilista.lt	1
serveriai.lt	mantika.lt	1
domenai.lt	persus.lt	1
serveriai.lt	mva.lt	1
hostex.lt	graphics.lt	1
serveriai.lt	jesmonite.lt	1
data.lt	Telia Lietuva, AB	1
serveriai.lt	ticka.lt	1
QUIC-CLOUD	mameta.lt	1
serveriai.lt	labutis.lt	1
Telia Lietuva, AB	todama.lt	1
serveriai.lt	panelyte.lt	1
AMAZON-02	astx.lt	1
byshosting.nl	marketresponse.lt	1
CLOUDFLARENET	rstechnika.lt	1
serveriai.lt	jazzhotel.lt	1
Scaleway S.a.s.	depexa.lt	1
CLOUDFLARENET	mikulskis.lt	1
serveriai.lt	rideon.lt	1
serveriai.lt	huntera.lt	1
serveriai.lt	construct.lt	1
serveriai.lt	viprint.lt	1
serveriai.lt	mil-tec.lt	1
norplex-communications.com	bartling.lt	1
AMAZON-02	arthurandersen.lt	1
CLOUDFLARENET	merilee.lt	1
bacloud.com	1453.lt	1
UAB Interneto vizija	vivagroup.lt	1
serveriai.lt	midus.lt	1
Hetzner Online GmbH	messianic.lt	1
serveriai.lt	4x4vilnius.lt	1
OVH SAS	buylive.app	1
e-centras.lt	videopc.lt	1
Knipp Medien und Kommunikation GmbH	bbraun.lt	1
Sia Nano IT	maxxis.lt	1
bacloud.com	gtg.lt	1
Hetzner Online GmbH	zavesys.lt	1
checkdomain.de	almig.lt	1
serveriai.lt	print.lt	1
serveriai.lt	saltare.lt	1
AMAZON-02	transaction.lt	1
UAB Elneta	pivo.lt	1
serveriai.lt	derkac.lt	1
serveriai.lt	ahost.lt	1
serveriai.lt	soundservice.lt	1
serveriai.lt	fob.lt	1
serveriai.lt	it-online.lt	1
Telia Lietuva, AB	pneustech.lt	1
UAB Penki kontinentai	saldyne.lt	1
serveriai.lt	delfina.lt	1
serveriai.lt	meinart.lt	1
Telia Lietuva, AB	mobils.lt	1
serveriai.lt	rpi.lt	1
serveriai.lt	orc.lt	1
serveriai.lt	crux.lt	1
serveriai.lt	stir.lt	1
Telia Lietuva, AB	lideja.lt	1
CLOUDFLARENET	stayalive.lt	1
serveriai.lt	ksmm.lt	1
devopshosting.online	olyzone.lt	1
Telia Lietuva, AB	dermadna.lt	1
serveriai.lt	impeka.lt	1
prodomaines.com	GANDI SAS	1
abcp.ru	golsta.lt	1
CLOUDFLARENET	biotus.ua	1
getspace.us	monre.lt	1
ctekns.ch	bess-systems.lt	1
parkas.lt	coleman.lt	1
proisp.no	sorvindu.lt	1
adesso-group.com	adesso.de	1
serveriai.lt	cmira.lt	1
serveriai.lt	moo.lt	1
serveriai.lt	ironge.lt	1
serveriai.lt	hype.lt	1
Kauno Technologijos Universitetas	litmetal.lt	1
serveriai.lt	globaltraining.lt	1
serveriai.lt	lenormand.lt	1
GOOGLE	siena-group.lt	1
serveriai.lt	rostock.lt	1
serveriai.lt	armaris.lt	1
hostex.lt	24h.lt	1
Telia Lietuva, AB	eulega.lt	1
CLOUDFLARENET	hostinger.in	1
serveriai.lt	enciklopedija.lt	1
Telia Lietuva, AB	lhrl.lt	1
bacloud.com	interlink.lt	1
serveriai.lt	mlkl.lt	1
Vardas.lt, Uab	GOOGLE	1
CLOUDFLARENET	cellip.lt	1
Telia Lietuva, AB	reimpro.lt	1
areait.lv	bubnovsky.lt	1
domenai.lt	dressforless.lt	1
serveriai.lt	kemas.lt	1
UAB Elneta	ecology.lt	1
shockmedia.nl	scentchips.lt	1
domenai.lt	eaudeki.lt	1
serveriai.lt	aurinka.lt	1
UAB Elneta	aktida.lt	1
CLOUDFLARENET	etask.lt	1
CLOUDFLARENET	stinga.lt	1
CLOUDFLARENET	snackbox.lt	1
serveriai.lt	arfis.lt	1
serveriai.lt	odontalis.lt	1
CLOUDFLARENET	nevarna.lt	1
controlpanel.si	firerescue.lt	1
Sia Nano IT	everglass.lt	1
Telia Lietuva, AB	adrem.lt	1
Telia Lietuva, AB	gistama.lt	1
serveriai.lt	proseka.lt	1
Telia Lietuva, AB	flagman.lt	1
serveriai.lt	tirebee.lt	1
hostwhitelabel.com	danties.lt	1
Telia Lietuva, AB	tsipro.lt	1
serveriai.lt	cleanteam.lt	1
dns.com	111tt.icu	1
Telia Lietuva, AB	bygma.lt	1
CLOUDFLARENET	multimediamark.lt	1
serveriai.lt	wellme.lt	1
hostex.lt	btravel.lt	1
Sia Nano IT	msv1.invalid	1
Telia Lietuva, AB	gerasfotografas.lt	1
CLOUDFLARENET	carpis.lt	1
UAB Bite Lietuva	prostudio.lt	1
serveriai.lt	kalman.lt	1
Telia Lietuva, AB	orlen.pl	1
UAB Interneto vizija	nmf.lt	1
Telia Lietuva, AB	housis.lt	1
serveriai.lt	autpro.lt	1
serveriai.lt	kaimelis.lt	1
serveriai.lt	rfg.lt	1
ns-sec.com	MICROSOFT-CORP-MSN-AS-BLOCK	1
Hetzner Online GmbH	logithium.lt	1
serveriai.lt	vizinis.lt	1
serveriai.lt	technic.lt	1
UAB Interneto vizija	fenomus.lt	1
serveriai.lt	everydaybyroberta.lt	1
CLOUDFLARENET	esba.lt	1
GOOGLE	eurorentcar.lt	1
serveriai.lt	ediora.lt	1
SECURITYSERVICES	dekalb.lt	1
magit.lt	cinerama.lt	1
com.br	vale.lt	1
CLOUDFLARENET	skelbikas.lt	1
domenai.lt	lovechrome.lt	1
datacentras.lt	gru.lt	1
CLOUDFLARENET	skinshop.lt	1
serveriai.lt	sg1982.lt	1
Hetzner Online GmbH	helinet.lt	1
balticvps.eu	e-zoo.lt	1
Telia Lietuva, AB	granwood.lt	1
Kauno Technologijos Universitetas	entura.lt	1
UAB Interneto vizija	beautydrugs.lt	1
serveriai.lt	baltmergroup.com	2
data.ee	aeroc.eu	1
serveriai.lt	andalora.lt	1
eshoprent.com	emobiles.lt	1
CLOUDFLARENET	frostpro.lt	1
Hetzner Online GmbH	komilfo.lt	1
getspace.us	izotopeurope.lt	1
eshoprent.com	lokali.lt	1
CLOUDFLARENET	arktika.lt	1
Telia Lietuva, AB	prolege.lt	1
serveriai.lt	abcd.lt	1
hostex.lt	uploader.lt	1
serveriai.lt	gingerray.lt	1
getspace.us	anrus.lt	1
hostex.lt	delicias.lt	1
awesomeprojects.ro	hostico.lt	1
serveriai.lt	ino-web.lt	1
serveriai.lt	austilis.lt	1
parkas.lt	adfoto.lt	1
CLOUDFLARENET	metalurga.lt	1
serveriai.lt	corelink.lt	1
Net-Build GmbH	activize.lt	1
Telia Lietuva, AB	ratiolegis.lt	1
nameshield.net	ikks.lt	1
CLOUDFLARENET	belinter.lt	1
serveriai.lt	arenos.lt	1
UAB Interneto vizija	sivakoff.lt	1
serveriai.lt	amphotography.lt	1
serveriai.lt	karatedo.lt	1
serveriai.lt	maidina.lt	1
MICROSOFT-CORP-MSN-AS-BLOCK	SQUIXA PTY LIMITED	1
UAB Interneto vizija	fenix.lt	1
serveriai.lt	archyv.lt	1
serveriai.lt	dgk.lt	1
rs2.lt	rs2.lt	1
bacloud.com	mojito.lt	1
serveriai.lt	it2.lt	1
serveriai.lt	primeoutlet.lt	1
CLOUDFLARENET	inzinierius.lt	1
MICROSOFT-CORP-MSN-AS-BLOCK	GOOGLE-CLOUD-PLATFORM	1
domenai.lt	7rent.lt	1
magit.lt	etro.lt	1
domains.lt	telebaltika.lt	1
serveriai.lt	eurogrand.lt	1
bacloud.com	nave.lt	1
CLOUDFLARENET	joa.lt	1
Telia Lietuva, AB	mediadia.lt	1
domains.lt	selenis.eu	1
serveriai.lt	autopadangos.lt	1
serveriai.lt	benet.lt	1
getspace.us	mbeats.lt	1
Telia Lietuva, AB	malone.lt	1
MICROSOFT-CORP-MSN-AS-BLOCK	ses.com	1
serveriai.lt	autiga.lt	1
Telia Lietuva, AB	ivpi.lt	1
UAB Elneta	deva.lt	1
serveriai.lt	tuning-club.lt	1
s-42.net	wor.net	1
CLOUDFLARENET	troolt.pl	1
serveriai.lt	nordtub.lt	1
hostex.lt	pkp.lt	1
UAB Interneto vizija	listen.lt	1
serveriai.lt	zmkl.lt	1
UAB Interneto vizija	sc.lt	1
serveriai.lt	joanak.lt	1
hostex.lt	eroclub.lt	1
awsdns-07.com	AMAZON-02	1
serveriai.lt	thesimple.lt	2
UAB Interneto vizija	dualsim.lt	1
UAB Baltnetos komunikacijos	digitera.lt	1
netsons.net	gazzetta.lt	1
UAB Interneto vizija	vinok.lt	1
hostex.lt	formaa.lt	1
dnssys.eu	serafini.lt	1
serveriai.lt	nisadena.lt	1
arenacloud.space	arenanetworks.lt	1
CLOUDFLARENET	2zo.ru	1
parkas.lt	miashka.lt	1
serveriai.lt	parduota.lt	1
serveriai.lt	printma.lt	1
serveriai.lt	kapratas.lt	1
hb.pl	hb.pl	1
serveriai.lt	automobiliusupirkimas.lt	1
serveriai.lt	headex.lt	1
Telia Lietuva, AB	nvt.lt	1
UAB Bite Lietuva	autoitalija.lt	1
serveriai.lt	autoservisams.lt	1
serveriai.lt	kuksandostudija.lt	1
domains.lt	uit.lt	1
serveriai.lt	inkontinencija.lt	1
Telia Lietuva, AB	wallys.lt	1
serveriai.lt	digitaleuro.lt	1
serveriai.lt	perfecte.lt	1
Telia Lietuva, AB	gvsc.lt	1
serveriai.lt	laizyklele.lt	1
Telia Lietuva, AB	monivita.lt	1
Cloud DNS Ltd	pienoukis.lt	1
CLOUDFLARENET	fordentist.lt	1
serveriai.lt	namika.lt	1
CLOUDFLARENET	mailersend.net	1
serveriai.lt	dalas.lt	1
CLOUDFLARENET	eshoprent.com	1
serveriai.lt	kosmetika24.lt	1
serveriai.lt	logista.lt	1
serveriai.lt	stagefactory.lt	1
serveriai.lt	mcore.lt	1
CLOUDFLARENET	wkd.lt	1
CLOUDFLARENET	tamona.lt	1
GOOGLE	vkud.lt	1
serveriai.lt	rubrika.lt	1
Sia Nano IT	GOOGLE	3
domenai.lt	laurapavliuk.lt	1
serveriai.lt	merlinx.lt	1
serveriai.lt	anvelton.lt	1
serveriai.lt	glos.lt	1
getspace.us	cordent.lt	1
Infocom Uk Ltd	eastcon.lt	1
UAB Interneto vizija	cloudmc.lt	1
getspace.us	smulkintuvuremontas.lt	1
perf1.com	esthederm.lt	1
IONOS SE	toyotaclub.lt	1
bacloud.com	stadema.lt	1
serveris.lt	bantech.lt	1
domains.lt	projects.lt	1
serveriai.lt	a-7.lt	1
NUCDN	expense-reduction.lt	1
UAB Penki kontinentai	MICROSOFT-CORP-MSN-AS-BLOCK	1
bacloud.com	argb.lt	1
serveriai.lt	navalda.lt	1
Telia Lietuva, AB	baltmed.lt	1
serveriai.lt	sigrent.lt	1
serveriai.lt	rhouse.lt	1
getspace.us	seku.lt	1
serveriai.lt	autodiagus.lt	1
Telia Lietuva, AB	printela.lt	1
UAB Interneto vizija	tikimax.lt	1
justhost.com	geola.lt	1
CLOUDFLARENET	telnet.lt	1
Telia Lietuva, AB	aritronas.lt	1
serveriai.lt	creativepartner.lt	1
getspace.us	vynokelias.lt	1
CLOUDFLARENET	lagaminai.lt	1
Telia Lietuva, AB	aplogic.lt	1
Telia Lietuva, AB	orteka.lt	1
serveriai.lt	cmf.lt	1
UAB Interneto vizija	westermann.lt	1
Telia Lietuva, AB	menthol.lt	1
Hetzner Online GmbH	gastroval.lt	1
UAB Interneto vizija	happyfly.lt	1
ACTIVE 24, s.r.o.	ZOHO Corporation B.V	1
serveriai.lt	daiktuistorijos.lt	1
serveriai.lt	clavisauto.lt	1
serveriai.lt	dinamai.lt	1
domenai.lt	gsm1.lt	1
dqcloud1.pl	blundstone.lt	1
CLOUDFLARENET	metalosfera.lt	1
serveriai.lt	parande.lt	1
Hetzner Online GmbH	mmkc.lt	1
serveriai.lt	adwa.lt	1
Telia Lietuva, AB	kitadmin.lt	1
getspace.us	evarent.lt	1
serveriai.lt	prestarock.lt	1
Telia Lietuva, AB	dinora.lt	1
co.uk	YANDEX LLC	1
Hetzner Online GmbH	aushauz.lt	1
serveriai.lt	imperatum.lt	1
Telia Lietuva, AB	bgs.lt	1
afraid.org	metvora.lt	1
GOOGLE	24.139	1
domenai.lt	dzempas.lt	1
CLOUDFLARENET	lti.lt	1
domenai.lt	toptoner.lt	1
bacloud.com	wildchefkitchen.lt	1
iquer.net	bio-circle.lt	1
Sia Nano IT	biodom.lt	1
areait.lv	ultra-filter.lt	1
UAB Interneto vizija	kappa.lt	1
serveriai.lt	rvk.lt	1
alfanet.ee	lihavyrst.ee	1
breezemarine.eu	lifeboatservices.lt	1
domains.lt	lietuvai.lt	1
serveriai.lt	aag.lt	1
serveriai.lt	emonela.lt	1
home.pl	petecki.lt	1
ipcom GmbH	floa-bank.lt	1
serveriai.lt	ogsb.lt	1
serveriai.lt	cq.lt	1
Radicenter OU	loveby.lt	1
UAB Interneto vizija	pkconsulting.lt	1
Key-Systems GmbH	prindissimo.lt	1
serveriai.lt	infrasta.lt	1
serveris.lt	relaksa.lt	1
INTERNET CZ, a.s.	forpsi.com	2
Informacines sistemos ir technologijos, UAB	dentavita.lt	1
Hetzner Online GmbH	kaukaras.lt	1
serveriai.lt	keratinas.lt	1
Hetzner Online GmbH	patarimai.lt	1
domenai.lt	Sabiedriba ar ierobezotu atbildibu DELSKA Latvia	1
Telia Lietuva, AB	taide.lt	1
CLOUDFLARENET	vilniausdurys.lt	1
serveriai.lt	jurte.lt	1
hostex.lt	poskus.lt	1
Telia Lietuva, AB	laukoekranai.lt	1
serveriai.lt	ingris.lt	1
serveriai.lt	marcam.lt	1
Cyber_Folks S.A.	milsystem.lt	1
serveriai.lt	ramute.lt	1
UAB Interneto vizija	vplc.lt	1
Informacines sistemos ir technologijos, UAB	openevse.lt	1
Hetzner Online GmbH	z-z.lt	1
serveriai.lt	ezonus.lt	1
edata.lt	puke.lt	1
serveriai.lt	scbmedia.lt	1
serveriai.lt	grotus.lt	1
CLOUDFLARENET	smala.email	1
serveriai.lt	fotosiluetas.lt	1
balticvps.eu	dat.lt	1
hosted-power.com	pecunino.lt	1
Cyber_Folks S.A.	einparts.lt	1
Sia Nano IT	metalmaster.lt	1
getspace.us	minimidi.lt	1
serveriai.lt	oldera.lt	1
serveriai.lt	puv.lt	1
Global Village GmbH	tipiko.lt	1
serveriai.lt	quovadis.lt	1
UAB Interneto vizija	poskriptum.lt	1
SECURITYSERVICES	NorthC Deutschland GmbH	1
serveris.lt	confetti.lt	1
Telia Lietuva, AB	shkolnikov.lt	1
AMAZON-02	fikso.lt	1
domains.lt	detagama.lt	1
serveriai.lt	litrade.lt	1
domenai.lt	3dbonum.lt	1
domenai.lt	soil.lt	1
serveriai.lt	dolly.lt	1
CLOUDFLARENET	sendgrid.net	1
bacloud.com	novastarr.lt	1
Telia Lietuva, AB	aistis.lt	1
cprapid.com	petfest.lt	1
serveriai.lt	valdemar.lt	1
serveriai.lt	meldai.lt	1
serveriai.lt	bull.lt	1
serveriai.lt	liski.lt	1
serveriai.lt	imusic.lt	1
serveriai.lt	wedos.net	1
CLOUDFLARENET	lemodus.lt	1
Telia Lietuva, AB	neimy.lt	1
serveriai.lt	btech.lt	1
serveriai.lt	medienosera.lt	1
serveriai.lt	open-air.lt	1
serveriai.lt	matulaitis.lt	1
serveriai.lt	fishingshop.lt	1
serveriai.lt	asveta.lt	1
serveris.lt	freshies.lt	1
CLOUDFLARENET	rapsai.lt	1
serveriai.lt	interoptika.lt	1
UAB Interneto vizija	eliteka.lt	1
serveriai.lt	reviline.lt	1
serveriai.lt	freediving.lt	1
AMAZON-02	comanos.lt	1
UAB Rakrejus	obchoice.lt	1
serveriai.lt	lgaa.lt	1
Radicenter OU	vitavia.lt	1
bacloud.com	didierlab.lt	1
serveriai.lt	cosmozone.lt	1
Telia Lietuva, AB	codex.lt	1
serveriai.lt	consensa.lt	1
contabo.net	neuroflex.lt	1
world4you.at	easypell.lt	1
domenai.lt	rent-cars.lt	1
serveriai.lt	alembo.lt	1
ltmd.net	kaitra.lt	1
serveriai.lt	miege.lt	1
CLOUDFLARENET	ginetas.lt	1
serveriai.lt	daiktunamai.lt	1
serveriai.lt	potissimus.lt	1
AMAZON-02	inbody.lt	1
domenai.lt	velta.lt	1
serveriai.lt	sparkling.lt	1
UAB Penki kontinentai	caravanclub.lt	1
firsthost.lv	kidsguru.lt	1
serveriai.lt	pal.lt	1
foundationdns.com	MICROSOFT-CORP-MSN-AS-BLOCK	1
serveriai.lt	artina.lt	1
Cyber_Folks S.A.	versoli.lt	1
CLOUDFLARENET	fs25mods.lt	1
serveriai.lt	lolz.lt	1
serveriai.lt	kazky.lt	1
domenai.lt	caraway.lt	1
CLOUDFLARENET	nordicmart.lt	1
managed-ip.com	chapter.lt	1
Telia Lietuva, AB	likesa.lt	1
GOOGLE	edih.lt	1
awsdns-24.net	bunq.com	1
serveriai.lt	evpp.lt	1
serveriai.lt	maklogistics.lt	1
CLOUDFLARENET	vean-tattoo.com	1
hap.lt	sopeno.lt	1
Telia Lietuva, AB	mxlogin.com	1
CLOUDFLARENET	konsultavimas.lt	1
serveriai.lt	typoart.lt	1
serveriai.lt	autosigma.lt	1
Telia Lietuva, AB	jmk.lt	1
bacloud.com	transgrouplt.lt	1
bacloud.com	abanta.lt	1
internethosting.at	aon.at	1
CLOUDFLARENET	halus.lt	1
serveriai.lt	transmeja.lt	1
getspace.us	imperialdenta.lt	1
CLOUDFLARENET	bionergo.lt	1
serveriai.lt	krmm.lt	1
Telia Lietuva, AB	sportfan.lt	1
UAB Interneto vizija	parva.lt	1
Sia Nano IT	cblgroup.lt	1
bacloud.com	miltinukas.lt	1
serveriai.lt	onlineads.lt	1
serveriai.lt	elita.lt	1
ACTIVE 24, s.r.o.	evermax.lt	1
serveriai.lt	astauto.lt	1
serveriai.lt	breezers.lt	1
UAB Interneto vizija	monique.lt	1
CLOUDFLARENET	dailesreikmenys.lt	1
Telia Lietuva, AB	prosapia.lt	1
serveriai.lt	aintra.lt	1
serveris.lt	vilva.lt	1
AMAZON-02	connvex.lt	1
serveriai.lt	daylight.lt	1
serveriai.lt	timbercabins.lt	1
Zone Media OU	Hetzner Online GmbH	1
serveriai.lt	fantasysports.lt	1
lenet.lt	bh12.lt	1
domenai.lt	mybestscooter.lt	1
serveriai.lt	constructors.lt	1
domenai.lt	torotoka.lt	1
scoding.com	scoding.lt	1
hostex.lt	astela.lt	1
serveriai.lt	klaipedatours.lt	1
avency GmbH	OVH SAS	1
namesecure.de	mefo.lt	1
Cyber_Folks S.A.	melodika.lt	1
serveriai.lt	ipitaka.lt	1
serveriai.lt	goldrent.lt	1
nicns.net	poracomp.lt	1
Telia Lietuva, AB	cpg.lt	1
UAB Interneto vizija	granna.lt	1
transnexis.net	usa-esta.lt	1
serveriai.lt	jup.lt	1
domenai.lt	gambler.lt	1
serveriai.lt	aux.lt	1
Telia Lietuva, AB	gyptone.lt	1
serveriai.lt	ailes.lt	1
serveriai.lt	advoco.lt	1
Uab Servera	greenmagnum.lt	1
UAB Interneto vizija	faktora.lt	1
balticvps.eu	tector.lt	1
serveriai.lt	pentecost.lt	1
UAB Interneto vizija	idealite.lt	1
Hetzner Online GmbH	openmic.lt	1
Telia Lietuva, AB	julingua.lt	1
Telia Lietuva, AB	sysadminday.lt	1
serveriai.lt	smartpage.lt	1
serveriai.lt	adnext.lt	1
serveriai.lt	biznesmigracija.lt	1
serveriai.lt	vonesta.lt	1
serveriai.lt	satvika.lt	1
UAB Interneto vizija	murava.lt	1
hostex.lt	lizdenis.lt	1
HURRICANE	roi.lt	1
serveriai.lt	ajp.lt	1
serveriai.lt	parodyk.lt	1
co.at	swaynutrition.lt	1
serveriai.lt	gcsg.lt	1
Cloud DNS Ltd	pphosted.com	1
speedweb.sk	speedweb.sk	2
serveriai.lt	seimos-santykiu-centras.lt	1
areait.lv	vavadacasino.lt	1
serveriai.lt	good.lt	1
CLOUDFLARENET	redshop.lt	1
hostex.lt	vilkotakas.lt	1
serveriai.lt	poilsiosprendimai.lt	1
CLOUDFLARENET	rcreviews.lt	1
serveriai.lt	profilsta.lt	1
ipcom GmbH	telekom.de	1
CLOUDFLARENET	diavolesa.lt	1
serveriai.lt	pasidalink.lt	1
bacloud.com	zenlita.lt	1
NUCDN	asiainspection.lt	1
UAB Elneta	dorogi.lt	1
serveris.lt	tangoargentino.lt	1
123ns.de	relizema.lt	1
UAB Interneto vizija	high-design.lt	1
serveriai.lt	irpeta.lt	1
serveriai.lt	drprobio.lt	1
hostika.net	gipas.lt	1
UAB Interneto vizija	et.lt	1
UAB Interneto vizija	gogle.lt	1
powerdns.de	udmedia.de	1
Telia Lietuva, AB	romarent.lt	1
intechsystems.lv	intechsystems.lv	1
serveriai.lt	ketodieta.lt	1
scoding.com	furnita.lt	1
stabletransit.com	GOOGLE	1
UAB Interneto vizija	citiboi.lt	1
domenai.lt	beitar.lt	1
UAB Interneto vizija	wapi.lt	1
serveriai.lt	republicpub.lt	1
AMAZON-02	betwaysportsbook.lt	1
serveriai.lt	wearyourhoodie.lt	1
serveriai.lt	namiko.lt	1
serveriai.lt	betrevitastyle.lt	1
serveriai.lt	creolinkgroup.lt	1
serveriai.lt	ozelis.lt	1
serveriai.lt	lexma.lt	1
hostex.lt	star.lt	1
serveriai.lt	karkas.lt	1
UAB Interneto vizija	vkdconsulting.lt	1
Hetzner Online GmbH	beautyzone.lt	1
domenai.lt	edepa.lt	1
serveriai.lt	ginkus.lt	1
areait.lv	dufa.lt	1
serveriai.lt	dsi.lt	1
serveriai.lt	kirpykla.lt	1
serveriai.lt	cityrush.lt	1
domenai.lt	fotografijos.lt	1
serveriai.lt	lalak.lt	1
serveriai.lt	autonm.lt	1
Sia Nano IT	laserarto.lt	1
ihc.ru	piesti.lt	1
serveriai.lt	tags.lt	1
AUTOMATTIC	pienoukis.lt	1
Rackspace Ltd.	bidvest.lt	1
CLOUDFLARENET	deepsoft.lt	1
Beyond.pl sp. z o.o.	dhosting.pl Sp. z o.o.	1
Telia Lietuva, AB	opus.lt	1
serveriai.lt	globus.lt	1
bacloud.com	caravan.lt	1
domains.lt	kauencraft.lt	1
serveriai.lt	pianistai.lt	1
Hetzner Online GmbH	freedx.lt	1
serveriai.lt	smartworks.lt	1
bacloud.com	pariga.lt	1
domenai.lt	vtf.lt	1
schneidertec.com	bpgco.lt	1
Telia Lietuva, AB	silventa.lt	1
home.pl	wibramet.lt	1
Telia Lietuva, AB	agnete.lt	1
xtsystem.it	xtsystem.it	1
Telia Lietuva, AB	rosta.lt	1
Telia Lietuva, AB	eurosafe.lt	1
UAB Interneto vizija	elada.lt	1
Telia Lietuva, AB	studio-h.lt	1
serveriai.lt	mrcamp.lt	1
managed-ip.com	UAB Interneto vizija	1
hostex.lt	ballandchain.lt	1
dnsip.com	3bhxcdn.com	1
serveriai.lt	interlogistika.lt	1
serveriai.lt	bukinistika.lt	1
magit.lt	soas.lt	1
domenai.lt	stages.lt	1
Zone Media OU	estravel.ee	1
Hetzner Online GmbH	suvalkai.lt	1
getspace.us	robusta.lt	1
UAB Interneto vizija	immortal.lt	1
serveriai.lt	efes.lt	1
serveriai.lt	rush.lt	1
HURRICANE	canecorso.lt	1
serveriai.lt	immo-tools.lt	1
serveriai.lt	jorinis.lt	1
UAB Interneto vizija	automotodrive.lt	1
serveriai.lt	vikis.lt	1
Telia Lietuva, AB	wellis.lt	1
UAB Interneto vizija	confidentvoices.lt	1
serveriai.lt	gbyrent.lt	1
domains.lt	kacinskas.lt	1
serveriai.lt	aipt.lt	1
serveriai.lt	roltax.lt	1
serverstack.com	pog.lt	1
Telia Lietuva, AB	topcart.lt	1
serveriai.lt	hornex.lt	1
domains.lt	niseg.lt	1
serveriai.lt	vvv.lt	1
Telia Lietuva, AB	e-vector.lt	1
serveriai.lt	dearskin.lt	1
serveriai.lt	momentfoto.lt	1
CLOUDFLARENET	muges.lt	1
Cyber_Folks S.A.	maxtools.lt	1
serveriai.lt	reksas.lt	1
eshoprent.com	apatinukai.lt	1
serveriai.lt	antiradarai.lt	1
serveriai.lt	kev.lt	1
Telia Lietuva, AB	studio120.lt	1
serveriai.lt	metiga.lt	1
serveriai.lt	cultureclub.lt	1
CLOUDFLARENET	motorbike.lt	1
serveriai.lt	009.lt	1
eshoprent.com	vaikis.lt	1
hostex.lt	apoteka.lt	1
Telia Lietuva, AB	multiservisas.lt	1
serveriai.lt	svetainiucentras.lt	1
customwebserver.gr	ehmc.lt	1
Telia Lietuva, AB	tramera.lt	1
bacloud.com	ertona.lt	1
serveriai.lt	remontex.lt	1
domains.lt	eudenta.lt	1
infonet.ee	pavlova.lt	1
serveriai.lt	realoutlet.lt	1
areait.lv	levents.lt	1
serveris.lt	jaunimocentras.lt	1
CLOUDFLARENET	exposito.lt	1
serveriai.lt	vilkaz.lt	1
Penkiu kontinentu komunikaciju centras, Ltd.	strs.lt	1
sendersnews.lt	atsigrezk.lt	1
CLOUDFLARENET	meridianus.lt	1
serveriai.lt	rkvm.lt	1
serveriai.lt	nikaga.lt	1
Telia Lietuva, AB	grifs.lt	1
serveriai.lt	fs.lt	1
Telia Lietuva, AB	kurs.lt	1
serveris.lt	zx.lt	1
serveriai.lt	pti.lt	1
bacloud.com	sodybaduobys.lt	1
awsdns-01.org	MICROSOFT-CORP-MSN-AS-BLOCK	1
domainers.de	inha.lt	1
Informacines sistemos ir technologijos, UAB	prohosting.lt	1
Telia Lietuva, AB	cesta.lt	1
serveriai.lt	clean9.lt	1
Telia Lietuva, AB	narkus.lt	1
Hetzner Online GmbH	bestclean.lt	1
serveriai.lt	1000v.lt	1
serveriai.lt	fishingtackle.lt	1
serveriai.lt	base-camp.lt	1
serveriai.lt	digitalmarketingupdate.lt	1
nocdirect.com	extomance.lt	1
CLOUDFLARENET	datos.lt	1
UAB Interneto vizija	pirmi.lt	1
hostinger.ru	hostinger.ru	1
serveris.lt	silumos-siurbliai.lt	1
domenai.lt	zbike.lt	1
UAB Interneto vizija	thetop.lt	1
netim.net	x-scripter.com	1
UAB Interneto vizija	tl.lt	1
Telia Lietuva, AB	bisas.lt	1
serveriai.lt	arktus.lt	1
serveriai.lt	gamecard.lt	1
serveriai.lt	savicius.lt	1
serveris.lt	dexpert.lt	1
bacloud.com	gforma.lt	1
Telia Lietuva, AB	promensil.lt	1
CLOUDFLARENET	solidea.lt	1
serveriai.lt	sevroll.lt	1
UAB Interneto vizija	bpe.lt	1
UAB Bite Lietuva	administratorius.lt	1
Hetzner Online GmbH	jop.lt	1
serveriai.lt	slapukas.lt	1
serveriai.lt	magistratus.lt	1
UAB Baltnetos komunikacijos	idamas.lt	1
serveriai.lt	portretai.lt	1
Telia Lietuva, AB	mar-auto.lt	1
AMAZON-02	welcometofleetcomplete.lt	1
serveriai.lt	agrenta.lt	1
dipolis.net	dipolis.lt	1
serveriai.lt	rasalo.lt	1
eshoprent.com	jamon.lt	1
serveriai.lt	vytautasspa.lt	1
serveriai.lt	kilpa.lt	1
serveriai.lt	135.lt	1
balt.net	terradocs.lt	1
airnet.lt	plaukimas.lt	1
d5.lt	sadiva.lt	1
getspace.us	fredagym.lt	1
UAB ESNET	lappel.lt	1
Telia Lietuva, AB	b-l.lt	1
serveriai.lt	aroundtheworld.lt	1
domenai.lt	per.lt	1
UAB Interneto vizija	rplay.lt	1
bacloud.com	idanija.lt	1
serveriai.lt	lubos.lt	1
serveriai.lt	technistone.lt	1
CLOUDFLARENET	renteuropa.lt	1
Kauno Technologijos Universitetas	oubc.lt	1
Informacines sistemos ir technologijos, UAB	lithost.lt	1
domains.lt	autowest.lt	1
UAB Interneto vizija	globys.lt	1
domains.lt	kggroup.eu	1
Telia Lietuva, AB	komandosdvasia.lt	1
NUCDN	irishferries.lt	1
UAB Interneto vizija	elevio.lt	1
Hetzner Online GmbH	komentarai.lt	1
awsdns-23.com	indeform.com	1
Penkiu kontinentu komunikaciju centras, Ltd.	fortunatravel.lt	1
serveriai.lt	help1.lt	1
Uab Servera	nkc.lt	1
serveriai.lt	kuksa.lt	1
serveriai.lt	sidaras.lt	1
UAB Interneto vizija	sdo.lt	1
hostex.lt	icecream.lt	1
serveriai.lt	flexit.lt	1
serveriai.lt	inresco.lt	1
serveriai.lt	basana.lt	1
iplace.se	ls.lv	1
Telia Lietuva, AB	tais.lt	1
register.it	chicco.lt	1
UAB Interneto vizija	carbonblacksmiths.lt	1
serveriai.lt	bpd.lt	1
CLOUDFLARENET	esphouses.lt	1
UAB Interneto vizija	nutriwell.lt	1
UAB Interneto vizija	blacks.lt	1
neoserv.si	kiddo-world.lt	1
CLOUDFLARENET	fishon.lt	1
magu.lt	gooon.lt	1
Telia Lietuva, AB	stiklai.lt	1
CLOUDFLARENET	allmedica.lt	1
domains.lt	musudarzelis.lt	1
home.pl	bajtel.lt	1
serveriai.lt	downloader.lt	1
UAB Proservis	latava.lt	1
CLOUDFLARENET	seoart.lt	1
ecus.es	ecuskids.lt	1
serveriai.lt	novusrex.lt	1
serveriai.lt	tavorojus.lt	1
rackspace.com	co.uk	1
serveriai.lt	gatesoflogic.lt	1
domenai.lt	haiga.lt	1
CLOUDFLARENET	progai.lt	1
Penkiu kontinentu komunikaciju centras, Ltd.	fanoma.lt	1
CLOUDFLARENET	lokta.lt	1
UAB Interneto vizija	frpunlock.lt	1
home.pl	adusta.lt	1
serveriai.lt	reveta.lt	1
serveriai.lt	tanagra.lt	1
Telia Lietuva, AB	vmsi.lt	1
CLOUDFLARENET	eastern-star.lt	1
SECURITYSERVICES	freyssinet.lt	1
serveriai.lt	monifi.lt	1
domenai.lt	velotravel.lt	1
volvo.com	volvo.se	1
serveriai.lt	travelland.lt	1
Telia Lietuva, AB	karmapa.lt	1
serveriai.lt	sabera.lt	1
introweb.nl	introweb.nl	1
serveriai.lt	ritika.lt	1
balt.net	proringas.lt	1
serveriai.lt	reacon.lt	1
serveriai.lt	dokunetas.lt	1
serveriai.lt	muilas.lt	1
UAB Elneta	mamas.lt	1
UAB Interneto vizija	team97.lt	1
serveris.lt	rudinskas.lt	1
getspace.us	proagro.lt	1
serveriai.lt	laja.lt	1
CLOUDFLARENET	l2classic.lt	1
qth.com	knygute.lt	1
getspace.us	jutem.lt	1
serveriai.lt	funtopfun.lt	1
Telia Lietuva, AB	legalogic.lt	1
GOOGLE	denta.lt	1
team.blue Denmark A/S	angelinvest.lt	1
serveriai.lt	vestex.lt	1
CLOUDFLARENET	techdirect.lt	1
CLOUDFLARENET	dzan.lt	1
Hetzner Online GmbH	autolaguna.lt	1
UAB Rakrejus	eliterra.lt	1
markmonitor.com	alldomains.com	1
infocentras.com	sitelink.lt	1
domenai.lt	mantaskoncius.lt	1
domenai.lt	snackas.lt	1
serveriai.lt	creationlabs.lt	1
nicns.net	poraver.lt	1
CASABLANCA INT a.s.	fragranceworld.lt	1
Telia Lietuva, AB	englishteacher.lt	1
serveriai.lt	biotornado.lt	1
domenai.lt	radiology.lt	1
Telia Lietuva, AB	kudaba.lt	1
serveris.lt	simara.lt	1
serveriai.lt	telgesa.lt	1
ipcom GmbH	web-server.biz	1
serveriai.lt	kor.lt	1
hostex.lt	alitera.lt	1
Telia Lietuva, AB	travedus.lt	1
active24.cz	active24.com	1
serveriai.lt	euroconsulting.lt	1
serveris.lt	trendrehab.lt	1
CLOUDFLARENET	motech.lt	1
serveriai.lt	ramus.lt	1
serveriai.lt	meteora.lt	1
UAB Interneto vizija	ccr.lt	1
serveriai.lt	srjc.lt	1
UAB Interneto vizija	bloomy.lt	1
getspace.us	iactive.lt	1
hostnet.lv	en1090.lt	1
Sia Nano IT	mammotionbaltics.lt	1
GOOGLE	domus.lt	1
domenai.lt	offroad24.lt	1
serveriai.lt	valgom.lt	1
domenai.lt	parduotuves.lt	1
alexhost.com	vclub.lt	1
managed-ip.com	gelomyrtol.lt	1
UAB Baltnetos komunikacijos	avilys.lt	1
getspace.us	egogroup.lt	1
dnp.lt	jnt.lt	1
Telia Lietuva, AB	sih.lt	1
serveriai.lt	trokera.lt	1
serveriai.lt	redatransport.lt	1
serveriai.lt	lingvobalt.lt	1
serveriai.lt	darkroom.lt	1
serveriai.lt	nto.lt	1
getspace.us	inteso.lt	1
serveris.lt	bclaw.lt	1
CLOUDFLARENET	baxter.com	1
serveriai.lt	teisybe.lt	1
Telia Lietuva, AB	hexis.lt	1
UAB Interneto vizija	schrijer.lt	1
NUCDN	interwetten.lt	1
serveriai.lt	media-solution.lt	1
rzhosting.net	UAB Baltnetos komunikacijos	1
serveriai.lt	airsoftpunks.lt	1
combell.net	comendo.com	1
serveriai.lt	inviktus.lt	1
serveriai.lt	rems.lt	1
serveriai.lt	dangos.lt	1
GOOGLE	ladiescircle.lt	1
Telia Lietuva, AB	finalsa.lt	1
serveriai.lt	lgs.lt	1
serveris.lt	frontalis.lt	1
UAB Interneto vizija	robert.lt	1
serveriai.lt	aifagroup.lt	1
serveriai.lt	berhaus.lt	1
CLOUDFLARENET	polak.lt	1
serveriai.lt	consciousdance.lt	1
domenai.lt	baudos.lt	1
ipt.lt	APPLE-ENGINEERING	1
serveriai.lt	curl.lt	1
balt.net	terraerp.lt	1
serveriai.lt	amber4u.lt	1
serveriai.lt	fas.lt	1
serveriai.lt	jewel.lt	1
alfion.net	alfion.net	1
serveriai.lt	alcotester.lt	1
Telia Lietuva, AB	suolis.lt	1
GOOGLE	avangard.lt	1
CLOUDFLARENET	seaview.lt	1
serveriai.lt	acceleratorx.lt	1
serveriai.lt	santacaterina.lt	1
mailservice.com	mailservice.com	1
domenai.lt	evastone.lt	1
serveriai.lt	nordplus.lt	1
serveriai.lt	dejure.lt	1
bacloud.com	vilcacora.lt	1
serveriai.lt	personal.lt	1
Telia Lietuva, AB	renova.lt	1
CLOUDFLARENET	otr.lt	1
mediagear.net	psmanaged.com	1
Telia Lietuva, AB	windcamp.lt	1
serveriai.lt	creators.lt	1
serveriai.lt	autoverwerter.lt	1
ipcom GmbH	nuxe.lt	1
Informacines sistemos ir technologijos, UAB	vetpharm.lt	1
UAB Interneto vizija	karmok.lt	1
Telia Lietuva, AB	armgate.lt	1
CLOUDFLARENET	bitdefender.com	1
serveriai.lt	bvshop.lt	1
Telia Lietuva, AB	pervera.lt	1
Telia Lietuva, AB	technano.lt	1
CLOUDFLARENET	bandom.lt	1
CLOUDFLARENET	tdb.lt	1
Telia Lietuva, AB	roboto.lt	1
123ns.de	astomin.lt	1
serveriai.lt	woodmore.lt	1
hostex.lt	king-tony.lt	1
Telia Lietuva, AB	rizikosvaldymosprendimai.lt	1
ams.ad	ZOHO Corporation B.V	1
UAB Interneto vizija	aquamoda.lt	1
serveriai.lt	furatena.lt	1
serveriai.lt	yourchef.lt	1
serveriai.lt	sukurys.lt	1
Telia Lietuva, AB	proargo.lt	1
managed-ip.com	jeanpascale.lt	1
bacloud.com	i360.lt	1
Telia Lietuva, AB	autoskelbimai.lt	1
domains.lt	nuvolo.pro	2
creamarketing.com	creamarketing.fi	1
serveriai.lt	autokomp.lt	1
serveriai.lt	reso.lt	1
GANDI SAS	lattenero.it	1
serveriai.lt	codebin.lt	1
bacloud.com	kolje.lt	1
serveriai.lt	achtungbaby.lt	1
freehosting.com	GOOGLE	1
serveriai.lt	firstbite.lt	1
serveriai.lt	madosnamai.lt	1
serveriai.lt	byerika.lt	1
fornex.com	shunga.lt	1
UAB Interneto vizija	supercredit.lt	1
serveriai.lt	repsoloil.lt	1
getspace.us	vanilinisdangus.lt	1
easy-network.fr	ebau.lt	1
Hetzner Online GmbH	pinigai.lt	1
Telia Lietuva, AB	susinskas.lt	1
serveriai.lt	donttellmum.eu	1
Telia Lietuva, AB	elpura.lt	1
serveriai.lt	ropeaccess.lt	1
CLOUDFLARENET	latte.lt	1
serveriai.lt	mydecor.lt	1
bacloud.com	padanga.lt	1
UAB Interneto vizija	sritis.net	1
srv-hostalia.com	blink.lt	1
Telia Lietuva, AB	vvit.lt	1
serveriai.lt	receptura.lt	1
serveriai.lt	vardenis.lt	1
serveriai.lt	piko.lt	1
UAB Interneto vizija	driftpark.lt	1
serveriai.lt	karal.lt	1
serveriai.lt	tikmeta.lt	1
serveriai.lt	mazeikis.lt	1
bacloud.com	arkos.lt	1
UAB Interneto vizija	mptools.lt	1
serveriai.lt	wycieczki.lt	1
UAB Interneto vizija	blockmc.lt	1
serveriai.lt	gift4u.lt	1
Telia Lietuva, AB	elevara.lt	1
getspace.us	balderas.lt	1
getspace.us	langvida.lt	1
serveriai.lt	bdp.lt	1
serveriai.lt	onlygoodvibes.lt	1
domenai.lt	gamercave.lt	1
cprapid.com	dogfest.lt	1
serveriai.lt	webguru.lt	1
serveriai.lt	navo.lt	1
Telia Lietuva, AB	karusele.lt	1
serveriai.lt	stratum.lt	1
CLOUDFLARENET	proksis.in	1
Telia Lietuva, AB	matias.lt	1
serveris.lt	domila.lt	1
bacloud.com	panros.lt	1
serveriai.lt	mvsport.lt	1
Telia Lietuva, AB	moto.lt	1
domenai.lt	tete.lt	1
serveriai.lt	kraunu.lt	1
UAB Elneta	ibca.lt	1
serveriai.lt	glowsolutions.lt	1
Telia Lietuva, AB	ignas.lt	1
serveriai.lt	gastro.lt	1
jawas.pl	samasz.lt	1
serveriai.lt	hoodblan.lt	1
serveriai.lt	labtech.lt	1
serveriai.lt	lune.lt	1
serveriai.lt	handyhub.lt	1
AMAZON-02	meeting.lt	1
Hetzner Online GmbH	biciuliai.lt	1
UAB Interneto vizija	melgera.lt	1
serveriai.lt	alar.lt	1
CLOUDFLARENET	saunus.lt	1
serveriai.lt	agrobona.lt	1
balticvps.eu	silvesa.lt	1
serveriai.lt	dariusmiksys.lt	1
gransy.com	nolari.lt	1
balt.net	gavrilenko.lt	1
Telia Lietuva, AB	lonasgrupe.lt	1
serveriai.lt	classygifts.lt	1
serveriai.lt	automobiliudalys.lt	1
serveriai.lt	adleris.lt	1
serveriai.lt	alfa-romeo.lt	1
world4you.at	tekpoint.lt	1
serveriai.lt	adeso.lt	1
serveriai.lt	exclusivewindows.lt	1
CLOUDFLARENET	net7.lt	1
domains.lt	embassyhotel.lt	1
serveriai.lt	sauland.lt	1
noris.ch	hotelcheck.lt	1
d5.lt	gid.lt	1
serveriai.lt	kaselita.lt	1
serveriai.lt	h2omassage.lt	1
awardspace.com	adenas.lt	1
serveriai.lt	balzac.lt	1
serveriai.lt	juli.lt	1
serveriai.lt	yukana.lt	1
serveriai.lt	context.lt	1
AMAZON-02	sistemium.net	1
serveriai.lt	consensus.lt	1
getspace.us	kaer.lt	1
Penkiu kontinentu komunikaciju centras, Ltd.	stancas.lt	1
GOOGLE	jnby.lt	1
bacloud.com	mscraft.lt	1
routing.net	gemballa.lt	1
UAB Bite Lietuva	tlgrm.lt	1
leipziger-messe.de	retarus.com	1
CLOUDFLARENET	jkml.lt	1
vip.nl	provider.nl	1
CLOUDFLARENET	medina.lt	1
Hetzner Online GmbH	debesis.lt	1
UAB Interneto vizija	red-pill.lt	1
serveriai.lt	palkom.lt	1
UAB Interneto vizija	eksta.lt	1
serveriai.lt	mineralai.lt	1
serveriai.lt	bwc.lt	1
SECURITYSERVICES	wired.lt	1
balt.net	bierontas.lt	1
CLOUDFLARENET	spamora.net	1
serveriai.lt	odapro.lt	1
CLOUDFLARENET	parkavimasmieste.lt	1
serveriai.lt	brand-shop.lt	1
serveriai.lt	seramics.lt	1
Telia Lietuva, AB	elpama.lt	1
serveriai.lt	3dc.lt	1
serveriai.lt	grithaus.lt	1
serveriai.lt	ercotechnologies.lt	1
serveriai.lt	herz.lt	1
serveriai.lt	toc.lt	1
serveriai.lt	urbanexploration.lt	1
serveriai.lt	polonista.lt	1
serveris.lt	enermega.lt	1
domenai.lt	prekiugausa.lt	1
serveriai.lt	furnisystems.lt	1
serveriai.lt	glamm.lt	1
serveriai.lt	brainera.lt	1
hostex.lt	paraiska.lt	1
serveriai.lt	butonia.lt	1
getspace.us	etnera.lt	1
serveriai.lt	smartstart.lt	1
savana.cz	mx-hub.cz	1
UAB Interneto vizija	cibulskas.lt	1
serveriai.lt	infrabim.lt	1
daladatorer.net	daladatorer.net	1
serveriai.lt	sanrei.lt	1
Telia Lietuva, AB	dato.lt	1
serveriai.lt	autorika.lt	1
serveriai.lt	giedriusmisiukas.lt	1
UAB Elneta	valbar.lt	1
serveriai.lt	peda.lt	1
CLOUDFLARENET	vixi.lt	1
serveriai.lt	silst.lt	1
Kauno Technologijos Universitetas	309.lt	1
serveriai.lt	korsak.lt	1
CLOUDFLARENET	mayhem.lt	1
serveriai.lt	marty.lt	1
serveriai.lt	sauna.lt	1
serveriai.lt	trymycar.lt	1
serveriai.lt	maxdesign.lt	1
serveriai.lt	pikodata.lt	1
CLOUDFLARENET	vistoma.lt	1
serveriai.lt	reditus.lt	1
serveriai.lt	gluedwood.lt	1
serveriai.lt	kokas.lt	1
domenai.lt	kebabas.lt	1
UAB Interneto vizija	mickunas.lt	1
serveriai.lt	oppozit.lt	1
UAB Rakrejus	checkout.lt	1
on-cloud.lt	on-cloud.lt	1
serveriai.lt	bbbs.lt	1
serveriai.lt	autobara.lt	1
IONOS SE	dbzs.lt	1
serveriai.lt	rimdzius.lt	1
serveriai.lt	jonspc.lt	1
serveriai.lt	luminaris.lt	1
mserwis.pl	optysil.lt	1
getspace.us	meshka.lt	1
serveriai.lt	kevalas.lt	1
serveriai.lt	serenite.lt	1
serveriai.lt	timberis.lt	1
domains.lt	p-system.org	1
Telia Lietuva, AB	karkle.lt	1
Telia Lietuva, AB	barema.lt	1
serveriai.lt	3dspace.lt	1
UAB Bite Lietuva	dumbla.lt	1
domains.lt	pf.lv	1
hostfly.by	vinovino.lt	1
Telia Lietuva, AB	isospan.lt	1
serveriai.lt	zukdo.lt	1
Telia Lietuva, AB	tamus.lt	1
serveriai.lt	karpa.lt	1
serveriai.lt	labinst.lt	1
serveriai.lt	rentshop.lt	1
rezervavimas.lt	autobiznis.lt	1
jvhhosting.nl	medilingua.lt	1
da.direct	svetainiukurimas.lt	1
Telia Lietuva, AB	radzeviciene.lt	1
CLOUDFLARENET	teliacloud.lt	1
serveriai.lt	archimodus.lt	1
serveriai.lt	cadcam.lt	1
CLOUDFLARENET	akmene.lt	1
CLOUDFLARENET	prestigeidea.lt	1
eshoprent.com	getred.lt	1
serveriai.lt	kospre.lt	1
serveriai.lt	supersonic.lt	1
serveriai.lt	topwc.lt	1
Telia Lietuva, AB	butenas-hotel.lt	1
Telia Lietuva, AB	pomodoro.lt	1
serveriai.lt	start-stop.lt	1
getspace.us	elzada.lt	1
Telia Lietuva, AB	omnimini.lt	1
Informacines sistemos ir technologijos, UAB	furnitureshop.lt	1
serveriai.lt	maxis.lt	1
Sia Nano IT	intergaz.lt	1
UAB Interneto vizija	tarokortos.lt	1
CLOUDFLARENET	levanas.lt	1
serveriai.lt	put.lt	1
UAB Interneto vizija	toofast.lt	1
hostex.lt	nkinvest.lt	1
is.nl	nxs.nl	1
serveriai.lt	psichoterapeute.lt	1
serveriai.lt	spartireklama.lt	1
Telia Lietuva, AB	bacindustries.lt	1
serveriai.lt	brightenergy.lt	1
getspace.us	ducona.lt	1
magit.lt	dirigo.lt	1
CLOUDFLARENET	reloaved.lt	1
AMAZON-02	froo.lt	1
1984.is	MICROSOFT-CORP-MSN-AS-BLOCK	1
CLOUDFLARENET	vento.lt	1
Nazwa.pl Sp.z.o.o.	iqnails.lt	1
serveriai.lt	aki.lt	1
serveriai.lt	dorakaina.lt	1
serveriai.lt	flamavigilanti.lt	1
serveriai.lt	fraxel.lt	1
serveriai.lt	ix.lt	1
Hetzner Online GmbH	vug.lt	1
CLOUDFLARENET	cow.lt	1
serveriai.lt	ggblaw.lt	1
serveriai.lt	mendelis.lt	1
UAB Interneto vizija	eleksa.lt	1
domenai.lt	dedikuoti.lt	1
artofcomputing.com	artofcomputing.com	1
getspace.us	tuttoshop.lt	1
hostega.eu	akero.lt	1
q1.lt	vpshost.lt	1
CLOUDFLARENET	jnvm.lt	1
CLOUDFLARENET	sanit.lt	1
serveriai.lt	lu.lt	1
NUCDN	marchon.lt	1
awsdns-05.com	GOOGLE	1
serveriai.lt	kitur.lt	1
Telia Lietuva, AB	rufax.lt	1
serveriai.lt	teipro.lt	1
UAB Interneto vizija	finito.lt	1
fcomet.com	MICROSOFT-CORP-MSN-AS-BLOCK	1
serveriai.lt	kristalas.lt	1
bacloud.com	leja.lt	1
UAB Interneto vizija	bm.lt	1
serveriai.lt	domenas.lt	1
serveriai.lt	esoftus.lt	1
ipcom GmbH	dlight.lt	1
UAB Interneto vizija	autousa.lt	1
Telia Lietuva, AB	girsta.lt	1
AMAZON-02	chiccodoro.lt	1
eshoprent.com	ready2shoot.lt	1
balt.net	revolver.lt	1
serveriai.lt	martindesign.lt	1
serveriai.lt	lelija.lt	1
ANEXIA Internetdienstleistungs GmbH	AS2-TRENDMICRO-COM	1
ns14.net	pphosted.com	1
AMAZON-02	dukascoin.lt	1
UAB Penki kontinentai	eepg.lt	1
getspace.us	vagelis.lt	1
serveriai.lt	imti.lt	1
Telia Lietuva, AB	estakada.lt	1
Telia Lietuva, AB	agoma.lt	1
Telia Lietuva, AB	kudirka.lt	1
UAB Interneto vizija	irtu.lt	1
serveriai.lt	s365.lt	1
active24.cz	myshoptet.com	1
bacloud.com	audama.lt	1
serveriai.lt	domm.lt	1
webhostmost.com	webhostmost.lt	1
serveris.lt	floriss.lt	1
serveriai.lt	autorok.lt	1
checkdomain.de	miss-luminance.lt	1
CLOUDFLARENET	gamepoint.net	1
serveriai.lt	artechnika.lt	1
serveriai.lt	rotinger.lt	1
serveriai.lt	deporo.lt	1
serveroffer.net	gta-host.lt	1
serveriai.lt	zipi.lt	1
serveriai.lt	postogu.lt	1
Cloud DNS Ltd	APPLE-ENGINEERING	1
dntrust.com	raisin.lt	1
dn-s.be	eliquis.lt	1
bacloud.com	vikant.lt	1
serveriai.lt	beke.lt	1
UAB Penki kontinentai	boardgames.lt	1
UAB Interneto vizija	blank.lt	1
CLOUDFLARENET	poltera.lt	1
virtualushostingas.com	secureit.lt	1
liubit.lt	UAB Interneto vizija	1
CLOUDFLARENET	mesgalim.lt	1
Telia Lietuva, AB	thinktank.lt	1
CLOUDFLARENET	v-r.lt	1
UAB Interneto vizija	ametus.lt	1
Hetzner Online GmbH	vrsg.lt	1
awsdns-38.com	turner.com	1
serveriai.lt	nono.lt	1
serveriai.lt	smilkalai.lt	1
Telia Lietuva, AB	artpartner.lt	1
serveriai.lt	urbaitis.lt	1
serveriai.lt	alacarte.lt	1
UAB Interneto vizija	japanclub.lt	1
bioenergetika.lt	bioenergetika.lt	1
domenai.lt	ninjo.lt	1
CLOUDFLARENET	desertart.lt	1
serveriai.lt	unicumus.lt	1
domains.lt	infomet.lt	1
domenai.lt	remapa.lt	1
serveriai.lt	benefita.lt	1
serveriai.lt	hikshop.lt	1
bacloud.com	kwc.lt	1
getspace.us	trainbrain.lt	1
issociate.de	bamp.lt	1
serveriai.lt	swx.lt	1
serveriai.lt	igeda.lt	1
serveriai.lt	cedrus.lt	1
GOOGLE	Hostline, Uab	1
Telia Lietuva, AB	databank.lt	1
swedproffi.lt	swedproffi.lt	1
Hetzner Online GmbH	mill.lt	1
serveriai.lt	kirodev.lt	1
serveriai.lt	jnp.lt	1
serveriai.lt	virbante.lt	1
Telia Lietuva, AB	oilnet.lt	1
serveriai.lt	dinama.lt	1
UAB Interneto vizija	sushibars.lt	1
serveriai.lt	lgrf.lt	1
serveriai.lt	sdgakademija.lt	1
serveriai.lt	merci-merci.lt	1
serveriai.lt	prokit.lt	1
UAB Bite Lietuva	kano.lt	1
serveriai.lt	varlion.lt	1
CLOUDFLARENET	moccamaster.lt	1
UAB Proservis	lvmsf.lt	1
serveriai.lt	sensoris.lt	1
serveriai.lt	lassa.lt	1
serveriai.lt	bt.lt	1
serveriai.lt	castors.lt	1
Hetzner Online GmbH	jogaila.lt	1
IONOS SE	floristik24.de	1
serveriai.lt	luit.lt	1
serveriai.lt	grip.lt	1
bacloud.com	cmsystems.lt	1
UAB Interneto vizija	naujapradzia.lt	1
domenai.lt	bakingsecrets.lt	1
Elisa Oyj	3stepit.fi	1
serveriai.lt	shopgetuse.lt	1
Hetzner Online GmbH	d1sport.lt	1
CLOUDFLARENET	finecast.lt	1
fiber.ee	apollona.lt	1
serveriai.lt	cookiebot.lt	1
infocentras.com	aurentus.lt	1
Telia Lietuva, AB	apetito.lt	1
getspace.us	aumata.lt	1
nshost2.de	MICROSOFT-CORP-MSN-AS-BLOCK	1
serveriai.lt	mc3.lt	1
domenai.lt	greengate.lt	1
serveriai.lt	privatemail.lt	1
serveriai.lt	ovestra.lt	1
Cyber_Folks S.A.	cels.lt	1
serveriai.lt	profil.lt	1
serveriai.lt	keycommunication.lt	1
odibo.net	carpetcleaner.lt	1
superhosting.bg	m2bp.com	1
serveriai.lt	valvoline.lt	1
serveriai.lt	setup.lt	1
serveriai.lt	ekonavitas.lt	1
serveriai.lt	senovesprabanga.lt	1
domains.lt	katamaranas.lt	1
serveriai.lt	indiedev.lt	1
CLOUDFLARENET	with.lt	1
CLOUDFLARENET	greatdane.lt	1
serveriai.lt	girteka.lt	1
splius.lt	lans.lt	1
ltmd.net	estana.lt	1
serveriai.lt	roundwood.lt	1
serveriai.lt	europarama.lt	1
domenai.lt	elvydesign.lt	1
Telia Lietuva, AB	kamesta.lt	1
AMAZON-02	tombola.lt	1
serveriai.lt	sbu.lt	1
serveriai.lt	stemm.lt	1
serveriai.lt	jasikevicius.lt	1
CLOUDFLARENET	30dienu.lt	1
serveriai.lt	automatikai.lt	1
serveriai.lt	drnona.lt	1
Hetzner Online GmbH	dsn.lt	1
UAB Elneta	silvana.lt	1
balt.net	envija.lt	1
domenai.lt	sweetvilla.lt	1
hostex.lt	smsmarketing.lt	1
gransy.com	7finance.lt	1
serveriai.lt	littledutch.lt	1
serveriai.lt	incepto.lt	1
serveriai.lt	pcexpert.lt	1
serveriai.lt	webui.lt	1
serveriai.lt	gamkalve.lt	1
serveriai.lt	vilananaturalbeauty.lt	1
Telia Lietuva, AB	kurshin.lt	1
serveriai.lt	kredor.lt	1
serveris.lt	tvintransport.lt	1
serveriai.lt	shopiteka.lt	1
Telia Lietuva, AB	avadan.lt	1
UAB Interneto vizija	copymax.lt	1
serveriai.lt	casaboheme.lt	1
serveriai.lt	elbas.lt	1
serveriai.lt	kalva.lt	1
inretio.eu	gyt.is	1
serveriai.lt	mkit.lt	1
serveriai.lt	familiasana.lt	1
serveriai.lt	alx.lt	1
domains.lt	ke.lt	1
Telia Lietuva, AB	transervis.lt	1
serveriai.lt	die.lt	1
CLOUDFLARENET	puzzles.lt	1
serveriai.lt	carbank.lt	1
Telia Lietuva, AB	litmet.lt	1
Telia Lietuva, AB	aimsinternational.lt	1
serveriai.lt	koalaprint.lt	1
serveriai.lt	aromata.lt	1
serveriai.lt	imeda.lt	1
CLOUDFLARENET	amazn.lt	1
serveriai.lt	silkus.lt	1
balt.net	laisvalaikis.lt	1
serveriai.lt	merlana.lt	1
Telia Lietuva, AB	leofitness.lt	1
serveriai.lt	hota.lt	1
serveriai.lt	enzodetailing.lt	1
Kauno Technologijos Universitetas	UAB Balticum TV	1
serveriai.lt	mbnk.lt	1
serveriai.lt	studies.lt	1
CLOUDFLARENET	okei.lt	1
Telia Lietuva, AB	modestina.lt	1
serveriai.lt	dharmaplus.lt	1
ipt.lt	vikarina.lt	1
Telia Lietuva, AB	rimal.lt	1
ext-dc.com	phoenixgroup.eu	1
dntrust.com	raisin-bank.lt	1
domenai.lt	madeofhemp.lt	1
domenai.lt	wolfgames.lt	1
edata.lt	milt.lt	1
serveriai.lt	plc.lt	1
CLOUDFLARENET	Mittwald CM Service GmbH & Co. KG	1
webd.pl	optitrax.lt	1
123ns.de	spedra.lt	1
serveriai.lt	equinox.lt	1
eshoprent.com	espreso.lt	1
serveriai.lt	respin.lt	1
serveriai.lt	pribus.lt	1
DIGICERT	homeroom.lt	1
checkdomain.de	heikar.lt	1
Kauno Technologijos Universitetas	is.lt	1
AMAZON-02	betway.lt	1
AMAZON-02	casumo.lt	1
Telia Lietuva, AB	weishaupt.lt	1
serveriai.lt	editaliu.lt	1
serveriai.lt	lechic.lt	1
serveriai.lt	pagava.lt	1
serveriai.lt	vagon.lt	1
CLOUDFLARENET	wallbox24.lt	1
serveriai.lt	alitus.lt	1
edata.lt	images.lt	1
serveriai.lt	lspf.lt	1
serveriai.lt	vipas.lt	1
Telia Lietuva, AB	zvejo.lt	1
serveriai.lt	ncbc.lt	1
GOOGLE	localhost.localdomain	1
serveriai.lt	mumijo.lt	1
CLOUDFLARENET	topbeauty.lt	1
serveriai.lt	memelwood.lt	1
serveriai.lt	manotyrimai.lt	1
domains.lt	italia.lt	1
serveriai.lt	metalking.lt	1
CLOUDFLARENET	xi.lt	1
hostnet.lv	nillkin.lt	1
hostex.lt	dyzelcentras.lt	1
serveriai.lt	campersclub.lt	1
bacloud.com	sandrakairyte.lt	1
serveriai.lt	akis.lt	1
serveriai.lt	portalas.lt	1
serveriai.lt	kaljanai.lt	1
dtg.lv	dtg.lv	1
Telia Lietuva, AB	womensgarage.lt	1
UAB Interneto vizija	proa.lt	1
hap.lt	severmekas.lt	1
serveriai.lt	digis.lt	1
serveriai.lt	godophotography.lt	1
serveriai.lt	ajaxtravel.lt	1
CLOUDFLARENET	craftmc.lt	1
hyperops.lt	MICROSOFT-CORP-MSN-AS-BLOCK	1
scada.lv	telesputnik.lt	1
serveriai.lt	amberlex.lt	1
domenai.lt	juratex.lt	1
NUCDN	fragrancex.lt	1
Akamai International B.V.	dyson.cloud	1
markmonitor.com	siniat.lt	1
serveriai.lt	samas.lt	1
serveriai.lt	just2euro.lt	1
first-ns.de	webup.lt	1
serveriai.lt	montis.lt	1
ipcom GmbH	GlobalConnect AB	1
serveriai.lt	medo.lt	1
hostex.lt	fiat500l.lt	1
domenai.lt	ekosmetika.lt	1
hostex.lt	lansky.lt	1
serveriai.lt	korale.lt	1
UAB Interneto vizija	gintarinissuvenyras.lt	1
UAB Interneto vizija	kokybe.lt	1
serveriai.lt	saw.lt	1
serveriai.lt	newbridge.lt	1
serveriai.lt	0000.lt	1
CLOUDFLARENET	g2a.com	1
GOOGLE	ykd.lt	1
serveriai.lt	manobrokeris.lt	1
hostex.lt	alandeko.lt	1
UAB Interneto vizija	metide.lt	1
serveriai.lt	e-skoda.lt	1
getspace.us	tropa.lt	1
CLOUDFLARENET	vpvb.lt	1
serveriai.lt	rolan.lt	1
serveriai.lt	creatium.lt	1
Telia Lietuva, AB	baltc.lt	1
serveriai.lt	eric.lt	1
domains.lt	ya.lv	1
CLOUDFLARENET	virtualika.lt	1
serveriai.lt	mabela.lt	1
Telia Lietuva, AB	h7.lt	1
serveriai.lt	tsaro.lt	1
Telia Lietuva, AB	almaks.lt	1
serveriai.lt	nva.lt	1
domains.lt	tamstaclub.lt	1
serveriai.lt	25kadras.lt	1
UAB Elneta	land-rover.lt	1
Nazwa.pl Sp.z.o.o.	voster.lt	1
CLOUDFLARENET	autoreka.lt	1
Telia Lietuva, AB	spn.lt	1
serveriai.lt	ford-trucks.lt	1
eshoprent.com	geparlys.lt	1
serveriai.lt	j24.lt	1
domains.lt	faktai.lt	1
bacloud.com	goog.lt	1
CLOUDFLARENET	jai24.lt	1
serveriai.lt	virtucom.lt	1
serveris.lv	shaving.lt	1
dnstools.nl	gps-buddy.lt	1
serveriai.lt	menuterapija.lt	1
UAB Interneto vizija	outliner.lt	1
serveriai.lt	agestop.lt	1
domenai.lt	recoverhouse.lt	1
serveriai.lt	ecovip.lt	1
serveriai.lt	maxvel.lt	1
balt.net	dingli.lt	1
ports.se	benzlers.lt	1
CLOUDFLARENET	autoglass-service.lt	1
serveriai.lt	onprint.lt	1
UAB Interneto vizija	sineco.lt	1
Telia Lietuva, AB	comfy.lt	1
bacloud.com	miniai.lt	1
Hetzner Online GmbH	siga.lt	1
Telia Lietuva, AB	autoriparo.lt	1
UAB Bite Lietuva	implant.lt	1
A2HOSTING	madeira.lt	1
hostex.lt	ekspobalta.lt	1
serveriai.lt	aboutcoffee.lt	1
serveriai.lt	ubitel.lt	1
serveris.lt	virsune.lt	1
serveriai.lt	rawpowders.lt	1
serveriai.lt	mtc.lt	1
serveriai.lt	bizzy.lt	1
serveriai.lt	densana.lt	1
PEPSICO-NA	pepsi.lt	1
domains.lt	teamworx.lt	1
GOOGLE	slavita.lt	1
evanet.lt	rvm.lt	1
hostex.lt	legalspaces.lt	1
serveriai.lt	localbarrel.lt	1
Hetzner Online GmbH	los.lt	1
serveriai.lt	cupolus.lt	1
UAB Interneto vizija	xauusd.lt	1
hostex.lt	facet5.lt	1
serveriai.lt	testa.lt	1
serveriai.lt	finus.lt	1
Telia Lietuva, AB	akuna.lt	1
Telia Lietuva, AB	nelana.lt	1
AMAZON-02	lincos.lt	1
hostex.lt	saugana.lt	1
Domain names registrar REG.RU, Ltd	rusia.lt	1
SECURITYSERVICES	costco.lt	1
awsdns-14.org	GOOGLE	1
serveriai.lt	jmedia.lt	1
Hetzner Online GmbH	onikuma.lt	1
getspace.us	kudi.lt	1
serveriai.lt	taegutec.lt	1
serveriai.lt	b2bprojects.lt	1
bacloud.com	27.lt	1
GOOGLE	animamundi.lt	1
serveriai.lt	artdome.lt	1
domserver.de	contipark.lt	1
serveriai.lt	mentora.lt	1
serveriai.lt	codecon.lt	1
UAB Rakrejus	cereshosty.lt	1
Telia Lietuva, AB	proomnia.lt	1
flexbe.com	YANDEX LLC	1
domains.lt	mikrotech.lt	1
Telia Lietuva, AB	pcg.lt	1
domenai.lt	taho.lt	1
co.uk	SECURITYSERVICES	1
checkdomain.de	jakoparts.lt	1
Telia Lietuva, AB	datacloud.lt	1
serveriai.lt	cpp.lt	1
serveriai.lt	kokosmile.lt	1
serveriai.lt	arcus.lt	1
CLOUDFLARENET	simplhosting.lt	1
serveriai.lt	u6.lt	1
balt.net	wellwoman.lt	1
serveriai.lt	mitna.lt	1
serveriai.lt	rskm.lt	1
serveriai.lt	automage.lt	1
hap.lt	bikefit.lt	1
Telia Lietuva, AB	centriccare.lt	1
serveriai.lt	escapepark.lt	1
serveriai.lt	hmi.lt	1
Telia Lietuva, AB	realtaste.lt	1
serveriai.lt	eig.lt	1
getspace.us	toleda.lt	1
ORACLE-BMC-31898	paypalcorp.com	1
hostex.lt	onewindow.lt	1
efapel.pt	efapel.lt	1
QUIC-CLOUD	t-energy.lt	1
serveriai.lt	aldosa.lt	1
serveriai.lt	insurancebee.lt	1
Beyond.pl sp. z o.o.	iai-system.com	1
serveriai.lt	itmedia.lt	1
bacloud.com	ebitm.lt	1
serveriai.lt	reign.lt	1
CLOUDFLARENET	emolus.lt	1
ipcom GmbH	Hetzner Online GmbH	1
netim.net	uderman.sk	1
serveriai.lt	bohemahotel.lt	1
liubit.lt	mednet.lt	1
UAB Interneto vizija	rototech.lt	1
Telia Lietuva, AB	beaute.lt	1
domenai.lt	vba.lt	1
UAB Penki kontinentai	AUTOMATTIC	1
serveris.lt	themes.lt	1
Telia Lietuva, AB	triksona.lt	1
louhi.net	attido.lt	1
serveriai.lt	misstery.lt	1
serveriai.lt	masalahome.lt	1
serveriai.lt	danrita.lt	1
UAB Interneto vizija	medics.lt	1
domenai.lt	marina.lt	1
Telia Lietuva, AB	150.lt	1
serveriai.lt	solvita.lt	1
UNIFIEDLAYER-AS-1	varnai.lt	1
awsdns-07.org	AMAZON-AES	1
domenai.lt	jore-group.lt	1
UAB Penki kontinentai	caponi.lt	1
Telia Lietuva, AB	piaac.lt	1
hostex.lt	art-frame.lt	1
serveriai.lt	bullcargo.lt	1
serveriai.lt	rivercoast.lt	1
oderland.com	AMAZON-02	1
Telia Lietuva, AB	sii.lt	1
serveriai.lt	kankos.lt	1
serveriai.lt	ederas.lt	1
hostex.lt	topolina.lt	1
CLOUDFLARENET	gamanta.lt	1
serveriai.lt	drg.lt	1
serveriai.lt	codian.lt	1
Hetzner Online GmbH	pocketfilms.lt	1
bacloud.com	easyshot.lt	1
domains.lt	mureka.lt	1
UAB Interneto vizija	fix-it.lt	1
UAB Interneto vizija	elitela.lt	1
serveriai.lt	ram.lt	1
UAB Kauno interneto sistemos	send-it.lt	1
markmonitor.com	fabianafilippi.lt	1
handelsbanken.se	handelsbanken.se	1
Sia Nano IT	photome.lt	1
Telia Lietuva, AB	chairsshop.lt	1
ltmd.net	kitapuse.lt	1
UAB Interneto vizija	k6.lt	1
Telia Lietuva, AB	3oranges.lt	1
CLOUDFLARENET	rivertransport.lt	1
serveriai.lt	seeer.lt	1
serveriai.lt	audre.lt	1
Telia Lietuva, AB	slyra.lt	1
UAB Interneto vizija	v-nes.lt	1
Telia Lietuva, AB	aswobaltic.lt	1
serveriai.lt	asija.lt	1
CLOUDFLARENET	easting.lt	1
CLOUDFLARENET	ihara.lt	1
x24.lt	x24.lt	1
domenai.lt	financial-services.lt	1
serveriai.lt	roblux.lt	1
UAB Elneta	shakespearehotel.lt	1
serveriai.lt	vipcup.lt	1
serveriai.lt	summercamp.lt	1
domenai.lt	baba.lt	1
serveriai.lt	farbi.lt	1
serveriai.lt	swampok.lt	1
serveriai.lt	leds.lt	1
CLOUDFLARENET	over.by	1
Telia Lietuva, AB	morele.lt	1
Telia Lietuva, AB	tim.lt	1
serveriai.lt	slalom.lt	1
serveriai.lt	brandprice.lt	1
serveriai.lt	aromatic.lt	1
serveriai.lt	moto1.lt	1
CLOUDFLARENET	easyket.lt	1
natrohost.com	natrohost.com	1
Telia Lietuva, AB	imblanc.lt	1
UAB Interneto vizija	trends.lt	1
bacloud.com	bbcom.lt	1
hostex.lt	invinoveritas.lt	1
serveriai.lt	deinava.lt	1
hostex.lt	kirpte.lt	1
serveriai.lt	gymis.lt	1
serveriai.lt	einfo.lt	1
UAB Interneto vizija	decolab.lt	1
CLOUDFLARENET	a5a.lt	1
hostex.lt	vaivamakeup.lt	1
serveriai.lt	g0.lt	1
serveriai.lt	mvc.lt	1
Telia Lietuva, AB	veg.lt	1
serveriai.lt	gomama.lt	1
magit.lt	hungrymoose.lt	1
CLOUDFLARENET	cloudpilot.lt	1
Telia Lietuva, AB	plaskada.lt	1
serveriai.lt	eternacommunity.lt	1
serveriai.lt	indream.lt	1
serveriai.lt	demesio.lt	1
Telia Lietuva, AB	autobusai.lt	1
Kauno Technologijos Universitetas	mamagrill.lt	1
Telia Lietuva, AB	elona.lt	1
UAB Interneto vizija	gum.lt	1
Telia Lietuva, AB	vombo.lt	1
serveriai.lt	spproject.lt	1
serveriai.lt	compfix.lt	1
Telia Lietuva, AB	elda.lt	1
Telia Lietuva, AB	fsl.lt	1
UAB Interneto vizija	luksara.lt	1
balt.net	bodyline.lt	1
Telia Lietuva, AB	kukras.lt	1
serveriai.lt	eventcatering.lt	1
Telia Lietuva, AB	rolergo.lt	1
CLOUDFLARENET	maistolyga.lt	1
eshoprent.com	babyseason.lt	1
CLOUDFLARENET	melga.lt	1
CLOUDFLARENET	invoicer.lt	1
serveriai.lt	markevic.lt	1
home.pl	sparc.lt	1
getspace.us	transtorm.lt	1
serveriai.lt	fralitafilms.lt	1
serveriai.lt	internal.lt	1
serveriai.lt	geprocor.lt	1
serveriai.lt	heli.lt	1
hostex.lt	4e.lt	1
serveriai.lt	ambasadorius.lt	1
serveriai.lt	kitron.lt	1
serveriai.lt	luge.lt	1
bacloud.com	formyself.lt	1
serveriai.lt	dineka.lt	1
Cyber_Folks S.A.	coohom.lt	1
CLOUDFLARENET	ukeuke.lt	1
ports.se	alphainnotec.lt	1
ns14.net	mobuy.de	1
Telia Lietuva, AB	diagnolita.lt	1
Telia Lietuva, AB	vrku.lt	1
CLOUDFLARENET	pkug.lt	1
serveriai.lt	bzzpizza.lt	1
CLOUDFLARENET	altherma.lt	1
DIGICERT	jotex.lt	1
CLOUDFLARENET	dauksta.lt	1
serveriai.lt	exvero.lt	1
Telia Lietuva, AB	chmielewska.lt	1
liohosting.com	liohosting.sk	1
serveriai.lt	k3.lt	1
serveris.lt	grouplt.lt	1
serveris.lt	steelfox.lt	1
serveriai.lt	sky7.lt	1
serveriai.lt	nub.lt	1
serveriai.lt	ragin.lt	1
serveriai.lt	pediatras.lt	1
serveriai.lt	pobeda.lt	1
bacloud.com	Informacines sistemos ir technologijos, UAB	1
Telia Lietuva, AB	ribroom.lt	1
serveriai.lt	meniu.lt	1
CLOUDFLARENET	rsc.lt	1
UAB Interneto vizija	nootropics.lt	1
Telia Lietuva, AB	samurai.lt	1
serveriai.lt	paupis.lt	1
serveriai.lt	sveikatosklinika.lt	1
serveris.lt	rentals.lt	1
CLOUDFLARENET	secmetix.lt	1
serveriai.lt	motusstudio.lt	1
serveriai.lt	korima.lt	1
Penkiu kontinentu komunikaciju centras, Ltd.	kvadratas.lt	1
serveriai.lt	f10.lt	1
serveriai.lt	carpenter.lt	1
lotosus.com	airyhair.lt	1
UAB Interneto vizija	manvega.lt	1
CLOUDFLARENET	bestsublimation.lt	1
serveriai.lt	padangosgo.lt	1
UAB Bite Lietuva	majai.lt	1
DIGITALOCEAN-ASN	ysngroup.lt	1
hostserv.eu	tmail.lt	1
Hetzner Online GmbH	hellendesign.lt	1
getspace.us	pdpa.lt	1
getspace.us	skruostukai.lt	1
serveriai.lt	sharune.lt	1
bacloud.com	vtr.lt	1
serveriai.lt	mados.lt	1
serveriai.lt	lipsum.lt	1
serveriai.lt	balticadventure.lt	1
serveriai.lt	intertorg.lt	1
chello.at	upcmail.net	1
UAB Bite Lietuva	underwater.lt	1
Telia Lietuva, AB	relsta.lt	1
CLOUDFLARENET	playboy.lt	1
hostex.lt	fasma.lt	1
co.uk	uvus.lt	1
Telia Lietuva, AB	abcpartners.lt	1
hostex.lt	dsoline.lt	1
fbihosting.com	simplerus.lt	1
serveriai.lt	gaska.lt	1
Hetzner Online GmbH	e-nov8.lt	1
serveriai.lt	domarus.lt	1
OVH SAS	thinkwise.lt	1
GOOGLE	reddoor.lt	1
AMAZON-02	radis.lt	1
Telia Lietuva, AB	denlab.lt	1
Akamai Connected Cloud	robot.lt	1
OVH SAS	flamingos.lt	1
serveriai.lt	imp.lt	1
serveriai.lt	barza.lt	1
CLOUDFLARENET	baldorama.lt	1
serveriai.lt	asketa.lt	1
zahid.host	GOOGLE	1
serveriai.lt	robelita.lt	1
serveriai.lt	gruvimedia.lt	1
UAB Kauno interneto sistemos	GOOGLE	1
serveriai.lt	6pt.lt	1
MICROSOFT-CORP-MSN-AS-BLOCK	ledmada.lt	1
Safenames Ltd.	AMAZON-02	1
CLOUDFLARENET	lzukt.lt	1
AMAZON-02	vtex.lt	1
CLOUDFLARENET	kretinga.lt	1
serveriai.lt	svk.lt	1
serveriai.lt	manodovanos.lt	1
serveriai.lt	currus.lt	1
serveriai.lt	daisy.lt	1
serveriai.lt	centropolis.lt	1
magit.lt	magit.lt	1
CLOUDFLARENET	concreti.lt	1
superdnsserver.net	tesy.lt	1
ACTIVE 24, s.r.o.	0eurosouvenir.lt	1
bacloud.com	levita.lt	1
Telia Lietuva, AB	geb.lt	1
Penkiu kontinentu komunikaciju centras, Ltd.	jan.lt	1
UAB Bite Lietuva	humsa.lt	1
serveriai.lt	bio2.lt	1
serveriai.lt	ekolux.lt	1
serveriai.lt	akg.lt	1
nonamehosts.com	greenstore.lt	1
serveriai.lt	vitatela.lt	1
Cyber_Folks S.A.	work-now.lt	1
Telia Lietuva, AB	promotor.lt	1
serveriai.lt	mkj.lt	1
Telia Lietuva, AB	domainregistration.lt	1
serveriai.lt	sula.lt	1
serveriai.lt	darko.lt	1
hostex.lt	sew.lt	1
serveriai.lt	itsprendimas.lt	1
magit.lt	gstrade.lt	1
serveriai.lt	expresspizza.lt	1
CLOUDFLARENET	dymare.lt	1
serveriai.lt	jakona.lt	1
Kauno Technologijos Universitetas	tvp.lt	1
serveriai.lt	simpleweb.lt	1
Cloud DNS Ltd	COGENT-174	1
serveriai.lt	pfez.lt	1
serveriai.lt	hiss.lt	1
serveriai.lt	newmed.lt	1
serveriai.lt	hattat.lt	1
hostex.lt	pasatas.lt	1
domenai.lt	profman.lt	1
serveris.lt	robeauty.lt	1
bacloud.com	avgn.lt	1
UAB Interneto vizija	opensource.lt	1
serveriai.lt	agegroup.lt	1
UAB Bite Lietuva	lubina.lt	1
UAB Interneto vizija	323.lt	1
serveriai.lt	grigi.lt	1
oto.cc	dialoga.lt	1
domains.lt	pazaislis.lt	1
CLOUDFLARENET	optoman.lt	1
infocentras.com	internovus.lt	1
ACTIVE 24, s.r.o.	marppetfood.lt	1
domenai.lt	retouch.lt	1
serveriai.lt	ctt.lt	1
CLOUDFLARENET	kudze.lt	1
cloud86.nl	cloud86.lt	1
Hetzner Online GmbH	victoriola.lt	1
serveriai.lt	hosting-me.net	1
serveriai.lt	netease.com	1
getspace.us	seasnacks.lt	1
serveriai.lt	furnesta.lt	1
serveriai.lt	superv8.lt	1
first-ns.de	mariars.lt	1
UAB Baltnetos komunikacijos	arnala.lt	1
Kauno Technologijos Universitetas	tdd.lt	1
serveriai.lt	5z.lt	1
serveriai.lt	aitera.lt	1
Sia Nano IT	likos.lt	1
serveriai.lt	medus.lt	1
serveriai.lt	pomus.lt	1
serveriai.lt	bonafide.lt	1
garmtech.com	garminshop.lt	1
Telia Lietuva, AB	kopas.lt	1
serveriai.lt	scgstakles.lt	1
Telia Lietuva, AB	parkis.lt	1
serveriai.lt	mototop.lt	1
serveriai.lt	opti.lt	1
serveriai.lt	techruna.lt	1
serveriai.lt	1808.lt	1
Dataspace P.s.a.	nov.lt	1
CLOUDFLARENET	biurogidas.lt	1
hostex.lt	intra.lt	1
Kauno Technologijos Universitetas	x-server.lt	1
serveriai.lt	thermoform.lt	1
serveriai.lt	teleera.lt	1
serveriai.lt	optita.lt	1
serveriai.lt	geva.lt	1
Telia Lietuva, AB	acappela.lt	1
mantvydas.lt	mantvydas.lt	1
serveriai.lt	party-boat.lt	1
hostnet.lv	netpark.lt	1
serveriai.lt	rvh.lt	1
getspace.us	prodeco.lt	1
serveriai.lt	oros.lt	1
CLOUDFLARENET	gamedeal.lt	1
CLOUDFLARENET	vtmt.lt	1
OVH SAS	tailcall.net	1
ports.se	portsit.com	1
serveriai.lt	kkb.lt	1
dipolis.net	saskaita-faktura.lt	1
serveriai.lt	fakt.lt	1
serveriai.lt	jegaines.lt	1
serveriai.lt	langu-sistemos.lt	1
serveriai.lt	intermeta.lt	1
UAB Interneto vizija	hoteleuropa.lt	1
serveriai.lt	diablo.lt	1
bacloud.com	graciebarra.lt	1
serveriai.lt	duris.lt	1
serveriai.lt	badas.lt	1
serveriai.lt	youthexchange.lt	1
regantis.ro	regantis.ro	1
hostex.lt	shin.lt	1
domains.lt	galinta.lt	1
serveriai.lt	filest.link	1
hrnet.fr	hrnet.fr	1
ACTIVE 24, s.r.o.	babetta.lt	1
serveriai.lt	optas.lt	1
getspace.us	sicile.lt	1
Telia Lietuva, AB	razauskas.lt	1
serveriai.lt	bikinishop.lt	1
serveriai.lt	hesi.lt	1
CLOUDFLARENET	destena.lt	1
serveriai.lt	logic4.lt	1
hostingpalace.us	abcfarm.lt	1
Telia Eesti AS	arx.lt	1
serveriai.lt	insigus.lt	1
mahost.lt	ewp.lt	1
serveriai.lt	izoputos.lt	1
Telia Lietuva, AB	mtlt.lt	1
UAB Interneto vizija	memorabilis.lt	1
IONOS SE	timezone.de	1
CLOUDFLARENET	citysouvenirs.lt	1
serveriai.lt	pwned.lt	1
bacloud.com	dorsimus.lt	1
serveriai.lt	prime-com.lt	1
Telia Lietuva, AB	rimile.lt	1
serveriai.lt	plokstuminiaipamatai.lt	1
serveriai.lt	ringsclub.lt	1
serveriai.lt	automat.lt	1
serveriai.lt	autolizingas.lt	1
domenai.lt	odooteam.lt	1
domenai.lt	armature.lt	1
CLOUDFLARENET	hostinger.nl	1
hostex.lt	kurybinisavangardas.lt	1
serveriai.lt	diy.lt	1
serveriai.lt	abstract.lt	1
serveriai.lt	militarija.lt	1
domains.lt	crane.lt	1
serveriai.lt	careras.lt	1
domenai.lt	kiau.lt	1
dtpn.net	dtpn.net	1
Vautron Rechenzentrum AG	avissimo.lt	1
Zone Media OU	balticar.com	2
hosterion.net	giftday.lt	1
CLOUDFLARENET	infranet.lt	1
serveriai.lt	skatepark.lt	1
aeict.nl	aeict.net	1
eshoprent.com	vitaminlab.lt	1
serveriai.lt	sportgates.lt	1
CLOUDFLARENET	culer.lt	1
hostex.lt	relaxpark.lt	1
serveriai.lt	grainis.lt	1
serveriai.lt	petraspaserpskis.lt	1
AMAZON-02	msolution.lt	1
domenai.lt	chai.lt	1
Equinix (EMEA) Acquisition Enterprises B.V.	MICROSOFT-CORP-MSN-AS-BLOCK	1
Telia Lietuva, AB	mytravel.lt	1
serveriai.lt	babydreams.lt	1
serveriai.lt	medslauga.lt	1
serveriai.lt	a-a.lt	1
serveriai.lt	smartnet.lt	1
UAB Interneto vizija	rotonix.lt	1
serveriai.lt	newrichlifestyle.lt	1
Telia Lietuva, AB	drobe.lt	1
42.pl	woodmizer.lt	1
serveriai.lt	purelotus.lt	1
CLOUDFLARENET	cinemaclub.lt	1
nadns1.com	MICROSOFT-CORP-MSN-AS-BLOCK	1
serveriai.lt	dovita.lt	1
serveriai.lt	over.lt	1
CLOUDFLARENET	ergomove.lt	1
eshoprent.com	amitaplanet.lt	1
UAB Bite Lietuva	tanker.lt	1
gix.lt	GOOGLE	1
UAB Interneto vizija	huntmaster.lt	1
Telia Lietuva, AB	autovega.lt	1
awardspace.com	vytauto.lt	1
serveriai.lt	jvdm.lt	1
UAB Interneto vizija	ravis.lt	1
AMAZON-02	fibroma.lt	1
CLOUDFLARENET	sweetsguru.lt	1
serveriai.lt	kemesys.lt	1
NUCDN	givaudan.lt	1
bacloud.com	gurru.lt	1
serveriai.lt	medeja.lt	1
serveriai.lt	vlg.lt	1
serveriai.lt	neokaunas.lt	1
domains.lt	jardas.lt	1
domenai.lt	meskere.lt	1
serveriai.lt	dek.lt	1
serveriai.lt	elestra.lt	1
domains.lt	baldurojus.lt	1
CLOUDFLARENET	simka.lt	1
serveris.lt	internautas.lt	1
serveriai.lt	dirbtinis.lt	1
Telia Lietuva, AB	kornita.lt	1
domenai.lt	storein.lt	1
CLOUDFLARENET	unicorntechnologies.eu	1
serveriai.lt	airsa.lt	1
serveriai.lt	maatc.lt	1
parklogic.com	plingest.com	1
bookmate.com	GOOGLE	1
fornex.com	microled.lt	1
Telia Lietuva, AB	made8.lt	1
NUCDN	bravofly.lt	1
bacloud.com	covers.lt	1
hostex.lt	pmi.lt	1
CLOUDFLARENET	kerama.lt	1
serveriai.lt	lenovoshop.lt	1
contabo.net	lauter.lt	1
hostex.lt	santaprint.lt	1
serveriai.lt	michelle.lt	1
UAB Interneto vizija	feelfree.lt	1
Informacines sistemos ir technologijos, UAB	megasport.lt	1
gransy.com	gymnathlon.lt	1
CLOUDFLARENET	beautyhero.lt	1
serveriai.lt	esport.lt	1
Telia Lietuva, AB	topforma.lt	1
serveriai.lt	krsm.lt	1
balticvps.eu	petbaze.lt	1
Nazwa.pl Sp.z.o.o.	fitpack.lt	1
balt.net	meraline.lt	1
serveriai.lt	biopellets.lt	1
bacloud.com	edsu.lt	1
serveriai.lt	tires123.lt	1
serveriai.lt	botai.lt	1
getspace.us	lidigi.lt	1
serveriai.lt	antservis.lt	1
UAB Interneto vizija	gb.lt	1
serveriai.lt	amberturas.lt	1
serveriai.lt	lauraantiques.lt	1
CASABLANCA INT a.s.	bjutip.lt	1
serveriai.lt	edante.lt	1
virtualmedia.pl	hobuco.lt	1
serveriai.lt	cityparking.lt	1
Informacines sistemos ir technologijos, UAB	rind.lt	1
CLOUDFLARENET	doup.lt	1
serveriai.lt	agramas.lt	1
serveriai.lt	bsol.lt	1
value-domain.com	ne.jp	1
UAB Cgates	turbozone.lt	1
balt.net	goldenspa.lt	1
UAB Interneto vizija	greencar.lt	1
totto.lt	totto.lt	1
balt.net	alikante.lt	1
Hetzner Online GmbH	ahost.lt	1
UAB Interneto vizija	vyn.lt	1
serveriai.lt	xpc.lt	1
serveriai.lt	elektreta.lt	1
serveriai.lt	a31.lt	1
serveriai.lt	ske.lt	1
CLOUDFLARENET	pantera.lt	1
NUCDN	narcoticsanonymous.lt	1
CLOUDFLARENET	cosmetology.lt	1
serveriai.lt	dreamgym.lt	1
CLOUDFLARENET	voxaurea.lt	1
kuhlma-it.de	mel-rent.lt	1
CLOUDFLARENET	naturalserver.org	1
serveriai.lt	kuriamas.lt	1
CLOUDFLARENET	tedra.lt	1
serveriai.lt	dekorahome.lt	1
serveriai.lt	1ldesk.lt	1
serveriai.lt	beoris.lt	1
hostex.lt	shop99.lt	1
serveriai.lt	glasikona.lt	1
serveriai.lt	jurgena.lt	1
UAB Interneto vizija	nmenterprise.lt	1
Informacines sistemos ir technologijos, UAB	pagalbavaikams.lt	1
UAB Interneto vizija	nordeja.lt	1
serveriai.lt	moksis.lt	1
Telia Lietuva, AB	signa.lt	1
serveriai.lt	archeo.lt	1
Telia Lietuva, AB	geoline.lt	1
UAB Interneto vizija	lastq.lt	1
GOOGLE	OVH SAS	1
CLOUDFLARENET	winemaker.lt	1
Telia Lietuva, AB	egos.lt	1
balt.net	kmsd.lt	1
serveriai.lt	elady.lt	1
UAB Interneto vizija	cipas.lt	1
serveriai.lt	biokor.lt	1
Telia Lietuva, AB	mtennis.lt	1
serveriai.lt	webitema.lt	1
serveriai.lt	ltinvest.lt	1
serveriai.lt	merone.lt	1
serveriai.lt	1x.lt	1
serveriai.lt	a1da5.com	1
CLOUDFLARENET	egeba.lt	1
hostex.lt	delikana.lt	1
serveriai.lt	ttexpress.lt	1
serveriai.lt	royalsun.lt	1
serveriai.lt	lokis.lt	1
UAB Interneto vizija	aldina.lt	1
yutex.ru	clineral.lt	1
UAB Interneto vizija	benzin.lt	1
sb-consult.ru	spb.ru	1
serveriai.lt	loveclub.lt	1
domenai.lt	molleton.lt	1
serveriai.lt	endas.lt	1
serveriai.lt	primumgo.lt	1
serveriai.lt	laeder.eu	1
Telia Lietuva, AB	jlr.lt	1
awsdns-07.com	MICROSOFT-CORP-MSN-AS-BLOCK	1
serveriai.lt	aloka.lt	1
serveriai.lt	petkult.lt	1
UAB Interneto vizija	palace.lt	1
serveriai.lt	sitecona.com	1
serveriai.lt	hado.lt	1
1a.nl	webcamsex.lt	1
serveriai.lt	myservice.lt	1
serveriai.lt	lietava.lt	1
serveriai.lt	comfortgroup.lt	1
serveriai.lt	ledistilius.lt	1
serveriai.lt	squash.lt	1
serveriai.lt	rubibox.lt	1
Telia Lietuva, AB	mbu.lt	1
domeny.host	gromtor.lt	1
Telia Lietuva, AB	croome.lt	1
serveriai.lt	adwise.lt	1
small.pl	small.pl	1
serveriai.lt	matuoklis.lt	1
serveriai.lt	tiny.lt	1
balt.net	confmedia2017.lt	1
UAB Interneto vizija	studioiv.lt	1
serveriai.lt	sancai.lt	1
serveriai.lt	anthbot.lt	1
serveriai.lt	scs.lt	1
serveriai.lt	folkart.lt	1
domains.lt	nanosky.lt	1
UAB Interneto vizija	kimchimarket.lt	1
domenai.lt	voilamarket.lt	1
parkovka.ua	profitmark.lt	1
serveriai.lt	jvds.lt	1
serveriai.lt	lazertronas.lt	1
serveriai.lt	fotoforma.lt	1
Telia Lietuva, AB	gda.lt	1
serveriai.lt	madhoney.lt	1
serveriai.lt	donatas.lt	1
UAB Interneto vizija	inhesta.lt	1
Telia Lietuva, AB	parnasas.lt	1
serveriai.lt	kegel8.lt	1
home.pl	agrecol.lt	1
awsdns-29.com	GOOGLE	1
s-dns.de	MICROSOFT-CORP-MSN-AS-BLOCK	1
serveriai.lt	hpk.lt	1
serveriai.lt	gen.lt	1
serveriai.lt	vrspc.lt	1
serveriai.lt	remtc.lt	1
serveriai.lt	evispa.lt	1
it-lideris.cloud	GOOGLE	1
domenai.lt	profen.lt	1
gransy.com	agroradar.lt	1
hostex.lt	biodenta.lt	1
Telia Lietuva, AB	kaivida.lt	1
UAB Interneto vizija	jppc.lt	1
UAB Rakrejus	pr.lt	1
serveriai.lt	buti.lt	1
contabo.net	imaginatti.lt	1
serveriai.lt	hymer.lt	1
serveriai.lt	padangumontavimas.lt	1
serveriai.lt	loftai.lt	1
Hetzner Online GmbH	biciulyste.lt	1
areait.lv	flizzr.lt	1
serveriai.lt	bmwccc.lt	1
serveriai.lt	recup.lt	1
Telia Lietuva, AB	bonustrans.lt	1
GOOGLE	extremeonly.com	1
AMAZON-02	terramedia.lt	1
domenai.lt	bazen.lt	1
Telia Lietuva, AB	osterna.lt	1
Telia Lietuva, AB	rollithuania.lt	1
serveriai.lt	pabek.lt	1
SECURITYSERVICES	galabingo.lt	1
serveriai.lt	atrakinimas.lt	1
site4now.net	CLOUDFLARENET	1
AMAZON-02	brocan.lt	1
serveriai.lt	bodex.lt	1
co.uk	kingofcotton.lt	1
unifiedpost.com	GOOGLE	1
