planetahosting.pe	symsac.pe	1
net.pe	ZOHO-AS	358
Host Europe GmbH	MICROSOFT-CORP-MSN-AS-BLOCK	798
MICROSOFT-CORP-MSN-AS-BLOCK	swatchgroup.com	3
CLOUDFLARENET	CLOUDFLARENET	1678
interzone.net	economax.pe	1
NL-811-40021	sosmedical.pe	1
CLOUDFLARENET	rosexpress.pe	1
SERVERCENTRAL	GOOGLE	194
CLOUDFLARENET	tanques.pe	1
com.pe	ZOHO-AS	3
net.pe	GOOGLE	1579
net.pe	MICROSOFT-CORP-MSN-AS-BLOCK	603
t-line.online	GOOGLE	3
Safenames Ltd.	Safenames Ltd.	70
Host Europe GmbH	GOOGLE	856
Red Cientifica Peruana	gabic.pe	1
1dalmau.net	cpcha.pe	1
CLOUDFLARENET	MICROSOFT-CORP-MSN-AS-BLOCK	394
AMAZON-02	nuovagroup.pe	1
Host Europe GmbH	cisar.pe	1
CLOUDFLARENET	stableserver.net	3
CLOUDFLARENET	com.ar	4
CLOUDFLARENET	lalupa.pe	1
nominalia.com	Register S.p.A.	12
AMAZON-02	mototaxi.pe	1
hpserverdns.com	ingetecgroup.pe	1
com.pe	grandesofertas.pe	1
Host Europe GmbH	GO-DADDY-COM-LLC	881
AS-30083-US-VELIA-NET	animaecuore.pe	1
SECURITYSERVICES	SECURITYSERVICES	427
OVH SAS	duwe.pe	1
CLOUDFLARENET	fuegotv.pe	1
generalsupplies.pe	generalsupplies.pe	1
GANDI SAS	GANDI SAS	182
SERVERCENTRAL	rapilex.pe	1
CLOUDFLARENET	GOOGLE	1060
Red Cientifica Peruana	mumu.pe	1
enlinealizate.com	gurucrm.pe	1
CLOUDFLARENET	ssoma.pe	1
AMAZON-02	Delta HighTech Ltd.	33
SECURITYSERVICES	NAMECHEAP-NET	464
zincron.com	epordo.pe	1
GOOGLE	guerrilla.pe	1
hostgator.com	emotion.pe	1
Combell NV	akawara.pe	1
hostgator.com	bioperu.pe	1
SERVERCENTRAL	lacolina.pe	1
hostinglabs.net	necmueblesmaderayplastico.pe	1
Host Europe GmbH	ZOHO-AS	83
INMOTION	veerubber.pe	1
SOFTLAYER	spn.pe	1
temok.com	transpacifico.pe	1
servernetworkdata.com	dramirianpinto.pe	1
inmotionhosting.com	MICROSOFT-CORP-MSN-AS-BLOCK	3
GOOGLE	MICROSOFT-CORP-MSN-AS-BLOCK	56
AMAZON-02	GOOGLE-CLOUD-PLATFORM	596
CLOUDFLARENET	mailchannels.net	122
MICROSOFT-CORP-MSN-AS-BLOCK	MICROSOFT-CORP-MSN-AS-BLOCK	255
AMAZON-02	GOOGLE	461
OVH SAS	lugi.pe	1
CLOUDFLARENET	gabbygabby.pe	1
AMAZON-02	registros.pe	1
SERVERCENTRAL	aequus.pe	1
TIER-NET	optimaconsulting.pe	1
bizfw.net	ZOHO-AS	1
pymedns.net	industrica.pe	1
NETWORK-SOLUTIONS-HOSTING	amp.pe	1
AUTOMATTIC	ZOHO-AS	3
Red Cientifica Peruana	maxseg.pe	1
Hetzner Online GmbH	sugardoggies.pe	1
CLOUDFLARENET	hotellibertad.pe	1
Contabo GmbH	MICROSOFT-CORP-MSN-AS-BLOCK	3
Red Cientifica Peruana	GOOGLE	102
hostingroup.com	curativemedical.pe	1
Dattatec.com	stol.pe	1
net.pe	sgii.pe	1
Red Cientifica Peruana	rimco.pe	1
OVH SAS	ovh.ca	2
cloudgrupojyhperu.com	aventuramotors.pe	1
NETWORK-SOLUTIONS-HOSTING	spoq.pe	1
ninjahosting.pe	alternet.pe	1
NETWORK-SOLUTIONS-HOSTING	blackdragon.pe	1
hn.pe	mkg.pe	1
tecnoweb.net	softour.pe	1
CLOUDFLARENET	calishopdecor.pe	1
gobatec.com	triple-a.pe	1
CLOUDFLARENET	Proton AG	11
SERVERCENTRAL	inaesthetics.pe	1
net.pe	office365.pe	1
WII	medicinaforenseperu.pe	1
AMAZON-02	soilrock.pe	1
IONOS SE	MICROSOFT-CORP-MSN-AS-BLOCK	15
net.pe	DIGITALOCEAN-ASN	9
NSONE	GOOGLE	26
Dattatec.com	makoll.pe	1
johnnyhosting.com	hydropumps.pe	1
hpserverdns.com	carvale.pe	1
SERVERCENTRAL	mammatomato.pe	1
tks.pe	tks.pe	1
stabletransit.com	GOOGLE	10
latinoamericahosting.com	verdecora.pe	1
sedoparking.com	localhost	77
SERVERCENTRAL	radiosonica.pe	1
OVH SAS	OVH SAS	53
dnsmisitio.net	ifox.pe	1
Red Cientifica Peruana	preparatoriaciencias.pe	1
raiolanetworks.es	fertinagro.pe	1
CLOUDFLARENET	esped.pe	1
AMAZON-02	corporacionelsol.pe	1
GOOGLE	GOOGLE	277
hpserverdns.com	odontofresh.pe	1
CLOUDFLARENET	AUTOMATTIC	173
NETWORK-SOLUTIONS-HOSTING	laboratoriogastronomico.pe	1
dnsip.com	modoucdn.com	8
NL-811-40021	ZOHO-AS	27
CLOUDFLARENET	AMAZON-02	26
AMAZON-02	AMAZON-02	49
admeli.com	toscana.pe	1
mihosting.net	hyco.pe	1
net.pe	aliath.pe	1
LEASEWEB-USA-DAL	GOOGLE	8
webguard.pro	mail.ru	1
IOFLOOD	gemsa.pe	1
CLOUDFLARENET	com.br	6
hpserverdns.com	videofutura.pe	1
CLOUDFLARENET	co-menta.pe	1
latinoamericahosting.com	worki.pe	1
Contabo GmbH	technova.pe	1
hostgator.com	expertdent.pe	1
com.pe	companymilan.pe	1
AMAZON-02	elypsis.pe	1
hostingydominiosakemi.net	gestionhotelera.pe	1
NETWORK-SOLUTIONS-HOSTING	insolita.pe	1
latinoamericahosting.com	wmo.pe	1
renault.fr	renault.fr	1
perf1.com	Nameshield SAS	16
Red Cientifica Peruana	electromining.pe	1
IS-AS-1	cliniderma.pe	1
mymcomercios.com	fluyez.pe	1
Akamai Connected Cloud	GOOGLE	7
hpserverdns.com	cormar.pe	1
SERVERCENTRAL	snowdent.pe	1
SERVERCENTRAL	MICROSOFT-CORP-MSN-AS-BLOCK	79
NETWORK-SOLUTIONS-HOSTING	raquelavellaneda.pe	1
AMAZON-02	inco.pe	1
Combell NV	lionlab.pe	1
netfirms.com	vodevil.pe	1
net.pe	vivans.pe	1
CLOUDFLARENET	bancofalabella.pe	1
UNIFIEDLAYER-AS-1	csb.pe	1
wkplaym.com	sgdigital.pe	1
DIGICERT	GOOGLE	10
NETWORK-SOLUTIONS-HOSTING	AUTOMATTIC	95
Red Cientifica Peruana	gordonandsmith.pe	1
Akamai Connected Cloud	strongsecurity.pe	1
nube-web.com	GOOGLE	5
DIMENOC	opb.pe	1
SECURITYSERVICES	ZOHO-AS	15
OVH SAS	neuroeducacion.pe	1
net.pe	Hetzner Online GmbH	3
NL-811-40021	praxia.pe	1
AMAZON-02	ferrenova.pe	1
Host Europe GmbH	oferton.pe	1
AMAZON-02	hersosa.pe	1
CLOUDFLARENET	breakery.pe	1
CLOUDFLARENET	ZOHO-AS	354
kitchenmaster.pe	kitchenmaster.pe	1
Dattatec.com	42ru.pe	1
net.pe	atg.pe	1
com.pe	emeraldindustrialservices.pe	1
etecnia.net	e-tecnia.net	1
AS17378	vozresearch.pe	1
IONOS SE	NorthC Deutschland GmbH	61
NSONE	MICROSOFT-CORP-MSN-AS-BLOCK	7
Red Cientifica Peruana	masaki.pe	1
kpama.pe	chaskyperu.com	1
tecnoweb.net	MICROSOFT-CORP-MSN-AS-BLOCK	4
latinoamericahosting.com	GOOGLE	16
LEASEWEB-USA-DAL	allok.pe	1
CLOUDFLARENET	forjadigital.pe	1
serverziccosor.com	GOOGLE	1
AMAZON-02	tereclamo.pe	1
net.pe	e-trading.pe	1
Contabo GmbH	pcg.pe	1
inmotionhosting.com	artemisa.pe	1
PRIVATESYSTEMS	grupotec.pe	1
apacheperuhosting.com	vivetufuturo.pe	1
hostgator.com	koanna.pe	1
registrosdns.com	imebelle.pe	1
hostinglabs.net	sergem.pe	1
Hetzner Online GmbH	pronador.pe	1
Akamai Connected Cloud	meditech.pe	1
net.pe	NAMECHEAP-NET	9
Host Europe GmbH	alphapm.pe	1
net.pe	artoni.pe	1
domains.ch	domains.ch	1
hpserverdns.com	MICROSOFT-CORP-MSN-AS-BLOCK	21
edf.fr	MICROSOFT-CORP-MSN-AS-BLOCK	1
AMAZON-02	anelo.pe	1
SERVERCENTRAL	surron.pe	1
huascaranweb.com	terrarecovery.pe	1
hpserverdns.com	legacy.pe	1
Red Cientifica Peruana	promotoraurbana.pe	1
AMAZON-02	NAMECHEAP-NET	3
sitiodns.net	grupocrea.pe	1
wnhcloudserver.com	dulcesorpresaperu.pe	1
UNIFIEDLAYER-AS-1	garota.pe	1
sipanserver.com	generalmarketing.pe	1
planetahosting.pe	odonto32.pe	1
net.pe	msv1.invalid	10
Dattatec.com	zumaran.pe	1
SERVERCENTRAL	pontobrasil.pe	1
planetahosting.pe	identifica.pe	1
x10premium.com	printacperu.pe	1
Akamai Connected Cloud	velisse.pe	1
AMAZON-02	GANDI SAS	4
dtf.pe	dtf.pe	1
ORACLE-BMC-31898	h-s.pe	1
SERVERCENTRAL	elhuayruro.pe	1
OVH SAS	demiurgo.pe	1
hpserverdns.com	asiste.pe	1
lineadns.com	miscao.pe	1
OVH SAS	prestigegroup.pe	1
com.pe	568721-017489901135-1	6
infocoders.com	mut.pe	1
Combell NV	mmd.pe	1
hispalisdns.com	visiones.pe	1
introweb.nl	previder.nl	1
Grupo Sys4net, S.l.	GOOGLE	3
hpserverdns.com	GOOGLE	28
alfahosting.info	papst.pe	1
net.pe	com.pe	24
Red Cientifica Peruana	wdpetrol.pe	1
Host Europe GmbH	catorce.pe	1
SERVERCENTRAL	sublimato.pe	1
UNIFIEDLAYER-AS-1	restoapp.pe	1
supremepanel.com	limalaptops.pe	1
CLOUDFLARENET	safetypro.pe	1
CLOUDFLARENET	clickrepuestos.pe	1
SERVERCENTRAL	pronto24.pe	1
Red Cientifica Peruana	gastrosoul.pe	1
dattassd.com	cablesistemas.pe	1
hpserverdns.com	palominos.pe	1
CLOUDFLARENET	Red Cientifica Peruana	2
LEASEWEB-USA-DAL	fishcup.pe	1
com.pe	GOOGLE	29
CLOUDFLARENET	crawford.pe	1
SERVERCENTRAL	portalayacucho.pe	1
SERVERCENTRAL	centroespanol.pe	1
ajmcloud.com	GOOGLE	2
IONOS SE	IONOS SE	91
GOOGLE-CLOUD-PLATFORM	20i Limited	22
kreactivo.pe	GOOGLE	1
Red Cientifica Peruana	educert.pe	1
pymedns.net	emsar.pe	1
dnsmisitio.net	surgicalinsight.pe	1
Red Cientifica Peruana	asombro.pe	1
CLOUDFLARENET	artus.pe	1
UNIFIEDLAYER-AS-1	mitsubishielectric.pe	1
CLOUDFLARENET	ionos.pe	1
HURRICANE	Fastmail Pty Ltd	1
CLOUDFLARENET	NAMECHEAP-NET	53
CLOUDFLARENET	etan.pe	1
CLOUDFLARENET	pphosted.com	4
WI-NET TELECOM S.A.C.	MICROSOFT-CORP-MSN-AS-BLOCK	1
Trellian Pty. Limited	Trellian Pty. Limited	11
Red Cientifica Peruana	MICROSOFT-CORP-MSN-AS-BLOCK	84
CLOUDFLARENET	citia.pe	1
markmonitor.com	mattel.com	2
NETWORK-SOLUTIONS-HOSTING	dispecom.pe	1
Red Cientifica Peruana	masseguridad.pe	1
UNIFIEDLAYER-AS-1	abz.pe	1
HVC-AS	tucanalperu.pe	1
dehostingfirma.com	managementdrives.pe	1
websitehostserver.net	dsi.pe	1
hostgator.com	proense.pe	1
Red Cientifica Peruana	b2btech.pe	1
net.pe	rdxsports.pe	1
unknown	digsa.pe	1
OVH SAS	lusa.pe	1
NSONE	ZOHO-AS	11
SERVERCENTRAL	lotesenremate.pe	1
OVH SAS	ZOHO-AS	20
CLOUDFLARENET	choquequiraotours.pe	1
Dattatec.com	peruplagas.pe	1
DFW-DATACENTER	consark.pe	1
gatewayhost.com	vivirenpareja.pe	1
SECURITYSERVICES	autoonline.de	1
LEASEWEB-USA-WDC	pitecsa.pe	1
cacsanfrancisco.com	cacsanfrancisco.com	1
kreactivo.pe	ZOHO-AS	3
serviciodns.es	mivino.pe	1
INMOTION	barum.pe	1
hostgator.com	cajaal.pe	1
servidoraweb.net	pysic.pe	1
linode.com	roo.pe	1
CLOUDFLARENET	Hosting Ukraine LTD	9
perutrilhainca.com	perubienesraices.pe	1
NL-811-40021	amafoods.pe	1
AMAZON-02	MICROSOFT-CORP-MSN-AS-BLOCK	177
hostgator.com	mycocatea.pe	1
SECURITYSERVICES	GOOGLE	88
SERVERCENTRAL	sitec.pe	1
SERVERCENTRAL	etienda.pe	1
AMAZON-02	dentalup.pe	1
DIMENOC	backing.pe	1
CLOUDFLARENET	lataula.pe	1
latinoamericahosting.com	nabucco.pe	1
hostgator.com	homiesfood.pe	1
NETWORK-SOLUTIONS-HOSTING	layalab.pe	1
net.pe	alteliza.pe	1
sarasgroup.pe	sarasgroup.pe	1
OVH SAS	ajusa.pe	1
SERVERCENTRAL	fertisem.pe	1
OVH SAS	ifp.pe	1
Red Cientifica Peruana	clv.pe	1
GOOGLE	CLOUDFLARENET	4
webair.net	serpro.pe	1
SERVERCENTRAL	hivar.pe	1
OVH SAS	MICROSOFT-CORP-MSN-AS-BLOCK	28
apacheperuhosting.org	inderco.pe	1
CLOUDFLARENET	jvj.pe	1
OMNIS-ANYCAST-1	omnis.com	3
inetworx.ch	inetworx.ch	1
SERVERCENTRAL	linemedic.pe	1
HOSTING.	socadin.pe	1
BIZLAND-SD	siamerica.pe	1
antaresperu.com	cdmoquegua.pe	1
pagesmx.com	kronen.pe	1
UNIFIEDLAYER-AS-1	geoservicelab.pe	1
Red Cientifica Peruana	islasballestas.pe	1
AMAZON-02	ZOHO-AS	91
OVH SAS	veri.pe	1
RELIABLESITE	aetherea.pe	1
admeli.com	dondecomprar.pe	1
SERVERCENTRAL	ZOHO-AS	75
smarthost.pl	paton.pe	1
latinoamericahosting.com	MICROSOFT-CORP-MSN-AS-BLOCK	7
SERVERCENTRAL	guitarralima.pe	1
hostgator.com	cate.pe	1
hostgator.co	hostgator.co	1
SERVERCENTRAL	guarida.pe	1
ORACLE-BMC-31898	ctrading.pe	1
Red Cientifica Peruana	piscotyt.pe	1
gdisol.com	rccapital.pe	1
fabritec.pe	fabritec.pe	1
GTD PERU S.A	CLOUDFLARENET	1
sipanserver.com	huddle.pe	1
SERVERCENTRAL	larbis.pe	1
apache-peru.org	smartgoal.pe	1
GOOGLE	ZOHO-AS	37
AMAZON-02	dactechnology.pe	1
CLOUDFLARENET	GANDI SAS	9
UNIFIEDLAYER-AS-1	vrass.pe	1
SERVERCENTRAL	vipasa.pe	1
hostgator.com	makelab.pe	1
NETWORK-SOLUTIONS-HOSTING	frozenpack.pe	1
riversys.net	aptein.pe	1
AMAZON-02	namistore.pe	1
e-digitalhosting.net	GOOGLE	2
CLOUDFLARENET	GOOGLE-CLOUD-PLATFORM	31
Dattatec.com	unisoft.pe	1
simpleincloud.com	padrespresentes.pe	1
Red Cientifica Peruana	miferreteria.pe	1
limpiezalia.com	GOOGLE	1
agheup.com	huerta.pe	1
OVH SAS	autor.pe	1
ehg.pe	MICROSOFT-CORP-MSN-AS-BLOCK	1
NETWORK-SOLUTIONS-HOSTING	marketingestrategico.pe	1
net.pe	fluffy.pe	1
ehostingperu.net	inkapixel.pe	1
SERVERCENTRAL	andescys.pe	1
one.com	One.com A/S	6
SERVERCENTRAL	moodana.pe	1
zxcs.be	suspended-domain.com	2
webgo.de	goserver.host	1
net.pe	holosalud.pe	1
Hetzner Online GmbH	imza.pe	1
CLOUDFLARENET	elpecadosocial.pe	1
dn-s.nl	fashionunited.pe	1
AMAZON-02	cinad.pe	1
accountsupport.com	defensa.pe	1
monoestructuras.com	paybar.pe	1
AUTOMATTIC	GOOGLE	13
agenciastreaming.com	inkatropical.pe	1
Host Europe GmbH	crudo.pe	1
ipcom GmbH	GOOGLE	7
AMAZON-02	audiovideoperu.pe	1
hostgator.com	GOOGLE	80
Dattatec.com	conexa.pe	1
Hetzner Online GmbH	GOOGLE	18
hostinglabs.net	prettypet.pe	1
linode.com	assetec.org	1
unknown	coreconsulting.pe	1
Dattatec.com	ZOHO-AS	7
value-domain.com	GOOGLE	2
MICROSOFT-CORP-MSN-AS-BLOCK	iphmx.com	3
CLOUDFLARENET	alif.pe	1
unknown	tiempo.pe	1
pmoperu.com	giin.pe	1
SERVERCENTRAL	ocgreen.pe	1
interzone.net	financieraoh.pe	1
NSONE	Cloudflare London, LLC	4
digitalhostnow.com	revistaturbo.pe	1
zoneedit.com	GOOGLE	6
Contabo GmbH	lamarcha.pe	1
OVH SAS	pazholandesa.pe	1
123ns.de	GOOGLE	1
Red Cientifica Peruana	dsiperu.pe	1
OVH SAS	faena.pe	1
net.pe	CLOUDFLARENET	21
AMAZON-02	rfcompany.pe	1
mainmail.net	MICROSOFT-CORP-MSN-AS-BLOCK	1
AMAZON-02	eyncor.pe	1
net.pe	APPLE-ENGINEERING	22
hostgator.com	skill.pe	1
SERVERCENTRAL	sappiens.pe	1
NL-811-40021	easysoftperu.pe	1
first-ns.de	neologistica.pe	1
com.pe	plastica.pe	1
CLOUDFLARENET	anikama.pe	1
openzone.info	infopais.pe	1
CLOUDFLARENET	comprandohuevadas.pe	1
CLOUDFLARENET	YANDEX LLC	11
hostgator.com	duramax.pe	1
dongee.com	dcarlo.pe	1
contabo.net	vitaldx.pe	1
OVH SAS	cgse.pe	1
hpserverdns.com	anidar.pe	1
SERVERCENTRAL	pieza.pe	1
capcom.cl	soc.pe	1
AMAZON-02	peatonal.pe	1
LEASEWEB-USA-DAL	eanet.pe	1
SERVERCENTRAL	interlog.pe	1
indexaserver.com	aeropostale.pe	1
CLOUDFLARENET	FASTLY	1
net.pe	oshiro.pe	1
magu.pe	predice.pe	1
NL-811-40021	conaza.pe	1
Red Cientifica Peruana	ZOHO-AS	47
sipanserver.com	zambra.pe	1
net.pe	americalogistica.pe	1
AS-30083-US-VELIA-NET	GOOGLE	7
OVH SAS	energycom.pe	1
tonkoni.com	largoaliento.pe	1
Red Cientifica Peruana	asinpro.pe	1
OVH SAS	cableandina.pe	1
net.pe	efe.pe	1
net.pe	redtours.pe	1
ipcom GmbH	key-systems.net	1
SECURITYSERVICES	APPLE-ENGINEERING	5
Red Cientifica Peruana	pabsa.pe	1
NETWORK-SOLUTIONS-HOSTING	tianmen.pe	1
CLOUDFLARENET	aye.pe	1
serkera.com	europet.pe	1
SERVERCENTRAL	proathletic.pe	1
site4now.net	AMAZON-02	21
linode.com	ZOHO-AS	8
hn.cl	altadireccion.pe	1
com.pe	capuli.pe	1
Hetzner Online GmbH	blackman.pe	1
hostingafull.com	juanjo.pe	1
OVH SAS	GOOGLE	65
servernetworkdata.com	dentaltorres.pe	1
CLOUDFLARENET	lh.pe	1
SERVERCENTRAL	labora.pe	1
supremepanel.com	instantmerch.pe	1
SERVERCENTRAL	frutissima.pe	1
hpserverdns.com	exim.pe	1
linode.com	GOOGLE	19
piensasolutions.com	buzondecorreo.com	4
cloudserver23.com	mrfinancial.pe	1
SERVERCENTRAL	CLOUDFLARENET	22
mott.pe	GOOGLE	1
constellix.com	MICROSOFT-CORP-MSN-AS-BLOCK	1
democame.com	democame.pe	1
AS-VULTR	AMAZON-02	1
OVH SAS	lase.pe	1
transmac.pe	GOOGLE	1
Red Cientifica Peruana	campina.pe	1
CLOUDFLARENET	ipm.pe	1
sipanserver.com	ciencias.pe	1
SERVERCENTRAL	vinylfloors.pe	1
AMAZON-02	tctel.pe	1
NETWORK-SOLUTIONS-HOSTING	autolink.pe	1
NETWORK-SOLUTIONS-HOSTING	GOOGLE-CLOUD-PLATFORM	1
SERVERCENTRAL	merak360.pe	1
LEASEWEB-USA-PHX	llantashankook.pe	1
SERVERCENTRAL	zinga.pe	1
dnspod.net	qq.com	1
phinternacional.com	imssac.pe	1
Red Cientifica Peruana	ideazione.pe	1
Combell NV	economistas.pe	1
SERVERCENTRAL	comeperuano.pe	1
latinoamericahosting.com	ranchosur.pe	1
net.pe	advan.pe	1
sharingexpertise.pe	sharingexpertise.pe	1
latinoamericahosting.com	sagrop.pe	1
DIMENOC	transgesa.pe	1
CLOUDFLARENET	dym.pe	1
hostgator.com	mundotecnologico.pe	1
avanzahr.pe	avanzahr.pe	1
hpserverdns.com	cona.pe	1
INCAPSULA	msv1.invalid	1
smartech.pe	smartech.pe	1
net.pe	estrat.pe	1
dnsmisitio.net	proatech.pe	1
SERVERCENTRAL	melyfarma.pe	1
CLOUDFLARENET	hitec.pe	1
SERVERCENTRAL	peysa.pe	1
IONOS SE	pasitea.pe	1
UNIFIEDLAYER-AS-1	oneclothing.pe	1
Akamai Connected Cloud	ceomark.pe	1
latinoamericahosting.com	squirrel.pe	1
Dattatec.com	hardworking.pe	1
UNIFIEDLAYER-AS-1	pointandina.pe	1
Dattatec.com	genetixlab.pe	1
daganet2.com	rapidiagnostics.pe	1
MAJESTIC-HOSTING-01	cybertec.pe	1
DIMENOC	hermix.pe	1
NL-811-40021	ankarentacar.pe	1
net.pe	beltec.pe	1
AMAZON-02	com.pe	3
TIER-NET	pgcomercial.pe	1
Combell NV	bolsasecologicas.pe	1
IS-AS-1	kenneth.pe	1
AMAZON-02	sumax.pe	1
Hetzner Online GmbH	construyebien.pe	1
intelsrv.net	geometrica.pe	1
CLOUDFLARENET	inmobiliariaryr.pe	1
Dattatec.com	lubricantesamerican.pe	1
hostgator.com	cafezena.pe	1
solucioneswebperu.com	agrosalud.pe	1
DIMENOC	auroraindustrial.pe	1
hostgator.com	tecpower.pe	1
NETWORK-SOLUTIONS-HOSTING	GOOGLE	70
RELIABLESITE	isaacanicama.pe	1
gfsrv.net	Gameforge 4D GmbH	11
hpserverdns.com	fibergold.pe	1
Red Cientifica Peruana	tipoteca.pe	1
AMAZON-02	tuluz.pe	1
CLOUDFLARENET	1host.icu	1
SERVERCENTRAL	cej.pe	1
Host Europe GmbH	Zoho Corporation Pvt. Ltd	1
SECURITYSERVICES	noris.net	1
premiumdns.net	planos.pe	1
LEASEWEB-USA-PHX	mundonomade.pe	1
UNIFIEDLAYER-AS-1	ribali.pe	1
alixaweb.com	marketer.pe	1
SERVERCENTRAL	vallaspublicitarias.pe	1
SERVERCENTRAL	logisgo.pe	1
AMAZON-02	cirugiavascular.pe	1
Dattatec.com	ios.pe	1
latinoamericahosting.com	busuniverso.pe	1
NETWORK-SOLUTIONS-HOSTING	ingtop.pe	1
Hetzner Online GmbH	prodicons.pe	1
MAJESTIC-HOSTING-01	bonytv.pe	1
NL-811-40021	gorestaurant.pe	1
net.pe	logis.pe	1
CLOUDFLARENET	medcon.pe	1
tipp24.com	co.uk	3
CLOUDFLARENET	rfb.pe	1
interzone.net	promartonline.pe	1
Host Europe GmbH	magicland.pe	2
SERVERCENTRAL	equipaeventos.pe	1
net.pe	annestyle.pe	1
Host Europe GmbH	lalaguna.pe	1
perfect-dns.com	ZOHO-AS	1
Combell NV	spgf.pe	1
Host Europe GmbH	todatecnologia.pe	1
SECURITYSERVICES	citify.pe	1
webmasters.com	cpf.pe	1
AMAZON-02	evabracamonte.pe	1
CLOUDFLARENET	radiostreaming.pe	1
SERVERCENTRAL	rabrands.pe	1
viared.work	sisay.pe	1
IS-AS-1	gohome.pe	1
rfadcorp.com	ZOHO-AS	1
com.pe	closet.pe	1
SERVERCENTRAL	jotaka.pe	1
AMAZON-02	codificadoras.pe	1
Dattatec.com	rc-systems.pe	1
vspain.net	europamundo.pe	1
contabo.net	brunet.pe	1
SERVERCENTRAL	martinpalomino.pe	1
com.pe	agrofortaleza.pe	1
OVH SAS	maxgas.pe	1
inmotionhosting.com	intiraymi.pe	1
AMAZON-02	causayefecto.pe	1
Akamai Connected Cloud	igrap.pe	1
Akamai Connected Cloud	hje.pe	1
net.pe	cmz.pe	1
latinoamericahosting.com	romaestudio.pe	1
sys4peru.com	americatrips.pe	1
net.pe	inkanatura.pe	1
Red Cientifica Peruana	sangal.pe	1
interzone.net	MICROSOFT-CORP-MSN-AS-BLOCK	1
fagomar.es	fagomar.es	1
AMAZON-02	maio.pe	1
hostgator.com	plastiperu.pe	1
AMAZON-02	haloiq.pe	1
desarrolloperu.com	gaconstructores.pe	1
inmotionhosting.com	ariansen.pe	1
soportesystem.com	pys.pe	1
supply-corp.com	iconotowers.pe	1
CLOUDFLARENET	akaia.club	1
SERVERCENTRAL	supedido.pe	1
hostinglabs.net	GOOGLE	9
Red Cientifica Peruana	asir.pe	1
SERVERCENTRAL	digitechmedical.pe	1
SERVERCENTRAL	agenciaseoenlima.pe	1
tvmundo.pe	ZOHO-AS	1
Red Cientifica Peruana	bromero.pe	1
CLOUDFLARENET	spamh.com	1
net.pe	btech.pe	1
CLOUDFLARENET	enercity.pe	1
planetahosting.pe	GOOGLE	11
GANDI SAS	citroen.pe	1
eistreaming.net	grupolinares.pe	1
NETWORK-SOLUTIONS-HOSTING	albara.pe	1
ably.pe	GOOGLE	1
NETWORK-SOLUTIONS-HOSTING	urbaniza.pe	1
dnsmisitio.net	sensoria.pe	1
Host Europe GmbH	sergin.pe	1
CLOUDFLARENET	dhogar.pe	1
net.pe	propio.pe	1
IWEB-AS	montacargasheli.pe	1
AMAZON-02	xlerator.pe	1
CLOUDFLARENET	gugustore.pe	1
NETWORK-SOLUTIONS-HOSTING	MICROSOFT-CORP-MSN-AS-BLOCK	17
ipcom GmbH	etro.pe	1
slzsrv1.com	CLOUDFLARENET	1
hostingprivado.com	promant.pe	1
QUIC-CLOUD	xhy.pe	1
Red Cientifica Peruana	boulevardfest.pe	1
sipanserver.com	boulevardplaza.pe	1
Combell NV	wisolution.pe	1
Red Cientifica Peruana	mundoaduanero.pe	1
hpserverdns.com	controlxpert.pe	1
Akamai International B.V.	MICROSOFT-CORP-MSN-AS-BLOCK	9
edu.pe	GOOGLE	2
CLOUDFLARENET	mysecurecloudhost.com	5
digitalweb.pe	appia.pe	1
CLOUDFLARENET	nas.pe	1
SERVERCENTRAL	webing.pe	1
Host Europe GmbH	xlabs.pe	1
AMAZON-02	tecfour.pe	1
ilaai.pe	ilaai.pe	1
CLOUDFLARENET	pastry.pe	1
SERVERCENTRAL	experiencia.pe	1
unknown	saintremy.pe	1
Combell NV	megaviajes.pe	1
SERVERCENTRAL	admisionsenati.pe	1
auri.pe	auridata.pe	1
GOOGLE	hostedemail.com	114
Dattatec.com	faconsulting.pe	1
hostgator.com	hotspot.pe	1
NETWORK-SOLUTIONS-HOSTING	theonetravel.pe	1
PRIVATESYSTEMS	MICROSOFT-CORP-MSN-AS-BLOCK	7
dnsmisitio.net	carreracorp.pe	1
SERVERCENTRAL	proyectailuminacion.pe	1
creatudominio.com	creatudominio.com	1
com.pe	jhconsultores.pe	1
AMAZON-02	andresvargas.pe	1
SERVERCENTRAL	floreza.pe	1
SERVERCENTRAL	swp.pe	1
promoviendoproductos.com	aries.pe	1
Combell NV	habilitazinmobiliaria.pe	1
fop.pe	Proton AG	1
SECURITYSERVICES	scentair.pe	1
IOFLOOD	aircon.pe	1
OVH SAS	dellepiane.pe	1
CLOUDFLARENET	Eurofiber France SAS	8
Dattatec.com	fnperu.pe	1
Hetzner Online GmbH	halo.pe	1
iphost.gr	tecnoskin-derma.pe	1
cloudnsplus.com	legalio.pe	1
wperu.com	cdtech.pe	1
ipworking.com	pharmatech.pe	1
AMAZON-02	padelhouse.pe	1
webhostcluster.com	GOOGLE	4
SERVERCENTRAL	ycg.pe	1
LEASEWEB-USA-DAL	jcproducciones.pe	1
OVH SAS	asociacionredes.pe	1
com.pe	seruno.pe	1
ipcom GmbH	AMAZON-02	5
NETWORK-SOLUTIONS-HOSTING	dwg.pe	1
DIMENOC	pedrolloperu.pe	1
datanostrum.biz	guter.pe	1
CLOUDFLARENET	laguia.pe	1
nexloc.ro	detallesdecorazon.pe	1
CLOUDFLARENET	msv1.invalid	4
Dattatec.com	getcom.pe	1
tecnoweb.net	allegra.pe	1
DIMENOC	systemar.pe	1
AMAZON-02	orby.pe	1
ANEXIA Internetdienstleistungs GmbH	ebrandservices.com	1
CLOUDFLARENET	forseti.pe	1
UNIFIEDLAYER-AS-1	sensaciones.pe	1
UNIFIEDLAYER-AS-1	wallstreetgroup.pe	1
AMAZON-02	bose.com	1
CLOUDFLARENET	francisco.pe	1
net.pe	cantabria.pe	1
tecnoweb.net	nicperu.pe	1
CLOUDFLARENET	QUICKPACKET	13
Host Europe GmbH	dynamic.pe	1
NETWORK-SOLUTIONS-HOSTING	importadorauniversal.pe	1
nameshield.net	salomon-sports.com	3
planetahosting.pe	covepa.pe	1
supremedns.com	LIQUIDNETLTD1	20
SERVERCENTRAL	inalsa.pe	1
GOOGLE	GO-DADDY-COM-LLC	21
hpserverdns.com	smarterp.pe	1
ando.pe	GOOGLE	1
Host Europe GmbH	sbdservice.pe	1
net.pe	sumgas.pe	1
NETWORK-SOLUTIONS-HOSTING	gradmi.pe	1
frog.pe	frog.pe	1
DIGITALOCEAN-ASN	mccastle.pe	1
MULTA-ASN1	CLOUDFLARENET	1
hostgator.com	oregon.pe	1
dalphosting.net	legalattorney.pe	1
net.pe	correocenter.com	5
OVH SAS	castellana.pe	1
webzdns.com	GOOGLE	1
hostgator.com	deltoro.pe	1
hostinglabs.net	supplier.pe	1
GTD PERU S.A	GOOGLE	5
hpserverdns.com	propiedadesenremate.pe	1
planetahosting.pe	igo.pe	1
Combell NV	metalcom.pe	1
Dattatec.com	fvm.pe	1
hpserverdns.com	transportesricapa.pe	1
CLOUDFLARENET	bitdefender.com	2
dnsmisitio.net	gsvabogados.pe	1
Host Europe GmbH	maestranza.pe	1
dnsmisitio.net	ccia.pe	1
SERVERCENTRAL	grupesac.pe	1
assuredserver.net	hhinmobiliaria.pe	1
SERVERCENTRAL	NAMECHEAP-NET	1
AMAZON-02	synergielab.pe	1
CLOUDFLARENET	terraverde.pe	1
Contabo GmbH	cybel.pe	1
Dattatec.com	profitline.pe	1
hpserverdns.com	drcaceres.pe	1
CLOUDFLARENET	nubetech.pe	1
NL-811-40021	coredrilling.pe	1
ns14.net	schrauber.pe	1
SERVERCENTRAL	donpet.pe	1
qhispi.com	genplus.pe	1
Combell NV	ollantay.pe	1
Hetzner Online GmbH	tresauroras.pe	1
CLOUDFLARENET	crucigrama.pe	1
Cloud DNS Ltd	lb-link.pe	1
unknown	latradi.pe	1
ecrearpro.top	ZOHO-AS	4
wwdh.hu	mailserver.hu	3
Combell NV	trendpr.pe	1
SERVERCENTRAL	estit.pe	1
hpserverdns.com	qorimart.pe	1
Combell NV	contatek.pe	1
CLOUDFLARENET	oftalmoclinicas.pe	1
tecnoweb.net	GOOGLE	33
studioh-server.eu	spc.pe	1
SERVERCENTRAL	vertilux.pe	1
e-digitalhosting.net	MICROSOFT-CORP-MSN-AS-BLOCK	2
hostgator.com	perustyle.pe	1
hpserverdns.com	gebac.pe	1
mm-com.de	mm-com.de	1
hostgator.com	AUTOMATTIC	1
inmotionhosting.com	terranorte.pe	1
NETWORK-SOLUTIONS-HOSTING	goldex.pe	1
doselesagencia.com	cerradurasdigitales.pe	1
IS-AS-1	asp.pe	1
DIMENOC	xn--terruo-0wa.pe	1
Host Europe GmbH	crops.pe	1
sistemas4g.com	epafm.pe	1
CLOUDFLARENET	micaelas.pe	1
com.pe	MICROSOFT-CORP-MSN-AS-BLOCK	45
CLOUDFLARENET	fezbet.pe	1
Seonet Multimedia s.r.o.	gigaserver.cz	3
soltecsis.com	soltecsis.com	1
hpserverdns.com	acenet.pe	1
Red Cientifica Peruana	resetsac.pe	1
planetahosting.pe	euroit-automation.pe	1
AMAZON-02	caltech.pe	1
3w.pe	GOOGLE	1
serverpe.com	consultoriolegal.pe	1
CLOUDFLARENET	laoruga.pe	1
pyruscloud.com	tessuma.pe	1
ecreative.top	humangrowth.pe	1
ifxnetworks.co	MICROSOFT-CORP-MSN-AS-BLOCK	1
coffeepackaging.org	bolsasdeplastico.pe	1
hostgator.com	metcal.pe	1
apachelima.net	eaglework.pe	1
DIMENOC	nethouse.pe	1
net.pe	ppe-hosted.com	7
pymedns.net	ruidoblanco.pe	1
CLOUDFLARENET	en1clic.pe	1
resortlosangelesdelvalle.com	giax.pe	1
servconfig.com	gmfiori.pe	1
dongee.com	cornerpocket.pe	1
asurahosting.com	europroyectos.pe	1
OVH SAS	gomezyasociados.pe	1
SERVERCENTRAL	papeleraunicentro.pe	1
Red Cientifica Peruana	slin.pe	1
GANDI SAS	aliberico.es	3
tuwebdns.net	eden.pe	1
CLOUDFLARENET	Akamai International B.V.	1
CLOUDFLARENET	perutops.pe	1
SERVERCENTRAL	kdx.pe	1
SERVERCENTRAL	lumimax.pe	1
AMAZON-02	ryz.pe	1
AMAZON-02	254.251	1
hostgator.com	alcubo.pe	1
register.be	Combell NV	7
site4now.net	gmsac.pe	1
netfirms.com	mayora.pe	1
ninjahosting.pe	solatec.pe	1
Red Cientifica Peruana	gutenberg.pe	1
CLOUDFLARENET	wabex.pe	1
unknown	intilabs.pe	1
DFW-DATACENTER	electrored.pe	1
hostinglabs.net	embarcate.pe	1
ipcom GmbH	MICROSOFT-CORP-MSN-AS-BLOCK	1
AMAZON-02	myd.pe	1
45st.com	pbserum.pe	1
SERVERCENTRAL	cefopi.pe	1
techservicesperu.com	importadoraamericana.pe	1
Red Cientifica Peruana	visioncorp.pe	1
zumedns.com	barda.pe	1
inmotionhosting.com	oyolab.pe	1
NL-811-40021	GOOGLE	14
infocomercial.net	GOOGLE	1
CLOUDFLARENET	repromedic.pe	1
SERVERCENTRAL	creacoop.pe	1
OVH SAS	efyco.pe	1
SERVERCENTRAL	inzpira.pe	1
nazwa.pl	netartcloud.pe	1
OVH SAS	rive.pe	1
alidns.com	mxhichina.com	1
CLOUDFLARENET	shibatoken.pe	1
nexusoluciones.com	fraen.pe	1
IONOS SE	GOOGLE	26
AMAZON-02	pphosted.com	8
IS-AS-1	palazzi.pe	1
e-digitalhosting.net	goldpetrol.pe	1
LEASEWEB-USA-DAL	studio520.pe	1
contabo.net	sode.pe	1
SERVERCENTRAL	circulodelectores.pe	1
SERVERCENTRAL	guapas.pe	1
SERVERCENTRAL	gasfitero.pe	1
DIMENOC	GO-DADDY-COM-LLC	1
net.pe	buildcorp.pe	1
Red Cientifica Peruana	hotellajoya.pe	1
SERVERCENTRAL	anjali.pe	1
SERVERCENTRAL	accesibletec.pe	1
CLOUDFLARENET	mercadofacil.pe	1
CLOUDFLARENET	kitchenfactory.pe	1
Red Cientifica Peruana	biombo.pe	1
hpserverdns.com	bayviewhotel.pe	1
AMAZON-02	codesystems.pe	1
SERVERCENTRAL	sampublicidad.pe	1
SERVERCENTRAL	matisse.pe	1
Red Cientifica Peruana	5to.pe	1
chambeape.website	NAMECHEAP-NET	1
net.pe	anfral.pe	1
Dattatec.com	normin.pe	1
WHG Hosting Services Ltd	ipdu.pe	1
DFW-DATACENTER	prompt.pe	1
AMAZON-02	nacionalcallaotv.pe	1
CLOUDFLARENET	compufast.pe	1
SERVERCENTRAL	compralealperu.pe	1
Red Cientifica Peruana	concilia.pe	1
dfhostingperu.com	corami.pe	1
NETWORK-SOLUTIONS-HOSTING	frankandmortis.pe	1
com.pe	FORTINET	3
IS-AS-1	GOOGLE	12
GANDI SAS	GOOGLE	9
SERVERCENTRAL	yei.pe	1
GOOGLE-CLOUD-PLATFORM	APPLE-ENGINEERING	1
com.pe	vsabogados.pe	1
DFW-DATACENTER	runningbox.pe	1
AMAZON-02	factoa.pe	1
OVH SAS	arboles.pe	1
hostgator.com	agathosgroup.pe	1
hpserverdns.com	casonalara.pe	1
rootsradicals.berlin	nka.pe	1
aztecaservicios.com	iphmx.com	1
Red Cientifica Peruana	educrea.pe	1
Red Cientifica Peruana	almarina.pe	1
sotecha.com	MICROSOFT-CORP-MSN-AS-BLOCK	1
SERVERCENTRAL	grupofyn.pe	1
ikapla.com	parbus.pe	1
SERVERCENTRAL	espiar.pe	1
DIMENOC	totalreward.pe	1
hostinglabs.net	mqs.pe	1
com.pe	quiros.pe	1
AS-30083-US-VELIA-NET	eskuadron.pe	1
AMAZON-02	equansdatacentres.pe	1
Dattatec.com	decoracionesleon.pe	1
intelisperu.com	rokys.pe	1
SERVERCENTRAL	saludvascular.pe	1
SERVERCENTRAL	abx.pe	1
AMAZON-02	esmio.pe	1
westserverdnsiskay.com	asas.pe	1
com.pe	casasicilia.pe	1
nuntius24.com	ZOHO-AS	1
latinoamericahosting.com	bidata.pe	1
GOOGLE	baumstudio.pe	1
Cloudi Nextgen Sl	gutarra.pe	1
AMAZON-02	paani.pe	1
netim.net	Eurofiber France SAS	68
Red Cientifica Peruana	alineo.pe	1
AMAZON-02	huambra.pe	1
CLOUDFLARENET	cybertel.pe	1
AMAZON-02	spartacentromedico.pe	1
GOOGLE	eduardoherrera.pe	1
DIGITALOCEAN-ASN	unicasstore.pe	1
admeli.com	trader.pe	1
Host Europe GmbH	gateway.pe	1
wairla.net	alanalvarado.pe	1
planetahosting.pe	sevenshop.pe	1
net.pe	elemprendedor.pe	1
Akamai Connected Cloud	Akamai Connected Cloud	34
tecnoweb.net	caballero.pe	1
MICROSOFT-CORP-MSN-AS-BLOCK	AMAZON-02	5
OVH SAS	lafavorita.pe	1
Combell NV	teescucho.pe	1
net.pe	navexa.pe	1
AMAZON-02	kybalion.pe	1
Dattatec.com	diagnocenter.pe	1
net.pe	latinox.pe	1
hostgator.cl	eco2.pe	1
webaccountserver.com	MICROSOFT-CORP-MSN-AS-BLOCK	1
OVH SAS	fisionet.pe	1
WHG Hosting Services Ltd	manuelmadrid.pe	1
SERVERCENTRAL	a2management.pe	1
GOOGLE	fitcenter.pe	1
OVH SAS	Scaleway S.a.s.	5
sipanserver.com	inbyte.pe	1
Red Cientifica Peruana	prinsu.pe	1
SERVERCENTRAL	ocho.pe	1
dnsexit.com	MICROSOFT-CORP-MSN-AS-BLOCK	1
SERVERCENTRAL	elfrutero.pe	1
Hetzner Online GmbH	todoparts.pe	1
AMAZON-02	gsbglobal.pe	1
DIGICERT	mail-hero.pe	1
PRIVATESYSTEMS	vyvainversiones.pe	1
SERVERCENTRAL	fclcargo.pe	1
latinoamericahosting.com	premiernet.pe	1
AMAZON-02	fca.pe	1
SERVERCENTRAL	qualisgroup.pe	1
SERVERCENTRAL	diservi.pe	1
OVH SAS	cr-asociados.pe	1
orbyta.com	Akamai International B.V.	1
Red Cientifica Peruana	byrgroup.pe	1
AS-30083-US-VELIA-NET	canvaslab.pe	1
LEASEWEB-USA-DAL	proteo.pe	1
mediatoperu.com	agrofest.pe	1
CLOUDFLARENET	almenara.pe	1
CLOUDFLARENET	mensclub.pe	1
com.pe	donbu.pe	1
hostgator.com	jperu.pe	1
blancasinternet.com	okis.pe	1
latinoamericahosting.com	ecsya.pe	1
Red Cientifica Peruana	andinatel.pe	1
hpserverdns.com	june.pe	1
NUCDN	eurodns.com	7
net.pe	caracola.pe	1
SERVERCENTRAL	actperu.pe	1
CLOUDFLARENET	clinicanuevavida.pe	1
hostinglabs.net	amazoniahouse.pe	1
OVH SAS	ferrun.pe	1
hpserverdns.com	genetics.pe	1
hostgator.com	jardindeloto.pe	1
AMAZON-02	diservice.pe	1
PRIVATESYSTEMS	edgeproject.pe	1
SECURITYSERVICES	bic.pe	1
hpserverdns.com	ZOHO-AS	6
hostgator.com	carroceria.pe	1
NETWORK-SOLUTIONS-HOSTING	cortelaser.pe	1
Dattatec.com	grupotsp.pe	1
OVH SAS	rohann.pe	1
Dattatec.com	cleanforce.pe	1
HURRICANE	GOOGLE	30
Combell NV	camilatamara.pe	1
NETWORK-SOLUTIONS-HOSTING	agrimix.pe	1
inmotionhosting.com	deportada.pe	1
SERVERCENTRAL	streamingperuano.pe	1
CLOUDFLARENET	institutopacifico.net	4
unknown	mundonegocios.pe	1
SERVERCENTRAL	certificacionescch.pe	1
empresadns.net	eagle.pe	1
AMAZON-02	greenfox.pe	1
AMAZON-02	andersentax.pe	1
CLOUDFLARENET	rkflife.pe	1
SERVERCENTRAL	montanasac.pe	1
marketeatepe.com	mitiendasexshop.pe	1
hpserverdns.com	madso.pe	1
SERVERCENTRAL	vie.pe	1
SERVERCENTRAL	megaflex.pe	1
NETWORK-SOLUTIONS-HOSTING	minra.pe	1
unknown	ZOHO-AS	3
IS-AS-1	agroingenio.pe	1
Red Cientifica Peruana	conecty.pe	1
oscarhuaman.com	ferreteriacromat.pe	1
hpserverdns.com	reinstall.pe	1
CLOUDFLARENET	163.com	2
pymedns.net	qualitypharma.pe	1
apmsistemasserver.com	greenvilla.pe	1
Contabo GmbH	ellocal.pe	1
fcsoluciones.com	culturapreventiva.pe	1
OVH SAS	vis-hosting.com	7
iptwins.com	te-dns.net	5
Red Cientifica Peruana	FORTINET	2
SERVERCENTRAL	almirantebrewing.pe	1
CLOUDFLARENET	limacenter.pe	1
NTHL	mcauditores.pe	1
com.pe	servimax.pe	1
hostinglabs.net	ferrazo.pe	1
Host Europe GmbH	GOOGLE-CLOUD-PLATFORM	4
latinserverhost.com	geominex.pe	1
Dattatec.com	hks.pe	1
acens Technologies, S.L.	lactourea.pe	1
servidoraweb.net	fresenius-kabi.pe	1
SERVERCENTRAL	annetravel.pe	1
AUTOMATTIC	MICROSOFT-CORP-MSN-AS-BLOCK	8
bonzai.pe	sunsol.pe	1
grupoadphost.com	studio360.pe	1
NSONE	casamarket.pe	1
planetahosting.pe	GO-DADDY-COM-LLC	1
inmotionhosting.com	torus.pe	1
mastermarketing.website	NAMECHEAP-NET	1
Host Europe GmbH	modularte.pe	1
tecnoweb.net	dupin.pe	1
castur.es	collosa.es	1
speedydns.net	ZOHO-AS	1
SERVERCENTRAL	santandrea.pe	1
SECURITYSERVICES	alvis.pe	1
Dattatec.com	GOOGLE	23
CLOUDFLARENET	urpiarquitectura.pe	1
Red Cientifica Peruana	itsb.pe	1
Red Cientifica Peruana	naveda.pe	1
hostinglabs.net	flowingmedia.pe	1
Dattatec.com	victoria-angels.pe	1
ANEXIA Internetdienstleistungs GmbH	GOOGLE	3
hostgator.com	rios-asociados.pe	1
tecnoweb.net	delfin.pe	1
AMAZON-02	metapod.pe	1
Dattatec.com	conafin.pe	1
Combell NV	acuarel.pe	1
hostgator.com	andeanpower.pe	1
ioh.network	ioh.network	1
combell.net	MICROSOFT-CORP-MSN-AS-BLOCK	1
vemaxgo.com	MICROSOFT-CORP-MSN-AS-BLOCK	2
Red Cientifica Peruana	mte.pe	1
CLOUDFLARENET	mania.pe	1
SERVERCENTRAL	extrasolution.pe	1
AMAZON-02	nextlevel.pe	1
AMAZON-02	brambleslimited.pe	1
Host Europe GmbH	babel.pe	1
techservicesperu.com	greenways.pe	1
OVH SAS	wgbusiness.pe	1
AMAZON-02	blf.pe	1
cvperu.pe	MICROSOFT-CORP-MSN-AS-BLOCK	2
AMAZON-02	hallys.pe	1
OVH SAS	estacionessanjose.pe	1
planetahosting.pe	MICROSOFT-CORP-MSN-AS-BLOCK	10
SINGLEHOP-LLC	mrsac.pe	1
CLOUDFLARENET	vgi.pe	1
CLOUDFLARENET	techsolutions.pe	1
AMAZON-02	een.pe	1
net.pe	maquimas.pe	1
Host Europe GmbH	automotrizsanborja.pe	1
dnsmisitio.net	GOOGLE	14
SERVERCENTRAL	pragmatec.pe	1
Xtudio Networks S.L.U.	revolutionsoft.pe	1
Red Cientifica Peruana	greensafety.pe	1
myhosting.gr	GOOGLE	1
Akamai Connected Cloud	ZOHO-AS	5
SERVERCENTRAL	mitiendasegura.pe	1
dnsmisitio.net	cesarsantacruz.pe	1
Red Cientifica Peruana	rifaradiomaria.pe	1
Red Cientifica Peruana	castillotravel.pe	1
Dattatec.com	alycat.pe	1
Dattatec.com	MICROSOFT-CORP-MSN-AS-BLOCK	20
Red Cientifica Peruana	exact.pe	1
UNIFIEDLAYER-AS-1	otishi.pe	1
vsumaq.com	arteoral.pe	1
accuwebhosting.com	medsa.pe	1
solymaster.com	lgs.pe	1
SERVERCENTRAL	colorlab.pe	1
AMAZON-02	sakurahome.pe	1
Akamai Connected Cloud	fiestabakery.pe	1
CLOUDFLARENET	bonita.pe	1
SERVERCENTRAL	fisiomedic.pe	1
net.pe	exclusivecar.pe	1
hostgator.com	MICROSOFT-CORP-MSN-AS-BLOCK	35
MICROSOFT-CORP-MSN-AS-BLOCK	GO-DADDY-COM-LLC	2
Combell NV	numens.pe	1
IS-AS-1	evonet.pe	1
net.pe	goldencoin.pe	1
com.pe	opticloud.pe	1
com.br	vekoby.pe	1
LEASEWEB-USA-DAL	spotman.pe	1
CLOUDFLARENET	ticomsat.pe	1
latinoamericahosting.com	corptravel.pe	1
newtel.pe	MICROSOFT-CORP-MSN-AS-BLOCK	1
mydomain.com	sige.pe	1
IONOS SE	ionos.de	2
Red Cientifica Peruana	brandhood.pe	1
net.pe	openbankingperu.pe	1
net.pe	meyerhof.pe	1
Contabo GmbH	GOOGLE	3
cdmon.net	3clics.pe	1
Red Cientifica Peruana	sline.pe	1
Dattatec.com	confisol.pe	1
vectoralfa.pe	vectoralfa.pe	1
NETWORK-SOLUTIONS-HOSTING	publicidad360.pe	1
mdsystemssac.com	orecompany.pe	1
SERVERCENTRAL	topatopa.pe	1
Dattatec.com	ekoya.pe	1
CLOUDFLARENET	stanley1913.pe	1
CLOUDFLARENET	finecut.pe	1
register.it	Register S.p.A.	52
PONYNET	ura.pe	1
PRIVATESYSTEMS	prismasalud.pe	1
net.pe	crl.pe	1
hostgator.com	staperu.pe	1
DIMENOC	etalon.pe	1
AMAZON-02	be2.com	2
neokron.com	ams.pe	1
SERVERCENTRAL	lapelucha.pe	1
Aruba S.p.A.	Aruba S.p.A.	12
Dattatec.com	pillpa.pe	1
markmonitor.com	markmonitor.com	7
fiberluxperu.com	scanscope.net	1
NTHL	andressosa.pe	1
hpserverdns.com	losfinos.pe	1
PRIVATESYSTEMS	inspirepeople.pe	1
net.pe	remaxlife.pe	1
empresadns.net	ZOHO-AS	1
andean.me	peruexpeditions.pe	1
PONYNET	partidonacionalista.pe	1
com.pe	isosmart.pe	1
AMAZON-02	GO-DADDY-COM-LLC	13
Red Cientifica Peruana	neotransport.pe	1
hostgator.com	manager.pe	1
NETWORK-SOLUTIONS-HOSTING	odontodoc.pe	1
com.pe	gaman.pe	1
subemiweb.com	3c.pe	1
NEXCESS-NET	beloutlet.pe	1
NETWORK-SOLUTIONS-HOSTING	soulpilates.pe	1
hostgator.com	pinti.pe	1
SERVERCENTRAL	energix.pe	1
Red Cientifica Peruana	qaragroup.pe	1
edns.de	ehotel.de	1
hpserverdns.com	cadama.pe	1
DIMENOC	pacific.pe	1
Red Cientifica Peruana	stamm.pe	1
CLOUDFLARENET	netpagosperu.com	2
LIQUIDWEB	tonerprint.pe	1
net.pe	burgaconsultores.pe	1
Red Cientifica Peruana	giservicios.pe	1
Akamai Connected Cloud	acuarionautilus.pe	1
MICROSOFT-CORP-MSN-AS-BLOCK	GOOGLE	13
PRIVATESYSTEMS	cieme.pe	1
OVH SAS	manosactivas.pe	1
net.pe	mastersolution.pe	1
dtag.de	23M GmbH	1
AMAZON-02	zwcad.pe	1
hostgator.com	bahcoherramientas.pe	1
MAJESTIC-HOSTING-01	edredonesperu.pe	1
pymedns.net	muara.pe	1
hpserverdns.com	contadoresperu.pe	1
SERVERCENTRAL	poletica.pe	1
GANDI SAS	francemm.com	2
Hetzner Online GmbH	gruporios.pe	1
latinoamericahosting.com	infotips.pe	1
sectigoweb.com	MICROSOFT-CORP-MSN-AS-BLOCK	1
tecnoweb.net	orbisbusiness.pe	1
NL-811-40021	eskala.pe	1
net.pe	GO-DADDY-COM-LLC	26
e-clip.cl	e-clip.pe	1
ilmaistro.pe	ilmaistro.pe	1
hostgator.cl	goldstartravel.pe	1
c6p.net	huacasdelperu.pe	1
monkeyservidor.com	smartbroadcast.pe	1
renta4.es	renta4.pe	1
pglpro.com	modusvivendi.pe	1
sipanserver.com	grupomercado.pe	1
dnsmisitio.net	ibf.pe	1
SECURITYSERVICES	actimel.pe	1
businesscodehost.com	gomezcontadores.pe	1
co.uk	nn.pe	1
SOFTLAYER	standup.pe	1
Contabo GmbH	sanantonio.pe	1
CLOUDFLARENET	catarata.pe	1
dnsmisitio.net	isg.pe	1
Signet B.V.	gomibo.pe	1
PRIVATESYSTEMS	GOOGLE	24
Red Cientifica Peruana	vibesens.pe	1
hostgator.com	altec.pe	1
sagita.cl	sagita.pe	1
Dattatec.com	barclan.pe	1
SINGLEHOP-LLC	coopsanfernando.pe	1
Combell NV	MICROSOFT-CORP-MSN-AS-BLOCK	8
dnsmisitio.net	brc.pe	1
idcicpdns.com	CLOUDFLARENET	1
CLOUDFLARENET	serviciosintercable.pe	1
Akamai Connected Cloud	jacu.pe	1
hpserverdns.com	alamoana.pe	1
gruponexcorp.com	GOOGLE	2
hpserverdns.com	anagrama.pe	1
todosdns.com	cea.pe	1
Red Cientifica Peruana	afg.pe	1
hosting.pe	planner.pe	1
quicns.cloud	CLOUDFLARENET	1
enter-system.com	AMAZON-02	4
CLOUDFLARENET	khatu.pe	1
IONOS SE	ZOHO-AS	2
net.pe	YANDEX LLC	1
Strato GmbH	pphosted.com	1
NSONE	xtarlink.pe	1
CLOUDFLARENET	recorre.pe	1
AMAZON-02	condenza.pe	1
OVH SAS	vlx.pe	1
HOSTING.	edemet.pe	1
Red Cientifica Peruana	abisa.pe	1
redifusiona.com	audiovisual.pe	1
Akamai Connected Cloud	romaclassica.pe	1
SERVERCENTRAL	feriasenperu.pe	1
HOSTING.	GOOGLE	2
generacionvirtual.org	arcad.pe	1
CLOUDFLARENET	soltec.pe	1
solidhosting.pro	komanda.pe	1
CLOUDFLARENET	fullfibra.pe	1
SERVERCENTRAL	potenza.pe	1
dnstools.nl	ducata.pe	1
NL-811-40021	solint.pe	1
com.pe	ortramedic.pe	1
hostgator.com	keluma.pe	1
SERVERCENTRAL	quantif.pe	1
LEASEWEB-USA-DAL	bordercollie.pe	1
net.pe	perueduca.pe	1
dnsmisitio.net	clonsa.pe	1
hostgator.com	happyfood.pe	1
serverhostgroup.com	GOOGLE	3
Red Cientifica Peruana	spray.pe	1
CLOUDFLARENET	radiohits.pe	1
AMAZON-02	Hetzner Online GmbH	1
Red Cientifica Peruana	topsmile.pe	1
CLOUDFLARENET	leonautos.pe	1
linode.com	bluewave.pe	1
Contabo GmbH	provsat.pe	1
AMAZON-02	mushroom.pe	1
DFW-DATACENTER	solutop.pe	1
Dattatec.com	asencoex.pe	1
dnsmisitio.net	rove.pe	1
universidad-barranca.com	floresy.pe	1
linode.com	icvirtual.pe	1
induquimica.cloud	gasless.pe	1
MICROSOFT-CORP-MSN-AS-BLOCK	negox.com	3
unknown	wcg.pe	1
SERVERCENTRAL	airbag.pe	1
gudsocialmarketing.com	GOOGLE	1
NETWORK-SOLUTIONS-HOSTING	zosimo.pe	1
hosting.pe	GOOGLE	3
SERVERCENTRAL	arcalaw.pe	1
koryfiserver.com	entech.pe	1
print3d.pe	print3d.pe	1
CLOUDFLARENET	primerabrokers.pe	1
hostignition.com	carlos.pe	1
neticsoft.net	titantec.pe	1
Dattatec.com	ingc.pe	1
SERVERCENTRAL	caritas.pe	1
CLOUDFLARENET	delti.com	1
SERVERCENTRAL	accionpopular.pe	1
SINGLEHOP-LLC	maxcafe.pe	1
Red Cientifica Peruana	mav.pe	1
Red Cientifica Peruana	amazingsouthamerica.pe	1
Host Europe GmbH	tienco.pe	1
CLOUDFLARENET	cleango.pe	1
ANEXIA Internetdienstleistungs GmbH	portsit.se	9
IOFLOOD	lacasadelasmaletas.pe	1
Dattatec.com	incasuite.pe	1
Combell NV	coolfriend.pe	1
SERVERCENTRAL	bravet.pe	1
Red Cientifica Peruana	fabril.pe	1
unknown	agenciademarketing.pe	1
NL-811-40021	triside.pe	1
com.pl	lidero.pe	1
SERVERCENTRAL	powerfitz.pe	1
Red Cientifica Peruana	oee.pe	1
Akamai Connected Cloud	luxstore.pe	1
latinoamericahosting.com	wibit.pe	1
NL-811-40021	spindustrial.pe	1
CLOUDFLARENET	netease.com	1
contabo.net	credifast.pe	1
SERVERCENTRAL	prizmastore.pe	1
CLOUDFLARENET	pgyg.pe	1
OVH SAS	remate.pe	1
webhostingireland.ie	redmillspet.pe	1
OVH SAS	naturalcentric.pe	1
aliasdns.net	ZOHO-AS	1
hostgator.com	milhoras.pe	1
SECURITYSERVICES	SQUIXA PTY LIMITED	8
net.pe	plusvida.pe	1
UNIFIEDLAYER-AS-1	tce.pe	1
AMAZON-02	jaime.pe	1
IONOS SE	vidalabogados.pe	1
NETWORK-SOLUTIONS-HOSTING	elevare.pe	1
hostgator.com	aqwa.pe	1
SERVERCENTRAL	advance.pe	1
SERVERCENTRAL	mtglobal.pe	1
SERVERCENTRAL	habite.pe	1
GRUPO ZGH SPA	GOOGLE	2
apachelima.org	notat.pe	1
HOSTING.	europer.pe	1
NETWORK-SOLUTIONS-HOSTING	busa.pe	1
columbussoft.com	socialhy.pe	1
OVH SAS	mailcontrol.com	1
AMAZON-02	procell.pe	1
startdedicated.com	fino.pe	1
SERVERCENTRAL	prokrete.pe	1
net.pe	mokaw.pe	1
OVH SAS	chinito.pe	1
LVLT-3549	LVLT-3549	6
Red Cientifica Peruana	easysolution.pe	1
SERVERCENTRAL	transvias.pe	1
tecnoweb.net	tecnoweb.net	2
PRIVATESYSTEMS	landingsolution.pe	1
CLOUDFLARENET	guitarfest.pe	1
Hetzner Online GmbH	terrex.pe	1
net.pe	pphosted.com	11
SERVERCENTRAL	electronicsg.pe	1
AMAZON-02	dukelogistic.pe	1
SERVERCENTRAL	kormusic.pe	1
bizitdns.com	tld-mx.com	2
OVH SAS	dfac.pe	1
Xtudio Networks S.L.U.	strplus.pe	1
Dattatec.com	msv1.invalid	1
Combell NV	cargaexpress.pe	1
CLOUDFLARENET	geospa.pe	1
NETWORK-SOLUTIONS-HOSTING	wawamania.pe	1
NAMECHEAP-NET	GOOGLE	8
neostrada.nl	legendstours.pe	1
unknown	casacuadros.pe	1
AMAZON-02	COGENT-174	4
pmoperu.com	partnertech.pe	1
dnsmisitio.net	ecohh.pe	1
Red Cientifica Peruana	trb.pe	1
CLOUDFLARENET	amanis.pe	1
SERVERCENTRAL	nortesoft.pe	1
Red Cientifica Peruana	dosac.pe	1
hpserverdns.com	selecciontalento.pe	1
unknown	cice.pe	1
hpserverdns.com	sciperu.pe	1
happywebserver.com	desarrolloing.pe	1
SERVERCENTRAL	landeo.pe	1
AMAZON-02	neoautos.pe	1
SERVERCENTRAL	jikiu.pe	1
reselhost.net	reselhost.pe	1
servidoraweb.net	innorma.pe	1
techservicesperu.com	techservices.pe	1
AMAZON-02	graffer.pe	1
tinacreativastudio.com	stoneplus.pe	1
CLOUDFLARENET	maqma.pe	1
OVH SAS	lphfreight.pe	1
CLOUDFLARENET	doctorsol.pe	1
incaserver.com	dentalike.pe	1
ORACLE-BMC-31898	ccll.pe	1
Hydra Communications Ltd	oece.pe	1
parklogic.com	plingest.com	5
arcemus.com	SECURITYSERVICES	4
OVH SAS	pixel.pe	1
NAMECHEAP-NET	gustavorodriguez.pe	1
net.pe	ptservicios.pe	1
espacioveloz.com	elmuro.pe	1
SERVERCENTRAL	gastromaq.pe	1
hpserverdns.com	ibersa.pe	1
net.pe	asea.pe	1
hostgator.com	donjusto.pe	1
IWEB-AS	northvertical.pe	1
SERVERCENTRAL	revistaspatium.pe	1
NL-811-40021	MICROSOFT-CORP-MSN-AS-BLOCK	6
AMAZON-02	huamantanga.pe	1
latinoamericahosting.com	qwerty.pe	1
hostgator.com	inkata.pe	1
CLOUDFLARENET	menucontrol.pe	1
panel.pe	MICROSOFT-CORP-MSN-AS-BLOCK	1
SERVERCENTRAL	sgproject.pe	1
copired.net	amrol.pe	1
dnsmisitio.net	MICROSOFT-CORP-MSN-AS-BLOCK	5
vivawebhost.com	tribi.pe	1
WII	innovator.pe	1
Contabo GmbH	winnet.pe	1
AMAZON-02	grupoatm.pe	1
unknown	agromaf.pe	1
hostiq.ua	betgol-apuestas.pe	1
admeli.com	ademi.pe	1
SERVERCENTRAL	mozza.pe	1
CLOUDFLARENET	yavuelta.pe	1
Red Cientifica Peruana	afatel.pe	1
AMAZON-02	hidroconsult.pe	1
AMAZON-02	betwaysports.pe	1
aplus.net	carrierzone.com	2
SECURITYSERVICES	masco.pe	1
hostgator.com	advancesport.pe	1
ninjahosting.pe	vitaglobal.pe	1
neboxhost.com	rmabogados.pe	1
OVH SAS	icaserver.net	1
NETWORK-SOLUTIONS-HOSTING	extintor.pe	1
SERVERCENTRAL	conseral.pe	1
CLOUDFLARENET	petitelune.pe	1
wtlglobalv1.com	cliniquedental.pe	1
planetahosting.pe	exial.pe	1
CLOUDFLARENET	org.pe	2
chile-host.com	123ventanas.pe	1
SERVERCENTRAL	tecdinam.pe	1
SERVERCENTRAL	jmplast.pe	1
iptwins.com	SECURITYSERVICES	3
AMAZON-02	beforeudig.pe	1
hostinglabs.net	smart-security.pe	1
AMAZON-02	sirenaverde.pe	1
SERVERCENTRAL	concretoestampado.pe	1
Red Cientifica Peruana	manar.pe	1
infomaniak.ch	GOOGLE	1
SERVERCENTRAL	nuvola.pe	1
Red Cientifica Peruana	kreativo.pe	1
SERVERCENTRAL	guayaberas.pe	1
SERVERCENTRAL	galarental.pe	1
tecnoweb.net	claudia.pe	1
ORACLE-BMC-31898	MICROSOFT-CORP-MSN-AS-BLOCK	7
net.pe	hostedemail.com	12
SERVERCENTRAL	pmms.pe	1
AMAZON-02	cpasa.pe	1
CLOUDFLARENET	tembo.pe	1
Host Europe GmbH	tgmlogistic.pe	2
netfirms.com	aka.pe	1
AMAZON-02	CLOUDFLARENET	5
hpserverdns.com	josemontoya.pe	1
AMAZON-02	linktv.pe	1
ns14.net	racing.pe	1
Red Cientifica Peruana	doctoragro.pe	1
OVH SAS	unboxtech.pe	1
e-digitalhosting.net	safetysupport.pe	1
SERVERCENTRAL	prograss.pe	1
za-domain.de	za-internet.net	1
dnsmisitio.net	cuper.pe	1
hostgator.com	futurebusiness.pe	1
NETWORK-SOLUTIONS-HOSTING	startfund.pe	1
UNIFIEDLAYER-AS-1	cerodeudas.pe	1
pymedns.net	MICROSOFT-CORP-MSN-AS-BLOCK	6
hpserverdns.com	sirase.pe	1
net.pe	abcimport.pe	1
iconohost.com	buscatuinmueble.pe	1
hostinglabs.net	mypet.pe	1
ff.pe	ff.pe	1
SERVERCENTRAL	zymplex.pe	1
SERVERCENTRAL	bioimport.pe	1
Combell NV	GOOGLE	16
OVH SAS	smartbeauty.pe	1
NL-811-40021	starkmedia.pe	1
dns-principal-35.com	serviceonline.pe	1
neondns.com	metatesis.pe	1
hostgator.com	somoscosmo.pe	1
com.pe	renzos.pe	1
OVH SAS	alltest.pe	1
SkyExchange Internet Access	netease.com	1
NSONE	Zoho Corporation Pvt. Ltd	1
SERVERCENTRAL	innovagro.pe	1
GANDI SAS	inchaus.pe	1
Dattatec.com	novahome.pe	1
acens Technologies, S.L.	tempelgroup.com	1
Dattatec.com	arquicreativa.pe	1
Red Cientifica Peruana	talentosos.pe	1
CLOUDFLARENET	haciendavilla.pe	1
dnsmisitio.net	zentro.pe	1
Dattatec.com	vertice.pe	1
PRIVATESYSTEMS	emisor.pe	1
DFW-DATACENTER	chilca.pe	1
awardspace.com	kenkoclub.pe	1
Dattatec.com	smw.pe	1
webhostinghub.com	referencias.pe	1
nsprimario.com	evotic.pe	1
SERVERCENTRAL	rmf.pe	1
Hetzner Online GmbH	escienza.pe	1
n0c.com	infoturismo.pe	1
RELIABLESITE	solucionesweb.pe	1
innovateserver.com	radiosuperamor.pe	1
Red Cientifica Peruana	contel.pe	1
SERVERCENTRAL	urpi.pe	1
net.pe	tutienda.pe	1
nseasy.com	rva.pe	1
UNIFIEDLAYER-AS-1	mape.pe	1
ascio.com	ascio.com	8
SSASN2	soportenacional.pe	1
RELIABLESITE	vitalspa.pe	1
iwantmyname.net	GOOGLE	3
SERVERCENTRAL	tmi.pe	1
NETWORK-SOLUTIONS-HOSTING	pixelmind.pe	1
apachelima.com	GOOGLE	1
CLOUDFLARENET	biomedical.pe	1
IWEB-AS	chirre.pe	1
apachelima.net	teracorp.pe	1
SERVERCENTRAL	sbl.pe	1
AMAZON-02	fragrancenet.pe	1
CLOUDFLARENET	abra-it.cloud	1
renta4.es	r4.pe	1
AMAZON-02	cloudfront.net	4
unknown	msv1.invalid	1
etsaperu.pe	etsaperu.pe	1
CLOUDFLARENET	chang.pe	1
com.br	uni5.net	3
Red Cientifica Peruana	drsmedical.pe	1
AMAZON-02	bitrix24.com	1
AMAZON-02	APPLE-ENGINEERING	6
SECURITYSERVICES	OVH SAS	5
Red Cientifica Peruana	iqs.pe	1
AS-30083-US-VELIA-NET	ZOHO-AS	1
latinoamericahosting.com	escaleras.pe	1
AMAZON-02	puzzles.pe	1
net.pe	clinicasanmarcos.pe	1
DinaHosting S.L.	plasticforte.pe	1
CLOUDFLARENET	elnorteno.pe	1
SOFTLAYER	GOOGLE	3
masterns.com	avf.pe	1
com.pe	lcgroup.pe	1
hectorcubillas.com	copisa.pe	1
Dattatec.com	ajplanning.pe	1
IWEB-AS	lechic.pe	1
Hetzner Online GmbH	destinoseguro.pe	1
malu.pe	malu.pe	1
SERVERCENTRAL	javiergroup.pe	1
IOFLOOD	smartwater.pe	1
neticsoft.net	gmel.pe	1
Red Cientifica Peruana	gmec.pe	1
hostgator.com	serviciosinformaticos.pe	1
net.pe	logisticasegura.pe	1
AMAZON-02	cautivate.pe	1
AS17378	mainge.pe	1
SERVERCENTRAL	smic.pe	1
iarastudio.com	ortiz.pe	1
centos-webpanel.com	aleria.pe	1
Dattatec.com	nexo.pe	1
hpserverdns.com	tbr.pe	1
IS-AS-1	siquisapatravel.pe	1
SERVERCENTRAL	retailmedia.pe	1
CLOUDFLARENET	pura.pe	1
ninjahosting.pe	injuserv.pe	1
Combell NV	pariguana.pe	1
inmotionhosting.com	mianuncio.pe	1
hostgator.com	smartperu.pe	1
SERVERCENTRAL	cienfragancias.pe	1
net.pe	joico.pe	1
SINGLEHOP-LLC	peruvip.pe	1
AMAZON-02	h-email.net	13
SERVERCENTRAL	dermapoint.pe	1
PONYNET	chatgpt.pe	1
AMAZON-02	kuchara.pe	1
hostingafull.com	elgranbolivar.pe	1
OVH SAS	losdelfineshotel.pe	1
hpserverdns.com	wcc.pe	1
SERVERCENTRAL	recuerdameperu.pe	1
CLOUDFLARENET	nutrishop.pe	1
com.pe	chaskyperu.com	3
AMAZON-02	radioenmanuel.pe	1
peru-web.info	GOOGLE	2
hostgator.com	chapolo.pe	1
AMAZON-02	vasac.pe	1
CLOUDFLARENET	ovacion.pe	1
Red Cientifica Peruana	mabs.pe	1
AMAZON-02	lubrimas.pe	1
com.pe	clarodiario.pe	1
dnchosting.com	gemini.pe	1
CLOUDFLARENET	radiolatremenda.pe	1
GOOGLE	vamosamedias.pe	1
hostinglabs.net	MICROSOFT-CORP-MSN-AS-BLOCK	19
planetahosting.pe	teleamazonas.pe	1
Host Europe GmbH	comreivic.pe	1
apacheperuhosting.com	grupostellar.pe	1
UNIFIEDLAYER-AS-1	idra.pe	1
hostwhitelabel.com	ZOHO-AS	1
darmasa.com	notariaacevedomendoza.pe	1
CLOUDFLARENET	20i Limited	6
servidorperuano.com	pclinux.pe	1
AMAZON-02	memopay.pe	1
NETWORK-SOLUTIONS-HOSTING	vivasoluciones.pe	1
AS-30083-US-VELIA-NET	solo10.pe	1
Red Cientifica Peruana	biotrading.pe	1
todoinfinity.pe	todoinfinity.pe	1
apache-peru.info	cyvingenieros.pe	1
net.pe	mpa.pe	1
net.pe	cartonpack.pe	1
dnsmisitio.net	pharmavit.pe	1
CLOUDFLARENET	GO-DADDY-COM-LLC	34
com.pe	detectives.pe	1
IOFLOOD	transler.pe	1
AMAZON-02	edroz.pe	1
net.pe	varmin.pe	1
SERVERCENTRAL	progex.pe	1
UNIFIEDLAYER-AS-1	estudiojimenez.pe	1
hpserverdns.com	vidatel.pe	1
serverhostgroup.com	abogadosenlinea.pe	1
CLOUDFLARENET	Zoho Corporation Pvt. Ltd	4
NETWORK-SOLUTIONS-HOSTING	tiendaexclusiva.pe	1
cmpc.cl	GOOGLE	1
linode.com	marex.pe	1
SERVERCENTRAL	diarco.pe	1
UNIFIEDLAYER-AS-1	innover.pe	1
AMAZON-02	microscience.pe	1
CLOUDFLARENET	x-ion GmbH	5
NETWORK-SOLUTIONS-HOSTING	mudanza.pe	1
hostgator.com	globilandia.pe	1
SERVERCENTRAL	mbtronics.pe	1
SCAAM0001	ngninfra.net	9
Soluciones Corporativas IP, SL	MICROSOFT-CORP-MSN-AS-BLOCK	9
CLOUDFLARENET	contenedoresdebasura.pe	1
SERVERCENTRAL	siskey.pe	1
sipanserver.com	indrebuild.pe	1
memorykings.website	memorykings.pe	1
Red Cientifica Peruana	panchofierro.pe	1
Dattatec.com	centralismonuncamas.pe	1
net.pe	snapon.pe	1
com.pe	loges.pe	1
net.pe	SQUIXA PTY LIMITED	6
SERVERCENTRAL	seguridadintegral.pe	1
fiberluxperu.com	com.pe	1
net.pe	QUICKPACKET	7
CLOUDFLARENET	botti.pe	1
nube-web.com	inkamovil.pe	1
DIMENOC	MICROSOFT-CORP-MSN-AS-BLOCK	8
AMAZON-02	pymeasesores.pe	1
Host Europe GmbH	moussa.pe	1
AMAZON-02	reflectoresled.pe	1
nameshield.net	Nameshield SAS	15
maru.pe	GOOGLE	1
latinoamericahosting.com	swissdent.pe	1
webhostingbuzz.com	vegasports.pe	1
ehg.pe	EDDAS HOLDING GROUP SOCIEDAD ANONIMA CERRADA	6
net.pe	server-lepton01.us	1
CLOUDFLARENET	eltributarista.pe	1
Red Cientifica Peruana	audiconsult.pe	1
NL-811-40021	recargadeextintores.pe	1
CLOUDFLARENET	bonus.pe	1
CLOUDFLARENET	net.pe	7
CLOUDFLARENET	andestec.pe	1
easydns.ca	easydns.com	2
hpserverdns.com	dunacon.pe	1
benzahosting.cl	seinfor.pe	1
net.pe	emco.pe	1
hpserverdns.com	navecon.pe	1
OVH SAS	goup.pe	1
hubara.net	vasslatam.pe	1
CLOUDFLARENET	Neue Medien Muennich GmbH	6
sipanserver.com	kivaki.pe	1
OVH SAS	globalservices.pe	1
Neue Medien Muennich GmbH	Neue Medien Muennich GmbH	9
AMAZON-02	boylesports.pe	1
planetahosting.pe	zagari.pe	1
CLOUDFLARENET	personalizalo.pe	1
net.pe	eficiencia360.pe	1
Xtudio Networks S.L.U.	agrospray.pe	1
CLOUDFLARENET	conobra.pe	1
7kts.com	lolofilms.pe	1
Gtd Internet S.A.	MICROSOFT-CORP-MSN-AS-BLOCK	5
CLOUDFLARENET	arq.pe	1
hostingcti.com	jfap.pe	1
Red Cientifica Peruana	estudiovillar.pe	1
net.pe	gymsa.pe	1
hostinglabs.net	cablevisionperu.pe	1
Combell NV	allperu.pe	1
Host Europe GmbH	AMAZON-02	4
Red Cientifica Peruana	solightiluminacion.pe	1
CLOUDFLARENET	opcionuno.pe	1
hpserverdns.com	vindexabogados.pe	1
Host Europe GmbH	absac.pe	1
hubara.net	nateevo.pe	1
anycast.me	MICROSOFT-CORP-MSN-AS-BLOCK	2
namehero.com	boticavital.pe	1
net.pe	rjasesores.pe	1
OVH SAS	iseencloud.com	1
adhiart.com	minart.pe	1
SERVERCENTRAL	arteysano.pe	1
Red Cientifica Peruana	upperteam.pe	1
CLOUDFLARENET	SECURITYSERVICES	5
SERVERCENTRAL	gastrohub.pe	1
CLOUDFLARENET	mipaisana.pe	1
AMAZON-02	amazonses.com	2
planetahosting.pe	maxcam.pe	1
Dattatec.com	sitiosimple.pe	1
dongee.com	alcatech.pe	1
net.pe	gascenter.pe	1
apmsistemasserver.com	techwise.pe	1
viared.work	sstec.pe	1
SERVERCENTRAL	modaking.pe	1
hpserverdns.com	com.pe	1
x10premium.com	taxi-aeropuerto.pe	1
SERVERCENTRAL	notificaciones.pe	1
nameshield.net	INCAPSULA	5
net360.ovh	joalu.pe	1
SERVERCENTRAL	grupovargas.pe	1
CLOUDFLARENET	Fastmail Pty Ltd	5
net.pe	ccatecnologia.pe	1
unknown	grsoluciones.pe	1
OMNIS-ANYCAST-1	guardedhost.com	5
SERVERCENTRAL	metrocubico.pe	1
contabo.net	wefem.pe	1
SERVERCENTRAL	printingmultimedia.pe	1
Host Europe GmbH	grumant.pe	1
hosting.pe	tic365.pe	1
Red Cientifica Peruana	tecsol.pe	1
gobatec.com	privatednsorg.com	1
LEASEWEB-USA-DAL	bullsystems.pe	1
Host Europe GmbH	taurusengineering.pe	1
Host Europe GmbH	poliprotec.pe	1
AMAZON-02	caretek.pe	1
Soluciones Corporativas IP, SL	Soluciones Corporativas IP, SL	16
IOFLOOD	MICROSOFT-CORP-MSN-AS-BLOCK	5
net.pe	soniamorales.pe	1
lizardpages.online	beicorp.pe	1
Red Cientifica Peruana	inprogas.pe	1
OVH SAS	glasscenter.pe	1
AMAZON-02	diset.pe	1
contabo.net	gikadi.pe	1
ispgestion.pe	ispgestion.pe	1
domainers.de	tempsana.pe	1
SERVERCENTRAL	hmed.pe	1
SOFTLAYER	taxi365.pe	1
CLOUDFLARENET	contago.pe	1
net.pe	multillantas.pe	1
Red Cientifica Peruana	vio.pe	1
inmotionhosting.com	jaimes.pe	1
Red Cientifica Peruana	jdm.pe	1
IS-AS-1	tuqash.pe	1
ipymedns.cl	GOOGLE	1
css360.pe	limafac.pe	1
SERVERCENTRAL	vendeautos.pe	1
GOOGLE	AMAZON-02	1
Red Cientifica Peruana	monteverde.pe	1
Akamai Connected Cloud	educatv.pe	1
CLOUDFLARENET	freshfruit.pe	1
hpserverdns.com	simha.pe	1
SERVERCENTRAL	autofrenos.pe	1
NETWORK-SOLUTIONS-HOSTING	murena.pe	1
drawback.pe	drawback.pe	1
asbtl.pe	asbtl.pe	1
SERVERCENTRAL	yopuedo.pe	1
Red Cientifica Peruana	centralcargo.pe	1
CLOUDFLARENET	forwardemail.net	2
OVH SAS	camarena.pe	1
NL-811-40021	bikersoul.pe	1
BIZLAND-SD	cluboferta.pe	1
LVLT-3549	llantaskumho.pe	1
DIMENOC	smecs.pe	1
SERVERCENTRAL	remanent.pe	1
raqdns.net	havanna.pe	1
OVH SAS	electricsolutions.pe	1
SERVERCENTRAL	mantenimientodebombas.pe	1
hpserverdns.com	alvaradoexpress.pe	1
domainoo.fr	domainoo.fr	5
SERVERCENTRAL	paradox.pe	1
CLOUDFLARENET	RACKSPACE	5
sipanserver.com	zegatech.pe	1
neosecure.pe	neosecure.pe	1
hostgator.com	estudiocreer.pe	1
hostgator.com	xferica.pe	1
hpserverdns.com	camed.pe	1
AMAZON-02	eital.pe	1
megabus.pe	megacargo.pe	1
SERVERCENTRAL	bex.pe	1
Hetzner Online GmbH	overcontrol.pe	1
eventim.de	pphosted.com	2
register.eu	register.eu	1
AMAZON-02	baterias.pe	1
hostgator.com	d-sso.pe	1
supdns.net	GOOGLE	1
QUIC-CLOUD	pauloabad.com	1
Host Europe GmbH	suma.pe	1
OVH SAS	alimentarias.pe	1
dns-b.de	eurodental.pe	1
Red Cientifica Peruana	lpi.pe	1
SERVERCENTRAL	lcperu.pe	1
SERVERCENTRAL	amel.pe	1
net.pe	lapicerosypublicidad.pe	2
exclusivehosting.net	LIQUIDNETLTD1	10
CLOUDFLARENET	hibody.pe	1
hpserverdns.com	networksservices.pe	1
CLOUDFLARENET	warriorsclub.pe	1
manrev.net	manrev.com	1
hostinglabs.net	neccalzado.pe	1
ubilibet.biz	ubilibet.pe	1
Host Europe GmbH	grcrisk.pe	1
hpserverdns.com	artevo.pe	1
SERVERCENTRAL	transportesambrogio.pe	1
CLOUDFLARENET	Cloudflare London, LLC	8
ORANGEHOST	tli.pe	1
hostgator.com	hmmedical.pe	1
SERVERCENTRAL	respira.pe	1
net.pe	ezer.pe	1
net.pe	eventscorp.pe	1
SERVERCENTRAL	ley3692.pe	1
Hetzner Online GmbH	asfaltos-agregados.pe	1
CLOUDFLARENET	medigest.pe	1
ninjahosting.pe	gales.pe	1
hostingperu.solutions	GOOGLE	1
afro.cl	afro.cl	4
Combell NV	cattleya.pe	1
supremepanel.com	smt.pe	1
SECURITYSERVICES	MICROSOFT-CORP-MSN-AS-BLOCK	40
hostgator.com	marinacitycenter.pe	1
Hetzner Online GmbH	sanday.pe	1
freehost.pe	freehost.pe	1
iaasdns.com	almonacidyasociados.pe	1
cloudnsplus.com	seolima.pe	1
Dattatec.com	gemba.pe	1
serverhostgroup.com	lavariante.pe	1
AMAZON-02	abcsports.pe	1
IWEB-AS	senapre.pe	1
net.pe	itbrands.pe	1
net.pe	aht.pe	1
hostgator.com	seguros360.pe	1
apacheperu.org	dysmar.pe	1
SERVERCENTRAL	archinco.pe	1
DFW-DATACENTER	GOOGLE	2
NETWORK-SOLUTIONS-HOSTING	genuinemotors.pe	1
Red Cientifica Peruana	overfresh.pe	1
NL-811-40021	thermoenergia.pe	1
sistemasperuweb.com	roco.pe	1
anycast.me	OVH SAS	2
Red Cientifica Peruana	sowi.pe	1
AMAZON-02	cardbox.pe	1
SERVERCENTRAL	corpessa.pe	1
SECURITYSERVICES	delsur.pe	1
Hetzner Online GmbH	evolution360.pe	1
AMAZON-02	Cloudflare London, LLC	2
OVH SAS	clinicamariadelsocorro.pe	1
SERVERCENTRAL	medicinadeprecision.pe	1
SERVERCENTRAL	cyz.pe	1
IS-AS-1	legatex.pe	1
DFW-DATACENTER	flux.pe	1
winhost.com	internetmailserver.net	6
Akamai International B.V.	pphosted.com	7
Host Europe GmbH	gomotorsport.pe	1
scalaweb.pe	hhingenieria.pe	1
SERVERCENTRAL	papeleralima.pe	1
CLOUDFLARENET	globalbeauty.pe	1
domserver.de	MICROSOFT-CORP-MSN-AS-BLOCK	1
mainloop.net	MICROSOFT-CORP-MSN-AS-BLOCK	2
QUIC-CLOUD	printango.pe	1
hostgator.com	gonutro.pe	1
soluciones-aqp.com	mmk.pe	1
AMAZON-02	peoplexperts.pe	1
Dattatec.com	almayor.pe	1
NETWORK-SOLUTIONS-HOSTING	gasociados.pe	1
CLOUDFLARENET	fernandovarela.pe	1
PRIVATESYSTEMS	aczen.pe	1
cyberneticos.com	bitcoins.pe	1
NETWORK-SOLUTIONS-HOSTING	ZOHO-AS	15
SERVERCENTRAL	solitec.pe	1
SERVERCENTRAL	fabrimaquinarias.pe	1
net.pe	clinicasanantonio.pe	1
hpserverdns.com	lasamericas.pe	1
IS-AS-1	valka.pe	1
CLOUDFLARENET	dentalcabrera.pe	1
Dattatec.com	auradorada.pe	1
Red Cientifica Peruana	odiseacorp.pe	1
SERVERCENTRAL	klufast.pe	1
CLOUDFLARENET	nxtep.pe	1
hostgator.com	axisperu.pe	1
hpserverdns.com	sonlink.pe	1
SERVERCENTRAL	eleasarnina.pe	1
supremepanel.com	multiperfiles.pe	1
pymedns.net	frate.pe	1
IS-AS-1	ieprp.pe	1
veramendi.pe	veramendi.pe	1
AMAZON-02	abacont.pe	1
unknown	voyanatravel.pe	1
OVH SAS	partnerspro.pe	1
Cloud DNS Ltd	MICROSOFT-CORP-MSN-AS-BLOCK	1
SERVERCENTRAL	michi.pe	1
Red Cientifica Peruana	jamesmaki.pe	1
net.pe	pierangelidodero.pe	1
contabo.net	sireperu.pe	1
AMAZON-02	moneta.pe	1
SERVERCENTRAL	biocare.pe	1
Dattatec.com	ij-ilg.com	1
Red Cientifica Peruana	elcomedero.pe	1
Akamai Connected Cloud	denux.pe	1
hostinglabs.net	soportefinanciero.pe	1
hpserverdns.com	capitalina.pe	1
AMAZON-02	hostservercloud.com	1
CLOUDFLARENET	aliservicios.pe	1
net.pe	licitafacil.pe	1
AMAZON-02	Proton AG	1
SERVERCENTRAL	hdconsultores.pe	1
UNIFIEDLAYER-AS-1	MICROSOFT-CORP-MSN-AS-BLOCK	5
SERVERCENTRAL	lindaparedes.pe	1
net.pe	edu.pe	2
OVH SAS	peque.pe	1
pymedns.net	explotools.pe	1
IS-AS-1	geometrix.pe	1
com.br	com.br	9
sipanserver.com	ferrocentro.pe	1
adminhostdns13.com	inteligenciacompetitiva.pe	1
Red Cientifica Peruana	digitalease.pe	1
CLOUDFLARENET	etc.pe	1
net.pe	guiligan.pe	1
SERVERCENTRAL	evansmusic.pe	1
DIMENOC	cpta.pe	1
SERVERCENTRAL	reyplas.pe	1
Host Europe GmbH	grupocyc.pe	1
hostinglabs.net	red-itt.pe	1
Host Europe GmbH	mvbranding.pe	1
servidoresseguros.com	doval.pe	1
Dattatec.com	publistyle.pe	1
Hetzner Online GmbH	radiocalor.pe	1
latinoamericahosting.com	unaj.pe	1
CLOUDFLARENET	APPLE-ENGINEERING	12
net.pe	xplora.pe	1
Host Europe GmbH	bionuna.pe	1
PRIVATESYSTEMS	ciltest.pe	1
com.pe	cepower.pe	1
SERVERCENTRAL	tidecoalition.pe	1
hostinglabs.net	creasoluciones.pe	1
IWEB-AS	fixtel.pe	1
supremepanel.com	GOOGLE	7
planetahosting.pe	hillary.pe	1
Combell NV	certificadosaludmental.pe	1
elima.top	ZOHO-AS	2
CLOUDFLARENET	americadeportes.pe	1
dnsmisitio.net	fsi.pe	1
contabo.net	GOOGLE	4
unknown	talentica.pe	1
infomaniak.com	infomaniak.ch	1
SERVERCENTRAL	copiasdelivery.pe	1
sipanserver.com	apetic.pe	1
SERVERCENTRAL	elbalon.pe	1
NETWORK-SOLUTIONS-HOSTING	geopolis.pe	1
Red Cientifica Peruana	alejandrovelez.pe	1
CLOUDFLARENET	audiostream.pe	1
sgtquiroz.com	perunorte.pe	1
hostingperu.online	renel.pe	1
net.pe	northtelecom.pe	1
Red Cientifica Peruana	zaps.pe	1
ipcom GmbH	hohenstein.pe	1
assuredserver.net	logycon.pe	1
AMAZON-02	gatoviejo.pe	1
net.pe	antmar.pe	1
OVH SAS	gabaltech.pe	1
net.ec	MICROSOFT-CORP-MSN-AS-BLOCK	1
mihost.com	roal.pe	1
IS-AS-1	inmobiperu.pe	1
DIGITALOCEAN-ASN	gobiernodigital.pe	1
IWEB-AS	jsconsultores.pe	1
SERVERCENTRAL	greenventures.pe	1
CLOUDFLARENET	grupoa.pe	1
hpserverdns.com	allinprint.pe	1
mihosting.net	yaleperu.pe	1
Red Cientifica Peruana	jvr.pe	1
DFW-DATACENTER	norbus.pe	1
unens.com	gammagrafias.pe	1
AMAZON-02	avivet.pe	1
CLOUDFLARENET	jurisprudencia.pe	1
Red Cientifica Peruana	brosbel.pe	1
CLOUDFLARENET	idealo.pe	1
parkovka.ua	profitmark.pe	1
nichohosting.com	g0b.pe	1
phsperuserver.com	lanas.pe	1
CLOUDFLARENET	mymailcheap.com	1
hubara.net	vass.pe	1
net.pe	innovapp.pe	1
rstinfosystem.com	chinchay.pe	1
latinoamericahosting.com	pcstore.pe	1
Red Cientifica Peruana	trending.pe	1
net.pe	pecos.pe	1
Hetzner Online GmbH	MICROSOFT-CORP-MSN-AS-BLOCK	8
MULTA-ASN1	mundoalpaca.pe	1
DinaHosting S.L.	claroplanes.pe	1
wtlglobalv1.com	lasbahias.pe	1
DIGICERT	khaos.pe	1
CLOUDFLARENET	malldelsur.pe	1
CLOUDFLARENET	ciem.pe	1
cloudns.net	ZOHO-AS	3
IS-AS-1	startv.pe	1
exclusivehosting.net	GOOGLE	4
hostinglabs.net	insulpro.pe	1
tecnoweb.net	gondolatours.pe	1
net.pe	arzsoft.pe	1
SERVERCENTRAL	acec.pe	1
erickapinedo.com	pruebalo.pe	1
pymedns.net	cableperu.pe	1
dominios-hosting-peru.com	GOOGLE	1
hpserverdns.com	ryrsoluciones.pe	1
CLOUDFLARENET	rlc.pe	1
CLOUDFLARENET	baseparahelados.pe	1
AMAZON-02	familiaysalud.pe	1
hpserverdns.com	cjlegal.pe	1
ticel.cl	MICROSOFT-CORP-MSN-AS-BLOCK	1
opsdns.ch	typo3.pe	1
CLOUDFLARENET	enaco.pe	1
latinoamericahosting.com	anjesa.pe	1
DIMENOC	novaglass.pe	1
hostgator.com	servconsa.pe	1
DIMENOC	luckytrips.pe	1
SECURITYSERVICES	mf.pe	1
CLOUDFLARENET	eventises.com	1
inmotionhosting.com	feriar.pe	1
unknown	elbuencontador.pe	1
Red Cientifica Peruana	camacho.pe	1
DIMENOC	GOOGLE	8
net360.ovh	loretoemprende.pe	1
AMAZON-02	imprimark.pe	1
unknown	mrlimpio.pe	1
Red Cientifica Peruana	mbrands.pe	1
PRIVATESYSTEMS	rfd.pe	1
pymedns.net	manchay.pe	1
AMAZON-02	accurat.pe	1
SERVERCENTRAL	gdcdesarrollos.pe	1
Dattatec.com	kirocorp.pe	1
com.pe	evocars.pe	1
nubeoptima.com	imagendigital.pe	1
SOFTLAYER	flyingdog.pe	1
PRIVATESYSTEMS	ZOHO-AS	5
armotec.pe	GOOGLE	2
nseasy.com	mueblesdeoficina.pe	1
SERVERCENTRAL	naturlife.pe	1
Wildcard UK Limited	zenkiu.pe	1
CLOUDFLARENET	onlinecasinobonus.pe	1
SECURITYSERVICES	masclientes.pe	1
SERVERCENTRAL	ecocampo.pe	1
latinoamericahosting.com	servilegal.pe	1
unicentro.pe	unicentro.pe	1
Red Cientifica Peruana	jkconstrucciones.pe	1
sipanserver.com	xprosac.pe	1
Akamai Connected Cloud	technow.pe	1
OVH SAS	cleantouch.pe	1
servercloudhost.com	bravuu.pe	1
GANDI SAS	APPLE-ENGINEERING	1
AMAZON-02	androra.pe	1
NUCDN	MICROSOFT-CORP-MSN-AS-BLOCK	9
cpanelhost.cl	depotparts.pe	1
inmotionhosting.com	GOOGLE	14
SERVERCENTRAL	atop.pe	1
test-conadis.com	safecab.pe	1
net.pe	jjabogados.pe	1
Red Cientifica Peruana	digiway.pe	1
ANEXIA Internetdienstleistungs GmbH	pphosted.com	1
ORACLE-BMC-31898	solary.pe	1
CLOUDFLARENET	wynns.pe	1
unknown	OVH SAS	1
gotipmedia.com	induga.pe	1
planetahosting.pe	alequin.pe	1
DIMENOC	ccacorp.pe	1
andinohost.net	mundoholidays.pe	1
Host Europe GmbH	grupofenix.pe	1
hpserverdns.com	mobis.pe	1
GOOGLE	laespanola.pe	1
OVH SAS	benoitaudifonos.pe	1
SERVERCENTRAL	teisters.pe	1
Contabo GmbH	protectionzone.pe	1
Red Cientifica Peruana	ktrauma.pe	1
PRIVATESYSTEMS	uptraffic.pe	1
net.pe	delicass.pe	1
DIGITALOCEAN-ASN	inuxdata.pe	1
AMAZON-02	tcorp.pe	1
Hetzner Online GmbH	ciudadviva.pe	1
Red Cientifica Peruana	elpezgordo.pe	1
NETWORK-SOLUTIONS-HOSTING	sombrerogris.pe	1
ultahost.com	andara.pe	1
empresadns.net	GOOGLE	1
apache-peru.org	ceicp.pe	1
SECURITYSERVICES	sentir.pe	1
sipanserver.com	labeltek.pe	1
SERVERCENTRAL	biobelleza.pe	1
hostgator.com	concretoconstrumix.pe	1
DIMENOC	iop.pe	1
zumedns.com	inverso.pe	1
RELIABLESITE	trapos.pe	1
CLOUDFLARENET	qatuna.pe	1
net.pe	syo.pe	1
NUCDN	SECURITYSERVICES	2
CLOUDFLARENET	corporacioninnova.pe	1
net.pe	jugos.pe	1
xkno-agencia.com	ladorada.pe	1
CLOUDFLARENET	jucu.pe	1
Red Cientifica Peruana	laspiramides.pe	1
hostinglabs.net	easesor.pe	1
CLOUDFLARENET	vivaya.pe	1
SERVERCENTRAL	verse.pe	1
entradaya.pe	GOOGLE	1
AMAZON-02	contratando.pe	1
sensacperu.net	soefi.pe	1
UNIFIEDLAYER-AS-1	portalcumbia.pe	1
PRIVATESYSTEMS	mundo-tec.pe	1
SERVERCENTRAL	lacasitadelucy.pe	1
NL-811-40021	cocoafoods.pe	1
UNIFIEDLAYER-AS-1	gapper.pe	1
geaperu.pe	geaperu.pe	1
servidordnspremium.com	west.pe	1
Red Cientifica Peruana	cloudsyte.pe	1
garricmedica.com	garricsolutions.pe	1
AMAZON-02	cursosgratis.pe	1
imagiaweb.net	fomentar.pe	1
CLOUDFLARENET	minimalactive.pe	1
latinoamericahosting.com	amaranto.pe	1
net.pe	genexs.pe	1
IOFLOOD	domocorp.pe	1
net.pe	Scaleway S.a.s.	2
hpserverdns.com	grupojjm.pe	1
SERVERCENTRAL	redinsa.pe	1
SERVERCENTRAL	ares.pe	1
CLOUDFLARENET	motores.pe	1
NETWORK-SOLUTIONS-HOSTING	kalte.pe	1
sipanserver.com	rodriz.pe	1
OVH SAS	nextcloud.pe	1
Red Cientifica Peruana	minamon.pe	1
panel.pe	a1center.net	1
UNIFIEDLAYER-AS-1	automarket.pe	1
SERVERCENTRAL	nutrideli.pe	1
AMAZON-02	misterdollar.pe	1
OVH SAS	primavera.pe	1
tecnoweb.net	agroplast.pe	1
hpserverdns.com	megaequipamiento.pe	1
UNIFIEDLAYER-AS-1	vidrieriasanborja.pe	1
exacttarget.com	exacttarget.com	2
DFW-DATACENTER	ambro-sol.pe	1
CLOUDFLARENET	estaciondecafe.pe	1
SERVERCENTRAL	latropical.pe	1
LVLT-3549	GOOGLE	2
com.pe	casalmartino.pe	1
Red Cientifica Peruana	chabucagranda.pe	1
SERVERCENTRAL	agl.pe	1
UNIFIEDLAYER-AS-1	tecestudio.pe	1
sipanserver.com	2m.pe	1
tecnoweb.net	qanalytics.pe	1
ORANGEHOST	clandestina.pe	1
mjsolucionesperu.com	GOOGLE	1
SERVERCENTRAL	cientec.pe	1
Red Cientifica Peruana	victorjuarez.pe	1
AMAZON-02	7bim.pe	1
SERVERCENTRAL	amalie.pe	1
plass.pe	GOOGLE	1
DFW-DATACENTER	pytcontadores.pe	1
OVH SAS	mnmal.pe	1
planetahosting.pe	sercasa.pe	1
dantepacha.net	MICROSOFT-CORP-MSN-AS-BLOCK	1
credimasoriente.com	tvo.pe	1
Red Cientifica Peruana	tecnova.pe	1
indexaserver.com	wakagrill.pe	1
CLOUDFLARENET	kerjamail.co	1
IOFLOOD	GOOGLE	11
SERVERCENTRAL	pisoslaminados.pe	1
Red Cientifica Peruana	capacitate.pe	1
pymedns.net	amcrefrigeracion.pe	1
SERVERCENTRAL	medifay.pe	1
Host Europe GmbH	rjabogados.pe	1
CLOUDFLARENET	coneypark.pe	1
hostgator.com	lax.pe	1
SECURITYSERVICES	medslabs.pe	1
Red Cientifica Peruana	humanify.pe	1
IS-AS-1	grey-group.pe	1
SERVERCENTRAL	catartica.pe	1
cloudnsplus.com	plicometro.pe	1
Hostinger International Limited	CLOUDFLARENET	9
interkambio.com	interkambio.pe	1
UNIFIEDLAYER-AS-1	GOOGLE	15
apache-peru.com	capacitados.pe	1
c6p.net	redmagic10pro.pe	1
net.pe	liftmaster.pe	1
intelisperu.org	sylservices.pe	1
WHG Hosting Services Ltd	imase.pe	1
CLOUDFLARENET	starmobile.pe	1
Host Europe GmbH	bosko.pe	1
Dattatec.com	cmmproducts.pe	1
Red Cientifica Peruana	track.pe	1
one.com	GOOGLE	1
ninjahosting.pe	deliso.pe	1
Red Cientifica Peruana	mcmillan.pe	1
NETWORK-SOLUTIONS-HOSTING	novolite.pe	1
Signet B.V.	MICROSOFT-CORP-MSN-AS-BLOCK	3
dodns.net	MICROSOFT-CORP-MSN-AS-BLOCK	1
LEASEWEB-USA-DAL	amstest.pe	1
dns.salon	kompas.cr	2
Host Europe GmbH	enfisa.pe	1
Red Cientifica Peruana	clarocorp.pe	1
OVH SAS	boxart.pe	1
DFW-DATACENTER	lithos.pe	1
l4dns.com	GOOGLE	3
CLOUDFLARENET	sitio.pe	1
OVH SAS	i-talent.pe	1
CLOUDFLARENET	radiosperu.pe	1
NOCPERU-LATIN TECHNOLOGIES	anaconda.pe	1
DIMENOC	maddox.pe	1
markmonitor.zone	melbourneitdbsmail.com	1
Red Cientifica Peruana	estudioraulcanelo.pe	1
NETWORK-SOLUTIONS-HOSTING	almat.pe	1
hpserverdns.com	tracktana.pe	1
NETWORK-SOLUTIONS-HOSTING	computekk.pe	1
RELIABLESITE	MICROSOFT-CORP-MSN-AS-BLOCK	2
hostinglabs.net	ceotec.pe	1
unknown	aulavirtualperu.pe	1
gocheapweb.com	hogari.pe	1
hostgator.com	top10travel.pe	1
xtsystem.it	digital-point.it	1
SERVERCENTRAL	rodrich.pe	1
Red Cientifica Peruana	casabia.pe	1
SERVERCENTRAL	pachacamac.pe	1
CLOUDFLARENET	obscura.pe	1
CLOUDFLARENET	co.id	2
SERVERCENTRAL	gekko.pe	1
hostgator.com	uniclinic.pe	1
siteocity.com	siteocity.com	1
CLOUDFLARENET	barletta.pe	1
DIMENOC	qualy.pe	1
AMAZON-02	4tec.pe	1
AMAZON-02	gastroenterologo.pe	1
diceahost.com	630.pe	1
CLOUDFLARENET	encuentro.pe	1
Red Cientifica Peruana	forestmine.pe	1
latinoamericahosting.com	fastconnect.pe	1
sevenktz.com	urban.pe	1
argewebhosting.com	argewebhosting.nl	3
innovateserverperu.com	radiostudio5.pe	1
facturandala.com	baxter.pe	1
NETWORK-SOLUTIONS-HOSTING	smartline.pe	1
dnstools.nl	MICROSOFT-CORP-MSN-AS-BLOCK	1
Red Cientifica Peruana	poweryou.pe	1
CLOUDFLARENET	luceti.pe	1
Host Europe GmbH	topmotors.pe	1
SECURITYSERVICES	castroabogados.pe	1
tmdcloud.com	tmdcloud.com	1
PRIVATESYSTEMS	zahara.pe	1
CLOUDFLARENET	minepro.pe	1
Red Cientifica Peruana	agromia.pe	1
AMAZON-02	conversica.pe	1
Red Cientifica Peruana	ajproduce.pe	1
NUCDN	Adam EcoTech, S.A	12
Red Cientifica Peruana	pampabonita.pe	1
Hetzner Online GmbH	promesa.pe	1
gigaperhost.com	ZOHO-AS	1
peru-code.com	misterpaper.pe	1
sedo.com	localhost	4
SERVERCENTRAL	icc.pe	1
AMAZON-02	ggconsultores.pe	1
imhostingperu.com	rmfox.pe	1
hpserverdns.com	nym.pe	1
hostinglabs.net	cio-it.pe	1
dialecloud.com	sportboden.pe	1
hpserverdns.com	medicperu.pe	1
AMAZON-02	stableserver.net	1
latinoamericahosting.com	inversionesmh.pe	1
Host Europe GmbH	disoil.pe	1
nominalia.com	iphmx.com	1
socgen.com	socgen.com	2
CLOUDFLARENET	mann.pe	1
latinoamericahosting.com	bimforum.pe	1
disnetserver.com	MICROSOFT-CORP-MSN-AS-BLOCK	1
OVH SAS	setep.pe	1
AMAZON-02	plegables.pe	1
hostingroup.com	diamondglass.pe	1
SERVERCENTRAL	ambsac.pe	1
Red Cientifica Peruana	ebc.pe	1
AMAZON-02	quinuandina.pe	1
apacheplumadorada.com	electromet.pe	1
servidorlatino.com	comidaperuana.pe	1
GOOGLE	forpsi.com	1
webhost4life.com	GOOGLE	1
latinoamericahosting.com	goalkeeper.pe	1
DIMENOC	smxemail.com	1
CLOUDFLARENET	perucode.center	1
NETWORK-SOLUTIONS-HOSTING	sigu.pe	1
Hetzner Online GmbH	sistemy.pe	1
hostgator.com	cacqorilazo.pe	1
hostingviper.com	serengueti.pe	1
SERVERCENTRAL	generalelectricperu.pe	1
OVH SAS	taleholding.pe	1
AMAZON-AES	yahoodns.net	8
OVH SAS	clinicaveterinariasangabriel.pe	1
unknown	radiopoder.pe	1
CLOUDFLARENET	gestiva.pe	1
CLOUDFLARENET	ZOHO Corporation B.V	8
CLOUDFLARENET	microblading.pe	1
net.pe	Cloudflare London, LLC	7
Dattatec.com	adrconsultores.pe	1
unknown	hormiguita.pe	1
jumpdns.net	crecemype.pe	1
OVH SAS	expoinmobiliario.pe	1
onradio.cloud	NAMECHEAP-NET	1
net.pe	nutrigas.pe	1
hostgator.com	pontelacamiseta.pe	1
apacheplumadorada.org	versac.pe	1
onetwork.org	GOOGLE	2
Host Europe GmbH	hotelero.pe	1
net.pe	kuai.pe	1
CLOUDFLARENET	portada.pe	1
net.pe	terramar.pe	1
NETWORK-SOLUTIONS-HOSTING	openplanning.pe	1
com.pe	talentmarket.pe	1
SERVERCENTRAL	pakapaka.pe	1
Akamai Connected Cloud	coespepuno.pe	1
Combell NV	quru.pe	1
NETWORK-SOLUTIONS-HOSTING	cronostec.pe	1
Knipp Medien und Kommunikation GmbH	ethenea.lu	1
serverziccosor.com	aprofin.pe	1
i-magent.com	turismoperu.pe	1
net.pe	tiresoft.pe	1
SERVERCENTRAL	247consultores.pe	1
NL-811-40021	bmnetworks.pe	1
BIZLAND-SD	ghersi.pe	1
AMAZON-02	capsur.pe	1
LVLT-3549	lexhaus.pe	1
td-fn.net	GOOGLE	1
AMAZON-02	fmpingenieros.pe	1
Host Europe GmbH	id4you.pe	1
hostinglabs.net	peruessence.pe	1
PRIVATESYSTEMS	ecofactura.pe	1
thomyhost.com	AUTOMATTIC	1
SERVERCENTRAL	duckside.pe	1
AMAZON-02	agromar.pe	1
CLOUDFLARENET	seguridadclave7.pe	1
SERVERCENTRAL	gpshop.pe	1
Red Cientifica Peruana	sicoin.pe	1
CLOUDFLARENET	perust.pe	1
Contabo GmbH	envivoperu.pe	1
planetahosting.pe	naturexperience.pe	1
SERVERCENTRAL	lubricenter.pe	1
contabo.net	mdp.pe	1
PRIVATESYSTEMS	yatelnet.pe	1
freeones.com	funix.nl	1
Hetzner Online GmbH	calderaslyc.pe	1
DIGICERT	rapidmail.pe	1
juanxxiii.pe	juanxxiii.pe	1
LIQUIDWEB	tiendamovistar.pe	1
latinoamericahosting.com	kitchenperu.pe	1
relevancecorp.com	comparamas.pe	1
Combell NV	fiorini.pe	1
CLOUDFLARENET	SQUIXA PTY LIMITED	7
IOFLOOD	umbrella.pe	1
tieriun.net	italia.pe	1
Host Europe GmbH	ayahuascaecotours.pe	1
AMAZON-02	hespi.pe	1
Host Europe GmbH	mueblesquito.pe	1
SERVERCENTRAL	usared.pe	1
dots-interactive.com	egemass.pe	1
extractores.cl	extractores.pe	1
Dattatec.com	inmar.pe	1
mediodigital.us	ZOHO-AS	1
AMAZON-02	formin.pe	1
Dattatec.com	nexa.pe	1
tecnoweb.net	oistudio.pe	1
Red Cientifica Peruana	t3sla.pe	1
SERVERCENTRAL	maxiahorro.pe	1
Red Cientifica Peruana	maxter.pe	1
Red Cientifica Peruana	infoperez.pe	1
SERVERCENTRAL	efeprimace.pe	1
CLOUDFLARENET	guille.pe	1
OVH SAS	gasmarket.pe	1
webhostingpad.com	whpservers.com	1
AMAZON-02	SECURITYSERVICES	5
CLOUDFLARENET	energuias.pe	1
latinoamericahosting.com	silmatic.pe	1
net.pe	ringpower.pe	1
OVH SAS	mecsa.pe	1
net.pe	Red Cientifica Peruana	4
net.pe	conalto.pe	1
com.pe	somosperu.pe	1
macprad.com	transmak.pe	1
Red Cientifica Peruana	cqfp.pe	1
SERVERCENTRAL	rentaclima.pe	1
Red Cientifica Peruana	mundesi.pe	1
IS-AS-1	doms.pe	1
crype-hosting.com	cry.pe	1
OVH SAS	ohas.pe	1
hostgator.com	moosita.pe	1
SERVERCENTRAL	psicovida.pe	1
net.pe	earth25.pe	1
Wildcard UK Limited	deia.pe	1
AMAZON-02	internetsatelital.pe	1
net.pe	preansa.pe	1
contabo.net	MICROSOFT-CORP-MSN-AS-BLOCK	2
hpserverdns.com	dmujeres.pe	1
Safenames Ltd.	pphosted.com	3
SERVERCENTRAL	GO-DADDY-COM-LLC	6
K Media Tech Ltd.	xentic.pe	1
Red Cientifica Peruana	netconnections.pe	1
OVH SAS	plastimax.pe	1
CLOUDFLARENET	bobby.pe	1
SERVERCENTRAL	northbeach.pe	1
dialecloud.com	productoperuano.pe	1
net.pe	mynetname.net	1
pymedns.net	GOOGLE	2
MICROSOFT-CORP-MSN-AS-BLOCK	simplot.pe	1
soporteonline24.com	qrz.pe	1
AMAZON-02	cimark.pe	1
OVH SAS	cadira.pe	1
Host Europe GmbH	briane.pe	1
hostinglabs.net	primemining.pe	1
NETWORK-SOLUTIONS-HOSTING	businesstohappiness.pe	1
CLOUDFLARENET	codiza.pe	1
dnslivehost.net	carlosmeneses.pe	1
megalink.com	megalink.com	1
inmotionhosting.com	armasperu.pe	1
OVH SAS	momcozy.pe	1
SERVERCENTRAL	grupofuerte.pe	1
Hetzner Online GmbH	flordeluna.pe	1
overclockpchosting.net	mcj.pe	1
net.pe	reniec.pe	1
OVH SAS	codex.pe	1
NETWORK-SOLUTIONS-HOSTING	gleka.pe	1
UNIFIEDLAYER-AS-1	hostpro.pe	1
nsresponse.com	cromak.pe	1
SERVERCENTRAL	truckersday.pe	1
hostgator.com	appex.pe	1
webair.net	pactum.pe	1
SERVERCENTRAL	intergestion.pe	1
net.pe	aresperu.pe	1
sg-server.net	azulado.pe	1
Red Cientifica Peruana	maroal.pe	1
pymedns.net	maestudio.pe	1
SECURITYSERVICES	nibiru.pe	1
unknown	zeroxmotors.pe	1
CLOUDFLARENET	trendy.pe	1
bewe.pe	bewe.pe	1
OVH SAS	prodate.pe	1
SERVERCENTRAL	vivedigital.pe	1
DIMENOC	gametex.pe	1
IONOS SE	grupo-sanjose.com	1
Red Cientifica Peruana	orangesecurity.pe	1
klikohost.com	seguridadprivada.pe	1
Red Cientifica Peruana	worldtime.pe	1
CLOUDFLARENET	lecto.pe	1
LEASEWEB-USA-DAL	sudmetal.pe	1
AMAZON-02	cafeteina.pe	1
inmotionhosting.com	skinland.pe	1
CLOUDFLARENET	meijer.pe	1
hispalisdns.com	qabogados.pe	1
SECURITYSERVICES	danonino.pe	1
sitiodns.net	calmaysalud.pe	1
Host Europe GmbH	acfarma.pe	1
latinoamericahosting.com	alep.pe	1
SERVERCENTRAL	ventadecamionesymaquinaria.pe	1
Host Europe GmbH	rodaris.pe	1
e-digitalhosting.net	mcelectric.pe	1
Dattatec.com	scrof.pe	1
net.pe	tarpuy.pe	1
Dattatec.com	homeflex.pe	1
NSONE	CLOUDFLARENET	4
crocodille.com	crocodille.cz	1
Dattatec.com	skillabs.pe	1
Dattatec.com	formas.pe	1
dnsmisitio.net	risk-analytics.pe	1
net.pe	edusoftnet.pe	1
admeli.com	propia.pe	1
CLOUDFLARENET	thefactory.pe	1
Host Europe GmbH	Akamai International B.V.	3
alimentos.pe	alimentos.pe	1
biru.pe	ZOHO-AS	1
zoneedit.com	IONOS SE	1
titanicsoft.com	encoded.pe	1
SHOCK-1	australgroup.pe	1
WII	davidruizvela.pe	1
hostgator.com	joaquinsalvador.pe	1
tecnoweb.net	zornoza.pe	1
RELIABLESITE	animamea.pe	1
Host Europe GmbH	qobo.pe	1
hostgator.com	herramientasyequipos.pe	1
SERVERCENTRAL	miostyle.pe	1
AMAZON-02	modamax.pe	1
pyruscloud.com	rosavida.pe	1
my-hosting-panel.com	skytech.pe	1
Red Cientifica Peruana	newspeed.pe	1
Red Cientifica Peruana	openautomation.pe	1
codenserver.com	termopaneles.pe	1
CLOUDFLARENET	beehome.pe	1
SERVERCENTRAL	aguaplus.pe	1
SERVERCENTRAL	viajesandina.pe	1
DIMENOC	asegurando.pe	1
hostgator.com	testamentosporinternet.pe	1
UNIFIEDLAYER-AS-1	ipartners.pe	1
ilmaistro.pe	clinicalhome.pe	1
dnsmisitio.net	fingerlock.pe	1
UNIFIEDLAYER-AS-1	elperuanito.pe	1
latinoamericahosting.com	yadea.pe	1
servconfig.com	djulia.pe	1
Hetzner Online GmbH	mvmtech.pe	1
contabo.net	ons.pe	1
UNIFIEDLAYER-AS-1	ckcomputers.pe	1
hpserverdns.com	hoteldeturistas.pe	1
tecnoweb.net	mgyt.pe	1
CLOUDFLARENET	vegware.pe	1
LVLT-3549	gsm.pe	1
Host Europe GmbH	enfoques.pe	1
cloudns.net	MICROSOFT-CORP-MSN-AS-BLOCK	15
apacheperu.net	lafayette.pe	1
Red Cientifica Peruana	dyp.pe	1
NETWORK-SOLUTIONS-HOSTING	mezkla.pe	1
Akamai Connected Cloud	synergyfm.pe	1
cloudserver23.com	danfra.pe	1
Red Cientifica Peruana	integrum.pe	1
zgh.host	kmx.pe	1
AMAZON-02	ingra.pe	1
SERVERCENTRAL	tribuviajera.pe	1
net.pe	mcm.pe	1
net.pe	smartlift.pe	1
pixelx.de	msp-concept.de	1
DFW-DATACENTER	grupana.pe	1
hispalisdns.com	consuempresa.pe	1
hpserverdns.com	rame.pe	1
iptwins.com	OVH SAS	9
Host Europe GmbH	ummi.pe	1
argemedic.com	argemedic.pe	1
123ns.de	schueco.pe	1
AMAZON-02	easydns.com	1
Red Cientifica Peruana	montemora.pe	1
Dattatec.com	perutaiki.pe	1
AMAZON-02	pdg.pe	1
CLOUDFLARENET	cfmoto.pe	1
net.pe	curtain.pe	1
SERVERCENTRAL	zarak.pe	1
OVH SAS	aaisa.pe	1
DIMENOC	gate28.pe	1
dns1.de	stauff.pe	1
websupport.sk	websupport.sk	3
hpserverdns.com	estrategiaglobal.pe	1
OVH SAS	seveninmobiliaria.pe	1
latinoamericahosting.com	wsd.pe	1
Red Cientifica Peruana	teca.pe	1
unknown	visionone.pe	1
SERVERCENTRAL	tacora.pe	1
PRIVATESYSTEMS	centraltravel.pe	1
Red Cientifica Peruana	geriavida.pe	1
Red Cientifica Peruana	legalcorporate.pe	1
NETWORK-SOLUTIONS-HOSTING	evotech-solution.pe	1
Red Cientifica Peruana	familiafeliz.pe	1
SERVERCENTRAL	periodismouniversitario.pe	1
OVH SAS	GOOGLE-CLOUD-PLATFORM	1
hostgator.com	dkart.pe	1
OVH SAS	corner-pocket.pe	1
CLOUDFLARENET	petitpalace.pe	1
hn.pe	lessa.pe	1
hostgator.com	ninastyle.pe	1
bb-online.biz	co.uk	4
SERVERCENTRAL	curazao.pe	1
Red Cientifica Peruana	smgsoluciones.pe	1
AS-30083-US-VELIA-NET	txi.pe	1
hostgator.com	fuelbar.pe	1
artegias.com	dulcehogar.pe	1
Red Cientifica Peruana	gmc.pe	1
hostgator.com	yurax.pe	1
SECURITYSERVICES	vivoenred.pe	1
Hetzner Online GmbH	cnctv.pe	1
ns14.net	denios.pe	1
MAJESTIC-HOSTING-01	realeza.pe	1
MICROSOFT-CORP-MSN-AS-BLOCK	trendmicro.com	2
CLOUDFLARENET	sunrental.pe	1
akllatravels.com	scalarq.pe	1
MICROSOFT-CORP-MSN-AS-BLOCK	ZOHO-AS	2
hostinglabs.net	artic.pe	1
MULTA-ASN1	grupomichell.pe	1
Red Cientifica Peruana	limacorp.pe	1
SERVERCENTRAL	sentimiento.pe	1
com.pe	nvlsoft.pe	1
OVH SAS	carnilove.pe	1
gfserver.net	grupoaleman.pe	1
LEASEWEB-USA-DAL	nws.pe	1
SECURITYSERVICES	amstel.pe	1
DIGITALOCEAN-ASN	hostns.io	21
IS-AS-1	trovador.pe	1
net.pe	imp.pe	1
Host Europe GmbH	ovlab.pe	1
SERVERCENTRAL	Hetzner Online GmbH	1
net.pe	vegagc.org	1
SECURITYSERVICES	oliversperu.pe	1
SERVERCENTRAL	coinpro.pe	1
IS-AS-1	bananasystem.pe	1
netim.net	GOOGLE	2
NL-811-40021	barcoding.pe	1
OVH SAS	servalve.pe	1
Red Cientifica Peruana	studiofood.pe	1
supplycorp.pe	GOOGLE	1
SERVERCENTRAL	tempo.pe	1
SERVERCENTRAL	pielbella.pe	1
systemjek.com	perutrader.pe	1
BIZLAND-SD	muaythai.pe	1
SERVERCENTRAL	ideco.pe	1
Host Europe GmbH	citamedica.pe	1
afraid.org	MICROSOFT-CORP-MSN-AS-BLOCK	1
pierocarusso.com	chambea.pe	1
Red Cientifica Peruana	medilaboris.pe	1
OVH SAS	alliancecapital.pe	1
apache-peru.com	gsea.pe	1
Red Cientifica Peruana	nefrogolf.pe	1
audi.de	audi.de	1
ORACLE-BMC-31898	jea.pe	1
IS-AS-1	jalara.pe	1
net.pe	amerpaints.pe	1
chamonix-peru.com	talentohumanoperu.pe	1
admeli.com	mayer.pe	1
PRIVATESYSTEMS	adc2.pe	1
patagon.cl	GOOGLE	1
hostgator.com	jamys.pe	1
CLOUDFLARENET	notsane.pe	1
AMAZON-02	cubicol.pe	1
hpserverdns.com	grupopr.pe	1
ws-ecomm-sac.com	tourvirtual360.pe	1
hpserverdns.com	amenar.pe	1
CLOUDFLARENET	qualityca.pe	1
CLOUDFLARENET	altapietra.pe	1
Akamai Connected Cloud	hidroandina.pe	1
publicisgroupe.com	MICROSOFT-CORP-MSN-AS-BLOCK	3
Red Cientifica Peruana	newholland.pe	1
Dattatec.com	argoscorp.pe	1
Dattatec.com	huallaga.pe	1
websolutions.pe	eht.pe	1
clicempresa.com	cumbreperu.pe	1
DIMENOC	bhsac.pe	1
wtlcontrol.com	GOOGLE	1
latinoamericahosting.com	ironparts.pe	1
datta.pe	americana.pe	1
v2n.cl	certhia.pe	1
dnshf.com	pussyshop.pe	1
CLOUDFLARENET	tickets.pe	1
NL-811-40021	iasg.pe	1
SERVERCENTRAL	printperu.pe	1
NETWORK-SOLUTIONS-HOSTING	delvalleimport.pe	1
z-ns.net	com.ua	4
com.pe	mac.pe	1
sipanserver.com	melamitex.pe	1
SERVERCENTRAL	astriv.pe	1
domainoffensive.de	mail-redirect.de	1
CLOUDFLARENET	reconstruccionmamaria.pe	1
prplmedia.com	sodo.pe	1
vdoperu.com	gtr.pe	1
dnsmisitio.net	hidroriego.pe	1
PONYNET	gamainmobiliaria.pe	1
CLOUDFLARENET	segurinvest.pe	1
Host Europe GmbH	DIGITALOCEAN-ASN	1
SERVERCENTRAL	acperu.pe	1
SERVERCENTRAL	investerra.pe	1
perfect-dns.com	richwoodperu.pe	1
ns14.net	astrocanal.pe	1
hpserverdns.com	sydney.pe	1
CLOUDFLARENET	lenyes.pe	1
CLOUDFLARENET	ppe-hosted.com	5
hpserverdns.com	compunetstore.pe	1
Host Europe GmbH	rocktape.pe	1
indexa.pe	digitalcom.pe	1
IS-AS-1	playacayma.pe	1
hostgator.com	siaingenieria.pe	1
hostgator.com	geff.pe	1
CLOUDFLARENET	softwareshortcuts.pe	1
Hydra Communications Ltd	perureport.pe	1
SERVERCENTRAL	fly.pe	1
AMAZON-02	firetools.pe	1
SERVERCENTRAL	buscotrabajo.pe	1
tecnoweb.net	mobius.pe	1
ultahost.com	lamelgariana.pe	1
medioseideas.com	ladyotaku.pe	1
UNIFIEDLAYER-AS-1	slexpress.pe	1
INMOTION	mailchannels.net	6
dnslivehost.net	snperu.pe	1
CLOUDFLARENET	cajascarton.pe	1
OVH SAS	ovaltech.pe	1
Red Cientifica Peruana	grupohym.pe	1
servidorglobal.com	nfsac.pe	1
DIMENOC	palpueblo.pe	1
gransy.com	tok.pe	1
UNIFIEDLAYER-AS-1	epec.pe	1
Red Cientifica Peruana	virgendeguadalupe.pe	1
NL-811-40021	auki.pe	1
acens Technologies, S.L.	mltransportation.pe	1
Dattatec.com	pgs.pe	1
admeli.com	gnsys.pe	1
admeli.com	MICROSOFT-CORP-MSN-AS-BLOCK	1
SERVERCENTRAL	faincorp.pe	1
unnu.pe	GOOGLE	1
AMAZON-02	bmax.pe	1
UNIFIEDLAYER-AS-1	cfconsulting.pe	1
hostgator.com	andeco.pe	1
zonasprivadasdns.com	lockbridge.pe	1
hostinglabs.net	speedcargo.pe	1
IONOS SE	spamtitan.com	1
net.pe	consorciohs.pe	1
Host Europe GmbH	ligafem.pe	1
SERVERCENTRAL	emass.pe	1
pymedns.net	fumiga.pe	1
cloudnsplus.com	MICROSOFT-CORP-MSN-AS-BLOCK	1
Red Cientifica Peruana	yalo.pe	1
Red Cientifica Peruana	ecotech.pe	1
NETWORK-SOLUTIONS-HOSTING	vidalibros.pe	1
net.pe	travex.pe	1
SERVERCENTRAL	acrilicos.pe	1
pymedns.net	lachela.pe	1
sipanserver.com	automotor.pe	1
tecnoweb.net	quezada.pe	1
AS-30083-US-VELIA-NET	diru.pe	1
Red Cientifica Peruana	deliciasysabores.pe	1
GOOGLE	surserver.net	1
CLOUDFLARENET	hostedemail.com	6
SERVERCENTRAL	bloomskin.pe	1
Red Cientifica Peruana	maton.pe	1
sistemas4g.com	gpr.pe	1
Red Cientifica Peruana	arindustrial.pe	1
OVH SAS	speakenglish.pe	1
CLOUDFLARENET	dsize.pe	1
juaat.com	GOOGLE	1
DIMENOC	ZOHO-AS	5
net.pe	latecorazon.pe	1
CLOUDFLARENET	mantenimientos.pe	1
Dattatec.com	cain.pe	1
planetahosting.pe	odontosonrisa.pe	1
ingenioperuserver.com	GOOGLE	1
AMAZON-02	zenyata.pe	1
AMAZON-02	veroka.pe	1
com.pe	panoli.pe	1
pymemkt.com	ZOHO-AS	1
SERVERCENTRAL	aja.pe	1
sipanserver.com	perkgana.pe	1
GOOGLE	AUTOMATTIC	1
WI-NET TELECOM S.A.C.	selectos.pe	1
DIMENOC	tbs.pe	1
unknown	GOOGLE	7
DFW-DATACENTER	cascade.pe	1
NETWORK-SOLUTIONS-HOSTING	tecnoservis.pe	1
Akamai Connected Cloud	labperu.pe	1
CLOUDFLARENET	csjla.pe	1
SERVERCENTRAL	corpusiuris.pe	1
slzsrv1.com	cafepimcos.pe	1
hostgator.com	vidayfuturo.pe	1
SERVERCENTRAL	filedigital.pe	1
noc83.com	anaxanet.com	1
IS-AS-1	klaya.pe	1
SECURITYSERVICES	0	2
SERVERCENTRAL	12rosas.pe	1
OVH SAS	mardecolas.pe	1
SERVERCENTRAL	viuin.pe	1
Hetzner Online GmbH	tevendemos.pe	1
nine.ch	andare.ch	1
OVH SAS	agropork.pe	1
SERVERCENTRAL	porky.pe	1
hostinka.com	loreanne.pe	1
Red Cientifica Peruana	smiletime.pe	1
OVH SAS	securelink.pe	1
redsati.com	dmascota.pe	1
Red Cientifica Peruana	bodyworks.pe	1
nexloc.ro	iprom.pe	1
dnsmisitio.net	kowski.pe	1
Dattatec.com	ageace.pe	1
com.pe	dmoda.pe	1
AMAZON-02	tfoe.pe	1
ab stract ltd	APPLE-ENGINEERING	1
ninjahosting.pe	towersolutions.pe	1
NETWORK-SOLUTIONS-HOSTING	chemiclin.pe	1
planetahosting.pe	estheticfit.pe	1
CLOUDFLARENET	cora.pe	1
Red Cientifica Peruana	americasistemas.pe	1
AMAZON-02	dolphin.pe	1
benzahosting.cl	t-voip.pe	1
AMAZON-02	lambretta.pe	1
dnsmisitio.net	dowsa.pe	1
intoserver.net	smilingbar.pe	1
open-comet.net	cannabisperu.pe	1
SERVERCENTRAL	limaonwheels.pe	1
hpserverdns.com	pmktconsulting.pe	1
pglpro.com	legalmarine.pe	1
hostdeweb.com	rasmed.pe	1
Combell NV	coregi.pe	1
CLOUDFLARENET	Akamai Connected Cloud	2
AMAZON-02	femarelle.pe	1
DFW-DATACENTER	grupall.pe	1
PRIVATESYSTEMS	aluminaire.pe	1
innovassoftgestion.top	integralsur.pe	1
AMAZON-02	sawerin.pe	1
AS-30083-US-VELIA-NET	vilsa.pe	1
LIQUIDWEB	RACKSPACE	3
AMAZON-02	myoffice.pe	1
AMAZON-02	culquer.pe	1
net.pe	ortodoncia.pe	1
Red Cientifica Peruana	jungla.pe	1
hostbuddy.cloud	raisec.pe	1
Red Cientifica Peruana	farmaceutico.pe	1
LVLT-3549	llantamax.pe	1
admeli.com	smartcarwash.pe	1
finanplan.pe	finanplan.pe	1
OVH SAS	almaterra.pe	1
Dattatec.com	frutisa.pe	1
Red Cientifica Peruana	urano.pe	1
quintet.com	kbl-bank.com	1
com.pe	com.pe	7
dnsmisitio.net	oslernetwork.pe	1
AMAZON-02	hablaya.pe	1
SERVERCENTRAL	bristol.pe	1
contabo.net	schreiber.pe	1
adiplus.pe	adiplus.pe	1
monkeyservidor.com	MICROSOFT-CORP-MSN-AS-BLOCK	1
site4now.net	MICROSOFT-CORP-MSN-AS-BLOCK	8
stabletransit.com	MICROSOFT-CORP-MSN-AS-BLOCK	1
OVH SAS	mundohvacr.pe	1
planetahosting.pe	grupomd.pe	1
Dattatec.com	smartcity.pe	1
Dattatec.com	shibari.pe	1
SERVERCENTRAL	sinmordaza.pe	1
revistabomberos.pe	revistabomberos.pe	1
diamante.pe	diamante.pe	1
Host Europe GmbH	ipage.com	2
Dattatec.com	asam.pe	1
no-ip.com	noip.com	1
SERVERCENTRAL	izimarket.pe	1
dnsmisitio.net	terrafruits.pe	1
dnsmisitio.net	ceb.pe	1
SERVERCENTRAL	gian.pe	1
hofmeirmedia.net	ras.pe	1
Red Cientifica Peruana	tci.pe	1
net.pe	atsac.pe	1
dnsmisitio.net	gofav.pe	1
hostclusters.com	jugo.pe	1
ezoicns.com	notaris.pe	1
Red Cientifica Peruana	heveco.pe	1
net.pe	avinda.pe	2
AMAZON-02	domusadmin.pe	1
IOFLOOD	sunrise.pe	1
SERVERCENTRAL	chipre.pe	1
pexcreative.com	pex.pe	1
UNIFIEDLAYER-AS-1	conkret.pe	1
AMAZON-02	dolarex.pe	1
TIER-NET	lacerta.pe	1
NETWORK-SOLUTIONS-HOSTING	peruplant.pe	1
sitiodns.net	malagaperu.pe	1
AMAZON-02	equansdatacenters.pe	1
Red Cientifica Peruana	dewit.pe	1
SERVERCENTRAL	aminnova.pe	1
netvicios.com	ila.pe	1
unknown	rogervelasquez.pe	1
AMAZON-02	crepestogo.pe	1
Red Cientifica Peruana	fiberhouse.pe	1
CLOUDFLARENET	noticiastrujillo.pe	1
planetahosting.pe	metacontrol.pe	1
ipcom GmbH	vikazo.pe	1
unknown	anicomp.pe	1
SERVERCENTRAL	gcargo.pe	1
trigo.pe	MICROSOFT-CORP-MSN-AS-BLOCK	1
CLOUDFLARENET	wolver.pe	1
SERVERCENTRAL	facilityweb.pe	1
NETWORK-SOLUTIONS-HOSTING	indej.pe	1
server-novocreativo.com	bremax.pe	1
net.pe	germinar.pe	1
IONOS SE	labelgroup.pe	1
iaasdns.com	GOOGLE	1
IS-AS-1	fmdc.pe	1
CLOUDFLARENET	magnotek.pe	1
AMAZON-02	doctorapp.pe	1
CLOUDFLARENET	simeone.pe	1
Host Europe GmbH	lunaverde.pe	1
Host Europe GmbH	co-ming.pe	1
dnsprotect.com	aearquitectos.pe	1
DIMENOC	medialive.pe	1
Hetzner Online GmbH	cardplus.pe	1
hostgator.com	repaglas.pe	1
Cyber_Folks S.A.	sharda.pe	1
CLOUDFLARENET	globalbridgeconnections.pe	1
latinoamericahosting.com	luxframe.pe	1
net.pe	AUTOMATTIC	4
SERVERCENTRAL	duplografic.pe	1
unknown	a1hosting.pe	1
Host Europe GmbH	feral.pe	1
AMAZON-02	inversioneslamaddalena.pe	1
sipanserver.com	tht.pe	1
hostgator.com	mde.pe	1
Combell NV	traductores.pe	1
net.pe	lmc.pe	1
SERVERCENTRAL	politec.pe	1
Red Cientifica Peruana	kris.pe	1
mk.de	mk.de	1
NETWORK-SOLUTIONS-HOSTING	terrabienesraices.pe	1
net.pe	puestatierra.pe	1
hostgator.com	directoriominero.pe	1
Akamai Connected Cloud	andesholding.pe	1
CLOUDFLARENET	solecorp.pe	1
SERVERCENTRAL	instacorp.pe	1
SERVERCENTRAL	toldosycarpas.pe	1
planetahosting.pe	deeconsultores.pe	1
OVH SAS	latribunaclub.pe	1
serverhostgroup.com	perumilenario.pe	1
AMAZON-02	academiaalfa.pe	1
unknown	icim.pe	1
IS-AS-1	bitnetusa.net	1
DIGICERT	osn.de	1
Akamai Connected Cloud	alldservices.pe	1
NETWORK-SOLUTIONS-HOSTING	solvae.pe	1
OVH SAS	tetraktys.pe	1
unknown	sersa.pe	1
innovatecserver.com	grupomac.pe	1
Grupo Sys4net, S.l.	belleville.pe	1
AMAZON-02	telcotech.pe	1
Dattatec.com	netcomputer.pe	1
SERVERCENTRAL	radardigital.pe	1
Host Europe GmbH	digitalia.pe	1
hostgator.com	legalex.pe	1
CLOUDFLARENET	mhr.pe	1
SERVERCENTRAL	abitare.pe	1
SERVERCENTRAL	freefly.pe	1
hostgator.com	collectivemedia.pe	1
LEASEWEB-USA-DAL	360design.pe	1
AMAZON-02	itools.pe	1
Akamai Connected Cloud	efinox.pe	1
hostgator.com	elgrial.pe	1
Akamai Connected Cloud	genever.pe	1
AMAZON-02	montanita.pe	1
net.pe	mevoydeviaje.pe	1
unknown	AUTOMATTIC	1
docenteactivo.com	solutiontransport.pe	1
SERVERCENTRAL	productosnaturales.pe	1
sistemasruedaweb.com	tana.pe	1
SERVERCENTRAL	vitagel.pe	1
com.pe	diarioclaro.pe	1
impramediahost.com	solucionesverticales.pe	1
IS-AS-1	eagleprotection.pe	1
1and1.com	IONOS SE	2
globaltv.pe	globaltv.pe	1
INMOTION	insolito.pe	1
Red Cientifica Peruana	tukuy.pe	1
tuwebpe.com	caletastore.pe	1
trebolhosting.com	tusegurodeviaje.pe	1
Red Cientifica Peruana	alg.pe	1
micreativa.com	nirvana.pe	1
Host Europe GmbH	hldi.pe	1
CLOUDFLARENET	panperu.pe	1
CLOUDFLARENET	sigamosaprendiendo.pe	1
com.mx	novaschool.pe	1
Dattatec.com	impulsonegocios.pe	1
Red Cientifica Peruana	studio69.pe	1
Hetzner Online GmbH	agrosolucion.pe	1
kardex4.com	teenus.pe	1
CLOUDFLARENET	lad.pe	1
Red Cientifica Peruana	pcs.pe	1
esnova.pe	esnova.pe	1
OVH SAS	ems.pe	1
respiraweb.com	vilamed.pe	1
Red Cientifica Peruana	polcargo.pe	1
dfhostingperu.com	GOOGLE	1
careerjet.net	careerjet.net	3
PRIVATESYSTEMS	testpharma.pe	1
Red Cientifica Peruana	carlossalazar.pe	1
PONYNET	NAMECRANE	5
infomaniak.ch	MICROSOFT-CORP-MSN-AS-BLOCK	1
inseltech.pro	montalvo.pe	1
SERVERCENTRAL	redgas.pe	1
dns-principal-34.com	oasys.pe	1
Red Cientifica Peruana	aptitud.pe	1
Host Europe GmbH	ppe-hosted.com	8
AMAZON-02	qima.pe	1
CLOUDFLARENET	sales360.pe	1
CLOUDFLARENET	grupomk.pe	1
Dattatec.com	gentleman.pe	1
DFW-DATACENTER	century.pe	1
enelmultimedias.com	vastago.pe	1
Red Cientifica Peruana	alitel.pe	1
Akamai Connected Cloud	benitojuarezgarcia.pe	1
GOOGLE	Cloudflare London, LLC	1
tecnoweb.net	brontes.pe	1
argemedic.com	grupoasbor.pe	1
Red Cientifica Peruana	mipeluche.pe	1
AMAZON-02	transmar.pe	1
hpserverdns.com	tscargo.pe	1
NTHL	inergya.pe	1
CLOUDFLARENET	toshibalatam.com	1
SERVERCENTRAL	observatoriodemedios.pe	1
Red Cientifica Peruana	gaiarecycle.pe	1
net.pe	techcontrol.pe	1
Dattatec.com	gruponexus.pe	1
latinoamericahosting.com	viamarketing.pe	1
Akamai Connected Cloud	incrementa.pe	1
Red Cientifica Peruana	veisac.pe	1
Contabo GmbH	vem.pe	1
Red Cientifica Peruana	msv1.invalid	3
Red Cientifica Peruana	grupomanrique.pe	1
atlanticadigital.net	jagingenieria.pe	1
AMAZON-02	tealiateas.pe	1
OVH SAS	taxally.pe	1
unknown	esfera.pe	1
SERVERCENTRAL	dahuacenter.pe	1
AMAZON-02	hotzone.pe	1
SERVERCENTRAL	rosetta.pe	1
INMOTION	banda.pe	1
LEASEWEB-USA-WDC	ZOHO-AS	2
SERVERCENTRAL	pikotin.pe	1
net.pe	jlturismo.pe	1
migivagroup.com	lukas.pe	1
Akamai Connected Cloud	estudiodelgado.pe	1
Cloud DNS Ltd	wiltron.pe	1
freethought-dns.com	freethought.uk	1
SERVERCENTRAL	cype.pe	1
SERVERCENTRAL	valvan.pe	1
AS17378	lobau.pe	1
Dattatec.com	flexodigital.pe	1
AS-VULTR	ZOHO-AS	3
net.pe	azimuth.pe	1
CLOUDFLARENET	pacifico.pe	1
darmasa.com	cerdentperu.pe	1
atlanticadigital.net	GOOGLE	2
WII	servei.pe	1
rexserver.com	sta.pe	1
AMAZON-02	giipon.pe	1
servconfig.com	sorellesalon.pe	1
net.pe	sinchi.pe	1
wtlglobalv1.com	GOOGLE	1
NETWORK-SOLUTIONS-HOSTING	crg.pe	1
LVLT-3549	website.pe	1
alidns.com	ZOHO-AS	1
trujillocalzados.com	abifarma.pe	1
Red Cientifica Peruana	innobiz.pe	1
CLOUDFLARENET	bolima.pe	1
IONOS SE	GOOGLE-CLOUD-PLATFORM	1
net.pe	ikual.pe	1
net.pe	runahost.pe	1
net.pe	controlverde.pe	1
LEASEWEB-USA-WDC	QUICKPACKET	2
Red Cientifica Peruana	biocientifica.pe	1
net.pe	bessergroupsac.pe	1
com.pe	inzet.pe	1
AMAZON-02	nutricheck.pe	1
SERVERCENTRAL	arinsa.pe	1
Dattatec.com	rabel.pe	1
indexaserver.com	forzacorp.pe	1
CLOUDFLARENET	vagonet.pe	1
hpserverdns.com	bermudezyasociados.pe	1
wayrahost.com	GOOGLE	1
SERVERCENTRAL	globalgeek.pe	1
hostignition.com	hcmotors.pe	1
IOFLOOD	vca.pe	1
Red Cientifica Peruana	romasa.pe	1
Contabo GmbH	gpmotos.pe	1
BIZLAND-SD	veggiepizza.pe	1
Wildcard UK Limited	ZOHO-AS	1
alfahosting.info	mallorca.pe	1
hpserverdns.com	officecomputer.pe	1
SERVERCENTRAL	inkavision.pe	1
contabo.net	partidoobrero.pe	1
intodomain.net	serviconst.pe	1
WI-NET TELECOM S.A.C.	anp.pe	1
Red Cientifica Peruana	cosamo.pe	1
efectro.com	GOOGLE	1
NETWORK-SOLUTIONS-HOSTING	emprendedores.pe	1
SERVERCENTRAL	fdccontadores.pe	1
SERVERCENTRAL	ferrecomimport.pe	1
Red Cientifica Peruana	gleiser.pe	1
NSONE	OVH SAS	1
SERVERCENTRAL	alpaquitay.pe	1
Red Cientifica Peruana	huella.pe	1
SERVERCENTRAL	vivenow.pe	1
bogote.net	skincareperu.pe	1
Red Cientifica Peruana	minerals.pe	1
hostgator.com	jhingenieria.pe	1
NETWORK-SOLUTIONS-HOSTING	cismedica.pe	1
Red Cientifica Peruana	bencar.pe	1
hosting.pe	hld.pe	1
ui-global-dns.biz	IONOS SE	8
CLOUDFLARENET	globalsn.pe	1
hpserverdns.com	greenpalace.pe	1
hpserverdns.com	federpol.pe	1
SERVERCENTRAL	ferromax.pe	1
hpserverdns.com	ilae.pe	1
carloschirinos.com	revistamarcas.pe	1
Hetzner Online GmbH	roc.pe	1
Host Europe GmbH	compuhelp.pe	1
pymedns.net	montacargasyrepuestos.pe	1
A2HOSTING	realestatematching24.pe	1
lookmar.com	investigae.pe	1
SERVERCENTRAL	visitando.pe	1
hpserverdns.com	medinaconsultores.pe	1
Contabo GmbH	grupohernandez.pe	1
besthostingperu.com	vertigopro.pe	1
Dattatec.com	larios.pe	1
Akamai Connected Cloud	contrapulso.pe	1
ayqiq.com	csi.pe	1
cloudpit.com	nebula.fi	1
IOFLOOD	angar.pe	1
SERVERCENTRAL	lovepackaging.pe	1
CLOUDFLARENET	inboundmarketing.pe	1
net.pe	remvac.pe	1
NL-811-40021	inkasalud.pe	1
Red Cientifica Peruana	nogalia.pe	1
latinoamericahosting.com	fabystore.pe	1
SERVERCENTRAL	prime-express.pe	1
IS-AS-1	materializa.pe	1
SERVERCENTRAL	fartivet.pe	1
hn.pe	centromeraki.pe	1
SERVERCENTRAL	laabeja.pe	1
Combell NV	toallasysabanas.pe	1
tecnoweb.net	grupotyg.pe	1
mihosting.net	energiaconsult.pe	1
CLOUDFLARENET	vikingo.pe	1
PONYNET	jromero.pe	1
Dattatec.com	adhoc.pe	1
hpserverdns.com	mgsecuritysac.pe	1
CLOUDFLARENET	dccomunicaciones.pe	1
com.pe	deltron.net	1
CLOUDFLARENET	truffle.pe	1
MICROSOFT-CORP-MSN-AS-BLOCK	ko.com	2
gsibspro.com	integratec.pe	1
AMAZON-02	buenestar.pe	1
solidhosting.pro	innovabooks.pe	1
dartof.net	roderick.pe	1
CLOUDFLARENET	clementine.pe	1
apachelima.info	document.pe	1
AMAZON-02	asesoresycontadores.pe	1
SERVERCENTRAL	inred.pe	1
hostgator.com	fundacionsura.pe	1
Host Europe GmbH	lasolucion.pe	1
empresadns.net	admcommerce.pe	1
hpserverdns.com	eca.pe	1
net.pe	trocha.pe	1
Red Cientifica Peruana	warcroft.pe	1
SERVERCENTRAL	serviciosgeneralescamacho.pe	1
Combell NV	lamurallarestaurante.pe	1
santateresa.pe	santateresa.pe	1
borchani.cloud	fpsrl.pe	1
latinoamericahosting.com	elephant.pe	1
inpulsaserver.com	GOOGLE	1
SERVERCENTRAL	autoblad.pe	1
CLOUDFLARENET	vercelli.pe	1
domain.com	femiform.pe	1
AMAZON-02	tabo.pe	1
SERVERCENTRAL	compraseguro.pe	1
hostgator.com	acotec.pe	1
Akamai Connected Cloud	evolutic.pe	1
SERVERCENTRAL	petale.pe	1
OVH SAS	perunet.pe	1
SERVERCENTRAL	helioscorp.pe	1
hostsnasca.com	hotelmajoro.pe	1
SERVERCENTRAL	capitalpacifico.pe	1
Dattatec.com	rmgroup.pe	1
CLOUDFLARENET	prevencion360.pe	1
CLOUDFLARENET	estagro.pe	1
OVH SAS	kaoba.pe	1
Akamai Connected Cloud	ruvals.pe	1
SINGLEHOP-LLC	hauki.pe	1
hpserverdns.com	suminispro.pe	1
mihosting.net	fedepeci.pe	1
Red Cientifica Peruana	inversa.pe	1
SERVERCENTRAL	paracastours.pe	1
com.pe	klarheit.pe	1
AMAZON-02	ortodonciadigital.pe	1
apmsistemasserver.com	bigshop.pe	1
hpserverdns.com	elitoy.pe	1
sitiodns.net	emiteya.pe	1
dolphin-it.com	boostjuice.pe	1
OVH SAS	olivadivina.pe	1
OVH SAS	imperial.pe	1
AMAZON-02	arpanet.pe	1
Hetzner Online GmbH	multiway.pe	1
CLOUDFLARENET	technutrition.pe	1
HOSTING.	verip.pe	1
interace.net	holigram.pe	1
OVH SAS	tqp.pe	1
AMAZON-02	pulso.pe	1
IOFLOOD	diescom.pe	1
AMAZON-02	ciptech.pe	1
NL-811-40021	hamas.pe	1
Red Cientifica Peruana	myssac.pe	1
CLOUDFLARENET	crosland.pe	1
Red Cientifica Peruana	caracas.pe	1
DIMENOC	institutodelamama.pe	1
supremepanel.com	onecorp.pe	1
Red Cientifica Peruana	nogal.pe	1
LEASEWEB-USA-DAL	wsh.pe	1
Red Cientifica Peruana	ccalidad.pe	1
unknown	fitstyle.pe	1
OVH SAS	feriego.pe	1
SERVERCENTRAL	tenpark.pe	1
AMAZON-02	ledcolors.pe	1
mihosting.net	alisan.pe	1
net.pe	instrumentosmusicales.pe	1
Combell NV	snatural.pe	1
Red Cientifica Peruana	bricapital.pe	1
web4u.cz	mailchannels.net	1
CLOUDFLARENET	gedco.ar	2
net.pe	simplelogin.co	1
SERVERCENTRAL	festana.pe	1
CLOUDFLARENET	cyccomputer.pe	1
hpserverdns.com	emisorascruz.pe	1
simpleincloud.com	MICROSOFT-CORP-MSN-AS-BLOCK	1
pymedns.net	dentist.pe	1
CLOUDFLARENET	nexabusiness.pe	1
Red Cientifica Peruana	autocueros.pe	1
hostgator.com	pradera.pe	1
CLOUDFLARENET	remarsoluciones.pe	1
savvy.pe	savvy.pe	1
hostinglabs.net	solucioneselectricas.pe	1
SERVERSTACK-ASN	idnet.pe	1
hpserverdns.com	legalbit.pe	1
hpserverdns.com	ferci.pe	1
SERVERCENTRAL	sara.pe	1
SERVERCENTRAL	dared.pe	1
AMAZON-02	powermaster.pe	1
sipanserver.com	d-oxa.pe	1
OVH SAS	siatec.pe	1
com.pe	burogroup.pe	1
LEASEWEB-USA-DAL	ocsac.pe	1
Red Cientifica Peruana	innovabi.pe	1
Red Cientifica Peruana	lasentencia.pe	1
CLOUDFLARENET	urbe.pe	1
Red Cientifica Peruana	veradonna.pe	1
SERVERCENTRAL	tramito.pe	1
AMAZON-02	msv1.invalid	1
acens Technologies, S.L.	axional.pe	1
hpserverdns.com	controlid.pe	1
inseltech.pro	fronteras.pe	1
hostgator.com	aerotec.pe	1
syscorp.cl	icgsac.pe	1
unknown	coning.pe	1
IS-AS-1	kapa.pe	1
hpserverdns.com	jdaccounting.pe	1
planetahosting.pe	glam.pe	1
nubeserver.com	restopos.pe	1
Red Cientifica Peruana	digitaloffice.pe	1
hpserverdns.com	mechatronic.pe	1
dfhostingperu.com	MICROSOFT-CORP-MSN-AS-BLOCK	1
nube-web.com	verifica.pe	1
cymediahost.com	GOOGLE	4
i-magent.com	gpscusco.pe	1
dnsmisitio.net	scantools.pe	1
polkamasterserver.net	hidrolit.pe	1
DIMENOC	macetas.pe	1
net.pe	montana.pe	1
kunanhost.com	consa.pe	1
net.pe	calaluna.pe	1
inmotionhosting.com	mahuve.pe	1
net.pe	com.ar	1
huascaranweb.com	dominiovisual.pe	1
SERVERCENTRAL	radiochalaca.pe	1
OVH SAS	corporaciondash.pe	1
SERVERCENTRAL	LVLT-3549	3
AMAZON-02	glv.pe	1
latinoamericahosting.com	vencom.pe	1
CLOUDFLARENET	veo.pe	1
SERVERCENTRAL	kapuy.pe	1
dnsmisitio.net	adnlabs.pe	1
ORANGEHOST	odomax.pe	1
CLOUDFLARENET	convive.pe	1
Red Cientifica Peruana	biolagro.pe	1
dnsip.com	olns.vip	1
OVH SAS	emporium.pe	1
peru-code.com	nbcart.pe	1
nearlyfreespeech.net	Fastmail Pty Ltd	1
cdmon.net	anuxi.pe	1
prodomaines.com	prodomaines.com	2
truper.com	truper.com	1
Red Cientifica Peruana	appservi.pe	1
unknown	isofilm.pe	1
NL-811-40021	doma.pe	1
Akamai Connected Cloud	fcomet.com	9
i-magent.com	logistics.pe	1
latamreseller.com	perulibre.pe	1
CLOUDFLARENET	praxa.pe	1
net.pe	kuresa.pe	1
hpserverdns.com	gottlich.pe	1
hostclusters.com	jugodecaigua.pe	1
latinoamericahosting.com	prospectiva.pe	1
SERVERCENTRAL	modelos.pe	1
aliasdns.net	GOOGLE	2
Red Cientifica Peruana	admroles.com	1
incatech.pe	incatech.pe	1
OVH SAS	intangible.pe	1
hostinglabs.net	legalsalud.pe	1
Contabo GmbH	lamejorada.pe	1
tecnoweb.net	aformal.pe	1
innovatecserver.com	avgroup.pe	1
server327.com	editoracentral.pe	1
tecnoweb.net	grupowm.pe	1
SERVERCENTRAL	motorgasperu.pe	1
Akamai Connected Cloud	arcomad.pe	1
Host Europe GmbH	grupofontana.pe	1
Dattatec.com	satya.pe	1
MICROSOFT-CORP-MSN-AS-BLOCK	com.pe	1
Red Cientifica Peruana	growty.pe	1
peymi.net	serviobras.pe	1
CLOUDFLARENET	podolit.pe	1
hostiara.com	ZOHO-AS	1
SERVERCENTRAL	farmascotas.pe	1
apachetomahawk.com	mpm.pe	1
awardspace.com	tectron.pe	1
net.pe	dlc.pe	1
CLOUDFLARENET	datawork.pe	1
net.pe	hospitec.pe	1
CLOUDFLARENET	hostnativo.com	1
CLOUDFLARENET	adv.pe	1
hostgator.com	beautymedic.pe	1
OVH SAS	aeon.pe	1
hpserverdns.com	advancedmarketing.pe	1
SERVERCENTRAL	take.pe	1
AMAZON-02	battlertea.pe	1
CLOUDFLARENET	electroshop.pe	1
itsportmanagement.com	arenasports.pe	1
sipanserver.com	bazarchic.pe	1
OVH SAS	kitland.pe	1
Red Cientifica Peruana	qualityfactory.pe	1
inc.cl	GO-DADDY-COM-LLC	1
NETWORK-SOLUTIONS-HOSTING	grupovillacorp.pe	1
checkdomain.de	elektror.pe	1
hostgator.com	casasycasas.pe	1
dns.com	2018aaa.com	2
GANDI SAS	co.il	1
ssdnodes.com	aula.pe	1
QUIC-CLOUD	AUTOMATTIC	1
Akamai Connected Cloud	civella.pe	1
CLOUDFLARENET	ck.pe	1
hostgator.com	polirama.pe	1
SERVERCENTRAL	zebrafilms.pe	1
dnsprotect.com	garciabarreto.pe	1
supremepanel.com	ZOHO-AS	1
CLOUDFLARENET	tragaperras.pe	1
Host Europe GmbH	balflex.pe	1
Host Europe GmbH	servifix.pe	1
OVH SAS	golden.pe	1
AMAZON-02	pokerstars.com	1
dnspod.net	MICROSOFT-CORP-MSN-AS-BLOCK	1
Dattatec.com	umaconsulting.pe	1
IOFLOOD	visualart.pe	1
Red Cientifica Peruana	dem.pe	1
iqdigitalmarket.com	polinizacion.pe	1
is-fun.net	is-fun.net	9
SERVERCENTRAL	gestorant.pe	1
OVH SAS	tralala.pe	1
Dattatec.com	mascargo.pe	1
SERVERCENTRAL	marineexplorer.pe	1
NETWORK-SOLUTIONS-HOSTING	tiendatek.pe	1
PONYNET	alpegroup.pe	1
CLOUDFLARENET	laida.pe	1
AMAZON-02	redtec.pe	1
supremepanel.com	hydroenergy.pe	1
UNIFIEDLAYER-AS-1	icompany.pe	1
livestreamingmundial.com	forotv.pe	1
Host Europe GmbH	siempremujer.pe	1
nic53.de	xamingo.pe	1
CLOUDFLARENET	noc.pe	1
dnsmisitio.net	incahuasi.pe	1
hostmediato.com	josfel.pe	1
Red Cientifica Peruana	ambrosia.pe	1
tuisp.pe	quantica.pe	1
AMAZON-02	comet.pe	1
DIMENOC	kinray.pe	1
Hetzner Online GmbH	agromax.pe	1
SERVERCENTRAL	vidrieriaentrujillo.pe	1
Host Europe GmbH	remax-terra.pe	1
peruhost.com	delcampo.pe	1
net.pe	chaskyperu.com	3
ns25.de	be2.de	1
raymistudio.com	ZOHO-AS	1
SERVERCENTRAL	mercadito.pe	1
CLOUDFLARENET	pcsystem.pe	1
virtualhosting.cl	acciones.pe	1
mymcomercios.com	claudiacabrera.pe	1
Red Cientifica Peruana	icode.pe	1
CLOUDFLARENET	rwgusa.net	4
Host Europe GmbH	moveconcerts.pe	1
SERVERCENTRAL	onoff.pe	1
AMAZON-02	finzzy.pe	1
hostgator.com	mobo.pe	1
Host Europe GmbH	msv1.invalid	3
romarg.com	whmpanels.com	1
OVH SAS	creamax.pe	1
Host Europe GmbH	AKAMAI-AS	2
Red Cientifica Peruana	bikerlife.pe	1
GOOGLE	ipower.com	1
rnd-server.com	perucomunica.pe	1
AMAZON-02	jp.pe	1
Red Cientifica Peruana	meccel.pe	1
SERVERCENTRAL	hurst.pe	1
AMAZON-02	seatosummit.pe	1
medicinaperu.pe	medicinaperu.pe	1
net.pe	jhtr.pe	1
Combell NV	globalimport.pe	1
hostinglabs.net	sentrix.pe	1
latinoamericahosting.com	techcenter.pe	1
OVH SAS	grupodvg.pe	1
AMAZON-02	brillantservice.pe	1
NETWORK-SOLUTIONS-HOSTING	medjob.pe	1
CLOUDFLARENET	autosled.pe	1
OVH SAS	adadvisory.pe	1
CLOUDFLARENET	ferrepronto.pe	1
tuxpatech.com	gadgetshome.pe	1
surdatanet.com	moqueguaempresas.pe	1
serverenigma.com	GOOGLE	1
SERVERCENTRAL	makingbrand.pe	1
SHOCK-1	GOOGLE	3
NETWORK-SOLUTIONS-HOSTING	odontoshop.pe	1
com.pe	tiendasel.pe	1
DFW-DATACENTER	yahoo.com	1
OMNIS-ANYCAST-1	MICROSOFT-CORP-MSN-AS-BLOCK	4
Hetzner Online GmbH	aurumholding.pe	1
OVH SAS	triplemania.pe	1
CLOUDFLARENET	bersoft.pe	1
hostingroup.com	branica.pe	1
AMAZON-02	nkt.pe	1
logismarket.pe	pphosted.com	1
SERVERCENTRAL	myssa.pe	1
AMAZON-02	AUTOMATTIC	3
AMAZON-02	alza.pe	1
fatcow.com	GOOGLE	1
AMAZON-02	zapzap.pe	1
AMAZON-02	digitalstudio.pe	1
net.pe	amah.pe	1
slzsrv1.com	grupoarial.pe	1
AMAZON-02	ferko.pe	1
ninjahosting.pe	hap.pe	1
com.pe	pukupuku.pe	1
SERVERCENTRAL	mundoportatil.pe	1
Red Cientifica Peruana	rsintec.pe	1
OVH SAS	semco.pe	1
databytechile.com	databyte.pe	1
SERVERCENTRAL	alvaradoabogados.pe	1
NETWORK-SOLUTIONS-HOSTING	psiquiatras.pe	1
net.pe	proiron.pe	1
neodigit.net	GOOGLE	1
Combell NV	recetasfaciles.pe	1
PRIVATESYSTEMS	imcomex.pe	1
OVH SAS	servidata.pe	1
SERVERCENTRAL	lamirilla.pe	1
dytperusac.com	madiz.pe	1
hpserverdns.com	vivamujer.pe	1
com.pe	fs-design.pe	1
Host Europe GmbH	tagcsac.pe	1
agheup.com	siagie.pe	1
esandex.online	esandex.online	1
UNIFIEDLAYER-AS-1	imsoluciones.pe	1
planetahosting.pe	fycsoluciones.pe	1
SERVERCENTRAL	aprendeya.pe	1
SERVERCENTRAL	agrocap.pe	1
latinoamericahosting.com	mibaul.pe	1
govanalytics.net	fidelespinoza.pe	1
IS-AS-1	panoramaradio.pe	1
supremepanel.com	indapol.pe	1
Red Cientifica Peruana	economine.pe	1
hpserverdns.com	perutravel.pe	1
NETWORK-SOLUTIONS-HOSTING	impulsate.pe	1
CLOUDFLARENET	gppcargo.pe	1
AMAZON-02	controlgps.pe	1
SERVERCENTRAL	force.pe	1
OVH SAS	mundi360.pe	1
net.pe	discoverysac.pe	1
BIZLAND-SD	comportamiento.pe	1
CLOUDFLARENET	edex.pe	1
SERVERCENTRAL	dmia.pe	1
Red Cientifica Peruana	kdmcorporation.pe	1
UNIFIEDLAYER-AS-1	principeazul.pe	1
LEASEWEB-USA-PHX	dmzconsulting.pe	1
Red Cientifica Peruana	ranchoviejo.pe	1
latinoamericahosting.com	latinoamericahosting.com	7
empresadns.net	pagina3.pe	1
Akamai Connected Cloud	nexhold.pe	1
SERVERCENTRAL	ovofresh.pe	1
dmarotti-host.com	agroingenium.pe	1
OVH SAS	multicarga.pe	1
OVH SAS	lasamazonas.pe	1
SERVERCENTRAL	YANDEX LLC	3
AMAZON-02	puntoyplano.pe	1
unknown	bakeart.pe	1
hostgator.com	ivalco.pe	1
CLOUDFLARENET	dix.pe	1
CLOUDFLARENET	cloudns.net	1
latinoamericahosting.com	vapes.pe	1
tecnoweb.net	moled.pe	1
INCAPSULA	pphosted.com	5
Red Cientifica Peruana	belowtrade.pe	1
hpserverdns.com	123language.pe	1
LEASEWEB-USA-PHX	ZOHO-AS	7
hpserverdns.com	24win.pe	1
CLOUDFLARENET	cocome.pe	1
rest911.cl	rest911.pe	1
CLOUDFLARENET	dermanova.pe	1
digo-agency.com	damayi.pe	1
CLOUDFLARENET	hostperu.pe	1
AMAZON-02	klarna.com	1
AMAZON-02	allfiber.pe	1
CLOUDFLARENET	magi.pe	1
CLOUDFLARENET	NAMECRANE	2
SERVERCENTRAL	mesias.pe	1
SINGLEHOP-LLC	compulab.pe	1
hpserverdns.com	shopywao.pe	1
LEASEWEB-USA-WDC	peruinfo.pe	1
Combell NV	mirabien.pe	1
hostingroup.com	distribuidorahk.pe	1
SERVERCENTRAL	inntec.pe	1
unknown	contaglobal.pe	1
Host Europe GmbH	sicom.pe	1
latinoamericahosting.com	topline.pe	1
dnsmisitio.net	sima.pe	1
IS-AS-1	kaefe.pe	1
servidorhost.net	GOOGLE	2
Hetzner Online GmbH	tumi.pe	1
GOOGLE	chefparrillero.pe	1
hostgator.com	sgi.pe	1
CLOUDFLARENET	elbuensabor.pe	1
plusweb.cl	MICROSOFT-CORP-MSN-AS-BLOCK	1
AMAZON-02	ikrea.pe	1
LEASEWEB-USA-PHX	edelmann.pe	1
AMAZON-02	netsolution.pe	1
SERVERCENTRAL	image.pe	1
SERVERCENTRAL	zaza.pe	1
CLOUDFLARENET	shavinghood.pe	1
hpserverdns.com	grupolee.pe	1
CLOUDFLARENET	admi.pe	1
Akamai International B.V.	GOOGLE	2
SERVERCENTRAL	suarco.pe	1
Red Cientifica Peruana	teacherstore.pe	1
inkahosting.pe	acetork.pe	1
hostingroup.com	GOOGLE	1
Host Europe GmbH	aliciasantos.pe	1
ravrit.com	anabasis.pe	1
CLOUDFLARENET	sierra.pe	1
laboratorio.site	GOOGLE	3
robertovecco.com	agape.pe	1
SERVERCENTRAL	line.pe	1
latinoamericahosting.com	servernet.pe	1
paemgroup.pe	paemgroup.pe	1
net.pe	avccorporation.pe	1
linode.com	abogadoslima.pe	1
CLOUDFLARENET	telcotel.pe	1
elhorizonte.pe	elhorizonte.pe	1
latinoamericahosting.com	apup.pe	1
Host Europe GmbH	sg.pe	1
soluciones-aqp.com	belbel.pe	1
SECURITYSERVICES	field.pe	1
hostgator.com	rye.pe	1
Red Cientifica Peruana	maxadvance.pe	1
SERVERCENTRAL	vvocepijamas.pe	1
AMAZON-02	zennioptical.pe	1
zonomi.com	GOOGLE	2
UNIFIEDLAYER-AS-1	medsar.pe	1
SERVERCENTRAL	AMAZON-02	1
enterministry.com	titannet.pe	1
OVH SAS	chicharron.pe	1
sipanserver.com	nodal.pe	1
com.pe	arquitek.pe	1
AMAZON-02	persson.pe	1
Akamai Connected Cloud	clicypunto.pe	1
CLOUDFLARENET	grow.pe	1
monoestructuras.com	GOOGLE-CLOUD-PLATFORM	1
SECURITYSERVICES	gutti.pe	1
latinoamericahosting.com	integralprojects.pe	1
net.pe	selfica.pe	1
summum.pe	summum.pe	1
empresadns.net	alimentaria.pe	1
Red Cientifica Peruana	yesenia.pe	1
hostgator.com	epicah.pe	1
robertovecco.com	transgeneracional.pe	1
Red Cientifica Peruana	ymsa.pe	1
apacheperu.com	cardioplus.pe	1
OVH SAS	repuestos-express.pe	1
tubien.co	ona.pe	1
Hetzner Online GmbH	garcia-blasquez.pe	1
hostgator.com	segrimsa.pe	1
CLOUDFLARENET	caso.pe	1
digitalweb.pe	digitalweb.pe	1
juristaeditores.pe	juristaeditores.pe	1
SERVERCENTRAL	greenwall.pe	1
CLOUDFLARENET	FORTINET	3
lineadns.com	casadecambio.pe	1
Host Europe GmbH	kantata.pe	1
OVH SAS	rexgo.pe	1
bitmediastudio.com	ipn.pe	1
cscudns.com	SECURITYSERVICES	1
meralda.dev	cotilloncity.pe	1
com.ar	GOOGLE	1
edgeuno.com	edgeuno.net	1
AMAZON-02	yourbus.pe	1
dnsmisitio.net	maracuchito.pe	1
Red Cientifica Peruana	GO-DADDY-COM-LLC	2
AMAZON-02	calderasindustriales.pe	1
SERVERCENTRAL	mercadoaudiovisual.pe	1
hpserverdns.com	issac.pe	1
unknown	MICROSOFT-CORP-MSN-AS-BLOCK	2
alidns.com	feishu.cn	1
WII	qualityhost.pe	1
cloudns.net	localhost	1
bigcommerce.com	GOOGLE	1
com.pe	radiolaspalmas.pe	1
servconfig.com	MICROSOFT-CORP-MSN-AS-BLOCK	1
globalhostla.com	MICROSOFT-CORP-MSN-AS-BLOCK	2
AMAZON-02	kl.pe	1
OVH SAS	yoko.pe	1
SERVERCENTRAL	solomons.pe	1
IOFLOOD	erasoft.pe	1
nearlyfreespeech.net	runbox.com	1
AMAZON-02	walo.pe	1
net.pe	boxperu.pe	1
CLOUDFLARENET	comedic.pe	1
Hetzner Online GmbH	imaginaweb.pe	1
NTHL	scanmedic.pe	1
hostinglabs.net	seinar.pe	1
SECURITYSERVICES	raileurope.pe	1
Red Cientifica Peruana	skm.pe	1
PRIVATESYSTEMS	credifit.pe	1
CLOUDFLARENET	mujica.pe	1
GANDI SAS	RACKSPACE	1
IOFLOOD	expertya.pe	1
arohastudio.com	millerbikes.pe	1
IS-AS-1	is.cc	2
net.pe	nadie.pe	1
Red Cientifica Peruana	itson.pe	1
Red Cientifica Peruana	sabordeoro.pe	1
CLOUDFLARENET	neodev.pe	1
Hetzner Online GmbH	lovuz.pe	1
CLOUDFLARENET	whirlpool.com	4
supremedns.com	GOOGLE	5
latinoamericahosting.com	aybconsultores.pe	1
medicca.pe	medicca.pe	1
Red Cientifica Peruana	ikitos.pe	1
hostinglabs.net	vptelecom.pe	1
SERVERCENTRAL	detalove.pe	1
SERVERCENTRAL	dic.pe	1
Red Cientifica Peruana	875570.pe	1
NETWORK-SOLUTIONS-HOSTING	legadocarrascogranda.pe	1
AMAZON-02	sinai.pe	1
latinoamericahosting.com	sellcoin.pe	1
PONYNET	saludencasa.pe	1
net.pe	mercaba.pe	1
Host Europe GmbH	perutuning.pe	1
AMAZON-02	milideas.pe	1
OVH SAS	tcq.pe	1
OVH SAS	multiventas.pe	1
viared.work	flexpack.pe	1
Contabo GmbH	puntomusical.pe	1
CLOUDFLARENET	poliempaquesindustriales.pe	1
IOFLOOD	grasko.pe	1
fastgobalserver.com	laenoteca.pe	1
DFW-DATACENTER	evaconsulting.pe	1
Host Europe GmbH	spartangrills.pe	1
puntumconsulting.com	grupomaq.pe	1
CLOUDFLARENET	brownielabs.pe	1
radar.cl	GOOGLE	3
planetahosting.pe	sanagustin.pe	1
ayqiq.com	todocafe.pe	1
cloudnsplus.com	corely.pe	1
overclockpchosting.net	zorem.pe	1
SERVERCENTRAL	teslaingenieria.pe	1
tecnodus.com	chuncho.pe	1
SERVERCENTRAL	academiaindustrial.pe	1
vigacero.pe	MICROSOFT-CORP-MSN-AS-BLOCK	1
SERVERCENTRAL	choco.pe	1
MICROSOFT-CORP-MSN-AS-BLOCK	Akamai International B.V.	2
SERVERCENTRAL	blackbox.pe	1
net.pe	cybersport.pe	1
perudominio.net	CLOUDFLARENET	1
OVH SAS	laembajada.pe	1
CLOUDFLARENET	idermacapilar.pe	1
SERVERCENTRAL	instaladorprofesional.pe	1
contabo.net	rojasasociados.pe	1
Red Cientifica Peruana	policesecurity.pe	1
OVH SAS	ata.pe	1
SERVERCENTRAL	rutasturisticas.pe	1
SERVERCENTRAL	imprentachancay.pe	1
Host Europe GmbH	mvperu.pe	1
NETWORK-SOLUTIONS-HOSTING	digitalmind.pe	1
SERVERCENTRAL	altuve.pe	1
pymedns.net	wasimanta.pe	1
SERVERCENTRAL	mismejoresmomentos.pe	1
myfcloudmi.com	aurahome.pe	1
Host Europe GmbH	APPLE-ENGINEERING	12
NETWORK-SOLUTIONS-HOSTING	odontologos.pe	1
AMAZON-02	ibtours.pe	1
SERVERCENTRAL	ocr.pe	1
Soluciones Corporativas IP, SL	GOOGLE	5
com.pe	danlac.pe	1
livetrack.pe	hacom.tech	1
Host Europe GmbH	CLOUDFLARENET	6
DIMENOC	aquavest.pe	1
com.pe	cjf.pe	1
SERVERCENTRAL	bacconsultores.pe	1
Cloudi Nextgen Sl	GOOGLE	1
SERVERCENTRAL	shopy.pe	1
Red Cientifica Peruana	bioriego.pe	1
Red Cientifica Peruana	vuelaya.pe	1
IOFLOOD	dlizia.pe	1
SECURITYSERVICES	trendmicro.eu	1
hostgator.com	aquasport.pe	1
Cyber_Folks S.A.	lubas.pe	1
hpserverdns.com	visormatic.pe	1
SECURITYSERVICES	AUTOMATTIC	1
hostinglabs.net	horizontesur.pe	1
SERVERCENTRAL	novogroup.pe	1
Red Cientifica Peruana	sintonia.pe	1
CLOUDFLARENET	puntoweb.pe	1
hpserverdns.com	sormedic.pe	1
webtilia-hostd1.com	remax-elite.pe	1
IS-AS-1	jatelecom.pe	1
spaceweb.pro	spaceweb.ru	1
Red Cientifica Peruana	poharmec.pe	1
NL-811-40021	proyectosdjd.pe	1
Red Cientifica Peruana	mancargo.pe	1
AMAZON-02	rapid.pe	1
Red Cientifica Peruana	comec.pe	1
CLOUDFLARENET	pide.pe	1
net.pe	maf.pe	1
NETWORK-SOLUTIONS-HOSTING	papasqueens.pe	1
hostbuddy.cloud	nexapharma.pe	1
wairla.net	psiperu.pe	1
Red Cientifica Peruana	alfaoro.pe	1
Red Cientifica Peruana	herpor.pe	1
SERVERCENTRAL	vendesoat.pe	1
Red Cientifica Peruana	portalpse.pe	1
menuqr.pe	menuqr.pe	1
IS-AS-1	atiq.pe	1
AMAZON-02	ecoplast.pe	1
NETWORK-SOLUTIONS-HOSTING	fiberlan.pe	1
dnsmisitio.net	gruposci.pe	1
Red Cientifica Peruana	silitter.pe	1
supremepanel.com	remaxfutura.pe	1
argemedic.com	rehabital.pe	1
bestcloud.cl	opentpv.pe	1
hpserverdns.com	villaelena.pe	1
CLOUDFLARENET	ecco.pe	1
tks.pe	cervecentro.pe	1
QUIC-CLOUD	MICROSOFT-CORP-MSN-AS-BLOCK	2
mplus.pe	mplus.pe	1
SERVERCENTRAL	afep.pe	1
Red Cientifica Peruana	santarosadelnorte.pe	1
Host Europe GmbH	RACKSPACE	2
net.pe	herrajesdelsur.pe	1
latinoamericahosting.com	sinarperu.pe	1
net.pe	universe.pe	1
AS-30083-US-VELIA-NET	sanjose.pe	1
UNIFIEDLAYER-AS-1	connectic.pe	1
wrightcolor.com	wrightcolor.com	2
Red Cientifica Peruana	cngdrill.pe	1
net.pe	obconsulting.pe	1
BIZLAND-SD	GOOGLE	7
hpserverdns.com	equus.pe	1
tecnoweb.net	ruteros.pe	1
IS-AS-1	intellinetworks.pe	1
hostinglabs.net	killari.pe	1
chunaweb.com	GOOGLE	1
dnsmisitio.net	erven.pe	1
DFW-DATACENTER	agro360.pe	1
planetahosting.pe	ferropower.pe	1
GOOGLE	traducelo.pe	1
estudiotrilito.com	siled.pe	1
net.pe	interoperabilidad.pe	1
AMAZON-02	decopaneles.pe	1
sipanserver.com	mielca.pe	1
nsresponse.com	YANDEX LLC	1
LEASEWEB-USA-DAL	tsacontadores.pe	1
tmd.cloud	tmdhosting.com	1
hispalisdns.com	sygconsultores.pe	1
CLOUDFLARENET	cityglass.pe	1
CLOUDFLARENET	larksuite.com	1
AMAZON-02	ex.pe	1
latinoamericahosting.com	diariolaunion.pe	1
CLOUDFLARENET	boticasperu.pe	1
dnslivehost.net	bbsolutions.pe	1
indexa.pe	CLOUDFLARENET	6
net.pe	asterisk.pe	1
SERVERCENTRAL	rayoverde.pe	1
SERVERCENTRAL	donhuevo.pe	1
SERVERCENTRAL	fumigacionecologica.pe	1
Hetzner Online GmbH	gpsgroup.pe	1
OVH SAS	radacom.pe	1
altoque.net	altoque.pe	1
trevenque.es	fce.pe	1
contabo.net	tudominio.pe	1
latamdeveloperhosting.com	blip.pe	1
OVH SAS	elsolucionador.pe	1
Red Cientifica Peruana	contractual.pe	1
NETWORK-SOLUTIONS-HOSTING	dialisis.pe	1
net.pe	locutor.pe	1
AMAZON-02	lainterna.pe	1
supremepanel.com	dulcefiesta.pe	1
SECURITYSERVICES	co.uk	1
SERVERCENTRAL	2fsolutions.pe	1
hpserverdns.com	bubo.pe	1
SERVERCENTRAL	embetax.pe	1
SERVERCENTRAL	medimaticsac.pe	1
unknown	spaspring.pe	1
IS-AS-1	MICROSOFT-CORP-MSN-AS-BLOCK	6
Dattatec.com	emcotec.pe	1
servidoreslatecla.com	agitaser.pe	1
AMAZON-02	centralexpress.pe	1
Host Europe GmbH	balhouse.pe	1
SERVERCENTRAL	odontofamily.pe	1
OVH SAS	latcor.pe	1
AMAZON-02	sislogic.pe	1
inpulsaserver.com	taxiplus.pe	1
net.pe	zatech.pe	1
pymedns.net	owl.pe	1
Red Cientifica Peruana	ecoclima.pe	1
hosting.pe	sunshinesolar.pe	1
planetahosting.pe	rollpay.pe	1
AMAZON-02	piedemonte.pe	1
Red Cientifica Peruana	progolden.pe	1
inmotionhosting.com	lolas.pe	1
SERVERCENTRAL	fulltecnologia.pe	1
SERVERCENTRAL	sombrillas.pe	1
inmotionhosting.com	cesc.pe	1
hostdeweb.com	inmewo.pe	1
CLOUDFLARENET	routier.pe	1
AMAZON-02	autosolution.pe	1
doctorneto.pe	doctorneto.pe	1
dnsmisitio.net	teksa.pe	1
AMAZON-02	distribuidorarojas.pe	1
net.pe	centrodesaludocupacional.pe	1
Red Cientifica Peruana	altus.pe	1
CLOUDFLARENET	marcaria.com	3
Dattatec.com	bobamarketplus.pe	1
intelsrv.net	neurantis.pe	1
AMAZON-02	ith.pe	1
Red Cientifica Peruana	spacetec.pe	1
PRIVATESYSTEMS	quimicatorres.pe	1
AMAZON-02	inlixsa.pe	1
IS-AS-1	proambiental.pe	1
AMAZON-02	lineaviva.pe	1
Akamai Connected Cloud	nikmat.pe	1
CLOUDFLARENET	IONOS SE	4
nederagro.com	neoagro.pe	1
govanalytics.net	oscarcaceres.pe	1
SECURITYSERVICES	seznam.cz	1
CLOUDFLARENET	vidadent.pe	1
DFW-DATACENTER	MICROSOFT-CORP-MSN-AS-BLOCK	1
qanger.pe	ZOHO-AS	1
CLOUDFLARENET	copella.pe	1
Red Cientifica Peruana	mosaico.pe	1
hostgator.com	automakina.pe	1
Hetzner Online GmbH	alondras.pe	1
tecnoweb.net	proser.pe	1
HURRICANE	he.net	1
SERVERCENTRAL	tensoestructuras.pe	1
SERVERCENTRAL	expertosenoficinas.pe	1
NL-811-40021	revcon.pe	1
AMAZON-02	dbaexpress.pe	1
likebets.pe	likebets.pe	1
UNIFIEDLAYER-AS-1	oskipet.pe	1
rastreogpsperu.com	romaeirl.pe	1
AMAZON-02	wapas.pe	1
Red Cientifica Peruana	wicorp.pe	1
CLOUDFLARENET	mailqueries.com	2
NETWORK-SOLUTIONS-HOSTING	dialoga.pe	1
hostgator.com	pesantes.pe	1
GANDI SAS	MICROSOFT-CORP-MSN-AS-BLOCK	6
CLOUDFLARENET	melher.pe	1
Combell NV	vizormedia.pe	1
net.pe	FORTINET	7
hpserverdns.com	gygarquitectos.pe	1
SERVERCENTRAL	p-tv.pe	1
net.pe	aliviandoperu.pe	1
Red Cientifica Peruana	totaltrade.pe	1
net.pe	preventiva.pe	1
SERVERCENTRAL	stud.pe	1
DFW-DATACENTER	norblock.pe	1
SERVERCENTRAL	resety.pe	1
clickestudioweb.com	203.16	1
Dattatec.com	dobano.pe	1
dnsmisitio.net	vivirviajando.pe	1
AMAZON-02	jcauditores.pe	1
Host Europe GmbH	maridacafe.pe	1
ehostingperu.net	athan.pe	1
Red Cientifica Peruana	pinotnoir.pe	1
DFW-DATACENTER	geia.pe	1
OVH SAS	warmup.pe	1
ORACLE-BMC-31898	lacasadeltornillo.pe	1
hostgator.com	pyx.pe	1
SERVERCENTRAL	vfv.pe	1
hostgator.com	welkome.pe	1
kingmarket.pe	kingmarket.pe	1
hostinglabs.net	xpertry.pe	1
INMOTION	nexen.pe	1
DIMENOC	butsa.pe	1
joranve.net	4pt.pe	1
CLOUDFLARENET	merchandarte.pe	1
Red Cientifica Peruana	mrsonrisas.pe	1
SERVERCENTRAL	orbita.pe	1
unknown	cursosdeseguridad.pe	1
SERVERCENTRAL	ayjasesoriaempresarial.pe	1
spaciohost.com	inmobiliariadigital.pe	1
hostingroup.com	farmaya.pe	1
net.pe	ikarino.pe	1
Combell NV	giep.pe	1
apachelima.net	3diamantes.pe	1
SERVERCENTRAL	naturalproduce.pe	1
SERVERCENTRAL	casablancarestaurante.pe	1
Host Europe GmbH	simplelogin.co	2
sevenktz.com	sevenktz.com	1
neyas.pe	neyas.pe	1
webmasterstech.pe	damma.pe	1
hpserverdns.com	housi.pe	1
Red Cientifica Peruana	biosystems.pe	1
SERVERCENTRAL	prestape.pe	1
tecnoweb.net	oceanwise.pe	1
core.io	core.io	1
hoststar.hosting	johnschofield.pe	1
Combell NV	electrolayner.pe	1
Red Cientifica Peruana	mycc.pe	1
qiwi.com	osmp.ru	1
aliasdns.net	rosmed.pe	1
AMAZON-02	reclama.pe	1
Host Europe GmbH	servillantas.pe	1
mydomain.com	vestalia.pe	1
zoluciones.pe	GOOGLE	2
com.pe	fastlane.pe	1
AMAZON-02	automas.pe	1
Red Cientifica Peruana	magicperu.pe	1
Red Cientifica Peruana	takso.pe	1
ipcom GmbH	SQUIXA PTY LIMITED	1
SERVERCENTRAL	doluz.pe	1
solucionesahora.com	desysapp.pe	1
hostgator.com	simpatia.pe	1
SERVERCENTRAL	piezaclave.pe	1
ninjahosting.pe	GOOGLE	4
SHOCK-1	cdi.pe	1
CLOUDFLARENET	pulsar.pe	1
contabo.net	ZOHO-AS	2
NSONE	Proton AG	2
dife.pe	dife.pe	1
CLOUDFLARENET	saan.pe	1
net.pe	pronetwork.pe	1
dnsmisitio.net	tecnoclean.pe	1
IOFLOOD	provisec.pe	1
DFW-DATACENTER	peritoinformatico.pe	1
dnslineagrafica.net	lurbel.pe	1
SERVERCENTRAL	cefor.pe	1
ipcom GmbH	spartanrace.pe	1
CLOUDFLARENET	enviodecarga.pe	1
SERVERCENTRAL	comprotuauto.pe	1
SERVERCENTRAL	barrionikkei.pe	1
hpserverdns.com	markbook.pe	1
CLOUDFLARENET	globalbeverages.pe	1
net.pe	bft.pe	1
alfahosting.info	bild.pe	1
INMOTION	viveconsalud.pe	1
BIZLAND-SD	ZOHO-AS	2
hostinglabs.net	comparatel.pe	1
AMAZON-02	aolsa.pe	1
Combell NV	arteysonrisa.pe	1
hostgator.com	somosmarca.pe	1
CLOUDFLARENET	rafaelosterling.pe	2
Dattatec.com	cibermundo.pe	1
net.pe	norservice.pe	1
ruidoblanco.org	agronativa.pe	1
PRIVATESYSTEMS	createc.pe	1
SECURITYSERVICES	pphosted.com	3
nexloc.ro	promoviajes.pe	1
AMAZON-02	iptools.pe	1
GOOGLE-CLOUD-PLATFORM	GOOGLE	3
Hetzner Online GmbH	asecon.pe	1
OVH SAS	nextic.pe	1
AMAZON-02	jaduanas.pe	1
NL-811-40021	losjazmines.pe	1
SERVERCENTRAL	mansano.pe	1
enfokando.com	laggoti.pe	1
OVH SAS	blacktiger.pe	1
HOSTING.	qslconsult.pe	1
hostgator.com	zxauto.pe	1
OVH SAS	letman.pe	1
Red Cientifica Peruana	klj.pe	1
CLOUDFLARENET	muluy2.com	1
SERVERCENTRAL	conextv.pe	1
AMAZON-02	wayc.pe	1
tecnoweb.net	amatista.pe	1
NL-811-40021	corporacionibgroup.pe	1
planetahosting.pe	ventaspcperu.pe	1
SERVERCENTRAL	systec.pe	1
SERVERCENTRAL	furidamu.pe	1
armedia.mx	perubombas.pe	1
Dattatec.com	tsf.pe	1
AMAZON-02	coolbro.pe	1
innovainside.com	clinicasantafe.pe	1
OVH SAS	grabco.pe	1
SERVERCENTRAL	packperuexpo.pe	1
datta.pe	manuelyarlaque.pe	1
dnsmisitio.net	pedsurg.pe	1
CLOUDFLARENET	cqs.pe	1
AMAZON-02	mymbs.pe	1
servim.pe	servim.pe	1
Red Cientifica Peruana	ersac.pe	1
Host Europe GmbH	viajerosperu.pe	1
ninjahosting.pe	ctbi.pe	1
netdataperu.com	viena.pe	1
Host Europe GmbH	com.cn	1
dns-principal-30.com	auroracorp.pe	1
AMAZON-02	siicm.pe	1
CLOUDFLARENET	inmobiliariasofia.pe	1
tecnoweb.net	pleez.pe	1
ORACLE-BMC-31898	qaway.pe	1
NL-811-40021	kankirys.pe	1
WI-NET TELECOM S.A.C.	biodecor.pe	1
Host Europe GmbH	maberti.pe	1
SERVERCENTRAL	escenika.pe	1
SERVERCENTRAL	barberhouse.pe	1
net.pe	airtec.pe	1
snmpe-dns.com	desdeadentro.pe	1
net.pe	mediacorp.pe	1
masterhostpro.net	unikabellbeautystore.pe	1
CLOUDFLARENET	ipark.pe	1
Host Europe GmbH	huacho.pe	1
aqui.cl	hablaip.pe	1
AMAZON-02	embalado.pe	1
latinoamericahosting.com	tecontamos.pe	1
SERVERCENTRAL	agu.pe	1
ninjahosting.pe	iqtalent.pe	1
AMAZON-02	mareanegra.pe	1
SERVERCENTRAL	vexcom.pe	1
PONYNET	eternum.pe	1
OVH SAS	crafco.pe	1
Akamai Connected Cloud	innovamundo.pe	1
variomedia.de	variomedia.de	2
DIMENOC	columnal.pe	1
pymedns.net	hcs.pe	1
Contabo GmbH	yorch.pe	1
Host Europe GmbH	delgadoconsultores.pe	1
net.pe	f3c.pe	1
supremepanel.com	atilius.pe	1
OVH SAS	queico.pe	1
SERVERCENTRAL	fiberfast.pe	1
Red Cientifica Peruana	ant.pe	1
hostgator.com	saday.pe	1
unknown	oltech.pe	1
hostgator.com	amazontec.pe	1
Red Cientifica Peruana	marini.pe	1
RELIABLESITE	grandcentral.pe	1
apacheperuhosting.org	sumelect.pe	1
gotipmediaperu.com	zisa.pe	1
RELIABLESITE	ZOHO-AS	5
hosting.pe	tbcom.pe	1
IOFLOOD	fun4kids.pe	1
AMAZON-02	arquitasa.pe	1
DIMENOC	polocross.pe	1
planetahosting.pe	dockit.pe	1
awkalegends.com	awka.pe	1
Red Cientifica Peruana	alboradacafe.pe	1
SERVERCENTRAL	floresdesign.pe	1
SERVERCENTRAL	modamix.pe	1
net.pe	sitom.pe	1
cloudnsplus.com	expertgames.pe	1
grupomok.com	MICROSOFT-CORP-MSN-AS-BLOCK	1
hostgator.com	raza.pe	1
SERVERCENTRAL	ws.pe	1
CLOUDFLARENET	publimania.pe	1
SERVERCENTRAL	babybaloo.pe	1
LEASEWEB-USA-DAL	empire.pe	1
plus.golf	golfperu.pe	1
net.pe	trigema.pe	1
OVH SAS	plastictop.pe	1
contabo.net	awahotel.pe	1
hostgator.com	irmisa.pe	1
AMAZON-02	electra.pe	1
pglpro.com	MICROSOFT-CORP-MSN-AS-BLOCK	1
AMAZON-02	icc-group.pe	1
net.pe	playstore.pe	1
Cloud DNS Ltd	espejopro.pe	1
Host Europe GmbH	freight-forwarder.pe	1
bitmediastudio.com	diagnostika.pe	1
Red Cientifica Peruana	vicci.pe	1
serverarray.net	alquilerdecomputadoras.pe	1
tecnoweb.net	djsoft.pe	1
Red Cientifica Peruana	aagroselva.com	1
mediastreamperu.com	campovida.pe	1
Dattatec.com	homespace.pe	1
AMAZON-02	latinpro.pe	1
Red Cientifica Peruana	mello.pe	1
SECURITYSERVICES	register.com	2
SERVERCENTRAL	homestudio.pe	1
net.pe	incatec.pe	1
sipanserver.com	gruporf.pe	1
Red Cientifica Peruana	bio-paper.pe	1
Combell NV	tomenota.pe	1
com.pe	espazia.pe	1
net.pe	savicaf.pe	1
SERVERCENTRAL	cityllantas.pe	1
tmcreativos.com	ZOHO-AS	1
planetahosting.pe	lugema.pe	1
ssmb.pe	pentagono.pe	1
DFW-DATACENTER	tramas.pe	1
arvixe.com	GOOGLE	1
OVH SAS	codicart.pe	1
PRIVATESYSTEMS	englishexcellence.pe	1
NETWORK-SOLUTIONS-HOSTING	mavegsa.pe	1
Red Cientifica Peruana	ecofrio.pe	1
Red Cientifica Peruana	masplay.pe	1
Host Europe GmbH	intermax.pe	1
OVH SAS	agrisur.pe	1
hostingafull.com	capitalmarket.pe	1
narviz.ec	GOOGLE	1
Red Cientifica Peruana	morava.pe	1
SERVERCENTRAL	lsg.pe	1
tecnoweb.net	jbtools.pe	1
Akamai Connected Cloud	Fastmail Pty Ltd	1
SERVERCENTRAL	analisis.pe	1
grupojg.com	MICROSOFT-CORP-MSN-AS-BLOCK	1
BIZLAND-SD	ganetiempo.pe	1
SERVERCENTRAL	greenweed.pe	1
fabo.dev	fabo.dev	1
cuydomains.com	excellencedental.pe	1
Gtd Internet S.A.	ingesoft.net	3
DIMENOC	unlibroparatodos.pe	1
hostgator.com	chaski.pe	1
NTHL	sdblast.pe	1
Red Cientifica Peruana	softmind.pe	1
AMAZON-02	invertal.pe	1
SINGLEHOP-LLC	ZOHO-AS	5
mihosting.net	yahle.pe	1
CLOUDFLARENET	studiomanda.pe	1
HURRICANE	ZOHO-AS	2
nexloc.ro	idealbaby.pe	1
ninjahosting.pe	marhil.pe	1
Dattatec.com	gydh.pe	1
hpserverdns.com	sasacorp.pe	1
net.pe	andaluz.pe	1
neo-techconsulting.com	ofood.pe	1
LEASEWEB-USA-DAL	ccmc.pe	1
DFW-DATACENTER	inmobiliariaelsol.pe	1
Red Cientifica Peruana	montveg.pe	1
rnd-server.com	rgagencia360.pe	1
dnsmisitio.net	digitalses.pe	1
allytech.com	harmony.pe	1
net.pe	arasc.pe	1
AMAZON-02	surquillo.pe	1
DIMENOC	GOOGLE-CLOUD-PLATFORM	1
SERVERCENTRAL	hogarseguro.pe	1
SERVERCENTRAL	oasisdelnorte.pe	1
CLOUDFLARENET	datanet.pe	1
cloudbitserver.com	openradio.pe	1
Red Cientifica Peruana	suro.pe	1
OVH SAS	axiommotors.pe	1
Dattatec.com	cleanperu.pe	1
SERVERCENTRAL	pharmaelite.pe	1
hostwindsdns.com	osmore.pe	1
com.br	petstop.pe	1
latinoamericahosting.com	altaredgroup.pe	1
AMAZON-02	ide-solution.pe	1
SERVERCENTRAL	customsolution.pe	1
tridkay.com	ZOHO-AS	2
Host Europe GmbH	pphosted.com	3
net.pe	puntopublicitario.pe	1
hostgator.com	infocapitalhumano.pe	1
com.pe	sase.pe	1
hpserverdns.com	ayra.pe	1
OVH SAS	valiometro.pe	1
fresenius.de	FASTLY	3
NETWORK-SOLUTIONS-HOSTING	telimed.pe	1
AMAZON-02	dermapiel.pe	1
SERVERCENTRAL	almtrans.pe	1
docenteactivo.com	clodo.pe	1
contabo.net	misho.pe	1
INMOTION	GOOGLE	4
Red Cientifica Peruana	detiblue.pe	1
CLOUDFLARENET	yandex.ru	1
waytec.pe	lutel.pe	1
web4u.cz	web4u.cz	1
OVH SAS	saldemaras.pe	1
adigitalperu.com	inrecosac.pe	1
ipcom GmbH	eau-thermale-avene.pe	1
alexhost.md	liberate.pe	1
SERVERCENTRAL	aryaperu.pe	1
SERVERCENTRAL	proyelect.pe	1
SERVERCENTRAL	perunoticias.pe	1
Host Europe GmbH	vinasp.pe	1
OVH SAS	isierra.pe	1
DFW-DATACENTER	grayandgray.pe	1
webaccountserver.com	piscopunch.pe	1
SECURITYSERVICES	ferromet.pe	1
AS-VULTR	expertoenseo.pe	1
Red Cientifica Peruana	eloriente.pe	1
UNIFIEDLAYER-AS-1	decopapel.pe	1
hostwebmexico.com	GOOGLE	1
SECURITYSERVICES	directomarketing.pe	1
ICDSoft Ltd.	GOOGLE	2
CLOUDFLARENET	construlegal.pe	1
Hetzner Online GmbH	dhans.pe	1
hpserverdns.com	aquavia.pe	1
Red Cientifica Peruana	kangoo.pe	1
Hetzner Online GmbH	negociodirecto.pe	1
OVH SAS	gerkes.pe	1
miwebdns.net	auditamos.pe	1
Red Cientifica Peruana	pacificfish.pe	1
AMAZON-02	ark.pe	1
hpserverdns.com	wymo.pe	1
CLOUDFLARENET	wins.pe	1
CLOUDFLARENET	di.pe	1
CLOUDFLARENET	onside.pe	1
profesionalhosting.com	nuevoperu.pe	1
hostgator.com	tortasdelacasa.pe	1
CLOUDFLARENET	fluid.pe	1
A2HOSTING	isic.pe	1
BIZLAND-SD	copma.pe	1
geekstorage.com	scout.pe	1
NL-811-40021	artec.pe	1
bahiaservers.com	ruptec.pe	1
Red Cientifica Peruana	sisten.pe	1
Hetzner Online GmbH	ecoladrillos.pe	1
limpiezalia.com	labormolina.pe	1
PRIVATESYSTEMS	modulare.pe	1
AMAZON-02	Fastmail Pty Ltd	3
OVH SAS	gremcon.pe	1
cajaica.pe	pphosted.com	1
hpserverdns.com	gruposantaana.pe	1
Host Europe GmbH	vivalapapa.pe	1
webmanager.cl	GOOGLE	1
SERVERCENTRAL	atul.pe	1
SERVERCENTRAL	novocentral.pe	1
DFW-DATACENTER	radiog.pe	1
hpserverdns.com	equivac.pe	1
SERVERCENTRAL	ryagroup.pe	1
unknown	panorama.pe	1
tecnoweb.net	operacionesbyq.pe	1
ssmb.pe	ZOHO-AS	1
CLOUDFLARENET	OVH SAS	14
net.pe	albis.pe	1
register.be	mailprotect.be	1
net.pe	RACKSPACE	13
hostgator.com	siderplast.pe	1
cloudnsplus.com	gruposos.pe	1
IS-AS-1	ZOHO-AS	3
hostgator.com	dfraga.pe	1
CLOUDFLARENET	electrocash.pe	1
NSONE	workplaceproemail.com	1
net.pe	computecno.pe	1
metaways.net	metaways.net	1
SERVERCENTRAL	buenuso.pe	1
Red Cientifica Peruana	totalenergysolutions.pe	1
planetahosting.pe	fibertim.pe	1
Host Europe GmbH	AUTOMATTIC	3
ofiventas.com	villacorta.pe	1
net.pe	triduo.pe	1
SINGLEHOP-LLC	grupocampos.pe	1
SERVERCENTRAL	mastercrafter.pe	1
PRIVATESYSTEMS	aguaalcalina.pe	1
Host Europe GmbH	tribotec.pe	1
NETWORK-SOLUTIONS-HOSTING	serviciotecnico.pe	1
AMAZON-02	hts.pe	1
AMAZON-02	suministros-peru.pe	1
planetahosting.pe	adcomputers.pe	1
NETWORK-SOLUTIONS-HOSTING	concremix.pe	1
SERVERCENTRAL	ortoline.pe	1
sipanserver.com	enh-edu.pe	1
SECURITYSERVICES	guerreromarketing.pe	1
CLOUDFLARENET	diarioperfil.pe	1
tinacreativastudio.com	clm.pe	1
planetahosting.pe	luxtel.pe	1
latinoamericahosting.com	holst.pe	1
AMAZON-02	grans.pe	1
CLOUDFLARENET	fragen.pe	1
dnsmisitio.net	ditamo.pe	1
Red Cientifica Peruana	totaltravelperu.pe	1
CLOUDFLARENET	shecommerce.pe	1
NETWORK-SOLUTIONS-HOSTING	mauriciodelfin.pe	1
SERVERCENTRAL	buenapesca.pe	1
Dattatec.com	tokkto.pe	1
SERVERCENTRAL	gloplast.pe	1
57sac.com	citymedia.pe	1
SERVERCENTRAL	exanetworks.pe	1
Contabo GmbH	alaire.pe	1
AMAZON-02	pedidosonline.pe	1
DIMENOC	radiolarumbera.pe	1
SERVERCENTRAL	lumiin.pe	1
Dattatec.com	prosport.pe	1
perudesigner.info	GOOGLE	1
hn.pe	GOOGLE	4
bentonita.cl	lubricantesjax.pe	1
AMAZON-02	smartfitperu.pe	1
intelsrv.net	GOOGLE	1
myhosting24x7.com	beenatural.pe	1
6am.es	6am.es	1
A2HOSTING	rankortools.pe	1
Red Cientifica Peruana	git.pe	1
Host Europe GmbH	ispgateway.de	2
planetahosting.pe	zocafish.pe	1
unknown	empleat.pe	1
AMAZON-02	labodegaiberica.pe	1
SERVERCENTRAL	cpp.pe	1
OVH SAS	foxpen.pe	1
AMAZON-02	rinconadadelsur.pe	1
OVH SAS	rcmperu.pe	1
tecnocaracas.com	alvarezconsulting.pe	1
Dattatec.com	pumacar.pe	1
Host Europe GmbH	centurycargo.pe	1
rackpa.com	italica.pe	1
NETWORK-SOLUTIONS-HOSTING	kamder.pe	1
SERVERCENTRAL	vetvirtual.pe	1
GOOGLE	area.pe	1
Combell NV	triz.pe	1
linode.com	advisor.pe	1
lemarit.de	autoscout24.com	2
CLOUDFLARENET	kustomit.pe	1
disenodetiendavirtual.com	insucorp.pe	1
CLOUDFLARENET	solucionlegal.pe	1
vhn.cl	GOOGLE	1
controlglobalweb.com	MICROSOFT-CORP-MSN-AS-BLOCK	1
AMAZON-02	servimaq.pe	1
disolu.com	safeschool.pe	1
Dattatec.com	teckom.pe	1
solutions.pe	solutions.pe	1
Combell NV	conectemos.pe	1
NL-811-40021	avmabogados.pe	1
CLOUDFLARENET	i-mobile.pe	1
atrevia.com	lalunadeatrevia.pe	1
ninjahosting.pe	cascoblanco.pe	1
OVH SAS	leelo.pe	1
hostgator.com	quirofano.pe	1
Host Europe GmbH	innovatium.pe	1
hostgator.com	creme.pe	1
latinoamericahosting.com	inversus.pe	1
RELIABLESITE	unimotor.pe	1
SERVERCENTRAL	alfadripetshop.pe	1
AMAZON-02	jadalglobal.pe	1
AMAZON-02	alquilomidepa.pe	1
PRIVATESYSTEMS	CLOUDFLARENET	2
SERVERCENTRAL	facel.pe	1
SERVERCENTRAL	alawish.pe	1
CLOUDFLARENET	todossantos.pe	1
hpserverdns.com	aventurate.pe	1
AMAZON-02	lunaspa.pe	1
hpserverdns.com	todeschini.pe	1
tuidea.pe	tuidea.pe	1
innovateserver.com	GOOGLE	1
AMAZON-02	grupodivino.pe	1
SERVERCENTRAL	ozas.pe	1
costa21.pe	costa21.pe	1
apacheperu.info	allinone.pe	1
CLOUDFLARENET	redbayperu.pe	1
CLOUDFLARENET	kasanifish.pe	1
nube-web.com	encusco.pe	1
net.pe	ilporto.pe	1
PRIVATESYSTEMS	francocargo.pe	1
goldvision.com	villaran.pe	1
SERVERCENTRAL	lacesta.pe	1
WII	ibusiness.pe	1
servidoraweb.net	MICROSOFT-CORP-MSN-AS-BLOCK	1
SERVERCENTRAL	jpabogados.pe	1
DIMENOC	impac.pe	1
ikapla.com	jupm.pe	1
AMAZON-02	asiastore.pe	1
AMAZON-02	descubretuvocacion.pe	1
ORACLE-BMC-31898	yarabamba.pe	1
datanostrum.biz	3gc.pe	1
CLOUDFLARENET	psicoperu.pe	1
NTHL	GOOGLE	1
PRIVATESYSTEMS	noize.pe	1
intrepidhost.com	GOOGLE	1
Red Cientifica Peruana	tragamonedasgratis.pe	1
IS-AS-1	partner.pe	1
CLOUDFLARENET	tasautos.pe	1
SERVERCENTRAL	meltourperu.pe	1
hostgator.com	serviciologistico.pe	1
IWEB-AS	umina.pe	1
SECURITYSERVICES	hiu.pe	1
net.pe	tecnovoperu.com	3
iia.cl	rubrika.pe	1
accountsupport.com	ZOHO-AS	1
net.pe	mktdigital.pe	1
Combell NV	hanzo.pe	1
IS-AS-1	odontoplus.pe	1
Contabo GmbH	phsmedia.pe	1
CLOUDFLARENET	sanikids.pe	1
SERVERCENTRAL	elitecirugiaplastica.pe	1
SERVERCENTRAL	grupoestrategia.pe	1
Host Europe GmbH	realpolitik.pe	1
servernetworkdata.com	secuaz.pe	1
SERVERCENTRAL	multipaper.pe	1
latinoamericahosting.com	jampaq.pe	1
SERVERCENTRAL	brave.pe	1
fastdns24.com	grupomsl.pe	1
HURRICANE	bl.pe	1
Red Cientifica Peruana	fatcom.pe	1
Red Cientifica Peruana	cag.pe	1
AMAZON-02	tuasesorcontable.pe	1
NEXCESS-NET	ZOHO-AS	2
SERVERCENTRAL	latinmusic.pe	1
UNIFIEDLAYER-AS-1	bonadomus.pe	1
hpserverdns.com	gate25.pe	1
swsperu.net	gruponoa.pe	1
SERVERCENTRAL	valthera.pe	1
AMAZON-02	experanza.pe	1
hostgator.com	creactivate.pe	1
Red Cientifica Peruana	icourier.pe	1
QUIC-CLOUD	liberarte.pe	1
CLOUDFLARENET	unicapital.pe	1
unknown	webmail.pe	1
Host Europe GmbH	budge.pe	1
OVH SAS	grupoicon.pe	1
Dattatec.com	cepec.pe	1
inhostingperu.com	GOOGLE	1
net.pe	esma.pe	1
megadomo.com	nadapersonal.pe	1
INMOTION	prollantas.pe	1
UNIFIEDLAYER-AS-1	masjuerga.pe	1
IOFLOOD	jmbrokers.pe	1
hostgator.com	ZOHO-AS	12
facipub.org	climant.pe	1
MULTA-ASN1	ZOHO-AS	1
dnsmisitio.net	frago.pe	1
SERVERCENTRAL	hidreco.pe	1
myggrafica.com	cayro.pe	1
apacheplumadorada.info	fiberkom.pe	1
SECURITYSERVICES	cassa.pe	1
hostgator.com	todobaterias.pe	1
Red Cientifica Peruana	asesoria.pe	1
hostgator.com	kalicorp.pe	1
hostinglabs.net	kune.pe	1
SERVERCENTRAL	dekano.pe	1
CLOUDFLARENET	etech.pe	1
UNIFIEDLAYER-AS-1	diva.pe	1
hostpoint.ch	hostpoint.ch	3
Red Cientifica Peruana	contrafuego.pe	1
juniortello.com	laravel.pe	1
OVH SAS	lsh.pe	1
NETWORK-SOLUTIONS-HOSTING	yow.pe	1
host-n-web.com	fhicma.pe	1
CLOUDFLARENET	tramitesperu.pe	1
Red Cientifica Peruana	pallay.pe	1
guru.digital	rochaasociados.pe	1
NETWORK-SOLUTIONS-HOSTING	medinayasociados.pe	1
Grupo Sys4net, S.l.	hfk.pe	1
dnsmisitio.net	bric.pe	1
Akamai Connected Cloud	stratec.pe	1
latinoamericahosting.com	sunup.pe	1
cloudnsplus.com	baliq.pe	1
hostgator.com	hybrix.pe	1
lamanoestudio.cl	mimejorversion.pe	1
interkambio.com	mxlogin.com	2
netvicios.com	elrastrillo.pe	2
Host Europe GmbH	transmeridian.pe	1
hpdns.net	GOOGLE	1
linode.com	maileroo.com	1
CLOUDFLARENET	matrixlife.pe	1
combell.net	mailprotect.be	1
sipanserver.com	alben.pe	1
CLOUDFLARENET	etickets.pe	1
geekstorage.com	amarugroup.pe	1
Dattatec.com	capitale.pe	1
Red Cientifica Peruana	farbic.pe	1
SERVERCENTRAL	diocesisdehuanuco.pe	1
hostingcorporativo.pe	Hetzner Online GmbH	2
AMAZON-02	luismontes.pe	1
joranve.net	championperu.pe	1
net.pe	libertario.pe	1
SERVERCENTRAL	klass.pe	1
SERVERCENTRAL	mach.pe	1
mihosting.net	bfglobal.pe	1
hpserverdns.com	blindado.pe	1
unknown	romanceextranjero.pe	1
AS-30083-US-VELIA-NET	comercioexterior.pe	1
tobi-soft.de	GOOGLE	1
com.pe	Akamai International B.V.	2
SERVERCENTRAL	lats.pe	1
cloudnsplus.com	gcabogados.pe	1
indexa.pe	MICROSOFT-CORP-MSN-AS-BLOCK	1
raizen.it	raizen.it	1
AMAZON-02	primaderm.pe	1
smartech.pe	taxiexpress.pe	1
inmotionhosting.com	midespensa.pe	1
OVH SAS	teammass.pe	1
UNIFIEDLAYER-AS-1	implatec.pe	1
hosting.pe	kidilo.pe	1
hostgator.com	amyre.pe	1
gestionpro.lat	materdei.pe	1
SERVERCENTRAL	vicon.pe	1
nexloc.ro	holadoc.pe	1
SERVERCENTRAL	hydecors.pe	1
NETWORK-SOLUTIONS-HOSTING	sdagen.pe	1
hostgator.com	turismosostenible.pe	1
AS-VULTR	delaprovincia.pe	1
green-peru.com	aplus2.pe	1
hostgator.com	concyssa.pe	1
Red Cientifica Peruana	ecomart.pe	1
Red Cientifica Peruana	ithelp.pe	1
hostgator.com	contemporaneas.pe	1
GOOGLE	YANDEX LLC	2
Signet B.V.	outletz.pe	1
latinoamericahosting.com	mscorp.pe	1
argoshosting.com	arista.pe	1
OVH SAS	launcher.pe	1
net.pe	facturaonline.pe	1
CLOUDFLARENET	chefworks.pe	1
SERVERCENTRAL	innotask.pe	1
Signet B.V.	transip.email	4
OVH SAS	atc.pe	1
DFW-DATACENTER	romero.pe	1
SERVERCENTRAL	akunta.pe	1
SERVERCENTRAL	ansima.pe	1
hpserverdns.com	craneon.pe	1
hpserverdns.com	prismacolor.pe	1
contabo.net	ndtservices.pe	1
UNIFIEDLAYER-AS-1	smartcut.pe	1
AMAZON-02	tonics.pe	1
dnsmisitio.net	m3.pe	1
net.pe	blakar.pe	1
CLOUDFLARENET	seznam.cz	1
LEASEWEB-USA-DAL	petzone.pe	1
AMAZON-02	upstudio.pe	1
edu.pe	MICROSOFT-CORP-MSN-AS-BLOCK	1
SERVERCENTRAL	alisson.pe	1
apache-peru.org	uniroc.pe	1
ntchosting.com	ntchosting.com	4
DIMENOC	lasmsoft.pe	1
hostgator.com	relacionespublicas.pe	1
MAJESTIC-HOSTING-01	lagunablanca.pe	1
NSONE	neo.space	1
sipanserver.com	pcva.pe	1
tecnoweb.net	notariatambini.pe	1
AMAZON-02	veeam.com	1
AMAZON-02	openstore.pe	1
SERVERCENTRAL	loelectronics.pe	1
AMAZON-02	telnetperu.pe	1
dnsmatica.com	iapuestas.pe	1
alfahosting.info	kaffee.pe	1
admeli.com	tantrica.pe	1
hpserverdns.com	comsersa.pe	1
NETWORK-SOLUTIONS-HOSTING	gladd.pe	1
SERVERCENTRAL	acierto.pe	1
novonordisk.com	nnithosting.com	3
AMAZON-02	fastnet.it	1
CLOUDFLARENET	jjingenieros.pe	1
net.pe	mimayorista.pe	1
hpserverdns.com	smartcapital.pe	1
AMAZON-02	SQUIXA PTY LIMITED	2
CLOUDFLARENET	quantum2025.pe	1
AMAZON-02	alter.pe	1
hpserverdns.com	elgranchef.pe	1
AMAZON-02	pragmo.pe	1
QUIC-CLOUD	floresparafuneral.pe	1
sipanserver.com	imagenyestilo.pe	1
CLOUDFLARENET	yakumas.pe	1
hostgator.cl	AUTOMATTIC	2
SERVERCENTRAL	origitec.pe	1
CLOUDFLARENET	lexy.pe	1
planetahosting.pe	grupoevolucion.pe	1
AMAZON-02	cepsa.net	1
UNIFIEDLAYER-AS-1	myf.pe	1
hostgator.com	victormarcial.pe	1
innovaitserver.com	mrconsultores.pe	1
govanalytics.net	enriqueserrano.pe	1
Red Cientifica Peruana	teamseven.pe	1
alipixa.com	GOOGLE	2
managed-ip.com	MICROSOFT-CORP-MSN-AS-BLOCK	1
hostingdw.com	librosdeoro.pe	1
unknown	grupocpm.pe	1
AS-30083-US-VELIA-NET	musanet.pe	1
SERVERCENTRAL	hydrosolutions.pe	1
DIMENOC	claroempresarial.pe	1
SERVERCENTRAL	valorsostenible.pe	1
NL-811-40021	powerprime.pe	1
hostgator.com	casainmobiliaria.pe	1
servidorlatino.com	vialco.pe	1
Host Europe GmbH	violetas.pe	1
nominalia.com	ivesur.com	1
SERVERCENTRAL	katsuya.pe	1
net.pe	barbacci.pe	1
checkdomain.de	buschvacuum.pe	1
SERVERCENTRAL	3g.pe	1
hostgator.com	ptech.pe	1
AMAZON-02	tonysam.pe	1
Red Cientifica Peruana	syd.pe	1
CLOUDFLARENET	penn-elcom.pe	1
OVH SAS	liderazgofamiliar.pe	1
Red Cientifica Peruana	cyd.pe	1
AMAZON-02	miviajeseguro.pe	1
NETWORK-SOLUTIONS-HOSTING	radarcorp.pe	1
Dattatec.com	doil.pe	1
csjpuno.pe	escuelajudicial.pe	1
latinoamericahosting.com	prodiscon.pe	1
ninjahosting.pe	fsbti.pe	1
globat.com	turistika.pe	1
Red Cientifica Peruana	dmsoluciones.pe	1
OVH SAS	saytur.pe	1
OVH SAS	lunatravel.pe	1
SECURITYSERVICES	antispameurope.com	1
Red Cientifica Peruana	samanez.pe	1
AMAZON-02	ylove.pe	1
Combell NV	brandlab.pe	1
SECURITYSERVICES	accorservices.pe	1
Red Cientifica Peruana	APPLE-ENGINEERING	3
inmotionhosting.com	suministrosalarcon.pe	1
SERVERCENTRAL	sumilec.pe	1
SERVERCENTRAL	seguridadnacional.pe	1
websupport.hu	maxinewz.pe	1
AMAZON-02	ecosolutions.pe	1
PRIVATESYSTEMS	gytsoluciones.pe	1
net.pe	cvd.pe	1
NETWORK-SOLUTIONS-HOSTING	farmacorp.pe	1
SERVERCENTRAL	bonorural.pe	1
com.pe	jimenez.pe	1
AMAZON-02	sanfranciscodeasis.pe	1
SERVERCENTRAL	levelone.pe	1
com.pe	andesingenieria.pe	1
Grupo Sys4net, S.l.	allenergies.pe	1
AMAZON-02	uala.pe	1
SECURITYSERVICES	gescont.pe	1
hpserverdns.com	redsat.pe	1
corporacionrodriguez.com	mundomorado.pe	1
CLOUDFLARENET	micronics.pe	1
CLOUDFLARENET	pacificsports.pe	1
hpserverdns.com	evercom.pe	1
SERVERCENTRAL	cimaurbana.pe	1
tecnoweb.net	staging.pe	1
Red Cientifica Peruana	xigma.pe	1
PRIVATESYSTEMS	negrete.pe	1
baella.org	canalb.pe	1
AS-30083-US-VELIA-NET	ideastrading.pe	1
com.pe	transformaccion.pe	1
e-digitalhosting.net	ayc.pe	1
DFW-DATACENTER	marketingpersonal.pe	1
hostgator.com	solant.pe	1
SINGLEHOP-LLC	MICROSOFT-CORP-MSN-AS-BLOCK	1
UNIFIEDLAYER-AS-1	magic.pe	1
site4now.net	GOOGLE	6
Dattatec.com	tecscom.pe	1
dnspod.net	hnsmh1.vip	1
com.pe	econobags.pe	1
planetahosting.pe	setam.pe	1
hostgator.com	tenet.pe	1
Host Europe GmbH	smartpay.pe	1
Akamai International B.V.	iphmx.com	2
Red Cientifica Peruana	cadeneta.pe	1
taxtelecom.net	taximaxim.com	1
vyrcloud.com	protegecorp.pe	1
SERVERCENTRAL	alcasa.pe	1
UNIFIEDLAYER-AS-1	suiz.pe	1
Dattatec.com	mirlofilms.pe	1
AMAZON-02	comeon.pe	1
AMAZON-02	envolvente.pe	1
SINGLEHOP-LLC	farmasol.pe	1
Dattatec.com	diiphone.pe	1
NETWORK-SOLUTIONS-HOSTING	boomshop.pe	1
foco74.site	northwestsecurity.pe	1
rwserver.com	rwserver.com	1
NETWORK-SOLUTIONS-HOSTING	comprodetodo.pe	1
yasp.at	yasp.at	1
thomyhost.com	intialpaca.pe	1
dn-s.nl	premiumantispam.nl	1
CLOUDFLARENET	autocheckapp.pe	1
LEASEWEB-USA-DAL	superrueda.pe	1
hpserverdns.com	haztuerasmus.pe	1
OVH SAS	bizit.pe	1
hpserverdns.com	sanseb.pe	1
Dattatec.com	galagasac.pe	1
dnsmisitio.net	mbs.pe	1
zener.es	barracudanetworks.com	1
Dattatec.com	ecomotores.pe	1
galiciadigital.net	hobot.pe	1
nsresponse.com	airlife.pe	1
hostgator.com	netcomp.pe	1
net.pe	protradecorp.pe	1
SERVERCENTRAL	agricolaaltonegro.pe	1
ifastnet5.org	okay.pe	1
AMAZON-02	bitoka.pe	1
AMAZON-02	compromiso.pe	1
Combell NV	elpirata.pe	1
PONYNET	microcemento.pe	1
c6p.net	cosmoeditorial.pe	1
UNIFIEDLAYER-AS-1	supersport.pe	1
ICDSoft Ltd.	cardinal.pe	1
AMAZON-02	titancorp.pe	1
CLOUDFLARENET	grupovictoria.pe	1
hostinglabs.net	franciscanos.pe	1
hpserverdns.com	macambo.pe	1
CLOUDFLARENET	toolbox.pe	1
AMAZON-02	trojanbattery.pe	1
CLOUDFLARENET	newlifesport.pe	1
NETWORK-SOLUTIONS-HOSTING	equitec.pe	1
com.pe	panedia.pe	1
OVH SAS	pitman.pe	1
Red Cientifica Peruana	chisac.pe	1
SERVERCENTRAL	medicaldiagnosticos.pe	1
tecnoweb.net	cmces.pe	1
hpserverdns.com	sumantra.pe	1
Host Europe GmbH	avalperu.com	1
Dattatec.com	globaltelecom.pe	1
Combell NV	globaltires.pe	1
OVH SAS	breakof.pe	1
com.pe	tecnoplanet.pe	1
CLOUDFLARENET	hostinger.ph	1
SERVERCENTRAL	badtaste.pe	1
Combell NV	cecma.pe	1
estelarhost.com	piscis.pe	1
SERVERCENTRAL	solclub.pe	1
CLOUDFLARENET	danielamaya.pe	1
Red Cientifica Peruana	aschieroventas.pe	1
com.pe	onsc.pe	1
ioh.network	GOOGLE	1
ando.pe	ando.pe	1
OVH SAS	sarident.pe	1
sequest.consulting	sequest-consulting.com	1
com.pe	viax.pe	1
DIMENOC	shekinahtravel.pe	1
nscluster.ee	nameweb.biz	3
SERVERCENTRAL	sanremo.pe	1
OVH SAS	daca.pe	1
AMAZON-02	atl.pe	1
net.pe	tama.pe	1
CLOUDFLARENET	meridianbet.pe	1
hostgator.com	medlifegroup.pe	1
SERVERCENTRAL	puntorojo.pe	1
SERVERCENTRAL	runawellness.pe	1
hostgator.com	swissimo.pe	1
Red Cientifica Peruana	marza.pe	1
hostinglabs.net	bitcom.pe	1
estelarhost.com	wayki.pe	1
Hetzner Online GmbH	APPLE-ENGINEERING	1
Akamai Connected Cloud	puntodecorte.pe	1
CLOUDFLARENET	centralpet.pe	1
Dattatec.com	beprofessional.pe	1
Red Cientifica Peruana	vyd.pe	1
ballerina.cl	ballerina.pe	1
isolperu.com	ZOHO-AS	1
dnsmisitio.net	deccsa.pe	1
AMAZON-02	intipunku.pe	1
net.pe	valuepartners.pe	1
cloudns.net	GOOGLE	9
Red Cientifica Peruana	systembase.pe	1
digitalapps.pe	digitalapps.pe	1
ghesac.com	GOOGLE	1
zylonz.com	GOOGLE	1
CLOUDFLARENET	zaunick.de	1
SERVERCENTRAL	ecosig.pe	1
Dattatec.com	seraxmed.pe	1
NL-811-40021	euroworks.pe	1
OVH SAS	contrata.pe	1
NSONE	Eurofiber France SAS	1
NSONE	perudata.pe	1
hostgator.com	candelab.pe	1
CLOUDFLARENET	omnisalud.pe	1
CLOUDFLARENET	CROCWEB	5
CLOUDFLARENET	trabajadores.pe	1
IOFLOOD	guamar.pe	1
hostingviper.com	tripinperu.pe	1
SECURITYSERVICES	chanchamayo.pe	1
Host Europe GmbH	bazaro.pe	1
AMAZON-02	casinoesmeralda.pe	1
CLOUDFLARENET	politicosperu.pe	1
1984.is	1984.is	1
ninjahosting.pe	solucionesimpresas.pe	1
SERVERCENTRAL	craneo.pe	1
SERVERCENTRAL	limacopias.pe	1
Host Europe GmbH	alterh.pe	1
AMAZON-02	soluservicios.pe	1
SECURITYSERVICES	aquaplan.pe	1
SECURITYSERVICES	manda.pe	1
adminhostdns17.com	amanacer.pe	1
unelink.net	infraca.pe	1
OVH SAS	escenica.pe	1
Akamai Connected Cloud	prestaplus.pe	1
hpserverdns.com	gygiluminacion.pe	1
nsresponse.com	GOOGLE	1
Host Europe GmbH	kedsperu.pe	1
DIMENOC	todomundoperu.pe	1
IS-AS-1	blagus.pe	1
spectramg.com	teloconsigo.pe	1
aggressiveservers.com	grupopacheco.pe	1
NETWORK-SOLUTIONS-HOSTING	ohc.pe	1
sipanserver.com	mibarrunto.pe	1
hostgator.com	iaa.pe	1
dnsmisitio.net	miya.pe	1
SERVERCENTRAL	coolhome.pe	1
NETWORK-SOLUTIONS-HOSTING	checo.pe	1
tmsystem.pe	tmsystem.pe	1
cloudns.net	COGECO-PEER1	2
CLOUDFLARENET	infocusco.pe	1
Red Cientifica Peruana	metalimpex.pe	1
OVH SAS	zb.pe	1
sipanserver.com	coseda.pe	1
AMAZON-02	tusolucionempresarial.pe	1
AMAZON-02	compucenter.pe	1
OVH SAS	realitas.pe	1
SERVERCENTRAL	plaxis.pe	1
OVH SAS	aemuse.pe	1
OVH SAS	psiel.pe	1
com.pe	ailar.pe	1
Red Cientifica Peruana	acos.pe	1
AMAZON-02	sistedent.pe	1
Combell NV	casaalba.pe	1
PRIVATESYSTEMS	mande.pe	1
appfact.org	appfact.pe	1
AMAZON-02	lbr.pe	1
viared.work	bratcom.pe	1
NETWORK-SOLUTIONS-HOSTING	consultiva.pe	1
net.pe	jyv.pe	1
hostgator.com	segurovehicular.pe	1
Red Cientifica Peruana	seya.pe	1
hostinglabs.net	tecnomar.pe	1
Contabo GmbH	geimsa.pe	1
CLOUDFLARENET	madec.pe	1
aceaperu.pe	aceaperu.pe	1
IOFLOOD	cjn.pe	1
fv-hosting.net	electrobyte.pe	1
hpserverdns.com	espaciointerior.pe	1
hostinglabs.net	pacificomotors.pe	1
AMAZON-02	doterraeveryday.pe	1
CLOUDFLARENET	eplace.pe	1
kreativoweb.com	cumploperu.pe	1
net.pe	tacnastore.pe	1
herosite.pro	huevos.pe	1
CLOUDFLARENET	prevencion.pe	1
sipanserver.com	derekstore.pe	1
CLOUDFLARENET	genesys.pe	1
CLOUDFLARENET	biu.pe	1
ciruplastica.pe	ciruplastica.pe	1
innovassoftgestion.top	integralpro.pe	1
Red Cientifica Peruana	softpad.pe	1
net.pe	seguridadranger.pe	1
hpserverdns.com	pirhuas.pe	1
AS-30083-US-VELIA-NET	MICROSOFT-CORP-MSN-AS-BLOCK	2
AMAZON-02	travelsim.pe	1
AMAZON-02	vimax.pe	1
1domain.at	1domain.at	1
intelplanet.net	cannaland.pe	1
SERVERCENTRAL	segvial.pe	1
tecnoweb.net	amperelectric.pe	1
DFW-DATACENTER	epikmerch.pe	1
IOFLOOD	brenqo.pe	1
Red Cientifica Peruana	lsp.pe	1
SERVERCENTRAL	meatropolis.pe	1
CLOUDFLARENET	cocinasyequipos.pe	1
mejorhosting.pe	mejorhosting.pe	1
Dattatec.com	totalcontadores.pe	1
RELIABLESITE	todoterrenos.pe	1
Red Cientifica Peruana	aerocentro.pe	1
hostingenred.online	rojopasion.pe	1
ewetel.de	ewetel.de	1
com.pe	millenium.pe	1
Red Cientifica Peruana	icoa.pe	1
hostgator.com	olringenieros.pe	1
net.pe	perudefensa.pe	1
SERVERCENTRAL	matissa.pe	1
net.pe	segurmax.pe	1
SERVERCENTRAL	qworks.pe	1
AMAZON-02	rhynotech.pe	1
CLOUDFLARENET	opticlass.pe	1
hpserverdns.com	romeroservice.pe	1
SERVERCENTRAL	constructiva.pe	1
ehg.pe	castillo.pe	1
SERVERCENTRAL	elobjetivo.pe	1
Dattatec.com	agrogama.pe	1
valsanfox.org	hemec.pe	1
hostgator.com	vesicula.pe	1
AMAZON-02	machotel.pe	1
SERVERCENTRAL	movimientoz.pe	1
net.pe	lccorp.pe	1
Hetzner Online GmbH	rj45.pe	1
net.pe	facturaplus.pe	1
SERVERCENTRAL	limacaldo.pe	1
PRIVATESYSTEMS	mclaren.pe	1
yarkan.net	multident.pe	1
DIGICERT	MICROSOFT-CORP-MSN-AS-BLOCK	3
IS-AS-1	forza.pe	1
CLOUDFLARENET	maxilider.pe	1
cloudnsplus.com	faiptel.pe	1
com.pe	claroideas.pe	1
net.pe	mia.pe	1
hpserverdns.com	hijitos.pe	1
AMAZON-02	cablelaser.pe	1
hogarysalud.pe	hogarysalud.pe	1
Combell NV	vika.pe	1
rosses.cl	siroe.pe	1
Dattatec.com	acmstorage.pe	1
arohastudio.com	villana.pe	1
planetahosting.pe	maikhome.pe	1
Dattatec.com	arizmendi.pe	1
Red Cientifica Peruana	bluegas.pe	1
NOCPERU-LATIN TECHNOLOGIES	MICROSOFT-CORP-MSN-AS-BLOCK	1
latinoamericahosting.com	tmacro.pe	1
Dattatec.com	harog.pe	1
DIGITALOCEAN-ASN	madinnovation.pe	1
IONOS SE	ppsmtp.com	1
bitsupport.lat	hgtp.pe	1
pymedns.net	retails.pe	1
SERVERCENTRAL	mexia.pe	1
SERVERCENTRAL	kingzhou.pe	1
1233dns.com	longteng-cdn.com	1
OVH SAS	softwaress.pe	1
UNIFIEDLAYER-AS-1	jatos.pe	1
Host Europe GmbH	ganbarugroup.pe	1
Hetzner Online GmbH	todoo.pe	1
kpo.pe	kpo.pe	1
migivagroup.com	GOOGLE	1
rexhost.net	GOOGLE	3
RELIABLESITE	alpsolutions.pe	1
sth.pe	notariareyes.pe	1
supremepanel.com	aquatech.pe	1
LEASEWEB-USA-DAL	ferrot.pe	1
SERVERCENTRAL	mansercom.pe	1
AMAZON-02	zenni.pe	1
SERVERCENTRAL	redyou.pe	1
NUCDN	igus.de	1
net.pe	masophtechnology.pe	1
AMAZON-02	dondelocompro.pe	1
AMAZON-02	codelve.pe	1
vivawebhost.com	dataia.pe	1
Hetzner Online GmbH	prevensalud.pe	1
hpserverdns.com	cmaconsulting.pe	1
hostgator.com	elausi.pe	1
Akamai Connected Cloud	inversionesrafael.pe	1
SERVERCENTRAL	datastyle.pe	1
ICDSoft Ltd.	thesalkantaytrek.pe	1
SOFTLAYER	sempro.pe	1
inmotionhosting.com	gruposig.pe	1
OVH SAS	tradingelectric.pe	1
SERVERCENTRAL	parma.pe	1
NL-811-40021	gastrodiseno.pe	1
PONYNET	GOOGLE	5
iconohost.com	j2m.pe	1
binsa.com	binsa.pe	1
Hetzner Online GmbH	farmilia.pe	1
inmotionhosting.com	apartamentos.pe	1
AMAZON-02	telecable.pe	1
Dattatec.com	prohome.pe	1
ninjahosting.pe	mun.pe	1
CLOUDFLARENET	rpas.pe	1
dnsmisitio.net	siempreseguro.pe	1
hostgator.com	k-po.pe	1
AMAZON-02	tributos.pe	1
ipcom GmbH	ticketpremium.pe	1
GOOGLE	katcakes.pe	1
admeli.com	cad.pe	1
CLOUDFLARENET	neomin.pe	1
CLOUDFLARENET	boretek.pe	1
DIGITALOCEAN-ASN	vemax.pe	1
bghardsoft.com	decidoyo.pe	1
SHOCK-1	tulog.pe	1
SERVERCENTRAL	lenteslook.pe	1
Red Cientifica Peruana	geoglobe.pe	1
SERVERCENTRAL	aecsolutions.pe	1
SERVERCENTRAL	ecosem.pe	1
Red Cientifica Peruana	universalmd.pe	1
cuentadns.com	wonest.pe	1
hubara.net	vasscompany.pe	1
Red Cientifica Peruana	doshermanas.pe	1
DIGITALOCEAN-ASN	ecopackcorp.pe	1
netio.cz	deepseek.pe	1
gocheapweb.com	blatech.pe	1
Red Cientifica Peruana	tacto.pe	1
AMAZON-02	grupocym.pe	1
hostgator.com	rssystem.pe	1
Red Cientifica Peruana	creatori.pe	1
iarastudio.com	GOOGLE	1
IWEB-AS	apugreen.pe	1
BIZLAND-SD	fightacademy.pe	1
hpserverdns.com	reventon.pe	1
hectorcubillas.com	conser.pe	1
IS-AS-1	turronescalderon.pe	1
Red Cientifica Peruana	babygold.pe	1
gigaperhost.com	khana.pe	1
IOFLOOD	corporacionlavassa.pe	1
grupoyataco.com	moninolock.pe	1
dominioabsoluto.com	MICROSOFT-CORP-MSN-AS-BLOCK	1
inmotionhosting.com	mesasdepingpong.pe	1
AMAZON-02	fiamma.pe	1
Red Cientifica Peruana	iphmx.com	1
Hetzner Online GmbH	ahosting.pe	1
Akamai International B.V.	smu.cl	1
Host Europe GmbH	andree.pe	1
DFW-DATACENTER	comeli.pe	1
nexloc.ro	rootsecurity.pe	1
DIMENOC	pconnections.pe	1
pymedns.net	lamar.pe	1
CLOUDFLARENET	busdigital.pe	1
OVH SAS	dominiosperu.pe	1
SERVERCENTRAL	radiokebuena.pe	1
CLOUDFLARENET	noventa.pe	1
SSASN2	dsegunda.pe	1
AS-30083-US-VELIA-NET	harumi.pe	1
OVH SAS	importadorafremar.pe	1
tier1.cl	MICROSOFT-CORP-MSN-AS-BLOCK	1
unelink.net	inasus.pe	1
plservers.net	cevichelabs.pe	1
lollevo.pe	lollevo.pe	1
mukadion.com	solas.pe	1
SERVERCENTRAL	coeseducacion.pe	1
GANDI SAS	ZOHO-AS	1
centos-webpanel.com	GOOGLE	1
SERVERCENTRAL	agrodrones.pe	1
MICROSOFT-CORP-MSN-AS-BLOCK	unilever.com	2
net.pe	coviandes.pe	1
webhostinghub.com	GOOGLE	1
AMAZON-02	soft.pe	1
Red Cientifica Peruana	minprotech.pe	1
AMAZON-02	villasanjose.pe	1
com.pe	bitel.pe	1
andino.host	cruzandes.pe	1
cdmon.net	GOOGLE	6
SOFTLAYER	mltransportes.pe	1
AMAZON-02	krediya.pe	1
CLOUDFLARENET	evolis.pe	1
SERVERCENTRAL	potencia.pe	1
ORANGEHOST	svarqueologos.pe	1
CLOUDFLARENET	f45training.pe	1
Akamai Connected Cloud	kusiperu.pe	1
adphostserver.com	GOOGLE	1
SERVERCENTRAL	mayu.pe	1
IS-AS-1	lumens.pe	1
SERVERCENTRAL	neutron.pe	1
dnsimple.com	GOOGLE	5
SINGLEHOP-LLC	americatrucks.pe	1
CLOUDFLARENET	gruporeyes.pe	1
INMOTION	MICROSOFT-CORP-MSN-AS-BLOCK	1
pymedns.net	advicom.pe	1
planetahosting.pe	purexa.pe	1
SERVERCENTRAL	wayta.pe	1
NETWORK-SOLUTIONS-HOSTING	abogadodefamilia.pe	1
SERVERCENTRAL	avc.pe	1
Red Cientifica Peruana	marie.pe	1
Red Cientifica Peruana	tecip.pe	1
providesupport.com	providesupport.com	1
CLOUDFLARENET	360creative.pe	1
CLOUDFLARENET	rednacional.pe	1
ssmb.pe	camica.pe	1
SERVERCENTRAL	mipet.pe	1
CLOUDFLARENET	yomequejo.pe	1
biotestlab.pe	biotestlab.pe	1
SERVERCENTRAL	deviaje.pe	1
net.pe	huaycan.pe	1
AMAZON-02	cingenieria.pe	1
Dattatec.com	pphosted.com	1
NETWORK-SOLUTIONS-HOSTING	marihuanamedicinal.pe	1
Red Cientifica Peruana	mpb.pe	1
net.pe	568721-017489901135-1	4
Hetzner Online GmbH	insumedical.pe	1
SERVERCENTRAL	creativamkt.pe	1
AMAZON-02	ambipetro.pe	1
net.pe	adelit.pe	1
netsons.net	tiempomanana.pe	1
UNIFIEDLAYER-AS-1	povea.pe	1
Red Cientifica Peruana	thundermkt.pe	1
NETWORK-SOLUTIONS-HOSTING	equidadcyt.pe	1
net.pe	kokun.pe	1
hostns.io	MICROSOFT-CORP-MSN-AS-BLOCK	1
Dattatec.com	diferente.pe	1
latamreseller.com	vitaterra.pe	1
planetahosting.pe	fuegoybrasa.pe	1
com.pe	ecologicaltech.pe	1
OVH SAS	stindustrial.pe	1
MULTA-ASN1	GOOGLE	3
hpserverdns.com	sercomperu.pe	1
tecnoweb.net	skinderm.pe	1
planetahosting.pe	todoslossantos.pe	1
SERVERCENTRAL	elefanteblanco.pe	1
l4dns.com	INFOLINK-MIA	9
INMOTION	reencauchadoraelsol.pe	1
SECURITYSERVICES	polimetrica.pe	1
Red Cientifica Peruana	finito.pe	1
tecnoweb.net	sigecom.pe	1
OVH SAS	crsperu.pe	1
redinforcom.net	masperu.pe	1
intelsrv.net	nts.pe	1
Hetzner Online GmbH	bestgroup.pe	1
hostgator.com	GO-DADDY-COM-LLC	1
HOSTING.	petrinovic.pe	1
latinoamericahosting.com	sbcoworking.pe	1
alfahosting.info	geschenk.pe	1
cloudserver20.com	semillas.pe	1
NL-811-40021	th.pe	1
servidorhn.com	epplus.pe	1
MAJESTIC-HOSTING-01	nuevavision.pe	1
CLOUDFLARENET	machupicchu.pe	1
cenaxis.com	GOOGLE	1
OVH SAS	dataserver.pe	1
NL-811-40021	acerco.pe	1
net.pe	maclab.pe	1
balsamedia.com	ZOHO-AS	1
Red Cientifica Peruana	djpadilla.pe	1
Akamai Connected Cloud	jyf.pe	1
webmasterstech.pe	webmasterstech.pe	1
sipanserver.com	sancristobal.pe	1
CLOUDFLARENET	rehobot.pe	1
NETWORK-SOLUTIONS-HOSTING	wifi.pe	1
hostinglabs.net	diamanta.pe	1
apache-peru.info	lapicante.pe	1
SERVERCENTRAL	apcp.pe	1
SERVERCENTRAL	mobiliariocomercial.pe	1
SERVERCENTRAL	gruponavarro.pe	1
Red Cientifica Peruana	endutech.pe	1
hpserverdns.com	ayahuascamuseum.pe	1
Host Europe GmbH	acelera.pe	1
studioh-server.eu	oroverde.pe	1
AMAZON-02	cimar.pe	1
Red Cientifica Peruana	svaudiovisual.pe	1
SINGLEHOP-LLC	friendlypet.pe	1
Dattatec.com	petiteboite.pe	1
CLOUDFLARENET	hostingilimitado.pe	1
Red Cientifica Peruana	kingsoft.pe	1
Red Cientifica Peruana	incotech.pe	1
CLOUDFLARENET	ihcorp.pe	1
NL-811-40021	rhlogistics.pe	1
OVH SAS	convert.pe	1
UNIFIEDLAYER-AS-1	epiconsultores.pe	1
Red Cientifica Peruana	robusa.pe	1
CLOUDFLARENET	laboralista.pe	1
SERVERCENTRAL	gab.pe	1
iq.pl	iq.pl	1
AS-30083-US-VELIA-NET	studiola.pe	1
Red Cientifica Peruana	satrel.pe	1
SERVERCENTRAL	elitefox.pe	1
hostgator.com	outdoor.pe	1
eolohosting.com	denimavenue.pe	1
SERVERCENTRAL	polymet.pe	1
boliviasitios.com	multin.pe	1
net.pe	solarc.pe	1
LEASEWEB-USA-DAL	alenca.pe	1
CLOUDFLARENET	nssperu.pe	1
hpserverdns.com	garabato.pe	1
NETWORK-SOLUTIONS-HOSTING	terralpa.pe	1
OVH SAS	invictus.pe	1
AMAZON-02	impresoras.pe	1
ravrit.com	vanguarda.pe	1
UNIFIEDLAYER-AS-1	fonavi-sjm.pe	1
SERVERCENTRAL	sabi.pe	1
DIGITALOCEAN-ASN	lumine.pe	1
CLOUDFLARENET	tubalance.pe	1
IS-AS-1	ele.pe	1
NL-811-40021	vaycon.pe	1
net.pe	larksuite.com	1
SERVERCENTRAL	oceanus.pe	1
SERVERCENTRAL	imbacorp.pe	1
CLOUDFLARENET	easydns.com	1
AS17378	GOOGLE	2
IS-AS-1	pronti.pe	1
SERVERCENTRAL	baoli.pe	1
cityhosting.me	legalba.pe	1
servidoraweb.net	andino.pe	1
net.pe	mibrevete.pe	1
CLOUDFLARENET	gleon.pe	1
AMAZON-02	pilarposgradounap.pe	1
edrive-hosting.cz	GOOGLE	4
catrinalabs.com	evolucioneleyendo.pe	1
OVH SAS	miragourmet.pe	1
Akamai Connected Cloud	dtfc.pe	1
inmotionhosting.com	vtasac.pe	1
ikapla.com	grupoleac.pe	1
n1awscloud.com	GOOGLE	1
AMAZON-02	wawapima.pe	1
com.pe	3000tec.pe	1
tcdaza.com	grupojosecito.pe	1
OVH SAS	farmerchicken.pe	1
SECURITYSERVICES	philipp.pe	1
MICROSOFT-CORP-MSN-AS-BLOCK	skype.net	1
Contabo GmbH	georgestone.pe	1
lineadns.com	bpconsulting.pe	1
AMAZON-02	codeforce.pe	1
Host Europe GmbH	ahe.pe	1
DIMENOC	gelvotelecom.pe	1
Red Cientifica Peruana	laprenda.pe	1
hpserverdns.com	lahanseatica.pe	1
UNIFIEDLAYER-AS-1	riosa.pe	1
hostgator.com	cruje.pe	1
SERVERCENTRAL	expomar.pe	1
Dattatec.com	corporacionarizoy.pe	1
Red Cientifica Peruana	sbpartners.pe	1
dnsmisitio.net	educapro.pe	1
net.pe	increa.pe	1
AMAZON-02	blacklaw.pe	1
miateam.cl	hr4u.pe	1
CLOUDFLARENET	barferia.pe	1
nt3e.com	globalstone.pe	1
gamsacvir.com	ifyr.pe	1
AMAZON-02	bingonthebox.pe	1
hostgator.com	madda.pe	1
amenworld.com	securemail.pro	2
webhostingpad.com	opticahonda.pe	1
PONYNET	bambu.pe	1
CLOUDFLARENET	grm-e.com	1
IS-AS-1	bios.pe	1
SERVERCENTRAL	imprentacentrolima.pe	1
NUCDN	x-ion GmbH	3
hpserverdns.com	infinitydental.pe	1
CLOUDFLARENET	tensco.pe	1
enterministry.com	alandaniel.pe	1
simply.com	GOOGLE	2
servidorlatino.com	numerals.pe	1
mijndnsserver.nl	MICROSOFT-CORP-MSN-AS-BLOCK	1
tecnoweb.net	fullmix.pe	1
gigaperhost.com	pryzmat.pe	1
BIZLAND-SD	plazaderegalos.pe	1
AMAZON-02	arquitecturadelagua.pe	1
inseltech.pro	grupocorporativo.pe	1
AS-VULTR	formatos.pe	1
nexloc.ro	seguridad360.pe	1
SERVERCENTRAL	movilsat.pe	1
co.nz	GOOGLE	1
Akamai Connected Cloud	plasmark.pe	1
NETWORK-SOLUTIONS-HOSTING	psicologomiraflores.pe	1
CLOUDFLARENET	fastcloud.pe	1
dongee.com	depilarte.pe	1
Red Cientifica Peruana	com.pe	4
ANEXIA Internetdienstleistungs GmbH	SECURITYSERVICES	2
AMAZON-02	arboldevida.pe	1
BIZLAND-SD	phoenixmining.pe	1
tecnoweb.net	themotion.pe	1
CLOUDFLARENET	naturavital.pe	1
acepartners.org	GOOGLE	3
gbdata.pe	gbdata.pe	1
SERVERCENTRAL	emporiogamarra.pe	1
AMAZON-02	tcsenergy.pe	1
site4now.net	ZOHO-AS	2
hostinglabs.net	mimail.pe	3
OVH SAS	pcnet.pe	1
CLOUDFLARENET	co.uk	2
OVH SAS	ofertasperu.pe	1
Host Europe GmbH	dpsgroup.pe	1
Red Cientifica Peruana	cytex.pe	1
dnsmisitio.net	famels.pe	1
CLOUDFLARENET	deconfianza.pe	1
Akamai International B.V.	klm.com	1
Akamai Connected Cloud	worldholding.pe	1
host-n-web.com	inmo.pe	1
site4now.net	GO-DADDY-COM-LLC	1
CLOUDFLARENET	quimicaindustrial.pe	1
SERVERCENTRAL	topdogshop.pe	1
SERVERCENTRAL	bitjoins.pe	1
tecnoweb.net	agrofergi.pe	1
Dattatec.com	peritomedicolegal.pe	1
SERVERCENTRAL	construtecno.pe	1
CLOUDFLARENET	eaenterprise.pe	1
IS-AS-1	soluciones.pe	1
Red Cientifica Peruana	collagestudio.pe	1
AMAZON-02	tecnotex.pe	1
WI-NET TELECOM S.A.C.	tierrablanca.pe	1
net.pe	tusfacturas.pe	1
openserverdns.com	mastertrade.pe	1
Red Cientifica Peruana	cecom.pe	1
OVH SAS	polvosrosados.pe	1
net.pe	7gi.pe	1
latinoamericahosting.com	lival.pe	1
dnsmisitio.net	vlhermanos.pe	1
LIQUIDWEB	fifu.pe	1
Cloud DNS Ltd	espacio14.pe	1
planetahosting.pe	sispro.pe	1
LEASEWEB-USA-DAL	serviciopro.pe	1
Red Cientifica Peruana	notariagutierrez.pe	1
SERVERCENTRAL	mensajera.pe	1
tecnoweb.net	oralteam.pe	1
ninjahosting.pe	mcsolutions.pe	1
dattassd.com	rbc.pe	1
ANEXIA Internetdienstleistungs GmbH	co.uk	1
SERVERCENTRAL	cerrajero.pe	1
PRIVATESYSTEMS	entrevistas.pe	1
businesscodehost.com	happypetsoficial.pe	1
hostgator.com	iamaq.pe	1
tecnoweb.net	entelempresa.pe	1
BIZLAND-SD	facilweb.pe	1
latinoamericahosting.com	aromapura.pe	1
AMAZON-02	siscomweb.pe	1
Contabo GmbH	eldeportivo.pe	1
IS-AS-1	amaral.pe	1
mvmnet.com	mvmnet.com	1
DFW-DATACENTER	sistemalegal.pe	1
ecosapiens.pe	naturekids.pe	1
net.pe	ZOHO Corporation B.V	1
NETWORK-SOLUTIONS-HOSTING	tipro.pe	1
NL-811-40021	lccespacios.pe	1
world4you.at	madava.pe	1
OVH SAS	consuma.pe	1
SERVERCENTRAL	jhv.pe	1
SERVERCENTRAL	glmusic.pe	1
PRIVATESYSTEMS	getway.pe	1
inmotionhosting.com	pionierjeans.pe	1
OVH SAS	nedlan.pe	1
serveriai.lt	serveriai.lt	4
GOOGLE-CLOUD-PLATFORM	GO-DADDY-COM-LLC	1
SECURITYSERVICES	87.pe	1
empresadns.net	tigoyogurt.pe	1
servercloudflare.xyz	todonegocios.pe	1
SERVERCENTRAL	nurhia.pe	1
hostgator.cl	gstravel.pe	1
hostingroup.com	sixan.pe	1
WI-NET TELECOM S.A.C.	inmobiliare.pe	1
CLOUDFLARENET	ronroneo.pe	1
DIMENOC	bunkerindustrial.pe	1
hostinglabs.net	loza.pe	1
Host Europe GmbH	elcrack.pe	1
OVH SAS	mentorapp.pe	1
hostpapavps.net	maia.pe	1
bonkoagencia.com	proycom.pe	1
OVH SAS	best4pets.pe	1
DIMENOC	prisa.pe	1
dnsexit.com	ZOHO-AS	1
SERVERCENTRAL	activagroup.pe	1
SERVERCENTRAL	masslam.pe	1
planetahosting.pe	inmobiliariamonarca.pe	1
SERVERCENTRAL	topseller.pe	1
SERVERCENTRAL	familylink.pe	1
hpserverdns.com	luxor.pe	1
unknown	mcisac.pe	1
SECURITYSERVICES	telmax.pe	1
SERVERCENTRAL	jvstudio.pe	1
servernetworkdata.com	peruhealth.pe	1
latinoamericahosting.com	bari.pe	1
Host Europe GmbH	automattic.pe	1
SERVERCENTRAL	megapets.pe	1
Contabo GmbH	7dprojects.pe	1
CLOUDFLARENET	aq.pe	1
hostinglabs.net	zalto.pe	1
servidoraweb.net	dsm.pe	1
NETWORK-SOLUTIONS-HOSTING	decorinox.pe	1
SERVERCENTRAL	vidda.pe	1
Signet B.V.	conti-go.pe	1
OVH SAS	felip.pe	1
Host Europe GmbH	bigtecnologia.pe	1
AMAZON-02	viajaris.pe	1
SERVERCENTRAL	esencianatural.pe	1
webme.it	alien8.it	1
Red Cientifica Peruana	littleexplorer.pe	1
AMAZON-02	ingepet.pe	1
CLOUDFLARENET	saniito.pe	1
NETWORK-SOLUTIONS-HOSTING	regalosyjuguetes.pe	1
LEASEWEB-USA-DAL	donagustin.pe	1
SERVERCENTRAL	sesamed.pe	1
PRIVATESYSTEMS	palais.pe	1
Red Cientifica Peruana	publink.pe	1
casa100.pe	GOOGLE	1
hostgator.com	plazamusic.pe	1
CLOUDFLARENET	bolsasderafia.pe	1
SERVERCENTRAL	compulike.pe	1
com.pe	molmart.pe	1
webenlineaperu.com	ZOHO-AS	4
SERVERCENTRAL	provemax.pe	1
OVH SAS	proavance.pe	1
AMAZON-02	lanube.pe	1
controldeservidor.com	controldeservidor.com	1
hostgator.com	propulsor.pe	1
AMAZON-02	dtodo.pe	1
SERVERCENTRAL	caminocontigo.pe	1
nabiax.pe	iphmx.com	1
SERVERCENTRAL	dapoxetina.pe	1
Red Cientifica Peruana	chispitas.pe	1
AMAZON-02	royalshop.pe	1
gmsis.org	laboratoriosvesalio.pe	1
3oha.com	visahq.com	1
AMAZON-02	abanto.pe	1
hostgator.com	prado.pe	1
1and1-dns.biz	1and1.es	2
CLOUDFLARENET	ecovalle.pe	1
SERVERCENTRAL	radiouniverso.pe	1
ajmcloud.com	MICROSOFT-CORP-MSN-AS-BLOCK	1
com.pe	oysterfactory.pe	1
SERVERCENTRAL	eactiva.pe	1
dongee.com	micanasta.pe	1
net.pe	sdarobia.pe	1
planetahosting.pe	ashesfire.pe	1
CLOUDFLARENET	operatic.pe	1
AMAZON-02	serviestiba.pe	1
Hetzner Online GmbH	alpaku.pe	1
AMAZON-02	panamericana.pe	1
NETWORK-SOLUTIONS-HOSTING	cocinapro.pe	1
SERVERCENTRAL	celi-vegas.pe	1
RELIABLESITE	identical.pe	1
AMAZON-02	webker.pe	1
IS-AS-1	medicsalud.pe	1
klaviyo.com	IONOS SE	1
WII	alephtech.pe	1
net.pe	fexpress.pe	1
hostgator.com	eoc.pe	1
net.pe	st.pe	1
hostgator.com	bkparts.pe	1
OVH SAS	sipagroup.pe	1
com.mx	lulet.pe	1
serverhostgroup.com	apgames.pe	1
com.pe	transportescastro.pe	1
dnsmisitio.net	poderoso.pe	1
biopla.cl	MICROSOFT-CORP-MSN-AS-BLOCK	1
OVH SAS	delfarma.pe	1
panel.pe	ZOHO-AS	2
NL-811-40021	aklenergy.pe	1
SERVERCENTRAL	soulbnb.pe	1
IOFLOOD	pwsolutions.pe	1
hostinglabs.net	csttiresperu.pe	1
osn.de	osn.de	1
OVH SAS	desafios.pe	1
cloudns.net	cloudns.net	2
CLOUDFLARENET	inbu.pe	1
AMAZON-02	mysecurecloudhost.com	3
digitalapps.pe	blockchains.pe	1
Red Cientifica Peruana	milay.pe	1
SERVERCENTRAL	mejia.pe	1
dnsmisitio.net	camposdelvalle.pe	1
e-digitalhosting.net	arsuperu.pe	1
SERVERCENTRAL	piper.pe	1
apexpw.pe	apexpw.pe	1
latinoamericahosting.com	terrazasdechepeconde.pe	1
SERVERCENTRAL	nutrivet.pe	1
hostgator.com	trenol.pe	1
CLOUDFLARENET	acciontrabajo.pe	1
AMAZON-02	firmafacil.pe	1
net.pe	coresac.pe	1
Dattatec.com	alphatec.pe	1
hostgator.com	arquiweb.pe	1
studioh-server.eu	djistore.pe	1
SERVERCENTRAL	ditersa.pe	1
SERVERCENTRAL	pecuarius.pe	1
cajamarcahost.com	hallpaperu.pe	1
peruhostweb.com	GOOGLE	1
SECURITYSERVICES	danette.pe	1
Red Cientifica Peruana	imaginatio.pe	1
myclouddns.xyz	salima.pe	1
CLOUDFLARENET	comcacao.pe	1
AMAZON-02	dientecito.pe	1
HVC-AS	tmotiva.pe	1
NAMECHEAP-NET	serga.pe	1
peruhost.com	ptyr.pe	1
enfocussoluciones.pe	enfocussoluciones.pe	1
latinoamericahosting.com	gaw.pe	1
AMAZON-02	mayolab.pe	1
SERVERCENTRAL	camposonoro.pe	1
NUCDN	pphosted.com	2
inventiva.p	GOOGLE	1
Host Europe GmbH	omvdeco.pe	1
AMAZON-02	hydrosol.pe	1
Dattatec.com	neuropsin.pe	1
inmotionhosting.com	goldenpro.pe	1
Host Europe GmbH	SQUIXA PTY LIMITED	2
trevenque.es	elvirrey.pe	1
hpserverdns.com	gevicom.pe	1
ihosting.cl	MICROSOFT-CORP-MSN-AS-BLOCK	1
AMAZON-02	hostinca.pe	1
hostgator.com	hycinvestments.pe	1
OVH SAS	praxis.pe	1
Red Cientifica Peruana	varsport.pe	1
GOOGLE	tmddedicated.com	1
com.pe	plagio.pe	1
Combell NV	medicalandhealth.pe	1
OVH SAS	climatec.pe	1
ipymedns.cl	festivaldelautomovil.pe	1
hpserverdns.com	indumet.pe	1
AMAZON-02	brambles.pe	1
AMAZON-02	planetavirtual.pe	1
latinoamericahosting.com	mafego.pe	1
OVH SAS	ecoplaza.pe	1
aslan.pe	aslan.pe	1
hostgator.com	hydrex.pe	1
com.pe	construcciones.pe	1
latinoamericahosting.com	casalegre.pe	1
CLOUDFLARENET	tefacturo.pe	1
dhdinc.org	ZOHO-AS	1
CLOUDFLARENET	laptopshop.pe	1
suthost.com	MICROSOFT-CORP-MSN-AS-BLOCK	1
nominalia.com	MICROSOFT-CORP-MSN-AS-BLOCK	1
AMAZON-02	esmeraldacasino.pe	1
PRIVATESYSTEMS	c2inmobiliaria.pe	1
valpex.net	horacio.pe	1
SECURITYSERVICES	beiersdorf.com	2
CLOUDFLARENET	energiadigital.pe	1
CLOUDFLARENET	casabosque.pe	1
isee-commerce.com	sazona.pe	1
latinoamericahosting.com	benchmarket.pe	1
PRIVATESYSTEMS	origens.pe	1
oyotunstream.com	ondadigital.pe	1
UNIFIEDLAYER-AS-1	ayb.pe	1
AMAZON-02	tdc.pe	1
UNIFIEDLAYER-AS-1	facturacion-electronica.pe	1
SERVERCENTRAL	avanzit.pe	1
graphsys.net	glambition.pe	1
basenet.com	basenet.nl	1
NETWORK-SOLUTIONS-HOSTING	atipica.pe	1
net.pe	sigcom.pe	1
OVH SAS	hitechgroup.pe	1
machineasp.net	mailasp.net	1
AMAZON-02	enfokarte.pe	1
IONOS SE	CLOUDFLARENET	1
net.pe	tbwa.pe	1
Red Cientifica Peruana	vallesport.pe	1
CLOUDFLARENET	COGECO-PEER1	3
hpserverdns.com	outdo.pe	1
Red Cientifica Peruana	ppe-hosted.com	1
hostgator.com	tair-renting.pe	1
RELIABLESITE	home-buildings.pe	1
OVH SAS	actium.pe	1
joranve.net	4pertech.pe	1
LEASEWEB-USA-DAL	radiolosolivos.pe	1
hostbuddy.cloud	elecmec.pe	1
hostgator.com	ecoair.pe	1
Dattatec.com	overtruck.pe	1
hpserverdns.com	rydgam.pe	1
SERVERCENTRAL	alsotec.pe	1
CLOUDFLARENET	nechi.pe	1
SERVERCENTRAL	hispanos.pe	1
net.pe	thebakingco.pe	1
Dattatec.com	abracadabra.pe	1
AMAZON-02	palletsdemadera.pe	1
aliasdns.net	imaginia.pe	1
preciso.website	comunika.pe	1
CLOUDFLARENET	cablego.pe	1
paginawebenlinea.com	alcaconsultores.pe	1
net.pe	primellantas.pe	1
LIQUIDWEB	GOOGLE	2
nummbers.club	cardioseguro.pe	1
AMAZON-02	artematilda.pe	1
CLOUDFLARENET	telescopios.pe	1
Dattatec.com	smart14.pe	1
SERVERCENTRAL	preventivaperu.pe	1
ivnosys.net	ivnosys.pe	1
AMAZON-02	casadereposo.pe	1
latinoamericahosting.com	redboperu.pe	1
Red Cientifica Peruana	ssg-s.pe	1
SERVERCENTRAL	vipsa.pe	1
namehero.com	garamondbooks.pe	1
CLOUDFLARENET	kumpa.pe	1
AUTOMATTIC	wordpress.com	3
Hetzner Online GmbH	sinpiojos.pe	1
hpserverdns.com	wincha.pe	1
SERVERCENTRAL	dietservice.pe	1
pymedns.net	angels.pe	1
QUIC-CLOUD	GOOGLE	1
Red Cientifica Peruana	gs-studio.pe	1
cloudnsplus.com	belatec.pe	1
sipanserver.com	talenthunting.pe	1
CLOUDFLARENET	clinicafernandez.pe	1
viaventas.com	intercom.pe	1
Host Europe GmbH	pokeboss.pe	1
elgranhosting.com	ZOHO-AS	2
SERVERCENTRAL	crud.pe	1
CLOUDFLARENET	pcready.cl	1
controlglobalweb.com	turnover.pe	1
Contabo GmbH	dkr.pe	1
GANDI SAS	patek.pe	1
net.ar	com.ar	1
net.pe	virtualtec.pe	1
AMAZON-02	futuratrading.pe	1
xundns.com	olns.vip	2
LEASEWEB-USA-DAL	krece.pe	1
CLOUDFLARENET	giatech.pe	1
SERVERCENTRAL	biotechperu.pe	1
hostgator.com	pulserastyvek.pe	1
AMAZON-02	kampai.pe	1
hpserverdns.com	latcom.pe	1
hpserverdns.com	pcsworld.pe	1
Red Cientifica Peruana	bloomblue.pe	1
hostgator.com	bassethound.pe	1
SERVERCENTRAL	globalbot.pe	1
sapp-peru.com	coritos.pe	1
tepuyserver.net	mountgreen.pe	1
Dattatec.com	glaubenit.pe	1
dnshosty.net	entrecanales.pe	1
example.com	1wiin.pe	1
CLOUDFLARENET	energiaverde.pe	1
hostinglabs.net	perspektiva.pe	1
NTHL	ips.pe	1
LEASEWEB-USA-DAL	quantika.pe	1
Red Cientifica Peruana	kassa.pe	1
eolas.fr	eolas-services.com	2
net.pe	vivawebhost.com	2
latinoamericahosting.com	srh.pe	1
Red Cientifica Peruana	bavela.pe	1
AMAZON-02	razadistinta.pe	1
hostinglabs.net	bucledigital.pe	1
Red Cientifica Peruana	constructoraroma.pe	1
Red Cientifica Peruana	madtel.pe	1
hostinglabs.net	matsugroup.pe	1
DIMENOC	dicoda.pe	1
CLOUDFLARENET	codigo-postal.pe	1
NETWORK-SOLUTIONS-HOSTING	deltasoluciones.pe	1
hostgator.com	itera.pe	1
Dattatec.com	lpstar.pe	1
Red Cientifica Peruana	CLOUDFLARENET	2
Red Cientifica Peruana	tsnet.pe	1
linode.com	isdinperu.pe	1
CLOUDFLARENET	helmar.pe	1
OVH SAS	popcom.pe	1
mihosting.net	sgroup.pe	1
hispalisdns.com	MICROSOFT-CORP-MSN-AS-BLOCK	1
acens Technologies, S.L.	camino-real.pe	1
Red Cientifica Peruana	temax.pe	1
com.pe	icontable.pe	1
joranve.net	Akamai International B.V.	1
LEASEWEB-USA-PHX	sermaqui.pe	1
CLOUDFLARENET	hostpoint.ch	1
servernetworkdata.com	avra.pe	1
SERVERCENTRAL	h2energy.pe	1
OVH SAS	ciudadanosporelperu.pe	1
akllatravels.com	sunmoon.pe	1
planetahosting.pe	consersa.pe	1
centos-webpanel.com	sabrozzi.pe	1
Red Cientifica Peruana	latinoamericanos.pe	1
SERVERCENTRAL	pergolas.pe	1
NSONE	GO-DADDY-COM-LLC	4
azureelectrics.com	wisehood.pe	1
CLOUDFLARENET	iz.pe	1
cloudnsplus.com	tamefisa.pe	1
nummbers.club	cardiosafe.pe	1
dcomercios.com	hass.pe	1
SERVERCENTRAL	slimfood.pe	1
Xtudio Networks S.L.U.	ovitel.pe	1
SERVERCENTRAL	factready.pe	1
supremepanel.com	cleanpestsolutions.pe	1
RELIABLESITE	nuestraboda.pe	1
Safenames Ltd.	MICROSOFT-CORP-MSN-AS-BLOCK	2
CLOUDFLARENET	ciudadreal.pe	1
domain-placeholder.temp	guipark.pe	1
Red Cientifica Peruana	Red Cientifica Peruana	2
SERVERCENTRAL	lamcargo.pe	1
NETWORK-SOLUTIONS-HOSTING	biografix.pe	1
Akamai Connected Cloud	sumalab.pe	1
AMAZON-02	glocal.pe	1
DIMENOC	coppa.pe	1
OVH SAS	elmomentoeshoy.pe	1
cdmon.net	xtremesport.pe	1
pindns.com	wn-power.com	1
Red Cientifica Peruana	byte4u.pe	1
artwebsystem.com	raeeperu.pe	1
SERVERCENTRAL	solver.pe	1
CLOUDFLARENET	infinityworks.pe	1
l4dns.com	MICROSOFT-CORP-MSN-AS-BLOCK	2
SERVERCENTRAL	homedecor.pe	1
UNIFIEDLAYER-AS-1	angulosranurados.pe	1
planetahosting.pe	minlab.pe	1
AMAZON-02	merchandising.pe	1
net.pe	techglobal.pe	1
net.pe	andarray.com	1
PRIVATESYSTEMS	sistemahotelero.pe	1
cloudnsplus.com	dragonflystudio.pe	1
DFW-DATACENTER	reurban.pe	1
inmotionhosting.com	factopro.pe	1
mainloop.net	accounting.pe	3
CLOUDFLARENET	mlrealtor.pe	1
myhosted.website	brandinmind.pe	1
Red Cientifica Peruana	jast.pe	1
unknown	futurum.pe	1
SERVERCENTRAL	mzcatering.pe	1
momentum-cloud.com	coleccioneslimanorte.pe	1
hostgator.com	lagunapai.pe	1
juaat.com	variezza.pe	1
BIZLAND-SD	cypcgc.pe	1
NL-811-40021	virtualgas.pe	1
ninjahosting.pe	rmc.pe	1
balsamedia.com	manek.pe	1
Red Cientifica Peruana	roig.pe	1
CLOUDFLARENET	wize.pe	2
CLOUDFLARENET	freya.pe	1
hostgator.com	hopelingerie.pe	1
profesionalhosting.com	molecor.pe	1
o2switch.net	fundacionperuanadedeportes.pe	1
AS-30083-US-VELIA-NET	inmuebles.pe	1
CLOUDFLARENET	Hetzner Online GmbH	1
mekaupp.com	mishmash.pe	1
net.pe	emergencia911.pe	1
Dattatec.com	muralco.pe	1
hostgator.com	medirent.pe	1
unknown	cres.pe	1
OVH SAS	insecta.pe	1
Host Europe GmbH	kolabnow.com	1
AMAZON-02	encotel.pe	1
SECURITYSERVICES	avir.pe	1
AMAZON-02	bocata.pe	1
latinoamericahosting.com	latribu.pe	1
hostgator.com	medicaocular.pe	1
AMAZON-02	faler.pe	1
latinoamericahosting.com	startel.pe	1
SERVERCENTRAL	mailboard.pe	1
ipxon.net	GOOGLE	1
Host Europe GmbH	itsmart.pe	1
OVH SAS	lk.pe	1
latinoamericahosting.com	planners360.pe	1
net.pe	createch.pe	1
A2HOSTING	sugoifest.pe	1
tinacreativastudio.com	femago.pe	1
rejyra.com	promel.pe	1
Red Cientifica Peruana	proactiveservices.pe	1
hpserverdns.com	ecopar.pe	1
supremecenterhost.com	supremecenterhost.com	1
SERVERCENTRAL	depilacionlaser.pe	1
0800freecall.ch	muldo.pe	1
megabus.pe	grupomb.pe	1
PRIVATESYSTEMS	abaselect.pe	1
net.pe	picorp.pe	1
leaseweb.nl	eivoittoa.fi	1
doctormatos.pe	doctormatos.pe	1
Red Cientifica Peruana	artedevivir.pe	1
CLOUDFLARENET	ceramed.pe	1
AMAZON-02	fluir.pe	1
Red Cientifica Peruana	delacasa.pe	1
Host Europe GmbH	sudaca.pe	1
INMOTION	gtradial.pe	1
IS-AS-1	maferchic.pe	1
dnsmisitio.net	darel.pe	1
akmus.com	solucionesmarinas.pe	1
AMAZON-02	elcaribe.pe	1
net.pe	adar.pe	1
com.pe	efm.pe	1
SERVERCENTRAL	depilbella.pe	1
unknown	avanze.pe	1
itsolutionsperu.net	alvarezlegal.pe	1
AMAZON-02	vuelafacil.pe	1
AMAZON-02	sertigroup.pe	1
CLOUDFLARENET	imbo.pe	1
Akamai Connected Cloud	enoasys.pe	1
unidadvirtual.com	minec.pe	1
tuwebpe.com	ascensoresvolta.pe	1
AMAZON-02	avatarla.io	4
Red Cientifica Peruana	zonaf.pe	1
hostgator.com	blis.pe	1
latinoamericahosting.com	ghusac.pe	1
eurodns.biz	ebrandservices.com	1
OVH SAS	urosur.pe	1
AMAZON-02	corilab.pe	1
mctcomputsolutions.com	delineantes.pe	1
SERVERCENTRAL	icap.pe	1
Red Cientifica Peruana	atlasentertainment.pe	1
SERVERCENTRAL	comside.pe	1
WI-NET TELECOM S.A.C.	transminer.pe	1
OVH SAS	ilogistik.pe	1
SERVERCENTRAL	deregalo.pe	1
zxcs.nl	keysforgames.pe	1
hpserverdns.com	appesca.pe	1
UNIFIEDLAYER-AS-1	globalprecision.pe	1
HURRICANE	AMAZON-02	1
NTHL	sorenu.pe	1
net.pe	lro.pe	1
servercloudflare.xyz	motofacil.pe	1
prodns.la	quetalraza.pe	1
Red Cientifica Peruana	briones.pe	1
AMAZON-02	casacactus.pe	1
AMAZON-02	inspiredbywomen.pe	1
SERVERCENTRAL	balanzasperu.pe	1
SERVERCENTRAL	gentlemenstore.pe	1
hostgator.com	proagua.pe	1
openserverdns.com	GOOGLE	1
SERVERCENTRAL	ezbiker.pe	1
SERVERCENTRAL	terrakids.pe	1
OVH SAS	aparking.pe	1
hostgator.com	depaso.pe	1
net.pe	neoplus.pe	1
SERVERCENTRAL	lumak.pe	1
net.pe	aypabogados.pe	1
hostgator.com	xtudio.pe	1
hostinglinus.com	homesmile.pe	1
lineadns.com	radicalcorp.pe	1
datahostperu.net	ZOHO-AS	1
SERVERCENTRAL	portagraf.pe	1
imagelitespeed.com	estudioalfaro.pe	1
AMAZON-02	nutriendo.pe	1
SERVERCENTRAL	prohogar.pe	1
SERVERCENTRAL	calyco.pe	1
OVH SAS	territoria.pe	1
CLOUDFLARENET	luisgonzales.pe	1
SERVERCENTRAL	alvaroguerra.pe	1
hostgator.com	experts.pe	1
hpserverdns.com	babygash.pe	1
hpserverdns.com	norcamsa.pe	1
CLOUDFLARENET	LIQUIDNETLTD1	3
SERVERCENTRAL	mascota.pe	1
AMAZON-02	chan.pe	1
ipcom GmbH	socomec.pe	1
hpserverdns.com	royas.pe	1
MICROSOFT-CORP-MSN-AS-BLOCK	CLOUDFLARENET	2
SERVERCENTRAL	brandest.pe	1
juaat.com	webflix.pe	1
SERVERCENTRAL	aquarecover.pe	1
consultores-tic.net	consultores-tic.net	1
CLOUDFLARENET	grupo3s.pe	1
creatividad-web.com	facturaweb.pe	1
Host Europe GmbH	lafamilia.pe	1
alka.cloud	mct.pe	1
com.pe	rgs.pe	1
AMAZON-02	logan.pe	1
hostgator.com	albru.pe	1
tbinnovations.pe	tbinnovations.pe	1
OVH SAS	wasisalud.pe	1
LEASEWEB-USA-WDC	cym.pe	1
hostgator.com	cargostar.pe	1
IOFLOOD	silviarocha.pe	1
fdafilms.com	sanfil.pe	1
unknown	grupoinco.pe	1
AMAZON-02	camionheladero.pe	1
Dattatec.com	mbpconsulting.pe	1
webcreative.pe	webcreative.pe	1
SERVERCENTRAL	hoteltex.pe	1
fastdomain.com	MICROSOFT-CORP-MSN-AS-BLOCK	2
latinoamericahosting.com	neurosummit.pe	1
cafeteria.pe	cafeteria.pe	1
linode.com	5stardailyprotection.pe	1
iaasdns.com	auditiva.pe	1
Combell NV	fukutrading.pe	1
CLOUDFLARENET	3am.pe	1
DFW-DATACENTER	campofresh.pe	1
CLOUDFLARENET	mineracoppercave.pe	1
SERVERCENTRAL	cyberland.pe	1
CLOUDFLARENET	palabar.pe	1
SERVERCENTRAL	promedical.pe	1
Hetzner Online GmbH	mflogistics.pe	1
inkahosting.pe	ginus.pe	1
hostgator.com	royalenfield.pe	1
Red Cientifica Peruana	denny.pe	1
hpserverdns.com	centrun.pe	1
panel.pe	GOOGLE	4
Host Europe GmbH	graficolor.pe	1
NSONE	APPLE-ENGINEERING	1
dnsmisitio.net	admin.pe	1
SERVERCENTRAL	webnavega.pe	1
CLOUDFLARENET	mantaro.pe	1
cpanelhost.cl	icata.pe	1
AMAZON-02	pyramis.pe	1
OVH SAS	APPLE-ENGINEERING	2
e-digitalhosting.net	elguardian.pe	1
hostinglabs.net	re9.pe	1
SERVERCENTRAL	ztingenieria.pe	1
Combell NV	binomia.pe	1
brandit.pe	brandit.pe	1
servidorlatino.com	ferral.pe	1
NAMECHEAP-NET	ekonohost.com	1
LEASEWEB-USA-DAL	aluminor.pe	1
CLOUDFLARENET	263.net	1
SECURITYSERVICES	contratalo.pe	1
techservicesperu.com	gypseguros.pe	1
AMAZON-02	smartshop.pe	1
CLOUDFLARENET	brainpos.pe	1
CLOUDFLARENET	tecnologica.pe	1
AS-30083-US-VELIA-NET	grupook.pe	1
com.pe	grupoje.pe	1
SERVERCENTRAL	susmimotos.pe	1
LEASEWEB-USA-DAL	sesal.pe	1
CLOUDFLARENET	filum.pe	1
intsercom.cl	GOOGLE	1
CLOUDFLARENET	whmpanels.com	1
SERVERCENTRAL	transformacion.pe	1
UNIFIEDLAYER-AS-1	wisfire.pe	1
Domain names registrar REG.RU, Ltd	mail.ru	2
servidorglobal.com	psp.pe	1
Host Europe GmbH	movilgo.pe	1
trahis.pe	trahis.pe	1
AMAZON-02	asdf.pe	1
AMAZON-02	kalatanta.pe	1
Dattatec.com	leonplast.pe	1
NETWORK-SOLUTIONS-HOSTING	thehouseproject.pe	1
yarkan.net	GOOGLE	2
CLOUDFLARENET	voge.pe	1
Red Cientifica Peruana	medicvision.pe	1
NL-811-40021	academiakids.pe	1
namedc.com	postalexpress.pe	1
ssbusiness.online	snt.pe	1
AMAZON-02	petrocapital.pe	1
Dattatec.com	chglobal.pe	1
SINGLEHOP-LLC	puertodelsol.pe	1
PRIVATESYSTEMS	mingyin.pe	1
OVH SAS	ceati.pe	1
CLOUDFLARENET	happystay.pe	1
serverzeus6.com	ptriperu.pe	1
Hetzner Online GmbH	axys.pe	1
AMAZON-02	logaware.pe	1
IOFLOOD	ingeser.pe	1
DIMENOC	mundomax.pe	1
AMAZON-02	edith.pe	1
hostingroup.com	MICROSOFT-CORP-MSN-AS-BLOCK	1
SERVERCENTRAL	propic.pe	1
ports.se	SECURITYSERVICES	1
SERVERCENTRAL	lafragata.pe	1
cloudgrupojyhperu.com	grupodeva.pe	1
OVH SAS	inprotec.pe	1
SERVERCENTRAL	modanez.pe	1
SERVERCENTRAL	valladares.pe	1
com.pe	3b.pe	1
SERVERCENTRAL	comain.pe	1
SERVERCENTRAL	d-vlant.pe	1
OVH SAS	gshop.pe	1
hostignition.com	birsac.pe	1
SERVERCENTRAL	eibu.pe	1
OVH SAS	nicagando.pe	1
planetahosting.pe	eac.pe	1
AMAZON-02	plasmaweb.pe	1
rpcp.pe	rpcp.pe	1
sawsells.com	nickstel.com	1
kardex4.com	chopin.pe	1
com.co	GOOGLE	1
alojacloud.com	MICROSOFT-CORP-MSN-AS-BLOCK	1
AMAZON-02	hostingempresarial.pe	1
unknown	trip.pe	1
CLOUDFLARENET	dss.pe	1
hostgator.com	arteymueble.pe	1
test-conadis.com	retrieverkennel.pe	1
supremepanel.com	experiencedesigners.pe	1
Red Cientifica Peruana	digitalsignage.pe	1
hpserverdns.com	mueblesmontessori.pe	1
CLOUDFLARENET	techsupport.pe	1
DIMENOC	alphaprime.pe	1
npishost.com	alarmasseguras.pe	1
tuwebdns.net	dfisa.pe	1
apacheperuhosting.net	natcom-asociados.pe	1
Red Cientifica Peruana	matrixtv.pe	1
OVH SAS	flk.pe	1
Red Cientifica Peruana	org.pe	1
AS-30083-US-VELIA-NET	empresas.pe	1
CLOUDFLARENET	grupogregory.pe	1
UNIFIEDLAYER-AS-1	automoviles.pe	1
vpssistemas.com	MICROSOFT-CORP-MSN-AS-BLOCK	1
CLOUDFLARENET	compresores.pe	1
Red Cientifica Peruana	satec.pe	1
Dattatec.com	rentify.pe	1
zelt.ae	geodetic.pe	1
Red Cientifica Peruana	isoc.pe	1
IS-AS-1	levelsolutions.pe	1
CLOUDFLARENET	taomotor.pe	1
Host Europe GmbH	bcde.pe	1
Wildcard UK Limited	sonriacasa.pe	1
nadns1.com	delink-ssl.net	1
Dattatec.com	aqcworld.pe	1
Contabo GmbH	neso.pe	1
contrateaqui.pe	MICROSOFT-CORP-MSN-AS-BLOCK	1
CLOUDFLARENET	ecombex.pe	1
SERVERCENTRAL	eidon.pe	1
Red Cientifica Peruana	mundodigitalrcd.pe	1
hostgator.com	macholandia.pe	1
PONYNET	MICROSOFT-CORP-MSN-AS-BLOCK	4
Red Cientifica Peruana	tecnoplastic.pe	1
CLOUDFLARENET	laesperanza.pe	1
CLOUDFLARENET	shalom.pe	1
Cloudi Nextgen Sl	gclass.pe	1
IOFLOOD	creativa.pe	1
CLOUDFLARENET	wss.pe	1
Red Cientifica Peruana	Scaleway S.a.s.	4
IONOS SE	co.uk	2
CLOUDFLARENET	admeli.com	1
hpserverdns.com	acspower.pe	1
SINGLEHOP-LLC	clinicabiomed.pe	1
IS-AS-1	velrod.pe	1
hostgator.com	bulbo.pe	1
rochendns.com	directrouter.com	2
bybperuhosting.com	tisolucionesintegrales.pe	1
AMAZON-02	prestafacil.pe	1
smart-hosts.net	bioambiental.pe	1
SERVERCENTRAL	ranaencantada.pe	1
AMAZON-02	pacificogroup.pe	1
viared.cl	viared.cl	2
Host Europe GmbH	acgmedical.pe	1
dnsmisitio.net	lugram.pe	1
nube-web.com	educativos.pe	1
IONOS SE	SQUIXA PTY LIMITED	1
OVH SAS	programming.pe	1
servidoraweb.net	online-speaking.pe	1
com.ar	com.ar	2
UNIFIEDLAYER-AS-1	abogadotv.pe	1
wperu.com	CLOUDFLARENET	2
CLOUDFLARENET	konamoda.pe	1
Red Cientifica Peruana	powerfactor.pe	1
latinoamericahosting.com	teotec.pe	1
unens.com	oncoimagen.pe	1
hostgator.com	famuze.pe	1
cloudnsplus.com	hostingandino.pe	1
dnsmisitio.net	practisoft.pe	1
NETWORK-SOLUTIONS-HOSTING	exe.pe	1
hpserverdns.com	fia-solutions.pe	1
EPIK-LLC	meza.pe	1
linode.com	isdinoficial.pe	1
ninjahosting.pe	solarcity.pe	1
SERVERCENTRAL	mcl.pe	1
OVH SAS	hidroquim.pe	1
AMAZON-02	proyectohogar.pe	1
GOOGLE	universoinformatico.pe	1
enfocussoluciones.pe	senshi.pe	1
innovatiperu.com	masterfrio.pe	1
CLOUDFLARENET	ojoconlamacula.pe	1
SERVERCENTRAL	paradar.pe	1
auri.pe	GOOGLE	1
cloudns.net	mailcore.net	1
CLOUDFLARENET	dalelavuelta.pe	1
latinoamericahosting.com	itdata.pe	1
Red Cientifica Peruana	valucorp.pe	1
SERVERCENTRAL	upp.pe	1
hostinglabs.net	agrotech.pe	1
OVH SAS	120grados.pe	1
Host Europe GmbH	FORTINET	1
secure-mailserver.net	secure-mailserver.net	1
NETWORK-SOLUTIONS-HOSTING	touchesalon.pe	1
hispalisdns.com	votoporlaigualdad.pe	1
UNIFIEDLAYER-AS-1	solimp.pe	1
net.pe	cipher.pe	1
transvidaperu.pe	multiserviciosya.pe	1
CLOUDFLARENET	vsb.pe	1
CLOUDFLARENET	uu.pe	1
dnsip.com	111tt.icu	1
INMOTION	bandasol.pe	1
LEASEWEB-USA-PHX	cellmedic.pe	1
NL-811-40021	areyasa.pe	1
Akamai Connected Cloud	pwt.pe	1
spectramg.com	laosteria.pe	1
OVH SAS	inducta.pe	1
hostingroup.com	ddgt.pe	1
SERVERCENTRAL	vallefertil.pe	1
Red Cientifica Peruana	ferrecorp.pe	1
rochendns.com	GOOGLE	1
SERVERCENTRAL	liquimoly.pe	1
pymedns.net	ievents.pe	1
GANDI SAS	Proton AG	1
AMAZON-02	lossauces.pe	1
IOFLOOD	bnr.pe	1
SERVERCENTRAL	frisac.pe	1
NL-811-40021	agrodigital.pe	1
GTD PERU S.A	MICROSOFT-CORP-MSN-AS-BLOCK	2
Dattatec.com	vpconsultoria.pe	1
PRIVATESYSTEMS	sotrans.pe	1
virtualperu.com	escem.pe	1
NL-811-40021	zarace.pe	1
ghesac.com	powerenergy.pe	1
Hetzner Online GmbH	viago.pe	1
net.pe	harlamsyo.pe	1
latinoamericahosting.com	ministeriodevida.pe	1
PRIVATESYSTEMS	ccd.pe	1
Red Cientifica Peruana	proyectovisual.pe	1
aicorpweb.com	europa-idiomas.pe	1
LEASEWEB-USA-DAL	MICROSOFT-CORP-MSN-AS-BLOCK	4
net.pe	Akamai International B.V.	3
vastagoserver.com	elfisgon.pe	1
SERVERCENTRAL	rapijet.pe	1
OVH SAS	criticaldata.pe	1
SERVERCENTRAL	monaco.pe	1
SERVERCENTRAL	creativadesign.pe	1
CLOUDFLARENET	nomas.pe	1
tecnoweb.net	intercon.pe	1
SERVERCENTRAL	marcperu.pe	1
markmonitor.zone	noemail.invalid	1
SERVERCENTRAL	tibuy.pe	1
NETWORK-SOLUTIONS-HOSTING	predator.pe	1
AMAZON-02	tuferreteria.pe	1
spaciowebserver.info	estadio.pe	1
planetahosting.pe	notarialuquevasquez.pe	1
OVH SAS	jatan.pe	1
Hetzner Online GmbH	supertechdigital.pe	1
hosting.pe	hosting.pe	1
SERVERCENTRAL	reclamo.pe	1
BIZLAND-SD	novahus.pe	1
hpserverdns.com	epoje.pe	1
NETWORK-SOLUTIONS-HOSTING	sccingenieros.pe	1
IWEB-AS	humans.pe	1
OVH SAS	titancrossfit.pe	1
CLOUDFLARENET	viveya.pe	1
DIMENOC	cobien.pe	1
isuredid.com	lemor.pe	1
Red Cientifica Peruana	deremetallica.pe	1
AS-30083-US-VELIA-NET	glacial.pe	1
Hetzner Online GmbH	gaelsport.pe	1
latinoamericahosting.com	pkd.pe	1
PRIVATESYSTEMS	listo.pe	1
SERVERCENTRAL	topshoes.pe	1
SERVERCENTRAL	guepardo.pe	1
Red Cientifica Peruana	okoluz.pe	1
magichouse.cz	magichouse.cz	1
OVH SAS	sth.pe	1
net.pe	niveldigital.pe	1
cdmon.net	travelalliance.pe	1
travellero.org	seeweb.it	1
net.pe	carmenjimenez.pe	1
AMAZON-02	grupogessa.pe	1
Host Europe GmbH	tusitio.pe	1
net.pe	ddu.pe	1
hostingplus.cl	itsscorp.pe	1
SERVERCENTRAL	easysmileclinic.pe	1
Dattatec.com	global.pe	1
hostgator.com	megaozono.pe	1
net.pe	arbitraje.pe	1
Combell NV	odentid.pe	1
namehero.com	GOOGLE	1
NETWORK-SOLUTIONS-HOSTING	sharewow.pe	1
latinoamericahosting.com	gllconsmont.pe	1
SERVERCENTRAL	olenna.pe	1
hpserverdns.com	ximesa.pe	1
SERVERCENTRAL	codegraph.pe	1
Red Cientifica Peruana	marketfit.pe	1
inmotionhosting.com	casibank.pe	1
UNIFIEDLAYER-AS-1	lgonline.pe	1
dongee.com	MICROSOFT-CORP-MSN-AS-BLOCK	1
hn.pe	ecoblack.pe	1
Cloud DNS Ltd	GOOGLE	2
SERVERCENTRAL	saruba.pe	1
CLOUDFLARENET	unicas.pe	1
CLOUDFLARENET	trains.pe	1
CLOUDFLARENET	usaflex.pe	1
com.br	idplus.pe	1
Dattatec.com	kersoficial.pe	1
OVH SAS	corvar.pe	1
NETWORK-SOLUTIONS-HOSTING	hym.pe	1
dnsmisitio.net	logmin.pe	1
GOOGLE	mailmarshal.cloud	1
SERVERCENTRAL	did.pe	1
CLOUDFLARENET	impulsatufuturo.pe	1
guillermobardalez.pe	guillermobardalez.pe	1
Red Cientifica Peruana	minimania.pe	1
DinaHosting S.L.	movistarpromos.pe	1
hpserverdns.com	gypsolution.pe	1
adns2.de	tixforgigs.pe	1
Host Europe GmbH	eurostravel.pe	1
OVH SAS	palletscima.pe	1
serverseasy.net	peru-economy.pe	1
sipanserver.com	sergap.pe	1
net.pe	peruservicios.pe	1
CLOUDFLARENET	jmedical.pe	1
hpserverdns.com	mingjia.pe	1
AMAZON-02	comprotoner.pe	1
OVH SAS	aliaga.pe	1
openprovider.be	ipsgroupbv.mx	1
sipalperu.cloud	tercer-ojo.pe	1
Combell NV	limadigital.pe	1
volperu.com	personalmente.pe	1
Cloud DNS Ltd	decoamerica.pe	1
stabletransit.com	ital.pe	1
SERVERCENTRAL	riogo.pe	1
dnsmisitio.net	designworks.pe	1
SERVERCENTRAL	motortechnik.pe	1
planetahosting.pe	rinox.pe	1
dmcreative-web.com	lacriolla.pe	1
AMAZON-02	ronsoctc.com	1
wiimstore.pe	wiimstore.pe	1
mi-hosting.com	inlef.pe	1
IS-AS-1	multiglass.pe	1
dnsmisitio.net	dulcedetalle.pe	1
CLOUDFLARENET	sportx.pe	1
SERVERCENTRAL	globalpharma.pe	1
OVH SAS	midrogueria.pe	1
OVH SAS	sbt.pe	1
sipanserver.com	matsuri.pe	1
redcreativa.pe	redcreativa.pe	1
Red Cientifica Peruana	sonder.pe	1
OVH SAS	mesadepartes.pe	1
SERVERCENTRAL	biogenperu.pe	1
OVH SAS	hidrate.pe	1
HVC-AS	coshikox.pe	1
hostgator.com	domino.pe	1
AMAZON-02	jsp.pe	1
pymedns.net	cpo.pe	1
hostgator.com	visualefx.pe	1
net.pe	23M GmbH	3
OVH SAS	mundovegetalia.pe	1
DIMENOC	henna.pe	1
Red Cientifica Peruana	prismatica.pe	1
hostgator.com	ruway.pe	1
dattassd.com	radioindependencia.pe	1
server-phsperu.com	jyhingenieria.pe	1
DIGITALOCEAN-ASN	jfksport.pe	1
AMAZON-02	hernandodesoto.pe	1
SERVERCENTRAL	qhaliseguros.pe	1
peru-code.com	GOOGLE	1
hostinglabs.net	moldant.pe	1
latinoamericahosting.com	voltech.pe	1
hostwindsdns.com	GOOGLE	2
dnsmisitio.net	icreat.pe	1
IS-AS-1	strategyevolution.pe	1
SERVERCENTRAL	certifical.pe	1
CLOUDFLARENET	miguau.pe	1
sistemasdeagua.pe	sistemasdeagua.pe	1
OVH SAS	rysperu.pe	1
SERVERCENTRAL	ecs.pe	1
servercloud.cl	mojito.pe	1
NL-811-40021	cirsaperu.pe	1
vallostudio.com	mcsalud.pe	1
AS-VULTR	moli.pe	1
Red Cientifica Peruana	gjgroup.pe	1
CLOUDFLARENET	cmeneses.pe	1
com.pe	tisoluciones.pe	1
PRIVATESYSTEMS	dispensadoresdeagua.pe	1
SERVERCENTRAL	rosalia.pe	1
CLOUDFLARENET	darsystem.pe	1
pymeperu.com	d2ch.pe	1
hostgator.com	berdejoabogados.pe	1
DIMENOC	fric.pe	1
CLOUDFLARENET	emotos.pe	1
hostgator.com	ecotecnica.pe	1
globaltools.pe	globaltools.pe	1
hpserverdns.com	yavoy.pe	1
tecnoweb.net	clandestinagroup.pe	1
Hetzner Online GmbH	nikotools.pe	1
imo.hu	info.hu	1
unknown	trinitylogistics.pe	1
AMAZON-02	arquitecturaviva.pe	1
SERVERCENTRAL	sgl.pe	1
dattaapure.com	raze.pe	1
Red Cientifica Peruana	newhorus.pe	1
AMAZON-02	mgb.pe	1
net.pe	bpf.pe	1
dnsmisitio.net	conviales.pe	1
net.pe	altura.pe	1
CLOUDFLARENET	maileroo.com	1
AMAZON-02	tartadequeso.pe	1
peruclick.com	transperu.pe	1
net.pe	3cconsulting.pe	1
cecarman.com	spermova.pe	1
IS-AS-1	babica.pe	1
com.pe	nutragen.pe	1
AMAZON-02	frame.pe	1
net.pe	aldem.pe	1
latinoamericahosting.com	sioninmobiliaria.pe	1
RELIABLESITE	GOOGLE	2
sipanserver.com	solucionestecnicas.pe	1
AMAZON-02	pid.pe	1
cdmon.net	alvaplast.pe	1
allcar.pe	allcar.pe	1
CLOUDFLARENET	riepe.email	1
SERVERCENTRAL	solvers.pe	1
codebel.pe	syntax.pe	1
AMAZON-02	fc2.com	1
Xtudio Networks S.L.U.	importem.pe	1
AMAZON-02	makitravel.pe	1
neet-panel.com	osteopraxis.pe	1
illadata.com	YANDEX LLC	1
SERVERCENTRAL	azlegal.pe	1
sipanserver.com	enjoytravel.pe	1
hpserverdns.com	talentia.pe	1
AMAZON-02	smartdollar.pe	1
Dattatec.com	leader.pe	1
DFW-DATACENTER	copilot.pe	1
bransgo.com	bluna.pe	1
SERVERCENTRAL	carwash.pe	1
SERVERCENTRAL	asg.pe	1
OVH SAS	crosservice.pe	1
AMAZON-02	cocovega.pe	1
UNIFIEDLAYER-AS-1	meec.pe	1
SERVERCENTRAL	luigi.pe	1
Host Europe GmbH	sanasalud.pe	1
rastreogpsperu.com	neomerch.pe	1
SECURITYSERVICES	vmware.com	1
CLOUDFLARENET	amazonica.pe	1
hostingperu-ya.com	norvet.pe	1
DIGITALOCEAN-ASN	wineoutlet.pe	1
CLOUDFLARENET	real-hotel.pe	1
hostgator.com	porelplaneta.pe	1
SERVERCENTRAL	avocate.pe	1
apache-peru.com	brainconsulting.pe	1
DinaHosting S.L.	movistarempresas.pe	1
com.pe	EDDAS HOLDING GROUP SOCIEDAD ANONIMA CERRADA	1
Red Cientifica Peruana	representantecomercial.pe	1
SERVERCENTRAL	agromision.pe	1
INMOTION	dudesign.pe	1
Dattatec.com	cdsac.pe	1
AMAZON-02	webfactura.pe	1
SERVERCENTRAL	reactive.pe	1
net.pe	depsa.pe	1
nogaleshigh.top	lead360.pe	1
mybluehost.me	aedive.pe	1
jamdigitalsolve.com	yase.pe	1
dnslivehost.net	cein.pe	1
serverbyt.net	20i Limited	1
CLOUDFLARENET	foodhub.pe	1
SERVERCENTRAL	mdirecto.pe	1
surnetworks.com	elastica.pe	1
CLOUDFLARENET	frioandia.pe	1
NL-811-40021	samohod.pe	1
tecnoweb.net	polarisco.pe	1
Red Cientifica Peruana	reciclalo.pe	1
Dattatec.com	prestec.pe	1
tuisp.pe	olaz.pe	1
SERVERCENTRAL	dielectrico.pe	1
admeli.com	neyser.pe	1
perulandia.pe	perulandia.pe	1
hiqay.com	proyectoselectricos.pe	1
OVH SAS	conexiontotal.pe	1
Hetzner Online GmbH	torremovil.pe	1
SERVERCENTRAL	dextra.pe	1
SERVERCENTRAL	tin-bet.pe	1
SERVERCENTRAL	jcueva.pe	1
OVH SAS	3grupoinmobiliario.pe	1
tecnoweb.net	imdcorp.pe	1
inmotionhosting.com	agosto.pe	1
CLOUDFLARENET	conventosantodomingo.pe	1
hostgator.com	iem.pe	1
sislogic.pe	epico.pe	1
linsoft.pe	linsoft.pe	1
SERVERCENTRAL	lanuez.pe	1
araneape.com	GOOGLE	1
CLOUDFLARENET	mudanzasenlima.pe	1
AMAZON-02	excor.pe	1
com.pe	mirosolar.pe	1
Red Cientifica Peruana	mottos.pe	1
monsterbigapps.com	intelligent.pe	1
mediatoperu.com	elephantito.pe	1
NEXCESS-NET	moderna.pe	1
inhostingperu.com	senalizacionvial.pe	1
latinoamericahosting.com	europinturas.pe	1
hostgator.com	entremares.pe	1
CLOUDFLARENET	tofter.pe	1
Red Cientifica Peruana	gancho.pe	1
BIZLAND-SD	eurekaconsulting.pe	1
SERVERCENTRAL	arcoirismetalsac.pe	1
AMAZON-02	boxparts.pe	1
OVH SAS	link-international.pe	1
net.pe	gi.pe	1
Red Cientifica Peruana	diagnostica.pe	1
net.pe	cencosud.pe	1
net.pe	dnchosting.com	1
Xtudio Networks S.L.U.	MICROSOFT-CORP-MSN-AS-BLOCK	2
cloudnsplus.com	jmcgroup.pe	1
NL-811-40021	friomax.pe	1
Dattatec.com	grupogarcia.pe	1
Host Europe GmbH	katal.pe	1
AMAZON-02	FORTINET	4
serverquality.com	opino.pe	1
Combell NV	lala.pe	1
AMAZON-02	gimalca.com	1
Dattatec.com	refsecurity.pe	1
hpserverdns.com	minisonrisas.pe	1
vive.pe	maquifacil.pe	1
server314.com	elretabloboutique.pe	1
OVH SAS	ipoc.pe	1
hostgator.com	rinesmayoreo.pe	1
latinoamericahosting.com	gruporabanal.pe	1
Red Cientifica Peruana	corporatesecurity.pe	1
incapower.com	GOOGLE	1
solucionesahora.com	flashnet.pe	1
Red Cientifica Peruana	nextit.pe	1
gerco.site	GOOGLE	1
factorit.com	MICROSOFT-CORP-MSN-AS-BLOCK	1
irschile.cl	creditotal.pe	1
CLOUDFLARENET	dracing.pe	1
SERVERCENTRAL	rpc.pe	1
AMAZON-02	duverlux.pe	1
AMAZON-02	gmd.pe	1
AS-VULTR	torresabogados.pe	1
AMAZON-02	lamartina.pe	1
Hetzner Online GmbH	oralvision.pe	1
Red Cientifica Peruana	mutare.pe	1
SERVERCENTRAL	salvadora.pe	1
SERVERCENTRAL	tactical.pe	1
CLOUDFLARENET	gmstech.pe	1
dnsmisitio.net	greenfields.pe	1
planetahosting.pe	ingesur.pe	1
AMAZON-02	daksoft.pe	1
hostgator.com	thebox.pe	1
net.pe	hasar.pe	1
Akamai Connected Cloud	ccorisapra.pe	1
hostingpe.net	solomo.pe	1
Red Cientifica Peruana	ccecom.pe	1
Combell NV	carsolution.pe	1
harras.be	harras.be	1
SERVERCENTRAL	audioplace.pe	1
pymedns.net	inbioma.pe	1
dnslivehost.net	grupocayetano.pe	1
tienda-digital.com	equiposdigitales.pe	1
hostingroup.com	willyo.pe	1
hpserverdns.com	gslog.pe	1
SECURITYSERVICES	idatanet.com	4
hostgator.com	guliguli.pe	1
LEASEWEB-USA-DAL	iadn.pe	1
profesionalhosting.com	farmivet.pe	1
Dattatec.com	invacu.pe	1
AMAZON-02	superchef.pe	1
OVH SAS	conveyorcomponentscompany.pe	1
ofiventas.com	MICROSOFT-CORP-MSN-AS-BLOCK	1
latinoamericahosting.com	consuval.pe	1
savihome.pe	savihome.pe	1
CLOUDFLARENET	cdfp.pe	1
Red Cientifica Peruana	par.pe	1
Dattatec.com	zuali.pe	1
hostinglabs.net	hycasesores.pe	1
SERVERCENTRAL	sumindustrial.pe	1
servconfig.com	ZOHO-AS	1
planetahosting.pe	htopografia.pe	1
plusdigital.pe	eduperu.pe	1
hostgator.com	laregadera.pe	1
PRIVATESYSTEMS	integrafacil.pe	1
SERVERCENTRAL	realhotel.pe	1
SERVERCENTRAL	grupoyang.pe	1
Red Cientifica Peruana	goldkey.pe	1
IS-AS-1	azimut.pe	1
namehero.com	sulcapital.pe	1
AMAZON-02	dev.pe	2
SERVERCENTRAL	documentar.pe	1
NL-811-40021	naomi.pe	1
net.pe	mailchannels.net	2
PONYNET	carimbo.pe	1
SERVERCENTRAL	igama.pe	1
name-services.com	GOOGLE	1
Red Cientifica Peruana	aloalto.pe	1
AMAZON-02	biosmed.pe	1
IS-AS-1	ihs.pe	1
hostgator.com	selollevamos.pe	1
NETWORK-SOLUTIONS-HOSTING	bcen.pe	1
net.pe	soybarista.pe	1
CLOUDFLARENET	credicrece.pe	1
G-Core Labs S.A.	cdnzhukong.com	1
Host Europe GmbH	asturiascapital.pe	1
net.pe	grupog3.pe	1
contabo.net	vocesdelpueblo.pe	1
com.pe	carmendiaz.pe	1
IOFLOOD	montsur.pe	1
Red Cientifica Peruana	novoaabogados.pe	1
SERVERCENTRAL	printzone.pe	1
NETWORK-SOLUTIONS-HOSTING	solide.pe	1
BIZLAND-SD	grupoantonio.pe	1
OVH SAS	orrohome.pe	1
inmotionhosting.com	blackout.pe	1
hpserverdns.com	sysperu.pe	1
inmotionhosting.com	tecnologia.pe	1
SERVERCENTRAL	cgms.pe	1
Red Cientifica Peruana	odontovital.pe	1
SERVERCENTRAL	alamsa.pe	1
prodomaines.com	MICROSOFT-CORP-MSN-AS-BLOCK	1
hpserverdns.com	hospitalsanmiguel.pe	1
SERVERCENTRAL	autoaldia.pe	1
SERVERCENTRAL	diatech.pe	1
Red Cientifica Peruana	defiant.pe	1
UNIFIEDLAYER-AS-1	viaweb.pe	1
SERVERCENTRAL	sakcompany.pe	1
SERVERCENTRAL	atlasdigital.pe	1
hpserverdns.com	skywash.pe	1
SERVERCENTRAL	pacificosur.pe	1
AMAZON-02	comarketing.pe	1
SERVERCENTRAL	sonus.pe	1
com.pe	conta365.pe	1
especialistapym.com	epm.pe	1
SERVERCENTRAL	polestra.pe	1
SERVERCENTRAL	tradingstore.pe	1
DIMENOC	opcion.pe	1
3rcore.com	GOOGLE	1
A2HOSTING	tiverde.pe	1
OVH SAS	hiperclim.pe	1
CLOUDFLARENET	iddperu.pe	1
AMAZON-02	grupomv.pe	1
Red Cientifica Peruana	limae.pe	1
hostinglabs.net	sharksecurity.pe	1
e-digitalhosting.net	wyvabogados.pe	1
net.pe	cementoslima.pe	1
SERVERCENTRAL	helena.pe	1
NSONE	t-msedge.net	1
IOFLOOD	cpsp.pe	1
alwaysdata.com	CLOUDFLARENET	1
Red Cientifica Peruana	nanocover.pe	1
com.pe	gstperu.pe	1
SERVERCENTRAL	fccorp.pe	1
SERVERCENTRAL	centroredes.pe	1
DFW-DATACENTER	uno5.pe	1
first-ns.de	newterra.pe	1
UNIFIEDLAYER-AS-1	gsa.pe	1
hispalisdns.com	intrafluid.pe	1
dotster.com	comacsa.pe	1
hostgator.com	probuildingperu.pe	1
SERVERCENTRAL	actitud.pe	1
latinoamericahosting.com	ibtel.pe	1
inka-ti.com	nomadic.pe	1
Contabo GmbH	alpha.pe	1
Combell NV	hobra.pe	1
com.bo	eurofachadas.pe	1
net.pe	vidafit.pe	1
CLOUDFLARENET	amazontel.pe	1
i-menet.com	GOOGLE	1
SERVERCENTRAL	votu.pe	1
AMAZON-02	lomatours.pe	1
CLOUDFLARENET	cloudcone.mx	1
axio.pe	axio.pe	1
tecnoweb.net	claevedu.pe	1
CLOUDFLARENET	centroterapeutico.pe	1
K Media Tech Ltd.	doradobets.pe	1
SERVERCENTRAL	rumis.pe	1
server282.com	turibus.pe	1
spectramg.com	GOOGLE	1
SERVERCENTRAL	idf.pe	1
webhostingireland.ie	GOOGLE	1
linode.com	fusionwatermagic.pe	1
quicns.cloud	doradoapuestas.pe	1
yourhostingaccount.com	andean-experience.pe	1
OVH SAS	littledesign.pe	1
wairla.net	smartpick.pe	1
SERVERCENTRAL	toldosretractiles.pe	1
dnsmisitio.net	rra.pe	1
ns14.net	louis.de	1
CLOUDFLARENET	plazanorte.pe	1
CLOUDFLARENET	chapatodo.pe	1
balsamedia.com	GOOGLE	1
AS-VULTR	jicamarca.pe	1
Dattatec.com	futurastudio.pe	1
Xtudio Networks S.L.U.	serviciosdelimpieza.pe	1
CLOUDFLARENET	mail.ru	2
com.br	GO-DADDY-COM-LLC	1
AS-VULTR	msv1.invalid	1
Combell NV	anro.pe	1
Red Cientifica Peruana	sigesiolsa.pe	1
fbxbikes.com	juegosdidacticosperu.pe	1
lineadns.com	GOOGLE	2
Red Cientifica Peruana	afkp.pe	1
hostgator.com	lazonacool.pe	1
servercreaweb.com	saludvial.pe	1
SERVERCENTRAL	medicinaalternativa.pe	1
SERVERCENTRAL	macronegocios.pe	1
Akamai Connected Cloud	clave.pe	1
taytahost.com	ZOHO-AS	1
scalaweb.pe	electroengineer.pe	1
NETWORK-SOLUTIONS-HOSTING	nice.pe	1
NETWORK-SOLUTIONS-HOSTING	repuestoslaptopperu.pe	1
Red Cientifica Peruana	imccorp.pe	1
SERVERCENTRAL	etnik.pe	1
SERVERCENTRAL	cropfield.pe	1
AMAZON-02	naturalservices.net	1
AMAZON-02	consultamecs.pe	1
AMAZON-02	oilcenter.pe	1
WI-NET TELECOM S.A.C.	ipsofacto-estudio.pe	1
hpserverdns.com	haze.pe	1
IS-AS-1	sieteunoinmobiliaria.pe	1
gokiebox.com	deprisa.pe	1
sitiodns.net	gofacturacion.pe	1
SERVERCENTRAL	kusami.pe	1
TIER-NET	inext.pe	1
CLOUDFLARENET	thalescorp.pe	1
SERVERCENTRAL	remaxbeyond.pe	1
GANDI SAS	GOOGLE-CLOUD-PLATFORM	1
SERVERCENTRAL	ladrinorte.pe	1
tophost.ch	tophost.ch	1
DIMENOC	soypartedelcambio.pe	1
dirpol.pe	dirpol.pe	1
net.pe	craftsman.pe	1
Red Cientifica Peruana	hpingenieria.pe	1
net.pe	cobraya.pe	1
DIMENOC	aerialstudio.pe	1
Akamai Connected Cloud	energreen.pe	1
sipanserver.com	diariomedico.pe	1
PRIVATESYSTEMS	sistemadefacturacion.pe	1
Red Cientifica Peruana	correctoresnasales.pe	1
Host Europe GmbH	firstbusiness.pe	1
planetahosting.pe	dewatering.pe	1
vyrcloud.com	smarttrack.pe	1
OVH SAS	cste.pe	1
GOOGLE	inesem.pe	1
Red Cientifica Peruana	boxesonline.pe	1
OVH SAS	sanvicente.pe	1
dongee.com	GOOGLE	3
SERVERCENTRAL	kemonito.pe	1
nsresponse.com	cirugiaplastica.pe	1
tecnoweb.net	dgr.pe	1
Red Cientifica Peruana	martellgroup.pe	1
AMAZON-02	meteorito-aerolineas.pe	1
latinoamericahosting.com	cgt.pe	1
AMAZON-02	clubpass.pe	1
Red Cientifica Peruana	cystel.pe	1
Signet B.V.	seatrade.pe	1
NETWORK-SOLUTIONS-HOSTING	goldtrack.pe	1
hostgator.com	antivirus.pe	1
NETWORK-SOLUTIONS-HOSTING	itechproject.pe	1
Red Cientifica Peruana	adntelecom.pe	1
swsperu.net	promolider.pe	1
DIGITALOCEAN-ASN	GOOGLE	4
unknown	iperseguridad.pe	1
SERVERCENTRAL	casatua.pe	1
hostgator.com	arena1.pe	1
CLOUDFLARENET	gruposantos.pe	1
AMAZON-02	vconnections.pe	1
SERVERCENTRAL	ecocleaning.pe	1
NAMECHEAP-NET	MICROSOFT-CORP-MSN-AS-BLOCK	1
correosmype.com	jcaf.pe	1
SERVERCENTRAL	instamotors.pe	1
SERVERCENTRAL	lomalinda.pe	1
AMAZON-02	importaciones360.pe	1
Dattatec.com	megamispa.pe	1
SERVERCENTRAL	grupoatlantis.pe	1
SERVERCENTRAL	pack.pe	1
SERVERCENTRAL	sonrisabonita.pe	1
AMAZON-02	progamesperu.pe	1
serveronix.com	remaxplatinum.pe	1
emred.com	MICROSOFT-CORP-MSN-AS-BLOCK	1
OVH SAS	papaku.pe	1
bransgo.com	shiyan.pe	1
1984.is	GOOGLE-CLOUD-PLATFORM	2
hpserverdns.com	cepilloselectricos.pe	1
CLOUDFLARENET	hersa.pe	1
fastco.cl	fastcogroup.pe	1
dongee.com	vetivet.pe	1
AMAZON-02	inbody.pe	1
CLOUDFLARENET	larabs.pe	1
duplika.com	maderomarket.pe	1
e-digitalhosting.net	hankara.pe	1
SERVERCENTRAL	connectup.pe	1
SERVERCENTRAL	siatodo.pe	1
OVH SAS	terrasac.pe	1
serverspe.com	clientesfelices.pe	1
SERVERCENTRAL	slatka.pe	1
controldns.mx	anti-spam-premium.com	1
net.pe	biggo.pe	1
Red Cientifica Peruana	casafc.pe	1
SECURITYSERVICES	bravo3.pe	1
hostingcolor.com	lebensgroup.pe	1
unknown	zoelena.pe	1
dnsmisitio.net	vertigosystems.pe	1
SERVERCENTRAL	goflip.pe	1
net.pe	evolta.pe	1
supremepanel.com	caleta.pe	1
latinoamericahosting.com	sifelrail.pe	1
NL-811-40021	chekaperu.pe	1
multiserviciosgiancarlo.com	laptronic.pe	1
SERVERCENTRAL	computienda.pe	1
Host Europe GmbH	agronorte.pe	1
CLOUDFLARENET	megababy.pe	1
net.pe	nizasur.pe	1
planetahosting.pe	maveirl.pe	1
wirenetchile.com	ferrocaucho.pe	1
Dattatec.com	atcole.pe	1
hostgator.com	agroservicios.pe	1
Host Europe GmbH	trailrunningtours.pe	1
CLOUDFLARENET	medco.pe	1
CLOUDFLARENET	decornova.pe	1
CLOUDFLARENET	vcac.pe	1
alfahosting.info	shirt.pe	1
AMAZON-02	ZOHO Corporation B.V	1
AMAZON-02	cruzdelnorte.pe	1
PRIVATESYSTEMS	bellderm.pe	1
RELIABLESITE	vivirsinmiedo.pe	1
CLOUDFLARENET	domentis.pe	1
Combell NV	guiadelima.pe	1
net.pe	mailbox.org	1
SERVERCENTRAL	mbperu.pe	1
OVH SAS	pmcon.pe	1
Red Cientifica Peruana	lesany.pe	1
CLOUDFLARENET	hermanosyaipen.pe	1
Red Cientifica Peruana	ruzpharma.pe	1
AMAZON-02	wondershare.pe	1
UNIFIEDLAYER-AS-1	csr.pe	1
supremepanel.com	MICROSOFT-CORP-MSN-AS-BLOCK	4
Dattatec.com	confinet.pe	1
hpserverdns.com	dismotor.pe	1
NETWORK-SOLUTIONS-HOSTING	northtrading.pe	1
servercloudhost.com	masdestinos.pe	1
CLOUDFLARENET	rockford.pe	1
arandomserver.com	GOOGLE	1
CLOUDFLARENET	morecycling.pe	1
Red Cientifica Peruana	elcapital.pe	1
AMAZON-02	vaniamasias.pe	1
apachetomahawk.com	vipdata.pe	1
inmotionhosting.com	sumixerperu.pe	1
hosting.pe	delperuasumesa.pe	1
unknown	NAMECHEAP-NET	3
planetahosting.pe	vamgroup.pe	1
CLOUDFLARENET	corporacionmedica.pe	1
CLOUDFLARENET	deaquiparafuera.pe	1
Host Europe GmbH	copeco.pe	1
CLOUDFLARENET	cuestionate.pe	1
security.cl	security.cl	1
hostgator.com	growthcenter.pe	1
Dattatec.com	kronicas.pe	1
SERVERCENTRAL	megaferia.pe	1
SERVERCENTRAL	temis.pe	1
sbtecserver.com	izitrading.pe	1
Red Cientifica Peruana	e-digital.pe	1
Dattatec.com	incorpora.pe	1
CLOUDFLARENET	com.pe	6
DIMENOC	asociacionwinkelried.pe	1
hpserverdns.com	amesur.pe	1
Host Europe GmbH	tucan.pe	1
net.pe	deiure.pe	1
AMAZON-02	luzinterior.pe	1
SERVERCENTRAL	creafacil.pe	1
AMAZON-02	stitechnology.pe	1
Host Europe GmbH	asesorisoluciones.pe	1
planetahosting.pe	cybercrimesolution.pe	1
serverko.net	ZOHO-AS	1
Red Cientifica Peruana	jstravel.pe	1
agheup.com	ZOHO-AS	1
updatemarketingperu.com	seniorresidence.pe	1
supremepanel.com	nortexpress.pe	1
SERVERCENTRAL	mygift.pe	1
GANDI SAS	OVH SAS	1
dnsmisitio.net	ampec.pe	1
Red Cientifica Peruana	codima.pe	1
factoriadigital.com	realservice.pe	1
SERVERCENTRAL	humanconsult.pe	1
DFW-DATACENTER	donafrida.pe	1
tecnoweb.net	economysa.pe	1
AMAZON-02	nitamaite.pe	1
net.pe	sumare.pe	1
SERVERCENTRAL	ajipanca.pe	1
SERVERCENTRAL	bioverde.pe	1
datanostrum.biz	apeci.pe	1
Cloudi Nextgen Sl	cognipets.pe	1
inmotionhosting.com	wasy.pe	1
Hetzner Online GmbH	redytel.pe	1
NETWORK-SOLUTIONS-HOSTING	pfe.pe	1
CLOUDFLARENET	futbol-libre.pe	1
DIMENOC	plusvisual.pe	1
net.pe	airepuro.pe	1
LEASEWEB-USA-DAL	pineal.pe	1
mayanstore.pe	mayanstore.pe	1
punovirtual.com	ichibansystems.pe	1
Red Cientifica Peruana	liderbook.pe	1
SERVERCENTRAL	baratazo.pe	1
hostgator.com	xinxing.pe	1
Red Cientifica Peruana	sxew.pe	1
pymedns.net	llantasyaros.pe	1
IOFLOOD	perulinelogistics.pe	1
accountservergroup.com	asescorp.pe	1
nube-web.com	brandspirit.pe	1
CLOUDFLARENET	bodaq.pe	1
hostgator.com	c-oxi.pe	1
net.pe	prokennex.pe	1
Combell NV	mjabogados.pe	1
net.pe	qhalikay.pe	1
inmotionhosting.com	purosentido.pe	1
AMAZON-02	maquirental.pe	1
hostns.io	esolutions.pe	1
Host Europe GmbH	humano.pe	1
net.pe	coolbox.pe	1
AMAZON-02	odontall.pe	1
pymedns.net	f85.pe	1
AMAZON-02	mky.pe	1
supremepanel.com	sycconsulting.pe	1
IOFLOOD	ccc.pe	1
inmotionhosting.com	carrito.pe	1
planetahosting.pe	hillaryextensiones.pe	1
SERVERCENTRAL	adeu.pe	1
SERVERCENTRAL	remaxhabitat.pe	1
SERVERCENTRAL	acticorp.pe	1
empresadns.net	qsq.pe	1
hostgator.com	hardman.pe	1
worldwidedns.net	satelital.pe	1
cloudnsplus.com	gpiconsulting.pe	1
sitiodns.net	GOOGLE	1
NETWORK-SOLUTIONS-HOSTING	centromedicovesalio.pe	1
NETWORK-SOLUTIONS-HOSTING	evaindelat.pe	1
Red Cientifica Peruana	cafiperu.pe	1
net.pe	grupodlaborum.com	1
SECURITYSERVICES	keds.pe	1
CLOUDFLARENET	valico.pe	1
Host Europe GmbH	speiteventos.pe	1
bizland.com	integridad.pe	1
MICROSOFT-CORP-MSN-AS-BLOCK	Combell NV	1
grupoadphost.com	hexacon.pe	1
Red Cientifica Peruana	grupohermanostorres.pe	1
AMAZON-02	irinum.pe	1
CLOUDFLARENET	movilsalud.pe	1
accuwebhosting.com	programador.pe	1
PONYNET	dota2.pe	1
AMAZON-02	com.ar	2
inmotionhosting.com	miaviso.pe	1
AMAZON-02	fabrichome.pe	1
HURRICANE	purelymail.com	1
Red Cientifica Peruana	informaticos.pe	1
AMAZON-02	bernardi.pe	1
hpserverdns.com	mumis.pe	1
AMAZON-02	clarosurf.pe	1
hostgator.com	prosein.pe	1
CLOUDFLARENET	limpieza360.pe	1
latinoamericahosting.com	wis.pe	1
SERVERCENTRAL	famat.pe	1
net.pe	skynet.pe	1
DFW-DATACENTER	anette.pe	1
net.pe	kaelin.pe	1
OVH SAS	rysol.pe	1
NL-811-40021	estudiocalderon.pe	1
SERVERCENTRAL	growfarm.pe	1
SERVERCENTRAL	munster.pe	1
latinoamericahosting.com	amaralia.pe	1
herosite.pro	vitalic.pe	1
Red Cientifica Peruana	standardminerals.pe	1
Red Cientifica Peruana	yallega.pe	1
prodns.mx	itower.pe	1
OVH SAS	tomasino.pe	1
hostingperu.solutions	tribeka.pe	1
t-conecta.com	CLOUDFLARENET	1
GANDI SAS	cb.pe	1
NETWORK-SOLUTIONS-HOSTING	chifayenyen.pe	1
AMAZON-02	mlkfirm.pe	1
x1.pe	x1.pe	1
OVH SAS	tectienda.pe	1
LEASEWEB-USA-DAL	adecorar.pe	1
CLOUDFLARENET	chocobo.pe	1
CLOUDFLARENET	smilesloyalty.pe	1
SERVERCENTRAL	ecofrog.pe	1
SERVERCENTRAL	clux.pe	1
AMAZON-02	transportescorrecaminos.pe	1
CLOUDFLARENET	ctgaming.com	1
OVH SAS	trexahr.pe	1
latinoamericahosting.com	moyomotos.pe	1
cloudserver20.com	GOOGLE	1
UNIFIEDLAYER-AS-1	convexa.pe	1
iphost.gr	tecnoskin.pe	1
com.pe	unarbolunavida.pe	1
Red Cientifica Peruana	iclab.pe	1
hostinglabs.net	pagodirecto.pe	1
Hetzner Online GmbH	marketingeducativo.pe	1
cloudcastdns.com	qbox.pe	1
DFW-DATACENTER	joel.pe	1
com.pe	token.pe	1
Red Cientifica Peruana	coneco.pe	1
hostgator.com	patrimoniocultural.pe	1
valeryhost.com	GOOGLE	1
Red Cientifica Peruana	blue86.pe	1
ehostingperu.net	estrategos.pe	1
Red Cientifica Peruana	reyesgroup.pe	1
CLOUDFLARENET	runakay.pe	1
AMAZON-02	emeraldcasino.pe	1
Red Cientifica Peruana	asalvo.pe	1
grid7.website	cosmoplas.pe	1
CLOUDFLARENET	unitech.pe	1
SERVERCENTRAL	gnuino.pe	1
net.pe	landhaus.pe	1
net.pe	arquidex.pe	1
nivapixel.com	worldfy.pe	1
AMAZON-02	edilux.pe	1
CLOUDFLARENET	movilog.pe	1
RELIABLESITE	benita.pe	1
grupocdsol.com	samincorp.pe	1
LEASEWEB-USA-DAL	thermofire.pe	1
OVH SAS	testek.pe	1
SERVERCENTRAL	balanzaselectronicas.pe	1
hostgator.com	gruponk.pe	1
OVH SAS	negolorenzo.pe	1
SERVERCENTRAL	peon.pe	1
datahostperu.net	taxivan.pe	1
LEASEWEB-USA-DAL	imanay.pe	1
Combell NV	geoamerica.pe	1
ipcom GmbH	ardian.pe	1
dnsmisitio.net	consultoresysoluciones.pe	1
NETWORK-SOLUTIONS-HOSTING	pekeyo.pe	1
hostgator.com	construcmedia.pe	1
SERVERCENTRAL	autel.pe	1
WII	misazon.pe	1
net.pe	pbxcct.net	1
spaciohost.com	capitalia.pe	1
SERVERCENTRAL	azlab.pe	1
net.pe	mutzi.pe	1
AMAZON-02	cyberfusion.pe	1
ninjahosting.pe	motorgas.pe	1
unknown	casadelarte.pe	1
SERVERCENTRAL	naturalchef.pe	1
AMAZON-02	sensations.pe	1
hostgator.com	inkbrands.pe	1
perfect-dns.com	cartonbox.pe	1
SERVERCENTRAL	masterelectronics.pe	1
hpserverdns.com	compile.pe	1
NETWORK-SOLUTIONS-HOSTING	solaris.pe	1
IS-AS-1	agencia.pe	1
SERVERCENTRAL	gruposelectrogenos.pe	1
solimarco.com	NAMECHEAP-NET	1
net.pe	peripheria.pe	1
Red Cientifica Peruana	tivoli.pe	1
Dattatec.com	envialosimple.pe	1
com.pe	iphmx.com	1
UNIFIEDLAYER-AS-1	tecnoblock.pe	1
Hetzner Online GmbH	mark-up.pe	1
Red Cientifica Peruana	fundicer.pe	1
boxsecured.com	cdrav.pe	1
Red Cientifica Peruana	experienciainmobiliaria.pe	1
CLOUDFLARENET	casolutions-int.pe	1
SECURITYSERVICES	secretstore.pe	1
Red Cientifica Peruana	mgks.pe	1
hostgator.com	editalo.pe	1
lucushost.com	sublistore.pe	1
SERVERCENTRAL	parapente.pe	1
net.pe	amdmedia.pe	1
net.pe	ancestralfoods.pe	1
Dattatec.com	primesoft.pe	1
SERVERCENTRAL	renzo.pe	1
GOOGLE	adnparquelogistico.pe	1
netexplora.com	vilay.pe	1
cifra.pe	cifra.pe	1
UNIFIEDLAYER-AS-1	alprotec.pe	1
dnsmisitio.net	erental.pe	1
CLOUDFLARENET	landerlan.pe	1
GOOGLE	thehouse.pe	1
gfireservers.in	inmobiliariavillapolis.pe	1
ninjahosting.pe	otorrinomedic.pe	1
MICROSOFT-CORP-MSN-AS-BLOCK	opensysperu.com	1
tecnova.cl	tecnova.cl	1
OVH SAS	estebanmurillo.pe	1
Contabo GmbH	heiser.pe	1
hpserverdns.com	odontoflores.pe	1
UNIFIEDLAYER-AS-1	gadgetperu.pe	1
ns.express	Hosting Ukraine LTD	1
BIZLAND-SD	ibiza.pe	1
com.pe	grupo-alfa.pe	1
mota-engil.pt	MICROSOFT-CORP-MSN-AS-BLOCK	2
geekstorage.com	GOOGLE	1
Red Cientifica Peruana	drybag.pe	1
IS-AS-1	restaurantfiestagourmet.pe	1
cmrfalabella.com	MICROSOFT-CORP-MSN-AS-BLOCK	1
hosting.pe	cqfdaqp.pe	1
Red Cientifica Peruana	gym21.pe	1
AMAZON-02	institutodefotografia.pe	1
messagingengine.com	Fastmail Pty Ltd	3
studioh-server.eu	studioh.pe	1
NETWORK-SOLUTIONS-HOSTING	growthcapital.pe	1
netsolutions-peru.com	safetrack.pe	1
sipanserver.com	aos.pe	1
CLOUDFLARENET	bmx.pe	1
SERVERCENTRAL	directorioperu.pe	1
Dattatec.com	bcpconsulting.pe	1
NAMECHEAP-NET	ladrillosfortes.pe	1
AMAZON-02	traduccioneslowcost.pe	1
SERVERCENTRAL	plantify.pe	1
domainers.de	dry-ager.pe	1
Red Cientifica Peruana	hogardelamadre.pe	1
tecnoweb.net	munno.pe	1
systemdns.com	GOOGLE	1
Contabo GmbH	rofai.pe	1
so2-artdesign.com	aurait.pe	1
Contabo GmbH	solucionesgraficas.pe	1
net.pe	odonthomania.pe	1
goriladigital.co	clinicasanjuandedioslima.pe	1
IS-AS-1	todoextintores.pe	1
muchik.com	dato.pe	1
ninjahosting.pe	onlytec.pe	1
SERVERCENTRAL	almaterapia.pe	1
OVH SAS	nexura.pe	1
AMAZON-02	itco.pe	1
AS-30083-US-VELIA-NET	bonbeef.pe	1
unknown	constructoragenesis.pe	1
IOFLOOD	sotanos.pe	1
NETWORK-SOLUTIONS-HOSTING	morfi.pe	1
INMOTION	cauchos.pe	1
perucreativo.org	maker.pe	1
net.pe	ciudadanosyconsumidores.pe	1
com.pe	novamente.pe	1
Red Cientifica Peruana	qualitic.pe	1
CLOUDFLARENET	bluenetwork.pe	1
SERVERCENTRAL	lumimat.pe	1
CLOUDFLARENET	sustarox.pe	1
AMAZON-02	deposeguro.pe	1
IOFLOOD	innovabc.pe	1
Red Cientifica Peruana	csa.pe	1
SERVERCENTRAL	eltiempocusco.pe	1
ixo.no	ixo.no	1
supremepanel.com	sierralta.pe	1
hostgator.com	qipu.pe	1
Akamai Connected Cloud	peruair.pe	1
Dattatec.com	scala.pe	1
OVH SAS	cvslogistics.pe	1
nube-web.com	cecitec.pe	1
AMAZON-02	andersenlegal.pe	1
Red Cientifica Peruana	petrabyte.pe	1
Red Cientifica Peruana	ideass.pe	1
AMAZON-02	acre.pe	1
TIER-NET	juniorcastillo.pe	1
CLOUDFLARENET	ayeproyectos.pe	1
CLOUDFLARENET	mentory.pe	1
Red Cientifica Peruana	baritaliano.pe	1
hostliva.com	nextalk.pe	1
latinoamericahosting.com	criptex.pe	1
CLOUDFLARENET	groupdyd.pe	1
DFW-DATACENTER	nuestrosderechos.pe	1
com.pe	tecnologiavertical.pe	1
hostgator.com	irimo.pe	1
phinternacional.com	monup.pe	1
CLOUDFLARENET	codeteam.pe	1
redintercableperu.pe	ZOHO-AS	1
wperu.com	phonixcenter.pe	1
Red Cientifica Peruana	solucionesmedicas.pe	1
nsdns.info	brax.com	1
PRIVATESYSTEMS	translay.pe	1
inkahosting.pe	civica.pe	1
AMAZON-02	zwsim.pe	1
SERVERCENTRAL	bestfruits.pe	1
Red Cientifica Peruana	licitaycontrata.pe	1
credia.pe	credia.pe	1
CLOUDFLARENET	tvcosmos.pe	1
markmonitor.com	grupoanc.com	1
AMAZON-02	acmsoluciones.pe	1
adamantium.network	MICROSOFT-CORP-MSN-AS-BLOCK	1
awardspace.com	aviones.pe	1
AMAZON-02	surebuy.pe	1
SERVERCENTRAL	altasalud.pe	1
centos-webpanel.com	culturas.pe	1
net.pe	apparelpro.pe	1
OVH SAS	minomina.pe	1
AMAZON-02	grupoefectivo.pe	1
CLOUDFLARENET	radioantena5cusco.pe	1
hpserverdns.com	sofitel.pe	1
hpserverdns.com	gigabitsoluciones.pe	1
unknown	arproyectos.pe	1
SECURITYSERVICES	gefco.pe	1
vissualspeed.com	imperiumterra.pe	1
NL-811-40021	solutto.pe	1
com.pe	acm.pe	1
datec.pe	GOOGLE	2
AMAZON-02	imani.pe	1
pm-i.com	fitline.pe	1
agraria.pe	ZOHO-AS	1
prodns.la	manuelimport.pe	1
NETWORK-SOLUTIONS-HOSTING	idexperu.pe	1
net.pe	prevensis.pe	1
net.pe	aktivetape.pe	1
sipalperu.cloud	mallasdeseguridadmys.pe	1
NETWORK-SOLUTIONS-HOSTING	sociometria.pe	1
CLOUDFLARENET	nbs.pe	1
solidhosting.pro	hostingwar.pe	1
AMAZON-02	aristotle.pe	1
Dattatec.com	grupocarmelita.pe	1
Red Cientifica Peruana	zoffice.io	1
AMAZON-02	tondero.pe	1
drymax.pe	drymax.pe	1
dnsmisitio.net	rome.pe	1
fastgobalserver.com	zolix.pe	1
SERVERCENTRAL	jalo.pe	1
Host Europe GmbH	elcamionero.pe	1
SERVERCENTRAL	queenshop.pe	1
dots-interactive.com	tinaspa.pe	1
nethostingperu.com	ppas.pe	1
idp-peru.com	tubiterm.pe	1
OVH SAS	expoinmobiliaria.pe	1
Contabo GmbH	electropumps.pe	1
ipcom GmbH	worksmobile.com	1
CLOUDFLARENET	568721-017489901135-1	1
SERVERCENTRAL	jvhome.pe	1
AMAZON-02	mjglobal.pe	1
dnsmisitio.net	corpsolution.pe	1
Red Cientifica Peruana	dsvconsulting.pe	1
SERVERCENTRAL	ergosen.pe	1
superhostingalfa.com	chiclayodental.pe	1
DIGICERT	trendmicro.eu	1
empresadns.net	paperu.pe	1
sipanserver.com	creart.pe	1
NETWORK-SOLUTIONS-HOSTING	aurico.pe	1
net.pe	bazarvirtual.pe	1
AMAZON-02	dsam.pe	1
CLOUDFLARENET	dospel.pe	1
hostgator.com	turaq.pe	1
monkeyonthetable.com	contentcreator.pe	1
SERVERSTACK-ASN	pog.pe	1
Red Cientifica Peruana	asso.pe	1
Red Cientifica Peruana	std.pe	1
nexloc.ro	gzsolutions.pe	1
hostingperucha.com	compunorte.pe	1
LEASEWEB-USA-DAL	quantumperu.pe	1
CLOUDFLARENET	gbc.pe	1
CLOUDFLARENET	aepme.pe	1
Red Cientifica Peruana	laix.pe	1
SERVERCENTRAL	ruvera.pe	1
AS-30083-US-VELIA-NET	oplp.pe	1
SECURITYSERVICES	surfari.pe	1
com.pe	rocaperu.pe	1
n0c.com	teaviso.pe	1
AMAZON-02	omnilife.pe	1
NSONE	SECURITYSERVICES	2
Red Cientifica Peruana	latincable.pe	1
CLOUDFLARENET	justiciaperu.pe	1
net.pe	alegria.pe	1
hostgator.com	ibrando.pe	1
INMOTION	llantasagricolas.pe	1
SERVERCENTRAL	insima.pe	1
OVH SAS	educalatina.pe	1
Red Cientifica Peruana	miyahira.pe	1
unknown	ascenza.pe	1
tecnoweb.net	technologika.pe	1
sipanserver.com	GOOGLE	5
Red Cientifica Peruana	mama.pe	1
hostgator.com	recdigital.pe	1
kreativoweb.com	labrasita.pe	1
Red Cientifica Peruana	symbiosis.pe	1
codelabz.com	whipme.pe	1
SERVERCENTRAL	soltv.pe	1
hpserverdns.com	autoexpress.pe	1
net.pe	enviospichincha.pe	1
hostgator.com	viajesaperu.pe	1
Red Cientifica Peruana	marcenet.pe	1
CLOUDFLARENET	mistu.pe	1
OVH SAS	cirujanoplasticoperu.pe	1
mediatoperu.com	GOOGLE	1
OVH SAS	micasio.pe	1
planetahosting.pe	santapatricia.pe	1
latinoamericahosting.com	embioterra.pe	1
hostgator.com	esferanetwork.pe	1
net.pe	atpshop.pe	1
AMAZON-02	contenur.pe	1
ninjahosting.pe	sodapop.pe	1
serverhostgroup.com	store.pe	1
host-n-web.com	solgasdeliverylima.pe	1
SERVERCENTRAL	kunero.pe	1
latinoamericahosting.com	endi.pe	1
net.pe	realtyplus.pe	1
Host Europe GmbH	caravana.pe	1
ifastnet14.org	bcing.pe	1
Host Europe GmbH	esferacreativa.pe	1
SERVERCENTRAL	icamsolutions.pe	1
NETWORK-SOLUTIONS-HOSTING	columna.pe	1
net.pe	perulab.pe	1
Red Cientifica Peruana	servitec.pe	1
OVH SAS	swenia.pe	1
hpserverdns.com	totalsac.pe	1
AMAZON-02	robertomartinez.pe	1
Host Europe GmbH	kindernet.pe	1
SERVERCENTRAL	lealto.pe	1
unnu.pe	unnu.pe	1
dnsmisitio.net	mercadofit.pe	1
hpserverdns.com	grupoexito.pe	1
indexaserver.com	holafelix.pe	1
privatednswork.com	psagroup.pe	1
Red Cientifica Peruana	rompecabezas.pe	1
CLOUDFLARENET	remaxfocus.pe	1
Dattatec.com	cursoagenteinmobiliario.pe	1
net.pe	shurtape.pe	1
Dattatec.com	ingca.pe	1
Red Cientifica Peruana	tproject.pe	1
freehostia.com	freehostia.com	4
hostgator.com	gastronomiasostenible.pe	1
ninjahosting.pe	rumitec.pe	1
AMAZON-02	3s.pe	1
tuwebpe.com	marvic.pe	1
innovateserver.com	elpiurano.pe	1
icreando.com	beautiful.pe	1
Red Cientifica Peruana	gmic.pe	1
SERVERCENTRAL	termovent.pe	1
hpserverdns.com	jugones.pe	1
SERVERCENTRAL	futuradev.pe	1
SERVERCENTRAL	greencool.pe	1
solythree.com	seipro.pe	1
Red Cientifica Peruana	mactelecom.pe	1
SERVERCENTRAL	casaexperto.pe	1
SECURITYSERVICES	ppe-hosted.com	1
nic.cl	rednetchile.cl	1
hostgator.com	elmirador.pe	1
Red Cientifica Peruana	pluspapel.pe	1
interip.nl	interip.nl	2
Red Cientifica Peruana	extiendete.pe	1
CLOUDFLARENET	speedsixwheels.pe	1
UNIFIEDLAYER-AS-1	pedrollobombas.pe	1
NTHL	purifica.pe	1
Red Cientifica Peruana	cylcorp.pe	1
arvixe.com	MICROSOFT-CORP-MSN-AS-BLOCK	1
SERVERCENTRAL	risolvo.pe	1
SERVERCENTRAL	biotec.pe	1
Host Europe GmbH	integrabpo.pe	1
Contabo GmbH	fasac.pe	1
latinoamericahosting.com	agosac.pe	1
latinoamericahosting.com	byconsulting.pe	1
iptwins.com	GOOGLE	1
dnsmisitio.net	apolosystem.pe	1
midnsbox.net	24motors.pe	1
hpserverdns.com	halcourier.pe	1
net.pe	sercom.pe	1
Red Cientifica Peruana	mundomascota.pe	1
grupomya.cl	GOOGLE	1
CLOUDFLARENET	kee.pe	1
planetahosting.pe	intersoft.pe	1
SERVERCENTRAL	propiedadesindustriales.pe	1
SERVERCENTRAL	cognitivamente.pe	1
net.pe	neo.space	1
indexa.pe	GOOGLE	3
Akamai Connected Cloud	gestorespublicos.pe	1
SERVERCENTRAL	widwild.pe	1
SERVERCENTRAL	avales.pe	1
nswebhost.com	GOOGLE	1
nt3e.com	dercenter.pe	1
perfect-dns.com	kantum.pe	1
CLOUDFLARENET	biocompany.pe	1
CLOUDFLARENET	novaldent.pe	1
peruhost.com	algautos.pe	1
acuario43.net	canchitas.pe	1
Host Europe GmbH	OVH SAS	2
hpserverdns.com	energiayecologia.pe	1
SERVERCENTRAL	suarezasociados.pe	1
Red Cientifica Peruana	profinox.pe	1
Combell NV	ecoworldtravelagency.pe	1
hostingroup.com	mikhuna.pe	1
Red Cientifica Peruana	tecnoicit.pe	1
faustocardenas.com	airso.pe	1
serverziccosor.com	cinestesia.pe	1
tecreamos.cl	oraquick.pe	1
ipcom GmbH	ixina.pe	1
CLOUDFLARENET	datacard.pe	1
noc84.com	mynextlevel.pe	1
IONOS SE	greenperu.pe	1
dnsip.com	gvip.nl	2
ninjahosting.pe	vemape.pe	1
sipanserver.com	corporacioninfinity.pe	1
AMAZON-02	ahumudo.pe	1
planetahosting.pe	celis.pe	1
SERVERCENTRAL	naturalshots.pe	1
OVH SAS	fasttrack.pe	1
hpserverdns.com	activechange.pe	1
Red Cientifica Peruana	parodi.pe	1
CLOUDFLARENET	simax.pe	1
tecnoweb.net	gruporm.pe	1
AMAZON-02	perfectos.pe	1
hostinglabs.net	scorer.pe	1
perucloud.pe	FORTINET	1
Red Cientifica Peruana	nadu.pe	1
SERVERCENTRAL	expoplastperu.pe	1
tecnoweb.net	suministrosindustriales.pe	1
Red Cientifica Peruana	cosiris.pe	1
NETWORK-SOLUTIONS-HOSTING	casaatenea.pe	1
net.pe	ibro.pe	1
SERVERCENTRAL	accud.pe	1
Cloud DNS Ltd	consulperu.pe	1
net.pe	kol.pe	1
Host Europe GmbH	englishonline.pe	1
peruvps.net	undiaalavez.pe	1
Akamai Connected Cloud	goldenhouse101.pe	1
AMAZON-02	choquequiraotrekking.pe	1
sigedu.org	GOOGLE	1
apacheperu.info	asidel.pe	1
hpserverdns.com	seisac.pe	1
BIZLAND-SD	idp.pe	1
empresadns.net	sici.pe	1
Dattatec.com	fcastudio.pe	1
Dattatec.com	secrex.pe	1
intelecto.pe	construmin.pe	1
sistemaip.net	sistemaip.net	1
hostgator.com	llamatrek.pe	1
NETWORK-SOLUTIONS-HOSTING	amores.pe	1
CLOUDFLARENET	innovaled.pe	1
latinoamericahosting.com	ktgroup.pe	1
hpserverdns.com	corporacionhodelpe.pe	1
linode.com	olimpovirtual.pe	1
hostgator.com	rinoplastiafuncional.pe	1
upksupport.pe	shaska.pe	1
SECURITYSERVICES	cnova.pe	1
datec.pe	facturadigital.pe	1
vortexagencia.com	pesac.pe	1
hostgator.com	abogadosinmobiliarios.pe	1
SERVERCENTRAL	fianza.pe	1
datta.pe	radiomoderna.pe	1
OVH SAS	totalsport.pe	1
herosite.pro	gredo.pe	1
Combell NV	ZOHO-AS	1
AUTOMATTIC	AUTOMATTIC	2
LEASEWEB-USA-DAL	maquicasa.pe	1
Red Cientifica Peruana	mantari.pe	1
EPIK-LLC	b-io.co	1
SERVERCENTRAL	gravit.pe	1
Red Cientifica Peruana	dadi.pe	1
ICDSoft Ltd.	acei.pe	1
Contabo GmbH	esnoticiahoy.pe	1
inkahosting.pe	gurusdata.pe	1
CLOUDFLARENET	hohos.cl	1
planetahosting.pe	b3digital.pe	1
Host Europe GmbH	americanlink.pe	1
SERVERCENTRAL	bioluminus.pe	1
colombiahosting.com	GOOGLE	1
ipcom GmbH	geodiswilson.pe	1
midnsbox.net	amalgamart.pe	1
plservers.net	deerfieldhosting.net	1
OVH SAS	fratelli.pe	1
DIMENOC	mildestinos.pe	1
OVH SAS	n4.pe	1
NETWORK-SOLUTIONS-HOSTING	vivalco.pe	1
CLOUDFLARENET	agrocoronado.pe	1
radlatam.com	GOOGLE	1
latinoamericahosting.com	conexiondigital.pe	1
hpserverdns.com	studiocad.pe	1
name-services.com	APPLE-ENGINEERING	1
cloudns.net	20i Limited	1
CLOUDFLARENET	observatoriodegenero.pe	1
traderperu.com	aprendedigital.pe	1
unknown	apocalipsisnutrition.pe	1
SERVERCENTRAL	dinoko.pe	1
cesarbracamonte.com	eventum.pe	1
SECURITYSERVICES	teccode.pe	1
Host Europe GmbH	servicont.pe	1
latinoamericahosting.com	vistadroneperu.pe	1
SERVERCENTRAL	jaguaredu.pe	1
Red Cientifica Peruana	datasend.pe	1
AMAZON-02	casate.pe	1
gestion-ti.com	talentroutes.pe	1
Hetzner Online GmbH	restaurantepalermo.pe	1
subarashi.pe	subarashi.pe	1
Red Cientifica Peruana	greenstate.pe	1
cloudsgi.com	forexa.pe	1
revistapolicial.pe	revistapolicial.pe	1
net.pe	barton.pe	1
Red Cientifica Peruana	aicom.pe	1
net.pe	arapaima.pe	1
nsresponse.com	surveytools.pe	1
MICROSOFT-CORP-MSN-AS-BLOCK	hosty.pe	1
dymcloudsolutions.com	yachtbrokers.pe	1
net.pe	motormundo-retail.pe	1
Dattatec.com	panning.pe	1
apacheperuhosting.org	tecnoindustria.pe	1
supremepanel.com	fumitienda.pe	1
BIZLAND-SD	alonso.pe	1
allytech.com	accent.pe	1
SINGLEHOP-LLC	alimenti.pe	1
SERVERCENTRAL	proarco.pe	1
hispavista.com	IONOS SE	1
Combell NV	sweetbell.pe	1
DFW-DATACENTER	vivaventures.pe	1
AMAZON-02	institutodeinteriorismo.pe	1
OVH SAS	donjoaquin.pe	1
CLOUDFLARENET	lh.pl	1
SERVERCENTRAL	almastudio.pe	1
linode.com	isdin.pe	1
net.pe	servigo.pe	1
com.pe	snwlhosted.com	1
SERVERCENTRAL	cesti.pe	1
PRIVATESYSTEMS	bubinzanalodge.pe	1
Red Cientifica Peruana	fireball.pe	1
AMAZON-02	pcges.pe	1
hostingroup.com	casafarmaceutica.pe	1
conex.online	cxt.pe	1
AMAZON-02	termometal.pe	1
dnsmisitio.net	glem.pe	1
hispalisdns.com	irismedia.pe	1
Host Europe GmbH	contadores.pe	1
CLOUDFLARENET	myonlineradio.hu	1
hostgator.com	luminaenergy.pe	1
DFW-DATACENTER	endoscopiasanluis.pe	1
contabo.net	smartcloud.pe	1
AMAZON-02	tsilogistics.pe	1
NETWORK-SOLUTIONS-HOSTING	bsoft.pe	1
AMAZON-02	tupropiedad.pe	1
open-comet.net	GOOGLE	1
OVH SAS	planosdefensacivil.pe	1
hostinglabs.net	eltaller.pe	1
alessamgps.com	alessamgps.pe	1
Red Cientifica Peruana	generade.pe	1
servidor4.net	solatube.pe	1
hostinglabs.net	sat-industriales.pe	1
Hetzner Online GmbH	omar.pe	1
hpserverdns.com	casaportofino.pe	1
hpserverdns.com	italvalv.pe	1
CLOUDFLARENET	arquitecturadigital.pe	1
CLOUDFLARENET	smloyola.pe	1
planetahosting.pe	pompomstore.pe	1
SERVERCENTRAL	terranovainmobiliaria.pe	1
SERVERCENTRAL	lbyd.pe	1
Red Cientifica Peruana	alcander.pe	1
K Media Tech Ltd.	bets365.pe	1
SERVERCENTRAL	res.pe	1
SERVERCENTRAL	asphyxia.pe	1
CLOUDFLARENET	spectrvm.pe	2
hpserverdns.com	happyfactory.pe	1
OVH SAS	stsoluciones.pe	1
mediatoperu.com	mediactiva.pe	1
net.pe	opti.pe	1
servercloudhost.com	kusa.pe	1
AS-VULTR	biorganica.pe	1
cloudns.net	email-messaging.com	1
CLOUDFLARENET	importacionesleon.pe	1
hpserverdns.com	t-pack.pe	1
Akamai Connected Cloud	sublink.pe	1
NETWORK-SOLUTIONS-HOSTING	agenciaweb.pe	1
Host Europe GmbH	greenmedia.pe	1
CLOUDFLARENET	studio320.pe	1
contabo.net	anzuelo.digital	4
hpserverdns.com	rem3.pe	1
Akamai Connected Cloud	peruhighlights.pe	1
sys4peru.com	rentaire.pe	1
businesssolutionsinc.info	estudio2d.pe	1
core-dns.net	GOOGLE	1
SERVERCENTRAL	spong.pe	1
RELIABLESITE	clinicadentalidentical.pe	1
serviziweb.info	herniamesh.pe	1
SERVERCENTRAL	sdxti.pe	1
indexaserver.com	b2s.pe	1
mihosting.net	spalding.pe	1
latinoamericahosting.com	dconstruye.pe	1
CLOUDFLARENET	observatorioeducativo.pe	1
SERVERCENTRAL	megafonia.pe	1
hpserverdns.com	conexionambiental.pe	1
dtnt.info	MICROSOFT-CORP-MSN-AS-BLOCK	1
Red Cientifica Peruana	construmaq.pe	1
SERVERCENTRAL	alavuelta.pe	1
AMAZON-02	arrascuesac.pe	1
OVH SAS	ninjapos.pe	1
hostingroup.com	alcingenieria.pe	1
Xtudio Networks S.L.U.	mittel.pe	1
UNIFIEDLAYER-AS-1	edubank.pe	1
Host Europe GmbH	peritajeinformatico.pe	1
Red Cientifica Peruana	proenergy.pe	1
AMAZON-02	losandes.pe	1
SERVERCENTRAL	garuka.pe	1
grupopreciso.pe	GOOGLE	1
IS-AS-1	gts.pe	1
DIMENOC	vitalhealth.pe	1
OVH SAS	vcard.pe	1
dnsmisitio.net	nitrofactory.pe	1
andeanhost.com	vila.pe	1
AMAZON-02	rr.pe	1
NETWORK-SOLUTIONS-HOSTING	nbtel.pe	1
Combell NV	msconsultores.pe	1
Host Europe GmbH	mhe.pe	1
wiroos.com	uptowncompany.pe	1
Red Cientifica Peruana	clinicaoftalmologica.pe	1
LEASEWEB-USA-PHX	tiendasaludable.pe	1
AMAZON-02	visionymarketing.pe	1
hostgator.com	devcon.pe	1
aliasdns.net	aseguratuviaje.pe	1
hostxion.com	rainbowmountain.pe	1
NL-811-40021	alexdelgado.pe	1
inmotionhosting.com	tomasa.pe	1
AMAZON-02	corresponsales.pe	1
AS17378	instrumentosdemedicion.pe	1
cloudnsplus.com	goldiario.pe	1
server-syf.com	syf.pe	1
AMAZON-02	gomarket.pe	1
hpserverdns.com	riskmanagement.pe	1
hpserverdns.com	safetylift.pe	1
hpserverdns.com	rlasesores.pe	1
hpserverdns.com	medelect.pe	1
nsresponse.com	izamar.pe	1
AMAZON-02	williamswarn.pe	1
Red Cientifica Peruana	thinksolutions.pe	1
megalink.com	megalink.pe	1
CLOUDFLARENET	xinticket.pe	1
solythree.com	rumiwasi.pe	1
DIMENOC	soinelcompany.pe	1
SERVERCENTRAL	mspharm.pe	1
RELIABLESITE	bsg.pe	1
OVH SAS	akhal.pe	1
LVLT-3549	nicoletto.pe	1
Red Cientifica Peruana	trovi.pe	1
namehero.com	bikeacademy.pe	1
net.pe	accesosautomaticos.pe	1
lnx.pe	lnx.pe	1
domainsure.com	easydns.com	1
CLOUDFLARENET	makroagro.pe	1
wins.pe	laptops.pe	1
net.pe	certimin.pe	1
Red Cientifica Peruana	bafry.pe	1
AMAZON-02	mesur.pe	1
IS-AS-1	mercadojusto.pe	1
Red Cientifica Peruana	seadifsolutions.pe	1
CLOUDFLARENET	loredana.pe	1
planetahosting.pe	imagengrafica.pe	1
t-line.online	fertirriego.pe	1
dnsmisitio.net	velia.pe	1
SERVERCENTRAL	themislegal.pe	1
c-onlineweb.com	gabinetesyracks.pe	1
afraid.org	Proton AG	1
CLOUDFLARENET	vmove.pe	1
anacondaweb.com	paymatic.pe	1
Combell NV	metaloffice.pe	1
Combell NV	kathyroman.pe	1
Host Europe GmbH	mundopositivo.pe	1
com.pe	ideas.pe	1
RELIABLESITE	gradiente.pe	1
aliasdns.net	eterna.pe	1
AMAZON-02	llantasrunflat.pe	1
NETWORK-SOLUTIONS-HOSTING	detur.pe	1
unoingenieria.cl	simplificalo.pe	1
SECURITYSERVICES	wisnu.pe	1
Dattatec.com	isipp.pe	1
zomro.com	apuestasenperu.pe	1
admeli.com	pdc.pe	1
hpserverdns.com	atomtechnology.pe	1
Red Cientifica Peruana	mobilenet.pe	1
Akamai International B.V.	AMAZON-02	2
NETWORK-SOLUTIONS-HOSTING	gala.pe	1
baicom.net	GOOGLE	1
GOOGLE	Safenames Ltd.	4
Combell NV	casaideal.pe	1
Red Cientifica Peruana	btacompany.pe	1
SERVERCENTRAL	generadoreselectricos.pe	1
perucloud.pe	Scaleway S.a.s.	2
IS-AS-1	sentidointerno.pe	1
domainscm.com	conceptomovil.pe	1
PRIVATESYSTEMS	camaranacional.pe	1
NETWORK-SOLUTIONS-HOSTING	lachicharra.pe	1
latinoamericahosting.com	aglae.pe	1
SERVERCENTRAL	mantra.pe	1
Combell NV	mariaeugenia.pe	1
DFW-DATACENTER	comaxnet.pe	1
punovirtual.com	tbsac.pe	1
NETWORK-SOLUTIONS-HOSTING	abogadostributaristas.pe	1
hpserverdns.com	scenika.pe	1
wtlcontrol.com	MICROSOFT-CORP-MSN-AS-BLOCK	1
ninjahosting.pe	geekerland.pe	1
NUCDN	mailbox.org	1
OVH SAS	proteuslab.pe	1
Grupo Sys4net, S.l.	corredorazul.pe	1
hostinglabs.net	ifaperu.pe	1
planetahosting.pe	puski.pe	1
SINGLEHOP-LLC	inforsystems.pe	1
SERVERCENTRAL	ergoclass.pe	1
SERVERCENTRAL	restometrics.pe	1
DIMENOC	odontopediatria.pe	1
AMAZON-02	literaria.pe	1
CLOUDFLARENET	37.218	1
grid7.website	crmperu.pe	1
fibradecoco.pe	fibradecoco.pe	1
hpserverdns.com	ppalu.pe	1
ccapahosting.com	MICROSOFT-CORP-MSN-AS-BLOCK	1
ORACLE-BMC-31898	canastasdenavidad.pe	1
ninjahosting.pe	randomstore.pe	1
columbus-networks.com	legismovil.pe	1
hostgator.com	magdalenalosabe.pe	1
SINGLEHOP-LLC	asbra.pe	1
xundns.com	1112dns.com	1
Red Cientifica Peruana	nayaraq.pe	1
Red Cientifica Peruana	torresconsultores.pe	1
net.pe	saselux.pe	1
pagesmx.com	maqnova.pe	1
DIGITALOCEAN-ASN	sapbusinessoneperu.pe	1
nummbers.club	airsafe.pe	1
oxilion.nl	mail-scanner.eu	2
PRIVATESYSTEMS	firemansperu.pe	1
com.pe	medika.pe	1
OVH SAS	wellford.pe	1
net.pe	ecoclean.pe	1
Akamai Connected Cloud	jorgeruiz.pe	1
bonzai.pe	malibu.pe	1
net.pe	skyshop.pe	1
AMAZON-02	brunnermusic.pe	1
1and1.es	1and1.es	1
AMAZON-02	rodax.pe	1
Host Europe GmbH	kruh.pe	1
latinoamericahosting.com	advertisingexpert.pe	1
net.pe	realidades.pe	1
Red Cientifica Peruana	igest.pe	1
SERVERCENTRAL	florece.pe	1
hpserverdns.com	solsecurity.pe	1
iphh.de	MICROSOFT-CORP-MSN-AS-BLOCK	1
CLOUDFLARENET	dg.pe	1
LVLT-3549	solara.pe	1
SERVERCENTRAL	verifydata.pe	1
OVH SAS	aerocrop.pe	1
SERVERCENTRAL	rosh.pe	1
Red Cientifica Peruana	myv.pe	1
RELIABLESITE	mundoviajes.pe	1
net.pe	supercinco.pe	1
Red Cientifica Peruana	kgbmusic.pe	1
CLOUDFLARENET	prsnt.pe	1
AS-30083-US-VELIA-NET	focaccia.pe	1
SERVERCENTRAL	urbanmall.pe	1
hostingydominiosakemi.net	digitalfact.pe	1
NL-811-40021	overcoming.pe	1
alb.de	gbc.net	1
Red Cientifica Peruana	espressivo.pe	1
SERVERCENTRAL	premiumparking.pe	1
SECURITYSERVICES	GOOGLE-CLOUD-PLATFORM	1
NETWORK-SOLUTIONS-HOSTING	dondecompro.pe	1
UNIFIEDLAYER-AS-1	realtravel.pe	1
INMOTION	bkt.pe	1
SERVERCENTRAL	finca.pe	1
Dattatec.com	silcarautos.pe	1
SERVERCENTRAL	intersport.pe	1
SERVERCENTRAL	servisoluciones.pe	1
CLOUDFLARENET	qq.com	1
LEASEWEB-USA-WDC	GOOGLE	1
PRIVATESYSTEMS	ed.pe	1
inmotionhosting.com	cocona.pe	1
DFW-DATACENTER	myl.pe	1
Dattatec.com	menthadreams.pe	1
Hetzner Online GmbH	titansgroup.pe	1
Host Europe GmbH	estudiomarines.pe	1
innovawebperu.com	adaptus.pe	1
PRIVATESYSTEMS	grupoyllaconza.pe	1
CLOUDFLARENET	ccenter.pe	1
servidorenweb.com	trabajosdiarios.pe	1
OVH SAS	seguricentro.pe	1
planetahosting.pe	accertum.pe	1
Dattatec.com	massabor.pe	1
net.pe	ieqsa.pe	1
OVH SAS	luriver.pe	1
fastgobalserver.com	oc.pe	1
hpserverdns.com	redwine.pe	1
Akamai Connected Cloud	pratech.pe	1
dnsmisitio.net	novatechsolutions.pe	1
SERVERCENTRAL	tvpremium.pe	1
unknown	donquijote.pe	1
hostgator.com	brenco.pe	1
hpserverdns.com	pjz.pe	1
SERVERCENTRAL	famtas.pe	1
SERVERCENTRAL	primemusic.pe	1
SERVERCENTRAL	cvconsulting.pe	1
NL-811-40021	jesed.pe	1
DIMENOC	audiocorp.pe	1
supremepanel.com	inel.pe	1
GOOGLE	server278.com	1
SINGLEHOP-LLC	cairp.pe	1
Hetzner Online GmbH	maderaplastica.pe	1
SERVERCENTRAL	tonercompatible.pe	1
webcreative.pe	eltambo.pe	1
hostgator.com	iic.pe	1
NTHL	alumarket.pe	1
CLOUDFLARENET	mendoza.pe	1
UNIFIEDLAYER-AS-1	laguadalupe.pe	1
sipanserver.com	lotea.pe	1
AMAZON-02	patologiaclinica.pe	1
net.pe	publitrade.pe	1
unknown	ingm.pe	1
miwebdns.net	MICROSOFT-CORP-MSN-AS-BLOCK	1
qualitysolution.es	transparencia.pe	1
webcreative.pe	bedconsulting.pe	1
prodns.mx	GOOGLE	1
AMAZON-02	slisac.pe	1
intelsrv.net	centroempresarialamalfi.pe	1
SERVERCENTRAL	gardenclean.pe	1
AMAZON-02	afocatregioncentro.pe	1
SERVERCENTRAL	agroger.pe	1
indexaserver.com	ssc.pe	1
Signet B.V.	normecfoodcare.pe	1
e-digitalhosting.net	ays.pe	1
net.pe	kamy.pe	1
SERVERCENTRAL	pixelarte.pe	1
SERVERCENTRAL	singer.pe	1
SECURITYSERVICES	picsee.ltd	1
SECURITYSERVICES	vivaurbana.pe	1
SERVERCENTRAL	magnet.pe	1
SECURITYSERVICES	Safenames Ltd.	2
OVH SAS	gamingpower.pe	1
AMAZON-02	ideasmultiples.pe	1
IS-AS-1	cubas.pe	1
net.pe	alesse.pe	1
net.pe	ayd.pe	1
AMAZON-02	dukker.pe	1
hostgator.com	tecnoofertas.pe	1
AMAZON-02	aqpbrokers.pe	1
OVH SAS	solercon.pe	1
CLOUDFLARENET	rech.pe	1
unknown	compucentro.pe	1
SERVERCENTRAL	sistac.pe	1
netjust.com	neen.it	1
tecnoweb.net	GOOGLE-CLOUD-PLATFORM	1
SERVERCENTRAL	fisiocenter.pe	1
latinoamericahosting.com	cuya.pe	1
CLOUDFLARENET	florerias.pe	1
SERVERCENTRAL	fzsport.pe	1
IONOS SE	gesitec.pe	1
Red Cientifica Peruana	innovaplus.pe	1
NETWORK-SOLUTIONS-HOSTING	catedraticos.pe	1
edomains.com	cco.pe	1
AMAZON-02	mercio.pe	1
IOFLOOD	galigru.pe	1
SERVERCENTRAL	mlabogados.pe	1
com.pe	psmtp.com	1
hostgator.com	motosfera.pe	1
hostgator.com	migrante.pe	1
PRIVATESYSTEMS	tractocamiones.pe	1
SERVERCENTRAL	gatti.pe	1
Red Cientifica Peruana	mecsil.pe	1
hostinglabs.net	necmetalmecanica.pe	1
CLOUDFLARENET	jvsoft.pe	1
AMAZON-02	lavain.pe	1
bejarano.pe	bejarano.pe	1
servidoraweb.net	enelblanco.pe	1
wtlcontrol.com	ev.pe	1
UNIFIEDLAYER-AS-1	pjvalens.pe	1
CLOUDFLARENET	bytana.pe	1
zserver.cz	callinsider.com	1
hostgator.com	saidcorp.pe	1
SERVERCENTRAL	FORTINET	1
CLOUDFLARENET	overflow.pe	1
AMAZON-02	puntodeventa.pe	1
OVH SAS	aqpcommerceimport.pe	1
Contabo GmbH	grupodelta.pe	1
CLOUDFLARENET	kairostv.pe	1
Akamai Connected Cloud	doctorley.pe	1
pymedns.net	akros.pe	1
net.pe	rennen.pe	1
SERVERCENTRAL	estudioscreativos.pe	1
UNIFIEDLAYER-AS-1	revistavea.pe	1
net.pe	equilux.pe	1
AMAZON-02	drywall.pe	1
gransy.com	onlineshop.pe	1
tmcreativos.com	diariolaselva.pe	1
AMAZON-02	apag.pe	1
IWEB-AS	contratistas.pe	1
CLOUDFLARENET	stratlabs.pe	1
hpserverdns.com	lineofdesign.pe	1
OVH SAS	inversionessegura.pe	1
planetahosting.pe	emicom.pe	1
Xtudio Networks S.L.U.	tiendasonlineperu.pe	1
CLOUDFLARENET	sparkoffice.pe	1
SERVERCENTRAL	fiberdigital.pe	1
Host Europe GmbH	blancoinmobiliaria.pe	1
unknown	568721-017489901135-1	1
net.pe	centra.pe	1
acuario43.net	asistencia.pe	1
hpserverdns.com	pls.pe	1
com.pe	glus.pe	1
hpserverdns.com	todotramites.pe	1
Red Cientifica Peruana	vitalmax.pe	1
AMAZON-02	osiris.pe	1
CLOUDFLARENET	laska.pe	1
hostgator.com	filomeno.pe	1
hostgator.com	newstar.pe	1
INMOTION	llantaselsol.pe	1
nutacademia.com	kredito.pe	1
Red Cientifica Peruana	crudococina.pe	1
Akamai International B.V.	retarus.com	1
manycardbiz.com	centroseguro.pe	1
latinoamericahosting.com	vitalpro.pe	1
Host Europe GmbH	tglobal.pe	1
Red Cientifica Peruana	ngquality.pe	1
SERVERCENTRAL	divelop.pe	1
SERVERCENTRAL	intitrek.pe	1
Red Cientifica Peruana	fruvi.pe	1
SERVERCENTRAL	mujeresenstem.pe	1
Red Cientifica Peruana	jcportal.pe	1
latinoamericahosting.com	mos.pe	1
OVH SAS	carry.pe	1
OVH SAS	green-world.pe	1
refrimart.pe	refrimart.pe	1
com.pe	biocert.pe	1
SERVERCENTRAL	luiscardenas.pe	1
OVH SAS	dadagugu.pe	1
MICROSOFT-CORP-MSN-AS-BLOCK	haulmer.net	1
SERVERCENTRAL	furgones.pe	1
NETWORK-SOLUTIONS-HOSTING	equiposagroforestales.pe	1
CLOUDFLARENET	toritodepucara.pe	1
SERVERCENTRAL	balanzas.pe	1
SERVERCENTRAL	mngv.pe	1
Host Europe GmbH	terrakapital.pe	1
Dattatec.com	traditec.pe	1
netsolutions-peru.com	MICROSOFT-CORP-MSN-AS-BLOCK	1
Host Europe GmbH	chero.pe	1
net.pe	tuntun.pe	1
UNIFIEDLAYER-AS-1	lakasa.pe	1
Dattatec.com	joaquin.pe	1
SERVERCENTRAL	calorgas.pe	1
l4dns.com	Cloudflare London, LLC	1
AMAZON-02	ltc.pe	1
hostgator.com	tiendadecortinas.pe	1
ns14.net	justifico.pe	1
Dattatec.com	valorpresente.pe	1
xundns.com	fly9988.app	1
planetahosting.pe	amazongift.pe	1
GOOGLE	vamoss.pe	1
sipanserver.com	sipanserver.com	1
LEASEWEB-USA-PHX	equipahotel.pe	1
ICDSoft Ltd.	proturismo.pe	1
net.pe	aranza.pe	1
OVH SAS	jmrtransportes.pe	1
SERVERCENTRAL	inkagrill.pe	1
Host Europe GmbH	rockas.pe	1
SERVERCENTRAL	morganyasociados.pe	1
OVH SAS	gabinete.pe	1
lanit.cl	socomaq.pe	1
DIMENOC	iyc.pe	1
SERVERCENTRAL	blacksheep.pe	1
DIMENOC	ecocargo.pe	1
tecnoweb.net	ecopath.pe	1
apacheperuhosting.info	siscog.pe	1
UNIFIEDLAYER-AS-1	capitalpopular.pe	1
SERVERCENTRAL	rescate.pe	1
RELIABLESITE	orosur.pe	1
IS-AS-1	clinicalaser.pe	1
hpserverdns.com	tconfort.pe	1
OVH SAS	creativex.pe	1
OVH SAS	masnoticias.pe	1
paneldecontrolcentral.com	nutryhelp.pe	1
AMAZON-02	posnet.pe	1
AMAZON-02	cgmoreel.pe	1
SERVERCENTRAL	groldan.pe	1
beget.com	beget.com	3
Red Cientifica Peruana	not.pe	1
Cloudi Nextgen Sl	mishkina.pe	1
laundrymaster.pe	laundrymaster.pe	1
AMAZON-02	loyalty.pe	1
codeplex.pe	codeplex.pe	1
tecnoweb.net	strongbolt.pe	1
byethost1.org	viracocha.pe	1
Host Europe GmbH	cuidalas.pe	1
SERVERCENTRAL	yupak.pe	1
net.pe	lovemark.pe	1
servconfig.com	lavisa.pe	1
easyname.eu	GOOGLE	1
MICROSOFT-CORP-MSN-AS-BLOCK	livehost.pe	1
Red Cientifica Peruana	veena.pe	1
Akamai Connected Cloud	pasioncolombiana.pe	1
AMAZON-02	ecologisticaperu.pe	1
inkahosting.pe	ekeko.pe	1
Red Cientifica Peruana	cmp.pe	1
disoftsolucionesintegrales.com	hdcompany.pe	1
SERVERCENTRAL	editorialcrecer.pe	1
intelisperu.org	zoomvisual.pe	1
hostgator.com	inversionescampos.pe	1
lcs-network.com	cfb.pe	1
SERVERCENTRAL	noticiasfalsas.pe	1
pymedns.net	ludolandia.pe	1
franklinbelen.com	solimet.pe	1
Red Cientifica Peruana	rys.pe	1
Red Cientifica Peruana	morrison.pe	1
net.pe	bellapartydeco.pe	1
CLOUDFLARENET	biolatin.pe	1
mainnameserver.com	mailanyone.net	1
SERVERCENTRAL	twobranding.pe	1
hostgator.com	lye.pe	1
hostinglabs.net	walnuts.pe	1
innovatehost.com	MICROSOFT-CORP-MSN-AS-BLOCK	1
AMAZON-02	weddingplanner.pe	1
Red Cientifica Peruana	gazel.pe	1
agenciascrabble.com	vitatherapy.pe	1
Host Europe GmbH	salkantay.pe	1
CLOUDFLARENET	colorflex.pe	1
pymedns.net	mspconsulting.pe	1
Dattatec.com	smartop.pe	1
alfahosting.info	handy.pe	1
CLOUDFLARENET	apuesto.pe	1
hpserverdns.com	stmsac.pe	1
Red Cientifica Peruana	bravor.pe	1
unknown	metakids.pe	1
com.pe	innovaambiental.pe	1
organyc-online.com	organyc.pe	1
SERVERCENTRAL	yamakawa.pe	1
net.pe	congreso.pe	1
net.pe	crediactiva.pe	1
com.pe	splendora.pe	1
agenciadigitalhosting.com	behost.pe	1
botperu.com	fashi.pe	1
hostgator.com	fivecondoms.pe	1
CLOUDFLARENET	expocapitalhumano.pe	1
Akamai Connected Cloud	hogarverde.pe	1
hazloconamor.pe	hazloconamor.pe	1
hostgator.com	ticker.pe	1
Red Cientifica Peruana	6sentidos.pe	1
LEASEWEB-USA-DAL	siana.pe	1
LEASEWEB-USA-DAL	posiciona360.pe	1
Dattatec.com	dattaweb.com	1
SERVERCENTRAL	roadequipment.pe	1
hostgator.com	transformers.pe	1
NL-811-40021	gamanet.pe	1
Cloud DNS Ltd	canastasgourmet.pe	1
OVH SAS	frank.pe	1
hpserverdns.com	braincoaching.pe	1
nethostingperu.com	midnightmedia.pe	1
net.pe	uranus.pe	1
PRIVATESYSTEMS	macronetsystem.pe	1
SINGLEHOP-LLC	comolsac.pe	1
sercodit.com	bysea.pe	1
SERVERCENTRAL	growshop.pe	1
ORACLE-BMC-31898	GOOGLE	2
profesionalhosting.com	allinsoft.pe	1
nexloc.ro	publigo.pe	1
Red Cientifica Peruana	jesan.pe	1
unknown	institutolibertad.pe	1
SECURITYSERVICES	nabber.org	1
NETWORK-SOLUTIONS-HOSTING	puertaslevadizas.pe	1
linode.com	ZOHO Corporation B.V	1
internex.at	internex.pe	1
SERVERCENTRAL	vortex.pe	1
Red Cientifica Peruana	vidatech.pe	1
Host Europe GmbH	r2o.pe	1
SSASN2	compre.pe	1
hostingcorporativo.pe	sabuesospam.com	1
Host Europe GmbH	tecnovoperu.com	2
net.pe	osopolar.pe	1
PRIVATESYSTEMS	irigoyen.pe	1
servernetworkdata.com	solexport.pe	1
Host Europe GmbH	maketa.pe	1
NETWORK-SOLUTIONS-HOSTING	fourblacks.pe	1
net.pe	cade.pe	1
tecnoweb.net	deportiva.pe	1
Dattatec.com	zepa.pe	1
Red Cientifica Peruana	mobiltravel.pe	1
huascaranweb.com	vdc.pe	1
NL-811-40021	samoa.pe	1
OVH SAS	notarioenlinea.pe	1
pymedns.net	cruzac.pe	1
nubeserver.com	quality.pe	1
dnsmisitio.net	xii.pe	1
OVH SAS	credimpulso.pe	1
contabo.net	neuravox.pe	1
hostgator.com	aligo.pe	1
websitepro.be	com.de	1
pintax.com	laindie.pe	1
hpserverdns.com	kpdm.pe	1
OVH SAS	globaltransport.pe	1
SERVERCENTRAL	izacorp.pe	1
iptwins.com	MICROSOFT-CORP-MSN-AS-BLOCK	1
aceroestudio.pe	aceroestudio.pe	1
SERVERCENTRAL	boxpublicitarios.pe	1
staffdigital.pe	GOOGLE	1
AMAZON-02	blush-bar.pe	1
hostingww.com	MICROSOFT-CORP-MSN-AS-BLOCK	1
AMAZON-02	tecpot.pe	1
OVH SAS	buenavida.pe	1
MAJESTIC-HOSTING-01	kunturwasi.pe	1
AMAZON-02	loyal.pe	1
webaccountserver.com	legalgo.pe	1
LEASEWEB-USA-DAL	cabiparts.pe	1
CLOUDFLARENET	terpel.pe	1
Contabo GmbH	contabilium.pe	1
infodatanet.com	infodata.pe	1
stablehost.com	rubens.pe	1
AMAZON-02	promarpe.pe	1
Dattatec.com	thematic.pe	1
net.pe	playground.pe	1
SERVERCENTRAL	diariolaverdad.pe	1
Hetzner Online GmbH	limamed.pe	1
tecnoweb.net	eqmed.pe	1
SERVERCENTRAL	novatest.pe	1
AS-30083-US-VELIA-NET	paradisevacation.pe	1
UNIFIEDLAYER-AS-1	corteccsac.pe	1
SERVERCENTRAL	cscam.pe	1
net.pe	corporacionra.pe	1
tecnoweb.net	yakutravelperu.pe	1
Dattatec.com	orienta.pe	1
net.pe	kryolan.pe	1
77.162	craft3d.pe	1
openhousevip.com	vivecampus.pe	1
net.pe	inl.pe	1
CLOUDFLARENET	bateriasdelivery.pe	1
hpserverdns.com	fcseguridad.pe	1
GOOGLE	decomoa.pe	1
hostinglabs.net	novogen.pe	1
AMAZON-02	wintv.pe	1
com.pe	fitness.pe	1
SERVERCENTRAL	moproducciones.pe	1
AMAZON-02	onekleeners.pe	1
promoviendoproductos.com	ingenieriaempresarial.pe	1
Red Cientifica Peruana	verum.pe	1
hispalisdns.com	eurogoods.pe	1
layergaming.com	muglobal.pe	1
Red Cientifica Peruana	maritima.pe	1
vissualspeed.com	peruviajes.pe	1
hosting.pe	mejoresbonos.pe	1
AMAZON-02	gidema.pe	1
AMAZON-02	solutix.pe	1
NETWORK-SOLUTIONS-HOSTING	executivecoach.pe	1
Combell NV	inexport.pe	1
constellix.com	GOOGLE	1
nsresponse.com	indri.pe	1
com.pe	b-bio.pe	1
hostgator.com	apoya.pe	1
SECURITYSERVICES	foodparty.pe	1
UNIFIEDLAYER-AS-1	abcinversiones.pe	1
CLOUDFLARENET	houseofenglish.pe	1
tmcreativos.com	playfm.pe	1
SERVERCENTRAL	rocsur.pe	1
SERVERCENTRAL	richardexpress.pe	1
WII	sermul.pe	1
hpserverdns.com	holalink.pe	1
LEASEWEB-USA-PHX	randtinnova.pe	1
excellentgroup.net	aavance.pe	1
SERVERCENTRAL	policeactionsecurity.pe	1
hpserverdns.com	imper.pe	1
AMAZON-02	a2hosting.com	2
Red Cientifica Peruana	perfecttours.pe	1
PRIVATESYSTEMS	magento.pe	1
Akamai Connected Cloud	drhome.pe	1
OVH SAS	renaser.pe	1
AMAZON-02	pulzar.pe	1
hpserverdns.com	bunkercreativo.pe	1
Contabo GmbH	networkfacility.pe	1
OVH SAS	gigatech.pe	1
CLOUDFLARENET	suenoscompartidos.pe	1
SERVERCENTRAL	pasajero.pe	1
SERVERCENTRAL	onlinestore.pe	1
cargo.site	GANDI SAS	1
LEASEWEB-USA-DAL	braca.pe	1
PRIVATESYSTEMS	ospino.pe	1
IONOS SE	jemsa.pe	1
linode.com	loveisdin.pe	1
DIGITALOCEAN-ASN	simpplex.pe	1
hpserverdns.com	dhz.pe	1
Dattatec.com	biofarma.pe	1
net.pe	sedisa.pe	1
PRIVATESYSTEMS	senk.pe	1
equicom.pe	esarg.pe	1
Host Europe GmbH	extech.pe	1
OVH SAS	maxmarket.pe	1
Red Cientifica Peruana	fammsa.pe	1
surbiz.net	ZOHO-AS	1
lightcreativity.com	CLOUDFLARENET	1
hostgator.com	reds.pe	1
NETWORK-SOLUTIONS-HOSTING	tedcom.pe	1
OVH SAS	bcingenieria.pe	1
SERVERCENTRAL	arqprime.pe	1
CLOUDFLARENET	parking.pe	1
websolutions.pe	machupicchutime.pe	1
mihosting.net	sugeridos.pe	1
OVH SAS	prodata.pe	1
ORACLE-BMC-31898	iepp.pe	1
Red Cientifica Peruana	powertel.pe	1
DIMENOC	martellsac.pe	1
Red Cientifica Peruana	cyberguard.pe	1
AMAZON-02	royalholiday.pe	1
pymedns.net	vikmar.pe	1
SERVERCENTRAL	vincenzo.pe	1
OVH SAS	geofusion.pe	1
e-digitalhosting.net	goo.pe	1
NETWORK-SOLUTIONS-HOSTING	mktperu.pe	1
OVH SAS	autoideas.pe	1
NL-811-40021	enoferta.pe	1
dantevaldivia.com	ct-travel.pe	1
com.pe	carshero.pe	1
SERVERCENTRAL	tetradent.pe	1
AMAZON-02	coherencia.pe	1
hostgator.com	dolmen.pe	1
Combell NV	tramontana.pe	1
Red Cientifica Peruana	luzambar.pe	1
atakdomain.com	lcwaikiki.pe	1
Red Cientifica Peruana	terracat.pe	1
SERVERCENTRAL	causajusta.pe	1
AMAZON-02	tranza.pe	1
ipcom GmbH	t-fitness.com	1
hostinglabs.net	bosai.pe	1
supermousehosting.com	laacademiadelexito.pe	1
CLOUDFLARENET	jmsoluciones.pe	1
NETWORK-SOLUTIONS-HOSTING	zolezzi.pe	1
Dattatec.com	biogenetica.pe	1
Hetzner Online GmbH	ofreceyvende.pe	1
Red Cientifica Peruana	notariagarciamedina.pe	1
namehero.com	thelighthouse.pe	1
Red Cientifica Peruana	gecsac.pe	1
DFW-DATACENTER	3dgroup.pe	1
SERVERCENTRAL	orthosur.pe	1
Hetzner Online GmbH	radioswing.pe	1
latin-server.com	integratedlogistics.pe	1
hpserverdns.com	tacgyc.pe	1
SERVERCENTRAL	kappo.pe	1
dnsmisitio.net	insomnio.pe	1
nuntius24.com	travelforless.pe	1
LEASEWEB-USA-WDC	vitalfm.pe	1
net.pe	osmic.pe	1
nextstreamserver.com	unikabell.pe	1
ihosting.cl	ihosting.cl	1
CLOUDFLARENET	ra.pe	1
OVH SAS	dedogordo.pe	1
tecleados.com	culturadeseguros.pe	1
Contabo GmbH	factordecambio.pe	1
UNIFIEDLAYER-AS-1	chain.pe	1
net.pe	wamedical.pe	1
cloudworks.lat	off.pe	1
SERVERCENTRAL	faolegal.pe	1
activh2o.pe	MICROSOFT-CORP-MSN-AS-BLOCK	1
SERVERCENTRAL	portalweb.pe	1
cuydomains.com	ingecosac.pe	1
SERVERCENTRAL	marketinganalytics.pe	1
Red Cientifica Peruana	toso.pe	1
latinoamericahosting.com	econsu.pe	1
Host Europe GmbH	fel1.pe	1
AMAZON-02	cassana.pe	1
UNIFIEDLAYER-AS-1	smartpools.pe	1
CLOUDFLARENET	oncovision.pe	1
SERVERCENTRAL	fukku.pe	1
Red Cientifica Peruana	animalproducts.pe	1
SERVERCENTRAL	kredere.pe	1
hpserverdns.com	vollmond.pe	1
AMAZON-02	waticosoft.pe	1
ipcom GmbH	tyntec.com	1
innovateserver.com	illariy.pe	1
Dattatec.com	onairstudios.pe	1
LVLT-3549	cmm.pe	1
Combell NV	profe.pe	1
dnsmisitio.net	biozyme.pe	1
hostgator.com	solvencia.pe	1
AMAZON-02	campus.pe	1
hpserverdns.com	crystalstudio.pe	1
DFW-DATACENTER	conceptualdesign.pe	1
Red Cientifica Peruana	comprobantes.pe	1
Red Cientifica Peruana	gsolutions.pe	1
BIZLAND-SD	seguramente.pe	1
ticsan.com	novosalud.pe	1
contabo.net	medicfit.pe	1
dnsmisitio.net	castillocalderon.pe	1
SERVERCENTRAL	eservice.pe	1
CLOUDFLARENET	ciedperu.pe	1
gesac.pe	gesac.pe	1
SERVERCENTRAL	elfoco.pe	1
Red Cientifica Peruana	europaint.pe	1
golemos.com	golemos.com	1
Red Cientifica Peruana	coexa.pe	1
cloud-it.pe	MICROSOFT-CORP-MSN-AS-BLOCK	1
hostinglabs.net	jlf.pe	1
contabo.net	delimas.pe	1
Dattatec.com	sabordelnorte.pe	1
AMAZON-02	provinnor.pe	1
OVH SAS	lapiceropublicitario.pe	1
OVH SAS	disperu.pe	1
cloudnsplus.com	firehouse.pe	1
net.pe	lp.pe	1
SERVERCENTRAL	paricia.pe	1
SERVERCENTRAL	fuerzainformativa.pe	1
supremepanel.com	transportare.pe	1
Host Europe GmbH	lae.pe	1
SERVERCENTRAL	caresi.pe	1
dhn.cl	MICROSOFT-CORP-MSN-AS-BLOCK	1
unknown	wstd.pe	1
SERVERCENTRAL	fastpay.pe	1
TIER-NET	masterstore.pe	1
com.tw	com.tw	1
AMAZON-02	atrix.pe	1
hpserverdns.com	aldeadigital.pe	1
SERVERCENTRAL	aromark.pe	1
SERVERCENTRAL	helloparty.pe	1
BIZLAND-SD	laminar.pe	1
SERVERCENTRAL	urma.pe	1
pymedns.net	vecindapp.pe	1
OVH SAS	fogo.pe	1
CLOUDFLARENET	parfois.pe	1
hpserverdns.com	sdconsulting.pe	1
unknown	hello-management.pe	1
CLOUDFLARENET	rest.pe	1
dntrust.com	attractiveworld.pe	1
codetech.pe	codetech.pe	1
LEASEWEB-USA-WDC	metalparts.pe	1
premiumdns.net	GOOGLE	1
hpserverdns.com	hotelesperanza.pe	1
AMAZON-02	location.pe	1
net.pe	tectical.pe	1
com.pe	titen.pe	1
latinoamericahosting.com	wellnesstea.pe	1
hostinglabs.net	tunland.pe	1
CLOUDFLARENET	consumoteca.pe	1
ehostingperu.net	tuboletocultura.pe	1
OVH SAS	mapleconsulting.pe	1
inmotionhosting.com	mediaprotc.pe	1
SINGLEHOP-LLC	lqpsac.pe	1
SERVERCENTRAL	efectisend.pe	1
Akamai Connected Cloud	dilofuerte.pe	1
CLOUDFLARENET	tecniman.pe	1
CLOUDFLARENET	piska.pe	1
SERVERCENTRAL	grupoglc.pe	1
IOFLOOD	tactica.pe	1
OVH SAS	qs.pe	1
alka.cloud	msaperu.pe	1
SERVERCENTRAL	cebichela.pe	1
DFW-DATACENTER	theodor.pe	1
net.pe	jazani.pe	1
AMAZON-02	bosqueazul.pe	1
CLOUDFLARENET	studio94.pe	1
net.pe	labcal.pe	1
UNIFIEDLAYER-AS-1	delifreeze.pe	1
CLOUDFLARENET	compuandina.pe	1
dongee.com	blast.pe	1
viared.work	almanas.pe	1
SERVERCENTRAL	maquiram.pe	1
unknown	IONOS SE	1
managed-ip.com	tece.pe	1
Red Cientifica Peruana	cnk.pe	1
ecreativeperu.top	ecoblue.pe	1
icloudzinc.com	GOOGLE	1
IS-AS-1	pcsmart.pe	1
hostgator.com	scorecloud.dev	1
SERVERCENTRAL	tepsgroup.pe	1
Host Europe GmbH	jaia.pe	1
CLOUDFLARENET	gabrielchavez.pe	1
CLOUDFLARENET	integrator.pe	1
CLOUDFLARENET	helendoron.pe	1
Red Cientifica Peruana	contabilidadaldia.pe	1
hostgator.com	tutuma.pe	1
phase8.net	co.uk	1
inmotionhosting.com	radiomundo.pe	1
CLOUDFLARENET	dadcotechnology.pe	1
hpserverdns.com	tompi.pe	1
SERVERCENTRAL	fixer.pe	1
exacthosting.com	lucca.pe	1
Contabo GmbH	conexionlogistica.pe	1
eistreaming.net	clinicadelaobesidad.pe	1
Red Cientifica Peruana	corbet.pe	1
IWEB-AS	tulpa.pe	1
sipanserver.com	ariasyarias.pe	1
lucushost.com	cursosdemedicina.pe	1
SERVERCENTRAL	hringenieros.pe	1
UNIFIEDLAYER-AS-1	tugou.pe	1
inventa.cl	pazcorp.cl	1
CLOUDFLARENET	brandline.pe	1
camisetasdefutbol.pe	camisetasdefutbol.pe	1
NETWORK-SOLUTIONS-HOSTING	greenharvest.pe	1
dnsmisitio.net	righthand.pe	1
RELIABLESITE	boom.pe	1
hostwhitelabel.com	tecnonegocios.pe	1
1and1-dns.biz	ZOHO-AS	1
uni-barranca.com	megamovil.pe	1
SERVERCENTRAL	genesis.pe	1
sbtecserver.com	lasser.pe	1
AMAZON-02	avitel.pe	1
CLOUDFLARENET	estudiomunoz.pe	1
hn.pe	MICROSOFT-CORP-MSN-AS-BLOCK	2
AMAZON-02	htinternacional.pe	1
fsli.pe	fsli.pe	1
Red Cientifica Peruana	jevrem.pe	1
SERVERCENTRAL	casadecampocieneguilla.pe	1
hostgator.com	servitek.pe	1
Red Cientifica Peruana	skyroof.pe	1
Dattatec.com	detechnology.pe	1
DIMENOC	mxthunder.net	2
AMAZON-02	starplaza.pe	1
hostinglabs.net	memoriasdeamor.pe	1
SERVERCENTRAL	cvn.pe	1
SERVERCENTRAL	arimed.pe	1
CLOUDFLARENET	imbictoz.pe	1
Servicios Informaticos Hostname Ltda	procomex.pe	1
pymedns.net	telenetcom.pe	1
kole.pe	dooh.pe	1
net.pe	fertilab.pe	1
Host Europe GmbH	cybermarket.pe	1
AMAZON-02	jackstore.pe	1
Dattatec.com	matsoft.pe	1
SERVERCENTRAL	fincainmobiliaria.pe	1
net.pe	eglobalassist.pe	1
SINGLEHOP-LLC	equushomes.pe	1
acens Technologies, S.L.	MICROSOFT-CORP-MSN-AS-BLOCK	1
CLOUDFLARENET	takeitstudio.pe	1
medioseideas.com	keypartners.pe	1
SERVERCENTRAL	baprosa.pe	1
SERVERCENTRAL	albertron.pe	1
namehero.com	medianweb.pe	1
IS-AS-1	sangabriel.pe	1
CLOUDFLARENET	ainhoabio.pe	1
denaliarea.com	indevagroup.pe	1
dnsprotect.com	MICROSOFT-CORP-MSN-AS-BLOCK	1
SERVERCENTRAL	serviciotecnicolima.pe	1
clan.pe	areserver.net	1
tecnoweb.net	utilbazar.pe	1
CLOUDFLARENET	elchito.pe	1
latinoamericahosting.com	sofico.pe	1
momentum-cloud.com	juanluisguerra.pe	1
hpserverdns.com	epcindustrial.pe	1
Contabo GmbH	bionovax.pe	1
SERVERCENTRAL	mgasesores.pe	1
servercount.com	identidadcreativa.pe	1
AMAZON-02	farmaciasqf.pe	1
LVLT-3549	lapollera.pe	1
valsanfox.org	MICROSOFT-CORP-MSN-AS-BLOCK	1
TIER-NET	greenstudio.pe	1
CLOUDFLARENET	miglaucoma.pe	1
Hetzner Online GmbH	emprendeperu.pe	1
Signet B.V.	fracciones.pe	1
viared.cl	gavina.pe	1
Host Europe GmbH	ies.pe	1
LEASEWEB-USA-WDC	ZOHO Corporation B.V	1
DIMENOC	signomed.pe	1
BIZLAND-SD	desegur.pe	1
NUCDN	GOOGLE	1
NETWORK-SOLUTIONS-HOSTING	kinzoku.pe	1
wschosting.com	confirmapp.pe	1
SERVERCENTRAL	20blogs.pe	1
CLOUDFLARENET	asiacorner.pe	1
Dattatec.com	holacusco.pe	1
DIGITALOCEAN-ASN	aceros.pe	1
OVH SAS	lareposteria.pe	1
AMAZON-02	doterra.pe	1
AMAZON-02	mailerhost.net	3
latinoamericahosting.com	beingmyself.pe	1
panchita.pe	panchita.pe	1
Akamai Connected Cloud	shacmanperu.pe	1
buho.host	foodsolutions.pe	1
Red Cientifica Peruana	ponderosa.pe	1
NL-811-40021	larison.pe	1
net.pe	rapiweb.pe	1
AMAZON-02	freepizza.pe	1
net.pe	guiadigital.pe	1
CLOUDFLARENET	institutoipge.pe	1
NUCDN	alka.pe	1
latinoamericahosting.com	project19.pe	1
IONOS SE	masamericas.pe	1
inkahosting.pe	gestionlegal.pe	1
DFW-DATACENTER	habita.pe	1
net.pe	umtech.pe	1
SERVERCENTRAL	pulsetech.pe	1
net.pe	rdn.pe	1
SERVERCENTRAL	jcc.pe	1
IOFLOOD	olympic.pe	1
Akamai Connected Cloud	investiga.pe	1
PRIVATESYSTEMS	redviva.pe	1
Red Cientifica Peruana	sedano.pe	1
AMAZON-02	enfocarte.pe	1
dnsiaas.com	GOOGLE	1
Host Europe GmbH	mivet.pe	1
midnsbox.net	GOOGLE	1
corporacionrodriguez.com	vclub.pe	1
empresadns.net	fadet.pe	1
agenciabyte.co	agrofacil.pe	1
CLOUDFLARENET	netrun.org	1
hostgator.com	savimotors.pe	1
Host Europe GmbH	SECURITYSERVICES	1
first-ns.de	GOOGLE	1
LEASEWEB-USA-DAL	ferresur.pe	1
CLOUDFLARENET	plaani.pe	1
OVH SAS	sopitas.pe	1
CLOUDFLARENET	3dmgames.pe	1
SERVERCENTRAL	tuhogar.pe	1
sipanserver.com	zeatalento.pe	1
PRIVATESYSTEMS	adecor.pe	1
latinoamericahosting.com	thermomecanica.pe	1
SERVERCENTRAL	somoscapaces.pe	1
CLOUDFLARENET	reiki.pe	1
SERVERCENTRAL	precast.pe	1
Red Cientifica Peruana	stm.pe	1
dnsprotect.com	GOOGLE	3
CLOUDFLARENET	iphmx.com	3
hosting-ssd.com	universalhome.pe	1
AMAZON-02	batallaperu.pe	1
PONYNET	crearte.pe	1
netuy.net	tcon.pe	1
seppmail.ch	seppmail.cloud	1
awkalegends.com	GOOGLE	1
hostgator.com	cali.pe	1
AMAZON-02	puyu.pe	1
SERVERCENTRAL	biosonrisa.pe	1
thcservers.com	promania.pe	1
perutotal.net	GOOGLE	1
AMAZON-02	globalfarma.pe	1
latinoamericahosting.com	campusinnova.pe	1
SERVERCENTRAL	ezpc.pe	1
AMAZON-02	packer.pe	1
AMAZON-02	tapavasos.pe	1
CLOUDFLARENET	noc401.com	1
hostingroup.com	hostingroup.com	2
DIMENOC	grupoacosta.pe	1
Akamai Connected Cloud	ppb.pe	1
mydomain.com	mercared.pe	1
supremepanel.com	huevosdelvalle.pe	1
Hetzner Online GmbH	cctv.pe	1
Red Cientifica Peruana	mactrade.pe	1
dgwebsolution.com	misviajes.pe	1
name-services.com	MICROSOFT-CORP-MSN-AS-BLOCK	1
dns-principal-35.com	innovax.pe	1
SERVERCENTRAL	consecuencias.pe	1
CLOUDFLARENET	varexa.pe	1
SERVERCENTRAL	impulsaperu.pe	1
SERVERCENTRAL	atix.pe	1
SERVERCENTRAL	breiktal.pe	1
tecnoweb.net	pluralgroup.pe	1
AMAZON-02	clubinmobiliario.pe	1
Hetzner Online GmbH	sinotruk-howo.pe	1
sipanserver.com	vidnatur.pe	1
CLOUDFLARENET	oysconsultores.pe	1
businesssolutionsinc.info	brandea.pe	1
hostns.io	hostns.io	2
hpserverdns.com	mdabogados.pe	1
CLOUDFLARENET	floresanita.pe	1
SERVERCENTRAL	equiposgastronomicos.pe	1
Akamai Connected Cloud	preprint.pe	1
NETWORK-SOLUTIONS-HOSTING	makiba.pe	1
Red Cientifica Peruana	heavenfall.pe	1
ifastnet10.org	gamersclub.pe	1
planetahosting.pe	kanvix.pe	1
fullerpinto.com	fullcenter.pe	1
Contabo GmbH	sanpaolo.pe	1
UNIFIEDLAYER-AS-1	ideacreativa.pe	1
SECURITYSERVICES	Proton AG	4
AMAZON-02	interandinomuebles.pe	1
Contabo GmbH	goldenplaza.pe	1
com.uy	ideasweb.pe	1
SERVERCENTRAL	casahuerta.pe	1
Hetzner Online GmbH	megaweb.pe	1
Red Cientifica Peruana	familysounds.pe	1
OVH SAS	oasiscountryclub.pe	1
CLOUDFLARENET	lacandelaria.pe	1
dongee.com	woer.pe	1
net.pe	chacrunamarketing.com	2
CLOUDFLARENET	metalestructuras.pe	1
webonline-peru.com	adventurerooms.pe	1
SERVERCENTRAL	netcallgroup.pe	1
CLOUDFLARENET	bsoul.pe	1
Red Cientifica Peruana	publicidadcertificadasunarp.pe	1
latinoamericahosting.com	kassara.pe	1
stabletransit.com	GOOGLE-CLOUD-PLATFORM	2
GOOGLE	cafedelima.pe	1
DIGITALOCEAN-ASN	mdrabogados.pe	1
77.162	leap.pe	1
esupportcolombia.com	pentha.pe	1
AMAZON-02	cogrp.pe	1
AMAZON-02	spinecenter.pe	1
balsamedia.com	ubicua.pe	1
paginawebcorporativa.com	ZOHO-AS	1
AS-VULTR	megperu.pe	1
Hetzner Online GmbH	mxthunder.net	1
indexaserver.com	smartsales.pe	1
issi.pe	issi.pe	1
OVH SAS	katya.pe	1
SERVERCENTRAL	coberturasnegusa.pe	1
outdns.net	tiendafacil.pe	1
SERVERCENTRAL	dalevida.pe	1
hpserverdns.com	dxncafesaludable.pe	1
dnsiaas.com	gafer.pe	1
SERVERCENTRAL	babypal.pe	1
CLOUDFLARENET	speedcomp.pe	1
Dattatec.com	mobiseat.pe	1
net.pe	aysa.pe	1
intelisperu.com	princes.pe	1
Hostinger International Limited	GOOGLE	4
latinoamericahosting.com	cjca.pe	1
SERVERCENTRAL	buoz.pe	1
net.pe	rifaza.pe	1
CLOUDFLARENET	vive.pe	1
SERVERCENTRAL	nami.pe	1
Grupo Sys4net, S.l.	perupalmas.pe	1
OVH SAS	mirandarodriguez.pe	1
bogote.net	neosense.pe	1
Red Cientifica Peruana	bluthcompany.pe	1
SERVERCENTRAL	cocktail.pe	1
CLOUDFLARENET	sandhills.com	2
IS-AS-1	exotour.pe	1
AMAZON-02	karchertec.pe	1
AMAZON-02	autonicsperu.pe	1
godns.net	MICROSOFT-CORP-MSN-AS-BLOCK	1
SERVERCENTRAL	grupopizarro.pe	1
Dattatec.com	verisec.pe	1
Dattatec.com	casugroup.pe	1
AMAZON-02	calzadoruiz.pe	1
CLOUDFLARENET	colagenohidrolizado.pe	1
mihostfy.com	NAMECRANE	1
hpserverdns.com	plazasanmartin.pe	1
OVH SAS	eltablon.pe	1
unknown	gokiebox.pe	1
Akamai Connected Cloud	avicolasanisidro.pe	1
creaadv.com	carpet.pe	1
SERVERCENTRAL	proginger.pe	1
SERVERCENTRAL	solux.pe	1
hpserverdns.com	myttravel.pe	1
AMAZON-02	granapadano.pe	1
Combell NV	epitechsolutions.pe	1
AMAZON-02	hirango.pe	1
Red Cientifica Peruana	provisiona.pe	1
hostgator.com	multilibros.pe	1
SERVERCENTRAL	busservice.pe	1
UNIFIEDLAYER-AS-1	sanbenito.pe	1
lineadns.com	sbusiness.pe	1
maxcomhost.com	profrutosperu.pe	1
hostgator.com	contabia.pe	1
novelix.pe	novelix.pe	2
Akamai Connected Cloud	fertom.pe	1
hostinglabs.net	wnz.pe	1
unknown	altoqueapp.pe	1
AMAZON-02	hoodies.pe	1
net.pe	facturacionenlinea.pe	1
OVH SAS	gmrperu.pe	1
enfocussoluciones.pe	naturalmarket.pe	1
unknown	mesonhotel.pe	1
CLOUDFLARENET	cpanel.pe	1
LEASEWEB-USA-PHX	GOOGLE	2
AMAZON-02	printerplace.pe	1
inmotionhosting.com	vivasac.pe	1
inmotionhosting.com	snklab.pe	1
CLOUDFLARENET	sheva.pe	1
CLOUDFLARENET	romeroluis.pe	1
lineadns.com	tecnobol.pe	1
afraid.org	GOOGLE	3
net.pe	umbral.pe	1
AS-VULTR	GOOGLE	2
OVH SAS	lumaindustrial.pe	1
Akamai Connected Cloud	franser.pe	1
OVH SAS	enjambre.pe	1
OVH SAS	hpltransport.pe	1
AMAZON-02	cantel.pe	1
com.pe	wfholding.pe	1
CLOUDFLARENET	hawkins.pe	1
hostgator.com	allfruit.pe	1
Red Cientifica Peruana	otorrinoenlima.pe	1
planetahosting.pe	donvito.pe	1
preciso.website	sustenia.pe	1
globaltechmac.pe	globaltechmac.pe	1
AMAZON-02	skafe.pe	1
mithrilnetwork.com	GOOGLE	1
intelsrv.net	cesamo.pe	1
indexaserver.com	ZOHO-AS	1
SERVERCENTRAL	zoomdeportivo.pe	1
putinza.com	pcweek.pe	1
ab stract ltd	maileroo.com	1
Grupo Sys4net, S.l.	axxiongreenenergy.pe	1
AMAZON-02	coesi.pe	1
latinoamericahosting.com	cadaques.pe	1
CLOUDFLARENET	vicop.pe	1
SERVERCENTRAL	eventika.pe	1
AMAZON-02	bialetti.pe	1
ideasweb.us	energ.pe	1
OVH SAS	enginecar.pe	1
latinoamericahosting.com	damen.pe	1
paginawebcorporativa.com	GOOGLE	1
IS-AS-1	ocisoluciones.pe	1
SERVERCENTRAL	mundomuebles.pe	1
CLOUDFLARENET	rog.pe	1
CLOUDFLARENET	softcont.pe	1
hd-host.com	sunny.pe	1
Hetzner Online GmbH	hycgroup.pe	1
PRIVATESYSTEMS	dermotique.pe	1
AMAZON-02	YANDEX LLC	2
unknown	sachaconsulting.pe	1
hostns.io	GOOGLE	1
AMAZON-02	relux.pe	1
net.pe	triluz.pe	1
anacondaweb.com	MICROSOFT-CORP-MSN-AS-BLOCK	1
AMAZON-02	seacare.pe	1
CLOUDFLARENET	reynaldohilbck.pe	1
net.pe	fameca.pe	1
CLOUDFLARENET	radioplayer.pe	1
teixeiraduarte.pt	MICROSOFT-CORP-MSN-AS-BLOCK	1
Host Europe GmbH	metaltec.pe	1
latinoamericahosting.com	credital.pe	1
net.pe	GOOGLE-CLOUD-PLATFORM	3
Akamai Connected Cloud	asiamotor.pe	1
AMAZON-02	obsessive.pe	1
SERVERCENTRAL	inkafashion.pe	1
CLOUDFLARENET	haakaa.pe	1
A2HOSTING	qhalitech.pe	1
latinoamericahosting.com	aeroclean.pe	1
OVH SAS	comunicatumarca.pe	1
SERVERCENTRAL	cerem.pe	1
sipanserver.com	n-log.pe	1
net.pe	aerodoc.pe	1
hostingfull.cl	skokka.pe	1
websiteserverbox.com	etlp.pe	1
SOFTLAYER	fwb.pe	1
net.pe	ozinca.pe	1
planetahosting.pe	susanamorales.pe	1
Akamai Connected Cloud	MICROSOFT-CORP-MSN-AS-BLOCK	1
Red Cientifica Peruana	ernestonunez.pe	1
IS-AS-1	mamanka.pe	1
SERVERCENTRAL	signalink.pe	1
AMAZON-02	iglesiadelaciudad.pe	1
Hetzner Online GmbH	medicalresources.pe	1
SERVERCENTRAL	cso.pe	1
CLOUDFLARENET	ecobio.pe	1
DIGITALOCEAN-ASN	coled.pe	1
ninjahosting.pe	grupojaddiel.pe	1
grupopreciso.pe	grupopreciso.pe	1
SECURITYSERVICES	painsolutions.pe	1
OVH SAS	policlinicooftalmovista.pe	1
loretovirtual.com	petrolor.pe	1
Host Europe GmbH	elbatanchincha.pe	1
netgroup.cl	MICROSOFT-CORP-MSN-AS-BLOCK	1
atspace.me	condominium.pe	1
CLOUDFLARENET	lab-u.pe	1
hostgator.com	bisa-peru.pe	1
sigedu.org	eba.pe	1
planetahosting.pe	checkalo.pe	1
COLINANET S.A.	cn.pe	1
hpserverdns.com	descubrimientos.pe	1
AMAZON-02	homegallerie.pe	1
sipanserver.com	kaba.pe	1
neondns.com	itamos.pe	1
AMAZON-02	transcar.pe	1
intelsrv.net	agrodx.pe	1
Red Cientifica Peruana	malutech.pe	1
pymedns.net	beckmanlab.pe	1
Combell NV	estilos.pe	1
SERVERCENTRAL	viveroseltambo.pe	1
UNIFIEDLAYER-AS-1	pke.pe	1
Host Europe GmbH	solarinmobiliaria.pe	1
UNIFIEDLAYER-AS-1	eslimp.pe	1
Hetzner Online GmbH	radha.pe	1
hpserverdns.com	ibtech.pe	1
balsamedia.com	gobeyond.pe	1
CLOUDFLARENET	bluehost.com	2
NTHL	spanglish.pe	1
SERVERCENTRAL	petroprix.pe	1
OVH SAS	romaq.pe	1
CLOUDFLARENET	peruanito.pe	1
dnsmisitio.net	todojoyas.pe	1
SERVERCENTRAL	posicionate.pe	1
hostgator.com	carnot.pe	1
soluciones-aqp.com	kuppel.pe	1
AMAZON-02	cashinversiones.pe	1
Red Cientifica Peruana	loayza.pe	1
CLOUDFLARENET	slowdentistry.pe	1
com.mx	MICROSOFT-CORP-MSN-AS-BLOCK	1
privatednsorg.com	capriccio.pe	1
hostinglabs.net	whitestudio.pe	1
ando.pe	privatednsorg.com	1
ycrops.com	ycrops.com	2
net.pe	producto.pe	1
hpserverdns.com	quota.pe	1
PONYNET	atoq.pe	1
AMAZON-02	taiheng.pe	1
hpserverdns.com	neofitness.pe	1
AMAZON-02	proscenium.pe	1
SERVERCENTRAL	ebusiness.pe	1
markmonitor.com	abertis.com	1
latinoamericahosting.com	hsconsulting.pe	1
UNIFIEDLAYER-AS-1	acceso.pe	1
sitiosrapidos.com	AUTOMATTIC	1
net.pe	onkos.pe	1
hpserverdns.com	pocketcollector.pe	1
dnsmisitio.net	bemast.pe	1
Akamai Connected Cloud	riegosur.pe	1
CLOUDFLARENET	nube-web.com	1
slweb.cloud	softline.ru	1
unisant.pe	GOOGLE	1
hpserverdns.com	dach.pe	1
Red Cientifica Peruana	revistaconexion.pe	1
OVH SAS	altoalcrimen.pe	1
SERVERCENTRAL	derma.pe	1
wetranslate.pe	wetranslate.pe	1
SERVERCENTRAL	explorador.pe	1
com.pe	cimaingenieria.pe	1
OVH SAS	desarrollocristiano.pe	1
CLOUDFLARENET	globalmedicalcare.pe	1
SERVERCENTRAL	balanzasdigitalesperu.pe	1
Hetzner Online GmbH	technoland.pe	1
hpserverdns.com	romanticstore.pe	1
SERVERCENTRAL	constitucion.pe	1
net.pe	xanxin.pe	1
SERVERCENTRAL	gruasamerica.pe	1
servercreaweb.com	ilar.pe	1
sendinblue.com	mundototalreps.pe	1
lucushost.com	pseperu.pe	1
panelboxmanager.com	grupomobili.pe	1
guildin.com	regemax.pe	1
cloudsgi.com	immsac.pe	1
SERVERCENTRAL	bicefala.pe	1
hostedns.cl	latitudnetwork.pe	1
NL-811-40021	juventudes.pe	1
servercreaweb.com	optimas.pe	1
infovid.com	ibnet.pe	1
CLOUDFLARENET	felicidar.pe	1
Hetzner Online GmbH	edsuite.pe	1
hpserverdns.com	isantamaria.pe	1
hostgator.com	manoalzada.pe	1
SERVERCENTRAL	tarrillobarba.pe	1
CLOUDFLARENET	insource.pe	1
GOOGLE	microamerica.pe	1
game4kstar.info	retrogames.pe	1
net.pe	athma.pe	1
SERVERCENTRAL	partypacks.pe	1
OVH SAS	indsermolperu.pe	1
WI-NET TELECOM S.A.C.	blackfield.pe	1
SERVERCENTRAL	odica.pe	1
hostgator.com	1and1.es	1
AMAZON-02	limarentahome.pe	1
hostgator.com	carloscisneros.pe	1
net.pe	proteinaliquida.pe	1
SERVERCENTRAL	cobaconsulting.pe	1
PRIVATESYSTEMS	libertyhomes.pe	1
AMAZON-02	mariachis.pe	1
hostingww.com	giovannibojanini.pe	1
ORACLE-BMC-31898	AMAZON-02	1
CLOUDFLARENET	aperhu.pe	1
gbc.gmbh	uhlsport.pe	1
MICROSOFT-CORP-MSN-AS-BLOCK	SQUIXA PTY LIMITED	1
Host Europe GmbH	hmont.pe	1
CLOUDFLARENET	inkacel.pe	1
Dattatec.com	caser.pe	1
innovapalma.pe	MICROSOFT-CORP-MSN-AS-BLOCK	1
nsresponse.com	terapeutas.pe	1
raiolanetworks.es	contapyme.pe	1
SERVERCENTRAL	GOOGLE-CLOUD-PLATFORM	1
SERVERCENTRAL	kevinsalazar.pe	1
AMAZON-02	gnuff.pe	1
Red Cientifica Peruana	gstrading.pe	1
Host Europe GmbH	cip-trujillo.pe	1
A2HOSTING	appseven.pe	1
hostgator.com	recordando.pe	1
Red Cientifica Peruana	serratec.pe	1
PRIVATESYSTEMS	body.pe	1
net.pe	malaidea.pe	1
NETWORK-SOLUTIONS-HOSTING	paginaweb.pe	1
NL-811-40021	mivoto.pe	1
AMAZON-02	uniondeautores.pe	1
CLOUDFLARENET	pasatiempos.pe	1
SERVERCENTRAL	edificad.pe	1
linode.com	morrisonmusic.pe	1
AMAZON-02	insi.pe	1
Red Cientifica Peruana	grouphv.pe	1
supremepanel.com	interwall.pe	1
Red Cientifica Peruana	prestaexpress.pe	1
hostgator.com	puertadetierra.pe	1
eapps.com	MICROSOFT-CORP-MSN-AS-BLOCK	1
ipsonyc.pe	transzela.pe	1
cpia.pe	cpia.pe	1
vianex.pe	mavex.pe	1
net.pe	mudesa.pe	1
tecnoweb.net	coprelec.pe	1
Red Cientifica Peruana	bionova.pe	1
SERVERCENTRAL	pigroup.pe	1
net.pe	innovamas.pe	1
AMAZON-02	contigoseguros.pe	1
cloudhosting.uk	MICROSOFT-CORP-MSN-AS-BLOCK	3
iwantmyname.com	GOOGLE	1
supremepanel.com	fasconsulting.pe	1
SERVERCENTRAL	atryl.pe	1
bocado.pe	bocado.pe	1
AMAZON-02	gyservice.pe	1
dnsexit.com	GOOGLE	1
CLOUDFLARENET	esdigital.pe	1
Red Cientifica Peruana	geoanalysis.pe	1
PRIVATESYSTEMS	chiaway.pe	1
AMAZON-02	laboticaria.pe	1
OVH SAS	redcai.pe	1
Red Cientifica Peruana	recaudos.pe	1
NETWORK-SOLUTIONS-HOSTING	munecadetrapo.pe	1
AMAZON-02	royalalimentos.pe	1
Host Europe GmbH	mediatic.pe	1
magehost.pro	mh.pe	1
Red Cientifica Peruana	nortec.pe	1
AMAZON-02	quintal.pe	1
tudominio.pe	gruasaltes.pe	1
Red Cientifica Peruana	pdsa.pe	1
damahu.pe	damahu.pe	1
OVH SAS	rcproyectos.pe	1
enfocarteperu.com	scoreperu.pe	1
admeli.com	diecam.pe	1
UNIFIEDLAYER-AS-1	ZOHO-AS	5
SERVERCENTRAL	valsanfox.pe	1
AMAZON-02	kiva.pe	1
SERVERCENTRAL	limpito.pe	1
UNIFIEDLAYER-AS-1	uniklas.pe	1
bentonita.cl	molykote.pe	1
CLOUDFLARENET	abedulce.pe	1
SERVERCENTRAL	lacachina.pe	1
CLOUDFLARENET	vipercorp.pe	1
SERVERCENTRAL	blueconsulting.pe	1
hostgator.com	inovalab.pe	1
hostingww.com	nasal.pe	1
SERVERCENTRAL	atsumaru.pe	1
DinaHosting S.L.	owb.pe	1
DIMENOC	arquimodular.pe	1
foco74.site	GOOGLE	1
NTHL	bikesupply.pe	1
net.pe	dechini.pe	1
tecnoweb.net	torque.pe	1
tecnoweb.net	alsom.pe	1
SERVERCENTRAL	aseguratucarro.pe	1
RELIABLESITE	dermastore.pe	1
NTHL	consultoresfiscales.pe	1
LEASEWEB-USA-DAL	agreen.pe	1
qrmultimediaymarketing.com	todos.pe	1
UNIFIEDLAYER-AS-1	ingelme.pe	1
lucushost.com	cursosdeenfermeria.pe	1
hostgator.com	lsabogados.pe	1
AMAZON-02	lafemme.pe	1
SINGLEHOP-LLC	escon.pe	1
Contabo GmbH	exploraperu.pe	1
nube-web.com	gjp.pe	1
OVH SAS	jpstore.pe	1
Dattatec.com	riset.pe	1
hostgator.com	autovans.pe	1
hpserverdns.com	zentura.pe	1
corpcomhosting.com	rsinmobiliaria.pe	1
OVH SAS	abastech.pe	1
NL-811-40021	boxina.pe	1
Red Cientifica Peruana	it-tools.pe	1
mybluehost.me	anap.pe	1
UNIFIEDLAYER-AS-1	lacelestina.pe	1
Dattatec.com	seguridadglobal.pe	1
CLOUDFLARENET	emailservice.cc	1
Host Europe GmbH	ipa.pe	1
webaccountserver.com	asesorate.pe	1
dnslivehost.net	mmyt.pe	1
ilcaffe.pe	ilcaffe.pe	1
net.pe	pachaweb.pe	1
GOOGLE	inversor.pe	1
Red Cientifica Peruana	primemerch.pe	1
planetahosting.pe	brikkel.pe	1
SERVERCENTRAL	zenled.pe	1
hpserverdns.com	sobrederecho.pe	1
net.pe	analitika.pe	1
SERVERCENTRAL	asesoresrya.pe	1
SERVERCENTRAL	caudalimetro.pe	1
SERVERCENTRAL	mannuccidiesel.pe	1
Red Cientifica Peruana	arkomotors.pe	1
DFW-DATACENTER	aldana.pe	1
CLOUDFLARENET	abogadoperu.pe	1
SERVERCENTRAL	vidasalud.pe	1
Red Cientifica Peruana	ignis.pe	1
webaccountserver.com	mudama.pe	1
valteck.cl	valteck.pe	1
iia.cl	tressa.pe	1
AMAZON-02	forever21.pe	1
DIGITALOCEAN-ASN	revlima.pe	1
hostgator.com	preventus.pe	1
SERVERCENTRAL	dais.pe	1
pymedns.net	ZOHO-AS	3
tecnoweb.net	morazan.pe	1
latinoamericahosting.com	promunsac.pe	1
Xtudio Networks S.L.U.	GOOGLE	3
CLOUDFLARENET	arteprime.pe	1
SERVERCENTRAL	vinilosparapared.pe	1
PRIVATESYSTEMS	xn--porteo-0wa.pe	1
LEASEWEB-USA-DAL	ubuntuprojects.pe	1
ip-142-44-136.net	GOOGLE	1
NL-811-40021	akids.pe	1
cpanelhost.cl	prostep.pe	1
Red Cientifica Peruana	goforwarding.pe	1
hpserverdns.com	isin.pe	1
updatemarketingperu.com	mando.pe	1
Red Cientifica Peruana	medicalease.pe	1
Red Cientifica Peruana	sistemahogar.pe	1
latinoamericahosting.com	crisam.pe	1
Red Cientifica Peruana	anzen.pe	1
BIZLAND-SD	geyer-kabel.pe	1
lineadns.com	caixun.pe	1
latinoamericahosting.com	clinicfue.pe	1
hostgator.com	prevenperu.pe	1
NSONE	betkeko.pe	1
Red Cientifica Peruana	laboratorioentucasa.pe	1
Red Cientifica Peruana	qgfarma.pe	1
SECURITYSERVICES	hostedemail.com	2
CLOUDFLARENET	gabacce.pe	1
AMAZON-02	woy.pe	1
teksoluciones.com	har.pe	1
tieriun.net	carne.pe	1
net.pe	kosmetica.pe	1
hostinglabs.net	nexdor.pe	1
IONOS SE	patrimonio.pe	1
com.pe	incon.pe	1
tecnoweb.net	grupohr.pe	1
UNIFIEDLAYER-AS-1	carlosenrique.pe	1
BIZLAND-SD	aqpcapital.pe	1
SERVERCENTRAL	blackfit.pe	1
mncmedios.com	radiocalifornia.pe	1
matkosac.com	infinitybeautysalon.pe	1
OVH SAS	pressys.pe	1
dnsmisitio.net	lernex.pe	1
inmotionhosting.com	mimet.pe	1
com.pe	acrp.pe	1
CLOUDFLARENET	rci.pe	1
OVH SAS	etisperu.pe	1
hostns.io	encuestasperu.pe	1
Dattatec.com	richter.hu	1
OVH SAS	estudioforestal.pe	1
SERVERCENTRAL	iporl.pe	1
net.pe	ayong.pe	1
OVH SAS	interpex.pe	1
hostgator.com	hirka.pe	1
vmr2host.com	anaby.pe	1
clientnshosting.net	GOOGLE	1
Hetzner Online GmbH	asertiva.pe	1
qcom.it	interac.it	1
NETWORK-SOLUTIONS-HOSTING	charito.pe	1
net.pe	hlsoluciones.pe	1
CLOUDFLARENET	rderma.pe	1
extractores.cl	plasticosqb.pe	1
GOOGLE	cuartocreciente.pe	1
net.pe	mipedido.pe	1
Host Europe GmbH	pte.pe	1
Host Europe GmbH	paquetesdeviajes.pe	1
neticsoft.net	pariz.pe	1
OVH SAS	maquicorp.pe	1
AMAZON-02	micolegio.pe	1
apisnetworks.com	GOOGLE	1
Red Cientifica Peruana	reggine.pe	1
HOSTING.	europlant.pe	1
SERVERCENTRAL	adxia.pe	1
lo-tengo.pe	GOOGLE	1
NAMECHEAP-NET	divisobolsa.pe	1
SERVERCENTRAL	panash.pe	1
hpserverdns.com	nil.pe	1
pymedns.net	cwecorp.pe	1
Red Cientifica Peruana	notariafernandini.pe	1
apacheperu.info	epgposgrado.pe	1
Red Cientifica Peruana	logi.pe	1
ciclos.pe	coloriza.pe	1
3dbaremetalcloud.com	greendiamondenergy.pe	1
IS-AS-1	complex.pe	1
planetahosting.pe	panaqua.pe	1
hostinglabs.net	ciarms.pe	1
PONYNET	segurcity.pe	1
SOFTLAYER	wito.pe	1
Red Cientifica Peruana	letsgostore.pe	1
innovatiperu.com	jvs.pe	1
OVH SAS	apuestalatina.pe	1
AMAZON-02	aedificaciones.pe	1
dongee.com	ZOHO-AS	1
SERVERCENTRAL	clermont.pe	1
SERVERCENTRAL	alumnisenati.pe	1
SINGLEHOP-LLC	hydromech.pe	1
planetahosting.pe	fibermax.pe	1
CLOUDFLARENET	sanz.pe	1
mayka.pe	mayka.pe	1
searchdotcom.club	sumaqconsultoria.pe	1
latinoamericahosting.com	fudsa.pe	1
hpserverdns.com	areco.pe	1
spectramg.com	visionempresarial.pe	1
com.pe	tracklink.pe	1
OVH SAS	jumarconstructora.pe	1
UNIFIEDLAYER-AS-1	andinatextil.pe	1
ipcom GmbH	koehlergroup.com	2
IS-AS-1	recursoslegales.pe	1
triara.com	correonegocios.com	1
Red Cientifica Peruana	tamalii.pe	1
hpserverdns.com	tangible.pe	1
Red Cientifica Peruana	argacorp.pe	1
SECURITYSERVICES	bisonte.pe	1
OVH SAS	tecnol.pe	1
hpserverdns.com	advancedintl.pe	1
latinserverhost.com	jlop.pe	1
latinoamericahosting.com	translace.pe	1
Hetzner Online GmbH	corporacioncardenas.pe	1
hpserverdns.com	casavi.pe	1
LEASEWEB-USA-PHX	holms.pe	1
SERVERCENTRAL	minosol.pe	1
PRIVATESYSTEMS	facturavirtual.pe	1
DFW-DATACENTER	vigila.pe	1
fc-net.fr	GANDI SAS	1
CLOUDFLARENET	rentadigital.pe	1
netsons.net	swa.pe	1
CLOUDFLARENET	cerrodorado.pe	1
OVH SAS	odontologiadigital.pe	1
net.pe	psn.pe	1
CLOUDFLARENET	teayudo.pe	1
cyon.ch	grip.pe	1
CLOUDFLARENET	petrovoll.pe	1
latinoamericahosting.com	ZOHO-AS	1
SERVERCENTRAL	tapizones.pe	1
hostgator.com	smartprints.pe	1
SERVERCENTRAL	centix.pe	1
SERVERCENTRAL	capsim.pe	1
zoffice.io	Hetzner Online GmbH	2
hardkith.com	doctorinmueble.pe	1
floreshnos.pe	568721-017489901135-1	1
Hetzner Online GmbH	inforum.pe	1
net.pe	arpynet.digital	1
mjsolucionesperu.com	MICROSOFT-CORP-MSN-AS-BLOCK	1
Red Cientifica Peruana	dyet.pe	1
datanostrum.us	teleser.pe	1
webaccountserver.com	CLOUDFLARENET	1
Red Cientifica Peruana	bcmarketing.pe	1
RELIABLESITE	carbajalconsultores.pe	1
rvsrv.net	fullaroma.pe	1
CLOUDFLARENET	cultiva.pe	1
AMAZON-02	sigonegocios.com	3
Hetzner Online GmbH	grupoaltura.pe	1
contabo.net	AMAZON-02	1
net.pe	hm.pe	1
UNIFIEDLAYER-AS-1	yolandaroman.pe	1
gmaxserver.com	enlaceasociados.pe	1
SERVERCENTRAL	groe.pe	1
theplanet.com	MICROSOFT-CORP-MSN-AS-BLOCK	1
Xtudio Networks S.L.U.	cargolock.pe	1
latinoamericahosting.com	mastertax.pe	1
CLOUDFLARENET	sakkara.pe	1
OVH SAS	houfu.pe	1
markmonitor.com	MICROSOFT-CORP-MSN-AS-BLOCK	1
AMAZON-02	olora.pe	1
indianets.com	MICROSOFT-CORP-MSN-AS-BLOCK	1
t-conecta.com	elparamo.pe	1
AMAZON-02	lacasadelusb.pe	1
webhostinghub.com	hotelmaranoniquitos.pe	1
Host Europe GmbH	funjungle.pe	1
hostgator.com	gescon.pe	1
dnskersgam.com	makina.pe	1
CLOUDFLARENET	smashnstack.pe	1
AMAZON-02	cobaldi.pe	1
SERVERCENTRAL	baiko.pe	1
SECURITYSERVICES	gmsystem.pe	1
Red Cientifica Peruana	lerolero.pe	1
Red Cientifica Peruana	guik.pe	1
inmotionhosting.com	inkus.pe	1
INMOTION	yokohama.pe	1
Red Cientifica Peruana	dapo.pe	1
SINGLEHOP-LLC	proverdad.pe	1
Dattatec.com	lafirma.pe	1
SERVERCENTRAL	repuestosindustriales.pe	1
UNIFIEDLAYER-AS-1	fractalstudio.pe	1
jprehab.com	nutritech.pe	1
Hetzner Online GmbH	camioneschinosperu.pe	1
SERVERCENTRAL	neuromin.pe	1
CLOUDFLARENET	ciruderm.pe	1
AS-VULTR	cooperativehandmade.pe	1
SERVERCENTRAL	motoschoolperu.pe	1
dnsmisitio.net	eherrera.pe	1
Hetzner Online GmbH	bluedragon.pe	1
hrservicom.pe	hrservicom.pe	1
PRIVATESYSTEMS	dvf.pe	1
com.pe	subte.pe	1
dfhostingperu.com	grandespasos.pe	1
Host Europe GmbH	fastcapital.pe	1
edreams.com	edreams.com	1
Red Cientifica Peruana	loomstudio.pe	1
AMAZON-02	kdelicia.pe	1
NAMECHEAP-NET	lecoq.pe	1
Contabo GmbH	basketballlab.pe	1
Red Cientifica Peruana	alsmith.pe	1
tarea.pe	GOOGLE	1
SERVERCENTRAL	sacet.pe	1
Red Cientifica Peruana	noaluxe.pe	1
gservacom.com	eduhg.pe	1
net.pe	nissan-usa.com	1
SERVERCENTRAL	ceec.pe	1
latinoamericahosting.com	calikids.pe	1
PRIVATESYSTEMS	junuy.pe	1
CLOUDFLARENET	Safenames Ltd.	1
cityhosting.me	josmar.pe	1
SERVERCENTRAL	royalcaribbean.pe	1
SERVERCENTRAL	camarasdeseguridadlima.pe	1
PRIVATESYSTEMS	togo-shop.pe	1
hostgator.com	c6v.pe	1
hpserverdns.com	afd.pe	1
SERVERCENTRAL	maquillajepermanente.pe	1
CLOUDFLARENET	toxicstate.pe	1
MICROSOFT-CORP-MSN-AS-BLOCK	pphosted.com	2
Red Cientifica Peruana	aspash.pe	1
SERVERCENTRAL	oits.pe	1
hostgator.com	richsports.pe	1
Red Cientifica Peruana	quantumti.pe	1
net.pe	jabones.pe	1
rapihosting.com	ingemant.pe	1
net.pe	activalor.pe	1
lineadns.com	gastroparts.pe	1
IS-AS-1	stellainmobiliaria.pe	1
CLOUDFLARENET	zonadolar.pe	1
net.pe	centralperu.pe	1
AMAZON-02	conexionvida.pe	1
SERVERCENTRAL	impulsocontable.pe	1
SERVERCENTRAL	roommates.pe	1
Red Cientifica Peruana	sanadespensa.pe	1
Red Cientifica Peruana	macepima.pe	1
Red Cientifica Peruana	clpartners.pe	1
AMAZON-02	smtpdaemon.net	2
dominio-y-hosting.com	CLOUDFLARENET	2
Akamai Connected Cloud	asociacionsanfrancisco.pe	1
hpserverdns.com	menworking.pe	1
filin.pe	filin.pe	1
latinoamericahosting.com	g-logistics.pe	1
inmotionhosting.com	tutecho.pe	1
cdmon.net	ocaglobal.pe	1
CLOUDFLARENET	industec.pe	1
chosting.dk	jep.pe	1
CLOUDFLARENET	sion.pe	1
SERVERCENTRAL	bahiaradio.pe	1
CLOUDFLARENET	ingemar.pe	1
darmasa.com	notariarosaliamejia.pe	1
beetux.com	beetux.com	2
sipanserver.com	mybag.pe	1
IS-AS-1	skincare.pe	1
AMAZON-02	hormix.pe	1
manifestodns.com	grido.pe	1
Red Cientifica Peruana	cyberlab.pe	1
hpserverdns.com	retailcorp.pe	1
SERVERCENTRAL	centroespanolperu.pe	1
NTHL	jyminmobiliaria.pe	1
inmotionhosting.com	blaze.pe	1
juaat.com	nubarquitectura.pe	1
SECURITYSERVICES	activia.pe	1
linuxhost.cl	GOOGLE	1
acens Technologies, S.L.	lactovit.pe	1
NL-811-40021	goconta.pe	1
hpserverdns.com	jmlconsultores.pe	1
OVH SAS	Proton AG	1
theservercluster.com	MICROSOFT-CORP-MSN-AS-BLOCK	1
SERVERCENTRAL	ariahome.pe	1
SERVERCENTRAL	inaem.pe	1
AMAZON-02	cma.pe	1
hostinglabs.net	matteosalvatore.pe	1
winhost.com	MICROSOFT-CORP-MSN-AS-BLOCK	1
CLOUDFLARENET	ossac.pe	1
Akamai Connected Cloud	pampum.pe	1
SERVERCENTRAL	innovaconecta.pe	1
LEASEWEB-USA-DAL	telsco.pe	1
PONYNET	analytiq.pe	1
net.pe	servimall.pe	1
rfanyc.com	SQUIXA PTY LIMITED	1
yapehosting.com	marcelinos.pe	1
rackspace.com	orkin.pe	1
net.pe	edalab.pe	1
host-n-web.com	emkt.pe	1
OVH SAS	CLOUDFLARENET	2
SOFTLAYER	ayci.pe	1
SERVERCENTRAL	maxfrio.pe	1
tld.pl	eurokadra.pe	1
somostuhosting.com	funerarialamolina.pe	1
lrcomputer.cl	optimizaperu.pe	1
hostgator.com	cropin.pe	1
Red Cientifica Peruana	radio365ptt.pe	1
NETWORK-SOLUTIONS-HOSTING	certificadodesaludmentalparatramitesnotariales.pe	1
Red Cientifica Peruana	digiand.pe	1
dnsmisitio.net	solusmart.pe	1
pmediaserver.net	vocatio.pe	1
CLOUDFLARENET	diariocentral.pe	1
hpserverdns.com	yupanqui.pe	1
hpserverdns.com	caminofilms.pe	1
CLOUDFLARENET	fluyezcambios.pe	1
NTHL	impactocomercial.pe	1
AMAZON-02	cztools.pe	1
net.pe	interactiva.pe	1
contabo.net	evolutiva.pe	1
Combell NV	acceltech.pe	1
DIMENOC	chee.pe	1
AMAZON-02	gamegarage.pe	1
todosdns.com	GOOGLE	1
RELIABLESITE	axioma.pe	1
com.pe	techym.pe	1
sys4peru.com	GOOGLE	1
DIMENOC	af-creative.pe	1
CLOUDFLARENET	freehostia.com	2
hpserverdns.com	medicinacannabica.pe	1
lineadns.com	planetdigital.pe	1
servidorglobal.com	CLOUDFLARENET	2
Akamai Connected Cloud	interaktiva.pe	1
peru-web.info	dpsi.pe	1
IOFLOOD	vaho.pe	1
Hetzner Online GmbH	almar.pe	1
bransgo.com	summotors.pe	1
DFW-DATACENTER	NAMECHEAP-NET	1
OVH SAS	frutoverde.pe	1
CLOUDFLARENET	motoreflex.pe	1
hpserverdns.com	auroracoworking.pe	1
DIMENOC	terran.pe	1
SERVERCENTRAL	prizmadrones.pe	1
hpserverdns.com	tipnetworks.pe	1
supremepanel.com	asori.pe	1
AMAZON-02	mitimba.pe	1
AUTOMATTIC	GO-DADDY-COM-LLC	2
CLOUDFLARENET	mideas.pe	1
planetahosting.pe	castino.pe	1
planetahosting.pe	cybersoft.pe	1
NETWORK-SOLUTIONS-HOSTING	lavinateria.pe	1
lineadns.com	polystar.pe	1
OVH SAS	tacsa.pe	1
AMAZON-02	jrexpress.pe	1
perunova.org	asm.pe	1
OVH SAS	happytours.pe	1
Red Cientifica Peruana	epe.pe	1
servicehostperu2.com	sofiflor.pe	1
Combell NV	teleflores.pe	1
SECURITYSERVICES	fetalcenter.pe	1
OVH SAS	clsac.pe	1
indexaserver.com	CLOUDFLARENET	2
AS-30083-US-VELIA-NET	fqctop.pe	1
lineadigital.net	lineadigital.pe	1
SERVERCENTRAL	privent.pe	1
Red Cientifica Peruana	amtsa.pe	1
CLOUDFLARENET	negoweb.pe	1
net.pe	doctorperu.pe	1
OVH SAS	fervam.pe	1
yourhostingaccount.com	Hetzner Online GmbH	1
CLOUDFLARENET	jclopez.pe	1
somostuhosting.com	repatriacionesperu.pe	1
NETWORK-SOLUTIONS-HOSTING	vibrasexshop.pe	1
espacioveloz.com	pghi.pe	1
register.eu	mailprotect.be	1
AMAZON-02	evaluate.pe	1
SECURITYSERVICES	incorpp.pe	1
SERVERCENTRAL	finantic.pe	1
PRIVATESYSTEMS	manospiuranas.pe	1
SERVERCENTRAL	poexp.pe	1
UNIFIEDLAYER-AS-1	bmconsultores.pe	1
OVH SAS	ies360.pe	1
SERVERCENTRAL	senlin.pe	1
AMAZON-02	icloud.pe	1
OVH SAS	intermat.pe	1
net.pe	petfashion.pe	1
UNIFIEDLAYER-AS-1	terraconsult.pe	1
SERVERCENTRAL	nextconcerts.pe	1
lobocom.es	lobocom.es	3
Host Europe GmbH	Cloudflare London, LLC	2
ciclos.pe	luxe.pe	1
SERVERCENTRAL	chama.pe	1
SERVERCENTRAL	vitalysis.pe	1
Dattatec.com	188.66	1
nsresponse.com	verify.pe	1
Host Europe GmbH	hostedemail.com	2
hostgator.com	jorgesalazar.pe	1
CLOUDFLARENET	clinicalosangeles.pe	1
DIMENOC	coap.pe	1
SERVERCENTRAL	lanacional.pe	1
Hetzner Online GmbH	camitek.pe	1
hostgator.com	luisrodriguez.pe	1
itserverdns.com	zoomstore.pe	1
Red Cientifica Peruana	arturoayala.pe	1
ICDSoft Ltd.	convexia.pe	1
AMAZON-02	dolifac.pe	1
hpserverdns.com	librosperuanos.pe	1
correosmype.com	totalprojects.pe	1
OVH SAS	verabell.pe	1
sixmanager.cl	GOOGLE	1
SERVERCENTRAL	costadelsur.pe	1
AMAZON-02	cerebrando.pe	1
SERVERCENTRAL	colibri.pe	1
inmotionhosting.com	segundomuelle.pe	1
dnsmisitio.net	eduu.pe	1
hostinglabs.net	smartgrupo.pe	1
CLOUDFLARENET	placeres.pe	1
CLOUDFLARENET	unilabs.pe	1
9i-misdns.com	scanpay.pe	1
publimail.us	GOOGLE	1
Red Cientifica Peruana	lummy.pe	1
SERVERCENTRAL	kanner.pe	1
DFW-DATACENTER	cofiso.pe	1
markmonitor.com	pphosted.com	1
coolhandle.com	botanicals.pe	1
OVH SAS	geotechnics.pe	1
hostinglabs.net	megacapital.pe	1
tmcreativos.com	hermesenergy.pe	1
SERVERCENTRAL	costamar.pe	1
hostgator.com	oneshot.pe	1
hpserverdns.com	mundologistico.pe	1
gestion-ti.com	gestion-it.pe	1
unknown	miefectivo.pe	1
Red Cientifica Peruana	irea.pe	1
hoogmawebdesign.com	linqhost.net	1
solucioneswebperu.com	vmv.pe	1
AMAZON-02	laroka.pe	1
hostinglabs.net	dosisstudio.pe	1
Hetzner Online GmbH	inversionesmilenium.pe	1
SERVERCENTRAL	alomarket.pe	1
RELIABLESITE	tide.pe	1
sipanserver.com	grupoquispe.pe	1
DFW-DATACENTER	tvt.pe	1
Red Cientifica Peruana	mccs.pe	1
SERVERCENTRAL	siem.pe	1
Host Europe GmbH	contadoresonline.pe	1
swisspac.pt	swisspac.pe	1
CLOUDFLARENET	nikofac.pe	1
inmotionhosting.com	301.pe	1
cdmon.net	eadic.pe	1
Red Cientifica Peruana	jcpds.pe	1
awardspace.com	villasanta.pe	1
Red Cientifica Peruana	plusmedia.pe	1
hostinglabs.net	omg.pe	1
DFW-DATACENTER	inkasa.pe	1
Red Cientifica Peruana	grupobalboa.pe	1
SERVERCENTRAL	clinicasantodomingo.pe	1
cloudnsplus.com	grupoinnova.pe	1
NETWORK-SOLUTIONS-HOSTING	fiberperu.pe	1
Dattatec.com	big.pe	1
snmpe-dns.com	simposio.pe	1
euromangueras.pe	euromangueras.pe	1
ingeniusnet.com	rodriguezdesign.pe	1
PRIVATESYSTEMS	dermavance.pe	1
SERVERCENTRAL	od2.pe	1
AMAZON-02	infante.pe	1
datoshosting.com	ZOHO-AS	1
NL-811-40021	persialux.pe	1
AMAZON-02	cbmmusic.pe	1
Contabo GmbH	globalimports.pe	1
Red Cientifica Peruana	global3000.pe	1
hn.pe	airmatic.pe	1
hostgator.com	truckmin.pe	1
asafactory.com	grupodinsa.pe	1
AMAZON-02	disal.pe	1
SERVERCENTRAL	brandify.pe	1
nethostingperu.com	GOOGLE	1
posteo-dns.de	posteo.de	1
Hetzner Online GmbH	hexadata.pe	1
hostgator.com	cozyhome.pe	1
Akamai Connected Cloud	mazomayo.pe	1
Red Cientifica Peruana	bina.pe	1
UNIFIEDLAYER-AS-1	blindat.pe	1
SERVERCENTRAL	grassnatural.pe	1
alphauxi.com	314.pe	1
hostgator.com	danielolivares.pe	1
PRIVATESYSTEMS	mainland.pe	1
hpserverdns.com	fortes.pe	1
elpuntoweb.net	MICROSOFT-CORP-MSN-AS-BLOCK	1
net.pe	redecs.pe	1
net.pe	servilab.pe	1
hostgator.com	iberotaxi.pe	1
pymedns.net	enco.pe	1
Dattatec.com	armcomputer.pe	1
inmotionhosting.com	audioplay.pe	1
INMOTION	otrllanta.pe	1
blumhost.net	sunnies.pe	1
hostgator.com	agenciawild.pe	1
CLOUDFLARENET	fusemetrix.com	1
hpserverdns.com	seniorgroup.pe	1
OVH SAS	mandril.pe	1
planetahosting.pe	olpasa.pe	1
Red Cientifica Peruana	barlum.pe	1
Red Cientifica Peruana	buda.pe	1
SERVERCENTRAL	giro.pe	1
waytec.pe	waytec.pe	1
CLOUDFLARENET	prediccionesdefutbol.pe	1
hpserverdns.com	metalsurperu.pe	1
inmotionhosting.com	chasquido.pe	1
DFW-DATACENTER	fluidcon.pe	1
PRIVATESYSTEMS	rapitech.pe	1
net.pe	inspectra.pe	1
CLOUDFLARENET	cabinasdepintura.pe	1
portalauranet.cl	GOOGLE	1
SERVERCENTRAL	gmsolutions.pe	1
latinoamericahosting.com	saludnova.pe	1
TIER-NET	rri.pe	1
DIMENOC	espacioverde.pe	1
net.pe	amanecer.pe	1
AMAZON-02	frave.pe	1
sipanserver.com	italosparrilladas.pe	1
AMAZON-02	mihorizonte.pe	1
CLOUDFLARENET	g-solutions.pe	1
CLOUDFLARENET	lari.pe	1
Dattatec.com	studio7.pe	1
Red Cientifica Peruana	kyr.pe	1
SERVERCENTRAL	productosquimicos.pe	1
AMAZON-02	pazaco.pe	1
PRIVATESYSTEMS	tps.pe	1
unknown	rivercom.pe	1
SERVERCENTRAL	mesco.pe	1
quicns.cloud	recetasperuanas.pe	1
ezhostperu.com	globalopportunities.pe	1
Dattatec.com	turtle.pe	1
ultahost.com	scs.pe	1
INMOTION	industrialelsol.pe	1
Red Cientifica Peruana	5jotas.pe	1
sislogic.pe	pitahaya.pe	1
Cloudi Nextgen Sl	arconsulting.pe	1
SERVERCENTRAL	northbayou.pe	1
slzsrv1.com	peruviana.pe	1
SERVERCENTRAL	proserlim.pe	1
planetahosting.pe	harekrishna.pe	1
IOFLOOD	dosruedas.pe	1
SERVERCENTRAL	rfid.pe	1
AMAZON-02	vaporiza.pe	1
Xtudio Networks S.L.U.	fresac.pe	1
latinoamericahosting.com	vsgc.pe	1
OVH SAS	prosperidad.pe	1
Combell NV	sumaqperu.pe	1
tecnoweb.net	montecristo.pe	1
AMAZON-02	ampersan.pe	1
noc84.com	andeanpartnerfood.pe	1
intelecto.pe	decotab.pe	1
sqr.cloud	MICROSOFT-CORP-MSN-AS-BLOCK	1
SERVERCENTRAL	godigital.pe	1
Contabo GmbH	afle.pe	1
Red Cientifica Peruana	mavic.pe	1
supdns.net	hostname.pe	1
hostinglabs.net	tripled.pe	1
apacheperuhosting.info	durika.pe	1
AMAZON-02	yates.pe	1
SERVERCENTRAL	silval.pe	1
Dattatec.com	enjoycity.pe	1
PRIVATESYSTEMS	factsys.pe	1
hostgator.com	jgabogados.pe	1
cdmon.net	inverca.pe	1
ORACLE-BMC-31898	tunegocioenlaweb.pe	1
SERVERCENTRAL	implementa3d.pe	1
AMAZON-02	jitcustoms.pe	1
net.pe	com.mx	1
CLOUDFLARENET	delhel.pe	1
AMAZON-02	babaforex.pe	1
UNIFIEDLAYER-AS-1	sostenibilidadempresarial.pe	1
PRIVATESYSTEMS	kiswar.pe	1
multicomphost.net	spk.pe	1
CLOUDFLARENET	lacasadelcontenedor.pe	1
aunclicperu.com	letrachica.pe	1
AMAZON-02	lapetaca.pe	1
vdo-peru.us	winestore.pe	1
AMAZON-02	albatrosservices.pe	1
DFW-DATACENTER	kaitek.pe	1
QUIC-CLOUD	ZOHO-AS	1
Host Europe GmbH	aesperformance.pe	1
SERVERCENTRAL	advictoriam.pe	1
CLOUDFLARENET	grandia.pe	1
Akamai Connected Cloud	mavizen.pe	1
AMAZON-02	solucioncontable.pe	1
Red Cientifica Peruana	lacsac.pe	1
Combell NV	samedica.pe	1
hosting.pe	simonetta.pe	1
CLOUDFLARENET	pancho.pe	1
dnsmisitio.net	alimentosbeltran.pe	1
robertovecco.com	humanista.pe	1
Contabo GmbH	puntocom.pe	1
Red Cientifica Peruana	sanmarcos.pe	1
PRIVATESYSTEMS	molitours.pe	1
SECURITYSERVICES	modulhaus.pe	1
SERVERCENTRAL	oecelperu.pe	1
SERVERCENTRAL	peyito.pe	1
NL-811-40021	gvmj.pe	1
Red Cientifica Peruana	AMAZON-02	1
IOFLOOD	poyeros.pe	1
NETWORK-SOLUTIONS-HOSTING	decoarq.pe	1
NUCDN	OVH SAS	2
seisystemperu.com	grupourbaniza.pe	1
CLOUDFLARENET	uz.pe	1
latinoamericahosting.com	citechsolutions.pe	1
e-digitalhosting.net	talentoplus.pe	1
isuredid.com	elmejorservidor.pe	1
AMAZON-02	babafx.pe	1
SERVERSTACK-ASN	legalporn.pe	1
supplycorp.pe	supplycorp.pe	1
UNIFIEDLAYER-AS-1	seguridadtonyea.pe	1
SERVERCENTRAL	innovasistemas.pe	1
CLOUDFLARENET	rackstv.pe	1
net.pe	fortaleza.pe	1
RELIABLESITE	tesisperu.pe	1
Hydra Communications Ltd	adrianalfaro.pe	1
SERVERCENTRAL	ulanzi.pe	1
Dattatec.com	cl-tiitreporteecvisor-reportecertificadodescarga.pe	1
SERVERCENTRAL	factorus.pe	1
SECURITYSERVICES	yahoodns.net	1
CLOUDFLARENET	industriasislas.pe	1
datoshosting.com	pdandina.pe	1
Red Cientifica Peruana	zarem.pe	1
Red Cientifica Peruana	securus.pe	1
SERVERCENTRAL	activasac.pe	1
SERVERCENTRAL	diariolaopinion.pe	1
AMAZON-02	markmonitor.com	1
AMAZON-02	aerodelta.pe	1
CLOUDFLARENET	skincenter.pe	1
SERVERCENTRAL	canastasnavidenas.pe	1
Cloud DNS Ltd	conectasalud.pe	1
AMAZON-02	metalfab.pe	1
SERVERCENTRAL	dowitt.pe	1
contabo.net	clinicasantamaria.pe	1
IOFLOOD	grd.pe	1
codefy.pe	codefy.pe	1
CLOUDFLARENET	signium.pe	1
CLOUDFLARENET	farmaciasanpedro.pe	1
wsperu.info	bnb.pe	1
nominalia.com	abaigroup.pe	1
servidorlinux8.com	GOOGLE	1
OVH SAS	andespride.pe	1
Contabo GmbH	defcon.pe	1
SERVERSTACK-ASN	xnxx.pe	1
supremepanel.com	vendoauto.pe	1
AMAZON-02	grupotextil.pe	1
AMAZON-02	tdctek.pe	1
IS-AS-1	kaleidoscopio.pe	1
CLOUDFLARENET	gameover.pe	1
Cloud DNS Ltd	valkiria.pe	1
unknown	comisa.pe	1
webland.se	MICROSOFT-CORP-MSN-AS-BLOCK	1
net.pe	gbspro.pe	1
Red Cientifica Peruana	constructor.pe	1
Red Cientifica Peruana	hazve.pe	1
AMAZON-02	remaxsmart.pe	1
sipanserver.com	sanmiguel.pe	1
acens Technologies, S.L.	atrys.pe	1
AMAZON-02	vivamoda.pe	1
AMAZON-02	ms24.pe	1
Red Cientifica Peruana	marconsult.pe	1
paradiseima.com	privatednsorg.com	1
Red Cientifica Peruana	asociacionenlacesolidario.pe	1
PONYNET	kantu.pe	1
tecnoweb.net	quadratura.pe	1
SERVERCENTRAL	aje.pe	1
CLOUDFLARENET	islabonita.pe	1
SINGLEHOP-LLC	radiolitoral.pe	1
auroradns.eu	pcextreme.nl	1
hispalisdns.com	ekklesia.pe	1
Red Cientifica Peruana	maximtechnology.pe	1
GRUPO ZGH SPA	upsidedown.pe	1
net.pe	motorcapital.pe	1
latinoamericahosting.com	brayfer.pe	1
AMAZON-02	sinronquidos.pe	1
SERVERCENTRAL	medium.pe	1
hpserverdns.com	chak.pe	1
net.pe	grupocorban.pe	1
eliteplayer.co	GOOGLE	1
DinaHosting S.L.	movistaronline.pe	1
SERVERCENTRAL	mamaq.pe	1
IOFLOOD	acnur.pe	1
Dattatec.com	worldworkers.pe	1
SERVERCENTRAL	theblackdot.pe	1
SERVERCENTRAL	biohazard.pe	1
GOOGLE	sharesolutions.pe	1
AMAZON-02	decristo.pe	1
SERVERCENTRAL	vigutt.pe	1
CLOUDFLARENET	pcl.pe	1
CLOUDFLARENET	fravel.pe	1
AMAZON-02	decoideas.pe	1
OVH SAS	lcm.pe	1
NEXCESS-NET	vivace.pe	1
accuwebhosting.com	jcco.pe	1
Hetzner Online GmbH	romerogroup.pe	1
ecologic-peru.com	auga.pe	1
AMAZON-02	acetperu.pe	1
OVH SAS	maps.pe	1
net.pe	roomstudio.pe	1
GANDI SAS	patek-philippe.pe	1
PRIVATESYSTEMS	aliqora.pe	1
e-digitalhosting.net	vipo.pe	1
sistemasperuweb.com	CLOUDFLARENET	1
OVH SAS	shindaiwa.pe	1
sys4peru.com	MICROSOFT-CORP-MSN-AS-BLOCK	1
AMAZON-02	aviasales.pe	1
rastreogpsperu.com	naturalsurfaces.pe	1
Red Cientifica Peruana	calident.pe	1
induquimica.cloud	vel.pe	1
AMAZON-02	expresswifi.pe	1
pluxhost.com	raulflores.pe	1
pymedns.net	sergenco.pe	1
CLOUDFLARENET	miconcar.pe	1
hpserverdns.com	evoluzione.pe	1
Red Cientifica Peruana	evacourier.pe	1
bitmediastudio.com	creala.pe	1
INMOTION	neumatico.pe	1
latinoamericahosting.com	fragga.pe	1
Combell NV	signature.pe	1
SSASN2	ofiventas.pe	1
SERVERCENTRAL	repuestodo.pe	1
AMAZON-02	photeastore.pe	1
linode.com	fivestardailyprotection.pe	1
OVH SAS	taleinmobiliaria.pe	1
unknown	fibrandes.pe	1
4dns.xyz	puroteatro.pe	1
Red Cientifica Peruana	transportesollantay.pe	1
CLOUDFLARENET	supermall.pe	1
AMAZON-02	gestisol.pe	1
SERVERCENTRAL	cachorrosperu.pe	1
AMAZON-02	kongcompany.pe	1
dnsprotect.com	soleduc.pe	1
AMAZON-02	qallpa.pe	1
SERVERCENTRAL	yge.pe	1
CLOUDFLARENET	miro.pe	1
lineadns.com	mhabogados.pe	1
ipcom GmbH	havanaclub.pe	1
AMAZON-02	visualizalo.pe	1
SECURITYSERVICES	fnac.pe	1
server.plus	GOOGLE	1
CLOUDFLARENET	miramed.pe	1
EPIK-LLC	Proton AG	2
NETWORK-SOLUTIONS-HOSTING	jais.pe	1
Red Cientifica Peruana	goldensourcing.pe	1
allytech.com	sirexmedica.pe	1
NL-811-40021	artdigital.pe	1
OVH SAS	arbolvitae.pe	1
planetahosting.pe	mardany.pe	1
Dattatec.com	oteci.pe	1
PRIVATESYSTEMS	abanoservicios.pe	1
CLOUDFLARENET	nss.ee	1
net.pe	tru.pe	1
net.pe	prodec.pe	1
latinoamericahosting.com	healthyme.pe	1
CLOUDFLARENET	fullstack.pe	1
CLOUDFLARENET	imobile.pe	1
DFW-DATACENTER	classmoving.pe	1
LEASEWEB-USA-WDC	interglos.pe	1
CLOUDFLARENET	rulos.pe	1
SERVERCENTRAL	housemuebles.pe	1
SERVERCENTRAL	libertyinmobiliaria.pe	1
SERVERCENTRAL	motoquad.pe	1
CLOUDFLARENET	valledelsol.pe	1
com.br	arseletronica.pe	1
pymeperu.com	diginex.pe	1
Dattatec.com	larsen.pe	1
AMAZON-02	inbet.pe	1
latinoamericahosting.com	casdel.pe	1
OVH SAS	a51security.pe	1
ordipat.fr	GOOGLE	1
Red Cientifica Peruana	servial.pe	1
PRIVATESYSTEMS	drteo.pe	1
optmedia.digital	GOOGLE	1
OVH SAS	lostulipanes.pe	1
gmsis.org	netperu.pe	1
GOOGLE	aurea.pe	1
WII	ZOHO-AS	1
Red Cientifica Peruana	accesodirecto.pe	1
net.pe	eurologistica.pe	1
centerdataperu.com	ZOHO-AS	1
Red Cientifica Peruana	support247.pe	1
com.pe	healthone.pe	1
sitiodns.net	chinacontainer.pe	1
Dattatec.com	intelogis.pe	1
hostgator.com	promocionesvolkswagen.pe	1
IOFLOOD	earthenergy.pe	1
ehostingperu.net	babyspa.pe	1
SERVERCENTRAL	asesomin.pe	1
NETWORK-SOLUTIONS-HOSTING	milk.pe	1
net.pe	aris.pe	1
net.pe	safiro.pe	1
hostgator.com	RACKSPACE	1
servercreaweb.com	avender.pe	1
SERVERCENTRAL	iotechnology.pe	1
Xtudio Networks S.L.U.	ifys.pe	1
hpserverdns.com	converge.pe	1
Dattatec.com	docufact.pe	1
AMAZON-02	jbrand.pe	1
cainsa.cl	MICROSOFT-CORP-MSN-AS-BLOCK	1
hexonet.net	MICROSOFT-CORP-MSN-AS-BLOCK	1
PRIVATESYSTEMS	globaltel.pe	1
Red Cientifica Peruana	selfie.pe	1
hpserverdns.com	yourpet.pe	1
AMAZON-02	positiveliving.pe	1
CLOUDFLARENET	neru.pe	1
net.pe	ldr.pe	1
hostgator.com	aquaozone.pe	1
SERVERCENTRAL	vgperu.pe	1
CLOUDFLARENET	servigen.pe	1
Xtudio Networks S.L.U.	calculadoraupao.pe	1
inkahosti.com	inproseal.pe	1
fornex.com	wecatalogo.pe	1
Combell NV	interpretes.pe	1
ciclos.pe	vertices.pe	1
OVH SAS	tiendagold.pe	1
LEASEWEB-USA-PHX	adcsac.pe	1
OVH SAS	perutrading.pe	1
Hetzner Online GmbH	coinmax.pe	1
dartof.net	calderomagico.pe	1
com.pe	oncloud.pe	1
Combell NV	buscandomimascota.pe	1
Combell NV	km18.pe	1
contabo.net	dubois.pe	1
Host Europe GmbH	omegalogistica.pe	1
sotecha.com	multimercado.pe	1
Hetzner Online GmbH	maki.pe	1
hostgator.com	artstudio.pe	1
AMAZON-02	com.au	1
Red Cientifica Peruana	genecode.pe	1
Contabo GmbH	srs.pe	1
SERVERCENTRAL	autodiagnostico.pe	1
net.pe	cuseg.pe	1
institutowong.pe	institutowong.pe	1
SERVERCENTRAL	modatex.pe	1
supremepanel.com	nacionale.pe	1
CLOUDFLARENET	terracapital.pe	1
Red Cientifica Peruana	yng.pe	1
hostgator.com	invitaperu.pe	1
speedydns.net	sapolio.pe	1
n1awscloud.com	colegio.pe	1
artwebsystem.com	carroceriasmetalicas.pe	1
NETWORK-SOLUTIONS-HOSTING	topkids.pe	1
AMAZON-02	lapcomputer.pe	1
OVH SAS	emoq.pe	1
DFW-DATACENTER	agenciadigital.pe	1
latinoamericahosting.com	togo.pe	1
UNIFIEDLAYER-AS-1	oi2.pe	1
CLOUDFLARENET	seprocal.pe	1
CLOUDFLARENET	bassika.pe	1
net.pe	d9.pe	1
DFW-DATACENTER	powerthon.pe	1
OVH SAS	select360.pe	1
CLOUDFLARENET	like.pe	1
Host Europe GmbH	bonosagrarios.pe	1
SINGLEHOP-LLC	yahoodns.net	2
dnsmisitio.net	fremat.pe	1
OVH SAS	carolinafm.pe	1
hostuj.to	fitmin.cz	1
Red Cientifica Peruana	arkadit.pe	1
NSONE	Fastmail Pty Ltd	1
LEASEWEB-USA-DAL	ols.pe	1
CLOUDFLARENET	culli.pe	1
hostinglabs.net	om360.pe	1
CLOUDFLARENET	ase.pe	1
dongee.com	edukate.pe	1
SERVERCENTRAL	eterra.pe	1
planetahosting.pe	elink.pe	1
SERVERCENTRAL	tahuantinsuyu.pe	1
IOFLOOD	jbnl.pe	1
Hetzner Online GmbH	atm.pe	1
CLOUDFLARENET	sainic.pe	1
pymedns.net	kunay.pe	1
hostgator.com	excetel.pe	1
NOCPERU-LATIN TECHNOLOGIES	barbaras.pe	1
HVC-AS	neoteck.pe	1
Red Cientifica Peruana	dn.pe	1
Red Cientifica Peruana	navega.pe	1
dnchosting.com	telesto.pe	1
AMAZON-02	robotshop.pe	1
net.pe	mezafoods.pe	1
Red Cientifica Peruana	owi.pe	1
net.pe	naruto.pe	1
DIMENOC	artsoluciones.pe	1
net.pe	ubitel.pe	1
Dattatec.com	auraconsultores.pe	1
net.pe	slime.pe	1
dnsmisitio.net	hotellacasona.pe	1
hmycia.com	AMAZON-02	1
hpserverdns.com	lmptravel.pe	1
AMAZON-02	atech.pe	1
CLOUDFLARENET	investimenti.pe	1
Host Europe GmbH	YANDEX LLC	1
coolhandle.com	allmusic.pe	1
ORACLE-BMC-31898	sistemaventas.pe	1
SERVERCENTRAL	telasparacortinas.pe	1
OVH SAS	elysian.pe	1
UNIFIEDLAYER-AS-1	peruradios.pe	1
AMAZON-02	olcar.pe	1
AS-30083-US-VELIA-NET	naciondigital.pe	1
dnsmisitio.net	panalza.pe	1
uni.pe	GOOGLE	1
Hetzner Online GmbH	comwifi.pe	1
CLOUDFLARENET	trx.pe	1
LEASEWEB-USA-WDC	vat.pe	1
CLOUDFLARENET	euroluxparts.pe	1
checkdomain.de	rudolf-group.pe	1
SERVERCENTRAL	teenlife.pe	1
hostgator.com	blindados.pe	1
CLOUDFLARENET	amfperu.pe	1
OVH SAS	baumgartner.pe	1
SERVERCENTRAL	torrontegui.pe	1
net.pe	plugin.pe	1
boxsecured.com	audifonosparasordera.pe	1
Dattatec.com	marketingss.pe	1
hpserverdns.com	inhouse.pe	1
admeli.com	servitecpiura.pe	1
PRIVATESYSTEMS	optimafilms.pe	1
net.pe	simoc.pe	1
zizehost.com	GOOGLE	1
world4you.at	APPLE-ENGINEERING	1
mihost.com	superclub.pe	1
Hetzner Online GmbH	opra.pe	1
UNIFIEDLAYER-AS-1	apaes.pe	1
nube-web.com	esaam.pe	1
AMAZON-02	srvservices.pe	1
GOOGLE	com.co	1
resortlosangelesdelvalle.com	realidadvirtual.pe	1
CLOUDFLARENET	amsoftware.pe	1
nmugroup.com	nmugroup.com	1
edwebperu.com	csn.pe	1
Red Cientifica Peruana	ilds.pe	1
hostinglabs.net	fitfx.pe	1
SERVERCENTRAL	hca.pe	1
com.pe	sercoint.pe	1
globvill.de	ringspann.de	1
planetahosting.pe	oxytal.pe	1
net.pe	primeseguridad.pe	1
com.pe	blogideas.pe	1
avantic-host.com	avantic.pe	1
SERVERCENTRAL	maqtech.pe	1
pymedns.net	romychang.pe	1
tecnoweb.net	mi-ip.pe	1
nubesap.net	GOOGLE	1
CLOUDFLARENET	activarte.pe	1
hpserverdns.com	spaziostudio.pe	1
IOFLOOD	amper.pe	1
hostinglabs.net	andainmobiliaria.pe	1
com.pe	medic-logistic.pe	1
OVH SAS	nutricon.pe	1
Hetzner Online GmbH	planetaludico.pe	1
hostgator.com	qfoods.pe	1
SERVERCENTRAL	lazonamarket.pe	1
IS-AS-1	activeholistic.pe	1
CLOUDFLARENET	soluzionigroup.pe	1
CLOUDFLARENET	saint-germain.pe	1
codebel.pe	cuatrotorres.pe	1
Akamai Connected Cloud	wordcom.pe	1
UNIFIEDLAYER-AS-1	escaparate.pe	1
Red Cientifica Peruana	inmomkt.pe	1
UNIFIEDLAYER-AS-1	accountservergroup.com	3
TIER-NET	cronicadeportiva.pe	1
SHOCK-1	aventyr.pe	1
Red Cientifica Peruana	htglobal.pe	1
Host Europe GmbH	konecta.pe	1
Red Cientifica Peruana	isc.pe	1
freehosting.com	freehosting.com	1
lineadns.com	incasart.pe	1
pymedns.net	miraalto.pe	1
AMAZON-02	hasam.pe	1
Akamai Connected Cloud	cssn.pe	1
NETWORK-SOLUTIONS-HOSTING	vico.pe	1
akmus.com	floatingsolutions.pe	1
latinoamericahosting.com	aprstore.pe	1
Red Cientifica Peruana	deymi.pe	1
openserverdns.com	animalisa.pe	1
Red Cientifica Peruana	nexusc.pe	1
DFW-DATACENTER	mediatraining.pe	1
NL-811-40021	isnr.pe	1
com.pe	sixtina.pe	1
Red Cientifica Peruana	efectomandela.pe	1
Host Europe GmbH	openstrategy.pe	1
linuxsecurity.pe	rossobar.pe	1
PONYNET	vademecumveterinario.pe	1
CLOUDFLARENET	elbono.pe	1
NL-811-40021	ariabs.pe	1
Red Cientifica Peruana	devando.pe	1
dymcloudsolutions.com	MICROSOFT-CORP-MSN-AS-BLOCK	1
SERVERCENTRAL	identica.pe	1
netio.cz	searchgpt.pe	1
Red Cientifica Peruana	camu.pe	1
dnsmisitio.net	aptae.pe	1
nexloc.ro	GOOGLE	2
SERVERCENTRAL	corporacionryr.pe	1
SERVERCENTRAL	dall.pe	1
hostinglabs.net	arcon.pe	1
Red Cientifica Peruana	octava.pe	1
dnsmisitio.net	tapet.pe	1
inmotionhosting.com	inworks.pe	1
dnsmisitio.net	limarental.pe	1
Red Cientifica Peruana	industriacolibri.pe	1
tmcreativos.com	viamas.pe	1
Dattatec.com	neomineral.pe	1
CLOUDFLARENET	utimax.pe	1
PRIVATESYSTEMS	diagnotest.pe	1
juniortello.com	40.207	1
AMAZON-02	iotrack.pe	1
i-desarrollo.com	americalatine.pe	1
classicweb.com	classicweb.com	1
SERVERCENTRAL	instafact.pe	1
CLOUDFLARENET	trenes.pe	1
AMAZON-02	orion.pe	1
datacenter.no	webhuset.no	1
AMAZON-02	ppe-hosted.com	1
stabletransit.com	passline.pe	1
CLOUDFLARENET	interlabs.pe	1
latinoamericahosting.com	habitatideal.pe	1
Dattatec.com	kdsystem.pe	1
hostgator.cl	simplystore.pe	1
stabletransit.com	RACKSPACE	3
latinoamericahosting.com	luluki.pe	1
net.pe	ditec.pe	1
OVH SAS	elcaminanteclassaqp.pe	1
SERVERCENTRAL	calderas.pe	1
com.pe	fatima.pe	1
neo-techconsulting.com	elpatio.pe	1
Cyber_Folks S.A.	worldstones.pe	1
arenaservers.com	GOOGLE	1
pymedns.net	reduce.pe	1
inmotionhosting.com	navis.pe	1
hostgator.com	asper.pe	1
latinoamericahosting.com	copyone.pe	1
publinet.it	village.it	1
gotechhost.com	aute.pe	1
Red Cientifica Peruana	drinkt.pe	1
sipanserver.com	amlog-peru.pe	1
AMAZON-02	opticasromero.pe	1
vdo-peru.us	mispatas.pe	1
OVH SAS	vercorp.pe	1
contabo.net	proserti.pe	1
hostingebsistemas.com	ZOHO-AS	1
hpserverdns.com	mienfermera.pe	1
serverhostgroup.com	telewatt.pe	1
SSASN2	servicionacional.pe	1
SERVERCENTRAL	lapatrona.pe	1
net.pe	totalquality.pe	1
Red Cientifica Peruana	resercruz.pe	1
Dattatec.com	adance.pe	1
OVH SAS	elolivarrestaurant.pe	1
localizador.pe	localizador.pe	1
TIER-NET	atenea.pe	1
ssmb.pe	enlacecomunicacion.pe	1
NETWORK-SOLUTIONS-HOSTING	jpl.pe	1
SERVERCENTRAL	futurojoven.pe	1
hpserverdns.com	safefishing.pe	1
SERVERCENTRAL	yapay.pe	1
planetahosting.pe	obrarte.pe	1
SERVERCENTRAL	climactiva.pe	1
Dattatec.com	satyayoga.pe	1
ipcom GmbH	stop.pe	1
GOOGLE	cultivando.pe	1
SERVERCENTRAL	artlima.pe	1
SERVERCENTRAL	goldcargo.pe	1
CLOUDFLARENET	dharmatec.pe	1
CLOUDFLARENET	brigada.pe	1
BIZLAND-SD	cira.pe	1
CLOUDFLARENET	proveedorminero.pe	1
AS-VULTR	macstore.pe	1
hostinglabs.net	amaproducciones.pe	1
cvperu.pe	cvp.pe	1
hostwindsdns.com	duna.pe	1
INMOTION	sisacoffee.pe	1
UNIFIEDLAYER-AS-1	lrj.pe	1
IS-AS-1	neurologiaveterinaria.pe	1
net.pe	atento.pe	1
Hetzner Online GmbH	logiaduanas.pe	1
tecnosheep.com	luxcreativa.pe	1
Dattatec.com	isit.pe	1
cloudns.net	linuxsecurity.pe	1
Red Cientifica Peruana	claro-empresas.pe	1
latinoamericahosting.com	prendaexpress.pe	1
paginawebcorporativa.com	proyectodevida.pe	1
startlogic.com	informese.pe	1
net.pe	amprimo.pe	1
SERVERCENTRAL	zayma.pe	1
siape.pe	siape.pe	1
Red Cientifica Peruana	organix.pe	1
Red Cientifica Peruana	cfh.pe	1
AMAZON-02	fibernetperu.pe	1
OVH SAS	wayuperu.pe	1
Dattatec.com	miko.pe	1
AMAZON-02	grupogd.pe	1
hostgator.com	dcsb.pe	1
Red Cientifica Peruana	grupocdl.pe	1
Red Cientifica Peruana	seafrost.pe	1
AMAZON-02	zenmedical.pe	1
hpserverdns.com	makao.pe	1
latinoamericahosting.com	autonova.pe	1
OVH SAS	playtools.pe	1
Dattatec.com	asterlabs.pe	1
Red Cientifica Peruana	tecnovias.pe	1
NL-811-40021	frappify.pe	1
ORACLE-BMC-31898	hospitaldeclinicas.pe	1
CLOUDFLARENET	craft.pe	1
Cloudi Nextgen Sl	yturbe.pe	1
enlinealizate.com	nubosfera.com	1
NL-811-40021	taxilibre.pe	1
INMOTION	ruedas.pe	1
tmcreativos.com	viaradio.pe	1
net.pe	cgmasociados.pe	1
dnsmisitio.net	blackhouse.pe	1
latinoamericahosting.com	maqperu.pe	1
Red Cientifica Peruana	hostcenter.pe	1
OVH SAS	novafarmawimer.pe	1
Host Europe GmbH	trailrunning.pe	1
SERVERCENTRAL	tahitiblue.pe	1
Hetzner Online GmbH	alvagroup.pe	1
travelviajesgdl.com	travelviajes.pe	1
net.pe	jcg.pe	1
AMAZON-02	automatizate.pe	1
dnsmisitio.net	grupoaguilar.pe	1
AMAZON-02	mateco.pe	1
AMAZON-02	ih.pe	1
Red Cientifica Peruana	goldenpath.pe	1
AMAZON-02	tid.pe	1
Red Cientifica Peruana	ebifoods.pe	1
web-vision.de	janssen-cosmetics.pe	1
AMAZON-02	limaplaza.pe	1
OVH SAS	perucopias.pe	1
dnsmisitio.net	minsol.pe	1
oscarhuaman.com	xtratego.pe	1
IS-AS-1	redscorp.pe	1
Red Cientifica Peruana	perucatolico.pe	1
CLOUDFLARENET	patagonia.pe	1
GOOGLE	secondchance.pe	1
net.pe	jys.pe	1
UNIFIEDLAYER-AS-1	azaleia.pe	1
hostgator.com	defensoresdelapatria.pe	1
intelsrv.net	limsac.pe	1
SERVERCENTRAL	mvla.pe	1
OVH SAS	plasticosfenix.pe	1
Combell NV	agenciadepr.pe	1
estelarhost.com	carnavalcajamarquino.pe	1
Red Cientifica Peruana	agi.pe	1
NTHL	raubet.pe	1
CLOUDFLARENET	webglobe.cz	1
Host Europe GmbH	prism.pe	1
araya.pe	GOOGLE	1
perfect-dns.com	altamerica.pe	1
net.pe	net.pe	2
CLOUDFLARENET	recetasthermomix.pe	1
SERVERCENTRAL	circulodeabogados.pe	1
Host Europe GmbH	tubodega.pe	1
dns-globally.com	cto.pe	1
AMAZON-02	chavezabogados.pe	1
Dattatec.com	arqstore.pe	1
Signet B.V.	moyeecoffee.pe	1
SERVERCENTRAL	ideascampus.pe	1
hpserverdns.com	raz.pe	1
hyperzas.com	smileshop.pe	1
hostarmada.net	emara.pe	1
hpserverdns.com	lavicorp.pe	1
hostingperu-ya.com	ardyss.pe	1
PRIVATESYSTEMS	info-fact.pe	1
tilosolver.net	CLOUDFLARENET	1
NETWORK-SOLUTIONS-HOSTING	primerolagente.pe	1
NAMECHEAP-NET	boletinsalesiano.pe	1
COLINANET S.A.	colinanet.pe	1
SERVERCENTRAL	kodak.pe	1
SERVERCENTRAL	aviatec.pe	1
SERVERCENTRAL	insumosysoluciones.pe	1
latinoamericahosting.com	tosa.pe	1
hostgator.com	maroz.pe	1
AMAZON-02	gzsecurity.pe	1
SINGLEHOP-LLC	yellow.pe	1
CLOUDFLARENET	futuronet.pe	1
serverhostgroup.com	intax.pe	1
SERVERCENTRAL	tedateo.pe	1
net.pe	AMAZON-02	4
Dattatec.com	doncesar.pe	1
donweb.pe	donweb.pe	1
unknown	govertical.pe	1
alphauxi.com	GOOGLE	1
SERVERCENTRAL	labarca.pe	1
OVH SAS	socma.pe	1
SERVERCENTRAL	letreros.pe	1
SERVERCENTRAL	grantech.pe	1
soluciones-aqp.com	eataly.pe	1
cloudnsplus.com	dbr.pe	1
OVH SAS	pereira.pe	1
SERVERCENTRAL	dagocan.pe	1
AMAZON-02	coinboost.pe	1
sonera.fi	MICROSOFT-CORP-MSN-AS-BLOCK	1
loja.pe	ZOHO-AS	1
com.pe	videopatrol.pe	1
CLOUDFLARENET	wconsultores.pe	1
wit-hosting.com	GOOGLE	1
AMAZON-02	quiropractico.pe	1
SERVERCENTRAL	surfworldcompany.pe	1
DIGITALOCEAN-ASN	MICROSOFT-CORP-MSN-AS-BLOCK	1
cloudnsplus.com	bloques.pe	1
Red Cientifica Peruana	tuproducto.pe	1
letsdnsit.nl	firstbike.pe	1
Red Cientifica Peruana	displaypublicitarios.pe	1
sipanserver.com	globalsupplier.pe	1
AMAZON-02	movu.pe	1
Host Europe GmbH	slideu.pe	1
NSONE	solbet.pe	1
CLOUDFLARENET	larotativa.pe	1
com.pe	clsperu.pe	1
Red Cientifica Peruana	matnico.pe	1
hostcomunica.com	sourcingbrands.pe	1
Combell NV	greenstation.pe	1
IS-AS-1	oclock.pe	1
AMAZON-02	lalibra.pe	1
SERVERCENTRAL	overall-equipment.pe	1
SERVERCENTRAL	fineobank.pe	1
phase8.net	cambridgeesolregional.org	1
OVH SAS	clesac.pe	1
NETWORK-SOLUTIONS-HOSTING	evotech.pe	1
SERVERCENTRAL	mhhouse.pe	1
Xtudio Networks S.L.U.	tecnoventanas.pe	1
ns1.	joshuaplaza.pe	1
AMAZON-02	asgardgym.pe	1
AMAZON-02	verified.pe	1
SERVERCENTRAL	oeperu.pe	1
Red Cientifica Peruana	cardioprotegido.pe	1
NL-811-40021	ite.pe	1
NOCPERU-LATIN TECHNOLOGIES	megacable.pe	1
UNIFIEDLAYER-AS-1	adn360.pe	1
CLOUDFLARENET	spiral.pe	1
NETWORK-SOLUTIONS-HOSTING	vierasoft.pe	1
AMAZON-02	saesystem.pe	1
hostinglabs.net	f5mkt.pe	1
IONOS SE	mymailcheap.com	1
CLOUDFLARENET	enit.pe	1
IOFLOOD	amankay.pe	1
temok.com	dzestudio.pe	1
Host Europe GmbH	grupotargetsac.pe	1
hostgator.com	descargar.pe	1
CLOUDFLARENET	co.il	1
CLOUDFLARENET	unocredito.pe	1
SERVERCENTRAL	sahirah.pe	1
AMAZON-02	ozel.pe	1
SERVERCENTRAL	brilliare.pe	1
AMAZON-02	tusistema.pe	1
cdmon.net	assistcare.pe	1
CLOUDFLARENET	luminosos.pe	1
Dattatec.com	cursoagenteinmobiliarioperu.pe	1
hostinglabs.net	proptech.pe	1
Xtudio Networks S.L.U.	gasvehicular.pe	1
BIZLAND-SD	iesa.pe	1
INMOTION	tiresol.pe	1
nominalia.com	ferrerfarma.pe	1
netdataperu.com	gruporent.pe	1
net.pe	rvsindustrial.pe	1
SERVERCENTRAL	vestidosdenovia.pe	1
tunegocioviainternet.com	destec.pe	1
OVH SAS	beaphar.pe	1
LEASEWEB-USA-WDC	YANDEX LLC	1
net.pe	mundoempresarial.pe	1
armotec.pe	suizmed.pe	1
dns-principal-34.com	adgproyectos.pe	1
Host Europe GmbH	lvresources.pe	1
SERVERCENTRAL	sonialujan.pe	1
rapihosting.com	gangaonline.pe	1
hpserverdns.com	vhfishing.pe	1
mihosting.net	esetperu.pe	1
Host Europe GmbH	marketpe.pe	1
skillien.com	rothenberger.pe	1
motionpulse.company	ZOHO-AS	1
cuydomains.com	kosaco.pe	1
digitalhostnow.com	avielectronics.pe	1
LEASEWEB-USA-DAL	perunatural.pe	1
Hetzner Online GmbH	wisp.pe	1
SERVERCENTRAL	digitalseo.pe	1
SERVERCENTRAL	holidayproducciones.pe	1
SERVERCENTRAL	anillado.pe	1
Akamai Connected Cloud	lwcgroup.pe	1
pymedns.net	fasterclean.pe	1
co.uk	verygoodemail.com	1
hpserverdns.com	terracom.pe	1
hpserverdns.com	nbg.pe	1
SERVERCENTRAL	avanza.pe	1
hostgator.com	atmosfera-rooftop.pe	1
net.pe	migeo.pe	1
NETWORK-SOLUTIONS-HOSTING	vort.pe	1
SERVERCENTRAL	graficaexpress.pe	1
game4kstar.info	smartgo.pe	1
WII	bimsic.pe	1
SERVERCENTRAL	gomezgroup.pe	1
SERVERCENTRAL	lacasadelsombrero.pe	1
decreamedia.com	craxperu.pe	1
OVH SAS	atahualpa.pe	1
x10premium.com	taxipiura.pe	1
AMAZON-02	asesoriaentesis.pe	1
Red Cientifica Peruana	homemarketing.pe	1
planetahosting.pe	bulletant.pe	1
AMAZON-02	reartes.pe	1
alfahosting.info	elektroauto.pe	1
planetahosting.pe	leds1108.pe	1
dns-principal-21.com	gontec.pe	1
DIMENOC	trading-general.pe	1
apacheperuhosting.org	digitalprojects.pe	1
net.pe	diagnolab.pe	1
SERVERCENTRAL	dafc.pe	1
AMAZON-02	softit.pe	1
SECURITYSERVICES	nutricia.pe	1
DinaHosting S.L.	jakutec.pe	1
IS-AS-1	educarural.pe	1
CLOUDFLARENET	in-nova.pe	1
Red Cientifica Peruana	aecorp.pe	1
planetahosting.pe	morocapital.pe	1
SERVERCENTRAL	chemsafety.pe	1
arubahost.com	GOOGLE	1
hpserverdns.com	mbaconsultores.pe	1
aymperusi.com	evolutionjeans.pe	1
2makeitwork.nl	feelgoodfruit.pe	1
hostgator.com	zoopharma.pe	1
vf-host.com	vf-portal.com	1
Dattatec.com	yanasport.pe	1
LEASEWEB-USA-DAL	fersur.pe	1
SERVERCENTRAL	orionuniverse.pe	1
Red Cientifica Peruana	nexxum.pe	1
hpserverdns.com	spaciolibre.pe	1
hostwhitelabel.com	procal.pe	1
OVH SAS	sistemasinfo.pe	1
net.pe	mecatel.pe	1
LIQUIDWEB	frigotecnica.pe	1
pearson.com	SECURITYSERVICES	1
LEASEWEB-USA-WDC	greendeck.pe	1
motionpulse.company	GOOGLE	1
IOFLOOD	rma.pe	1
hpserverdns.com	salcantay.pe	1
QUIC-CLOUD	CLOUDFLARENET	3
server300.com	blockchainperu.pe	1
macprad.com	grupo-cs.pe	1
robertovecco.com	logoterapia.pe	1
HVC-AS	vlujanc.pe	1
HVC-AS	lenmex.pe	1
SERVERCENTRAL	tottem.pe	1
tablex.pe	tablex.pe	1
CLOUDFLARENET	facturemos.pe	1
OVH SAS	ides.pe	1
AMAZON-02	ptv.pe	1
Red Cientifica Peruana	fromwest.pe	1
SERVERCENTRAL	charquikanka.pe	1
SERVERCENTRAL	remaxprincipal.pe	1
SERVERCENTRAL	radiofama.pe	1
first-ns.de	ingetecnia.pe	1
ricomack.com	icg.es	1
SERVERCENTRAL	miciudad.pe	1
hostgator.com	laud.pe	1
OVH SAS	rickcortez.pe	1
banmat.pe	Akamai International B.V.	1
DIMENOC	ss360.pe	1
WII	kuzoba.pe	1
Red Cientifica Peruana	kappico.pe	1
indexa.pe	plankton.pe	1
ORACLE-BMC-31898	stc.pe	1
Dattatec.com	vitalprime.pe	1
com.pe	grupohurtado.pe	1
ezhostingserver.com	so.pe	1
CLOUDFLARENET	eventoselite.pe	1
AMAZON-02	sgurban.pe	1
dnsmisitio.net	sophiah.pe	1
AMAZON-02	dittatech.pe	1
Red Cientifica Peruana	onsoluciones.pe	1
SERVERCENTRAL	marmolperu.pe	1
CLOUDFLARENET	cahua.pe	1
planetahosting.pe	enterpriseperu.pe	1
cesuma.mx	cesuma.pe	1
inkared.net	fibraperu.pe	1
OVH SAS	magdial.pe	1
taximonterrico.pe	taximonterrico.pe	1
AMAZON-02	kranea.pe	1
grupopreciso.pe	urmaperu.pe	1
inmotionhosting.com	nco.pe	1
dongee.com	funciona.pe	1
hostgator.com	mundodreams.pe	1
DFW-DATACENTER	basq.pe	1
CLOUDFLARENET	menteinfinita.pe	1
webhostingbuzz.com	rapa.pe	1
Red Cientifica Peruana	saboresperuanos.pe	1
hostgator.com	segurodesalud.pe	1
AMAZON-02	peruvianarbitration.pe	1
AMAZON-02	gavaindustrias.pe	1
AMAZON-02	fys.pe	1
latinoamericahosting.com	fibergo.pe	1
com.pe	ipad.pe	1
AMAZON-02	luminox.pe	1
hpserverdns.com	ubika.pe	1
SECURITYSERVICES	limatarget.pe	1
tecnoweb.net	promeing.pe	1
smarthost.cl	teknomeal.pe	1
SERVERCENTRAL	alfapublicidad.pe	1
SERVERCENTRAL	compramostucasa.pe	1
CLOUDFLARENET	mbstore.pe	1
Red Cientifica Peruana	fastexpress.pe	1
tecnoweb.net	aceelectric.pe	1
gracebasilioromero.com	basilio.pe	1
Red Cientifica Peruana	goodyearpower.pe	1
NETWORK-SOLUTIONS-HOSTING	calibracion.pe	1
servidorglobal.com	marcelino.pe	1
hostinglabs.net	megapack.pe	1
SERVERCENTRAL	diarioelsolcusco.pe	1
SERVERCENTRAL	lasemillita.pe	1
Red Cientifica Peruana	integrafinanzas.pe	1
hpserverdns.com	pimalima.pe	1
unknown	vyj.pe	1
hn.pe	pacifictrading.pe	1
mcafee.com	mcafee.com	1
sipanserver.com	telesoft.pe	1
hostgator.com	elandahuaylino.pe	1
CLOUDFLARENET	friki.pe	1
puertosystem.com	comprasegura.pe	1
franklinbelen.com	limpiazen.pe	1
siteocity.com	hiperfast.pe	1
OVH SAS	collectiveintelligence.pe	1
NL-811-40021	hy-oil.pe	1
SERVERCENTRAL	bamze.pe	1
cloudserver23.com	experienciadigital.pe	1
CLOUDFLARENET	cafe247.pe	1
Dattatec.com	tusmart.pe	1
OVH SAS	silms.pe	1
espacioveloz.com	guardianpro.pe	1
net.pe	compower.pe	1
net.pe	quinpro.pe	1
hostgator.com	mcconsulting.pe	1
SERVERCENTRAL	skrental.pe	1
OVH SAS	verox.pe	1
unknown	icreativecode.pe	1
CLOUDFLARENET	nacionmotera.pe	1
SERVERCENTRAL	bss.pe	1
com.pe	ecosar.pe	1
SERVERCENTRAL	gestiona360.pe	1
Host Europe GmbH	unicom.pe	1
SERVERCENTRAL	playanddream.pe	1
CLOUDFLARENET	olasperu.pe	1
dnsmisitio.net	entrevias.pe	1
sipanserver.com	ZOHO-AS	2
mayotejada.com	aldaba.pe	1
AMAZON-02	filmora.pe	1
lafacturita.com	proyectospsa.pe	1
AMAZON-02	thermolaser.pe	1
SERVERCENTRAL	lunallena.pe	1
NETWORK-SOLUTIONS-HOSTING	aeglobal.pe	1
lockdigital.pe	lockdigital.pe	1
latinoamericahosting.com	fullprotection.pe	1
OVH SAS	inmobiliariaelite.pe	1
CLOUDFLARENET	limaaldia.pe	1
net.pe	aron.pe	1
Red Cientifica Peruana	mtcservice.pe	1
CLOUDFLARENET	kayni.pe	1
Hetzner Online GmbH	detective.pe	1
SERVERCENTRAL	mistura.pe	1
admediaperu.com	misquince.pe	1
com.mx	maderaviva.pe	1
IOFLOOD	basestudio.pe	1
eolohosting.com	viewers.pe	1
SERVERCENTRAL	lafinka.pe	1
Red Cientifica Peruana	aplitech.pe	1
net.pe	norsac.pe	1
hostinglabs.net	liviano.pe	1
IONOS SE	compunetwork.pe	1
Combell NV	timetotravel.pe	1
Combell NV	deluxeimport.pe	1
beehosting.pro	portalcentral.pe	1
Red Cientifica Peruana	lacasadelasbaterias.pe	1
Host Europe GmbH	claudio.pe	1
hostgator.com	audiologica.pe	1
net.pe	costanera.pe	1
tecnoweb.net	modernknowledge.pe	1
CLOUDFLARENET	lujan.pe	1
NL-811-40021	printjoy.pe	1
IS-AS-1	plantandofuturo.pe	1
DIMENOC	tori.pe	1
HVC-AS	clinicadelabelleza.pe	1
ymaginodev.com	ic.pe	1
intodomain.net	host.pe	1
serverhostperu.com	ZOHO-AS	2
com.pe	welsolutions.pe	1
UNIFIEDLAYER-AS-1	salve.pe	1
AMAZON-02	arlet.pe	1
CLOUDFLARENET	bitnet.pe	1
AMAZON-02	essotech.pe	1
SECURITYSERVICES	puntoaparte.pe	1
Host Europe GmbH	aptoz.pe	1
bilendi.com	bilendi.com	1
SERVERCENTRAL	plustv.pe	1
NAMECHEAP-NET	ryv.pe	1
Red Cientifica Peruana	manejodefensivo.pe	1
SERVERCENTRAL	meditek.pe	1
Akamai Connected Cloud	pocsi.pe	1
OVH SAS	dircop.pe	1
tecnoweb.net	metodista.pe	1
UNIFIEDLAYER-AS-1	howo.pe	1
latinoamericahosting.com	multiservices.pe	1
OVH SAS	facturo.pe	1
Red Cientifica Peruana	dsconsultores.pe	1
IS-AS-1	impreso.pe	1
Red Cientifica Peruana	consercom.pe	1
hostinglabs.net	museoconventosanfranciscoycatacumbas.pe	1
easyname.eu	easyname.eu	2
LEASEWEB-USA-DAL	compucor.pe	1
easydns.com	MICROSOFT-CORP-MSN-AS-BLOCK	2
hostgator.com	idsi.pe	1
spindns.com	grupogc.pe	1
OVH SAS	delhuerto.pe	1
SERVERCENTRAL	inkfinity.pe	1
CLOUDFLARENET	cesev.pe	1
plservers.net	marcojuridico.pe	1
hostgator.com	itsnot.pe	1
vissualspeed.com	penthouseperu.pe	1
AMAZON-02	castrosport.pe	1
supremepanel.com	novacars.pe	1
AMAZON-02	batterytrade.pe	1
SERVERCENTRAL	advertisingservices.pe	1
OVH SAS	core-us.fr	1
CLOUDFLARENET	productosindustriales.pe	1
hostingperudominios.com	coldservices.pe	1
DIMENOC	call2action.pe	1
Dattatec.com	cristorey.pe	1
xundns.com	sped-ssss-pppp-eeee-dddd.com	1
gosistemadigital2.com	brixton.pe	1
NETWORK-SOLUTIONS-HOSTING	datum.pe	1
apacheperu.org	color77.pe	1
mjsolucionesperu.com	policeguard.pe	1
hostgator.com	puntoblanco.pe	1
IS-AS-1	gdgames.pe	1
Dattatec.com	fao87.pe	1
AMAZON-02	crediperu.pe	1
Red Cientifica Peruana	estudioguerrero.pe	1
nube-web.com	aulavirtual.pe	1
Red Cientifica Peruana	peruprimero.pe	1
DFW-DATACENTER	tiva.pe	1
hpserverdns.com	grupomilan.pe	1
SERVERCENTRAL	zettalab.pe	1
midnsbox.net	deigo.pe	1
compubrother.pe	compubrother.pe	1
SERVERCENTRAL	manachocolate.pe	1
hn.pe	anco.pe	1
OVH SAS	grupal.pe	1
polospublicitarios.pe	polospublicitarios.pe	1
Dattatec.com	albuilding.pe	1
net.pe	rozel.pe	1
hostgator.com	stereopool.pe	1
hostinglabs.net	ineditos.pe	1
hostgator.com	vifit.pe	1
SERVERCENTRAL	hevron.pe	1
Host Europe GmbH	myunderwear.pe	1
dnsmisitio.net	nexcore.pe	1
com.ar	aguasyprocesos.pe	1
tmcreativos.com	radiomaster.pe	1
SERVERCENTRAL	lurin.pe	1
aliasdns.net	activamente.pe	1
CLOUDFLARENET	muro.pe	1
geekstorage.com	inverlo.pe	1
Dattatec.com	sorial.pe	1
Akamai Connected Cloud	patitasshop.pe	1
server-site.com	katiasantamaria.pe	1
DIMENOC	radiolive.pe	1
AMAZON-02	hkonline.pe	1
NETWORK-SOLUTIONS-HOSTING	gitel.pe	1
AMAZON-02	supera.pe	1
CLOUDFLARENET	cardio.pe	1
AMAZON-02	envak.pe	1
SERVERCENTRAL	dansaperu.pe	1
profesionalhosting.com	GOOGLE	1
SERVERCENTRAL	boxcorporativo.pe	1
tecnoweb.net	yacha.pe	1
latinoamericahosting.com	olmarketing.pe	1
CLOUDFLARENET	rhinotransport.pe	1
net.pe	delegalo.pe	1
Akamai Connected Cloud	eyp.pe	1
CLOUDFLARENET	tedpac.pe	1
SECURITYSERVICES	gabrielbustamante.pe	1
OVH SAS	geist.pe	1
AMAZON-02	droneroof.pe	1
Red Cientifica Peruana	ever.pe	1
SERVERCENTRAL	catecon.pe	1
AMAZON-02	sandystein.pe	1
Hetzner Online GmbH	treeco.pe	1
Host Europe GmbH	foreplay.pe	1
nube-web.com	fm.pe	1
correosmype.com	evolutiondental.pe	1
hostgator.com	grupojimenez.pe	1
net.pe	pchelp.pe	1
Red Cientifica Peruana	aessir.pe	1
SERVERCENTRAL	textilesay.pe	1
com.pe	martica.pe	1
intellweb.pe	intellweb.pe	1
CLOUDFLARENET	hostinger.in	1
CLOUDFLARENET	fejucy.pe	1
BIZLAND-SD	atletis.pe	1
acyspro.com	absports.pe	1
com.pe	grandescargas.pe	1
SERVERCENTRAL	nutrifoods.pe	1
databytechile.com	vegatek.pe	1
Combell NV	iccadviser.pe	1
CLOUDFLARENET	tallergrafico.pe	1
SERVERCENTRAL	jared.pe	1
hover.com	GOOGLE	1
mecalux.pe	pphosted.com	1
AMAZON-02	trovit.com	1
SERVERCENTRAL	globaltrack.pe	1
Dattatec.com	icsgsac.pe	1
NETWORK-SOLUTIONS-HOSTING	apeai.pe	1
gamsacvir.com	creavita.pe	1
AS-30083-US-VELIA-NET	agapexpress.pe	1
net.pe	orial.pe	1
generacionvirtual.org	necca.pe	1
nexloc.ro	nexloc.ro	1
SERVERCENTRAL	oceanproo.pe	1
DFW-DATACENTER	marianarodriguezrisco.pe	1
facipub.com	msv1.invalid	1
OVH SAS	palacios.pe	1
AMAZON-02	briefconsulting.pe	1
dcomercios.com	london.pe	1
curaden-hosting.ch	curaden-hosting.ch	1
Dattatec.com	bizpro.pe	1
SERVERCENTRAL	villaxpress.pe	1
AMAZON-02	unstop.pe	1
SERVERCENTRAL	acproyectos.pe	1
NTHL	ZOHO-AS	1
CLOUDFLARENET	livegames.pe	1
hostingplus.cl	santanderimport.pe	1
net.pe	tamales.pe	1
Host Europe GmbH	cuscotravels.pe	1
planetahosting.pe	bdv.pe	1
SERVERCENTRAL	gesam.pe	1
Red Cientifica Peruana	cameri.pe	1
compartamos.com	mailcontrol.com	1
cajas.pe	ZOHO-AS	1
CLOUDFLARENET	leograf.pe	1
hpserverdns.com	monstershop.pe	1
planetahosting.pe	coldwork.pe	1
inmotionhosting.com	radiolosandes.pe	1
NETWORK-SOLUTIONS-HOSTING	alquimia.pe	1
AMAZON-02	larosadesaron.pe	1
NETWORK-SOLUTIONS-HOSTING	barcoderfid.pe	1
SINGLEHOP-LLC	peruviptravel.pe	1
SERVERCENTRAL	metab.pe	1
CLOUDFLARENET	norpetrol.pe	1
net.pe	Proton AG	4
SERVERCENTRAL	gruposanjose.pe	1
net.pe	copymundo.pe	1
tonkoni.com	GOOGLE	1
kpo.pe	dxnperu.pe	1
CLOUDFLARENET	ubica.pe	1
justgreatsites.com	GOOGLE	1
levi.com	GOOGLE	1
CLOUDFLARENET	mxtape.email	1
SERVERCENTRAL	zingaperu.pe	1
is-fun.net	meyle.de	1
AMAZON-02	bahia.pe	1
SERVERCENTRAL	casillerosmetalicos.pe	1
net.pe	pinkchick.pe	1
gpb.pe	gazprombank.ru	1
Dattatec.com	xn--per-boa.pe	1
CLOUDFLARENET	daum.net	1
Host Europe GmbH	digivet.pe	1
linode.com	zeven.pe	1
Dattatec.com	grupoares.pe	1
hostgator.com	suit.pe	1
SERVERCENTRAL	vipzone.pe	1
AMAZON-02	vijicsa.pe	1
solythree.com	icen.pe	1
AMAZON-02	servicetonic.pe	1
dnsmisitio.net	correcta.pe	1
Red Cientifica Peruana	kamlu.pe	1
PRIVATESYSTEMS	monroy.pe	1
cdmon.net	matrimonios.pe	1
apache-peru.info	GOOGLE	1
net.pe	bmplast.pe	1
sinc.cl	credyt.pe	1
behostings.net	afcompressors.pe	1
SERVERCENTRAL	elagora.pe	1
Red Cientifica Peruana	parq.pe	1
OVH SAS	motus.pe	1
hpserverdns.com	seijaku.pe	1
CLOUDFLARENET	radiostream.pe	1
NETWORK-SOLUTIONS-HOSTING	apoc.pe	1
inmotionhosting.com	ZOHO-AS	1
com.pe	masterbrand.pe	1
hexagonsys.pe	hexagonsys.pe	2
Host Europe GmbH	amaura.pe	1
Red Cientifica Peruana	atomix.pe	1
tecnoweb.net	usa.pe	1
NETWORK-SOLUTIONS-HOSTING	intecsa.pe	1
AMAZON-02	bongourmet.pe	1
net.pe	prometal.pe	1
AMAZON-02	jumbotravel.pe	1
one.com	MICROSOFT-CORP-MSN-AS-BLOCK	1
AMAZON-02	jam.pe	1
markmonitor.zone	grupoanc.com	2
com.pe	weddingexperience.pe	1
SERVERCENTRAL	yinke.pe	1
NETWORK-SOLUTIONS-HOSTING	agt.pe	1
CLOUDFLARENET	cabperu.pe	1
SERVERCENTRAL	tecnosur.pe	1
ICDSoft Ltd.	plazahogar.pe	1
Host Europe GmbH	nethostingsac.com	1
net.pe	irisapp.pe	1
WI-NET TELECOM S.A.C.	ttmv.pe	1
SERVERCENTRAL	fideria.pe	1
UNIFIEDLAYER-AS-1	jjmaldonado.pe	1
CLOUDFLARENET	bgsmarthome.pe	1
Red Cientifica Peruana	tiroconarco.pe	1
net.pe	criogas.pe	1
Host Europe GmbH	pelvicare.pe	1
Hydra Communications Ltd	oshalatinoamerica.pe	1
dnsxperta.com	dnsxperta.com	1
AMAZON-02	rantix.pe	1
SERVERCENTRAL	bsa.pe	1
net.pe	pedagogicos.pe	1
ipxon.net	diale.pe	1
unknown	stateresa.pe	1
audiostreamvolt.com	streamingradio.pe	1
AMAZON-02	morya.pe	1
SERVERCENTRAL	skinsurgery.pe	1
net360.ovh	wazzu.pe	1
Xtudio Networks S.L.U.	gusana.pe	1
NETWORK-SOLUTIONS-HOSTING	avproducts.pe	1
CLOUDFLARENET	grupovq.pe	1
hostgator.com	perumagic.pe	1
Red Cientifica Peruana	taximamasos.pe	1
CLOUDFLARENET	billi.pe	1
hostgator.com	fibwi.pe	1
rhostjh.com	3aingenieria.pe	1
resortlosangelesdelvalle.com	fisiopoint.pe	1
AMAZON-02	bnbeneficios.pe	1
SERVERCENTRAL	publibox.pe	1
OVH SAS	iq.pl	1
hostinglabs.net	indupack.pe	1
GANDI SAS	pphosted.com	1
Red Cientifica Peruana	lifesure.pe	1
net360.ovh	creaci.pe	1
hostarmada.net	hostarmada.net	1
Red Cientifica Peruana	atmt.pe	1
Red Cientifica Peruana	gomex.pe	1
Xtudio Networks S.L.U.	jqm.pe	1
agheup.com	mallasfabrimac.pe	1
agenciastreaming.com	nuestrocanal.pe	1
SERVERCENTRAL	viacavato.pe	1
tecnoweb.net	dareck.pe	1
intercambialo.pe	intercambialo.pe	1
pmoperu.com	windia.pe	1
Dattatec.com	minerosperu.pe	1
repartidoor.com	cysoluciones.pe	1
manifestodns.com	gridohelado.pe	1
contabo.net	capurro.pe	1
SERVERCENTRAL	departamentolegal.pe	1
AMAZON-02	innovaperu.pe	1
contabo.net	radiocultura.pe	1
CLOUDFLARENET	jztours.pe	1
SERVERCENTRAL	agroquiskay.pe	1
AMAZON-02	latgps.pe	1
SERVERCENTRAL	lychic.pe	1
nameserver.cl	vethope.pe	1
CLOUDFLARENET	dermatovet.pe	1
vyrcloud.com	orbitec.pe	1
Red Cientifica Peruana	pikiss.pe	1
SINGLEHOP-LLC	GOOGLE	1
SERVERCENTRAL	dleon.pe	1
CLOUDFLARENET	cimmsa.pe	1
DIMENOC	colmenares.pe	1
SERVERCENTRAL	kuaimarketing.pe	1
DIMENOC	excelsium.pe	1
latinoamericahosting.com	digicall.pe	1
hpserverdns.com	valovi.pe	1
SERVERCENTRAL	resolab.pe	1
dstcorporativo.com	farmahorro.pe	1
OVH SAS	mhol.pe	1
lodns.net	quirovital.pe	1
net.pe	busecon.pe	1
Red Cientifica Peruana	seritel.pe	1
IS-AS-1	biomov.pe	1
Akamai Connected Cloud	cliderm.pe	1
iaasdns.com	andn.pe	1
mihosting.net	ciems.pe	1
SERVERCENTRAL	cruyffinstitute.pe	1
inmotionhosting.com	malla.pe	1
CLOUDFLARENET	woodenson.pe	1
crearteideas.pe	lateatrera.pe	1
SERVERCENTRAL	andaperu.pe	1
kap.pe	kap.pe	1
CLOUDFLARENET	ezimport.pe	1
OVH SAS	amaretto.pe	1
webfanaticos.com	ZOHO-AS	1
Red Cientifica Peruana	notariadannon.pe	1
com.pe	pymetech.pe	1
systemdns.com	utcoverseas.pe	1
Akamai Connected Cloud	elobservador.pe	1
AMAZON-02	tmdhosting.com	1
hpserverdns.com	killur.pe	1
CLOUDFLARENET	facturadorsmart.pe	1
hostplay.com	yts.pe	1
CLOUDFLARENET	com.mx	1
AMAZON-02	inmco.pe	1
hostingroup.com	hostingroup.pe	1
SERVERCENTRAL	mimos.pe	1
hpserverdns.com	rennova.pe	1
dattaperu.com	exym.pe	1
trustcorp.pe	MICROSOFT-CORP-MSN-AS-BLOCK	1
AS-30083-US-VELIA-NET	bedoyaabogados.pe	1
centrooftnorte.com	liplata.pe	1
ninjahosting.pe	apexminer.pe	1
AMAZON-02	lacantonada.pe	1
pyruscloud.com	grupofortezza.pe	1
Red Cientifica Peruana	novonetworks.pe	1
Red Cientifica Peruana	arpi.pe	1
hostgator.com	aguilarrojas.pe	1
latinoamericahosting.com	worldperu.pe	1
Red Cientifica Peruana	terrafutura.pe	1
hpserverdns.com	smartsys.pe	1
apachetomahawk.com	internetclaro.pe	1
OVH SAS	farplast.pe	1
trujillohosting.net	conectiva.pe	1
AMAZON-02	mawi.pe	1
dogohosting.com	motosymotos.pe	1
net.pe	osur.pe	1
ninjahosting.pe	brokerlogistic.pe	1
OVH SAS	ablegal.pe	1
Dattatec.com	superofertas.pe	1
net.pe	tizza.pe	1
server306.com	catanzaro.pe	1
Red Cientifica Peruana	comunica.pe	1
SERVERCENTRAL	luxus.pe	1
OVH SAS	360group.pe	1
IS-AS-1	conssap.pe	1
Hetzner Online GmbH	inmoplus.pe	1
Akamai Connected Cloud	tuplaza.pe	1
NETWORK-SOLUTIONS-HOSTING	asarquitectos.pe	1
dnsmisitio.net	limabike.pe	1
Red Cientifica Peruana	lexcont.pe	1
latinoamericahosting.com	amazonlogistics.pe	1
nominalia.com	ferrer.pe	1
mihosting.net	knotplanners.pe	1
mihosting.net	facturacionelectronicaperu.pe	1
Red Cientifica Peruana	amazinggreen.pe	1
latinoamericahosting.com	carnivore.pe	1
CLOUDFLARENET	evolute.pe	1
com.pe	ecofincamacro.pe	1
IOFLOOD	ottocorp.pe	1
SERVERCENTRAL	toldospalomino.pe	1
Combell NV	revistazoom.pe	1
SERVERCENTRAL	areval.pe	1
OVH SAS	gasolineras.pe	1
sateliteperu.com	migps.pe	1
hostinglabs.net	apefam.pe	1
AMAZON-02	defensalegalabogados.pe	1
businesssolutionsinc.info	business-solutions.pe	1
net.pe	theminekey.pe	1
NETWORK-SOLUTIONS-HOSTING	ntd.pe	1
sahosting2.cl	ideasdigitales.pe	1
Red Cientifica Peruana	melanny.pe	1
geekstorage.com	clickperu.pe	1
acens Technologies, S.L.	acens.pe	1
Red Cientifica Peruana	solvatek.pe	1
SECURITYSERVICES	lentesdecontacto.pe	1
net.pe	service.pe	1
SERVERCENTRAL	skeleton.pe	1
sedgwick.com	sedgwick.pe	1
com.au	greasemax.pe	1
PRIVATESYSTEMS	baia.pe	1
hostgator.com	rylab.pe	1
SERVERCENTRAL	invertrans.pe	1
net.pe	gicacertification.pe	1
register.it	pphosted.com	1
alojacloud.com	arcatop.pe	1
MICROSOFT-CORP-MSN-AS-BLOCK	rackeo.pe	1
IS-AS-1	ozonoterapia.pe	1
server-site.com	joseguevara.pe	1
hpserverdns.com	ludyco.pe	1
Contabo GmbH	noticiashoy.pe	1
AS-30083-US-VELIA-NET	fashionfactory.pe	1
IS-AS-1	consap.pe	1
NL-811-40021	fullperu.pe	1
hostgator.com	quimicaverde.pe	1
e-digitalhosting.net	imprentacajaslima.pe	1
AMAZON-02	dymsoluciones.pe	1
CLOUDFLARENET	supercupon.pe	1
SERVERCENTRAL	browa.pe	1
OVH SAS	top5.pe	1
Host Europe GmbH	vertical.pe	1
netexplora.com	ratoncitosdulcessuenos.pe	1
Red Cientifica Peruana	dereco.pe	1
AMAZON-02	viaip.pe	1
Red Cientifica Peruana	nazcalinesperu.pe	1
NL-811-40021	grupovital.pe	1
AMAZON-02	clublaplanicie.pe	1
singhcloud.com	remito.pe	1
NOCPERU-LATIN TECHNOLOGIES	digired.pe	1
NETWORK-SOLUTIONS-HOSTING	grupolv.pe	1
websolutions.pe	andreszevallos.pe	1
NETWORK-SOLUTIONS-HOSTING	controltec.pe	1
net.pe	made.pe	1
hostinglabs.net	sumacare.pe	1
valsanfox.co	monexperu.pe	1
SERVERCENTRAL	firelab.pe	1
unknown	bodyflex.pe	1
CLOUDFLARENET	theintelgroup.com	1
CLOUDFLARENET	aliyun.com	1
SERVERCENTRAL	sensor.pe	1
zserver.cz	vyhledatcislo.cz	1
detallesjoyeria.pe	detallesjoyeria.pe	1
LEASEWEB-USA-WDC	dka.pe	1
SERVERCENTRAL	electrofanatic.pe	1
SERVERCENTRAL	4t.pe	1
geekstorage.com	lavapro.pe	1
AMAZON-02	synthesisgroup.pe	1
SERVERCENTRAL	capablanca.pe	1
Host Europe GmbH	hydraulic.pe	1
AMAZON-02	operativa.pe	1
hpserverdns.com	cinnovation.pe	1
lcs-network.com	strutture.pe	1
SERVERCENTRAL	radiosol.pe	1
CLOUDFLARENET	realcompany.pe	1
webonline-peru.com	arklux.pe	1
Red Cientifica Peruana	lecaveau.pe	1
NETWORK-SOLUTIONS-HOSTING	stampacolor.pe	1
SERVERCENTRAL	ecreativo.pe	1
sistemas4g.com	radiopanamericana.pe	1
Red Cientifica Peruana	fuchs.pe	1
net.pe	factura-2.pe	1
CLOUDFLARENET	cersa.pe	1
SERVERCENTRAL	cobratuseguro.pe	1
SERVERCENTRAL	kotear.pe	1
SERVERCENTRAL	usaperu.pe	1
Contabo GmbH	andeanheights.pe	1
Combell NV	ccn.pe	1
latinoamericahosting.com	almasa.pe	1
DFW-DATACENTER	cumo.pe	1
gogocloud.cl	GOOGLE	1
all4net.de	sikla.pe	1
sipanserver.com	cymconstrucciones.pe	1
SERVERCENTRAL	encuentralo.pe	1
hostinglabs.net	seetech.pe	1
CLOUDFLARENET	mrpool.pe	1
CLOUDFLARENET	pmi.pe	1
CLOUDFLARENET	ludicrous.cloud	1
hostgator.com	gestiones.pe	1
Hetzner Online GmbH	domenica.pe	1
hpserverdns.com	textilelamazonas.pe	1
SERVERCENTRAL	detodotienda.pe	1
OVH SAS	recomiendo.pe	1
second-ns.com	SQUIXA PTY LIMITED	1
planetahosting.pe	ecolimpieza.pe	1
hostgator.com	cosmosbar.pe	1
AMAZON-02	lihon.pe	1
CLOUDFLARENET	fxclub.org	1
INMOTION	parches.pe	1
PRIVATESYSTEMS	sistemarestaurante.pe	1
Red Cientifica Peruana	invescor.pe	1
SERVERCENTRAL	csinergia.pe	1
CLOUDFLARENET	mailserver.hu	1
lucushost.com	petuniastore.pe	1
CLOUDFLARENET	soundbox.pe	1
Dattatec.com	dentak.pe	1
dnsbox10.com	unove.pe	1
CLOUDFLARENET	com.hk	1
SERVERCENTRAL	jaimecruz.pe	1
hostgator.com	spltek.pe	1
dnsexterno.com	versus.pe	1
Dattatec.com	percer.pe	1
SERVERCENTRAL	raio.pe	1
Host Europe GmbH	boniteza.pe	1
AMAZON-02	caxagas.pe	1
SERVERCENTRAL	xana.pe	1
Red Cientifica Peruana	bienbebido.pe	1
Dattatec.com	render.pe	1
Akamai International B.V.	GOOGLE-CLOUD-PLATFORM	1
Red Cientifica Peruana	rss.pe	1
unknown	sergepin.pe	1
CLOUDFLARENET	saii.pe	1
SERVERCENTRAL	decibel.pe	1
SERVERCENTRAL	doer.pe	1
CLOUDFLARENET	aspai.pe	1
Cyber_Folks S.A.	shardacropchem.pe	1
cronox.cloud	cronox.pe	1
hpserverdns.com	gabstudio.pe	1
net.pe	licoreriasunidas.pe	1
Red Cientifica Peruana	perfumus.pe	1
CLOUDFLARENET	nexomusic.pe	1
hostgator.com	fyg.pe	1
AMAZON-02	kickssociety.pe	1
CLOUDFLARENET	innovapc.pe	1
avantic-host.com	techspace.pe	1
AMAZON-02	blueservices.pe	1
hpserverdns.com	bmgroup.pe	1
Combell NV	wilam.pe	1
CLOUDFLARENET	fireprotection.pe	1
hpserverdns.com	centroevangelisticosion.pe	1
NL-811-40021	alutek.pe	1
planetahosting.pe	sql.pe	1
register.it	k-fert.it	1
cloudworks.lat	acerosysuministros.pe	1
NL-811-40021	goventas.pe	1
com.pe	credipyme.pe	1
Red Cientifica Peruana	platinosac.pe	1
OVH SAS	movilrent.pe	1
SERVERCENTRAL	blackpeppa.pe	1
fon.pe	fon.pe	1
AS-30083-US-VELIA-NET	petrobaz.pe	1
Combell NV	rentacar.pe	1
lxh.cl	GOOGLE	1
AMAZON-02	logisticsone.pe	1
SERVERCENTRAL	acti.pe	1
hostinglabs.net	summercompany.pe	1
SERVERCENTRAL	parsec.pe	1
CLOUDFLARENET	brandtree.pe	1
AMAZON-02	dslaboratories.pe	1
RELIABLESITE	altamin.pe	1
Red Cientifica Peruana	matrisa.pe	1
AMAZON-02	marbela.pe	1
pymedns.net	isamisa.pe	1
Red Cientifica Peruana	globallaw.pe	1
Red Cientifica Peruana	hardrocklima.pe	1
Host Europe GmbH	unionandina.pe	1
hpserverdns.com	isbg.pe	1
SERVERCENTRAL	expocafeperu.pe	1
UNIFIEDLAYER-AS-1	airco.pe	1
planetahosting.pe	dropsocial.pe	1
Red Cientifica Peruana	consultea.pe	1
Trellian Pty. Limited	Delta HighTech Ltd.	1
hpserverdns.com	mobal.pe	1
puertosystem.com	vidalife.pe	1
OVH SAS	snicolas.pe	1
OVH SAS	evostore.pe	1
SERVERCENTRAL	securitytrucks.pe	1
sipanserver.com	greenfabric.pe	1
sg-server.net	alternativadigital.pe	1
CLOUDFLARENET	smileperu.pe	1
irondns.de	man.de	3
bybperuhosting.com	grupolopez.pe	1
Host Europe GmbH	elbuenvecino.pe	1
INMOTION	rueda.pe	1
AMAZON-02	tin.pe	1
ORACLE-BMC-31898	hotelprimavera.pe	1
Red Cientifica Peruana	halcones.pe	1
unknown	cronos.pe	1
unknown	latinasandalias.pe	1
serverspe.com	perreo.pe	1
UNIFIEDLAYER-AS-1	casella.pe	1
NETWORK-SOLUTIONS-HOSTING	tarjetasvirtuales.pe	1
elayon.com	operu.pe	1
pymedns.net	goalsa.pe	1
educacionperu.pe	educacionperu.pe	1
hpserverdns.com	inspiration.pe	1
Akamai Connected Cloud	sgdata.pe	1
Host Europe GmbH	willyjhons.pe	1
webleal.com	bigbags.pe	1
goldhostingperu.com	vainco.pe	1
hpserverdns.com	verticelegal.pe	1
latinoamericahosting.com	modoviajero.pe	1
CLOUDFLARENET	turitalia.pe	1
AMAZON-02	virgendechapi.pe	1
latinoamericahosting.com	obtura.pe	1
AMAZON-02	korita.pe	1
Xtudio Networks S.L.U.	infocusmedia.pe	1
inmotionhosting.com	nepy.pe	1
AMAZON-02	promarket.pe	1
Host Europe GmbH	inarq.pe	1
CLOUDFLARENET	qero.pe	1
Red Cientifica Peruana	ftconsulting.pe	1
DFW-DATACENTER	conecta2.pe	1
digitalserver.io	20i Limited	1
hpserverdns.com	sanfrancisco.pe	1
net.pe	cuidarte.pe	1
sitebytes.nl	2is.nl	1
contabo.net	todolaptop.pe	1
planetahosting.pe	amcg.pe	1
Dattatec.com	jelaf.pe	1
Dattatec.com	tucoleccion.pe	1
dynu.com	GOOGLE	1
net.pe	disponibles.pe	1
planetahosting.pe	cega.pe	1
CLOUDFLARENET	xn--ensueos-8za.pe	1
SERVERCENTRAL	barco.pe	1
contabo.net	institutocentrovision.pe	1
SINGLEHOP-LLC	vista.pe	1
SERVERCENTRAL	lasbrazas.pe	1
codeplex.vip	GOOGLE	1
NL-811-40021	dreser.pe	1
second-ns.com	your-server.de	4
IOFLOOD	urbanworking.pe	1
Red Cientifica Peruana	enconcreto.pe	1
NETWORK-SOLUTIONS-HOSTING	intalent.pe	1
surdatanet.com	radiolatina.pe	1
Dattatec.com	globalgps.pe	1
SERVERCENTRAL	pc-networks.pe	1
net.pe	strattech.pe	1
SECURITYSERVICES	freml.in	2
Red Cientifica Peruana	newtic.pe	1
LEASEWEB-USA-DAL	gemoflex.pe	1
CLOUDFLARENET	reniba.pe	1
jimtordoya.com	academiasanmarcos.pe	1
abelespinoza.com	dat-store.pe	1
OVH SAS	lacaffetteria.pe	1
SERVERCENTRAL	radiosanfrancisco.pe	1
Red Cientifica Peruana	openclick.pe	1
SERVERCENTRAL	empamaker.pe	1
ch-inter.net	just.ch	3
Red Cientifica Peruana	fastprint.pe	1
SERVERCENTRAL	bancared.pe	1
hostinglabs.net	produccionesamar.pe	1
DFW-DATACENTER	spp.pe	1
ORACLE-BMC-31898	lacartelera.pe	1
edu.pe	com.pe	1
net.pe	gina.pe	1
hostinglabs.net	corves.pe	1
NEXCESS-NET	GOOGLE	3
innovatiperu.com	ZOHO-AS	2
Contabo GmbH	ultimahora.pe	1
koryfiserver.com	bigpuppy.pe	1
Combell NV	digitaltv.pe	1
SERVERCENTRAL	juanita.pe	1
hpserverdns.com	jdvoix.pe	1
SERVERCENTRAL	tabistore.pe	1
DIMENOC	marketagricola.pe	1
PRIVATESYSTEMS	hor.pe	1
hpserverdns.com	moneyplus.pe	1
hostgator.com	centapharma.pe	1
mihosting.net	kps.pe	1
Red Cientifica Peruana	sono.pe	1
medioseideas.com	ZOHO-AS	1
Red Cientifica Peruana	backofis.pe	1
SERVERCENTRAL	simplemak.pe	1
CLOUDFLARENET	katemu.pe	1
tcq.pe	lalecheria.pe	1
hostgator.com	cris.pe	1
UNIFIEDLAYER-AS-1	decapolisperu.pe	1
SERVERCENTRAL	acetech.pe	1
AMAZON-02	acmedical.pe	1
AS-30083-US-VELIA-NET	ebony.pe	1
AMAZON-02	vivebien.pe	1
OVH SAS	marc.pe	1
net.pe	altecom.pe	1
Red Cientifica Peruana	landcapital.pe	1
OVH SAS	teavalo.pe	1
Dattatec.com	grupoenergia.pe	1
Contabo GmbH	grupoyam.pe	1
introdns.hu	intromail.hu	1
assuredserver.net	t-industry.pe	1
cloudperu.pe	Hetzner Online GmbH	1
Red Cientifica Peruana	casabrillante.pe	1
CLOUDFLARENET	epack.pe	1
BIZLAND-SD	criczo.pe	1
DinaHosting S.L.	activitymonitor.pe	1
SHOCK-1	copyland.pe	1
tuhostingvirtual.info	GOOGLE	1
GOOGLE	3045.pe	1
Red Cientifica Peruana	luma.pe	1
wayrahost.com	MICROSOFT-CORP-MSN-AS-BLOCK	2
SERVERCENTRAL	megacolecciones.pe	1
DFW-DATACENTER	albrisa.pe	1
AMAZON-02	jcringenieria.pe	1
net.pe	santavictoria.pe	1
77.162	natsumi.pe	1
GOOGLE	arquitectos.pe	1
SERVERCENTRAL	hmperu.pe	1
Akamai International B.V.	GO-DADDY-COM-LLC	1
phinternacional.com	evtravel.pe	1
AMAZON-02	velours.pe	1
hpserverdns.com	legacylogistics.pe	1
net.pe	fungusfamily.pe	1
CLOUDFLARENET	registramostumarca.pe	1
CLOUDFLARENET	itan.pe	1
SERVERCENTRAL	gcfcontadores.pe	1
SERVERCENTRAL	motivaimplantes.pe	1
pentaedro.info	MICROSOFT-CORP-MSN-AS-BLOCK	1
OVH SAS	jcgeneralservices.pe	1
Red Cientifica Peruana	dubri.pe	1
planetahosting.pe	mbacorporation.pe	1
AMAZON-02	latino.pe	1
dnsmisitio.net	amberes.pe	1
sinc.cl	GOOGLE	1
CLOUDFLARENET	corpex-net.de	1
Host Europe GmbH	mundox.pe	1
sipanserver.com	oslocompany.pe	1
AMAZON-02	deeper.pe	1
innovusperu.com	walikis.pe	1
Host Europe GmbH	perurecords.pe	1
kaduperu.com	tunap.pe	1
Combell NV	estructurados.pe	1
tuticket.pe	GOOGLE	1
PRIVATESYSTEMS	abstrack.pe	1
CLOUDFLARENET	identidaddigital.pe	1
Hetzner Online GmbH	liketv.pe	1
SERVERCENTRAL	silikamoldeseinsumos.pe	1
latinoamericahosting.com	geoenv.pe	1
Red Cientifica Peruana	facoplast.pe	1
myfcloudfr.com	tabania.pe	1
CLOUDFLARENET	latinimages.pe	1
SERVERCENTRAL	origintoys.pe	1
SERVERCENTRAL	diarioelperuano.pe	1
AMAZON-02	biocryst.pe	1
Host Europe GmbH	britishkingdom.pe	1
Red Cientifica Peruana	integraproyectos.pe	1
apachelima.net	infotek.pe	1
CLOUDFLARENET	starbyte.pe	1
inmotionhosting.com	neven.pe	1
SERVERCENTRAL	streaming.pe	1
Dattatec.com	mapadvertising.pe	1
SINGLEHOP-LLC	servistream.pe	1
allcar.pe	aromaq.pe	1
UNIFIEDLAYER-AS-1	expochancay.pe	1
DIGITALOCEAN-ASN	ohmypet.pe	1
SERVERCENTRAL	cipal.pe	1
Red Cientifica Peruana	agriplant.pe	1
Akamai Connected Cloud	peruanos.pe	1
marketeatepe.com	fantasysexshop.pe	1
Red Cientifica Peruana	iberofarma.pe	1
AMAZON-02	metapwr.pe	1
DFW-DATACENTER	modelscenter.pe	1
hpserverdns.com	llevame.pe	1
inhostedns.com	GOOGLE	1
SERVERCENTRAL	alejandraguerrero.pe	1
hpserverdns.com	clinicasanmiguel.pe	1
SERVERCENTRAL	concretmarco.pe	1
OVH SAS	rki.pe	1
Red Cientifica Peruana	imagenes.pe	1
SERVERCENTRAL	estilocosmetics.pe	1
net.pe	cefib.pe	1
SERVERCENTRAL	asismica.pe	1
hpserverdns.com	powerpump.pe	1
Host Europe GmbH	arsmtp.com	1
com.pe	entelcc.pe	1
vpsfundacion.com	fundacionbbva.pe	1
Red Cientifica Peruana	realaudiencia.pe	1
PRIVATESYSTEMS	facturaeonline.pe	1
hostgator.com	hereditas.pe	1
Dattatec.com	balsamo.pe	1
AMAZON-02	f45.pe	1
SERVERCENTRAL	lolotec.pe	1
hpserverdns.com	brolem.pe	1
SERVERCENTRAL	dh.pe	1
OVH SAS	babymoov.pe	1
tecnoweb.net	minicomp.pe	1
SERVERCENTRAL	topgamers.pe	1
Red Cientifica Peruana	logra.pe	1
CLOUDFLARENET	hnosponce.pe	1
UNIFIEDLAYER-AS-1	planettravel.pe	1
AS-VULTR	ortopedia24horas.pe	1
AMAZON-02	juegosdidacticos.pe	1
tecnoweb.net	diprod.pe	1
OVH SAS	isocal.pe	1
SERVERCENTRAL	grupoalg.pe	1
Red Cientifica Peruana	exicombpo.pe	1
brialesoft.com	especialidadesmedicas.pe	1
dnsmisitio.net	yanapuma.pe	1
AMAZON-02	inkamaysalud.pe	1
Red Cientifica Peruana	bgalegal.pe	1
AMAZON-02	thegrowthhacker.pe	1
SERVERCENTRAL	publiventa.pe	1
hostgator.com	reactor.pe	1
OVH SAS	jolg.pe	1
Red Cientifica Peruana	asconsulting.pe	1
Dattatec.com	topoterra.pe	1
tecnoweb.net	goldenplast.pe	1
Host Europe GmbH	ohmyfood.pe	1
Hydra Communications Ltd	atcmovil.pe	1
NETWORK-SOLUTIONS-HOSTING	fleetec.pe	1
IOFLOOD	laportuaria.pe	1
SERVERCENTRAL	nada.pe	1
SERVERCENTRAL	todoazul.pe	1
nvme-server21.net	corladtacna.pe	1
AMAZON-02	peritum.pe	1
AMAZON-02	isocert.pe	1
SERVERCENTRAL	gastromedicsalud.pe	1
hpserverdns.com	queen.pe	1
AMAZON-02	lisig.pe	1
net.pe	estudioacosta.pe	1
Dattatec.com	couriercargo.pe	1
net.il	co.il	1
Atman Sp. z o.o.	aestudio.pe	1
araneape.com	agb.pe	1
OVH SAS	genesisbrokers.pe	1
net.pe	tokad.pe	1
ipdataperu.us	ianpa.pe	1
AMAZON-02	natureza.pe	1
DFW-DATACENTER	lya.pe	1
latinoamericahosting.com	inversionesjl.pe	1
silverhost.cl	nordicperu.pe	1
latinoamericahosting.com	extremesecurity.pe	1
NAMECHEAP-NET	kichwaperu.pe	1
CLOUDFLARENET	evaplay.pe	1
scania.com	seminuevos-scania.pe	1
LIQUIDWEB	cleando.pe	1
com.pe	altagracia.pe	1
CLOUDFLARENET	filmsperu.pe	1
INMOTION	aro.pe	1
Combell NV	ejm.pe	1
AMAZON-02	grupocorp.pe	1
IONOS SE	ZOHO Corporation B.V	1
dns.com	ttge.ru	3
SERVERCENTRAL	damour.pe	1
CLOUDFLARENET	appef.pe	1
hostgator.com	floripa.pe	1
hpserverdns.com	decofuego.pe	1
SERVERCENTRAL	farmaciaveterinaria.pe	1
supremepanel.com	maprodi.pe	1
Host Europe GmbH	premiumbeers.pe	1
Red Cientifica Peruana	cutmaster.pe	1
ikapla.com	zeibar.pe	1
dnsmisitio.net	erizarte.pe	1
GOOGLE	lisam.pe	1
gstechla.com	MICROSOFT-CORP-MSN-AS-BLOCK	1
ipcom GmbH	merckserono.ch	1
SERVERCENTRAL	inamesa.pe	1
OVH SAS	poolcafe.pe	1
Dattatec.com	planearte.pe	1
Red Cientifica Peruana	opticasos.pe	1
datastar.pe	MICROSOFT-CORP-MSN-AS-BLOCK	1
unknown	clinicasandamian.pe	1
itsportmanagement.com	ppasports.pe	1
WII	MICROSOFT-CORP-MSN-AS-BLOCK	1
CLOUDFLARENET	jopesa.pe	1
IOFLOOD	uk.pe	1
CLOUDFLARENET	artesana.pe	1
subciber.com	yuraq.pe	1
com.pe	southshipping.pe	1
SERVERCENTRAL	yoaprendo.pe	1
OVH SAS	ohuhuperu.pe	1
NETWORK-SOLUTIONS-HOSTING	jjdc.pe	1
suyana.com	CLOUDFLARENET	1
domain.tld	gltracker.pe	1
Red Cientifica Peruana	fms.pe	1
IOFLOOD	cbaconsulting.pe	1
tecnoweb.net	clinicavirgendelpilar.pe	1
planeatec.com	golazo.pe	1
net.pe	dacta.pe	1
AMAZON-02	rooms.pe	1
CLOUDFLARENET	sydgps.pe	1
poleras.pe	poleras.pe	1
Host Europe GmbH	fipes.pe	1
supremepanel.com	elregaloideal.pe	1
net.pe	sieweb.pe	1
doselesagencia.com	maderogroup.pe	1
geekstorage.com	MICROSOFT-CORP-MSN-AS-BLOCK	1
HVC-AS	transgruas.pe	1
indra.es	tecnocom.es	1
OVH SAS	lphtrading.pe	1
seisystemperu.com	cooperativasanfrancisco.pe	1
cronox.cloud	ipis.pe	1
DIMENOC	horizontal.pe	1
SECURITYSERVICES	b-mac.pe	1
SERVERCENTRAL	lumox.pe	1
net.pe	familia.pe	1
s-dns.de	MICROSOFT-CORP-MSN-AS-BLOCK	1
OVH SAS	sbtgroup.pe	1
hostgator.com	maximixe.pe	1
Aruba S.p.A.	dafnetsistemi.it	1
hostns.io	eleccionesperu.pe	1
SERVERCENTRAL	electrica.pe	1
hostgator.com	imaqsa.pe	1
soluciontotalbq.com	repuestosperu.pe	1
arvixeshared.com	teknaria.pe	1
unknown	sillasderuedas.pe	1
Red Cientifica Peruana	litoralpacifico.pe	1
vrvy.net	eurodns.com	1
lnx.pe	MICROSOFT-CORP-MSN-AS-BLOCK	1
hostns.io	ayccontadores.pe	1
SERVERCENTRAL	pixxel.pe	1
OVH SAS	lonon.pe	1
namehero.com	herculesatelier.pe	1
PONYNET	ckl.pe	1
Dattatec.com	lanoticia.pe	1
OVH SAS	educanet.pe	1
hostgator.com	picanews.pe	1
redtrabajar.com	redtrabajar.com	2
Host Europe GmbH	decofactory.pe	1
latinoamericahosting.com	sumaktravel.pe	1
pagesmx.com	globalfly.pe	1
PRIVATESYSTEMS	faktura.pe	1
WII	rosavel.pe	1
Red Cientifica Peruana	actym.pe	1
checkdomain.de	invisibobble.pe	1
hpserverdns.com	aum.pe	1
SECURITYSERVICES	acunainmobiliaria.pe	1
latinoamericahosting.com	bloport.pe	1
SERVERCENTRAL	notara.pe	1
unknown	ingeniosac.pe	1
Host Europe GmbH	Proton AG	1
ufinetlatam.net	ufinet.pe	1
Hetzner Online GmbH	tinytreats.pe	1
com.pe	elekeko.pe	1
hpserverdns.com	meta100.pe	1
AMAZON-02	ariza.pe	1
com.pe	jrmaquinarias.pe	1
net.pe	cecaec.pe	1
DIMENOC	aventurerossinlimites.pe	1
CLOUDFLARENET	serviciosglobales.pe	1
servernetworkdata.com	GOOGLE	1
CLOUDFLARENET	migente.pe	1
Red Cientifica Peruana	nakamine.pe	1
SERVERCENTRAL	micropigmentacion.pe	1
Akamai Connected Cloud	pacitas.pe	1
awkalegends.com	agenteinmobiliario.pe	1
unknown	ideal.pe	1
Red Cientifica Peruana	ludens.pe	1
interdomain.net	telxius.pe	1
SERVERCENTRAL	perustreaming.pe	1
IONOS SE	cavosa.pe	1
SECURITYSERVICES	chicharronesdonlucho.pe	1
Combell NV	beneit.pe	1
IOFLOOD	nitro.pe	1
hostgator.com	marketingdecontenidos.pe	1
AMAZON-02	trxbikes.pe	1
NETWORK-SOLUTIONS-HOSTING	labonbonniere.pe	1
SERVERCENTRAL	autogascenter.pe	1
AMAZON-02	tornisa.pe	1
dnsmisitio.net	imperiummarketing.pe	1
latinoamericahosting.com	evecreativehouse.pe	1
AMAZON-02	nutricionista.pe	1
DFW-DATACENTER	gaec.pe	1
DIMENOC	lavacaloca.pe	1
pay.bz	ibm.pe	1
smbnet.pe	smbnet.pe	1
A2HOSTING	appweb.pe	1
tecnoweb.net	ciape.pe	1
GANDI SAS	iphmx.com	1
SERVERCENTRAL	sonyc.pe	1
SERVERCENTRAL	fabiser.pe	1
CLOUDFLARENET	bulla.pe	1
Red Cientifica Peruana	mayday.pe	1
gilat.pe	GOOGLE	1
webhostinghub.com	pat.pe	1
NETWORK-SOLUTIONS-HOSTING	activacionesbtl.pe	1
tecnoweb.net	theharvester.pe	1
hostgator.com	valko.pe	1
hosting.pe	MICROSOFT-CORP-MSN-AS-BLOCK	1
Host Europe GmbH	kellerhair.pe	1
com.pe	lacaja.pe	1
ajmcloud.com	ultimatejourneys.pe	1
net.pe	thhr.pe	1
LEASEWEB-USA-DAL	jorgerosas.pe	1
hostingpe.net	terragel.pe	1
estelarhost.com	katary.pe	1
Red Cientifica Peruana	bioflash.pe	1
hostgator.com	itsoluciones.pe	1
CLOUDFLARENET	ielks.pe	1
tecnoweb.net	ofix.pe	1
OVH SAS	teclaser.pe	1
dnsmisitio.net	totora.pe	1
OVH SAS	servicioscontables.pe	1
Red Cientifica Peruana	fuelsys.pe	1
hostgator.com	saludvisual.pe	1
UNIFIEDLAYER-AS-1	techness.pe	1
OVH SAS	caofen.pe	1
Hetzner Online GmbH	excellentclassroom.pe	1
CLOUDFLARENET	cargopets.pe	1
OVH SAS	kamasa.pe	1
brinck.org	brinck.pe	1
CLOUDFLARENET	cybersecurity.pe	1
afraid.org	yr.pe	1
CLOUDFLARENET	envio.pe	1
SERVERCENTRAL	fyc.pe	1
net.pe	dukap.pe	1
Akamai Connected Cloud	barbarachavez.pe	1
memorykings.website	mkp.pe	1
CLOUDFLARENET	Soluciones Corporativas IP, SL	1
cdmon.net	MICROSOFT-CORP-MSN-AS-BLOCK	3
Red Cientifica Peruana	compusave.pe	1
dnsmisitio.net	lubreimp.pe	1
CLOUDFLARENET	beeline.pe	1
AMAZON-02	abra.pe	1
hostinglabs.net	hotelmurano.pe	1
hostgator.com	msa.pe	1
AMAZON-02	dooh.pe	1
Akamai Connected Cloud	sopecc.pe	1
hachete.com	trisehico.pe	1
SERVERCENTRAL	medicert.pe	1
pymedns.net	mrzr.pe	1
OVH SAS	lagrotta.pe	1
lineadns.com	MICROSOFT-CORP-MSN-AS-BLOCK	1
TIER-NET	biotekgroup.pe	1
Host Europe GmbH	dedo.pe	1
Dattatec.com	costerra.pe	1
CLOUDFLARENET	ventiplus.pe	1
OVH SAS	groupcabe.pe	1
AMAZON-02	sintagma.pe	1
apacheperu.net	sbc.pe	1
NL-811-40021	vmj.pe	1
OVH SAS	capitaldriver.pe	1
hostinglabs.net	favel.pe	1
PRIVATESYSTEMS	biogenomica.pe	1
hostinglabs.net	senpai.pe	1
AMAZON-02	intexstoreperu.pe	1
OVH SAS	danica.pe	1
net.pe	boyles.pe	1
GOOGLE-CLOUD-PLATFORM	ZOHO-AS	1
SERVERCENTRAL	tinyhouses.pe	1
nutacademia.com	buscatuempleo.pe	1
SERVERCENTRAL	soladesign.pe	1
SERVERCENTRAL	miradordelmonasterio.pe	1
CLOUDFLARENET	lincons.pe	1
CLOUDFLARENET	interinvestcorp.com	1
SECURITYSERVICES	plingest.com	1
SERVERCENTRAL	montefino.pe	1
unknown	enprimerplano.pe	1
IS-AS-1	aniwa.pe	1
inmotionhosting.com	datahosting.pe	1
divo.pe	divo.pe	1
AMAZON-02	movitec.pe	1
miserverhosting.com	lafabulosa.pe	1
gfireservers.in	dla.pe	1
hpserverdns.com	antara.pe	1
UNIFIEDLAYER-AS-1	btd.pe	1
CLOUDFLARENET	alucina.pe	1
CLOUDFLARENET	imanta.pe	1
SERVERCENTRAL	hevica.pe	1
legtux.org	legtux.org	1
Combell NV	ballistol.pe	1
SERVERCENTRAL	sistemacerts.pe	1
SERVERCENTRAL	prensatur.pe	1
NETWORK-SOLUTIONS-HOSTING	veloxcourier.pe	1
TIER-NET	GOOGLE	1
LIQUIDWEB	candados.pe	1
SERVERCENTRAL	vanduran.pe	1
hostgator.com	mochileros.pe	1
SECURITYSERVICES	duwi.pe	1
PRIVATESYSTEMS	pichanguita.pe	1
CLOUDFLARENET	upmom.pe	1
Red Cientifica Peruana	lunchs.pe	1
AS-VULTR	reparo.pe	1
PRIVATESYSTEMS	yatel.pe	1
planetahosting.pe	plagan.pe	1
IS-AS-1	casaofertas.pe	1
hostgator.com	vitai.pe	1
Dattatec.com	actigo.pe	1
Combell NV	lorenagaray.pe	1
CLOUDFLARENET	canalvirtual.pe	1
register.it	GOOGLE	1
Red Cientifica Peruana	iglesiacatolica.pe	1
NETWORK-SOLUTIONS-HOSTING	mundoinmobiliario.pe	1
Host Europe GmbH	top-jet.pe	1
brialesoft.site	mabiolab.pe	1
SERVERCENTRAL	stalex.pe	1
net.pe	hostinglabs.net	1
Red Cientifica Peruana	poc.pe	1
cdmon.net	fairwindows.pe	1
Red Cientifica Peruana	adminio.pe	1
mijndns.com	pidbox.pe	1
net.pe	helpdesk.pe	1
Red Cientifica Peruana	securiting.pe	1
AMAZON-02	ktw.pe	1
DIMENOC	besthome.pe	1
Host Europe GmbH	businessone.pe	1
erickapinedo.com	inmobiliariasevilla.pe	1
SERVERCENTRAL	brandgreen.pe	1
net.pe	decorwashi.pe	1
OVH SAS	mioferta.pe	1
Red Cientifica Peruana	madox.pe	1
SERVERCENTRAL	medicaljob.pe	1
AMAZON-02	cruisetopic.pe	1
SECURITYSERVICES	telkom.pe	1
gotechhost.com	flowerbox.pe	1
AMAZON-02	paypath.pe	1
SERVERCENTRAL	jpstylos.pe	1
yapehosting.com	archind.pe	1
Combell NV	elevaciondigital.pe	1
hostgator.com	programate.pe	1
WII	bijao.pe	1
mb-peru.com	patasdelalma.pe	1
CLOUDFLARENET	cemain.pe	1
CLOUDFLARENET	velocityenterprise.pe	1
SERVERCENTRAL	redalert.pe	1
latinoamericahosting.com	avl.pe	1
atiya.pe	atiya.pe	1
DIGITALOCEAN-ASN	maxicompra.pe	1
mihosting.net	gochemical.pe	1
Hetzner Online GmbH	grupocampoverde.pe	1
unknown	santacruzperu.pe	1
Red Cientifica Peruana	aparta.pe	1
Contabo GmbH	grupogyc.pe	1
AMAZON-02	vinali.pe	1
AMAZON-02	tetris.pe	1
lumine.host	ecarmotors.pe	1
SERVERCENTRAL	astrastudio.pe	1
chasquiserver.com	jyc.pe	1
SERVERCENTRAL	prowork.pe	1
SERVERCENTRAL	choetech.pe	1
SERVERCENTRAL	romogroup.pe	1
NETWORK-SOLUTIONS-HOSTING	adulting.pe	1
OVH SAS	ZOHO Corporation B.V	2
Red Cientifica Peruana	mujerbonita.pe	1
Hetzner Online GmbH	enviarosas.pe	1
Red Cientifica Peruana	totembrand.pe	1
DIMENOC	perubean.pe	1
CLOUDFLARENET	bsbc.pe	1
hpserverdns.com	acsac.pe	1
BIZLAND-SD	mma.pe	1
aspnix.com	anthus.pe	1
SERVERCENTRAL	tdecora.pe	1
AS-VULTR	arura.pe	1
IOFLOOD	sylko.pe	1
latinoamericahosting.com	evasoft.pe	1
Dattatec.com	worksolutions.pe	1
nsresponse.com	cirugiaestetica.pe	1
DFW-DATACENTER	inforec.pe	1
Red Cientifica Peruana	avantis.pe	1
SERVERCENTRAL	molfino.pe	1
Red Cientifica Peruana	grupovg.pe	1
CLOUDFLARENET	inkaniserver.net	1
Host Europe GmbH	hemisferio.pe	1
Dattatec.com	plaft.pe	1
fbxbikes.com	vidamascota.pe	1
hpserverdns.com	zotano.pe	1
BIZLAND-SD	ipage.com	2
OVH SAS	eclisse.pe	1
AMAZON-02	elap.pe	1
AMAZON-02	aglab.pe	1
SERVERCENTRAL	autogo.pe	1
PRIVATESYSTEMS	salondelcacaoychocolate.pe	1
pluxhost.com	eventicket.pe	1
DFW-DATACENTER	globotel.pe	1
com.pe	recargas.pe	1
AMAZON-02	hotelcolomba.pe	1
AMAZON-02	tudetectorperu.pe	1
xc-ns.de	witglobal.net	1
hpserverdns.com	merit.pe	1
Red Cientifica Peruana	dimegsa.pe	1
servidoraweb.net	linguando.pe	1
AMAZON-02	powerkpi.pe	1
hpserverdns.com	fullvita.pe	1
OVH SAS	berriesdelperu.pe	1
SERVERCENTRAL	tiger.pe	1
planetahosting.pe	sienerg.pe	1
WHG Hosting Services Ltd	quadro.pe	1
AMAZON-02	salusmundi.pe	1
Akamai Connected Cloud	elmote.pe	1
CLOUDFLARENET	independiente.pe	1
CLOUDFLARENET	skilltech.pe	1
hostinglabs.net	kulkao.pe	1
SECURITYSERVICES	seincon.pe	1
hstgr.cloud	misfacturas.pe	1
asmallorange.com	psicocan.pe	1
SERVERCENTRAL	blackwolf.pe	1
AMAZON-02	dompolski.pe	1
net.pe	unexos.pe	1
SERVERCENTRAL	vidaempresarial.pe	1
net.pe	hsmn.pe	1
99vpn.pro	gamerbit.pe	1
SERVERCENTRAL	recuperate.pe	1
hosting.pe	turiweb.pe	1
latinoamericahosting.com	guerin.pe	1
hpserverdns.com	hotelgoldenstar.pe	1
Red Cientifica Peruana	inmobiliariapacifico.pe	1
com.pe	cfacuna.pe	1
net.pe	malvex.pe	1
CLOUDFLARENET	mapa.pe	1
net.pe	pranor.com	1
CLOUDFLARENET	importadorabela.pe	1
SERVERCENTRAL	seguridadtactica.pe	1
wperu.com	arpec.pe	1
Red Cientifica Peruana	monarisa.pe	1
SERVERCENTRAL	myrgroup.pe	1
NETWORK-SOLUTIONS-HOSTING	arqcons.pe	1
apacheperu.info	ostos.pe	1
CLOUDFLARENET	pag.pe	1
CLOUDFLARENET	digitaldocs.pe	1
Combell NV	FORTINET	1
SERVERCENTRAL	vertigo.pe	1
hostinglabs.net	cerroazul.pe	1
iaservernauru.com	jbabogado.pe	1
CLOUDFLARENET	rdg.pe	1
servidoresseguros.com	elhornerolamolina.pe	1
hostgator.com	icveritas.pe	1
net.pe	gstech.pe	1
CLOUDFLARENET	vidaxl.pe	1
AMAZON-02	zeelly.pe	1
ehostingperu.net	boletoperu.pe	1
com.pe	petrolservice.pe	1
SERVERCENTRAL	ultimate.pe	1
Contabo GmbH	dbsconsulting.pe	1
DIMENOC	deporteros.pe	1
Host Europe GmbH	apisunat.pe	1
Red Cientifica Peruana	clinicaenelhogar.pe	1
AMAZON-02	innovek.pe	1
mts.net	hudbayminerals.pe	1
AMAZON-02	andeangeology.pe	1
net.pe	engroup.pe	1
infocoders.com	medicentral.pe	1
Red Cientifica Peruana	bernibakery.pe	1
hostgator.com	practicare.pe	1
dailyrazor.com	lanpro.pe	1
CLOUDFLARENET	infinitybrands.pe	1
dnsmisitio.net	intellio.pe	1
IOFLOOD	xcontrol.pe	1
planetahosting.pe	enercorp.pe	1
mydnspt.net	cleanmx.pt	1
mihosting.net	firetech.pe	1
AMAZON-02	naturalcenter.pe	1
SERVERCENTRAL	carusso.pe	1
SERVERCENTRAL	yume.pe	1
SERVERCENTRAL	cortiflex.pe	1
admeli.com	heyperu.pe	1
SINGLEHOP-LLC	elsvan.pe	1
UNIFIEDLAYER-AS-1	insumed.pe	1
ORACLE-BMC-31898	matter.pe	1
nsprimario.com	hidroglobal.pe	1
Red Cientifica Peruana	quarks.pe	1
SERVERCENTRAL	collamin.pe	1
SERVERCENTRAL	respiracusco.pe	1
dnsmisitio.net	sensing.pe	1
SERVERCENTRAL	blackbird.pe	1
SERVERCENTRAL	ergonomica.pe	1
dnsmisitio.net	northglass.pe	1
latinoamericahosting.com	intecan.pe	1
wrdns.it	retinamail.it	1
supremepanel.com	mueblesdeterraza.pe	1
net.pe	smv.pe	1
gruponexcorp.com	nexdata.pe	1
contabo.net	crecenegocio.pe	1
NETWORK-SOLUTIONS-HOSTING	mifirma.pe	1
Red Cientifica Peruana	perumovil.pe	1
ninjahosting.pe	ZOHO-AS	3
Dattatec.com	bioceutica.pe	1
unknown	cafequipos.pe	1
OVH SAS	sqin.pe	1
sipanserver.com	MICROSOFT-CORP-MSN-AS-BLOCK	2
contabo.net	marketingdirectoperu.pe	1
CLOUDFLARENET	cantarana.pe	1
NETWORK-SOLUTIONS-HOSTING	biosalud.pe	1
apacheplumadorada.info	autoriente.pe	1
ccapahosting.com	workoutactivewear.pe	1
Host Europe GmbH	avalperu.pe	1
ORACLE-BMC-31898	recursostecnologicos.pe	1
K Media Tech Ltd.	cop20.pe	1
AMAZON-02	lal.pe	1
AMAZON-02	ecograph.pe	1
isuredid.com	servidor.pe	1
Combell NV	piscospersonalizados.pe	1
SERVERCENTRAL	qtc.pe	1
SERVERCENTRAL	geckoracing.pe	1
NL-811-40021	iconsultor.pe	1
koschier.at	MICROSOFT-CORP-MSN-AS-BLOCK	1
DIGICERT	kurtovic.pe	1
AMAZON-02	zwsoft.pe	1
hpserverdns.com	misitio.pe	1
CLOUDFLARENET	norseg.pe	1
Red Cientifica Peruana	ilopez.pe	1
SERVERCENTRAL	workclub.pe	1
com.pe	fullingenieria.pe	1
css360.pe	cybertron.pe	1
PONYNET	manosanta.pe	1
hpserverdns.com	grupofam.pe	1
AMAZON-02	titanhq.com	1
hostingenred.online	educacionenred.pe	1
Hetzner Online GmbH	cortinas.pe	1
DinaHosting S.L.	covema.pe	1
hostgator.com	modabell.pe	1
Red Cientifica Peruana	matrimonioyfamilia.pe	1
SERVERCENTRAL	smartingenieros.pe	1
AMAZON-02	sumon.pe	1
SECURITYSERVICES	YANDEX LLC	2
introdns.com	apply.pe	1
Hetzner Online GmbH	iaperu.pe	1
hostgator.com	caciquehotel.pe	1
IS-AS-1	amap.pe	1
OVH SAS	tecorp.pe	1
Red Cientifica Peruana	coet.pe	1
Combell NV	mararte.pe	1
INMOTION	zebraestudio.pe	1
server-phsperu.com	worldshipments.pe	1
SERVERCENTRAL	edsa.pe	1
SERVERCENTRAL	faeda.pe	1
SERVERCENTRAL	egc.pe	1
SERVERCENTRAL	tvl.pe	1
redundant-dns.net	GOOGLE	1
net.pe	linaresabogados.pe	1
hpserverdns.com	soft-consulting.pe	1
Combell NV	verasalon.pe	1
gopublicis.com	eurocable.pe	1
CLOUDFLARENET	biomedsoft.pe	1
net.pe	astrobrands.pe	1
OVH SAS	sachun.pe	1
net.pe	quierohosting.es	1
CLOUDFLARENET	plango.pe	1
lfmserver.com	clika.pe	1
BIZLAND-SD	frilea.pe	1
hpserverdns.com	creando.pe	1
SERVERCENTRAL	tes.pe	1
AMAZON-02	ozschools.pe	1
SERVERCENTRAL	ltv.pe	1
AMAZON-02	vierge.pe	1
LVLT-3549	360tyres.pe	1
net.pe	terrakota.pe	1
AMAZON-02	imatra.pe	1
mihosting.net	insegroup.pe	1
RELIABLESITE	mochiomochi.pe	1
unknown	hotelurpi.pe	1
hostgator.com	asesoriainmobiliaria.pe	1
planetahosting.pe	starpil.pe	1
UNIFIEDLAYER-AS-1	logotec.pe	1
Dattatec.com	evone.pe	1
net.pe	hyla.pe	1
kreativoweb.com	inkabus.pe	1
AMAZON-02	educare.pe	1
AS-30083-US-VELIA-NET	fauna.pe	1
dnsmisitio.net	ebalab.pe	1
Akamai Connected Cloud	danielcastaneda.pe	1
SERVERCENTRAL	crackstudio.pe	1
DIMENOC	nflogistics.pe	1
CLOUDFLARENET	seaperu.pe	1
AMAZON-02	kinetix.pe	1
Combell NV	conectaconsulting.pe	1
SERVERCENTRAL	biensalud.pe	1
Combell NV	rfz.pe	1
SERVERCENTRAL	mudanzasenarequipa.pe	1
tecnoweb.net	protecsecurity.pe	1
hostcuteperu.com	crealab.pe	1
CLOUDFLARENET	2tech.pe	1
Hetzner Online GmbH	izifact.pe	1
Atman Sp. z o.o.	tamishop.pe	1
com.pe	dercas.pe	1
CLOUDFLARENET	hogalia.pe	1
GOOGLE-CLOUD-PLATFORM	MICROSOFT-CORP-MSN-AS-BLOCK	1
SERVERCENTRAL	cdindustrial.pe	1
dnsmisitio.net	modecan.pe	1
CLOUDFLARENET	barriodragon.pe	1
polkamasterserver.net	gwc.pe	1
eleven2.com	grupoleon.pe	1
creativeandpublishers.com	rap.pe	1
rexserver.com	prevensys.pe	1
AMAZON-02	zyber.pe	1
SERVERCENTRAL	villegas.pe	1
Host Europe GmbH	apropal.pe	1
SERVERCENTRAL	corporacionindustrial.pe	1
AMAZON-02	rislone.pe	1
NTHL	digitalwings.pe	1
NETWORK-SOLUTIONS-HOSTING	conceptual.pe	1
MICROSOFT-CORP-MSN-AS-BLOCK	expressnet.pe	1
CLOUDFLARENET	bioarray.pe	1
Host Europe GmbH	aapzconsulting.pe	1
planetahosting.pe	ZOHO-AS	2
AMAZON-02	elproveedor.pe	1
SERVERCENTRAL	moland.pe	1
efapel.pt	efapel.pe	1
DIMENOC	investigacionjuridica.pe	1
riversys.net	ifitsa.pe	1
Combell NV	quintillab.pe	1
GOOGLE	orientacionlegal.pe	1
hostgator.com	cajonfestival.pe	1
Dattatec.com	kantokaraoke.pe	1
SECURITYSERVICES	gruposolve.pe	1
educaperu.org	eventia.pe	1
ecohosting.cl	hude.pe	1
OVH SAS	servilinemaqeirl.pe	1
webspymes.com	laluz.pe	1
abcfireperu.com	lucesdeemergencia.pe	1
SERVERCENTRAL	ani.pe	1
NL-811-40021	decisionmaking.pe	1
serverms1.com	kenexcorp.pe	1
RELIABLESITE	tecomproperu.pe	1
NOCPERU-LATIN TECHNOLOGIES	mcn.pe	1
infectedstore.com	grupodlc.pe	1
hostgator.com	limlogistics.pe	1
dhn.cl	mastips.pe	1
Red Cientifica Peruana	ihb.pe	1
OVH SAS	biogance.pe	1
PRIVATESYSTEMS	gestana.pe	1
sotecha.com	zoco.pe	1
net.pe	ecosoft.pe	1
planetahosting.pe	lacerveteca.pe	1
CLOUDFLARENET	want.pe	1
RELIABLESITE	radarinmobiliario.pe	1
SERVERCENTRAL	fortaingenieria.pe	1
ninjahosting.pe	equifarma.pe	1
neo-techconsulting.com	insutec.pe	1
perunova.org	earthfirst.pe	1
digitaltacticperu.com	aguardiente.pe	1
hpserverdns.com	iphmx.com	1
xkno-agencia.com	spazioperu.pe	1
hostgator.com	autobacks.pe	1
NETWORK-SOLUTIONS-HOSTING	suzukimaster.pe	1
AMAZON-02	trackma.pe	1
IOFLOOD	fosso.pe	1
inmotionhosting.com	delande.pe	1
SERVERCENTRAL	interforce.pe	1
somostuhosting.com	funerariasperu.pe	1
easydns.ca	tai.pe	1
yourwebhosting.com	fuxion.pe	1
NL-811-40021	goldenasset.pe	1
Red Cientifica Peruana	d2dretail.pe	1
OVH SAS	gestioneducativa.pe	1
SERVERCENTRAL	dermatologiaperuana.pe	1
AMAZON-02	greenlam.pe	1
net.pe	agromarket.pe	1
OVH SAS	influencr.pe	1
Red Cientifica Peruana	deustua.pe	1
SERVERCENTRAL	micertificado.pe	1
dnsmisitio.net	sapphire.pe	1
mydnsservice.com	solucionestic.pe	1
hostnauta.com	bioagro.pe	1
inkodex.com	ZOHO-AS	1
net.pe	sorex.pe	1
CLOUDFLARENET	trendyshop.pe	1
SOFTLAYER	aihec.pe	1
hpserverdns.com	esteticadental.pe	1
bimmers.pe	bimmers.pe	1
hostinglabs.net	delibros.pe	1
evo.org	GOOGLE	1
Contabo GmbH	mundogourmet.pe	1
latinoamericahosting.com	sixecom.pe	1
brownservers.xyz	mediatel.pe	1
net.pe	sexypower.pe	1
Hetzner Online GmbH	gymdo.pe	1
hostgator.com	arquicasa.pe	1
CLOUDFLARENET	demos.pe	1
CLOUDFLARENET	sermedial.pe	1
Dattatec.com	dsc.pe	1
IS-AS-1	centineladigital.pe	1
Host Europe GmbH	eglobalhost.com	1
Host Europe GmbH	sorora.pe	1
latinoamericahosting.com	plazacivica.pe	1
Red Cientifica Peruana	braviasupply.pe	1
TIER-NET	begonias.pe	1
ORACLE-BMC-31898	ofertaydemanda.pe	1
hostgator.com	monicarosas.pe	1
Servicios Informaticos Hostname Ltda	gregario.pe	1
CLOUDFLARENET	bitsupport.lat	1
nexloc.ro	albuferamediomundo.pe	1
novelix.pe	FORTINET	1
minings.pe	minings.pe	1
zonaperu.com	arcus.pe	1
hostgator.com	premier.pe	1
hostgator.com	cengine.pe	1
SERVERCENTRAL	mitecho.pe	1
IOFLOOD	mibla.pe	1
latinoamericahosting.com	deporflex.pe	1
Red Cientifica Peruana	itelcom.pe	1
sipanserver.com	groupmit.pe	1
renta4.es	renta4banco.pe	1
DIMENOC	safetyinnovation.pe	1
dsg.pe	dsg.pe	1
hostgator.com	cicp.pe	1
CLOUDFLARENET	hydrocar.pe	1
PRIVATESYSTEMS	gamerica.pe	1
hostgator.com	dxs.pe	1
Cloudi Nextgen Sl	turismoflores.pe	1
net.pe	ojospropios.pe	1
SERVERCENTRAL	maruyama.pe	1
MICROSOFT-CORP-MSN-AS-BLOCK	bata.com	2
ninjahosting.pe	lithdechocolat.pe	1
LEASEWEB-USA-DAL	rockstar.pe	1
AMAZON-02	gamingmedia.pe	1
HVC-AS	innobrand.pe	1
somoswebmaster.com	uruperu.pe	1
com.pe	figarolo.pe	1
CLOUDFLARENET	wowplay.pe	1
vspain.net	MICROSOFT-CORP-MSN-AS-BLOCK	1
AS-30083-US-VELIA-NET	industrias.pe	1
planetahosting.pe	cni.pe	1
cylex.de	cylex.de	1
hostingcti.com	soporteg.pe	1
pixerama.com	fashionkids.pe	1
Xtudio Networks S.L.U.	capacitacionperu.pe	1
com.pe	abcbusiness.pe	1
transmisores.pe	transmisores.pe	1
DFW-DATACENTER	forpro.pe	1
Red Cientifica Peruana	coachinglab.pe	1
planetahosting.pe	tourparacas.pe	1
yhoma.website	horte.pe	1
SERVERCENTRAL	slash.pe	1
inmotionhosting.com	direlivkom.pe	1
Hetzner Online GmbH	equilibriovital.pe	1
one.com	ppe-hosted.com	1
AMAZON-02	inventory.pe	1
SERVERCENTRAL	doctorshouse.pe	1
inhostingperu.com	magimport.pe	1
repartidoor.com	zuri.pe	1
quicns.cloud	ikaro.pe	1
unknown	tonermarket.pe	1
supremepanel.com	danieladarcourt.pe	1
SERVERCENTRAL	foretag.pe	1
OVH SAS	iniciativa.pe	1
SERVERCENTRAL	wiwi.pe	1
latinoamericahosting.com	glassstore.pe	1
AMAZON-02	yourtrip.pe	1
hostgator.com	arevaloabogados.pe	1
boxost.com	quis.pe	1
Combell NV	tecnimax.pe	1
mascotasseguros.com	carbao.pe	1
cajamarcahost.com	tlp.pe	1
PRIVATESYSTEMS	mimaquina.pe	1
UNIFIEDLAYER-AS-1	cscons.pe	1
aicorpweb.com	alguimar.pe	1
Soluciones Corporativas IP, SL	ZOHO-AS	1
CLOUDFLARENET	dominioweb.pe	1
OVH SAS	olrent.pe	1
Xtudio Networks S.L.U.	alternadores.pe	1
CLOUDFLARENET	centrox.pe	1
WII	comprobante-electronico.pe	1
SSASN2	madcontent.pe	1
CLOUDFLARENET	vudu.pe	1
Combell NV	resiliente.pe	1
CLOUDFLARENET	sotupa.pe	1
TIER-NET	peruvegan.pe	1
AMAZON-02	littlemic.pe	1
AMAZON-02	ferrepac.pe	1
bosch.de	MICROSOFT-CORP-MSN-AS-BLOCK	1
pymedns.net	lmcpower.pe	1
SERVERSTACK-ASN	pornbox.pe	1
SERVERCENTRAL	saso.pe	1
dehosting.net	bazarperu.pe	1
SERVERCENTRAL	materialpop.pe	1
CLOUDFLARENET	ineur.pe	1
latinoamericahosting.com	adnlogistica.pe	1
Red Cientifica Peruana	cidemec.pe	1
net.pe	globalmediagroup.pe	1
tecnoweb.net	grupozhuang.pe	1
AMAZON-02	ferymar.pe	1
GANDI SAS	GO-DADDY-COM-LLC	1
agenciadigitalhosting.com	solurbano.pe	1
visistemas.com	hlm.pe	1
nearlyfreespeech.net	GOOGLE	1
CLOUDFLARENET	wecom.pe	1
host-fusion.com	GOOGLE	1
LEASEWEB-USA-DAL	artaban.pe	1
IS-AS-1	boheme.pe	1
AMAZON-02	49.227	1
GANDI SAS	lanetcie.com	1
megashosting.com	making.pe	1
ciscloud.net	lexitrans.pe	1
servernetworkdata.com	diagnosticomedico.pe	1
Red Cientifica Peruana	novaprint.pe	1
hpserverdns.com	keepfit.pe	1
hpserverdns.com	aynione.pe	1
Host Europe GmbH	lbresources.pe	1
CLOUDFLARENET	pinup-casino.pe	1
IS-AS-1	metaverse.pe	1
Dattatec.com	lazarus.pe	1
IWEB-AS	superhosting.pe	1
dns-peru.com	sapisa.pe	1
OVH SAS	ecolavado.pe	1
Hetzner Online GmbH	masterfix.pe	1
SECURITYSERVICES	kingnova.pe	1
temok.com	digitalgreen.pe	1
hostgator.com	cafehub.pe	1
SERVERCENTRAL	koreanbeauty.pe	1
AMAZON-02	consultel.pe	1
codeplex.pe	ivanti.pe	1
SERVERCENTRAL	promoventas.pe	1
SERVERCENTRAL	bravery.pe	1
SERVERCENTRAL	arestrade.pe	1
ingenioyarte.com	artistec.pe	1
pagesmx.com	3dsystems.pe	1
CLOUDFLARENET	inkanetperu.com	1
tecnoweb.net	abogalia.pe	1
SERVERCENTRAL	transporte.pe	1
admeli.com	grupovision.pe	1
UNIFIEDLAYER-AS-1	cosmossl.pe	1
laprincipal.pe	laprincipal.pe	1
SERVERCENTRAL	eltuboperuano.pe	1
tienda-digital.com	aklla.pe	1
Hetzner Online GmbH	celebritycombat.pe	1
hostgator.com	arqueologia.pe	1
AMAZON-02	neumasur.pe	1
Host Europe GmbH	jemur.pe	1
serverspe.com	passaya.pe	1
CLOUDFLARENET	mimail.pe	1
ibm.com	efact.pe	1
SERVERCENTRAL	msl.pe	1
OVH SAS	cavalcanti.pe	1
ns0.nl	ns0.nl	1
AMAZON-02	crecemas.pe	1
SERVERCENTRAL	patriciosuarezvertiz.pe	1
Red Cientifica Peruana	transportesleo.pe	1
GOOGLE	ZOHO Corporation B.V	1
hpserverdns.com	calton.pe	1
rsasoluciones.com	globalps.pe	1
desor.pe	desor.pe	1
SERVERCENTRAL	vetplace.pe	1
DIGICERT	pphosted.com	1
SERVERCENTRAL	polienvases.pe	1
net.pe	aapzconsulting.pe	1
Contabo GmbH	gedetel.pe	1
ninjahosting.pe	textilpuntobello.pe	1
CLOUDFLARENET	viniteca.pe	1
dnssyn.de	home2go.pe	1
plusdigital.pe	plusdigital.pe	1
alfahosting.info	dieseldorff.pe	1
SERVERCENTRAL	sonaraudio.pe	1
OVH SAS	netcontactbpo.pe	1
OVH SAS	absi.pe	1
SERVERCENTRAL	capitalsolutions.pe	1
netdataperu.com	albanil.pe	1
Dattatec.com	inval.pe	1
Akamai Connected Cloud	grupoarisha.pe	1
Dattatec.com	btr.pe	1
CLOUDFLARENET	url.pe	1
virtualns.net	gaviotagroup.pe	1
OVH SAS	europeos.pe	1
Red Cientifica Peruana	iluminart.pe	1
hostinglabs.net	hostinglabs.net	1
CLOUDFLARENET	oncologiaocular.pe	1
AMAZON-02	neuflex.pe	1
latinoamericahosting.com	colda.pe	1
SERVERCENTRAL	tecnoflash.pe	1
CLOUDFLARENET	macrogestion.pe	1
IWEB-AS	safetyleaders.pe	1
hostingroup.com	geodrillingperu.pe	1
SERVERCENTRAL	potenta.pe	1
momentum-cloud.com	replayperu.pe	1
AMAZON-02	mihabi.pe	1
superhosting.bg	freespinz.pe	1
Contabo GmbH	estudiogalvez.pe	1
DFW-DATACENTER	acasesores.pe	1
SERVERCENTRAL	sevina.pe	1
infocoders.com	skyrunning.pe	1
COLINANET S.A.	GOOGLE	1
gbchosting.net	gbcpay.pe	1
hostgator.com	mkfitness.pe	1
CLOUDFLARENET	tutanota.de	2
dns1.de	emh.pe	1
OVH SAS	gyt.pe	1
NETWORK-SOLUTIONS-HOSTING	michafoods.pe	1
Akamai International B.V.	co.uk	1
Red Cientifica Peruana	alihouse.pe	1
hpserverdns.com	paitan.pe	1
dnsmisitio.net	sinerge.pe	1
BIZLAND-SD	rapigas.pe	1
Combell NV	queloides.pe	1
net.pe	ugarte.pe	1
hispalisdns.com	yellows.pe	1
CLOUDFLARENET	do.pe	1
Dattatec.com	innovamix.pe	1
ninjahosting.pe	recallagency.pe	1
hpserverdns.com	intercaster.pe	1
Red Cientifica Peruana	peruana.pe	1
SECURITYSERVICES	elberebere.pe	1
AMAZON-02	shinternational.pe	1
AMAZON-02	trendmicro.com	2
RELIABLESITE	barahona.pe	1
CLOUDFLARENET	familycare.pe	1
net.pe	dreamhouse.pe	1
net.pe	centraltec.pe	1
RELIABLESITE	nvisual.pe	1
com.pe	varesina.pe	1
abltech-erp.com	abltech.pe	1
AMAZON-02	matchakaori.pe	1
DIMENOC	asitec.pe	1
SERVERCENTRAL	ezdisplay.pe	1
cdmon.net	roarsa.pe	1
SERVERCENTRAL	vetnova.pe	1
Red Cientifica Peruana	casalola.pe	1
NTHL	lucorp.pe	1
OVH SAS	multipel.pe	1
Cloud DNS Ltd	beetracer.pe	1
com.pe	seigem.pe	1
ehostingperu.net	grupoar.pe	1
NETWORK-SOLUTIONS-HOSTING	ddac.pe	1
DFW-DATACENTER	gbsperu.pe	1
OVH SAS	inmero.pe	1
server-site.com	cesarperez.pe	1
NETWORK-SOLUTIONS-HOSTING	ags.pe	1
SERVERCENTRAL	mastercoach.pe	1
CLOUDFLARENET	kichic.pe	1
dnsmisitio.net	paquevendas.pe	1
linode.com	chaosads.com	1
hostiago.com	romex.pe	1
SERVERCENTRAL	redwall.pe	1
Red Cientifica Peruana	norteverde.pe	1
SERVERCENTRAL	bpm.pe	1
truehostdns.com	arnet.pe	1
SERVERCENTRAL	danileo.pe	1
Combell NV	first.pe	1
dnsmisitio.net	estudiogarcia.pe	1
AMAZON-02	eg-abogados.pe	1
CLOUDFLARENET	feelinglucky.net	1
Host Europe GmbH	andrimar.pe	1
telmexchile.cl	MICROSOFT-CORP-MSN-AS-BLOCK	1
PRIVATESYSTEMS	moldimetal.pe	1
AMAZON-02	datasolutions.pe	1
Contabo GmbH	lumbreras.pe	1
cloudns.net	website.es	1
swizzonic.ch	switchplus-mail.ch	1
Dattatec.com	intemax.pe	1
hpserverdns.com	salsaschool.pe	1
inmotionhosting.com	xanko.pe	1
Red Cientifica Peruana	alturasoluciones.pe	1
com.pe	cipsa.pe	1
net.pe	winpe.pe	1
Dattatec.com	rolinsa.pe	1
SERVERCENTRAL	intertools.pe	1
celamex.education	skillup.pe	1
CLOUDFLARENET	turingsystems.pe	1
fenixhosting.net	tacticloud.pe	1
net.pe	altavoz.pe	1
CLOUDFLARENET	argollafc.pe	1
d-vlant3.com	fibratotal.pe	1
hostgator.com	yess.pe	1
sipanserver.com	amcologistics.pe	1
UNIFIEDLAYER-AS-1	framor.pe	1
AMAZON-02	fitmedpro.pe	1
AMAZON-02	tombola.pe	1
SERVERCENTRAL	pwconsulting.pe	1
linode.com	sigf.pe	1
SERVERCENTRAL	tiendadelmecanico.pe	1
latinoamericahosting.com	pswsa.pe	1
SERVERCENTRAL	boliviana.pe	1
SERVERCENTRAL	energypro.pe	1
CLOUDFLARENET	sensilis.pe	1
SECURITYSERVICES	covermore.pe	1
AMAZON-02	neilmed.pe	1
Red Cientifica Peruana	multiutilessac.pe	1
newfield.cl	verbux.com	1
BIZLAND-SD	pasac.pe	1
SERVERCENTRAL	lockersmetalicos.pe	1
hpserverdns.com	mediainnova.pe	1
PRIVATESYSTEMS	altaprevencion.pe	1
server-novocreativo.com	lalancha.pe	1
Red Cientifica Peruana	adh.pe	1
monsterbigapps.com	aitmedical.pe	1
SERVERCENTRAL	tamsac.pe	1
Red Cientifica Peruana	arug.pe	1
lf.net	pcom.de	1
webhostingpad.com	GOOGLE	1
hostgator.com	perucompras.pe	1
CLOUDFLARENET	goberna.pe	1
vercel-dns-3.com	vercel-dns.com	1
Red Cientifica Peruana	natunor.pe	1
altavoz.net	GOOGLE	1
SERVERCENTRAL	grupohd.pe	1
DIGITALOCEAN-ASN	fritecsa.pe	1
PRIVATESYSTEMS	osmosisinversa.pe	1
Red Cientifica Peruana	powerman.pe	1
hostgator.com	whynot.pe	1
hpserverdns.com	svf.pe	1
CLOUDFLARENET	motobombas.pe	1
hostinglabs.net	facture.pe	1
IWEB-AS	mergeintelligence.pe	1
grupo-update.com	update.pe	1
mejorhostingperu.com	GOOGLE	1
planetahosting.pe	gallius.pe	1
tusaccesoriosperu.com	mwasociados.pe	1
UNIFIEDLAYER-AS-1	alojaweb.pe	1
Host Europe GmbH	vet1.pe	1
hostinglabs.net	cultivares.pe	1
Host Europe GmbH	juliocrespo.pe	1
CLOUDFLARENET	phoenixp.pe	1
protecnologia.pe	MICROSOFT-CORP-MSN-AS-BLOCK	1
multinnovasac.company	aquachic.pe	1
dnsexterno.com	versusbet.pe	1
tecnoweb.net	ae.pe	1
Red Cientifica Peruana	gpe.pe	1
updatemarketingperu.com	pielcare.pe	1
artwebsystem.com	ssomaperu.pe	1
Red Cientifica Peruana	rsconsultores.pe	1
HOSTING.	credipay.pe	1
AMAZON-02	invicta.pe	1
Dattatec.com	latinnova.pe	1
CLOUDFLARENET	gestionalo.pe	1
Hetzner Online GmbH	fernanaltuve.pe	1
net.pe	titanhq.com	1
nsentry.de	energybody.pe	1
latinoamericahosting.com	peru51barbershop.pe	1
OVH SAS	kpos.pe	1
SERVERCENTRAL	iqts.pe	1
net.pe	drcloud.pe	1
Host Europe GmbH	vtjet.pe	1
gen.pe	gen.pe	1
Combell NV	customfx.pe	1
inkayniperutours.com	incatrailtomachupicchu.pe	1
AMAZON-02	uptiti.pe	1
NL-811-40021	emeral.pe	1
supremepanel.com	arteweb.pe	1
hpserverdns.com	jssac.pe	1
SERVERCENTRAL	focusbrands.pe	1
SERVERCENTRAL	pequetienda.pe	1
CLOUDFLARENET	tesis.pe	1
latinoamericahosting.com	simulacionclinica.pe	1
vdo-peru.us	ghalaperu.pe	1
SERVERCENTRAL	solucont.pe	1
AMAZON-02	flipoo.pe	1
Hetzner Online GmbH	kelme.pe	1
Dattatec.com	mindbi.pe	1
SERVERCENTRAL	americaminera.pe	1
SERVERCENTRAL	casaflorez.pe	1
hpserverdns.com	peruclick.pe	1
CLOUDFLARENET	aliados.pe	1
DIMENOC	apec.pe	1
hpserverdns.com	emarketing.pe	1
dns-principal-25.com	creditexport.pe	1
CLOUDFLARENET	tresjolie.pe	1
SERVERCENTRAL	radiomix.pe	1
pymedns.net	infinitycorp.pe	1
CLOUDFLARENET	albertozavala.pe	1
OVH SAS	geo-obras.pe	1
Hetzner Online GmbH	nexostore.pe	1
OVH SAS	fyhgroup.pe	1
net.pe	ipromec.pe	1
CLOUDFLARENET	ath-moto.pe	1
AMAZON-02	control360.pe	1
SERVERCENTRAL	grupoterrasun.pe	1
hpserverdns.com	hostingperu.pe	1
NETWORK-SOLUTIONS-HOSTING	sannicolasdeazpitia.pe	1
AMAZON-02	dmax.pe	1
latinoamericahosting.com	konarq.pe	1
awardspace.com	newtek.pe	1
net.pe	sumaqviajes.pe	1
OVH SAS	mermach.pe	1
webaccountserver.com	mgc.pe	1
hostgator.com	daber.pe	1
IS-AS-1	eic-peru.pe	1
planetahosting.pe	tprime.pe	1
CLOUDFLARENET	mavila.pe	1
CLOUDFLARENET	kadima-solutions.com	1
AMAZON-02	playwood.pe	1
hostingcti.com	ingem.pe	1
UNIFIEDLAYER-AS-1	spizza.pe	1
SERVERCENTRAL	diarionoticias.pe	1
hostinglabs.net	sanfernando.pe	1
tcdaza.com	mihotel.pe	1
CLOUDFLARENET	nstores.pe	1
SERVERCENTRAL	sociofinanciero.pe	1
NETWORK-SOLUTIONS-HOSTING	vitalia.pe	1
SERVERCENTRAL	tuproveedor.pe	1
CLOUDFLARENET	agenciamamut.pe	1
SERVERCENTRAL	uvaplay.pe	1
com.pe	codertec.pe	1
tecnoweb.net	caminos.pe	1
AMAZON-02	bcenter.pe	1
net.pe	mercanatura.pe	1
solymaster.com	nugent.pe	1
CLOUDFLARENET	paygo.pe	1
com.pe	23M GmbH	1
Red Cientifica Peruana	jsagroup.pe	1
CLOUDFLARENET	sasel.pe	1
OVH SAS	cimatec.pe	1
hostinglabs.net	bastcorp.pe	1
Red Cientifica Peruana	iap.pe	1
Red Cientifica Peruana	selectstore.pe	1
CLOUDFLARENET	mantenimiento.pe	1
CLOUDFLARENET	bistrocomunica.pe	1
vmr2host.com	sobraya.pe	1
AMAZON-02	kauco.pe	1
innovaitserver.com	brandednet.pe	1
AMAZON-02	iosgroup.pe	1
CLOUDFLARENET	bajavision.pe	1
inmotionhosting.com	bachata.pe	1
OVH SAS	codificacion.pe	1
CLOUDFLARENET	inkalinux.pe	1
SERVERCENTRAL	jfg.pe	1
contabo.net	celebremos.pe	1
WI-NET TELECOM S.A.C.	GOOGLE	1
linovate.de	GOOGLE	1
NTHL	vidadiversa.pe	1
NETWORK-SOLUTIONS-HOSTING	pemo.pe	1
com.pe	mundofenix.pe	1
Hetzner Online GmbH	oflik.pe	1
AMAZON-02	cdgservices.pe	1
Dattatec.com	mundo4a.pe	1
hpserverdns.com	falto.pe	1
nixins.com	danma.pe	1
hostinglabs.net	tandemdigital.pe	1
OVH SAS	gardini.pe	1
linode.com	si-nails.pe	1
OVH SAS	icanet.pe	1
dongee.com	grupochu.pe	1
vastagoserver.com	fecit.pe	1
CLOUDFLARENET	autoplan2.pe	1
hpserverdns.com	alitech.pe	1
hostgator.com	bartori.pe	1
LIQUIDWEB	affinitytravelassistance.pe	1
CLOUDFLARENET	envasesderafia.pe	1
dnsmisitio.net	cenet.pe	1
CLOUDFLARENET	sentryx.pe	1
Contabo GmbH	ryrasesores.pe	1
ilmaistro.pe	GOOGLE	1
linode.com	arx.pe	3
OVH SAS	veracorp.pe	1
Servicios Informaticos Hostname Ltda	GOOGLE	1
OVH SAS	selvatika.pe	1
unknown	janp.pe	1
aymperusi.com	gmsonline.pe	1
net.pe	movilmax.pe	1
CLOUDFLARENET	ferrema.pe	1
sistemasperuweb.com	camargo.pe	1
Host Europe GmbH	tuderecho.pe	1
SERVERCENTRAL	jaramed.pe	1
hostinglabs.net	durabuild.pe	1
hpserverdns.com	tyss.pe	1
inmotionhosting.com	sj.pe	1
AMAZON-02	tempocapital.pe	1
SERVERCENTRAL	iso.pe	1
steelmaster.pe	steelmaster.pe	1
hpserverdns.com	svaasthy.pe	1
chunaweb.com	fasemarket.pe	1
com.pe	dorbec.pe	1
SERVERCENTRAL	hidroconex.pe	1
serverpe.com	grupoth.pe	1
server300.com	ceropapel.pe	1
CLOUDFLARENET	indigitalbusiness.pe	1
Red Cientifica Peruana	giova.pe	1
hostgator.com	limabar.pe	1
AMAZON-02	andersen.pe	1
ICDSoft Ltd.	gcb.pe	1
UNIFIEDLAYER-AS-1	CLOUDFLARENET	2
Contabo GmbH	comercioperu.pe	1
SERVERCENTRAL	cpapperu.pe	1
OVH SAS	arqintegral.pe	1
cloudsgi.com	romovi.pe	1
SERVERCENTRAL	viajesoriginales.pe	1
Red Cientifica Peruana	aldex.pe	1
supplycorp.pe	maxsalud.pe	1
DIGICERT	kvc.pe	1
Red Cientifica Peruana	macondo.pe	1
OVH SAS	farper.pe	1
PRIVATESYSTEMS	mycompany.pe	1
OVH SAS	barralibre.pe	1
manuelsinchi.pe	manuelsinchi.pe	1
dnsmisitio.net	proingenieros.pe	1
PRIVATESYSTEMS	contribuyente.pe	1
CLOUDFLARENET	trelogy.pe	1
SERVERCENTRAL	spilltek.pe	1
OVH SAS	soldecastilla.pe	1
ICDSoft Ltd.	hop-on-hop-off.pe	1
Akamai Connected Cloud	preventium.pe	1
Red Cientifica Peruana	vado.pe	1
Xtudio Networks S.L.U.	traperosdeemaus.pe	1
net.pe	alfredofernandez.pe	1
Contabo GmbH	elempresarial.pe	1
PRIVATESYSTEMS	contasoft.pe	1
SERVERCENTRAL	linemedicgroup.pe	1
cleverdot.com	smconstructores.pe	1
inmotionhosting.com	sonimtech.pe	1
ninjahosting.pe	avicolaneil.pe	1
hostgator.com	hombroahombro.pe	1
net.pe	theheartcloset.pe	1
AMAZON-02	mho.pe	1
SERVERCENTRAL	hqroof.pe	1
lems.es	casmara.pe	1
NETWORK-SOLUTIONS-HOSTING	centrodelsonido.pe	1
SECURITYSERVICES	plaingaming.net	1
rastreogpsperu.com	embafrut.pe	1
SERVERCENTRAL	corenutrition.pe	1
K Media Tech Ltd.	apuestasdeportivasperu.pe	1
SINGLEHOP-LLC	fedenatri.pe	1
hostinglabs.net	cvvh.pe	1
GOOGLE	dfp.pe	1
NETWORK-SOLUTIONS-HOSTING	aoracorp.pe	1
nube-web.com	automatika.pe	1
CLOUDFLARENET	lafarmacia.pe	1
dongee.com	nanda.pe	1
NSONE	tiendasatelital.pe	1
vohosting.com	aei.pe	1
SERVERCENTRAL	revistagente.pe	1
sipanserver.com	confortbus.pe	1
AMAZON-02	allergoff.pe	1
interdomain.net	panavision-tours.pe	1
SERVERCENTRAL	setagroup.pe	1
IS-AS-1	maisondusoleil.pe	1
hostgator.com	labclin.pe	1
latinoamericahosting.com	famase.pe	1
Red Cientifica Peruana	afimpresores.pe	1
PRIVATESYSTEMS	peruamazon.pe	1
Host Europe GmbH	solstudio.pe	1
AMAZON-02	hanqa.pe	1
AMAZON-02	seniorfit.pe	1
CLOUDFLARENET	hallpa.pe	1
grupopreciso.pe	effie.pe	1
DIMENOC	soporteti.pe	1
AMAZON-02	thais.pe	1
NETWORK-SOLUTIONS-HOSTING	coffeebreak.pe	1
Dattatec.com	royalmotorperu.pe	1
CLOUDFLARENET	it-consulting.pe	1
wperu.com	corporacionromero.pe	1
PRIVATESYSTEMS	alexandras.pe	1
DIMENOC	miradioenvivo.pe	1
hpserverdns.com	viact.pe	1
INMOTION	prollanta.pe	1
AMAZON-02	tuderechoaelegir.pe	1
latinoamericahosting.com	peruvianhealth.pe	1
CLOUDFLARENET	marketmin.pe	1
CLOUDFLARENET	che.pe	1
CLOUDFLARENET	visor.pe	1
CLOUDFLARENET	eczane.pe	1
hpserverdns.com	efixo.pe	1
CLOUDFLARENET	tachosdebasura.pe	1
CLOUDFLARENET	siempreviva.pe	1
Akamai Connected Cloud	propiedadesm2.pe	1
NETWORK-SOLUTIONS-HOSTING	taimu.pe	1
AMAZON-02	guiar.pe	1
Dattatec.com	vitaperu.pe	1
NETWORK-SOLUTIONS-HOSTING	velmac.pe	1
CLOUDFLARENET	tiendaorganica.pe	1
CLOUDFLARENET	padisoft.com	1
SECURITYSERVICES	vigain.pe	1
Red Cientifica Peruana	larksuite.com	1
CLOUDFLARENET	misure.pe	1
Red Cientifica Peruana	cecomsap.pe	1
fuentessoft.com	normandia.pe	1
acepro.mx	GOOGLE	1
OVH SAS	gamaasesores.pe	1
Red Cientifica Peruana	calculadoras.pe	1
AMAZON-02	electroplaza.pe	1
contabo.net	farminsac.pe	1
Red Cientifica Peruana	solarenergy.pe	1
hpserverdns.com	urbotica.pe	1
dnsmisitio.net	educar.pe	1
Red Cientifica Peruana	decor.pe	1
CLOUDFLARENET	loyaltyplus.pe	1
MICROSOFT-CORP-MSN-AS-BLOCK	boxhosting.pe	1
DFW-DATACENTER	enersac.pe	1
metanet.ch	siegrist.pe	1
PONYNET	johnnyweb.pe	1
latinoamericahosting.com	home360.pe	1
sisthel.pe	sisthel.pe	1
prodns.la	peruherramientas.pe	1
CLOUDFLARENET	medxpress.pe	1
IOFLOOD	scti.pe	1
hostgator.com	santana.pe	1
SERVERCENTRAL	nutrilab.pe	1
AMAZON-02	jrgeoconsultores.pe	1
Red Cientifica Peruana	bluesoluciones.pe	1
ninjahosting.pe	fullplay.pe	1
businesssolutionsinc.info	MICROSOFT-CORP-MSN-AS-BLOCK	1
Contabo GmbH	shopsmart.pe	1
IS-AS-1	pideya.pe	1
webmyhost.com	beatrizllalle.pe	1
CLOUDFLARENET	amayaconsultores.pe	1
net.pe	ecoglass.pe	1
AMAZON-02	fraper.pe	1
NL-811-40021	renzoruiz.pe	1
aiwebhost.net	kaway.pe	1
net.pe	medlogperu.pe	1
server-phsperu.info	mj-abogados.pe	1
dnsmisitio.net	ingeconsult.pe	1
AMAZON-02	turner.com	1
net.pe	ofi.pe	1
Red Cientifica Peruana	centralsolidez.pe	1
dnsmisitio.net	corteza.pe	1
co.kr	GOOGLE	1
Red Cientifica Peruana	plopperu.pe	1
CLOUDFLARENET	altiora.pe	1
NETWORK-SOLUTIONS-HOSTING	seq.pe	1
com.pe	manelsa.pe	1
OVH SAS	grupomt.pe	1
com.pe	fortemix.pe	1
Host Europe GmbH	futech.pe	1
DFW-DATACENTER	skillboost.pe	1
dnsmisitio.net	softwarexpress.pe	1
SERVERCENTRAL	reid.pe	1
Combell NV	doffee.pe	1
SINGLEHOP-LLC	finucci.pe	1
CLOUDFLARENET	meadewillis.pe	1
hpserverdns.com	lunaweb.pe	1
SERVERCENTRAL	compramania.pe	1
OVH SAS	agora21.pe	1
Akamai Connected Cloud	genetica.pe	1
domusacademy.net	domusacademy.pe	1
BIZLAND-SD	aduamerica.pe	1
quicns.net	CLOUDFLARENET	1
AMAZON-02	opticorp.pe	1
UNIFIEDLAYER-AS-1	excel.pe	1
Red Cientifica Peruana	tripper.pe	1
latinoamericahosting.com	electro.pe	1
AMAZON-02	roycon.pe	1
OVH SAS	mercapital.pe	1
SERVERCENTRAL	amlegal.pe	1
NL-811-40021	creadent.pe	1
SERVERCENTRAL	limaparts.pe	1
pymedns.net	blueops.pe	1
festivaldecineeuropeo.pe	festivaldecineeuropeo.pe	1
Dattatec.com	isladelsol.pe	1
nsresponse.com	etiquetanegra.pe	1
SERVERCENTRAL	zlife.pe	1
inmotionhosting.com	drovelis.pe	1
hpserverdns.com	varsaanet.pe	1
Hetzner Online GmbH	opcionlegal.pe	1
AMAZON-02	juguetones.pe	1
hpserverdns.com	qipoo.pe	1
Red Cientifica Peruana	trans-solution.pe	1
OVH SAS	quasar.pe	1
NSONE	cloudfront.net	1
hpserverdns.com	educatech.pe	1
Red Cientifica Peruana	blackbirdsbar.pe	1
OVH SAS	medirex.pe	1
planetahosting.pe	servitic.pe	1
CLOUDFLARENET	caio.pe	1
Xtudio Networks S.L.U.	alpasa.pe	1
Combell NV	tomacafe.pe	1
OVH SAS	emprenegocios.pe	1
Red Cientifica Peruana	utilstore.pe	1
seguridadamerica.com	dmarc.pe	1
IS-AS-1	dermott.pe	1
perf1.com	pphosted.com	1
Hetzner Online GmbH	iconex.pe	1
sigedu.org	concurso.pe	1
PRIVATESYSTEMS	dstore.pe	1
Contabo GmbH	gbj.pe	1
CLOUDFLARENET	pentagonosegur.pe	1
hostgator.com	sitci.pe	1
OVH SAS	alcmaquinarias.pe	1
SERVERCENTRAL	solucionesparaelfuturo.pe	1
CLOUDFLARENET	erpsummit.pe	1
CLOUDFLARENET	close2u.pe	1
sctgroup.pe	sctgroup.pe	1
ninjahosting.pe	bybasociados.pe	1
SERVERCENTRAL	miinmobiliaria.pe	1
PRIVATESYSTEMS	denise.pe	1
innovawebperu.com	GOOGLE	2
pymedns.net	noura.pe	1
Red Cientifica Peruana	grupoaha.pe	1
net.pe	westfalia.pe	1
OVH SAS	dawcen.pe	1
pymedns.net	rethink.pe	1
BIZLAND-SD	qualitat.pe	1
NETWORK-SOLUTIONS-HOSTING	midivorcio.pe	1
Host Europe GmbH	tecnifood.pe	1
latinoamericahosting.com	efectocolor.pe	1
CLOUDFLARENET	clubapolo.pe	1
AMAZON-02	sinofirst.pe	1
DIGITALOCEAN-ASN	cloudpartners.pe	1
NL-811-40021	roboticaeducativa.pe	1
colt.net	delti.com	1
DIMENOC	terruno.pe	1
sismype.com	ternurita.pe	1
OVH SAS	grupojma.pe	1
SERVERCENTRAL	radiocampesina.pe	1
IS-AS-1	gapers.pe	1
planetahosting.pe	alligator.pe	1
Host Europe GmbH	taxiaeropuerto.pe	1
Contabo GmbH	primicia.pe	1
AMAZON-02	ambiparenvironment.pe	1
Red Cientifica Peruana	villarrse.pe	1
planetahosting.pe	puntografiko.pe	1
dnsmisitio.net	labosuisse.pe	1
DIGICERT	geofisicos.pe	1
DIMENOC	vertykal.pe	1
SERVERCENTRAL	hiba.pe	1
SERVERCENTRAL	airtecsystems.pe	1
awardspace.com	reptron.pe	1
hpserverdns.com	cassac.pe	1
hpserverdns.com	joelesate.pe	1
Combell NV	solupaper.pe	1
CLOUDFLARENET	tusenvios.pe	1
Red Cientifica Peruana	coolinario.pe	1
OVH SAS	radioclasica.pe	1
dnsmisitio.net	stellatech.pe	1
Red Cientifica Peruana	tlcinternacional.pe	1
net.pe	safco.pe	1
jumpvps.org	scatter.pe	1
SERVERCENTRAL	cafetec.pe	1
repartidoor.com	GOOGLE	1
SERVERCENTRAL	313.pe	1
syscontrollers.com	GOOGLE	1
OVH SAS	centralsentinel.pe	1
CLOUDFLARENET	com.cy	1
Red Cientifica Peruana	mapeo.pe	1
net.pe	cosmobook.pe	1
SERVERCENTRAL	entretenedor.pe	1
CLOUDFLARENET	startlab.pe	1
latinoamericahosting.com	andeantech.pe	1
IS-AS-1	enelaire.pe	1
hostgator.com	akr.pe	1
Hetzner Online GmbH	your-server.de	1
com.pe	agronline.pe	1
privatednsorg.com	vibrantus.pe	1
greentelligence.pe	greentelligence.pe	1
dialecloud.com	oam.pe	1
SERVERCENTRAL	cylea.pe	1
SECURITYSERVICES	hvcc.pe	1
ipcom GmbH	mail-forwarder.io	1
CLOUDFLARENET	sendgrid.net	1
com.br	GOOGLE	2
SERVERCENTRAL	megagroup.pe	1
tecnoweb.net	escuelalacasitadevalentina.pe	1
net.pe	gz.pe	1
globalhostla.com	dtv.pe	1
hpserverdns.com	rgqautomotriz.pe	1
SERVERCENTRAL	swisscars.pe	1
Dattatec.com	nonconformist.pe	1
Red Cientifica Peruana	AUTOMATTIC	1
SERVERCENTRAL	nuevomundoviajes.pe	1
CLOUDFLARENET	okane.pe	1
webhostingpad.com	MICROSOFT-CORP-MSN-AS-BLOCK	1
hostgator.com	abp.pe	1
hpserverdns.com	educa-peru.pe	1
OVH SAS	indicons.pe	1
CLOUDFLARENET	networksolutions.pe	1
OVH SAS	autokarr.pe	1
Red Cientifica Peruana	dmentes.pe	1
Red Cientifica Peruana	gtravel.pe	1
CLOUDFLARENET	profesorparticular.pe	1
hostgator.com	rioglobal.pe	1
SOFTLAYER	elyoncorp.pe	1
hostgator.com	holacliente.pe	1
4dns.xyz	horizonsperu.pe	1
SERVERCENTRAL	laboliviana.pe	1
SERVERCENTRAL	refrigera.pe	1
unknown	asedi.pe	1
AMAZON-02	crepesywafflestogo.pe	1
melchor.pe	melchor.pe	1
admeli.com	funzo.pe	1
OVH SAS	karmex.pe	1
Akamai Connected Cloud	jasa.pe	1
SERVERCENTRAL	riossat.pe	1
net.pe	rminversiones.pe	1
sinergiahost.com	bionetwork.pe	1
CLOUDFLARENET	interzone.pe	1
limaempresas.com	halley.pe	1
CLOUDFLARENET	hostinglabs.pe	1
mgdcloud.pe	LVLT-3549	1
hostinglabs.net	direkto.pe	1
hpserverdns.com	rodrigoramos.pe	1
chambeape.website	ZOHO-AS	1
ifa-soft.com	imperiodemascotas.pe	1
SERVERCENTRAL	seometal.pe	1
Hetzner Online GmbH	infolab.pe	1
net.pe	chas.pe	1
Red Cientifica Peruana	sbw.pe	1
PRIVATESYSTEMS	farmasystem.pe	1
OVH SAS	aeservice.pe	1
LEASEWEB-USA-DAL	yaperu.pe	1
IWEB-AS	trescomunicaciones.pe	1
SERVERCENTRAL	eie.pe	1
SERVERCENTRAL	svintec.pe	1
hyperzas.com	prosecurity.pe	1
OVH SAS	pals.pe	1
hostgator.com	desalar.pe	1
DIMENOC	ladera.pe	1
AMAZON-02	reflectorled.pe	1
SERVERCENTRAL	ciet.pe	1
SERVERCENTRAL	vitalmix.pe	1
latinoamericahosting.com	hesersalud.pe	1
dnsimple.com	MICROSOFT-CORP-MSN-AS-BLOCK	1
ninjahosting.pe	poloscamiseros.pe	1
AMAZON-02	RACKSPACE	1
Red Cientifica Peruana	qualitybrands.pe	1
contabo.net	trabajos365.pe	1
DinaHosting S.L.	esni.pe	1
com.pe	blackgreen.pe	1
c-onlineweb.com	elemsin.pe	1
hpserverdns.com	perusac.pe	1
RELIABLESITE	auroratreks.pe	1
tinsp.com	praux3d.pe	1
serveraps.xyz	agingenieros.pe	1
corpcomhosting.com	MICROSOFT-CORP-MSN-AS-BLOCK	1
indexaserver.com	MICROSOFT-CORP-MSN-AS-BLOCK	2
netsons.net	fanticmotor.pe	1
SERVERCENTRAL	ecometal.pe	1
supremepanel.com	ir11.pe	1
intel.com	intel.com	1
CLOUDFLARENET	cclab.pe	1
CLOUDFLARENET	educamor.pe	1
hpserverdns.com	olimpex.pe	1
ORACLE-BMC-31898	digikey.com	1
CLOUDFLARENET	ryrconsulting.pe	1
com.pe	opticalsc.pe	1
OVH SAS	radiohuanuco.pe	1
hostinglabs.net	fundomontegrande.pe	1
AMAZON-02	lavaspeed.pe	1
SECURITYSERVICES	cuantocuesta.pe	1
QUIC-CLOUD	casinodorado.pe	1
hostns.io	delcarajo.pe	1
DFW-DATACENTER	economarket.pe	1
Red Cientifica Peruana	smartblends.pe	1
SERVERCENTRAL	atracciondental.pe	1
codenserver.com	fireteam.pe	1
hpserverdns.com	germsa.pe	1
hostgator.com	ctv.pe	1
com.pe	gems.pe	1
station030.com	aquasystemas.pe	1
UNIFIEDLAYER-AS-1	cilantrofusion.pe	1
Hetzner Online GmbH	qmedic.pe	1
CLOUDFLARENET	kintiny.pe	1
AMAZON-02	rhino.pe	1
net.pe	zuap.pe	1
iarastudio.com	MICROSOFT-CORP-MSN-AS-BLOCK	1
Red Cientifica Peruana	shsourcing.pe	1
Combell NV	nationalcleaning.pe	1
OVH SAS	tolsac.pe	1
hostns.io	tktx.pe	1
supremepanel.com	zonum.pe	1
Red Cientifica Peruana	sfg.pe	1
planetahosting.pe	perfilarq.pe	1
OVH SAS	babybox.pe	1
NL-811-40021	buenatierra.pe	1
dgwebsolution.com	ecoglobalhealth.pe	1
solidhosting.pro	giaconsulting.pe	1
HVC-AS	ZOHO-AS	1
Combell NV	tuginecologa.pe	1
AMAZON-02	noslight.pe	1
hostgator.com	arial.pe	1
CLOUDFLARENET	dismargrupo.pe	1
innovateserverperu.com	businessplaza.pe	1
planetahosting.pe	inkahosting.pe	1
apacheplumadorada.com	tradis.pe	1
nexloc.ro	activacapital.pe	1
AMAZON-02	eastspringinvestments.pe	1
nameshield.net	MICROSOFT-CORP-MSN-AS-BLOCK	1
Red Cientifica Peruana	amala.pe	1
planetahosting.pe	globaltec.pe	1
SERVERCENTRAL	spincard.pe	1
yottasrc.com	profitevolution.pe	1
Host Europe GmbH	naturhealth.pe	1
jamdigitalsolve.com	GOOGLE	1
powerlatam.com	gastritis.pe	1
hpserverdns.com	inmobiliaria21.pe	1
hpserverdns.com	teamtyt.pe	1
nexotech.pe	nexotech.pe	1
hostgator.com	aget.pe	1
aymperufact.com	poluxmotos.pe	1
admeli.com	shoppe.pe	1
Red Cientifica Peruana	emosi.pe	1
GOOGLE	sapo.pe	1
CLOUDFLARENET	healphy.pe	1
NETWORK-SOLUTIONS-HOSTING	bstperu.pe	1
Akamai Connected Cloud	nataliajimenez.pe	1
Red Cientifica Peruana	tedefiendo.pe	1
OVH SAS	ecomex.pe	1
wperu.com	mundonatural.pe	1
net.pe	petexperts.pe	1
Host Europe GmbH	logrid.pe	1
net.pe	biomed.pe	1
NL-811-40021	impulsapyme.pe	1
Red Cientifica Peruana	tisgas.pe	1
SERVERCENTRAL	decatalogo.pe	1
cleverdot.com	portofino.pe	1
OVH SAS	magicpower.pe	1
IS-AS-1	vienna.pe	1
net.pe	losabedules.pe	1
SECURITYSERVICES	eximsac.pe	1
SERVERCENTRAL	muqui.pe	1
hostgator.com	dinamikagroup.pe	1
Dattatec.com	naturaledge.pe	1
OVH SAS	msystems.pe	1
CLOUDFLARENET	infinara.pe	1
SERVERCENTRAL	jve.pe	1
latinoamericahosting.com	fonttano.pe	1
OVH SAS	balack.pe	1
hostgator.com	sandro.pe	1
SERVERCENTRAL	impulsesolutions.pe	1
SERVERCENTRAL	fusertec.pe	1
SERVERCENTRAL	churchmanager.pe	1
Xtudio Networks S.L.U.	marimex.pe	1
sparkedhost.us	wtech.pe	1
net.pe	hcc.pe	1
datxale.com	sociosestrategicos.pe	1
plusdigital.pe	bateriasamericanas.pe	1
DIMENOC	infored.pe	1
CLOUDFLARENET	wynk.pe	1
GOOGLE	funidelia.es	1
hostingperudominios.com	moduler.pe	1
ricsam.pe	ricsam.pe	1
SERVERCENTRAL	sandia.pe	1
CLOUDFLARENET	geovial.pe	1
Red Cientifica Peruana	ugenomics.pe	1
OVH SAS	mikitagroup.pe	1
hn.pe	waypoint.pe	1
net.pe	flechelle.pe	1
SERVERCENTRAL	galeriagrafica.pe	1
masterdns.nl	denit.net	1
SERVERCENTRAL	carnavalcajamarca.pe	1
unknown	sicad.pe	1
creatudominio.com	parada111.pe	1
hosting.pe	rotapel.pe	1
perugravity.com	GOOGLE	1
CLOUDFLARENET	whitehat.pe	1
hn.pe	puente.pe	1
CLOUDFLARENET	aphl.pe	1
Hetzner Online GmbH	cpesunat.pe	1
CLOUDFLARENET	mylogin.co	1
IS-AS-1	mastergol.pe	1
LEASEWEB-USA-DAL	andiamo.pe	1
SERVERCENTRAL	innovanegocios.pe	1
dnsmisitio.net	enbici.pe	1
iia.cl	GOOGLE	2
Host Europe GmbH	smallplace.pe	1
SERVERCENTRAL	nuvolait.pe	1
hostgator.com	merey.pe	1
UNIFIEDLAYER-AS-1	tinn.pe	1
UNIFIEDLAYER-AS-1	djtech.pe	1
NL-811-40021	lalinlicha.pe	1
latinoamericahosting.com	geowork.pe	1
Dattatec.com	bdsm.pe	1
IS-AS-1	lavaderosdecocina.pe	1
Red Cientifica Peruana	floorsolutions.pe	1
IS-AS-1	wannet.pe	1
Dattatec.com	grupohiraoka.pe	1
SINGLEHOP-LLC	ryatech.pe	1
CLOUDFLARENET	sonrise.pe	1
ofiventas.com	lits.pe	1
dnsmisitio.net	apema.pe	1
Akamai Connected Cloud	unending.pe	1
zxcs.be	vercasas.pe	1
IOFLOOD	acceleration.pe	1
dnsmisitio.net	schettini.pe	1
hostinglabs.net	carxpert.pe	1
OVH SAS	ecosak.pe	1
ninjahosting.pe	imagine.pe	1
PRIVATESYSTEMS	facturaenlinea.pe	1
DIMENOC	privatednsorg.com	1
INMOTION	tts.pe	1
Red Cientifica Peruana	icexp.pe	1
CLOUDFLARENET	raulgarcia.pe	1
guildin.com	nos.pe	1
hostgator.com	rotulacion.pe	1
SERVERCENTRAL	lotesenventa.pe	1
Combell NV	oxigenomedicinal.pe	1
comic.pe	comic.pe	1
admeli.com	desego.pe	1
hostgator.com	csf.pe	1
CLOUDFLARENET	pantanosdevilla.pe	1
contentify.pe	GOOGLE	1
com.pe	blogclaro.pe	1
inkahosting.pe	alinorte.pe	1
Host Europe GmbH	reportenlinea.com	1
servidorglobal.com	jquinones.pe	1
AMAZON-02	casasprefabricadas.pe	1
AMAZON-02	babafutures.pe	1
com.pe	armadillo.pe	1
AMAZON-02	tayka.pe	1
net.pe	bs.pe	1
AS-30083-US-VELIA-NET	megaal.pe	1
UNIFIEDLAYER-AS-1	italperu.pe	1
OVH SAS	tecnasa.pe	1
net.pe	conmishijosnotemetas.pe	1
imagenwebhosting.com	ZOHO-AS	1
UNIFIEDLAYER-AS-1	sanmar.pe	1
OVH SAS	macvi.pe	1
tecnoweb.net	innovacode.pe	1
acens Technologies, S.L.	discoperu.pe	1
SERVERCENTRAL	grupomq.pe	1
CLOUDFLARENET	bubok.pe	1
net.pe	autosell.pe	1
Red Cientifica Peruana	euroheaters.pe	1
AMAZON-02	solutex.pe	1
hpserverdns.com	solpack.pe	1
OVH SAS	heconsultores.pe	1
SERVERCENTRAL	marketing-branding.pe	1
Dattatec.com	cuscodepas.pe	1
Combell NV	constructorahefesto.pe	1
Host Europe GmbH	equim.pe	1
IS-AS-1	cacpi.pe	1
latinoamericahosting.com	buffetycateringayr.pe	1
NETWORK-SOLUTIONS-HOSTING	legals.pe	1
Hetzner Online GmbH	topmusic.pe	1
Dattatec.com	posible.pe	1
inmotionhosting.com	trafficmedia.pe	1
IOFLOOD	greenliving.pe	1
SERVERCENTRAL	tonitorestaurant.pe	1
tecnoweb.net	jobbusiness.pe	1
NETWORK-SOLUTIONS-HOSTING	saludocupacional.pe	1
gbchosting.net	electronmotors.pe	1
cloudpit.com	secure-mailgate.com	1
CLOUDFLARENET	evet.pe	1
CLOUDFLARENET	livecasino.pe	1
INMOTION	tires.pe	1
SERVERCENTRAL	calculadoracts.pe	1
SERVERCENTRAL	oftalmologica.pe	1
CLOUDFLARENET	fcomet.com	3
tuwebdns.net	lumpa.pe	1
SERVERCENTRAL	prosinfer.pe	1
giklabs.com	MICROSOFT-CORP-MSN-AS-BLOCK	1
SERVERCENTRAL	chicle.pe	1
hostinglabs.net	pozima.pe	1
latinoamericahosting.com	Hetzner Online GmbH	1
UNIFIEDLAYER-AS-1	turisbus.pe	1
siom.cl	siom.cl	2
Host Europe GmbH	proper.pe	1
SINGLEHOP-LLC	comave.pe	1
net.pe	terrabusiness.pe	1
ninjahosting.pe	automark.pe	1
miwifi.pe	miwifi.pe	1
tecnoweb.net	segurosgenerales.pe	1
Red Cientifica Peruana	jmconsulting.pe	1
unknown	hotelsanjuan.pe	1
dominiando.asia	dominiando.it	2
midnsbox.net	MICROSOFT-CORP-MSN-AS-BLOCK	1
AMAZON-02	stcargo.pe	1
AMAZON-02	allow.pe	1
inmotionhosting.com	oriunda.pe	1
ORANGEHOST	frikigeek.pe	1
hostgator.com	4beats.pe	1
OVH SAS	inha.pe	1
linode.com	liveyoung.pe	1
SERVERCENTRAL	tepresto.pe	1
CLOUDFLARENET	mallcenter.pe	1
dnsmisitio.net	daricorp.pe	1
hostgator.com	kokobar.pe	1
OVH SAS	limonconsulting.pe	1
UNIFIEDLAYER-AS-1	davyonline.pe	1
senseholding.co	sense-digital.pe	1
CLOUDFLARENET	simplelogin.co	1
CLOUDFLARENET	christex.pe	1
SERVERCENTRAL	trans-innovations.pe	1
unknown	medicentro.pe	1
CLOUDFLARENET	zonacel.pe	1
OVH SAS	brit.pe	1
hosting-server-1022.com	pideak.pe	1
Red Cientifica Peruana	desip.pe	1
whdns.co	winkhosting.pe	1
hostgator.com	sugu.pe	1
PRIVATESYSTEMS	surnatural.pe	1
server-site.com	francisallison.pe	1
innovusperu.com	mctransportes.pe	1
OVH SAS	nikita.pe	1
latinoamericahosting.com	frudeco.pe	1
OVH SAS	silicom.pe	1
unknown	novocar.pe	1
servconfig.com	venpro.pe	1
webspymes.com	wcorp.pe	1
GRUPO ZGH SPA	integramundo.pe	1
NETWORK-SOLUTIONS-HOSTING	institutodelasonrisa.pe	1
Red Cientifica Peruana	weekvacation.pe	1
CLOUDFLARENET	hostinger.it	1
CLOUDFLARENET	cites.pe	1
AMAZON-02	luxenstore.pe	1
AMAZON-02	grupo-pinero.com	1
Red Cientifica Peruana	fmedic.pe	1
Red Cientifica Peruana	mymug.pe	1
CLOUDFLARENET	smarketing.pe	1
solidhosting.pro	flowers.pe	1
AMAZON-02	crepesywaffles.pe	1
AMAZON-02	radiont.pe	1
OVH SAS	colegiosprivados.pe	1
Contabo GmbH	tejiendohistorias.pe	1
AMAZON-02	webhouse.pe	1
NETWORK-SOLUTIONS-HOSTING	bcasociados.pe	1
DIMENOC	hihoney.pe	1
SERVERCENTRAL	frexport.pe	1
Hetzner Online GmbH	audiovideoforensic.pe	1
NL-811-40021	proyecta.pe	1
IS-AS-1	fotostory.pe	1
mctcomputsolutions.com	planetcomputer.pe	1
IS-AS-1	carritodecompras.pe	1
NETWORK-SOLUTIONS-HOSTING	caral-peru.pe	1
NETWORK-SOLUTIONS-HOSTING	burgerlovers.pe	1
CLOUDFLARENET	newayllu.pe	1
correosmype.com	cg-logistics.pe	1
name-services.com	ero.pe	1
Akamai International B.V.	null	1
Host Europe GmbH	mipagina.pe	1
DinaHosting S.L.	leadera.pe	1
hostgator.com	infoexpress.pe	1
SERVERCENTRAL	serviciodereparacion.pe	1
CLOUDFLARENET	pcq.pe	1
net.pe	corzo.pe	1
AMAZON-02	winmasters.pe	1
cloudserver23.com	afatrac.pe	1
hpserverdns.com	turbomas.pe	1
Cloud DNS Ltd	unilab.pe	1
Host Europe GmbH	oliver.pe	1
net.pe	atelecom.pe	1
controlglobalweb.com	ramadaencoresanisidro.pe	1
DFW-DATACENTER	ZOHO-AS	4
DIMENOC	grupolaborum.pe	1
NETWORK-SOLUTIONS-HOSTING	autocontrol.pe	1
Akamai Connected Cloud	educacion360.pe	1
Red Cientifica Peruana	emit.pe	1
IS-AS-1	qualitytruck.pe	1
nexloc.ro	wizardcompany.pe	1
OVH SAS	petcon.pe	1
Red Cientifica Peruana	confin.pe	1
bienesonline.com	bienesonline.pe	1
AMAZON-02	hushpuppies.pe	1
hpserverdns.com	iep.pe	1
IOFLOOD	ktana.pe	1
Akamai Connected Cloud	funerariaesperanza.pe	1
lineadns.com	gretac.pe	1
iwantmyname.net	GO-DADDY-COM-LLC	1
UNIFIEDLAYER-AS-1	esgrimaperu.pe	1
Red Cientifica Peruana	ortopediacastillo.pe	1
SERVERCENTRAL	compugamer.pe	1
snhdns.com	GOOGLE	1
OVH SAS	configsystem.pe	1
Hetzner Online GmbH	darwiniana.pe	1
aavv.net	ascio.com	1
IOFLOOD	garmin.pe	1
ebp.pe	GOOGLE	1
apachelima.com	apacheperu.pe	1
Akamai Connected Cloud	aura.pe	1
myladyceo.com	GOOGLE	1
Red Cientifica Peruana	xtreme.pe	1
NETWORK-SOLUTIONS-HOSTING	feliz.pe	1
pymedns.net	lg3.pe	1
lineadns.com	icsa.pe	1
AMAZON-02	claveinmobiliaria.pe	1
AS-30083-US-VELIA-NET	adperu.pe	1
Red Cientifica Peruana	superhielo.pe	1
WII	transportek.pe	1
SERVERCENTRAL	giodesign.pe	1
groups-egp.com	neofiber.pe	1
e-digitalhosting.net	exderf.pe	1
OVH SAS	travelexplorer.pe	1
hostingpe.net	olinco.pe	1
ehostingperu.net	procasa.pe	1
latamdeveloperhosting.com	jvq.pe	1
net.pe	mappsa.pe	1
NETWORK-SOLUTIONS-HOSTING	habitare.pe	1
SERVERCENTRAL	milord.pe	1
net.pe	ingecorp.pe	1
cuydomains.com	jsa.pe	1
OVH SAS	gwm.pe	1
tridkay.com	GOOGLE	1
Hetzner Online GmbH	oasisrtv.pe	1
OVH SAS	indugraf.pe	1
hostingdominiosperu.com	ecobalsa.pe	1
ssmb.pe	audaco.pe	1
AMAZON-02	oes.pe	1
planetahosting.pe	ese.pe	1
Red Cientifica Peruana	filtracion.pe	1
SERVERCENTRAL	amexco.pe	1
abbott.com	abbott.com	1
hostgator.com	brisol.pe	1
AMAZON-02	dymsac.pe	1
SERVERCENTRAL	flexoffices.pe	1
Dattatec.com	igd.pe	1
SERVERCENTRAL	solario.pe	1
MAJESTIC-HOSTING-01	puertasdeducha.pe	1
hostinger.mx	GOOGLE	1
SERVERCENTRAL	asiatrade.pe	1
Red Cientifica Peruana	lumentec.pe	1
Red Cientifica Peruana	cielo.pe	1
NL-811-40021	xtratega.pe	1
SERVERCENTRAL	quitexa.pe	1
Dattatec.com	invertiva.pe	1
AMAZON-02	enercon.pe	1
SERVERCENTRAL	ecomedic.pe	1
DIMENOC	luzalfa.pe	1
gigas.com	GOOGLE	1
Akamai Connected Cloud	smartnetworks.pe	1
myfcloud.com	winbo.pe	1
SERVERCENTRAL	toy.pe	1
ninjahosting.pe	teorema.pe	1
CLOUDFLARENET	entretenedores.pe	1
hostgator.com	cecape.pe	1
Red Cientifica Peruana	azur.pe	1
134.131	gruporamos.pe	1
AMAZON-02	develrox.pe	1
ubivox.net	MICROSOFT-CORP-MSN-AS-BLOCK	1
OVH SAS	acq.pe	1
hpserverdns.com	mrcsg.pe	1
subemiweb.com	selvatv.pe	1
servconfig.com	ffigroup.pe	1
AS-30083-US-VELIA-NET	impresiona.pe	1
AS-30083-US-VELIA-NET	dlpgroup.pe	1
IS-AS-1	moke.pe	1
com.pe	nutrastevia.pe	1
comfica.pe	comfica.pe	1
hostinglabs.net	jssoluciones.pe	1
planetahosting.pe	wavenet.pe	1
AMAZON-02	grb.pe	1
tecnoweb.net	solart.pe	1
UNIFIEDLAYER-AS-1	aeme.pe	1
Dattatec.com	interactis.pe	1
net.pe	boticasfasa.pe	1
CLOUDFLARENET	sembrando.pe	1
hpserverdns.com	bunkersac.pe	1
OVH SAS	edgardo.pe	1
com.pe	winat.pe	1
net.pe	rexsoft.pe	1
pymeflow.pe	pymeflow.pe	1
hn.pe	biosan.pe	1
Red Cientifica Peruana	appp.pe	1
Combell NV	apexo.pe	1
sfs-network.biz	sfs.biz	1
supdns.net	inchosting.pe	1
Contabo GmbH	lafronda.pe	1
hostiq.ua	GOOGLE	1
byteshieldns.com	byteshieldcdn.com	1
NL-811-40021	incox.pe	1
AMAZON-02	osteoclinic.pe	1
SERVERCENTRAL	eppa.pe	1
AMAZON-02	lexi.pe	1
puertosystem.com	GOOGLE	1
enrom.pe	enrom.pe	1
Red Cientifica Peruana	solucioneslinux.pe	1
hostinglabs.net	necproduce.pe	1
digitalhostnow.com	turbo.pe	1
RELIABLESITE	lectordnielectronico.pe	1
UNIFIEDLAYER-AS-1	corium.pe	1
Dattatec.com	lostorres.pe	1
NETWORK-SOLUTIONS-HOSTING	vientrematerno.pe	1
SERVERCENTRAL	centralplus.pe	1
hostgator.com	perlita.pe	1
server-novocreativo.com	m18.pe	1
hpserverdns.com	sntc.pe	1
clicsum.com	clicsum.pe	1
SERVERCENTRAL	papeleradelivery.pe	1
hostgator.com	kiri.pe	1
com.br	uhserver.com	1
SERVERCENTRAL	laultima.pe	1
Red Cientifica Peruana	morelliconsult.pe	1
medioseideas.com	specter.pe	1
hostgator.com	inversionesherrera.pe	1
phase8.net	SQUIXA PTY LIMITED	1
hostgator.com	movitecnica.pe	1
CLOUDFLARENET	lugano.pe	1
latinserverhost.com	smartsol.pe	1
SERVERCENTRAL	ronixtools.pe	1
SERVERCENTRAL	esderecho.pe	1
SERVERCENTRAL	beltruck.pe	1
host-ww.net	wasichay.pe	1
OVH SAS	fibratel.pe	1
prontomatic.pe	prontomatic.pe	1
pymedns.net	yatadigital.pe	1
nube-web.com	MICROSOFT-CORP-MSN-AS-BLOCK	1
Combell NV	helpmed.pe	1
net.pe	bhp.pe	1
radinko.com	parktons.com	1
Combell NV	almac.pe	1
DIGICERT	AMAZON-02	1
partnerconsole.net	mail-forwarder.io	1
incapower.com	foton.pe	1
Servicios Informaticos Hostname Ltda	MICROSOFT-CORP-MSN-AS-BLOCK	1
hpserverdns.com	sumawa.pe	1
solucionesahora.com	amidata.pe	1
NETWORK-SOLUTIONS-HOSTING	QUICKPACKET	1
DFW-DATACENTER	amsperu.pe	1
latinoamericahosting.com	lion.pe	1
AMAZON-02	ultimanoticia.pe	1
latinoamericahosting.com	newhouse.pe	1
SERVERCENTRAL	donde.pe	1
grafer.pe	grafer.pe	1
latinoamericahosting.com	endosalud.pe	1
CLOUDFLARENET	ablinternational.pe	1
net.pe	magister.pe	1
K Media Tech Ltd.	cbdstore.pe	1
hostingperudominios.com	estudiodesuelos.pe	1
SERVERCENTRAL	laizer.pe	1
GOOGLE	registral.pe	1
Dattatec.com	parpal.pe	1
lineadns.com	crediminuto.pe	1
Hetzner Online GmbH	3ia.pe	1
hostgator.com	biomer.pe	1
Host Europe GmbH	openvending.pe	1
SERVERCENTRAL	gruasymontajes.pe	1
net.pe	supraestudio.pe	1
supremepanel.com	qocha.pe	1
zonasprivadasdns.com	MICROSOFT-CORP-MSN-AS-BLOCK	1
isaindustrial.com	pararrayos.pe	1
SERVERCENTRAL	eversun.pe	1
nameshield.net	floratil.pe	1
Akamai Connected Cloud	maquinariasmagmax.pe	1
dnsbox10.com	intellecta.pe	1
ecohosting.cl	micompu.pe	1
CLOUDFLARENET	refleja.pe	1
AMAZON-02	abrazoverde.pe	1
OVH SAS	pips.pe	1
Host Europe GmbH	expertec.pe	1
hostgator.com	bookcloud.pe	1
AMAZON-02	alfisa.pe	1
CLOUDFLARENET	amawta.pe	1
NETWORK-SOLUTIONS-HOSTING	emkits.pe	1
SERVERCENTRAL	labaratura.pe	1
GOOGLE	lanoria.pe	1
dnsmisitio.net	caisac.pe	1
AMAZON-02	apisperu.pe	1
Dattatec.com	cafeastra.pe	1
AMAZON-02	dolororofacial.pe	1
Hetzner Online GmbH	wiggy.pe	1
BIZLAND-SD	magicaltours.pe	1
iastore.pe	iastore.pe	1
Red Cientifica Peruana	trabis.pe	1
CLOUDFLARENET	dyke.pe	1
WII	liberatos.pe	1
SERVERCENTRAL	dfk.pe	1
com.pe	insaf.pe	1
portafolio.pe	portafolio.pe	1
IS-AS-1	mimercadojusto.pe	1
Hetzner Online GmbH	madereraelamigo.pe	1
SERVERCENTRAL	aquaplast.pe	1
OVH SAS	gruposolar.pe	1
digitalweb.pe	egoavil.pe	1
NETWORK-SOLUTIONS-HOSTING	sermagen.pe	1
Red Cientifica Peruana	yoyogi.pe	1
OVH SAS	uauy.pe	1
NEXCESS-NET	magitech.pe	1
OVH SAS	evolutionconsulting.pe	1
AMAZON-02	iasoftgroup.pe	1
AMAZON-02	empoderate.pe	1
hostinet.com	cursodedrones.pe	1
domain.com	kado.pe	1
com.pe	global4x4.pe	1
simpleincloud.com	humanae.pe	1
SERVERCENTRAL	nidobebe.pe	1
nsproxy.com	grupoai.pe	1
acepartners.org	GOOGLE-CLOUD-PLATFORM	1
com.pe	americacapon.pe	1
hostgator.com	workingmom.pe	1
hostinglabs.net	luminica.pe	1
unknown	bttravel.pe	1
LEASEWEB-USA-DAL	largavista.pe	1
GOOGLE	com.pe	1
SINGLEHOP-LLC	qalidad.pe	1
AMAZON-02	topmountains.pe	1
aufotec.com	modobuy.pe	1
NETWORK-SOLUTIONS-HOSTING	gruposol.pe	1
Host Europe GmbH	pandorastore.pe	1
PRIVATESYSTEMS	camara.pe	1
NETWORK-SOLUTIONS-HOSTING	gardena.pe	1
hpserverdns.com	jmb.pe	1
PRIVATESYSTEMS	nto.pe	1
SERVERCENTRAL	hmsac.pe	1
OVH SAS	inaram.pe	1
Dattatec.com	jcingenieria.pe	1
IS-AS-1	pirineu.pe	1
admeli.com	fgmotors.pe	1
Akamai Connected Cloud	practicaya.pe	1
actecperu.com	glj.pe	1
IONOS SE	myos.pe	1
planetahosting.pe	scio.pe	1
CLOUDFLARENET	mariachisenlima.pe	1
net.pe	itecosystem.pe	1
IONOS SE	schup.pe	1
NETWORK-SOLUTIONS-HOSTING	akas.pe	1
com.pe	ceramark.pe	1
latinoamericahosting.com	shippingcargo.pe	1
Red Cientifica Peruana	securetechnologies.pe	1
Host Europe GmbH	grupohp.pe	1
ninjahosting.pe	ymaru.pe	1
Host Europe GmbH	mxlogic.net	1
neboxhost.com	cottonkids.pe	1
eapps.com	ZOHO-AS	1
Red Cientifica Peruana	sph.pe	1
SERVERCENTRAL	zooma.pe	1
GOOGLE	nawi.pe	1
Hetzner Online GmbH	icgep.pe	1
Dattatec.com	contimotors.pe	1
SERVERCENTRAL	mararena.pe	1
OVH SAS	euroinox.pe	1
Host Europe GmbH	dringenieria.pe	1
hpserverdns.com	scitech.pe	1
SERVERCENTRAL	dymcc.pe	1
CLOUDFLARENET	barracudanetworks.com	1
com.pe	iurd.pe	1
SERVERCENTRAL	cortinasengamarra.pe	1
planetahosting.pe	scslogistic.pe	1
perfect-dns.com	hyringenieria.pe	1
hostgator.com	iqualitas.pe	1
OVH SAS	ecogaia.pe	1
DEFENSE-NET	GOOGLE	1
SERVERCENTRAL	glowcouture.pe	1
SECURITYSERVICES	alumnos.pe	1
Akamai Connected Cloud	celsat.pe	1
raiolanetworks.es	trafficmarketing.pe	1
CLOUDFLARENET	commonperu.pe	1
dnsmisitio.net	petplus.pe	1
Red Cientifica Peruana	fdg.pe	1
INMOTION	surfxperience.pe	1
DIMENOC	brochure.pe	1
hpserverdns.com	tradecabal.pe	1
SERVERCENTRAL	adlim.pe	1
Red Cientifica Peruana	lugeek.pe	1
UNIFIEDLAYER-AS-1	btarquitectos.pe	1
CLOUDFLARENET	famingperu.pe	1
planetahosting.pe	ecox.pe	1
planetahosting.pe	sanandres.pe	1
AMAZON-02	bmanagement.pe	1
AS-30083-US-VELIA-NET	techbusiness.pe	1
CLOUDFLARENET	praxisperu.pe	1
NETWORK-SOLUTIONS-HOSTING	villaserrano.pe	1
SERVERCENTRAL	brumedic.pe	1
hpserverdns.com	lithium.pe	1
estugo-webhosting.com	elstein.pe	1
HOSTING.	bhacargo.pe	1
admeli.com	ecopacksolutions.pe	1
CLOUDFLARENET	green32.pe	1
net.pe	mobilis.pe	1
SERVERCENTRAL	euromatex.pe	1
hostingcolor.com	ecofluid.pe	1
pixtudios.net	decruceros.pe	1
com.pe	dualcore.pe	1
AMAZON-02	royalpet.pe	1
mihosting.net	golty.pe	1
hpserverdns.com	credinegocios.pe	1
aiwebhost.net	capibara.pe	1
AMAZON-02	ageso.pe	1
Dattatec.com	musique.pe	1
AMAZON-02	dreambingo.pe	1
stamping.io	manyao.pe	1
pymedns.net	luzami.pe	1
CLOUDFLARENET	soportepc.pe	1
dnsprotect.com	cambioexpress.pe	1
AMAZON-02	drwax.pe	1
Red Cientifica Peruana	luchalibre.pe	1
SERVERCENTRAL	paularuiz.pe	1
OVH SAS	etigraf.pe	1
rvsrv.net	mallas.pe	1
profesionalhosting.com	psperu.pe	1
SERVERCENTRAL	masproducciones.pe	1
LEASEWEB-USA-DAL	planetaserver.pe	1
Red Cientifica Peruana	seedlink.pe	1
Red Cientifica Peruana	terabyte.pe	1
UNIFIEDLAYER-AS-1	storetech.pe	1
AMAZON-02	visionova.pe	1
NETWORK-SOLUTIONS-HOSTING	simbaerp.pe	1
rexserver.com	benetton.pe	1
GOOGLE	perudeportes.pe	1
CLOUDFLARENET	quiputec.pe	1
Host Europe GmbH	augustoleon.pe	1
OVH SAS	numero.pe	1
SERVERCENTRAL	petmart.pe	1
Akamai Connected Cloud	ancorp.pe	1
aic-gaf.com	gimnasia.pe	1
CLOUDFLARENET	ice360.pe	1
mainloop.net	GOOGLE	1
SERVERCENTRAL	infos.pe	1
Red Cientifica Peruana	smcargo.pe	1
SERVERCENTRAL	lass.pe	1
net.pe	an-global.pe	1
SECURITYSERVICES	lathro.pe	1
ninjahosting.pe	danielvercchelli.pe	1
admeli.com	drumal.pe	1
AMAZON-02	iluzion.pe	1
SERVERCENTRAL	neurogames.pe	1
AMAZON-02	iscperu.pe	1
hostinglabs.net	blackphone.pe	1
com.pe	nutritec.pe	1
AMAZON-02	almahal.pe	1
gmsis.org	rdingenieria.pe	1
Red Cientifica Peruana	friocool.pe	1
Red Cientifica Peruana	gescom.pe	1
RELIABLESITE	realmarketing.pe	1
nvme-server21.net	harumy.pe	1
OVH SAS	alvitech.pe	1
cdmon.net	historialcrediticio.pe	1
RELIABLESITE	bluescompany.pe	1
premiumdns.net	fenap.pe	1
LIQUIDWEB	dreamtec.pe	1
hostgator.com	transportesjuliocesar.pe	1
Red Cientifica Peruana	mavilex.pe	1
hostinglabs.net	texla.pe	1
INMOTION	cavas.pe	1
SERVERCENTRAL	iperu.pe	1
NL-811-40021	cienciapolitica.pe	1
is-fun.net	pphosted.com	1
hostinglabs.net	creamos.pe	1
NETWORK-SOLUTIONS-HOSTING	totalmotoring.pe	1
tcdaza.com	vga.pe	1
server314.com	elretablocusco.pe	1
Host Europe GmbH	dismar.pe	1
Combell NV	liderart.pe	1
NL-811-40021	esyse.pe	1
UNIFIEDLAYER-AS-1	comopreparar.pe	1
hostingperu.solutions	concreta.pe	1
CLOUDFLARENET	corporacionmg.pe	1
hostingroup.com	cadel.pe	1
hpserverdns.com	seger.pe	1
INMOTION	inmotionhosting.com	1
SERVERCENTRAL	jamesvidal.pe	1
IS-AS-1	sigas.pe	1
BIZLAND-SD	mesientoseguro.pe	1
NL-811-40021	selecthomes.pe	1
Contabo GmbH	actualidadpolitica.pe	1
AMAZON-02	idealis.pe	1
Red Cientifica Peruana	taco.pe	1
ins-online.ch	MICROSOFT-CORP-MSN-AS-BLOCK	1
com.pe	Scaleway S.a.s.	1
Red Cientifica Peruana	davincidesign.pe	1
interviaperu.com	GOOGLE	1
NL-811-40021	contador.pe	1
Dattatec.com	ragnarok.pe	1
Dattatec.com	cementoexpansivo.pe	1
unknown	matelin.pe	1
tmdcloud.com	ZOHO-AS	1
planetahosting.pe	utqay.pe	1
OVH SAS	degtek.pe	1
SERVERCENTRAL	palucosmetics.pe	1
datanostrum.biz	fashioneverywhere.pe	1
NTHL	chavin.pe	1
hpserverdns.com	rebofoods.pe	1
hostgator.com	qrcarta.pe	1
latinoamericahosting.com	inkafit.pe	1
Hetzner Online GmbH	moringa.pe	1
latinoamericahosting.com	rocknrollmarketing.pe	1
hpserverdns.com	cye.pe	1
NETWORK-SOLUTIONS-HOSTING	granimpex.pe	1
aymperusi.com	factutaller.pe	1
valsanfox.org	vrcingenieria.pe	1
hpserverdns.com	atangana.pe	1
SINGLEHOP-LLC	estratex.pe	1
tcq.pe	megaticket.pe	1
DFW-DATACENTER	octa.pe	1
perf1.com	iphmx.com	1
diceahost.com	tryl.pe	1
net.pe	christianrosas.pe	1
AMAZON-02	tusclases.pe	1
PRIVATESYSTEMS	ambassadors.pe	1
WI-NET TELECOM S.A.C.	vitalseguros.pe	1
Dattatec.com	dermaclinic.pe	1
bogote.net	skincarevegan.pe	1
hpserverdns.com	twoforces.pe	1
SERVERCENTRAL	centronuevabelleza.pe	1
somoswebmaster.com	cofama.pe	1
SERVERCENTRAL	northplastics.pe	1
SERVERCENTRAL	spencer.pe	1
Red Cientifica Peruana	cph.pe	1
entorno.cat	MICROSOFT-CORP-MSN-AS-BLOCK	1
dominiok.it	GOOGLE	1
hostinglabs.net	inmediata.pe	1
GOOGLE	ecoaldeas.pe	1
CLOUDFLARENET	ecodina.pe	1
CLOUDFLARENET	micor.pe	1
appwebit.at	appwebit.com	1
com.pe	gamaq.pe	1
SERVERCENTRAL	pranamedia.pe	1
SERVERCENTRAL	hogaryfamilia.pe	1
SERVERCENTRAL	granmundohotel.pe	1
OVH SAS	tuscomprobantes.pe	1
inmotionhosting.com	mrjoy.pe	1
NUCDN	fruugo.net	1
lucushost.com	esmarstore.pe	1
net.pe	myo.pe	1
Dattatec.com	axon.pe	1
parktons.com	parktons.com	1
PONYNET	yakana.pe	1
monopost.com	badoo.pe	1
endtechnologyhosting.com	newtravel.pe	1
hostgator.com	chalac.pe	1
Combell NV	percyquispe.pe	1
hostinglabs.net	andesconsulting.pe	1
CLOUDFLARENET	bioh2o.pe	1
OVH SAS	madeleine.pe	1
SERVERCENTRAL	mimenu.pe	1
idmedia.pe	idmedia.pe	1
linode.com	repuestock.pe	1
xianzhu.pe	GOOGLE	1
latinoamericahosting.com	refricold.pe	1
Xtudio Networks S.L.U.	citasmigraciones.pe	1
net.pe	mitienda24.pe	1
prosnet.pl	smartwork.pe	1
Hetzner Online GmbH	crident.pe	1
ninjahosting.pe	fullservice.pe	1
SERVERCENTRAL	peregrinaciones.pe	1
websitehostserver.net	justintime.pe	1
unknown	amazonicatv.pe	1
decreamedia.com	GOOGLE	1
com.pe	concarp.pe	1
OVH SAS	maesa.pe	1
AMAZON-02	casilladigital.pe	1
DFW-DATACENTER	marketdomi.pe	1
indexaserver.com	GOOGLE	2
CLOUDFLARENET	datco.pe	1
AMAZON-02	despegaya.pe	1
hostinglabs.net	ava.pe	1
SERVERCENTRAL	grupotecho.pe	1
lineadns.com	premiumm.pe	1
PRIVATESYSTEMS	vagre.pe	1
NUCDN	ebrandservices.com	1
LEASEWEB-USA-DAL	pentaflor.pe	1
dnsmisitio.net	blackdiamond.pe	1
NETWORK-SOLUTIONS-HOSTING	pcell.pe	1
SERVERCENTRAL	halvi.pe	1
AMAZON-02	ntv.pe	1
Red Cientifica Peruana	brandeo.pe	1
Akamai Connected Cloud	grupocia.pe	1
SERVERCENTRAL	maxibasketball.pe	1
OVH SAS	constituciondeempresas.pe	1
gruposolher.pe	chaskyperu.com	1
americanis.net	pricesmart.pe	1
UNIFIEDLAYER-AS-1	cortosdevista.pe	1
AS-VULTR	miguel.pe	1
supremepanel.com	dacsoluciones.pe	1
estudiotrilito.com	tourvirtual.pe	1
SERVERCENTRAL	paruro.pe	1
SINGLEHOP-LLC	puertasautomaticasperu.pe	1
LVLT-3549	mnrental.pe	1
AMAZON-02	superfresh.pe	1
equicom.pe	equicom.pe	1
OVH SAS	losgirasoleshotel.pe	1
clvirtualpc.com	tiendaholistica.pe	1
UNIFIEDLAYER-AS-1	emapab.pe	1
pymedns.net	YANDEX LLC	1
GTD PERU S.A	gtdperu.pe	1
supremepanel.com	aulaviva.pe	1
DIMENOC	isoair.pe	1
hostgator.com	abilita.pe	1
hpserverdns.com	arquibox.pe	1
LEASEWEB-USA-DAL	uw.pe	1
4dns.xyz	GOOGLE	1
Host Europe GmbH	detectordeoro.pe	1
webmyhost.com	gescomperu.pe	1
grupo-update.com	millennials.pe	1
hpserverdns.com	hyung.pe	1
UNIFIEDLAYER-AS-1	tuingeniero.pe	1
1and1.com	GOOGLE	1
OVH SAS	famesol.pe	1
AMAZON-02	sonidoperfecto.pe	1
Red Cientifica Peruana	angp.pe	1
OVH SAS	ecli.pe	1
hostingcti.com	GOOGLE	1
Red Cientifica Peruana	corporacionsir.pe	1
contabo.net	grupopuma.pe	1
chasquiserver.com	scool.pe	1
hostgator.com	fugusa.pe	1
Red Cientifica Peruana	siapo.pe	1
SERVERCENTRAL	tilvi.pe	1
DinaHosting S.L.	motormundoacademy.pe	1
com.br	MICROSOFT-CORP-MSN-AS-BLOCK	1
net.pe	esquinerosdecarton.pe	1
Host Europe GmbH	ihgroup.pe	1
AMAZON-02	desarrolla.pe	1
servernetworkdata.com	fotoclub.pe	1
NETWORK-SOLUTIONS-HOSTING	parabrisasbarba.pe	1
DIMENOC	flytours.pe	1
Red Cientifica Peruana	sensorial.pe	1
OVH SAS	taxaudit.pe	1
Hetzner Online GmbH	yatv.pe	1
INMOTION	llantasol.pe	1
namehero.com	impresoscontinuos.pe	1
hostinglabs.net	laparcela.pe	1
hostgator.com	adspro.pe	1
CLOUDFLARENET	meridianbetsport.pe	1
Red Cientifica Peruana	servosaapps.pe	1
SECURITYSERVICES	hoteltartar.pe	1
Red Cientifica Peruana	drjardin.pe	1
Host Europe GmbH	michigancorp.pe	1
servidor1.net	hogares-sm.pe	1
hostingydominiosakemi.net	clvsi.pe	1
hostingperucha.com	ofertaslaptop.pe	1
SERVERCENTRAL	visolux.pe	1
exeperu.com	citytowers.pe	1
websitehostserver.net	onehundred.pe	1
OVH SAS	xgma.pe	1
Cloud DNS Ltd	conectadigital.pe	1
jamdigitalsolve.com	laureano.pe	1
OVH SAS	paletti.pe	1
AMAZON-02	babaoption.pe	1
SERVERCENTRAL	inventivadesign.pe	1
Red Cientifica Peruana	yuyistore.pe	1
RELIABLESITE	usamyshop.pe	1
AMAZON-02	lz.pe	1
SERVERCENTRAL	hightours.pe	1
IS-AS-1	avanzamedia.pe	1
AMAZON-02	humn.pe	1
SERVERCENTRAL	tvracks.pe	1
com.pe	claroblog.pe	1
mibanco.pe	GOOGLE	1
SERVERCENTRAL	quma.pe	1
emafdata.com	NAMECHEAP-NET	1
latinoamericahosting.com	espaciodecreacion.pe	1
SERVERCENTRAL	rvsoluciones.pe	1
AMAZON-02	kreadecor.pe	1
NETWORK-SOLUTIONS-HOSTING	collao.pe	1
AMAZON-02	betwaycasino.pe	1
OVH SAS	arqticulado.pe	1
AMAZON-02	viki.pe	1
spadreams.pe	spadreams.pe	1
GTD PERU S.A	netline.pe	1
net.pe	sabancaya.pe	1
servidoraweb.net	mmwgroup.pe	1
SERVERCENTRAL	grupomor.pe	1
hpserverdns.com	sael.pe	1
hoststar.hosting	sucre.pe	1
zxcs.be	doctorpolo.pe	1
OVH SAS	knconsultoria.pe	1
SERVERCENTRAL	extintoresperu.pe	1
CLOUDFLARENET	mathews.pe	1
SERVERCENTRAL	sygingenieria.pe	1
CLOUDFLARENET	encan.pe	1
Host Europe GmbH	enlamira.pe	1
SERVERCENTRAL	isolog.pe	1
hostgator.com	oppfilm.pe	1
unknown	opcionvisual.pe	1
AMAZON-02	crecerjugando.pe	1
Akamai Connected Cloud	mosquitorecords.pe	1
SERVERCENTRAL	estiloinnato.pe	1
inmotionhosting.com	avalo.pe	1
serverhostperu.com	royalperu.pe	1
dejavuagencia.com	discocentro.pe	1
SERVERCENTRAL	lasebastiana.pe	1
GOOGLE	muvon.pe	1
net.pe	najami.pe	1
DFW-DATACENTER	certzen.pe	1
biker.pe	biker.pe	1
latinoamericahosting.com	davc.pe	1
SERVERCENTRAL	electrorepuestos.pe	1
SERVERCENTRAL	nanostop.pe	1
sipan.pe	ZOHO-AS	1
Hetzner Online GmbH	capitalprojects.pe	1
tcq.pe	ohno.pe	1
coolhandle.com	energynutrition.pe	1
SERVERCENTRAL	lagranja.pe	1
SERVERCENTRAL	corpmezones.pe	1
net.pe	arvale.pe	1
SERVERCENTRAL	kargosmart.pe	1
apacheperu.com	teknoproducts.pe	1
AMAZON-02	docele.pe	1
Xtudio Networks S.L.U.	idcorp.pe	1
DIMENOC	novacert.pe	1
SERVERCENTRAL	acier.pe	1
d-vlant3.com	isgr.pe	1
SERVERCENTRAL	cusi.pe	1
unknown	inverplus.pe	1
net.pe	sgogroup.pe	1
Red Cientifica Peruana	basefit.pe	1
UNIFIEDLAYER-AS-1	tugestion.pe	1
SERVERCENTRAL	arquiart.pe	1
AMAZON-02	antispameurope.com	1
SERVERCENTRAL	optimiza.pe	1
interdominios.com	aireuropa.pe	1
NETWORK-SOLUTIONS-HOSTING	nextengineer.pe	1
GANDI SAS	forwardemail.net	1
Red Cientifica Peruana	focna.pe	1
Combell NV	gli.pe	1
SERVERCENTRAL	dreamlab.pe	1
OVH SAS	nomadadigital.pe	1
checkdomain.de	rudolf.pe	1
WII	GOOGLE	1
AMAZON-02	rauda.pe	1
hostingperudominios.com	chexpress.pe	1
graficowebs.com	ZOHO-AS	1
Host Europe GmbH	chacrunamarketing.com	1
SERVERCENTRAL	alc.pe	1
SERVERCENTRAL	haifeng.pe	1
supremepanel.com	rematazo.pe	1
CLOUDFLARENET	wstecnologia.pe	1
CLOUDFLARENET	motoworld.pe	1
net.pe	cableclub.pe	1
hpserverdns.com	babas.pe	1
SERVERCENTRAL	metha.pe	1
OVH SAS	ahm.pe	1
Hetzner Online GmbH	noticiasconcalle.pe	1
SERVERCENTRAL	dcarlos.pe	1
paginaswebpro.net	nuspet.pe	1
CLOUDFLARENET	topnet.pe	1
Hetzner Online GmbH	altatension.pe	1
digitalkhipuq.net	mitriunfo.pe	1
Red Cientifica Peruana	lanatta.pe	1
SERVERCENTRAL	arkitech.pe	1
TIER-NET	inspiradesign.pe	1
AMAZON-02	fotosintesishumana.pe	1
Dattatec.com	familymedical.pe	1
UNIFIEDLAYER-AS-1	socoza.pe	1
Red Cientifica Peruana	telecomdata.pe	1
SERVERCENTRAL	expomujer.pe	1
net.pe	edicioneslexicom.pe	1
NL-811-40021	kmm.pe	1
Combell NV	ventasweb.pe	1
AMAZON-02	villaspring.pe	1
com.pe	luxurytravel.pe	1
latinoamericahosting.com	dinabit.pe	1
DIMENOC	magensa.pe	1
dnsmisitio.net	zrisk.pe	1
andinohost.net	mountainstripperu.pe	1
SERVERSTACK-ASN	legalporno.pe	1
AMAZON-02	iphmx.com	1
CLOUDFLARENET	apcer.pe	1
SERVERCENTRAL	sym.pe	1
Host Europe GmbH	todoinmueble.pe	1
Red Cientifica Peruana	acj.pe	1
SERVERCENTRAL	leonseguridad.pe	1
com.pe	eventoshuarazquerido.pe	1
loopia.se	GOOGLE	1
acens Technologies, S.L.	eeamerica.pe	1
hostingplus.cl	MICROSOFT-CORP-MSN-AS-BLOCK	1
IS-AS-1	leeporgusto.pe	1
cecarman.com	GOOGLE	1
hostmediato.com	vistacom.pe	1
Red Cientifica Peruana	fixtex.pe	1
AMAZON-02	walkids.pe	1
Host Europe GmbH	keosko.pe	1
SERVERCENTRAL	afuegote.pe	1
NL-811-40021	grupomyh.pe	1
CLOUDFLARENET	guialogisticaccl.pe	1
Red Cientifica Peruana	dest.pe	1
SERVERCENTRAL	gromar.pe	1
macprad.com	bilbaohotel.pe	1
SERVERCENTRAL	hidro.pe	1
unknown	sysard.pe	1
Red Cientifica Peruana	qumir.pe	1
SERVERCENTRAL	packmarketing.pe	1
CLOUDFLARENET	infoactiva.pe	1
NETWORK-SOLUTIONS-HOSTING	casadenovios.pe	1
SERVERCENTRAL	sding.pe	1
net.pe	eficaz.pe	1
Hetzner Online GmbH	mansour.pe	1
imparablehost.com	spartafc.pe	1
nube-web.com	wolfcleaning.pe	1
com.br	ppe-hosted.com	1
AMAZON-02	webnode.com	1
hogarmas.pe	hogarmas.pe	1
dodns.net	GOOGLE	1
GOOGLE	ppe-hosted.com	1
neondns.com	danjan.pe	1
Red Cientifica Peruana	ardel.pe	1
Combell NV	artimak.pe	1
com.pe	x360.pe	1
AMAZON-02	teleclinica.pe	1
CLOUDFLARENET	yofacturo.pe	1
DFW-DATACENTER	globalconsulting.pe	1
Red Cientifica Peruana	jbp.pe	1
zgh.cl	GOOGLE	1
Red Cientifica Peruana	nexus-realty.pe	1
directoriopolicial.pe	directoriopolicial.pe	1
SERVERCENTRAL	jrproducciones.pe	1
sipanserver.com	corpus.pe	1
AMAZON-02	miamitop.pe	1
siscotechlabs.com	anag.pe	1
sendinblue.com	peruhct.pe	1
Dattatec.com	kappacorp.pe	1
fullcontrol.net	sportsolutions.pe	1
apachelima.info	docusafe.pe	1
DIMENOC	limdes.pe	1
CLOUDFLARENET	soffia.pe	1
Red Cientifica Peruana	emerson.pe	1
a1.net	a1.net	1
AMAZON-02	fde.pe	1
com.pe	climatizacion.pe	1
com.pe	bettersoft.pe	1
DIMENOC	gfh.pe	1
CLOUDFLARENET	ideaprint.pe	1
Dattatec.com	stesa.pe	1
CLOUDFLARENET	turismovillarica.pe	1
OVH SAS	figo.pe	1
SERVERCENTRAL	machupicchusurvivor.pe	1
serverarray.net	papeletas.pe	1
Red Cientifica Peruana	allsupport.pe	1
SERVERCENTRAL	balanzasdigitales.pe	1
Combell NV	hattori.pe	1
CLOUDFLARENET	casino-pinup.pe	1
CLOUDFLARENET	macrowork.pe	1
DIMENOC	novafirma.pe	1
orbyta.com	intermar.pe	1
SERVERCENTRAL	cremaynata.pe	1
hostgator.com	supertech.pe	1
Contabo GmbH	telmir.pe	1
Akamai Connected Cloud	atenas.pe	1
IOFLOOD	famtec.pe	1
OVH SAS	talloverde.pe	1
CLOUDFLARENET	acomo.pe	1
SECURITYSERVICES	GO-DADDY-COM-LLC	1
SERVERCENTRAL	macu.pe	1
PRIVATESYSTEMS	icmarket.pe	1
AMAZON-02	khimsa.pe	1
Combell NV	innovacont.pe	1
AS-30083-US-VELIA-NET	kraus.pe	1
hstgr.cloud	GOOGLE	1
SERVERCENTRAL	jlservice.pe	1
SERVERCENTRAL	maritime-logistic.pe	1
pymedns.net	vstudio.pe	1
hostdeweb.com	archolding.pe	1
dejavuagencia.com	GOOGLE	1
hostingroup.com	bitnetworks.pe	1
SERVERCENTRAL	advolution.pe	1
tecnoweb.net	Cloudflare London, LLC	1
OVH SAS	rls.pe	1
CLOUDFLARENET	commondigital.pe	1
Host Europe GmbH	inmel.pe	1
solucionesasumedida.net	saludybienestar.pe	1
updatemarketingperu.com	tasky.pe	1
surbiz.net	GOOGLE	1
Red Cientifica Peruana	yugoslavia.pe	1
Akamai Connected Cloud	jayilserver.com	1
CLOUDFLARENET	meridian-sport.pe	1
Red Cientifica Peruana	resotec.pe	1
hpserverdns.com	pangea.pe	1
liquidos.pe	liquidos.pe	1
AMAZON-02	truekazo.pe	1
hpserverdns.com	elan.pe	1
net.pe	denker.pe	1
dnsmisitio.net	radiofm.pe	1
SERVERCENTRAL	industriale.pe	1
estudiotrilito.com	password.pe	1
AMAZON-02	arenadigital.pe	1
ORACLE-BMC-31898	connecto.pe	1
hostgator.com	gpon.pe	1
oderland.com	oderland.com	1
CLOUDFLARENET	jmingenieros.pe	1
SERVERCENTRAL	habitalia.pe	1
AMAZON-02	biodef.pe	1
ORACLE-BMC-31898	regaloscorporativos.pe	1
Red Cientifica Peruana	floi.pe	1
ndchost.com	ruggedtech.pe	1
riversys.net	naz.pe	1
Red Cientifica Peruana	suadi.pe	1
SERVERCENTRAL	cenaudi.pe	1
SERVERCENTRAL	jevial.pe	1
SERVERCENTRAL	manases.pe	1
inmotionhosting.com	snk.pe	1
hn.pe	igr.pe	1
net.pe	jcms.pe	1
SERVERCENTRAL	arma.pe	1
SERVERCENTRAL	zonapet.pe	1
Dattatec.com	presume.pe	1
hostgator.com	badpanda.pe	1
net.pe	globalenergy.pe	1
OVH SAS	iehl.pe	1
SERVERCENTRAL	lajerga.pe	1
ciclos.pe	ciclos.pe	1
AMAZON-02	fotografiaodontologica.pe	1
disenodetiendavirtual.com	navigroup.pe	1
SECURITYSERVICES	github.io	1
apache-peru.info	festivalima.pe	1
Red Cientifica Peruana	villabautista.pe	1
AMAZON-02	kduo.pe	1
wayrahost.com	NAMECHEAP-NET	1
accountservergroup.com	inmueblelibre.pe	1
dnsmisitio.net	hvm.pe	1
GOOGLE	hostiger.com	1
net.pe	lalata.pe	1
arguzserver.pe	adtech.pe	1
net.pe	nieto.pe	1
hostinglabs.net	glasservice.pe	1
webslima.net	biologicalpharma.pe	1
UNIFIEDLAYER-AS-1	perfectclean.pe	1
com.pe	consorcio.pe	1
apacheplumadorada.net	proyed.pe	1
hostgator.com	smartsteel.pe	1
Red Cientifica Peruana	thel.pe	1
net.pe	orbidata.pe	1
AMAZON-02	copycom.pe	1
SERVERCENTRAL	decorlux.pe	1
NETWORK-SOLUTIONS-HOSTING	meri.pe	1
AMAZON-02	rauldiaz.pe	1
CLOUDFLARENET	parwa.pe	1
Dattatec.com	hayfe.pe	1
hostgator.com	enlaces.pe	1
CLOUDFLARENET	bioinnovate.pe	1
sbtecserver.com	lexiuris.pe	1
AMAZON-02	famedi.pe	1
CLOUDFLARENET	grupoaseo.pe	1
intelsrv.net	ZOHO-AS	1
Red Cientifica Peruana	serviciosgenerales.pe	1
pymedns.net	maveco.pe	1
3w.pe	yego.pe	1
dnsmisitio.net	capipsicologia.pe	1
Red Cientifica Peruana	waste.pe	1
UNIFIEDLAYER-AS-1	optex-fa.pe	1
RELIABLESITE	abacustech.pe	1
MICROSOFT-CORP-MSN-AS-BLOCK	cuda-inc.com	1
AMAZON-02	bluhaus.pe	1
SERVERCENTRAL	kfood.pe	1
AMAZON-02	essencia.pe	1
AMAZON-02	catlifestyle.pe	1
hostingperu-ya.com	ZOHO-AS	1
Host Europe GmbH	numen.pe	1
SECURITYSERVICES	vuelosbarato.pe	1
AMAZON-02	r3p.pe	1
UNIFIEDLAYER-AS-1	ensol.pe	1
Red Cientifica Peruana	lzi.pe	1
hpserverdns.com	pezex.pe	1
hpserverdns.com	gravity.pe	1
AMAZON-02	amazoniamarket.pe	1
Combell NV	grupoinl.pe	1
hostgator.com	nerdstudio.pe	1
UNIFIEDLAYER-AS-1	qas.pe	1
dongee.com	trianon.pe	1
planetahosting.pe	coopcentenario.pe	1
villarrse.com	vialegal.pe	1
dnslatamserver.com	ZOHO-AS	1
AMAZON-02	mnmotor.pe	1
IOFLOOD	intelectrica.pe	1
AMAZON-02	brickedphone.pe	1
rackhosting.com	GOOGLE	1
SERVERCENTRAL	oog.pe	1
IONOS SE	panaderiadebarrio.pe	1
CLOUDFLARENET	quipudigital.pe	1
AMAZON-02	ecodigital.pe	1
rossy-domains.de	siemens-stiftung.org	1
net.pe	teisac.pe	1
Hetzner Online GmbH	blacksnake.pe	1
DFW-DATACENTER	rgr.pe	1
Red Cientifica Peruana	milkositas.pe	1
domserver.de	iho.pe	1
co.uk	AMAZON-02	1
raiolanetworks.es	cabager.pe	1
Red Cientifica Peruana	ZOHO Corporation B.V	1
Cloud DNS Ltd	marcofalconi.pe	1
CLOUDFLARENET	mientrada.pe	1
webbuho.com	GOOGLE	1
mihosting.net	gasavi.pe	1
SERVERCENTRAL	momomu.pe	1
net.pe	lumiere.pe	1
SERVERCENTRAL	redsweb.pe	1
IS-AS-1	cneil.pe	1
solymaster.com	bodybalance.pe	1
net.pe	intersac.pe	1
register.it	webnode.com	1
INMOTION	ornet.pe	1
IOFLOOD	agrosolar.pe	1
CLOUDFLARENET	fisiocentro.pe	1
perfect-dns.com	sanus.pe	1
AMAZON-02	misterpet.pe	1
erickapinedo.com	merkur.pe	1
viared.cl	imaginaccion.cl	1
juantineo.com	GOOGLE	1
Red Cientifica Peruana	qebra.pe	1
webspacecontrol.com	gastro.pe	1
creativeserverhost.com	luren.pe	1
DIMENOC	ceragem.pe	1
Red Cientifica Peruana	getsemani.pe	1
NETWORK-SOLUTIONS-HOSTING	zalmar.pe	1
Red Cientifica Peruana	andinasac.pe	1
Dattatec.com	kultiva.pe	1
chilecom.net	entrenate.pe	1
SERVERCENTRAL	tiendaplus.pe	1
CLOUDFLARENET	nutrizen.pe	1
CLOUDFLARENET	life.pe	1
OVH SAS	cavalie.pe	1
Combell NV	irsotec.pe	1
x10premium.com	printac.pe	1
hpserverdns.com	sailperu.pe	1
co.uk	stum.pe	1
com.pe	jplogistica.pe	1
host-n-web.com	lagom.pe	1
Red Cientifica Peruana	consorciosantamaria.pe	1
net.pe	toolware.pe	1
SERVERCENTRAL	notariza.pe	1
e-digitalhosting.net	kurmix.com	1
SINGLEHOP-LLC	jlm.pe	1
IS-AS-1	sinep.pe	1
hostgator.com	pizarras.pe	1
PRIVATESYSTEMS	parquesacuaticos.pe	1
SERVERCENTRAL	tvsur.pe	1
barrachalaca.pe	MICROSOFT-CORP-MSN-AS-BLOCK	1
AS-VULTR	caferoutier.pe	1
latinoamericahosting.com	civilsoft.pe	1
Contabo GmbH	sunforest.pe	1
Red Cientifica Peruana	cityprime.pe	1
IS-AS-1	infinityglobal.pe	1
apacheplumadorada.net	forestunderground.pe	1
hpserverdns.com	lenxing.pe	1
hosting.pe	novaplaza.pe	1
ORACLE-BMC-31898	guiacomercial.pe	1
SERVERCENTRAL	blacksteel.pe	1
CLOUDFLARENET	novuscapital.pe	1
hostgator.com	almayu.pe	1
sipanserver.com	ryf.pe	1
SERVERCENTRAL	sehabladigital.pe	1
sipanserver.com	aviales.pe	1
net.pe	orbitados.pe	1
bransgo.com	shandong.pe	1
CLOUDFLARENET	labrys.pe	1
SERVERCENTRAL	fullgrainleather.pe	1
IS-AS-1	fbgroup.pe	1
RELIABLESITE	gvt.pe	1
SERVERCENTRAL	airbox.pe	1
SERVERCENTRAL	miretail.pe	1
PRIVATESYSTEMS	medusa.pe	1
cdmon.net	cardiopatia.pe	1
SERVERCENTRAL	granlog.pe	1
hispalisdns.com	lxe.pe	1
netdataperu.com	callela.pe	1
CLOUDFLARENET	english4you.pe	1
SSASN2	computo.pe	1
CLOUDFLARENET	igps.pe	1
SERVERCENTRAL	momo.pe	1
nicns.net	maffei.pe	1
dnsmisitio.net	cinetica.pe	1
AMAZON-02	supercc.pe	1
com.pe	investinperu.pe	1
NETWORK-SOLUTIONS-HOSTING	johnnybello.pe	1
anhosting.com	lifweek.pe	1
cloudns.net	QUICKPACKET	1
AMAZON-02	facturaelectronica.pe	1
Red Cientifica Peruana	peruhome.pe	1
isuredid.com	david.pe	1
tecnoweb.net	bebidasdelmundo.pe	1
hostinglabs.net	ventascorporativas.pe	1
misspark.com	wel.pe	1
thundercloud.uk	enfermerasadomicilio.pe	1
Akamai Connected Cloud	fundez.pe	1
AMAZON-02	glama.pe	1
LVLT-3549	seeit.pe	1
SINGLEHOP-LLC	rojo5.pe	1
com.pe	sie.pe	1
ibo.pe	GOOGLE	1
SINGLEHOP-LLC	aqnq.pe	1
hpserverdns.com	smartsea.pe	1
CLOUDFLARENET	ser.pe	1
brialesoft.site	kairosgroup.pe	1
SERVERCENTRAL	quepasaenlima.pe	1
AMAZON-02	rodriguezcontadores.pe	1
Host Europe GmbH	parafernalia.pe	1
sitelsur.net	GOOGLE	1
Cloud DNS Ltd	ecommerceday.pe	1
Red Cientifica Peruana	geniodigital.pe	1
CLOUDFLARENET	pache.pe	1
narakats.network	narakats.pe	1
Dattatec.com	grunisac.pe	1
Dattatec.com	coldcargo.pe	1
Host Europe GmbH	bfi.pe	1
dnsmisitio.net	blacktech.pe	1
net.pe	pprod.pe	1
sofiapps.com	koncepto.pe	1
AMAZON-02	and-one.pe	1
Akamai Connected Cloud	gruposns.pe	1
SECURITYSERVICES	facturahoy.pe	1
nvme-server21.net	desarrollo21.pe	1
AMAZON-02	safescape.pe	1
SERVERCENTRAL	confianzaperu.pe	1
AS-30083-US-VELIA-NET	beyond.pe	1
net.pe	infrait.pe	1
Red Cientifica Peruana	freedommusic.pe	1
dnsmisitio.net	clinicaesteticafranco.pe	1
micasino.pe	micasino.pe	1
AMAZON-02	uma.pe	1
AMAZON-02	foxsoft.pe	1
Hetzner Online GmbH	japiprint.pe	1
LEASEWEB-USA-PHX	bohr.pe	1
net.pe	ginecologia.pe	1
Red Cientifica Peruana	qamasa.pe	1
nuevocontrol.com	csbuilding.pe	1
SERVERCENTRAL	puntotecnologico.pe	1
admeli.com	catanzarocorp.pe	1
hpserverdns.com	primeagency.pe	1
Host Europe GmbH	asbmotors.pe	1
CLOUDFLARENET	natur.pe	1
CLOUDFLARENET	lapulpamadre.pe	1
SERVERCENTRAL	energycontinental.pe	1
SERVERCENTRAL	gamael.pe	1
Red Cientifica Peruana	redes.pe	1
Red Cientifica Peruana	beautyvision.pe	1
AMAZON-02	e3.pe	1
CLOUDFLARENET	mareabaja.pe	1
hpserverdns.com	onegroup.pe	1
OVH SAS	hachiue.pe	1
AMAZON-02	sumaisi.pe	1
NTHL	asclaw.pe	1
ipcom GmbH	ticketcar.pe	1
net.pe	cedent.pe	1
dhn.cl	portalasesores.pe	1
SERVERCENTRAL	camaleon.pe	1
AMAZON-02	portafloor.pe	1
SERVERCENTRAL	tierraserena.pe	1
net.pe	aibo.pe	1
Red Cientifica Peruana	mapool.pe	1
NTHL	pediatrix.pe	1
hpserverdns.com	hanseatica.pe	1
Red Cientifica Peruana	mvs.pe	1
OVH SAS	tor365.pe	1
SERVERCENTRAL	ibooth.pe	1
webglobe.cz	webglobe.cz	1
Contabo GmbH	YANDEX LLC	1
Red Cientifica Peruana	brandbeat.pe	1
SERVERCENTRAL	viajesdepromocion.pe	1
dnsmisitio.net	dbpharma.pe	1
megabus.pe	CLOUDFLARENET	1
SERVERCENTRAL	proacademy.pe	1
hostingcolor.com	nematt.pe	1
host-n-web.com	linda.pe	1
hostgator.com	osari.pe	1
OVH SAS	ewr.pe	1
SERVERCENTRAL	llegarapido.pe	1
SERVERCENTRAL	deliberate.pe	1
Red Cientifica Peruana	grupogolden.pe	1
AMAZON-02	clubdps.pe	1
SERVERCENTRAL	copysolutions.pe	1
OVH SAS	geil.pe	1
snmpe-dns.com	mineriadetodos.pe	1
unknown	radiotigre.pe	1
namebrightdns.com	namebrightmail.com	1
hpserverdns.com	megavital.pe	1
com.pe	acamar.pe	1
hostinglinus.com	meridiana.pe	1
SERVERCENTRAL	imprentawilson.pe	1
SERVERCENTRAL	atppharmax.pe	1
hpserverdns.com	entity.pe	1
Host Europe GmbH	edsconsultoria.pe	1
com.pe	lcs.pe	1
unknown	poseidongroup.pe	1
NL-811-40021	itrabajo.pe	1
SERVERCENTRAL	trekland.pe	1
SERVERCENTRAL	parakeet.pe	1
CLOUDFLARENET	23M GmbH	1
hostinglabs.net	multinet.pe	1
CLOUDFLARENET	qoriweb.pe	1
NETWORK-SOLUTIONS-HOSTING	sentinelgps.pe	1
impulsahosting.com	GOOGLE	1
IS-AS-1	carsyl.pe	1
unknown	biogranos.pe	1
SERVERCENTRAL	cormont.pe	1
akmus.com	atlanticsecurity.pe	1
CLOUDFLARENET	vivatv.pe	1
SERVERCENTRAL	lasaldas.pe	1
SERVERCENTRAL	garam.pe	1
CLOUDFLARENET	capitalpro.pe	1
net.pe	solpro.pe	1
AMAZON-02	solerpalau.pe	1
tecnoweb.net	dermaonline.pe	1
NETWORK-SOLUTIONS-HOSTING	inti.pe	1
SERVERCENTRAL	hytimes.pe	1
Dattatec.com	dellanonna.pe	1
serverpaxzu.net	paxzu.pe	1
LEASEWEB-USA-WDC	superfm.pe	1
SERVERCENTRAL	ankaperu.pe	1
gnservername.net	eurotrucks.pe	1
AMAZON-02	jspsafety.pe	1
CLOUDFLARENET	angusprime.pe	1
hostinglabs.net	solorzano.pe	1
Host Europe GmbH	cargamax.pe	1
DIGICERT	rioalto.pe	1
hostgator.com	novadent.pe	1
hostingonlineperu.com	GOOGLE	1
Red Cientifica Peruana	verella.pe	1
OVH SAS	palpina.pe	1
papaki.gr	keepitagame.pe	1
mihosting.net	gdata.pe	1
AMAZON-02	hoome.pe	1
AMAZON-02	georipper.pe	1
Combell NV	linklab.pe	1
galiciadigital.net	smartbot.pe	1
SERVERCENTRAL	skinscience.pe	1
CLOUDFLARENET	peru-retail.pe	1
gransy.com	tokenizacion.pe	1
supdns.net	gye.pe	1
IS-AS-1	siconin.pe	1
com.pe	elchaparral.pe	1
Red Cientifica Peruana	absglobal.pe	1
hostgator.com	moragues.pe	1
ns0.com	GOOGLE	1
net.pe	grumas.pe	1
dommocreativo.com	seniorblue.pe	1
net.pe	declaraciondelima.pe	1
hpserverdns.com	garagestore.pe	1
PRIVATESYSTEMS	qpro.pe	1
CLOUDFLARENET	donpastel.pe	1
OVH SAS	trituradores.pe	1
GANDI SAS	Fastmail Pty Ltd	1
DIMENOC	internetpro.pe	1
webhost4life.com	axelera.pe	1
ninjahosting.pe	neomusica.pe	1
SERVERCENTRAL	arqtelier.pe	1
teatrocanout.pe	GOOGLE	1
CLOUDFLARENET	viaven.pe	1
SERVERCENTRAL	centurymotors.pe	1
stamping.io	exelan.pe	1
INMOTION	tireshop.pe	1
SECURITYSERVICES	firasa.pe	1
OVH SAS	tercerplaneta.pe	1
AMAZON-02	chep.pe	1
idmedia.pe	idgroup.pe	1
wairla.net	GOOGLE	1
CLOUDFLARENET	primepickleball.pe	1
servidoraweb.net	durango.pe	1
OVH SAS	uromin.pe	1
geservicio.com	hostclusters.com	1
SERVERCENTRAL	urbanlook.pe	1
SERVERCENTRAL	innova.pe	1
resortlosangelesdelvalle.com	tiempocreativo.pe	1
Red Cientifica Peruana	festivo.pe	1
DIGITALOCEAN-ASN	electroabad.pe	1
SERVERCENTRAL	altoriesgo.pe	1
enterministry.com	GOOGLE	1
NETWORK-SOLUTIONS-HOSTING	pullup.pe	1
SERVERCENTRAL	tradupharma.pe	1
CLOUDFLARENET	actualidadpenal.pe	1
Atman Sp. z o.o.	GOOGLE	1
SERVERCENTRAL	yope.pe	1
Contabo GmbH	ciudadanosunidos.pe	1
SERVERCENTRAL	codigofuente.pe	1
Hetzner Online GmbH	cocla.pe	1
clientnshosting.net	bezaleel.pe	1
undiadesun.com	haciendaesmeralda.pe	1
CLOUDFLARENET	inmed.pe	1
IS-AS-1	herramientaspro.pe	1
CLOUDFLARENET	smilesfidelidad.pe	1
chachapoyasonline.net	010101.pe	1
hpserverdns.com	compunet.pe	1
CLOUDFLARENET	sigafact.pe	1
CLOUDFLARENET	pralia.pe	1
Red Cientifica Peruana	grupojhv.pe	1
dongee.com	plataformasvirtuales.pe	1
mydomain.com	vesta.pe	1
Red Cientifica Peruana	idebox.pe	1
CLOUDFLARENET	superbetin.pe	1
net.pe	smartcloud.pe	1
hostgator.com	contigomujer.pe	1
net.pe	jararesistencias.pe	1
CLOUDFLARENET	compresoras.pe	1
AMAZON-02	growsale.pe	1
AMAZON-02	themouse.pe	1
OVH SAS	cityclima.pe	1
Red Cientifica Peruana	gterry.pe	1
Hetzner Online GmbH	bioesthetic.pe	1
PRIVATESYSTEMS	gmperu.pe	1
SERVERCENTRAL	medina.pe	1
OVH SAS	amgengineers.pe	1
latinoamericahosting.com	atlas.pe	1
net.pe	iqcg.pe	1
AMAZON-02	agrovetmarket.pe	1
AMAZON-02	capital.pe	1
inmotionhosting.com	datatrust.pe	1
Dattatec.com	pixelhome.pe	1
dialecloud.com	perezyasociados.pe	1
hpserverdns.com	connies.pe	1
hpserverdns.com	paws.pe	1
CLOUDFLARENET	spaceship.net	1
hostgator.com	molgroup.pe	1
Dattatec.com	detallado.pe	1
hpserverdns.com	consunegocio.pe	1
AMAZON-02	gpslegal.pe	1
loopia.se	loopia.se	1
SERVERCENTRAL	makerstrong.pe	1
OVH SAS	logimas.pe	1
com.pe	pangia.biz	1
apache-peru.org	serlect.pe	1
nube-web.com	indexcom.pe	1
DIGITALOCEAN-ASN	dentum.pe	1
SERVERCENTRAL	cnetwork.pe	1
CLOUDFLARENET	passnow.pe	1
CLOUDFLARENET	myweb.pe	1
net.pe	emotiv.pe	1
Akamai International B.V.	ZOHO-AS	1
ninjahosting.pe	healthsoftware.pe	1
OVH SAS	holandes.pe	1
net.pe	x-ion GmbH	1
IONOS SE	linkreativo.pe	1
UNIFIEDLAYER-AS-1	losnoventas.pe	1
i-magent.com	cuzcorentacar.pe	1
AMAZON-02	chem-solutions.pe	1
Host Europe GmbH	residuossolidos.pe	1
Red Cientifica Peruana	pumpmix.pe	1
supremepanel.com	lanxing.pe	1
latinoamericahosting.com	guardsoft.pe	1
CLOUDFLARENET	gigacloud.pe	1
BIZLAND-SD	asiamerica.pe	1
simpleincloud.com	NAMECHEAP-NET	1
IS-AS-1	APPLE-ENGINEERING	1
ecohosting.cl	temsa.pe	1
CLOUDFLARENET	fin.pe	1
SERVERCENTRAL	mindbrand.pe	1
DFW-DATACENTER	scops.pe	1
NETWORK-SOLUTIONS-HOSTING	gestoro.pe	1
CLOUDFLARENET	backoffice.pe	1
Red Cientifica Peruana	dvl.pe	1
samsa.pe	samsa.pe	1
Host Europe GmbH	mpu.pe	1
hpserverdns.com	be360.pe	1
net.pe	rmmlegal.pe	1
Combell NV	rexcapital.pe	1
SECURITYSERVICES	microfinanzas.pe	1
dnsbox10.com	iid.pe	1
salazarcarlos.com	fisalud.pe	1
AMAZON-02	hobconsultores.com	1
ORACLE-BMC-31898	comollegar.pe	1
SERVERCENTRAL	juventudcautivo.pe	1
interdomain.net	panavisiontours.pe	1
Combell NV	nucleoescuela.pe	1
SERVERCENTRAL	hilos.pe	1
ntchosting.com	GOOGLE	3
raxa.host	eeperu.pe	1
SERVERCENTRAL	skinstore.pe	1
net.pe	tecnikal.pe	1
Host Europe GmbH	accountservergroup.com	1
myscriptcase.host	armit.pe	1
com.pe	miguelneyra.pe	1
GOOGLE	forwardemail.net	1
GOOGLE	texagro.pe	1
net.pe	mayfield.pe	1
tecnoweb.net	prevaedayacucho.pe	1
Red Cientifica Peruana	smartmotion.pe	1
Dattatec.com	itseller.pe	1
AMAZON-02	petitecamille.pe	1
com.pe	vipusa.pe	1
IOFLOOD	4torres.pe	1
ifa-soft.com	peruofertas.pe	1
net.pe	electrotrading.pe	1
AMAZON-02	qway.pe	1
hostgator.com	tiemporeal.pe	1
estudiotrilito.com	3dstore.pe	1
OVH SAS	cetel.pe	1
hireanalytix.com	hirenexus.pe	1
hostinglabs.net	ipdt.pe	1
virtualizate.pe	virtualizate.pe	1
Host Europe GmbH	evrehsac.pe	1
Red Cientifica Peruana	buildingconnections.pe	1
CLOUDFLARENET	kasoo.pe	1
NL-811-40021	ventadeextintores.pe	1
CLOUDFLARENET	laboratoriosbiosana.pe	1
Red Cientifica Peruana	aprendelo.pe	1
Hetzner Online GmbH	inecom.pe	1
SERVERCENTRAL	insumosingenieria.pe	1
AMAZON-02	taxeo.pe	1
SERVERCENTRAL	ensys.pe	1
dnsmisitio.net	autoseminuevos.pe	1
DFW-DATACENTER	impresionart.pe	1
AMAZON-02	vinovid.pe	1
net.pe	labonor.pe	1
hpserverdns.com	esis.pe	1
dtag.de	hella.com	1
PONYNET	tesic.pe	1
hostgator.com	bth.pe	1
jadalglobal.com	mirwal.pe	1
PRIVATESYSTEMS	estacionverde.pe	1
dnsmisitio.net	fulloffice.pe	1
SERVERCENTRAL	nuevabelleza.pe	1
Red Cientifica Peruana	opusmagnum.pe	1
solucionesasumedida.net	GOOGLE	1
AMAZON-02	lovelytessa.com	2
CLOUDFLARENET	jjpenterprise.pe	1
AMAZON-02	rodrigosanchez.pe	1
namehero.com	limaweb.pe	1
Red Cientifica Peruana	amoramar.pe	1
HOSTING.	totalpack.pe	1
NETWORK-SOLUTIONS-HOSTING	csg.pe	1
Akamai Connected Cloud	engy.pe	1
hostgator.com	llamaempire.pe	1
hpserverdns.com	grupoalsur.pe	1
AMAZON-02	afe.pe	1
CLOUDFLARENET	variumcode.com	1
dnsmisitio.net	hotelfortaleza.pe	1
linode.com	bexident.pe	1
onliveperu.com	radiolibertadtv.pe	1
BIZLAND-SD	bpservices.pe	1
SERVERCENTRAL	selectsolutions.pe	1
NETWORK-SOLUTIONS-HOSTING	bybaduanas.pe	1
net.pe	trofeos.pe	1
Red Cientifica Peruana	vicsun.pe	1
e-digitalhosting.net	eutransport.pe	1
SERVERCENTRAL	nemetsa.pe	1
Akamai Connected Cloud	alpinas.pe	1
hostdeweb.com	thermocom.pe	1
intelisperu.org	asadoargentino.pe	1
guru.digital	GOOGLE	1
datamundo.pe	datamundo.pe	1
AMAZON-02	simpletv.pe	1
spaciohost.com	inmobiliariadelima.pe	1
SERVERCENTRAL	zingaproteccioncatodica.pe	1
AMAZON-02	dondevivir.pe	1
liveboxserver.com	valle.pe	1
masterkong.pe	masterkong.pe	1
AMAZON-02	crbroker.pe	1
AMAZON-02	coopsanbenito.pe	1
PRIVATESYSTEMS	craton.pe	1
hpserverdns.com	ipass.pe	1
hostgator.com	unifit.pe	1
Red Cientifica Peruana	elarbolazul.pe	1
internex.at	panomax.pe	1
dnsmisitio.net	doychperu.pe	1
SECURITYSERVICES	paden.pe	1
hpserverdns.com	perucomex.pe	1
acens Technologies, S.L.	amsystem.es	1
latinoamericahosting.com	esteriliza.pe	1
dots-interactive.com	GOOGLE	2
SERVERCENTRAL	martin.pe	1
buho.host	tomaca.pe	1
latinoamericahosting.com	zhonghui.pe	1
optmedia.digital	allinialglobal.pe	1
hostgator.com	casacocina.pe	1
hpserverdns.com	itzgroup.pe	1
contabo.net	ideos.pe	1
dnsmisitio.net	vedoble.pe	1
DIGICERT	lorito.pe	1
tecnosheep.com	purpural.pe	1
supremepanel.com	tmarc.pe	1
sipanserver.com	viviraqui.pe	1
NETWORK-SOLUTIONS-HOSTING	smartchef.pe	1
Host Europe GmbH	idpg.pe	1
innves.com	ZOHO-AS	1
RELIABLESITE	fuenteazul.pe	1
DFW-DATACENTER	teprex.pe	1
CLOUDFLARENET	fastdye.pe	1
PRIVATESYSTEMS	andesmed.pe	1
CLOUDFLARENET	ditp.pe	1
Host Europe GmbH	getfel.co	1
OVH SAS	valdi.pe	1
sarasgroup.pe	sarasstudio.pe	1
CLOUDFLARENET	qeira.pe	1
AMAZON-02	almaia.pe	1
hpserverdns.com	cosplay.pe	1
NL-811-40021	gmdent.pe	1
Dattatec.com	sermaz.pe	1
Red Cientifica Peruana	peertopeer.pe	1
cdmon.net	estructural.pe	1
SERVERCENTRAL	makemusic.pe	1
CLOUDFLARENET	multimoda.pe	1
IOFLOOD	intermedia.pe	1
dhn.cl	seg.pe	1
hostgator.com	consejerianutricional.pe	1
hostinglabs.net	allint.pe	1
zumedns.com	acrez.pe	1
adigitalperu.com	elgrande.pe	1
SERVERCENTRAL	oemtechnology.pe	1
uvica.pe	23M GmbH	1
CLOUDFLARENET	cardiovida.pe	1
contabo.net	codenet.pe	1
Red Cientifica Peruana	paralelo.pe	1
OVH SAS	oximedical.pe	1
sipanserver.com	jcpropiedades.pe	1
AMAZON-02	73.pe	1
CLOUDFLARENET	yokomitsu.pe	1
NETWORK-SOLUTIONS-HOSTING	imagoestudio.pe	1
ecopreneur.cl	MICROSOFT-CORP-MSN-AS-BLOCK	1
latinoamericahosting.com	divelcdrillingperu.pe	1
SERVERCENTRAL	almalibre.pe	1
hostgator.com	bkp.pe	1
SERVERCENTRAL	webinapp.pe	1
Host Europe GmbH	herbario.pe	1
AMAZON-02	tunta.pe	1
SERVERCENTRAL	siphouse.pe	1
rsasoluciones.com	naroe.pe	1
Hetzner Online GmbH	antarez.pe	1
Hetzner Online GmbH	eagleslogistic.pe	1
AMAZON-02	zap.pe	1
cloudns.net	GOOGLE-CLOUD-PLATFORM	1
SERVERCENTRAL	babyguss.pe	1
tunquimedia.com	fli.pe	1
SERVERCENTRAL	naturalshop.pe	1
OVH SAS	casagarbo.pe	1
CLOUDFLARENET	unicity.com	1
SERVERCENTRAL	minimakers.pe	1
hostgator.com	envanx.pe	1
CLOUDFLARENET	cedor.pe	1
CLOUDFLARENET	lasolucion.pe	1
SERVERCENTRAL	traductorchino.pe	1
AMAZON-02	energygreen.pe	1
net.pe	expertiz.pe	1
SERVERCENTRAL	podologosdelgado.pe	1
Host Europe GmbH	self.pe	1
net.pe	amarresdeamor.pe	1
hostgator.com	autobody.pe	1
CLOUDFLARENET	econtrol.pe	1
hostinglabs.net	asrgroup.pe	1
SERVERCENTRAL	uchu.pe	1
Host Europe GmbH	aviseguridad.pe	1
LEASEWEB-USA-DAL	artplast.pe	1
NL-811-40021	invergold.pe	1
CLOUDFLARENET	ctoperu.pe	1
eistreaming.net	GOOGLE	1
Host Europe GmbH	vetderm.pe	1
AMAZON-02	gscperu.pe	1
net.pe	anatel.pe	1
theplanetserver.net	kadabra.pe	1
ORANGEHOST	fisioterapiaintegra.pe	1
pymedns.net	comproimport.pe	1
afjhost.com	simons.pe	1
IS-AS-1	dai.pe	1
IOFLOOD	multihome.pe	1
latinoamericahosting.com	cidcam.pe	1
OVH SAS	importacionesdechina.pe	1
IS-AS-1	publiefectiva.pe	1
OVH SAS	truelove.pe	1
AMAZON-02	remaximperial.pe	1
NL-811-40021	spertis.pe	1
SERVERCENTRAL	tagre.pe	1
tecnoweb.net	ocytec.pe	1
DFW-DATACENTER	doctorvarices.pe	1
macprad.com	gba.pe	1
UNIFIEDLAYER-AS-1	nandina.pe	1
Hetzner Online GmbH	laforet.pe	1
SERVERCENTRAL	geospectral.pe	1
SERVERCENTRAL	seyco.pe	1
ecreative.top	surveylab.pe	1
Domain names registrar REG.RU, Ltd	YANDEX LLC	1
tecnoweb.net	escritorios.pe	1
PRIVATESYSTEMS	chocopro.pe	1
inmotionhosting.com	thomasgreg.pe	1
servernetworkdata.com	partykids.pe	1
aliasdns.net	iweb.pe	1
SERVERCENTRAL	radiomiraflores.pe	1
CLOUDFLARENET	granterminalterrestre.pe	1
mb-peru.com	iwasaki.pe	1
PRIVATESYSTEMS	detallesperu.pe	1
gsibspro.com	capacorp.pe	1
websolutions.pe	websolutions.pe	1
SERVERCENTRAL	andamiosperu.pe	1
net.pe	petbrands.pe	1
hostgator.com	musec.pe	1
contabo.net	automatico.pe	1
hpserverdns.com	iriscolors.pe	1
com.pe	pphosted.com	1
AMAZON-02	lucaffe.pe	1
hpserverdns.com	clubfranquicia.pe	1
SERVERCENTRAL	jpsystems.pe	1
Red Cientifica Peruana	hqing.pe	1
net.pe	siembra.pe	1
hpserverdns.com	sunland.pe	1
tepuyserver.net	winners.pe	1
SERVERCENTRAL	musictech.pe	1
PONYNET	thiccsa.pe	1
adigitalperu.com	gondel.pe	1
hpserverdns.com	grumol.pe	1
AS-30083-US-VELIA-NET	fggroup.pe	1
server345.com	apperperu.pe	1
Red Cientifica Peruana	jabo.pe	1
Hetzner Online GmbH	patcor.pe	1
SERVERCENTRAL	impuesto.pe	1
INMOTION	bandas.pe	1
hpserverdns.com	navibroker.pe	1
AMAZON-02	lauritsen.pe	1
PONYNET	crpweb.pe	1
Host Europe GmbH	vacsi.pe	1
dnsmisitio.net	safrom.pe	1
Dattatec.com	corelabs.pe	1
hostgator.com	campavan.pe	1
AMAZON-02	ventadeups.pe	1
net.pe	klix.pe	1
AMAZON-02	cablenet.pe	1
hpserverdns.com	latinproducts.pe	1
dnslivehost.net	acu.pe	1
CLOUDFLARENET	pglobal.pe	1
legalhelp.pe	legalhelp.pe	1
dnsmisitio.net	mathrisk.pe	1
CLOUDFLARENET	graf.pe	1
hpserverdns.com	sisfe.pe	1
auri.pe	extindustria.pe	1
SERVERCENTRAL	adelantatucarreraensenati.pe	1
allcar.pe	muromax.pe	1
net.au	GOOGLE	1
SERVERCENTRAL	omt.pe	1
AS-VULTR	alpacacollection.pe	1
Red Cientifica Peruana	prologis.pe	1
hostinglabs.net	energynet.pe	1
latinoamericahosting.com	nyp.pe	1
OVH SAS	obnova.pe	1
SERVERCENTRAL	delwi.pe	1
net.pe	paka.pe	1
SERVERCENTRAL	vibrabonita.pe	1
SERVERCENTRAL	bless.pe	1
gsibspro.com	casanena.pe	1
com.pe	aacg.pe	1
directorio.pe	directorio.pe	1
OVH SAS	superfiber.pe	1
hostingafull.com	GOOGLE	1
com.pe	dm.pe	1
OVH SAS	mandrika.pe	1
Red Cientifica Peruana	gamafoods.pe	1
Host Europe GmbH	xubium.com	1
hostinglabs.net	visiontech.pe	1
net.pe	belgravia.pe	1
ehostingperu.net	dscont.pe	1
NL-811-40021	politica.pe	1
SECURITYSERVICES	rvgas.pe	1
AMAZON-02	ivano.pe	1
Hetzner Online GmbH	fibraoptica.pe	1
Host Europe GmbH	ecospectrum.pe	1
Red Cientifica Peruana	flecom.pe	1
CLOUDFLARENET	artem.pe	1
planetahosting.pe	ventadellantas.pe	1
villarrse.com	alcazar.pe	1
dattassd.com	godo.pe	1
net.pe	fmam.pe	1
hpserverdns.com	tvsking.pe	1
fotopapel.pe	fotopapel.pe	1
Red Cientifica Peruana	ingecon.pe	1
CLOUDFLARENET	tiendaweb.pe	1
estampado.pe	ZOHO-AS	1
CLOUDFLARENET	ionos.de	1
net.pe	workindustries.pe	1
inventa.pe	inventa.pe	1
AMAZON-02	smartpanel.pe	1
SECURITYSERVICES	brandid.pe	1
DIMENOC	indoor.pe	1
AMAZON-02	23M GmbH	1
Contabo GmbH	amarme.pe	1
supremepanel.com	ferreteriamedina.pe	1
OVH SAS	petitienda.pe	1
hpserverdns.com	sikuta.pe	1
iok.net	heroal.de	1
incaserver.com	GOOGLE	1
Dattatec.com	protectia.pe	1
Akamai Connected Cloud	bpsglobal.pe	1
Red Cientifica Peruana	llenosdegracia.pe	1
Red Cientifica Peruana	kenfar.pe	1
hostgator.com	cenfarma.pe	1
Red Cientifica Peruana	dataconsult.pe	1
Red Cientifica Peruana	rps.pe	1
SERVERCENTRAL	blueandorange.pe	1
linode.com	canaldigital.pe	1
SERVERCENTRAL	opconsultants.pe	1
Combell NV	ctmaconsultores.pe	1
CLOUDFLARENET	valeapp.pe	1
hpserverdns.com	rapibus.pe	1
SERVERCENTRAL	qisukusi.pe	1
dnssw.net	dnssw.net	1
Akamai International B.V.	SECURITYSERVICES	2
NETWORK-SOLUTIONS-HOSTING	cuba.pe	1
hpserverdns.com	2kmp.pe	1
Host Europe GmbH	egecperu.pe	1
MICROSOFT-CORP-MSN-AS-BLOCK	microsoftonline.com	1
AMAZON-02	mercuriotrade.pe	1
AMAZON-02	rentahome.pe	1
net.pe	holdmine.pe	1
Dattatec.com	mastercoaching.pe	1
CLOUDFLARENET	c8technologiesperu.pe	1
CLOUDFLARENET	columbia.pe	1
IWEB-AS	totalpet.pe	1
Red Cientifica Peruana	homeinperu.pe	1
tecnoweb.net	exp.pe	1
CLOUDFLARENET	jli.pe	1
hostiago.com	feedback.pe	1
OVH SAS	grupost.pe	1
latinoamericahosting.com	cmlegal.pe	1
apucms.com	ZOHO-AS	1
AMAZON-02	catniss.pe	1
net.pe	reca.pe	1
SERVERCENTRAL	factuel.pe	1
NL-811-40021	glanz.pe	1
AMAZON-02	zerust.pe	1
Akamai Connected Cloud	simsac.pe	1
Hetzner Online GmbH	aec.pe	1
Akamai Connected Cloud	brand360.pe	1
infoescomar.net	infoescomar.pe	1
AMAZON-02	servicioslegales.pe	1
LEASEWEB-USA-DAL	limatv.pe	1
Red Cientifica Peruana	dialtech.pe	1
SERVERCENTRAL	huancayo.pe	1
ig-1.net	GOOGLE	1
Host Europe GmbH	onefresh.pe	1
CLOUDFLARENET	amazoncarbon.pe	1
dnsmisitio.net	aclabs.pe	1
net.pe	informaccion.pe	1
OVH SAS	safari.pe	1
NOCPERU-LATIN TECHNOLOGIES	gigamax.pe	1
hostgator.com	infosur.pe	1
interlayer.net	rinconada.pe	1
net.pe	diazgroup.pe	1
IS-AS-1	openbi.pe	1
contabo.net	avisoft.pe	1
hpserverdns.com	bachmann.pe	1
SECURITYSERVICES	nutrilon.pe	1
inmotionhosting.com	thala.pe	1
Red Cientifica Peruana	idea-lab.pe	1
NETWORK-SOLUTIONS-HOSTING	muto.pe	1
SERVERCENTRAL	educonta.pe	1
SECURITYSERVICES	juanjui.pe	1
oray.net	MICROSOFT-CORP-MSN-AS-BLOCK	1
Red Cientifica Peruana	amkes.pe	1
Dattatec.com	vlegal.pe	1
BIZLAND-SD	lamihome.pe	1
IS-AS-1	ivs.pe	1
CLOUDFLARENET	gulfstream.pe	1
AMAZON-02	datsur.pe	1
hostinglabs.net	aeromedica.pe	1
hpserverdns.com	concesionesmineras.pe	1
CLOUDFLARENET	torito.pe	1
CLOUDFLARENET	mantasytrenzas.pe	1
Host Europe GmbH	catapultarh.pe	1
CLOUDFLARENET	tmsolution.pe	1
DIMENOC	proinco.pe	1
OVH SAS	redfarma.pe	1
hostinglabs.net	lunagroup.pe	1
GANDI SAS	patekphilippe.pe	1
SERVERCENTRAL	exporem.pe	1
latinoamericahosting.com	aseguratehoy.pe	1
SERVERCENTRAL	voomer.pe	1
Hetzner Online GmbH	perumed.pe	1
teradisk.net	comunicae.pe	1
net.pe	apollo.pe	1
fullentregas.pe	fullentregas.pe	1
PRIVATESYSTEMS	printer.pe	1
AMAZON-02	genioi.com	1
latinoamericahosting.com	molinssport.pe	1
SERVERCENTRAL	com.pe	1
asoshared.com	GOOGLE	1
SERVERCENTRAL	cemap.pe	1
dataexe.pe	dataexe.pe	1
fullcontrol.net	c2studio.pe	1
CLOUDFLARENET	validate.pe	1
BIZLAND-SD	taxiperu.pe	1
SERVERCENTRAL	skin.pe	1
tecnoweb.net	Proton AG	1
SERVERCENTRAL	eltayta.pe	1
AMAZON-02	hotelescajamarca.pe	1
SERVERCENTRAL	global-peru.pe	1
t3t.org	ee.pe	1
CLOUDFLARENET	okara.pe	1
DIMENOC	lims.pe	1
faustocardenas.com	shunto.pe	1
com.pe	trecex.pe	1
Host Europe GmbH	simacorp.pe	1
Red Cientifica Peruana	valhala.pe	1
CLOUDFLARENET	boxclean.pe	1
Red Cientifica Peruana	dsinet.pe	1
dnsmisitio.net	sumakta.pe	1
SERVERCENTRAL	jumper.pe	1
hpserverdns.com	mundo3d.pe	1
adpclaims.com	pphosted.com	1
SERVERCENTRAL	farming.pe	1
net.pe	hunterlojack.pe	1
AMAZON-02	maqcenter.pe	1
Hetzner Online GmbH	regery.net	1
CLOUDFLARENET	interpumphydraulics.pe	1
net.pe	rhm.pe	1
NETWORK-SOLUTIONS-HOSTING	technicae.pe	1
AMAZON-02	adhy.pe	1
IWEB-AS	cyrussecurity.pe	1
Red Cientifica Peruana	miles.pe	1
Red Cientifica Peruana	medicimport.pe	1
planetahosting.pe	telesalud.pe	1
SERVERCENTRAL	metaversestudio.pe	1
Red Cientifica Peruana	encarga.pe	1
Signet B.V.	electude.com	1
hostinglabs.net	hrosolutions.pe	1
hpserverdns.com	meylin.pe	1
Combell NV	standardcertification.pe	1
AMAZON-02	vinifan.pe	1
bonzai.pe	sunsolvacationclub.pe	1
SERVERCENTRAL	trujilloinforma.pe	1
SECURITYSERVICES	cabani.pe	1
AMAZON-02	aether.pe	1
latinoamericahosting.com	limapadel.pe	1
hostgator.com	cdtec.pe	1
Red Cientifica Peruana	srggroup.pe	1
hpserverdns.com	gcorp.pe	1
dmcreative-web.com	farmasur.pe	1
webmasterstech.pe	elena.pe	1
NETWORK-SOLUTIONS-HOSTING	hostdata.pe	1
Contabo GmbH	novocorp.pe	1
markmonitor.com	siniat.pe	1
OVH SAS	ilutec.pe	1
IOFLOOD	elcarbon.pe	1
PRIVATESYSTEMS	masterfact.pe	1
SERVERCENTRAL	tunantada.pe	1
Xtudio Networks S.L.U.	ZOHO-AS	1
NETWORK-SOLUTIONS-HOSTING	carx.pe	1
sevenktz.com	bigbang.pe	1
CLOUDFLARENET	billabong.pe	1
Red Cientifica Peruana	nunaorganica.pe	1
sipanserver.com	grupoforestal.pe	1
QUIC-CLOUD	kusiwawa.pe	1
fortares.com	kvqa.pe	1
SOFTLAYER	2gg.pe	1
LIQUIDWEB	bthgroup.pe	1
AMAZON-02	finance.pe	1
OVH SAS	peruleads.pe	1
aufotec.com	jallperu.pe	1
NETWORK-SOLUTIONS-HOSTING	e-franz.pe	1
planetahosting.pe	soloinmobiliarios.pe	1
CLOUDFLARENET	yparches.pe	1
SERVERCENTRAL	bronco.pe	1
SERVERCENTRAL	gteperu.pe	1
hostgator.com	herbay.pe	1
NETWORK-SOLUTIONS-HOSTING	novotrauma.pe	1
hostgator.com	profianzas.pe	1
AMAZON-02	ciudadmagica.pe	1
Dattatec.com	talentsearch.pe	1
ideassoftperu.net	tupedido.pe	1
innovarteperu.com	restaurantelaestacion.pe	1
SERVERCENTRAL	casadeplaya.pe	1
IWEB-AS	personalbrokers.pe	1
sitiodns.net	daet.pe	1
pymedns.net	onechannel.pe	1
SECURITYSERVICES	iphmx.com	1
CLOUDFLARENET	tecarmy.pe	1
jamdigitalsolve.com	ayar.pe	1
Akamai Connected Cloud	rangergroup.pe	1
net.pe	wisdom.pe	1
Xtudio Networks S.L.U.	tiendaonline.pe	1
cityhosting.me	odontoplaza.pe	1
CLOUDFLARENET	realtyhouse.pe	1
Host Europe GmbH	beicom.pe	1
Host Europe GmbH	postealo.pe	1
decreamedia.com	cesitarpc.pe	1
interdomain.net	clubmelia.pe	1
idmedia.pe	globalstudent.pe	1
appmusica.com	discreet.pe	1
IS-AS-1	zogo.pe	1
contabo.net	servidoresph.com	1
planetahosting.pe	samcorp.pe	1
AMAZON-02	consultoriasg.pe	1
net.pe	zearquitectos.pe	1
CLOUDFLARENET	iman.pe	1
hostgator.com	utilesdavid.pe	1
ipcom GmbH	global-sp.net	1
UNIFIEDLAYER-AS-1	lar.pe	1
AMAZON-02	simrad.pe	1
SERVERCENTRAL	caplae.pe	1
net.pe	terratools.pe	1
servernetworkdata.com	aph.pe	1
hpserverdns.com	tanmar.pe	1
jcrproducciones.com	ande.pe	1
SERVERCENTRAL	decotech.pe	1
Red Cientifica Peruana	vvabogados.pe	1
PRIVATESYSTEMS	yachacuy.pe	1
latinoamericahosting.com	yupi.pe	1
CLOUDFLARENET	iniciar.pe	1
cei-ilo.com	privatednsorg.com	1
CLOUDFLARENET	lamaga.pe	1
CLOUDFLARENET	uurr.de	1
CLOUDFLARENET	dermatologia.pe	1
e-digitalhosting.net	corazondeleon.pe	1
NETWORK-SOLUTIONS-HOSTING	jma.pe	1
hostgator.com	perutrucks.pe	1
hpserverdns.com	smartfishing.pe	1
planetahosting.pe	hazlaw.pe	1
ailair.fr	ailair.net	1
Host Europe GmbH	customgarage.pe	1
CLOUDFLARENET	generadores.pe	1
pymedns.net	strattonlab.pe	1
SERVERCENTRAL	fuerzaciudadana.pe	1
NETWORK-SOLUTIONS-HOSTING	divorcio.pe	1
arrobitanavegante.com	fortexa.pe	1
admeli.com	pcprices.pe	1
SERVERCENTRAL	peluso.pe	1
iarastudio.com	cesarvallejo.pe	1
pymedns.net	grupodar.pe	1
AMAZON-02	infomaster.pe	1
CLOUDFLARENET	impulse.pe	1
Red Cientifica Peruana	cholo.pe	1
Red Cientifica Peruana	kleinerfeigling.pe	1
SERVERCENTRAL	nibk.pe	1
SERVERCENTRAL	globalenterprise.pe	1
latinoamericahosting.com	royaal.pe	1
hpserverdns.com	blindamax.pe	1
AMAZON-02	niviglobal.pe	1
hpserverdns.com	lof.pe	1
CLOUDFLARENET	estafa.pe	1
servidoraweb.net	fossal.pe	1
limamundial.pe	limamundial.pe	1
hostinglabs.net	jhshome.pe	1
CLOUDFLARENET	mitiendavirtual.pe	1
SERVERCENTRAL	profide.pe	1
OVH SAS	sinein.pe	1
AS-30083-US-VELIA-NET	edumate.pe	1
NL-811-40021	quintalaschuas.pe	1
miramarasociados.com	fedas.pe	1
net.pe	epcm.pe	1
yax.pe	yax.pe	1
AMAZON-02	molinaasociados.pe	1
CLOUDFLARENET	palmar.pe	1
GRUPO ZGH SPA	redlog.pe	1
net.pe	phantom.pe	1
cloudnsplus.com	3dlogistic.pe	1
SECURITYSERVICES	aisla.pe	1
CLOUDFLARENET	txpro.pe	1
SERVERCENTRAL	avivainmobiliaria.pe	1
OVH SAS	impactandovidas.pe	1
AMAZON-02	cablevision.pe	1
tmd.cloud	GOOGLE	1
SERVERCENTRAL	inverpro.pe	1
wperu.com	lafinca.pe	1
davatic.com	lupont.pe	1
net.pe	kraal.pe	1
IWEB-AS	safex.pe	1
SERVERCENTRAL	mastersofhair.pe	1
Red Cientifica Peruana	soaldi.pe	1
IONOS SE	barracudanetworks.com	1
Wildcard UK Limited	hormonas.pe	1
hpserverdns.com	scaffolds.pe	1
Red Cientifica Peruana	cashcontrol.pe	1
hosting-joselo.com	ZOHO-AS	1
sipanserver.com	kabusha.pe	1
latinoamericahosting.com	incoac.pe	1
SERVERCENTRAL	erv.pe	1
com.pe	tecnia.pe	1
net.pe	intercapital.pe	1
HVC-AS	vulcano.pe	1
AMAZON-02	aquam.pe	1
SERVERCENTRAL	tecnovea.pe	1
aicorpweb.com	idiomasdelmundo.pe	1
hostingydominiosakemi.net	instratec.pe	1
net.pe	sodimacperu.pe	1
BIZLAND-SD	rodo.pe	1
SINGLEHOP-LLC	luisreyna.pe	1
planetahosting.pe	graphichem.pe	1
hostgator.com	excellencemedical.pe	1
net.pe	bsl.pe	1
Dattatec.com	scrubs.pe	1
Dattatec.com	librodereclamaciones.pe	1
linode.com	loveyourskin.pe	1
CLOUDFLARENET	megagrass.pe	1
OVH SAS	avantel.pe	1
hostgator.com	inprover.pe	1
Akamai Connected Cloud	todo.pe	1
Hetzner Online GmbH	ZOHO-AS	1
AMAZON-02	viabus.pe	1
SERVERCENTRAL	rifasperu.pe	1
OVH SAS	GO-DADDY-COM-LLC	1
AMAZON-02	laserranita.pe	1
latinoamericahosting.com	hseconsulting.pe	1
d-vlant.biz	kua.pe	1
CLOUDFLARENET	calidadysalud.pe	1
SERVERCENTRAL	carsa.pe	1
UNIFIEDLAYER-AS-1	xrayperu.pe	1
SERVERCENTRAL	qubotech.pe	1
SERVERCENTRAL	grupofides.pe	1
wperu.com	pacificmarket.pe	1
NL-811-40021	enersafe.pe	1
SERVERCENTRAL	novedosos.pe	1
ninjahosting.pe	liderclub.pe	1
net.pe	nettalco.pe	1
hostinglabs.net	boomerang.pe	1
AMAZON-02	sdefi.pe	1
innovadomain.com	speedtec.pe	1
SECURITYSERVICES	bebelac.pe	1
serviciostrigarante.com	GOOGLE	1
SERVERCENTRAL	pharma-c.pe	1
dnsmisitio.net	abaconsulting.pe	1
CLOUDFLARENET	cantogrande.pe	1
CLOUDFLARENET	openstreetmap.org	1
SERVERCENTRAL	hsproducciones.pe	1
Host Europe GmbH	kalypsus.pe	1
SERVERCENTRAL	enered.pe	1
SOFTLAYER	neuralcreations.pe	1
Hetzner Online GmbH	ingecom.pe	1
cloudnsplus.com	valnet.pe	1
HVC-AS	GOOGLE	1
NETWORK-SOLUTIONS-HOSTING	raeabogados.pe	1
com.pe	mmia.pe	1
CLOUDFLARENET	ingesan.pe	1
sismype.com	chincha.pe	1
systemjek.com	nexusglobal.pe	1
net.pe	prointesa.pe	1
Xtudio Networks S.L.U.	visani.pe	1
Host Europe GmbH	plazacolonial.pe	1
SERVERCENTRAL	etiquetasperu.pe	1
OVH SAS	tesep.pe	1
gudsocialmarketing.com	ciede.pe	1
Red Cientifica Peruana	pangoa.pe	1
Host Europe GmbH	ipbusiness.pe	1
SERVERCENTRAL	galera.pe	1
CLOUDFLARENET	erca.pe	1
SECURITYSERVICES	thecomedyinstitute.pe	1
vastagoserver.com	conmemoria.pe	1
net.pe	vyc.pe	1
99vpn.pro	portalesperanza.pe	1
SERVERCENTRAL	expertosenindustrial.pe	1
SERVERCENTRAL	newplaza.pe	1
net.pe	alacena.pe	1
netexplora.com	miduendemagico.pe	1
net.pe	havacorp.pe	1
NOCPERU-LATIN TECHNOLOGIES	ultralink.pe	1
SECURITYSERVICES	corporateit.pe	1
Akamai Connected Cloud	labmedical.pe	1
Red Cientifica Peruana	infratech.pe	1
Hetzner Online GmbH	boxmarketing.pe	1
AMAZON-02	americanbrands.pe	1
Red Cientifica Peruana	ascendi.pe	1
SERVERCENTRAL	salsamania.pe	1
net.pe	workspace.org	1
CLOUDFLARENET	mailprotect.be	1
AMAZON-02	transportsolutions.pe	1
NSONE	sisep.pe	1
hostgator.com	proveedorindustrial.pe	1
Contabo GmbH	goldenmac.pe	1
SERVERCENTRAL	altaris.pe	1
IWEB-AS	ceas.pe	1
CLOUDFLARENET	galdos.pe	1
Red Cientifica Peruana	hausinspektor.pe	1
aiwebhost.net	GOOGLE	1
DIMENOC	nuevamente.pe	1
Dattatec.com	e-line.pe	1
CLOUDFLARENET	fargo.pe	1
server266.com	lacuina.pe	1
Red Cientifica Peruana	ekatel.pe	1
LEASEWEB-USA-DAL	casainox.pe	1
Red Cientifica Peruana	estudiosilva.pe	1
hostinglabs.net	scontrol.pe	1
zenged.com	biologictest.pe	1
SERVERCENTRAL	sistema-automotriz.pe	1
Red Cientifica Peruana	villanuevalegal.pe	1
hostgator.com	hdi.pe	1
Red Cientifica Peruana	mastertires.pe	1
hpserverdns.com	zonaurbana.pe	1
Dattatec.com	panhaus.pe	1
DFW-DATACENTER	pushka.pe	1
SERVERCENTRAL	imaginer.pe	1
NL-811-40021	codisba.pe	1
servidoresseguros.com	dobal.pe	1
OVH SAS	soldecom.pe	1
hpserverdns.com	inventus.pe	1
LEASEWEB-USA-DAL	grupoah.pe	1
ip-51-79-82.net	GOOGLE	1
SERVERCENTRAL	lacasadelabuelo.pe	1
contabo.net	tamex.pe	1
PRIVATESYSTEMS	agrosmart.pe	1
OVH SAS	jmlogistic.pe	1
balsamedia.com	babykiss.pe	1
hostingroup.com	remancenter.pe	1
Dattatec.com	indusquimica.pe	1
CLOUDFLARENET	silvergoldbull.com	1
latinoamericahosting.com	naupac.pe	1
infectedstore.com	brokercorp.pe	1
tecnoweb.net	cottonproject.pe	1
unknown	dermedic.pe	1
dnsmisitio.net	visconti.pe	1
CLOUDFLARENET	granilux.pe	1
Combell NV	webempresa.pe	1
hostgator.com	cacsiperu.pe	1
SERVERCENTRAL	jooca.pe	1
SERVERCENTRAL	zalo.pe	1
supdns.net	hn.pe	1
DinaHosting S.L.	tarify.pe	1
Hetzner Online GmbH	businesscode.pe	1
UNIFIEDLAYER-AS-1	durlen.pe	1
SERVERCENTRAL	onlive.pe	1
CLOUDFLARENET	hbanoticias.pe	1
lmmerchandising.com	GOOGLE	1
latinoamericahosting.com	teloentrego.pe	1
Red Cientifica Peruana	micita.pe	1
hostgator.com	apmtrade.pe	1
CLOUDFLARENET	euler.pe	1
Red Cientifica Peruana	arawaza.pe	1
dn-s.nl	sitly.pe	1
hostgator.com	tlf.pe	1
com.pe	albumclaro.pe	1
hostgator.com	avsolutions.pe	1
strobin.agency	todogas.pe	1
LEASEWEB-USA-PHX	jepinternational.pe	1
CLOUDFLARENET	corecom.pe	1
net.pe	sysneo.pe	1
SERVERCENTRAL	piedraviva.pe	1
SINGLEHOP-LLC	goalcapital.pe	1
SERVERCENTRAL	tupsicologo.pe	1
Red Cientifica Peruana	ambilab.pe	1
swg.pe	swg.pe	1
Red Cientifica Peruana	geoperforaciones.pe	1
hostgator.com	slpp.pe	1
GOOGLE	cafeetchocolat.pe	1
Red Cientifica Peruana	ait-corp.pe	1
OVH SAS	ludica.pe	1
UNIFIEDLAYER-AS-1	ultracom.pe	1
hostgator.com	nubevirtual.pe	1
SERVERCENTRAL	fisiofast.pe	1
Red Cientifica Peruana	oneburger.pe	1
com.pe	safepoint.pe	1
smartech.pe	fenixtechnologies.pe	1
net.pe	accesoonline.pe	1
cdmon.net	anunciosgratis.pe	1
Red Cientifica Peruana	negociadora.pe	1
DIMENOC	aprovet.pe	1
net.pe	tms.pe	1
Combell NV	bf109.pe	1
IOFLOOD	perman.pe	1
AMAZON-02	evalua.pe	1
unknown	medoplus.pe	1
dmcreative-web.com	megalove.pe	1
PONYNET	alpecorp.pe	1
WII	rentaga.pe	1
Dattatec.com	2clics.pe	1
Hetzner Online GmbH	iuscorp.pe	1
inmotionhosting.com	e-seguros.pe	1
webcompleta.com	ZOHO-AS	1
Contabo GmbH	ecommarkets.pe	1
Red Cientifica Peruana	marina.pe	1
hpserverdns.com	grupoimpulsa.pe	1
CLOUDFLARENET	untuna.pe	1
NTHL	primeraimpresion.pe	1
hostinglabs.net	genesis7.pe	1
admeli.com	cajamarcaopina.pe	1
AMAZON-02	atsa.pe	1
tecnoweb.net	importacionesramirez.pe	1
Red Cientifica Peruana	proclima.pe	1
CLOUDFLARENET	mundovr.pe	1
CLOUDFLARENET	renovare.pe	1
SERVERCENTRAL	duragas.pe	1
OVH SAS	tinko.pe	1
fidperu.pe	MICROSOFT-CORP-MSN-AS-BLOCK	1
CLOUDFLARENET	paralisisfacial.pe	1
nube-web.com	aasac.pe	1
SERVERCENTRAL	alternativas.pe	1
0ttc.com	GOOGLE	1
pymedns.net	medicinelaser.pe	1
PRIVATESYSTEMS	codeblack.pe	1
IWEB-AS	derechoperu.pe	1
fastcloudpro.com	show.pe	1
Dattatec.com	airwalker.pe	1
Red Cientifica Peruana	knowhow.pe	1
Combell NV	blair.pe	1
laperegrina.pe	GOOGLE	1
DIMENOC	psisrl.pe	1
loweserver.es	asiritv.pe	1
Red Cientifica Peruana	emancipacion.pe	1
SERVERCENTRAL	brujuladenoticias.pe	1
SERVERCENTRAL	donshalo.pe	1
latinoamericahosting.com	oznam.pe	1
OVH SAS	elmensajero.pe	1
SERVERCENTRAL	autofacil.pe	1
Contabo GmbH	eltribunal.pe	1
hostgator.com	ekala.pe	1
AMAZON-02	mostbet-mosbet.pe	1
hostinglabs.net	wildlife.pe	1
css360.pe	css360.pe	1
raiolanetworks.es	MICROSOFT-CORP-MSN-AS-BLOCK	1
hostinglabs.net	visionnegocios.pe	1
srv-hostalia.com	yosoyperu.pe	1
CLOUDFLARENET	cruzdelvalle.pe	1
cronox.cloud	greendesert.pe	1
AMAZON-02	endodoncia.pe	1
cloudnsplus.com	plastronic.pe	1
OVH SAS	fibralink.pe	1
eistreaming.net	grupokaizen.pe	1
neet-panel.com	playbaby.pe	1
Akamai Connected Cloud	estratagema.pe	1
OVH SAS	lifestyle.pe	1
hpserverdns.com	marcosacosta.pe	1
hostinglabs.net	abraham.pe	1
Red Cientifica Peruana	idboxrt.pe	1
craterserver.com	newmelan.pe	1
latinoamericahosting.com	circlex.pe	1
CLOUDFLARENET	toperu.pe	1
AMAZON-02	terraintamer.pe	1
DFW-DATACENTER	saphra.pe	1
AMAZON-02	ximena.pe	1
Cloudi Nextgen Sl	petsdiagnostic.pe	1
SERVERCENTRAL	atary.pe	1
Red Cientifica Peruana	dlgperu.pe	1
Dattatec.com	konexta.pe	1
AMAZON-02	pem.pe	1
supplycorp.pe	goldencrew.pe	1
nfocostudios.com	parallax.pe	1
unknown	chemtradeasia.pe	1
eliteplayer.co	grupovillanueva.pe	1
Dattatec.com	acs.pe	1
CLOUDFLARENET	misventas.pe	1
PRIVATESYSTEMS	pipol.pe	1
tecnoweb.net	starkgroup.pe	1
plusserver.com	MICROSOFT-CORP-MSN-AS-BLOCK	1
Hetzner Online GmbH	latamhosting.pe	1
AMAZON-02	latinoseguridad.pe	1
PONYNET	bliscorp.pe	1
Red Cientifica Peruana	tacticalsolutions.pe	1
OVH SAS	codaco.pe	1
markmonitor.zone	enterprise.pe	1
SERVERCENTRAL	enertika.pe	1
SECURITYSERVICES	emtrafesa.pe	1
com.pe	mailcontrol.com	1
Dattatec.com	americanfire.pe	1
UNIFIEDLAYER-AS-1	igpconsulting.pe	1
hosting.pe	solvit.pe	1
IS-AS-1	mpconstruction.pe	1
com.pe	bgs.pe	1
empresadns.net	vivaldiinmobiliaria.pe	1
CLOUDFLARENET	jzqp.pe	1
net.pe	vinylcenter.pe	1
CLOUDFLARENET	onlinecasinoreports.pe	1
PRIVATESYSTEMS	macroedunet.pe	1
bejarano.pe	thecars.pe	1
Hetzner Online GmbH	globaltech.pe	1
SERVERCENTRAL	volveravivir.pe	1
Host Europe GmbH	getcpe.pe	1
AMAZON-02	trescumbres.pe	1
Akamai Connected Cloud	tiempodeamar.pe	1
CLOUDFLARENET	24labs.pe	1
LEASEWEB-USA-DAL	egle.pe	1
SERVERCENTRAL	afdetailing.pe	1
AMAZON-02	feriachina.pe	1
lineadns.com	zhape.pe	1
AMAZON-02	oritec.pe	1
espaciowww.net	miwebes.pe	1
hpserverdns.com	cgabogados.pe	1
hpserverdns.com	soltelecom.pe	1
servercloudflare.xyz	amed.pe	1
rexhost.net	cumbiasur.pe	1
OVH SAS	mpg.pe	1
RELIABLESITE	newgirls.pe	1
myclouddns.xyz	r-tech.pe	1
OVH SAS	egally.pe	1
pielcanela.pe	pielcanela.pe	1
SERVERCENTRAL	racklcdperu.pe	1
Contabo GmbH	finanzastotales.pe	1
jvcsystems.pe	jvcsystems.pe	1
pima.pe	pima.pe	1
limaempresas.com	jcsa.pe	1
AMAZON-02	callasi.pe	1
UNIFIEDLAYER-AS-1	360inmobiliaria.pe	1
SERVERCENTRAL	cbk.pe	1
bg.pe	bg.pe	1
SERVERCENTRAL	milania.pe	1
latinoamericahosting.com	evva.pe	1
lineadns.com	nominus.pe	1
Host Europe GmbH	runbox.com	1
CLOUDFLARENET	agroplaza.pe	1
hispalisdns.com	uplc.pe	1
UNIFIEDLAYER-AS-1	sostenibilidadcorporativa.pe	1
AMAZON-02	capitalestate.pe	1
thinline.cz	thinline.cz	1
AMAZON-02	morey.pe	1
somostuhosting.com	s3l.pe	1
Host Europe GmbH	abarquitectura.pe	1
hpserverdns.com	ibg.pe	1
nvme-server21.net	franciscoramos.pe	1
CLOUDFLARENET	offi.pe	1
SERVERCENTRAL	imprentaunicentro.pe	1
CLOUDFLARENET	46.90	1
OVH SAS	g-tec.pe	1
tmdcloud.com	GOOGLE	1
Host Europe GmbH	todoviajes.pe	1
SERVERCENTRAL	colegiodeobstetras.pe	1
SERVERCENTRAL	kimovil.pe	1
Host Europe GmbH	roddex.pe	1
netim.net	infomaniak.ch	1
IS-AS-1	puertasmyb.pe	1
AMAZON-02	colaborativa.pe	1
SERVERCENTRAL	crediayuda.pe	1
net.pe	sereinsa.pe	1
hpserverdns.com	butterfly.pe	1
Dattatec.com	swec.pe	1
DIMENOC	geasac.pe	1
LIQUIDWEB	grupogepsa.pe	1
dnsmisitio.net	cer-co.pe	1
Red Cientifica Peruana	lacarmelasac.pe	1
PRIVATESYSTEMS	rinoclinic.pe	1
AMAZON-02	blockchainacademy.pe	1
SERVERCENTRAL	armotek.pe	1
pil.email	174.169	1
planetahosting.pe	yakay.pe	1
OVH SAS	kalef.pe	1
pymedns.net	ravennaproyectos.pe	1
apacheperuhosting.net	ahorrofarma.pe	1
hostgator.com	tair-renting-peru.pe	1
AMAZON-02	xdelta.pe	1
unigra.it	GOOGLE	1
SERVERCENTRAL	estructurasmetalicas.pe	1
LIQUIDWEB	konektacargo.pe	1
SERVERCENTRAL	dinamometros.pe	1
SERVERCENTRAL	chami.pe	1
Red Cientifica Peruana	xterra.pe	1
game4kstar.info	storeplay.pe	1
Red Cientifica Peruana	progresemos.pe	1
CLOUDFLARENET	coverprime.pe	1
webaccountserver.com	vrconsulting.pe	1
tuwebpe.com	estudio3arquitectos.pe	1
Red Cientifica Peruana	acclaw.pe	1
NETWORK-SOLUTIONS-HOSTING	oleaga.pe	1
DFW-DATACENTER	lasnoticiasdeldia.pe	1
cloudwebhosting.com	victorio.pe	1
MICROSOFT-CORP-MSN-AS-BLOCK	GOOGLE-CLOUD-PLATFORM	1
cloudworks.lat	huracorp.pe	1
Dattatec.com	xpert.pe	1
Red Cientifica Peruana	roletionline.pe	1
Host Europe GmbH	diariodigital.pe	1
net.pe	hideko.pe	1
CLOUDFLARENET	blufintech.pe	1
WII	agrovida.pe	1
as.pe	as.pe	1
SERVERCENTRAL	livestreaming.pe	1
snmpe-dns.com	exploradores.pe	1
casamada.pe	GOOGLE	1
AMAZON-02	urbanetworks.pe	1
nube-web.com	samurai.pe	1
CLOUDFLARENET	kamas.pe	1
CLOUDFLARENET	talitek.pe	1
controldns.mx	multiforce.pe	1
wperu.com	ratiolegis.pe	1
AS-30083-US-VELIA-NET	smartmenu.pe	1
tecnoweb.net	katcob.pe	1
TIER-NET	techstyle.pe	1
sipanserver.com	ayf.pe	1
hostinet.com	GOOGLE	1
SERVERCENTRAL	tierrasperuanas.pe	1
undiadesun.com	parapentelima.pe	1
planetahosting.pe	proteinpartners.pe	1
SERVERCENTRAL	azyamuebles.pe	1
hpserverdns.com	mbl.pe	1
Red Cientifica Peruana	aselectron.pe	1
enfocussoluciones.pe	agripec.pe	1
SECURITYSERVICES	imagenpublica.pe	1
Red Cientifica Peruana	cepain.pe	1
Red Cientifica Peruana	aribet.pe	1
SERVERCENTRAL	ecaconsulting.pe	1
viaventas.com	losaro.pe	1
SERVERCENTRAL	IONOS SE	1
CLOUDFLARENET	cahema.pe	1
coldwindsystem.com	coldwindsystem.pe	1
SERVERCENTRAL	yoconstructor.pe	1
mainloop.net	mailanyone.net	1
com.pe	detodounpoco.pe	1
com.pe	solesac.pe	1
SERVERCENTRAL	nuvacorp.pe	1
dommocreativo.com	javieraltamirano.pe	1
OVH SAS	acsa.pe	1
hostgator.com	innovacionesmetalicas.pe	1
OVH SAS	fortunaconstructora.pe	1
revisores.pe	revisores.pe	1
OVH SAS	vicunzo.pe	1
esupportcolombia.com	biogroup.pe	1
CLOUDFLARENET	cataratas.pe	1
INMOTION	llantasindustriales.pe	1
SERVERCENTRAL	zerocarbo.pe	1
nsresponse.com	kuska.pe	1
CLOUDFLARENET	thinkdev.pe	1
dnsmisitio.net	inkadex.pe	1
SERVERCENTRAL	gerty.pe	1
Red Cientifica Peruana	kobac.pe	1
Red Cientifica Peruana	erpweb.pe	1
ipcom GmbH	westwingmail.com	1
hostgator.com	districar.pe	1
SERVERCENTRAL	cussto.pe	1
AMAZON-02	jsconsulting.pe	1
CLOUDFLARENET	facturaloya.pe	1
hostgator.com	blaster.pe	1
vissualspeed.com	unistar.pe	1
Dattatec.com	programasdesalud.pe	1
AMAZON-02	perurides.com	1
SERVERCENTRAL	vucetich.pe	1
net.pe	lamparas.pe	1
CLOUDFLARENET	hostns.io	1
PRIVATESYSTEMS	terramia.pe	1
SERVERCENTRAL	qaya.pe	1
Red Cientifica Peruana	americanasac.pe	1
SERVERCENTRAL	alogas.pe	1
idmedia.pe	kostera.pe	1
OVH SAS	sinapsisconsultores.pe	1
CLOUDFLARENET	detran.pe	1
CLOUDFLARENET	cesa.pe	1
websolutionsperu.info	secosan.pe	1
AMAZON-02	mkcorporacion.pe	1
latinoamericahosting.com	sensu.pe	1
hostgator.com	grupocyd.pe	1
hostgator.com	cerrajeros.pe	1
edu.pe	libertad.pe	1
DFW-DATACENTER	volcan.pe	1
net.pe	lubrica.pe	1
PRIVATESYSTEMS	checkperu.pe	1
Dattatec.com	estudiometropolitano.pe	1
net.pe	mastertechnology.pe	1
CLOUDFLARENET	karelizwellness.pe	1
Hetzner Online GmbH	seimec.pe	1
CLOUDFLARENET	terrados.pe	1
wiroos.com	shellcon.pe	1
webonline-peru.com	madexo.pe	1
josegaspard.dev	neovida.pe	1
AMAZON-02	converta.pe	1
tcq.pe	boleticket.pe	1
Hetzner Online GmbH	avia.pe	1
net.pe	stableserver.net	1
hostinglabs.net	vamesac.pe	1
OVH SAS	tecya.pe	1
SERVERCENTRAL	5topoder.pe	1
SERVERCENTRAL	toretto.pe	1
Contabo GmbH	informediario.pe	1
AMAZON-02	farmapiel.pe	1
crm49.com	cosima.pe	1
BIZLAND-SD	islaspalomino.pe	1
com.pe	comacc.pe	1
CLOUDFLARENET	norteurbano.pe	1
SERVERCENTRAL	cormind.pe	1
impsat.cl	GOOGLE	1
Red Cientifica Peruana	comeing.pe	1
pymedns.net	repco.pe	1
hosting-peru.info	2-pop.pe	1
DIMENOC	primeralineaperu.pe	1
hpserverdns.com	scanpro.pe	1
Akamai Connected Cloud	courts.pe	1
CLOUDFLARENET	appv.pe	1
OVH SAS	simplo.pe	1
OVH SAS	santa-maria.pe	1
CLOUDFLARENET	deportesperu.pe	1
net.pe	dedicatedpanel.net	1
LEASEWEB-USA-DAL	radioazul.pe	1
tecnoweb.net	perumistico.pe	1
net.pe	ap-asociados.pe	1
AMAZON-02	hamg.pe	1
SERVERCENTRAL	multicall.pe	1
IS-AS-1	habilitate.pe	1
latinoamericahosting.com	principesgs.pe	1
Akamai Connected Cloud	rodriguezmotors.pe	1
mihost.com	getout.pe	1
Red Cientifica Peruana	bglobals.pe	1
net.pe	perucom.pe	1
ninjahosting.pe	laparrilladefisher.pe	1
SECURITYSERVICES	comoinvertir.pe	1
planetahosting.pe	intercambio.pe	1
SERVERCENTRAL	cercoselectricos.pe	1
servicehostperu2.com	servianuncios.pe	1
hostgator.com	altaviddagas.pe	1
mediodigital.us	essensorial.pe	1
OVH SAS	iter.pe	1
SERVERCENTRAL	ramirezabogados.pe	1
MICROSOFT-CORP-MSN-AS-BLOCK	insur.pe	1
CLOUDFLARENET	sustainmine.pe	1
wowtv.pe	mail	1
enterate.pe	enterate.pe	1
AMAZON-02	spareroom.pe	1
Contabo GmbH	seven.pe	1
SERVERCENTRAL	grupocalderon.pe	1
latinoamericahosting.com	tuproteina.pe	1
CLOUDFLARENET	legalta.pe	1
AMAZON-02	ecoselva.pe	1
diceahost.com	hurtado.pe	1
Red Cientifica Peruana	visuales.pe	1
Dattatec.com	dmvbroker.pe	1
OVH SAS	caiso.pe	1
AMAZON-02	jdl.pe	1
tecnoweb.net	netcool.pe	1
NETWORK-SOLUTIONS-HOSTING	energyvap.pe	1
hpserverdns.com	kalina.pe	1
SERVERCENTRAL	energetik.pe	1
Dattatec.com	majestic.pe	1
SERVERCENTRAL	lumiki.pe	1
Red Cientifica Peruana	aromademujer.pe	1
SERVERCENTRAL	bikman.pe	1
SERVERCENTRAL	bike.pe	1
hpserverdns.com	alisarte.pe	1
hostinglabs.net	techinnova.pe	1
empresadns.net	MICROSOFT-CORP-MSN-AS-BLOCK	1
AMAZON-02	hughesxpresswifi.pe	1
AMAZON-02	villalobos.pe	1
SERVERCENTRAL	laberinto.pe	1
DinaHosting S.L.	sus.pe	1
SERVERCENTRAL	audacium.pe	1
OVH SAS	acuapesca.pe	1
CLOUDFLARENET	soyfibra.pe	1
latinoamericahosting.com	jassolutions.pe	1
Red Cientifica Peruana	soportesatelital.pe	1
Dattatec.com	lemco.pe	1
Red Cientifica Peruana	lumokids.pe	1
latinserver.us	MICROSOFT-CORP-MSN-AS-BLOCK	1
CLOUDFLARENET	magdy.pe	1
Red Cientifica Peruana	ecargo.pe	1
tecnoweb.net	gogatsu.pe	1
CLOUDFLARENET	decoarte.pe	1
CLOUDFLARENET	xion.pe	1
tecnotrends.pe	xturbo.pe	1
NL-811-40021	enapu.pe	1
hpserverdns.com	mgpower.pe	1
hpserverdns.com	infomining.pe	1
SECURITYSERVICES	grupomemphis.pe	1
aicorpweb.com	ecocal.pe	1
Host Europe GmbH	com.br	1
UNIFIEDLAYER-AS-1	consorciostg.pe	1
SERVERCENTRAL	envialo.pe	1
SERVERCENTRAL	tumeimportas.pe	1
hostinglabs.net	geofundaciones.pe	1
PRIVATESYSTEMS	todopc.pe	1
hostnet.nl	hostnet.nl	1
websitesource.net	websitesource.net	1
sipanserver.com	innovaprime.pe	1
