Hostpoint AG	Hostpoint AG	3557
ns14.net	lavoro.li	1
CLOUDFLARENET	CLOUDFLARENET	510
GANDI SAS	GANDI SAS	375
CLOUDFLARENET	APPLE-ENGINEERING	89
IONOS SE	NorthC Deutschland GmbH	351
Telecom Liechtenstein AG	bmh.li	1
VTX Services SA	VTX Services SA	42
CLOUDFLARENET	mid.li	1
Vadian.Net AG	Sunrise GmbH	71
swizzonic.ch	pippin.li	1
IONOS SE	IONOS SE	659
cyon GmbH	fightlife.li	1
freehosting.com	freehosting.com	1
hover.com	hostedemail.com	449
Hetzner Online GmbH	regery.net	7
Host Europe GmbH	GO-DADDY-COM-LLC	34
CLOUDFLARENET	Fastmail Pty Ltd	94
infomaniak.com	Infomaniak Network SA	404
frienddns.info	dealing.li	1
AMAZON-02	tvp.li	1
MICROSOFT-CORP-MSN-AS-BLOCK	MICROSOFT-CORP-MSN-AS-BLOCK	209
hosttech.ch	webgo24.de	4
paphosting.eu	weirdnet.nl	1
T-Mobile Austria GmbH	T-Mobile Austria GmbH	3
Hetzner Online GmbH	Heinlein-Support GmbH	1
sedoparking.com	localhost	892
awsdns-37.net	Hostpoint AG	1
CLOUDFLARENET	MICROSOFT-CORP-MSN-AS-BLOCK	166
one.com	One.com A/S	251
worldsoft-isp.net	COGENT-174	19
regfish GmbH	GOOGLE	1
ihost.cl	felipe.li	1
green.ch AG	green.ch AG	20
OVH SAS	OVH SAS	759
prodns.de	speedware.li	1
ievolution.ch	msv1.invalid	1
world4you.at	derassetmanager.li	1
li-life web + it establishment	li-life web + it establishment	137
Webland AG	fleischmann.li	1
Ledl.net GmbH	adeo.li	1
AMAZON-02	AMAZON-02	92
ipcom GmbH	goeast.ch	1
dns-h.com	hradvisory.li	1
ukfast.net	silverbackhosting.com	1
swizzonic.ch	MICROSOFT-CORP-MSN-AS-BLOCK	51
Hetzner Online GmbH	green.ch AG	117
CLOUDFLARENET	Chinanet	24
SECURITYSERVICES	NAMECHEAP-NET	585
METANET AG	zues.li	1
cyon GmbH	premius.li	1
Ledl.net GmbH	acustiflex.li	1
GOOGLE-CLOUD-PLATFORM	20i Limited	55
nameshield.net	Nameshield SAS	27
swizzonic.ch	Register S.p.A.	848
CLOUDFLARENET	GOOGLE	308
IONOS SE	ansmann.de	1
IONOS SE	23M GmbH	2
METANET AG	voice4life.li	1
GOOGLE	MICROSOFT-CORP-MSN-AS-BLOCK	23
lolipop.jp	lolipop.jp	4
ipcom GmbH	MICROSOFT-CORP-MSN-AS-BLOCK	66
world4you.at	general.li	1
dominiando.asia	Register S.p.A.	7
hostserv.eu	rahmen.li	1
SECURITYSERVICES	electrolux.se	2
METANET AG	MICROSOFT-CORP-MSN-AS-BLOCK	42
NSONE	CLOUDFLARENET	113
infomaniak.com	Proton AG	31
netcup GmbH	vas.li	1
SERVERSTACK-ASN	xnxx.li	1
Webland AG	smartvestgroup.li	1
world4you.at	tupperware.li	1
cyon GmbH	myfelfel.li	1
com.br	iip.li	1
hoststar.hosting	roux.li	1
dnssyn.de	e-mails.li	1
tecserver.at	fly-only.li	1
SECURITYSERVICES	SECURITYSERVICES	236
CLOUDFLARENET	uvensys GmbH	2
hostcenter.li	cloudcenter.li	1
senseLAN GmbH	biohof.li	1
Stadtwerke Feldkirch	Stadtwerke Feldkirch	11
checkdomain.de	eurosignal.li	1
Host Europe GmbH	stevens.li	1
world4you.at	hellocash.li	1
Webland AG	nalin.li	1
hostfactory.ch	Zettaplan AG	76
fekahost.nl	titanhq.com	1
dogado GmbH	green.ch AG	73
dns-zonen.ch	clubdesk.com	3
Hetzner Online GmbH	Hetzner Online GmbH	151
MICROSOFT-CORP-MSN-AS-BLOCK	SQUIXA PTY LIMITED	2
netcup GmbH	tdns.li	1
hoststar.hosting	grund.li	1
Securebit AG	Securebit AG	11
ch-inter.net	pop-up-pub.li	1
Signet B.V.	flinders.li	1
netim.net	Eurofiber France SAS	123
Cloud DNS Ltd	MICROSOFT-CORP-MSN-AS-BLOCK	22
cyon GmbH	seed-2-go.li	1
Neue Medien Muennich GmbH	Neue Medien Muennich GmbH	1027
METANET AG	blockexplorer.li	1
CLOUDFLARENET	OVH SAS	36
hoststar.hosting	fido.li	1
awsdns-01.com	itscope.de	1
Hostpoint AG	MICROSOFT-CORP-MSN-AS-BLOCK	136
one.com	Stadtwerke Feldkirch	1
netcup GmbH	netcup GmbH	64
METANET AG	minnig.li	1
CLOUDFLARENET	dogado GmbH	1
hoi.li	dsl.li	1
world4you.at	easy-shape.li	1
METANET AG	stromverteiler.li	1
CLOUDFLARENET	Zoho Corporation Pvt. Ltd	7
CLOUDFLARENET	Cloudflare London, LLC	15
NetActuate, Inc	ahjo.eu	4
ungleich.ch	ungleich.ch	1
SECURITYSERVICES	GOOGLE	77
ipcom GmbH	Bluewin	99
linode.com	GOOGLE	5
SWITCH	CLOUDFLARENET	34
netcup GmbH	GOOGLE	4
awsdns-06.org	tschannen.li	1
Infomaniak Network SA	Infomaniak Network SA	297
SECURITYSERVICES	Proton AG	26
METANET AG	aok.li	1
swizzonic.ch	Eurofiber France SAS	71
CLOUDFLARENET	NAMECHEAP-NET	36
Telecom Liechtenstein AG	weag.li	1
METANET AG	calderon.li	1
Vautron Rechenzentrum AG	netztechnik.li	1
swizzonic.ch	swizzonic-mail.ch	93
NovaTrend Services GmbH	NovaTrend Services GmbH	144
world4you.at	arcadiatelevision.li	1
METANET AG	screenlounge.li	1
METANET AG	salz.li	1
METANET AG	hilbert.li	1
Webland AG	telenet.li	1
O2switch SAS	e-g.li	1
CLOUDFLARENET	hao.li	1
web4u.cz	mailchannels.net	17
CLOUDFLARENET	hopf.li	1
METANET AG	beratungsstelle.li	1
OVH SAS	GOOGLE	30
register.be	register.be	5
cyon GmbH	jobportal.li	1
purnaturell.com	mammapizza.li	1
webglobe.cz	Webglobe, s.r.o.	2
hosttech.ch	hosttech GmbH	426
cyon GmbH	energenium.li	1
mtfcloud.ch	MICROSOFT-CORP-MSN-AS-BLOCK	35
netcup GmbH	grosse.li	1
METANET AG	hello-kitty.li	1
SCAAM0001	ngninfra.net	12
Hetzner Online GmbH	dogado GmbH	56
MICROSOFT-CORP-MSN-AS-BLOCK	Akenes SA	14
NSONE	GOOGLE	27
Hostpoint AG	Proton AG	34
Zone Media OU	GOOGLE	1
dnspod.com	ZOHO-AS	1
SupraNet AG	leander.li	1
bhpex.pl	bhpex.li	1
MICROSOFT-CORP-MSN-AS-BLOCK	egeli.ch	1
hoststar.hosting	blubber.li	1
montenapoleone2000.com	romeosozzi.li	1
Vautron Rechenzentrum AG	cryptohall24.li	1
Webland AG	eupt.li	1
pro.io	MICROSOFT-CORP-MSN-AS-BLOCK	91
METANET AG	keel.li	1
websitewelcome.com	prout.li	1
ipcom GmbH	IONOS SE	13
Vautron Rechenzentrum AG	Vautron Rechenzentrum AG	38
she.de	NorthC Deutschland GmbH	1
Nexanet AG	cloudfor.ch	7
dogado GmbH	MICROSOFT-CORP-MSN-AS-BLOCK	5
hoststar.hosting	hugi.li	1
thundercloud.uk	smal.li	1
MICROSOFT-CORP-MSN-AS-BLOCK	melloman.li	1
Hostpoint AG	hostedoffice.ag	2
bgmarket.eu	bibi.li	1
IONOS SE	cellofoam.de	1
Datawire Ag	lau.li	1
Hetzner Online GmbH	willmex.li	1
Newsnet AG	MICROSOFT-CORP-MSN-AS-BLOCK	44
dnspod.net	Chinanet	16
yourhosting.eu	GOOGLE	2
cyon GmbH	novaltus.li	1
Vautron Rechenzentrum AG	selbstanzeige.li	1
de-nserver.de	paio.li	1
METANET AG	law.li	1
swissit.net	cardiacrehabilitation.li	1
markmonitor.com	siniat.li	1
ipcom GmbH	OVH SAS	6
Newsnet AG	METANET AG	106
Vautron Rechenzentrum AG	artana.li	1
GOOGLE	Hostpoint AG	35
pro.io	schribi.li	1
combell.net	mailprotect.be	7
SECURITYSERVICES	postbank-banking.li	1
speed-dns.one	aglpl.li	1
NUCDN	kobaltmusic.li	1
METANET AG	Proton AG	4
glipac.ch	tilllate.com	1
CLOUDFLARENET	Proton AG	127
AMAZON-02	flir.li	1
awsdns-15.net	uib.li	1
perf1.com	Nameshield SAS	11
imvnet.ch	MICROSOFT-CORP-MSN-AS-BLOCK	2
hoststar.hosting	ohm-festival.li	1
extrahop.com	xtra.li	1
hoststar.hosting	showtime.li	1
ipcom GmbH	softit.net	3
CLOUDFLARENET	vrd.li	1
CLOUDFLARENET	spiritual.li	1
Hetzner Online GmbH	nevaris.info	1
hoststar.hosting	indextoken.li	1
hostserv.eu	MICROSOFT-CORP-MSN-AS-BLOCK	19
hoststar.hosting	rainoldi.li	1
Signet B.V.	frindlo.li	1
Host Europe GmbH	MICROSOFT-CORP-MSN-AS-BLOCK	55
hoststar.hosting	grauwert.li	1
AS48707 OPS PL sp. z o.o.	AS48707 OPS PL sp. z o.o.	12
CLOUDFLARENET	mnin.de	1
ipcom GmbH	InterNetworX Management GmbH	53
interway.ch	arbeitsbuehnen.li	1
Vautron Rechenzentrum AG	steuergeheimnis.li	1
kpn.net	kpntelecom.li	1
ch-inter.net	drucks.li	1
hosttech.de	hosttech GmbH	4
CLOUDFLARENET	zx770.com	59
ch-inter.net	ralphbeckarchitekten.li	1
hosting-power.ch	fonte.li	1
MICROSOFT-CORP-MSN-AS-BLOCK	ko.com	6
NUCDN	stormlondon.li	1
ipcom GmbH	krypto-kurse.li	1
manitu GmbH	manitu.net	5
Telecom Liechtenstein AG	nilsvogt.li	1
hoststar.hosting	ahmadi.li	1
uvensys.de	easyres.li	1
cyon GmbH	3w-publishing.li	1
ns14.net	Mittwald CM Service GmbH & Co. KG	2
Cloud DNS Ltd	Ops One AG	24
BAR Informatik AG	Proton AG	1
AMAZON-02	Delta HighTech Ltd.	76
Datawire Ag	aniq.li	1
CLOUDFLARENET	co.il	1
joker.com	Proton AG	4
Telecom Liechtenstein AG	csl.li	3
AMAZON-02	ihi.li	1
a1.net	Telekom Austria	17
Webland AG	leni.li	1
ascio.com	ascio.com	9
esell.de	dtag.de	1
Infomaniak Network SA	METANET AG	1
dogado GmbH	mhs.ch	5
kundencontroller.de	kundencontroller.de	2
lcube-ns.de	probag.li	1
pro.io	3dp.li	1
ikbnet.at	tirolberg.li	1
NUCDN	phonesty.li	1
pro.io	lmconsulting.li	1
CLOUDFLARENET	QUICKPACKET	30
itnuthosting.com	MICROSOFT-CORP-MSN-AS-BLOCK	1
Vautron Rechenzentrum AG	xn--vermgensberatung-pwb.li	1
123ns.de	walter-group.net	2
ACTIVE 24, s.r.o.	active24.cz	4
Hetzner Online GmbH	Bastiaan Mathijs Brink	11
world4you.at	serhendi.li	1
swissit.net	food-innovator.li	1
netcup GmbH	Heinlein-Support GmbH	6
Datawire Ag	entec.li	1
UNIFIEDLAYER-AS-1	winery.li	1
ipcom GmbH	t-fitness.com	4
co.at	green-pc.li	1
linode.com	OVH SAS	3
CLOUDFLARENET	mondieu.sk	1
METANET AG	wong.li	1
UNIFIEDLAYER-AS-1	brentwoodtaxi.li	1
CLOUDFLARENET	corona-hilfe.li	1
punktweb.ch	perin.li	1
aare-net.ch	kuewi.li	1
Hostpoint AG	GOOGLE	37
easydns.com	derhausmeister.ag	3
alfahosting.info	kutz.li	1
Nessus GmbH	Nessus GmbH	91
xundns.com	aisdun-cname.com	20
geeknet.fr	geeknet.fr	1
cyon GmbH	unimex.li	1
world4you.at	paragonadvocacy.li	1
status.li	QUICKPACKET	1
Datasource AG	Datasource AG	41
Telecom Liechtenstein AG	fiorillo.li	1
world4you.at	quqon.li	1
CLOUDFLARENET	NAMECRANE	29
han-solo.net	signagate.li	1
z-ns.net	com.ua	6
checon.de	mp3music.li	1
hoststar.hosting	zulu.li	1
Host Europe GmbH	GOOGLE	5
senseLAN GmbH	krypton.li	1
AMAZON-02	appfolioinc.li	1
hostserv.eu	hosttech GmbH	44
tcis.de	MICROSOFT-CORP-MSN-AS-BLOCK	1
datapark.ch	datapark.li	1
CLOUDFLARENET	Infomaniak Network SA	18
GOOGLE	group4trends.com	1
ch-inter.net	stickmaschine.li	1
CLOUDFLARENET	tnv.li	1
pro.io	wyler.li	1
Bluewin	MICROSOFT-CORP-MSN-AS-BLOCK	36
CLOUDFLARENET	ZOHO-AS	49
pro.io	paf.li	1
METANET AG	mami.li	1
dns24.hu	rackhost.hu	1
pro.io	reliefdruck.li	1
internex.at	woofshack.li	1
CLOUDFLARENET	st1.li	1
topconnect.ee	travelchat.li	1
OVH SAS	Proton AG	22
cyon GmbH	seeds-2-go.li	1
sbt-hosting.de	hostedoffice.ag	1
METANET AG	gretz.li	1
markt.li	METANET AG	2
kebirhost.com	YANDEX LLC	1
tizoo.com	decibel.li	1
Webland AG	sanalogic.li	1
exigo.ch	GOOGLE	5
CLOUDFLARENET	mmx.li	1
register.it	Register S.p.A.	66
CLOUDFLARENET	domeinwinkel.nl	1
serverdns.ch	staempfli.li	1
fima-hosting.ch	MICROSOFT-CORP-MSN-AS-BLOCK	19
Infomaniak Network SA	Proton AG	18
cars-id.com	doof.li	1
Vautron Rechenzentrum AG	hardenberg.li	1
nomeasy.com	sanpellegrino.li	1
Key-Systems GmbH	secure-mx.de	1
hosttech.at	hosttech GmbH	24
cyon GmbH	bastian.li	1
Webland AG	hamsa.li	1
ns35.de	christina-von-dreien.li	1
cyon GmbH	MICROSOFT-CORP-MSN-AS-BLOCK	61
pro.io	palettenportal.li	1
positive-internet.com	positive-internet.com	1
ORACLE-BMC-31898	GOOGLE	3
CLOUDFLARENET	nbpodle.com	9
SupraNet AG	telekom.li	1
CLOUDFLARENET	quickmediasolutions.com	1
iwantmyname.net	GOOGLE	10
Vautron Rechenzentrum AG	grobhomes.li	1
home.pl S.A.	kratki.li	1
Vautron Rechenzentrum AG	cosmetics-beauty.li	1
Hoi Internet AG	Hoi Internet AG	14
Hetzner Online GmbH	bereuter-planung.li	1
deciso.eu	MICROSOFT-CORP-MSN-AS-BLOCK	1
AMAZON-02	zokei.li	1
hostserv.eu	serverhosting.li	1
UNIFIEDLAYER-AS-1	paw.li	1
ipcom GmbH	microlife.li	1
AMAZON-02	keithurban.li	1
hoststar.hosting	gluecksritter.li	1
ipcom GmbH	trodat.li	1
xundns.com	111tt.icu	3
BUNNYWAY, informacijske storitve d.o.o.	Proton AG	1
CLOUDFLARENET	mailchannels.net	23
Cloud DNS Ltd	datenstrom.cloud	5
lix.to	lix.to	1
dnspod.net	GOOGLE	9
Vautron Rechenzentrum AG	permanent-makeup.li	1
swizzonic.ch	msv1.invalid	2
netcup GmbH	adplus.li	1
SECURITYSERVICES	idatanet.com	7
interway.ch	aent.li	1
Vautron Rechenzentrum AG	Portunity GmbH	3
netim.net	GOOGLE	5
dodns.net	smallxs.li	1
hoststar.hosting	lilly.li	1
Webland AG	kuemmer.li	1
Neue Medien Muennich GmbH	MICROSOFT-CORP-MSN-AS-BLOCK	23
SECURITYSERVICES	ZOHO-AS	10
coresrv.eu	MICROSOFT-CORP-MSN-AS-BLOCK	1
Cyberlink AG	swiss-support.net	8
hoststar.hosting	limen.li	1
Rackspace Ltd.	SECURITYSERVICES	2
Vautron Rechenzentrum AG	studiocosmetics.li	1
CLOUDFLARENET	GOOGLE-CLOUD-PLATFORM	22
Cyberlink AG	glarotech.ch	6
example.com	lordfilms.li	1
Infomaniak Network SA	APPLE-ENGINEERING	4
deep.ch	Iway AG	2
awsdns-05.org	stellen.li	1
Hostpoint AG	loruenser.net	1
dnspod.net	everitoken.io	1
swissit.net	anginapectoris.li	1
pro.io	amsuisse.li	1
Host Europe GmbH	stuebing.li	1
interway.ch	seeds2go.li	1
GOOGLE	hostedemail.com	9
Key-Systems GmbH	perform-better.sport	2
UNIFIEDLAYER-AS-1	alarm.li	1
hoststar.hosting	cecchin.li	1
SupraNet AG	MICROSOFT-CORP-MSN-AS-BLOCK	21
Webland AG	manukahoney.li	1
Bluewin	anceschi.li	1
timmehosting.de	timmehosting.de	4
dnspod.net	kui.li	1
ouvaton.coop	ouvaton.coop	2
ch-inter.net	musiktherapie.li	1
pro.io	bekanntmacher.li	1
cyon GmbH	fara.li	1
ipcom GmbH	csl-services.li	3
pro.io	alpways.li	1
Hostpoint AG	netcup GmbH	1
plusserver.com	kapor.de	1
zelosaustria.com	hostedoffice.ag	1
infomaniak.com	MICROSOFT-CORP-MSN-AS-BLOCK	24
ch-inter.net	GOOGLE	4
Webland AG	digitalia.li	1
hover.com	GOOGLE	18
NSONE	redhat.com	1
Host Europe GmbH	Host Europe GmbH	67
CLOUDFLARENET	smc.li	1
SECURITYSERVICES	Fastmail Pty Ltd	7
cyon GmbH	nphysio.li	1
dxb.ch	finca.li	1
SECURITYSERVICES	APPLE-ENGINEERING	24
AMAZON-02	stellenmarkt-online.li	1
Datawire Ag	celts.li	1
CLOUDFLARENET	hostedemail.com	23
Webland AG	economics.li	1
Nessus GmbH	GOOGLE	9
CLOUDFLARENET	AUTOMATTIC	11
lsv.jp	lsv.jp	1
exohosting.cz	dnsserver.eu	1
Cloud DNS Ltd	Elektrizitaets- und Wasserwerk der Stadt Buchs SG	41
quicns.net	Neue Medien Muennich GmbH	1
Cloud DNS Ltd	floristerei.li	1
Bluewin	mva-n.net	2
OVH SAS	ZOHO-AS	3
netcup GmbH	iac.li	1
hosttech.ch	kegd.li	1
AMAZON-02	GOOGLE	24
tipsport.cz	MICROSOFT-CORP-MSN-AS-BLOCK	1
ipcom GmbH	greenmobility.li	1
GANDI SAS	GOOGLE	23
kyberna.net	MICROSOFT-CORP-MSN-AS-BLOCK	10
ns14.net	calyana.li	1
netcup GmbH	1ri.li	1
phpnet.org	phpnet.org	1
ch-inter.net	walsergrafik.li	1
Infomaniak Network SA	bridge-hosting.ch	18
Webland AG	fidares.li	1
Net-Build GmbH	activize.li	1
hosttech.ch	klappentext.li	1
clesys.net	seiz.li	1
Webland AG	novasafe.li	1
hoststar.hosting	ens.li	1
METANET AG	schmutz.li	1
hoesting.com	20i Limited	1
SECURITYSERVICES	QUICKPACKET	1
hoststar.hosting	altenpflege.li	1
zoneedit.com	EDNS	19
internex.at	contentfox.li	1
Telecom Liechtenstein AG	weihnachtsgeschenke.li	1
Arvato Systems GmbH	Arvato Systems GmbH	5
gransy.com	finamill.li	1
world4you.at	sorgfalt.li	1
netcup GmbH	hudint.de	1
Vautron Rechenzentrum AG	timeless-beauty.li	1
serveriai.lt	UAB Interneto vizija	9
CLOUDFLARENET	openstreetmap.org	1
ipress.ch	hosttech GmbH	1
internex.at	sp-holding.li	1
zumedns.com	swur.li	1
METANET AG	axtradia.li	1
AMAZON-02	andrewchristian.li	1
hoststar.hosting	felix.li	1
nameserver.center	ZOHO Corporation B.V	2
NSONE	herokudns.com	1
AMAZON-02	spml.li	1
AMAZON-02	GOOGLE-CLOUD-PLATFORM	28
hoststar.hosting	topten.li	1
OVH SAS	bolusset.li	1
METANET AG	korner.li	1
linode.com	purplewire.com	1
dodns.net	idx.wf	1
CLOUDFLARENET	skiff.com	2
PlusServer GmbH	warco.li	1
priorweb.be	priorweb.be	2
dogado.de	autism.li	1
hoststar.hosting	geiger.li	1
AMAZON-02	foa.li	1
Hetzner Online GmbH	GOOGLE	13
ch-inter.net	salzer.li	1
CLDIN B.V.	CLDIN B.V.	14
cyon GmbH	schilling-partners.li	1
hoststar.hosting	grub.li	1
Die Schweizerische Post AG	swisspostcard.li	1
ch-inter.net	psmtp.com	2
zoneedit.com	isoz.li	1
host.ch	com2be.li	1
Trellian Pty. Limited	Trellian Pty. Limited	17
hoststar.hosting	weide.li	1
netcup GmbH	muhr.li	1
oderland.com	ODERLAND Webbhotell AB	4
Core-Backbone GmbH	Mittwald CM Service GmbH & Co. KG	30
ns0.com	pair.com	7
kyberna.net	Ops One AG	49
Vautron Rechenzentrum AG	langzeitcosmetic.li	1
ns14.net	native-media.org	5
cyon GmbH	sini.li	1
netcup GmbH	neuro.li	1
netcup GmbH	berktuna.li	1
ch-inter.net	fett.li	1
datashop.cc	keylink.li	1
hoststar.hosting	schwenninger.li	1
condns.de	ipconn.de	1
web-hebergement.net	web-hebergement.net	1
checkdomain.de	dogado GmbH	54
Knipp Medien und Kommunikation GmbH	ScaleUp Technologies GmbH & Co. KG	86
noris network AG	noris network AG	7
cyon GmbH	kunsterei.li	1
Vautron Rechenzentrum AG	xn--mnchen-3ya.li	1
SECURITYSERVICES	icero.li	1
hostserv.eu	IONOS SE	2
hostyourservices.net	itsy.li	1
hoststar.hosting	freietrauung.li	1
cyon GmbH	bohne.li	1
hosttech.ch	triiidot.com	2
checkdomain.de	feinways.li	1
cyon GmbH	care4you.li	1
AMAZON-02	MICROSOFT-CORP-MSN-AS-BLOCK	33
Telia Eesti AS	Elkdata OU	14
awsdns-01.org	maglite.li	1
NUCDN	encrosieres.li	1
HURRICANE	mtns.ch	1
izone.at	vim.at	2
netcup GmbH	tpw.li	1
nameserver.center	APPLE-ENGINEERING	2
deep.ch	deep.ch	1
domain-hosting.name	23M GmbH	1
Webland AG	alther.li	1
UNIFIEDLAYER-AS-1	electrician.li	1
AMAZON-02	beckhoff.com	1
oriented.ch	oriented.net	1
netcup GmbH	fuu.li	1
dnspro.host	RACKSPACE	1
UNIFIEDLAYER-AS-1	plumber.li	1
ch-inter.net	fiorelli.li	1
jack-computing.com	bpweb.net	4
CLOUDFLARENET	mailmeow.de	1
empirion.at	empirion.at	2
world4you.at	brennholz.li	1
hoststar.hosting	bitflow.li	1
easydns.com	EDNS	17
METANET AG	chnusper.li	1
cyon GmbH	downhill.li	1
UNIFIEDLAYER-AS-1	iavarone.li	1
ab stract ltd	APPLE-ENGINEERING	1
Vautron Rechenzentrum AG	steuerflucht.li	1
hostsailor.com	tahir.li	1
unaxus.net	lernerei.li	1
interway.ch	gstoehl.li	1
SEDO GmbH	localhost	23
METANET AG	mutsch.li	1
zoneedit.com	Hostpoint AG	4
123web.ch	michu.li	1
OVH SAS	akropolis.li	1
lima-city.de	ncoding.at	1
interway.ch	digihoster.li	1
mtfcloud.ch	MTF Solutions AG	20
easydns.com	MICROSOFT-CORP-MSN-AS-BLOCK	1
netrise.ch	informationen.li	1
GOOGLE	Eurofiber France SAS	5
METANET AG	marktplatz1.li	1
hoststar.hosting	rosenthal.li	1
hostserv.eu	fbk.li	1
routing.net	webmobile.li	1
bboxbbs.ch	sah.li	1
cyon GmbH	gino.li	1
netcup GmbH	vaios.li	1
domainwerk.eu	sleepingbaghotel.li	1
hosttech.at	garage-biedermann.li	1
Infomaniak Network SA	smif.li	1
hyp.net	Proton AG	6
pro.io	damhirsch.li	1
iresults.li	Ops One AG	1
world4you.at	lernbar.li	1
helden.domains	Mittwald CM Service GmbH & Co. KG	3
UNIFIEDLAYER-AS-1	nurse.li	1
world4you.at	madava.li	1
cyon GmbH	bankless.li	1
AMAZON-02	sportwinbet.li	1
oray.net	NetEase Building No.16 Ke Yun Road	2
CLOUDFLARENET	kmuplus.li	1
Hetzner Online GmbH	MICROSOFT-CORP-MSN-AS-BLOCK	18
hoststar.hosting	zirkulie.li	1
UNIFIEDLAYER-AS-1	levittown.li	1
ch-inter.net	amstutz.li	1
Host Europe GmbH	clubcooee.li	1
hoststar.hosting	ionic.li	1
Signet B.V.	binx.li	1
zilean.net	ZOHO-AS	1
netcup GmbH	aladinn.eu	1
nameserver.center	MICROSOFT-CORP-MSN-AS-BLOCK	4
SupraNet AG	supramail.li	1
Vautron Rechenzentrum AG	strafverteidigung.li	1
GOOGLE-CLOUD-PLATFORM	aqw.li	1
CLOUDFLARENET	codebotz.net	1
UNIFIEDLAYER-AS-1	beauty.li	1
Vautron Rechenzentrum AG	lipfisch.li	1
Host Europe GmbH	absatzplus.li	1
shatraj.com	pande.li	1
cyon GmbH	incontro.li	1
nadns1.com	T-Mobile Austria GmbH	3
GOOGLE	GOOGLE	68
cyon GmbH	link-fabrik.li	1
veerotech.net	GOOGLE	1
xivo.net	xivo.net	1
netcup GmbH	familiepeters.li	1
hoststar.hosting	mgu.li	1
cyon GmbH	colomb.li	1
checkdomain.de	shamennetwork.com	1
METANET AG	familienraum.li	1
swizzonic.ch	lde.li	1
ipcom GmbH	GOOGLE	14
METANET AG	spider.li	1
ch-inter.net	vbbs.li	1
allforhosting.ch	tese.li	1
swizzonic.ch	APPLE-ENGINEERING	9
cyon GmbH	blscargo.li	1
ipcom GmbH	Heinlein-Support GmbH	9
peaknetworks.net	peaknetworks.net	2
SWITCH	Hetzner Online GmbH	2
iwantmyname.net	Fastmail Pty Ltd	2
abchk.net	abchk.net	1
hoststar.hosting	platzer.li	1
Safenames Ltd.	Safenames Ltd.	51
hover.com	AMAZON-02	1
Host Europe GmbH	bodenseetaler.li	1
UNIFIEDLAYER-AS-1	coupon.li	1
cyon GmbH	genial.li	1
world4you.at	xn--vgel-5qa.li	1
kesako.ch	c-t.li	1
schlundtech.de	acc.li	1
swizzonic.ch	Proton AG	10
Webland AG	MICROSOFT-CORP-MSN-AS-BLOCK	11
cyon GmbH	nocache.li	1
TelemaxX Telekommunikation GmbH	steinke.li	1
Infomaniak Network SA	Datacamp Limited	2
hoststar.hosting	finemusic.li	1
pro.io	sammarco.li	1
lkw-1.de	nutzfahrzeuge.li	1
pro.io	METANET AG	13
hover.com	AMAZON-AES	1
cyon GmbH	miggiano.li	1
wortundbildverlag.org	wortundbildverlag.org	2
ns35.de	gestalten.li	1
Telecom Liechtenstein AG	haustechnik.li	1
AMAZON-02	myunifarco.li	1
ipcom GmbH	ballon.li	1
cyon GmbH	Proton AG	13
DIGITALOCEAN-ASN	zxcs.nl	2
fanadvise.com	tick.li	1
METANET AG	xn--gerst-mva.li	1
ch-inter.net	MICROSOFT-CORP-MSN-AS-BLOCK	24
Host Europe GmbH	vive-oele.li	1
bbcom.ch	steinhuber.li	1
METANET AG	impact-cooperative.li	1
nameserver.nl	filtercluster.com	1
hosttech.ch	MICROSOFT-CORP-MSN-AS-BLOCK	13
METANET AG	wheat.li	1
gzo.com	mardin.li	1
spreademotions.com	spreadmail.net	1
AMAZON-02	electricgamebox.li	1
ipcom GmbH	mail-forwarder.io	13
dn-s.nl	toolnation.li	1
GOOGLE	coachraum.li	1
CLOUDFLARENET	Datacamp Limited	9
checkdomain.de	bpf.li	1
awsdns-00.com	GOOGLE	1
ipcom GmbH	do.de	7
awsdns-23.org	MICROSOFT-CORP-MSN-AS-BLOCK	1
ATT-INTERNET4	MICROSOFT-CORP-MSN-AS-BLOCK	1
ns14.net	Stephan Roland Wolf	23
Host Europe GmbH	digisession.de	1
MICROSOFT-CORP-MSN-AS-BLOCK	GOOGLE	3
Webland AG	lonstroff.li	1
interway.ch	tinten.li	1
alfahosting.info	dogado GmbH	10
SECURITYSERVICES	sendgrid.net	2
CLOUDFLARENET	psycho.email	1
Seonet Multimedia s.r.o.	gigaserver.cz	6
Webland AG	wallimann.li	1
pro.io	rezepte.li	1
GOOGLE	hmt-education.li	1
c2.wtf	c2.wtf	2
cyberdog.ch	ik2.com	1
METANET AG	scamper.li	1
CLOUDFLARENET	SQUIXA PTY LIMITED	2
cubic.ch	mobilepki.li	1
Vautron Rechenzentrum AG	domainssaubillig.de	5
asok.de	sebo.li	1
Key-Systems GmbH	open-cloud.li	1
hostserv.eu	cloudspeicher.li	1
swizzonic.ch	bugu.li	1
cyon GmbH	magischekindheit.li	1
CLOUDFLARENET	actlegal.li	1
Vautron Rechenzentrum AG	llllllllllllllllllllllllllllllllllllllllll.li	1
METANET AG	matrix-services.li	1
world4you.at	clck.li	1
wnt.at	lopocasport.li	1
NSONE	GANDI SAS	1
METANET AG	oku.li	1
CLOUDFLARENET	Hetzner Online GmbH	5
UNIFIEDLAYER-AS-1	truck.li	1
hover.com	YANDEX LLC	1
CLOUDFLARENET	jaa.li	1
METANET AG	tennisballmaschine.li	1
CLOUDFLARENET	One.com A/S	2
OVH SAS	hadan-it.com	1
Infomaniak Network SA	h4h.li	1
METANET AG	aichi.li	1
pro.io	Proton AG	8
cyon GmbH	GOOGLE	17
OVH SAS	kirschner.li	1
cyon GmbH	holzboot.li	1
SWITCH	MICROSOFT-CORP-MSN-AS-BLOCK	5
cloudns.net	Infomaniak Network SA	4
DIGICERT	hardrock.com	4
Deutsche Telekom AG	dtag.de	4
dos-group.com	chiccodoro.li	1
Webland AG	literacy.li	1
netcup GmbH	snaps.li	1
heitech.net	sachsenfahnen.de	1
wobdns.de	fleet.li	1
nameserverservice.de	croma.at	3
checkdomain.de	healthcoaching.li	1
NTS workspace AG	NTS workspace AG	18
cloud86.nl	eelke.li	1
Telecom Liechtenstein AG	amatech.li	1
swizzonic.ch	trevor.li	1
METANET AG	burkhardt.li	1
hofmeirmedia.net	hofmeirmedia.net	1
as207960.net	Fastmail Pty Ltd	1
IONOS SE	geekay.li	1
telihosting.li	telidis.li	1
netcup GmbH	bigredmachine.li	1
Webland AG	buckland.li	1
METANET AG	bbtomsi.li	1
ipcom GmbH	whappodo.com	1
hosttech.ch	ZOHO Corporation B.V	2
METANET AG	therapeut.li	1
world4you.at	itswcloud.net	1
SECURITYSERVICES	grid.li	1
NForce Entertainment B.V.	topdns.com	11
sedoparking.com	Hostpoint AG	2
kompetenzzentrum.li	kompetenzzentrum.li	7
AMAZON-02	sitecomp.li	1
world4you.at	schoellhorn.li	1
pro.io	v-t.li	1
OVH SAS	schal.li	1
Datasource AG	top-app.ch	2
interip.nl	interip.nl	1
Webland AG	mtaroutes.com	1
netcup GmbH	kristina.li	1
ch-inter.net	travel-gallery.li	1
hoststar.hosting	chrissi.li	1
emdns.it	myempsol.it	1
METANET AG	mietbus.li	1
markt.li	praeventiv.li	1
CLOUDFLARENET	Blix Solutions AS	1
Vautron Rechenzentrum AG	netcoo.li	1
Infomaniak Network SA	OVH SAS	4
cluster-team.net	cluster-team.com	4
Vautron Rechenzentrum AG	beautyspas.li	1
hostnet.nl	One.com A/S	4
thewebhostserver.com	kbk.li	1
internetbilisim.net	ereg.li	1
cyon GmbH	xn--solidaritt-y5a.li	1
YANDEX LLC	YANDEX LLC	10
han-solo.net	hostdrive.li	1
cyon GmbH	dankeskarten.li	1
markt.li	markt.li	1
METANET AG	applab.li	1
fima-hosting.ch	Hosting eXperts Switzerland AG	10
checkdomain.de	bomaco.li	1
hoststar.hosting	bernd.li	1
nazwa.pl	netart.li	1
telekom.at	Telekom Austria	3
hostgator.com	buytricycle.li	1
ipcom GmbH	Hetzner Online GmbH	5
hoststar.hosting	dinu.li	1
ipcom GmbH	tso.li	1
HURRICANE	hfs.li	1
O2switch SAS	bridger.li	1
Hetzner Online GmbH	ede.li	1
psw.net	sectrust.li	1
iplace.at	mymailwall.at	1
travellero.org	seeweb.it	1
cyon GmbH	zurmarke.li	1
world4you.at	bluekey.li	1
Telecom Liechtenstein AG	malin.li	1
cyon GmbH	vereinstiger.li	1
domainers.de	dotnet.li	1
kpn.net	zoniq.li	1
netcup GmbH	tuxhelp.li	1
Cloud DNS Ltd	hebup.li	1
web4u.cz	web4u.cz	3
NSONE	beryllium.li	2
hoststar.hosting	xn--strmen-yxa.li	1
ipcom GmbH	arsmtp.com	3
name-services.com	QUICKPACKET	1
pro.io	bowen.li	1
checkdomain.de	itprise.li	1
world4you.at	pedroni.li	1
Webland AG	top-body.li	1
SECURITYSERVICES	comendo.com	1
datashop.cc	tsetinis-efeso.li	1
manrev.net	manrev.com	1
exigo.ch	AS2-TRENDMICRO-COM	3
ihredomainadresse.de	eai.li	1
OVH SAS	Fastmail Pty Ltd	4
OVH SAS	Heinlein-Support GmbH	2
ch-inter.net	Hostpoint AG	3
fima-hosting.ch	tertiary.mx	4
kyberna.net	braugarten.li	1
Hetzner Online GmbH	ZOHO Corporation B.V	2
internetbleibe-server.de	s7o.li	1
Infomaniak Network SA	MICROSOFT-CORP-MSN-AS-BLOCK	35
cyon GmbH	fuess.li	1
METANET AG	feldmann.li	1
hostinghub.at	ZOHO Corporation B.V	1
PlusServer GmbH	xn--dieschnmacher-nmb.li	1
ipcom GmbH	bavaria-film.de	1
bio-inspecta.ch	ch-bio-006.li	1
ns14.net	carlstahl.li	1
lesartistes.li	lesartistes.li	1
TV-COM AG	MICROSOFT-CORP-MSN-AS-BLOCK	2
CLOUDFLARENET	com.ua	3
GANDI SAS	Proton AG	12
Webland AG	luxuryskin.li	1
gmmdns.ch	gmmch.com	2
swissit.net	MICROSOFT-CORP-MSN-AS-BLOCK	3
parklogic.com	AMAZON-02	15
perf1.com	groupeseb.li	1
ns14.net	rhum.li	1
zierhut-networks.de	gesetz.li	1
dnspod.net	horsleyli.com	1
Hetzner Online GmbH	bko.li	1
joker.com	OVH SAS	1
hoststar.hosting	skitouren.li	1
hoststar.hosting	markwalder.li	1
c64.ch	playzone.li	1
Telecom Liechtenstein AG	thomas-vogt.li	1
CLOUDFLARENET	kastsec.li	1
pro.io	polyurethane.li	1
ipcom GmbH	CLOUDFLARENET	1
sally.li	sally.li	1
bwsdns01.de	spielbanken.li	1
ipcom GmbH	tunap.com	1
cyon GmbH	jama.li	1
kuebler-internet.de	finhol.li	1
netcup GmbH	blanketmail.de	1
CLOUDFLARENET	oak.li	1
swissit.net	herzkatheter.li	1
Hetzner Online GmbH	plz.li	1
Vautron Rechenzentrum AG	lanyard.li	1
METANET AG	umstandsmode.li	1
ipcom GmbH	remondis.com	1
kp-dns.de	rz-wuppertal.de	1
NetActuate, Inc	OVH SAS	1
afraid.org	ZOHO-AS	2
Webland AG	wohngefuehl.li	1
Hostpoint AG	miup.ch	1
awsdns-05.com	GOOGLE	1
m-tech.li	gewerbeverzeichnis.li	1
ze-one.net	ze-one.de	2
web2use.ch	NovaTrend Services GmbH	1
Vautron Rechenzentrum AG	studio-kosmetik.li	1
Hetzner Online GmbH	waywayyonder.li	1
EPIK-LLC	GOOGLE	1
ibyg.ch	MICROSOFT-CORP-MSN-AS-BLOCK	1
IONOS SE	GOOGLE	10
AUTOMATTIC	wordpress.com	2
METANET AG	goms.li	1
GANDI SAS	Heinlein-Support GmbH	2
ipcom GmbH	simply-science.li	1
hoststar.hosting	gravieren.li	1
schlundtech.de	ennemoser.net	1
cloudns.net	bellozzo.li	1
cyon GmbH	trainsimulator.li	1
NSONE	libo.li	1
METANET AG	furisto.li	1
Vautron Rechenzentrum AG	permanent-kosmetik.li	1
swissit.net	i-e.li	1
CLOUDFLARENET	tmdhosting.com	1
hosttech.ch	karo.li	1
cyon GmbH	ggr.li	1
markmonitor.com	pphosted.com	2
Neue Medien Muennich GmbH	plastischechirurgie.li	2
checkdomain.de	kapitalschutz.li	1
hoststar.hosting	mohan.li	1
METANET AG	9492.li	1
hoststar.hosting	magic9.li	1
Vautron Rechenzentrum AG	dgkosmetik.li	1
ORACLE-BMC-31898	Fastmail Pty Ltd	2
METANET AG	kulturama.li	1
AMAZON-02	migalastat.li	1
jos.li	nope.ch	1
Host Europe GmbH	emptinez-publication.li	1
cyon GmbH	buergler.li	1
GOOGLE	entwicklungszusammenarbeit.li	1
Telecom Liechtenstein AG	gartenarchitektur.li	1
world4you.at	greimpl.li	1
simplehosting.ch	simplehosting.li	1
ns14.net	nets.de	1
METANET AG	bisang.li	1
cyon GmbH	medium.li	1
pro.io	gerhardt.li	1
METANET AG	liebike.li	1
Neue Medien Muennich GmbH	lucke.cc	1
AMAZON-02	cvent.li	1
Cloud DNS Ltd	stellenboerse.li	1
ipcom GmbH	netcup GmbH	2
inware.ch	sidenzia.li	1
Russmedia IT GmbH	ideefix.li	1
SECURITYSERVICES	128238.xyz	1
Vautron Rechenzentrum AG	gasthof.li	1
ORACLE-BMC-31898	signadoc.li	1
ch-inter.net	schreinerlehre.li	1
CLOUDFLARENET	20i Limited	3
hoststar.hosting	somma.li	1
checkdomain.de	xn--soskinderdrfer-4pb.li	1
Vautron Rechenzentrum AG	rr1.li	1
hoststar.hosting	tid.li	1
hostserv.eu	myfms.li	1
root.gy	QUICKPACKET	1
OVH SAS	APPLE-ENGINEERING	11
dns-zonen.ch	23M GmbH	2
ctekns.ch	MICROSOFT-CORP-MSN-AS-BLOCK	1
SupraNet AG	SupraNet AG	31
VITAL-DNS	MICROSOFT-CORP-MSN-AS-BLOCK	1
METANET AG	good.li	1
cyon GmbH	poulet.li	1
OVH SAS	MICROSOFT-CORP-MSN-AS-BLOCK	7
METANET AG	ballonbox.li	1
cyon GmbH	bueroservice.li	1
UNIFIEDLAYER-AS-1	jericho.li	1
pro.io	AMAZON-AES	1
linthcom.ch	heels.li	1
Newsnet AG	newsnet.li	1
Deutsche Telekom AG	AMAZON-02	42
a1.net	domain.se	1
1984.is	Proton AG	2
iwantmyname.net	ZOHO-AS	2
Webland AG	limoxxl.li	1
one.com	GOOGLE	4
METANET AG	bus.li	1
tizoo.com	diguardo.li	1
Datawire Ag	chouette.li	1
METANET AG	online-marketing.li	1
Telecom Liechtenstein AG	xn--grtner-bua.li	1
tiptec.ch	NovaTrend Services GmbH	3
world4you.at	noknots.li	1
AUTOMATTIC	wanderfreude.li	1
dns-zonen.ch	MICROSOFT-CORP-MSN-AS-BLOCK	2
ACTIVE 24, s.r.o.	hahn.li	1
auroradns.eu	pcextreme.nl	2
CLOUDFLARENET	gai.li	1
cyon GmbH	bitcoffee.li	1
Telecom Liechtenstein AG	sys-tech.li	1
achost.ch	achost.ch	2
OVH SAS	Neue Medien Muennich GmbH	2
markmonitor.com	markmonitor.com	8
hoststar.hosting	kuesters.li	1
Russmedia IT GmbH	AS2-TRENDMICRO-COM	1
CLOUDFLARENET	retry.li	1
OVH SAS	xe54.de	1
netcup GmbH	corto.li	1
CLOUDFLARENET	tvssite.com	1
Vautron Rechenzentrum AG	long-time-beauty.li	1
Webland AG	uscar.li	1
GANDI SAS	APPLE-ENGINEERING	3
SECURITYSERVICES	Chinanet	4
CLOUDFLARENET	fatpanda.io	1
hostserv.eu	develop.li	1
swizzonic.ch	adfls.li	6
sonic.it	interac.it	3
cyon GmbH	on-the-road.li	1
cyon GmbH	weberstore.li	1
UNIFIEDLAYER-AS-1	ski.li	1
industrie24.li	industrie24.li	1
ORACLE-BMC-31898	MICROSOFT-CORP-MSN-AS-BLOCK	1
netstyle.ch	netstyle.ch	3
v-comp.li	v-comp.li	1
hoststar.hosting	ring-garage.li	1
Telecom Liechtenstein AG	MICROSOFT-CORP-MSN-AS-BLOCK	17
verzeichnisdienst.ch	bast.li	1
dynu.com	runlevel.ch	1
CLOUDFLARENET	soeasycapital.li	1
stabletransit.com	RACKSPACE	2
cyon GmbH	structured-products.li	1
newstool.ch	NovaTrend Services GmbH	1
checkdomain.de	cent.li	1
server.plus	crawford.li	1
travelsim.li	travelsim.li	1
hitrost.net	ketner.li	1
Host Europe GmbH	fotografie.li	1
turhost.com	GOOGLE	1
Vautron Rechenzentrum AG	tresorservice.li	1
vargonen.net	vargonen.net	1
awsdns-10.com	GOOGLE	1
cyon GmbH	gchotel.li	1
IONOS SE	Proton AG	4
awsdns-29.org	MICROSOFT-CORP-MSN-AS-BLOCK	1
METANET AG	gymnasium.li	1
Host Europe GmbH	weihnacht.li	1
hosttech.ch	isar.info	1
CLOUDFLARENET	songslover.li	1
hoststar.hosting	wechselschritt.li	1
CLOUDFLARENET	hosted-exchange.rocks	1
DIGICERT	tagsystemsag.li	1
waterproof.li	saunawagen.li	1
zenbox.pl	zenbox.pl	2
GANDI SAS	Hostpoint AG	1
timeweb.org	timeweb.ru	3
METANET AG	hausarztpraxis.li	1
dodns.net	reimagineretail.li	1
Key-Systems GmbH	lspd.li	1
host.ch	MICROSOFT-CORP-MSN-AS-BLOCK	1
METANET AG	cav.li	1
cyon GmbH	hostedsolution.ch	3
netcup GmbH	likes.li	1
pro.io	podcastagentur.li	1
hoststar.hosting	schor.li	1
NUCDN	englishinaction.li	1
hostgator.com	lpg.li	1
IONOS SE	co.uk	7
cyon GmbH	devaubanluxorysafes.li	1
Telecom Liechtenstein AG	laukas.li	1
netcup GmbH	fart.li	1
w01.ch	w01.ch	2
cyon GmbH	gummibaer.li	1
GOOGLE	Proton AG	1
GRIDFURY-AS	GOOGLE	3
GOOGLE	mystica.li	1
Nessus GmbH	hostedoffice.ag	1
unaxus.net	iap.li	1
ab stract ltd	Proton AG	3
AMAZON-02	One.com A/S	1
OVH SAS	yabrab.ch	2
pro.io	fabbri.li	1
hosterion.com	hosterion.li	1
Telecom Liechtenstein AG	test-telecom.li	1
METANET AG	russenberger.li	1
METANET AG	altherr.li	1
METANET AG	ghj.li	1
netcup GmbH	aifu.li	1
pro.io	mah.li	1
hosttech.ch	huis.li	1
hostfactory.ch	MICROSOFT-CORP-MSN-AS-BLOCK	15
vardas.lt	inspe.lt	1
interway.ch	Iway AG	23
cyon GmbH	tantum.li	1
NUCDN	officeatwork.li	1
Hetzner Online GmbH	Proton AG	8
METANET AG	poch.li	1
ewdns.ch	MICROSOFT-CORP-MSN-AS-BLOCK	2
METANET AG	antikmilitaria.li	1
pro.io	alpenfischer.li	1
dmsolutions.de	alf.li	1
cyon GmbH	optimio.li	1
hoststar.hosting	tinyprime.li	1
praesidium.li	praesidium.li	1
pro.io	fus.li	1
SupraNet AG	bth.li	1
zix.li	polidomes.com	1
cyon GmbH	wasi.li	1
hostserv.eu	abflussreiniger.li	1
cyon GmbH	kmu-beats.li	1
Hostpoint AG	guidle.li	1
pro.io	fahrkunst.li	1
pro.io	loos.li	1
Hetzner Online GmbH	ritzer.li	1
Vautron Rechenzentrum AG	strafrecht.li	1
ipcom GmbH	career-days.com	1
glipac.ch	tillate.li	1
METANET AG	ruh.li	1
cartacom.li	cartacom.li	1
Signet B.V.	transurl.li	1
UNIFIEDLAYER-AS-1	rvc.li	1
hoststar.hosting	nikolaus.li	1
pro.io	zosso.li	1
METANET AG	graf-sports.li	1
com.br	com.br	2
netcup GmbH	Neue Medien Muennich GmbH	2
METANET AG	alterspflege-schweiz.li	1
ns14.net	deutsche-leasing.com	1
cyon GmbH	flach.li	1
METANET AG	lile.li	1
rh-tec.com	plans24.li	1
GANDI SAS	ZOHO-AS	2
escapenet.ch	escapenet.ch	2
PlusServer GmbH	hibrand.li	1
GANDI SAS	OVH SAS	6
cyon GmbH	fotoprofi.li	1
METANET AG	GOOGLE	8
domaisy.de	udi.li	1
li-life web + it establishment	MICROSOFT-CORP-MSN-AS-BLOCK	13
powerdns.de	udmedia.de	7
interway.ch	quecksilber.li	1
CLOUDFLARENET	bosware.li	1
firstvds.ru	dmk.li	1
swizzonic.ch	csl-services.li	1
e4udns.ch	e4u.swiss	1
hoststar.hosting	MICROSOFT-CORP-MSN-AS-BLOCK	34
METANET AG	sexualberatung.li	1
isb-hamburg.net	thumann.li	1
cyon GmbH	light-factory.li	1
CLOUDFLARENET	synology.me	1
ipcom GmbH	AUTOMATTIC	3
Vautron Rechenzentrum AG	halfasecondahead.li	1
Vautron Rechenzentrum AG	international-pmu.li	1
hoststar.hosting	wisi.li	1
Droptop GmbH	MICROSOFT-CORP-MSN-AS-BLOCK	2
Hetzner Online GmbH	23M GmbH	3
as41887.eu	datadigest.nl	4
ipcom GmbH	uvensys GmbH	14
1233dns.com	dun555.com	5
SECURITYSERVICES	cutr.li	1
hoststar.hosting	hra.li	1
netcup GmbH	beers.li	1
webstyle.ch	pavilion.li	1
awsdns-49.net	GOOGLE	1
ns14.net	MICROSOFT-CORP-MSN-AS-BLOCK	11
li-life web + it establishment	Hetzner Online GmbH	2
AMAZON-02	fliesenkleber.li	1
CLOUDFLARENET	hmf.li	1
SECURITYSERVICES	postbank-partner.li	1
CLOUDFLARENET	loki.li	1
SECURITYSERVICES	nai.li	1
Key-Systems GmbH	privatecollection.li	1
UNIFIEDLAYER-AS-1	magazine.li	1
dogado.de	brennholz-liechtenstein.li	1
PlusServer GmbH	serverdata.net	3
Host Europe GmbH	designbar.li	1
cyon GmbH	xn--schpf-lua.li	1
Vautron Rechenzentrum AG	monteurunterkunft.li	1
AMAZON-02	horseware.li	1
hosttech.ch	mehel.li	1
Vautron Rechenzentrum AG	hoyer.li	1
CLOUDFLARENET	jpm.li	1
ch-inter.net	buchbinderei.li	1
NUCDN	Datacenter Luxembourg S.A.	17
NUCDN	777-poker.li	1
Webland AG	briefkastenkonfigurator.li	1
orangewebsite.com	ice-networks.com	1
interway.ch	dessous.li	1
cyon GmbH	text-check.li	1
ch-inter.net	wasabi.li	1
sunsus.net	GOOGLE	1
METANET AG	copyright.li	1
METANET AG	m-m.li	1
xsys.ch	xsys.ch	1
cyon GmbH	kanz.li	1
hoststar.hosting	doser.li	1
cloudscale.ch	cloudscale.ch	2
CLOUDFLARENET	AMAZON-AES	13
checkdomain.de	autobid.li	1
ctekns.ch	microsafe.li	1
DIGICERT	mailcontrol.com	1
inet-services.net	inet-services.li	1
ips.ch	stoneart.li	1
shneider-host.ru	gramotno.li	1
world4you.at	winterdienst.li	1
cyon GmbH	hohn.li	1
UNIFIEDLAYER-AS-1	oakdaletaxi.li	1
METANET AG	panthera.li	1
netcup GmbH	unfortunate.li	1
afraid.org	cyon.net	1
Net-Build GmbH	fitline.li	1
CLOUDFLARENET	f45training.li	1
routing.net	routing.net	6
BSE Software GmbH	BSE Software GmbH	6
UNIFIEDLAYER-AS-1	longisland.li	1
CLOUDFLARENET	fib.li	1
AMAZON-02	spareroom.li	1
netcup GmbH	lukas-pirl.de	1
netcup GmbH	adsb.li	1
hosttech.at	eva-maria.li	1
handel.li	handel.li	1
bamsup.com	MICROSOFT-CORP-MSN-AS-BLOCK	1
classicweb.com	classicweb.com	1
OVH SAS	kimsufi.com	1
hoststar.hosting	GOOGLE	4
METANET AG	schoenauer.li	1
alfahosting.info	GOOGLE	1
OVH SAS	plurali.net	1
Hetzner Online GmbH	zahaira.de	1
AMAZON-02	METANET AG	14
ipcom GmbH	greiffenclau.li	1
world4you.at	burner.li	1
ipcom GmbH	lempert.li	1
Host Europe GmbH	gebauer.li	1
rackspace.com	co.uk	1
interway.ch	lazarusorden.li	1
Vautron Rechenzentrum AG	beauty-studio.li	1
joker.com	it-swat.net	1
Vautron Rechenzentrum AG	blaulichtsms.li	1
afraid.org	GOOGLE	10
ipcom GmbH	elisabeth.li	1
METANET AG	gute-idee.li	1
phase8.net	co.uk	16
SupraNet AG	simes.li	1
hoststar.hosting	matterhorn.li	1
hoststar.hosting	magellan.li	1
cyon GmbH	1000000.li	1
BUNNYWAY, informacijske storitve d.o.o.	ifog.ch	2
Stadtwerke Feldkirch	MICROSOFT-CORP-MSN-AS-BLOCK	5
dns-united.de	xn--su-via.li	1
OVH SAS	fichier-pdf.fr	3
nserver.ch	glarotech.ch	2
hoststar.hosting	vogelnest.li	1
conova communications GmbH	LINZ STROM GAS WAERME GmbH fuer Energiedienstleistungen und Telekommunikation	6
checkdomain.de	von-poll.li	1
hoststar.hosting	frasca.li	1
interway.ch	reinigungsunternehmen.li	1
drei.host	MICROSOFT-CORP-MSN-AS-BLOCK	1
Telecom Liechtenstein AG	Tutao GmbH	1
xundns.com	dljxoooocdn.com	2
ipcom GmbH	mail-redirect.de	34
imp.ch	imp.ch	2
NUCDN	casino777.li	1
mijn.host	mijn.host	4
schlundtech.de	IONOS SE	5
netcup GmbH	zotz.li	1
domaintraffic.ch	Akamai International B.V.	37
netcup GmbH	iqy.li	1
dnssrv.nl	mailprotect.be	1
world4you.at	brixton-motorcycles.li	1
Xserver Inc.	kimura.li	1
Key-Systems GmbH	pilotnet.li	1
infomaniak.com	Tutao GmbH	2
ipcom GmbH	pli.li	1
SECURITYSERVICES	ekornes.no	1
Telecom Liechtenstein AG	csl-services.li	27
CLOUDFLARENET	ZOHO Corporation B.V	21
METANET AG	leupi.li	1
Akamai International B.V.	cfoinstitute.li	1
SECURITYSERVICES	pphosted.com	3
cyon GmbH	platinum-cars.li	1
hosttech.ch	jv-furrer.li	1
CLOUDFLARENET	GO-DADDY-COM-LLC	1
CLOUDFLARENET	com.cn	2
hoststar.hosting	seneca.li	1
hover.com	APPLE-ENGINEERING	5
SupraNet AG	baumeister.li	1
CLOUDFLARENET	webgo24.de	1
NUCDN	Host Europe GmbH	1
Vautron Rechenzentrum AG	beautyshop.li	1
com2web.ch	bootsmotor.li	1
hostserv.eu	spielermail.ch	2
1233dns.com	outgedns505.com	4
checkdomain.de	herthundbuss.li	1
domainwerk.eu	domainwerk.li	1
MICROSOFT-CORP-MSN-AS-BLOCK	GMG AG	14
netcup GmbH	personalpartner.li	1
masterhomepage.ch	NovaTrend Services GmbH	2
alfahosting.info	vogler.li	1
hosttech GmbH	brucker.li	1
Infomaniak Network SA	immae.eu	1
hoststar.hosting	imobilis.li	1
hostpress.de	rechtslupe.li	1
DIGICERT	corti.li	1
pro.io	volksrocker.li	1
METANET AG	insideaut.li	1
ipcom GmbH	merlin.li	1
checkdomain.de	1000things.li	1
Cyberlink AG	li-life web + it establishment	1
Hetzner Online GmbH	wwm.li	1
domainers.de	imails.li	1
prodns.de	MICROSOFT-CORP-MSN-AS-BLOCK	2
hoststar.hosting	trennwandsystem.li	1
cyon GmbH	topfunds.li	1
netcup GmbH	frequent.li	1
cyon GmbH	steinbach.li	1
hoststar.hosting	tm-fotografie.li	1
SECURITYSERVICES	sangha.li	1
Vodafone GmbH	jmc.net	8
NUCDN	etrust.cc	2
cyon GmbH	kubuntu.li	1
com.br	clinica.li	1
BUNNYWAY, informacijske storitve d.o.o.	garbade.li	1
cyon GmbH	defag.li	1
nextron.ch	nextron.ch	1
GOOGLE	NAMECHEAP-NET	4
DIGICERT	SQUIXA PTY LIMITED	1
Net-Build GmbH	rolf-sorg.li	1
hoststar.hosting	kumm.li	1
ports.se	MICROSOFT-CORP-MSN-AS-BLOCK	2
cyon GmbH	spalt.li	1
Vautron Rechenzentrum AG	langzeitkonturenmakeup.li	1
kunde24.de	Mittwald CM Service GmbH & Co. KG	1
SupraNet AG	ibusiness.li	1
hyp.net	domeneshop.no	6
cyon GmbH	desipol.li	1
METANET AG	zeitung.li	1
hoststar.hosting	knues.li	1
hoststar.hosting	straub.li	1
netsons.net	skip.li	1
hostserv.eu	pankraz.li	1
liquidweb.com	dcl.li	1
padcom.ch	MICROSOFT-CORP-MSN-AS-BLOCK	1
METANET AG	smilla.li	1
hoststar.hosting	fitundgsund.li	1
CLOUDFLARENET	GANDI SAS	20
onlime.ch	onlime.ch	3
ch-inter.net	METANET AG	10
peaknetworks.net	bmr.li	1
hoststar.hosting	coloria.li	1
PlusServer GmbH	xeron.li	1
lima-city.de	23M GmbH	10
ipcom GmbH	q-set.li	1
Infomaniak Network SA	GOOGLE	6
exigo.ch	MICROSOFT-CORP-MSN-AS-BLOCK	13
a4d.ch	natascha.li	1
easyhost.be	dmlights.li	1
Webland AG	Proton AG	1
awsdns-26.org	NovaTrend Services GmbH	1
ns14.net	reisebuchung.li	1
is-fun.net	TelemaxX Telekommunikation GmbH	13
infomaniak.com	ZOHO-AS	1
Hetzner Online GmbH	getta.li	1
METANET AG	peakpartners.li	1
mallorn.com	mallorn.com	1
CLOUDFLARENET	h4k.li	1
hoststar.hosting	miro.li	1
zeiningen.com	zeiningen.com	2
neuebankag.li	neuebankag.li	1
interway.ch	parkettboden.li	1
hoststar.hosting	aro.li	1
hostis.net	fragranceworld.li	1
webspace-verkauf.de	maxmayer.li	1
NovaTrend Services GmbH	kontaktlinsenshop.li	1
Webland AG	mmeli.li	1
SYNLINQ	MICROSOFT-CORP-MSN-AS-BLOCK	1
krausnaimer.com	krausnaimer.com	3
Artfiles New Media GmbH	dcpserver.de	6
ipcom GmbH	APPLE-ENGINEERING	7
Nessus GmbH	wurzellabs.org	1
Hostpoint AG	23M GmbH	1
imagestore.lv	bovada.li	1
schlundtech.de	InterNetX GmbH	11
cyon GmbH	proecclesia.li	1
CLOUDFLARENET	Hostpoint AG	26
pro.io	schilt.li	1
janssen-s1.de	ufp.li	1
METANET AG	marabu.li	1
cyon GmbH	funk.li	1
SECURITYSERVICES	Blix Solutions AS	2
secureglobalcloud.com	peptides.li	1
netcup GmbH	vasquez.li	1
exigo.ch	Exigo AG	26
awsdns-49.org	NovaTrend Services GmbH	1
hostserv.eu	gysel.li	1
Vautron Rechenzentrum AG	corp.li	1
METANET AG	aeb.li	1
dnspod.net	dnsoe3.com	1
ipcom GmbH	wero.li	1
jmc-software.ch	MICROSOFT-CORP-MSN-AS-BLOCK	1
aerobeta.li	aerobeta.li	1
hoststar.hosting	meguro.li	1
nameserver.center	Mittwald CM Service GmbH & Co. KG	1
pro.io	alpenfischen.li	1
ns35.de	hygusto.li	1
tierherzenhoeren.li	tierherzenhoeren.li	1
netcup GmbH	mytrave.li	1
hoststar.hosting	webdepot.li	1
co.za	southafrica.li	1
CLOUDFLARENET	it-df.net	1
Telecom Liechtenstein AG	lvnk.li	1
skf.com	skf.com	1
Webland AG	liecloud.li	1
cyon GmbH	publibar.li	1
NUCDN	ebrandservices.com	6
1984.is	1984.is	2
world4you.at	MICROSOFT-CORP-MSN-AS-BLOCK	18
UNIFIEDLAYER-AS-1	carservice.li	1
Hetzner Online GmbH	fintrade.li	1
checkdomain.de	vanderhall.li	1
UNIFIEDLAYER-AS-1	tennis.li	1
METANET AG	harder.li	1
BUNNYWAY, informacijske storitve d.o.o.	MICROSOFT-CORP-MSN-AS-BLOCK	1
ipcom GmbH	veyronstiftung.li	1
hoststar.hosting	joseph.li	1
checkdomain.de	sharemedia.li	1
azure.com	neuffer.li	1
name-services.com	hostedemail.com	6
cyon GmbH	tauchschule.li	1
hoststar.hosting	ambra.li	1
hoststar.hosting	qpa.li	1
scnr.ch	hybridhost.ch	1
Signet B.V.	intersafe.li	1
Host Europe GmbH	eco-cosmetics.li	1
interway.ch	arbeitsbuehnenvermietung.li	1
plusserver.com	MICROSOFT-CORP-MSN-AS-BLOCK	1
UNIFIEDLAYER-AS-1	realestate.li	1
AMAZON-02	mailerhost.net	10
METANET AG	users.li	1
IONOS SE	protectme.de	1
cyon GmbH	led-k.li	1
Key-Systems GmbH	fiskaly.li	1
CLOUDFLARENET	AMAZON-02	25
cyon GmbH	danielschwendener.li	1
METANET AG	heft.li	1
Nine Internet Solutions AG	kmu-office.ch	1
CLOUDFLARENET	xlu.li	1
stage4us.name	stage4us.name	2
bero-host.de	huser.li	1
79p.de	79p.de	3
hoststar.hosting	littlebuddha.li	1
METANET AG	contina.li	1
Nessus GmbH	IWEB-AS	1
CLOUDFLARENET	handicraft.li	1
all-connect.net	all-connect.net	1
bauernportal.li	bauernportal.li	1
CLOUDFLARENET	a2hosting.com	1
UNIFIEDLAYER-AS-1	vineyard.li	1
cyon GmbH	lgs.li	1
Hetzner Online GmbH	zenio.li	1
cyon GmbH	naegele.li	1
checkdomain.de	heyleasing.li	1
Russmedia IT GmbH	MICROSOFT-CORP-MSN-AS-BLOCK	9
Cloud DNS Ltd	webmeisterei.com	3
hosttech.ch	thompson.li	1
gcdn.services	Infomaniak Network SA	1
METANET AG	lardel.li	1
NUCDN	x-ion GmbH	4
hosttech.ch	laki.li	1
Host Europe GmbH	Mittwald CM Service GmbH & Co. KG	1
noris network AG	holiday-check.li	1
awsdns-09.org	MICROSOFT-CORP-MSN-AS-BLOCK	1
cyon GmbH	skan.li	1
ipcom GmbH	stratoserver.net	1
NUCDN	toolstream.li	1
Vautron Rechenzentrum AG	albania.li	1
Key-Systems GmbH	sun-snack.li	1
swisscenter.com	swisscenter.com	3
hoststar.hosting	casper.li	1
Hoi Internet AG	zda.li	1
one.com	nexsmart.li	1
cyon GmbH	oelmuehle.li	1
Telecom Liechtenstein AG	apgroup.li	1
pro.io	cra.li	1
CLOUDFLARENET	wolka.li	1
CLOUDFLARENET	rw41.link	1
Key-Systems GmbH	sehberatung.li	1
team.blue Denmark A/S	simply.com	7
world4you.at	smoothjeans.li	1
hoststar.hosting	halle.li	1
eurodns.biz	gazprom-mt.li	1
Key-Systems GmbH	bergauf.li	1
ip-projects.de	bionicon.li	1
webecom.ro	wec.li	1
SupraNet AG	ritter-law.li	1
netcup GmbH	mymai.li	1
omc.info	yachting24.com	1
glei.ch	Open Networks Association	3
netcup GmbH	nachfolgeboerse.li	1
Webland AG	tarantino.li	1
argewebhosting.com	ggn.li	1
hoststar.hosting	autokenner.li	1
internex.at	oilroyal.li	1
O2switch SAS	microprose.li	1
ch-inter.net	chilimail.ch	1
pro.io	fitness-guide.li	1
SECURITYSERVICES	AMAZON-AES	2
DIGICERT	co.za	3
interway.ch	sunergy.li	1
Altinea SAS	azylog.net	3
Webland AG	dellavalle.li	1
unaxus.net	imperium.li	1
ne.jp	premiere.li	1
dodns.net	MICROSOFT-CORP-MSN-AS-BLOCK	1
SECURITYSERVICES	wiesendahl.mx	1
foo.li	foo.li	5
METANET AG	lime.li	1
cyon GmbH	hofmann-la.li	1
CLOUDFLARENET	hdfury.li	1
METANET AG	xn--mhroboter-v2a.li	1
ch-inter.net	praxis.li	1
schlundtech.de	dts-security.de	3
Neue Medien Muennich GmbH	Datacamp Limited	1
domainers.de	onlinecasino.li	1
Vautron Rechenzentrum AG	kianwalt.li	1
ipcom GmbH	supersonicimagine.li	1
CLOUDFLARENET	sphinx.li	1
BSE Software GmbH	APPLE-ENGINEERING	1
netland.ch	freund.li	1
cyon GmbH	nightwalk.li	1
pro.io	r-invest.li	1
xundns.com	zbzbzbzb-obs.com	2
iwantmyname.net	143.246	1
AMAZON-02	erhart.li	1
planet-work.com	planet-work.com	1
Cloud DNS Ltd	Iway AG	11
AMAZON-02	diaspora.li	1
GOOGLE-CLOUD-PLATFORM	GOOGLE	2
hoststar.hosting	jona.li	1
pro.io	guidefitness.li	1
netcup GmbH	malaysia.li	1
Datawire Ag	eberhardt.li	1
NUCDN	riva.li	1
NUCDN	premierestateproperties.li	1
hosttech.at	pangushengong.li	1
METANET AG	support.li	1
cyon GmbH	glasmass.li	1
NSONE	Fastmail Pty Ltd	3
domainoo.fr	domainoo.fr	5
UNIFIEDLAYER-AS-1	islanders.li	1
hosteur.com	profits25.li	1
Hetzner Online GmbH	nzz.li	1
hoststar.hosting	naturheilpraxis.li	1
METANET AG	balou.li	1
NUCDN	avafx.li	1
CLOUDFLARENET	dfined.net	1
domserver.de	printbrothers.li	1
hoststar.hosting	bigler.li	1
METANET AG	bewerter.li	1
hoststar.hosting	koffermarkt.li	1
CLOUDFLARENET	psh.li	1
markydot.com	stadium.se	1
Droptop GmbH	radeke.li	1
cc-grafikweb.com	qr5.li	1
hoststar.hosting	masterofcolors.li	1
cyon GmbH	pulperia.li	1
CLOUDFLARENET	spnd.li	1
fima-hosting.ch	fima-hosting.ch	7
EVANZO e-commerce GmbH	schuett.li	1
mywebhost.ch	myfotofactory.li	1
Vautron Rechenzentrum AG	studio-beauty.li	1
SupraNet AG	akademie.li	1
ortcloud.ch	ortcloud.ch	4
Host Europe GmbH	solenthaler.li	1
genesys informatica srl	MICROSOFT-CORP-MSN-AS-BLOCK	1
CLOUDFLARENET	laser.com	2
odiso.net	globalintranet.net	1
SECURITYSERVICES	domainnetwork.se	2
SWITCH	histor.li	1
Telecom Liechtenstein AG	trendled.li	1
interway.ch	printz.li	1
netcup GmbH	bicyc.li	1
globehosting.net	cul.li	1
domainers.de	gin.li	1
tizoo.com	willemin.li	1
hosttech.ch	citius.ch	1
Vautron Rechenzentrum AG	grobimmobilien.li	1
schlundtech.de	mycreon.net	1
HURRICANE	GOOGLE	4
Hetzner Online GmbH	southbay.li	1
alfahosting.info	spassreisen.li	1
world4you.at	terminfabrik.li	1
home.pl	beltor.li	1
Cloud DNS Ltd	sagenweg.li	1
iptwins.com	iptwins.com	4
hoststar.hosting	gaens.li	1
Key-Systems GmbH	isyde.li	1
cyon GmbH	andermatt.li	1
world4you.at	Proton AG	2
hoststar.hosting	wgw-ict.li	1
pro.io	rosselet.li	1
CLOUDFLARENET	nympha.li	1
klicktel-dns.de	klicktel.de	1
intername.ch	buth.li	1
widhost.net	arubabusiness.it	3
CLOUDFLARENET	tvb.li	1
Webland AG	timp.li	1
Vautron Rechenzentrum AG	sazani.li	1
world4you.at	il-do.li	1
centinated.ch	centinated.ch	2
Signet B.V.	djf.li	1
pro.io	privat-pilot.li	1
hscsc.de	hscsc.de	2
NSONE	ibm.com	2
IONOS SE	RACKSPACE	1
METANET AG	revog.li	1
cyon GmbH	4cash.li	1
joker.com	GOOGLE	7
netcup GmbH	netcup-mail.de	5
awsdns-06.net	AMAZON-02	1
ccc-rheintal.ch	GOOGLE	1
SupraNet AG	flplus.li	1
Key-Systems GmbH	optilens.li	1
Key-Systems GmbH	gcb.li	1
helloly.com	ecker.li	1
Telecom Liechtenstein AG	powersurf.li	2
METANET AG	trintec.ch	1
condns.de	kibek.li	1
routing.net	Eurofiber France SAS	3
combell.net	clbvzw.be	4
CLOUDFLARENET	becker-s.de	1
G-Core Labs S.A.	ZOHO-AS	1
webgo GmbH	webgo GmbH	12
METANET AG	sanrein.li	1
hosttech.ch	Datacamp Limited	1
onebyte.ch	webkoenig.ch	3
interway.ch	tomatensalat.ch	1
AS-VULTR	tinyurl.com	5
vioma.at	mtfweb.ch	1
netsolution.ch	netsolution.ch	1
AMAZON-02	EDNS	1
MICROSOFT-CORP-MSN-AS-BLOCK	arkadin.com	1
QualityNet AG	QualityNet AG	4
Webland AG	infosec.li	1
Bluewin	deloitte.ch	1
netcup GmbH	n2a.li	1
lbsserver.com	laser.com	1
DNS-NET Services GmbH	xn--tschss-6ya.li	1
Cloud DNS Ltd	revisionspartner.li	1
awsdns-02.com	weblink.ch	1
METANET AG	schaetzer.li	1
checkdomain.de	daag.li	1
pro.io	weltreise.li	1
ipcom GmbH	paww.li	1
thundercloud.uk	spry.li	1
domainers.de	wineager.li	1
pro.io	cfi.li	1
METANET AG	wolfer.li	1
pro.io	ilj.li	1
pro.io	leuzi.li	1
CLOUDFLARENET	gumusgroup.com	1
AMAZON-02	lotl.li	1
swizzonic.ch	GOOGLE	14
CLOUDFLARENET	z-lib.li	1
CLOUDFLARENET	freimaurerei.li	1
MICROSOFT-CORP-MSN-AS-BLOCK	holz-art.li	1
SupraNet AG	valmont.li	1
ch-inter.net	Infomaniak Network SA	4
Telecom Liechtenstein AG	optimum.li	1
Hetzner Online GmbH	tatort.li	1
pro.io	hsc.li	1
keppler-it.de	keppler-it.de	1
METANET AG	timetechnology.li	1
METANET AG	neomat.li	1
ch-inter.net	barcolair.li	1
schlundtech.de	mymxserver.com	1
pro.io	wullschleger.li	1
webmanagement.at	n-k.li	1
IONOS SE	MICROSOFT-CORP-MSN-AS-BLOCK	21
Vautron Rechenzentrum AG	dgpermanent.li	1
pro.io	zanzariere.li	1
Webland AG	swiss-drive.li	1
awsdns-09.org	GOOGLE	1
hosttech.ch	edit.li	1
METANET AG	demas.li	1
pro.io	Hostpoint AG	9
CLOUDFLARENET	cloudstar.eu	1
Telecom Liechtenstein AG	novaconsult.li	1
ns14.net	telefonsex.li	1
tested.net	chrueterhaex.li	1
bitpalast.net	fxe.li	1
hover.com	42.24	1
AMAZON-02	diamondcard.li	1
CLOUDFLARENET	smtp.dev	1
METANET AG	topdog24.li	1
cyon GmbH	hyrox.li	1
METANET AG	1page.li	1
kjsl.com	womaro.ch	2
joker.com	sourcecode.li	6
orcwebhosting.ch	pinsa.li	1
HURRICANE	YANDEX LLC	1
NUCDN	cloudbizz.lu	1
cyon GmbH	physix.li	1
hoststar.hosting	konsulate.li	1
Webland AG	green.ch AG	1
SupraNet AG	drscarnato.li	1
awsdns-06.net	Proton AG	1
Deutsche Telekom AG	concardis.com	1
hostcenter.li	cshop.li	1
xundns.com	img999.cc	3
schweizer-domain.ch	schadstoffe.li	1
Infomaniak Network SA	starmagoo.com	1
UNIFIEDLAYER-AS-1	save.li	1
dnssys.eu	lilith.li	1
net.pl	niewiadomski.li	1
Vautron Rechenzentrum AG	rechtshilfe.li	1
CLOUDFLARENET	lifestylesupplies.li	1
METANET AG	genet.li	1
intellicard.ch	idsecurity.li	1
cyon GmbH	americanfieldservice.li	1
hoststar.hosting	krstic.li	1
CLOUDFLARENET	babypark.li	1
Hetzner Online GmbH	oh6ad.fi	1
prodns.de	rental-service.li	1
Infomaniak Network SA	walser.li	1
dnspod.net	zan.li	3
Vautron Rechenzentrum AG	cosmeticatelier.li	1
contabo.net	livu.li	1
DIGICERT	mail-hero.li	1
hoststar.hosting	mobilemassage.li	1
PlusServer GmbH	xn--umzge-mva.li	1
comteam.at	rubbermaid.li	1
pynar.com	ZOHO-AS	1
domain-haendler.info	deineinkauf.li	1
METANET AG	worksuite.li	1
awsdns-30.com	GOOGLE	1
hoststar.hosting	kugelbunt.li	1
ns14.net	24t.at	7
Webland AG	moai.li	1
tigress.com	tigress.com	2
hosttech.ch	GOOGLE	8
adomain.ch	vdms.li	1
dns-united.de	saeu.li	1
awsdns-38.net	METANET AG	1
netim.net	swissinfocloud.ch	1
pro.io	APPLE-ENGINEERING	3
schlundtech.de	zandura.net	1
aoi.eu	aoi.eu	1
4synergy.com	4synergy.com	1
interway.ch	laundry.li	1
ns14.net	nippongases.eu	8
carelse.ie	fxc.li	1
METANET AG	militia-immaculatae.li	1
world4you.at	goldinvestment.li	1
netstyle.ch	cmsbox.com	1
pro.io	hubi.li	1
world4you.at	blugym.li	1
Infomaniak Network SA	stupan.li	1
METANET AG	valuation.li	1
dukascopy.com	dukascopy.com	3
METANET AG	mild.li	1
awsdns-05.org	MICROSOFT-CORP-MSN-AS-BLOCK	1
METANET AG	bareva.li	1
alfahosting.info	tag-der-gesunden-ideen.li	1
Host Europe GmbH	billbox.li	1
nextlayer.at	nextlayer.at	1
bigrock.com	odb.li	1
cyper.at	cyperweb.com	1
cyon GmbH	hanfpflanze.li	1
Vautron Rechenzentrum AG	xn--tresorraumtren-qsb.li	1
hoststar.hosting	northland.li	1
hoststar.hosting	koh.li	1
SECURITYSERVICES	kucingcina.net	1
unaxus.net	unaxus.li	1
Infomaniak Network SA	esit.li	4
METANET AG	arzt.li	1
Advania Island ehf	tronscan.li	1
ipcom GmbH	localhost	1
hostserv.eu	severa.li	1
dnsip.com	0009168.com	5
cyon GmbH	karosserie.li	1
Key-Systems GmbH	baumaengel.li	1
ORACLE-BMC-31898	cog.li	1
awsdns-14.org	MICROSOFT-CORP-MSN-AS-BLOCK	1
METANET AG	tourn.li	1
METANET AG	ponik.li	1
IONOS SE	myhub.li	1
Hetzner Online GmbH	kritzl.dev	1
CLOUDFLARENET	Host Europe GmbH	4
cofex.ch	cofex.ch	2
Webland AG	bonel.li	1
Hetzner Online GmbH	Core-Backbone GmbH	12
CLOUDFLARENET	thebird.li	1
checkdomain.de	inflare.li	1
mediagear.net	psmanaged.com	2
hosttech.ch	hepting.li	1
cyon GmbH	trias-solutions.li	1
srv53.net	com.ua	4
METANET AG	us-cars.li	1
quarxconnect.de	tiggerswelt.net	1
vjl.org	vjl.org	2
senseLAN GmbH	arbeitsmarktservice.li	1
netcup GmbH	falcon.li	1
NUCDN	777-casino.li	1
citybites.de	23M GmbH	1
cyon GmbH	bauring.li	1
cyon GmbH	bern.li	1
contabo.net	tuo.li	1
CLOUDFLARENET	betterburger.li	1
netcup GmbH	ruke.li	1
ipcom GmbH	fuerstenmahl.li	4
senseLAN GmbH	danika.li	1
ipcom GmbH	century-services.li	1
hawkhost.com	renewable.li	1
hover.com	Proton AG	9
METANET AG	trachsler.li	1
unaxus.net	sfct.li	1
pro.io	facial-harmony.li	1
Hostpoint AG	APPLE-ENGINEERING	12
AMAZON-02	zabka.li	1
Hetzner Online GmbH	arsmtp.com	3
pro.io	held.li	1
METANET AG	tantrayoga.li	1
scnr.is	hybridhost.ch	1
AMAZON-02	asonor.li	1
checkdomain.de	gammahosting.eu	1
Webland AG	berner.li	1
cyon GmbH	myroom.li	1
hoststar.hosting	rieb.li	1
poliman.net	poli.li	1
Vautron Rechenzentrum AG	brackemann.li	1
fortis.li	fortis.li	1
gsmk.de	gsmk.de	1
ACTIVE 24, s.r.o.	pnx.li	1
gsh.li	gsh.li	1
hosttech.ch	business-mail.eu	1
internex.at	zimmerbrunnen.li	1
extdns.com	ntools.de	1
cyon GmbH	zenubia.li	1
METANET AG	ctech.li	1
ipcom GmbH	epex.li	1
Safenames Ltd.	SECURITYSERVICES	2
cyon GmbH	herger.li	1
alfahosting.info	ferienreisen.li	1
netcup GmbH	ahh.li	1
T-Mobile Austria GmbH	mymagenta.business	22
lemarit.de	sennheiser.li	1
ns14.net	helios.aero	3
METANET AG	schaer.li	1
mxonly.de	zugschlus.de	1
ch-inter.net	just.ch	2
cyon GmbH	fehse.li	1
CLOUDFLARENET	gamepoint.net	1
one.com	Proton AG	1
cyon GmbH	trauerdruckportal.li	1
GANDI SAS	sevar.org	2
hoststar.hosting	sophie.li	1
netcon.at	edelstahlpool.li	1
hosttech.ch	radonabdichtung.li	1
ins-online.ch	ins-online.net	1
de-nserver.de	mini-mundus.li	1
SECURITYSERVICES	wasl.li	1
checkdomain.de	jproxx.com	1
Webland AG	polysil-ce.li	1
Host Europe GmbH	landhof.li	1
ievolution.ch	bangladesch.li	1
GANDI SAS	Fastmail Pty Ltd	5
Infomaniak Network SA	Hostpoint AG	2
METANET AG	dudas.li	1
hostmax.ch	hatt.li	1
CLOUDFLARENET	lal.li	1
Hetzner Online GmbH	InterNetX GmbH	1
LEASEWEB-USA-SFO	leaseweb.com	2
cyon GmbH	gasser-felstechnik.li	1
ch-inter.net	kunsthalle.li	1
cyon GmbH	stein.li	1
Vautron Rechenzentrum AG	dginternational.li	1
NovaTrend Services GmbH	MICROSOFT-CORP-MSN-AS-BLOCK	5
Webland AG	erne.li	1
Webland AG	geissenpeter.li	1
azure.com	fernandez.li	1
sqr.cloud	Cyso Group B.V.	4
CLOUDFLARENET	heek.li	1
virtualhosts.de	ova.li	1
ipcom GmbH	sterr.li	1
Datawire Ag	MICROSOFT-CORP-MSN-AS-BLOCK	2
zelosaustria.com	zelos.email	3
Host Europe GmbH	schlossapotheke.li	1
hostserv.eu	GOOGLE	3
interway.ch	arbeitsbuehne.li	1
hoststar.hosting	metzger.li	1
plesklogin.net	enzler.li	1
JSC RTComm.RU	YANDEX LLC	1
SCAAM0001	domainnetwork.se	1
cyon GmbH	thenet.li	1
hosttech.ch	wako.li	1
globonet.ch	terrassenhaus.li	1
checkdomain.de	apothek.li	1
kpn.net	djam.li	1
GANDI SAS	leyline.nexus	1
cyon GmbH	iwt.li	1
indomco.com	0	1
a1.net	Proton AG	2
hosteur.com	visib.li	1
Host Europe GmbH	karg.li	1
sysup.at	SysUP OG	6
cyon GmbH	magma-interactive.li	1
avernis.de	avernis.de	3
netcup GmbH	bym.li	1
METANET AG	mka.li	1
conova communications GmbH	kwon.de	1
CLOUDFLARENET	informatiker.li	1
de-nserver.de	mhh.li	1
BIZLAND-SD	beautybay.li	1
provider.at	workation.li	1
CLOUDFLARENET	veer.li	1
iptwins.com	spamora.net	1
Key-Systems GmbH	esep.li	1
cyon GmbH	yannickzurflueh.li	1
webquake.com	webquake.com	2
han-solo.net	spenglertechnik.li	1
simplehosting.ch	stalder.li	1
cyon GmbH	dehn.li	1
foo.li	MICROSOFT-CORP-MSN-AS-BLOCK	1
kunde24.de	torsten-testet.li	1
Russmedia IT GmbH	sn-coaching.li	1
UNIFIEDLAYER-AS-1	accountants.li	1
METANET AG	METANET AG	4
schulzmedia.li	MICROSOFT-CORP-MSN-AS-BLOCK	2
CLOUDFLARENET	ghostwritr.li	1
CLOUDFLARENET	limanowa.li	1
swissit.net	hostedoffice.ag	7
nameresolve.com	1.50	1
buesser.li	xn--bsser-kva.li	1
easydns.ca	codeangels.com	1
Datasource AG	GOOGLE	1
serversmarket.gr	aegeanhost.li	1
your-web.ch	MICROSOFT-CORP-MSN-AS-BLOCK	1
astrodata.net	astrodata.ch	2
lemarit.de	AMAZON-02	8
tcis.de	tcis.de	2
UNIFIEDLAYER-AS-1	cpa.li	1
dogado GmbH	Fastmail Pty Ltd	2
hostserv.eu	udk.li	1
hosttech.ch	5fl.li	1
interfasys.net	pluripub.li	1
AMAZON-02	borong.li	1
dominiok.it	bikershotel.li	1
ANEXIA Internetdienstleistungs GmbH	weinservice.li	1
guests.ch	symbiose.li	1
METANET AG	pit.li	1
METANET AG	shopping.li	1
hostcenter.li	classpolish.li	1
Hetzner Online GmbH	gfe-pool-sauna.li	1
dns-dc.com	pstmstr.net	1
SECURITYSERVICES	naeba.li	1
nameserver.center	micar.li	1
SECURITYSERVICES	LLC VK	1
CLOUDFLARENET	NetEase Building No.16 Ke Yun Road	5
Vautron Rechenzentrum AG	grob-homes.li	1
METANET AG	audit-team.li	1
Webland AG	vandervalk.li	1
METANET AG	iff.li	1
Hostpoint AG	iresults.li	1
Vautron Rechenzentrum AG	nic-direkt.li	1
managed-ip.com	misterspex.de	2
rdns.de	GOOGLE	1
SECURITYSERVICES	MICROSOFT-CORP-MSN-AS-BLOCK	17
awsdns-09.net	GOOGLE	1
world4you.at	darts.li	1
CLOUDFLARENET	kksv.li	1
ipcom GmbH	lindenau.li	1
swizzonic.ch	musikundtanz.li	1
Vautron Rechenzentrum AG	wio.li	1
keymachine.de	officeb2b.li	1
cyon GmbH	enique.li	1
designbase-server1.nl	puur.li	1
CLOUDFLARENET	camelcc.com	1
hoststar.hosting	grenzgarage.li	1
adiheutschi.ch	NovaTrend Services GmbH	2
strgtec.com	affordablehosting.com	2
Vautron Rechenzentrum AG	cosmeticsbeauty.li	1
Vautron Rechenzentrum AG	mieten.li	1
METANET AG	dys.li	1
Newsnet AG	vogt.li	7
Webland AG	stutz.li	1
Vadian.Net AG	GOOGLE	3
nanet.at	sommerrhapsodie.li	1
zoneedit.com	QUICKPACKET	1
CLOUDFLARENET	localhost	2
cyon GmbH	lustvoll-leben.li	1
world4you.at	busfinder.li	1
orion.li	orion.li	1
MICROSOFT-CORP-MSN-AS-BLOCK	mtaroutes.com	1
UNIFIEDLAYER-AS-1	wcc.li	1
CLOUDFLARENET	shmm.app	1
CLOUDFLARENET	startmail.com	3
PONYNET	GOOGLE	3
METANET AG	card-security.li	1
Vautron Rechenzentrum AG	xn--wertschutzraumtr-xzb.li	1
SupraNet AG	lie.net	5
Vautron Rechenzentrum AG	forum-media.li	1
CLOUDFLARENET	dashboard-manager.li	1
netcup GmbH	frdy.li	1
Telecom Liechtenstein AG	auktionen.li	1
Scaleway S.a.s.	ouvaton.coop	1
GOOGLE	NorthC Deutschland GmbH	1
swissit.net	coronaries.li	1
ipcom GmbH	dynamicengineering.li	1
CLOUDFLARENET	mimecast-offshore.com	1
Host Europe GmbH	robe.li	1
Cyberlink AG	unified-communications.li	1
claradns.net	clara.net	1
hostserv.eu	fubar.li	1
ipcom GmbH	alu-spf.li	2
Key-Systems GmbH	flaschengeist.li	1
CLOUDFLARENET	stellar.li	1
asmallorange.com	hvd.li	1
swizzonic.ch	jsj.li	1
CLOUDFLARENET	miasto.li	1
ipcom GmbH	pironet-ndh.com	5
netcup GmbH	netlink.li	1
hover.com	ZOHO-AS	6
serverworld.uk	musicstore.li	1
routing.net	rademacher.li	1
Hoi Internet AG	MICROSOFT-CORP-MSN-AS-BLOCK	2
ipcom GmbH	tragwerk.li	1
awsdns-05.com	MICROSOFT-CORP-MSN-AS-BLOCK	1
ch-inter.net	metanet.ch	2
cyon GmbH	alpin-royal-casino.li	1
checkdomain.de	autobid-auction.li	1
hosttech.ch	securityforce.li	1
hoststar.hosting	cityhof.li	1
afraid.org	lugano.li	1
omnis.ch	buchs.li	1
Host Europe GmbH	wortlos.li	1
NUCDN	betnet.li	1
kesako.ch	petalert.me	2
ipcom GmbH	taess.net	1
Webland AG	european-energy-award.li	1
ns35.de	designfriends.li	1
awsdns-17.net	haar-shop.ch	1
bucher.li	ruesch.li	1
bka.li	bka.li	1
CLOUDFLARENET	uncodelab.com	1
Webland AG	manuka.li	1
CLOUDFLARENET	sdlsj.net	1
paphosting.ch	paphosting.net	1
gallanta.com	gce.li	1
CLOUDFLARENET	rink.li	1
checkdomain.de	Chinanet	1
itroom.eu	deluca.li	1
GANDI SAS	aliberico.es	1
webkeeper.ch	hermes-ag.li	1
NUCDN	aramisauto.li	1
schlundtech.de	onoffice.de	2
s-dns.de	ncb.li	1
netcup GmbH	babytherapie.li	1
CLOUDFLARENET	keganmyers.com	1
hoststar.hosting	ps-g.li	1
METANET AG	floki.li	1
d4kservers.net	d4k.li	1
nameserver.center	swisscontor.li	1
dpa.li	dpa.li	1
SECURITYSERVICES	Tutao GmbH	3
Signet B.V.	ovivio.li	1
fnx.li	fnx.li	1
xelon.ch	gop.li	1
cyon GmbH	nca.li	1
SECURITYSERVICES	haoming.li	1
hostinghub.at	GOOGLE	1
UNIFIEDLAYER-AS-1	computers.li	1
Webland AG	freak.li	1
pro.io	clic.li	1
teamnet.de	teamnet.de	3
netcup GmbH	schlichenmaier.li	1
SupraNet AG	addcc.li	1
interway.ch	seelenschau.li	1
cloudns.net	ocorp.by	1
Hetzner Online GmbH	schlagzeug.li	1
cyon GmbH	venetanet.com	1
CLOUDFLARENET	rate.li	1
dnspod.net	Infomaniak Network SA	1
insm.cloud	gliwa.li	1
METANET AG	kunstvermittlung.li	1
asurahosting.com	g-s.li	1
wackelsrv.de	hotbrand.li	1
ipcom GmbH	blockchain-tax.li	1
cyon GmbH	lisand.li	1
METANET AG	mail.li	1
NUCDN	icelandprotravel.li	1
Webland AG	luethi.li	1
internex.at	schaich.li	1
Hetzner Online GmbH	kaplan.li	1
NUCDN	infobric.li	1
hoststar.hosting	physik.li	1
Webland AG	lacher.li	1
senseLAN GmbH	MICROSOFT-CORP-MSN-AS-BLOCK	1
bollin-edv.ch	ifu.li	1
METANET AG	markus.li	1
tizoo.com	phonelook.li	1
0800freecall.ch	mulden-service.li	1
joker.com	MICROSOFT-CORP-MSN-AS-BLOCK	7
hoststar.hosting	blaser.li	1
call-up.ch	xn--gerstbau-85a.li	1
mji.li	mji.li	1
world4you.at	public-notary.li	1
versatel.de	23M GmbH	2
dogado GmbH	arsmtp.com	6
Webland AG	almada.li	1
cyon GmbH	pflanzenkohle-inkoh.li	1
pro.io	flitzer.li	1
CLOUDFLARENET	x-ion GmbH	2
Webland AG	banqonsult.li	1
ha-dns.net	Hetzner Online GmbH	6
GOOGLE	Register S.p.A.	10
pro.io	euclid.li	1
akros.ch	MICROSOFT-CORP-MSN-AS-BLOCK	1
senselan.ch	senseLAN GmbH	4
ch-inter.net	lrw.li	1
hoststar.hosting	chriba-dienste.li	1
infomaniak.com	GOOGLE	9
CLOUDFLARENET	gamepowerx.com	1
a1.net	globedom.com	2
vtitan.com	ZOHO-AS	1
timmehosting.de	heiku.li	1
HURRICANE	irtech.ch	1
awsdns-45.org	MICROSOFT-CORP-MSN-AS-BLOCK	1
cyon GmbH	neverland.li	1
swissit.net	alarm24.li	1
genesys informatica srl	hostingsolutions.li	1
ACTIVE 24, s.r.o.	maxb.li	1
METANET AG	lep.li	1
cyon GmbH	1986.li	1
SYNLINQ	vrm.li	7
cyon GmbH	swissgeocapital.li	1
Hetzner Online GmbH	froehlichlaw.li	1
dnspod.net	mxhichina.com	2
securedns.ch	MICROSOFT-CORP-MSN-AS-BLOCK	1
pro.io	csw.li	1
Vautron Rechenzentrum AG	cognac.li	1
hostbit.ch	cyf.li	1
cyon GmbH	schillingpartners.li	1
fima-hosting.ch	save2cloud.li	1
Hostpoint AG	menusystem.ch	1
GOOGLE	Fastmail Pty Ltd	1
xundns.com	1bcdn.com	2
hosttech.ch	karaman.li	1
ezzed.com	easyflirt.com	2
netcup GmbH	hamburg.li	1
Cyberlink AG	unified-communication.li	1
CLOUDFLARENET	Cyso Group B.V.	1
interway.ch	fernsehtechnik.li	1
world4you.at	vertical-farming.li	1
METANET AG	industrieservice.li	1
Host Europe GmbH	gogo.li	1
UNIFIEDLAYER-AS-1	antique.li	1
Die Schweizerische Post AG	post.ch	1
checkdomain.de	govegan.li	1
dn-s.nl	toooolz.li	1
Webland AG	applecampus.li	1
Hetzner Online GmbH	wcon.ch	1
GANDI SAS	MICROSOFT-CORP-MSN-AS-BLOCK	10
simplysoft.ch	landmarep.li	1
hoststar.hosting	mila.li	1
foo.li	bblech.li	3
savit.de	savit.de	1
METANET AG	corinne.li	1
UNIFIEDLAYER-AS-1	ieee.li	1
net-server.de	posterlounge.li	1
Newsnet AG	jeeves-group.com	1
Hetzner Online GmbH	tauka.li	1
nipaa.me	wx.fi	1
world4you.at	threepurpleblocks.li	1
netcup GmbH	schlott.li	1
ns14.net	Host Europe GmbH	1
checkdomain.de	lindinger.li	1
denaliarea.com	studiozunarelli.li	1
webkonzept.eu	pemf.li	1
bahigo.online	bahigo.com	4
ch-inter.net	pokertour.li	1
Vautron Rechenzentrum AG	beautyatelierdg.li	1
or.jp	GOOGLE	1
prodns.de	Stadtwerke Feldkirch	1
kreuzberg.li	kreuzberg.li	1
Webland AG	hofmaenner.li	1
METANET AG	dora-compliance.li	1
ANEXIA Internetdienstleistungs GmbH	kvevri.li	1
Cloud DNS Ltd	iresults.li	4
cyon GmbH	nuvola.li	1
li-life web + it establishment	li-life.li	1
METANET AG	monz.li	1
Vautron Rechenzentrum AG	heinen.li	1
terralink.de	terralink.de	3
ns14.net	avenso.com	2
UNIFIEDLAYER-AS-1	sports.li	1
Bouygues Telecom SA	Bouygues Telecom SA	9
Host Europe GmbH	eboxx.at	1
prodns.de	arcarius.li	1
dodns.net	OVH SAS	2
CLOUDFLARENET	laptev.me	1
NSONE	Proton AG	9
cyon GmbH	deicha.li	1
cyon GmbH	quantec.li	1
UNIFIEDLAYER-AS-1	chevy.li	1
123ns.de	MICROSOFT-CORP-MSN-AS-BLOCK	1
Cloud DNS Ltd	estilo-libre.li	1
Webland AG	wego.li	1
hoststar.hosting	lenzinger.li	1
dodns.net	Hetzner Online GmbH	1
schlundtech.de	cadooz.com	5
xserv.io	sun-cloud.li	1
OVH SAS	portes-imaginaire.org	1
cyon GmbH	aletheia.li	1
schlundtech.de	alca.li	1
Ledl.net GmbH	duroflex.li	1
cba.pl	cba.pl	1
swizzonic.ch	presentservice.li	1
orcwebhosting.ch	demuth.li	1
AMAZON-02	bookassist.li	1
perf1.com	cintel.com	4
swizzonic.ch	jordi.li	1
hoststar.hosting	schnurr.li	1
CLOUDFLARENET	mxlogin.com	1
pro.io	digital-leaders.li	1
hoststar.hosting	hemmerle.li	1
SERVERSTACK-ASN	safebox.li	1
de-nserver.de	bodo.li	1
CLOUDFLARENET	goes.win	1
AMAZON-02	dinehome.li	1
GOOGLE	lichtmond.li	1
netcup GmbH	kleinke.li	1
hoststar.hosting	nabholz.li	1
netcup GmbH	rcb.li	1
radiant.io	dynamic.li	1
main-hosting.eu	rbc.li	1
NUCDN	transpak.li	1
Hostpoint AG	angehrn.li	1
Cloud DNS Ltd	plixo.net	4
ipcom GmbH	dentart.at	1
AMAZON-02	business-informations.li	1
kirchenweb.ch	kirchenweb.ch	3
ncad.fr	geocoucou.eu	2
mywebhost.ch	myphotofactory.li	1
dnspod.net	NetEase Building No.16 Ke Yun Road	6
ipcom GmbH	centrumbank.li	1
inware.ch	gruenenfelder.li	1
METANET AG	kuebli.li	1
hoststar.hosting	schnidrig.li	1
METANET AG	grunder.li	1
awesomeprojects.ro	hostico.li	1
linode.com	ollyconnelly.com	1
netklinik.net	neurorehabilitation.li	1
UNIFIEDLAYER-AS-1	airconditioning.li	1
GOOGLE-CLOUD-PLATFORM	MICROSOFT-CORP-MSN-AS-BLOCK	1
METANET AG	blibgsund.li	1
phase8.net	Fastmail Pty Ltd	1
afraid.org	lix.to	1
Vautron Rechenzentrum AG	permanent-make-up.li	1
Vautron Rechenzentrum AG	k10.li	1
world4you.at	uhrmacher.li	1
Datasource AG	fdh.li	1
hoststar.hosting	gyrocopter.li	1
cyon GmbH	big-band.li	1
abdns.biz	MICROSOFT-CORP-MSN-AS-BLOCK	1
CLOUDFLARENET	yad.li	1
cyon GmbH	mertens.li	1
hosttech.ch	Heinlein-Support GmbH	2
linthcom.ch	euromillions.li	1
ns35.de	heria.li	1
globonet.ch	globonet.li	1
best-webhost.de	fau.li	1
pro.io	haerri.li	1
world4you.at	w4ysites.li	1
hostserv.eu	gaben.li	1
iPlace Internet & Network Services GmbH	IWEB-AS	4
root247.net	proxolut.li	1
hostcenter.li	print-digital.li	1
hoststar.hosting	kings-yellow.li	1
Vautron Rechenzentrum AG	autopartners.eu	1
zcom.it	MICROSOFT-CORP-MSN-AS-BLOCK	1
CLOUDFLARENET	aak.li	1
Vautron Rechenzentrum AG	hre.li	1
apexis.ch	OVH SAS	1
hyp.net	YANDEX LLC	1
hosttech.ch	bolli.li	1
Host Europe GmbH	IONOS SE	1
BUNNYWAY, informacijske storitve d.o.o.	Tutao GmbH	1
hoststar.hosting	fgv.li	1
world4you.at	kar.li	1
netcup GmbH	sufi.li	1
zekihosting.ch	NovaTrend Services GmbH	1
SupraNet AG	groupware.li	1
swissit.net	myalfa.li	1
CLOUDFLARENET	esheep.ch	1
bplaced.net	bplaced.net	1
ns14.net	lordsandknights.li	1
Newsnet AG	gesellschaft.li	2
GOOGLE	Iway AG	5
hoststar.hosting	widmann.li	1
psw.net	psw.li	1
Hetzner Online GmbH	OVH SAS	4
Vautron Rechenzentrum AG	yunsey.li	1
AS-VULTR	kch.li	1
easydns.com	SQUIXA PTY LIMITED	1
CLOUDFLARENET	mountainwolf.li	1
CLOUDFLARENET	poeha.li	1
swissit.net	domain.ch	2
SECURITYSERVICES	suncomet.fi	1
hoststar.ch	room.li	1
hostserv.eu	kinderwunsch.li	1
NetActuate, Inc	Heinlein-Support GmbH	2
world4you.at	yachtmaster.li	1
IONOS SE	ui-dns.com	1
hostserv.eu	jenseit.li	1
smcc.de	smcc.net	2
hoststar.hosting	greenmotion.li	1
Webland AG	crm4all.li	1
Webland AG	innosta.li	1
cyon GmbH	topball.li	1
cyon GmbH	bussmann.li	1
pro.io	wohlfuehlen.li	1
helloly.com	wallis.li	1
world4you.at	jic.li	1
Vautron Rechenzentrum AG	studiopermanent.li	1
city-map.de	RACKSPACE	2
hoststar.hosting	healthy-pet.li	1
zoneedit.com	GOOGLE	13
Hetzner Online GmbH	fotobul.li	1
cyon GmbH	expertenrunde.li	1
co.at	swaynutrition.li	1
hostcenter.li	gartencenter.li	1
METANET AG	phone-ticket.li	1
ipcom GmbH	bmedia.biz	1
yauz.ch	yauz.de	4
CLOUDFLARENET	nirvana.li	1
flake-dns.ch	MICROSOFT-CORP-MSN-AS-BLOCK	1
hostserv.eu	fim.li	1
Host Europe GmbH	Heinlein-Support GmbH	1
CLOUDFLARENET	tinext.net	1
tns1.eu	snuswelt.li	1
xundns.com	egns.eu	6
dnsip.com	2bhxcdn.com	2
METANET AG	doc-transfer.li	1
xundns.com	dnfdnsddd.com	2
vadian.net	vadian.net	1
ns14.net	justifico.li	1
indomco.com	fiducial.li	1
awsdns-05.com	olmero.ch	1
Webland AG	smartvest-group.li	1
Cloud DNS Ltd	kokon.li	1
UNIFIEDLAYER-AS-1	westbabylontaxi.li	1
oderland.com	Proton AG	1
Russmedia IT GmbH	aqua-soziales.com	1
Newsnet AG	sfplex.li	1
montenapoleone2000.com	promemoria.li	1
cmsweb.ch	tierphysio.li	1
CLOUDFLARENET	ghettosmtp.com	1
cyon GmbH	walker.li	1
METANET AG	weblab.li	1
ipcom GmbH	Datacamp Limited	1
hoststar.hosting	sipal.li	1
METANET AG	nik.li	1
sylon.net	GOOGLE	1
UNIFIEDLAYER-AS-1	farmingdaletaxi.li	1
duebi.net	wws24.net	1
Telecom Liechtenstein AG	reiten.li	1
cyon GmbH	berndt.li	1
Nine Internet Solutions AG	MICROSOFT-CORP-MSN-AS-BLOCK	1
as8758.net	MICROSOFT-CORP-MSN-AS-BLOCK	2
Webland AG	hispeed.li	1
get-hosting.de	GOOGLE	1
universal-music-services.de	universal-music-services.de	1
OVH SAS	20i Limited	1
Hetzner Online GmbH	variant.li	1
pro.io	raum-acht.li	1
Vautron Rechenzentrum AG	permanentinternational.li	1
ACTIVE 24, s.r.o.	Seznam.cz, a.s.	1
hyp.net	AMAZON-AES	1
METANET AG	ballonshop.li	1
cyon GmbH	rubin.li	1
hoststar.hosting	wild.li	1
world4you.at	michae.li	1
world4you.at	wriwohnrechtimmobilien.li	1
pro.io	sinotrade.li	1
cyon GmbH	mai23.li	1
Vautron Rechenzentrum AG	permanentbevorzugt.li	1
Liberty Global B.V.	T-Mobile Austria GmbH	4
AUTOMATTIC	ZOHO-AS	1
UNIFIEDLAYER-AS-1	babylontaxi.li	1
wedos.com	wedos.com	1
firestorm.ch	Datasource AG	1
hoststar.hosting	cuilian.li	1
sphenical.ch	sphenic.ch	1
internex.at	chalets.li	1
CLOUDFLARENET	nephe.li	1
Host Europe GmbH	plakate.li	1
n3t.ch	n3t.ch	1
nzym.net	core.li	1
Cyso Group B.V.	edcoonline.li	1
netcup GmbH	lalelu.li	1
contabo.net	mrks.li	1
fima-hosting.ch	aspecta.li	4
CLOUDFLARENET	hendrikthurau.com	1
utorrent.com	utorrent.com	1
1and1.com	IONOS SE	1
Newsnet AG	heidegger.li	2
Vautron Rechenzentrum AG	zds.email	1
Host Europe GmbH	tavako.li	1
METANET AG	escapenet.ch	1
Ledl.net GmbH	biodynamik.li	1
Datawire Ag	bewerbungsbuero.li	1
DIGICERT	mimecast-offshore.com	1
CLOUDFLARENET	zenbox.pl	1
yourhere.biz	yrh.li	1
lunet.it	esvacloud.com	1
CLOUDFLARENET	YANDEX LLC	17
CLOUDFLARENET	Beijing Volcano Engine Technology Co., Ltd.	7
cyon GmbH	perdix.li	1
SupraNet AG	dms.li	1
pro.io	the-academy.li	1
Webland AG	zappa.li	1
GANDI SAS	ZOHO Corporation B.V	1
dnspro.host	ZOHO Corporation B.V	1
Vautron Rechenzentrum AG	permanent-in.li	1
METANET AG	zuberbuehler.li	1
UNIFIEDLAYER-AS-1	babylon.li	1
nameserver.center	21m.li	1
hostserv.eu	domik.li	1
METANET AG	kalyana.li	1
medinfo.at	webmed.at	1
ANEXIA Internetdienstleistungs GmbH	MICROSOFT-CORP-MSN-AS-BLOCK	2
NUCDN	snp.li	1
Vautron Rechenzentrum AG	p-mu.li	1
AMAZON-02	fitwear.li	1
veon.ch	MICROSOFT-CORP-MSN-AS-BLOCK	2
wiederweb.com	sha.li	1
Webland AG	everyday-insurance.li	1
CLOUDFLARENET	Hangzhou Alibaba Advertising Co.,Ltd.	4
co.uk	voipprovider.li	1
think-digital.ch	think-digital.ch	1
newday.ch	MICROSOFT-CORP-MSN-AS-BLOCK	2
Vautron Rechenzentrum AG	permanente.li	1
netcup GmbH	joas.li	1
cyon GmbH	schillingreport.li	1
beta-solutions.ch	borsalino.li	1
swizzonic.ch	pircher.li	1
register.it	MICROSOFT-CORP-MSN-AS-BLOCK	2
cyon GmbH	skinacademy.li	1
checkdomain.de	youporn.li	1
hostprofis.com	aimhedge.li	1
SECURITYSERVICES	800-flowers.net	4
METANET AG	spamexperts.com	1
ipcom GmbH	letob.de	1
cyon GmbH	seed-to-go.li	1
METANET AG	lips.li	1
cyon GmbH	knusper.li	1
ns35.de	tunes.li	1
Telecom Liechtenstein AG	chichi.li	1
fbserver.de	xef.li	1
hscsc.de	teleserv.de	1
UNIFIEDLAYER-AS-1	greatnecktaxi.li	1
QualityNet AG	brosi.li	1
SupraNet AG	MTF Solutions AG	1
nameserver.de	serviceprovider.de	1
ispone-business.de	malissa.li	1
infomaniak.com	ddns.net	1
lah-g.de	MICROSOFT-CORP-MSN-AS-BLOCK	2
cyon GmbH	hitze.li	1
hoststar.hosting	schloesslekeller.li	1
internex.at	hempmate.li	1
cyon GmbH	relativity.li	1
Hetzner Online GmbH	rega.li	1
Vautron Rechenzentrum AG	permanentcosmetics.li	1
interway.ch	holz.li	1
netcup GmbH	emailman.at	3
dns1dns2dns3.com	searchlink.li	1
bnhost.ch	oehrielectronic.li	1
MICROSOFT-CORP-MSN-AS-BLOCK	technet.li	1
Webland AG	inpp.li	1
netcup GmbH	tplex.li	1
Trellian Pty. Limited	Delta HighTech Ltd.	12
Hangzhou Alibaba Advertising Co.,Ltd.	Chinanet	4
METANET AG	literaturhaus.li	1
METANET AG	waymo.li	1
Host Europe GmbH	tinte.li	1
checkdomain.de	croon.li	1
SupraNet AG	beckcom.li	1
fenix.li	GOOGLE	1
Vautron Rechenzentrum AG	beauty-kosmetik.li	1
jchost15.pl	hkslazar.li	1
UNIFIEDLAYER-AS-1	fly.li	1
cyon GmbH	klugscheisser.li	1
nameserver.center	shiatsupraktikerin.li	1
METANET AG	smsdirect.li	1
pro.io	Datacamp Limited	1
METANET AG	prewi.li	1
da.direct	freetech.li	1
cyon GmbH	24x7.li	1
OVH SAS	23M GmbH	1
interway.ch	reinigungsmaschinen.li	1
cyon GmbH	don.li	1
CLOUDFLARENET	g2a.com	1
internex.at	herold.li	1
ipcom GmbH	Proton AG	3
ipage.com	swixx.li	1
ch-inter.net	pascal.li	1
ignum.eu	ignum.eu	1
CLOUDFLARENET	disboard.ch	4
CLOUDFLARENET	mx7.net	4
Akamai International B.V.	frontbridge.com	2
Host Europe GmbH	tsalung.li	1
cyon GmbH	mungooptic.li	1
NUCDN	dsquared2.li	1
infomaniak.com	OVH SAS	5
1and1.it	GOOGLE	1
Webland AG	wsc.li	1
Cloud DNS Ltd	Hostpoint AG	1
cyon GmbH	itmag.li	1
netcup GmbH	dieckmann.li	1
Webland AG	letsgo.li	1
MICROSOFT-CORP-MSN-AS-BLOCK	gconnect.eu	1
hoststar.hosting	altwegg.li	1
sbhost.ch	frees.li	1
swizzonic.ch	scm.li	1
Cloud DNS Ltd	METANET AG	1
SYNLINQ	SkyLink Data Center BV	7
vgp.de	mailfusion.de	1
METANET AG	rheinwehr.li	1
enerspace.de	culinaris.li	1
ascio.com	hostingwerk.de	2
register-it.net	creativenet.de	4
METANET AG	eldin.li	1
CLOUDFLARENET	eib.li	1
METANET AG	kerakoll.li	1
SECURITYSERVICES	Heinlein-Support GmbH	1
METANET AG	treusys.li	1
Telecom Liechtenstein AG	connectm.li	1
idv.ch	postman.li	1
METANET AG	bausinn.li	1
internex.at	worldofdominator.li	1
hoststar.hosting	apulien.li	1
nameserver.center	epiic.li	1
site4now.net	site4now.net	2
swissit.net	kardio.li	1
ipcom GmbH	Neue Medien Muennich GmbH	4
ipcom GmbH	camicissima.li	1
ch-inter.net	westwood.li	1
a1.net	MICROSOFT-CORP-MSN-AS-BLOCK	5
dnsip.com	hhsw6688hxcdn.com	12
fake.mx	fake.mx	1
superhosting.bg	gramoten.li	1
eurohosting.it	oliocarli.li	1
hoonix.com	innovationscoach.li	1
hilweb.com	keusch.li	1
Webland AG	dronesafetycontrol.li	1
interway.ch	147.li	1
scnr.ch	scnr.ch	1
pro.io	richter.li	1
hoststar.hosting	ergophysio.li	1
checkdomain.de	bornit.li	1
GOOGLE	swizzonic-mail.ch	2
UNIFIEDLAYER-AS-1	fireisland.li	1
ch-inter.net	mtfweb.ch	1
rackhosting.com	rackhosting.li	1
OVH SAS	regie.li	1
hosttech.ch	pwk.li	1
dotserv.com	dotserv.com	2
wackelsrv.de	wackel.li	1
Infomaniak Network SA	gasser.blue	2
METANET AG	heidishop.li	1
IONOS SE	retarus.com	1
interway.ch	holzhaus.li	1
METANET AG	kozy.li	1
pro.io	kirsch.li	1
NUCDN	fernbach.com	2
cyon GmbH	gesund-schlafen.li	1
nemsoft.ch	nemsoft.ch	1
magasoft.ch	kusy.li	1
OVH SAS	ovh.ca	2
ch-inter.net	xn--kapitn-fua.li	1
Webland AG	schurti.li	1
clausweb.ro	yana.li	1
cyon GmbH	saa.li	1
CLOUDFLARENET	Eurofiber France SAS	3
ipcom GmbH	mediavail.ch	1
solutics.com	aerotec.li	1
hostmax.ch	sirb.li	1
dnssrvr.eu	mailplatform.eu	2
Vautron Rechenzentrum AG	lipstix.li	1
alfaron.eu	alfaron.eu	1
UNIFIEDLAYER-AS-1	longbeachtaxi.li	1
world4you.at	derboulevard.li	1
checkdomain.de	dauster-stiftung.li	1
UNIFIEDLAYER-AS-1	vacation.li	1
ticinocom.com	vinci.li	1
Domain names registrar REG.RU, Ltd	Domain names registrar REG.RU, Ltd	6
METANET AG	tattooo.li	1
Webland AG	nardon.li	1
netcup GmbH	xn--stmm-moa.li	1
rieker.cloud	MICROSOFT-CORP-MSN-AS-BLOCK	2
alfahosting.info	kauf.li	1
netcup GmbH	kolenda.li	1
METANET AG	ritter.li	1
Host Europe GmbH	erharts.li	1
Vautron Rechenzentrum AG	ecouple.li	1
netcup GmbH	iku.li	1
swissit.net	zumoberhaus.li	1
clusterdns.net	inte.li	1
METANET AG	xn--schtzer-7wa.li	1
isp7.cc	zelt.li	1
METANET AG	fogs.li	1
ANEXIA Internetdienstleistungs GmbH	portsit.com	2
schlundtech.de	GOOGLE	1
cyon GmbH	floatix.li	1
cyon GmbH	freikirche.li	1
UNIFIEDLAYER-AS-1	plainview.li	1
BUNNYWAY, informacijske storitve d.o.o.	UpCloud Ltd	2
yamanotecorporation.com	elbo.li	1
netcup GmbH	villabunterhund.li	1
METANET AG	luftballon.li	1
CLOUDFLARENET	figboot.dev	1
hoststar.hosting	kub.li	1
jumpdns.net	hote.li	1
cyon GmbH	himmel-und-erde.li	1
METANET AG	mcct.li	1
maxcluster.net	maxcluster.net	3
iAdvantage Limited	than.li	1
Webland AG	stop.li	1
internex.at	dominatorilumen.li	1
cyon GmbH	senser.li	1
tizoo.com	thomasschmid.li	1
ch-inter.net	spielraum.li	1
cmq.ro	GOOGLE	1
markmonitor.com	olmesartan.li	1
METANET AG	grafsports.li	1
hostserv.eu	firstadvisor.li	1
regnet.cz	dev.null	1
CLOUDFLARENET	Heinlein-Support GmbH	7
NSONE	MICROSOFT-CORP-MSN-AS-BLOCK	17
Hetzner Online GmbH	fireevent.li	1
CLOUDFLARENET	recruit.li	1
PlusServer GmbH	dermatologikum.li	1
reespc.net	rees.li	1
supporthost.com	UpCloud Ltd	1
cyon GmbH	coagency.li	1
pro.io	daene.li	1
ha-dns.net	medi.li	2
awsdns-20.net	unicommunity.li	1
METANET AG	sima.li	1
teuto.net	teuto.net	1
NUCDN	iriscloud.lu	1
cyon GmbH	vintage.li	1
AMAZON-02	privaterangers.li	1
GOOGLE	One.com A/S	3
SupraNet AG	geistor.li	1
CLOUDFLARENET	andospark.ch	1
hoststar.hosting	brockenstube.li	1
networkinvest.net	networkinvest.de	2
m-tech.li	binding.li	1
METANET AG	alpila.li	1
joker.com	Heinlein-Support GmbH	2
UNIFIEDLAYER-AS-1	tickets.li	1
gretlerintermedia.ch	arsintermedia.li	1
hoststar.hosting	forti.li	1
cyon GmbH	fahrbar.li	1
cyon GmbH	bavariatech.li	1
O2switch SAS	lou.li	1
Webland AG	sdc.li	1
hoststar.hosting	helfenberger.li	1
Hetzner Online GmbH	Fastmail Pty Ltd	4
hoststar.hosting	signbrick.li	1
hosttech.ch	trl.li	1
Host Europe GmbH	digitalcapital.li	1
cyon GmbH	bobber.li	1
AMAZON-02	tabby.li	1
SOFTLAYER	novidade.li	1
fima-hosting.ch	aslife.li	1
Webland AG	webland.li	1
kohlihosting.in	mycard.li	1
hoststar.hosting	rrapp.li	1
itsrv.plus	itsrv.plus	9
METANET AG	pobox.li	1
hover.com	sofia-connect.net	1
swissit.net	freshfish.ch	1
webmachine.at	hollitzer.li	1
wrdns.it	whiteready.com	1
world4you.at	yokogawa.li	1
cyon GmbH	x-mails.cloud	2
cloudns.net	eeme.li	1
hostserv.eu	looser.li	1
hoststar.hosting	masv.li	1
quicns.com	Infomaniak Network SA	1
CLOUDFLARENET	travelsupermarket.li	1
team.blue Denmark A/S	dandomain.dk	1
Webland AG	scherler.li	1
jawas.pl	samasz.li	1
netcup GmbH	kiri.li	1
interway.ch	holzboden.li	1
infomaniak.com	gbn.li	1
hosting.de	hosting.de	2
ipcom GmbH	AS-VULTR	4
ns14.net	domainframe.de	1
hshost.nl	emdr-europe.li	1
Hetzner Online GmbH	aoideas.ch	2
CLOUDFLARENET	netcube.li	1
CLOUDFLARENET	jinzheng.li	1
co.uk	AMAZON-02	1
METANET AG	moonlight.li	1
supporthost.com	svrsh.com	2
Vautron Rechenzentrum AG	makeupmakeup.li	1
creants.com	MICROSOFT-CORP-MSN-AS-BLOCK	1
greenclean.li	greenclean.li	1
Host Europe GmbH	tulkulamalobsang.li	1
glipac.ch	qxlricardo.com	1
pro.io	cobber.li	1
nameserver.center	Tutao GmbH	1
NSONE	outlook.cn	1
Vautron Rechenzentrum AG	atelier-permanent.li	1
managed-vps.net	saglik.li	1
ipcom GmbH	anqi.li	1
Telia Eesti AS	ZOHO Corporation B.V	1
hoststar.hosting	saladin.li	1
cyon GmbH	growcenter.li	1
maetzler.li	maetzler.li	1
posteo-dns.de	posteo.de	1
hoststar.hosting	schlagerfieber.li	1
vestra ICT Ltd.	plus.surf	3
nanet.at	sommer-rhapsodie.li	1
cyon GmbH	photography.li	1
METANET AG	anhaenger.li	1
ns14.net	logictide.li	1
IONOS SE	APPLE-ENGINEERING	2
dodns.net	synergy.li	1
danuserwebservice.ch	boll.li	1
Telecom Liechtenstein AG	adon.li	1
NSONE	Datacamp Limited	4
NUCDN	GOOGLE	7
hostserv.eu	webkonzept.li	1
as207960.net	GOOGLE	1
pro.io	touch4health.li	1
UNIFIEDLAYER-AS-1	lawyer.li	1
hoststar.hosting	evs.li	1
cyon GmbH	trankstelle.li	1
SupraNet AG	lphv.li	1
Net-Build GmbH	rolfsorg.li	1
SupraNet AG	g-expert.li	1
DIGICERT	One.com A/S	1
hoststar.hosting	cjs.li	1
Webland AG	tschuetscher.li	1
co.at	greenpc.li	1
METANET AG	staeh.li	1
ch-inter.net	wasserversorgung.li	1
world4you.at	solomo.li	1
meinweb.at	MICROSOFT-CORP-MSN-AS-BLOCK	1
mccarthywoodserver.com	jta.li	1
endurit.com	endurit.com	1
Webland AG	greta.li	1
Webland AG	claas.li	1
Vautron Rechenzentrum AG	cbh.li	1
AS-VULTR	hongying.li	1
CLOUDFLARENET	isgroup.li	1
NForce Entertainment B.V.	fls.li	1
trivago.net	MICROSOFT-CORP-MSN-AS-BLOCK	1
AMAZON-02	removify.li	1
name-services.com	arsmtp.com	1
METANET AG	czv.li	1
Webland AG	schuepbach.li	1
Webland AG	postmortem.li	1
Frieder Mueller	wikimedia.ch	3
pro.io	digitalk.li	1
hoststar.hosting	blueshoesband.li	1
hoststar.hosting	huepfburg.li	1
pro.io	mncloud.li	1
AMAZON-02	serendipity.li	1
contabo.net	verband.li	1
domainers.de	heilind-europe.li	1
internex.at	Nessus GmbH	1
ifo.net	ifo.net	3
SECURITYSERVICES	pgsoft.li	1
net.pl	nowak.li	1
ch-inter.net	plustoken.li	1
world4you.at	floin.li	1
cyon GmbH	gosigma.li	1
cyon GmbH	oberholzer.li	1
lkw.li	lkw.li	1
spot.host	spamservice.nl	1
interway.ch	putzfee.li	1
Nessus GmbH	MICROSOFT-CORP-MSN-AS-BLOCK	8
scientology.net	scientology.org	6
Webland AG	Hetzner Online GmbH	1
netcup GmbH	kribo.li	1
awsdns-09.net	MICROSOFT-CORP-MSN-AS-BLOCK	1
hosttech.ch	trockenekeller.li	1
GANDI SAS	r01.li	1
world4you.at	kraftwerkkoerper.li	1
suspace.net	cpi.li	1
AMAZON-02	dona.li	1
hoststar.hosting	kurath.li	1
hoststar.hosting	lotos.li	1
hover.com	karadeniz.li	1
srv53.net	GOOGLE	1
hoststar.hosting	ilg.li	1
cyon GmbH	caps-service.li	1
wk-serv.de	poppers.li	1
OVH SAS	Datacamp Limited	2
HiHo AG	hiho.ch	6
romarg.com	romarg.li	1
cyon GmbH	alphacon.li	1
domaisy.de	dna.li	1
Hostpoint AG	Infomaniak Network SA	3
hoststar.hosting	littlelakeranch.li	1
Hostpoint AG	ministry.li	1
cyon GmbH	maltipoo.li	1
Key-Systems GmbH	entiendoo.li	1
METANET AG	fl7.li	1
MICROSOFT-CORP-MSN-AS-BLOCK	yoursrs.com	2
timmehosting.de	oriback.li	1
cyon GmbH	qarant.li	1
radinko.com	parktons.com	2
vodien.com	Datacamp Limited	1
cyon GmbH	skating.li	1
CLOUDFLARENET	wiser.li	1
pro.io	ostermann.li	1
Vautron Rechenzentrum AG	sitebuilder.li	1
CLOUDFLARENET	riverway.li	1
register.it	Proton AG	1
Hostpoint AG	AMAZON-AES	1
tralios.at	spamexperts.com	1
mynet.at	mynet.at	1
Infomaniak Network SA	gunti.cloud	1
GOOGLE	spintronik.eu	1
Webland AG	kinderpsychologin.li	1
kpn.net	kpnict.li	1
a1.net	inhaus.cc	1
Hetzner Online GmbH	rassul.li	1
METANET AG	cipolla.li	1
cyon GmbH	gitarre.li	1
world4you.at	heureka.li	1
NSONE	Hostpoint AG	2
Key-Systems GmbH	laurentius.li	1
awsdns-32.org	nospamproxy.com	1
METANET AG	chatelain.li	1
METANET AG	mus-e.li	1
Host Europe GmbH	screen-ticket.li	1
1233dns.com	npud450c.com	1
ch-inter.net	investmentfonds.li	1
cyon GmbH	planungsbuero.li	1
netcup GmbH	heidenwolf.li	1
careerjet.net	careerjet.net	1
Webland AG	manuka-honig.li	1
Vautron Rechenzentrum AG	grob-international.li	1
domainname.at	kunsttrans.li	1
webstyle.ch	praegewerkzeuge.li	1
domain-hosting.name	Mittwald CM Service GmbH & Co. KG	1
inmotionhosting.com	bjc.li	1
com.au	com.au	2
abdns.biz	arubabusiness.it	3
streamlineag.ch	MICROSOFT-CORP-MSN-AS-BLOCK	1
mhd.ch	zodiac.li	1
hosttech.ch	wemhoener.li	1
schlundtech.de	Heinlein-Support GmbH	2
METANET AG	tiiger.li	1
artwork.li	kr-partner.li	1
Host Europe GmbH	motherearth.li	1
cyon GmbH	trauerdruck.li	1
Host Europe GmbH	clevisto.li	1
CLOUDFLARENET	Neue Medien Muennich GmbH	15
SECURITYSERVICES	NetEase Building No.16 Ke Yun Road	1
OVH SAS	guitar.li	1
hoststar.hosting	bollinger.li	1
nsd.de	king4pets.li	1
DNS-NET Services GmbH	xn--brst-1ra.li	1
hosting.de	APPLE-ENGINEERING	2
armin.sk	armin.sk	1
cyon GmbH	cyon.net	2
pro.io	wolle.li	1
Vautron Rechenzentrum AG	permanent-studio.li	1
afraid.org	Proton AG	2
Neue Medien Muennich GmbH	surfeu.org	1
METANET AG	sinnstifter.li	1
web-host.ro	ablerex.li	1
hosttech.ch	werberat.li	1
METANET AG	emailbox.li	1
SERVERSTACK-ASN	legalporn.li	1
AMAZON-02	zim.li	1
cyon GmbH	niedermann.com	1
bwsdns01.de	edgar.li	1
nsdaemon.de	uxrz.net	1
senseLAN GmbH	walch.li	1
CLOUDFLARENET	silvergoldbull.com	1
cyon GmbH	ljv.li	1
METANET AG	panoramas.li	1
ch-inter.net	xn--werkstatttrume-gib.li	1
pql.net	happyisp.com	1
von.li	cloudcone.mx	1
hoststar.hosting	ernaehrungsberater.li	1
Key-Systems GmbH	baxian.li	1
hoststar.hosting	zab.li	1
hoststar.hosting	hochtouren.li	1
Vautron Rechenzentrum AG	grobproperty.li	1
ns14.net	thomassabo.com	2
hoststar.hosting	icube.li	1
IONOS SE	business-process-management.li	1
hoststar.hosting	ideetransfer.li	1
alfahosting.info	ebinger.li	1
cyon GmbH	3wstratego.li	1
cyon GmbH	loewe.li	1
hoststar.hosting	toren.li	1
doom-labs.net	xamine.com	1
finally.coffee	uvensys GmbH	1
contrexxdns.net	villiger.li	1
Vadian.Net AG	raumdenken.li	1
name-services.com	GOOGLE	4
regdom.it	inlinea.net	1
hoststar.hosting	twb.li	1
METANET AG	kellenberger.li	1
netcup GmbH	a-m.li	1
world4you.at	istrotec.li	1
goldvision.com	cilipeter.li	1
Host Europe GmbH	tsa-lung.li	1
hoststar.hosting	skull-piercing.li	1
world4you.at	prfl.li	1
ns14.net	pphosted.com	2
Hetzner Online GmbH	APPLE-ENGINEERING	5
schlundtech.de	messeteam.eu	1
cyon GmbH	nemos.li	1
phade.de	cig.li	1
i-net-hosting.de	guentner.li	1
world4you.at	foxxcon.li	1
ns14.net	mtgateway.de	2
vas-hosting.com	vas-hosting.cz	4
domainers.de	wohnmobile.li	1
hoststar.hosting	helen.li	1
jumpdns.net	idvash.li	1
dnspod.net	boke.men	1
li-life web + it establishment	hostedoffice.ag	1
Webland AG	jann.li	1
CLOUDFLARENET	Register S.p.A.	4
interway.ch	fensterputzen.li	1
METANET AG	weinselection.li	1
yodns.com	yodns.com	1
lah-g.de	nextplayam.li	1
futw.eu	lange.li	1
world4you.at	duflaur.li	1
vbzo.li	vbzo.li	1
quertrakt.com	iplace.at	3
nitrado.de	w-hosting.de	1
world4you.at	asv.li	1
webify.li	webify.li	1
all-domains.de	s-02.de	1
METANET AG	demirci.li	1
hoststar.hosting	infocus.li	1
SupraNet AG	taijiakademie.li	1
osidns.com	osi.li	1
world4you.at	rauscher.li	1
web4business.ch	rupp.li	1
thf4it.net	xibu.li	1
METANET AG	tvem.li	1
hoststar.hosting	schoenenberger.li	1
hoststar.hosting	mothex.li	1
allianz-suisse.ch	iphmx.com	1
Hetzner Online GmbH	coding4.coffee	1
lesjoforsab.com	lesjoforsab.com	1
netcup GmbH	brus.li	1
hoststar.hosting	konzelmann.li	1
METANET AG	9494.li	1
pro.io	mylomi.li	1
systemli.org	systemli.org	1
cyon GmbH	landhaus.li	1
ns35.de	tkts.li	1
ipcom GmbH	kah.li	1
cyon GmbH	schoenzeit.li	1
hoststar.hosting	schumis.li	1
hoststar.hosting	elotouch.li	1
schlundtech.de	dynxs.de	1
simplehosting.ch	tc-hoflaedeli.li	1
Webland AG	venditti.li	1
hoststar.hosting	tonershop.li	1
allianz-suisse.ch	allianz-suisse.ch	2
Webland AG	stark.li	1
hosting.de	Proton AG	1
hostserv.eu	gambaro.li	1
edns.de	etb-ag.li	1
euronic.fi	reality.li	1
netjust.com	neen.it	2
ipcom GmbH	itf.li	1
CLOUDFLARENET	c6p.net	1
luadns.net	UpCloud Ltd	1
Vautron Rechenzentrum AG	permanentlink.li	1
waterproof.li	doman.li	1
METANET AG	alic.li	1
vestra ICT Ltd.	MICROSOFT-CORP-MSN-AS-BLOCK	13
rhein-it.net	xn--messgertemarkt-cib.li	1
peernet.de	orakel.li	1
hk-net.de	steuerstrafrecht.li	1
awsdns-09.com	microsoft.com	1
METANET AG	weinonline.li	1
NovaTrend Services GmbH	GOOGLE	1
Neue Medien Muennich GmbH	Proton AG	4
OVH SAS	novius.net	1
whc.ca	jiao.li	1
nameserver.center	jka-karate.li	1
easydns.ca	EDNS	2
catfeed.net	yandex.ru	3
zoneedit.com	manitu.net	1
medienschneider.de	lienert.li	1
CLOUDFLARENET	dnfdnsddd.com	2
nameserver.center	swisspass.li	1
checkdomain.de	treeforplanet.li	1
Vautron Rechenzentrum AG	dg-beauty.li	1
ACTIVE 24, s.r.o.	kuk.li	1
cyon GmbH	stuckaturen.li	1
Telecom Liechtenstein AG	hrconsult.li	1
Webland AG	4ward.li	1
hoststar.hosting	relocate.li	1
Webland AG	solidus.li	1
METANET AG	centraxa.li	1
freehostia.com	freehostia.com	2
CLOUDFLARENET	leih.li	1
METANET AG	piper.li	1
Hetzner Online GmbH	unsinn.li	1
inware.ch	pmkt.li	1
world4you.at	prager.li	1
webhosternameserver.com	webhoster.at	1
Vautron Rechenzentrum AG	beautystore.li	1
prodns.de	durchstarten.li	1
cyon GmbH	offroad4u.li	1
SECURITYSERVICES	douglas.systems	3
hosttech.ch	Proton AG	7
TelemaxX Telekommunikation GmbH	bro.li	1
Webland AG	APPLE-ENGINEERING	1
world4you.at	umm.li	1
Hetzner Online GmbH	kos.ch	4
pro.io	bimconsulting.li	1
world4you.at	greenpowergroup.li	1
Signet B.V.	digivox.nl	1
HURRICANE	Proton AG	2
hostserv.eu	majer.li	1
cyon GmbH	jfa.li	1
METANET AG	geist.li	1
ns35.de	fube.li	1
mrmail.co	mrmail.com	1
Webland AG	mail4me.li	1
netcup GmbH	maileroo.com	1
Hoi Internet AG	protechnik.li	1
METANET AG	hiesig.li	1
METANET AG	guguse.li	1
prodns.de	petramar.li	1
VNET a.s.	MICROSOFT-CORP-MSN-AS-BLOCK	1
METANET AG	rtw.li	1
hoststar.hosting	pth.li	1
ips.ch	perlenhaus.li	1
internex.at	moao.li	1
yoursite.ch	descloux.li	1
Vautron Rechenzentrum AG	cosmeticbeauty.li	1
zmo.ch	chraftwerk.li	1
tizoo.com	limacher.li	1
CLOUDFLARENET	netcup GmbH	1
swizzonic.ch	ipadkasse.li	1
NetActuate, Inc	DIGITALOCEAN-ASN	1
METANET AG	ngo.li	1
isp.intra	plastischechirurgie.li	1
pro.io	seelenwohl.li	1
securewebsystems.net	pkw.li	1
bnamed.eu	nameweb.biz	2
swisscenter.com	MICROSOFT-CORP-MSN-AS-BLOCK	2
nominalia.com	nominalia.com	6
hosttech.ch	discofox.li	1
SECURITYSERVICES	tst.li	1
huaweicloud-dns.cn	clavulin.com	1
cyon GmbH	fl1life.li	1
linux.pl	motoexpert.li	1
cyon GmbH	forensic.li	1
internic.at	gadermaier.li	1
ns14.net	nomailsorry232323.de	1
hoststar.hosting	fmw.li	1
Vautron Rechenzentrum AG	sph.li	1
cyon GmbH	fabi.li	1
idealizer.ch	financialconsulting.li	1
MICROSOFT-CORP-MSN-AS-BLOCK	semler.dk	1
mydomainprovider.com	localhost	3
CLOUDFLARENET	const.li	1
GOOGLE	namaskarindia.li	1
Vautron Rechenzentrum AG	schnitzenbaumer.li	1
hoststar.hosting	weinberger.li	1
netzpionier.at	wiberg.li	1
cloud86.nl	cloud86.li	1
hoststar.hosting	panamericana.li	1
world4you.at	hgn.li	1
edrive-hosting.cz	GOOGLE	3
netzquadrat.de	netzquadrat.net	1
AMAZON-02	betwaycasino.li	1
NUCDN	duckdns.org	2
web4u.cz	vipcastle.com	2
BIZLAND-SD	europcar.li	1
pro.io	akupunkt-massage.li	1
CLOUDFLARENET	hostinger.it	1
world4you.at	eleramp.li	1
METANET AG	zimmer.li	1
netcup GmbH	pwdr.li	1
rd2n.net	rd2n.net	1
cyon GmbH	meis.li	1
Domain names registrar REG.RU, Ltd	LLC VK	1
awesome.cloud	Register S.p.A.	1
CLOUDFLARENET	lebenslangeslernen.li	1
lexo.ch	MICROSOFT-CORP-MSN-AS-BLOCK	1
Virtualtec Solutions AG	Virtualtec Solutions AG	7
prodns.de	scheidungsrecht.li	1
fsdatans.net	isq.li	1
world4you.at	bean.li	1
cyon GmbH	masi.li	1
CLOUDFLARENET	periimplantitis.li	1
pro.io	trauffer-watches.li	1
CLOUDFLARENET	malt.li	2
domena.pl	agnat.pl	6
azehosting.net	navn.li	1
BAR Informatik AG	rhone.ch	4
ipcom GmbH	Fastmail Pty Ltd	2
GOOGLE	digitalekommunikation.li	1
checkdomain.de	fineways.li	1
Host Europe GmbH	mailcow.de	1
Hetzner Online GmbH	k-k.de	1
cyon GmbH	ddns.net	1
com.tr	canakkale.li	1
gameduell.de	noris network AG	2
ACTIVE 24, s.r.o.	websupport.sk	4
krk03.ch	diy.li	1
as2.ch	as2.ch	1
ticinocom.com	metavshn.li	1
Hetzner Online GmbH	Tutao GmbH	1
hausderfamilien.li	hausderfamilien.li	1
METANET AG	skino.li	1
pro.io	immodeal.li	1
Telecom Liechtenstein AG	meinpostfach.li	1
METANET AG	entspannung.li	1
Webland AG	slacktime.li	1
hoststar.hosting	amy.li	1
Host Europe GmbH	skatedeluxe.com	1
Vautron Rechenzentrum AG	permanentesmakeup.li	1
CLOUDFLARENET	newtopoffer.live	2
SECURITYSERVICES	mxhichina.com	1
namemaster.de	iconet.li	1
prodns.de	Hetzner Online GmbH	3
METANET AG	soler.li	1
bnamed.eu	Proton AG	1
Box Internet Services Sarl	GOOGLE	1
CLOUDFLARENET	Seznam.cz, a.s.	2
swissrack.ch	swisscenter.com	1
cyon GmbH	lianoriginal.li	1
kpn.net	kpngroupbelgium.li	1
nameserver.center	Proton AG	3
hohl.it	parkplatzsuche.li	1
ips.ch	gemart.li	1
tuonome.it	tuonome.li	1
Host Europe GmbH	corona-has-taken.li	1
lucushost.com	efac.li	1
cyon GmbH	bisg.li	1
lun.at	lun.at	1
Vautron Rechenzentrum AG	hausschnaps.li	1
marschall.nrw	mail-marschall.de	1
Russmedia IT GmbH	Russmedia IT GmbH	5
Webland AG	fatale.li	1
Vautron Rechenzentrum AG	grafhardenberg.li	1
SECURITYSERVICES	cglab.email	1
Webland AG	heinemann.li	1
pro.io	immoplan.li	1
hoststar.hosting	ild.li	1
cyon GmbH	speedskating.li	1
funnelcockpit.com	breakpoint.li	1
Hetzner Online GmbH	bergtour.li	1
hostserv.eu	hf3.li	1
METANET AG	detektive.li	1
hoststar.hosting	boffistudio.li	1
Host Europe GmbH	nangtenmenlang.li	1
ipcom GmbH	mijndomein.nl	3
Hostpoint AG	lohnrechner.li	1
internex.at	lampelicht.li	1
linthcom.ch	webkatalog.li	1
kmu-dns.ch	texasbbq.li	1
METANET AG	asplogin.de	1
ipcom GmbH	acw.li	1
pro.io	Chinanet	1
Hetzner Online GmbH	ivin.li	1
ipcom GmbH	peterh.ch	1
Hetzner Online GmbH	teamkit.li	1
Webland AG	ottos.li	1
team.blue Denmark A/S	spamfilter.io	1
Vautron Rechenzentrum AG	testament.li	1
world4you.at	solidguzi.li	1
cyon GmbH	foxury.li	1
hoststar.hosting	notfallhandling.li	1
ch-inter.net	xn--schr-noa.li	1
awsdns-24.com	Hostpoint AG	1
METANET AG	retrocars.li	1
funktionierts.ch	mailon.ch	1
cyon GmbH	staatlich.li	1
register.be	mailprotect.be	1
Telecom Liechtenstein AG	Hosting eXperts Switzerland AG	3
CLOUDFLARENET	gek.li	1
register.it	webnode.com	2
Webland AG	gallus.li	1
SOFTLAYER	iplay.li	1
AMAZON-02	rubyfortune.li	1
DIGICERT	rhiner.li	1
ipcom GmbH	yay.li	1
pinklemon.ch	GOOGLE	1
METANET AG	onlinemarketing-fuer-kmu.li	1
METANET AG	wenig.li	1
hoststar.hosting	bnc.li	1
METANET AG	ballonstudio.li	1
cyon GmbH	vedana.li	1
oberdieck.com	oberdieckonline.de	1
netcup GmbH	a-hu.li	1
SupraNet AG	meier-emotion.li	1
ch-inter.net	hinterdorf.li	1
hostserv.eu	fzu.li	1
Knipp Medien und Kommunikation GmbH	ethenea.lu	3
Telecom Liechtenstein AG	prismalife.li	1
Host Europe GmbH	nickel.li	1
MICROSOFT-CORP-MSN-AS-BLOCK	frigg.li	1
NForce Entertainment B.V.	YANDEX LLC	1
hoststar.hosting	phonex.li	1
ch-inter.net	princept.li	1
ipcom GmbH	aginion.eu	1
hosttech.ch	loppes.li	1
awsdns-24.com	pls.li	1
Ledl.net GmbH	opin.li	1
NovaTrend Services GmbH	arsmtp.com	1
co.uk	memail.com	1
Bluewin	raq.ch	2
METANET AG	kehr.li	1
Telecom Liechtenstein AG	pedrazzini.li	1
space.net	space.net	1
CLOUDFLARENET	IONOS SE	6
GANDI SAS	hardnode.org	1
Telecom Liechtenstein AG	shirt-shop.li	1
Vautron Rechenzentrum AG	hotelsite.li	1
NSONE	digitechsystems.com	3
simplyelastic.net	webverve.us	2
METANET AG	electronic.li	1
domain24.com	thilo.li	1
SECURITYSERVICES	trendmicro.de	2
Hetzner Online GmbH	smoby.li	1
cyon GmbH	bnm.li	1
cyon GmbH	francisfriends.li	1
Cloud DNS Ltd	immoline.li	1
vestra ICT Ltd.	Proton AG	1
hosttech.ch	controlla.li	1
CLOUDFLARENET	fitness-studio.li	1
Hetzner Online GmbH	snuups.net	1
O2switch SAS	o2switch.net	1
markmonitor.com	mattel.com	3
SupraNet AG	safe-pension-ag.li	1
domserver.de	adimmo.li	1
CLOUDFLARENET	thb.li	1
scoldns.com	ragish.li	1
CLOUDFLARENET	kolaente.de	1
azure.com	ime.li	1
ifastnet.com	oxr.li	1
ipcom GmbH	secupay.li	1
pro.io	poweroad.li	1
awsdns-30.net	GOOGLE	1
hoststar.hosting	marending.li	1
domdoo.net	hostmailer.xyz	4
OVH SAS	miba.li	1
co.uk	isdnet.net	1
hostmax.ch	bookcircle.li	1
cyon GmbH	magnesol.li	1
UNIFIEDLAYER-AS-1	clean.li	1
webkeeper.ch	visartis.li	1
Signet B.V.	transip.email	5
Vautron Rechenzentrum AG	fit711training.li	1
UNIFIEDLAYER-AS-1	rdlcpa.li	1
prodns.de	woodyshoes.li	1
nitrado.de	pape.li	1
domainkunden.de	inetserver.de	1
cyon GmbH	e-sign.li	1
Nessus GmbH	METANET AG	1
ipcom GmbH	jayl.de	1
your-web.ch	BIG IT AG	2
ns35.de	veronit.li	1
bwcloud.net	sidus.li	1
phade.de	netcon.li	1
pro.io	schreibkultur.li	1
lo0.ch	tschuor-engineering.ch	1
world4you.at	deliveroo.li	1
cyon GmbH	holzbadewanne.li	1
GOOGLE	Infomaniak Network SA	6
nethouse.it	nethouse.it	1
dropnet.ch	dropnet.ch	1
Webland AG	aeber.li	1
joker.com	rieck.li	1
Telecom Liechtenstein AG	halal.li	1
ch-inter.net	juch.li	1
UNIFIEDLAYER-AS-1	tesla.li	1
devaux.li	wtf.li	1
wm-sherifi.ch	servello.li	1
Webland AG	netzshop.li	1
world4you.at	cubi.li	1
ewdns.ch	everyware.ch	3
Bluewin	ip-plus.net	1
pro.io	podcast-agentur.li	1
hostserv.eu	dein-auto.li	1
hoststar.hosting	granville.li	1
Hetzner Online GmbH	apple-hilfe.li	1
NSONE	Beijing Volcano Engine Technology Co., Ltd.	1
ewdns.ch	laurentiusapotheke.li	1
hoststar.hosting	optikon.li	1
cyon GmbH	sigmacredit.li	1
CLOUDFLARENET	powiat.li	1
CLOUDFLARENET	d0t.ch	1
mosparo-association.org	zepi.network	1
cyon GmbH	schuetzenverein.li	1
jaba.hosting	MICROSOFT-CORP-MSN-AS-BLOCK	1
spin.it	bofhland.org	1
ch-inter.net	printkork.li	1
net-server.de	cohn.li	1
pinklemon.ch	MICROSOFT-CORP-MSN-AS-BLOCK	2
xsw.bz	BIG IT AG	2
Webland AG	cardwell.li	1
UNIFIEDLAYER-AS-1	bookkeeping.li	1
Hetzner Online GmbH	petsch.li	1
netcup GmbH	moo.li	1
Webland AG	pro-one.li	1
Signet B.V.	spirello.li	1
Net-Build GmbH	ultimate-young.li	1
UNIFIEDLAYER-AS-1	jewelry.li	1
AMAZON-02	xm-rz.net	1
netcup GmbH	ght.li	1
Vautron Rechenzentrum AG	astrologen24.li	1
Vadian.Net AG	MICROSOFT-CORP-MSN-AS-BLOCK	2
Datawire Ag	baettig.li	1
hostfactory.ch	Proton AG	2
cyon GmbH	brinkmeier.li	1
Vautron Rechenzentrum AG	permanentmakeups.li	1
hosttech.ch	kultour.li	1
cyon GmbH	valdata.li	1
METANET AG	hub.li	1
Datawire Ag	spinout.li	1
buero.org	estermann.li	1
Webland AG	ovrea.li	1
techdroid.com	badge.li	1
infomaniak.com	NAMECRANE	1
cyon GmbH	fotoshop.li	1
webglobe.sk	mx-hub.cz	1
netcup GmbH	it-schley.eu	1
cyon GmbH	anders.li	1
Webland AG	ursus.li	1
cyon GmbH	0x00.li	1
OVH SAS	Tutao GmbH	2
hoststar.hosting	schneiderin.li	1
AMAZON-02	manukadoctor.li	1
hitparade.ch	Infomaniak Network SA	1
interway.ch	seriea.li	1
Hetzner Online GmbH	cytracon.info	4
netnation.com	suffolk.li	1
awsdns-12.org	freie-stellen.li	1
checkdomain.de	vulcano.li	1
sca.com	sca.se	1
providerbox.de	buhu.li	1
hoststar.hosting	bauservice.li	1
tesh.li	tesh.li	1
webstyle.ch	burgherr.li	1
ipcom GmbH	238.18	2
METANET AG	wida.li	1
mcdonalds.li	MICROSOFT-CORP-MSN-AS-BLOCK	1
Russmedia IT GmbH	tele.net	1
hostpapa.com	flaneur.li	1
GOOGLE	23M GmbH	1
ports.se	One.com A/S	2
pinklemon.ch	kodex.li	1
hoststar.hosting	office-support.li	1
cyon GmbH	hbt.li	1
CLOUDFLARENET	ktvworkingdrone.li	1
HURRICANE	Chinanet	2
CLOUDFLARENET	scxza.com	1
dein-server.ch	dein-server.ch	1
Deutsche Telekom AG	mahle.net	5
CLOUDFLARENET	ik2.com	1
CLOUDFLARENET	paike567.top	6
METANET AG	kinderwagen-online.li	1
Telecom Liechtenstein AG	mhs.li	1
AMAZON-02	AUTOMATTIC	1
ipcom GmbH	bon.at	1
hoststar.hosting	passkeys.li	1
sunucudestek.com	kibris.li	1
QualityNet AG	valartis.li	1
Hetzner Online GmbH	leak.li	1
YANDEX LLC	GOOGLE	1
bw-server.ch	bw-server.ch	3
Hetzner Online GmbH	regiopool.li	1
UNIFIEDLAYER-AS-1	basketball.li	1
netcup GmbH	tplay.li	1
swizzonic.ch	schenk.li	1
sauters.li	hosttech GmbH	2
hostingww.com	eik.li	1
Hetzner Online GmbH	lerouxheritage.li	1
Host Europe GmbH	pantheon.li	1
nexellent.net	MICROSOFT-CORP-MSN-AS-BLOCK	1
NForce Entertainment B.V.	Chinanet	1
cyon GmbH	atside.li	1
pro.io	bimmanager.li	1
hoststar.hosting	comfosan.li	1
cyon GmbH	lichtundton.li	1
world4you.at	nrgkick.li	1
Webland AG	picmail.li	1
METANET AG	ballondruck.li	1
speedweb.sk	speedweb.sk	2
MICROSOFT-CORP-MSN-AS-BLOCK	rhomberg.com	1
AMAZON-02	rethinkfintech.li	1
UNIFIEDLAYER-AS-1	usedcars.li	1
cyon GmbH	batrix.li	1
suedtiroldesign.com	asx.li	1
ns14.net	traveggio.li	1
NetActuate, Inc	freebit.ch	1
Vautron Rechenzentrum AG	nuronline.li	1
talashnet.com	eina.li	1
Russmedia IT GmbH	Ops One AG	1
netsys-online.com	kata.li	1
Webland AG	furstentum.li	1
ab stract ltd	Blix Solutions AS	1
netcup GmbH	MICROSOFT-CORP-MSN-AS-BLOCK	1
Hetzner Online GmbH	gangart.li	1
METANET AG	eispark.li	1
pro.io	swisscrowdfunding.li	1
superit.us	chao.li	1
METANET AG	hochzeitsbild.li	1
awsdns-11.com	SECURITYSERVICES	1
netcup GmbH	dill.li	1
cyon GmbH	dor.li	1
moornetworks.net	mycamper.li	1
pro.io	siebert.li	1
Vautron Rechenzentrum AG	wirtschaftsberatungen.li	1
Bluewin	Bluewin	2
greatnet.de	luohanguo.li	1
hosttech.de	musikmarkt.li	1
stabletransit.com	ech.li	1
hostprofis.com	petamin.li	1
UNIFIEDLAYER-AS-1	vip.li	1
businessconnect.eu	businessconnect.nl	2
checkdomain.de	share-media.li	1
netcup GmbH	enecs.li	1
CLOUDFLARENET	izf.li	1
pro.io	consularservice.li	1
honds.net	honds.net	1
interserver.net	tufot.li	1
ns14.net	SECURITYSERVICES	1
snowflakehosting.ch	flake-mail.ch	1
pro.io	think-tank.li	1
interway.ch	holzparkett.li	1
cyon GmbH	ksv.li	1
ch-inter.net	stickdesign.li	1
UNIFIEDLAYER-AS-1	results.li	1
Hangzhou Alibaba Advertising Co.,Ltd.	Hangzhou Alibaba Advertising Co.,Ltd.	4
fungus.at	fungus.at	1
netcup GmbH	schlichtung.li	1
hoststar.hosting	grandjean.li	1
kpn.net	kpnmobile.li	1
METANET AG	industrie-leasing.li	1
kpn.net	so-hi.li	1
indomco.com	dexia.li	1
checkdomain.de	specialmed.de	1
CLOUDFLARENET	amn.li	1
hoststar.hosting	reerdigung.li	1
hover.com	videojames.net	1
SECURITYSERVICES	postbankonlineshop.li	1
METANET AG	bissegger.li	1
spreng.ch	datendelphin.net	1
hosttech.ch	kindvision.li	1
hoststar.hosting	klabautermann.li	1
hosttech.ch	tarol.li	1
hostis.net	hostis.net	1
one.com	tornado.email	2
cyon GmbH	vikingstore.li	1
METANET AG	8x8.li	1
netcup GmbH	jwu.li	1
Cloud DNS Ltd	nachhaltig-bauen.li	1
cyon GmbH	add.li	1
Advania Island ehf	uvas.li	1
ORACLE-BMC-31898	residio.ch	1
0800freecall.ch	muldo.li	1
UNIFIEDLAYER-AS-1	robinhood.li	1
Vautron Rechenzentrum AG	beautykosmetik.li	1
Neue Medien Muennich GmbH	femipa.li	1
Nine Internet Solutions AG	Hostpoint AG	1
BMS-AS	vidaza.li	1
CLOUDFLARENET	cherrybanana.li	1
METANET AG	xildi.li	1
world4you.at	scalptopia.li	1
CLOUDFLARENET	web-hosting.com	3
NUCDN	railco.li	1
superserver.ch	elar-systems.li	1
hostprofis.com	panaceo.li	1
xaas.systems	hosteurope.de	1
MICROSOFT-CORP-MSN-AS-BLOCK	mx.microsoft	2
MDNET	UpCloud Ltd	1
NUCDN	noemail.invalid	4
opsdns.ch	typo3.li	1
thf4it.net	papierexpress.li	1
UNIFIEDLAYER-AS-1	garagedoors.li	1
CLOUDFLARENET	Tutao GmbH	12
AMAZON-02	dukas.li	1
arturai.net	MICROSOFT-CORP-MSN-AS-BLOCK	1
netcup GmbH	klimesch.li	1
cyon GmbH	Stadtwerke Feldkirch	1
itexacloud.ch	hosttech GmbH	2
cyon GmbH	priminfo.li	1
ns14.net	flexbit.at	1
HiHo AG	GOOGLE	1
Webland AG	rieservice-dmaic.li	1
checkdomain.de	primesign.li	1
SupraNet AG	sev.li	1
CLOUDFLARENET	chiangmai.li	1
cage-dns.de	venue.li	1
Host Europe GmbH	terraoilswiss.li	1
magicline.ch	MICROSOFT-CORP-MSN-AS-BLOCK	1
Hetzner Online GmbH	gug.li	1
hoststar.hosting	ritsch.li	1
cyon GmbH	us-car.li	1
hoststar.hosting	rvogt.li	1
hoststar.hosting	anke.li	1
internic.at	vendoc.li	1
swizzonic.ch	knobloch.li	1
hoststar.hosting	studio-wohlwend.li	1
Webland AG	h-cockpit.li	1
hover.com	ZOHO Corporation B.V	1
hosting-power.ch	erfrischungstuch.li	1
buddyns.com	glass.li	1
infomaniak.com	0.244	2
sitewithme.com	fide.li	1
SECURITYSERVICES	tudbut.de	2
CLOUDFLARENET	bemte.li	1
CLOUDFLARENET	timm.li	1
timeweb.org	YANDEX LLC	1
cyon GmbH	lowal.li	1
METANET AG	ecommerce-fuer-kmu.li	1
ANEXIA Internetdienstleistungs GmbH	SECURITYSERVICES	3
Vautron Rechenzentrum AG	strafverteidiger.li	1
andreas-horvath.ch	lobsterweight.li	1
flokinet.net	hjt.li	1
IONOS SE	viforpharma.com	2
domain24.de	ssl24.li	1
cyon GmbH	tanzwerk.li	1
SupraNet AG	holzbauwerke.li	1
webkeeper.ch	management-counterparts.li	1
Hetzner Online GmbH	Infomaniak Network SA	4
METANET AG	termolac.li	1
ipcom GmbH	lavazzablue.li	1
newsdns.com	jstic.li	1
Webland AG	rikic.li	1
nodecc.com	kampfkunst.li	1
hosttech.ch	carclub.li	1
METANET AG	beten.li	1
knauss-domains.de	knauss-domains.de	1
awsdns-03.com	METANET AG	2
hoststar.hosting	dubischdra.li	1
METANET AG	ronja.li	1
cyon GmbH	findeeasy.li	1
Signet B.V.	teamblue.li	1
Datawire Ag	tri.li	1
Vautron Rechenzentrum AG	cosmetic-beauty.li	1
METANET AG	ruf.li	1
ipbx.li	ipbx.li	1
cyon GmbH	scuderi.li	1
gamereactor.dk	gamereactor.dk	1
yourhosting.eu	kort.li	1
ns14.net	omnigena-gmbh.li	1
Nessus GmbH	APPLE-ENGINEERING	1
GANDI SAS	phonesystems.net	1
awsdns-02.net	aqua.li	1
dns-123.net	serverpark.dk	1
EVANZO e-commerce GmbH	su-ji.li	1
Webland AG	rentabartender.li	1
fifthns.com	benders.li	1
wantech.de	secuborder.de	1
METANET AG	sozial.li	1
hoststar.hosting	bergfest.li	1
byethost15.org	oiv.li	1
cloudns.net	APPLE-ENGINEERING	1
swizzonic.ch	openwealth.li	1
cyon GmbH	deinezukunft.li	1
CLOUDFLARENET	mx.microsoft	2
Vautron Rechenzentrum AG	albanien.li	1
veridyen.com	elektrik.li	1
UNIFIEDLAYER-AS-1	usedcar.li	1
METANET AG	event-butler.li	1
energyhosting.at	energyfussl.at	1
CLOUDFLARENET	marcaria.com	2
YANDEX LLC	yandex.ru	2
Hetzner Online GmbH	online-moebel-kaufen.li	1
Net-Build GmbH	pminternational.li	1
AMAZON-02	Proton AG	2
Telecom Liechtenstein AG	hirundo.li	1
ch-inter.net	staubbeutel.li	1
Webland AG	fruechtebox.li	1
Host Europe GmbH	hype.li	1
pacta.li	pacta.li	1
netcup GmbH	schlapp.li	1
hosttech.ch	albisser.li	1
isp7.cc	domainservice.li	1
world4you.at	purfitness.li	1
awsdns-30.org	servermail.farm	1
CLOUDFLARENET	seltsam.org	1
ipcom GmbH	NorthC Deutschland GmbH	1
scoldns.com	nagish.li	1
pro.io	GOOGLE	8
checkdomain.de	dalag.li	1
METANET AG	inadorpa.li	1
Infomaniak Network SA	pfuender.li	1
CLOUDFLARENET	kiroshi.xyz	1
CLOUDFLARENET	swift.li	1
kramer-dns.de	swyft.li	1
Webland AG	pirates.li	1
apollonetworks.com	MICROSOFT-CORP-MSN-AS-BLOCK	2
netcup GmbH	krueger.li	1
Key-Systems GmbH	greensolar.li	1
fima-hosting.ch	uploader.li	1
SERVERSTACK-ASN	camdolls.li	1
gransy.com	regnames.li	1
cloudns.net	GOOGLE	3
dn-s.nl	isle.li	1
swissit.net	herzdoktor.li	1
DIGICERT	GOOGLE	2
IONOS SE	bpm-consulting.li	1
SECURITYSERVICES	GOOGLE-CLOUD-PLATFORM	2
Infomaniak Network SA	avus.li	1
METANET AG	qualatex.li	1
lws-hosting.net	mister-hosting.li	1
manufaktur.li	manufaktur.li	1
clouddns.ch	1solution.ch	1
virtualzone.eu	phoenix-arm.li	1
xundns.com	xblgxfc.com	5
hostserv.eu	refactor.li	1
Vautron Rechenzentrum AG	studiocosmetic.li	1
cyon GmbH	dev-null.li	1
hoststar.hosting	bafi.li	1
SupraNet AG	vermoegenszentrum.li	1
innov8.ch	innov8.ch	1
netcup GmbH	intertrans.li	1
hoststar.hosting	mem.li	1
UNIFIEDLAYER-AS-1	free.li	1
METANET AG	public-api.li	1
Host Europe GmbH	aregger.li	1
swizzonic.ch	OVH SAS	2
cyon GmbH	blumenkinder.li	1
Datawire Ag	berard.li	1
ackle.ch	ackle.li	1
METANET AG	trummer.li	1
DIGITALOCEAN-ASN	host1.be	1
hosttech.ch	pcbpiezotronics.li	1
firsthop.de	firstdedicated.li	1
Datawire Ag	comol.li	1
cyon GmbH	xovis.li	1
asurahosting.com	gsrgsr.li	1
pro.io	martucci.li	1
hoststar.hosting	nuess.li	1
alfahosting.info	indigus.li	1
hosttech.ch	hausrat.li	1
Vautron Rechenzentrum AG	permanentbeautycosmetic.li	1
hosttech GmbH	netmind.ch	4
hover.com	OVH SAS	1
Vautron Rechenzentrum AG	atelierpermanent.li	1
softserve.li	softserve.li	1
METANET AG	naturprodukte.li	1
asmallorange.com	eadr.li	1
awsdns-01.net	rivdom.li	1
hoststar.hosting	e-chance.li	1
Sunrise GmbH	network-corner.net	3
ch-inter.net	wick.li	1
pro.io	chriesihoger.li	1
hoststar.hosting	henzen.li	1
sanomacorp.fi	swelcom.fi	1
unaxus.net	s-a-c.li	1
myhost.ro	myhost.ro	1
dnspod.net	initbb.com	1
netcup GmbH	bookclub.li	1
CLOUDFLARENET	mojehobby.pl	1
sesamnet.ch	sesamnet.ch	1
joker.com	joker.com	7
GANDI SAS	lian.li	1
pro.io	bildungskonferenz.li	1
METANET AG	hoof-hub.li	1
METANET AG	humandesign.li	1
METANET AG	7up.li	1
CLOUDFLARENET	bitdefender.com	2
magicline.ch	gallowayranch.li	1
CLOUDFLARENET	retro.li	1
webmasters.at	webmasters.at	1
hover.com	MICROSOFT-CORP-MSN-AS-BLOCK	2
UNIFIEDLAYER-AS-1	mug.li	1
ch-inter.net	sauberestrinkwasser.li	1
TV-COM AG	firstmail.li	4
UNIFIEDLAYER-AS-1	railing.li	1
METANET AG	psychotherapie-vogt.li	1
Webland AG	russland.li	1
METANET AG	choerbliwasser.li	1
Sunrise GmbH	Sunrise GmbH	10
METANET AG	riedle.li	1
ch-inter.net	xn--mglich-machen-imb.li	1
UNIFIEDLAYER-AS-1	roofing.li	1
hover.com	Cloudflare London, LLC	1
AMAZON-02	weissewandplatte.li	1
Hetzner Online GmbH	SQUIXA PTY LIMITED	1
CLOUDFLARENET	1984.is	2
wwdh.hu	mailserver.hu	3
gransy.com	accolade.li	1
vmi.se	domainnetwork.net	1
hover.com	agario.li	1
hosttech.ch	eichenberger.li	1
UNIFIEDLAYER-AS-1	bohemia.li	1
pro.io	kaw.li	1
syrahost.com	jiaqi.li	1
hoststar.hosting	bruva.li	1
axelandre42.ovh	mailo.com	1
serverdns.ch	MICROSOFT-CORP-MSN-AS-BLOCK	1
webhostingireland.ie	ramona.li	1
world4you.at	die-arbeitsmediziner.li	1
markmonitor.com	olmetec.li	1
versanus.eu	bicik.li	1
pro.io	ewald.li	1
mediatemple.net	MICROSOFT-CORP-MSN-AS-BLOCK	2
register.it	GOOGLE	2
Host Europe GmbH	t01.li	1
METANET AG	mototrek.li	1
OVH SAS	ZOHO Corporation B.V	7
Webland AG	soreg-glide.li	1
cyon GmbH	falke.li	1
hausformat.net	MICROSOFT-CORP-MSN-AS-BLOCK	1
cloudns.net	wuki.li	1
CLOUDFLARENET	NTS workspace AG	1
ch-inter.net	sportschule.li	1
ipcom GmbH	magerquark.li	1
SECURITYSERVICES	nomad.li	1
cnibn.net	cnibn.net	2
netcup GmbH	tmail.li	1
Key-Systems GmbH	aquarino.li	1
wmwhosting.com	owic.li	1
Vautron Rechenzentrum AG	longtimemakeup.li	1
SECURITYSERVICES	skiff.com	1
a1.net	T-Mobile Austria GmbH	1
hoststar.hosting	youngface.li	1
world4you.at	gwc.li	1
netcup GmbH	matthias-dieckmann.li	1
pinklemon.ch	rechtundwirtschaft.li	1
dnservice.ch	kinesiology.li	1
ipcom GmbH	dwi.li	1
soltecsis.com	naturextra.li	1
prodns.de	mauerpol.li	1
xnameserver.de	bnwx.de	1
NSONE	Chinanet	4
rockit.ch	junkemailfilter.com	1
Newsnet AG	bwb.legal	3
Telecom Liechtenstein AG	mcg.li	1
METANET AG	grafs.li	1
Vautron Rechenzentrum AG	ki-anwalt.li	1
netcup GmbH	filo.li	1
GANDI SAS	toastbrot.li	1
noris network AG	holidaycheck.li	1
cyon GmbH	floyd.li	1
netcup GmbH	lewd.li	1
NUCDN	yudu.li	1
CLOUDFLARENET	kalabint.ch	1
netcup GmbH	maa.li	1
ch-inter.net	alexaritter.li	1
CLOUDFLARENET	1link.li	1
webquake.com	MICROSOFT-CORP-MSN-AS-BLOCK	1
ne.jp	syaoran.li	1
Key-Systems GmbH	flaconi.li	1
Vautron Rechenzentrum AG	holdings.li	1
awsdns-04.com	forwardmx.net	1
ipcom GmbH	lolchat.de	1
G-Core Labs S.A.	github.io	1
Vautron Rechenzentrum AG	dgstudio.li	1
OVH SAS	hio.li	1
Webland AG	fruitsfrais.li	1
Vautron Rechenzentrum AG	comgut.li	1
Telecom Liechtenstein AG	marzek.li	1
MICROSOFT-CORP-MSN-AS-BLOCK	schletter.li	1
CLOUDFLARENET	mxhichina.com	3
NUCDN	narcoticsanonymous.li	1
rhein-it.net	xn--messgerte-markt-6kb.li	1
cyon GmbH	vonvogelsang.li	1
Hetzner Online GmbH	rescuetrack.li	1
world4you.at	simplyprovider.li	1
systemdns.com	hostcenter.com	1
cyon GmbH	valbat.li	1
pro.io	the-hunter.li	1
hostserv.eu	webemail.li	3
ipcom GmbH	hansemerkur.de	1
into.ch	kuscheltier.li	1
O2switch SAS	tayo.li	1
Ledl.net GmbH	4bz.li	1
hoststar.hosting	dunja.li	1
hoststar.hosting	gesang.li	1
oriented.ch	insecor.li	1
cyon GmbH	proenergy.li	1
verges.ch	NovaTrend Services GmbH	1
ns14.net	lumas.li	1
hoststar.hosting	secureit.li	1
swizzonic.ch	volksbank.li	1
cyon GmbH	nemo-immobilien.li	1
METANET AG	wurscht.li	1
checkdomain.de	firstaddress.li	1
core-networks.com	mailkuh.de	1
Vautron Rechenzentrum AG	ultimate.li	1
hoonix.com	paranatura.li	1
SECURITYSERVICES	volvo.se	1
DNS-NET Services GmbH	xn--hs-fka.li	1
netcup GmbH	APPLE-ENGINEERING	4
cyon GmbH	werttransporter.li	1
GOOGLE	ScaleUp Technologies GmbH & Co. KG	2
cyon GmbH	Mittwald CM Service GmbH & Co. KG	1
AMAZON-02	alba.li	1
cream.nl	beautyplaza.li	1
cyon GmbH	ines.li	1
masterhost.ru	masterhost.ru	1
zierhut-networks.de	gutachten.li	1
world4you.at	boxroom.li	1
cyon GmbH	casanaut.li	1
ievolution.ch	nrdsa.li	1
netcup GmbH	seiffert.li	1
NUCDN	transalliance.li	1
Host Europe GmbH	dufresne.li	1
cyon GmbH	devadea.li	1
ipcom GmbH	Cloudflare London, LLC	1
ipcom GmbH	singular.de	1
alfahosting.info	smartcardshop24.li	1
IONOS SE	xlink.net	1
rigilan.ch	MICROSOFT-CORP-MSN-AS-BLOCK	1
CLOUDFLARENET	tagroup.li	1
hau.li	Fastmail Pty Ltd	1
pro.io	ultra-webhosting.de	1
METANET AG	micco.li	1
pro.io	pimme.li	1
hoststar.hosting	rsd.li	1
Vautron Rechenzentrum AG	pmustudio.li	1
CLOUDFLARENET	heretic.li	1
CLOUDFLARENET	times.li	1
UNIFIEDLAYER-AS-1	southoldtaxi.li	1
Nine Internet Solutions AG	Proton AG	1
hoststar.hosting	adtech.li	1
tizoo.com	israel.li	1
ns35.de	humanity.li	1
bomm.ch	laser-graphics.li	1
METANET AG	dob.li	1
netcon.at	niro-pool.li	1
Vautron Rechenzentrum AG	hhg.li	1
com2web.ch	bootsmotoren.li	1
netcup GmbH	3pgeo-west.li	1
VITAL-DNS	janka.li	1
cloudns.net	Tutao GmbH	1
Advania Island ehf	godisgood.li	1
Vautron Rechenzentrum AG	wirtschaftsberater.li	1
checkdomain.de	vonpollrealestate.li	1
Domain names registrar REG.RU, Ltd	bspholding.li	1
cyon GmbH	pietro.li	1
pro.io	peternutt.li	1
netcup GmbH	hoyoverse.li	1
NetActuate, Inc	inscomers.net	1
NovaTrend Services GmbH	kevin.li	1
NSONE	brad.li	1
GANDI SAS	dawwar.li	1
unaxus.net	meisterprozesse.li	1
cyon GmbH	perla.li	1
METANET AG	sparschwein.li	1
oneict.ch	hosttech GmbH	1
cyon GmbH	garmin.li	1
hoststar.hosting	lighthouse.li	1
wwdh.hu	sas.hu	1
Russmedia IT GmbH	filterexpress.li	1
CLOUDFLARENET	1000plus.li	1
METANET AG	schelker.li	1
wannafind.dk	sproutworld.li	1
netcup GmbH	justus.li	1
UNIFIEDLAYER-AS-1	wineries.li	1
Host Europe GmbH	michaelheck.li	1
UNIFIEDLAYER-AS-1	apartments.li	1
dtone.ovh	divteam.li	1
cyon GmbH	dreier.li	1
inoweb.ch	OVH SAS	1
SupraNet AG	wuwei.li	1
checkdomain.de	welovewater.li	1
world4you.at	deinzeitraum.li	1
CLOUDFLARENET	trabzon.li	1
checkdomain.de	qwiz.li	1
hoststar.hosting	autoentsorgen.li	1
ria.ch	bone-axe.li	1
internex.at	manges.li	1
nethinks.com	nethinks.com	1
cloud86.nl	zeiler.li	1
METANET AG	ayursana.li	1
netcup GmbH	monkeycode.li	1
netcup GmbH	assmus.li	1
checkdomain.de	uvensys GmbH	2
hoststar.hosting	tabita.li	1
synch.hu	alexania.li	1
easterhop.li	easterhop.li	1
ipcom GmbH	znam.li	1
ns14.net	bette.de	1
ipcom GmbH	kikocosmetics.li	1
systemdns.com	hostedemail.com	4
sunsus.net	sunsus.li	1
heinopeters.de	heinopeters.de	1
ignum.com	icewarp.li	1
pro.io	solarplant.li	1
cyon GmbH	rakete.li	1
cyon GmbH	styner.li	1
CLOUDFLARENET	tourismus.li	1
UNIFIEDLAYER-AS-1	chiropractor.li	1
Host Europe GmbH	eddi.li	1
cyon GmbH	ZOHO-AS	1
pro.io	Hetzner Online GmbH	4
AMAZON-02	pcpartner.com	1
Vautron Rechenzentrum AG	studiopmu.li	1
Hetzner Online GmbH	uniboard.li	1
METANET AG	marwell.li	1
monsterserver.de	nitrado.net	2
Hetzner Online GmbH	rmm.li	1
nameshield.net	atomic.li	1
alfahosting.info	server-home.org	1
sitebytes.nl	monica.li	1
checkdomain.de	neurosono.li	1
yoursite.ch	yoursite.ch	1
SupraNet AG	biogas.li	1
supremedns.com	supremebox.com	3
Hetzner Online GmbH	raiba.li	1
pixel-ahoi.net	wellnesspools.li	1
CLOUDFLARENET	ideas.li	1
AMAZON-02	anarka.li	1
UNIFIEDLAYER-AS-1	daycare.li	1
Advania Island ehf	Proton AG	1
nameserver.center	innovaict.li	1
Ledl.net GmbH	econoteam.li	1
hoststar.hosting	silvertape.li	1
GOOGLE	gesundheitspraxis.li	1
METANET AG	giva.li	1
ns35.de	dj-rob.li	1
cyon GmbH	spamchek.net	1
domainers.de	ibeekeeper.li	1
world4you.at	xn--hsch-5qa.li	1
METANET AG	lib.li	1
artwork.li	AS-VULTR	1
netcup GmbH	cdu.li	1
CLOUDFLARENET	serv00.com	3
SECURITYSERVICES	ziming.li	1
checkdomain.de	xn--hr-fka.li	1
joker.com	ice.li	1
interway.ch	gutierrez.li	1
Vautron Rechenzentrum AG	liana.li	1
ANEXIA Internetdienstleistungs GmbH	GOOGLE	5
NUCDN	smartfoto.li	1
edvimnorden.de	emailzentrum.com	1
cyon GmbH	gtec.li	1
netim.net	uella.li	1
dogado GmbH	GOOGLE	3
Newsnet AG	Eurofiber France SAS	2
afraid.org	off.li	1
checkdomain.de	kick.li	1
netcup GmbH	morsch.li	1
METANET AG	seelenglueck.li	1
hosttech.at	interactive.li	2
CLOUDFLARENET	woo.li	1
METANET AG	fazio.li	1
HURRICANE	riiengineering.ch	1
cyon GmbH	drehart.li	1
Webland AG	schoen.li	1
METANET AG	zweim.li	1
domain-hosting.name	wulf.li	1
cyon GmbH	trash.li	1
cyon GmbH	walkinginyourshoes.li	1
nambu.ch	Nine Internet Solutions AG	1
hover.com	intellisoftalpin.li	1
Webland AG	vosswinkel.li	1
Cloud DNS Ltd	gantengroup.com	4
METANET AG	lustmap.li	1
METANET AG	barrierefrei.li	1
dns.com	ename.net	1
ipcom GmbH	green2heat.li	1
namecity.com	GOOGLE	1
gmxnet.de	IONOS SE	1
cyon GmbH	oasc.li	1
Hetzner Online GmbH	bockmuehl.li	1
One.com A/S	profihost.li	1
Webland AG	rampone.li	1
hosttech.ch	hebamme.li	1
checkdomain.de	bootshaus.li	1
Vautron Rechenzentrum AG	finanzberater.li	1
nameserver.center	keops.li	1
netjust.com	Safenames Ltd.	2
jkry.org	jkry.org	1
cloudfor.ch	cloudfor.ch	1
Signet B.V.	milos.li	1
hoststar.hosting	fall.li	1
AMAZON-02	pphosted.com	1
cyon GmbH	lunch-card.li	1
METANET AG	web-lab.li	1
dns-zonen.ch	promedias.li	1
dnspod.net	z.codes	1
ch-inter.net	kinderhaus.li	1
shade.li	shade.sh	1
METANET AG	deko.li	1
AUTOMATTIC	Hostpoint AG	3
SupraNet AG	alteritas.li	1
Signet B.V.	tvi.li	1
cyon GmbH	maytec.li	1
cyon GmbH	suarez.li	1
awsdns-14.net	partnersgroup.com	1
netcup GmbH	uvensys GmbH	5
Host Europe GmbH	lamalobsang.li	1
fastdns24.com	tasty.li	1
Webland AG	easyvote.li	1
Webland AG	erb.li	1
METANET AG	limmo.li	1
UNIFIEDLAYER-AS-1	mortgages.li	1
checkdomain.de	protecto.li	1
Webland AG	giraffe.li	1
Host Europe GmbH	lucentreports.com	1
cyon GmbH	momu.li	1
CLOUDFLARENET	prx.li	1
ipcom GmbH	shamim.ngo	1
METANET AG	med-massage.li	1
hosttech.ch	adretis.li	1
hosttech.at	MICROSOFT-CORP-MSN-AS-BLOCK	1
world4you.at	gesundheitsmanagement.li	1
telekom.at	MICROSOFT-CORP-MSN-AS-BLOCK	2
hoststar.hosting	michaelmueller.li	1
argus.li	cool365.li	1
Hangzhou Alibaba Advertising Co.,Ltd.	GOOGLE	2
lh.pl	lh.pl	6
TelemaxX Telekommunikation GmbH	1572.li	1
koller.li	MICROSOFT-CORP-MSN-AS-BLOCK	2
esdns.net	MICROSOFT-CORP-MSN-AS-BLOCK	1
Hetzner Online GmbH	bigmbh.de	1
METANET AG	wohnenimalter.li	1
webinformatik.ch	frauenfelder.li	1
cyon GmbH	seeds-to-go.li	1
ipcom GmbH	klipsoft.li	1
interway.ch	xn--bodenbelge-x5a.li	1
checkdomain.de	MICROSOFT-CORP-MSN-AS-BLOCK	6
Webland AG	mana.li	1
METANET AG	futuro.li	1
AMAZON-02	miradryme.li	1
Webland AG	pjn.li	1
METANET AG	kartenglueck.li	1
NUCDN	silverlinetoolsonline.li	1
sascha-meyer-online.de	sascha-meyer-online.de	2
hoststar.hosting	luftreiniger.li	1
cloudns.net	Chinanet	1
OVH SAS	karaoke.li	1
Host Europe GmbH	angst.li	1
METANET AG	thoughts.li	1
Host Europe GmbH	eurocontrast.li	1
cyon GmbH	arina.li	1
any.zone	any.zone	1
GOOGLE	Mittwald CM Service GmbH & Co. KG	1
CLOUDFLARENET	danscomp.net	1
Webland AG	itworks.li	1
Host Europe GmbH	vergleich-auch-du.li	1
org.uk	eco.li	1
cyon GmbH	drenpa.li	1
Vautron Rechenzentrum AG	cosmeticshop.li	1
METANET AG	decordent.li	1
kuhlma-it.de	mel-rent.li	1
sikom.ch	MICROSOFT-CORP-MSN-AS-BLOCK	1
Key-Systems GmbH	haswing.li	1
netcup GmbH	searx.li	1
Vautron Rechenzentrum AG	danielagrob.li	1
cyon GmbH	brother.li	1
cyon GmbH	krasniqi.li	1
OVH SAS	e-bottles.li	1
Telecom Liechtenstein AG	cybercheck.li	1
hoststar.hosting	creuzburg.li	1
CLOUDFLARENET	nebu.land	1
METANET AG	presse.li	1
METANET AG	plattform.li	1
CLOUDFLARENET	meltology.li	1
awsdns-01.org	MICROSOFT-CORP-MSN-AS-BLOCK	1
wpxhosting.com	yds.li	1
Telecom Liechtenstein AG	eurobanglafoundation.li	1
hoststar.hosting	wiese.li	1
AMAZON-02	human-resources.li	1
hoststar.hosting	lxr.li	1
world4you.at	wedo.li	1
METANET AG	bettmeralp.li	1
netcup GmbH	backs.li	1
hoststar.hosting	hygienezertifizierung.li	1
toscom.at	ifo.net	1
CLOUDFLARENET	adioncloud.eu	1
netcup GmbH	cil.li	1
world4you.at	knechtauto.li	1
marchesi.li	marchesi.li	1
swizzonic.ch	neoviva.li	1
cnh.at	signa.at	2
cyon GmbH	bewasys.li	1
METANET AG	wasserwehr.li	1
schulzmedia.li	schulzmedia.li	1
METANET AG	praline.li	1
Webland AG	kader.li	1
fatcow.com	m-q.li	1
Vautron Rechenzentrum AG	cgh.li	1
AMAZON-02	gaia.li	1
ns35.de	woc.li	1
Webland AG	winningmatch.li	1
dogado GmbH	Proton AG	2
hoststar.hosting	greeks.li	1
METANET AG	allrounder.li	1
d-solutions.ch	receparda.li	1
hosttech.ch	hostserv.eu	1
Webland AG	oehm.li	1
Infomaniak Network SA	lkw.li	1
Webland AG	advantics.li	1
vtspace.ch	webspace24.li	1
NUCDN	india.li	1
METANET AG	vespasian.li	1
cloudns.net	MICROSOFT-CORP-MSN-AS-BLOCK	4
c42.at	l-a.li	1
METANET AG	deroptiker.li	1
Webland AG	poolparty.li	1
poole.ch	osm.ch	1
pixelx.de	msp-concept.de	1
multiserve.nl	jip.li	1
netcup GmbH	pastatech.eu	1
UNIFIEDLAYER-AS-1	westburytaxi.li	1
cloudns.net	kaz.me	1
ipcom GmbH	bs-wit.de	1
Vautron Rechenzentrum AG	studiodg.li	1
Vautron Rechenzentrum AG	anleger.li	1
Telecom Liechtenstein AG	ccl-it.li	1
dnspod.net	dnse3.com	1
ZONER a.s.	omadeg.cz	1
joker.com	IONOS SE	1
CLOUDFLARENET	dmn.li	1
Host Europe GmbH	arsmtp.com	1
PlusServer GmbH	tmt.at	1
ipcom GmbH	samina.at	2
UNIFIEDLAYER-AS-1	storage.li	1
dntrust.com	deposico.li	1
AMAZON-02	fragrancenet.li	1
internet1.de	tage.li	1
mietpark.li	mietpark.li	1
Vautron Rechenzentrum AG	wertschutzraum.li	1
ipcom GmbH	pentagrid.ch	1
world4you.at	edelstein.li	1
fl-dns.net	fl-dns.net	6
Webland AG	spiceacademy.li	1
GANDI SAS	telo.li	1
Akamai International B.V.	unicredit.it	1
iok.net	heroal.de	1
hoststar.hosting	buch.li	1
Webland AG	bal.li	1
namemaster.de	ripp.li	1
dnsexit.com	GOOGLE	2
checkdomain.de	heycredit.li	1
hosttech.ch	Cloudflare London, LLC	1
net.pl	rpf.li	1
ipcom GmbH	lott.li	1
cyon GmbH	wdo.li	1
netcup GmbH	ssss.li	1
OVH SAS	caso.li	1
cyon GmbH	buildingpoint.li	1
netcup GmbH	hiestand.li	1
EVANZO e-commerce GmbH	ozan.li	1
netcup GmbH	jens.li	1
hoststar.hosting	marxer-ag.li	1
cyberplex.at	stn.at	1
nameserver.center	cftb.li	1
azure.com	marxerlaw.li	1
METANET AG	brocker.li	1
globalnet.ch	docking.li	1
pro.io	girod.li	1
NSONE	sprungfeder.li	1
world4you.at	METANET AG	1
CLOUDFLARENET	Nessus GmbH	3
Webland AG	arsuisse.li	1
firmengeschenk.li	firmengeschenk.li	1
webkeeper.ch	rebag.li	1
hosttech.ch	sff.li	1
Webland AG	conte.li	1
METANET AG	pearlstyle.li	1
cyon GmbH	inlineskating.li	1
cyon GmbH	theboss.li	1
Vautron Rechenzentrum AG	Heinlein-Support GmbH	1
netcup GmbH	anc.li	1
linthcom.ch	911.li	1
im.it	hrnz.li	1
UNIFIEDLAYER-AS-1	limo.li	1
GOOGLE	SupraNet AG	2
ch-inter.net	mac-web.ch	1
SupraNet AG	aac.li	1
hotdomains2.at	leihpersonal.li	1
checkdomain.de	edf.li	1
Vautron Rechenzentrum AG	permanentbeautykosmetik.li	1
Deutsche Telekom AG	hedrich.li	2
interway.ch	soulmove.li	1
CLOUDFLARENET	healthyway.li	1
world4you.at	modulpool.li	1
swizzonic.ch	kuenzle.li	1
UNIFIEDLAYER-AS-1	organic.li	1
CLOUDFLARENET	weijia.li	1
METANET AG	backwerkstatt.li	1
Vautron Rechenzentrum AG	beautyatelierpermanent.li	1
Vautron Rechenzentrum AG	cosmetics.li	1
Groupe LWS SARL	urlz.li	1
reto.nl	reto.nl	1
NUCDN	poker-777.li	1
iptwins.com	te-dns.net	6
citrin.ch	citrin.ch	2
webkeeper.ch	perveno.li	1
netwerkdns.at	Mittwald CM Service GmbH & Co. KG	1
nazwa.pl	intersleep.li	1
inware.ch	infrarotsauna.li	1
cyon GmbH	alltagswissen.li	1
METANET AG	hochformat.li	1
METANET AG	mcw.li	1
linux-werkstatt.net	linuxwerkstatt.net	1
Key-Systems GmbH	wihel.li	1
ipcom GmbH	dr-lotz.de	1
ns14.net	rn-personalagentur.li	1
METANET AG	findings.li	1
Vautron Rechenzentrum AG	cosmeticpermanent.li	1
world4you.at	expertenhelfen.li	1
hoststar.hosting	vatertag.li	1
UNIFIEDLAYER-AS-1	pets.li	1
METANET AG	wbgs.li	1
bnc.info	cabintern.de	3
Webland AG	casapedia.li	1
AMAZON-02	familyoffice-academy.li	1
cyon GmbH	l-press.li	1
infomaniak.com	QUICKPACKET	1
ns35.de	werben.li	1
pyxis.ch	pyxis.ch	1
UNIFIEDLAYER-AS-1	attorney.li	1
netcup GmbH	antifa.li	1
METANET AG	dettling.li	1
UNIFIEDLAYER-AS-1	antiques.li	1
businessintelligence.li	businessintelligence.li	1
nameshield.net	saintgobain.li	1
Hetzner Online GmbH	lobster.li	1
Safenames Ltd.	affutd.li	1
skyte.ch	MICROSOFT-CORP-MSN-AS-BLOCK	1
CLOUDFLARENET	parodontologie.li	1
hostpapa.com	fitsch.li	1
hoststar.hosting	malerei.li	1
Vautron Rechenzentrum AG	beautepermanent.li	1
world4you.at	singleresort.li	1
xdnspro.de	23M GmbH	1
rigilan.ch	rigimail.ch	3
swizzonic.ch	masoala.li	1
wix.com	Iway AG	1
GOOGLE	psychotherapie.li	1
hoststar.hosting	rumpold.li	1
senseLAN GmbH	heeb.li	1
Webland AG	chan.li	1
AMAZON-02	dreambingo.li	1
net.pl	lact.li	1
Hostpoint AG	tupf.li	1
robiz-hosting.nl	bezorg.li	1
proisp.no	One.com A/S	2
NetActuate, Inc	Proton AG	3
hosttech.ch	muhhh.li	1
Vautron Rechenzentrum AG	viocom.de	1
hosttech.ch	hosttech.li	1
cyon GmbH	restposten.li	1
cyon GmbH	diebraunis.li	1
hoststar.hosting	domi.li	1
glbns.com	microware.hu	2
netcup GmbH	immocastello.li	1
DinaHosting S.L.	kde.li	1
checkdomain.de	neckermann.li	1
ch-inter.net	haller.li	1
hoststar.hosting	erfolgskurs.li	1
netcup GmbH	darmstadt.li	1
Webland AG	xxllimo.li	1
CLOUDFLARENET	soche.li	1
ch-inter.net	bitcoin-akzeptanzstellen.li	1
Host Europe GmbH	terraoil.li	1
hostico.ro	wubi.li	1
swizzonic.ch	vip-beratung.li	1
PLANETHOSTER-8	vr2.li	1
cyon GmbH	wst.li	1
world4you.at	hundefutter-vital.li	1
ports.se	nmu.nu	1
cyon GmbH	immobiliensuche.li	1
ch-inter.net	xn--frher-oder-spter-7nb43b.li	1
UNIFIEDLAYER-AS-1	host.li	1
gcdata.at	computercamp.li	1
contabo.net	rha.li	1
METANET AG	troubleshooter.li	1
itdsi.net	dsi.li	1
METANET AG	beiz.li	1
irondns.net	MICROSOFT-CORP-MSN-AS-BLOCK	1
com.br	kinghost.net	1
hoststar.hosting	schrag.li	1
interway.ch	holzbau.li	1
GOOGLE	cyon.net	3
ch-inter.net	llp.li	1
gossweiler.li	MICROSOFT-CORP-MSN-AS-BLOCK	1
supportedns.com	unt.li	1
webmanagement.at	liveforeveryoung.li	1
GANDI SAS	ekteb.li	1
netcup GmbH	yangqian.li	1
cyon GmbH	horny.li	1
checkdomain.de	soskinderdoerfer.li	1
NUCDN	dolzer.li	1
checkdomain.de	fetra.li	1
globonet.ch	villen.li	1
world4you.at	autofiles.li	1
swizzonic.ch	llb.li	3
PlusServer GmbH	bewegung.li	1
AMAZON-02	biocryst.li	1
Datawire Ag	wth.li	1
SOFTLAYER	odyssey.li	1
aversus.com	stefanel.li	1
METANET AG	medien.li	1
METANET AG	portmann.li	1
internex.at	dominatorworld.li	1
seabix.ch	seabix.cloud	1
cyon GmbH	beratungen.li	1
cyon GmbH	pfaff.li	1
SupraNet AG	negele.li	1
Key-Systems GmbH	x2-games.li	1
cyon GmbH	hachen.li	1
netcup GmbH	apa.li	1
world4you.at	poellmann.li	1
CONFLUENCE-NETWORK-INC	~	6
world4you.at	clsh.li	1
AMAZON-02	orpheus.li	1
Vautron Rechenzentrum AG	ateliercosmetics.li	1
inware.ch	pmpt.li	1
libersec.li	libersec.li	2
infomaniak.com	tschutta.li	1
ns14.net	automobile.li	1
SupraNet AG	mineralheilbad.li	1
grove.de	klingspor.de	1
SECURITYSERVICES	outlook.cn	1
epag.net	rdts.de	1
systemhaus-ehst.de	systemhaus-ehst.de	1
hoststar.hosting	chriba.li	1
Key-Systems GmbH	marxerarchitekten.li	1
hoststar.hosting	gioia.li	1
CLOUDFLARENET	hostinger.mx	1
idealizer.ch	flohmarkt24.li	1
Datasource AG	MICROSOFT-CORP-MSN-AS-BLOCK	1
alastyr.com	alastyr.com	1
unicope.net	MICROSOFT-CORP-MSN-AS-BLOCK	1
UNIFIEDLAYER-AS-1	portwashington.li	1
domserver.de	alcor.li	1
mail.ru	LLC VK	1
netcup GmbH	koess.li	1
Hostpoint AG	creasoft.li	4
arcor-ip.de	gigaton.de	1
Webland AG	fretuspro.li	1
qhoster.net	websitehosting.li	1
dorob.de	xswcd.li	1
hoststar.hosting	cesaro.li	1
cyon GmbH	deinboot.li	1
Vautron Rechenzentrum AG	beauty-cosmetic.li	1
METANET AG	expert-hub.li	1
managed-ip.com	boer.li	1
AMAZON-02	grandx.li	1
hoststar.hosting	irina.li	1
wedos.com	wedos.net	1
MDNET	QUICKPACKET	1
virtualtec.ch	Virtualtec Solutions AG	2
hoststar.hosting	nerd-nexus.li	1
webseitenspeicher.de	hauzn.li	1
deine-domain.net	deine-domain.net	1
Hostpoint AG	synology.me	2
METANET AG	ahorn.li	1
dtservers.net	Fastmail Pty Ltd	1
hoststar.hosting	naturfriseur.li	1
MICROSOFT-CORP-MSN-AS-BLOCK	geocentrale.com	2
hostingspeed.net	myfamily.li	1
doedns.de	dex.email	3
hoststar.hosting	kite24.li	1
GANDI SAS	AMAZON-02	1
hostcenter.li	signaletik.li	1
UNIFIEDLAYER-AS-1	smithtown.li	1
MICROSOFT-CORP-MSN-AS-BLOCK	beton.li	1
swissworld.com	swissworld.com	1
METANET AG	castellum.li	1
hawkhost.com	michaelg.li	1
lexo.ch	lexo.li	1
DIGICERT	ellos.li	1
EVANZO e-commerce GmbH	doilabs.li	1
UNIFIEDLAYER-AS-1	bayshore.li	1
SECURITYSERVICES	dermalogica.li	1
pro.io	bruelhart.li	1
GANDI SAS	Blix Solutions AS	1
hoststar.hosting	maira.li	1
METANET AG	englischkurse.li	1
CLOUDFLARENET	ten-europe.li	1
Hetzner Online GmbH	drums.li	1
Hetzner Online GmbH	neutrum.li	1
Host Europe GmbH	comiccombo.li	1
darbinda.com	mailbinda.com	1
ipower.com	greenflame.li	1
hoststar.hosting	seppli.li	1
hoststar.hosting	autoentsorgung.li	1
Ledl.net GmbH	kathan.li	1
SupraNet AG	zav.li	1
hosttech.ch	muege.li	1
Webland AG	eiki.li	1
world4you.at	kautz.li	1
netcup GmbH	liveyourbest.li	1
cyon GmbH	portraitfotografie.li	1
CLOUDFLARENET	ppe-hosted.com	2
ports.se	unilabs.li	1
Telecom Liechtenstein AG	aesculapio.li	1
cyon GmbH	ecb.li	1
CLOUDFLARENET	joni.li	1
hoststar.hosting	kronenberg.li	1
kesako.ch	tko.li	1
METANET AG	hiaseg.li	1
ch-inter.net	linedance.li	1
cyon GmbH	camaleon.li	1
world4you.at	diamanten.li	1
Key-Systems GmbH	mahr-edv.li	1
netcup GmbH	lippke.li	1
alfahosting.info	ppmc-analytics.li	1
world4you.at	people.li	1
ipcom GmbH	gws.li	1
hoststar.hosting	turtle.li	1
cyon GmbH	batz.li	1
hosttech.ch	ebiasi.li	1
checkdomain.de	starkmachen.li	1
interway.ch	dr-nek-cosmetics.li	1
gzo.com	rize.li	1
murauer-it.at	eggert.li	1
ipcom GmbH	gwk.li	1
hoststar.hosting	stingelin.li	1
pro.io	ZOHO Corporation B.V	1
ns14.net	ccn.li	1
hoststar.hosting	ugur.li	1
UNIFIEDLAYER-AS-1	advertising.li	1
hoststar.hosting	r3-baumanagement.li	1
CLDIN B.V.	yourfilter.nl	4
dns-engine.com	GOOGLE	1
b-it.com	b-it.com	2
CLOUDFLARENET	wez.li	1
Webland AG	aktienregister.li	1
cyon GmbH	no-ki.li	1
awsdns-02.com	merrell.com	1
Host Europe GmbH	web.li	1
netcup GmbH	correct.li	1
com.br	wpp.li	1
neuroth.com	MICROSOFT-CORP-MSN-AS-BLOCK	1
opns.de	lasertechnik.li	1
UNIFIEDLAYER-AS-1	openhouse.li	1
SECURITYSERVICES	GANDI SAS	2
dns-zonen.ch	OVH SAS	2
alwaysdata.com	alwaysdata.com	4
cyon GmbH	kerngesund.li	1
ipcom GmbH	greentoheat.li	1
iAdvantage Limited	xine.li	1
hoststar.hosting	volkshaus.li	1
cyon GmbH	gerke.li	1
metro-ag.com	metro.info	1
aspone.cz	forpsi.com	1
Ledl.net GmbH	bilderlust.li	1
cyon GmbH	liestal.li	1
cyon GmbH	watsch.li	1
hostingpalvelu.fi	hostingpalvelu.fi	1
dnspod.net	ZOHO-AS	2
netcup GmbH	alpers.li	1
pro.io	fitnessbonus.li	1
GOOGLE	Host Europe GmbH	1
exigo.ch	Eurofiber France SAS	1
empirion.at	sil.at	1
CLOUDFLARENET	qwertyit.net	1
netcup GmbH	hintermeier.org	1
hosttech.ch	temper.li	1
dnsservice.ch	fontana.li	1
ch-inter.net	nicoletti.li	1
cyon GmbH	aufgestellt.li	1
AMAZON-02	aie.li	1
NUCDN	eastconsult.li	1
domainkunden.de	hostedoffice.ag	3
PlusServer GmbH	MICROSOFT-CORP-MSN-AS-BLOCK	2
hostserv.eu	itram.li	1
netcup GmbH	qvq.li	1
swizzonic.ch	solarstand.li	1
sylon.net	sylon.net	4
hosteurope.de	stoer.li	1
amenworld.com	securemail.pro	2
METANET AG	freediver.li	1
CLOUDFLARENET	lililil.li	1
CLOUDFLARENET	0x0.pl	1
hoststar.hosting	li-life web + it establishment	1
Zone Media OU	zonemx.eu	2
Webland AG	flameguard.li	1
world4you.at	aigner.li	1
invoca.ch	invoca.ch	1
Webland AG	switzerlandar.li	1
ns14.net	romans.li	1
VTX Services SA	weth.li	1
pro.io	fant.li	1
ipgo.eu	mobexpert.li	1
METANET AG	junker.li	1
huaweicloud-dns.cn	qdz1.top	1
SupraNet AG	skc.li	1
host.ch	exentrix.li	1
kpn.net	kpnwinkel.li	1
pontius.at	klingenberg-group.li	1
austrogate.net	austrogate.net	2
netcup GmbH	ircnet.li	1
Webland AG	numerologie-cheiro.li	1
virtualhosts.de	medienpalast.de	1
hoststar.hosting	burch.li	1
phpwebhosting.com	jala.li	1
CLOUDFLARENET	SECURITYSERVICES	2
awsdns-06.org	GOOGLE	2
netio.cz	lufthansa.li	1
ch-inter.net	strichpunkt.li	1
Neue Medien Muennich GmbH	GOOGLE	6
hostcenter.li	MICROSOFT-CORP-MSN-AS-BLOCK	1
cyon GmbH	marcello.li	1
hostweb.de	coffeeworld.li	1
hoststar.hosting	silverlining.li	1
cyon GmbH	vintagedays.li	1
METANET AG	spielmann.li	1
linqhost.eu	xitemusic.li	1
cyon GmbH	soom.li	1
hostprofis.com	xn--knigsleiten-rfb.li	1
donau-it.de	meni.li	1
Telecom Liechtenstein AG	nb-coaching.li	1
sadns.ch	sait.li	1
4host.ch	giuliani.li	1
bits-n.net	bits-n.net	1
swissit.net	koronarangiographie.li	1
CLOUDFLARENET	stableserver.net	1
regfish GmbH	iocl.org	1
Hetzner Online GmbH	auer-packaging.com	1
AMAZON-02	bakercorp.li	1
hostingbolivia.info	growingcloud.li	1
Webland AG	filmproduction.li	1
NUCDN	heimdalsecurity.com	1
Hetzner Online GmbH	liiv.li	1
cyon GmbH	zeisch.li	1
cyon GmbH	gaehler.li	1
huberinformatik.ch	24-seven.li	1
colordns.de	syr.li	1
world4you.at	giwa.li	1
HURRICANE	inet.li	1
Vautron Rechenzentrum AG	dg-cosmetic.li	1
CLOUDFLARENET	bgn.li	1
NUCDN	lavasoft.li	1
AMAZON-02	dukascoin.li	1
METANET AG	dasco.li	1
NUCDN	volagratis.li	1
SupraNet AG	simplythai.li	1
hoststar.hosting	zaimi.li	1
CLOUDFLARENET	msz.li	1
Host Europe GmbH	goldnerz.li	1
hoststar.hosting	shmassage.li	1
UNIFIEDLAYER-AS-1	pretty.li	1
Newsnet AG	coin-invest.li	6
itzug.ch	labemi.net	1
hosttech.ch	llz.li	1
hoststar.hosting	waldorfschule.li	1
Vautron Rechenzentrum AG	cosmetic-atelier.li	1
netcup GmbH	tyo.li	1
internet1.de	autoland.li	1
co.uk	computermuseum.li	1
ips.ch	consida.li	1
hoststar.hosting	waibe.li	1
curaden-hosting.ch	curaden-hosting.ch	1
Webland AG	energy-balancing.li	1
cyon GmbH	rottmann.li	1
world4you.at	zupa.li	1
METANET AG	abgottspon.li	1
raxhosting.com	prognoza.li	1
cyon GmbH	webaward.li	1
server-routing.com	recoilbuster.li	1
netcup GmbH	gutschein.li	1
mijndnsserver.nl	barracudanetworks.com	1
pro.io	elmer.li	1
netcup GmbH	zaeb.li	1
AMAZON-02	fpmarkets.li	1
checkdomain.de	vonpoll.li	1
netcup GmbH	hilberath.li	1
rhx.info	rhx.it	1
hosttech.ch	worldnomad.li	1
Host Europe GmbH	tga.li	1
ch-inter.net	koala.li	1
NovaTrend Services GmbH	dominik.li	1
edns.de	ehotel.de	1
cyon GmbH	Datacamp Limited	1
senseLAN GmbH	krypton.ch	2
SECURITYSERVICES	whpservers.com	1
cyon GmbH	modula.li	1
GOOGLE	hosteurope.de	1
hostcreators.sk	hostcreators.sk	1
hostix.de	hostix.li	1
Akamai Connected Cloud	opalstack.com	4
drjan.ch	haens.li	1
Vautron Rechenzentrum AG	artist.li	1
Host Europe GmbH	flammex.li	1
hosttech.ch	sitp.li	1
work.de	otto-office.net	2
Vautron Rechenzentrum AG	sazan.li	1
SupraNet AG	herberstein.li	1
comtrance.de	paclease.li	1
OVH SAS	ole.li	1
DIGICERT	MICROSOFT-CORP-MSN-AS-BLOCK	5
joker.com	Fastmail Pty Ltd	1
hosttech.ch	permadry.li	1
UNIFIEDLAYER-AS-1	jonesbeach.li	1
hoststar.hosting	curabis.li	1
tizoo.com	vernon.li	1
CLOUDFLARENET	changzhi.li	1
ZONER a.s.	zoner.com	2
METANET AG	sef.li	1
netcup GmbH	kuschke.li	1
digitag.ch	parkuhr.li	1
UNIFIEDLAYER-AS-1	mom.li	1
nameserver.center	fussmatte.li	1
CLOUDFLARENET	simply.com	1
METANET AG	bdsm.li	1
CLOUDFLARENET	stroehle.at	1
hotdomains1.at	evolution-revolution.li	1
AMAZON-02	ahu.li	1
SupraNet AG	supra.li	1
websupport.hu	websupport.hu	1
METANET AG	grundeinkommen.li	1
METANET AG	zak.li	1
netcon.at	niropool.li	1
Hetzner Online GmbH	philasmicos.li	1
pro.io	grenzpaket.li	1
cyon GmbH	katholisch.li	1
itdev.ch	favaro.li	1
world4you.at	chconsulting.li	1
METANET AG	linas.li	1
swizzonic.ch	comed.ch	1
Host Europe GmbH	syb.li	1
METANET AG	manuela.li	1
Webland AG	stolzmonat.li	1
swissit.net	tca.li	1
ANEXIA Internetdienstleistungs GmbH	ravoire.li	1
arandomserver.com	viral.li	1
itexacloud.ch	MICROSOFT-CORP-MSN-AS-BLOCK	1
cyon GmbH	geldtransporter.li	1
iwantmyname.net	pixelx.cloud	1
GANDI SAS	kiz.li	1
UNIFIEDLAYER-AS-1	levittowntaxi.li	1
BUNNYWAY, informacijske storitve d.o.o.	GOOGLE	1
a1.net	aon.at	1
as8758.net	Iway AG	3
xelon.ch	motto.li	1
greenwebspace.net	MICROSOFT-CORP-MSN-AS-BLOCK	1
AS-VULTR	nakato.li	1
paradox.li	paradox.li	1
Webland AG	hipguard.li	1
hoststar.hosting	compactus.li	1
infomaniak.com	causa.li	1
hostprofis.com	vutamin.li	1
SupraNet AG	securemail.li	3
host.ch	sagen.li	1
hoststar.hosting	boffi.li	1
cyon GmbH	northernlightscampers.li	1
ipcom GmbH	ikm.li	1
CLOUDFLARENET	tryninja.io	1
Infomaniak Network SA	ZOHO-AS	2
internex.at	crowly.li	1
hoststar.hosting	canyon.li	1
cyon GmbH	boskoop.li	1
UNIFIEDLAYER-AS-1	deli.li	1
ivenue.com	promos.li	1
cryptix.net	cryptix.net	1
AMAZON-02	clickmed.li	1
mydomain.com	wfl.li	1
schlundtech.de	rausgeher.de	1
Ledl.net GmbH	sonderplan.li	1
GANDI SAS	Open Networks Association	1
abf.ch	MICROSOFT-CORP-MSN-AS-BLOCK	1
METANET AG	baushop.li	1
ohcysp.ch	n3t.ch	1
METANET AG	hain.li	1
hosttech.ch	Register S.p.A.	1
CLOUDFLARENET	buyusdt.me	4
NSONE	APPLE-ENGINEERING	7
xname.org	hoyler.li	1
superhosting.bg	rozanski.li	1
checkdomain.de	jakoparts.li	1
cyon GmbH	boombox.li	1
pro.io	iage.li	1
samurai15.com	alio.li	1
simplehosting.ch	schlumpf.li	1
NSONE	parsec.xyz	1
AMAZON-02	brainstore.li	1
Webland AG	apitz.li	1
O2switch SAS	ick.li	1
cyon GmbH	mmpg.li	1
DIGICERT	DIGITALOCEAN-ASN	1
cloudns.net	Hetzner Online GmbH	4
mpexnet.de	mpex.net	1
cyon GmbH	efr.li	1
hoststar.hosting	xn--brospitex-q9a.li	1
OVH SAS	314.li	1
developics.ch	developics.li	1
world4you.at	sofortcloud.li	1
ipcom GmbH	hauber.li	1
shockhosting.com	sya.li	1
cyon GmbH	roemers.li	1
nny.cc	nny.cc	1
vivanet.ch	loesch.li	1
Vautron Rechenzentrum AG	atelierbeauty.li	1
Newsnet AG	metcon.li	1
ipcom GmbH	services4you.work	1
managed-ip.com	rud.de	1
orcwebhosting.ch	omnia.li	1
world4you.at	d2technology.li	1
Host Europe GmbH	wenpas.li	1
hostserv.eu	implantologie.li	1
UNIFIEDLAYER-AS-1	baldwin.li	1
METANET AG	t-h.li	1
hostserv.eu	lebendigeswasser.li	1
super.info	super.li	1
hosttech.ch	bernet.li	1
hover.com	mirohost.net	1
awsdns-04.com	luxsci.com	1
cyon GmbH	gump.li	1
cdns1.de	net6.at	1
swizzonic.ch	ccmm.li	1
s-dns.de	lemiqua.li	1
nfrance.com	nfrance.net	1
cyon GmbH	treier.li	1
hoststar.hosting	allstor.li	1
hostserv.eu	eigenheime.li	1
cloudflex.ch	cloudflex.ch	2
frw-dns.de	freiraumweb.de	1
ch-inter.net	bootsschule.li	1
web-nomads.ch	fragile.li	1
Datasource AG	mailgateway.li	1
suxeed.com	suxeed.com	2
derhandwerker.li	derhandwerker.li	1
pro.io	anykey.li	1
world4you.at	coorcon.li	1
Hostpoint AG	pompe.li	1
hoststar.hosting	luftsprung.li	1
OVH SAS	netcup GmbH	7
griffel.se	griffel.se	1
CLOUDFLARENET	iphmx.com	1
AMAZON-02	Chinanet	1
hoststar.hosting	futuremind.li	1
cyon GmbH	holzboote.li	1
world4you.at	fashionterminal.li	1
MICROSOFT-CORP-MSN-AS-BLOCK	soda-club.li	1
hoststar.hosting	Datacamp Limited	2
schlundtech.de	avs-roemer.de	1
ipcom GmbH	perfectfit.li	1
serverdns.ch	hc-consulting.li	1
wusel.network	gerbracht.it	3
rhein-it.net	messgeraete-markt.li	1
Netnod AB	Mittwald CM Service GmbH & Co. KG	1
cyon GmbH	icart.li	1
Webland AG	barockorchester.li	1
IONOS SE	IWEB-AS	1
hoststar.hosting	2view.li	1
METANET AG	hanisch.li	1
hoststar.hosting	billabong.li	1
hosttech GmbH	samotech.li	1
CLOUDFLARENET	eso.li	1
Domain names registrar REG.RU, Ltd	YANDEX LLC	1
winet.ch	ayrix.li	1
CLOUDFLARENET	zendr.ch	1
awsdns-05.org	COGENT-174	1
METANET AG	appenzeller-kontaktlinsen.li	1
hosttech.ch	mdc.li	1
casasoft.com	MICROSOFT-CORP-MSN-AS-BLOCK	1
main-hosting.eu	tikun.li	1
cyon GmbH	solie.li	1
NUCDN	baidu.li	1
cyon GmbH	jast.li	1
METANET AG	dream-team.li	1
CLOUDFLARENET	noris network AG	2
hoststar.hosting	volare.li	1
CLOUDFLARENET	cyon.net	1
hosttech.ch	vocoon.li	1
cyon GmbH	astraia.li	1
ipcom GmbH	bubendorfer.de	1
GOOGLE	ZOHO Corporation B.V	2
Host Europe GmbH	imc.li	1
CLOUDFLARENET	serverpanel.com	1
Vautron Rechenzentrum AG	proiure.li	1
Vautron Rechenzentrum AG	steffes.li	1
Vautron Rechenzentrum AG	volksversand.li	1
a2dns.com	groundfloor24.li	1
hostaan.fi	hostaan.li	1
internex.at	livane.li	1
UNIFIEDLAYER-AS-1	melville.li	1
ch-inter.net	krokodil.li	1
linode.com	MICROSOFT-CORP-MSN-AS-BLOCK	2
METANET AG	emilian.li	1
Telecom Liechtenstein AG	setec.li	1
awsdns-35.net	ne.jp	1
hello-it.ch	krux.li	1
netcup GmbH	kavi.li	1
Webland AG	manukahonig.li	1
hoststar.hosting	fluri.li	1
NUCDN	MICROSOFT-CORP-MSN-AS-BLOCK	6
ipcom GmbH	adticket.de	1
infrapod.nl	infrapod.nl	1
quicns.com	Neue Medien Muennich GmbH	1
COLT Technology Services Group Limited	delti.com	2
peaknetworks.net	enotary.li	1
serverbyt.net	20i Limited	1
mkf.ch	AS2-TRENDMICRO-COM	1
ipcom GmbH	jogg.li	1
pro.io	QUICKPACKET	1
Vautron Rechenzentrum AG	dhb.li	1
cyon GmbH	xn--hmmerli-5wa.li	1
hoststar.hosting	rafael.li	1
CLOUDFLARENET	anlo.li	1
CLOUDFLARENET	c14.li	1
cloudns.net	hosteurope.de	2
isp-nameserver.de	loswebos.de	1
gold-silber-kontor.li	gold-silber-kontor.li	1
pro.io	wearechange.li	1
cyon GmbH	schardt.li	1
NUCDN	hoteliers.li	1
cyon GmbH	dao.li	1
cyon GmbH	advertisement.li	1
gozenhost.com	gozen.li	1
cyon GmbH	atcase.li	1
hosteur.com	granato.li	1
1a.nl	webcamsex.li	1
hoststar.hosting	cranio-dmarxer.li	1
hoststar.hosting	dotyourlife.li	1
O2switch SAS	creativ.li	1
ipcom GmbH	pasedach.net	1
METANET AG	flcloud.li	1
elonli.ca	aseriesoftubez.com	1
ipcom GmbH	l-tur.li	1
world4you.at	digitalproof.li	1
orcatec.ch	qdata.li	1
UNIFIEDLAYER-AS-1	hempsteadtaxi.li	1
CLOUDFLARENET	conova.com	1
interway.ch	jakobsweg.li	1
webkonzept.eu	magnetfeldtherapie.li	1
METANET AG	boomtv.li	1
interway.ch	grundreinigung.li	1
hostcenter.com	green.ch AG	1
pro.io	schaad.li	1
AMAZON-02	killerink.li	1
BMS-AS	azacitidine.li	1
world4you.at	faktenjagd.li	1
hostserv.eu	aidwatch.li	1
Webland AG	jacober.li	1
hostmax.ch	thum.li	1
cyon GmbH	shu.li	1
ipcom GmbH	yggdrasil.li	2
alfahosting.info	bus-mieten.li	1
kell.li	ispgateway.li	1
Nexanet AG	MICROSOFT-CORP-MSN-AS-BLOCK	2
ipcom GmbH	sncf.li	1
pixels-points.ch	MICROSOFT-CORP-MSN-AS-BLOCK	1
METANET AG	magical.li	1
mythic-beasts.com	mythic-beasts.com	1
PlusServer GmbH	wizard-stickers.li	1
netcup GmbH	ysy.li	1
alice-it.de	MICROSOFT-CORP-MSN-AS-BLOCK	1
kraxnet.com	xnet.cz	1
Ledl.net GmbH	terrainternational.li	1
METANET AG	joller.li	1
Hetzner Online GmbH	werwolf.li	1
pro.io	metanet.ch	3
UNIFIEDLAYER-AS-1	entertainment.li	1
cyon GmbH	saiten.li	1
AMAZON-02	taxileo.li	1
METANET AG	hermida.li	1
alphacron.de	alphacron.de	1
inware.ch	sauna.li	1
cyon GmbH	adventskalender.li	1
pc4.ch	pc4.ch	1
NSONE	yuze.li	1
NUCDN	xtremelashes.li	1
SECURITYSERVICES	deutschepostbank.li	1
Webland AG	zellavie.li	1
alfahosting.info	gri-srv.de	1
Vautron Rechenzentrum AG	a11y.li	1
pop-hannover.de	lenze.li	1
cyon GmbH	befreelance.li	1
NSONE	nominalia.com	1
hoststar.hosting	generationenhaus.li	1
proxi.technology	GOOGLE	1
funktionierts.ch	funktionierts.li	1
METANET AG	merkli.li	1
swizzonic.ch	backslash.ch	2
AMAZON-02	eurovan24.li	1
timmehosting.de	crafty.li	1
METANET AG	hhm.li	1
media24corp.com	wally.li	1
Hostpoint AG	METANET AG	3
inet4all.at	fortimailcloud.com	1
Vautron Rechenzentrum AG	make-up.li	1
your-web.ch	claruscapital.li	1
hoststar.hosting	unverhofft.li	1
nameserver.center	cyberscore.li	1
netcup GmbH	krone.li	1
METANET AG	caro.li	1
CLOUDFLARENET	gulu.li	1
Ledl.net GmbH	masterhomes.net	1
AMAZON-AES	msv1.invalid	1
pro.io	andromeda.li	1
GANDI SAS	patek-philippe.li	1
pro.io	pareto.li	1
world4you.at	hanfama.li	1
ns35.de	bruesch.li	1
pro.io	balanceforlife.li	1
swissit.net	herzinfarkt.li	1
simplehosting.ch	bmf.li	1
METANET AG	pc-plus.li	1
UNIFIEDLAYER-AS-1	roof.li	1
gnl.net	pi-space.com	1
the123dns.com	the123.li	1
OVH SAS	vch.li	1
METANET AG	thalmann.li	1
checkdomain.de	dlt-markets.li	1
Vautron Rechenzentrum AG	dgbeauty.li	1
netoxygen.ch	netoxygen.ch	2
METANET AG	zukuenfte.li	1
NUCDN	NTS workspace AG	1
ch-inter.net	teamscout.li	1
hoststar.hosting	kinderrechte.li	1
turnkeywebspace.com	wwd.li	1
cyon GmbH	oklahomabbq.li	1
cyber-perikarp.eu	Nessus GmbH	1
exigo.ch	METANET AG	1
ns35.de	frank-albrecht.li	1
polar55.com	polar55.li	1
Webland AG	fsg.li	1
cloud86.nl	lemma.li	1
hoststar.hosting	yolo.li	1
METANET AG	mobilepflege.li	1
globedom.com	globedom.com	3
kpn.net	kpn.li	1
clusterdns.net	bjn.li	1
world4you.at	venobis.li	1
guests.ch	mailgateway.pro	1
hoststar.hosting	infoserv.li	1
Webland AG	welcome-network.li	1
alphacron.de	hri-its.com	1
netcup GmbH	fortunate.li	1
Signet B.V.	qrk.li	1
hoststar.hosting	kriminalpolizei.li	1
METANET AG	attinger.li	1
cyon GmbH	oli.li	1
METANET AG	meiermedia.li	1
METANET AG	budgetberatung.li	1
MDNET	Proton AG	2
schulzmedia.li	hobi.li	1
cyon GmbH	mein-geschenk.li	1
hoststar.hosting	plus423.li	1
kyberna.net	eassv.li	1
netcup GmbH	kitsune.li	1
GANDI SAS	patek.li	1
hostserv.eu	unitek.li	1
IONOS SE	baumer.com	1
weboffice.ch	NovaTrend Services GmbH	1
ch-inter.net	freilandeier.li	1
IONOS SE	jensi.li	1
swizzonic.ch	sailyoga.li	1
ns14.net	InterNetX GmbH	1
pro.io	vicco.org	1
lehmanns.de	lehmanns.de	1
hoststar.hosting	lieferando.li	1
OVH SAS	lef.li	1
w3w.de	pro-cloud.li	1
swissit.net	herzfit.li	1
hoststar.hosting	falknis.li	1
mkq.de	mkq.de	1
swizzonic.ch	michael-schmid.li	1
Bluewin	pphosted.com	1
ipcom GmbH	METANET AG	2
inmotionhosting.com	txf.li	1
senseLAN GmbH	gewerbehaus.li	1
TV-COM AG	hk-schweiz.li	1
SECURITYSERVICES	beiersdorf.com	2
bueromarxer.li	23M GmbH	1
lgt.com	tgl.li	1
CLOUDFLARENET	lindau.li	1
CLOUDFLARENET	leith.de	1
SECURITYSERVICES	dealz.li	1
NUCDN	777poker.li	1
slaskdatacenter.pl	jai.li	1
cyon GmbH	vertical.li	1
Key-Systems GmbH	brillux.de	1
checkdomain.de	prezero.li	1
UNIFIEDLAYER-AS-1	salon.li	1
gcdata.at	gerstgrasser.at	1
aditsystems.hosting	uvensys GmbH	1
Webland AG	borer.li	1
METANET AG	sortimo.li	1
hosttech.ch	kuonen.li	1
METANET AG	baggenstos.li	1
Vautron Rechenzentrum AG	lipfish.li	1
SECURITYSERVICES	pb-capitals.li	1
MICROSOFT-CORP-MSN-AS-BLOCK	pro-install.nl	4
METANET AG	joyce.li	1
sansolutions.ch	bug-bounty.li	1
OVH SAS	engernweg77a.de	1
cyon GmbH	oett.li	1
cyon GmbH	halder.li	1
dnspod.net	xrp.li	1
bilendi.com	bilendi.com	3
CLOUDFLARENET	autochat.li	1
gpg.li	gpg.li	1
cyon GmbH	mercator.li	1
empirion.at	MICROSOFT-CORP-MSN-AS-BLOCK	1
One.com A/S	merch.li	1
cloudns.net	innogames.de	2
CLOUDFLARENET	fcomet.com	1
Host Europe GmbH	genne.li	1
CLOUDFLARENET	1.1	1
checkdomain.de	cpo.li	1
Telecom Liechtenstein AG	aem.li	1
dnsmanager.eu	redacted.li	1
smart-nic.de	schaufenster.li	1
METANET AG	tantramassagen.li	1
Webland AG	toolbox.li	1
cyberse.de	alpha-flux.li	1
Webland AG	artelier.li	1
hostgator.com	weiyi.li	1
cyon GmbH	devauban.li	1
pro.io	blumen.li	1
host-care.com	triumph.li	1
Vautron Rechenzentrum AG	annua.li	1
Webland AG	dreambuilding.li	1
CLOUDFLARENET	amr-investments.li	1
Webland AG	stumpf.li	1
uvensys.de	meetago.li	1
ciamso.com	lalali.li	1
ns14.net	krabat.li	1
awsdns-34.net	MICROSOFT-CORP-MSN-AS-BLOCK	1
MICROSOFT-CORP-MSN-AS-BLOCK	omv.com	1
cyon GmbH	smur.li	1
METANET AG	bianka.li	1
awsdns-06.net	GOOGLE	3
sqr.domains	Cyso Group B.V.	1
Vautron Rechenzentrum AG	uja.li	1
hoststar.hosting	meierei.li	1
cyon GmbH	kulturdata.li	1
cyon GmbH	ospeltphotography.li	1
SECURITYSERVICES	0	1
Webland AG	matt.li	1
plazhost.com	webi.li	1
METANET AG	schnauz.li	1
NUCDN	donquijote.li	1
hostserv.eu	tinyhouse.li	1
asok.de	selfhost.de	2
CLOUDFLARENET	onlylo.li	1
CLOUDFLARENET	acs.li	1
Host Europe GmbH	pekip.li	1
tmag.de	rce.li	1
Webland AG	zollikofer.li	1
awsdns-45.net	MICROSOFT-CORP-MSN-AS-BLOCK	1
Vadian.Net AG	Proton AG	4
hosttech.ch	CLOUDFLARENET	1
METANET AG	translingua.li	1
hoststar.hosting	ffg.li	1
awsdns-31.com	OVH SAS	1
Telecom Liechtenstein AG	3de.li	1
webhostmost.com	kut.li	1
e-future.ch	e-future.ch	1
hoststar.hosting	juliagehler.li	1
hosttech.at	riedl.li	1
Vautron Rechenzentrum AG	langzeitkosmetik.li	1
Nine Internet Solutions AG	dachcom.com	1
world4you.at	metamorphosis.li	1
SECURITYSERVICES	princiotta.zone	1
ipcom GmbH	1li.la	2
Hetzner Online GmbH	kismet.li	1
ch-inter.net	gebrauchsgraphik.li	1
METANET AG	wanger-art.li	1
CLOUDFLARENET	salacious.com	1
ipcom GmbH	tusli-server.de	1
Vautron Rechenzentrum AG	kandinsky.li	1
dogado GmbH	bkeller.ch	1
Vautron Rechenzentrum AG	gesellschaftsrecht.li	1
cyon GmbH	proteini.li	1
hoststar.hosting	thebarn.li	1
IONOS SE	Ops One AG	1
hostpapa.com	rohan.li	1
xundns.com	jhydms13.com	1
world4you.at	safeshop.li	1
METANET AG	students.li	1
Telecom Liechtenstein AG	alpmobile.li	1
SupraNet AG	law-world.li	1
Telecom Liechtenstein AG	vertraulicher.li	1
netzwolke.ch	maillink.ch	3
mytasks.li	mytasks.li	1
netcup GmbH	cccc.li	1
HiHo AG	MICROSOFT-CORP-MSN-AS-BLOCK	1
SECURITYSERVICES	NorthC Deutschland GmbH	1
Vautron Rechenzentrum AG	skender.li	1
s-help.sk	gemes.li	1
netcup GmbH	org-dns.com	1
PlusServer GmbH	e-binding.li	1
ch-inter.net	mariano.li	1
checkdomain.de	verbunden-sein.li	1
zoneedit.com	APPLE-ENGINEERING	2
ns14.net	vpool.li	1
nazwa.pl	netartcloud.li	1
netcup GmbH	mbel.li	1
METANET AG	rumo.li	1
pro.io	ruckstuhl.li	1
easyhost.be	mailprotect.be	2
METANET AG	hintermeister.li	1
UNIFIEDLAYER-AS-1	longislandtaxi.li	1
ipcom GmbH	co.at	1
cyon GmbH	dll.li	1
checkdomain.de	be-exclusive.li	1
nameserver.center	dltfinance.li	1
sika.com	sika.com	1
hosttech.ch	dubs.li	1
yepa.com	token21.li	1
tritema.com	miw.li	1
swissit.net	alarm-24.li	1
SupraNet AG	ready4life.li	1
Hetzner Online GmbH	hosting-ch.ch	2
PONYNET	erneuerbare-energie.li	1
ipv64.net	Hostpoint AG	1
cyon GmbH	ntz.li	1
gilgo.io	yachtspot.li	1
METANET AG	sample-page.li	1
Webland AG	barockensemble.li	1
dnspod.com	AMAZON-AES	2
interway.ch	ladiescrew.li	1
OVH SAS	leweb.li	1
METANET AG	oase-der-ruhe.li	1
she.de	pphosted.com	1
fcomet.com	lume.li	1
METANET AG	licorne.li	1
cyon GmbH	buehlmann.li	1
seohost.pl	incredb.li	1
mythic-beasts.com	earth.li	1
elogic.it	elogic.it	1
SupraNet AG	owa.li	5
Webland AG	sogg.li	1
blum-group.de	blum-group.de	1
checkdomain.de	kinderrecht.li	1
world4you.at	qi-lux.li	1
NUCDN	adaware.li	1
eudns.nl	uship.li	1
EVANZO e-commerce GmbH	gohdeelektro.li	1
INTERNET CZ, a.s.	coblen.li	1
cargo.site	Hostpoint AG	1
Infomaniak Network SA	persoenli.ch	1
ips.ch	144.li	1
GOOGLE	california.li	1
Host Europe GmbH	shk.li	1
prodns.de	kranservice.li	1
Vautron Rechenzentrum AG	mapindoor.li	1
cyon GmbH	xn--ngele-gra.li	1
one.com	uniweb.no	1
METANET AG	qoo.li	1
hoststar.hosting	dokument.li	1
CLOUDFLARENET	privilege.li	1
emubox.ch	emubox.ch	1
SECURITYSERVICES	bearblog.dev	1
METANET AG	burkhart.li	1
itship.ch	pandomo.li	1
bitt-c.at	onlineworkplace24.de	1
web-pro.ch	nightfever.li	1
METANET AG	weka.li	1
guzelhosting.com	gri.li	1
UNIFIEDLAYER-AS-1	garagedoor.li	1
swizzonic.ch	ibs-austria.com	1
METANET AG	sgm.li	1
ch-inter.net	chaine-des-rotisseurs.li	1
dnsservice.net	didi.li	1
centinated.ch	emasor.li	1
domserver.de	freiberg.li	1
Host Europe GmbH	togchoed.li	1
cyon GmbH	move.li	1
cs2.ch	cs2.ch	1
Hetzner Online GmbH	franklin.li	1
cloudns.net	commonwealth.gr	1
AUTOMATTIC	MICROSOFT-CORP-MSN-AS-BLOCK	2
dns-websites.ca	mail-websites.ca	1
world4you.at	mch.li	1
Zone Media OU	ZOHO Corporation B.V	1
cyon GmbH	grower.li	1
securenetim.net	Eurofiber France SAS	2
cyon GmbH	cbdtogo.li	1
NovaTrend Services GmbH	praschnig.com	1
hostserv.eu	Proton AG	4
domainname.at	schiebel.li	1
awsdns-14.net	GOOGLE	1
medyabim.com	fruttiextra.li	1
ch-inter.net	worldskills.li	1
CLOUDFLARENET	agresta.li	1
cyon GmbH	topo.li	1
internex.at	angererdesign.li	1
OVH SAS	magooweb.com	1
clamehost.com	clamehost.it	1
nr-city.net	virus-free.de	1
nameserver.center	ineichen.li	1
genesys informatica srl	cibo.li	1
UNIFIEDLAYER-AS-1	massapequataxi.li	1
canspace.ca	teeny.li	1
hoststar.hosting	gugger.li	1
joker.com	APPLE-ENGINEERING	1
CLOUDFLARENET	bcloud.li	1
cyon GmbH	caveaustar.li	1
world4you.at	oldtonew.li	1
METANET AG	aire.li	1
Hetzner Online GmbH	NAMECHEAP-NET	1
webkeeper.ch	MICROSOFT-CORP-MSN-AS-BLOCK	2
METANET AG	abenthung.li	1
METANET AG	bruderklaus.li	1
Telecom Liechtenstein AG	kian.li	1
METANET AG	bachofner.li	1
GOOGLE-CLOUD-PLATFORM	mymailcheap.com	1
ipcom GmbH	dwf.li	1
Vautron Rechenzentrum AG	23M GmbH	1
SECURITYSERVICES	IWEB-AS	1
METANET AG	tomsi.li	1
hoststar.hosting	crazybirds.li	1
checkdomain.de	clesana.li	1
Cloud DNS Ltd	agil.li	1
hoststar.hosting	xn--regalprfung-zhb.li	1
SOFTLAYER	lrt.li	1
UNIFIEDLAYER-AS-1	hicksville.li	1
METANET AG	sanz.li	1
SECURITYSERVICES	orient-express.li	1
cyon GmbH	baiz.li	1
dogado GmbH	implant.li	1
itexacloud.ch	itexa.ch	1
mysecurecloudhost.com	vanel.li	1
ipcom GmbH	pagent.li	1
METANET AG	kueb.li	1
OVH SAS	vos-systems.net	1
DIGITALOCEAN-ASN	Proton AG	1
Webland AG	swissrep.li	1
pro.io	lerntrainer.li	1
Infomaniak Network SA	uvensys GmbH	1
as8758.net	Proton AG	1
hostingformule.net	jark.li	1
swiss-dns.com	wees.li	1
hoststar.hosting	volarte.li	1
pro.io	imthurn.li	1
hoststar.hosting	zech.li	1
Vautron Rechenzentrum AG	pmuinternational.li	1
cryptix.net	converter.li	1
cyon GmbH	cosmesana.li	1
Vautron Rechenzentrum AG	pmus.li	1
CLOUDFLARENET	home.pl	1
netcup GmbH	share2.li	1
ch-inter.net	team-scout.li	1
NUCDN	mazak.li	1
Bluewin	mailscanner.ch	1
ch-inter.net	sueess.li	1
pro.io	shanti.li	1
Vautron Rechenzentrum AG	social-town.li	1
world4you.at	schmuckdesign.li	1
netspan.ch	pphosted.com	1
basler.ch	MICROSOFT-CORP-MSN-AS-BLOCK	2
CLOUDFLARENET	asbas.ch	1
Nine Internet Solutions AG	Nine Internet Solutions AG	4
METANET AG	floh.li	1
easydns.ca	MICROSOFT-CORP-MSN-AS-BLOCK	1
Host Europe GmbH	hunavino.li	1
dnsip.com	longteng-cdn.com	3
ipcom GmbH	perfectcomfort.li	1
hostprofis.com	grabher.li	1
mfrey.org	mfrey.org	1
internex.at	grenzgaengerversicherung.li	1
co.uk	co.uk	2
swizzonic.ch	otter.li	1
CLOUDFLARENET	rss.li	1
Hetzner Online GmbH	voba.li	1
METANET AG	wood-i.li	1
CLOUDFLARENET	NorthC Deutschland GmbH	5
ipcom GmbH	competitionline.de	1
METANET AG	kayla.li	1
pro.io	fossette.li	1
applemooz.net	applemooz.net	1
pro.io	g-h.li	1
CLOUDFLARENET	dljxoooocdn.com	1
dodns.net	dodns.org	2
world4you.at	areagroup.li	1
unaxus.net	outdooradventures.li	1
cyon GmbH	cvj.li	1
aruba.it	aruba.it	2
cyon GmbH	focus-on-business.li	1
hoonix.com	xn--plss-1ra.li	1
w3logistics.com	w3logistics.com	1
CLOUDFLARENET	dim.li	1
ch-inter.net	sbc.li	1
kunde24.de	flema.li	1
hoststar.hosting	jauk.li	1
hob.li	GOOGLE	1
netcup GmbH	Proton AG	7
inware.ch	carrera.li	1
cyon GmbH	invero.li	1
abbott.com	freestylelibre.li	1
OVH SAS	archimagazine.li	1
Webland AG	iwl.li	1
gcdata.at	computer-camp.li	1
cl0.de	cl0.de	1
UNIFIEDLAYER-AS-1	family.li	1
cyon GmbH	pfiffikus.li	1
netcup GmbH	obf.li	1
CLOUDFLARENET	m01.ch	1
td-fn.net	teledata-fn.de	1
hostserv.eu	imail.li	1
cool-hosting.ch	li-li.li	1
hoststar.hosting	amz.li	1
fst.li	fst.li	1
world4you.at	epixwater.li	1
036.ch	mida-group.li	1
Telecom Liechtenstein AG	renat.li	1
Newsnet AG	cloud-hosting.li	1
tigertech.biz	tigertech.net	1
CLOUDFLARENET	zigapk.com	1
Telecom Liechtenstein AG	sele.li	1
ne.jp	GOOGLE	1
SupraNet AG	geiger-law.li	1
Host Europe GmbH	vulkan.li	1
Vautron Rechenzentrum AG	kosmetikatelier.li	1
host.ch	eurofac.li	1
Cyberlink AG	zynex.ch	2
Webland AG	mercartus.li	1
elana.li	elana.li	1
CLOUDFLARENET	soop.li	1
Key-Systems GmbH	x2-vps.li	1
bbr.li	bbr.li	1
cyon GmbH	segelschule.li	1
hoststar.hosting	prime.li	1
prosjekt.org	priv.no	1
Telecom Liechtenstein AG	landvogt.li	1
METANET AG	tier-energetik.li	1
ipcom GmbH	eule.li	1
world4you.at	hirschmann.li	1
hosteurope.de	buk.li	1
Signet B.V.	gomibo.li	1
world4you.at	singlehotel.li	1
METANET AG	selbsthilfegruppe.li	1
world4you.at	mauche.li	1
METANET AG	vonev.li	1
worldwidedns.net	DIGITALOCEAN-ASN	1
Vautron Rechenzentrum AG	permanentgut.li	1
METANET AG	mailing.li	1
CLDIN B.V.	GOOGLE	1
Webland AG	adapter.li	1
lovethesestuff.com	bve.li	1
NUCDN	batterycity.li	1
CLOUDFLARENET	heo.li	1
checkdomain.de	liechtensteinhilft.li	1
tnib.de	tnib.de	1
infomaniak.com	Fastmail Pty Ltd	1
netzfabrik.com	netzfabrik.eu	1
dmsolutions.de	woaini.li	1
world4you.at	dnalpha.li	1
world4you.at	andmetics-professional.li	1
ipcom GmbH	bubblefarm.li	1
ch-inter.net	frimet.li	1
awsdns-04.com	MICROSOFT-CORP-MSN-AS-BLOCK	1
hilweb.com	freiheitstrychler.li	1
Webland AG	winning-match.li	1
devaux.li	dvx.li	1
METANET AG	svlu.li	1
neteasy.pl	apollo7.li	1
SupraNet AG	vastum.li	1
ypsonet.ch	Virtualtec Solutions AG	1
ernes.li	ernes.li	1
Webland AG	aragon.li	1
freewha.com	GOOGLE	1
Webland AG	briefkasten-konfigurator.li	1
METANET AG	yaelteitler.li	1
Stadlmann GmbH	stadlmann.at	4
dohmains.de	MICROSOFT-CORP-MSN-AS-BLOCK	1
pro.io	alfa-therm.li	1
linode.com	fta.li	1
cyon GmbH	b-b.li	1
METANET AG	stil.li	1
flow.ch	MICROSOFT-CORP-MSN-AS-BLOCK	1
Host Europe GmbH	lotti.li	1
METANET AG	bruetsch.li	1
ACTIVE 24, s.r.o.	idoctor.li	1
Vautron Rechenzentrum AG	langzeitkonturmakeup.li	1
cyon GmbH	veloplus.li	1
internex.at	duda.li	1
dntrust.com	haribo.com	1
netcetera.com	netcetera.com	1
awsdns-16.com	GOOGLE	1
CLOUDFLARENET	LLC VK	3
netzpionier.at	selmarina.li	1
hosttech.ch	pasini.li	1
SECURITYSERVICES	switchy.io	4
METANET AG	securityofficer.li	1
pro.io	morgan.li	1
byw.li	byw.li	1
hoststar.hosting	nos.li	1
METANET AG	patt.li	1
hosttech.ch	hoor.li	1
METANET AG	g-c.li	1
UNIFIEDLAYER-AS-1	design.li	1
cyon GmbH	lunchcard.li	1
hostinger.it	hostinger.it	1
METANET AG	dertherapeut.li	1
webglobe.cz	myexchange.cz	1
UNIFIEDLAYER-AS-1	physicians.li	1
SECURITYSERVICES	cleanhouse.li	1
ch-inter.net	tosca.li	1
schlundtech.de	Mittwald CM Service GmbH & Co. KG	2
awsdns-07.org	kapinfra.net	1
qlns.ch	qlmail.ch	1
AMAZON-02	lincos.li	1
cyon GmbH	planbiodivers.li	1
xidrasservice.com	partnercash.li	1
planethoster.net	bref.li	1
beget.com	YANDEX LLC	1
Telecom Liechtenstein AG	felder.li	1
CLOUDFLARENET	zacian.ovh	1
co.jp	co.jp	1
Newsnet AG	sozialfonds.li	1
liberateconsulting.com	discordia.li	1
pro.io	rht.li	1
Webland AG	wnb.li	1
TV-COM AG	dorfnetz.li	1
DIGITALOCEAN-ASN	nytelse.li	1
Vautron Rechenzentrum AG	atelier-atelier.li	1
hoststar.hosting	xn--bnz-hoa.li	1
hostprofis.com	brautschmiede.li	1
computerline.net	Proton AG	1
cyon GmbH	huys.li	1
Newsnet AG	Hostpoint AG	1
hoststar.hosting	lettieri.li	1
Vautron Rechenzentrum AG	permanentbeautyatelier.li	1
world4you.at	smiledesign.li	1
netcup GmbH	maily.li	1
cyon GmbH	letter.li	1
transnorm.ch	pomelo.li	1
galaxyweb.ch	galaxyweb.li	1
hostgator.com	chadwick.li	1
hostserv.eu	consntrade.li	1
Vautron Rechenzentrum AG	internationalpmu.li	1
METANET AG	whirlcare.li	1
webempresa.eu	andreo.li	1
kastgroup.com	angebot.li	1
CLOUDFLARENET	daniil.email	1
world4you.at	blancrouge.li	1
UNIFIEDLAYER-AS-1	amazingathletes.li	1
ignum.com	myexchange.cz	1
ria.ch	angst-engineering.li	1
IONOS SE	nospamproxy.com	1
Safenames Ltd.	MICROSOFT-CORP-MSN-AS-BLOCK	1
Webland AG	frst.li	1
hostserv.eu	hausherr.li	1
Cloud DNS Ltd	partikelfilter.li	1
hoststar.hosting	kowo-bau.li	1
markmonitor.com	rmx.de	2
mantisse.de	acmecloud.de	1
hoststar.hosting	kunstverein.li	1
technoven.eu	dhu.li	1
ch-inter.net	hotelathome.li	1
PLANETHOSTER-8	stgeorges.li	1
intellyhosting.be	intellyhosting.be	1
Host Europe GmbH	flyeralarm.li	1
cyon GmbH	mario.li	1
cyon GmbH	sirek.li	1
SupraNet AG	toendury.li	1
CLOUDFLARENET	METANET AG	2
cyon GmbH	formsache.li	1
SECURITYSERVICES	pbcapitals.li	1
namemaster.de	GOOGLE	1
METANET AG	fighthall.li	1
METANET AG	abz.li	1
checkdomain.de	daflag.li	1
O2switch SAS	kqr.li	1
CLOUDFLARENET	familia.li	1
pro.io	maegd.li	1
Vautron Rechenzentrum AG	atelier-kosmetik.li	1
interway.ch	parkettmeister.li	1
cyon GmbH	kryptoexchange.li	1
auriga.ch	postoffice.ch	1
METANET AG	schmerz-therapie.li	1
netcup GmbH	henz.li	1
kpn.net	kpn-consult.li	1
cyon GmbH	kontrast.li	1
GANDI SAS	patekphilippe.li	1
METANET AG	silum.li	1
hoststar.hosting	xn--glcksritter-uhb.li	1
CLOUDFLARENET	maka.li	1
METANET AG	rohrbach.li	1
METANET AG	edm.li	1
host.ch	jkweb.li	1
ns35.de	christinavondreien.li	1
Telecom Liechtenstein AG	prosoft.li	1
netcup GmbH	campe.li	1
pro.io	polyurethan.li	1
METANET AG	klafter.li	1
ACTIVE 24, s.r.o.	gnr.li	1
pro.io	continor.li	2
hover.com	repub.li	1
monoid.li	monoid.li	1
awsdns-22.com	MICROSOFT-CORP-MSN-AS-BLOCK	1
hoststar.hosting	speck.li	1
0x0.li	0x0.li	1
GOOGLE	bodensee-kaese.ch	1
kochaplsystems.de	kochaplsystems.de	1
cyon GmbH	capsservice.li	1
METANET AG	caferacer.li	1
axc.nl	axc.eu	1
AMAZON-02	crlaurence.li	1
host.ch	bollhalder.li	1
hosttech.ch	zueger.li	1
AMAZON-02	health-training.li	1
ns14.net	xn--dsenfeld-65a.li	1
netcup GmbH	pvp.li	1
pixelx.de	pixelx.de	1
hoststar.hosting	luposolitario.li	1
METANET AG	zoebe.li	1
european-server.com	saris.li	1
shopco.com	hostedemail.com	4
Host Europe GmbH	emptinez-magazin.li	1
CLOUDFLARENET	fsa-re.li	1
CLOUDFLARENET	esatcan.li	1
Vautron Rechenzentrum AG	astro.li	1
eggendorfer.net	eggendorfer.org	1
hoststar.hosting	wablu.li	1
Webland AG	eane.li	1
cyon GmbH	freigeist-agentur.li	1
pwrz.at	pwrz.at	1
checkdomain.de	GOOGLE	2
CLOUDFLARENET	free123movies.li	1
ns14.net	help.li	1
Key-Systems GmbH	kranarbeiten.li	1
METANET AG	marcone.li	1
cyon GmbH	talendo.li	1
ipcom GmbH	en2.li	1
unaxus.net	rezzo.li	1
Vautron Rechenzentrum AG	hostedoffice.ag	1
cyon GmbH	sifon.li	1
ipcom GmbH	wechselkurse.li	1
METANET AG	airline.li	1
anadoludns.com	roulette-spielen.li	1
hoststar.hosting	miescher.li	1
cyon GmbH	transocean.li	1
fima-hosting.ch	hxl.li	1
Key-Systems GmbH	splash24.li	1
Host Europe GmbH	glasbau.li	1
CLOUDFLARENET	davidt.cloud	1
Webland AG	prorelia.li	1
ch-inter.net	rheinvalley.li	1
UNIFIEDLAYER-AS-1	choral.li	1
wineuropa.it	tratos.li	1
nameshield.net	skruvat.li	1
METANET AG	ballone.li	1
METANET AG	creativedirector.li	1
hoststar.hosting	fuffe.li	1
cyon GmbH	MTF Solutions AG	1
METANET AG	beluga.li	1
m-tech.li	installateure.li	1
murauer-group.at	potenzmittel.li	1
cyon GmbH	crowdlitoken.li	1
domainnameservices.at	sourcefactory.at	1
networking4all.com	aevitae.com	1
routing.net	mailerserver.de	2
UNIFIEDLAYER-AS-1	wine.li	1
Webland AG	bine.li	1
cyberfolks.pl	connectivum.li	1
CLOUDFLARENET	salt.li	1
developics.ch	modi.li	1
ns14.net	drehhaus.li	1
hostgator.in	bij.li	1
SECURITYSERVICES	dtag.de	1
hoststar.hosting	riche.li	1
nmugroup.com	nmugroup.com	3
cloudns.net	Fastmail Pty Ltd	1
inmotionhosting.com	shayne.li	1
ns14.net	uvensys GmbH	2
morganstanley.net	dnsassurance.com	1
CLOUDFLARENET	jdf.li	1
Ledl.net GmbH	MICROSOFT-CORP-MSN-AS-BLOCK	1
GOOGLE	hmt-educations.li	1
cyon GmbH	nutrion.li	1
GOOGLE	elanzia.li	1
NSONE	QUICKPACKET	3
wedos.com	tripleweb.cz	1
nt-service.hu	ocoono.li	1
drei.host	zehnacker.at	1
dplan-group.ch	MICROSOFT-CORP-MSN-AS-BLOCK	1
wedos.eu	wedos.net	1
ictpark.ch	ictpark.li	1
METANET AG	ki-kurs.li	1
netcup GmbH	malsa.li	1
Webland AG	abbt.li	1
pro.io	scul.li	1
world4you.at	gesa.li	1
world4you.at	goldcenter.li	1
din.cz	din.cz	1
hoststar.hosting	kuehler.li	1
METANET AG	kuverts.li	1
UNIFIEDLAYER-AS-1	riverheadtaxi.li	1
Telecom Liechtenstein AG	maurenbrecher.li	1
schweizer-domain.ch	mieterschutz.li	1
hoststar.hosting	schichtwechsel.li	1
SECURITYSERVICES	atosorigin.com	1
cloudvox.eu	cloudvox.eu	1
hoststar.hosting	traveling.li	1
Vautron Rechenzentrum AG	sabani.li	1
Key-Systems GmbH	braukunst.li	1
SECURITYSERVICES	Datacamp Limited	1
CLOUDFLARENET	janwil.li	1
hostserv.eu	feuerwehrverband.li	1
hoststar.hosting	incentive-travel.li	1
CLOUDFLARENET	fredericheim.fr	1
d-solutions.ch	aphorizma.li	1
DNS-NET Services GmbH	fortunatx.li	1
schlundtech.de	sgan.de	1
ns14.net	rn-personalagentur.at	1
UNIFIEDLAYER-AS-1	jeweler.li	1
Hetzner Online GmbH	the-end.li	1
Webland AG	skyball.li	1
SECURITYSERVICES	brocade.com	1
cyon GmbH	scmcc.li	1
SECURITYSERVICES	galabingo.li	1
webglobe.cz	vozab.li	1
european-server.com	mailprotect.be	1
netcup GmbH	gefahrgutbeauftragter.li	1
cyon GmbH	cryptoexchange.li	1
home.pl	ims-furniture.com	1
Webland AG	nagy.li	1
checkdomain.de	digital24.li	1
netcup GmbH	080.li	1
hoststar.hosting	boen.li	1
deinhost.net	tanznacht40.li	1
mizbanfadns.net	mizbanfalocal.com	1
Vautron Rechenzentrum AG	pmucosmetic.li	1
CLOUDFLARENET	fia.li	1
ipcom GmbH	sserv.de	1
world4you.at	revvline.li	1
CLOUDFLARENET	green.ch AG	1
Webland AG	kiebitz.li	1
nkcd.ch	uster.li	1
nameserver.center	Hetzner Online GmbH	1
hosttech.ch	dubach.li	1
ipcom GmbH	3wh.li	1
Host Europe GmbH	steuerberater-lindau-bodensee.li	1
hoststar.hosting	sellerie.li	1
SupraNet AG	mmm3.li	1
NUCDN	airg.li	1
cyon GmbH	eira.li	1
hosttech.ch	synergetics.li	1
ns14.net	eventim.de	1
SECURITYSERVICES	Safenames Ltd.	1
nameserver.center	blockchainweek.li	1
de-nserver.de	myaluprofil.li	1
Hangzhou Alibaba Advertising Co.,Ltd.	mxhichina.com	1
cyon GmbH	ktr.li	1
bigfatmail.com	rsz.li	1
cyon GmbH	kretz.li	1
netcup GmbH	worm.li	1
telekom.at	aon.at	1
world4you.at	auta.li	1
MICROSOFT-CORP-MSN-AS-BLOCK	encryptedmail.li	1
METANET AG	nachhilfe.li	1
namemaster.de	fotokoch.de	1
pro.io	kraeftig-altern.li	1
ipcom GmbH	kmedia.hosting	1
gransy.com	7finance.li	1
megatrhost.com	ingu.li	1
hoststar.hosting	xn--biodiversitt-qcb.li	1
AMAZON-02	alixpartners.li	1
ipcom GmbH	mailspec.com	1
hoststar.hosting	hygiene-zertifizierung.li	1
Key-Systems GmbH	23M GmbH	1
hoststar.hosting	thelamperts.li	1
ch-inter.net	cryptofinance.li	1
Vautron Rechenzentrum AG	nicdirekt.li	1
hosttech.ch	endevco.li	1
Webland AG	Hostpoint AG	1
SECURITYSERVICES	lorraine.li	1
cyon GmbH	Infomaniak Network SA	4
hoststar.hosting	xantos.li	1
IONOS SE	Tutao GmbH	2
cloudcity.fi	cloudcity.fi	1
Webland AG	tschumi.li	1
Net-Build GmbH	q10-oxyrepair.li	1
com.br	doutor.li	1
Host Europe GmbH	suzuki.li	1
pro.io	engadin.li	1
hostserv.eu	handsandnails.li	1
ipcom GmbH	webgo GmbH	1
Webland AG	hauptstadtbier.li	1
cyon GmbH	pahlpeaceprize.li	1
Aveniq AG	Hetzner Online GmbH	1
GOOGLE	sano.li	1
hoststar.hosting	solarprofis.li	1
SECURITYSERVICES	vontobel.com	1
hoststar.hosting	yanik.li	1
hoststar.hosting	niels.li	1
cyon GmbH	klemm.li	1
NUCDN	megaprofil.li	1
ch-inter.net	ameria.li	1
pro.io	socialmedia.li	1
conova communications GmbH	xserv.li	1
dogado GmbH	biomed.li	1
baschnagel.li	baschnagel.li	1
prodns.de	barcode.li	1
Telecom Liechtenstein AG	tfconsult.li	1
worldcom.ch	smpower.li	1
pro.io	quirin.li	1
hosttech.ch	sattelfest.li	1
hostriver.ro	ghy.li	1
NUCDN	caviar.li	1
ns14.net	webmeisterei.com	1
netcup GmbH	meisterstrasse.li	1
hoststar.hosting	codespaces.li	1
quickdns.dk	Fastmail Pty Ltd	1
schlundtech.de	datec.tv	1
Cloud DNS Ltd	kulturkanal.li	1
Webland AG	GOOGLE	2
Host Europe GmbH	deliv.li	1
UNIFIEDLAYER-AS-1	orienttaxi.li	1
checkdomain.de	ewalia.li	1
UNIFIEDLAYER-AS-1	kiss.li	1
SECURITYSERVICES	ZOHO Corporation B.V	1
joker.com	cybersecurity.li	1
velder.link	velder.link	1
iAdvantage Limited	charmaine.li	1
hosttech.ch	mediencheck.li	1
hostingbolivia.info	webbo.li	1
AMAZON-02	stellen-anzeiger.li	1
METANET AG	friko.li	1
OVH SAS	kaa.li	1
T-Mobile Austria GmbH	MICROSOFT-CORP-MSN-AS-BLOCK	1
CLOUDFLARENET	junkemailfilter.com	1
afraid.org	yifei.li	1
serveriai.lt	kazino.li	1
cyon GmbH	5th.li	1
routing.net	ay1.de	1
prax.ch	NovaTrend Services GmbH	2
webkonzept.eu	qrs-magnetstimulation.li	1
AMAZON-02	sunpower.li	1
Webland AG	soreg.li	1
cars-id.com	horror.li	1
Webland AG	xn--schpbach-85a.li	1
dohabserver.com	dohabserver.com	1
hoststar.hosting	sanohaus.li	1
METANET AG	mink.li	1
CLOUDFLARENET	synedat.com	2
Neue Medien Muennich GmbH	Mittwald CM Service GmbH & Co. KG	1
world4you.at	biedermaier.li	1
METANET AG	sturzenegger.li	1
dodns.net	zehbulon.li	1
swissit.net	cathlab.li	1
Vautron Rechenzentrum AG	fund.li	1
hover.com	Fastmail Pty Ltd	5
senseLAN GmbH	lienergie.li	1
hoststar.hosting	nos-dos.li	1
hoststar.hosting	buechsenmacherei.li	1
netcup GmbH	feu.li	1
temesinko.net	temesinko.net	1
Vautron Rechenzentrum AG	lipstixx.li	1
AMAZON-02	proj3ctile.com	1
METANET AG	sellke.li	1
CLOUDFLARENET	livre.li	1
infusedsites.com	cbrk.li	1
cyon GmbH	alpin-royal-restaurant.li	1
METANET AG	chakra.li	1
team.blue Denmark A/S	MICROSOFT-CORP-MSN-AS-BLOCK	3
IONOS SE	schlund.de	2
CLOUDFLARENET	hosting24.com	1
kunden.ch	momoll.li	1
Vautron Rechenzentrum AG	anwaltki.li	1
ns14.net	graef.li	1
hosttech.ch	imme.li	1
hoststar.hosting	ernaehrungscoach.li	1
taywa.ch	RACKSPACE	1
linode.com	Blix Solutions AS	1
pc-plus.cloud	walliser.li	1
METANET AG	dune.li	1
cyon GmbH	parkcheck.li	1
computersupport.li	computersupport.li	1
hoststar.hosting	pergolashop.li	1
METANET AG	kohlbrenner.li	1
mtfcloud.ch	SQUIXA PTY LIMITED	1
cyon GmbH	honeypot.li	1
netcup GmbH	loomy.li	1
CLOUDFLARENET	yummylol.li	1
SECURITYSERVICES	zhaoning.li	1
swissit.net	stent.li	1
METANET AG	chrigi.li	1
hosting.de	masterlogin.de	1
thundercloud.uk	tani.li	1
Hetzner Online GmbH	hank.li	1
hoststar.hosting	ofenmanufaktur.li	1
Vautron Rechenzentrum AG	permanentmakeupstudio.li	1
gmg.biz	GMG AG	5
irondns.de	man.de	3
alfahosting.info	ispgateway.li	3
hoststar.hosting	porcel.li	1
Hostpoint AG	Cloudflare London, LLC	1
alfahosting.info	erlebnisreisen.li	1
pro.io	stoller.li	1
pro.io	berkshirehathaway.li	1
SupraNet AG	snowboardcoach.li	1
tmd.cloud	tmdhosting.com	1
pns.de	websale.net	1
checkdomain.de	hok.li	1
ch-inter.net	ferienwohnungen.li	1
NSONE	METANET AG	1
swindi.net	swindi.net	1
1984.is	ZOHO Corporation B.V	1
fima-hosting.ch	fima.li	1
METANET AG	swissplastic.li	1
netcup GmbH	uew.li	1
hosttech.ch	casanova.li	1
SupraNet AG	swm-ag.li	1
Datawire Ag	atemraum.li	1
hoststar.hosting	prosafety.li	1
Host Europe GmbH	jusline.li	1
CLOUDFLARENET	~	1
pro.io	2lm.li	1
IONOS SE	projektron.de	1
METANET AG	gstach.li	1
DNS-NET Services GmbH	b-town.li	1
hoststar.hosting	vontax.li	1
krk02.ch	circuit.li	1
kyberna.net	data-center.li	1
CLOUDFLARENET	fenerbahce.li	1
METANET AG	smartnet.li	1
Xelon AG	mailtrack.ch	1
lemarit.de	dandomain.dk	1
unaxus.net	internetgroup.li	1
yourshop.com	yourshop.com	1
METANET AG	bkm.li	1
swissit.net	60plus.li	1
foo.li	druckladen.li	1
METANET AG	brassidenz.li	1
NovaTrend Services GmbH	weltentdecker.li	1
dodns.net	dctp.eu	1
awsdns-09.com	ems.li	1
pro.io	siefert.li	1
METANET AG	alexis.li	1
in-berlin.de	oldach.net	1
Signet B.V.	angelusbrand.li	1
as2613.net	OVH SAS	1
fondsnet.com	fondsnet.de	1
adinox.ch	adinox.ch	1
lf.net	thesaurus-islamicus.org	1
SECURITYSERVICES	foxlyme.com	1
cyon GmbH	inp.li	1
Key-Systems GmbH	zebrahouse.de	1
jog.li	Fastmail Pty Ltd	1
Hangzhou Alibaba Advertising Co.,Ltd.	ZOHO-AS	1
Webland AG	lodax.li	1
Hetzner Online GmbH	toys4woman.li	1
easyrencontre.com	bak.fr	1
interway.ch	datencenter.li	1
ch-inter.net	fabiennefrommelt.li	1
AMAZON-02	NovaTrend Services GmbH	1
domaisy.de	bsk.li	1
GOOGLE	einfachlernen.li	1
simplehosting.ch	gueggi.li	1
xundns.com	2599cdn.com	1
deinhost.net	tanznacht.li	1
UNIFIEDLAYER-AS-1	microwave.li	1
netcup GmbH	feni.li	1
Key-Systems GmbH	easywalker.li	1
cyon GmbH	leopold.li	1
netcup GmbH	gjy.li	1
METANET AG	finanzpartner.li	1
ch-inter.net	kundert.li	1
xundns.com	buyusdt.me	4
dnssyn.de	webpoint.li	1
Signet B.V.	groen.li	1
pro.io	herweg.li	1
pixxudio.com	pixxudio.li	1
ipcom GmbH	dd24.net	1
CLOUDFLARENET	fredy.li	1
cavok.li	cavok.eu	1
isp7.cc	mailfilter.li	1
netcup GmbH	skill.li	1
psw.net	pswgroup.li	1
onlinefabrik.com	vacura.li	1
AMAZON-02	lovelens.li	1
netcup GmbH	resaru.li	1
cyon GmbH	expanderstore.li	1
CLOUDFLARENET	porkbun.com	1
pro.io	grusskarten.li	1
domeinbalie.nl	is.nl	2
METANET AG	nextcurling.li	1
METANET AG	sigrist.li	1
xnameserver.de	theis.li	1
hoststar.hosting	paff.li	1
internetdomainnameregistrar.org	Heinlein-Support GmbH	2
METANET AG	jazzzirkus.li	1
VITAL-DNS	noip.com	1
world4you.at	herzogloibner.li	1
hostserv.eu	escola.li	1
thednscompany.com	mvgm.li	1
massars.net	massars.net	1
ns14.net	baumgartnerthiede.li	1
METANET AG	samariter.li	1
cyon GmbH	dgvv.li	1
fichtner.li	ahrchitect.net	1
montevinos.de	mowe.li	1
Vautron Rechenzentrum AG	success.li	1
world4you.at	letybo.li	1
METANET AG	ballondekoration.li	1
hostserv.eu	trinkwasser.li	1
wservices.ch	wservices.ch	3
cyon GmbH	padella.li	1
Webland AG	lietopia.li	1
UNIFIEDLAYER-AS-1	loans.li	1
cloudns.net	m-technologies.ch	1
monade.li	monade.li	1
AMAZON-02	li-life web + it establishment	2
world4you.at	hubiana.li	1
afraid.org	gallery.li	1
pro.io	sods.li	1
ne.jp	naito.li	1
hoststar.hosting	cleis.li	1
Signet B.V.	sendcloud.li	1
alfahosting.info	seniorenreisen.li	1
CLOUDFLARENET	bne.li	1
cyon GmbH	werbefotografie.li	1
q-digital.ch	spiralrhetorik.li	1
METANET AG	weishaupt.li	1
hoststar.hosting	take5.li	1
Datawire Ag	borderterrier.li	1
Dreamscape Networks Limited	AUTOMATTIC	2
METANET AG	quick.li	1
Signet B.V.	juniorpress.li	1
NUCDN	yoigo.li	1
OVH SAS	flemming.li	1
easydns.com	GOOGLE	1
hosting.de	ixno.de	1
Vautron Rechenzentrum AG	dg-kosmetik.li	1
Hetzner Online GmbH	AMAZON-AES	1
nucore.net	hach.li	1
METANET AG	lisana.li	1
SECURITYSERVICES	postbankbanking.li	1
cyon GmbH	avocat.li	1
UNIFIEDLAYER-AS-1	ridgetaxi.li	1
lilo.ch	APPLE-ENGINEERING	1
macbay.net	buche.li	1
CLOUDFLARENET	minimaa.li	1
vericon.li	hostedoffice.ag	1
systemdns.com	GOOGLE	1
world4you.at	world4you.li	1
METANET AG	steinegger.li	1
ramnode.com	hie.li	1
EVANZO e-commerce GmbH	gohde.li	1
METANET AG	spreng.li	1
cyon GmbH	grand.li	1
netcup GmbH	maeule.net	1
ipcom GmbH	fmaihost.de	1
Hetzner Online GmbH	eurobuch.com	2
GOOGLE	tcl.li	1
CLOUDFLARENET	cker.li	1
gransy.com	grig.li	1
stayfriends.com	MICROSOFT-CORP-MSN-AS-BLOCK	3
hosttech.ch	hunde-reisen.li	1
labcc.ch	labcc.ch	1
Host Europe GmbH	hundephysio.li	1
webstyle.ch	webstyle.ch	1
Hoi Internet AG	jack51.li	4
cyon GmbH	zahnstocher.li	1
Host Europe GmbH	vulkane.li	1
GOOGLE	casabrasil.li	1
CLOUDFLARENET	burmistrzak.org	1
CLOUDFLARENET	iconic.li	1
cyon GmbH	schillingnews.li	1
Bluewin	hostpark.net	2
interway.ch	traditionelles-yoga.li	1
METANET AG	ballonline.li	1
PlusServer GmbH	personal-training.li	1
Telecom Liechtenstein AG	dadona.li	1
horisen.net	link.li	1
interway.ch	putzinstitut.li	1
Ledl.net GmbH	maponos.li	1
cyon GmbH	architekt.li	1
mojsite.com	debe.li	1
HURRICANE	jabb.li	1
Host Europe GmbH	enzfamily.li	1
VNET a.s.	webhouse.sk	1
Vautron Rechenzentrum AG	beauty-dg.li	1
METANET AG	skeppshult.li	1
hoststar.hosting	chris-galerie.li	1
cyon GmbH	bishop.li	1
ch-inter.net	rocketespresso.li	1
Bluewin	reichmuthco.ch	1
xn--trtsch-4ya.li	xn--trtsch-4ya.li	1
METANET AG	edel-brand.li	1
cyon GmbH	nutreat.li	1
netcup GmbH	pavel.li	1
AMAZON-02	trovit.com	1
Telecom Liechtenstein AG	gap24.li	1
interway.ch	lemur.li	1
cyon GmbH	augmentedreality.li	1
hosttech.at	freespirit.li	1
Host Europe GmbH	car-lounge.li	1
crocodille.com	MICROSOFT-CORP-MSN-AS-BLOCK	1
cyon GmbH	mick.li	1
as59715.net	qboxmail.com	1
guzelhosting.com	hoje.li	1
hoststar.hosting	hygienetechnik.li	1
Vautron Rechenzentrum AG	henf-group.li	1
qwas.li	qwas.li	1
hoststar.hosting	nsl.li	1
AUTOMATTIC	GOOGLE	1
timmehosting.de	vinello.li	1
thundercloud.uk	lani.li	1
CLOUDFLARENET	x3m.li	1
jawa.li	jawa.li	1
hoststar.hosting	kubik.li	1
galaxyweb.ch	babybloom.li	1
Vautron Rechenzentrum AG	cosmetic-studio.li	1
ipcom GmbH	dillidog.li	1
cyon GmbH	eurocomach.li	1
METANET AG	hoopers-agility.li	1
telekom-domains.de	t-systems-service.com	1
register.it	cloudmail.it	1
linode.com	roundhousecode.com	1
prodns.de	augenwerk.li	1
netcup GmbH	hxb.li	1
CLOUDFLARENET	yoursrs.com	1
Hetzner Online GmbH	dmcgroup.li	1
Host Europe GmbH	geraldkern.li	1
prodns.de	hertig.li	1
cuba-club.li	cuba-club.li	1
Host Europe GmbH	headless.li	1
Host Europe GmbH	mtfweb.ch	1
ch-inter.net	gtf.li	1
Telecom Liechtenstein AG	vtm.li	1
ch-inter.net	gruenbunt.li	1
schelling.li	schelling.li	1
world4you.at	taskapan.li	1
pro.io	bungert.li	1
cyon GmbH	tarnutzer.li	1
METANET AG	kueng.li	1
hoststar.hosting	buschtaxi.li	1
planethoster.net	planethoster.li	1
Webland AG	zermatt.li	1
Cyberlink AG	iui.li	1
buddyns.com	aexia.ch	2
pro.io	miggscherrer.li	1
Vautron Rechenzentrum AG	timelessbeauty.li	1
webstrator.com	hnt.li	1
newsdns.com	tiscali.li	1
netcup GmbH	manu.li	1
Webland AG	wego-hotel.li	1
iAdvantage Limited	aks.li	1
fastsecurehost.com	eto.li	1
METANET AG	metanet.ch	1
hoststar.hosting	liebesleben.li	1
METANET AG	cardsecurity.li	1
CLOUDFLARENET	ulr.li	1
cyon GmbH	k-loud.li	1
netcup GmbH	nmn.li	1
METANET AG	data-lab.li	1
METANET AG	buggy-online.li	1
hoststar.hosting	momente.li	1
UNIFIEDLAYER-AS-1	parents.li	1
NUCDN	general-overnight.li	1
METANET AG	zimmermann.li	1
METANET AG	sandrosimonaeschbach.li	1
interway.ch	hebebuehnenverleih.li	1
hoststar.hosting	APPLE-ENGINEERING	3
pinklemon.ch	kodexplus.li	1
hoststar.hosting	ideetransferbox.li	1
pinklemon.ch	elternportal.li	1
world4you.at	monalab.li	1
METANET AG	psi.li	1
AMAZON-02	betway.li	1
METANET AG	nobody.li	1
awsdns-07.org	GOOGLE	1
onlinekonfig.de	hallenbad.li	1
Webland AG	sama.li	1
hoststar.hosting	sigriswil.li	1
METANET AG	hacker.li	1
cyon GmbH	hoibot.li	1
netcup GmbH	emailer.li	2
hosttech.ch	kev.li	1
AMAZON-02	Fastmail Pty Ltd	4
CLOUDFLARENET	trendyol.li	1
NUCDN	davida.li	1
Datawire Ag	beos.li	1
hostmax.ch	doekbrijder.li	1
domaisy.de	usr.li	1
mordac.de	selfhost.de	1
UNIFIEDLAYER-AS-1	scuttle.li	1
private-ns.org	cyberdrop.li	1
hoststar.hosting	waech.li	1
hoststar.hosting	mlampert.li	1
LEASEWEB-USA-SFO	165.35	1
m-tech.li	restaurant-engel.li	1
ch-inter.net	broschueren.li	1
lumagroup.net	aaron.li	1
METANET AG	volpi.li	1
chaiste.ch	newclear.li	1
Hostpoint AG	ectaveo.li	1
netcup GmbH	jerolitsch.li	1
31dos.eu	jeroen.li	1
world4you.at	hutter.li	1
METANET AG	oda.li	1
ramnode.com	anomie.li	1
checkdomain.de	najad.li	1
world4you.at	blaimauer.li	1
arj.li	Fastmail Pty Ltd	1
cyon GmbH	legi.li	1
NForce Entertainment B.V.	Hangzhou Alibaba Advertising Co.,Ltd.	1
Key-Systems GmbH	x2box.li	1
fnoco.eu	p25.li	1
devals.net	Infomaniak Network SA	1
T-Mobile Austria GmbH	co.at	1
CLOUDFLARENET	jiw.li	1
np-edv.at	np-edv.at	1
UNIFIEDLAYER-AS-1	islander.li	1
Host Europe GmbH	attender.li	1
SECURITYSERVICES	puttynuts.com	1
dnservice.ch	innojobs.li	1
hosttech.ch	chess4kids.li	1
PlusServer GmbH	revelo.li	1
galea.at	MICROSOFT-CORP-MSN-AS-BLOCK	2
world4you.at	rapidosec.li	1
UNIFIEDLAYER-AS-1	kids.li	1
bueromarxer.li	msv1.invalid	1
allegro.pl	AS2-TRENDMICRO-COM	1
CLOUDFLARENET	xnn.li	1
swizzonic.ch	QUICKPACKET	2
OVH SAS	UpCloud Ltd	1
hoststar.hosting	yukon.li	1
ns35.de	listento.li	1
CLOUDFLARENET	nfoservers.com	1
CLOUDFLARENET	proxhost.email	1
CLOUDFLARENET	veganer.li	1
METANET AG	schaepper.li	1
hoststar.hosting	tschau.li	1
netcup GmbH	holl.li	1
cyon GmbH	tantumident.li	1
ipage.com	joyc.li	1
CLOUDFLARENET	kolb.li	1
METANET AG	foldaway.li	1
cyon GmbH	podoplus.li	1
domainname.at	dertierschutzverein.li	1
Webland AG	financeforum.li	1
hoststar.hosting	insanity.li	1
cyon GmbH	verofit.li	1
Telecom Liechtenstein AG	siaa-foundation.li	1
NUCDN	millionairefair.li	1
METANET AG	gettransfer.li	1
hoststar.hosting	monti.li	1
hoststar.hosting	urbanetz.li	1
Host Europe GmbH	screenticket.li	1
internet1.de	snowell.li	1
ipcom GmbH	matdox.li	1
hostnet.nl	franssen.li	1
plusserver.com	popken.de	3
bueromarxer.li	MICROSOFT-CORP-MSN-AS-BLOCK	1
Vautron Rechenzentrum AG	tracht.li	1
compi-host.ch	muerner.li	1
Telecom Liechtenstein AG	fl1.li	2
CLOUDFLARENET	quir.li	1
Arvato Systems GmbH	Mittwald CM Service GmbH & Co. KG	1
pro.io	gehalts-check.li	1
GRIDFURY-AS	nearlyfreespeech.net	2
Vautron Rechenzentrum AG	dhc.li	1
genesys informatica srl	grul.li	1
2is.nl	spamservice.nl	1
ch-inter.net	parade.li	1
cloud86.nl	uwg.li	1
wedos.cz	wedos.net	1
netcup GmbH	ehr.li	1
NUCDN	tangora.li	1
hoststar.hosting	qnz.li	1
ch-inter.net	genuss.li	1
NetActuate, Inc	youngsolutions.ch	1
Hostpoint AG	grof.li	1
world4you.at	gewinnspiel.li	1
CLOUDFLARENET	co.uk	1
TelemaxX Telekommunikation GmbH	fel.li	1
ch-inter.net	livingroom.li	1
SWITCH	schulen.li	1
AMAZON-02	accu.email	1
AMAZON-02	esia.li	1
checkdomain.de	wtec.li	1
O2switch SAS	megeve.li	1
dos-group.com	GOOGLE	1
METANET AG	hwbabycenter.li	1
NUCDN	meetingrooms.li	1
CLOUDFLARENET	addr.es	1
cyon GmbH	a-p-s.li	1
hoststar.hosting	leiser.li	1
Webland AG	probst.li	1
ns35.de	bynature.li	1
pro.io	migg.li	1
METANET AG	anthamatten.li	1
CLOUDFLARENET	rplg.co	1
CLOUDFLARENET	eynet.xyz	1
hoststar.hosting	horlacher.li	1
cyon GmbH	zfa.li	1
genesys informatica srl	eyof.li	1
rox.net	rox.net	1
pro.io	donner.li	1
ACTIVE 24, s.r.o.	MICROSOFT-CORP-MSN-AS-BLOCK	2
ne.jp	hisso.li	1
ipcom GmbH	gow.li	1
hoststar.hosting	capasso.li	1
prodns.de	neonet.li	1
AMAZON-02	brambles.li	1
CLOUDFLARENET	dso.li	1
DIGICERT	eagle.li	1
cyon GmbH	claudiabraun.li	1
UNIFIEDLAYER-AS-1	closets.li	1
hosttech.ch	APPLE-ENGINEERING	1
pro.io	themel.li	1
SECURITYSERVICES	vogue.li	1
hoststar.hosting	kemi.li	1
Vautron Rechenzentrum AG	permanentstudio.li	1
AMAZON-02	mercateo.com	1
BIZLAND-SD	chocome.li	1
awsdns-29.org	GOOGLE	1
SECURITYSERVICES	Hostpoint AG	1
rieder-it.at	softdent.li	1
senseLAN GmbH	kranz.li	1
Webland AG	aleancapital.li	1
netcup GmbH	kirchner.li	1
cyon GmbH	roescheisen.li	1
netcup GmbH	zelleb.de	1
GANDI SAS	nobless.li	1
ipcom GmbH	calimax.li	1
domaine.fr	scanerys.org	1
AMAZON-02	horsewear.li	1
simplehosting.ch	xn--tc-hofldeli-r8a.li	1
ibcnet.info	schneidemaschinen.li	1
TelemaxX Telekommunikation GmbH	bonumme.li	1
itserver.at	uebex.li	1
Webland AG	hfk.li	1
alfahosting.info	musikreisen.li	1
METANET AG	nora.li	1
Hostpoint AG	aspcloud.ch	1
yandexcloud.net	yandex.ru	1
world4you.at	koenig-gmbh.li	1
Datawire Ag	jcsakura.li	1
42-23.de	jmt.gr	1
hoststar.hosting	gisin.li	1
hoststar.hosting	marcher.li	1
Telecom Liechtenstein AG	sugarbox.li	1
arcade.ch	Bluewin	1
CLOUDFLARENET	Webglobe, s.r.o.	1
hoststar.hosting	geocache.li	1
AMAZON-02	haoxin.li	1
interfasys.net	303.li	1
hosttech.ch	cel.li	1
GANDI SAS	hce.li	1
awsdns-29.net	coolblue.nl	1
c64.ch	play-zone.li	1
METANET AG	spicher.li	1
Webland AG	manfredi.li	1
UNIFIEDLAYER-AS-1	shoreham.li	1
Infomaniak Network SA	salini.li	1
cyon GmbH	velotax.li	1
Bluewin	xn--gemse-mva.li	1
Cloud DNS Ltd	GOOGLE	1
ha-dns.net	fritz.gmbh	1
hoststar.hosting	asalia.li	1
co.uk	rren.li	1
linode.com	rosy.li	1
pro.io	mze.li	1
hostpress.de	GOOGLE	1
NUCDN	expensereductionanalysts.li	1
Vautron Rechenzentrum AG	xioni.li	1
METANET AG	schwerelos.li	1
checkdomain.de	heycar.li	1
cyon GmbH	custer.li	1
Hetzner Online GmbH	katja.li	1
nhl-data.dk	paqle.li	1
cyon GmbH	offroad4you.li	1
world4you.at	comoliving.li	1
host.ch	programmierung.li	1
nameserver.center	goldenberg.li	1
netcup GmbH	asm.li	1
bitstore.group	yoho.li	1
hoonix.com	glasfaser.li	1
nameserver.center	trustless.li	1
SupraNet AG	daffy.li	1
hostven07.com	redeem.li	1
METANET AG	mysortimo.li	1
CLOUDFLARENET	hell.sh	3
dukers.eu	dukers.li	1
cyon GmbH	tintenfisch.li	1
wobdns.de	serv.li	1
cyon GmbH	gotti.li	1
AMAZON-02	pangme.li	1
Neue Medien Muennich GmbH	w2w.at	1
dold.li	dold.li	1
phoebe.li	GOOGLE	1
Webland AG	vellux.li	1
ipcom GmbH	wolferajd.eu	1
world4you.at	fae.li	1
nadns1.com	michael-otto.li	1
netim.net	fgw.li	1
world4you.at	putzmaus.li	1
hawkhost.com	steven.li	1
Hetzner Online GmbH	lindenhurst.li	1
adomain.ch	ator.li	1
METANET AG	triennale.li	1
036.ch	midainvest.li	1
nodesecure.com	bleim.com	1
0800freecall.ch	muldenzentrale.li	1
dyndnsfree.de	namemaster.de	1
mediogate.de	Mittwald CM Service GmbH & Co. KG	1
hoststar.hosting	bant.li	1
METANET AG	mydepot.li	1
dnx.lu	besite.be	2
cloudns.net	kenzomail.de	1
linode.com	jobsinliechtenstein.li	1
NUCDN	777casino.li	1
Telecom Liechtenstein AG	vacor.li	1
infomaniak.com	ivk.li	1
Telecom Liechtenstein AG	schaedler.li	1
GOOGLE	wservices.ch	1
valcato.com	anja.li	1
CLOUDFLARENET	yandex.ru	1
METANET AG	waelch.li	1
hoststar.hosting	urbanclassics.li	1
UNIFIEDLAYER-AS-1	vote.li	1
METANET AG	agentur.li	1
UNIFIEDLAYER-AS-1	piratetaxi.li	1
ch-inter.net	communications.li	1
GANDI SAS	ersem.li	1
psw.net	psw-group.li	1
Vautron Rechenzentrum AG	steadi.li	1
Webland AG	hmteducation.li	1
hoststar.hosting	rehberger.li	1
cyon GmbH	schlege.li	1
hoststar.hosting	spring.li	1
OVH SAS	awit.at	2
domaisy.de	zof.at	1
cyon GmbH	assessperform.li	1
host.ch	pk-group.li	1
webhostingpremium.com	sales.li	1
CLOUDFLARENET	obd.li	1
Hetzner Online GmbH	greatsouthbay.li	1
CLOUDFLARENET	yaat.ovh	1
CLOUDFLARENET	UpCloud Ltd	3
Telecom Liechtenstein AG	GOOGLE	2
awsdns-38.net	GOOGLE	1
UNIFIEDLAYER-AS-1	roofer.li	1
Host Europe GmbH	emptinez.li	1
ces.hk	com.hk	1
interway.ch	pilgerweg.li	1
Vautron Rechenzentrum AG	permanentbusy.li	1
zonomi.com	sathu.li	1
webhosternameserver.com	GOOGLE	1
interway.ch	krippendorf.li	1
METANET AG	lodresso.li	1
mybizcloud.at	mybizcloud.at	2
METANET AG	autoglasexpert.li	1
awsdns-05.org	GOOGLE	1
Webland AG	taurus-sachwerte.li	1
inmotionhosting.com	hema.li	1
Vautron Rechenzentrum AG	studiomakeup.li	1
Hetzner Online GmbH	nol.li	1
Global Village GmbH	ferroni.de	3
buetzberger.ch	MICROSOFT-CORP-MSN-AS-BLOCK	1
Telecom Liechtenstein AG	dottore.li	1
w3w.de	procloud.li	1
cyon GmbH	ncode.ch	1
novodent.li	novodent.li	1
ipcom GmbH	ewers.li	1
mikana.li	mikana.li	1
world4you.at	bulmor.li	1
kompetenzzentrum.li	hosttech GmbH	2
netcup GmbH	rascher.li	1
internethosting.at	aon.at	1
SupraNet AG	mella.li	1
hoststar.hosting	perron.li	1
interway.ch	scharon.li	1
green.ch AG	arsmtp.com	4
Webland AG	tresa.li	1
cyon GmbH	contaxa.li	1
cyon GmbH	xn--schnzeit-p4a.li	1
cyon GmbH	bger.li	1
lifoy.it	littler.li	1
METANET AG	tenac-montage.li	1
CLOUDFLARENET	miju.li	1
cyon GmbH	frp.li	1
Signet B.V.	MICROSOFT-CORP-MSN-AS-BLOCK	2
CLOUDFLARENET	web4free.eu	1
archive.li	GOOGLE	1
pro.io	precube.li	1
hostserv.eu	iqm.li	1
Host Europe GmbH	fusion.li	1
pixelx.de	hallo.cloud	1
Vautron Rechenzentrum AG	studiokosmetik.li	1
PlusServer GmbH	umzugsfirma.li	1
NUCDN	netbet.li	1
CLOUDFLARENET	hostinger.lt	1
hostserv.eu	sive.li	1
METANET AG	musikinstrumente.li	1
Vautron Rechenzentrum AG	grobinternational.li	1
aperas.com	osmium-institute.li	1
NUCDN	rhino3d.li	1
edvl.ch	kyburz.li	1
netcup GmbH	4xs.org	1
beeldr.hosting	archers.li	1
world4you.at	dermakler.li	1
UNIFIEDLAYER-AS-1	contracts.li	1
wix.com	VTX Services SA	1
UNIFIEDLAYER-AS-1	c21.li	1
UNIFIEDLAYER-AS-1	lease.li	1
VITAL-DNS	krnz.li	1
netcup GmbH	xn--frnk-moa.li	1
cyon GmbH	dominic.li	1
namesystem.se	glesys.se	2
Vautron Rechenzentrum AG	p-m-u.li	1
secure-gw.de	boersenmedien.net	1
server-routing.com	dmp.li	1
gilgo.io	wa-wa-yanda.li	1
hosttech.ch	fundamentarealestate.li	1
cyon GmbH	woodhousing.li	1
wobdns.de	burn.li	1
Key-Systems GmbH	ZOHO-AS	1
dn-s.nl	mydeed.li	1
SECURITYSERVICES	stepstone.li	1
contabo.net	rolf.li	1
ch-inter.net	psycon.li	1
hoststar.hosting	dasch.li	1
dodns.net	homeofshirts.li	1
Vautron Rechenzentrum AG	permanentinn.li	1
hosttech.ch	pasch.li	1
Webland AG	genussfestival.li	1
lebureau.coop	OVH SAS	1
shockmedia.nl	lightpro.li	1
cargo.site	NAMECHEAP-NET	1
hosttech.ch	2amici.li	1
Hetzner Online GmbH	traderoad.li	1
zestylemon.com	ash.li	1
pro.io	daheim.li	3
senseLAN GmbH	hasler.li	1
ecomedia.ch	MICROSOFT-CORP-MSN-AS-BLOCK	1
netcup GmbH	jano.li	1
Host Europe GmbH	leidner.li	1
pro.io	reichenbach.li	1
AMAZON-02	kingbright-europe.li	1
cyon GmbH	naut.li	1
mordac.de	MICROSOFT-CORP-MSN-AS-BLOCK	1
xundns.com	olns.vip	2
ns0.nl	unified.li	1
hosting.de	yourprovider.de	1
awsdns-00.org	Hostpoint AG	1
pro.io	cavalera.li	1
issp.at	issp.at	2
checkdomain.de	wildmeisterei.li	1
METANET AG	olvr.li	1
hoststar.hosting	lidia.li	1
rapidracknetworks.net	Datacamp Limited	1
SECURITYSERVICES	corpmailsvcs.com	1
fasttrackdns.com	CLOUDFLARENET	2
a2dns.com	realestatematching24.li	1
Webland AG	highsociety.li	1
raiffeisen.at	MICROSOFT-CORP-MSN-AS-BLOCK	1
hostserv.eu	dachfenster.li	1
Telecom Liechtenstein AG	rhg.li	1
UNIFIEDLAYER-AS-1	plumbing.li	1
METANET AG	AS2-TRENDMICRO-COM	1
CLOUDFLARENET	zwoggel.net	1
litesoft.ro	litesoft.ro	1
Hostpoint AG	Heinlein-Support GmbH	2
hdf.li	hdf.li	1
Telecom Liechtenstein AG	wohndekor.li	1
CLOUDFLARENET	vidaxl.li	1
ipcom GmbH	kovac.li	1
frays.com	1tl.com	1
METANET AG	neuweiler.li	1
Infomaniak Network SA	myunispace.com	1
METANET AG	euroops.li	1
UNIFIEDLAYER-AS-1	icecream.li	1
verisigndns.com	GOOGLE	3
ipcom GmbH	fn-ms.de	1
CLOUDFLARENET	kool.li	1
Nessus GmbH	consolidate.at	1
hoster.by	hoster.by	1
Webland AG	mori.li	1
CLOUDFLARENET	glz.li	1
METANET AG	heizwerk.li	1
hoststar.hosting	tmu.li	1
AMAZON-02	betwaysports.li	1
Hostpoint AG	bettermann.ch	1
cyon GmbH	stee.li	1
nameserver.center	soldo.li	1
unaxus.net	philosophie.li	1
villah.eu	hostghost.nl	1
cyon GmbH	m01.ch	1
METANET AG	sucht.li	1
Telecom Liechtenstein AG	mservices.li	1
lcube-ns.de	pro-bag.li	1
senseLAN GmbH	amsfl.li	1
schulzmedia.li	vonbun.li	1
Xserver Inc.	peko.li	1
nether.net	paesch.li	1
O2switch SAS	milon.li	1
NSONE	SECURITYSERVICES	1
DIGITALOCEAN-ASN	diamond.li	1
bithammer.de	bithammer.de	1
mysecurecloudhost.com	arsenal.li	1
Vautron Rechenzentrum AG	permanenta.li	1
hostcenter.li	prints.li	1
cyon GmbH	gewo.li	1
web-elements-gmbh.ch	synorga.li	1
secure-gw.de	secure-gw.de	1
Vautron Rechenzentrum AG	skendy.li	1
Deutsche Telekom AG	m-online.net	1
dditservices.com	livejasmin.li	1
superhosting.bg	naydenov.li	1
cyon GmbH	michaelrisch.li	1
hostserv.eu	web-design.li	1
iplace.at	iplace.at	1
SupraNet AG	ginamay.li	1
hosttech.ch	dirr.li	1
Infomaniak Network SA	copian.li	1
hoststar.hosting	marcowachter.li	1
GOOGLE	fernwartungen.li	1
ch-inter.net	zeller.li	1
hosttech.at	obereder.org	1
Host Europe GmbH	schaefle.li	1
netcup GmbH	kring.li	1
NUCDN	smartphoto.li	1
CLOUDFLARENET	naive.network	1
nervenklinik.at	kurios.at	1
ch-inter.net	ohp.li	1
PlusServer GmbH	hamster.li	1
pinklemon.ch	familienfreundlich.li	1
METANET AG	xmv.li	1
Vautron Rechenzentrum AG	longtimecosmetic.li	1
cyon GmbH	maisondor.li	1
cyon GmbH	fenster.li	1
rcel.li	marceltransier.de	1
bossengineering.ch	rechtswissenschaft.li	1
swissit.net	vvh.li	1
hosttech.ch	ambulant.li	1
internic.at	internic.at	3
domserver.de	dspost.de	1
teemill.com	environtmenta.li	1
METANET AG	vincenzo.li	1
spacenetwork.eu	hud.li	1
yourhosting.eu	CLDIN B.V.	2
Vautron Rechenzentrum AG	grob-property.li	1
NovaTrend Services GmbH	APPLE-ENGINEERING	1
webhosternameserver.com	astropair.li	1
vtspace.ch	web24.li	1
hostingww.com	carnevali.li	1
dn-s.nl	leisure.li	1
Vautron Rechenzentrum AG	sena.li	1
Webland AG	taeschler.li	1
schlundtech.de	MICROSOFT-CORP-MSN-AS-BLOCK	3
Key-Systems GmbH	wacker-neuson.li	1
checkdomain.de	lvto.li	1
METANET AG	wueest.li	1
hoststar.hosting	one4all.li	1
Telecom Liechtenstein AG	lionsclub.li	1
hoststar.hosting	aussie.li	1
OVH SAS	Infomaniak Network SA	2
cyon GmbH	other.li	1
CLOUDFLARENET	inleed.xyz	1
dimofinf.net	njd.li	1
afraid.org	redlight.li	1
ns35.de	reichart.li	1
netcup GmbH	haenni.li	1
cfdns.biz	barracudanetworks.com	1
hosttech.ch	sup.li	1
world4you.at	vossen.li	1
cyon GmbH	same.li	1
cyon GmbH	organizer.li	1
funkhost.be	fnk.li	1
UNIFIEDLAYER-AS-1	guitars.li	1
cyon GmbH	lakeballs.li	1
NSONE	Cloudflare London, LLC	4
guests.ch	winzeler.li	1
hostweb.de	korn.li	1
CLOUDFLARENET	x2cpanel.com	1
incubatec.net	serverclienti.net	1
cyon GmbH	gitz.li	1
NUCDN	hoya.li	1
hosting.de	twooit.com	1
njk.li	ZOHO Corporation B.V	1
cyon GmbH	american-field-service.li	1
Infomaniak Network SA	Fastmail Pty Ltd	1
cloudns.net	METANET AG	1
NUCDN	duracelldirect.li	1
fssg.at	stebio.at	1
pro.io	eez.li	1
Telecom Liechtenstein AG	dominator.li	1
Signet B.V.	GOOGLE	3
hoststar.hosting	kaercher-center.li	1
NUCDN	wemakeit.com	1
netsons.net	linkfy.li	1
Host Europe GmbH	zima.li	1
METANET AG	calligraphy.li	1
Vautron Rechenzentrum AG	dg-international.li	1
Vautron Rechenzentrum AG	henf.li	1
de-nserver.de	GOOGLE	1
AMAZON-02	mergerscorp.li	1
METANET AG	datalab.li	1
hoststar.hosting	poltera.li	1
world4you.at	verfilzt.li	1
cyon GmbH	primenursingcare.li	1
globalnet.ch	medianetwork.li	1
netcup GmbH	ecn.li	1
pro.io	dingeausholz.li	1
CLOUDFLARENET	teamextension.li	1
kola.li	alfi.li	1
inic.ch	inic.ch	1
com.br	linki.li	1
senseLAN GmbH	com.li	1
com.br	mateus.li	1
hoststar.hosting	platec.li	1
IONOS SE	zeg.de	1
AMAZON-02	myimpact.li	1
hoststar.hosting	globalcamp.li	1
first-colo.net	pm-international.com	1
isp7.cc	qcic.li	1
cyon GmbH	muhmenthaler.li	1
hosttech.ch	schmidhalter.li	1
CLOUDFLARENET	hostinger.de	3
cyon GmbH	camara.li	1
hostserv.eu	allinvest.li	1
checkdomain.de	novarcon.li	1
Key-Systems GmbH	registrygate.li	1
ips.ch	krafft.li	1
swizzonic.ch	brenn.li	1
world4you.at	lottacurls.li	1
alixon.ch	alixon.ch	1
pro.io	bana.li	1
webhostingserver.nl	grrr.li	1
dogado GmbH	simpladent.li	1
DIGICERT	rapidmail.li	1
teliko.net	teliko.net	1
monotho.me	monotho.me	1
Hetzner Online GmbH	planet-school.de	1
hoststar.hosting	bbx.li	1
hoststar.hosting	fonti.li	1
ipcom GmbH	benchmark.li	1
Hostpoint AG	Iway AG	1
Host Europe GmbH	peer.li	1
METANET AG	lippuner.li	1
senseLAN GmbH	gov.li	1
ns14.net	der-mail-server.de	1
netcup GmbH	loh.li	1
cyon GmbH	waeb.li	1
Host Europe GmbH	jank.li	1
domainers.de	heilind.li	1
ispone-business.de	marlena.li	1
IONOS SE	2030.li	1
boll.ch	boll.ch	2
SECURITYSERVICES	pb-leasing.li	1
cyon GmbH	diener.li	1
pro.io	enerface.li	1
CLOUDFLARENET	ira.li	1
UNIFIEDLAYER-AS-1	accountant.li	1
awsdns-12.com	turner.com	1
METANET AG	enfinio.li	1
senseLAN GmbH	makes.li	1
internic.at	MICROSOFT-CORP-MSN-AS-BLOCK	1
hoststar.hosting	dalmatiner.li	1
Host Europe GmbH	vreni.li	1
hoststar.hosting	inni.li	1
Vautron Rechenzentrum AG	yozgat.li	1
METANET AG	druckteam.li	1
unknown	gocard.li	1
netcup GmbH	vor.li	1
schlundtech.de	tiri.gmbh	1
hosttech.ch	presserat.li	1
Infomaniak Network SA	Heinlein-Support GmbH	2
Telecom Liechtenstein AG	eupalinos.li	1
Webland AG	filmfabrik.li	1
massresponse.com	massresponse.com	1
routing.net	gemballa.li	1
CLOUDFLARENET	mailr.ch	3
Host Europe GmbH	kingsofchaos.li	1
netcup GmbH	netcup.li	1
kpn.net	kpn-mobile.li	1
METANET AG	helpmail.li	1
netcup GmbH	chyl.li	1
ANEXIA Internetdienstleistungs GmbH	GANDI SAS	1
ipcom GmbH	family-holding.li	1
cyon GmbH	tantumpay.li	1
checkdomain.de	faepa.li	1
Vautron Rechenzentrum AG	steueranwalt.li	1
UNIFIEDLAYER-AS-1	massapequa.li	1
Webland AG	wiss.li	1
Newsnet AG	ratus.li	1
balansinternet.nl	balansinternet.nl	1
hoststar.hosting	haushandwerker.li	1
cyon GmbH	mpj.li	1
simplehosting.ch	psl.li	1
netcup GmbH	3pgeo.li	1
alfahosting.info	stagile.li	1
febas.net	zimaro.li	1
Newsnet AG	schaan.li	1
migadu.com	OVH SAS	2
ch-inter.net	ente.li	1
srv.br	bitup.li	1
cyon GmbH	clevar.li	1
NUCDN	tsetinis.li	1
cyon GmbH	cronbergasset.li	1
ch-inter.net	kurzeauszeit.li	1
hoststar.hosting	salutaris.li	1
CLOUDFLARENET	sigrun.li	1
schlundtech.de	chabango.net	1
dfinet.ch	dfinet.ch	2
world4you.at	haengebruecke.li	1
world4you.at	wohnrechtimmobilien.li	1
routing.net	somatours.li	1
ipcom GmbH	hostpark.net	1
Webland AG	kyrifund.li	1
hoststar.hosting	graber.li	1
hoststar.hosting	hairandbody.li	1
UNIFIEDLAYER-AS-1	florist.li	1
PlusServer GmbH	icecup.li	1
netcup GmbH	lunchdeal.li	1
Webland AG	gummiseil.li	1
cyon GmbH	thillmann.li	1
Vautron Rechenzentrum AG	objekt-m.li	1
alfahosting.info	emmy.li	1
dynu.com	micropay.li	1
ANEXIA Internetdienstleistungs GmbH	oerlikon.li	1
world4you.at	zweisam.li	1
MICROSOFT-CORP-MSN-AS-BLOCK	AMAZON-02	1
netcup GmbH	hlo.li	1
Cyso Group B.V.	kinzo.li	1
Vautron Rechenzentrum AG	langzeitmakeup.li	1
METANET AG	speedweb.li	1
hoststar.hosting	irene.li	1
occ.li	occ.li	1
prodns.de	eherecht.li	1
NUCDN	dxo.li	1
managed-ip.com	hilcona.li	1
romarg.com	whmpanels.com	1
foo.li	stabag.com	1
pro.io	autoberufe.li	1
nameserver.center	ippl.li	1
world4you.at	pangea.li	1
Webland AG	ferienjob.li	1
UNIFIEDLAYER-AS-1	nassau.li	1
Signet B.V.	nxtgenry.li	1
Signet B.V.	ltlc.services	1
pro.io	fluehler.li	1
entelcore.com	brts.li	1
webone.ch	Virtualtec Solutions AG	2
PlusServer GmbH	zeitpolster.li	1
kuhlma-it.de	melrent.li	1
ipcom GmbH	nobis.zone	1
kcs-netz.de	999.li	1
yoursite.ch	GOOGLE	1
hoststar.hosting	tuerkiye.li	1
Webland AG	onefund.li	1
waterproof.li	waterproof.li	1
Webland AG	strahlungsfrei.li	1
superdnsserver.net	v-tac.li	1
CLOUDFLARENET	dha.li	1
checkdomain.de	autobid-auktion.li	1
cyon GmbH	dmoz.li	1
hoststar.hosting	glatz.li	1
iten-obernosterer.com	mailserver.li	5
highway1.ch	photoindex.li	1
netim.net	MICROSOFT-CORP-MSN-AS-BLOCK	1
Webland AG	skytraxx.li	1
one.com	MICROSOFT-CORP-MSN-AS-BLOCK	2
fima-hosting.ch	victualis.li	1
afraid.org	nadig.li	1
METANET AG	logisch.li	1
netcup GmbH	mihoyo.li	1
UNIFIEDLAYER-AS-1	cdb.li	1
METANET AG	panchaud.li	1
Hetzner Online GmbH	traumauto.li	1
AS-VULTR	Fastmail Pty Ltd	2
ipcom GmbH	enc99-int.com	1
cyon GmbH	bls-cargo.li	1
schork.li	schork.li	1
alphanet-dns.de	fracht.li	1
world4you.at	ht-heiztechnik.li	1
world4you.at	neuropsychologie.li	1
hosttech.ch	textkonzept.li	1
Nine Internet Solutions AG	nfred.ch	1
netcup GmbH	hardtours.li	1
Key-Systems GmbH	luxenburger.li	1
ns14.net	aluminiumbruecken.li	1
hosttech.ch	geldeintreiber.li	1
hoststar.hosting	xli.li	1
METANET AG	citizensourcing.li	1
METANET AG	air-balloon.li	1
METANET AG	bugnon.li	1
ferienhuetten.ch	axanet.ch	1
34t.li	34t.li	1
comint.li	comint.li	1
cyon GmbH	dobu.li	1
ipcom GmbH	lma.li	1
kpn.net	nxs.nl	1
NSONE	omn.li	1
dom.bg	kaza.li	1
hoststar.hosting	rauchwerk.li	1
Signet B.V.	pisp.li	1
dnspackage.com	GOOGLE	1
suratkargo.net	surat.li	1
Key-Systems GmbH	MICROSOFT-CORP-MSN-AS-BLOCK	1
compa.ch	mailscanner.ch	1
hostserv.eu	primeport.li	1
cyon GmbH	myoffice.li	1
telekom-domains.de	23M GmbH	1
Nexanet AG	lanpool.ch	1
dnspod.net	cnmnmsl.top	1
swissit.net	the-alpinist.li	1
ipcom GmbH	dialogue.li	1
Hetzner Online GmbH	srvmk.de	3
cyon GmbH	structuredproducts.li	1
cyon GmbH	avocats.li	1
powerwp.com	squ.li	1
METANET AG	it-security.li	1
METANET AG	vereinsportal.li	1
pro.io	bb-ins.li	1
ipcom GmbH	dankoe.de	1
ipcom GmbH	terradanubia.li	1
ipcom GmbH	lavazzaespressopoint.li	1
Telecom Liechtenstein AG	adventure.li	1
CLOUDFLARENET	pantercon.li	1
afraid.org	Eurofiber France SAS	1
lcube-ns.de	promobox.li	1
Hetzner Online GmbH	netease.com	1
METANET AG	gamebox.li	1
checkdomain.de	danardo.li	1
OVH SAS	Blix Solutions AS	2
m-tech.li	MICROSOFT-CORP-MSN-AS-BLOCK	2
CLOUDFLARENET	iht.li	1
hostserv.eu	ayya.li	1
PlusServer GmbH	optidry.li	1
UNIFIEDLAYER-AS-1	southamptontaxi.li	1
Vautron Rechenzentrum AG	permanentmobil.li	1
contabo.net	vape.li	1
awsdns-21.com	hin.ch	1
Vautron Rechenzentrum AG	golfhotel.li	1
ipcom GmbH	sophos.com	1
gransy.com	digiexpert.li	1
ipcom GmbH	actus.li	1
PLANETHOSTER-8	noti.li	1
dnsprotect.eu	nss.li	1
swizzonic.ch	Host Europe GmbH	2
cyon GmbH	mydream.li	1
AMAZON-02	nasodren.li	1
afraid.org	anarchie.li	1
oetiker.ch	oetiker.ch	1
UNIFIEDLAYER-AS-1	toy.li	1
hostserv.eu	syss.li	1
goldvision.com	pilotenschule.li	1
managed-ip.com	biogena.li	1
hoststar.hosting	bewaesserung.li	1
UNIFIEDLAYER-AS-1	marathon.li	1
AMAZON-02	saga.li	1
hoststar.hosting	houseofbeauty.li	1
millenniumarts.net	webgo GmbH	1
CLOUDFLARENET	sak.li	1
pro.io	ZOHO-AS	1
telihosting.li	telsupport.li	1
netcup GmbH	oee.li	1
hosting.de	cso.net	1
dnspod.net	mage.li	1
Webland AG	rsdm.li	1
ch-inter.net	arztpraxis.li	1
OVH SAS	auroch.be	1
Webland AG	police.li	1
de-nserver.de	minimundus.li	1
Telecom Liechtenstein AG	fernsehen.li	1
CLOUDFLARENET	mailserver.hu	2
world4you.at	nikolic.li	1
hotdomains.at	rasch-voran.li	1
METANET AG	battistini.li	1
birch.li	Proton AG	1
UNIFIEDLAYER-AS-1	divorce.li	1
SECURITYSERVICES	OVH SAS	7
METANET AG	sinnfabrik.li	1
cyon GmbH	decarli.li	1
SERVERSTACK-ASN	idnet.li	1
Ledl.net GmbH	iqsol.at	1
Vautron Rechenzentrum AG	haexe.li	1
METANET AG	firefighters.li	1
ns35.de	head-room.li	1
mijn.host	Heinlein-Support GmbH	1
cyon GmbH	dsgvo.li	1
hoststar.hosting	borgo.li	1
cyon GmbH	maeder.li	1
METANET AG	techteach.li	1
hoststar.hosting	augrenier.li	1
melbourneit.net	GOOGLE	1
hosttech.ch	bluemoon.li	1
Vautron Rechenzentrum AG	xn--wertschutzraumtren-06b.li	1
ns14.net	whappodo.com	1
cyon GmbH	vibrodata.li	1
cyon GmbH	mettlerlaw.li	1
hostserv.eu	tothemoon.li	1
kei.pl	myaic.li	1
hoststar.hosting	maisme.li	1
METANET AG	pro-trading.li	1
CLOUDFLARENET	visitnet.de	1
hoststar.hosting	atconcept.li	1
alfahosting.info	tagesausflug.li	1
Hostpoint AG	pretherapy.li	1
AMAZON-02	miraclenoodle.li	1
qweb.co	digireg.li	1
MICROSOFT-CORP-MSN-AS-BLOCK	enyem.net	1
Akamai International B.V.	AMAZON-02	1
heimetli.ch	frieda.li	1
hoststar.hosting	mpe.li	1
cyon GmbH	ausana.li	1
Hetzner Online GmbH	QUICKPACKET	1
managed-ip.com	newyorker.de	1
SupraNet AG	vom.li	1
world4you.at	oberscheider.li	1
METANET AG	bona.li	1
awsdns-13.com	AUTOMATTIC	1
GOOGLE	pko.li	1
netland.ch	netland.li	1
Webland AG	handelsschule.li	1
hosttech.ch	zwiker.li	1
hoststar.hosting	blumenthal.li	1
ch-inter.net	sektorz.li	1
Signet B.V.	detail.li	1
SupraNet AG	dcsag.li	1
METANET AG	ballonwelt.li	1
swissit.net	ungarn.li	1
NUCDN	original.li	1
taenzer.hosting	taenzer.hosting	1
21torr.com	metropolis.de	1
Telecom Liechtenstein AG	AS2-TRENDMICRO-COM	1
Webland AG	duerrenberger.li	1
METANET AG	autokindersitz.li	1
schweizer-domain.ch	pillpack.li	1
METANET AG	healthy.li	1
is.nl	ladress.li	1
dnspod.net	com.cn	1
Hetzner Online GmbH	sofo.network	1
CLOUDFLARENET	barracudanetworks.com	1
niagahoster.com	pruf.li	1
vasquez.at	vasquez.at	1
unaxus.net	warlord.li	1
schlundtech.de	union.tax	1
Xserver Inc.	hine.li	1
METANET AG	sterilair.li	1
liquidweb.com	RACKSPACE	2
Webland AG	b-club.li	1
cyon GmbH	spamcheck.net	1
argus.li	xml365.li	1
telemaxx.net	23M GmbH	2
SECURITYSERVICES	autoonline.de	2
CLOUDFLARENET	albaes.li	1
AMAZON-02	borderfree.li	1
stabletransit.com	paas.li	1
webinit.de	webinit.de	1
checkdomain.de	birgels.li	1
cyon GmbH	stoop.li	1
beep.hu	beep.hu	1
cyon GmbH	velocorner.li	1
CLOUDFLARENET	gil.li	1
ipcom GmbH	damart.li	1
METANET AG	takeabreak.li	1
hoststar.hosting	artissimo.li	1
UNIFIEDLAYER-AS-1	mineola.li	1
Webland AG	hildebrand.li	1
hoststar.hosting	hoststar.hosting	1
OVH SAS	freehosting.com	1
pro.io	coachingplus.li	1
Vautron Rechenzentrum AG	kosmetik-beauty.li	1
world4you.at	APPLE-ENGINEERING	3
METANET AG	ballonexpress.li	1
yourhosting.eu	MICROSOFT-CORP-MSN-AS-BLOCK	1
world4you.at	vierlaendereck.li	1
hoststar.hosting	cocker.li	1
UNIFIEDLAYER-AS-1	drycleaner.li	1
METANET AG	cmb.li	1
HURRICANE	ZOHO Corporation B.V	1
NUCDN	cartridgepeople.li	1
broccoligo.systems	baraco.li	1
SECURITYSERVICES	Zoho Corporation Pvt. Ltd	2
linode.com	schurawlow.me	1
OVH SAS	raxi.be	1
world4you.at	komplizen.li	1
hoststar.hosting	artech.li	1
Vautron Rechenzentrum AG	q-railing.li	1
6.53	deletethis.li	1
cubic.ch	documentsigning.li	1
pro.io	ksz.li	1
hoststar.hosting	gurtner.li	1
interway.ch	garabandal.li	1
managed-ip.com	takko-fashion.li	1
iok.net	23M GmbH	1
hoststar.hosting	celik.li	1
SupraNet AG	mg-prototyping.li	1
focusnet.ch	shadetec.li	1
hoststar.hosting	carl-huter.li	1
world4you.at	dimag.li	1
SECURITYSERVICES	postbank-payment.li	1
managed-ip.com	takko.li	1
GANDI SAS	vii.li	1
pro.io	zappelmaus.li	1
ORACLE-BMC-31898	SECURITYSERVICES	2
cyon GmbH	sozi.li	1
CLOUDFLARENET	syslevel.li	1
pro.io	lemcke.li	1
Vautron Rechenzentrum AG	stadthotel.li	1
Hetzner Online GmbH	genre.li	1
CLOUDFLARENET	wjm.li	1
hoststar.hosting	aurelia.li	1
xmelm.ch	xmelm.ch	3
dns24.ch	daheim.li	1
cloudns.net	jelmoni.net	2
vdns.at	vkw.at	2
hover.com	veluria.moe	1
ns14.net	koro.li	1
Webland AG	folien.li	1
dnspod.net	likexin.cn	1
METANET AG	liem.li	1
METANET AG	bolster.li	1
IONOS SE	all-stars.li	1
world4you.at	leitungswasser.li	1
hostgator.com	simplegreen.li	1
CLOUDFLARENET	netease.com	2
interway.ch	kork.li	1
netcup GmbH	cik.li	1
cyon GmbH	feldenkrais.li	1
world4you.at	flohmarktkalender.li	1
DIGICERT	barracudanetworks.com	1
phirents.ch	MICROSOFT-CORP-MSN-AS-BLOCK	1
stene.li	stene.li	1
CLOUDFLARENET	RACKSPACE	3
Hetzner Online GmbH	long-island.li	1
netcup GmbH	schirmer.li	1
exenti.ch	trojka.li	1
cyon GmbH	naegele-capaul.li	1
Core-Backbone GmbH	MICROSOFT-CORP-MSN-AS-BLOCK	2
CLOUDFLARENET	dkp.li	1
domainers.de	giffits.de	1
O2switch SAS	black-friday.li	1
pro.io	elpro.li	1
internex.at	cbdexpress.li	1
world4you.at	ridr.li	1
GOOGLE	mail-ch.ch	1
bitpoint.hosting	MICROSOFT-CORP-MSN-AS-BLOCK	1
Host Europe GmbH	pray.li	1
cyon GmbH	caspers.li	1
CLOUDFLARENET	renerco.com	1
freehostia.com	MICROSOFT-CORP-MSN-AS-BLOCK	1
vegasystems.de	vegasystems.de	2
scour.li	scour.li	1
i-motion.de	i-motion.de	1
netcup GmbH	davet.li	1
Bluewin	neovac.ch	1
CLOUDFLARENET	cdn301.vip	1
pro.io	rubyli.li	1
li-life web + it establishment	0\	1
NSONE	github.io	2
checkdomain.de	cardealife.li	1
dnspod.net	cdn.pet	1
CLOUDFLARENET	shasha.li	1
Webland AG	koernlein.li	1
vadian.net	kurtus.li	1
Key-Systems GmbH	netlife.li	1
aperture-labs.org	shd.li	1
introweb.nl	kiekens.li	1
METANET AG	unserekinder.li	1
syrahost.com	greenswim.li	1
CLOUDFLARENET	tagirl.info	1
nitrado.de	reroute.li	1
pro.io	stadler.li	1
Signet B.V.	Proton AG	1
pidginhost.com	globalbox.li	1
devaux.li	008.li	1
ACTIVE 24, s.r.o.	abl.li	1
UNIFIEDLAYER-AS-1	woodburytaxi.li	1
netcon.at	edelstahlschwimmbad.li	1
hoststar.hosting	schwob.li	1
hosttech.ch	trockener-keller.li	1
hosting4you.ch	hibiscus.li	1
Newsnet AG	hautzentrum.li	1
CLOUDFLARENET	fahli.net	1
cyon GmbH	cosmesan.li	1
twinservers.net	fpr.li	1
cyon GmbH	ciconia.li	1
cyon GmbH	systemcredits.li	1
tsnet.ch	xtc.li	1
a1.net	vonblon.at	1
i-net-hosting.net	vending-report.li	1
METANET AG	kunstmuseum.li	1
netcup GmbH	bit-coins.li	1
hoststar.hosting	beautymarket.li	1
netcup GmbH	erath.li	1
iresults.li	linexa.li	1
eolas.fr	eolas.fr	1
world4you.at	airqueen.li	1
simplehosting.ch	hofstetter.li	1
netzwerge.de	netzwerge.de	2
UNIFIEDLAYER-AS-1	swim.li	1
hoststar.hosting	hansemann.li	1
kupidomain.bg	thepetshop.li	1
TelemaxX Telekommunikation GmbH	serverdomain.org	4
hoi.li	MICROSOFT-CORP-MSN-AS-BLOCK	1
moriz.de	moriz.net	1
helloly.com	naillounge.li	1
GANDI SAS	minipax.li	1
dn-s.nl	igo-werbeartikel.li	1
Webland AG	dextra.li	1
infomaniak.com	Blix Solutions AS	1
hoststar.hosting	wonder-tabs.li	1
Hetzner Online GmbH	jenner.li	1
tkp.li	presta.li	2
PLANETHOSTER-8	citla.li	1
UNIFIEDLAYER-AS-1	valleystreamtaxi.li	1
METANET AG	glanzmann.li	1
METANET AG	loretan.li	1
gretlerintermedia.ch	crossclouds.com	1
cyon GmbH	dess.li	1
PlusServer GmbH	k-o.li	1
unaxus.net	vanessamax.li	1
checkdomain.de	villa-kunterbunt.li	1
METANET AG	heidiladen.li	1
ecircle.de	domeus.com	1
Vautron Rechenzentrum AG	safes.li	1
OVH SAS	ymaa.li	1
scan-plus.com	MICROSOFT-CORP-MSN-AS-BLOCK	1
ip-projects.de	ebner-markus.de	1
cloudns.net	fondsinstitutionell.li	1
world4you.at	meusburger.li	1
ipcom GmbH	trainingscenter.li	1
CLOUDFLARENET	ecollect.net	1
hosttech.ch	djjames.li	1
world4you.at	goldzentrale.li	1
thundercloud.uk	sense.li	1
home.pl S.A.	teknamotor.li	1
team.blue Denmark A/S	Proton AG	1
GOOGLE	ngym.li	1
MICROSOFT-CORP-MSN-AS-BLOCK	AS2-TRENDMICRO-COM	2
dogado.de	qr-codes.li	1
hoststar.hosting	baumpflege.li	1
host.ch	hws.li	1
domainers.de	heilind-electronics.li	1
pro.io	minimix.li	1
Akamai International B.V.	SECURITYSERVICES	1
Vautron Rechenzentrum AG	autor.li	1
NUCDN	androide.li	1
UNIFIEDLAYER-AS-1	gardens.li	1
hoststar.hosting	wevent.li	1
schlundtech.de	myibson.com	2
hosttech.ch	sinopo.li	1
ch-inter.net	weltklassik.li	1
hoststar.hosting	osteo.li	1
netcup GmbH	kkp.li	1
CLOUDFLARENET	jbc.li	1
nameserver.center	retroterra.li	1
IONOS SE	allstars.li	1
kit-online.de	polaris-investments.li	1
Host Europe GmbH	messer.li	1
hoststar.hosting	wer.li	1
Telecom Liechtenstein AG	trendmedia.li	1
ch-inter.net	gugi.li	1
dns26.net	netissime.li	1
UNIFIEDLAYER-AS-1	rfe.li	1
UUNET	MICROSOFT-CORP-MSN-AS-BLOCK	1
CLOUDFLARENET	rack.farm	1
ntdns.de	shmy.li	1
METANET AG	keey.li	1
world4you.at	lims.li	1
hostmax.ch	xemail.li	1
hoststar.hosting	jahrmarkt.li	1
ORACLE-BMC-31898	APPLE-ENGINEERING	1
Key-Systems GmbH	fundvelo.li	1
CLOUDFLARENET	ai-solutions.li	1
dnspod.net	github.io	2
AMAZON-02	rethink-fintech.li	1
SupraNet AG	xperts.li	1
vladh.net	Fastmail Pty Ltd	1
inware.ch	renggli.li	1
adomain.ch	carte.li	1
interway.ch	fensterreinigung.li	1
cyon GmbH	fidofit.li	1
Hostpoint AG	control-panel.li	1
ch-inter.net	res.li	1
Telecom Liechtenstein AG	biena.li	1
SECURITYSERVICES	short.io	1
awsdns-03.com	stellen-suche.li	1
Hetzner Online GmbH	buswerbung.li	1
ewdns.ch	apotheker.li	1
SECURITYSERVICES	NTS workspace AG	1
CLOUDFLARENET	z-a.li	1
Hetzner Online GmbH	z44.li	1
netcup GmbH	feelicity.li	1
kpn.net	basemobile.li	1
webimbiss-domains.de	whserv.de	1
METANET AG	dasilva.li	1
abrecht.li	abrecht.li	1
cyon GmbH	holztisch.li	1
diplixhost.de	newsmail.li	1
matho.net	matho.net	1
UNIFIEDLAYER-AS-1	fios.li	1
Host Europe GmbH	Neue Medien Muennich GmbH	1
METANET AG	swissfpvracing.li	1
METANET AG	minzi.li	1
blueboard.cz	blueboard.cz	1
Cloud DNS Ltd	berufs-check.li	1
CLOUDFLARENET	javascript.email	1
peifeng.li	APPLE-ENGINEERING	1
OVH SAS	vyv.me	1
89grad.ch	fwd.li	1
brandinc.at	ZOHO Corporation B.V	1
world4you.at	wriwohnrechtimmobilie.li	1
Vautron Rechenzentrum AG	permanentpeople.li	1
Vautron Rechenzentrum AG	beautymakeup.li	1
linode.com	zxz.li	1
OVH SAS	introversi.org	1
METANET AG	lumiere.li	1
MICROSOFT-CORP-MSN-AS-BLOCK	IONOS SE	1
inware.ch	GOOGLE	1
CLOUDFLARENET	azka.li	1
AS-VULTR	ultr.li	1
netcup GmbH	kalite.li	1
DIGICERT	co.uk	1
AMAZON-02	unifarcofriends.li	1
netcup GmbH	brunch-lunch-dinner.li	1
Vautron Rechenzentrum AG	lanyards.li	1
exigo.ch	ben-akustik.ch	1
cyon GmbH	iml.li	1
METANET AG	citybirds.li	1
netcup GmbH	fwm.li	1
argewebhosting.com	argewebhosting.nl	2
UNIFIEDLAYER-AS-1	contractors.li	1
GOOGLE	mateco.li	1
cyon GmbH	jellyfish.li	1
checkdomain.de	Hetzner Online GmbH	1
SECURITYSERVICES	bhw-partner.li	1
METANET AG	byyond.li	1
swissit.net	pci.li	1
domdom.net	domdom.hu	3
world4you.at	wirliebenpapierkram.li	1
stabletransit.com	plat.li	1
yourdomainprovider.net	cre8ion.nl	1
DIGICERT	rheoli.net	1
firedrake.org	firedrake.org	1
buero.org	immobilien-frei.li	1
netcup GmbH	mirror-cloud.li	1
pro.io	lichtsteiner.li	1
infomaniak.com	APPLE-ENGINEERING	2
parspack.co	stocks.li	1
Host Europe GmbH	it-elite.com	1
pro.io	insektenschutz.li	1
net.il	GOOGLE	1
checkdomain.de	sugarshape.li	1
UNIFIEDLAYER-AS-1	concerts.li	1
net.in	GOOGLE	1
world4you.at	mtaroutes.com	1
METANET AG	oliva.li	1
swizzonic.ch	nipp.li	1
SECURITYSERVICES	jack-wolfskin.com	3
Infomaniak Network SA	Tutao GmbH	2
internex.at	Proton AG	1
netcup GmbH	182.li	1
zomro.com	YANDEX LLC	1
hoststar.hosting	aveva.li	1
vestra ICT Ltd.	51.173	1
OVH SAS	uma.li	1
Hetzner Online GmbH	alfahosting-server.de	1
EVANZO e-commerce GmbH	curry.li	1
GANDI SAS	ifg.io	1
Host Europe GmbH	adardo.li	1
world4you.at	guazli.li	1
Groupe LWS SARL	trampolinepark.li	1
host.ch	oos.li	1
MICROSOFT-CORP-MSN-AS-BLOCK	heron.li	1
glattnet.ch	glattnet.ch	1
world4you.at	amberg.li	1
MICROSOFT-CORP-MSN-AS-BLOCK	jasmon.ch	1
ignadns.com	jbb.li	1
domainrobot.center	wtcof.li	1
METANET AG	staub.li	1
METANET AG	s-camper.li	1
peaknetworks.net	MICROSOFT-CORP-MSN-AS-BLOCK	2
CLOUDFLARENET	anaxanet.com	1
UNIFIEDLAYER-AS-1	farmingdale.li	1
CLOUDFLARENET	laoxuezhuji.com	1
hoststar.hosting	fzb.li	1
METANET AG	itsecurity.li	1
inhostedns.com	mx.services	1
Hetzner Online GmbH	rudin.io	1
ievolution.ch	brightventures.li	1
METANET AG	nsb.li	1
dorob.de	sourceway.li	1
netcup GmbH	x4u.li	1
METANET AG	c42.li	1
ns37.de	registrierungsstelle.li	1
METANET AG	guggenheim.li	1
name-services.com	iotf.net	1
METANET AG	gewalt.li	1
AMAZON-02	mummysgold.li	1
SECURITYSERVICES	alhel.li	1
pro.io	hanselmann.li	1
ember.li	n0emis.eu	1
METANET AG	stimme-der-hoffnung.de	1
ns14.net	hitstec.de	1
vioma.at	4.31	1
checkdomain.de	niki-ag.li	1
hosttech.ch	sungard.li	1
hoststar.hosting	schmetterlingskinder.li	1
AMAZON-02	staycity.li	1
awsdns-10.com	Fastmail Pty Ltd	1
dns-zonen.ch	Hetzner Online GmbH	1
Net-Build GmbH	ultimateyoung.li	1
checkdomain.de	medicus.li	1
awsdns-14.net	lifeware.ch	1
ns14.net	then.li	1
hoststar.hosting	yes.li	1
SECURITYSERVICES	AMAZON-02	2
CLOUDFLARENET	diek.li	1
world4you.at	roaddiner.li	1
Vautron Rechenzentrum AG	l-straps.li	1
CLOUDFLARENET	lkz.li	1
METANET AG	gerster.li	1
hoststar.hosting	naturheilkunde.li	1
CLOUDFLARENET	ice-cue.de	1
internex.at	bikeworld24.li	1
hoststar.hosting	cryx.li	1
NovaTrend Services GmbH	unico.systems	1
namemaster.de	namemaster.de	1
uhosting.ch	xn--brtschi-5wa.li	1
cyon GmbH	sigma-bank.li	1
peernet.de	tarotkarten.li	1
Webland AG	wineconsult.li	1
UNIFIEDLAYER-AS-1	southbound.li	1
swizzonic.ch	buerki.li	1
interway.ch	ganymed.li	1
domserver.de	national-print.li	1
ipcom GmbH	bleb.li	1
server-091.com	lsg.li	1
Key-Systems GmbH	dnr.li	1
Vautron Rechenzentrum AG	aktiengesellschaft.li	1
easydns.com	sirs.li	1
CLOUDFLARENET	axc.eu	1
ipcom GmbH	actus-tax.li	1
internet1.de	gemmi.li	1
netcup GmbH	lagel.li	1
checkdomain.de	meiss.li	1
exigo.ch	nti.li	1
hosttech.ch	it-nearshoring.li	1
hoststar.hosting	salil.li	1
METANET AG	webface.li	1
ipcom GmbH	humorverwaltung.de	1
crystalc.net	OVH SAS	1
ns35.de	gesundheits-zentrum.li	1
world4you.at	positivephotography.li	1
Vautron Rechenzentrum AG	beautebeaute.li	1
hostserv.eu	23M GmbH	1
hoststar.hosting	pcnet.li	1
UNIFIEDLAYER-AS-1	kid.li	1
world4you.at	voltwagen.li	1
NSONE	willemstraat.org	1
ch-inter.net	moeglich-machen.li	1
cyon GmbH	zuhause.li	1
cyon GmbH	stuessi.li	1
ns14.net	exx.li	1
NetActuate, Inc	AMAZON-AES	1
UNIFIEDLAYER-AS-1	longbeach.li	1
SYNLINQ	mx.microsoft	1
METANET AG	isi.li	1
contabo.net	miso.li	1
UNIFIEDLAYER-AS-1	loan.li	1
Vautron Rechenzentrum AG	grob-realestate.li	1
hoststar.hosting	ncci.li	1
UNIFIEDLAYER-AS-1	weinsure.li	1
ipcom GmbH	petit-bateau.li	1
Webland AG	fruechtebox-express.li	1
ipcom GmbH	snowtrex.com	3
Webland AG	dsc.li	1
HURRICANE	efs.li	1
METANET AG	antik-militaria.li	1
Host Europe GmbH	miceportal.li	1
cyon GmbH	noetz.li	1
snafu.de	snafu.de	2
CLOUDFLARENET	husse.li	1
Hostpoint AG	lumenadvisory.li	1
ievolution.ch	mswag.li	1
sanctuario.ch	mbox.li	1
insm.cloud	thw.li	1
Vautron Rechenzentrum AG	muenchen.li	1
infomaniak.com	METANET AG	2
Webland AG	bdt.li	1
Hostpoint AG	Host Europe GmbH	1
cmshost.ch	NovaTrend Services GmbH	1
glipac.ch	MICROSOFT-CORP-MSN-AS-BLOCK	1
Hetzner Online GmbH	emaar.li	1
METANET AG	mischler.li	1
Deutsche Telekom AG	graph-it.com	1
DIGITALOCEAN-ASN	easytoys.li	1
netim.net	ZOHO-AS	1
CLOUDFLARENET	baxter.com	1
strategy-design.at	strategy-design.net	1
ipcom GmbH	calzedonia.com	2
ipcom GmbH	sieger.de	1
netcup GmbH	genia.li	1
UNIFIEDLAYER-AS-1	teachers.li	1
hostgator.com	learn.li	1
CLOUDFLARENET	mann-management.de	1
ch-inter.net	compliancehub.li	1
METANET AG	OVH SAS	2
Vadian.Net AG	Fastmail Pty Ltd	1
bluelilies.de	dornier.li	1
Webland AG	vuk.li	1
METANET AG	vonarx.li	1
internetproviders.at	insolution.li	1
Hostpoint AG	mailstation.ch	2
ipcom GmbH	t-ja.de	1
TelemaxX Telekommunikation GmbH	pnp.li	1
netcup GmbH	kad.li	1
Telecom Liechtenstein AG	lie.net	1
peernet.de	tarot-online.li	1
Vautron Rechenzentrum AG	beautyimport.li	1
awsdns-01.com	stelleninserat.li	1
SECURITYSERVICES	sofitel.li	1
AMAZON-02	cssp.li	1
scannet2.dk	scannet.dk	1
netcup GmbH	noot.li	1
cyon GmbH	amk-collectra.ch	1
Key-Systems GmbH	piotrowski.li	1
world4you.at	wsf.li	1
ezzed.com	bak.fr	1
hostserv.eu	ZOHO-AS	1
NUCDN	irishferries.li	1
netcup GmbH	tweb.li	1
AMAZON-02	yinying.li	1
CLOUDFLARENET	985.li	1
senseLAN GmbH	netcat.li	1
NetActuate, Inc	a4a.de	1
cyon GmbH	j-o.li	1
20dragons.com	c0m.li	1
hoststar.hosting	lackschutz.li	1
hosting.de	Heinlein-Support GmbH	1
ch-inter.net	gregus.li	1
hoststar.hosting	events4you.li	1
ch-inter.net	juliette.li	1
MICROSOFT-CORP-MSN-AS-BLOCK	trashmail.li	1
METANET AG	putzheld.li	1
cyon GmbH	jamos.li	1
METANET AG	ecdesign.li	1
hoststar.hosting	schuerpf.li	1
world4you.at	hauer.li	1
Vautron Rechenzentrum AG	mypermanent.li	1
netcup GmbH	kursawe.li	1
AMAZON-02	brydg.li	1
pro.io	ninart.li	1
lgt.com	lgt.com	1
kpn.net	kpn-ict.li	1
netsons.net	hts.li	1
hostcenter.li	matro.li	1
hostever.us	cfh.li	1
co.za	co.za	1
METANET AG	paarberatung.li	1
Vautron Rechenzentrum AG	reemex.li	1
NSONE	NetEase Building No.16 Ke Yun Road	1
hoststar.hosting	hartung.li	1
ipcom GmbH	printy.li	1
Vautron Rechenzentrum AG	hco.li	1
hoststar.hosting	sarilacivert.li	1
awsdns-38.net	GANDI SAS	1
Knipp Medien und Kommunikation GmbH	GOOGLE	2
cyon GmbH	spitzenreport.li	1
Telecom Liechtenstein AG	sit.li	1
Vautron Rechenzentrum AG	permanentmobile.li	1
netcup GmbH	fav.li	1
ch-inter.net	ergo-therapie.li	1
Hetzner Online GmbH	lammers.li	1
pro.io	cashare.li	1
Knipp Medien und Kommunikation GmbH	alegracapital.com	1
world4you.at	housebook.li	1
UNIFIEDLAYER-AS-1	map.li	1
pro.io	NetEase Building No.16 Ke Yun Road	1
top4net.at	aimx.at	1
Hangzhou Alibaba Advertising Co.,Ltd.	Fastmail Pty Ltd	1
shit.li	shit.li	1
domain24.com	dietz.li	1
METANET AG	sushi-lounge.li	1
hover.com	dez.li	1
AS-VULTR	GOOGLE	1
Vautron Rechenzentrum AG	xaas.li	1
cyon GmbH	foxcom.li	1
ucoz.net	LLC VK	1
gigahost.dk	gigahost.dk	1
Cloud DNS Ltd	kindle.li	1
Vautron Rechenzentrum AG	economist.li	1
NUCDN	getoptics.li	1
nameserver.de	acadoo.li	1
cyon GmbH	agri-culture.li	1
z-hosting.ch	axpel.li	1
AMAZON-02	galafoldamenabilitytable.li	1
O2switch SAS	allo.li	1
hostmax.ch	youwrite.li	1
SupraNet AG	vigor.li	1
ch-inter.net	buchzentrum.li	1
ns14.net	solex.li	1
lederhaas.com	bauer.li	1
NUCDN	landesk.li	1
METANET AG	kochclub.li	1
METANET AG	dkl.li	1
hoststar.hosting	weitnauer.li	1
cyon GmbH	optimus.li	1
cyon GmbH	felstechnik.li	1
kle.li	datenclown.at	1
Telecom Liechtenstein AG	punktum.li	1
name-services.com	Chinanet	1
swizzonic.ch	azim.li	1
IONOS SE	cirali.email	1
Webland AG	clientsolutions.li	1
isource.ch	MICROSOFT-CORP-MSN-AS-BLOCK	2
Safenames Ltd.	landal.com	1
cyon GmbH	serafina.li	1
CLOUDFLARENET	stahlzart.li	1
awsdns-09.org	alpha.li	1
bb-online.info	co.uk	1
UNIFIEDLAYER-AS-1	lynbrook.li	1
Webland AG	radin.li	1
NUCDN	rephouse.li	1
cyon GmbH	fruehauf.li	1
systemdns.com	sjccomputing.com	1
OVH SAS	QUICKPACKET	1
Infomaniak Network SA	Blix Solutions AS	1
sahibindenhosting.com	gvn.li	1
Vautron Rechenzentrum AG	sasan.li	1
cyon GmbH	mediamarc.li	1
swizzonic.ch	sky-net.li	1
world4you.at	keckex.li	1
mainnameserver.com	spencer.li	1
cyon GmbH	ks-enterprise.li	1
hoststar.hosting	fanzun.li	1
wm-sherifi.ch	solarium.li	1
AMAZON-02	edensprings.li	1
novahosting.ch	petit.li	1
pinklemon.ch	nlaw.li	1
hoststar.hosting	artigiano.li	1
hoststar.hosting	kletex.li	1
hoststar.hosting	coaching.li	1
IONOS SE	nautilus-ag.li	1
Key-Systems GmbH	na-e.li	1
METANET AG	pgr.li	1
CLOUDFLARENET	frankoa.li	1
cyon GmbH	telopharma.li	1
markmonitor.com	alldomains.com	1
hoststar.hosting	bionyx.li	1
routing.net	somahouseboats.li	1
Webland AG	greuter.li	1
Webland AG	summit-invest.li	1
GANDI SAS	07zr.com	1
swizzonic.ch	bawi.li	1
Datawire Ag	schoch.li	1
EVANZO e-commerce GmbH	urm.li	1
norplex-communications.com	spengler.li	1
awsdns-22.net	business-coaching.li	1
Host Europe GmbH	beastowner.li	1
hosttech.ch	romio.li	1
NUCDN	di-soric.li	1
Hostpoint AG	Hetzner Online GmbH	3
Hetzner Online GmbH	leroux.li	1
METANET AG	wohnen-im-alter.li	1
hostname.ch	Hetzner Online GmbH	1
Webland AG	sharonschaefer.li	1
world4you.at	finanzen-steuern.li	1
METANET AG	hoffmanns.li	1
TV-COM AG	firsthost.li	1
SECURITYSERVICES	krafthealthyliving.li	1
METANET AG	netzwerk-natur.li	1
CLOUDFLARENET	kouta.li	1
hoststar.hosting	sanchezgonzalez.li	1
Vautron Rechenzentrum AG	rm-autopflege.li	1
Signet B.V.	edak.li	1
Webland AG	swissar.li	1
METANET AG	psmanaged.com	1
UNIFIEDLAYER-AS-1	pet.li	1
crocodille.com	crocodille.cz	1
Hostpoint AG	cimino.li	1
Hetzner Online GmbH	prozesswiki.li	1
NUCDN	example.com	1
Telecom Liechtenstein AG	schlucher-treff.li	1
checkdomain.de	fineway.li	1
CLOUDFLARENET	9zy.de	1
Webland AG	hauswart.li	1
unic24.net	inx.ch	1
SupraNet AG	ingenieur.li	1
de-nserver.de	hundetraining.li	1
METANET AG	payyourbills.li	1
wpx.net	humor.li	1
Hetzner Online GmbH	babel.li	1
hostorama.ch	webtec.li	1
blacknightsolutions.com	blacknight.ie	1
domainers.de	dry-ager.li	1
CLOUDFLARENET	biii.li	1
Datawire Ag	akp.li	1
METANET AG	samichlaus.li	1
edns.li	edns.li	1
Ledl.net GmbH	alltagsfreude.li	1
nameserver.center	cyberresiliencescore.li	1
UNIFIEDLAYER-AS-1	analog.li	1
gzo.com	adana.li	1
Webland AG	gesundtechnik.li	1
netcup GmbH	gigg.li	1
regfish GmbH	Blix Solutions AS	1
letsdnsit.nl	MICROSOFT-CORP-MSN-AS-BLOCK	1
ch-inter.net	combitube.li	1
Hetzner Online GmbH	plakat.li	1
AMAZON-02	shelterstore.li	1
NUCDN	interwetten.li	1
psi.net	psi.net	1
asmallorange.com	remy.li	1
NSONE	AUTOMATTIC	2
CLOUDFLARENET	asena.li	1
hostserv.eu	ehrensberger.li	2
afraid.org	asr.li	1
cyon GmbH	kosmesan.li	1
awsdns-07.com	METANET AG	1
CLOUDFLARENET	kuku.li	1
METANET AG	til.li	1
schulzmedia.li	trebosa.li	1
sauerkaese.li	sauerkaese.li	1
METANET AG	fiechter.li	1
AMAZON-02	wine-tours.li	1
CLOUDFLARENET	moonsmile.ch	1
yourownnameserver.com	linc.li	1
cyon GmbH	gerth.li	1
cyon GmbH	agriculture.li	1
METANET AG	metavers.li	1
hoststar.hosting	alpentour.li	1
SECURITYSERVICES	jacuzzi.it	1
netcup GmbH	langmaack.li	1
netcup GmbH	foss-syndicate.org	1
bestpath.li	bestpath.li	2
UNIFIEDLAYER-AS-1	jewelers.li	1
pro.io	amazingflights.li	1
Vautron Rechenzentrum AG	exportal.li	1
3eck.net	film.li	1
nameserver.center	flexcool.li	1
supremedns.com	mylogin.co	1
sabotage.net	sabotage.org	1
AMAZON-02	perfectos.li	1
cyon GmbH	versteigerung.li	1
CLOUDFLARENET	wdg.li	1
iptwins.com	teaforte.li	1
SECURITYSERVICES	profits.trade	1
Hetzner Online GmbH	mhs.ch	1
cyon GmbH	lunin.li	1
ch-inter.net	artceramica.li	1
alfahosting.info	ktw.li	1
NUCDN	casino-777.li	1
METANET AG	tenex.li	1
Vautron Rechenzentrum AG	beautydg.li	1
METANET AG	zeo.li	1
hoststar.hosting	stinger.li	1
METANET AG	pewo.li	1
METANET AG	ulb.li	1
checkdomain.de	alphaheadhunter.li	1
ab stract ltd	ppq.li	1
hoststar.hosting	fischers.li	1
zierhut-networks.de	nailart.li	1
pro.io	one-commerce.li	1
CLOUDFLARENET	gha.li	1
ch-inter.net	daniil.li	1
hoststar.hosting	pioniers.li	1
ipcom GmbH	ltur.li	1
Webland AG	eheinz.li	1
CLOUDFLARENET	stratoserver.net	1
Telecom Liechtenstein AG	globomatic.li	1
cyon GmbH	werttransport.li	1
serverarray.ch	buerki-hosting.ch	1
CLOUDFLARENET	bergers.li	1
vismadns.com	datakraftverk.no	1
prosecure.ch	MICROSOFT-CORP-MSN-AS-BLOCK	1
ipcom GmbH	green-to-heat.li	1
mwebdns.de	zilla.li	1
ipcom GmbH	mm-infotec.net	1
UNIFIEDLAYER-AS-1	engineer.li	1
hoststar.hosting	matt-rc.li	1
world4you.at	paragon-advocacy.li	1
cyon GmbH	rjb.li	1
hoststar.hosting	tcu.li	1
hostserv.eu	zuy.li	1
cyon GmbH	akustikstoff.li	1
pro.io	zentangle.li	1
internettoday.com	alterego.li	1
openagentur.ch	crealeader.li	1
ipcom GmbH	ibz.li	1
pro.io	hala.li	1
Webland AG	kmu-hilft-kmu.li	1
SECURITYSERVICES	mlu.li	1
dnsbackup.net	mx-hub.cz	1
METANET AG	bakemehappy.li	1
cyon GmbH	fabian.li	1
devaux.li	devaux.li	1
swissit.net	myocardialinfarction.li	1
Neue Medien Muennich GmbH	Tutao GmbH	1
hosttech.ch	gatto.li	1
cyon GmbH	claudio.li	1
METANET AG	bama.li	1
world4you.at	martinfetz.li	1
IONOS SE	~	1
GANDI SAS	oh.je	1
cyon GmbH	xn--lmhle-iua8b.li	1
NetActuate, Inc	sweetgood.de	3
cyon GmbH	schlatters.li	1
Hetzner Online GmbH	clam.li	1
Host Europe GmbH	ecotrend.li	1
Telecom Liechtenstein AG	pbc.li	1
Host Europe GmbH	gur.li	1
Vautron Rechenzentrum AG	zazan.li	1
netcup GmbH	crs.li	1
Webland AG	hubers.li	1
cnibn.net	GOOGLE	2
pro.io	e-g-e.li	1
comtronic.ch	ceweb.ch	1
netcup GmbH	llill.li	1
schlundtech.de	Neue Medien Muennich GmbH	2
Signet B.V.	xebia.li	1
NForce Entertainment B.V.	bornwebserver.nl	1
pro.io	paulin.li	1
METANET AG	innovationseinkommen.li	1
ns35.de	liebing.li	1
host.ch	hoehenarbeit.li	1
pinklemon.ch	pink.li	1
SECURITYSERVICES	marzul.li	1
SECURITYSERVICES	193.74	1
Webland AG	entenrennen.li	1
ch-inter.net	nqfl.li	1
Signet B.V.	imagine.li	1
domain-hosting.name	citom.eu	2
dnsmisitio.net	convision.li	1
Aveniq AG	MICROSOFT-CORP-MSN-AS-BLOCK	1
HURRICANE	ZOHO-AS	1
SECURITYSERVICES	uvensys GmbH	1
METANET AG	locher.li	1
Vautron Rechenzentrum AG	sabany.li	1
internex.at	medeg.ch	2
a1.net	tripple.at	1
cyon GmbH	plenity.li	1
ch-inter.net	staubsaugerbeutel.li	1
Key-Systems GmbH	visagraph.li	1
METANET AG	stargate.li	1
musa.li	toku.li	2
Vautron Rechenzentrum AG	fmail.cc	1
markmonitor.com	bose.com	1
Host Europe GmbH	largamus.li	1
CLOUDFLARENET	canali.li	1
Vautron Rechenzentrum AG	711fitness.li	1
Hetzner Online GmbH	kasse.li	1
UNIFIEDLAYER-AS-1	mortgage.li	1
CLOUDFLARENET	jod.li	1
pro.io	online-shop.li	1
senseLAN GmbH	wirtschaftsimpulse.li	1
METANET AG	retro-cars.li	1
maik.li	maik.li	3
oderland.com	int.li	1
tb1.ch	loewengruppe.com	3
CLOUDFLARENET	gambling.li	1
server-farm.net	playamedia.io	2
worldsoft-isp.net	MICROSOFT-CORP-MSN-AS-BLOCK	1
adot.ch	adot.ch	1
Cloud DNS Ltd	salmann.li	1
hosttech.ch	hopto.org	1
METANET AG	simon.li	1
METANET AG	tymi.li	1
Webland AG	steinemann.li	1
hostinkos.com	fiori.li	1
itsaw.net	focher.li	1
seohost.pl	powo.li	1
netrics.ch	netrics.ch	1
eu-rack.com	work.de	1
cyon GmbH	fringeli.li	1
bonconnect.de	licht-blick.li	1
UNIFIEDLAYER-AS-1	diner.li	1
NUCDN	bravofly.li	1
awsdns-01.net	wolverineworldwide.com	1
world4you.at	ozonos.li	1
hoonix.com	telekommunikation.li	1
cyon GmbH	springrolls.li	1
METANET AG	mkd.li	1
Vautron Rechenzentrum AG	all4hair.li	1
Vautron Rechenzentrum AG	filmpal.li	1
METANET AG	kuvert.li	1
UNIFIEDLAYER-AS-1	fence.li	1
CLOUDFLARENET	b2-networx.net	1
Domain names registrar REG.RU, Ltd	Cloudflare London, LLC	1
UNIFIEDLAYER-AS-1	chevrolet.li	1
routing.net	webmobil24.com	2
vivanet.ch	prohumanitate.li	1
IONOS SE	hybridserver.at	1
managed-ip.com	MICROSOFT-CORP-MSN-AS-BLOCK	1
dotaustria.com	1domain.at	1
METANET AG	rsl.li	1
world4you.at	schaden.li	1
hoststar.hosting	derosa.li	1
1&1 Versatel Deutschland GmbH	MICROSOFT-CORP-MSN-AS-BLOCK	1
domserver.de	dietrich.li	1
Vautron Rechenzentrum AG	grobhome.li	1
pro.io	energiebalance.li	1
pro.io	bimkoordinator.li	1
localhost.li	localhost.li	1
UNIFIEDLAYER-AS-1	studio.li	1
hoststar.hosting	gartenzwerg.li	1
world4you.at	djandy.li	1
METANET AG	ljw.li	1
juniper-sons.com	laserworld.li	1
cyon GmbH	rara.li	1
ewdns.ch	scalera.ch	2
ch-inter.net	bodmer.li	1
METANET AG	fantastique.li	1
Telecom Liechtenstein AG	duenser.li	1
Hetzner Online GmbH	pili.li	1
Cyber_Folks S.A.	klimek.li	1
senseLAN GmbH	dese.li	1
internex.at	belohni.li	1
swizzonic.ch	Mittwald CM Service GmbH & Co. KG	1
OVH SAS	uvensys GmbH	1
CLOUDFLARENET	ihara.li	1
mirohost.net	mirohost.net	2
Infomaniak Network SA	cryptmail.is	1
Webland AG	costarica.li	1
dns24.ch	day7.li	1
hoi.li	siding.li	1
hosttech.ch	luchsinger.li	1
CLOUDFLARENET	tymacon.li	1
CLOUDFLARENET	webdevs.li	1
netcup GmbH	codelab.li	1
contabo.net	asset-management.org	2
world4you.at	w4y.li	1
cyon GmbH	senserlaw.li	1
cyon GmbH	uniska.li	1
ch-inter.net	burkard.li	1
hoststar.hosting	fels.li	1
NSONE	ZOHO-AS	2
UNIFIEDLAYER-AS-1	oil.li	1
world4you.at	lieberwild.li	1
cyon GmbH	assessandperform.li	1
hoststar.hosting	itcon.li	1
CLOUDFLARENET	rii.li	1
fekahost.nl	bonnekamp.li	1
hahnepeter.de	hahnepeter.de	1
hoststar.hosting	cmw.li	1
fima-hosting.ch	taxi.li	1
sonera.fi	MICROSOFT-CORP-MSN-AS-BLOCK	1
webkeeper.ch	hul.li	1
hostserv.eu	transearth.li	1
dot.az	GOOGLE	1
SupraNet AG	omnitech.li	1
hoststar.hosting	schacher.li	1
Hetzner Online GmbH	tiv.li	1
cyon GmbH	vitalis.li	1
cloudns.net	cubit.at	1
ch-inter.net	travelgallery.li	1
METANET AG	9496.li	1
hostserv.eu	hge.li	1
pro.io	schimmelpilz.li	1
AMAZON-02	jouvence-eternelle.li	1
hoststar.hosting	ius.li	1
cyon GmbH	freibeuter.li	1
METANET AG	schluesseldienst.li	1
hoststar.hosting	alterswohnen.li	1
METANET AG	asensio.li	1
hoststar.hosting	powerofnature.li	1
SERVERSTACK-ASN	legalporno.li	1
awsdns-09.com	GOOGLE	1
cortex359.de	cortex359.de	1
netcup GmbH	joask.li	1
hoststar.hosting	buc.li	1
cyon GmbH	secondopinion.li	1
hoststar.hosting	vorverkauf.li	1
cyon GmbH	hyperreal.li	1
pro.io	lohncheck.li	1
start-dns.de	intesia.com	1
maxonline.de	Ops One AG	1
interway.ch	teppichreinigung.li	1
CLOUDFLARENET	huanhuancdn.com	1
myprohost.eu	myprohost.eu	1
AMAZON-02	business-domizil.li	1
prodns.de	aeroseal.li	1
afraid.org	GANDI SAS	1
OVH SAS	navi.li	1
ch-inter.net	familienpraxis.li	1
swiss-dns.com	schmidi.li	1
pro.io	com-media.li	1
cyon GmbH	mezzo.li	1
ns35.de	eva.li	1
masterhomepage.ch	MICROSOFT-CORP-MSN-AS-BLOCK	1
cyon GmbH	smaug.li	1
ns14.net	bitschnau.li	1
METANET AG	willi.li	1
hostprofis.com	quadrat.li	1
Signet B.V.	proforto.li	1
Key-Systems GmbH	der-tierschutzverein.li	1
checkdomain.de	perikles.li	1
AMAZON-02	SQUIXA PTY LIMITED	1
cyon GmbH	arixon.li	1
Neue Medien Muennich GmbH	sophos.com	1
ipcom GmbH	dtg.li	1
hoststar.hosting	faes.li	1
lkw-1.de	pkw-lkw.li	1
ultes.systems	arcanus.li	1
Infomaniak Network SA	umsc.li	1
zoneedit.com	MICROSOFT-CORP-MSN-AS-BLOCK	1
ipcom GmbH	petitbateau.li	1
cyon GmbH	meuz.li	1
checkdomain.de	focuszone.li	1
AMAZON-02	bridgestone.li	1
ns14.net	xn--aluminiumbrcken-9vb.li	1
alfahosting.info	mts.li	1
swiss.ovh	MICROSOFT-CORP-MSN-AS-BLOCK	1
CLOUDFLARENET	shl.li	1
nameserver.center	mailarchiv.li	1
hoststar.hosting	mytopmail.li	1
nameserveit.com	tempmail.li	1
CLOUDFLARENET	agent.li	1
VITAL-DNS	dirac.li	1
pro.io	eleonora.li	1
hoststar.hosting	pferdenah.li	1
interway.ch	unterhaltsreinigung.li	1
METANET AG	mire.li	1
Hetzner Online GmbH	coms.li	1
ipcom GmbH	alfheimr.li	1
netcup GmbH	graf.li	1
hostserv.eu	siegenthaler.li	1
slashdns.de	slashserver.net	1
co.at	vinozon.li	1
Hetzner Online GmbH	advalu.li	1
AUTOMATTIC	CLOUDFLARENET	1
CLOUDFLARENET	yzy.li	1
METANET AG	freuler.li	1
domainers.de	sportwetten.li	1
Webland AG	aurhein.li	1
CLOUDFLARENET	tut.li	1
cyon GmbH	mandla.li	1
METANET AG	kaufmann.li	1
web-elements-gmbh.ch	roellin.ch	1
netcup GmbH	abrams.li	1
UNIFIEDLAYER-AS-1	lawyers.li	1
ns35.de	fischundco.li	1
hoststar.hosting	luftaufnahmen.li	1
ipcom GmbH	gmgcolor.com	1
hoststar.hosting	jok.li	1
NUCDN	770-poker.li	1
ipcom GmbH	ebit.at	2
kpnqwest.it	kpnqwest.it	1
world4you.at	cigarmonarch.li	1
METANET AG	xn--bchel-kva.li	1
mints-hosting.ch	abbr.li	1
Vautron Rechenzentrum AG	bohmedv.de	1
hostgator.com	iil.li	1
CLOUDFLARENET	spamora.net	2
OVH SAS	avatar.li	1
oxa.host	prt.li	1
hoststar.hosting	escrow.li	1
hosthee.com	tok.li	1
oxilion.nl	mail-scanner.eu	1
Vautron Rechenzentrum AG	permanent-permanent.li	1
schlundtech.de	bws-it.de	1
world4you.at	pilgern.li	1
pschuetz.ch	BIG IT AG	1
sbt-hosting.de	InterNetX GmbH	1
Telecom Liechtenstein AG	hwh.li	1
HURRICANE	dolansoft.org	1
METANET AG	swissplastics.li	1
hoststar.hosting	madtom.li	1
nederlandweb.nl	brainpink.li	1
planet-ocean-hosting.com	planet-ocean.email	1
gransy.com	raylyst.li	1
Vautron Rechenzentrum AG	grob.li	1
Telecom Liechtenstein AG	tirian.li	1
Webland AG	fro.li	1
METANET AG	lba.li	1
pro.io	pokertournament.li	1
Akamai International B.V.	MICROSOFT-CORP-MSN-AS-BLOCK	3
METANET AG	moe.li	1
PlusServer GmbH	oelisweg.li	1
Hetzner Online GmbH	wellnessvoyage.li	1
Vautron Rechenzentrum AG	adspirit.li	1
SupraNet AG	metachem.li	1
world4you.at	sierra.li	1
world4you.at	hoesch.li	1
cyon GmbH	sennhauser.li	1
Telecom Liechtenstein AG	newpm.li	1
Vautron Rechenzentrum AG	ermittlungsverfahren.li	1
Cloud DNS Ltd	praemien.li	1
METANET AG	boumi.li	1
METANET AG	aweb.li	1
METANET AG	wapi.li	1
Neue Medien Muennich GmbH	OVH SAS	1
streuli-it.ch	MICROSOFT-CORP-MSN-AS-BLOCK	1
cyon GmbH	whg.li	1
GOOGLE	tanias.li	1
routing.net	Proton AG	1
ch-inter.net	oroox.li	1
netcup GmbH	mili.li	1
hoststar.hosting	griseldis.li	1
xado.com	xado.li	1
hostgator.com	piano.li	1
OVH SAS	zugno.ch	1
world4you.at	wimpernwunder.li	1
combell.net	nucleus.be	2
Infomaniak Network SA	pay-check.li	1
hoststar.hosting	timon.li	1
hoststar.hosting	lnkr.li	1
stabletransit.com	GOOGLE	1
METANET AG	dataprotect.li	1
keymachine.de	falkenstein.li	1
Telecom Liechtenstein AG	puentener.li	1
pcdog.ch	NovaTrend Services GmbH	3
hosttech.ch	sitecasts.li	1
wellhosted.ch	wellhosted.ch	1
Hetzner Online GmbH	skitour.li	1
CLOUDFLARENET	campster.li	1
SupraNet AG	gwf.li	1
schlundtech.de	ursapharm.info	1
METANET AG	justin.li	1
METANET AG	nestwaerme.li	1
virtualhosts.de	hairtalk.li	1
speedkom.net	speedkom.net	2
Telecom Liechtenstein AG	saservices.li	1
Bluewin	borio.li	1
AMAZON-02	galafold.li	1
ipcom GmbH	nakedwines.li	1
hover.com	72.113	1
CLOUDFLARENET	com.br	2
domainers.de	wine-ager.li	1
METANET AG	webpage.li	1
thednscompany.com	spamfilterserver.com	1
hoststar.hosting	neunzehn74.li	1
CLOUDFLARENET	fbr.li	1
cyon GmbH	nebelspalter.li	1
unknown	endopeel.li	1
cyon GmbH	kkb.li	1
afraid.org	project.li	1
NUCDN	poker-770.li	1
byting.at	byting.com	1
Vautron Rechenzentrum AG	permanentbeaute.li	1
Vautron Rechenzentrum AG	horoscope.li	1
METANET AG	words.li	1
world4you.at	stadtmoebel.li	1
nettainment.de	colombo.li	1
ch-inter.net	m-advisory.li	1
BSE Software GmbH	22.145	1
mediagear.net	Heinlein-Support GmbH	1
ch-inter.net	badespass.li	1
cyon GmbH	qwer.li	1
hostmax.ch	book-circle.li	1
Vautron Rechenzentrum AG	beautysalon.li	1
nameserver.center	momoko.li	1
telematica.at	elsner.li	1
UNIFIEDLAYER-AS-1	concert.li	1
interway.ch	lazarus.li	1
lunanode.net	rusch.asia	1
linuxit.at	linuxit.at	1
HURRICANE	Cloudflare London, LLC	1
world4you.at	dascasino.li	1
UNIFIEDLAYER-AS-1	furniture.li	1
hoststar.hosting	mec.li	1
hostprofis.com	woundleague.li	1
cyon GmbH	buergisser.li	1
cyon GmbH	anderspitze.li	1
ns-domain-hosting.de	perle.li	1
cyon GmbH	axalo-immobilien.li	1
wm-sherifi.ch	sunline.li	1
DNS-NET Services GmbH	MICROSOFT-CORP-MSN-AS-BLOCK	1
Telecom Liechtenstein AG	rikava.li	1
ria.ch	loehrer.li	1
SECURITYSERVICES	simyo.li	1
byethost9.org	bejg.li	1
cyon GmbH	goldfisch.li	1
Hetzner Online GmbH	schutzwerk.net	1
Net-Build GmbH	q10-oxy-repair.li	1
EVANZO e-commerce GmbH	mert.li	1
as2.ch	mail-ch.ch	1
daotec.com	daotec.com	1
cyon GmbH	lianora.li	1
focusnet.ch	shadetech.li	1
Hetzner Online GmbH	pingi.li	1
hoststar.hosting	ackerstaff.li	1
Webland AG	voegeli-berger.li	1
massars.net	mesyx.ch	1
hosttech.ch	rebuilt.li	1
cyon GmbH	betreuplan.li	1
Host Europe GmbH	pressl.li	1
hoststar.hosting	terramation.li	1
METANET AG	babyfenster.li	1
yourhosting.eu	carnaval.li	1
schlundtech.de	felgenshop.li	1
cyon GmbH	sanbo.li	1
datacenter.no	webhuset.no	2
CLOUDFLARENET	bats.li	1
infomaniak.com	webador.com	1
kpn.net	kpnconsult.li	1
BIZLAND-SD	macfly.li	1
METANET AG	hanfgarten.li	1
huaweicloud-dns.cn	GOOGLE	2
METANET AG	socceracademy.li	1
hostserv.eu	ztm.li	1
cyon GmbH	fachwerk.li	1
mediainvent.com	mediainvent.com	1
world4you.at	rna.li	1
Webland AG	kmu.li	1
datashop.cc	tsetinisefeso.li	1
iwantmyname.net	MICROSOFT-CORP-MSN-AS-BLOCK	2
METANET AG	rind.li	1
hostserv.eu	heilerschule.li	1
mddservices.com	fire.li	1
ch-inter.net	flowmet.li	1
herosite.pro	snv.li	1
CLOUDFLARENET	atosorigin.de	1
SupraNet AG	Hetzner Online GmbH	2
swizzonic.ch	walters.li	1
hostgator.com	militarysurplus.li	1
NetActuate, Inc	ZOHO-AS	1
netcup GmbH	sebb.li	1
UNIFIEDLAYER-AS-1	teams.li	1
kastgroup.com	osint.li	1
world4you.at	art4mint.li	1
CLOUDFLARENET	revendo.li	1
datcom.ch	datcom.me	1
unix-solutions.be	otcsolutions.li	1
hosttech.ch	fluff.li	1
smd.li	OVH SAS	1
boxlink.net	kwt.li	1
genius.shopping	laluna.li	1
Vautron Rechenzentrum AG	xowaju.li	1
ne.jp	hito.li	1
NUCDN	fastems.li	1
markt.li	sport2000.li	1
world4you.at	forms4u.li	1
ipcom GmbH	toptech.li	1
swizzonic.ch	bodensee.li	1
cyon GmbH	kappeler.li	1
CLOUDFLARENET	netcetera.com	2
zoneedit.com	METANET AG	1
hoststar.hosting	romanbeck.li	1
METANET AG	medmusica.li	1
ipcom GmbH	NTS workspace AG	1
ch-inter.net	janusys.li	1
NSONE	GOOGLE-CLOUD-PLATFORM	1
Hetzner Online GmbH	msv1.invalid	1
one.com	minuba.dk	1
massars.net	paphosting.net	2
p42dns.com	shastaemail.com	1
UNIFIEDLAYER-AS-1	parent.li	1
METANET AG	toprein.li	1
dnspod.net	Beijing Volcano Engine Technology Co., Ltd.	1
AMAZON-02	rizmoic.li	1
Telecom Liechtenstein AG	softec.li	1
pro.io	dgd.li	1
prodns.de	unterhaltsrecht.li	1
cti.li	cti.li	1
swizzonic.ch	jojo.de	1
serverworld.uk	notendownload.li	1
NForce Entertainment B.V.	GOOGLE	4
NSONE	hostedemail.com	1
cyon GmbH	isleep.li	1
Hostpoint AG	schor.org	2
cyon GmbH	scope.li	1
METANET AG	app-lab.li	1
NUCDN	islandprotravel.li	1
hoststar.hosting	sfs.li	1
METANET AG	swissdroneracingchampionship.li	1
hoststar.hosting	pflanzen.li	1
CLOUDFLARENET	hyjing.li	1
UNIFIEDLAYER-AS-1	wedding.li	1
checkdomain.de	burgerme.li	1
netcup GmbH	wunder.li	1
Webland AG	lazzarini.li	1
orcwebhosting.ch	xn--nachfolgebrse-rmb.li	1
afraid.org	amq.li	1
Hetzner Online GmbH	lesta.li	1
Webland AG	geburtstag.li	1
CLOUDFLARENET	spacescooter.li	1
hoststar.hosting	buerospitex.li	1
hoststar.hosting	emrys.li	1
METANET AG	hafner.li	1
hoststar.hosting	printlab.li	1
METANET AG	visarte.li	1
ns14.net	brief.guru	1
rateliff.net	rateliff.net	1
Hetzner Online GmbH	nowhere.li	1
co.uk	breaker.li	1
METANET AG	spektral.li	1
Signet B.V.	benjamin.li	1
pro.io	lizzy.li	1
AMAZON-02	spinpalacecasino.li	1
ch-inter.net	strategiclandscape.li	1
pro.io	colours.li	1
netcup GmbH	einhausens.de	1
ch-inter.net	solarpark.li	1
hoststar.hosting	gunzenhauser.li	1
macbay.net	naturepics.li	1
internex.at	mtec-systems.li	1
hoststar.hosting	roser.li	1
INTERNET CZ, a.s.	forpsi.com	3
com2web.ch	quadras.li	1
hoststar.hosting	essbar.li	1
AMAZON-02	derduft.li	1
cyon GmbH	janoschmarquart.li	1
METANET AG	hochsensibel.li	1
Webland AG	xn--wohngefhl-w9a.li	1
CLOUDFLARENET	com.au	1
internex.at	jelenik.li	1
world4you.at	environment.li	1
CLOUDFLARENET	labeshop.li	1
hcc.li	GOOGLE	1
world4you.at	gowest.li	1
Hetzner Online GmbH	nuclets.li	1
ch-inter.net	buenter.li	1
Hetzner Online GmbH	jgserver.de	1
METANET AG	tomcat.li	1
rochendns.net	directrouter.com	1
han-solo.net	trauerseite.li	1
NSONE	bash.li	1
interway.ch	parkettatelier.li	1
cyon GmbH	lovely.li	1
cyon GmbH	uvensys GmbH	1
Host Europe GmbH	gzox.li	1
netim.net	forpsi.com	1
hoststar.hosting	tinnitus.li	1
interway.ch	sauberkeit.li	1
buddyns.com	mailnetwork.nl	1
cyon GmbH	richterich.li	1
infoserve.de	infoserve.de	1
1fire-dns.de	wvier.net	1
Hostpoint AG	immofit.li	1
Vautron Rechenzentrum AG	ratg.li	1
resurs.com	nmugroup.com	1
Ledl.net GmbH	osteopathie.li	1
Webland AG	zambon.li	1
q23.net	RACKSPACE	1
cyon GmbH	ehescheidung.li	1
METANET AG	senseo.li	1
pro.io	webnode.com	1
world4you.at	threepurple.li	1
letzebuerg.net	fundcockpit.li	1
Hetzner Online GmbH	Register S.p.A.	1
PlusServer GmbH	fahrwerk.li	1
cyon GmbH	schaede.li	1
lumevo.org	daniil.email	1
cyon GmbH	xn--ll-lka.li	1
hoststar.hosting	pml.li	1
ecircle.de	shortest-route.com	1
hoststar.hosting	cybercrime.li	1
ns14.net	calyana-yoga.li	1
checkdomain.de	webgo GmbH	1
Webland AG	berardi.li	1
AMAZON-02	ptn.li	1
ipcom GmbH	QUICKPACKET	1
netcup GmbH	automatical.li	1
METANET AG	perfectform.li	1
sdns.jp	jll.li	1
comarch.pl	comarch.com	1
ch-inter.net	kapitaen.li	1
UNIFIEDLAYER-AS-1	medfordtaxi.li	1
UNIFIEDLAYER-AS-1	muttontown.li	1
METANET AG	almanimo.li	1
NUCDN	eltelnetworks.li	1
GOOGLE-CLOUD-PLATFORM	Fastmail Pty Ltd	1
netcup GmbH	katyk.li	1
cyon GmbH	bott.li	1
DNS-NET Services GmbH	autoshop.li	1
Webland AG	lichttherapie.li	1
MICROSOFT-CORP-MSN-AS-BLOCK	unilever.com	2
brv.net	brv.net	1
Signet B.V.	transip.nl	1
Host Europe GmbH	moi.li	1
funktionierts.ch	gahts.li	1
easydns.ca	Fastmail Pty Ltd	1
METANET AG	sunandfun.li	1
CLOUDFLARENET	mailserver.ee	1
domserver.de	buhle.li	1
fifthns.com	frauenaerztin.li	1
Vautron Rechenzentrum AG	ateliercosmetic.li	1
hoststar.hosting	liemed.li	1
HURRICANE	Heinlein-Support GmbH	1
ipcom GmbH	synapse.li	1
mtfcloud.ch	bionetz.li	1
namemaster.li	namemaster.li	1
ch-inter.net	xn--frheroderspter-gib88a.li	1
hostmax.ch	burkhard.li	1
EVANZO e-commerce GmbH	pmo.li	1
hover.com	dr-ju.li	1
joker.com	xemics.ch	1
infomaniak.com	immerag.ch	1
wadax-sv.jp	miyabi.li	1
CLOUDFLARENET	1024.li	1
netcup GmbH	fotz.li	1
nameserver.center	bls-aed.li	1
awsdns-02.net	Hostpoint AG	1
alpstein-server.ch	MICROSOFT-CORP-MSN-AS-BLOCK	1
METANET AG	evb.li	1
Hostpoint AG	metanet.ch	1
hostmax.ch	rapunzel.li	1
Nine Internet Solutions AG	janzz.jobs	1
world4you.at	bikepayment.li	1
Vautron Rechenzentrum AG	avissimo.li	1
UNIFIEDLAYER-AS-1	repair.li	1
compositiv.com	MICROSOFT-CORP-MSN-AS-BLOCK	1
Telecom Liechtenstein AG	ursulawolf.li	1
alfahosting.info	titus.li	1
world4you.at	gastrodoo.li	1
lexo.ch	Hetzner Online GmbH	1
pinklemon.ch	dltgroup.li	1
waterproof.li	algoa.li	1
i-xperts.ch	i-xperts.io	1
avalisnt.ch	MICROSOFT-CORP-MSN-AS-BLOCK	1
speedydns.net	lerncoach.li	1
web-crossing.net	23M GmbH	2
concordia-sozialprojekte.li	concordia-sozialprojekte.li	1
Vautron Rechenzentrum AG	makeupstudio.li	1
CLOUDFLARENET	nighthost.eu	1
AMAZON-02	bingonthebox.li	1
hosttech.ch	gube.li	1
netcup GmbH	igel.li	1
budgetextremeserver.nl	summus.li	1
Host Europe GmbH	christmas.li	1
emation.ch	scada.ch	1
netcup GmbH	lancaster.li	1
world4you.at	eph.li	1
host.ch	hvfl.li	1
world4you.at	newvision-365.li	1
OVH SAS	nugo.li	1
cyon GmbH	visuelle-beratung.li	1
hoststar.hosting	divertimento.li	1
OVH SAS	servidorpropio.com	1
hoststar.hosting	ebrief.li	1
hosttech.ch	monari.li	1
ch-inter.net	klimaeinbau.li	1
ips.ch	sommers.li	1
UNIFIEDLAYER-AS-1	electronics.li	1
CLOUDFLARENET	many.li	1
ipcom GmbH	lebenszyklus.li	1
pro.io	relax-bettsysteme.li	1
OVH SAS	novius.fr	1
senseLAN GmbH	net.li	3
ns26.de	hallo.cloud	1
letsencrypt.li	letsencrypt.li	1
Hetzner Online GmbH	kulturpolitik.li	1
METANET AG	addition.li	1
Telecom Liechtenstein AG	mtfweb.ch	1
li-life web + it establishment	profinanz.li	1
ch-inter.net	kreativ-kollektiv.li	1
ns14.net	yfox.li	1
NSONE	OVH SAS	1
hostserv.eu	bankhaus.li	1
hostserv.eu	implantate.li	1
wiederweb.com	hoes.li	1
CLOUDFLARENET	25mail.st	1
hoststar.hosting	adonia.li	1
OVH SAS	barque.li	1
CLOUDFLARENET	fima.li	1
pro.io	alvico.li	1
SupraNet AG	alpenimmobilien.li	1
anixe.net	smart-tv-data.li	1
internet.lv	internet.lv	1
Key-Systems GmbH	gestoria.li	1
linthcom.ch	xen.li	1
Hetzner Online GmbH	synelution.li	1
orcwebhosting.ch	pinsa-romana.li	1
kpn.net	kpngroup.li	1
hostmax.ch	hostmax.li	1
GOOGLE	praxishaus.li	1
METANET AG	sinnfluencer.li	1
web4swiss.ch	jaeggi.li	1
netcup GmbH	kirschbaum.li	1
bwsdns01.de	swiss-bet.li	1
PONYNET	NAMECRANE	1
Telecom Liechtenstein AG	investservices.li	1
infravesi.com	MICROSOFT-CORP-MSN-AS-BLOCK	1
awsdns-41.com	METANET AG	1
cyon GmbH	ming.li	1
AMAZON-02	familyofficeacademy.li	1
Key-Systems GmbH	sommerauer.li	1
METANET AG	matomo.li	1
world4you.at	phd.li	1
UNIFIEDLAYER-AS-1	bakery.li	1
mbur.ch	mbur.ch	1
cyon GmbH	korell.li	1
OVH SAS	mydevil.net	1
Nessus GmbH	asplogin.de	1
Cyberlink AG	abercrombie.li	1
pro.io	gabi.li	1
Webland AG	zahn-experten.li	1
AMAZON-02	gochat.li	1
AMAZON-02	shopware.li	1
hosttech.ch	pbfotografie.li	1
METANET AG	afvl.li	1
buddyns.com	3st.li	1
pro.io	engelhard.li	1
cyon GmbH	mpn.li	1
Webland AG	cffc.li	1
CLOUDFLARENET	firstdegreefitness.li	1
Datawire Ag	schweiz-liechtenstein.li	1
hosttech.ch	stucki.li	1
netcup GmbH	myani.li	1
Webland AG	softice.li	1
Host Europe GmbH	localbini.li	1
netcup GmbH	fechner.li	1
netcup GmbH	cloudbox.li	1
Bluewin	bambus.ch	1
securehost.de	securehost.de	1
interway.ch	fassadenreinigung.li	1
cyon GmbH	svilajnac.li	1
foo.li	Exigo AG	1
internex.at	thomasmayer.li	1
Webland AG	robu.li	1
Vautron Rechenzentrum AG	lehrplan.li	1
ns14.net	uccpro.ch	1
cloudns.net	UpCloud Ltd	1
hostserv.eu	pfotenwohl.li	1
kpn.net	kpnconsulting.li	1
AMAZON-02	zapzap.li	1
0l.de	0l.de	1
hoststar.hosting	cera.li	1
kpn.net	digitenne.li	1
UNIFIEDLAYER-AS-1	discover.li	1
ns14.net	duesenfeld.li	1
Webland AG	nexia.li	1
Key-Systems GmbH	bigdaishowa.li	1
METANET AG	cmt.li	1
cwd.li	cwd.li	1
Vautron Rechenzentrum AG	vitaminka.li	1
NSONE	pard.li	1
NSONE	dapeng.li	1
hosttech.ch	panch.li	1
METANET AG	obstacle.li	1
Webland AG	swissmdr.li	1
cyon GmbH	aerozone.li	1
hoststar.hosting	tecpro.li	1
METANET AG	immobilienservice.li	1
Cloud DNS Ltd	berufscheck.li	1
ns35.de	rusted.li	1
megalink.com	megalink.com	1
han-solo.net	mrcjr.li	1
METANET AG	xn--stckli-xxa.li	1
world4you.at	dvorak.li	1
UNIFIEDLAYER-AS-1	paws.li	1
impressionet.ch	guerk.li	1
ns35.de	2me.li	1
hoststar.hosting	administrator.li	1
us.lt	stokex.li	1
hilotec.net	hilotec.net	3
hoststar.hosting	attika.li	1
world4you.at	mono.li	1
cyon GmbH	noeh.li	1
CLOUDFLARENET	lvr.li	1
mm-com.de	mm-com.de	2
hosttech.ch	bohtz.li	1
netcup GmbH	own-lab.li	1
der-handwerker.li	der-handwerker.li	1
Hostpoint AG	ZOHO Corporation B.V	1
Vautron Rechenzentrum AG	steuerfahndung.li	1
METANET AG	kona.li	1
cyon GmbH	komm.li	1
ch-inter.net	flix.li	1
cyon GmbH	goldtimer.li	1
world4you.at	vermoegensnachforschung.li	1
hoststar.hosting	idefix.li	1
netcup GmbH	safu.li	1
tld-dns.net	LLC VK	2
Global Village GmbH	tipiko.li	1
CLOUDFLARENET	matts.li	1
Neue Medien Muennich GmbH	APPLE-ENGINEERING	1
ns14.net	engelhase.li	1
Telecom Liechtenstein AG	wohlwend-ag.eu	1
DNS-NET Services GmbH	42natx.li	1
cyon GmbH	lichtzeichner.li	1
METANET AG	stefanfrommelt.li	1
AMAZON-02	rez.li	1
Hetzner Online GmbH	gfe-spa.li	1
Webland AG	ossio.li	1
nederhost.nl	nederhost.nl	1
bytecamp.net	bytecamp.net	1
hoststar.hosting	barmet.li	1
ipcom GmbH	genotec.ch	1
hostingspeed.net	giant.li	1
NovaTrend Services GmbH	Heinlein-Support GmbH	3
CLOUDFLARENET	elabshop.li	1
OVH SAS	tapsi.li	1
UNIFIEDLAYER-AS-1	albertsontaxi.li	1
nitrado.de	mlg.li	1
pulsar.li	pulsar.li	1
Host Europe GmbH	santa.li	1
netcup GmbH	gol.li	1
cyon GmbH	passknacker.li	1
pdr.gs	pdr.gs	1
METANET AG	tramec.li	1
METANET AG	erotox.li	1
pro.io	articum.li	1
Webland AG	youka.li	1
buero.org	service1.li	1
inmotionhosting.com	sixpackabs.li	1
cyon GmbH	maygroup.li	1
world4you.at	cosmetics4me.li	1
squadhelp.com	dub.li	1
interserver.net	mahal.li	1
ipcom GmbH	leipold.cc	1
CLOUDFLARENET	gvt.li	1
murauer-group.at	zustellserver.li	1
Key-Systems GmbH	ok-webhost19.de	1
zitro.hosting	zitro.hosting	1
cyon GmbH	nachricht.li	1
hoststar.hosting	kleintheater.li	1
CLOUDFLARENET	trp.li	1
hostsila.com	doctorsi.li	1
Webland AG	retojenal.li	1
easydns.com	easymail.ca	1
dnsip.com	vnscdn2.com	1
idealizer.ch	privatbanken.li	1
unknown	livinglarge.li	1
Webland AG	sse.li	1
Hetzner Online GmbH	bodenseewein.li	1
CLOUDFLARENET	linky.li	1
ignum.com	ignum.cz	4
METANET AG	party-box.li	1
cyon GmbH	philipp.li	1
METANET AG	platinum.li	1
AMAZON-02	muellerag.li	1
METANET AG	programmheft.li	1
norplex-communications.com	lucius.li	1
demicomp.ch	tortuga.li	1
ipcom GmbH	cnt-online.at	1
netcup GmbH	dittmar.li	1
world4you.at	rogner.li	1
pro.io	emrp.li	1
newsdns.com	saggiori.li	1
UNIFIEDLAYER-AS-1	brookhaven.li	1
UNIFIEDLAYER-AS-1	mirrorandglass.li	1
INTERNET CZ, a.s.	Seznam.cz, a.s.	1
Webland AG	brotschi.li	1
cyon GmbH	focusonbusiness.li	1
dataforest.net	kittynote.li	1
Vautron Rechenzentrum AG	steuerrecht.li	1
zoneedit.com	mailserver4us.com	1
cyon GmbH	convitus.li	1
Nine Internet Solutions AG	GANDI SAS	1
O2switch SAS	adelie.li	1
m-tech.li	central-plaza.li	1
cyon GmbH	holistica.li	1
METANET AG	tippspiele.li	1
hostgator.com	derek.li	1
netzpepper.de	netzpepper.li	1
Webland AG	bioclimatic.li	1
Key-Systems GmbH	zauser.net	1
intelligence.li	intelligence.li	1
Host Europe GmbH	batschka.li	1
cyon GmbH	roka.li	1
simplehosting.ch	simply-hosting.li	1
ocai-online.com	ocai.li	1
nameserver.center	ausgebrannt.li	1
Webland AG	stilundbluete.li	1
CLOUDFLARENET	herculis.li	1
Vautron Rechenzentrum AG	texaid.li	1
SupraNet AG	lanasia.li	1
joker.com	ZOHO Corporation B.V	2
CLOUDFLARENET	wirtschaftszeit.li	1
oo-o-oo.ooo	crt.li	1
hoststar.hosting	buck.li	1
world4you.at	spermidinelife.li	1
GOOGLE	jaegg.li	1
METANET AG	j4ck.li	1
METANET AG	kopierpapier.li	1
CLOUDFLARENET	litarent.eu	1
skydsl.eu	skydsl-global.net	1
METANET AG	gyg.li	1
AMAZON-02	dorn.li	1
werft22.net	werft22.net	2
hoststar.hosting	herzwerk.li	1
co.uk	vi.net	3
world4you.at	xn--kryptowhrung-mcb.li	1
awsdns-35.com	METANET AG	1
nkedem.net	kdm.li	1
gn2.hosting	gn2.hosting	1
Vautron Rechenzentrum AG	pmup.li	1
CLOUDFLARENET	inf.li	1
METANET AG	artnet.li	1
interway.ch	MICROSOFT-CORP-MSN-AS-BLOCK	2
Telecom Liechtenstein AG	cyberalliance.li	1
webkonzept.eu	magnetstimulation.li	1
QualityNet AG	bendura.li	1
Akamai Connected Cloud	Heinlein-Support GmbH	1
Ledl.net GmbH	doerler.eu	1
checkdomain.de	heyfinance.li	1
hoehne-ag.de	dpf.li	1
hoststar.hosting	zsm.li	1
powerdns.de	zeus01.de	1
argus.li	argus.li	1
Webland AG	gummiseile.li	1
checkdomain.de	duktus.li	1
METANET AG	photobooth.li	1
Webland AG	jm-consulting.li	1
mip-platform.net	mip-platform.net	1
cyon GmbH	employerbrand.li	1
PlusServer GmbH	trimana.li	1
zabec.net	dellaspina.li	1
netcup GmbH	dmm.li	1
net.pl	mason.li	1
active24.cz	MICROSOFT-CORP-MSN-AS-BLOCK	1
SECURITYSERVICES	virtua.ch	1
Ledl.net GmbH	1234.li	1
Vautron Rechenzentrum AG	musik-produktiv.com	1
METANET AG	minibar.li	1
METANET AG	stedt.li	1
Datawire Ag	taca.li	1
unaxus.net	nuel.li	1
METANET AG	workmate.li	1
Vautron Rechenzentrum AG	permanentbeautycosmetics.li	1
METANET AG	gigon.li	1
Hetzner Online GmbH	ste.li	1
infomaniak.com	Hostpoint AG	1
METANET AG	doctor.li	1
ilgi.li	ilgi.li	1
bhosted.nl	bhosted.nl	2
pro.io	express.li	1
CLOUDFLARENET	motors.li	1
domainname.at	danubeweb.at	1
ch-inter.net	zottel.li	1
checkdomain.de	golfasian.li	1
DIGICERT	xlnow.net	1
METANET AG	dengbin.li	1
ecomdata.de	condomshop.li	1
linthcom.ch	pse.li	1
NUCDN	ZOHO Corporation B.V	1
Ledl.net GmbH	wayo.li	1
METANET AG	brockers.li	1
unaxus.net	beckmarketing.li	1
ch-inter.net	medienservice.li	1
wk-serv.de	poppersshop.li	1
cyon GmbH	regenbogen.li	1
hoststar.hosting	darkmoon.li	1
Vautron Rechenzentrum AG	permanent-international.li	1
pro.io	alfatherm.li	1
dynu.com	camenzind.li	1
hoststar.hosting	margrith.li	1
netcup GmbH	hoffmeister.li	1
hosttech.ch	mh-consulting.li	1
hoststar.hosting	sgdesign.li	1
UNIFIEDLAYER-AS-1	fox.li	1
Neue Medien Muennich GmbH	spaccer.com	1
Host Europe GmbH	coronahastaken.li	1
VTX Services SA	MICROSOFT-CORP-MSN-AS-BLOCK	2
ch-inter.net	klanglabor.li	1
Vautron Rechenzentrum AG	felser.li	1
GANDI SAS	tuu.li	1
lah-g.de	mcvmfonds.li	1
hostprofis.com	MICROSOFT-CORP-MSN-AS-BLOCK	1
jack.domains	assolo.net	1
pro.io	alistic.li	1
CLOUDFLARENET	babymassage.li	1
azure.com	m-law.li	1
worldsoft-isp.net	GOOGLE	2
hoststar.hosting	breuss.li	1
thr.ch	goldhamster.li	1
xnameserver.de	MICROSOFT-CORP-MSN-AS-BLOCK	1
NovaTrend Services GmbH	ch-dns.net	1
Vautron Rechenzentrum AG	mallmaker.li	1
nilsnh.no	nilsnh.no	1
SECURITYSERVICES	bbg.li	1
awsdns-21.com	socialmediajobs.li	1
hosttech.ch	crazyfam.li	1
hoststar.hosting	laundrypro.li	1
METANET AG	moy.li	1
cyon GmbH	octagon-crm.li	1
UNIFIEDLAYER-AS-1	hempstead.li	1
uxstech.at	tripenso.li	1
alfahosting.info	wellnessreisen.li	1
METANET AG	pinoli.li	1
ch-inter.net	vidensis.li	1
ipcom GmbH	a3li.li	1
swizzonic.ch	kellner.li	1
dnsip.com	img999.cc	1
nameserver.center	data-analytics.li	1
ipcom GmbH	green-2-heat.li	1
nts.ch	usm.com	1
hostwindsdns.com	wk-media.li	1
METANET AG	nev.li	1
hoststar.hosting	guido.li	1
hostfactory.ch	elin.hu	1
hoststar.hosting	gyga.li	1
slms.de	bailaho.li	1
SECURITYSERVICES	luka.li	1
ne.jp	ne.jp	1
Akamai International B.V.	pphosted.com	3
seohost.pl	emperor.li	1
Vautron Rechenzentrum AG	gesundesherz.li	1
hucke.net	arsmundi.li	1
probar.li	probar.li	1
METANET AG	aaple.li	1
gransy.com	arianna.li	1
Webland AG	careba.li	1
cyon GmbH	panoramaknife.li	1
GOOGLE	insiderbikes.li	1
hostserv.eu	siren.li	1
Webland AG	schoeller.li	1
AMAZON-02	162.140	1
hoststar.hosting	nutribalance.li	1
hoststar.hosting	fussmatten.li	1
cyon GmbH	mfn.li	1
CLOUDFLARENET	netroda.com	1
METANET AG	zauberspiegel.li	1
cyon GmbH	babytuch.li	1
netcup GmbH	wittig.li	1
domserver.de	maxxreal.li	1
ipcom GmbH	foxtelecom.net	1
web-vision.de	janssen-cosmetics.li	1
Webland AG	takeapicture.li	1
UNIFIEDLAYER-AS-1	studios.li	1
METANET AG	edv.li	1
UNIFIEDLAYER-AS-1	teacher.li	1
METANET AG	wbz.li	1
ns14.net	prolink.de	2
core-networks.com	senselab.org	1
UNIFIEDLAYER-AS-1	coupons.li	1
METANET AG	kaltenrieder.li	1
Hostpoint AG	Hosting eXperts Switzerland AG	1
Signet B.V.	dressyourparents.li	1
nettrust.ch	securemailbox.ch	1
hostmax.ch	walchwil.li	1
awsdns-19.com	pphosted.com	1
SupraNet AG	safepension-ag.li	1
Signet B.V.	cheapcargo.li	1
IONOS SE	k-4.media	1
cyon GmbH	mendez.li	1
Webland AG	wae.li	1
OVH SAS	ohe.li	1
schlundtech.de	unionright.com	1
netcup GmbH	soos.li	1
cyon GmbH	morgenstern.li	1
schlundtech.de	aloe.li	1
netcup GmbH	taka8rie.li	1
domainers.de	heilindelectronics.li	1
hoststar.hosting	egerta.li	1
SupraNet AG	thomasbeck.li	1
q-ns.de	aftershock.li	1
markt.li	trittfest.li	1
ns35.de	burgershop.li	1
ipcom GmbH	jobszene.li	1
netim.net	QUICKPACKET	1
METANET AG	malmur.li	1
ch-inter.net	audent.li	1
checkdomain.de	schwangerschaft.li	1
Webland AG	univelit.li	1
osalliance.com	Register S.p.A.	1
world4you.at	pda.li	1
CLOUDFLARENET	mailhostbox.com	1
GOOGLE	autoservice.li	1
Webland AG	yootea.li	1
hosttech.at	europ-transfer.li	1
netim.net	APPLE-ENGINEERING	1
brp.li	brp.li	1
Vautron Rechenzentrum AG	keevn.li	1
Host Europe GmbH	kickboxing.li	1
dns24.ch	neomailbox.net	1
dorob.de	ns4.li	1
Webland AG	gladius.li	1
dbpz.com	dbpz.com	1
internex.at	AS2-TRENDMICRO-COM	1
COLT Technology Services Group Limited	iltrovatore.it	1
hoststar.hosting	sellpro.li	1
Host Europe GmbH	msv1.invalid	1
Webland AG	kubli.li	1
pro.io	die-akademie.li	1
Telecom Liechtenstein AG	cyberallianz.li	1
SECURITYSERVICES	2nd.li	1
Vautron Rechenzentrum AG	permanentmakeupartist.li	1
Infomaniak Network SA	UpCloud Ltd	2
CLOUDFLARENET	told.im	1
Signet B.V.	ohpen.li	1
CLOUDFLARENET	liechtenstein-invest.li	1
AMAZON-02	tombola.li	1
UNIFIEDLAYER-AS-1	bethpage.li	1
Key-Systems GmbH	x2vps.li	1
hoststar.hosting	ersthelfer.li	1
pro.io	easyforex.li	1
Telecom Liechtenstein AG	epivest.li	1
profectis.ch	MICROSOFT-CORP-MSN-AS-BLOCK	1
Infomaniak Network SA	xit.li	1
daten-strom.com	daten-strom.com	3
ZONER a.s.	albiongroup.cz	1
METANET AG	linter.li	1
Hetzner Online GmbH	ebf.li	1
CLOUDFLARENET	postale.io	1
hoststar.hosting	christandl.li	1
Telecom Liechtenstein AG	sigma.li	2
Vautron Rechenzentrum AG	steuerstrafverteidiger.li	1
fcomet.com	wso.li	1
yop.ch	Hetzner Online GmbH	1
METANET AG	mycheck.li	1
kmun.de	ewiv.li	1
Vautron Rechenzentrum AG	permanentdg.li	1
planethippo.com	gavin.li	1
hostcenter.li	tailor.li	1
vh.pl	queue.li	1
aditsystems.hosting	a1a-server.de	1
cyon GmbH	bruehlmann.li	1
hostserv.eu	goldendoodle.li	1
Vautron Rechenzentrum AG	atelier-cosmetics.li	1
METANET AG	carel.li	1
METANET AG	mini-bar.li	1
hosttech.ch	jaguard.li	1
dodns.net	small-xs.li	1
domserver.de	national-printer.li	1
Key-Systems GmbH	pio.li	1
VITAL-DNS	Register S.p.A.	1
destechinternet.com	typhoon.li	1
cyon GmbH	leadgenerator.li	1
cyon GmbH	dion.li	1
hoststar.hosting	relocation.li	1
reaper.li	QUICKPACKET	1
Host Europe GmbH	kum-nye.li	1
Key-Systems GmbH	wundermix.li	1
world4you.at	looops.li	1
Host Europe GmbH	APPLE-ENGINEERING	1
dmsolutions.de	mdm.li	1
dodns.net	liparus.li	1
pro.io	karth.li	1
NUCDN	ppsmtp.com	1
trillinis.com	trillinis.com	1
interway.ch	oslj.li	1
ORACLE-BMC-31898	mailhop.org	1
Signet B.V.	susie.li	1
liquidweb.com	bdj.li	1
Host Europe GmbH	multitalent.li	1
alfahosting.info	MICROSOFT-CORP-MSN-AS-BLOCK	1
integrationshilfe.li	integrationshilfe.li	1
cyon GmbH	datacom.li	1
dnstools.nl	casebuilder.li	1
contabo.net	GOOGLE	1
hoststar.hosting	britt.li	1
inware.ch	saunabau.li	1
web-services.com	ows.ch	1
Hostpoint AG	siteground.biz	1
parktons.com	parktons.com	1
dominiofaidate.com	xrad.li	1
Signet B.V.	gomonta.li	1
jvweb.ch	jvweb.ch	1
bussibaer.li	bussibaer.li	1
hostgator.com	myr.li	1
infofactory.ch	MICROSOFT-CORP-MSN-AS-BLOCK	1
world4you.at	kyc.li	1
ch-inter.net	bierbrauer.li	1
hoststar.hosting	webtransfer.li	1
EVANZO e-commerce GmbH	grosch.li	1
UNIFIEDLAYER-AS-1	yellowcab.li	1
UNIFIEDLAYER-AS-1	seaford.li	1
nohup.it	nohup.it	1
Host Europe GmbH	sicherheitszentrale.li	1
CLOUDFLARENET	kerimax.li	1
Hetzner Online GmbH	tula.li	1
UNIFIEDLAYER-AS-1	uniondale.li	1
unaxus.net	philosophy.li	1
CLOUDFLARENET	EDNS	2
cyon GmbH	poly-tech.li	1
nameserver.center	sanex24.li	1
lkw-1.de	autoboerse.li	1
LEASEWEB-USA-SFO	MICROSOFT-CORP-MSN-AS-BLOCK	1
555webdesign.com	613.li	1
serverlet.com	MICROSOFT-CORP-MSN-AS-BLOCK	1
Infomaniak Network SA	cyon.net	1
Cloud DNS Ltd	CLOUDFLARENET	1
UNIFIEDLAYER-AS-1	wsha.li	1
robiz-hosting.nl	deliver.li	1
bonconnect.de	libro.li	1
internet1.de	baugeraete.li	1
parcifal.dev	soverin.net	1
OVH SAS	atv.li	1
CLOUDFLARENET	cicek.li	1
SupraNet AG	itworx.li	1
Host Europe GmbH	zoubek.li	1
awsdns-19.net	AMAZON-02	1
UNIFIEDLAYER-AS-1	heatingandcooling.li	1
Webland AG	bodenseemobilfunk.li	1
rhein-it.net	messgeraetemarkt.li	1
checkdomain.de	vehi.li	1
truetsch.li	truetsch.li	1
netcup GmbH	ginc.li	1
infomaniak.com	smtp.goog	1
AMAZON-02	ZOHO-AS	1
joker.com	malexas.com	1
hostprofis.com	hostprofis.li	1
hosting-power.ch	gusseisen.li	1
infomaniak.com	Cloudflare London, LLC	1
hosttech.ch	security-force.li	1
interway.ch	umzugsreinigungen.li	1
pro.io	ceo-coach.li	1
Vautron Rechenzentrum AG	nic-direct.li	1
inetworx.ch	MICROSOFT-CORP-MSN-AS-BLOCK	1
world4you.at	haderer.li	1
O2switch SAS	delavy.li	1
world4you.at	praxiswissen.li	1
hoststar.hosting	schreibbar.li	1
pathconnect-dns.de	pathconnect.de	1
netcup GmbH	routes.li	1
hoststar.hosting	rci.li	1
hosttech.ch	cheller.li	1
zoneedit.com	no-ip.org	1
netnation.com	neuronwalker.li	1
cyon GmbH	kais.li	1
Key-Systems GmbH	meister-pflasterer.li	1
GANDI SAS	Tutao GmbH	4
METANET AG	Infomaniak Network SA	1
ipcom GmbH	zeta-sw.com	1
hosting.de	shark.li	1
Cyberlink AG	diemarke.li	1
megahost.xyz	uganda.li	1
ebpw.net	ebpw.net	1
AMAZON-02	rubyfortunecasino.li	1
CLOUDFLARENET	urt.li	1
AMAZON-02	jobwinner.li	1
ipress.ch	sharity.li	1
dynect.net	AMAZON-02	1
cyber-stack.com	mailfusion.de	1
Host Europe GmbH	vergleichauchdu.li	1
byn.li	byn.li	1
hoststar.hosting	markusschneider.li	1
UNIFIEDLAYER-AS-1	wines.li	1
ipcom GmbH	webwide.de	1
checkdomain.de	oliverweber.li	1
OVH SAS	fabian-s.eu	1
ch-inter.net	webmanufaktur.li	1
ipcom GmbH	kaas.li	1
smartbase.de	smartbase.de	3
nameserver.center	belesse.li	1
veon.ch	miip.li	1
hoststar.hosting	juna.li	1
netcup GmbH	hass.li	1
regfish GmbH	jsi.li	1
hostcenter.li	printbyweb.li	1
markt.li	MICROSOFT-CORP-MSN-AS-BLOCK	1
comnica.com	uhusystems.com	1
Vautron Rechenzentrum AG	tresorraum.li	1
checkdomain.de	vivadomus.li	1
ipcom GmbH	nerv.li	1
buero.org	feger.li	1
CLOUDFLARENET	une.li	1
nameserver.center	GOOGLE	2
pinklemon.ch	superpromo.li	1
METANET AG	burkart.li	1
world4you.at	ral.li	1
ch-inter.net	teag-treuhand.ch	1
cyon GmbH	larabeauty.li	1
CLOUDFLARENET	vhost.li	1
dnspod.net	haijing.li	1
almeva.cz	skhosting.cz	1
Telecom Liechtenstein AG	anamcara.li	1
cyon GmbH	odaas.li	1
GANDI SAS	tobit.com	1
UNIFIEDLAYER-AS-1	tutor.li	1
schlundtech.de	compudoc.de	1
Key-Systems GmbH	velocasa.li	1
awstreams.com	ozz.li	1
METANET AG	urfeuer.li	1
hoststar.hosting	schimmlerei.li	1
omnis.ch	alder.li	1
cyon GmbH	pernet.li	1
mpproductions.ch	mpproductions.ch	1
ns22.de	tribetec.li	1
Vautron Rechenzentrum AG	beautymobile.li	1
METANET AG	9497.li	1
VITAL-DNS	fanton.li	1
METANET AG	herzblutgestalter.li	1
Cyberlink AG	i-tec.li	1
CLOUDFLARENET	taunusstein.net	1
ns35.de	quanten.li	1
alfahosting.info	schmid-holzbau.li	1
ns35.de	belupix.de	1
pro.io	ebel.li	1
cyon GmbH	rattazzi.li	1
Ledl.net GmbH	variocube.li	1
world4you.at	berchtold-zt.li	1
SupraNet AG	ripe.li	1
nettklok.ch	hosttech GmbH	1
ch-inter.net	internet-auftritt.li	1
METANET AG	annegret.li	1
Bluewin	psmtp.com	1
CLOUDFLARENET	mofu.li	1
asmallorange.com	brite.li	1
hpdns.net	hpdns.net	1
CLOUDFLARENET	co.id	1
Hetzner Online GmbH	aldente-it.de	1
cyon GmbH	wuensch.li	1
linode.com	ear.li	1
hoststar.hosting	lambic.li	1
pro.io	bublitz.li	1
hosttech.ch	freigeist.li	1
as207960.net	kicks-ass.org	1
world4you.at	thefamilyoffice.li	1
netcup GmbH	423.li	1
cyon GmbH	lieberockt.li	1
ns14.net	tuv.net	1
Hetzner Online GmbH	no2.li	1
hoststar.hosting	coo.li	1
senseLAN GmbH	org.li	1
CLOUDFLARENET	myhost.li	1
osalliance.com	fairkom.net	2
ipcom GmbH	xxz.li	1
hoststar.hosting	trefzer.li	1
METANET AG	pau-se.li	1
net.id	net.id	1
worldcom.ch	eclairagepublic.li	1
Key-Systems GmbH	x2-server.li	1
orcwebhosting.ch	unternehmensboerse.li	1
METANET AG	retroclassiccars.li	1
edns.de	epa.li	1
p-soft.biz	cbsolt.net	1
netcup GmbH	schr.li	1
NUCDN	marchon.li	1
cyberfolks.pl	tenzi.li	1
flexwebhosting.nl	cdf.li	1
hoststar.hosting	woy.li	1
ns35.de	stonebridge-partners.li	1
Hetzner Online GmbH	smigo.ch	1
Key-Systems GmbH	ccm19.li	1
x10premium.com	vidite.li	1
com.br	dra.li	1
PlusServer GmbH	wizardsticker.li	1
centinated.ch	cfug.li	1
hoststar.hosting	occasionen.li	1
METANET AG	spaceforce.li	1
ns14.net	kitzhill.li	1
pro.io	schenke.li	1
Neue Medien Muennich GmbH	netcup GmbH	1
webkeeper.ch	computerkurs.li	1
HURRICANE	mykolab.com	1
METANET AG	nakedyoga.li	1
TelemaxX Telekommunikation GmbH	evalins.li	1
METANET AG	swissdroneracing.li	1
METANET AG	hoh.li	1
GOOGLE	raefae.li	1
netcup GmbH	mezger.li	1
Vautron Rechenzentrum AG	annual.li	1
TV-COM AG	tvc.li	1
UNIFIEDLAYER-AS-1	golfer.li	1
limoodns.com	gtts.li	1
huaweicloud-dns.cn	283112.xyz	1
gransy.com	sworp.li	1
Webland AG	repsuisse.li	1
hoststar.hosting	s-o-s.li	1
UNIFIEDLAYER-AS-1	digital.li	1
hostfly.by	rivoli.li	1
cyon GmbH	Hetzner Online GmbH	1
cyon GmbH	mariareal.li	1
METANET AG	ruoss.li	1
aicovo-dns.info	yurl.li	1
MICROSOFT-CORP-MSN-AS-BLOCK	benq.eu	1
ch-inter.net	fablab.li	1
PlusServer GmbH	wizard-sticker.li	1
hosttech.ch	tragetaschen-guide.li	1
pagelift.com	screenshot.li	1
cyon GmbH	kosmesana.li	1
CLOUDFLARENET	mygod.be	1
Hetzner Online GmbH	cmn.li	1
hoststar.hosting	ernaehrungsberatung.li	1
CLOUDFLARENET	isaak.li	1
1984.is	geigenbau.li	1
NUCDN	casino-770.li	1
mojsite.com	muf.li	1
hoststar.hosting	projekt.li	1
hoststar.hosting	consensual.li	1
tested.net	paradies.li	1
world4you.at	xn--hngebrcke-v2a3y.li	1
Vautron Rechenzentrum AG	imansys.li	1
hyp.net	smus.li	1
netcup GmbH	zhiwu.li	1
rhomberg.com	MICROSOFT-CORP-MSN-AS-BLOCK	1
Nine Internet Solutions AG	prospecierara.ch	1
METANET AG	sub.li	1
m-tech.li	dienstleistung.li	1
ktk.de	ktk.de	1
NUCDN	emarket.li	1
mints-hosting.ch	cct.li	1
hoststar.hosting	swiss-made.li	1
METANET AG	herz-gruppe.li	1
into.ch	into.ch	1
senseLAN GmbH	edu.li	1
simplehosting.ch	versandtool.li	1
Hetzner Online GmbH	oyster.li	1
cyon GmbH	liebherr.li	1
hoststar.hosting	gigiphotography.li	1
domain2ip.de	lightupnet.de	1
world4you.at	paradigma.li	1
cyon GmbH	chaim.li	1
pinklemon.ch	thomasnaegele.li	1
templatestore.network	racetime.li	1
pro.io	fitnesscenterguide.li	1
IONOS SE	Host Europe GmbH	1
Host Europe GmbH	ganzsein.li	1
METANET AG	comaband.li	1
hoststar.hosting	cupcake.li	1
Webland AG	fit-und-gesund.li	1
cyon GmbH	ersatzteile.li	1
xsw.bz	mdb.li	1
netcup GmbH	spraul.li	1
internex.at	pacher.li	1
awsdns-11.com	GOOGLE	1
CLOUDFLARENET	roulette77.li	1
METANET AG	fwt.li	1
greatnet.de	weider-store.li	1
CLOUDFLARENET	duoduo.li	1
ch-inter.net	lschv.li	1
AMAZON-02	ispia.li	1
hosteur.com	hosteur.net	1
NUCDN	a24a.li	1
BMS-AS	azacytidine.li	1
SECURITYSERVICES	messageone.com	1
black.host	typ.li	1
Dreamscape Networks Limited	mgen.li	1
pro.io	tf-solutions.li	1
archive-host.fr	ols.li	1
Vautron Rechenzentrum AG	grobrealestate.li	1
netcup GmbH	kienel.net	1
interway.ch	hydor.li	1
hoststar.hosting	wunderhund.li	1
inware.ch	infrarotkabine.li	1
METANET AG	tatti.li	1
PLANETHOSTER-8	rius.li	1
co.kr	GOOGLE	1
netcup GmbH	balls.li	1
domserver.de	brainity.com	1
idealizer.ch	kapitalanlagen.li	1
core-networks.com	core-networks.de	2
gilgo.io	wawayanda.li	1
neuenschwander.net	aterios.net	1
whirlpool.com	whirlpool.com	2
UNIFIEDLAYER-AS-1	trump.li	1
METANET AG	versicherig.li	1
Infomaniak Network SA	pferd-und-mensch.li	1
Datawire Ag	livingeggs.li	1
Telecom Liechtenstein AG	massagepraxis.li	1
netcup GmbH	0011.li	1
METANET AG	grouphouse.li	1
Vautron Rechenzentrum AG	dgcosmetic.li	1
cyon GmbH	lektor.li	1
cloud-dns.ch	swissccag.net	1
SupraNet AG	kaundbe.li	1
internetbleibe-server.de	g-2.li	1
Hetzner Online GmbH	exit57.li	1
GANDI SAS	freedelity.be	1
ch-inter.net	dustbag.li	1
netcup GmbH	hightech.li	1
sphostserver.com	chogan.li	1
CLOUDFLARENET	szt.li	1
interway.ch	bodenleger.li	1
METANET AG	meier-media.li	1
UNIFIEDLAYER-AS-1	montauktaxi.li	1
nebulla.ch	nebulla.ch	1
hoststar.hosting	sucre.li	1
interway.ch	xn--parkettbden-yfb.li	1
fet.li	fet.li	1
CLOUDFLARENET	DIGITALOCEAN-ASN	3
checkdomain.de	nunido.li	1
all-cloud.ch	MICROSOFT-CORP-MSN-AS-BLOCK	1
world4you.at	exxpress.li	1
linode.com	inhaus.eu	1
hoststar.hosting	bluesphere.li	1
hoststar.hosting	xn--schnenberger-6ib.li	1
ch-inter.net	taiwan.li	1
checkdomain.de	sustainab.li	1
bigance.com	ssa.li	1
net4all-dns.com	sur-un-nuage.li	1
hosttech.ch	weninger.li	1
Hostpoint AG	RACKSPACE	1
Host Europe GmbH	akupunktur.li	1
Hetzner Online GmbH	datenrettung.li	1
checkdomain.de	corneliuss.li	1
kommuni.com	kommuni.li	1
ch-inter.net	crypto-finance.li	1
Hostpoint AG	AS2-TRENDMICRO-COM	1
pixxudio.com	apexselected.li	1
Vautron Rechenzentrum AG	social-ag.li	1
SECURITYSERVICES	bhw-immobilien.li	1
BIZLAND-SD	ese.li	1
UNIFIEDLAYER-AS-1	woodbury.li	1
cyon GmbH	humanis.li	1
AMAZON-02	serverbo.li	1
aconi.de	MICROSOFT-CORP-MSN-AS-BLOCK	1
CLOUDFLARENET	lundy.li	1
OVH SAS	poczta.it	1
Vautron Rechenzentrum AG	flirt-fever.li	1
SupraNet AG	spielwaren.li	1
cyon GmbH	wetzstein.li	1
hosting-power.ch	guss-eisen.li	1
cyon GmbH	bergklub.li	1
SECURITYSERVICES	nasra.li	1
world4you.at	green-group.li	1
interway.ch	sportboden.li	1
hoststar.hosting	lida.li	1
Host Europe GmbH	mymailwall.com	1
awsdns-02.net	Proton AG	1
loopia.se	loopia.se	1
hoststar.hosting	maria-christina.li	1
ips.ch	hotelkrone.li	1
joker.com	ZOHO-AS	1
tabaluga.li	tabaluga.li	1
netcup GmbH	stuttgart.li	1
cyon GmbH	agedo.li	1
NSONE	yuku.li	1
BIZLAND-SD	vesta.li	1
hoststar.hosting	hostedoffice.ag	1
cyon GmbH	cuoco.li	1
dntrust.com	raisin.li	1
cyon GmbH	lifimax.li	1
internex.at	grenzgaenger.li	1
ns14.net	sysprofiler.com	1
Host Europe GmbH	tulkulobsang.li	1
bpweb.net	bpweb.net	1
IONOS SE	pegasus.li	1
Vautron Rechenzentrum AG	heyy.li	1
cyon GmbH	pewas.li	1
rockit.ch	uruguay.li	1
CLOUDFLARENET	haruka.li	1
sigmasites.net	ebsh.li	1
funktionierts.ch	mailbooster.ch	1
schmetterling.de	schmetterling.de	1
world4you.at	novaman.li	1
cyon GmbH	sigma-kreditbank.li	1
infomaniak.com	amar.li	1
domaisy.de	configcenter.info	1
Signet B.V.	browser.li	1
hoststar.hosting	jenni.li	1
Webland AG	limofahrt.li	1
awsdns-39.net	Fastmail Pty Ltd	1
METANET AG	helpchat.li	1
nameservers.pm	mif.li	1
contabo.net	OVH SAS	1
Host Europe GmbH	bienenhaus.li	1
oberdieck.com	oberdieck-online.de	1
hosttech.ch	Tutao GmbH	1
netcup GmbH	ffq.li	1
SECURITYSERVICES	licit.li	1
Vautron Rechenzentrum AG	grob-bau.li	1
pro.io	help4people.li	1
ns14.net	co.jp	1
dodns.net	mawaju.li	1
x-dot.de	x-dot.de	1
METANET AG	cosa.li	1
hostserv.eu	schneedienst.li	1
internex.at	haelsi.li	1
Webland AG	taurussachwerte.li	1
METANET AG	laternser.li	1
CLOUDFLARENET	reva.li	1
GANDI SAS	foc.li	1
edns.de	tauchen.li	1
pacehost.de	usa.li	1
GANDI SAS	maithai.li	1
NUCDN	pinkribbon.li	1
awsdns-14.org	GOOGLE-CLOUD-PLATFORM	1
METANET AG	sax.li	1
ANEXIA Internetdienstleistungs GmbH	verisure.li	1
hostingbolivia.info	tropicalgrill.li	1
NUCDN	encrosiere.li	1
Cloud DNS Ltd	sinnundzweck.li	1
Webland AG	cv-s.li	1
Vautron Rechenzentrum AG	Proton AG	1
Webland AG	skyam.li	1
METANET AG	zala.li	1
hoststar.hosting	runa.li	1
corallus.li	corallus.li	1
Vautron Rechenzentrum AG	nur-online.li	1
METANET AG	diabetes.li	1
cyon GmbH	gsn.li	1
nanet.at	adfls.li	2
METANET AG	turt.li	1
Host Europe GmbH	bdb.li	1
unaxus.net	traumferien.li	1
Webland AG	j-s.li	1
netcup GmbH	snwlhostedeu.com	1
Telecom Liechtenstein AG	epostplus.li	1
co.at	pana.li	1
checkdomain.de	linkvertise.li	1
METANET AG	enneastar.li	1
ns14.net	mailpanda.de	1
interway.ch	dr-nek.li	1
hoststar.hosting	immodrone.li	1
cyon GmbH	steft.li	1
world4you.at	pergola24.li	1
NUCDN	bergfex.at	1
Webland AG	ideekopf.li	1
Webland AG	modelrail.li	1
hoststar.hosting	dessauer.li	1
GOOGLE	brocko.li	1
photon.info	130.8	1
pro.io	cio.li	1
mwebdns.de	GOOGLE	1
nicns.net	ber.li	1
pk-informatics.at	servilo.li	1
Webland AG	harzi.li	1
buddyns.com	lunn.ch	1
ch-inter.net	popuppub.li	1
ns35.de	cix.li	1
METANET AG	nothelfer.li	1
awsdns-01.org	GOOGLE	1
ipcom GmbH	barilla.li	1
netcup GmbH	happi.li	1
gats.li	gats.li	1
hafners.li	MICROSOFT-CORP-MSN-AS-BLOCK	1
UNIFIEDLAYER-AS-1	mattitucktaxi.li	1
hostinger.com	CLOUDFLARENET	1
METANET AG	kuenzli.li	1
Webland AG	Bluewin	1
ch-inter.net	limone.li	1
cloudns.net	transfermarkt.de	1
hostmax.ch	rzobt.ch	1
haisoft.net	hli.li	1
swisscenter.com	GOOGLE-CLOUD-PLATFORM	1
METANET AG	couvert.li	1
METANET AG	massimo.li	1
Hostpoint AG	Nine Internet Solutions AG	1
isp.intra	ardy.li	1
cloudns.net	23M GmbH	1
green.ch AG	Stadtwerke Feldkirch	1
Vautron Rechenzentrum AG	longtimepmu.li	1
PlusServer GmbH	xn--lisweg-vxa.li	1
DNS-NET Services GmbH	fuetz.li	1
netcup GmbH	aichhorn.li	1
Host Europe GmbH	kinetics.li	1
METANET AG	k-palace.li	1
world4you.at	tschofen.li	1
Hetzner Online GmbH	lichtvoll-kreativ.de	1
eos1.com	cash.li	1
netcup GmbH	bahce.li	1
42.pl	Datacamp Limited	1
CLOUDFLARENET	unbox.at	1
pro.io	exerciseprofessional.li	1
METANET AG	couverts.li	1
cyon GmbH	ria.li	1
gth.li	Fastmail Pty Ltd	1
hostfactory.ch	GOOGLE	3
Key-Systems GmbH	big-daishowa.li	1
swizzonic.ch	solarteam.li	1
keymachine.de	falko.li	1
Telecom Liechtenstein AG	hypnosetherapie.li	1
cyon GmbH	898.li	1
METANET AG	ogg.li	1
interway.ch	reinigungsfirma.li	1
netcup GmbH	obertauern.li	1
Vautron Rechenzentrum AG	schoenheitsmedizin.li	1
ipcom GmbH	rof.li	1
l--n.de	l--n.de	1
Vautron Rechenzentrum AG	welthanse.li	1
CLOUDFLARENET	shdw.li	1
cyon GmbH	amtlich.li	1
gem.li	gem.li	1
world4you.at	bergvolt.li	1
hoststar.hosting	qwertz.li	1
aha-it.ch	aha-it.ch	1
ipwork.net	4bit.eu	1
METANET AG	pinkr.li	1
hoststar.hosting	zobel.li	1
METANET AG	brodergy.li	1
pro.io	schwaiger.li	1
cloudns.net	plrez.de	1
hosttech.ch	meinezweitmeinung.li	1
pro.io	index.li	1
hostserv.eu	bauernhof.li	1
hostserv.eu	rohrreiniger.li	1
CLOUDFLARENET	yok.li	1
contabo.net	skk.li	1
ns14.net	Heinlein-Support GmbH	1
UNIFIEDLAYER-AS-1	boat.li	1
hoststar.hosting	venganza.li	1
pro.io	gianni.li	1
isx.ch	MICROSOFT-CORP-MSN-AS-BLOCK	1
CLOUDFLARENET	grave.ch	1
effix.be	GOOGLE	2
pro.io	the-coach.li	1
Webland AG	weinconsult.li	1
Vautron Rechenzentrum AG	sexx.li	1
Vautron Rechenzentrum AG	beautycosmetics.li	1
managed-ip.com	also.com	1
METANET AG	spahni.li	1
ch-inter.net	rueegg.li	1
stlserv.com	rtn.li	1
dell.com	iphmx.com	1
prodns.de	amerop.li	1
Vautron Rechenzentrum AG	cosmeticstudio.li	1
cyon GmbH	cyoncloud.li	1
UNIFIEDLAYER-AS-1	voices.li	1
MICROSOFT-CORP-MSN-AS-BLOCK	dorfstrasse.li	1
d-n-s.at	mronet.at	1
ipcom GmbH	services4you.space	2
migros.ch	MICROSOFT-CORP-MSN-AS-BLOCK	1
CLOUDFLARENET	charon.li	1
hrnet.fr	hrnet.fr	1
Cloud DNS Ltd	rentyourluxury.li	1
ns5.ch	Stephan Roland Wolf	1
Hetzner Online GmbH	joder.li	1
METANET AG	presseportal.li	1
netcup GmbH	rational.li	1
mydevil.net	mydevil.net	3
comdo.ch	comdo.ch	1
orcwebhosting.ch	gordon.li	1
Vautron Rechenzentrum AG	shopgut.li	1
coop.ch	coop.ch	1
cmsweb.ch	grau.li	1
mwebdns.de	brax.li	1
internetwerk.de	sternenkraft.li	1
pro.io	airadventure.li	1
globehosting.net	beee.li	1
SECURITYSERVICES	bigdata.li	1
manitu GmbH	gsundleben.li	1
CLOUDFLARENET	oie.li	1
galaxius.com	wpm.li	1
vivanet.ch	vinzenz.li	1
hoststar.hosting	marxerag.li	1
netcup GmbH	radermacher.li	1
CLOUDFLARENET	domeneshop.no	1
com.au	il8.li	1
cdmon.net	moduli.li	1
ipcom GmbH	glas-mueller.li	1
SECURITYSERVICES	smo.li	1
Host Europe GmbH	fischer.li	1
anadoludns.com	nutten.li	1
dnsservice.net	odoni.li	1
hilweb.com	opencaching.li	1
nullusanxietas.com	gotb.li	1
OVH SAS	GOOGLE-CLOUD-PLATFORM	1
swizzonic.ch	sigma.li	1
hosttech.ch	wolfram.li	1
Vautron Rechenzentrum AG	kosmetikbeauty.li	1
SupraNet AG	adamascoin.io	1
Webland AG	lmc.li	1
backslash.ch	backslash.ch	1
hosting-power.ch	ghisa.li	1
hoststar.hosting	travelless.li	1
online.net	online.net	1
dodns.net	simple.li	1
CLOUDFLARENET	nvram.li	1
netcup GmbH	nachfolge.li	1
ch-inter.net	demenz.li	1
pro.io	horizont.li	1
cyon GmbH	powertrac.li	1
UNIFIEDLAYER-AS-1	bayport.li	1
Hetzner Online GmbH	freenet.de	1
hoststar.hosting	wertschriften.li	1
raymaster.com	raymaster.com	1
cyon GmbH	lospartners.li	1
hyp.net	fivezero.li	1
hoststar.hosting	rene.li	1
NUCDN	dsquared.li	1
checkdomain.de	goldmitrabatt.li	1
domainknecht.de	schiri.li	1
Key-Systems GmbH	alpinres.li	1
METANET AG	polygon.li	1
ipcom GmbH	realgarant.com	1
hoststar.hosting	taing.li	1
NUCDN	casino77.li	1
AMAZON-02	kingbright.li	1
SECURITYSERVICES	cloudfront.net	1
ipcom GmbH	cengiz.li	1
inet4.li	inet4.li	1
pro.io	fitnessguide.li	1
kastgroup.com	hosttech GmbH	1
zoneedit.com	duenner.li	1
huaweicloud-dns.cn	MICROSOFT-CORP-MSN-AS-BLOCK	1
MICROSOFT-CORP-MSN-AS-BLOCK	ldgdom.li	1
world4you.at	ecorocket.li	1
systemdns.com	boitebleue.info	1
GOOGLE	studio63.li	1
cyon GmbH	hansjakob.li	1
lakenetworks.it	lakenetworks.it	1
hoststar.hosting	danke.li	1
Webland AG	survival.li	1
ntdns.de	sab.li	1
hoststar.hosting	nefs.li	1
METANET AG	robert.li	1
cyon GmbH	amour.li	1
ns14.net	web-designer.li	1
Webland AG	friede.li	1
SupraNet AG	archiv.li	1
Webland AG	barmettler.li	1
world4you.at	wingman.li	1
ipcom GmbH	mzs.li	1
METANET AG	morrigan.li	1
checkdomain.de	chrysler.li	1
schulzmedia.li	buechel-gartenbau.li	1
Telecom Liechtenstein AG	mtaroutes.com	1
OVH SAS	meow.li	1
xtremeweb.de	GOOGLE	1
nawa.ch	nawa.ch	1
NForce Entertainment B.V.	masonserver.com	1
CLOUDFLARENET	whit.li	1
Host Europe GmbH	lohnstickerei.li	1
infolitic.com	infolitic.com	1
cyon GmbH	enetur.li	1
hoststar.hosting	beo.li	1
infomaniak.com	AMAZON-02	1
checkdomain.de	patenschaften.li	1
euroteam.com	christensen.li	1
hoststar.hosting	roots.li	1
alk03.ch	NAMECHEAP-NET	1
hoststar.hosting	hatebur.li	1
oberdieck.com	airedale.li	1
CLOUDFLARENET	traq.li	1
hoststar.hosting	kasi.li	1
ch-inter.net	sauberes-trinkwasser.li	1
hostserv.eu	xn--trkiye-3ya.li	1
ch-inter.net	mooc.li	1
hoststar.hosting	wuz.li	1
cyon GmbH	captiva.li	1
Telecom Liechtenstein AG	technopark-liechtenstein.li	1
prodns.de	schadenersatz.li	1
cyon GmbH	zora.li	1
Telecom Liechtenstein AG	infinity.li	1
world4you.at	shareswiss.li	1
dditservices.com	joyourself.li	1
domserver.de	nationalprinter.li	1
hostserv.eu	tran.li	1
MICROSOFT-CORP-MSN-AS-BLOCK	web4u.cz	1
yourhosting.eu	sohosted.com	1
ipcom GmbH	holz-richter.de	1
Hostpoint AG	herter.li	1
UNIFIEDLAYER-AS-1	radar.li	1
hostserv.eu	geoanatomy.li	1
Hostpoint AG	eastphone.li	1
Telecom Liechtenstein AG	mos.li	1
Vautron Rechenzentrum AG	pmu-international.li	1
hyp.net	ino.li	1
bbcom.ch	straessler.li	1
netcup GmbH	kkt.li	1
cyon GmbH	diamondfashion.li	1
CLOUDFLARENET	mine.li	1
DIGICERT	watchstation.li	1
Webland AG	flexxlink.li	1
internex.at	internex.li	1
itandtel.at	conova.com	1
nethertek.net	nethertek.net	1
hostgator.com	todolist.li	1
METANET AG	9495.li	1
netcup GmbH	iol.li	1
web-studio.li	web-studio.li	1
checkdomain.de	osmoseking.li	1
AMAZON-02	marketplacer.li	1
AMAZON-02	amicusrx.li	1
Host Europe GmbH	erdbeben.li	1
dodns.net	re-imagine-retail.li	1
dmsolutions.de	dmsolutions.li	1
world4you.at	mama-fitness.li	1
alfahosting.info	werk80.li	1
Webland AG	choer.li	1
CLOUDFLARENET	videnov.bg	1
Box Internet Services Sarl	ebener.li	1
Vautron Rechenzentrum AG	promoglasses.li	1
kpn.net	sympac.li	1
CLOUDFLARENET	beryllium.li	1
METANET AG	personalisiert.li	1
hoststar.hosting	reintaler.li	1
METANET AG	patentbuero.li	1
Vautron Rechenzentrum AG	studiobeauty.li	1
METANET AG	firstresponder.li	1
Vautron Rechenzentrum AG	raki.li	1
ns35.de	beschriften.li	1
cyon GmbH	textcheck.li	1
G-Core Labs S.A.	cdnzhukong.com	1
wphosting24.com	skimuseum.li	1
orcwebhosting.ch	sode.li	1
celta.it	to.it	1
inmotionhosting.com	umc.li	1
cmsweb.ch	grueninger.li	1
nameshield.net	vivendi.net	1
SECURITYSERVICES	bhw.li	1
pro.io	terreactive.ch	1
webair.net	hotchi.li	1
world4you.at	foreverliving.li	1
netcup GmbH	berchtold.li	1
hosttech.ch	larsondavis.li	1
stabletransit.com	METANET AG	1
CLOUDFLARENET	noname.hk	1
dominiok.it	132.18	1
ch-inter.net	abfallentsorgung.li	1
pinklemon.ch	familienportal.li	1
METANET AG	gbm.li	1
PLANETHOSTER-8	cvn.li	1
osn.de	osn.de	1
hoststar.hosting	1983.li	1
hoststar.hosting	verkehrsplanung.li	1
Vautron Rechenzentrum AG	financiers.li	1
dnssyn.de	net-solutions.li	1
DIGICERT	chaes.li	1
cyon GmbH	jammed.li	1
CLOUDFLARENET	ezze.li	1
internex.at	MICROSOFT-CORP-MSN-AS-BLOCK	1
world4you.at	verticalfarming.li	1
world4you.at	xn--karriereglck-mlb.li	1
Vautron Rechenzentrum AG	permanentcosmetic.li	1
cyon GmbH	visavis.li	1
Nessus GmbH	it-services.cloud	1
prodns.de	CLOUDFLARENET	1
world4you.at	manuelweber.li	1
realness.ch	realness.ch	1
pro.io	apfelsaft.li	1
cyon GmbH	globalma.li	1
cloudns.net	edenta.com	1
swizzonic.ch	openos.li	1
GOOGLE	GO-DADDY-COM-LLC	1
Host Europe GmbH	meinlokal.li	1
ispone-business.de	jarne.li	1
Datasource AG	kessler.uno	1
Host Europe GmbH	portfoliofonds.li	1
netcup GmbH	merry.li	1
checkdomain.de	kathi.li	1
inbox.eu	inbox.eu	1
hoststar.hosting	allesfuerdiekatz.li	1
Host Europe GmbH	schreiber.li	1
inmotionhosting.com	ombrel.li	1
Webland AG	peakcompliance.li	1
Hetzner Online GmbH	figur.li	1
METANET AG	troll.li	1
SupraNet AG	druckmedia.li	1
hoststar.hosting	shiatsu.li	1
world4you.at	aumaerk.li	1
cyon GmbH	natre.li	1
Host Europe GmbH	bertmade.li	1
w3w.de	memodaille.li	1
internex.at	Mittwald CM Service GmbH & Co. KG	1
Telecom Liechtenstein AG	fidelis.li	1
Hetzner Online GmbH	simba-dickie-group.li	1
Net-Build GmbH	einfacherfolgreich.li	1
european-server.com	indis.nl	1
cyon GmbH	autolie.li	1
NUCDN	eastcapitalexplorer.li	1
nameserver.center	64talents.li	1
hoststar.hosting	imaf.li	1
Vautron Rechenzentrum AG	whiskey.li	1
netcup GmbH	lieven.li	1
hostserv.eu	computerprofi.li	1
hoststar.hosting	Proton AG	1
SECURITYSERVICES	postbank-online.li	1
cyon GmbH	syshack.li	1
hosttech.ch	imkr.li	1
lf.net	ibitech.com	1
Webland AG	pacemaker.li	1
UNIFIEDLAYER-AS-1	shelterisland.li	1
crype-hosting.com	simply-infinity.li	1
METANET AG	hrst.li	1
hoststar.hosting	kannmotion.li	1
UNIFIEDLAYER-AS-1	oakdale.li	1
UNIFIEDLAYER-AS-1	lax.li	1
Webland AG	ibb.li	1
CLOUDFLARENET	homeserver.li	1
CLOUDFLARENET	damer.li	1
NUCDN	bianchivending.li	1
hoststar.hosting	schneider-electric.li	1
Hetzner Online GmbH	qpon.li	1
Russmedia IT GmbH	pizzamanufacture.li	1
Webland AG	lingua.li	1
domserver.de	marilynmonroe.li	1
pro.io	fuer-immer.li	1
EVANZO e-commerce GmbH	doi-labs.li	1
ch-inter.net	dynasoft.li	1
us.lt	verifo.li	1
interway.ch	peters-fahrschule.li	1
Vautron Rechenzentrum AG	vemondo.li	1
itic-dns.de	sitim.li	1
alfahosting.info	elw.li	1
skynet.be	proximus.li	1
owlhost.net	stashpatrick.li	1
swizzonic.ch	naska.li	1
CLOUDFLARENET	samsu.li	1
afraid.org	dus.li	1
ab stract ltd	visu.li	1
uhosting.ch	arcadia.li	1
O2switch SAS	skr.li	1
cyon GmbH	strukturierte-produkte.li	1
cyon GmbH	magma.li	1
OVH SAS	kfi.li	1
ns35.de	forelle.li	1
cyon GmbH	velofinder.li	1
hoststar.hosting	diametik.li	1
cyon GmbH	vivobase-shop.li	1
CLOUDFLARENET	cloudfront.net	1
METANET AG	stimm.li	1
oberdieck.com	schafe.li	1
Hostpoint AG	geistor.li	1
dodns.net	mailreaktor.de	1
checkdomain.de	salexo.li	1
AMAZON-02	orien.li	1
pro.io	helios.li	1
wire-hosting.de	wire.li	1
netcup GmbH	zippone.de	1
Host Europe GmbH	largamus-financial.li	1
hoststar.hosting	bs-consulting.li	1
mwebdns.de	badger.li	1
hoststar.hosting	mone.li	1
swissit.net	herzspezialist.li	1
ipage.com	ZOHO Corporation B.V	1
Host Europe GmbH	console.li	1
kpn.net	ortel-mobile.li	1
NSONE	cdndns.vip	1
prodns.de	willmex.li	1
cyon GmbH	4t2.li	1
prodomaines.com	prodomaines.com	1
hosttech.ch	cityman.net	1
netcup GmbH	heide.li	1
1and1.it	IONOS SE	1
cyon GmbH	stettler.li	1
kpn.net	getronics.li	1
hoststar.hosting	finger.li	1
cyon GmbH	hampa.li	1
afriqueinter.com	oui.li	1
hoststar.hosting	chind.li	1
hoehne-ag.de	hag.li	1
ch-inter.net	hypno.li	1
pro.io	heilverfahren.li	1
CLOUDFLARENET	l2l.li	1
HURRICANE	Fastmail Pty Ltd	2
Webland AG	blattwerk.li	1
IONOS SE	agv.li	1
hosttech.ch	lilawolke.li	1
pro.io	pocket.li	1
hoststar.hosting	koepfli.li	1
ns14.net	goldvorsorge.at	1
CLOUDFLARENET	tauro.li	1
hoststar.hosting	stampa.li	1
METANET AG	wrk.li	1
ria.ch	artcom.li	1
hoststar.hosting	leuch.li	1
misto.cloud	philosspiele.li	1
totalnameservers.com	smtp.goog	1
awsdns-10.net	Proton AG	1
UNIFIEDLAYER-AS-1	freeport.li	1
easydns.ca	sirs.li	2
cyon GmbH	fliegenpilz.li	1
world4you.at	seliger.li	1
webseitenfabrik.ch	kamer.li	1
world4you.at	betriebsarzt.li	1
balschun.ch	Proton AG	1
interway.ch	reinigungsprodukte.li	1
cyon GmbH	schmed.li	1
CLOUDFLARENET	kanzhe.li	1
CLOUDFLARENET	ict.run	1
Webland AG	onlinemastering.li	1
kigi.li	kigi.li	1
Vautron Rechenzentrum AG	adrialin.li	1
hosttech.ch	brunett.li	1
ANEXIA Internetdienstleistungs GmbH	mathier.li	1
Webland AG	blackgoldwhite.li	1
Vautron Rechenzentrum AG	beauty-atelier.li	1
cyon GmbH	pez.li	1
UNIFIEDLAYER-AS-1	barbeque.li	1
Telecom Liechtenstein AG	futureholding.li	1
UNIFIEDLAYER-AS-1	oceansidetaxi.li	1
GOOGLE	oldtimergarage.li	1
webhostingpremium.com	know.li	1
hoststar.hosting	1974.li	1
ns14.net	poolbook.li	1
DIGICERT	mailhero.li	1
hostpapa.com	ldl.li	1
nicns.net	tripo.li	1
kyberna.net	iresults.li	1
checkdomain.de	mobility-trader.li	1
cyon GmbH	trackmymeat.li	1
sitebytes.nl	sitebytes.nl	1
checkdomain.de	impact-investing.li	1
UNIFIEDLAYER-AS-1	wantaghtaxi.li	1
hotdomains3.at	zirbe.li	1
UNIFIEDLAYER-AS-1	boats.li	1
hoststar.hosting	pao.li	1
SECURITYSERVICES	justanswer.li	1
Host Europe GmbH	wearefamily.li	1
gransy.com	allwyn.li	1
pro.io	lebarte.li	1
Webland AG	automondo.li	1
cyon GmbH	vaccaro.li	1
UNIFIEDLAYER-AS-1	apartment.li	1
alpes.net	agl-import.net	1
METANET AG	brandform.li	1
CLOUDFLARENET	manuel.li	1
bigweb.ch	BIG IT AG	1
markt.li	werkplatz.li	1
Vautron Rechenzentrum AG	wertraum.li	1
swizzonic.ch	rocco.li	1
ohituskaista.net	ratkaisutalo.fi	1
METANET AG	perleca.li	1
Vautron Rechenzentrum AG	steuerhinterziehung.li	1
Webland AG	clement.li	1
ch-inter.net	bluebones.li	1
METANET AG	rvw.li	1
cleannameservers.com	slav.li	1
Webland AG	manger.li	1
hoststar.hosting	tristan.li	1
METANET AG	talofa.li	1
domainers.de	meatager.li	1
powerdns.de	zeus04.de	1
CLOUDFLARENET	cot.li	1
UNIFIEDLAYER-AS-1	pest.li	1
pro.io	foehnix.li	1
1984.is	pre.is	1
world4you.at	deutsch.li	1
METANET AG	icebox.li	1
ipcom GmbH	ganahl.li	1
METANET AG	buho.li	1
cargo.site	GOOGLE	1
gopas-solutions.de	jh-group.net	1
AMAZON-02	znaesh.li	1
Webland AG	zeit.li	1
cyon GmbH	forstcontrol.li	1
hoststar.hosting	kratt.li	1
AMAZON-02	sabon.li	1
CLOUDFLARENET	vicoli.de	1
Webland AG	thr.li	1
dnspod.net	Hangzhou Alibaba Advertising Co.,Ltd.	1
Telecom Liechtenstein AG	l40.li	1
hoststar.hosting	witti.li	1
IONOS SE	cleandiesel.ch	1
interserver.net	crk.li	1
Webland AG	taurusmetals.li	1
UNIFIEDLAYER-AS-1	southshore.li	1
SupraNet AG	forstundgarten.li	1
AMAZON-02	chmn.li	1
Webland AG	mugg.li	1
senseLAN GmbH	ferienwohnung-bodensee.li	1
hosttech.ch	umfragen.li	1
cyon GmbH	ranson-cognac.li	1
Vautron Rechenzentrum AG	daniela-grob.li	1
swizzonic.ch	ccl-it.li	1
hoststar.hosting	percipio.li	1
schlundtech.de	schacht-westerich.de	1
awsdns-20.com	qboxmail.com	1
buesser.li	buesser.li	1
hostingorilla.com	drive3d.li	1
SECURITYSERVICES	enskilda.net	1
Vautron Rechenzentrum AG	wodka.li	1
pro.io	touch.li	1
issp.at	teufelgroup.com	1
ch-inter.net	lederboden.li	1
sionix.ch	scall.li	1
checkdomain.de	healthcoach.li	1
quicns.com	GOOGLE	1
Telecom Liechtenstein AG	taxcard.li	1
hoststar.hosting	outdoorguide.li	1
dxb.ch	dxb.ch	1
hoststar.hosting	ernscht.li	1
Webland AG	addplus.li	1
upress.io	co.il	1
taktazserver.com	glink.ir	1
zoneedit.com	GOOGLE-CLOUD-PLATFORM	1
schlundtech.de	expurgate.de	1
Vautron Rechenzentrum AG	erotik.li	1
netcup GmbH	fibo.li	1
Bluewin	team-w.ch	1
hoststar.hosting	xn--krcher-center-bfb.li	1
netcup GmbH	abdul.li	1
Webland AG	rani.li	1
world4you.at	finewatches.li	1
netcup GmbH	towa.li	1
AMAZON-02	youngliving.li	1
CLOUDFLARENET	kmk.li	1
switchpool.com	records.li	1
hosttech.ch	pen-illustrations.li	1
prodns.de	golf.li	1
OVH SAS	ponymx.com	1
awsdns-38.com	domainnetwork.net	1
METANET AG	close-up.li	1
Webland AG	taurussachwert.li	1
hosttech.ch	we-teach.li	1
ch-inter.net	bfg.li	1
GOOGLE	crypto-tax.li	1
AMAZON-02	targus.li	1
Ledl.net GmbH	blauelagune.li	1
NUCDN	istudio.li	1
AMAZON-02	suse-linux.li	1
UNIFIEDLAYER-AS-1	insured.li	1
cyon GmbH	Heinlein-Support GmbH	1
hoststar.hosting	andibiedermann.li	1
METANET AG	lionel.li	1
Host Europe GmbH	rocktape.li	1
METANET AG	dykker.li	1
hosttech.ch	goliath.li	1
nameserver.center	cyberresilience.li	1
bluehost.in	tagg.li	1
GOOGLE	Nessus GmbH	1
METANET AG	briel.li	1
Webland AG	aeschbacher.li	1
BIZLAND-SD	haecki.li	1
asurahosting.com	gsr.li	1
INTERNET CZ, a.s.	MICROSOFT-CORP-MSN-AS-BLOCK	1
CLOUDFLARENET	zuel.li	1
METANET AG	alpenglanz.li	1
netcup GmbH	trumpery.li	1
Vautron Rechenzentrum AG	skendi.li	1
beget.com	beget.com	2
cyon GmbH	bodydeluxe.li	1
ipcom GmbH	kci.li	1
interway.ch	balaenoptera.li	1
cyon GmbH	spam.li	1
pro.io	schatz.li	1
world4you.at	betriebsmedizin.li	1
Webland AG	alfa-romeo.li	1
hostserv.eu	Host Europe GmbH	1
markt.li	xn--mtzler-bua.li	1
Hostpoint AG	Bluewin	1
Hetzner Online GmbH	salesviewer.li	1
Vautron Rechenzentrum AG	steuerstrafverfahren.li	1
Vautron Rechenzentrum AG	longtimepermanent.li	1
checkdomain.de	pixx.li	1
nameserver.center	rs-bauservice.li	1
nameserver.center	freitanz.li	1
hampe.com	hampe.com	1
CLOUDFLARENET	csv.li	1
hosttech.ch	skool.li	1
droso.dk	droso.net	1
hostserv.eu	jugendfeuerwehr.li	1
Telecom Liechtenstein AG	dreamlashes.li	1
CLOUDFLARENET	conecta.li	1
Hetzner Online GmbH	allround.digital	1
awsdns-19.org	GOOGLE	2
hoststar.hosting	humm.li	1
ipcom GmbH	Mittwald CM Service GmbH & Co. KG	1
pro.io	schreibwerkstatt.li	1
Ledl.net GmbH	jakobsen.li	1
schloessle-mahal.li	schloessle-mahal.li	1
hoststar.hosting	schweizerprodukte.li	1
w3w.de	anf.li	1
cyon GmbH	fammi.li	1
hostprofis.com	lasertechnologie.li	1
hosttech.ch	dramatherapie.li	1
METANET AG	liemont.li	1
register.it	mynet.it	1
hosting.zuerich	riazi.li	1
BMS-AS	pomalidomide.li	1
hoststar.hosting	alphornecho.li	1
world4you.at	wohnrechtimmobilie.li	1
unknown	atz.li	1
hoststar.hosting	hegg.li	1
world4you.at	mailkast.li	1
hoststar.hosting	blacksheep.li	1
edvl.ch	drogi.li	1
globonet.ch	villa.li	1
cyon GmbH	bzg.li	1
mainns.de	aikq.de	1
cyon GmbH	markusvogt.li	1
Vautron Rechenzentrum AG	steady.li	1
netservice24.de	paxango.li	1
hostserv.eu	kinderwunschzentrum.li	1
CLOUDFLARENET	dnsmadeeasy.com	1
flessio.com	flessio.com	1
swissplaza.ch	stauffer.li	1
Hostpoint AG	itwerk.li	1
hostname.ch	hostname.ch	1
senseLAN GmbH	honig.li	1
netcup GmbH	iskash.li	1
bilgin.org	my-pizza.li	1
OVH SAS	dul.li	1
kos.li	kos.li	1
internex.at	sliderz.li	1
CLOUDFLARENET	hagmann.li	1
ruehrlehner.de	breuer.li	1
netcup GmbH	42x.li	1
AMAZON-02	Infomaniak Network SA	1
SupraNet AG	paletta.li	1
CLOUDFLARENET	wud.li	1
gransy.com	ultahost.li	1
hoststar.hosting	zelte.li	1
Vautron Rechenzentrum AG	banking.li	1
METANET AG	mms.li	1
prodns.de	narkose.li	1
Vautron Rechenzentrum AG	permanentin.li	1
netcup GmbH	explicit.li	1
ch-inter.net	lovox.li	1
pro.io	digida.li	1
pro.io	flury.li	1
cyon GmbH	ayem.li	1
ns35.de	msms.li	1
hostserv.eu	cuckoo.li	1
CLOUDFLARENET	liber.li	1
HURRICANE	MICROSOFT-CORP-MSN-AS-BLOCK	1
olm.net	firefly.li	1
checkdomain.de	epp.li	1
METANET AG	kochzirkel.li	1
sikom.ch	0815.li	1
applicare.ch	ceconet.ch	1
pro.io	outled.li	1
gzo.com	antep.li	1
ipcom GmbH	21.74	1
domainers.de	heilindeurope.li	1
unaxus.net	saner.li	1
wush.de	tatze.org	1
everythingfury.com	webcomic.li	1
dn-s.nl	tooolz.li	1
METANET AG	amed.li	1
hostserv.eu	qrmenu.li	1
Telecom Liechtenstein AG	haco.li	1
pixtel.net	pixtel.net	1
cyon GmbH	volkmann.li	1
Hetzner Online GmbH	0xff.li	1
CLOUDFLARENET	dasa.li	1
cyon GmbH	nordwest.li	1
domaisy.de	Heinlein-Support GmbH	1
cyon GmbH	mopo.li	1
netcup GmbH	ahmet.li	1
hosttech.ch	trockenerkeller.li	1
OVH SAS	izrae.li	1
hoststar.hosting	amnesty.li	1
pro.io	hrcampus.li	1
Vautron Rechenzentrum AG	permanentonline.li	1
SupraNet AG	skicoach.li	1
cyon GmbH	mariosfahrschule.li	1
SECURITYSERVICES	rodamcoeurope.li	1
pinklemon.ch	lielex.li	1
iptwins.com	melvita.li	1
jgc.li	jgc.li	1
ns35.de	flphotography.li	1
AMAZON-02	laundryheap.li	1
OVH SAS	tail.li	1
ns35.de	leverkusen.li	1
hoststar.hosting	physiomelanie.li	1
T-Mobile Austria GmbH	inode.at	1
galaxyweb.ch	baum.li	1
METANET AG	jaberg.li	1
neutech.com	neutech.fi	1
netcup GmbH	dominikus.li	1
SWITCH	AMAZON-02	1
METANET AG	air-ballon.li	1
DIGICERT	landolt.li	1
Vautron Rechenzentrum AG	langzeitkonturen.li	1
netcup GmbH	ikv.li	1
hosttech.ch	schwarzenegger.li	1
domainhotelli.fi	domainhotelli.fi	1
world4you.at	lbech.at	1
orcwebhosting.ch	firmenboerse.li	1
world4you.at	xn--mhm-sna.li	1
ipcom GmbH	lru.li	1
METANET AG	arno.li	1
SECURITYSERVICES	rodamco.li	1
cyon GmbH	find-easy.li	1
bcs-computer.com	bcs-computer.com	1
cyon GmbH	bison.li	1
kpn.net	orteltelecom.li	1
netcup GmbH	konfliktpraevention.li	1
Hetzner Online GmbH	tinker.li	1
netjust.com	colman.it	1
intellicard.ch	id-security.li	1
OVH SAS	anat.li	1
AMAZON-02	schweingruber.li	1
Ledl.net GmbH	text-konzept.li	1
TV-COM AG	bon.at	1
UNIFIEDLAYER-AS-1	insure.li	1
cyon GmbH	bosshart.li	1
cyon GmbH	data-transfer.li	1
Telecom Liechtenstein AG	salsalibre.li	1
paus.ch	paus.ch	1
schlundtech.de	Proton AG	1
Signet B.V.	geniustravel.li	1
tazuloo.net	canam-ryker.li	1
NUCDN	ikano.li	1
cyon GmbH	bluetenzauber.li	1
cyon GmbH	golfforum.li	1
linthcom.ch	edelweisshemd.li	1
UNIFIEDLAYER-AS-1	directory.li	1
Vautron Rechenzentrum AG	superstartups.li	1
METANET AG	kurth.li	1
GANDI SAS	chiendent.li	1
CLOUDFLARENET	naranja.li	1
Vautron Rechenzentrum AG	silvercoin.li	1
Datawire Ag	neurologie.li	1
METANET AG	118.li	1
hosttech.ch	eliv.li	1
infomaniak.com	23t.ch	1
hoststar.hosting	forged.li	1
netcup GmbH	hyl.li	1
HURRICANE	ifs.li	1
zimtdesign.com	GOOGLE	1
orcwebhosting.ch	spirittours.li	1
ch-inter.net	feng-shui.li	1
CLOUDFLARENET	gimy.li	1
cyon GmbH	engel-apotheke.li	1
hoststar.hosting	roppel.li	1
CLOUDFLARENET	hars.li	1
hoststar.hosting	faessli.li	1
netcup GmbH	fraenzi.li	1
UNIFIEDLAYER-AS-1	pups.li	1
METANET AG	woot.li	1
SECURITYSERVICES	pironet-ndh.com	1
CLOUDFLARENET	quanloop.cloud	1
li-life web + it establishment	GOOGLE-CLOUD-PLATFORM	1
Vautron Rechenzentrum AG	vivienne.li	1
Vautron Rechenzentrum AG	microblading.li	1
i-media.eu	i-media.li	1
Vautron Rechenzentrum AG	sazane.li	1
Hostpoint AG	btsbelvoir.com	1
Newsnet AG	toendury.li	2
hoststar.hosting	bosstrust.li	1
volvo.com	volvo.se	1
Webland AG	jucom.li	1
OVH SAS	spacemail.com	1
swizzonic.ch	Elektrizitaets- und Wasserwerk der Stadt Buchs SG	1
cyon GmbH	fffff.li	1
cyon GmbH	rdk.li	1
nameserver.center	sternschnuppe.li	1
netcup GmbH	lobivia.li	1
checkdomain.de	goldberg.li	1
Webland AG	nftworld.li	1
cyon GmbH	APPLE-ENGINEERING	1
octopuce.fr	octopuce.fr	1
domainers.de	immondo.li	1
GANDI SAS	valhalla.li	1
ch-inter.net	wesa.li	1
awardspace.com	nihao.li	1
registrant.ru	LLC VK	1
Webland AG	e-cars.li	1
CLOUDFLARENET	NovaTrend Services GmbH	1
Hostpoint AG	arubabusiness.it	1
VTX Services SA	business-exchange.ch	1
METANET AG	eindruckgrafik.li	1
pinklemon.ch	hostedoffice.ag	1
cyon GmbH	cronberg.li	1
Webland AG	vivalamusica.li	1
pro.io	xibo.li	1
host.ch	combb.li	1
newsdns.com	tiscalinet.li	1
hoststar.hosting	ros.li	1
versio.be	MICROSOFT-CORP-MSN-AS-BLOCK	1
world4you.at	nius.li	1
schlundtech.de	beq.li	2
hoststar.hosting	dolf.li	1
VTX Services SA	plomplomplom.com	1
Vautron Rechenzentrum AG	xn--tresorrume-w5a.li	1
nameserver.center	drtoken.li	1
schweizer-domain.ch	pillenpacker.li	1
Vautron Rechenzentrum AG	stella.li	1
Vautron Rechenzentrum AG	worldwidespirits.li	1
OVH SAS	afh.li	1
cyon GmbH	aioc.li	1
f00.net	f00.net	1
Vadian.Net AG	APPLE-ENGINEERING	1
OVH SAS	xv2.li	1
cyon GmbH	stampfbeton.li	1
CLOUDFLARENET	gross-hosting.li	1
UNIFIEDLAYER-AS-1	bagel.li	1
inmotionhosting.com	europeanstudios.li	1
GANDI SAS	Hetzner Online GmbH	1
ipcom GmbH	dogado GmbH	1
Russmedia IT GmbH	powersports.li	1
Webland AG	leesolutions.li	1
Webland AG	powerdrink.li	1
Ledl.net GmbH	jobfinder.li	1
METANET AG	s-port.li	1
METANET AG	signed.li	1
Bluewin	xn--frchte-4ya.li	1
sibyl.li	QUICKPACKET	1
planzer.ch	Virtualtec Solutions AG	1
sylon.net	MICROSOFT-CORP-MSN-AS-BLOCK	1
Vautron Rechenzentrum AG	mauersberger.li	1
checkdomain.de	invisibobble.li	1
CLOUDFLARENET	kauz.li	1
2is.nl	xaggle.li	1
INTERNET CZ, a.s.	GOOGLE	1
alpine-cloud.at	alpine-cloud.at	1
brockhoff.li	brockhoff.li	1
digimagical.com	flexprint.li	1
gretlerintermedia.ch	avegret.li	1
dnsexit.com	prova.li	1
huaweicloud-dns.cn	NAMECRANE	1
Webland AG	swissdrive.li	1
Vautron Rechenzentrum AG	studio-cosmetic.li	1
SupraNet AG	crepes.li	1
netcup GmbH	spn.li	1
dnssyn.de	netsolutions.li	1
hoststar.hosting	uvo.li	1
cyon GmbH	mountaincart.li	1
world4you.at	antal.li	1
METANET AG	immogreen.li	1
Russmedia IT GmbH	vol.at	1
Hetzner Online GmbH	aumass.de	1
CLOUDFLARENET	sternenzauber.li	1
AMAZON-02	gnuff.li	1
METANET AG	gehrig.li	1
Cloud DNS Ltd	xn--flchtlingshilfe-0vb.li	1
NUCDN	boohoo.li	1
METANET AG	mian.li	1
Telecom Liechtenstein AG	erben.li	1
netcup GmbH	qwd.li	1
caq.de	caq.de	1
METANET AG	tigi.li	1
SupraNet AG	lingg.li	1
han-solo.net	kursino.li	1
METANET AG	eisenring.li	1
DIGITALOCEAN-ASN	read.li	1
hoststar.hosting	egli.li	1
NUCDN	asiainspection.li	1
netcup GmbH	iqq.li	1
Telecom Liechtenstein AG	beck-biedermann.li	1
Webland AG	zolli.li	1
OVH SAS	timdejoode.com	1
METANET AG	vidyo.li	1
METANET AG	hxh.li	1
Vautron Rechenzentrum AG	atelier-cosmetic.li	1
Host Europe GmbH	typewriter.li	1
ports.se	SECURITYSERVICES	1
riechie.de	riechie.de	1
swissit.net	elbied.li	1
unknown	turkiye.li	1
senseLAN GmbH	uhrenpapst.li	1
thgnet.net	infinitix.li	1
smx.at	sprecher-akademie.li	1
35.4	li-life web + it establishment	1
cyon GmbH	dentaltec.li	1
domaisy.de	meinbeckenboden.li	1
METANET AG	hayashi.li	1
CLOUDFLARENET	hostingpanel2.com	1
bio-inspecta.ch	q-inspecta.li	1
UNIFIEDLAYER-AS-1	house.li	1
pro.io	berkshire-hathaway.li	1
ACTIVE 24, s.r.o.	hpal.li	1
Hostpoint AG	nisc.ch	1
infomaniak.com	ZOHO Corporation B.V	1
AMAZON-02	nollab.de	1
hosttech.ch	tageszimmer.li	1
7f000001.org	7f000001.org	1
METANET AG	salch.li	1
multiserver.gr	montfort.li	1
uni-konstanz.de	uni-konstanz.de	1
cyon GmbH	xxlbbq.li	1
METANET AG	computer-express.li	1
markt.li	kleiderlust.li	1
Vautron Rechenzentrum AG	hgp.li	1
ch-inter.net	kopter.li	1
NUCDN	avamarkets.li	1
arvixe.com	666.li	1
Hetzner Online GmbH	oprem.li	1
com.br	campos.li	1
interway.ch	cara.li	1
cyon GmbH	mambo.li	1
CLOUDFLARENET	tik.li	1
hoststar.hosting	schnittstelle.li	1
awsdns-04.com	freie-jobs.li	1
METANET AG	north.li	1
pro.io	ehrler.li	1
awsdns-17.net	Datacenter Luxembourg S.A.	1
azure.com	marxer-law.li	1
s-dns.de	wsna.li	1
SOFTLAYER	wou.li	1
ipcom GmbH	united-host.de	1
nadns1.com	delink-ssl.net	1
Hetzner Online GmbH	kuenzle.li	1
hoststar.hosting	kurl.li	1
ch-inter.net	dercoach.li	1
cyon GmbH	mas.li	1
Webland AG	ltd.li	1
netcup GmbH	hellsangels.li	1
ipcom GmbH	netease.com	1
0800freecall.ch	muldenservice.li	1
Telecom Liechtenstein AG	bogensport.li	1
cyon GmbH	aeneas.li	1
cyon GmbH	jamiewong.li	1
cyon GmbH	boede.li	1
CLOUDFLARENET	michi.li	1
cyon GmbH	swell.li	1
hoststar.hosting	xn--bro-spitex-9db.li	1
Vautron Rechenzentrum AG	yildirim.li	1
hoststar.hosting	werbemedienhaus.li	1
Webland AG	eventtechniker.li	1
hosting-power.ch	delikatesse.li	1
world4you.at	heiztechnik.li	1
hostserv.eu	webtech.li	1
METANET AG	indoor-spielplatz.li	1
orcwebhosting.ch	firmen-boerse.li	1
afraid.org	keg.li	1
cyon GmbH	ein-blick.li	1
hostserv.eu	dxy.li	1
Webland AG	hollenstein.li	1
estugo-webhosting.com	tonertaxi.li	1
alfahosting.info	itworkx.li	1
Infomaniak Network SA	AMAZON-02	1
ns14.net	kompas.li	1
0x59.net	g32.us	1
cyon GmbH	lifefestival.li	1
Vautron Rechenzentrum AG	predictive.li	1
webaccountserver.com	wurld.li	1
Signet B.V.	travelbags.li	1
Nessus GmbH	websms.com	1
Hetzner Online GmbH	secrets.li	1
IONOS SE	Bluewin	2
nullusanxietas.com	na1.li	1
ch-inter.net	eigenbroetler.li	1
Vautron Rechenzentrum AG	permanent-cosmetics.li	1
goldvision.com	unternehmensberatung.li	1
hoststar.hosting	fessler.li	1
hoststar.hosting	kuryos.li	1
METANET AG	27001.li	1
world4you.at	autoflasher.li	1
netzpepper.de	wandergasthoefe.li	1
afraid.org	mens.li	1
world4you.at	loibner.li	1
cloudns.io	cloudns.io	1
cyon GmbH	lektorat.li	1
awsdns-03.net	alpiq.com	1
pro.io	dataspider.li	1
METANET AG	wuensche.li	1
METANET AG	homepage.li	1
SECURITYSERVICES	fashion-digital.de	1
cyon GmbH	aero-zone.li	1
cyon GmbH	schilling-report.li	1
us.lt	aiste.li	1
Webland AG	wwwehr.li	1
hoststar.hosting	wirz.li	1
world4you.at	fugenlos.li	1
greatnet.de	fotoautomat.li	1
zielonaskrzynka.pl	zie.li	1
Telecom Liechtenstein AG	zeus.li	1
SupraNet AG	velosta.li	1
ipcom GmbH	reze.li	1
hostcenter.li	hostcenter.li	1
Datawire Ag	xeno.li	1
netcup GmbH	sprau.li	1
cyon GmbH	pflanzenkohle.li	1
hoststar.hosting	batt.li	1
com2web.ch	boots-motoren.li	1
world4you.at	brigittekraxner.li	1
hoststar.hosting	tennisschule.li	1
pro.io	saemis.li	1
hoststar.hosting	mayclasport.li	1
cyon GmbH	manta.li	1
hoststar.hosting	asynto.li	1
verio.com	MICROSOFT-CORP-MSN-AS-BLOCK	1
veridyen.com	indirim.li	1
superserver.ch	elarsystems.li	1
namedc.com	818.li	1
Hetzner Online GmbH	lobstah.li	1
PlusServer GmbH	IWEB-AS	1
netcup GmbH	athene.li	1
swiss-web.com	swiss-web.com	1
CLOUDFLARENET	schirme.li	1
hosttech.ch	foodkit.li	1
ipcom GmbH	menkisys-networks.de	1
Vautron Rechenzentrum AG	makeupbeauty.li	1
Vautron Rechenzentrum AG	dany.li	1
CLOUDFLARENET	otlob.li	1
AMAZON-02	beyondwhois.li	1
unaxus.net	hiks.li	1
SECURITYSERVICES	kraftfoods.li	1
hosting-power.ch	delikatessen.li	1
METANET AG	pfund.li	1
Host Europe GmbH	estably.li	1
dnspod.net	mrma.me	1
DNS-NET Services GmbH	bailey.li	1
SECURITYSERVICES	lampertdns.at	1
Hetzner Online GmbH	Iway AG	1
METANET AG	numlab.li	1
nameserveit.com	ilaa.li	1
ipcom GmbH	peuterey.li	1
NUCDN	getlenses.li	1
Signet B.V.	periodic.li	1
mcsween.li	QUICKPACKET	1
ipcom GmbH	npt.li	1
cyon GmbH	betreuplangmbh.li	1
CLOUDFLARENET	privacy.li	1
netcup GmbH	it-academy.li	1
Vautron Rechenzentrum AG	huster.li	1
NetActuate, Inc	Fastmail Pty Ltd	2
com.br	psico.li	1
MICROSOFT-CORP-MSN-AS-BLOCK	platinumcloud.ch	1
tiekoetter.net	tiekoetter.net	1
NUCDN	meetingroom.li	1
dig.com	disneyonline.com	1
MICROSOFT-CORP-MSN-AS-BLOCK	krypton.ch	1
Knipp Medien und Kommunikation GmbH	MICROSOFT-CORP-MSN-AS-BLOCK	1
hoststar.hosting	mossbauer.li	1
as8758.net	thoms.li	1
pro.io	stil-art.li	1
hoststar.hosting	dervorleser.li	1
ch-inter.net	staubsaugersack.li	1
domserver.de	stepman.net	1
cyon GmbH	xn--rdisser-n2a.li	1
onebyte.ch	grem.li	1
cyon GmbH	masora.li	1
auto-dns.com	carrental.li	1
Vautron Rechenzentrum AG	saseno.li	1
UNIFIEDLAYER-AS-1	hicksvilletaxi.li	1
Groupe LWS SARL	lwshosting.li	1
netcup GmbH	iili.li	1
GANDI SAS	giesinger.li	1
UNIFIEDLAYER-AS-1	trucks.li	1
METANET AG	schredder.li	1
kpn.net	freedomofspeech.li	1
NSONE	Infomaniak Network SA	1
ch-inter.net	urne.li	1
tabside.ch	tabside.ch	1
unix.lu	postkuh.eu	1
pro.io	amazingflight.li	1
Vautron Rechenzentrum AG	makeuppermanent.li	1
Host Europe GmbH	wintergaerten.li	1
ipcom GmbH	schleicher.li	1
GANDI SAS	devesc.fr	1
Vautron Rechenzentrum AG	henryclaire.com	1
netcup GmbH	sas.li	1
CLOUDFLARENET	jombe.li	1
1984.is	GOOGLE	1
METANET AG	centro-italiano.li	1
world4you.at	comohome.li	1
fink.org	fink-telecom.com	1
Neue Medien Muennich GmbH	ZOHO-AS	1
netcup GmbH	5vor12reisen.li	1
prodns.de	23M GmbH	1
Signet B.V.	APPLE-ENGINEERING	1
pro.io	rhythmproject.li	1
cyon GmbH	redner.li	1
SECURITYSERVICES	Cloudflare London, LLC	1
CLOUDFLARENET	cake.li	1
netcup GmbH	enya.li	1
sansolutions.ch	bugbounty.li	1
METANET AG	swissballon.li	1
netzpionier.at	proxigy.li	1
cyon GmbH	bunz.li	1
hoststar.hosting	sebastian-mueller.li	1
ipcom GmbH	kimsufi.com	2
issociate.de	sophos.com	1
METANET AG	tbg.li	1
nameserver.center	resilienceshield.li	1
Vautron Rechenzentrum AG	flatbooster.li	1
tizoo.com	joyful.li	1
alfahosting.info	semar.li	1
hoststar.hosting	pampers.li	1
Groupe LWS SARL	lws.li	1
CLOUDFLARENET	fyn.nl	1
xiag.ch	xiag.ch	1
AMAZON-02	NorthC Deutschland GmbH	1
ORACLE-BMC-31898	gischig.com	1
METANET AG	masuyo.li	1
centinated.ch	uphost.ch	1
CLOUDFLARENET	boxjan.li	1
pro.io	fluck.li	1
hoststar.hosting	flashback.li	1
server-routing.com	srms.li	1
hoststar.hosting	xn--hpfburg-n2a.li	1
curiositygroup.com	skinminded.li	1
CLOUDFLARENET	steng.li	1
mediatel.at	GOOGLE	1
METANET AG	molok.li	1
cyon GmbH	easy-find.li	1
pro.io	vulkanit.li	1
domainers.de	heilindelectronic.li	1
cyon GmbH	guestbook.li	1
METANET AG	leut.li	1
infomaniak.com	aubin.ch	1
hoststar.hosting	mrte.li	1
cyon GmbH	kvogt.li	1
cyon GmbH	wolk.li	1
secserverpros.com	phone.li	1
ch-inter.net	tang.li	1
pro.io	cte.li	1
UNIFIEDLAYER-AS-1	roslyntaxi.li	1
AMAZON-02	piggscasino.li	1
CLOUDFLARENET	annas-archive.li	1
hoststar.hosting	eplexx.li	1
interway.ch	kreuzamhimmel.li	1
SECURITYSERVICES	lecreuset.li	1
iteconomy.ch	pfiffner.li	1
Key-Systems GmbH	hssgroup.li	1
cyon GmbH	core-invest.li	1
cyon GmbH	inovaprotect.li	1
gransy.com	startupjobs.li	1
cyon GmbH	heim-ag.li	1
Telecom Liechtenstein AG	Hetzner Online GmbH	3
Cloud DNS Ltd	zemma.li	1
ipcom GmbH	denoom.li	1
hoststar.hosting	hongtao.li	1
cyon GmbH	3w-stratego.li	1
Infomaniak Network SA	vfs.li	1
Webland AG	fa6.li	1
linode.com	harper.li	1
ch-inter.net	hongkong.li	1
METANET AG	modura.li	1
checkdomain.de	terra-seasons.li	1
netcup GmbH	accurate.li	1
CLOUDFLARENET	snapcard.li	1
Webland AG	emundo.li	1
cyon GmbH	preisauskunft.li	1
ns14.net	GOOGLE	1
pro.io	tipptainer.li	1
kpn.net	base-mobile.li	1
Vautron Rechenzentrum AG	horoskop.li	1
METANET AG	anlaesse.li	1
Vautron Rechenzentrum AG	investments.li	1
nameshield.net	saint-gobain.li	1
zns-53.com	zohocorp.com	1
dvbern.ch	MICROSOFT-CORP-MSN-AS-BLOCK	1
CLOUDFLARENET	ionet.at	1
netcup GmbH	functional.li	1
schiller.li	bgeserver.de	1
Hostpoint AG	justfans.li	1
hoststar.hosting	streiff.li	1
ihc.ru	gamezz.li	1
cyon GmbH	eventforyou.li	1
Datasource AG	gate.li	1
cyon GmbH	dasschweizerbad.li	1
METANET AG	xn--erdwrme-8wa.li	1
CLOUDFLARENET	h6g-server.net	1
Webland AG	waldmueller.li	1
infomaniak.com	concepta.li	1
Vautron Rechenzentrum AG	mclanyard.li	1
afraid.org	bnk.li	1
METANET AG	konstruktiv.li	1
smilla.ch	MICROSOFT-CORP-MSN-AS-BLOCK	1
HURRICANE	noknowncure.net	1
fima-hosting.ch	lashlounge.li	1
com.br	wiin.li	1
cyon GmbH	xn--rechtsanwltin-jfb.li	1
awsdns-22.net	METANET AG	1
wk-serv.de	poppers-shop.li	1
AMAZON-02	truevo.li	1
NUCDN	alkalife.li	1
hoststar.hosting	stem.li	1
Vautron Rechenzentrum AG	waffenschraenke.li	1
METANET AG	webhotel.ch	1
Vautron Rechenzentrum AG	promoswipe.li	1
cyberfolks.ro	ZOHO Corporation B.V	1
senseLAN GmbH	schaa.li	1
Webland AG	limousinen.li	1
breakingpoint.ro	e-qua.li	1
ypn.it	xbt.li	1
domainquadrat.com	Neue Medien Muennich GmbH	1
IONOS SE	institutum-catholica.li	1
Vautron Rechenzentrum AG	signoza.li	1
lizitian.com	lizitian.com	1
pro.io	mydomain.li	1
nameserver.center	wohlsein.li	1
cyon GmbH	scheidung.li	1
cyon GmbH	help-yourcells.li	1
checkdomain.de	spenden.li	1
METANET AG	management.li	1
hostserv.eu	sve.li	1
hoststar.hosting	naescher.li	1
CLOUDFLARENET	gisler.li	1
NUCDN	biovea.li	1
O2switch SAS	hikari.li	1
METANET AG	swissfpvcommunity.li	1
misto.cloud	rivalo.info	1
Key-Systems GmbH	nr1.li	1
Webland AG	sabo.li	1
METANET AG	filmfest.li	1
neuebankag.li	MICROSOFT-CORP-MSN-AS-BLOCK	1
Hetzner Online GmbH	vbrb.li	1
CLOUDFLARENET	appi.li	1
CLOUDFLARENET	nov.im	1
netcup GmbH	lillil.li	1
checkdomain.de	heartstocks.li	1
webkeeper.ch	cerar.li	1
METANET AG	kultur-traverse.li	1
hoststar.hosting	xn--schrpf-5ya.li	1
patriot.ch	patriot.li	1
SupraNet AG	intro.li	1
hyp.net	APPLE-ENGINEERING	1
hoststar.hosting	kleiner.li	1
contabo.net	lsl.li	1
rockit.ch	stiftungfarbe.li	1
hoststar.hosting	wenzinger.li	1
cronon.de	hidrive.de	1
METANET AG	gyger.li	1
netcup GmbH	gandrass.de	1
DNS-NET Services GmbH	e-foto.li	1
awsdns-20.com	MICROSOFT-CORP-MSN-AS-BLOCK	1
Vautron Rechenzentrum AG	permanent.li	1
lahno-web5.de	mzb.li	1
NUCDN	getglasses.li	1
NUCDN	aerarium.li	1
Vautron Rechenzentrum AG	pmu.li	1
ns14.net	SQUIXA PTY LIMITED	1
CLOUDFLARENET	yopmail.com	1
alfahosting.info	tagesausfluege.li	1
cyon GmbH	recyc.li	1
QualityNet AG	hypofunds.li	1
ipcom GmbH	petersen.li	1
METANET AG	bauleiter.li	1
Vautron Rechenzentrum AG	langzeitkontur.li	1
IONOS SE	fundatio-catholica.li	1
UNIFIEDLAYER-AS-1	lindenhursttaxi.li	1
CLOUDFLARENET	surl.li	1
nameserver.center	alaula.li	1
INTERNET CZ, a.s.	Proton AG	1
Host Europe GmbH	esentri.li	1
world4you.at	brokerservice.li	1
Scaleway S.a.s.	mailo.com	1
Vautron Rechenzentrum AG	waffenschrank.li	1
cyon GmbH	hashevet.li	1
web-crossing.at	web-crossing.com	1
checkdomain.de	bonify.li	1
SECURITYSERVICES	RACKSPACE	1
UNIFIEDLAYER-AS-1	lidotaxi.li	1
Vautron Rechenzentrum AG	permanentshop.li	1
cyon GmbH	ngv.li	1
megnow.com	ann.li	1
Hostpoint AG	it4charity.org	1
xnameserver.de	hex.li	1
Host Europe GmbH	autoverwertung.li	1
hoststar.hosting	woertersee.li	1
hoststar.hosting	evolve-media.li	1
interway.ch	parkett.li	1
hoststar.hosting	herbi.li	1
AMAZON-02	grok.li	1
ns14.net	n-mail.li	1
pascalraemy.ch	asecus.net	1
Host Europe GmbH	vergleichauch-du.li	1
schlich.it	dschlich.de	1
herchost.net	ttcables.li	1
interway.ch	limani.li	1
Hostpoint AG	Stadtwerke Feldkirch	1
ipcom GmbH	hosteurope.de	1
OVH SAS	AMAZON-AES	1
METANET AG	mesolvis.li	1
Webland AG	dental-technik.li	1
register.it	firms.cz	1
kikakuya.com	clubbbq.com	1
tritema.com	denali.pro	1
Hetzner Online GmbH	genussziele-magazin.li	1
m-tech.li	mnz.li	1
ipcom GmbH	edge-mail.de	1
stiebermedia.de	brenner.li	1
Vautron Rechenzentrum AG	beautyspa.li	1
xanadumarketing.com	ivr.li	1
Host Europe GmbH	real-energie.li	1
ipcom GmbH	entuin.li	1
domaisy.de	krg.li	1
Hostpoint AG	x64.li	1
inkblu.net	inkblu.net	1
cyon GmbH	sigma.li	1
Vautron Rechenzentrum AG	codenia.li	1
Webland AG	marcolli.li	1
easydns.ca	Proton AG	1
hoststar.hosting	jezler.li	1
CLOUDFLARENET	sll.li	1
METANET AG	zeitungen.li	1
homm.li	guvoto.li	1
linthcom.ch	gmbh.li	1
cyon GmbH	thbs.li	1
METANET AG	goetschi.li	1
world4you.at	seidl.li	1
csc.lv	csctelecom.li	1
ch-inter.net	alexwalser.li	1
ch-inter.net	mutoni.li	1
jimdo-server.com	CLOUDFLARENET	1
linode.com	Proton AG	1
cyon GmbH	gigolo.li	1
ppse.net	optiver.li	1
net.pl	mwm-group.li	1
dogado.de	e-campus.li	1
CLOUDFLARENET	lebensfreude.li	1
systemdns.com	APPLE-ENGINEERING	1
axye.li	AMAZON-AES	1
cyon GmbH	balz.li	1
hoststar.hosting	ffp.li	1
CLOUDFLARENET	openpop3.com	1
Cloud DNS Ltd	kasimir.li	1
hoststar.hosting	grimm.li	1
ips.ch	schneeberger.li	1
Vautron Rechenzentrum AG	bevorzugt.li	1
indomco.com	SECURITYSERVICES	1
hoststar.hosting	sonderegger.li	1
pro.io	elsensohn.li	1
awsdns-04.net	MICROSOFT-CORP-MSN-AS-BLOCK	1
netcup GmbH	nbs.li	1
Telecom Liechtenstein AG	noser.li	1
orangehost.com	247.li	1
hoststar.hosting	careforum.li	1
SupraNet AG	greycanyon.li	1
UNIFIEDLAYER-AS-1	roslyn.li	1
netcup GmbH	webhosting.systems	1
CLOUDFLARENET	sedo.li	1
Webland AG	hoi-du.li	1
PlusServer GmbH	energybody.li	1
CLOUDFLARENET	madaster.li	1
Vautron Rechenzentrum AG	permanent-bevorzugt.li	1
hoststar.hosting	momo.li	1
7bit.de	mrc.li	1
Vautron Rechenzentrum AG	malia.li	1
ipcom GmbH	baggee.li	1
world4you.at	charging4hotels.li	1
CLOUDFLARENET	puco.ch	1
pro.io	alpenfisch.li	1
Vautron Rechenzentrum AG	beauty-cosmetics.li	1
hosttech.at	feronia.li	1
SOFTLAYER	abra.li	1
CLOUDFLARENET	bitty.li	1
hosttech.ch	ziltener.li	1
UNIFIEDLAYER-AS-1	pup.li	1
cyon GmbH	linkfabrik.li	1
hostserv.eu	palotec.li	1
Webland AG	xn--mg-via.li	1
pro.io	innovando.li	1
cyon GmbH	medizintechnik.li	1
AMAZON-02	migalastatamenabilitytable.li	1
ns14.net	spd.li	1
swizzonic.ch	spamtitan.com	1
unaxus.net	reichle.li	1
cyon GmbH	schaman.li	1
cyon GmbH	ai3-consulting.li	1
gransy.com	accoladefund.li	1
bit2host.eu	bodog.li	1
CLOUDFLARENET	hll.li	1
CLOUDFLARENET	tagx.li	1
cyon GmbH	ruedisser.li	1
cyon GmbH	systemcredit.li	1
hostserv.eu	topway.ch	1
Vadian.Net AG	blackeagle.li	1
medialive-dns.com	lisec.li	1
hostserv.eu	wnet.li	1
buero.org	MICROSOFT-CORP-MSN-AS-BLOCK	1
luke.ch	luke.ch	1
tcnet.ch	gridders.li	1
Telecom Liechtenstein AG	roitinger.li	1
netcup GmbH	gerdom.li	1
hoststar.hosting	homoeopathie.li	1
Signet B.V.	daltecnet.nl	1
cyon GmbH	vivobase.li	1
awsdns-01.com	NorthC Deutschland GmbH	1
CLOUDFLARENET	zoneverte.org	1
quantum-server.net	GOOGLE	1
Neue Medien Muennich GmbH	zenpad.li	1
METANET AG	studiototal.li	1
METANET AG	erasmo.li	1
Webland AG	proscout.li	1
ipage.com	wem.li	1
checkdomain.de	chg-meridian.li	1
contabo.net	0x0a.li	1
ch-inter.net	familienberatung.li	1
UNIFIEDLAYER-AS-1	farms.li	1
verdigado-ns.de	verdigado.net	1
hosttech.ch	intrinsic.li	1
Hostpoint AG	eisele.li	1
hostingbolivia.info	sistemarestaurante.li	1
cyon GmbH	cinquecento.li	1
hosttech.ch	Mittwald CM Service GmbH & Co. KG	1
CLOUDFLARENET	amazonses.com	1
tsnet.ch	rheintal.li	1
Vautron Rechenzentrum AG	online-casino.li	1
hoststar.hosting	pflugfabrik.li	1
kpn.net	sohi.li	1
cyon GmbH	wireframe.li	1
hostserv.eu	mitsegeln.li	1
greenhost.nl	greenhost.nl	1
intovps.com	svr.li	1
internex.at	cloudspace.li	1
UNIFIEDLAYER-AS-1	children.li	1
AMAZON-02	casumo.li	1
world4you.at	snorefree.li	1
cyon GmbH	chrigel.li	1
Infomaniak Network SA	NAMECRANE	1
Webland AG	taurusedelmetalle.li	1
awsdns-29.org	evelyne.li	1
EPIK-LLC	Proton AG	1
UNIFIEDLAYER-AS-1	seldentaxi.li	1
dhosting.pl	dpoczta.pl	1
reverse-ip.de	xxl-print.li	1
NSONE	leafduo.com	1
papedis.ch	papedis.ch	1
pro.io	express-ag.li	1
UNIFIEDLAYER-AS-1	contractor.li	1
vh.pl	pierdo.li	1
krk03.ch	lachat.li	1
ipcom GmbH	li-life web + it establishment	1
Vautron Rechenzentrum AG	permanentpresse.li	1
CLOUDFLARENET	stc.li	1
ipcom GmbH	gloeggli.ch	1
METANET AG	geschenkidee.li	1
Vautron Rechenzentrum AG	bot.li	1
pro.io	nederlandsevereniging.li	1
team.blue Denmark A/S	gigahost.dk	1
cyon GmbH	engelbrecht.li	1
METANET AG	antonel.li	1
netcup GmbH	tgit.li	1
METANET AG	ballonkunst.li	1
bluetec.ch	MICROSOFT-CORP-MSN-AS-BLOCK	1
world4you.at	pokerkanal.li	1
Hostpoint AG	atu.li	2
ipcom GmbH	saul.li	1
cyon GmbH	ladina.li	1
CLOUDFLARENET	steindesign.li	1
METANET AG	xn--safranfden-w5a.li	1
domainers.de	dotcom.li	1
Key-Systems GmbH	x2games.li	1
Vadian.Net AG	feniks.li	1
Infomaniak Network SA	scanner.li	1
Vautron Rechenzentrum AG	hausdurchsuchung.li	1
world4you.at	erfolgsimmobilien.li	1
hoststar.hosting	itcl.li	1
CLOUDFLARENET	nihilist.li	1
Vautron Rechenzentrum AG	munich.li	1
pro.io	taxicard.li	1
NovaTrend Services GmbH	olz.ch	1
Vautron Rechenzentrum AG	bevorzuge.li	1
enetco.nl	vet-look.li	1
vadian.net	beglinger.li	1
Akamai International B.V.	GANDI SAS	1
ns14.net	paki.li	1
internet1.de	psych.li	1
METANET AG	baustel.li	1
hoststar.hosting	bieler.li	1
world4you.at	ingconsult.li	1
hoststar.hosting	mansfield.li	1
Hetzner Online GmbH	cadillac.li	1
Host Europe GmbH	sscl.li	1
ch-inter.net	anklang.li	1
hostserv.eu	rkg.li	1
hoststar.hosting	buetikofer.li	1
checkdomain.de	sustainable-finance.li	1
hoststar.hosting	buskers.li	1
globedom.com	bruckner.li	1
METANET AG	lpn.li	1
world4you.at	fetish.li	1
pro.io	pokerturnier.li	1
Hostpoint AG	hosteurope.de	1
ne.jp	qlk.li	1
METANET AG	cheersforcharity.li	1
MICROSOFT-CORP-MSN-AS-BLOCK	Mittwald CM Service GmbH & Co. KG	1
Webland AG	fensterfolien.li	1
orcwebhosting.ch	schmuck-boerse.li	1
Webland AG	paparazzi.li	1
world4you.at	ems-revolution.li	1
dxb.ch	AS2-TRENDMICRO-COM	1
hover.com	tryninja.io	1
ch-inter.net	pellecoat.li	1
interway.ch	digi.li	1
cyon GmbH	authenticlifedesign.li	1
ipcom GmbH	ioio.li	1
checkdomain.de	sustainablefinance.li	1
ipcom GmbH	edenred.li	1
Hetzner Online GmbH	mame.li	1
cubic.ch	intellicard.li	1
ch-inter.net	panetarium.li	1
CLOUDFLARENET	ctmail.com	1
golge.li	GOOGLE	1
AMAZON-02	suse.de	1
METANET AG	monex.li	1
Cloud DNS Ltd	meinlager.li	1
swizzonic.ch	butler.li	1
infomaniak.com	claudiameyer.li	1
itship.ch	kuenzler.li	1
cyon GmbH	webwerk.li	1
eqipe.ch	eqipe.ch	1
Key-Systems GmbH	opencloud.li	1
cyon GmbH	american-classics.li	1
iptwins.com	tassimo.li	1
nameserver.center	vivobarefoot.li	1
alfahosting.info	makro.li	1
netcup GmbH	mouff.li	1
webmediatec.net	webmediatec.ch	1
Vautron Rechenzentrum AG	studio-cosmetics.li	1
Vautron Rechenzentrum AG	stadtkosmetik.li	1
CLOUDFLARENET	coop.li	1
nts.ch	kessler.ch	1
ipcom GmbH	v6.lv	1
METANET AG	gnl.li	1
infosnake.ch	infosnake.ch	1
Webland AG	blechbearbeitung.li	1
METANET AG	kompass.li	1
interway.ch	moussakone.li	1
METANET AG	sario.li	1
pro.io	rapidoo.li	1
dogado.de	23M GmbH	1
CLOUDFLARENET	javalebogame008.com	1
orcwebhosting.ch	liehr.li	1
OVH SAS	bite-network.com	1
hoststar.hosting	nzr.li	1
nitrado.de	bplaced.net	1
cyon GmbH	golfball.li	1
hoststar.hosting	balanz.li	1
thunderhosting.cloud	thunderhosting.cloud	1
NUCDN	transpack.li	1
hoststar.hosting	kimar.li	1
hoststar.hosting	haeni.li	1
UNIFIEDLAYER-AS-1	macintosh.li	1
METANET AG	evangelista.li	1
domainers.de	landig.li	1
cyon GmbH	cooperative-agency.li	1
Webland AG	gauss-consulting.li	1
365cyd.net	NetEase Building No.16 Ke Yun Road	1
hoststar.hosting	1733.li	1
hosttech.ch	ungeimpft.li	1
Vautron Rechenzentrum AG	chassis.li	1
netcup GmbH	dero.li	1
METANET AG	staat.li	1
cyon GmbH	adim.li	1
senseLAN GmbH	aikido.li	1
Vautron Rechenzentrum AG	grobbau.li	1
hoststar.hosting	rct.li	1
internex.at	leburger.li	1
ch-inter.net	ha-ra.li	1
METANET AG	gesol.li	1
modernhosting.ch	sir-o.li	1
netcup GmbH	dieckmann-consulting-and-mediation.li	1
host.ch	pen-club.li	1
hosttech.ch	schnauzbart.li	1
hover.com	Heinlein-Support GmbH	1
Webland AG	covid.li	1
swizzonic.ch	CLOUDFLARENET	1
cyon GmbH	zeitungshalter.li	1
Hetzner Online GmbH	wayway.li	1
world4you.at	uhren-schmuck.li	1
UNIFIEDLAYER-AS-1	bagels.li	1
tizoo.com	matthey.li	1
ch-inter.net	aqs.li	1
infomaniak.com	honeybadger.li	1
GOOGLE	ndy.li	1
sannybuilder.com	cleo.li	1
ievolution.ch	MICROSOFT-CORP-MSN-AS-BLOCK	1
ip-188-165-218.eu	wauter.li	1
METANET AG	my-login.li	1
METANET AG	aud.li	1
Webland AG	mauerhofer.li	1
internex.at	medianet.li	1
world4you.at	finejewellery.li	1
dnspod.net	APPLE-ENGINEERING	1
schneider-pc.ch	ZOHO-AS	1
ns14.net	paki-logistics.li	1
hostgator.com	covel.li	1
AMAZON-02	privateranger.li	1
OVH SAS	Cloudflare London, LLC	1
METANET AG	himmelblau.li	1
cyon GmbH	resi.li	1
METANET AG	schurter.li	1
NUCDN	simacict.nl	1
Host Europe GmbH	sogood.li	1
Hetzner Online GmbH	thinkidoo.de	1
GOOGLE	MTF Solutions AG	1
cyon GmbH	schwarzmarkt.li	1
tso.ch	MICROSOFT-CORP-MSN-AS-BLOCK	1
METANET AG	vcl.li	1
Hetzner Online GmbH	mali.li	1
UNIFIEDLAYER-AS-1	northshore.li	1
awsdns-18.org	GOOGLE	1
036.ch	MICROSOFT-CORP-MSN-AS-BLOCK	1
ch-inter.net	interhold.li	1
METANET AG	bink.li	1
cyon GmbH	kelonia.li	1
dnssyn.de	kdh.li	1
bitrosy.com	aooshi.com	1
AMAZON-02	smartdraw.li	1
pro.io	ugc.li	1
herchost.net	ttkabeli.li	1
NUCDN	770casino.li	1
METANET AG	myweek.li	1
mattus.de	mattus.de	1
Hetzner Online GmbH	nagellack.li	1
scit.ch	waelchli.li	1
METANET AG	airballoon.li	1
Webland AG	palais.li	1
Telecom Liechtenstein AG	potapov.li	1
cyon GmbH	culturelux.li	1
SECURITYSERVICES	github.io	1
CLOUDFLARENET	1bps.io	1
hoststar.hosting	lucarel.li	1
netcup GmbH	godzilla.li	1
cyon GmbH	essane.li	1
whc.ca	vee.li	1
cyon GmbH	sportwoche.li	1
CLOUDFLARENET	morb.tech	1
Vautron Rechenzentrum AG	arista.li	1
AMAZON-02	top10.li	1
hoststar.hosting	screti.li	1
METANET AG	swissdronemasters.li	1
UNIFIEDLAYER-AS-1	drycleaners.li	1
Vautron Rechenzentrum AG	exporta.li	1
Hetzner Online GmbH	nuclet.li	1
CLOUDFLARENET	asiagoogleantiddoscdn.com	1
METANET AG	xenon.li	1
netcup GmbH	liangquan.li	1
Vautron Rechenzentrum AG	permanentkosmetik.li	1
netcup GmbH	mkdir.li	1
Vautron Rechenzentrum AG	promoswipes.li	1
awsdns-29.net	GOOGLE	1
ipcom GmbH	fasten.li	1
METANET AG	hand.li	1
hostiran.net	tamin.li	1
com.ua	salo.li	1
GOOGLE	lena.li	1
Host Europe GmbH	vive-oel.li	1
Hetzner Online GmbH	bitgrid.net	1
AMAZON-02	xref.li	1
Vautron Rechenzentrum AG	langzeitbeauty.li	1
UNIFIEDLAYER-AS-1	bellmore.li	1
tmd.cloud	rezaa.li	1
internex.at	gru.li	1
pro.io	feub.li	1
cyon GmbH	daety.li	1
SECURITYSERVICES	pbleasing.li	1
hoststar.hosting	waltek.li	1
Key-Systems GmbH	charcoal.li	1
yanhui.li	yanhui.li	1
awsdns-04.com	executive-jobs.li	1
METANET AG	biohort.li	1
checkdomain.de	patenschaft.li	1
CLOUDFLARENET	virtualine.org	1
hoststar.hosting	kaercher.li	1
CLOUDFLARENET	epic.li	1
cool-hosting.ch	nordschleife.li	1
Global Village GmbH	tipico.li	1
hoststar.hosting	swissmade.li	1
cyon GmbH	sigmabank.li	1
cyon GmbH	firegis.li	1
METANET AG	blasmusik.li	1
Webland AG	gareba.li	1
Webland AG	escoffier.li	1
somebody.host	abn.li	1
OVH SAS	dav.li	1
world4you.at	schumann783.li	1
ch-inter.net	barcol-air.li	1
nanolash.com	nanolash.li	1
hoststar.hosting	salsita.li	1
cyon GmbH	franck.li	1
rackforest.hu	mailbox.hu	1
ultes.systems	aberer.li	1
fdab.se	MICROSOFT-CORP-MSN-AS-BLOCK	1
GANDI SAS	chateau.li	1
swizzonic.ch	Hetzner Online GmbH	1
webkonzept.eu	qrs-magnetfeldtherapie.li	1
domserver.de	contipark.li	1
openagentur.ch	cdc.li	1
guests.ch	marques.li	1
cyon GmbH	albergo.li	1
dnspod.com	GOOGLE	1
METANET AG	baryt.li	1
HURRICANE	OVH SAS	1
Telecom Liechtenstein AG	romania.li	1
cyon GmbH	chun.li	1
vps.net	dafa.li	1
1a-reseller.ch	flatcoated.li	1
gas-com.ch	expurgate.net	1
ports.se	psmtp.com	1
interway.ch	sorgentelefon.li	1
METANET AG	sterbebilder.li	1
CLOUDFLARENET	m4g.li	1
home.pl	home.pl	1
Webland AG	hofmann.li	1
Telecom Liechtenstein AG	eddy.li	1
CLOUDFLARENET	autocoach.li	1
cyon GmbH	beautymedcenter.li	1
linthcom.ch	ios.li	1
pishgamweb.net	hoda.li	1
METANET AG	familiefrick.li	1
NSONE	bodis.com	1
cyon GmbH	unirett.li	1
cyon GmbH	adverta.li	1
PlusServer GmbH	binect.li	1
hoststar.hosting	leventina.li	1
cyon GmbH	haemmer.li	1
Hostpoint AG	bison-its.ch	1
Hetzner Online GmbH	alocava.li	1
Hostpoint AG	surfer.li	1
perotech.ch	inglin.li	1
METANET AG	georgiou.li	1
hoststar.hosting	buchmeier.li	1
METANET AG	empag.li	1
internex.at	porr.li	1
adomain.ch	atc.li	1
vorlon.at	vorlon.at	1
cyon GmbH	amnesius.li	1
netcup GmbH	simsly.de	1
prodns.de	traum-urlaub-florida.li	1
ipcom GmbH	clipsoft.li	1
hoststar.hosting	dtf24.li	1
AMAZON-02	pobox.com	1
hoststar.hosting	woodchucks.li	1
cyon GmbH	nexttech.li	1
fima-hosting.ch	spamexperts.com	1
mijndnsserver.nl	solbio.li	1
UNIFIEDLAYER-AS-1	sayvilletaxi.li	1
markmonitor.com	edgesuite.net	1
ipcom GmbH	hongyou.li	1
Vautron Rechenzentrum AG	fitaren.li	1
Newsnet AG	Bluewin	1
Webland AG	haeusermann.li	1
cyon GmbH	mooi.li	1
checkdomain.de	grenadier.li	1
pro.io	immodok.li	1
swizzonic.ch	ludwigs.li	1
world4you.at	hypnodoc.li	1
tazuloo.net	can-am-ryker.li	1
METANET AG	werbeballon.li	1
hoststar.hosting	togg.li	1
world4you.at	blockchaintrust.li	1
CLOUDFLARENET	shojigate.net	1
zoneedit.com	exceede.com	1
world4you.at	rah.li	1
METANET AG	depression.li	1
Telecom Liechtenstein AG	winzer.li	1
METANET AG	Iway AG	1
iAdvantage Limited	tisa.li	1
netcon.at	polytherm.li	1
hostprofis.com	aimcapital.ch	1
interdominios.com	weguest.li	1
helpme.li	helpme.li	1
hoststar.hosting	cahuu.li	1
cyon GmbH	cramer.li	1
fornex.com	liechty.li	1
Nine Internet Solutions AG	fairgatemail.ch	1
world4you.at	styriaweb.com	1
Webland AG	wellstar.li	1
METANET AG	kumu.li	1
Vautron Rechenzentrum AG	saban.li	1
Webland AG	hagen-haus.li	1
LEASEWEB-USA-SFO	GOOGLE	1
Hetzner Online GmbH	heimatsaft.li	1
Ledl.net GmbH	mfconline.at	1
hoststar.hosting	jhfischer.li	1
SWITCH	Bluewin	1
cyon GmbH	eu-edu.li	1
Host Europe GmbH	artofhimalaya.li	1
serverworld.uk	violin.li	1
cyon GmbH	cyon.li	1
lcube-ns.de	lcube-mail.de	1
Hetzner Online GmbH	astorimmobilien.li	1
METANET AG	dat.li	1
Cloud DNS Ltd	business.li	1
hosttech.ch	kruett.li	1
METANET AG	mer.li	1
SECURITYSERVICES	0ur.li	1
Telecom Liechtenstein AG	timeless.li	1
Vautron Rechenzentrum AG	beautypermanent.li	1
load-it.cloud	load-it.cloud	1
pro.io	expatpartners.li	1
cyon GmbH	mashboard.li	1
pro.io	euklid.li	1
METANET AG	mdx.li	1
Webland AG	taurus.li	1
hostserv.eu	foppa.li	1
metal.li	metal.li	1
xetnet.com	webhotel.li	1
hoststar.hosting	wermuth.li	1
interway.ch	innendekorateur.li	1
UNIFIEDLAYER-AS-1	physician.li	1
cyon GmbH	fieber.li	1
start-dns.de	MICROSOFT-CORP-MSN-AS-BLOCK	1
netcup GmbH	crucial.li	1
hoststar.hosting	fml.li	1
beta-solutions.ch	travel4young.li	1
Datasource AG	badula-renovationen.li	1
ipcom GmbH	ois.li	1
Vautron Rechenzentrum AG	permanentes.li	1
GANDI SAS	prow.li	1
NUCDN	770-casino.li	1
netcup GmbH	mask.li	1
METANET AG	hw-babycenter.li	1
cyon GmbH	raphael.li	1
cyon GmbH	rgr.li	1
cyon GmbH	wehner.li	1
hoststar.hosting	equitrust.li	1
SECURITYSERVICES	pbfactoring.li	1
netcup GmbH	minecraftforum.li	1
Vautron Rechenzentrum AG	atelieratelier.li	1
bwsdns01.de	wav.li	1
ch-inter.net	sportschulen.li	1
hostiq.ua	refy.li	1
dogado GmbH	reg.li	1
AMAZON-02	exchangebox.at	1
Advania Island ehf	kusa.li	1
pro.io	gschenk.li	1
nameserver.center	superdesign.li	1
METANET AG	jehli.li	1
openagentur.ch	fitplanet.li	1
CLOUDFLARENET	spacemail.com	1
METANET AG	biografis.li	1
METANET AG	videowerk.li	1
han-solo.net	han-solo.net	1
tazuloo.net	ryker.li	1
datafieber.com	MICROSOFT-CORP-MSN-AS-BLOCK	1
PlusServer GmbH	nodrops.li	1
Cloud DNS Ltd	buchbar.li	1
Telecom Liechtenstein AG	cg-foto.li	1
CLOUDFLARENET	scw-tem.cloud	1
CLOUDFLARENET	pphosted.com	1
SECURITYSERVICES	netoptics.li	1
UNIFIEDLAYER-AS-1	title.li	1
CLOUDFLARENET	hostinger.nl	1
CLOUDFLARENET	maileroo.com	1
METANET AG	helplove.li	1
iaasdns.com	ceremonia.li	1
han-solo.net	schwedenhaus.li	1
world4you.at	filebooster.li	1
entelcore.com	lnks.li	1
procloudify.com	bangladesh.li	1
firstvds.ru	popova.li	1
hoststar.hosting	biedermann.li	1
hoststar.hosting	sdo.li	1
awsdns-25.com	GOOGLE	1
pro.io	truart.li	1
Key-Systems GmbH	x2server.li	1
gabathuler.net	topmarkt.li	1
Webland AG	eventpartnerpro.li	1
CLOUDFLARENET	uff.li	1
UNIFIEDLAYER-AS-1	fight.li	1
pro.io	Seznam.cz, a.s.	1
PlusServer GmbH	ritter-technik.li	1
ievolution.ch	buag.li	1
secserverpros.com	you.li	1
cyon GmbH	bringyourowndevice.li	1
swizzonic.ch	saint.li	1
ACTIVE 24, s.r.o.	radiant.li	1
twosteps.info	twosteps.net	1
ipcom GmbH	eurospf.li	1
world4you.at	saypha.li	1
cyon GmbH	dava.li	1
world4you.at	mgb-consulting.li	1
METANET AG	giovannini.li	1
Hetzner Online GmbH	chevycars.li	1
cloudns.net	mykolab.com	1
hoststar.hosting	testsurfer.li	1
SWITCH	hochschule.li	1
CLOUDFLARENET	upd.li	1
a1.net	licht-fuer-die-welt.at	1
kpn.net	kpn-telecom.li	1
netservpro.de	klaas.li	1
METANET AG	liefert-es.li	1
UNIFIEDLAYER-AS-1	huntington.li	1
NUCDN	malbuner.li	1
internex.at	scius-consult.li	1
METANET AG	kalligraphie.li	1
interna.me	8a-shop.li	1
cyon GmbH	pollheimer.li	1
mywebhost.ch	myvideofactory.li	1
mysportapp.li	mysportapp.li	1
cloudns.net	psmtp.com	1
NUCDN	luxnetwork.eu	1
GOOGLE	neuronica.it	1
ollea.net	ollea.com	1
Webland AG	bertolotti.li	1
webkeeper.ch	carolinecerar.li	1
PlusServer GmbH	GOOGLE	1
net.in	vsd.li	1
Vautron Rechenzentrum AG	lipliner.li	1
alfi.li	alfi.li	1
hoststar.hosting	famsch.li	1
PlusServer GmbH	mash.li	1
world4you.at	charging4hotel.li	1
Host Europe GmbH	genealogie.li	1
SupraNet AG	sarnica.li	1
METANET AG	wohna.li	1
de-nserver.de	palaoro.li	1
pro.io	champ-sys.li	1
Webland AG	awesome.li	1
jhs.li	jhs.li	1
NUCDN	fragrancex.li	1
joiner.fi	lumon.fi	1
hoststar.hosting	spanischlernen.li	1
Webland AG	zoobasel.li	1
METANET AG	limona.li	1
Hetzner Online GmbH	hotelkit.li	1
CLOUDFLARENET	vaaski.dev	1
hoststar.hosting	simonis.li	1
dnspod.net	xm5.co	1
Webland AG	cloud24.li	1
METANET AG	crowd.li	1
Infomaniak Network SA	eisenblaetter.li	1
UNIFIEDLAYER-AS-1	monster.li	1
stablehost.com	themai.li	1
hosttech GmbH	gesundessen.li	1
infomaniak.com	netcup GmbH	1
METANET AG	rigo.li	1
NovaTrend Services GmbH	Hetzner Online GmbH	1
Vautron Rechenzentrum AG	astrology.li	1
CLOUDFLARENET	lim.li	1
pro.io	wolfgangwohlwend.li	1
SECURITYSERVICES	gronaverket.se	1
METANET AG	sitzverlegung.li	1
hoststar.hosting	sehzentrum.li	1
freehosting.com	NetEase Building No.16 Ke Yun Road	1
cyon GmbH	zps.li	1
SECURITYSERVICES	leckr.li	1
NUCDN	vadesecure.com	1
deinhost.net	tn40.li	1
METANET AG	schnider.li	1
Hetzner Online GmbH	hil.li	1
intername.ch	ronald.li	1
ch-inter.net	netxs.li	1
SupraNet AG	archivierung.li	1
dnstools.nl	ducata.li	1
Vautron Rechenzentrum AG	johannes.li	1
internex.at	residenzia.li	1
dnsip.com	dnfdnsddd.com	1
hostserv.eu	schichten.li	1
Host Europe GmbH	mauder.li	1
pro.io	finx.li	1
cyon GmbH	matthias.li	1
METANET AG	mushroom.li	1
cyon GmbH	help-your-cells.li	1
Webland AG	bettinabrunner.li	1
METANET AG	jugendheim.li	1
CLOUDFLARENET	ange.ac	1
ipcom GmbH	apexo.li	1
checkdomain.de	mel.li	1
CLOUDFLARENET	Datasource AG	1
EVANZO e-commerce GmbH	gohde-elektro.li	1
swissit.net	casa-blanco.li	1
pro.io	yru.li	1
cyon GmbH	norah.li	1
Webland AG	hirs.li	1
SupraNet AG	one.li	1
schlundtech.de	thangorodrim.org	1
ch-inter.net	moebelparadies.li	1
sicor-kdl.net	MICROSOFT-CORP-MSN-AS-BLOCK	1
cyon GmbH	unterhalt.li	1
GOOGLE	sozialbegleitung.li	1
relova.li	relova.li	1
cyon GmbH	seabreeze.li	1
arvancdn.ir	ade.li	1
hoststar.hosting	crossroads.li	1
pro.io	alpentainer.li	1
hostprofis.com	ejob.li	1
ipcom GmbH	hoff.li	1
li-life web + it establishment	METANET AG	1
cyon GmbH	no-ai.li	1
AMAZON-02	chep.li	1
cyon GmbH	schloesser.li	1
ne.jp	mayumi.li	1
SECURITYSERVICES	justinlloyd.li	1
Infomaniak Network SA	trema.li	1
