CLOUDFLARENET	CLOUDFLARENET (AS13335)	4799
hoster.kz	LLP Kompaniya Hoster.KZ (AS202958)	3818
ps.kz	PS Internet Company LLP (AS48716)	17761
JSC Kazakhtelecom	NLS Kazakhstan LLC (AS200590)	6
hoster.kz	LLP Kompaniya Hoster.KZ (AS207333)	13264
AUTOMATTIC	AUTOMATTIC (AS2635)	13
CLOUDFLARENET	Tilda Publishing Ltd. (AS205282)	2085
Domain names registrar REG.RU, Ltd	Domain names registrar REG.RU, Ltd (AS197695)	601
ps.kz	Tilda Publishing Ltd. (AS205282)	2696
gohost.kz	PE Fedinyak Sergey Vyacheslavovich (AS203087)	1049
promdns.net	LLP Kompaniya Hoster.KZ (AS202958)	1951
scania.com	LLP Kompaniya Hoster.KZ (AS207333)	1
goodhost.kz	Goodhost.KZ LLP (AS211971)	108
timeweb.org	PS Internet Company LLP (AS48716)	435
skd3.ru	e-Style ISP LLC (AS20655)	1
207.191	JSC Kazteleport - subsidiary of Halyk Bank of Kazakhstan (AS51162)	6
MICROSOFT-CORP-MSN-AS-BLOCK	PS Internet Company LLP (AS48716)	29
ps.kz	JSC Kazteleport - subsidiary of Halyk Bank of Kazakhstan (AS51162)	1434
hoster.kz	PS Internet Company LLP (AS48716)	735
GOOGLE	EQU Technologies LLP (AS42447)	1
tomas.kz	It-grad Too (AS212189)	81
Akamai International B.V.	JSC Kazakhtelecom (AS50482)	8
ps.kz	JSC Kazakhtelecom (AS9198)	386
megagroup.kz	PS Internet Company LLP (AS48716)	737
PS Internet Company LLP	EQU Technologies LLP (AS42447)	13
CLOUDFLARENET	LLP Kompaniya Hoster.KZ (AS207333)	239
ps.kz	DIGITALOCEAN-ASN (AS14061)	74
csof.net	GOOGLE-CLOUD-PLATFORM (AS396982)	1
hoster.kz	JSC Kazakhtelecom (AS9198)	392
hoster.kz	TimeWeb LLC (AS9123)	122
markmonitor.com	LLP Kompaniya Hoster.KZ (AS207333)	278
GOOGLE	Wix.com Ltd. (AS58182)	276
CLOUDFLARENET	PS Internet Company LLP (AS48716)	308
PS Internet Company LLP	PS Internet Company LLP (AS48716)	752
nic.ru	Jsc ru-center (AS48287)	162
lpmtr.net	It-grad Too (AS212189)	124
NSONE	AMAZON-02 (AS16509)	143
hoster.kz	Tilda Publishing Ltd. (AS205282)	1276
xcloud.kz	JSC Kazakhtelecom (AS9198)	1
networ.kz	AMAZON-AES (AS14618)	1
YANDEX LLC	JSC Kazakhtelecom (AS9198)	37
CLOUDFLARENET	DIGITALOCEAN-ASN (AS14061)	117
JSC Kazakhtelecom	JSC Kazakhtelecom (AS9198)	972
ps.kz	Yandex.Cloud LLC (AS200350)	45
PS Internet Company LLP	JSC Kazteleport - subsidiary of Halyk Bank of Kazakhstan (AS51162)	14
unihost.kz	GOOGLE-CLOUD-PLATFORM (AS396982)	3
PS Internet Company LLP	DC Host INC (AS208287)	3
ps.kz	Contabo GmbH (AS51167)	25
hoster.kz	Bereke Bank JSC (AS200349)	1
ps.kz	Kar-Tel LLC (AS21299)	40
hoster.kz	JSC Kazteleport - subsidiary of Halyk Bank of Kazakhstan (AS51162)	711
AMAZON-02	Team Internet AG (AS206834)	9
nameself.com	PS Internet Company LLP (AS48716)	30
ps.kz	Safe Value Limited (AS42745)	1
gigabyte.com	Jsc ru-center (AS39494)	1
CLOUDFLARENET	Yandex.Cloud LLC (AS200350)	42
hoster.kz	Jusan Mobile JSC (AS35104)	97
YANDEX LLC	Okay-Telecom Ltd. (AS199669)	1
ps.kz	LLP Kompaniya Hoster.KZ (AS202958)	301
CLOUDFLARENET	Hangzhou Alibaba Advertising Co.,Ltd. (AS37963)	1
adminvps.net	AdminVPS OOO (AS211642)	2
CLOUDFLARENET	NLS Kazakhstan LLC (AS200590)	283
JSC Selectel	TimeWeb LLC (AS9123)	54
hoster.by	JSC Transtelecom (AS41798)	1
netim.net	PS Internet Company LLP (AS48716)	70
EQU Technologies LLP	EQU Technologies LLP (AS42447)	64
oblako.kz	Enterprise Cloud Ltd. (AS48096)	9
gohost.kz	Tilda Publishing Ltd. (AS205282)	41
akbulak.kz	PS Internet Company LLP (AS48716)	1
b600.ru	JSC Selectel (AS50340)	1
hoster.kz	PE Fedinyak Sergey Vyacheslavovich (AS203087)	44
ok.ru	Haicom Limited (AS48988)	2
baiksoft.com	LLP Kompaniya Hoster.KZ (AS207333)	1
ps.kz	Scalaxy B.V. (AS58061)	4
CLOUDFLARENET	JSC Kazteleport - subsidiary of Halyk Bank of Kazakhstan (AS51162)	158
PS Internet Company LLP	LLP Kompaniya Hoster.KZ (AS207333)	8
YANDEX LLC	LLP Kompaniya Hoster.KZ (AS207333)	82
ps.kz	Cloud Services Kazakhstan LLP (AS208795)	81
hoster.kz	JSC Kazakhtelecom (AS50482)	29
emakgroup.kz	LLP Kompaniya Hoster.KZ (AS207333)	1
ps.kz	LLP Kompaniya Hoster.KZ (AS207333)	310
nic.ru	Haicom Limited (AS48988)	5
JSC Selectel	Haicom Limited (AS48988)	119
ps.kz	CloudTek TOO (AS198483)	7
ktokyda.ru	JSC Selectel (AS49505)	1
fornex.com	Fornex Hosting S.L. (AS44051)	14
freehosting.com	Hetzner Online GmbH (AS24940)	1
Megahost Kazakhstan TOO	Megahost Kazakhstan TOO (AS208450)	295
unihost.kz	CLOUDFLARENET (AS13335)	3
ps.kz	GOOGLE (AS15169)	52
platformalp.ru	LLP Kompaniya Hoster.KZ (AS202958)	61
dntrust.com	Host Europe GmbH (AS8972)	1
timeweb.org	TimeWeb LLC (AS9123)	463
HLL LLC	HLL LLC (AS51115)	182
ps.kz	GOOGLE-CLOUD-PLATFORM (AS396982)	26
ps.kz	Qrator Labs CZ s.r.o. (AS209671)	11
inoxhub.by	JSC IOT (AS29182)	1
lpmotor.ru	It-grad Too (AS212189)	78
ps.kz	China Unicom Beijing Province Network (AS4808)	6
mirchasov.kz	LLP Kompaniya Hoster.KZ (AS202958)	2
valuehost.ru	ZAO Web Hosting (AS30943)	1
ps.kz	Hetzner Online GmbH (AS24940)	83
LLP Kompaniya Hoster.KZ	LLP Kompaniya Hoster.KZ (AS207333)	60
hoster.kz	Ctc Astana Ltd (AS41007)	12
CLOUDFLARENET	Hostinger International Limited (AS47583)	77
Domain names registrar REG.RU, Ltd	Cloud Services Kazakhstan LLP (AS208795)	5
CLOUDFLARENET	Ctc Astana Ltd (AS41007)	6
LLC VK	JSC Kazakhtelecom (AS9198)	15
bokey.kz	JSC Kazakhtelecom (AS9198)	1
YANDEX LLC	PS Internet Company LLP (AS48716)	122
Domain names registrar REG.RU, Ltd	Tilda Publishing Ltd. (AS205282)	131
fundo.kz	LLP Kompaniya Hoster.KZ (AS207333)	1
CLOUDFLARENET	JSC Selectel (AS49505)	26
DIGITALOCEAN-ASN	PS Internet Company LLP (AS48716)	110
JSC RTComm.RU	PS Internet Company LLP (AS48716)	1
hoster.kz	Itglobalcom Rus LLC (AS212675)	7
hoster.kz	RENDER (AS397273)	4
LLC VK	PS Internet Company LLP (AS48716)	72
ig.kz	LLP Kompaniya Hoster.KZ (AS207333)	48
ps.kz	OBIT-telecommunications, LLC (AS43370)	23
PS Internet Company LLP	GOOGLE (AS15169)	1
LLC VK	Tilda Publishing Ltd. (AS205282)	22
ps.kz	G-Core Labs S.A. (AS202422)	12
awsdns-27.org	AMAZON-02 (AS16509)	1
EuroByte LLC	EuroByte LLC (AS210079)	27
CLOUDFLARENET	Cloud Services Kazakhstan LLP (AS208795)	14
ps.kz	NLS Kazakhstan LLC (AS200590)	123
hoster.kz	Goodhost.KZ LLP (AS211971)	18
Cloud DNS Ltd	PS Internet Company LLP (AS48716)	96
hpe.com	LLP Kompaniya Hoster.KZ (AS207333)	4
tech-nova.kz	NLS Kazakhstan LLC (AS200590)	1
CLOUDFLARENET	Itglobalcom Kaz Llp (AS57008)	2
SCAAM0001	SCAAM0001 (AS25717)	2
CLOUDFLARENET	OWEB Bilisim Teknolojileri A.S. (AS211871)	1
mirohost.net	PS Internet Company LLP (AS48716)	1
goodhost.kz	JSC Kazakhtelecom (AS9198)	119
unihost.kz	JSC Kazakhtelecom (AS9198)	40
ps.kz	System Service Ltd. (AS50448)	1
ps.kz	TimeWeb LLC (AS9123)	113
hoster.kz	JSC Selectel (AS49505)	15
ps.kz	Kazakhstan Network Communication LLP (AS58289)	10
markum.net	Netfactor Telekominikasyon ve Teknoloji Hizmetleri San. ve Tic. A.S. (AS56582)	2
AB Tetra Pak	CSC (AS19574)	1
ps.kz	JSC Selectel (AS49505)	22
hoster.kz	Hostinger International Limited (AS47583)	10
fozzy.ru	Edinaya Set Limited Liability Company (AS39134)	1
unknown	LLP Kompaniya Hoster.KZ (AS207333)	15
ps.kz	PS Internet Company LLP (AS39318)	156
Megahost Kazakhstan TOO	PE Fedinyak Sergey Vyacheslavovich (AS203087)	1
czs.kz	JSC Kazakhtelecom (AS9198)	1
CLOUDFLARENET	OVH SAS (AS16276)	9
ps.kz	Pq Hosting Plus S.r.l. (AS44477)	22
gkamega.com	Smartnet Too (AS43994)	17
ps.kz	Baynur and P Ltd. (AS59443)	3
ps.kz	Megahost Kazakhstan TOO (AS208450)	73
sprinthost.net	Sprinthost.ru LLC (AS35278)	25
dalacrm.kz	JSC Kazakhtelecom (AS9198)	1
Domain names registrar REG.RU, Ltd	LLP Kompaniya Hoster.KZ (AS207333)	31
timeweb.org	Tilda Publishing Ltd. (AS205282)	23
nitec.kz	Nls Astana Llp (AS205516)	6
ps.kz	FASTLY (AS54113)	54
nameself.com	Edinaya Set Limited Liability Company (AS39134)	14
CLOUDFLARENET	Haicom Limited (AS48988)	42
goodhost.kz	Optinet LLP (AS60757)	1
PS Internet Company LLP	JSC Kazakhtelecom (AS9198)	131
kazsnab.kz	LLP Kompaniya Hoster.KZ (AS202958)	1
EuroByte LLC	Iron Hosting Centre LTD (AS216139)	12
alseco.kz	JSC Kazakhtelecom (AS9198)	1
hoster.by	Republican Unitary Telecommunication Enterprise Beltelecom (AS6697)	24
ps.kz	YANDEX LLC (AS13238)	6
Internet-Pro LLC	Internet-Pro LLC (AS44128)	35
nic.ru	LLP Kompaniya Hoster.KZ (AS202958)	8
SECURITYSERVICES	LLP Kompaniya Hoster.KZ (AS207333)	141
hoster.kz	OVH SAS (AS16276)	17
ps.kz	WorldStream B.V. (AS49981)	1
redham.ru	Internet-Pro LLC (AS44128)	2
asudd.kz	Uplink LLC (AS8200)	1
ps.kz	AMAZON-02 (AS16509)	245
LLC VK	LLP Kompaniya Hoster.KZ (AS207333)	70
hoster.kz	SCS-Telecom Ltd. (AS25548)	2
hoster.kz	JSC IOT (AS29182)	10
hoster.kz	Andishe Sabz Khazar Co. P.j.s. (AS39308)	1
ps.kz	KKM IT Limited (AS60922)	28
ps.kz	Optinet LLP (AS60757)	5
gransy.com	Tarhely.Eu Szolgaltato Kft. (AS43359)	3
verisigndns.com	VERISIGN-CORP (AS16838)	1
hoster.kz	Joint Stock Company TransTeleCom (AS20485)	1
Beget LLC	Beget LLC (AS198610)	300
OVH SAS	OVH SAS (AS16276)	23
Virtual infrastructures Ltd.	Virtual infrastructures Ltd. (AS198770)	7
EdgeCenter LLC	Cloud Services Kazakhstan LLP (AS208795)	2
abcp.ru	PS Internet Company LLP (AS48716)	7
netlix.kz	LLP Kompaniya Hoster.KZ (AS202958)	2
awsdns-01.com	LLP Kompaniya Hoster.KZ (AS207333)	1
ps.kz	CLOUDFLARENET (AS13335)	59
ukit.com	Ddos-guard Ltd (AS57724)	11
hoster.kz	Cloud Master LLP (AS205559)	9
EdgeCenter LLC	Tilda Publishing Ltd. (AS205282)	1
CLOUDFLARENET	Hetzner Online GmbH (AS24940)	63
Megahost Kazakhstan TOO	JSC Kazteleport - subsidiary of Halyk Bank of Kazakhstan (AS51162)	11
OVH SAS	PS Internet Company LLP (AS48716)	94
hoster.by	Hetzner Online GmbH (AS24940)	2
hoster.kz	Hetzner Online GmbH (AS24940)	62
ps.kz	Iron Hosting Centre LTD (AS216139)	1
ps.kz	RENDER (AS397273)	17
46.194	GOOGLE-CLOUD-PLATFORM (AS396982)	1
ascio.com	EPAG Domainservices GmbH (AS12915)	3
nameself.com	JSC Kazakhtelecom (AS9198)	2
CLOUDFLARENET	TimeWeb LLC (AS9123)	27
tochkak.ru	Servicepipe LLC (AS201706)	2
ps.kz	ElCat Ltd. (AS8449)	1
hoster.kz	SSASN2 (AS20454)	1
iskyhost.net	LLP Kompaniya Hoster.KZ (AS202958)	1
ps.kz	PE Fedinyak Sergey Vyacheslavovich (AS203087)	54
hoster.kz	Cloud Services Kazakhstan LLP (AS208795)	21
jobline.kz	EQU Technologies LLP (AS42447)	1
JSC IOT	It-grad Too (AS212189)	1
CLOUDFLARENET	AMAZON-02 (AS16509)	32
ps.kz	JSC Transtelecom (AS41798)	53
Svyaz-INKOM-Servis i telekommunikatsii Ltd.	Svyaz-INKOM-Servis i telekommunikatsii Ltd. (AS57826)	1
jimdo.com	AMAZON-02 (AS16509)	2
iskyhost.net	EQU Technologies LLP (AS42447)	194
firstbytedns.net	First Server Limited (AS204997)	1
LLC masterhost	LLC masterhost (AS25532)	15
ps.kz	Jusan Mobile JSC (AS35104)	57
JSC IOT	JSC IOT (AS29182)	31
hoster.kz	EQU Technologies LLP (AS42447)	47
Beget LLC	Nls Astana Llp (AS205516)	75
ps.kz	Beget LLC (AS198610)	14
PS Internet Company LLP	SYNLINQ (AS44486)	1
Hosting Ukraine LTD	Hetzner Online GmbH (AS24940)	31
dnsenable.com	Isimtescil Bilisim A.S. (AS51557)	2
tlk.kz	JSC Kazakhtelecom (AS9198)	1
hoster.kz	CLOUDFLARENET (AS13335)	48
co.kr	LG DACOM Corporation (AS3786)	1
ps.kz	Goodhost.KZ LLP (AS211971)	27
checkdomain.de	Hetzner Online GmbH (AS24940)	1
hoster.kz	KazRENA (AS41419)	4
svinina.kz	JSC Kazakhtelecom (AS9198)	1
YANDEX LLC	VOODOO1 (AS19867)	2
Domain names registrar REG.RU, Ltd	Leaseweb Deutschland GmbH (AS28753)	2
AMAZON-02	OVH SAS (AS16276)	13
Safenames Ltd.	Safenames Ltd. (AS60819)	51
teraline.kz	LLP Kompaniya Hoster.KZ (AS202958)	1
v-grade.kz	JSC Kazakhtelecom (AS9198)	1
Akamai International B.V.	LLP Kompaniya Hoster.KZ (AS207333)	15
MICROSOFT-CORP-MSN-AS-BLOCK	LLC masterhost (AS25532)	1
ps.kz	Kar-Tel LLC (AS42770)	3
CLOUDFLARENET	G-Core Labs S.A. (AS199524)	3
truenetwork.ru	Truenetwork LLC (AS49673)	1
YANDEX LLC	JSC Selectel (AS50340)	4
awsdns-25.net	LLP Kompaniya Hoster.KZ (AS207333)	2
asia-sc.kz	LLP Kompaniya Hoster.KZ (AS207333)	1
host-food.ru	LLC Eximius (AS207027)	2
domain.tld	JSC Kazakhtelecom (AS9198)	2
JSC Transtelecom	PS Internet Company LLP (AS48716)	1
Safenames Ltd.	DOSARREST (AS19324)	1
nic.ru	LLP Kompaniya Hoster.KZ (AS207333)	8
AB Tetra Pak	LLP Kompaniya Hoster.KZ (AS207333)	2
hoster.kz	PS Internet Company LLP (AS39318)	23
activeby.net	JSC Kazakhtelecom (AS9198)	2
1cbit.ru	PS Internet Company LLP (AS48716)	5
CLOUDFLARENET	UAB Interneto vizija (AS212531)	3
Megahost Kazakhstan TOO	Itglobalcom Kaz Llp (AS57008)	1
CLOUDFLARENET	LLP Kompaniya Hoster.KZ (AS202958)	64
hosttitan.site	MAJESTIC-HOSTING-01 (AS396073)	3
OVH SAS	P.a.g.m. Ou (AS198068)	17
ps.kz	OVH SAS (AS16276)	13
hoster.by	LLP Kompaniya Hoster.KZ (AS202958)	6
Hosting Ltd	Domain names registrar REG.RU, Ltd (AS197695)	1
speri.kz	JSC Kazakhtelecom (AS9198)	1
LLC VK	VK Tech Kazakhstan LLP (AS201817)	6
ps.kz	EQU Technologies LLP (AS42447)	117
JSC IOT	Virtual Dalnegorsk Ltd. (AS48073)	8
hoster.kz	Cloudflare London, LLC (AS209242)	21
JSC Kazakhtelecom	LLP Kompaniya Hoster.KZ (AS207333)	11
keenetic.kz	Haicom Limited (AS48988)	2
hoster.kz	astel Jsc (AS8393)	6
bta.kz	JSC Kazakhtelecom (AS50482)	3
smarthost.kz	JSC Kazakhtelecom (AS9198)	63
SECURITYSERVICES	Tilda Publishing Ltd. (AS205282)	1
nameself.com	Limited Liability Company TTK-Svyaz (AS15774)	1
krka.si	KRKA, d.d.Novo mesto (AS29015)	3
joingame.kz	NLS Kazakhstan LLC (AS200590)	4
JSC Selectel	PS Internet Company LLP (AS48716)	21
n8n.kz	JSC Kazakhtelecom (AS9198)	1
JSC Selectel	PS Internet Company LLP (AS39318)	9
NSONE	Enterprise Cloud Ltd. (AS48096)	1
X-communication Llp	X-communication Llp (AS56568)	4
linode.com	PS Internet Company LLP (AS48716)	1
NLS Kazakhstan LLC	NLS Kazakhstan LLC (AS200590)	20
pathwaynetworks.net	CYBERCON (AS7393)	1
Domain names registrar REG.RU, Ltd	PS Internet Company LLP (AS48716)	69
AMAZON-02	A2HOSTING (AS55293)	4
2day.kz	TNS-Plus LLP (AS35168)	1
infodonor.kz	JSC Kazakhtelecom (AS9198)	1
CLOUDFLARENET	Nls Astana Llp (AS205516)	11
ps.kz	MICROSOFT-CORP-MSN-AS-BLOCK (AS8075)	13
ps.kz	Nls Astana Llp (AS205516)	25
oblako.kz	Megahost Kazakhstan TOO (AS208450)	1
CLOUDFLARENET	Serveroid, LLC (AS199274)	2
nic.ru	M247 Europe SRL (AS9009)	8
Cloud Services Kazakhstan LLP	JSC Kazakhtelecom (AS9198)	2
Domain names registrar REG.RU, Ltd	Nls Astana Llp (AS205516)	6
74.141	Tilda Publishing Ltd. (AS205282)	1
sttech.kz	JSC Transtelecom (AS41798)	1
gohost.kz	LLP Kompaniya Hoster.KZ (AS202958)	2
YANDEX LLC	JSC Kazakhtelecom (AS50482)	6
AMAZON-02	WHG Hosting Services Ltd (AS14670)	2
Hetzner Online GmbH	Hetzner Online GmbH (AS24940)	21
markmonitor.com	AMAZON-02 (AS16509)	22
toilat.kz	NLS Kazakhstan LLC (AS200590)	1
hoster.kz	Mobile Telecom-Service LLP (AS29555)	2
semyasy.kz	JSC Kazakhtelecom (AS9198)	2
awsdns-00.org	JSC Kazakhtelecom (AS50482)	1
wfolio.com	Haicom Limited (AS48988)	50
hoster.kz	AMAZON-02 (AS16509)	126
Synergy University	Synergy University (AS35387)	6
CLOUDFLARENET	Mikrofinansovaya organizaciya Robocash.kz LLP (AS50756)	6
hoster.kz	NETWORK-SOLUTIONS-HOSTING (AS19871)	8
unknown	LLP Kompaniya Hoster.KZ (AS202958)	8
ps.kz	TOO Internet Resheniya (AS58033)	26
YANDEX LLC	JSC Kazteleport - subsidiary of Halyk Bank of Kazakhstan (AS51162)	25
atvirtual.net	VTG AG (AS203046)	3
hoster.kz	FASTLY (AS54113)	32
gohost.kz	Miran Ltd. (AS41722)	2
akorda.kz	JSC Kazakhtelecom (AS9198)	1
ipcom GmbH	InterNetworX Management GmbH (AS48596)	10
SECURITYSERVICES	MICROSOFT-CORP-MSN-AS-BLOCK (AS8075)	5
CLOUDFLARENET	PS Internet Company LLP (AS39318)	16
ddos-guard.net	JSC Kazteleport - subsidiary of Halyk Bank of Kazakhstan (AS51162)	3
PS Internet Company LLP	Smartnet Too (AS43994)	3
JSC Kazakhtelecom	Enterprise Cloud Ltd. (AS48096)	8
JSC Kazakhtelecom	EQU Technologies LLP (AS42447)	6
jac-autodom.kz	Cloud Services Kazakhstan LLP (AS208795)	1
UNIFIEDLAYER-AS-1	Cloudflare London, LLC (AS209242)	1
SECURITYSERVICES	NAMECHEAP-NET (AS22612)	20
MICROSOFT-CORP-MSN-AS-BLOCK	Tilda Publishing Ltd. (AS205282)	9
hoster.kz	SPRAY-AS (AS26966)	1
JSC Kazakhtelecom	RACKSPACE (AS19994)	1
astralpool.kz	LLP Kompaniya Hoster.KZ (AS202958)	1
net.pl	LLP Kompaniya Hoster.KZ (AS207333)	1
ps.kz	Haicom Limited (AS48988)	11
mini-shop.kz	LLP Kompaniya Hoster.KZ (AS207333)	1
kasperskylabs.net	Kaspersky Lab Switzerland GmbH (AS200107)	1
it-center.kz	JSC Kazakhtelecom (AS9198)	15
123ns.de	LLP Kompaniya Hoster.KZ (AS207333)	19
hoster.kz	UAB Interneto vizija (AS212531)	3
YANDEX LLC	Kar-Tel LLC (AS21299)	3
elim.kz	JSC Alma Telecommunications (AS39824)	2
ps.kz	Hetzner Online GmbH (AS212317)	1
JSC Selectel	JSC Kazakhtelecom (AS9198)	4
hoster.kz	DIGITALOCEAN-ASN (AS14061)	33
iskz.net	Smartnet Too (AS43994)	3
CLOUDFLARENET	Start LLC (AS61400)	1
Beget LLC	PE Fedinyak Sergey Vyacheslavovich (AS203087)	3
hostsila.com	Hostpro Lab LLC (AS196645)	2
gohost.kz	PS Internet Company LLP (AS48716)	10
awsdns-25.org	LLP Kompaniya Hoster.KZ (AS207333)	1
sprinthost.net	Tilda Publishing Ltd. (AS205282)	3
ipcom GmbH	AMAZON-02 (AS16509)	28
Hetzner Online GmbH	LLP Kompaniya Hoster.KZ (AS207333)	1
AMAZON-02	Beget LLC (AS198610)	1
nic.ru	JSC Kazteleport - subsidiary of Halyk Bank of Kazakhstan (AS51162)	14
MICROSOFT-CORP-MSN-AS-BLOCK	LLP Kompaniya Hoster.KZ (AS207333)	30
ps.kz	AMAZON-AES (AS14618)	14
ps.kz	Newserverlife LLC (AS49791)	48
ps.kz	Wix.com Ltd. (AS58182)	6
ps.kz	LeaseWeb Netherlands B.V. (AS60781)	6
ps.kz	Itglobalcom Rus LLC (AS212675)	17
JSC Kazakhtelecom	PS Internet Company LLP (AS48716)	45
123ns.de	MICROSOFT-CORP-MSN-AS-BLOCK (AS8075)	1
awsdns-15.net	AMAZON-02 (AS16509)	1
ps.kz	First Credit Bureau LLP (AS210459)	17
verizon.com	LLP Kompaniya Hoster.KZ (AS207333)	1
hoster.kz	NLS Kazakhstan LLC (AS200590)	95
dreamhost.com	DREAMHOST-AS (AS26347)	2
netim.net	NAMECHEAP-NET (AS22612)	1
netim.net	Eurofiber France SAS (AS24935)	17
awsdns-47.net	OVH SAS (AS16276)	1
MICROSOFT-CORP-MSN-AS-BLOCK	Smartnet Too (AS43994)	1
PS Internet Company LLP	BiKaDa TOO (AS41371)	1
SECURITYSERVICES	Haicom Limited (AS48988)	9
awsdns-50.org	PS Internet Company LLP (AS48716)	1
nic.ru	Tilda Publishing Ltd. (AS205282)	28
ps.kz	National Innovation Center LLC (AS44173)	5
ps.kz	Alibaba US Technology Co., Ltd. (AS45102)	6
JSC BankCenterCredit	JSC BankCenterCredit (AS43601)	15
CLOUDFLARENET	Leaseweb Deutschland GmbH (AS28753)	3
ps.kz	Hostinger International Limited (AS47583)	64
Beget LLC	Tilda Publishing Ltd. (AS205282)	13
ps.kz	SEBEK sp. z o.o (AS216129)	1
ps.kz	Host Europe GmbH (AS21501)	1
SECURITYSERVICES	CSC (AS19574)	48
activeby.net	Tilda Publishing Ltd. (AS205282)	1
JSC Kazakhtelecom	PE Fedinyak Sergey Vyacheslavovich (AS203087)	1
ps.kz	LLP Internet company First Page (AS215670)	5
eurodns.com	Goodhost.KZ LLP (AS211971)	1
flexbe.ru	JSC Selectel (AS50340)	24
SECURITYSERVICES	PS Internet Company LLP (AS48716)	4
is-fun.net	TelemaxX Telekommunikation GmbH (AS12843)	17
SERVERS-COM	PS Internet Company LLP (AS48716)	11
ps.kz	JSC Selectel (AS50340)	10
netim.net	Pq Hosting Plus S.r.l. (AS44477)	20
JSC RTComm.RU	JSC RTComm.RU (AS8342)	4
Megahost Kazakhstan TOO	Tilda Publishing Ltd. (AS205282)	21
hoster.kz	Haicom Limited (AS48988)	9
bec.kz	Jusan Mobile JSC (AS35104)	1
GOOGLE	GOOGLE-CLOUD-PLATFORM (AS396982)	4
ps.kz	LLC VK (AS47764)	13
awsdns-05.net	LLP Kompaniya Hoster.KZ (AS207333)	1
Hetzner Online GmbH	PE Fedinyak Sergey Vyacheslavovich (AS203087)	30
afraid.org	JSC Kazakhtelecom (AS9198)	1
CLOUDFLARENET	It-grad Too (AS212189)	8
goodhost.kz	JSC Kazteleport - subsidiary of Halyk Bank of Kazakhstan (AS51162)	5
nic.ru	PS Internet Company LLP (AS48716)	33
hoster.kz	Teraline Telecom LLP (AS201179)	4
X-communication Llp	JSC Kazakhtelecom (AS9198)	3
hoster.kz	Freedom Telecom Llp (AS58172)	11
routing.net	NLS Kazakhstan LLC (AS200590)	11
Domain names registrar REG.RU, Ltd	JSC Kazteleport - subsidiary of Halyk Bank of Kazakhstan (AS51162)	73
hoster.kz	JSC Transtelecom (AS41798)	26
zomart.kz	Hetzner Online GmbH (AS24940)	1
ptcom.kz	PS Internet Company LLP (AS48716)	1
helios.kz	PS Internet Company LLP (AS48716)	1
CLOUDFLARENET	Megahost Kazakhstan TOO (AS208450)	6
hoster.kz	Smartnet Too (AS43994)	27
hoster.kz	Kar-Tel LLC (AS21299)	36
CLOUDFLARENET	A2HOSTING (AS55293)	1
ksu.kz	Jusan Mobile JSC (AS35104)	1
ps.kz	HLL LLC (AS51115)	18
hoster.kz	TOO Davion (AS203886)	3
mayoral.com	Orange Espagne SA (AS12479)	1
hoster.kz	KKM IT Limited (AS60922)	28
nxe.kz	PS Internet Company LLP (AS48716)	8
LLC VK	Megahost Kazakhstan TOO (AS208450)	1
openspace.kz	JSC Kazakhtelecom (AS9198)	1
kmats.kz	JSC Kazakhtelecom (AS9198)	1
mtw.ru	JSC Mediasoft ekspert (AS48347)	1
Domain names registrar REG.RU, Ltd	I-servers Ltd (AS209641)	3
ygsns.com	LeaseWeb Netherlands B.V. (AS60781)	1
ps.kz	BTcom Infocommunications Ltd. (AS41124)	8
lexsynergy.net	Akamai Connected Cloud (AS63949)	1
ps.kz	Aspan telecom (AS8720)	24
Cloud Services Kazakhstan LLP	Cloud Services Kazakhstan LLP (AS208795)	16
nameself.com	LLP Kompaniya Hoster.KZ (AS207333)	7
efko.ru	JSC Kazakhtelecom (AS9198)	1
NSONE	Cloudflare London, LLC (AS209242)	2
Domain names registrar REG.RU, Ltd	AMC (AS29838)	1
ps.kz	Smartnet Too (AS43994)	28
Beget LLC	HLL LLC (AS51115)	1
entra.kz	JSC Kazakhtelecom (AS9198)	1
JSC Kaspi Bank	JSC Kaspi Bank (AS35673)	5
levi.com	JSC Kazakhtelecom (AS50482)	2
hoster.kz	JSC Microfinance Organization KMF (AS197487)	1
GOOGLE	LLP Kompaniya Hoster.KZ (AS207333)	7
LLP Kompaniya Hoster.KZ	LLP Kompaniya Hoster.KZ (AS202958)	106
dks.kz	JSC Kazakhtelecom (AS9198)	1
GOOGLE	PS Internet Company LLP (AS48716)	9
hoster.ru	LLC Digital Network (AS12695)	1
gransy.com	LLP Kompaniya Hoster.KZ (AS202958)	8
Kazakhstan Halyk Bank JSC	JSC People's Savings Bank Kazakhstan (AS44653)	2
hoster.kz	Domain names registrar REG.RU, Ltd (AS197695)	10
adminvps.net	LLP Kompaniya Hoster.KZ (AS207333)	10
sedoparking.com	SEDO GmbH (AS47846)	17
hoster.kz	MICROSOFT-CORP-MSN-AS-BLOCK (AS8075)	17
ordipat.fr	PS Internet Company LLP (AS48716)	1
ps.kz	AltusHost B.V. (AS51430)	2
ps.kz	Allonstelefonstroy LLP (AS198803)	12
dgft.io	Global Cloud Network LLC (AS204720)	4
superdnsserver.net	SuperHosting.BG Ltd. (AS201200)	1
PS Internet Company LLP	LLP Kompaniya Hoster.KZ (AS202958)	6
Pq Hosting Plus S.r.l.	Pq Hosting Plus S.r.l. (AS44477)	9
serveriai.lt	PS Internet Company LLP (AS48716)	12
TimeWeb LLC	TimeWeb LLC (AS9123)	5
write.kz	JSC Kazakhtelecom (AS9198)	1
ses.kz	JSC Kazakhtelecom (AS9198)	1
prodoctorov.kz	JSC Kazakhtelecom (AS9198)	1
drweb.com	LLP Kompaniya Hoster.KZ (AS207333)	1
boydakholding.net	Erciyes Anadolu Holding A.s. (AS51703)	1
hoster.kz	GOOGLE-CLOUD-PLATFORM (AS396982)	28
awsdns-20.net	AMAZON-02 (AS16509)	1
hoster.kz	Uplink LLC (AS8200)	4
CLOUDFLARENET	Digital Space Group Limited (AS8607)	4
gohost.kz	AMAZON-02 (AS16509)	4
JSC Kazakhtelecom	JSC Selectel (AS50340)	1
timeweb.org	NetWarm LTD (AS201664)	3
DIGITALOCEAN-ASN	GNET Internet Telekomunikasyon A.S. (AS42846)	5
Domain names registrar REG.RU, Ltd	Miran Ltd. (AS41722)	2
Domain names registrar REG.RU, Ltd	JSC Selectel (AS50340)	12
platformalp.ru	JSC Selectel (AS50340)	13
newtechgroup.kz	EQU Technologies LLP (AS42447)	1
ps.kz	Network Kazakhstan LLC (AS60411)	5
storm-pro.net	StormWall s.r.o. (AS59796)	19
istyle.kz	Megahost Kazakhstan TOO (AS208450)	2
hoster.kz	Transport Holding of Almaty City LLP (AS51340)	4
ford.com	LLP Kompaniya Hoster.KZ (AS207333)	1
JSC Transtelecom	JSC Kazakhtelecom (AS9198)	2
hoster.kz	LLP Asket (AS51997)	2
AMAZON-02	GOOGLE (AS15169)	4
ucoz.net	Webhost LLC (AS44094)	31
gohost.kz	JSC Kazakhtelecom (AS9198)	10
JSC Kazakhtelecom	JSC Kazakhtelecom (AS50482)	51
leaseweb.nl	LeaseWeb Netherlands B.V. (AS60781)	1
LLC VK	LLP Kompaniya Hoster.KZ (AS202958)	25
cloudns.net	Smartnet Too (AS43994)	2
tdb.kz	LLP Kompaniya Hoster.KZ (AS207333)	1
HLL LLC	Tilda Publishing Ltd. (AS205282)	3
PVimpelCom	JSC Kazteleport - subsidiary of Halyk Bank of Kazakhstan (AS51162)	2
z-ns.net	LLP Kompaniya Hoster.KZ (AS202958)	7
brandanalytics.kz	PS Internet Company LLP (AS48716)	1
awsdns-04.net	AUTOMATTIC (AS2635)	1
ps.kz	Freedom Telecom Llp (AS43606)	8
work.de	Artfiles New Media GmbH (AS8893)	1
ps.kz	LLC Baxet (AS51659)	2
hoster.kz	Green Floid LLC (AS204957)	2
tatadev.dev	Scaleway S.a.s. (AS12876)	1
Domain names registrar REG.RU, Ltd	P.a.g.m. Ou (AS198068)	2
ps.kz	Itglobalcom Kaz Llp (AS57008)	17
hostnet.nl	One.com A/S (AS51468)	3
ps.kz	Enterprise Cloud Ltd. (AS48096)	36
CLOUDFLARENET	PE Fedinyak Sergey Vyacheslavovich (AS203087)	106
ps.kz	astel Jsc (AS8393)	3
timeweb.org	JSC Kazteleport - subsidiary of Halyk Bank of Kazakhstan (AS51162)	9
hoster.kz	AMAZON-AES (AS14618)	9
euroh.ru	LLP Kompaniya Hoster.KZ (AS207333)	2
JSC Selectel	Ip Server LLC (AS44812)	1
1cloud.ru	Enterprise Cloud Ltd. (AS48096)	36
OVH SAS	Hetzner Online GmbH (AS24940)	8
CLOUDFLARENET	JSC Kazakhtelecom (AS9198)	73
cloudns.net	Fornex Hosting S.L. (AS44051)	1
YANDEX LLC	TimeWeb LLC (AS9123)	10
hoster.kz	JSC Alma Telecommunications (AS39824)	11
hoster.kz	Beget LLC (AS198610)	13
CLOUDFLARENET	BI Innovations LLC (AS211553)	2
btop.kz	Optinet LLP (AS60757)	16
unknown	JSC Kazakhtelecom (AS9198)	4
hoster.kz	Play2go International Limited (AS215439)	1
sibvaleo.com	RIKOP Ltd. (AS25001)	1
ps.kz	velia.net Internetdienste GmbH (AS29066)	1
qrz.kz	Pq Hosting Plus S.r.l. (AS44477)	1
hoster.kz	Pq Hosting Plus S.r.l. (AS44477)	18
nimbus.kz	JSC Kazteleport - subsidiary of Halyk Bank of Kazakhstan (AS51162)	1
ps.kz	JSC Alma Telecommunications (AS39824)	15
YANDEX LLC	DIGITALOCEAN-ASN (AS14061)	4
b1nk.xyz	JSC Kazakhtelecom (AS9198)	1
Domain names registrar REG.RU, Ltd	JSC Selectel (AS49505)	9
hoster.kz	Megahost Kazakhstan TOO (AS208450)	9
LDSCHURCH1	LDSCHURCH1 (AS19648)	10
Nazwa.pl Sp.z.o.o.	Nazwa.pl Sp.z.o.o. (AS15967)	3
ps.kz	JSC Kazteleport - subsidiary of Halyk Bank of Kazakhstan (AS207446)	6
awsdns-03.com	AMAZON-02 (AS16509)	1
inkapi.net	Okay-Telecom Ltd. (AS199669)	3
kazrena.kz	KazRENA (AS41419)	4
laminar.kz	PS Internet Company LLP (AS48716)	1
nic.ru	Scalaxy B.V. (AS58061)	9
biswasdomain.com	Hetzner Online GmbH (AS24940)	1
EuroByte LLC	Hetzner Online GmbH (AS24940)	1
Megahost Kazakhstan TOO	JSC Kazakhtelecom (AS9198)	3
hoster.by	JSC Kazakhtelecom (AS9198)	4
timeweb.org	LLC Smart Ape (AS56694)	2
Cloud Services Kazakhstan LLP	VK Tech Kazakhstan LLP (AS201817)	1
gohost.kz	Hetzner Online GmbH (AS24940)	2
Domain names registrar REG.RU, Ltd	TimeWeb LLC (AS9123)	36
Hosting Ltd	Hosting Ltd (AS43362)	23
OOO Sovremennye setevye tekhnologii	Jsc ru-center (AS48287)	1
verisigndns.com	CLT-NIC (AS10515)	1
spaceweb.pro	SpaceWeb Ltd (AS44112)	24
OVH SAS	JSC Selectel (AS49505)	3
JSC Selectel	PE Fedinyak Sergey Vyacheslavovich (AS203087)	1
DIGITALOCEAN-ASN	AMAZON-02 (AS16509)	4
hoster.kz	Contabo GmbH (AS51167)	11
hoster.kz	Allonstelefonstroy LLP (AS198803)	6
nic.ru	HLL LLC (AS51115)	2
Host Europe GmbH	AMAZON-02 (AS16509)	8
cbsbox.ru	Tilda Publishing Ltd. (AS205282)	1
YANDEX LLC	Tilda Publishing Ltd. (AS205282)	13
multiplicity.kz	LLP Kompaniya Hoster.KZ (AS202958)	1
palex.kz	JSC Kazakhtelecom (AS9198)	1
PS Internet Company LLP	Akamai Connected Cloud (AS63949)	1
CLOUDFLARENET	Bank RBK JSC (AS39510)	1
LLC VK	JSC Kazteleport - subsidiary of Halyk Bank of Kazakhstan (AS51162)	17
PS Internet Company LLP	JSC Kazakhtelecom (AS50482)	4
hoster.kz	Global Cloud Network LLC (AS204720)	1
DIGICERT	LLP Kompaniya Hoster.KZ (AS207333)	5
Beget LLC	LLP Kompaniya Hoster.KZ (AS207333)	3
proofdns.com	JSC IOT (AS29182)	1
awsdns-25.net	PS Internet Company LLP (AS48716)	1
astel Jsc	PS Internet Company LLP (AS48716)	3
hoster.kz	Enterprise Cloud Ltd. (AS48096)	12
markmonitor.zone	LLP Kompaniya Hoster.KZ (AS207333)	11
hbby-cloud.com	Republican Unitary Telecommunication Enterprise Beltelecom (AS6697)	3
com.ua	Hostpro Lab LLC (AS196645)	1
ruvds.com	JSC Mediasoft ekspert (AS48347)	2
nic.ru	JSC Kazakhtelecom (AS9198)	11
awsdns-27.net	Hetzner Online GmbH (AS24940)	1
YANDEX LLC	Domain names registrar REG.RU, Ltd (AS197695)	4
kamery.kz	EQU Technologies LLP (AS42447)	1
JSC Kazakhtelecom	Tilda Publishing Ltd. (AS205282)	9
zahid.host	Kamatera, Inc. (AS64022)	9
kazrosgas.kz	LLP Kompaniya Hoster.KZ (AS202958)	1
CLOUDFLARENET	Pq Hosting Plus S.r.l. (AS44477)	9
hoster.kz	EuroByte LLC (AS210079)	5
bunny.net	Datacamp Limited (AS212238)	1
Megahost Kazakhstan TOO	LLP Kompaniya Hoster.KZ (AS202958)	7
Domain names registrar REG.RU, Ltd	Podaon SIA (AS211381)	1
learnware.ru	Academset Ltd (AS25349)	1
i-serv.kz	Network Kazakhstan LLC (AS59583)	11
hoster.kz	Podaon SIA (AS211381)	5
hoster.kz	Servers Tech Fzco (AS216071)	3
ps.kz	Network Kazakhstan LLC (AS59583)	9
awsdns-18.com	AMAZON-02 (AS16509)	2
ANEXIA Internetdienstleistungs GmbH	Tele2 SWIPnet (AS1257)	5
ps.kz	Gruppa Kompani GEOTEL AO (AS61121)	1
squad.kz	JSC Kazakhtelecom (AS9198)	1
ps.kz	VK Tech Kazakhstan LLP (AS201817)	21
Hosting Ltd	JSC Kazakhtelecom (AS9198)	5
Kar-Tel LLC	Kar-Tel LLC (AS42770)	11
platformalp.ru	JSC Kazteleport - subsidiary of Halyk Bank of Kazakhstan (AS51162)	1
hoster.kz	Yandex.Cloud LLC (AS200350)	14
ps.kz	Cloud Master LLP (AS205559)	7
Jsc ru-center	TimeWeb LLC (AS9123)	3
goodhost.kz	PS Internet Company LLP (AS48716)	2
oblakoteka.ru	LLP Kompaniya Hoster.KZ (AS207333)	1
gransy.com	Tilda Publishing Ltd. (AS205282)	1
markmonitor.zone	AMAZON-02 (AS16509)	2
Academset Ltd	Academset Ltd (AS25349)	4
alma-media.net	PE Fedinyak Sergey Vyacheslavovich (AS203087)	1
Hosting Ltd	Tilda Publishing Ltd. (AS205282)	3
Beget LLC	Internet-Pro LLC (AS44128)	1
ps.kz	GleSYS AB (AS42708)	2
Domain names registrar REG.RU, Ltd	Enterprise Cloud Ltd. (AS48096)	3
ugfischer.com	fischerwerke GmbH & Co. KG (AS207404)	1
EuroByte LLC	LLP Kompaniya Hoster.KZ (AS207333)	3
like-travel.kz	EQU Technologies LLP (AS42447)	1
advokatmediator.kz	EQU Technologies LLP (AS42447)	1
registrar-servers.com	PS Internet Company LLP (AS48716)	2
isd.kz	NLS Kazakhstan LLC (AS200590)	4
CLOUDFLARENET	Hosting Ltd (AS43362)	1
PS Internet Company LLP	HLL LLC (AS51115)	1
timir.kz	JSC Kazakhtelecom (AS9198)	1
Domain names registrar REG.RU, Ltd	Domain names registrar REG.RU, Ltd (AS49352)	2
awsdns-10.net	JSC Kazakhtelecom (AS9198)	1
sohosted69.com	OVH SAS (AS16276)	1
VITAL-DNS	Kazakhstan Network Communication LLP (AS58289)	1
host-pro.kz	PS Internet Company LLP (AS48716)	8
hoster.kz	New Line Solutions LLC (AS49424)	1
thk.kz	PE Fedinyak Sergey Vyacheslavovich (AS203087)	1
idhost.kz	JSC Kazakhtelecom (AS9198)	1
ORACLE-BMC-31898	LLP Kompaniya Hoster.KZ (AS207333)	4
hoster.kz	Kazakhstan Halyk Bank JSC (AS39433)	1
hoster.kz	Akamai Connected Cloud (AS63949)	7
hoster.kz	WEBYNE DATA CENTRE PRIVATE LIMITED (AS151734)	1
ps.kz	KT Solutions S.r.l.s (AS204958)	1
goodhost.kz	Serverio technologijos MB (AS51247)	1
ps.kz	AS-VULTR (AS20473)	16
hoster.kz	AS-GLOBALTELEHOST (AS63023)	1
money-click.kz	Jusan Mobile JSC (AS35104)	1
tele2.kz	CLOUDFLARENET (AS13335)	1
f.	FASTLY (AS54113)	1
Hosting Ltd	Network Kazakhstan LLC (AS59583)	20
org.kz	PS Internet Company LLP (AS48716)	1
backstage.kz	JSC Kazakhtelecom (AS9198)	1
nsk.kz	Smartnet Too (AS43994)	1
ps.kz	Itglobal.com Nl B.v. (AS208951)	4
PS Internet Company LLP	Nls Astana Llp (AS205516)	1
gohost.kz	Goodhost.KZ LLP (AS211971)	3
hoster.kz	HLL LLC (AS51115)	10
hoster.kz	Aspan telecom (AS8720)	6
abonement.kz	JSC Kazakhtelecom (AS9198)	1
ps.kz	Domain names registrar REG.RU, Ltd (AS197695)	16
websupport.hu	WebSupport s.r.o. (AS51013)	1
hoster.kz	WorldStream B.V. (AS49981)	1
CLOUDFLARENET	Contabo GmbH (AS51167)	8
megagroup.kz	Megagroup.ru LLC (AS60357)	4
net.ru	Domain names registrar REG.RU, Ltd (AS197695)	2
timeweb.org	LLP Kompaniya Hoster.KZ (AS207333)	6
nic.ru	Kar-Tel LLC (AS21299)	1
Beget LLC	JSC Kazteleport - subsidiary of Halyk Bank of Kazakhstan (AS51162)	6
EdgeCenter LLC	Servicepipe LLC (AS201706)	2
nameself.com	Enterprise Cloud Ltd. (AS48096)	1
AMAZON-02	Tilda Publishing Ltd. (AS205282)	2
CLOUDFLARENET	JSC Alma Telecommunications (AS39824)	8
endpoint.kz	PS Internet Company LLP (AS48716)	1
awsdns-01.org	AMAZON-AES (AS14618)	1
garage-gps.kz	JSC Kazteleport - subsidiary of Halyk Bank of Kazakhstan (AS51162)	1
killbill.kz	Kazakhstan Halyk Bank JSC (AS39433)	1
timeweb.org	Domain names registrar REG.RU, Ltd (AS197695)	4
CLOUDFLARENET	FASTLY (AS54113)	10
CLOUDFLARENET	JSC Freedom Finance (AS200067)	5
ps.kz	LLC Orange Business Services (AS2854)	1
ihost.green	20i Limited (AS48254)	1
nic.ru	Onlanta Ltd. (AS56631)	1
yandexcloud.net	Tilda Publishing Ltd. (AS205282)	2
ceramica.ru	Goodhost.KZ LLP (AS211971)	1
hlk.kz	JSC People's Savings Bank Kazakhstan (AS44653)	1
Hetzner Online GmbH	Contabo GmbH (AS51167)	13
ps.kz	It-grad Too (AS212189)	34
ps.kz	23M GmbH (AS47447)	1
MICROSOFT-CORP-MSN-AS-BLOCK	PE Skurykhin Mukola Volodumurovuch (AS56851)	1
ps.kz	Akamai Connected Cloud (AS63949)	11
i.cz	ICZ a.s. (AS43757)	1
Internet-Pro LLC	JSC Kazteleport - subsidiary of Halyk Bank of Kazakhstan (AS51162)	3
CLOUDFLARENET	Fornex Hosting S.L. (AS44051)	1
xn--80ahdno4b.kz	Enterprise Cloud Ltd. (AS48096)	1
gohost.kz	TOO Internet Resheniya (AS58033)	1
ps.kz	Trader soft LLC (AS201848)	2
CLOUDFLARENET	Multimedia Polska Sp. z o.o. (AS21021)	1
lincore.kz	Itglobalcom Kaz Llp (AS57008)	3
hoster.kz	UK-2 Limited (AS13213)	2
ps.kz	Aria Shatel PJSC (AS31549)	1
MICROSOFT-CORP-MSN-AS-BLOCK	JSC Kazakhtelecom (AS50482)	1
unknown	NLS Kazakhstan LLC (AS200590)	1
beeline.ru	Servicepipe LLC (AS201706)	1
blue-creature.com	NLS Kazakhstan LLC (AS200590)	3
LLC VK	Hostinger International Limited (AS47583)	1
home.pl	Orange Polska Spolka Akcyjna (AS5617)	1
preschool.kz	LLP Kompaniya Hoster.KZ (AS207333)	1
NSONE	PS Internet Company LLP (AS48716)	2
dotnice.asia	AMAZON-02 (AS16509)	1
certex.kz	PS Internet Company LLP (AS48716)	1
toowto.kz	IT-Comm LLP (AS210512)	3
JSC Selectel	JSC Selectel (AS49505)	13
CLOUDFLARENET	JSC Transtelecom (AS41798)	4
yandexcloud.net	Yandex.Cloud LLC (AS200350)	11
hoster.kz	GOOGLE (AS15169)	8
nkzu.edu	JSC Kazakhtelecom (AS9198)	1
NSONE	GOOGLE (AS15169)	4
hesburger.fi	DNA Oyj (AS16086)	1
nameshield.net	PS Internet Company LLP (AS48716)	1
nameself.com	Jsc ru-center (AS48287)	2
hoster.kz	Newserverlife LLC (AS49791)	16
Domain names registrar REG.RU, Ltd	Goodhost.KZ LLP (AS211971)	10
AMAZON-02	WHG Hosting Services Ltd (AS209341)	1
ps.kz	Teraline Telecom LLP (AS201179)	14
tufli.kz	JSC Kazakhtelecom (AS9198)	1
webflow.com	Cloudflare London, LLC (AS209242)	1
gohost.kz	Kamatera Inc (AS210329)	7
PS Internet Company LLP	AMAZON-02 (AS16509)	4
craftum.io	TimeWeb LLC (AS9123)	4
Hostpoint AG	AMAZON-02 (AS16509)	1
iati.com	AMAZON-02 (AS16509)	1
lpmtr.net	Servicepipe LLC (AS201706)	12
storm-pro.net	Safe Value Limited (AS42745)	3
integro.kz	JSC Kazakhtelecom (AS9198)	1
it-center.kz	PS Internet Company LLP (AS48716)	2
home.pl	GOOGLE-CLOUD-PLATFORM (AS396982)	1
ps.kz	Eurasia-Star LLP (AS57013)	5
Domain names registrar REG.RU, Ltd	JSC IOT (AS29182)	16
lightsound.kz	PS Internet Company LLP (AS48716)	1
cloudns.net	PS Internet Company LLP (AS48716)	7
YANDEX LLC	LLP Kompaniya Hoster.KZ (AS202958)	16
ps.kz	PERFTECH, podjetje za proizvodnjo in uvajanje novih tehnologij, d.o.o. (AS6764)	1
MICROSOFT-CORP-MSN-AS-BLOCK	Network Kazakhstan LLC (AS59583)	1
co.nz	PS Internet Company LLP (AS48716)	1
hoster.kz	It-grad Too (AS212189)	10
Internet-Pro LLC	PS Internet Company LLP (AS39318)	1
unihost.kz	Tilda Publishing Ltd. (AS205282)	7
efc.kz	PS Internet Company LLP (AS48716)	8
hoster.kz	JOESD-18501 (AS18501)	1
foxfilm.com	LLP Kompaniya Hoster.KZ (AS207333)	1
awsdns-26.com	LLP Kompaniya Hoster.KZ (AS207333)	1
perf1.com	HLL LLC (AS51115)	1
141.188	PS Internet Company LLP (AS48716)	1
timeweb.org	JSC Ufanet (AS60095)	1
ps.kz	JSC Kazakhtelecom (AS50482)	17
gohost.kz	JSC IOT (AS29182)	2
ps.kz	Deutsche Telekom AG (AS3320)	1
hoster.kz	Wix.com Ltd. (AS58182)	8
x-hoster.ru	Pq Hosting Plus S.r.l. (AS44477)	1
Internet-Pro LLC	MTS PJSC (AS8359)	1
careerjet.net	Cgi Global Limited (AS56971)	2
YANDEX LLC	It-grad Too (AS212189)	1
CLOUDFLARENET	JSC Mediasoft ekspert (AS48347)	1
CLOUDFLARENET	UNIFIEDLAYER-AS-1 (AS46606)	5
Hetzner Online GmbH	PS Internet Company LLP (AS48716)	9
ps.kz	Cloudpard LLC (AS214461)	4
ps.kz	ORACLE-BMC-31898 (AS31898)	7
ps.kz	Support Chain LLC (AS60591)	1
gohost.kz	Domain names registrar REG.RU, Ltd (AS197695)	1
JSC Selectel	LLP Kompaniya Hoster.KZ (AS207333)	3
SECURITYSERVICES	Yandex.Cloud LLC (AS200350)	1
astana-motors.kz	LLP Kompaniya Hoster.KZ (AS207333)	3
sarbaz.kz	LLP Kompaniya Hoster.KZ (AS207333)	1
elminas.kz	ISIK Bilgisayar Internet ve Yayincilik Hizmetleri (AS49879)	1
hoster.kz	LLC Citicom Systems (AS200962)	5
Domain names registrar REG.RU, Ltd	EdgeCenter LLC (AS210756)	1
Megahost Kazakhstan TOO	Enterprise Cloud Ltd. (AS48096)	4
nic.ru	JSC IOT (AS29182)	2
hoster.kz	Pjsc tattelecom (AS28840)	1
unknown	JSC IOT (AS29182)	3
nic.ru	Orgtechservice Ltd (AS56361)	1
CLOUDFLARENET	Zomro B.V. (AS204601)	16
ps.kz	i-LinkNet LLP (AS215802)	1
hoster.kz	Nova Cloud LLP (AS214789)	3
gohost.kz	JSC Kazteleport - subsidiary of Halyk Bank of Kazakhstan (AS51162)	15
ps.kz	Webzilla B.V. (AS35415)	2
Beget LLC	ADCIL-ASN-01 (AS401152)	4
awsdns-42.org	AMAZON-AES (AS14618)	1
Jusan Mobile JSC	PS Internet Company LLP (AS48716)	2
locum.ru	LLC Digital Network (AS12695)	1
ps.kz	Freedom Telecom Llp (AS58172)	13
nationalbank.kz	JSC Kazakhtelecom (AS50482)	1
ps.kz	Academset Ltd (AS25349)	7
oits.ru	JSC Selectel (AS50340)	1
CLOUDFLARENET	SIA RD Consult (AS44624)	1
hoster.kz	Bazovaya Set LLP (AS43873)	2
AMAZON-02	CLOUDFLARENET (AS13335)	1
eduforce.kz	EQU Technologies LLP (AS42447)	1
funke.kz	Jusan Mobile JSC (AS35104)	1
craneservice.kz	EQU Technologies LLP (AS42447)	1
volk.kz	JSC Kazakhtelecom (AS9198)	1
ssistem.com	Vodafone Net Iletisim Hizmetler AS (AS15924)	1
nic.ru	PE Fedinyak Sergey Vyacheslavovich (AS203087)	11
eurasia24.kz	Eurasia Insurance JSC (AS204514)	1
ipcom GmbH	CLOUDFLARENET (AS13335)	2
MICROSOFT-CORP-MSN-AS-BLOCK	JSC Kazakhtelecom (AS9198)	8
timeweb.org	First Server Limited (AS205090)	1
lincore.kz	Itglobalcom Rus LLC (AS212675)	4
haulmont.com	JSC Kazteleport - subsidiary of Halyk Bank of Kazakhstan (AS51162)	1
LLC VK	Kazakhstan Network Communication LLP (AS58289)	1
Domain names registrar REG.RU, Ltd	LLP Kompaniya Hoster.KZ (AS202958)	11
websupport.sk	LightStorm Services s.r.o. (AS42005)	1
AMAZON-02	GOOGLE-CLOUD-PLATFORM (AS396982)	1
PS Internet Company LLP	PE Fedinyak Sergey Vyacheslavovich (AS203087)	2
nameshield.net	AMAZON-AES (AS14618)	1
foundationdns.com	LLP Kompaniya Hoster.KZ (AS207333)	1
ps.kz	P.a.g.m. Ou (AS198068)	6
Internet-Pro LLC	Enterprise Cloud Ltd. (AS48096)	13
checkedout.kz	JSC Kazakhtelecom (AS9198)	1
karina.kz	10G.KZ LLC (AS25534)	2
yandexcloud.net	PS Internet Company LLP (AS48716)	3
smartape.ru	TimeWeb LLC (AS9123)	1
ns14.net	PS Internet Company LLP (AS48716)	3
nic.ru	Private Layer INC (AS51852)	2
Domain names registrar REG.RU, Ltd	Beget LLC (AS198610)	6
vdsina.ru	Hosting technology LTD (AS48282)	1
ps.kz	Comfortel Ltd. (AS56534)	1
gransy.com	ZONER a.s. (AS34222)	1
CLOUDFLARENET	Smartnet Too (AS43994)	6
f5k.ru	JSC IOT (AS29182)	2
Host Europe GmbH	Host Europe GmbH (AS21499)	4
bnamed.eu	PS Internet Company LLP (AS48716)	4
ps.kz	UAB Interneto vizija (AS212531)	4
second-ns.com	Hetzner Online GmbH (AS24940)	2
UNIFIEDLAYER-AS-1	UNIFIEDLAYER-AS-1 (AS46606)	6
vigbo.site	Hetzner Online GmbH (AS24940)	5
timeweb.org	LLP Kompaniya Hoster.KZ (AS202958)	5
smartape.ru	LLC Smart Ape (AS56694)	1
LLC VK	Hosting Ukraine LTD (AS200000)	1
zahid.host	JSC Kazteleport - subsidiary of Halyk Bank of Kazakhstan (AS51162)	2
yandexcloud.net	Goodhost.KZ LLP (AS211971)	4
woventico.com	Hetzner Online GmbH (AS24940)	2
astel Jsc	astel Jsc (AS8393)	3
master-it.kz	PS Internet Company LLP (AS48716)	1
justhost.com	PS Internet Company LLP (AS48716)	1
cloupard.kz	Tilda Publishing Ltd. (AS205282)	1
Nls Astana Llp	Nls Astana Llp (AS205516)	7
tobiz.net	JSC Selectel (AS49505)	4
dnshost.net	GleSYS AB (AS42708)	3
steellenger.kz	Tilda Publishing Ltd. (AS205282)	1
nscluster.ee	PS Internet Company LLP (AS48716)	2
ps.kz	JSC IOT (AS29182)	10
GOOGLE	It-grad Too (AS212189)	1
CLOUDFLARENET	Superonline Iletisim Hizmetleri A.S. (AS34984)	2
193.144	PS Internet Company LLP (AS39318)	1
megagroup.kz	IPLUS LLC (AS43060)	2
MICROSOFT-CORP-MSN-AS-BLOCK	Cloud Services Kazakhstan LLP (AS208795)	1
multi-dom.su	Jsc ru-center (AS48287)	1
ps.kz	Okb Progress LLC (AS39238)	8
tophost.md	It Concept Srl (AS44388)	1
CLOUDFLARENET	Smart Cities Limited Liability Partnership (AS208356)	10
nic.ru	Enterprise Cloud Ltd. (AS48096)	1
oblako.kz	It-grad Too (AS212189)	12
hoster.kz	AS-VULTR (AS20473)	1
YANDEX LLC	PE Fedinyak Sergey Vyacheslavovich (AS203087)	4
hoster.ru	Citytelecom LLC (AS3175)	2
JSC Kazakhtelecom	LLP Kompaniya Hoster.KZ (AS202958)	7
CLOUDFLARENET	AS-COLOCROSSING (AS36352)	5
awsdns-06.com	AMAZON-02 (AS16509)	1
MICROSOFT-CORP-MSN-AS-BLOCK	MICROSOFT-CORP-MSN-AS-BLOCK (AS8075)	8
Domain names registrar REG.RU, Ltd	JSC Transtelecom (AS41798)	2
OOO Sovremennye setevye tekhnologii	OOO Sovremennye setevye tekhnologii (AS34879)	3
timeweb.org	RETN Limited (AS9002)	1
Internet-Pro LLC	LLP Kompaniya Hoster.KZ (AS207333)	1
gransy.com	LLC Baxet (AS51659)	1
bmlg.eu	PS Internet Company LLP (AS48716)	3
tld.pl	Cyber_Folks S.A. (AS43758)	1
webgroup.kz	Pq Hosting Plus S.r.l. (AS44477)	3
GOOGLE	FASTLY (AS54113)	1
ps.kz	Aeza International Ltd (AS210644)	1
nic.ru	TimeWeb LLC (AS9123)	9
LLC VK	Ctc Astana Ltd (AS41007)	1
CLOUDFLARENET	Network Kazakhstan LLC (AS59583)	2
ps.kz	JSC ER-Telecom Holding (AS41843)	1
hoster.kz	Hostkey B.v. (AS50867)	1
24.130	Jusan Mobile JSC (AS35104)	1
1cloud.ru	Yandex.Cloud LLC (AS200350)	1
Beget LLC	Partner Hosting LTD (AS215826)	3
activeby.net	Republican Unitary Telecommunication Enterprise Beltelecom (AS6697)	1
CLOUDFLARENET	Cloudflare London, LLC (AS209242)	10
aiwebhost.net	Serverius Holding B.V. (AS50673)	1
probilet.kz	Smartnet Too (AS43994)	2
doska.kz	INTERNET Ltd. (AS12525)	1
Internet-Pro LLC	LLP Kompaniya Hoster.KZ (AS202958)	3
ORACLE-BMC-31898	CLOUDFLARENET (AS13335)	2
ps.kz	Nameshield SAS (AS20756)	8
ps.kz	Cloudflare London, LLC (AS209242)	18
ver0.kz	Zummer LLC (AS51028)	3
controlpanel.host	Hetzner Online GmbH (AS24940)	1
ipcom GmbH	Artfiles New Media GmbH (AS8893)	1
ps.kz	D-Cloud LLC (AS202293)	5
cloudns.net	Goodhost.KZ LLP (AS211971)	2
EdgeCenter LLC	LLP Kompaniya Hoster.KZ (AS207333)	3
CLOUDFLARENET	AMAZON-AES (AS14618)	7
Hosting Ukraine LTD	Hosting Ukraine LTD (AS200000)	20
ps.kz	ist Telekom Jv LLC (AS39032)	1
CLOUDFLARENET	JSC ER-Telecom Holding (AS8345)	1
spaceweb.pro	PS Internet Company LLP (AS48716)	2
nameself.com	Tilda Publishing Ltd. (AS205282)	5
abbott.com	AMAZON-02 (AS16509)	1
routing.net	Hosting.de GmbH (AS12574)	3
freetoursite.ru	JSC Selectel (AS49505)	4
hoster.kz	Nls Astana Llp (AS205516)	26
hoster.kz	Cloudpard LLC (AS214461)	2
fozzy.com	Webzilla B.V. (AS35415)	3
kolesa.kz	JSC Kolesa (AS204706)	11
ahost.uz	Tilda Publishing Ltd. (AS205282)	3
hoster.kz	TOO Internet Resheniya (AS58033)	9
wedos.com	PS Internet Company LLP (AS48716)	2
mm-com.de	Deutsche Telekom AG (AS3320)	1
grancall.kz	OOO Contact-center GRAN (AS62316)	1
kasserver.com	Neue Medien Muennich GmbH (AS34788)	2
ps.kz	Ddos-guard Ltd (AS57724)	27
fastdns.hosting	Hosting Ukraine LTD (AS200000)	2
indomco.com	LLP Kompaniya Hoster.KZ (AS207333)	1
GOOGLE	Haicom Limited (AS48988)	1
ps.kz	JSC Selectel (AS61976)	2
frei.net	Equinix (EMEA) Acquisition Enterprises B.V. (AS15830)	2
Hetzner Online GmbH	BlueVPS OU (AS62005)	1
ps.kz	Nova Cloud LLP (AS214789)	10
adminvps.net	AdminVPS OOO (AS211183)	1
Domain names registrar REG.RU, Ltd	Pq Hosting Plus S.r.l. (AS44477)	2
plastmassa.kz	JSC Kazakhtelecom (AS9198)	1
10G.KZ LLC	10G.KZ LLC (AS25534)	4
OVH SAS	LLP Kompaniya Hoster.KZ (AS207333)	4
OVH SAS	OOO VPS (AS200487)	3
atakdomain.com	Atak Domain Bilgi Teknolojileri A.S. (AS211401)	8
ps.kz	Kar-Tel LLC (AS35566)	3
CLOUDFLARENET	GO-DADDY-COM-LLC (AS398101)	1
awsdns-42.net	HLL LLC (AS51115)	1
rss.kz	JSC Comcor (AS8732)	1
perf1.com	Servicepipe LLC (AS201706)	1
1capp.kz	PS Internet Company LLP (AS48716)	2
YANDEX LLC	KKM IT Limited (AS60922)	3
LLC VK	TimeWeb LLC (AS9123)	3
digisys.kz	LLP Kompaniya Hoster.KZ (AS207333)	2
domain-hosting.name	InterNetX GmbH (AS15456)	1
24xaas.kz	TOO Oblachnye Resheniya (AS213662)	1
chicagodogs.kz	Jusan Mobile JSC (AS35104)	1
1capp.kz	JSC Kazakhtelecom (AS9198)	1
sts.kz	AO State Technical Service (AS207966)	2
NetPoint Ltd.	NetPoint Ltd. (AS51740)	3
bluerange.se	Iver Norge As (AS57829)	1
bihost2.kz	JSC Kazakhtelecom (AS9198)	2
awsdns-04.com	LLP Kompaniya Hoster.KZ (AS207333)	1
PS Internet Company LLP	Register S.p.A. (AS39729)	3
altel.kz	CLOUDFLARENET (AS13335)	1
ipcom GmbH	froxlor GmbH (AS207048)	4
JSC Kazakhtelecom	TOO Metro Net (AS41800)	2
hoster.kz	Svyaz-INKOM-Servis i telekommunikatsii Ltd. (AS57826)	15
Domain names registrar REG.RU, Ltd	LLC Smart Ape (AS56694)	2
logycom.kz	PS Internet Company LLP (AS48716)	2
dan.com	AMAZON-02 (AS16509)	3
hoster.kz	Sirius-2014 LLC (AS208946)	2
webstarts.com	AMAZON-02 (AS16509)	1
fls.kz	PS Internet Company LLP (AS48716)	6
cprapid.com	LLP Kompaniya Hoster.KZ (AS202958)	2
aif.ru	Ddos-guard Ltd (AS57724)	1
linode.com	Akamai Connected Cloud (AS63949)	3
beibars.kz	JSC Alma Telecommunications (AS39824)	2
gohost.kz	TimeWeb LLC (AS9123)	2
superapp.kz	EQU Technologies LLP (AS42447)	4
vmdns.net	Neten S.p.A. (AS206476)	1
hoster.kz	Aeza International Ltd (AS210644)	3
digal.kz	Eurasian Trade System Commodity Exchange OJSC (AS57466)	3
finansist.kz	Hetzner Online GmbH (AS24940)	1
baranina.kz	JSC Kazakhtelecom (AS9198)	1
ps.kz	Aktivnie Tehnologii LLC (AS202090)	1
Kazakhstan Halyk Bank JSC	Kazakhstan Halyk Bank JSC (AS39433)	6
Megahost Kazakhstan TOO	WIIT AG (AS24961)	1
CLOUDFLARENET	GOOGLE-CLOUD-PLATFORM (AS396982)	20
ps.kz	INCAPSULA (AS19551)	2
the.hosting	Pq Hosting Plus S.r.l. (AS44477)	1
CLOUDFLARENET	JSC SKB Kontur production (AS49675)	2
GOOGLE	LLP Kompaniya Hoster.KZ (AS202958)	3
goodhost.kz	AMAZON-02 (AS16509)	1
awsdns-13.com	Jusan Mobile JSC (AS35104)	1
linode.com	Tilda Publishing Ltd. (AS205282)	1
Domain names registrar REG.RU, Ltd	FDCSERVERS (AS30058)	4
CLOUDFLARENET	Sprinthost.ru LLC (AS35278)	1
business.kz	JSC Kazakhtelecom (AS9198)	4
baikalsr.ru	Enterprise Cloud Ltd. (AS48096)	1
JSC Kazakhtelecom	Cloud Services Kazakhstan LLP (AS208795)	1
hoster.kz	RAILWAY (AS400940)	1
YANDEX LLC	SpaceWeb Ltd (AS44112)	1
CLOUDFLARENET	QazCloud LLP (AS211644)	1
ps.kz	Cyber_Folks S.A. (AS29522)	1
medtronic.com	LLP Kompaniya Hoster.KZ (AS207333)	1
Megahost Kazakhstan TOO	PS Internet Company LLP (AS48716)	9
ps.kz	Uplink LLC (AS8200)	4
MICROSOFT-CORP-MSN-AS-BLOCK	AMAZON-02 (AS16509)	2
unihost.kz	Hetzner Online GmbH (AS24940)	1
hoster.kz	Republican Unitary Telecommunication Enterprise Beltelecom (AS6697)	2
nitec.kz	National Information Technologies Joint-Stock Company (AS15549)	3
hoster.kz	Mt Finance LLC (AS214822)	2
vultr.com	AS-VULTR (AS20473)	1
CLOUDFLARENET	EQU Technologies LLP (AS42447)	7
nic.ru	Clodo Cloud Service Co. L.L.C (AS216154)	2
iprojectweb.com	Hetzner Online GmbH (AS24940)	1
astana-motors.kz	Tilda Publishing Ltd. (AS205282)	1
Webhost LLC	Goodhost.KZ LLP (AS211971)	1
registrar-servers.com	Aspan telecom (AS8720)	1
Hetzner Online GmbH	EQU Technologies LLP (AS42447)	1
hoster.kz	Zomro B.V. (AS204601)	1
SCAAM0001	MICROSOFT-CORP-MSN-AS-BLOCK (AS8075)	2
ucoz.net	Compubyte Limited (AS204343)	1
CLOUDFLARENET	JSC IOT (AS29182)	4
JSC Kazakhtelecom	JSC Kazteleport - subsidiary of Halyk Bank of Kazakhstan (AS51162)	3
hoster.by	Tilda Publishing Ltd. (AS205282)	5
HURRICANE	PS Internet Company LLP (AS48716)	8
LLC astra Cloud	LLC astra Cloud (AS41535)	4
OVH SAS	Yandex.Cloud LLC (AS200350)	2
YANDEX LLC	Jsc ru-center (AS48287)	3
SECURITYSERVICES	AMAZON-AES (AS14618)	6
cloudns.net	Uplink LLC (AS8200)	2
camflows.kz	Kar-Tel LLC (AS21299)	1
2btelecom.kz	JSC Kazakhtelecom (AS9198)	1
Webhost LLC	TimeWeb LLC (AS9123)	2
hoster.kz	CITIC Telecom CPC Rus LLC (AS12976)	1
ps.kz	QazCloud LLP (AS211644)	3
ps.kz	Compubyte Limited (AS204343)	1
ps.kz	Ctc Astana Ltd (AS41007)	22
hostlife.net	WIBO Baltic UAB (AS59939)	2
1c.ru	Enterprise Cloud Ltd. (AS48096)	2
apartamenty.kz	JSC Kazakhtelecom (AS9198)	1
Beget LLC	Yandex.Cloud LLC (AS200350)	2
bosch.de	PE Fedinyak Sergey Vyacheslavovich (AS203087)	9
optzakaz.kz	EQU Technologies LLP (AS42447)	1
hoster.kz	IONOS SE (AS8560)	3
unknown	Megahost Kazakhstan TOO (AS208450)	3
netim.net	DIGITALOCEAN-ASN (AS14061)	3
awsdns-28.com	LLP Kompaniya Hoster.KZ (AS207333)	1
gksmdns.com	HLL LLC (AS51115)	2
JSC Selectel	Tilda Publishing Ltd. (AS205282)	3
hlebprom.ru	LLC Digital Network (AS12695)	1
Jusan Mobile JSC	Jusan Mobile JSC (AS35104)	6
Domain names registrar REG.RU, Ltd	VK Tech Kazakhstan LLP (AS201817)	3
net.tr	MICROSOFT-CORP-MSN-AS-BLOCK (AS8075)	2
ps.kz	Aeza Group LLC (AS216246)	1
ps.kz	Tvoy Novy Telecom LLP (AS200218)	5
unknown	Zomro B.V. (AS204601)	3
YANDEX LLC	Freedom Telecom Llp (AS58172)	1
JSC Selectel	Okay-Telecom Ltd. (AS199669)	1
Hetzner Online GmbH	JSC Kazteleport - subsidiary of Halyk Bank of Kazakhstan (AS51162)	1
gransy.com	CASABLANCA INT a.s. (AS15685)	14
LLC masterhost	LLP Kompaniya Hoster.KZ (AS207333)	3
beehosting.pro	Hetzner Online GmbH (AS24940)	11
d3.kz	LLP Kompaniya Hoster.KZ (AS202958)	1
ipcom GmbH	Hetzner Online GmbH (AS24940)	1
timeweb.org	OVH SAS (AS16276)	1
astel Jsc	National Information Technologies Joint-Stock Company (AS48007)	2
timeweb.org	JSC Selectel (AS49505)	1
hoster.kz	G-Core Labs S.A. (AS199524)	1
Domain names registrar REG.RU, Ltd	PE Fedinyak Sergey Vyacheslavovich (AS203087)	6
Megahost Kazakhstan TOO	Nameshield SAS (AS20756)	1
nic.ru	Beget LLC (AS198610)	3
EuroByte LLC	PS Internet Company LLP (AS48716)	3
lems.es	Cloud Builders SA (AS48348)	1
provs.kz	Network Kazakhstan LLC (AS60411)	1
awsdns-05.com	AMAZON-02 (AS16509)	1
uaprom.net	LLP Kompaniya Hoster.KZ (AS202958)	4
ipcom GmbH	LLP Kompaniya Hoster.KZ (AS207333)	2
SECURITYSERVICES	SECURITYSERVICES (AS12008)	5
hoster.kz	JSC Kazteleport - subsidiary of Halyk Bank of Kazakhstan (AS207446)	1
gov.kz	JSC Kazakhtelecom (AS9198)	1
YANDEX LLC	Jusan Mobile JSC (AS35104)	4
dhl.com	DHLNET (AS2571)	1
hoster.kz	GOOGLE-2 (AS19527)	3
HURRICANE	Megahost Kazakhstan TOO (AS208450)	1
ucoz.net	SERVERS-COM (AS7979)	1
hoster.kz	Contabo Asia Private Limited (AS141995)	1
hoster.kz	Register S.p.A. (AS39729)	1
ampm.ru	PS Internet Company LLP (AS48716)	1
hoster.kz	CloudTek TOO (AS198483)	6
Jsc ru-center	Data Storage Center JSC (AS49063)	2
justhost.ru	LLC Baxet (AS51659)	2
uplink.kz	Uplink LLC (AS8200)	1
webhostbox.net	PS Internet Company LLP (AS48716)	1
Join-stock company Internet ExchangeMSK-IX	HLL LLC (AS51115)	5
hoster.kz	Kcell JSC (AS29355)	2
markmonitor.com	LLP Kompaniya Hoster.KZ (AS202958)	1
iran-tech.com	Hetzner Online GmbH (AS24940)	1
ipcom GmbH	Globalways GmbH (AS48918)	1
turkticaret.net	TURKTICARET.NET YAZILIM HIZMETLERI SAN. ve TIC. A.S. (AS197720)	1
awsdns-13.org	PS Internet Company LLP (AS48716)	1
LLC VK	EQU Technologies LLP (AS42447)	3
awsdns-13.org	AMAZON-02 (AS16509)	1
kazinsys.kz	PS Internet Company LLP (AS48716)	1
awsdns-01.org	AMAZON-02 (AS16509)	1
CLOUDFLARENET	MasterDC s.r.o. (AS24971)	1
epag.net	Deutsche Telekom AG (AS3320)	1
platformalp.ru	JSC Selectel (AS49505)	18
OVH SAS	Podaon SIA (AS211381)	4
hoster.kz	Hofmeir Media GmbH (AS196922)	1
hoster.kz	Optinet LLP (AS60757)	5
Cloud Services Kazakhstan LLP	Jusan Mobile JSC (AS35104)	1
synchron.ua	Synchron Ltd. (AS41600)	1
Join-stock company Internet ExchangeMSK-IX	AMAZON-AES (AS14618)	3
LLC VK	Citytelecom LLC (AS12616)	1
gba.kz	JSC Kazakhtelecom (AS9198)	2
bunny.net	Datacamp Limited (AS60068)	2
ps.kz	Jsc ru-center (AS48287)	3
tochkak.ru	LLC Digital Network (AS12695)	1
7tv.kz	Kar-Tel LLC (AS21299)	1
hskcapital.kz	Jusan Mobile JSC (AS35104)	1
e36.kz	Eurasia Insurance JSC (AS204514)	1
danfon.com	PS Internet Company LLP (AS48716)	1
MICROSOFT-CORP-MSN-AS-BLOCK	Servicepipe LLC (AS201706)	1
afternic.com	AMAZON-02 (AS16509)	1
gransy.com	MasterDC s.r.o. (AS24971)	2
Support Chain LLC	Support Chain LLC (AS60591)	5
awsdns-07.com	Tilda Publishing Ltd. (AS205282)	1
Beget LLC	PS Internet Company LLP (AS48716)	11
admsystem.kz	PS Internet Company LLP (AS48716)	3
CLOUDFLARENET	Cloud assets LLC (AS212441)	9
gimport.kz	PS Internet Company LLP (AS48716)	1
nic.ru	It-grad Too (AS212189)	2
LLC VK	HLL LLC (AS51115)	2
abcp.ru	EuroByte LLC (AS210079)	2
ps.kz	Virtual Dalnegorsk Ltd. (AS48073)	3
lavandaspa.kz	EQU Technologies LLP (AS42447)	1
host.kz	JSC Kazakhtelecom (AS9198)	1
domaine.fr	Domain names registrar REG.RU, Ltd (AS197695)	1
PS Internet Company LLP	Network Kazakhstan LLC (AS59583)	1
LLC VK	NLS Kazakhstan LLC (AS200590)	2
Edinaya Set Limited Liability Company	Edinaya Set Limited Liability Company (AS39134)	4
ps.kz	Arvid Logicum OU (AS202376)	1
afraid.org	Jusan Mobile JSC (AS35104)	1
setup.ru	RETN Limited (AS9002)	2
JSC Eurasian Bank	JSC Eurasian Bank (AS208664)	4
ps.kz	JSC BankCenterCredit (AS43601)	2
ipcom GmbH	VTS Sp. z o.o. (AS31045)	1
usbi.kz	Jusan Mobile JSC (AS35104)	1
timeweb.org	HLL LLC (AS51115)	2
ru-tld.com	Hetzner Online GmbH (AS24940)	2
Domain names registrar REG.RU, Ltd	Yandex.Cloud LLC (AS200350)	5
74.147	Tilda Publishing Ltd. (AS205282)	1
metanet.ch	JSC Kazakhtelecom (AS9198)	1
Cloud Services Kazakhstan LLP	PS Internet Company LLP (AS48716)	6
netim.net	JSC Kazteleport - subsidiary of Halyk Bank of Kazakhstan (AS51162)	1
hoster.kz	Ddos-guard Ltd (AS57724)	4
JSC Selectel	10G.KZ LLC (AS25534)	1
network.kz	Ctc Astana Ltd (AS41007)	1
filatura.kz	PS Internet Company LLP (AS48716)	1
hoster.kz	StormWall s.r.o. (AS59796)	1
hoster.kz	adesso as a service GmbH (AS44152)	1
dns-olimp.com	PS Internet Company LLP (AS48716)	1
fornex.com	Data Storage Center JSC (AS49063)	4
srvrsdns.ru	PS Internet Company LLP (AS48716)	1
bticino.it	Artefact SARL (AS42929)	1
NetActuate, Inc	AMAZON-02 (AS16509)	2
mwebdns.de	MTF Solutions AG (AS20988)	1
goodhost.kz	NLS Kazakhstan LLC (AS200590)	3
gohost.kz	Wix.com Ltd. (AS58182)	1
LLC VK	LLC VK (AS47764)	4
hoster.kz	Meganet LLP (AS204804)	1
SECURITYSERVICES	HLL LLC (AS51115)	1
tana.kz	EQU Technologies LLP (AS42447)	1
timeweb.org	IT WEB LTD (AS200313)	8
ps.kz	Global Connectivity Solutions Llp (AS215540)	1
mwebdns.de	ConnectingBytes GmbH (AS34568)	3
supd.ru	JSC IOT (AS29182)	1
tubes-international.com	Tubes International Sp. z.o.o. (AS197966)	1
netim.net	CLOUDFLARENET (AS13335)	3
ps.kz	LIQUIDWEB (AS32244)	1
MICROSOFT-CORP-MSN-AS-BLOCK	LLP Kompaniya Hoster.KZ (AS202958)	2
awsdns-02.org	AMAZON-02 (AS16509)	3
kazakhmys.kz	JSC Kazakhtelecom (AS50482)	1
Webhost LLC	Webhost LLC (AS44094)	10
CLOUDFLARENET	IQWeb FZ-LLC (AS59692)	1
erg.kz	Business & Technology Services LLP (AS43215)	2
goldenage.kz	Jusan Mobile JSC (AS35104)	1
akkamal.kz	JSC Kazakhtelecom (AS9198)	4
inmotionhosting.com	IMH-IAD (AS54641)	2
MICROSOFT-CORP-MSN-AS-BLOCK	Freenet LTD (AS31148)	1
PS Internet Company LLP	Tilda Publishing Ltd. (AS205282)	8
iphh.de	IPHH Internet Port Hamburg GmbH (AS12731)	1
init3.eu	PS Internet Company LLP (AS48716)	2
nic.ru	Domain names registrar REG.RU, Ltd (AS197695)	4
mosigra.ru	LLP Kompaniya Hoster.KZ (AS207333)	1
nameserver1.works	P.a.g.m. Ou (AS198068)	1
sumitomocorp.kz	NLS Kazakhstan LLC (AS200590)	1
gransy.com	VSHosting s.r.o. (AS43541)	2
expo2017astana.kz	Scalaxy B.V. (AS58061)	1
CLOUDFLARENET	JSC ER-Telecom Holding (AS56420)	1
iptwins.com	Haicom Limited (AS48988)	1
gcdn.services	PS Internet Company LLP (AS48716)	1
gransy.com	fischerwerke GmbH & Co. KG (AS207404)	1
f5clouddns.com	ACTIVE 24, s.r.o. (AS25234)	1
JSC Kazakhtelecom	Hetzner Online GmbH (AS24940)	5
matichosting.com	OVH SAS (AS16276)	1
serverspace.kz	Itglobalcom Rus LLC (AS212675)	1
iiko-systems.com	PS Internet Company LLP (AS48716)	1
CLOUDFLARENET	JSC Selectel (AS50340)	7
web.tr	Tilda Publishing Ltd. (AS205282)	1
awsdns-38.net	PS Internet Company LLP (AS48716)	1
ipcom GmbH	Tilda Publishing Ltd. (AS205282)	2
hoster.by	PS Internet Company LLP (AS48716)	4
1dedic.ru	JSC IOT (AS29182)	3
ps.kz	SQUARESPACE (AS53831)	2
Domain names registrar REG.RU, Ltd	JSC Kazakhtelecom (AS9198)	6
panca.kz	DIGITALOCEAN-ASN (AS14061)	1
CLOUDFLARENET	Jusan Mobile JSC (AS35104)	3
Domain names registrar REG.RU, Ltd	Adman LLC (AS57494)	1
SkyExchange Internet Access	Alibaba US Technology Co., Ltd. (AS45102)	2
Hangzhou Alibaba Advertising Co.,Ltd.	PS Internet Company LLP (AS48716)	2
timeweb.org	First Server Limited (AS50113)	1
ngenix-dns.net	OOO Sovremennye setevye tekhnologii (AS34879)	1
gransy.com	MEVSPACE sp. z o.o. (AS201814)	1
CLOUDFLARENET	Goodhost.KZ LLP (AS211971)	5
gransy.com	Hetzner Online GmbH (AS24940)	2
nic.ru	EdgeCenter LLC (AS210756)	1
it-grad.com	HLL LLC (AS51115)	1
Hosting Ukraine LTD	PS Internet Company LLP (AS48716)	6
YANDEX LLC	Internet Invest, Ltd. (AS25393)	1
olga.kz	JSC Kazakhtelecom (AS9198)	1
EuroByte LLC	Scalaxy B.V. (AS58061)	1
awsdns-29.org	Megahost Kazakhstan TOO (AS208450)	1
ps.kz	IT Lite LLC (AS51444)	1
proofdns.com	Adman LLC (AS57494)	1
LLC VK	Goodhost.KZ LLP (AS211971)	1
gurk.kz	LLP Kompaniya Hoster.KZ (AS202958)	1
spaceweb.pro	Tilda Publishing Ltd. (AS205282)	1
hoster.kz	Cgi Global Limited (AS56971)	1
cloudns.net	Nls Astana Llp (AS205516)	1
lamour.kz	PS Internet Company LLP (AS48716)	1
CLOUDFLARENET	SHARKTECH (AS46844)	1
ps.kz	Skylogic S.p.A. (AS29286)	1
yahoo.com	LLP Kompaniya Hoster.KZ (AS207333)	2
awsdns-26.org	AMAZON-02 (AS16509)	1
dtnt.info	LLP Kompaniya Hoster.KZ (AS207333)	2
atvirtual.com	AMAZON-02 (AS16509)	1
LLC VK	Domain names registrar REG.RU, Ltd (AS197695)	2
codo.kz	PS Internet Company LLP (AS48716)	3
bankomat.kz	JSC Kazakhtelecom (AS9198)	1
prodomaines.com	Bdl Systemes SAS (AS38926)	3
mesh.kz	JSC Kazakhtelecom (AS9198)	1
ps.kz	Hostland LTD (AS62082)	1
CLOUDFLARENET	SH.cz s.r.o. (AS39392)	1
yandexcloud.net	EdgeCenter LLC (AS210756)	1
goodhost.kz	TimeWeb LLC (AS9123)	2
petropavl.kz	JSC Transtelecom (AS41798)	1
is-fun.net	LLP Kompaniya Hoster.KZ (AS207333)	2
SECURITYSERVICES	VELOCITY-BNA (AS18664)	1
unihost.kz	Aeza International Ltd (AS210644)	1
octo.kz	LLC Citicom Systems (AS200962)	4
hoster.kz	LLP Internet company First Page (AS215670)	3
YANDEX LLC	GOOGLE (AS15169)	1
ipcom GmbH	Deutsche Telekom AG (AS3320)	1
JSC Selectel	JSC IOT (AS29182)	2
JSC Kaspi Bank	JSC Kazakhtelecom (AS9198)	2
PS Internet Company LLP	Jusan Mobile JSC (AS35104)	3
fornex.com	TimeWeb LLC (AS9123)	1
ps.kz	K2 Integration JSC (AS51219)	1
handyhost.ru	System Service Ltd. (AS50448)	3
cloudns.net	3DATA LLC (AS62010)	1
hoster.kz	Aktivnie Tehnologii LLC (AS202090)	1
ps.kz	Optima Telecom Ltd. (AS39819)	1
balt.net	UAB Duomenu logistikos centras (AS201201)	1
rbk.kz	PS Internet Company LLP (AS48716)	1
MICROSOFT-CORP-MSN-AS-BLOCK	Roedl & Partner GmbH Wirtschaftspruefungsgesellschaft (AS212225)	1
hoster.kz	National Information Technologies Joint-Stock Company (AS15549)	2
Internet-Pro LLC	PE Fedinyak Sergey Vyacheslavovich (AS203087)	6
Domain names registrar REG.RU, Ltd	KKM IT Limited (AS60922)	3
Domain names registrar REG.RU, Ltd	Trader soft LLC (AS201848)	1
Hostpoint AG	Hostpoint AG (AS29097)	4
ps.kz	Baykov Ilya Sergeevich (AS41745)	2
azimut.kz	astel Jsc (AS8393)	1
fornex.com	AS62904 (AS62904)	1
astana-motors.kz	JSC Kazakhtelecom (AS9198)	1
DIGITALOCEAN-ASN	Metaregistrar B.V. (AS42585)	1
hosti.kz	Jusan Mobile JSC (AS35104)	2
Domain names registrar REG.RU, Ltd	SQUARESPACE (AS53831)	1
lexsynergy.info	Akamai Connected Cloud (AS63949)	4
Host Europe GmbH	GO-DADDY-COM-LLC (AS398101)	1
imo.hu	ATW Internet Kft. (AS41075)	1
Webhost LLC	PS Internet Company LLP (AS48716)	1
CLOUDFLARENET	O2 Cloud LLC (AS208349)	1
ibagroup.eu	PS Internet Company LLP (AS48716)	1
ps.kz	Planeetta Internet Oy (AS58003)	1
nic.ru	LLC Gazpromneft ITO (AS202070)	2
megacenter.kz	Kcell JSC (AS29355)	1
plusserver.com	PS Internet Company LLP (AS48716)	3
curaden-hosting.ch	Hosting eXperts Switzerland AG (AS200979)	1
rakul.kz	PS Internet Company LLP (AS48716)	3
Domain names registrar REG.RU, Ltd	OOO Kurier (AS203791)	2
gdmnet.se	MICROSOFT-CORP-MSN-AS-BLOCK (AS8075)	2
YANDEX LLC	JSC IOT (AS29182)	7
rp5.kz	JSC Selectel (AS49505)	1
bnamed.eu	AMAZON-02 (AS16509)	1
gceuproxy.com	TimeWeb LLC (AS9123)	2
GANDI SAS	GANDI SAS (AS29169)	3
enbek.kz	National Information Technologies Joint-Stock Company (AS15549)	1
GOOGLE	JSC Selectel (AS50340)	1
hoster.kz	NTT Global Data Centers EMEA UK Ltd. (AS29017)	1
uadns.com	Hetzner Online GmbH (AS24940)	1
awsdns-25.org	AMAZON-AES (AS14618)	1
YANDEX LLC	AMAZON-02 (AS16509)	1
nameself.com	IT Outsourcing LLC (AS64439)	1
Limited Liability Company Vostok On-Line	Limited Liability Company Vostok On-Line (AS41284)	3
techdns.kz	PS Internet Company LLP (AS48716)	1
ps.kz	DC Host INC (AS208287)	7
aquaengineering.kz	LLP Kompaniya Hoster.KZ (AS207333)	1
SECURITYSERVICES	Safenames Ltd. (AS60819)	3
CLOUDFLARENET	Kar-Tel LLC (AS21299)	2
rbauto.ru	TimeWeb LLC (AS9123)	1
ps.kz	CDLAN SpA (AS34971)	1
tnsservice.kz	NLS Kazakhstan LLC (AS200590)	1
LLC VK	GOOGLE-CLOUD-PLATFORM (AS396982)	2
GOOGLE	ROUTERHOSTING (AS14956)	1
qtur.kz	JSC Kazakhtelecom (AS9198)	1
Domain names registrar REG.RU, Ltd	Rostelecom (AS12389)	1
hoster.kz	velia.net Internetdienste GmbH (AS29066)	1
asusshop.kz	PE Fedinyak Sergey Vyacheslavovich (AS203087)	1
SECURITYSERVICES	LLP Kompaniya Hoster.KZ (AS202958)	2
SECURITYSERVICES	NLS Kazakhstan LLC (AS200590)	2
gohost.kz	FASTLY (AS54113)	4
ps.kz	Shenzhen Tencent Computer Systems Company Limited (AS45090)	1
yandexcloud.net	JSC Kazakhtelecom (AS9198)	3
awsdns-05.com	Georgian Research and Educational Networking Association (GRENA) (AS20545)	1
netim.net	Keliweb S.R.L (AS202675)	1
routing.net	Kar-Tel LLC (AS35566)	3
storeland.ru	LLC Digital Network (AS12695)	1
BTcom Infocommunications Ltd.	BTcom Infocommunications Ltd. (AS41124)	3
astana-motors.kz	Kcell JSC (AS29355)	1
timeweb.org	Beget LLC (AS198610)	5
Internet-Pro LLC	Rostelecom (AS12389)	1
CLOUDFLARENET	Eclit Bilisim Hizmetleri A.S (AS50941)	1
2day.kz	PS Internet Company LLP (AS48716)	1
nazim.kz	10G.KZ LLC (AS25534)	1
zhambyl.kz	PS Internet Company LLP (AS48716)	1
ps.kz	Svyaz-INKOM-Servis i telekommunikatsii Ltd. (AS57826)	6
YANDEX LLC	Svyaz-INKOM-Servis i telekommunikatsii Ltd. (AS57826)	1
timeweb.org	Hetzner Online GmbH (AS24940)	7
rhost.kz	PS Internet Company LLP (AS48716)	4
awsdns-16.org	SERVERS-COM (AS7979)	1
SCAAM0001	Host Europe GmbH (AS8972)	4
net.ru	JSC Kazteleport - subsidiary of Halyk Bank of Kazakhstan (AS51162)	1
JSC Selectel	LLP Internet company First Page (AS215670)	2
com.tr	Hetzner Online GmbH (AS24940)	1
astana.kz	Nls Astana Llp (AS205516)	1
ps.kz	PT Biznet Gio Nusantara (AS133800)	3
unihost.kz	FASTLY (AS54113)	2
technodom.kz	LLP Kompaniya Hoster.KZ (AS202958)	2
capec.kz	JSC Kazakhtelecom (AS9198)	1
CLOUDFLARENET	Svyaz-INKOM-Servis i telekommunikatsii Ltd. (AS57826)	1
mchost.com	Iron Hosting Centre LTD (AS216139)	1
syrahost.com	Dreamscape Networks Limited (AS38719)	1
qeep.kz	EQU Technologies LLP (AS42447)	1
enter-system.com	AMAZON-02 (AS16509)	1
valuehost.ru	TimeWeb LLC (AS9123)	1
netim.net	AMAZON-02 (AS16509)	2
net.tr	Doruk Iletisim ve Otomasyon Sanayi ve Ticaret A.S. (AS8685)	5
Cloud Services Kazakhstan LLP	Wix.com Ltd. (AS58182)	3
ipcom GmbH	T-Systems International GmbH (AS34086)	2
60.123	Hetzner Online GmbH (AS24940)	1
ps.kz	Fornex Hosting S.L. (AS16003)	1
github.com	FASTLY (AS54113)	1
webshineglobal.xyz	HVC-AS (AS29802)	2
ps.kz	10G.KZ LLC (AS25534)	7
webhost1.ru	PS Internet Company LLP (AS48716)	1
SECURITYSERVICES	Volvo Information Technology AB (AS25252)	1
Domain names registrar REG.RU, Ltd	It-grad Too (AS212189)	7
Cloud DNS Ltd	GOOGLE-CLOUD-PLATFORM (AS396982)	4
HURRICANE	EQU Technologies LLP (AS42447)	2
utsrus.com	Ddos-guard Ltd (AS57724)	1
htrade.kz	PS Internet Company LLP (AS48716)	1
CLOUDFLARENET	Seflow s.r.l. (AS49367)	2
hoster.kz	JSC Altyn Bank (SB of China Citic Bank Corporation Ltd) (AS211806)	3
nls.kz	NLS Kazakhstan LLC (AS200590)	2
CLOUDFLARENET	UAB Baltnetos komunikacijos (AS15440)	3
ps.kz	Solutions Factory Ltd. (AS49393)	2
afraid.org	NLS Kazakhstan LLC (AS200590)	1
s00r.ru	data-centr ekaterinburg OOO (AS39741)	1
hostico.ro	GTS Telecom SRL (AS5606)	1
Safenames Ltd.	Superonline Iletisim Hizmetleri A.S. (AS34984)	1
itcity.kz	EQU Technologies LLP (AS42447)	1
markmonitor.com	JSC Kazakhtelecom (AS50482)	2
stackdns.com	20i Limited (AS48254)	2
LLC VK	JSC IOT (AS29182)	2
icreative.ge	Hetzner Online GmbH (AS24940)	1
JSC Kazakhtelecom	LLP Internet company First Page (AS215670)	4
pixelx.de	Pixel X e.K. (AS60380)	2
climafix.kz	NLS Kazakhstan LLC (AS200590)	1
GOOGLE	Allonstelefonstroy LLP (AS198803)	1
strial.kz	PS Internet Company LLP (AS48716)	1
CLOUDFLARENET	servinga GmbH (AS39378)	1
logitex.kz	LLP Kompaniya Hoster.KZ (AS207333)	1
hoster.kz	VK Tech Kazakhstan LLP (AS201817)	9
CLOUDFLARENET	Aspan telecom (AS8720)	1
ps.kz	A1 Systems Ltd. (AS49452)	1
CLOUDFLARENET	Hosting Ukraine LTD (AS200000)	1
CLOUDFLARENET	Rostelecom (AS12389)	1
CLOUDFLARENET	HLL LLC (AS51115)	3
ps.kz	SIA VEESP (AS43317)	1
velosalon.kz	AS-VULTR (AS20473)	1
JSC Selectel	It-grad Too (AS212189)	2
NetPoint Ltd.	Enterprise Cloud Ltd. (AS48096)	5
177.24	Pq Hosting Plus S.r.l. (AS44477)	1
gohost.kz	Cyber_Folks S.A. (AS29522)	1
Nazwa.pl Sp.z.o.o.	OVH SAS (AS16276)	1
knipp.de	Knipp Medien und Kommunikation GmbH (AS8391)	1
asb.kz	Optinet LLP (AS60757)	1
hoster.kz	TimeWeb LLC (AS51789)	1
hoster.kz	Green Floid LLC (AS21100)	1
co.uk	LLP Kompaniya Hoster.KZ (AS207333)	1
timeweb.org	PE Fedinyak Sergey Vyacheslavovich (AS203087)	1
ps.kz	Fornex Hosting S.L. (AS44051)	3
co.uk	Redcentric Solutions Ltd (AS31463)	1
OVH SAS	Mega-Line Ltd. (AS41750)	1
glipac.ch	Bluewin (AS3303)	3
gransy.com	WEDOS Internet, a.s. (AS197019)	1
Virtual infrastructures Ltd.	Cloudpard LLC (AS214461)	4
JSC Kazakhtelecom	TimeWeb LLC (AS9123)	3
hoster.kz	Rackspace Ltd. (AS15395)	1
hoster.kz	ITSOFT LLC (AS48614)	1
nameself.com	JSC Kazteleport - subsidiary of Halyk Bank of Kazakhstan (AS51162)	2
kaztransnet.kz	KazTransNet LLP (AS214706)	1
timeweb.org	JSC ER-Telecom Holding (AS41668)	1
ps.kz	JSC RTComm.RU (AS8342)	2
123ns.de	LLP Kompaniya Hoster.KZ (AS202958)	4
ps.kz	Datacamp Limited (AS212238)	1
ps.kz	Orange Espagne SA (AS12479)	3
hoster.kz	Hosting Ltd (AS43362)	2
smartnet.kz	Smartnet Too (AS43994)	1
syrve.com	PS Internet Company LLP (AS48716)	1
ps.kz	National Information Technologies Joint-Stock Company (AS15549)	1
Beget LLC	JSC Selectel (AS50340)	3
Domain names registrar REG.RU, Ltd	Haicom Limited (AS48988)	3
PS Internet Company LLP	MBL International East Computerland-Kiev Ltd (AS200049)	1
OVH SAS	Gallery LLC (AS51787)	1
simourg.kz	SIA Tet (AS12578)	2
lavadayspa.kz	EQU Technologies LLP (AS42447)	1
skf.com	MICROSOFT-CORP-MSN-AS-BLOCK (AS8075)	1
ps.kz	Servicepipe LLC (AS201706)	1
LLC VK	Baynur and P Ltd. (AS59443)	1
nic.ru	Melbikomas UAB (AS56630)	1
MICROSOFT-CORP-MSN-AS-BLOCK	It-grad Too (AS212189)	1
promdns.net	PS Internet Company LLP (AS48716)	4
ps.kz	WINDSTREAM (AS7029)	4
valuehost.ru	PS Internet Company LLP (AS48716)	2
awsdns-04.net	AMAZON-02 (AS16509)	1
Domain names registrar REG.RU, Ltd	Servicepipe LLC (AS201706)	4
netim.net	EuroByte LLC (AS210079)	1
dl.kz	JSC Kazakhtelecom (AS9198)	1
smartnet.kz	LLP Kompaniya Hoster.KZ (AS207333)	1
ns14.net	Host Europe GmbH (AS8972)	3
netsol.su	JSC Kazakhtelecom (AS9198)	1
Domain names registrar REG.RU, Ltd	Itglobalcom Kaz Llp (AS57008)	1
DIGICERT	DIGICERT (AS16552)	2
Beget LLC	Hetzner Online GmbH (AS24940)	2
shneider-host.ru	Serverius Holding B.V. (AS50673)	1
notabene.courses	Hetzner Online GmbH (AS24940)	2
netim.net	Hetzner Online GmbH (AS24940)	1
PS Internet Company LLP	NETWORK-SOLUTIONS-HOSTING (AS19871)	1
lureit.ru	LLP Kompaniya Hoster.KZ (AS202958)	1
lamidecor.kz	LLP Kompaniya Hoster.KZ (AS207333)	1
inspiro.ru	TimeWeb LLC (AS9123)	1
GOOGLE	MICROSOFT-CORP-MSN-AS-BLOCK (AS8075)	2
sait.kz	LLP Kompaniya Hoster.KZ (AS207333)	1
PS Internet Company LLP	DC74-AS (AS17216)	1
aqua-eng.kz	EQU Technologies LLP (AS42447)	1
upress.io	uPress Inc (AS209622)	1
JSC Kazakhtelecom	Hostinger International Limited (AS47583)	1
islemcom.net	Accenture B. V. (AS8315)	1
perf1.com	Nameshield SAS (AS20756)	6
activeby.net	ActiveHost RU LLC (AS51698)	1
spaceweb.pro	PE Fedinyak Sergey Vyacheslavovich (AS203087)	1
ps.kz	Superonline Iletisim Hizmetleri A.S. (AS34984)	1
Domain names registrar REG.RU, Ltd	TOO Internet Resheniya (AS58033)	1
ps.kz	CW Vodafone Group PLC (AS1273)	1
hoster.kz	LeaseWeb Netherlands B.V. (AS60781)	2
Domain names registrar REG.RU, Ltd	PS Internet Company LLP (AS39318)	3
namechecking.net	MICROSOFT-CORP-MSN-AS-BLOCK (AS8075)	1
wag.kz	LLP Kompaniya Hoster.KZ (AS202958)	2
hoster.kz	JSC Selectel (AS50340)	2
zook.kz	LLP Kompaniya Hoster.KZ (AS207333)	3
Cloud Services Kazakhstan LLP	Tilda Publishing Ltd. (AS205282)	3
opportunity.de	LLP Kompaniya Hoster.KZ (AS207333)	2
gohost.kz	GOOGLE-CLOUD-PLATFORM (AS396982)	2
sapsan.kz	Jusan Mobile JSC (AS35104)	1
CLOUDFLARENET	OBIT-telecommunications, LLC (AS43370)	3
hostlab.kz	Virtual Dalnegorsk Ltd. (AS48073)	1
ps.kz	ALFA TELECOM s.r.o. (AS44546)	4
perfectdns.com	OVH SAS (AS16276)	1
awsdns-30.com	AMAZON-02 (AS16509)	1
dihost.net	PS Internet Company LLP (AS48716)	1
awsdns-02.com	LLP Kompaniya Hoster.KZ (AS207333)	1
gransy.com	Arsenal D Ltd. (AS210390)	1
Jsc ru-center	LLP Kompaniya Hoster.KZ (AS207333)	2
ipcom GmbH	Akamai Connected Cloud (AS63949)	3
radan.kz	EQU Technologies LLP (AS42447)	1
cbd.kz	EQU Technologies LLP (AS42447)	1
ht-systems.ru	PS Internet Company LLP (AS48716)	2
hoster.by	TimeWeb LLC (AS9123)	1
ps.kz	Kirill Vechera (AS48235)	1
EdgeCenter LLC	JSC Kazteleport - subsidiary of Halyk Bank of Kazakhstan (AS51162)	1
proisp.no	Emp Secure As (AS28824)	1
vv-d.kz	EQU Technologies LLP (AS42447)	1
hoster.kz	Kamatera Inc (AS41436)	2
NSONE	FASTLY (AS54113)	1
Megahost Kazakhstan TOO	Haicom Limited (AS48988)	1
wpdns.host	AS-VULTR (AS20473)	1
gransy.com	TWL-Kom GmbH (AS9022)	2
CLOUDFLARENET	Eweka Internet Services B.V. (AS34343)	1
inin.kz	EQU Technologies LLP (AS42447)	2
vs.kz	10G.KZ LLC (AS25534)	1
pnholding.com	Megahost Kazakhstan TOO (AS208450)	1
laikos.kz	PS Internet Company LLP (AS48716)	1
mobikino.kz	Lifestream Kazakhstan LLP (AS215360)	1
hoster.by	Business Network Ltd (AS12406)	3
dns2b.ru	PE Fedinyak Sergey Vyacheslavovich (AS203087)	2
la-rose.kz	EQU Technologies LLP (AS42447)	1
moguta.cloud	Domain names registrar REG.RU, Ltd (AS197695)	2
nic.ru	Megahost Kazakhstan TOO (AS208450)	2
noski.kz	JSC Kazakhtelecom (AS9198)	1
nic.ru	PS Internet Company LLP (AS39318)	1
awsdns-18.org	AMAZON-02 (AS16509)	1
fasttrackdns.com	LLP Kompaniya Hoster.KZ (AS207333)	1
awsdns-17.com	PS Internet Company LLP (AS48716)	1
ps.kz	Cgi Global Limited (AS56971)	2
gantek.com	Cizgi Telekomunikasyon Anonim Sirketi (AS42807)	1
aerc.kz	JSC Kazakhtelecom (AS9198)	1
Domain names registrar REG.RU, Ltd	PJSC Moscow city telephone network (AS25513)	1
netim.net	LLP Kompaniya Hoster.KZ (AS207333)	1
ps.kz	3W Infra B.V. (AS60144)	1
CLOUDFLARENET	RECONN LLC (AS12722)	1
quicns.net	LLP Kompaniya Hoster.KZ (AS202958)	1
Domain names registrar REG.RU, Ltd	MTS PJSC (AS8359)	1
1und1.de	IONOS SE (AS8560)	3
smarthost.kz	JSC Selectel (AS50340)	1
netim.net	Tilda Publishing Ltd. (AS205282)	5
yandexcloud.net	Haicom Limited (AS48988)	1
hoster.kz	OBIT-telecommunications, LLC (AS43370)	6
EuroByte LLC	Beget LLC (AS198610)	1
forweb.kz	Contabo GmbH (AS51167)	1
CLOUDFLARENET	LeaseWeb Netherlands B.V. (AS60781)	1
YANDEX LLC	ORACLE-BMC-31898 (AS31898)	1
planetahost.ru	Internet-Cosmos LLC (AS34300)	1
JSC IOT	TimeWeb LLC (AS9123)	2
megasystems.kz	JSC Transtelecom (AS41798)	1
xn--80aeatqv1al.kz	Jusan Mobile JSC (AS35104)	1
Internet-Pro LLC	TimeWeb LLC (AS9123)	1
arek.kz	JSC Kazakhtelecom (AS9198)	1
profit-group.kz	Kombinat Svyazi, Too (AS50386)	1
tld.pl	Beyond.pl sp. z o.o. (AS31229)	2
active24.cz	AMAZON-02 (AS16509)	1
ps.kz	Servers Tech Fzco (AS216071)	1
optibot.kz	JSC Selectel (AS50340)	1
mfitness.kz	JSC Avantel (AS25227)	4
JSC Selectel	HLL LLC (AS51115)	2
nokia.com	GOOGLE-CLOUD-PLATFORM (AS396982)	1
hoster.kz	ORACLE-BMC-31898 (AS31898)	2
JSC Kazakhtelecom	It-grad Too (AS212189)	4
qrsystems.kz	MTS PJSC (AS8359)	1
PS Internet Company LLP	NLS Kazakhstan LLC (AS200590)	2
CLOUDFLARENET	10G.KZ LLC (AS25534)	1
OVH SAS	Zomro B.V. (AS204601)	6
my-control-panel.com	PONYNET (AS53667)	4
MICROSOFT-CORP-MSN-AS-BLOCK	JSC Kazteleport - subsidiary of Halyk Bank of Kazakhstan (AS51162)	5
globalserviceac.com	NETWORK-SOLUTIONS-HOSTING (AS19871)	1
awsdns-02.org	JSC Kazteleport - subsidiary of Halyk Bank of Kazakhstan (AS51162)	1
kinopark.kz	JSC Kazakhtelecom (AS9198)	1
JSC Selectel	StormWall s.r.o. (AS59796)	3
ps.kz	Radiobaylanys LLP (AS29046)	6
JSC Kazakhtelecom	Jusan Mobile JSC (AS35104)	4
sohosted69.com	CLDIN B.V. (AS48635)	1
fruitrepublic.kz	LLC Renome-Service (AS34187)	1
Cloud Services Kazakhstan LLP	TimeWeb LLC (AS9123)	1
YANDEX LLC	HLL LLC (AS51115)	1
hoster.kz	TOO Kainar-Media (AS212999)	2
officexpo.kz	PS Internet Company LLP (AS48716)	1
SECURITYSERVICES	JSC Kazakhtelecom (AS50482)	5
ps.kz	Adman LLC (AS57494)	1
ps.kz	Data Storage Center JSC (AS49063)	1
awsdns-20.org	PS Internet Company LLP (AS48716)	1
ps.kz	Megacom-it LLC (AS44587)	1
money-online.kz	Jusan Mobile JSC (AS35104)	1
awsdns-18.org	Hetzner Online GmbH (AS24940)	1
imcmdb.net	Haicom Limited (AS48988)	1
assistance.kz	LLP Kompaniya Hoster.KZ (AS202958)	1
dnsflare.com	AKA Bilisim Yazilim Arge Ins. Taah. San. Tic. A.S. (AS201079)	1
cao.kz	NLS Kazakhstan LLC (AS200590)	1
awsdns-25.org	PS Internet Company LLP (AS48716)	1
abbott.com	FASTLY (AS54113)	1
qazchain.kz	JSC Kazakhtelecom (AS9198)	1
nic.ru	JSC Transtelecom (AS41798)	1
ps.kz	JSC Freedom Finance (AS200067)	2
ps.kz	ONIT AS (AS47753)	2
jino.ru	PS Internet Company LLP (AS48716)	1
eventim.de	CTS Eventim Solutions GmbH (AS204253)	2
CLOUDFLARENET	Scalaxy B.V. (AS58061)	2
gohost.kz	RENDER (AS397273)	1
sudos.co	AS17378 (AS17378)	2
ig.kz	PS Internet Company LLP (AS48716)	1
hb.by	MICROSOFT-CORP-MSN-AS-BLOCK (AS8075)	1
awsdns-19.org	Itglobalcom Rus LLC (AS212675)	1
JSC Transtelecom	JSC Transtelecom (AS41798)	6
unihost.kz	JSC Kazakhtelecom (AS50482)	2
Domain names registrar REG.RU, Ltd	Servers Tech Fzco (AS216071)	1
eastman.com	AMAZON-02 (AS16509)	2
devpro.kz	JSC Kazakhtelecom (AS9198)	1
web3.kz	JSC Kazakhtelecom (AS9198)	1
xelan.info	PS Internet Company LLP (AS48716)	2
ps.kz	Internet Vikings International AB (AS203241)	1
webmechanica.ru	LLP Kompaniya Hoster.KZ (AS207333)	1
Domain names registrar REG.RU, Ltd	Start LLC (AS61400)	1
hoster.kz	P.a.g.m. Ou (AS198068)	1
mega-systems.kz	JSC Transtelecom (AS41798)	1
LLC VK	KKM IT Limited (AS60922)	1
hoster.kz	Server Plan S.r.l. (AS52030)	1
salskea.fi	Hetzner Online GmbH (AS24940)	1
otsystems.kz	NLS Kazakhstan LLC (AS200590)	1
LLC VK	Virtual infrastructures Ltd. (AS198770)	2
ps.kz	Meganet LLP (AS204804)	2
hoster.kz	firstcolo GmbH (AS44066)	2
YANDEX LLC	Cloud.ru (AS208677)	1
mfk.kz	PS Internet Company LLP (AS48716)	1
timetra.kz	Kar-Tel LLC (AS21299)	1
energo.kz	JSC Kazakhtelecom (AS50482)	1
MICROSOFT-CORP-MSN-AS-BLOCK	Jusan Mobile JSC (AS35104)	2
OVH SAS	CLOUDFLARENET (AS13335)	1
ps.kz	OOO WestCall Ltd. (AS8595)	3
Domain names registrar REG.RU, Ltd	Cloudflare London, LLC (AS209242)	1
medtronic.com	JSC Kazakhtelecom (AS50482)	1
ps.kz	Sprinthost.ru LLC (AS35278)	1
hostgate.ro	Voxility LLP (AS3223)	1
prima-group.kz	LLP Kompaniya Hoster.KZ (AS207333)	1
dietpitanie.kz	PS Internet Company LLP (AS48716)	1
Domain names registrar REG.RU, Ltd	ServiceCloud Ltd. (AS3284)	1
ps.kz	JSC First Heartland Jysan Bank (AS213146)	1
web-3.kz	JSC Kazakhtelecom (AS9198)	1
flexbe.ru	PS Internet Company LLP (AS48716)	1
fe.kz	NLS Kazakhstan LLC (AS200590)	1
SECURITYSERVICES	FASTLY (AS54113)	1
kazseeds.kz	LLP Kompaniya Hoster.KZ (AS207333)	1
CLOUDFLARENET	Smartnet Limited (AS203446)	1
awsdns-16.org	JSC Kazakhtelecom (AS9198)	1
gup.kz	Jusan Mobile JSC (AS35104)	1
ns14.net	PVimpelCom (AS20597)	1
dsoft.kz	PS Internet Company LLP (AS48716)	4
hoster.kz	JSC RTComm.RU (AS8342)	1
hoster.kz	WEEBLY (AS27647)	3
YANDEX LLC	Cloudflare London, LLC (AS209242)	3
Domain names registrar REG.RU, Ltd	FASTLY (AS54113)	2
hoster.kz	X-communication Llp (AS56568)	5
mfitness.kz	LLP Kompaniya Hoster.KZ (AS202958)	1
kinoprokat.kz	JSC Kazakhtelecom (AS9198)	1
hoster.by	JSC Kazteleport - subsidiary of Halyk Bank of Kazakhstan (AS51162)	3
pylon.kz	JSC Kazakhtelecom (AS9198)	1
samsonopt.ru	JSC Mastertel (AS29226)	1
kokshe.kz	JSC Kazakhtelecom (AS9198)	1
kemel.kz	EQU Technologies LLP (AS42447)	1
ps.kz	TZULO (AS11878)	1
awsdns-10.net	Hetzner Online GmbH (AS24940)	1
cpsc.kz	LLP Kompaniya Hoster.KZ (AS207333)	1
ps.kz	KazRENA (AS41419)	6
Megahost Kazakhstan TOO	It-grad Too (AS212189)	1
CLOUDFLARENET	Radiobaylanys LLP (AS29046)	1
dtag.de	Hetzner Online GmbH (AS24940)	1
SECURITYSERVICES	Claro NXT Telecomunicacoes Ltda (AS28573)	1
inmotionhosting.com	LLP Kompaniya Hoster.KZ (AS202958)	1
kilbil.kz	Kazakhstan Halyk Bank JSC (AS39433)	1
co.uk	SERVERS-COM (AS7979)	1
MICROSOFT-CORP-MSN-AS-BLOCK	NLS Kazakhstan LLC (AS200590)	2
intergas.kz	LLP Kompaniya Hoster.KZ (AS202958)	1
YANDEX LLC	NLS Kazakhstan LLC (AS200590)	1
sushipanda.kz	EQU Technologies LLP (AS42447)	1
ps.kz	TTK LLP (AS208448)	1
site4now.net	SHARKTECH (AS46844)	6
zone.ee	Zone Media OU (AS49604)	1
hoster.kz	Rostelecom (AS12389)	1
CLOUDFLARENET	Hostkey B.v. (AS50867)	1
dyn.com	ORACLE-BMC-31898 (AS31898)	1
mobza.io	EuroByte LLC (AS210079)	1
unknown	Podaon SIA (AS211381)	1
kazteleport-halyk.kz	JSC Kazteleport - subsidiary of Halyk Bank of Kazakhstan (AS51162)	3
hoster.kz	365.partners INC (AS198178)	1
NSONE	LLP Kompaniya Hoster.KZ (AS207333)	5
hostiman.ru	JSC Selectel (AS50340)	2
tokar.kz	JSC Kazakhtelecom (AS9198)	1
balt.net	UAB Baltnetos komunikacijos (AS15440)	1
vigbo.site	Hostkey B.v. (AS50867)	1
hoster.kz	AMT Group, JSC (AS213744)	1
logycom.kz	10G.KZ LLC (AS25534)	1
servaname.ru	PS Internet Company LLP (AS48716)	1
meganameservers.eu	Krystal Hosting Ltd (AS12488)	1
com.tr	ISIK Bilgisayar Internet ve Yayincilik Hizmetleri (AS49879)	1
ps.kz	AdminVPS OOO (AS211183)	1
megacenter.kz	JSC Kazteleport - subsidiary of Halyk Bank of Kazakhstan (AS51162)	1
wildberries.ru	LLC Wildberries (AS57073)	1
youcan.shop	SOFTLAYER (AS36351)	1
hoster.kz	LLC Netfort (AS47522)	1
JSC Kazakhtelecom	Smartnet Too (AS43994)	1
JSC Selectel	Cloud Services Kazakhstan LLP (AS208795)	1
hoster.kz	Regxa Company for Information Technology Ltd (AS215311)	1
apbx.kz	NLS Kazakhstan LLC (AS200590)	1
geo4.me	Jusan Mobile JSC (AS35104)	1
webdiscovery.ru	Hosting Ltd (AS43362)	1
vdsina.ru	Servers Tech Fzco (AS216071)	1
PS Internet Company LLP	Alibaba US Technology Co., Ltd. (AS45102)	2
Internet-Pro LLC	Tilda Publishing Ltd. (AS205282)	4
gransy.com	Web4U s.r.o. (AS39790)	1
Domain names registrar REG.RU, Ltd	EuroByte LLC (AS210079)	1
banknota.kz	JSC Kazakhtelecom (AS9198)	1
ps.kz	MTS PJSC (AS8359)	2
ps.kz	Hosting Ltd (AS43362)	1
OVH SAS	JSC Kazakhtelecom (AS9198)	1
vip-arenda.kz	EQU Technologies LLP (AS42447)	1
YANDEX LLC	YANDEX LLC (AS13238)	7
awsdns-18.org	PS Internet Company LLP (AS48716)	1
foundationdns.com	FASTLY (AS54113)	1
o-o.host	Hetzner Online GmbH (AS24940)	1
asstra.ch	PE Fedinyak Sergey Vyacheslavovich (AS203087)	1
SECURITYSERVICES	Akamai International B.V. (AS20940)	1
hoster.kz	Subsidiary VTB Bank JSC Kazakhstan (AS216202)	1
at.kz	JSC Kazakhtelecom (AS50482)	1
markmonitor.com	PS Internet Company LLP (AS48716)	1
Cloud Services Kazakhstan LLP	Hetzner Online GmbH (AS24940)	1
art-reklama.kz	EQU Technologies LLP (AS42447)	1
it-center.kz	Tilda Publishing Ltd. (AS205282)	1
databasemart.net	DATABANK-DFW (AS13767)	1
home.pl	home.pl S.A. (AS12824)	1
JSC Selectel	Pq Hosting Plus S.r.l. (AS44477)	1
oblako.kz	LLP Kompaniya Hoster.KZ (AS207333)	1
JSC Kazakhtelecom	National Innovation Center LLC (AS44173)	2
mts-ws.net	Enterprise Cloud Ltd. (AS48096)	2
ps.kz	LLC Digital Network (AS12695)	1
hoster.kz	NewLines Ltd. (AS38912)	1
nic.ru	JSC Selectel (AS49505)	4
YANDEX LLC	Maxiplace Ltd. (AS50516)	1
stepnet.kz	Agency-KA Ltd. (AS60286)	1
numi.kz	EQU Technologies LLP (AS42447)	1
JSC Selectel	JSC Kazteleport - subsidiary of Halyk Bank of Kazakhstan (AS51162)	1
hoster.kz	MVPS LTD (AS202448)	1
medeo.kz	JSC Kazakhtelecom (AS9198)	1
kkm.ru	PS Internet Company LLP (AS48716)	1
gga.kz	Gologramma LLP (AS200688)	1
nic.ru	Servicepipe LLC (AS201706)	1
Domain names registrar REG.RU, Ltd	NetPoint Ltd. (AS51740)	1
dreamhost.com	PS Internet Company LLP (AS48716)	1
CLOUDFLARENET	Cloudpard LLC (AS214461)	3
akvatoriya.kz	EQU Technologies LLP (AS42447)	1
CLOUDFLARENET	Newserverlife LLC (AS49791)	3
Domain names registrar REG.RU, Ltd	LTD Komplex-Info (AS198415)	1
ps.kz	LLC Flex (AS203714)	2
philips.com	JSC Kazakhtelecom (AS9198)	1
co.uk	AMAZON-02 (AS16509)	5
gohost.ru	Edinaya Set Limited Liability Company (AS39134)	1
Domain names registrar REG.RU, Ltd	Megahost Kazakhstan TOO (AS208450)	4
Hetzner Online GmbH	TimeWeb LLC (AS9123)	1
ecap.kz	LLP Kompaniya Hoster.KZ (AS207333)	1
veer.kz	LLP Kompaniya Hoster.KZ (AS202958)	1
aua.com	Austrian Airlines AG (AS44594)	2
rbk.kz	Radiobaylanys LLP (AS29046)	1
active24.cz	ACTIVE 24, s.r.o. (AS25234)	3
74.18	Tilda Publishing Ltd. (AS205282)	1
CLOUDFLARENET	GOOGLE (AS15169)	2
berekebank.kz	Bereke Bank JSC (AS200349)	1
gohost.kz	It-grad Too (AS212189)	2
Cloud Services Kazakhstan LLP	Domain names registrar REG.RU, Ltd (AS197695)	1
dtnt.info	Bezeq International Ltd. (AS8551)	1
leadvertex.ru	Fornex Hosting S.L. (AS44051)	1
Megahost Kazakhstan TOO	JSC Kazakhtelecom (AS50482)	3
ps.kz	AS-COLOCROSSING (AS36352)	1
JSC Selectel	Citytelecom LLC (AS3175)	1
goodhost.kz	Haicom Limited (AS48988)	1
omsport.kz	Jusan Mobile JSC (AS35104)	1
MICROSOFT-CORP-MSN-AS-BLOCK	Domain names registrar REG.RU, Ltd (AS197695)	1
sec-ns.de	PlusServer GmbH (AS61157)	1
gkamega.com	Scaleway S.a.s. (AS12876)	2
gransy.com	Pq Hosting Plus S.r.l. (AS44477)	1
hoster.ru	Citytelecom LLC (AS12616)	1
kccs.kz	Kar-Tel LLC (AS21299)	1
bit-live.ru	PS Internet Company LLP (AS48716)	1
rnko.ru	Closed joint stock company ZOLOTAYA KORONA (AS212264)	1
goodhost.kz	Tilda Publishing Ltd. (AS205282)	3
ps.kz	BlueVPS OU (AS62005)	1
hostinger.ru	Hostinger International Limited (AS47583)	1
ps.kz	Podaon SIA (AS210895)	1
ps.kz	SOPRADO GmbH (AS20546)	2
osn.de	JSC Kazakhtelecom (AS9198)	1
lpmotor.ru	Servicepipe LLC (AS201706)	6
com.ua	TheHost LLC (AS56485)	4
YANDEX LLC	First Server Limited (AS204997)	1
CLOUDFLARENET	INMOTION (AS22611)	1
kase.kz	Kazakhstan Stock Exchange JSC (AS215094)	1
Cloud Services Kazakhstan LLP	JSC Kazteleport - subsidiary of Halyk Bank of Kazakhstan (AS51162)	1
hoster.kz	Tvoy Novy Telecom LLP (AS200218)	1
MICROSOFT-CORP-MSN-AS-BLOCK	Umdasch Group AG (AS3201)	1
dfinet.ch	HLL LLC (AS51115)	1
mijndomein.nl	Metaregistrar B.V. (AS42585)	1
JSC IOT	PS Internet Company LLP (AS48716)	2
websupport.cz	T-Mobile Czech Republic a.s. (AS13036)	1
checkdomain.de	Xirra GmbH (AS51191)	1
eshaper.org	P.a.g.m. Ou (AS198068)	1
afraid.org	PS Internet Company LLP (AS48716)	1
olx.kz	JSC Kazakhtelecom (AS9198)	1
CLOUDFLARENET	RouteLabel V.O.F. (AS198203)	1
paragraph.kz	JSC Kazakhtelecom (AS9198)	2
Beget LLC	JSC Kazakhtelecom (AS9198)	1
eigroup.kz	JSC Transtelecom (AS41798)	4
Host Europe GmbH	Goodhost.KZ LLP (AS211971)	1
fsd.kz	Nls Astana Llp (AS205516)	1
atakdomain.com	CLOUDFLARENET (AS13335)	1
european-server.com	Combell NV (AS34762)	1
CLOUDFLARENET	Maxiplace Ltd. (AS50516)	1
EQU Technologies LLP	Vostok Telecom LLC (AS202999)	1
wfolio.com	JSC Selectel (AS50340)	1
megagroup.ru	PS Internet Company LLP (AS48716)	1
bankrotam.kz	Cloud Services Kazakhstan LLP (AS208795)	1
korkyt.kz	Satti Telecom LLC (AS31525)	1
noc.lv	Sia Nano IT (AS43513)	2
nic.ru	Jsc ru-center (AS39494)	1
domaindiscount24.net	AMAZON-02 (AS16509)	1
ps.kz	CHINANET Guangdong province network (AS58466)	1
ports.se	PS Internet Company LLP (AS48716)	1
goodfix.kz	Tilda Publishing Ltd. (AS205282)	1
YANDEX LLC	Enterprise Cloud Ltd. (AS48096)	1
rapidhost.ru	Inter-Svyaz LLC (AS202150)	1
Kcell JSC	Kcell JSC (AS29355)	4
dynu.com	JSC Kazakhtelecom (AS9198)	3
accessnet.kz	NLS Kazakhstan LLC (AS200590)	4
avx.pl	Artnet Sp. z o.o. (AS197155)	1
nic.ru	JSC Selectel (AS50340)	2
Akamai International B.V.	Akamai International B.V. (AS20940)	3
Jsc ru-center	PS Internet Company LLP (AS48716)	2
AMAZON-02	LLP Kompaniya Hoster.KZ (AS207333)	1
awsdns-04.org	GOOGLE-CLOUD-PLATFORM (AS396982)	1
omron.com	Intermax Group B.V. (AS24586)	1
zaz.kz	JSC Kazakhtelecom (AS9198)	1
gransy.com	DIGITALOCEAN-ASN (AS14061)	2
yourcharter.kz	NAMECHEAP-NET (AS22612)	1
ports.se	Tele2 SWIPnet (AS1257)	3
Eclit Bilisim Hizmetleri A.S	dogado GmbH (AS45012)	1
softly.kz	EQU Technologies LLP (AS42447)	1
streetfood.kz	JSC Kazakhtelecom (AS9198)	1
CLOUDFLARENET	Advania Island ehf (AS50613)	1
ps.kz	Saimanet Telecomunications CJSC (AS29061)	1
promdns.net	Tilda Publishing Ltd. (AS205282)	2
centralasiaexpo.kz	PS Internet Company LLP (AS48716)	1
itsunit.com	LLC Vpsville (AS59504)	1
YANDEX LLC	Uplink LLC (AS8200)	3
awsdns-27.com	LLP Kompaniya Hoster.KZ (AS202958)	1
hoster.kz	JSC Ukrtelecom (AS6849)	3
ps.kz	ASNET (AS26383)	1
yandexcloud.net	TimeWeb LLC (AS9123)	1
omron.com	GOOGLE-CLOUD-PLATFORM (AS396982)	1
frienddns.info	Green Floid LLC (AS50979)	1
kpp.kz	PS Internet Company LLP (AS48716)	1
mchost.com	EuroByte LLC (AS210079)	1
home-store.kz	JSC Kazakhtelecom (AS9198)	1
ps.kz	Servercore Cis LLC (AS43647)	2
aquagas.kz	Jusan Mobile JSC (AS35104)	1
service-car.kz	NLS Kazakhstan LLC (AS200590)	1
awsdns-05.net	AMAZON-02 (AS16509)	1
Domain names registrar REG.RU, Ltd	Hetzner Online GmbH (AS24940)	5
74.11	Tilda Publishing Ltd. (AS205282)	1
cloudns.net	Private Layer INC (AS51852)	1
LLP Kompaniya Hoster.KZ	JSC Kazteleport - subsidiary of Halyk Bank of Kazakhstan (AS51162)	1
toshiba-europe.com	CLOUDFLARENET (AS13335)	1
natrohost.com	PS Internet Company LLP (AS48716)	1
EQU Technologies LLP	Tilda Publishing Ltd. (AS205282)	2
sui-inter.net	METANET AG (AS21069)	1
ps.kz	LEVEL3 (AS3356)	1
missoni.it	Elmec Informatica S.p.A. (AS39217)	1
ps.kz	TDC Holding A/S (AS3292)	1
metallicheskie-dveri.kz	Jusan Mobile JSC (AS35104)	1
perspektiva.kz	LLP Kompaniya Hoster.KZ (AS207333)	1
Domain names registrar REG.RU, Ltd	AMAZON-02 (AS16509)	3
PS Internet Company LLP	PS Internet Company LLP (AS39318)	1
CLOUDFLARENET	Silverhill Group Holding Ltd (AS202492)	1
gksmdns.com	LLP Kompaniya Hoster.KZ (AS207333)	1
sertifikat.kz	JSC Kazakhtelecom (AS9198)	1
ps.kz	JSC Kazteleport - subsidiary of Halyk Bank of Kazakhstan (AS197686)	2
ahost.uz	AMAZON-02 (AS16509)	2
alexhost.md	Alexhost Srl (AS200019)	3
kompaas.org	Pq Hosting Plus S.r.l. (AS44477)	1
contabo.net	Contabo GmbH (AS51167)	5
master.cz	MasterDC s.r.o. (AS24971)	1
promi.kz	Contabo GmbH (AS51167)	1
247-hosting.com	ECOMMERCE (AS46597)	1
astana-motors.kz	LLP Kompaniya Hoster.KZ (AS202958)	1
Domain names registrar REG.RU, Ltd	LLC astra Cloud (AS41535)	1
CLOUDFLARENET	StormWall s.r.o. (AS59796)	5
Safenames Ltd.	LLP Kompaniya Hoster.KZ (AS207333)	2
65.6	PS Internet Company LLP (AS48716)	1
ultahost.com	firstcolo GmbH (AS44066)	1
nic.ru	Pq Hosting Plus S.r.l. (AS44477)	1
CLOUDFLARENET	Itglobalcom Rus LLC (AS212675)	1
CLOUDFLARENET	G-Core Labs S.A. (AS202422)	3
Limited Liability Company Vostok On-Line	PS Internet Company LLP (AS48716)	1
ajf.kz	JSC Kazakhtelecom (AS9198)	1
dig.com	JSC Kazakhtelecom (AS50482)	1
ps.kz	JSC Mediasoft ekspert (AS48347)	1
tehnogrup.kz	Arvid Logicum OU (AS202376)	1
JSC Selectel	JSC Selectel (AS50340)	6
TimeWeb LLC	PS Internet Company LLP (AS48716)	1
GOOGLE	GOOGLE (AS15169)	2
nationalbank.kz	OBIT-telecommunications, LLC (AS209665)	1
awsdns-15.org	PS Internet Company LLP (AS48716)	1
foamline.com	FoamLine LLC (AS202508)	1
hoster.kz	Alibaba US Technology Co., Ltd. (AS45102)	1
hostiman.ru	OVH SAS (AS16276)	1
Safenames Ltd.	Hetzner Online GmbH (AS24940)	1
ps.kz	LLC Smart Ape (AS56694)	3
ps.kz	JSC Mastertel (AS29226)	1
ps.kz	M247 Europe SRL (AS9009)	2
MICROSOFT-CORP-MSN-AS-BLOCK	OVH SAS (AS16276)	2
dynu.com	Kcell JSC (AS29355)	1
hostland.ru	Hostland LTD (AS62082)	3
hoster.by	EQU Technologies LLP (AS42447)	2
awsdns-21.org	LLP Kompaniya Hoster.KZ (AS207333)	1
awsdns-52.net	PS Internet Company LLP (AS48716)	1
taraz.kz	JSC Kazakhtelecom (AS9198)	1
awsdns-16.org	Itglobalcom Rus LLC (AS212675)	1
hoster.kz	Jsc ru-center (AS48287)	3
rian.ru	Servicepipe LLC (AS201706)	2
Domain names registrar REG.RU, Ltd	NLS Kazakhstan LLC (AS200590)	2
konina.kz	JSC Kazakhtelecom (AS9198)	1
gohost.kz	Optinet LLP (AS60757)	1
regzone.cz	ZONER a.s. (AS34222)	1
CLOUDFLARENET	Servers Tech Fzco (AS216071)	2
netrik.net	BOLT BVBA (AS206665)	1
nomser.net	PS Internet Company LLP (AS48716)	1
astel Jsc	JSC Kazteleport - subsidiary of Halyk Bank of Kazakhstan (AS51162)	2
CLOUDFLARENET	LLP Internet company First Page (AS215670)	2
relline.ru	Tilda Publishing Ltd. (AS205282)	2
netim.net	Cloudflare London, LLC (AS209242)	1
megagroup.kz	Tilda Publishing Ltd. (AS205282)	1
itmart.uk	LLP Kompaniya Hoster.KZ (AS202958)	1
Akamai International B.V.	PS Internet Company LLP (AS48716)	1
hoster.kz	Kar-Tel LLC (AS35566)	1
CLOUDFLARENET	Freedom Telecom Llp (AS58172)	1
hoster.kz	DataLine24 LLP (AS213217)	4
hoster.kz	AIRNET llc (AS212860)	1
hoster.kg	Hoster kg, Ltd. (AS59684)	3
Host Europe GmbH	Hetzner Online GmbH (AS24940)	1
testconstruction.kz	EQU Technologies LLP (AS42447)	1
zelen.kz	JSC Kazakhtelecom (AS9198)	1
spaceship.net	Tilda Publishing Ltd. (AS205282)	1
platformalp.ru	Tilda Publishing Ltd. (AS205282)	1
ho.kz	Jusan Mobile JSC (AS35104)	2
arconica.kz	PS Internet Company LLP (AS48716)	1
d-net.pro	NLS Kazakhstan LLC (AS200590)	3
bilcom.kz	Network Kazakhstan LLC (AS59583)	1
hoster.kz	SQUARESPACE (AS53831)	3
trueconf.net	PS Internet Company LLP (AS48716)	2
ps.kz	Mobile Telecom-Service LLP (AS48503)	3
MICROSOFT-CORP-MSN-AS-BLOCK	Wix.com Ltd. (AS58182)	2
com.tr	Niobe Telekomunikasyon Bilisim Teknolojileri Yazilim Danismanlik Sanayi ve Ticaret Ltd. Sti. (AS42868)	2
ipcom GmbH	PS Internet Company LLP (AS48716)	2
awsdns-30.net	PS Internet Company LLP (AS48716)	1
ixirhost.com	Iksir Internet Hizmetleri A.S. (AS206991)	3
gksmdns.com	Tilda Publishing Ltd. (AS205282)	1
baev.kz	Jusan Mobile JSC (AS35104)	1
relevate.ru	EuroByte LLC (AS210079)	1
impervasecuredns.net	LLP Kompaniya Hoster.KZ (AS207333)	1
hoster.kz	QazCloud LLP (AS211644)	5
gransy.com	AS-COLOCROSSING (AS36352)	1
ps.kz	Relyef Centr LLC (AS209873)	1
warnerbros.com	LLP Kompaniya Hoster.KZ (AS207333)	1
ps.kz	IQWeb FZ-LLC (AS59692)	4
moskitoff.kz	EQU Technologies LLP (AS42447)	1
krov.kz	JSC Kazakhtelecom (AS9198)	1
hoster.by	LLP Kompaniya Hoster.KZ (AS207333)	2
credital.kz	Jusan Mobile JSC (AS35104)	1
CLOUDFLARENET	SEEWEB s.r.l. (AS12637)	1
polisia.kz	EQU Technologies LLP (AS42447)	1
gohost.kz	CLOUDFLARENET (AS13335)	1
1cloud.ru	PS Internet Company LLP (AS48716)	1
bax.kz	JSC Kazakhtelecom (AS9198)	1
swisscenter.com	PS Internet Company LLP (AS48716)	1
CLOUDFLARENET	VK Tech Kazakhstan LLP (AS201817)	3
sipdc.net	IP Telecom Bulgaria (AS199790)	1
silu.kz	LLP Kompaniya Hoster.KZ (AS207333)	1
awsdns-05.org	AMAZON-02 (AS16509)	1
YANDEX LLC	Smartnet Too (AS43994)	1
iconnet.kz	NLS Kazakhstan LLC (AS200590)	1
Domain names registrar REG.RU, Ltd	Cloud Master LLP (AS205559)	1
125.179	NLS Kazakhstan LLC (AS200590)	1
hoster.kz	First Server Limited (AS204997)	1
stpz.kz	JSC Transtelecom (AS41798)	1
ipcom GmbH	Wurth IT GmbH (AS207481)	1
Domain names registrar REG.RU, Ltd	Edinaya Set Limited Liability Company (AS39134)	2
ladasdomains.com	AMAZON-02 (AS16509)	1
register.it	Register S.p.A. (AS39729)	1
aversus.com	OVH SAS (AS16276)	1
domain.by	Republican Unitary Telecommunication Enterprise Beltelecom (AS6697)	3
mlgroupoil.kz	LLC Smart Ape (AS56694)	1
rozalia.kz	EQU Technologies LLP (AS42447)	1
awsdns-36.net	AMAZON-02 (AS16509)	2
hoster.kz	10G.KZ LLC (AS25534)	3
hoster.kz	National Information Technologies Joint-Stock Company (AS48007)	1
dur.kz	EQU Technologies LLP (AS42447)	1
oblako.kz	KazRENA (AS41419)	1
ltr.kz	Freedom Telecom Llp (AS58172)	1
dn.ua	PS Internet Company LLP (AS48716)	1
CLOUDFLARENET	Beget LLC (AS198610)	2
hoster.kz	Softline Pjsc (AS47723)	1
att.net	UPS (AS12217)	1
shymkent.com	PS Internet Company LLP (AS48716)	1
hoster.kz	Miran Ltd. (AS41722)	1
ekg.kz	JSC Kazakhtelecom (AS9198)	1
cloudns.net	HLL LLC (AS51115)	1
hoster.kz	MTS PJSC (AS209024)	1
activeby.net	Yandex.Cloud LLC (AS200350)	1
YANDEX LLC	Network Kazakhstan LLC (AS59583)	1
promdns.net	LLP Kompaniya Hoster.KZ (AS207333)	1
Internet-Pro LLC	PS Internet Company LLP (AS48716)	1
hoster.kz	JSC Kazteleport - subsidiary of Halyk Bank of Kazakhstan (AS197686)	4
ps.kz	IONOS SE (AS8560)	1
JSC Kazakhtelecom	Domain names registrar REG.RU, Ltd (AS197695)	1
kzibank.kz	JSC Kazakhtelecom (AS50482)	1
zoneedit.com	NLS Kazakhstan LLC (AS200590)	1
awsdns-06.org	JSC Kazteleport - subsidiary of Halyk Bank of Kazakhstan (AS51162)	1
JSC Mastertel	Synergy University (AS35387)	4
goodhost.kz	Domain names registrar REG.RU, Ltd (AS197695)	1
nic.ru	OBIT-telecommunications, LLC (AS43370)	1
vto.kz	PS Internet Company LLP (AS48716)	1
ps.kz	I-servers Ltd (AS209641)	1
LLC VK	Pay 24 Ltd. (AS209918)	1
turandot.kz	JSC Kazakhtelecom (AS9198)	1
gransy.com	PS Internet Company LLP (AS48716)	3
adminvps.net	Ddos-guard Ltd (AS57724)	1
ANEXIA Internetdienstleistungs GmbH	Deutsche Telekom AG (AS3320)	1
hoster.by	PE Fedinyak Sergey Vyacheslavovich (AS203087)	1
quantum.ru	LLP Kompaniya Hoster.KZ (AS202958)	1
123ns.eu	LLP Kompaniya Hoster.KZ (AS207333)	1
nameself.com	JSC Selectel (AS49505)	4
goodhost.kz	PS Internet Company LLP (AS39318)	1
timeweb.org	KKM IT Limited (AS60922)	1
Hangzhou Alibaba Advertising Co.,Ltd.	Alibaba US Technology Co., Ltd. (AS45102)	1
skytelecom.kz	BiKaDa TOO (AS41371)	1
awsdns-22.com	PS Internet Company LLP (AS48716)	1
awsdns-12.net	JSC Kazteleport - subsidiary of Halyk Bank of Kazakhstan (AS51162)	1
a1.net	Nessus GmbH (AS47692)	1
itsfogo.com	Entain Services Austria GmbH (AS13008)	1
PS Internet Company LLP	Kar-Tel LLC (AS21299)	1
hoster.kz	INCAPSULA (AS19551)	2
awsdns-07.net	Hetzner Online GmbH (AS24940)	1
hostmonster.com	UNIFIEDLAYER-AS-1 (AS46606)	1
awsdns-12.net	PS Internet Company LLP (AS48716)	1
EdgeCenter LLC	Domain names registrar REG.RU, Ltd (AS197695)	3
hp.com	LLP Kompaniya Hoster.KZ (AS207333)	2
nameself.com	Domain names registrar REG.RU, Ltd (AS197695)	2
Hetzner Online GmbH	JSC Kazakhtelecom (AS9198)	1
LLC VK	Hetzner Online GmbH (AS24940)	1
awsdns-04.org	AMAZON-02 (AS16509)	2
datacenter.fi	LLP Kompaniya Hoster.KZ (AS202958)	1
LLC VK	Wix.com Ltd. (AS58182)	1
ps.kz	SGN Group Oy (AS198118)	2
cloudns.net	JSC Kazakhtelecom (AS9198)	2
Domain names registrar REG.RU, Ltd	Advanced Solutions LLC (AS57487)	1
leadbros.kz	LLP Kompaniya Hoster.KZ (AS207333)	1
nic.ru	Itglobalcom Kaz Llp (AS57008)	1
abbott.com	Edinaya Set Limited Liability Company (AS39134)	1
CLOUDFLARENET	Apple Technologies LLC (AS47995)	1
lf.net	LLP Kompaniya Hoster.KZ (AS207333)	1
hoster.kz	LIMESTONENETWORKS (AS46475)	1
banquet.kz	JSC Kazakhtelecom (AS9198)	1
hoster.kz	IT-Comm LLP (AS210512)	2
urozhai.kz	Jusan Mobile JSC (AS35104)	1
hoster.kz	Korbank S. A. (AS35179)	1
simplecloud.ru	Tilda Publishing Ltd. (AS205282)	1
Safenames Ltd.	DXC-AS3360 (AS3360)	1
Domain names registrar REG.RU, Ltd	Asiainfo Te (AS8511)	1
Domain names registrar REG.RU, Ltd	Relink LTD (AS56577)	1
CLOUDFLARENET	INSYS LLC (AS28890)	1
ps.kz	Novotelecom Ltd (AS31200)	1
levenhuk.com	EQU Technologies LLP (AS42447)	1
erg.kz	CLOUDFLARENET (AS13335)	1
igo.kz	10G.KZ LLC (AS25534)	1
spaceweb.pro	JSC Kazteleport - subsidiary of Halyk Bank of Kazakhstan (AS51162)	2
timeweb.org	Play2go International Limited (AS215439)	1
dns1dns2dns3.com	OVH SAS (AS16276)	1
gohost.kz	GlobalConnect A/S (AS31027)	1
e-tender.kz	JSC People's Savings Bank Kazakhstan (AS44653)	1
ps.kz	Enflow B.V. (AS209626)	1
sigmaparking.com	Hetzner Online GmbH (AS24940)	1
unknown	PS Internet Company LLP (AS48716)	1
spaceship.net	NAMECHEAP-NET (AS22612)	2
bestcloudserver.us	AS-GLOBALTELEHOST (AS63023)	1
timeweb.org	Adman LLC (AS57494)	1
elkogroup.net	Sabiedriba ar ierobezotu atbildibu DELSKA Latvia (AS12993)	1
hoster.kz	Tencent Building, Kejizhongyi Avenue (AS132203)	1
ps.kz	Prostie Reshenia LLC (AS214729)	1
awsdns-22.net	AMAZON-02 (AS16509)	2
awsdns-19.com	AMAZON-02 (AS16509)	1
CLOUDFLARENET	Net Television Ltd (AS50025)	1
lincore.kz	JSC Kazteleport - subsidiary of Halyk Bank of Kazakhstan (AS51162)	2
namehero.com	NAMEHERO-KCDC (AS399250)	1
repetitor.kz	Haicom Limited (AS48988)	1
awsdns-03.net	AMAZON-02 (AS16509)	1
web-design.kz	Jusan Mobile JSC (AS35104)	2
sigex.kz	LLP Kompaniya Hoster.KZ (AS207333)	1
ps.kz	INSYS LLC (AS28890)	1
MICROSOFT-CORP-MSN-AS-BLOCK	PS Internet Company LLP (AS39318)	1
high-end.kz	JSC Kazakhtelecom (AS9198)	1
ex-in.kz	NLS Kazakhstan LLC (AS200590)	1
hoster.kz	First Credit Bureau LLP (AS210459)	1
CLOUDFLARENET	CloudTek TOO (AS198483)	2
teo.kz	PS Internet Company LLP (AS48716)	1
autograph.kz	JSC Kazakhtelecom (AS9198)	1
uweb.ru	Webhost LLC (AS44094)	1
dnsimple.com	Tilda Publishing Ltd. (AS205282)	1
intelib.org	PS Internet Company LLP (AS48716)	1
triginta.kz	LLP Kompaniya Hoster.KZ (AS207333)	1
Cloud Services Kazakhstan LLP	AMAZON-02 (AS16509)	2
herbal.kz	JSC Kazakhtelecom (AS9198)	1
delphisolutions.info	Liquid Web B.V. (AS201682)	1
loveplanet.ru	Rosbusinessconsulting Jsc (AS20848)	1
CLOUDFLARENET	ORACLE-BMC-31898 (AS31898)	1
kurazh.kz	EQU Technologies LLP (AS42447)	1
abedns.net	Tele2 SWIPnet (AS1257)	1
LLC VK	Jsc ru-center (AS48287)	1
hoster.kz	Webhost LLC (AS44094)	1
cdnetdns.net	Global Cloud Network LLC (AS204720)	1
kustologistics.kz	Tilda Publishing Ltd. (AS205282)	1
EdgeCenter LLC	CLDIN B.V. (AS48635)	2
websupport.sk	Hetzner Online GmbH (AS24940)	1
LLP Kompaniya Hoster.KZ	PS Internet Company LLP (AS48716)	1
ps.kz	SERVERS-COM (AS7979)	1
prolamp.kz	PS Internet Company LLP (AS48716)	2
gohost.kz	Cloudflare London, LLC (AS209242)	1
gransy.com	Volkswagen AG (AS206618)	1
routing.net	PS Internet Company LLP (AS48716)	3
CLOUDFLARENET	netcup GmbH (AS197540)	1
netim.net	Eurofiber France SAS (AS35625)	2
Join-stock company Internet ExchangeMSK-IX	LLP Kompaniya Hoster.KZ (AS207333)	1
slinkdns.net	123NET (AS12129)	1
123ns.de	PS Internet Company LLP (AS48716)	2
Safenames Ltd.	JSC Kazakhtelecom (AS50482)	1
domene.si	PS Internet Company LLP (AS48716)	1
hoster.by	Unitary enterprise A1 (AS205820)	1
dobrohost.net	e-Style ISP LLC (AS20655)	1
p-o.kz	astel Jsc (AS8393)	1
Domain names registrar REG.RU, Ltd	DATAPLANET Ltd. (AS44964)	1
mydental.kz	AMAZON-02 (AS16509)	1
awsdns-10.com	Hetzner Online GmbH (AS24940)	1
ceed.kz	JSC Kazakhtelecom (AS9198)	1
LLC VK	Kar-Tel LLC (AS21299)	2
Academset Ltd	PS Internet Company LLP (AS48716)	3
Miran Ltd.	Miran Ltd. (AS41722)	3
ipcom GmbH	JSC Kazakhtelecom (AS50482)	1
petrosun.kz	PS Internet Company LLP (AS48716)	1
server2jonn22.info	PS Internet Company LLP (AS48716)	1
yandexcloud.net	Cloud Services Kazakhstan LLP (AS208795)	2
co.uk	Tilaa B.V. (AS196752)	1
Jsc ru-center	Lanamar, Ltd. (AS59516)	1
CLOUDFLARENET	Enterprise Cloud Ltd. (AS48096)	6
westasia.ru	LLP Kompaniya Hoster.KZ (AS207333)	2
SECURITYSERVICES	DIGIKEY (AS14738)	1
webhostbox.net	UNIFIEDLAYER-AS-1 (AS46606)	3
ps.kz	data-centr ekaterinburg OOO (AS39741)	1
registrar-servers.com	JSC Kazakhtelecom (AS9198)	2
profitserver.ru	Chelyabinsk-Signal LLC (AS44493)	1
gransy.com	WebSupport s.r.o. (AS51013)	2
Domain names registrar REG.RU, Ltd	MTS PJSC (AS60490)	2
ruweb.net	EuroByte LLC (AS210079)	1
grundfos.com	Grundfos Holding A/s (AS31131)	1
herb.kz	JSC Kazakhtelecom (AS9198)	1
ps.kz	Webdock.io ApS (AS44803)	1
yandexcloud.net	AS-VULTR (AS20473)	1
CLOUDFLARENET	Domain names registrar REG.RU, Ltd (AS197695)	6
packman.kz	JSC Kazakhtelecom (AS9198)	1
YANDEX LLC	dataforest GmbH (AS58212)	1
ps.kz	GlavTel ltd (AS203004)	1
paywb.kz	LLC Wildberries (AS201513)	1
gransy.com	ACTIVE 24, s.r.o. (AS25234)	1
Domain names registrar REG.RU, Ltd	First Server Limited (AS204997)	1
ps.kz	EuroByte LLC (AS210079)	4
hostnet.nl	Signet B.V. (AS35470)	1
Kar-Tel LLC	Kar-Tel LLC (AS21299)	2
ps.kz	Doruk Iletisim ve Otomasyon Sanayi ve Ticaret A.S. (AS8685)	1
artegence.com	PS Internet Company LLP (AS48716)	1
ps.kz	AstanaMegatel Ltd. (AS203481)	1
felenasoft.com	PS Internet Company LLP (AS48716)	1
hoster.kz	Business Network Ltd (AS12406)	1
garage-gps.com	JSC Kazakhtelecom (AS9198)	1
gismeteo.ru	MapMakers Group Ltd (AS203444)	1
elcontech.kz	PS Internet Company LLP (AS48716)	1
48.227	Cloud Services Kazakhstan LLP (AS208795)	1
maskarad.kz	JSC Kazakhtelecom (AS9198)	1
tourservice.kz	JSC Kazakhtelecom (AS50482)	1
atakdomain.com	PS Internet Company LLP (AS48716)	1
yourhostingaccount.com	BIZLAND-SD (AS29873)	1
aspan.kz	Aspan telecom (AS8720)	1
PS Internet Company LLP	Telecom Italia San Marino S.p.A (AS15433)	1
aeserver.com	Bamboozle Web Services MEA FZ-LLC (AS200851)	1
ufo.hosting	Pq Hosting Plus S.r.l. (AS44477)	3
webart.kz	JSC Kazakhtelecom (AS9198)	1
CLOUDFLARENET	EdgeCenter LLC (AS210756)	2
gohost.kz	KKM IT Limited (AS60922)	1
awsdns-24.org	Cloudflare London, LLC (AS209242)	1
Domain names registrar REG.RU, Ltd	Vichislitelniy Centr Ltd. (AS61276)	3
awsdns-08.net	PS Internet Company LLP (AS48716)	1
npck.kz	Republic Governmental Enterprise Kazakhstan Interbank Settlement Centre of National Bank of  (AS43934)	1
akrapovic.si	MICROSOFT-CORP-MSN-AS-BLOCK (AS8075)	1
46.115	JSC Kazteleport - subsidiary of Halyk Bank of Kazakhstan (AS51162)	1
hoster.kz	Itglobalcom Kaz Llp (AS57008)	4
veridyen.com	Veridyen Bilisim Teknolojileri Sanayi ve Ticaret Limited Sirketi (AS209853)	1
netbizde.com	Osbil Technology Ltd. (AS208425)	1
ps.kz	Signal Telecom LLP (AS60930)	1
dtnt.info	PS Internet Company LLP (AS48716)	1
GOOGLE	Hostinger International Limited (AS47583)	1
SCAAM0001	HCL Technologies Sweden AB (AS209236)	2
netbreeze.net	JSC Kazakhtelecom (AS9198)	1
LLC VK	Enterprise Cloud Ltd. (AS48096)	1
bestbuhgalter.kz	PE Fedinyak Sergey Vyacheslavovich (AS203087)	1
markmonitor.com	INCAPSULA (AS19551)	1
SECURITYSERVICES	JSC Kazakhtelecom (AS9198)	1
apbb.kz	PS Internet Company LLP (AS48716)	1
CLOUDFLARENET	Alibaba US Technology Co., Ltd. (AS45102)	1
fastfox.pro	JSC Selectel (AS49505)	1
motocms.com	GOOGLE-CLOUD-PLATFORM (AS396982)	1
ps.kz	MVPS LTD (AS202448)	1
noris.ch	noris network AG (AS12337)	2
smirnoff.kz	PE Fedinyak Sergey Vyacheslavovich (AS203087)	4
CLOUDFLARENET	First Ukrainian Internet Registrar LLC (AS41550)	1
CLOUDFLARENET	MICROSOFT-CORP-MSN-AS-BLOCK (AS8075)	3
hoster.kz	Yedinyye Resheniya LLC (AS215272)	1
homecredit.kz	JSC Kazakhtelecom (AS9198)	2
camo.kz	Jusan Mobile JSC (AS35104)	1
dogtas.kz	JSC Kazakhtelecom (AS9198)	1
iptwins.com	LLP Kompaniya Hoster.KZ (AS207333)	1
metro-ag.com	MICROSOFT-CORP-MSN-AS-BLOCK (AS8075)	1
207.191	Tilda Publishing Ltd. (AS205282)	1
Domain names registrar REG.RU, Ltd	SpaceWeb Ltd (AS44112)	1
shockmedia.nl	Previder B.V. (AS20847)	1
ps.kz	Megagroup.ru LLC (AS60357)	1
awsdns-01.com	JSC Kazakhtelecom (AS9198)	1
iq.pl	Oktawave S.A. (AS42503)	1
Jsc ru-center	Jsc ru-center (AS48287)	1
fastdns.hosting	PS Internet Company LLP (AS48716)	1
Domain names registrar REG.RU, Ltd	ITSOFT LLC (AS48614)	2
hoster.kz	IT Lite LLC (AS51444)	1
CLOUDFLARENET	Fornex Hosting S.L. (AS16003)	1
superpark.kz	JSC Kazakhtelecom (AS9198)	1
sarajan.kz	LLP Kompaniya Hoster.KZ (AS202958)	1
Megahost Kazakhstan TOO	Beget LLC (AS198610)	3
oblako.kz	Emirates Integrated Telecommunications Company PJSC (AS15802)	1
atakdomain.com	Superonline Iletisim Hizmetleri A.S. (AS34984)	1
Beget LLC	Cloudflare London, LLC (AS209242)	1
freehostia.com	LIQUIDNETLTD1 (AS14555)	1
ps.kz	Infomaniak Network SA (AS29222)	1
ipcom GmbH	DIGITALOCEAN-ASN (AS14061)	1
gov.kz	JSC Kazakhtelecom (AS50482)	1
ps.kz	Bank RBK JSC (AS39510)	1
spnel.com	Ddos-guard Ltd (AS57724)	1
fortebank.kz	ForteBank JSC. (AS48502)	1
homebank.kz	Kazakhstan Halyk Bank JSC (AS39433)	1
PS Internet Company LLP	astel Jsc (AS8393)	1
awsdns-13.net	JSC Kazakhtelecom (AS9198)	1
sprinthost.net	LLP Kompaniya Hoster.KZ (AS202958)	1
texer.kz	AMAZON-02 (AS16509)	1
Internet-Pro LLC	Goodhost.KZ LLP (AS211971)	1
domain.tld	Atomdata Jsc (AS199860)	1
abbott.com	JSC Kazakhtelecom (AS50482)	2
postman.kz	Jusan Mobile JSC (AS35104)	1
Domain names registrar REG.RU, Ltd	CLDIN B.V. (AS48635)	1
awsdns-24.com	PS Internet Company LLP (AS48716)	1
kama.kz	Jusan Mobile JSC (AS35104)	1
volvo.com	Volvo Information Technology AB (AS25252)	1
nic.ru	Federal state autonomous institution of higher education Moscow State Institute of Internat (AS211258)	1
ps.kz	Internet Invest, Ltd. (AS25393)	2
dynu.com	PS Internet Company LLP (AS48716)	1
unictech.ru	Data-center IMAQLIQ Ltd. (AS12555)	1
JSC Selectel	Smartnet Too (AS43994)	1
cloudns.net	Kar-Tel LLC (AS21299)	1
awsdns-17.com	AMAZON-02 (AS16509)	1
1cloud.ru	PE Fedinyak Sergey Vyacheslavovich (AS203087)	1
YANDEX LLC	LLC Baxet (AS51659)	1
cafe24.com	Korea Telecom (AS4766)	1
awsdns-01.org	JSC Kazteleport - subsidiary of Halyk Bank of Kazakhstan (AS51162)	1
awsdns-08.com	AMAZON-02 (AS16509)	1
GOOGLE	JSC Kazteleport - subsidiary of Halyk Bank of Kazakhstan (AS51162)	3
ipcom GmbH	Host Europe GmbH (AS21499)	1
awsdns-06.com	PS Internet Company LLP (AS48716)	2
irmc.kz	JSC Kazakhtelecom (AS50482)	1
123ns.de	'ingenit GmbH & Co. KG' (AS57376)	2
JSC Selectel	SpaceWeb Ltd (AS44112)	2
sud.kz	Jusan Mobile JSC (AS35104)	1
esystem.kz	NLS Kazakhstan LLC (AS200590)	2
design.ru	PE Fedinyak Sergey Vyacheslavovich (AS203087)	1
awsdns-15.org	AMAZON-02 (AS16509)	1
ps.kz	LLC Citicom Systems (AS200962)	2
ps.kz	Comfortel Ltd. (AS197968)	4
nat.kz	JSC Kazteleport - subsidiary of Halyk Bank of Kazakhstan (AS51162)	1
ipcom GmbH	EVANZO e-commerce GmbH (AS42730)	1
EQU Technologies LLP	Nls Astana Llp (AS205516)	1
dns1.de	Key-Systems GmbH (AS13246)	4
td-kama.kz	Jusan Mobile JSC (AS35104)	1
tile.kz	JSC Kazakhtelecom (AS9198)	1
metall-service.kz	Jusan Mobile JSC (AS35104)	1
mybank.kz	JSC People's Savings Bank Kazakhstan (AS44653)	1
alvin.kz	PS Internet Company LLP (AS48716)	2
emirates.com	LLP Kompaniya Hoster.KZ (AS207333)	1
ps.kz	FDCSERVERS (AS30058)	1
smsc.kz	Megahost Kazakhstan TOO (AS208450)	1
Hetzner Online GmbH	Tilda Publishing Ltd. (AS205282)	1
fornex.com	PS Internet Company LLP (AS48716)	1
ltcom.ru	Data Storage Center JSC (AS49063)	1
hb.by	Tilda Publishing Ltd. (AS205282)	1
gohost.kz	LLP Kompaniya Hoster.KZ (AS207333)	1
lancloud.kz	LanCloud TOO (AS214748)	1
CLOUDFLARENET	JSC Kazakhtelecom (AS50482)	2
webglobe.sk	Webglobe, s.r.o. (AS29134)	1
ui-dns.biz	IONOS SE (AS8560)	1
cloudns.net	JSC IOT (AS29182)	1
LLC VK	Sprinthost.ru LLC (AS35278)	1
awsdns-16.com	AMAZON-02 (AS16509)	1
gransy.com	Vodafone Czech Republic a.s. (AS16019)	3
tbcenter.kz	PS Internet Company LLP (AS48716)	1
abpx.kz	JSC Kazteleport - subsidiary of Halyk Bank of Kazakhstan (AS51162)	1
dns24.online	Webhost LLC (AS44094)	1
Domain names registrar REG.RU, Ltd	SkyNet Ltd. (AS35807)	1
markmonitor.com	Burda Digital Systems GmbH (AS39218)	1
dnsbycomodo.net	AMAZON-AES (AS14618)	1
ps.kz	First Server Limited (AS205090)	2
akorda.kz	National Information Technologies Joint-Stock Company (AS48007)	1
CLOUDFLARENET	LLC Digital Network (AS12695)	1
linovate.de	Hetzner Online GmbH (AS24940)	2
clodo.ru	IT House, Ltd (AS57010)	1
ps.kz	Odigo SASU (AS8784)	1
xn--80aaaggzq.kz	Jusan Mobile JSC (AS35104)	1
tildadns.kz	Tilda Publishing Ltd. (AS205282)	1
sundayairlines.kz	LLP Kompaniya Hoster.KZ (AS207333)	1
davy.kz	Uplink LLC (AS8200)	1
CLOUDFLARENET	LEASEWEB-USA-WDC (AS30633)	1
ps.kz	KazNIC Organization (AS21282)	2
host.kz	PS Internet Company LLP (AS48716)	1
runetlab.ru	Virtual Dalnegorsk Ltd. (AS48073)	1
fingers.kz	LLP Kompaniya Hoster.KZ (AS207333)	1
hoster.kz	BiKaDa TOO (AS41371)	2
hoster.kz	Iron Hosting Centre LTD (AS216139)	1
3.kz	Tilda Publishing Ltd. (AS205282)	1
CLOUDFLARENET	RAILWAY (AS400940)	2
e-mis.kz	LLP Kompaniya Hoster.KZ (AS207333)	1
awsdns-05.org	PS Internet Company LLP (AS48716)	1
ps.kz	VOYANT (AS5006)	1
endy.kz	PS Internet Company LLP (AS48716)	1
ps.kz	PVimpelCom (AS12543)	1
Megahost Kazakhstan TOO	MICROSOFT-CORP-MSN-AS-BLOCK (AS8075)	1
hoster.kz	Hong Kong Broadband Network Ltd. (AS9269)	1
JSC Kazakhtelecom	Akamai Connected Cloud (AS63949)	1
unknown	Rostelecom (AS24699)	1
ps.kz	SCS-Telecom Ltd. (AS25548)	2
awsdns-44.com	Vocus Connect International Backbone (AS4826)	1
eskiz.uz	Oniks LLC (AS209309)	1
Domain names registrar REG.RU, Ltd	JSC RTComm.RU (AS8342)	1
hoster.kz	Digital System Servis (AS197079)	2
unihost.kz	Megahost Kazakhstan TOO (AS208450)	1
ns-hostoky.net	OVH SAS (AS16276)	1
LLC VK	JSC Kazakhtelecom (AS50482)	2
awsdns-09.com	AMAZON-02 (AS16509)	1
elnhost.com	WHG Hosting Services Ltd (AS14670)	1
MICROSOFT-CORP-MSN-AS-BLOCK	TimeWeb LLC (AS9123)	1
CLOUDFLARENET	Servicepipe LLC (AS201706)	1
PS Internet Company LLP	Ctc Astana Ltd (AS41007)	1
cloudns.net	G-Core Labs S.A. (AS202422)	1
ahost.uz	UZSCINET (AS31492)	4
gkamega.com	JSC Kazteleport - subsidiary of Halyk Bank of Kazakhstan (AS51162)	5
ns-tech-ns.com	Scaleway S.a.s. (AS12876)	1
ucloud.kz	TimeWeb LLC (AS9123)	1
a37.kz	PS Internet Company LLP (AS48716)	1
nitec.kz	PS Internet Company LLP (AS48716)	1
genial.kz	EQU Technologies LLP (AS42447)	1
rzhosting.net	Vodafone GmbH (AS3209)	1
accessnet.kz	Tilda Publishing Ltd. (AS205282)	1
PS Internet Company LLP	GOOGLE-CLOUD-PLATFORM (AS396982)	1
metex.kz	JSC Kazakhtelecom (AS9198)	1
CLOUDFLARENET	Akamai Connected Cloud (AS63949)	1
awsdns-03.org	PS Internet Company LLP (AS48716)	1
YANDEX LLC	MICROSOFT-CORP-MSN-AS-BLOCK (AS8075)	1
SECURITYSERVICES	ANEXIA Internetdienstleistungs GmbH (AS42473)	1
nic.kz	KazNIC Organization (AS21282)	4
placemark.kz	PS Internet Company LLP (AS48716)	2
efpk.kz	JSC Kazakhtelecom (AS9198)	1
awsdns-20.org	AMAZON-02 (AS16509)	1
kodak.com	LLP Kompaniya Hoster.KZ (AS207333)	1
amw.kz	JSC Kazakhtelecom (AS9198)	1
astel Jsc	LLP Kompaniya Hoster.KZ (AS202958)	1
foundationdns.com	CLOUDFLARENET (AS13335)	1
tabdigital.eu	Tilda Publishing Ltd. (AS205282)	1
CLOUDFLARENET	Cizgi Telekomunikasyon Anonim Sirketi (AS34619)	2
hoster.kz	Network Kazakhstan LLC (AS59583)	1
gransy.com	Keyweb AG (AS31103)	1
oblako.kz	JSC Kazakhtelecom (AS9198)	3
perf1.com	MICROSOFT-CORP-MSN-AS-BLOCK (AS8075)	1
ps.kz	TOO Platinum Telecom (AS51192)	1
alltrades.site	Hostkey B.v. (AS57043)	1
avonet.cz	AMAZON-02 (AS16509)	1
abcproductions.rs	United Internet Ltd. (AS207604)	1
ps.kz	SpaceWeb Ltd (AS44112)	1
Domain names registrar REG.RU, Ltd	Rostelecom (AS12846)	2
hostenko.name	AS-GLOBALTELEHOST (AS63023)	1
ultrastar.ru	SkyNet Ltd. (AS35807)	1
JSC Kazakhtelecom	Bazovaya Set LLP (AS43873)	1
nameself.com	Akamai Connected Cloud (AS63949)	1
digal.kz	Ctc Astana Ltd (AS41007)	1
kstu.kz	Non-profit joint-stock company Karaganda technical University (AS207507)	2
Domain names registrar REG.RU, Ltd	Zomro B.V. (AS204601)	1
nv.kz	Bazovaya Set LLP (AS43873)	1
JSC IOT	Nls Astana Llp (AS205516)	1
Megahost Kazakhstan TOO	AMAZON-AES (AS14618)	1
my-bank.kz	JSC People's Savings Bank Kazakhstan (AS44653)	1
YANDEX LLC	Yandex.Cloud LLC (AS200350)	3
hoster.kz	SpaceWeb Ltd (AS44112)	1
PS Internet Company LLP	INCAPSULA (AS19551)	1
hdel.kz	PS Internet Company LLP (AS39318)	1
cloudmcn.ru	It-grad Too (AS212189)	1
prudnikov.kz	LLP Kompaniya Hoster.KZ (AS202958)	2
noxhost.ru	Data Storage Center JSC (AS49063)	1
EuroByte LLC	LLC Smart Ape (AS56694)	1
unknown	HOSTING-SOLUTIONS (AS14576)	1
yml.kz	JSC Kazakhtelecom (AS9198)	1
prospectech.kz	EQU Technologies LLP (AS42447)	1
domain.tld	Tngnet B.v. (AS39521)	1
timeweb.org	Sprinthost.ru LLC (AS35278)	1
smart-host.kz	JSC Kazakhtelecom (AS9198)	1
hsdrn.ru	Internet Technologies LLC (AS44310)	1
net.tr	Netinternet Bilisim Teknolojileri AS (AS51559)	1
eagent.kz	Eurasia Insurance JSC (AS204514)	1
websitewelcome.com	NETWORK-SOLUTIONS-HOSTING (AS19871)	1
hoster.kz	Sprinthost.ru LLC (AS35278)	2
itsg.kz	LLP Kompaniya Hoster.KZ (AS207333)	1
invivo.kz	Kar-Tel LLC (AS21299)	1
teamviewer.com	ANEXIA Internetdienstleistungs GmbH (AS42473)	1
profiwh.com	PS Internet Company LLP (AS48716)	1
network.kz	Jusan Mobile JSC (AS35104)	1
exin.kz	NLS Kazakhstan LLC (AS200590)	1
ps.kz	Hostkey B.v. (AS50867)	1
abaiuniver.kz	JSC Kazakhtelecom (AS9198)	2
timeweb.org	ASNET (AS26383)	1
1pr.ru	LLP Kompaniya Hoster.KZ (AS207333)	1
vip.nl	CLDIN B.V. (AS48635)	1
JSC Kazakhtelecom	MICROSOFT-CORP-MSN-AS-BLOCK (AS8075)	2
helix.kz	Enterprise Cloud Ltd. (AS48096)	1
oblako.kz	AMAZON-02 (AS16509)	1
cate.kz	PS Internet Company LLP (AS48716)	1
gransy.com	Webglobe, s.r.o. (AS29134)	1
hoster.kz	BTcom Infocommunications Ltd. (AS41124)	1
MICROSOFT-CORP-MSN-AS-BLOCK	Megahost Kazakhstan TOO (AS208450)	2
Kar-Tel LLC	Bazovaya Set LLP (AS43873)	1
Synergy University	PE Fedinyak Sergey Vyacheslavovich (AS203087)	1
hoster.kz	VSHosting s.r.o. (AS43541)	1
acss.kz	Jusan Mobile JSC (AS35104)	1
stilux.com	JSC Selectel (AS49505)	1
vcdn.biz	LLP Kompaniya Hoster.KZ (AS207333)	1
think-big.kz	Enterprise Cloud Ltd. (AS48096)	1
Hostpoint AG	LLP Kompaniya Hoster.KZ (AS207333)	1
hostens.com	UAB Interneto vizija (AS212531)	1
ps.kz	Business & Technology Services LLP (AS43215)	1
nic.ru	Cloud Services Kazakhstan LLP (AS208795)	1
streaming.kz	JSC Kazakhtelecom (AS9198)	1
profi.ru	Haicom Limited (AS48988)	1
PS Internet Company LLP	KazRENA (AS41419)	1
domain-hosting.name	Hetzner Online GmbH (AS24940)	1
gohost.kz	Contabo GmbH (AS51167)	1
timeweb.org	OBIT-telecommunications, LLC (AS43370)	1
unihost.kz	AMAZON-02 (AS16509)	1
cloudns.net	Jusan Mobile JSC (AS35104)	1
hostsila.com	Atman Sp. z o.o. (AS24723)	1
yourhostingaccount.com	Jusan Mobile JSC (AS35104)	1
awsdns-34.org	OVH SAS (AS16276)	1
netflix.net	AMAZON-02 (AS16509)	1
cloudns.net	OVH SAS (AS16276)	1
voip.kz	Network Kazakhstan LLC (AS59583)	1
awsdns-08.net	AMAZON-02 (AS16509)	2
cyberfolks.pl	Cyber_Folks S.A. (AS41079)	1
ps.kz	PPP Internetdienstleistungen GmbH (AS8687)	1
PS Internet Company LLP	EuroByte LLC (AS210079)	1
hoster.kz	LLC VK (AS47764)	2
hoster.kz	Hostkey B.v. (AS57043)	1
fluidra.kz	EQU Technologies LLP (AS42447)	1
HURRICANE	JSC Transtelecom (AS41798)	1
Host Europe GmbH	Strato GmbH (AS6724)	1
dne.kz	NLS Kazakhstan LLC (AS200590)	2
PS Internet Company LLP	OBIT-telecommunications, LLC (AS43370)	1
printworld.kz	PS Internet Company LLP (AS48716)	1
id-prime.kz	JSC Kazakhtelecom (AS9198)	1
nazim.kz	PS Internet Company LLP (AS48716)	2
kdvm.ru	LLC KDV Grupp (AS62382)	1
awsdns-10.com	AMAZON-02 (AS16509)	2
mosquitoff.kz	EQU Technologies LLP (AS42447)	1
plastworld.kz	PS Internet Company LLP (AS48716)	1
kundelik.kz	National Information Technologies Joint-Stock Company (AS15549)	1
PS Internet Company LLP	Its Integra SAS (AS8723)	1
timeweb.org	Icewood LLC (AS201119)	1
bigcommerce.com	BIGCOMMERCE (AS399566)	1
tipsport.cz	Tipsport.net a.s. (AS206613)	1
reserver.ru	Hetzner Online GmbH (AS24940)	1
PS Internet Company LLP	TIM (AS20746)	1
hoster.kz	AST Group Capital TOO (AS210195)	1
Join-stock company Internet ExchangeMSK-IX	AMAZON-02 (AS16509)	1
awsdns-32.net	AMAZON-02 (AS16509)	1
easydns.ca	NETWORK-SOLUTIONS-HOSTING (AS19871)	1
gomydns.com	AMAZON-02 (AS16509)	1
hoster.kz	Technodom Operator JSC (AS62394)	1
verinomidns.com	Tilda Publishing Ltd. (AS205282)	1
nhl.kz	JSC Kazakhtelecom (AS9198)	1
netteam.it	PS Internet Company LLP (AS48716)	1
prokuror.kz	Satti Telecom LLC (AS31525)	1
LLC VK	OVH SAS (AS16276)	1
HURRICANE	JSC Kazakhtelecom (AS9198)	1
nic.ru	Yandex.Cloud LLC (AS200350)	2
ns-sec.com	LeaseWeb Netherlands B.V. (AS60781)	1
superhosting.bg	SuperHosting.BG Ltd. (AS201200)	1
TimeWeb LLC	LLP Kompaniya Hoster.KZ (AS202958)	1
CLOUDFLARENET	Telenor Norge AS (AS2119)	1
org.ua	Hetzner Online GmbH (AS24940)	1
cscudns.com	It-grad Too (AS212189)	1
host-pro.kz	KKM IT Limited (AS60922)	1
kob.kz	JSC Kazakhtelecom (AS9198)	1
hoster.kz	Optimizely AB (AS30811)	1
timeweb.org	Megasvyaz LLC (AS34602)	1
nic.ru	Nls Astana Llp (AS205516)	1
edinos.ru	JSC Kazteleport - subsidiary of Halyk Bank of Kazakhstan (AS51162)	1
ps.kz	HUAWEI CLOUDS (AS136907)	1
hoster.kz	Beyond.pl sp. z o.o. (AS31229)	1
ps.kz	StackNet Service, LLC (AS16083)	1
mobirisesite.com	AMAZON-AES (AS14618)	1
spav.kz	PS Internet Company LLP (AS48716)	1
ps.kz	LIMESTONENETWORKS (AS46475)	1
rackcorp.com	RackCorp (AS56038)	1
ps.kz	AS-GLOBALTELEHOST (AS63023)	1
domosquare.com	PT. Cybertechtonic Pratama (AS131745)	2
eximbank.kz	Smartnet Too (AS43994)	1
180.224	PS Internet Company LLP (AS48716)	1
ferroli.lv	Garmtech Lp (AS43108)	1
SECURITYSERVICES	AMAZON-02 (AS16509)	3
ps.kz	Mt Finance LLC (AS214822)	2
nic.ru	JSC RetnNet (AS57304)	1
CLOUDFLARENET	NETWORK-SOLUTIONS-HOSTING (AS19871)	1
CLOUDFLARENET	D-Cloud LLC (AS202293)	1
YANDEX LLC	OBIT-telecommunications, LLC (AS43370)	1
awsdns-11.com	PS Internet Company LLP (AS48716)	2
Domain names registrar REG.RU, Ltd	AMAZON-AES (AS14618)	1
altainews.kz	JSC Kazakhtelecom (AS9198)	1
fortebank.com	ForteBank JSC. (AS48502)	1
palax.site	Domain names registrar REG.RU, Ltd (AS49352)	1
merlion.ru	LLC Citilink (AS206904)	1
wbind.com	Sabiedriba ar ierobezotu atbildibu DELSKA Latvia (AS12993)	1
awsdns-01.net	AMAZON-02 (AS16509)	1
elithosting.com	Teknet Yazlim Ve Bilgisayar Teknolojileri (AS57152)	1
ps.kz	Orange Polska Spolka Akcyjna (AS5617)	1
hostiq.ua	PE Skurykhin Mukola Volodumurovuch (AS56851)	1
awsdns-07.net	LLP Kompaniya Hoster.KZ (AS207333)	1
ps.kz	Hoster kg, Ltd. (AS59684)	1
MICROSOFT-CORP-MSN-AS-BLOCK	SVA System Vertrieb Alexander GmbH (AS213162)	1
hoster.kz	TOO Metro Net (AS41800)	1
zahid.host	Pq Hosting Plus S.r.l. (AS44477)	1
hoster.kz	Deutsche Telekom AG (AS3320)	1
taxtelecom.net	Kar-Tel LLC (AS21299)	2
site.pro	LLP Kompaniya Hoster.KZ (AS207333)	1
YANDEX LLC	First Credit Bureau LLP (AS210459)	1
roxtec.com	Roxtec International AB (AS207538)	1
unihost.kz	PS Internet Company LLP (AS48716)	1
siteboost.kz	EQU Technologies LLP (AS42447)	1
westernunion.com	LLP Kompaniya Hoster.KZ (AS207333)	1
afraid.org	BTcom Infocommunications Ltd. (AS41124)	1
gridnine.ru	HLL LLC (AS51115)	1
oblako.kz	NLS Kazakhstan LLC (AS200590)	1
nlrk.kz	JSC Kazakhtelecom (AS9198)	2
manrev.net	AMAZON-02 (AS16509)	1
cloudns.net	Hostinger International Limited (AS47583)	1
GOOGLE	Cizgi Telekomunikasyon Anonim Sirketi (AS34619)	1
studio-moderna.com	PS Internet Company LLP (AS48716)	1
tumargroup.kz	Kar-Tel LLC (AS35566)	1
home-support.kz	EQU Technologies LLP (AS42447)	1
en.kz	astel Jsc (AS8393)	1
servercore.com	IQWeb FZ-LLC (AS59692)	1
hoster.kz	ALFA TELECOM s.r.o. (AS44546)	1
GOOGLE	Hetzner Online GmbH (AS24940)	1
engineer.io	Virgin Media (AS5089)	1
setty.kz	Tensor Company Ltd (AS215055)	1
gohost.kz	Hostland LTD (AS62082)	1
21.21	AMAZON-02 (AS16509)	1
forpsi.cz	INTERNET CZ, a.s. (AS24806)	1
gohost.kz	PS Internet Company LLP (AS39318)	1
domainparking.ru	PS Internet Company LLP (AS48716)	1
qrcode.kz	LLP Kompaniya Hoster.KZ (AS202958)	1
latongroup.kz	JSC Kazakhtelecom (AS50482)	1
websahibi.com	ADEOXTECH (AS397563)	1
hoster.kz	Kar-Tel LLC (AS42770)	1
ps.kz	Hosting Ukraine LTD (AS200000)	1
placemark.ru	PS Internet Company LLP (AS48716)	1
JSC Kazakhtelecom	IS-AS-1 (AS19318)	1
eans.kz	NLS Kazakhstan LLC (AS200590)	1
pnhz.kz	JSC Kazakhtelecom (AS50482)	1
unknown	JSC Selectel (AS49505)	1
nic.kz	Nls Astana Llp (AS205516)	1
ps.kz	Next Start Srl (AS206382)	1
awsdns-14.com	PS Internet Company LLP (AS48716)	1
JSC Selectel	DIGITALOCEAN-ASN (AS14061)	1
Beget LLC	JSC Selectel (AS49505)	3
CLOUDFLARENET	Republican Unitary Telecommunication Enterprise Beltelecom (AS6697)	1
PS Internet Company LLP	Itglobal.com Nl B.v. (AS208951)	1
as.kz	LLP Kompaniya Hoster.KZ (AS202958)	1
slweb.cloud	PS Internet Company LLP (AS48716)	1
Domain names registrar REG.RU, Ltd	LLC VK (AS47764)	2
YANDEX LLC	Scaleway S.a.s. (AS12876)	1
YANDEX LLC	Keyweb AG (AS31103)	1
fimgohost.com	Hetzner Online GmbH (AS24940)	1
LLC VK	DIGITALOCEAN-ASN (AS14061)	1
primerent.kz	EQU Technologies LLP (AS42447)	1
kriweb.com	Dorabase Veri Merkezi Hizmetleri A.S. (AS48737)	1
timeweb.org	Pq Hosting Plus S.r.l. (AS44477)	1
Host Europe GmbH	LLP Kompaniya Hoster.KZ (AS207333)	1
nic.ru	CLOUDFLARENET (AS13335)	3
mwebdns.de	IS-AS-1 (AS19318)	1
JSC Kazakhtelecom	Nls Astana Llp (AS205516)	1
basel.kz	PS Internet Company LLP (AS48716)	1
icross.kz	JSC Kazakhtelecom (AS9198)	1
buzachi.kz	Buzachi Operating Ltd. (AS48450)	1
hoster.kz	AltusHost B.V. (AS51430)	1
ps.kz	netcup GmbH (AS197540)	1
itglobal.com	Itglobalcom Rus LLC (AS209974)	1
yandexcloud.net	Company Uraltranskom Ltd. (AS34561)	2
beielectro.kz	NLS Kazakhstan LLC (AS200590)	1
lexa.kz	JSC Kazakhtelecom (AS9198)	1
awsdns-24.net	PS Internet Company LLP (AS48716)	1
SECURITYSERVICES	Eurosport SAS (AS21094)	2
Hetzner Online GmbH	ORACLE-BMC-31898 (AS31898)	1
timeweb.org	edgeam LLC (AS201589)	1
73.115	EQU Technologies LLP (AS42447)	1
ps.kz	BiKaDa TOO (AS41371)	1
hoster.kz	Hosting Ukraine LTD (AS200000)	1
OVH SAS	HOSTING-SOLUTIONS (AS14576)	1
astana-motors.kz	JSC Kazteleport - subsidiary of Halyk Bank of Kazakhstan (AS51162)	1
kbm.kz	PS Internet Company LLP (AS48716)	1
PS Internet Company LLP	IPLUS LLC (AS43060)	1
maxat.kz	Jusan Mobile JSC (AS35104)	1
YANDEX LLC	GOOGLE-CLOUD-PLATFORM (AS396982)	3
awsdns-04.org	Itglobalcom Rus LLC (AS212675)	1
newmessage.kz	Hetzner Online GmbH (AS24940)	1
gfss.kz	Jusan Mobile JSC (AS35104)	1
dush.kz	JSC Kazakhtelecom (AS9198)	1
aq-shop.kz	LLP Kompaniya Hoster.KZ (AS202958)	1
hoster.by	Goodhost.KZ LLP (AS211971)	1
ultrastar.ru	ScPA Starline LLC (AS201511)	1
Hetzner Online GmbH	LLP Kompaniya Hoster.KZ (AS202958)	3
ps.kz	IPXO (AS834)	2
gransy.com	Bluewin (AS3303)	1
awsdns-07.net	AMAZON-02 (AS16509)	1
degussa.de	Evonik Industries AG (AS12422)	1
EuroByte LLC	Tilda Publishing Ltd. (AS205282)	1
berlin.kz	JSC Kazakhtelecom (AS9198)	1
PS Internet Company LLP	LeaseWeb Netherlands B.V. (AS60781)	1
OVH SAS	Goodhost.KZ LLP (AS211971)	2
awsdns-09.com	Hetzner Online GmbH (AS24940)	1
cancom-mase.com	HLL LLC (AS51115)	1
gransy.com	AMAZON-02 (AS16509)	2
hoster.kz	Solutions Factory Ltd. (AS49393)	1
expert-service.kz	Jusan Mobile JSC (AS35104)	1
NSONE	PE Fedinyak Sergey Vyacheslavovich (AS203087)	1
digicertdns.com	DIGITALOCEAN-ASN (AS14061)	1
ps.kz	UAB Bartus pro (AS51107)	1
almeva.cz	DIGITALOCEAN-ASN (AS14061)	1
pilates.kz	JSC Kazakhtelecom (AS9198)	1
tevapharm.com	LLP Kompaniya Hoster.KZ (AS207333)	1
VITAL-DNS	JSC Kazakhtelecom (AS9198)	1
nv.kz	PE Fedinyak Sergey Vyacheslavovich (AS203087)	1
kmg.kz	QazCloud LLP (AS211644)	1
crypto.kz	NLS Kazakhstan LLC (AS200590)	1
ps.kz	NAMECHEAP-NET (AS22612)	1
orangehost.com	ORANGEHOST (AS19853)	1
CLOUDFLARENET	Cloud Master LLP (AS205559)	1
awsdns-16.org	AMAZON-02 (AS16509)	1
unknown	Hetzner Online GmbH (AS24940)	1
cloudns.net	JSC Kazteleport - subsidiary of Halyk Bank of Kazakhstan (AS51162)	2
ps.kz	Serverio technologijos MB (AS212872)	1
Beget LLC	M247 Europe SRL (AS9009)	2
cargo-system.kz	LLP Kompaniya Hoster.KZ (AS202958)	1
wsus.	Jusan Mobile JSC (AS35104)	1
Domain names registrar REG.RU, Ltd	OOO VPS (AS200487)	1
it-grad.com	It-grad Too (AS212189)	1
gamma.kz	PS Internet Company LLP (AS48716)	1
awsdns-06.com	LLP Kompaniya Hoster.KZ (AS207333)	1
ozon.ru	LLC Internet Solutions (AS44386)	1
sko.kz	Kar-Tel LLC (AS21299)	1
netim.net	PE Fedinyak Sergey Vyacheslavovich (AS203087)	1
dnspod.net	Alibaba US Technology Co., Ltd. (AS45102)	1
ovh.net	Contabo GmbH (AS51167)	1
bosch.de	LLP Kompaniya Hoster.KZ (AS207333)	1
GOOGLE	TVH Parts Holding NV (AS210444)	1
LLC VK	velia.net Internetdienste GmbH (AS29066)	1
com.tr	Netinternet Bilisim Teknolojileri AS (AS51559)	1
JSC BankCenterCredit	PS Internet Company LLP (AS48716)	1
colaba.kz	PS Internet Company LLP (AS48716)	1
ps.kz	OKKO LLC (AS211609)	1
hoster.kz	Servicepipe LLC (AS201706)	1
pts.kz	LLP Kompaniya Hoster.KZ (AS202958)	1
JSC Kazakhtelecom	WNET (AS1820)	1
tekrom.com	Hetzner Online GmbH (AS24940)	1
bmshop5.ru	PS Internet Company LLP (AS48716)	1
lmusic.kz	JSC Selectel (AS49505)	1
webspace.uz	Arsenal D Ltd. (AS210390)	1
thundercloud.uk	Awareness Software Limited (AS34931)	1
vscale.io	PE Fedinyak Sergey Vyacheslavovich (AS203087)	1
mijndomein.nl	Cizgi Telekomunikasyon Anonim Sirketi (AS34619)	1
nic.ru	Itglobalcom Rus LLC (AS212675)	1
smartnet.kz	PS Internet Company LLP (AS48716)	1
ps.kz	Hostkey B.v. (AS57043)	2
west-hoster.by	PS Internet Company LLP (AS48716)	1
kasperskylabs.net	LLP Kompaniya Hoster.KZ (AS207333)	1
optimed.kz	Freedom Telecom Llp (AS58172)	1
ergonet-dns.com	Aruba S.p.A. (AS31034)	1
Domain names registrar REG.RU, Ltd	Storm Networks LLC (AS43298)	1
awsdns-09.org	AMAZON-02 (AS16509)	1
gransy.com	Telekom Austria (AS8447)	1
Akamai International B.V.	MICROSOFT-CORP-MSN-AS-BLOCK (AS8075)	1
nag.kz	NLS Kazakhstan LLC (AS200590)	1
unihost.kz	LLP Kompaniya Hoster.KZ (AS202958)	1
rumett.ru	JSC IOT (AS29182)	1
intourist.kz	AMT GROUP TELECOM Limited Liability Company (AS9110)	1
UNIFIEDLAYER-AS-1	NETWORK-SOLUTIONS-HOSTING (AS19871)	1
start-dns.de	Tilda Publishing Ltd. (AS205282)	2
ps.kz	Scaleway S.a.s. (AS12876)	1
LLC VK	China Unicom Beijing Province Network (AS4808)	1
Jsc ru-center	Itglobalcom Rus LLC (AS212675)	1
citicom.kz	LLC Citicom Systems (AS200962)	1
hoster.kz	Network Kazakhstan LLC (AS60411)	1
awsdns-04.com	JSC Kazakhtelecom (AS9198)	1
ps.kz	Megasvyaz LLC (AS34602)	1
otdushi.kz	PE Fedinyak Sergey Vyacheslavovich (AS203087)	1
water.kz	Domain names registrar REG.RU, Ltd (AS197695)	1
timeweb.org	Wix.com Ltd. (AS58182)	1
abpx.kz	NLS Kazakhstan LLC (AS200590)	1
tior.kz	EQU Technologies LLP (AS42447)	1
qoldau.kz	JSC Kazakhtelecom (AS9198)	1
Webhost LLC	JSC Kazteleport - subsidiary of Halyk Bank of Kazakhstan (AS51162)	1
barvanet.kz	LLP Kompaniya Hoster.KZ (AS202958)	1
Domain names registrar REG.RU, Ltd	LLC Digital Network (AS12695)	1
ps.kz	Limited Liability Company Vostok On-Line (AS41284)	1
regzone.cz	SH.cz s.r.o. (AS39392)	1
OVH SAS	AMAZON-02 (AS16509)	1
CLOUDFLARENET	Ddos-guard Ltd (AS57724)	1
rexant.kz	TimeWeb LLC (AS9123)	1
variomedia.de	ScaleUp Technologies GmbH & Co. KG (AS29014)	2
telekom.at	Telekom Austria (AS8447)	1
hoster.kz	M-TELECOM S. de R.L. (AS214172)	1
hoster.kz	Academset Ltd (AS25349)	1
Domain names registrar REG.RU, Ltd	Ddos-guard Ltd (AS57724)	1
bitmex.network	LLP Kompaniya Hoster.KZ (AS207333)	1
ans.kz	PS Internet Company LLP (AS48716)	1
wfolio.ru	Haicom Limited (AS48988)	1
MICROSOFT-CORP-MSN-AS-BLOCK	Enterprise Cloud Ltd. (AS48096)	1
YANDEX LLC	Rostelecom (AS8570)	1
240.93	CLOUDFLARENET (AS13335)	1
serv-tech.ru	ServTech LTD (AS208626)	1
MICROSOFT-CORP-MSN-AS-BLOCK	Cloudflare London, LLC (AS209242)	1
CLOUDFLARENET	Nova Cloud LLP (AS214789)	2
cspf.kz	EQU Technologies LLP (AS42447)	1
CLOUDFLARENET	NKtelecom INC (AS216475)	1
ps.kz	Vercom S.A. (AS42945)	1
AMAZON-02	HALLAG Kommunal GmbH (AS34347)	1
nurbank.kz	PS Internet Company LLP (AS48716)	1
dee.kz	EQU Technologies LLP (AS42447)	1
synology.com	AMAZON-02 (AS16509)	1
awsdns-12.com	PS Internet Company LLP (AS48716)	1
Kar-Tel LLC	PS Internet Company LLP (AS48716)	1
nic.ru	Aktsiaselts WaveCom (AS34702)	1
hoster.kz	Data Storage Center JSC (AS49063)	1
comfortel.pro	Comfortel Ltd. (AS56534)	1
gentlemenspa.kz	EQU Technologies LLP (AS42447)	1
irenta.kz	EQU Technologies LLP (AS42447)	1
5server.kz	PS Internet Company LLP (AS48716)	1
rumex.ru	LLP Kompaniya Hoster.KZ (AS207333)	1
gransy.com	Deutsche Telekom AG (AS3320)	2
imserver.ru	System Service Ltd. (AS50448)	1
yagody.kz	JSC Kazakhtelecom (AS9198)	1
hoster.kz	Too b-tel (AS61367)	1
JSC Kazakhtelecom	TTK LLP (AS208448)	1
it-integrator.kz	PS Internet Company LLP (AS48716)	1
you-online-dns.net	Okay-Telecom Ltd. (AS199669)	1
10g.kz	10G.KZ LLC (AS25534)	1
adminvps.net	LLP Kompaniya Hoster.KZ (AS202958)	1
nol.kz	JSC Kazakhtelecom (AS9198)	1
YANDEX LLC	EuroByte LLC (AS210079)	2
mytech.kz	EQU Technologies LLP (AS42447)	1
ps.kz	MasterDC s.r.o. (AS24971)	1
hoster.kz	FOP Hornostay Mykhaylo Ivanovych (AS212913)	1
sng.kz	JSC Kazakhtelecom (AS9198)	1
kurator.kz	JSC Kazakhtelecom (AS9198)	1
celebrity.kz	JSC Kazakhtelecom (AS9198)	1
gransy.com	Team Internet AG (AS61969)	1
tevapharm.com	Newserverlife LLC (AS49791)	1
ps.kz	TOO Davion (AS203886)	1
awsdns-03.net	AMAZON-AES (AS14618)	1
ig.kz	JSC IOT (AS29182)	2
sekret.kz	JSC Kazakhtelecom (AS9198)	1
ps.kz	On Q (AS7594)	1
kpo.kz	MICROSOFT-CORP-MSN-AS-BLOCK (AS8075)	1
dg.kz	Kazakhstan Network Communication LLP (AS58289)	1
gransy.com	INTAC Services GmbH (AS44076)	1
is-fun.net	Deutsche Telekom AG (AS3320)	2
thai.kz	JSC Kazakhtelecom (AS9198)	1
PS Internet Company LLP	Dinova Srl (AS200760)	2
ensoft.kz	JSC Kazakhtelecom (AS9198)	1
hoster.kz	IT-Develop DOO (AS211211)	1
ztlc.kz	Secure Telecommunication LLC (AS43740)	1
YANDEX LLC	AdminVPS OOO (AS211642)	3
aidai.kz	LLP Kompaniya Hoster.KZ (AS202958)	1
hoster.kz	WII (AS32097)	1
awsdns-13.org	SERVERS-COM (AS7979)	1
cloudoon.com	truehostcloud (AS329278)	1
emuseum.kz	JSC Kazakhtelecom (AS9198)	1
Beget LLC	EuroByte LLC (AS210079)	1
co.uk	PS Internet Company LLP (AS48716)	1
PS Internet Company LLP	Tov Host Vds (AS57682)	1
lfstrm.tv	Lifestream Kazakhstan LLP (AS215360)	1
badoo.com	LLP Kompaniya Hoster.KZ (AS207333)	1
Akamai International B.V.	Karbil Yazilim Ve Bilisim Teknolojileri Tic. A.s. (AS43231)	1
gohost.kz	Internet Invest, Ltd. (AS25393)	1
Megahost Kazakhstan TOO	Jusan Mobile JSC (AS35104)	1
levita-dns.eu	GOOGLE-CLOUD-PLATFORM (AS396982)	1
awsdns-29.org	Tilda Publishing Ltd. (AS205282)	1
poplavok.kz	Tilda Publishing Ltd. (AS205282)	1
hoster.kz	LLC Digital Network (AS12695)	1
timeweb.org	Haicom Limited (AS48988)	1
CLOUDFLARENET	Fiord Networks, UAB (AS28917)	1
PS Internet Company LLP	Enterprise Cloud Ltd. (AS48096)	1
akvarel.kz	JSC Kazakhtelecom (AS9198)	1
gohost.kz	Nls Astana Llp (AS205516)	1
JSC Kazakhtelecom	JSC Kazteleport - subsidiary of Halyk Bank of Kazakhstan (AS197686)	1
gohost.kz	Onur Ekren (AS203576)	1
utsrus.com	Comfortel Ltd. (AS56534)	1
OVH SAS	TimeWeb LLC (AS9123)	1
MICROSOFT-CORP-MSN-AS-BLOCK	GOOGLE-CLOUD-PLATFORM (AS396982)	1
ps.kz	GOOGLE-2 (AS19527)	1
PS Internet Company LLP	Goodhost.KZ LLP (AS211971)	1
gohost.kz	Biz Telecom LLC (AS197453)	1
hoster.kz	Hosting technology LTD (AS48282)	2
ps.kz	KrasPromStroy, LLC (AS12737)	1
1.	KKM IT Limited (AS60922)	1
los.kz	JSC Kazakhtelecom (AS9198)	1
1cloud.ru	JSC IOT (AS29182)	1
EuroByte LLC	TimeWeb LLC (AS9123)	1
Domain names registrar REG.RU, Ltd	Hostland LTD (AS62082)	1
fornex.com	LLP Kompaniya Hoster.KZ (AS207333)	1
co.uk	CCSI-AS (AS40593)	1
namehunter.ru	PS Internet Company LLP (AS48716)	1
zepter.kz	It-grad Too (AS212189)	1
AB Tetra Pak	AMAZON-02 (AS16509)	1
cloudns.net	LLP Kompaniya Hoster.KZ (AS207333)	1
azhs.kz	JSC Kazakhtelecom (AS9198)	1
CLOUDFLARENET	QuickSoft LLC (AS62222)	1
CLOUDFLARENET	Sirius-2014 LLC (AS208946)	1
candel.kz	JSC Alma Telecommunications (AS39824)	1
timeweb.org	Nls Astana Llp (AS205516)	2
CLOUDFLARENET	Mobile Telecom-Service LLP (AS29555)	1
rcntec.com	LLP Kompaniya Hoster.KZ (AS202958)	1
nameself.com	JSC Selectel (AS50340)	1
EuroByte LLC	LLC Flex (AS203714)	1
ps.kz	Belcloud LTD (AS44901)	1
proav.kz	JSC Selectel (AS49505)	1
mikrofon.kz	JSC Kazakhtelecom (AS9198)	1
sitesale.ru	CityLanCom LTD (AS204076)	2
CLOUDFLARENET	Rostelecom (AS42610)	1
ekonomikhost.net	Netinternet Bilisim Teknolojileri AS (AS51559)	1
MICROSOFT-CORP-MSN-AS-BLOCK	Akamai Connected Cloud (AS63949)	1
YANDEX LLC	COGECO-PEER1 (AS13768)	1
cloudoon.com	OVH SAS (AS16276)	1
awsdns-05.com	Kar-Tel LLC (AS21299)	1
hoster.kz	Radiobaylanys LLP (AS29046)	2
GOOGLE	NLS Kazakhstan LLC (AS200590)	1
loon.kz	JSC Kazakhtelecom (AS9198)	1
parik.kz	JSC Kazakhtelecom (AS9198)	1
ps.kz	Ztv Corp LLC (AS43581)	1
infocom.kz	JSC Kazakhtelecom (AS50482)	1
hoster.kz	GO-DADDY-COM-LLC (AS398101)	1
gransy.com	Vodafone GmbH (AS3209)	1
hoster.kz	Team Blue Internet Services Uk Limited (AS8622)	1
Beget LLC	Itglobal.com Nl B.v. (AS208951)	1
unihost.kz	EQU Technologies LLP (AS42447)	1
bunny.net	Hetzner Online GmbH (AS24940)	1
dlink.ru	D-Link Trade Ltd. (AS200503)	1
unknown	Pq Hosting Plus S.r.l. (AS44477)	1
realhosters.com	velia.net Internetdienste GmbH (AS29066)	1
molot.eu	OVH SAS (AS16276)	1
jmart.kz	Smartnet Too (AS43994)	1
snparking.ru	Serverel Inc. (AS50245)	1
ulark.kz	JSC Alma Telecommunications (AS39824)	1
nameself.com	JSC IOT (AS29182)	1
awsdns-18.org	LLP Kompaniya Hoster.KZ (AS207333)	1
hoster.kz	TheHost LLC (AS56485)	1
Domain names registrar REG.RU, Ltd	Cgi Global Limited (AS56971)	1
easywebshop.com	Combell NV (AS34762)	1
sibvaleo.com	JSC Kazakhtelecom (AS9198)	1
prgm.kz	PS Internet Company LLP (AS48716)	1
o2.kz	Solutions Factory Ltd. (AS49393)	1
otto.de	Hetzner Online GmbH (AS24940)	1
tariel.kz	EQU Technologies LLP (AS42447)	1
awsdns-20.com	PS Internet Company LLP (AS48716)	1
JSC Selectel	Hetzner Online GmbH (AS24940)	1
HURRICANE	FASTLY (AS54113)	1
luxvinyl.kz	Tilda Publishing Ltd. (AS205282)	1
PS Internet Company LLP	BTcom Infocommunications Ltd. (AS41124)	1
ps.kz	Redcentric Solutions Ltd (AS31463)	1
CLOUDFLARENET	Serverius Holding B.V. (AS50673)	1
mirohost.net	Internet Invest, Ltd. (AS25393)	1
vps.ua	PE Fedinyak Sergey Vyacheslavovich (AS203087)	1
JSC Kazakhtelecom	Kar-Tel LLC (AS21299)	2
toowto.kz	JSC Transtelecom (AS41798)	1
JSC Kazakhtelecom	Kazakhstan Halyk Bank JSC (AS39433)	1
akashield.net	Akamai International B.V. (AS20940)	1
oblako.kz	Goodhost.KZ LLP (AS211971)	1
goodhost.kz	OBIT-telecommunications, LLC (AS43370)	1
diagnostika.kz	JSC Kazakhtelecom (AS9198)	1
LLC masterhost	Yandex.Cloud LLC (AS200350)	1
megafon.ru	LLC VK (AS47764)	1
kompaas.org	It-grad Too (AS212189)	1
EQU Technologies LLP	PS Internet Company LLP (AS48716)	1
ps.kz	BIGLOBE Inc. (AS2518)	1
cn-car.kz	LLP Kompaniya Hoster.KZ (AS202958)	1
LLC astra Cloud	LLC astra Cloud (AS6903)	1
awsdns-02.com	JSC Kazakhtelecom (AS9198)	1
engineer.io	Iomart Cloud Services Limited (AS20860)	1
t0x.net	Free SAS (AS12322)	1
Domain names registrar REG.RU, Ltd	MICROSOFT-CORP-MSN-AS-BLOCK (AS8075)	1
proofdns.com	HOSTHATCH (AS63473)	1
vigbo.site	LLP Kompaniya Hoster.KZ (AS207333)	1
hoster.kz	JSC Mediasoft ekspert (AS48347)	1
gkamega.com	Tilda Publishing Ltd. (AS205282)	1
theeurasia.kz	JSC Kazakhtelecom (AS50482)	1
YANDEX LLC	LLC Smart Ape (AS56694)	1
sprinthost.net	PS Internet Company LLP (AS48716)	1
Megahost Kazakhstan TOO	JSC Selectel (AS50340)	1
hoster.kz	G-Core Labs S.A. (AS202422)	1
dnsvisa.com	CLOUDFLARENET (AS13335)	1
regzone.cz	T-Mobile Czech Republic a.s. (AS13036)	1
ps.kz	Otbasy Bank JSC (AS49089)	1
hoster.kz	Satti Telecom LLC (AS31525)	2
ps.kz	AUTOMATTIC (AS2635)	1
YANDEX LLC	JSC Transtelecom (AS41798)	1
com.ua	PE Freehost (AS42331)	1
Domain names registrar REG.RU, Ltd	Netorn LLC (AS34123)	1
ecotrade.kz	NLS Kazakhstan LLC (AS200590)	1
PS Internet Company LLP	National Innovation Center LLC (AS44173)	2
trouble-free.net	IS-AS-1 (AS19318)	1
nocsu.com	AMAZON-02 (AS16509)	1
OVH SAS	Hostkey B.v. (AS57043)	1
ps.kz	LanCloud TOO (AS214748)	1
yandexcloud.net	Jsc ru-center (AS48287)	1
Jsc ru-center	JSC Kazakhtelecom (AS9198)	1
JSC Selectel	LLP Kompaniya Hoster.KZ (AS202958)	1
awsdns-43.org	INCAPSULA (AS19551)	1
timeweb.org	Partner Hosting LTD (AS215826)	1
federicabugatti.kz	Hetzner Online GmbH (AS24940)	1
ps.kz	123NET (AS12129)	1
lovellsnames.org	Hosting.de GmbH (AS12574)	1
link-host.net	Hetzner Online GmbH (AS24940)	1
timeweb.org	JSC Kazakhtelecom (AS9198)	2
Host Europe GmbH	Host Europe GmbH (AS34011)	1
active24.cz	VSHosting s.r.o. (AS43541)	1
awsdns-14.net	AMAZON-02 (AS16509)	1
ica.kz	LLP Kompaniya Hoster.KZ (AS202958)	1
railways.kz	JSC Transtelecom (AS41798)	1
syncpulse.kz	NLS Kazakhstan LLC (AS200590)	1
mcafee.com	AMAZON-02 (AS16509)	1
aquatex.ru	Miran Ltd. (AS41722)	1
minagro.kz	JSC Kazakhtelecom (AS9198)	1
YANDEX LLC	Hetzner Online GmbH (AS24940)	1
aktauport.kz	BiKaDa TOO (AS41371)	1
obshestvo.kz	AMAZON-02 (AS16509)	1
iptwins.com	Optimizely AB (AS30811)	1
simetras.kz	PS Internet Company LLP (AS48716)	1
CLOUDFLARENET	Cloud Platform Llp (AS214500)	1
register.com	CENTURYLINK-LEGACY-SAVVIS (AS3561)	1
dtag.de	Deutsche Telekom AG (AS3320)	1
meganameservers.eu	Internet Names for Business Inc (AS9115)	1
hayas.ru	HLL LLC (AS51115)	1
CLOUDFLARENET	astel Jsc (AS8393)	1
emer.kz	JSC Kazakhtelecom (AS9198)	1
kgnt.kz	JSC Kazakhtelecom (AS50482)	1
fozzy.ru	Domain names registrar REG.RU, Ltd (AS197695)	1
unika.kz	JSC Kazakhtelecom (AS9198)	1
nameself.com	Goodhost.KZ LLP (AS211971)	2
ascio.com	Akamai Connected Cloud (AS63949)	1
gransy.com	Alibaba US Technology Co., Ltd. (AS45102)	1
LLC VK	Jusan Mobile JSC (AS35104)	1
gainsa.com	Lyntia Networks S.A. (AS8903)	1
ihsdnsx9.com	IHS Kurumsal Teknoloji Hizmetleri A.S (AS49126)	1
astana-motors.kz	PS Internet Company LLP (AS48716)	1
softlance.kz	Jusan Mobile JSC (AS35104)	1
abcp.ru	Hetzner Online GmbH (AS24940)	1
nameshield.net	NLS Kazakhstan LLC (AS200590)	1
kurica.kz	JSC Kazakhtelecom (AS9198)	1
PS Internet Company LLP	Freedom Telecom Llp (AS58172)	1
Kazakhstan Halyk Bank JSC	JSC Kazakhtelecom (AS50482)	1
Megahost Kazakhstan TOO	Melbikomas UAB (AS56630)	1
build-city.kz	EQU Technologies LLP (AS42447)	1
life-stream.kz	Iomart Cloud Services Limited (AS20860)	1
dachost.ru	Reshenie LLC (AS212352)	1
80.143	PS Internet Company LLP (AS48716)	1
goodhost.kz	Maxiplace Ltd. (AS50516)	1
CLOUDFLARENET	Akamai International B.V. (AS20940)	2
nazim.kz	LLP Kompaniya Hoster.KZ (AS207333)	1
ps.kz	PS Internet Company LLP (AS31465)	1
oms.kz	JSC Kazakhtelecom (AS9198)	1
nlrk.kz	PS Internet Company LLP (AS48716)	1
jte.kz	Jusan Mobile JSC (AS35104)	1
bronya.kz	Jusan Mobile JSC (AS35104)	1
storeland.ru	Hetzner Online GmbH (AS24940)	1
aysima.net	Aysima Bilisim Teknolojileri (AS59674)	1
cloudns.net	TimeWeb LLC (AS9123)	1
hoster.kz	National Data Center building (AS56301)	1
hoster.kz	Smart Cities Limited Liability Partnership (AS208356)	1
awsdns-03.net	PS Internet Company LLP (AS48716)	1
halykbank.kz	JSC People's Savings Bank Kazakhstan (AS44653)	1
CLOUDFLARENET	Allonstelefonstroy LLP (AS198803)	1
onlinepbx.ru	Tilda Publishing Ltd. (AS205282)	1
hoster.kz	M247 Europe SRL (AS9009)	1
ps.kz	NETH LTD (AS198362)	1
5e.kz	Freedom Telecom Llp (AS58172)	1
eserver.net	eServer s.r.o. (AS42244)	1
chatium.io	JSC Selectel (AS50340)	1
echo-domains.ru	PS Internet Company LLP (AS48716)	1
2day.kz	Kar-Tel LLC (AS21299)	1
gohost.kz	Cloudpard LLC (AS214461)	2
a-a.kz	Jusan Mobile JSC (AS35104)	1
alb.kz	ForteBank JSC. (AS48502)	1
Domain names registrar REG.RU, Ltd	Cloud.ru (AS208677)	1
awsdns-14.org	AMAZON-AES (AS14618)	1
250.142	Pq Hosting Plus S.r.l. (AS44477)	1
afraid.org	Enterprise Cloud Ltd. (AS48096)	1
ps.kz	Uzbektelekom Joint Stock Company (AS202660)	1
JSC Selectel	JSC Avantel (AS25227)	1
centraudit.kz	PS Internet Company LLP (AS48716)	1
YANDEX LLC	JSC Selectel (AS49505)	2
kcep.kz	LLP Kompaniya Hoster.KZ (AS207333)	1
ahost.cloud	Hetzner Online GmbH (AS24940)	1
tilda.kz	JSC Kazteleport - subsidiary of Halyk Bank of Kazakhstan (AS51162)	1
caleo.kz	EQU Technologies LLP (AS42447)	1
altiora.kz	EQU Technologies LLP (AS42447)	1
safebrands.com	PS Internet Company LLP (AS48716)	1
natrohost.com	Cizgi Telekomunikasyon Anonim Sirketi (AS34619)	1
CLOUDFLARENET	LLC E-COM (AS41775)	2
ps.kz	Aruba SAS (AS200185)	1
netim.net	GOOGLE-CLOUD-PLATFORM (AS396982)	1
zahid.host	LLP Kompaniya Hoster.KZ (AS207333)	1
Domain names registrar REG.RU, Ltd	Cloud assets LLC (AS212441)	1
timeweb.org	LLC VK (AS47764)	1
penki.lt	Penkiu kontinentu komunikaciju centras, Ltd. (AS21211)	1
hoster.kz	Enflow B.V. (AS209626)	1
barslink.kz	Jusan Mobile JSC (AS35104)	1
ps.kz	HOSTING-SOLUTIONS (AS14576)	1
rumex.ru	PS Internet Company LLP (AS48716)	1
azimuthotels.ru	Icewood LLC (AS201119)	1
hvosting.ua	PE Konstantin Vladimirovich Kravchenko (AS43773)	1
probuild.kz	PS Internet Company LLP (AS48716)	1
abrisdc.kz	BTcom Infocommunications Ltd. (AS41124)	1
tassay.kz	Domain names registrar REG.RU, Ltd (AS197695)	1
nameself.com	TimeWeb LLC (AS9123)	1
distritech.kz	Smartnet Too (AS43994)	1
aftermarket.hosting	AS48707 OPS PL sp. z o.o. (AS48707)	1
moydomofon.kz	JSC Kazteleport - subsidiary of Halyk Bank of Kazakhstan (AS51162)	1
unitedhost.uk	AS-30083-US-VELIA-NET (AS30083)	1
ps.kz	Cloud Hosting Solutions, Limited. (AS199785)	1
garage-gps.kz	JSC Kazakhtelecom (AS9198)	1
Domain names registrar REG.RU, Ltd	StormWall s.r.o. (AS59796)	1
PS Internet Company LLP	ALFA TELECOM s.r.o. (AS44546)	1
gateway.kz	PS Internet Company LLP (AS48716)	1
site4now.net	LLP Kompaniya Hoster.KZ (AS207333)	1
Safenames Ltd.	Turk Telekom (AS9121)	1
LLC masterhost	JSC Kazteleport - subsidiary of Halyk Bank of Kazakhstan (AS51162)	1
integro.tld	JSC Kazakhtelecom (AS9198)	1
awsdns-05.net	JSC Kazakhtelecom (AS9198)	1
obit.ru	OBIT-telecommunications, LLC (AS43370)	1
slot.kz	JSC Kazakhtelecom (AS9198)	1
ps.kz	PVimpelCom (AS3216)	1
avencom.kz	Jusan Mobile JSC (AS35104)	1
activeby.net	JSC Transtelecom (AS41798)	1
HURRICANE	JSC Avantel (AS25227)	1
ps.kz	SOFTLAYER (AS36351)	1
markmonitor.com	ML-1432-54994 (AS54994)	1
awsdns-00.org	LLP Kompaniya Hoster.KZ (AS207333)	1
Cloud DNS Ltd	PE Fedinyak Sergey Vyacheslavovich (AS203087)	1
gslb.me	PS Internet Company LLP (AS48716)	1
rcsc.kz	JSC Kazakhtelecom (AS9198)	1
PS Internet Company LLP	Host Europe GmbH (AS20773)	1
PS Internet Company LLP	DIGITALOCEAN-ASN (AS14061)	1
CLOUDFLARENET	Iron Hosting Centre LTD (AS216139)	1
kolyaska.kz	PS Internet Company LLP (AS48716)	1
awsdns-12.net	AMAZON-02 (AS16509)	1
awsdns-18.net	Itglobalcom Kaz Llp (AS57008)	1
mybizcloud.at	Infotech EDV-Systeme GmbH (AS28760)	1
YANDEX LLC	Goodhost.KZ LLP (AS211971)	1
pravo-r.ru	LLP Kompaniya Hoster.KZ (AS207333)	1
CLOUDFLARENET	LLP Asket (AS51997)	1
websupport.cz	SH.cz s.r.o. (AS39392)	1
Domain names registrar REG.RU, Ltd	Kirill Vechera (AS48235)	1
elisa.kz	NLS Kazakhstan LLC (AS200590)	1
santo.kz	PS Internet Company LLP (AS48716)	1
softlayer.com	DIGITALOCEAN-ASN (AS14061)	1
promportal.su	LLC Smart Ape (AS56694)	1
46.18	JSC Kazteleport - subsidiary of Halyk Bank of Kazakhstan (AS51162)	1
Webhost LLC	JSC IOT (AS29182)	1
awsdns-43.org	LLP Kompaniya Hoster.KZ (AS207333)	1
oblako.kz	LLP Kompaniya Hoster.KZ (AS202958)	1
LLC VK	Ddos-guard Ltd (AS57724)	1
nameself.com	Hetzner Online GmbH (AS24940)	2
zillionkinghost.com	AS-COLOCROSSING (AS36352)	1
unihost.kz	LLP Kompaniya Hoster.KZ (AS207333)	1
SECURITYSERVICES	GANDI SAS (AS29169)	1
awsdns-02.org	Tilda Publishing Ltd. (AS205282)	1
GOOGLE	Scalaxy B.V. (AS58061)	1
yzy.kz	JSC Kazakhtelecom (AS9198)	1
nic.ru	Data Storage Center JSC (AS49063)	1
YANDEX LLC	MTK LLC (AS203117)	1
fctg.cloud	AMAZON-02 (AS16509)	1
rashid.kz	PS Internet Company LLP (AS48716)	1
euronic.fi	Optimizely AB (AS30811)	1
invivo.kz	NLS Kazakhstan LLC (AS200590)	1
ps.kz	UNIFIEDLAYER-AS-1 (AS46606)	1
kazuniver.kz	Jusan Mobile JSC (AS35104)	1
bmshop5.ru	JSC Selectel (AS50340)	1
atvirtual.com	Festo Management SE (AS41700)	1
cloudns.net	LLP Kompaniya Hoster.KZ (AS202958)	1
afix.kz	EQU Technologies LLP (AS42447)	1
ps.kz	PJSC MegaFon (AS20632)	1
notamedia.ru	Hetzner Online GmbH (AS24940)	1
bron.kz	JSC Kazakhtelecom (AS9198)	1
dig.com	AMAZON-02 (AS16509)	1
technoservices.kz	EQU Technologies LLP (AS42447)	1
fcomet.com	Akamai Connected Cloud (AS63949)	1
monopost.com	LLP Kompaniya Hoster.KZ (AS207333)	1
miatel.ru	MiaTel LLC (AS62378)	1
awsdns-06.org	AMAZON-02 (AS16509)	1
timeweb.org	JSC IOT (AS29182)	1
PS Internet Company LLP	Itglobalcom Rus LLC (AS212675)	1
serverspace.by	Republican Unitary Telecommunication Enterprise Beltelecom (AS6697)	1
awsdns-29.org	AMAZON-02 (AS16509)	1
topsec.com	MICROSOFT-CORP-MSN-AS-BLOCK (AS8075)	1
unihost.kz	SQUARESPACE (AS53831)	1
Internet-Pro LLC	JSC IOT (AS29182)	1
HURRICANE	Optinet LLP (AS60757)	1
semgu.kz	astel Jsc (AS8393)	1
hostbasket.com	Telenet BV (AS6848)	1
nominus.com	LIQUIDWEB (AS32244)	1
CLOUDFLARENET	PJSC MegaFon (AS12714)	1
tehnik.kz	JSC Kazakhtelecom (AS9198)	1
CLOUDFLARENET	SUCURI-SEC (AS30148)	1
ascio.com	Vodafone Spain (AS12430)	1
iai-system.com	Beyond.pl sp. z o.o. (AS31229)	1
kisc.kz	Republic Governmental Enterprise Kazakhstan Interbank Settlement Centre of National Bank of  (AS43934)	1
OVH SAS	United Networks of Ukraine Ltd (AS24703)	1
ras.kz	LLP Kompaniya Hoster.KZ (AS207333)	1
afeeshost.ltd	AS-30083-US-VELIA-NET (AS30083)	1
dobrohost.net	AMAZON-02 (AS16509)	1
cscudns.com	LLP Kompaniya Hoster.KZ (AS207333)	1
iitd.io	CLOUDFLARENET (AS13335)	1
btop.kz	LLP Kompaniya Hoster.KZ (AS207333)	1
bearingpoint.com	MICROSOFT-CORP-MSN-AS-BLOCK (AS8075)	1
ipcom GmbH	MICROSOFT-CORP-MSN-AS-BLOCK (AS8075)	1
OVH SAS	Tilda Publishing Ltd. (AS205282)	1
74.78	Tilda Publishing Ltd. (AS205282)	1
zonatelecom.kz	Secure Telecommunication LLC (AS43740)	1
awsdns-26.org	JSC Kazteleport - subsidiary of Halyk Bank of Kazakhstan (AS51162)	1
Domain names registrar REG.RU, Ltd	CLOUDFLARENET (AS13335)	1
zhaikmunai.kz	Jusan Mobile JSC (AS35104)	1
hoster.kz	Rostelecom (AS25490)	1
a1.net	Telekom Austria (AS8447)	1
alma-media.net	PS Internet Company LLP (AS48716)	1
lpmtr.net	Tilda Publishing Ltd. (AS205282)	1
virtex.kz	JSC Kazakhtelecom (AS9198)	1
wvnet.eu	WVNET Information und Kommunikation GmbH (AS29081)	1
UNIFIEDLAYER-AS-1	SHOCK-1 (AS395092)	1
CLOUDFLARENET	SIA Tet (AS12578)	1
com.ua	PE Fedinyak Sergey Vyacheslavovich (AS203087)	1
ps.kz	Citytelecom LLC (AS3175)	1
outdoorlab.kz	Goodhost.KZ LLP (AS211971)	1
awsdns-33.com	JSC Kazakhtelecom (AS9198)	1
hoster.kz	Scalaxy B.V. (AS58061)	1
goodhost.kz	AS-26496-GO-DADDY-COM-LLC (AS26496)	1
OVH SAS	PE Fedinyak Sergey Vyacheslavovich (AS203087)	1
stepline.kz	PS Internet Company LLP (AS48716)	1
triumvirat.ru	PS Internet Company LLP (AS48716)	1
gransy.com	Host Europe GmbH (AS20773)	1
kilbill.kz	Kazakhstan Halyk Bank JSC (AS39433)	1
OVH SAS	JSC Kazteleport - subsidiary of Halyk Bank of Kazakhstan (AS51162)	1
OVH SAS	IT WEB LTD (AS200313)	1
gohost.kz	Jusan Mobile JSC (AS35104)	1
newstar.ru	PS Internet Company LLP (AS48716)	1
skiltex.kz	PS Internet Company LLP (AS48716)	1
LLC VK	Datacheap LLC (AS16262)	1
istochnik.kz	JSC Kazakhtelecom (AS9198)	1
bta.kz	Kazakhstan Halyk Bank JSC (AS39433)	1
nameshield.net	Nameshield SAS (AS20756)	1
awsdns-14.net	LLP Kompaniya Hoster.KZ (AS207333)	1
Domain names registrar REG.RU, Ltd	Softline Pjsc (AS47723)	1
netim.net	ORACLE-BMC-31898 (AS31898)	1
CLOUDFLARENET	AS-VULTR (AS20473)	1
textilexpo.kz	PS Internet Company LLP (AS48716)	1
LLC VK	JSC Alma Telecommunications (AS39824)	1
1cloud.ru	START LLC (AS209420)	1
efco.kz	PS Internet Company LLP (AS48716)	1
2gis.ru	Haicom Limited (AS48988)	1
ANEXIA Internetdienstleistungs GmbH	INCAPSULA (AS19551)	1
kunde24.de	Strato GmbH (AS6724)	1
aqua-gas.kz	Jusan Mobile JSC (AS35104)	1
avtokit.kz	EQU Technologies LLP (AS42447)	1
nameshield.net	Goodhost.KZ LLP (AS211971)	1
lytehosting.com	Hetzner Online GmbH (AS24940)	1
3.243	TimeWeb LLC (AS9123)	1
promdns.net	It-grad Too (AS212189)	1
managed-ip.com	PS Internet Company LLP (AS48716)	1
peach.kz	JSC Kazakhtelecom (AS9198)	1
hoster.kz	DC Host INC (AS208287)	1
1cb.kz	First Credit Bureau LLP (AS210459)	1
lanit.kz	NLS Kazakhstan LLC (AS200590)	1
hoster.kz	suvan Net LLC (AS35326)	1
blitz.kz	Jusan Mobile JSC (AS35104)	1
Kcell JSC	PS Internet Company LLP (AS48716)	1
1cbit.ru	JSC Kazteleport - subsidiary of Halyk Bank of Kazakhstan (AS51162)	1
goodhost.kz	PE Fedinyak Sergey Vyacheslavovich (AS203087)	1
edgedns.co	LLP Kompaniya Hoster.KZ (AS207333)	1
Jsc ru-center	JSC Kazteleport - subsidiary of Halyk Bank of Kazakhstan (AS51162)	1
ipcom GmbH	KNAPP AG (AS41437)	1
ps.kz	Green Floid LLC (AS15626)	1
imageprom.ru	LLP Kompaniya Hoster.KZ (AS207333)	1
EuroByte LLC	LLC VK (AS47764)	1
bestmoving.kz	EQU Technologies LLP (AS42447)	1
Megahost Kazakhstan TOO	Contabo GmbH (AS51167)	1
