one.com	One.com A/S	10007
webshopplus.nl	MICROSOFT-CORP-MSN-AS-BLOCK	1
rzone.de	rzone.de	912
LIQUIDWEB	MICROSOFT-CORP-MSN-AS-BLOCK	20
Uniserver Internet B.V.	MICROSOFT-CORP-MSN-AS-BLOCK	21
ipcom GmbH	AMAZON-02	1440
Uniserver Internet B.V.	GOOGLE	9
CLOUDFLARENET	GOOGLE	552
CLDIN B.V.	yourfilter.nl	564
loopia.se	Loopia AB	4830
loopia.se	erip.nu	1
one.com	pairserver.com	1
oderland.com	iol.nu	1
ACTIVE 24, s.r.o.	automatch.nu	1
GleSYS AB	viridis.nu	1
nameshield.net	INCAPSULA	9
team.blue Denmark A/S	team.blue Denmark A/S	2536
loopia.se	GOOGLE	660
Signet B.V.	podcastland.nu	1
MICROSOFT-CORP-MSN-AS-BLOCK	MICROSOFT-CORP-MSN-AS-BLOCK	501
CLOUDFLARENET	xtv.nu	1
cloud86.nl	schuller.nu	1
dnsshop.org	bdp.nu	1
CLOUDFLARENET	MICROSOFT-CORP-MSN-AS-BLOCK	575
CLDIN B.V.	CLDIN B.V.	1486
CLOUDFLARENET	geniusscissors.nu	1
sedoparking.com	localhost	298
SECURITYSERVICES	SECURITYSERVICES	595
team.blue Denmark A/S	MICROSOFT-CORP-MSN-AS-BLOCK	460
ACTIVE 24, s.r.o.	evilgenius.nu	1
Yelles AB	highwayz.nu	1
One.com A/S	stingvision.nu	1
DIGITALOCEAN-ASN	smart-repair.nu	1
GleSYS AB	GleSYS AB	678
Signet B.V.	Signet B.V.	928
loopia.se	mille.nu	1
mdnsservice.com	hostedemail.com	135
ACTIVE 24, s.r.o.	WebSupport s.r.o.	684
lopdns.se	lopnet AB	6
Signet B.V.	reclame.nu	1
GOOGLE	AMAZON-02	35
Signet B.V.	MICROSOFT-CORP-MSN-AS-BLOCK	488
egensajt.se	Tele2 SWIPnet	148
ACTIVE 24, s.r.o.	solin.nu	1
Signet B.V.	buyback.nu	1
DIGITALOCEAN-ASN	fsh.nu	1
loopia.se	MICROSOFT-CORP-MSN-AS-BLOCK	938
CJ2 Hosting B.V.	CJ2 Hosting B.V.	4
SECURITYSERVICES	sauer-danfoss.com	2
Miss Hosting AB	STABLEHOST	3
hyp.net	GOOGLE	32
Telia Company AB	MICROSOFT-CORP-MSN-AS-BLOCK	78
Signet B.V.	skillsource.nl	6
CLOUDFLARENET	CLOUDFLARENET	533
GlobalConnect AB	syns.nu	1
ANEXIA Internetdienstleistungs GmbH	One.com A/S	3
lumik.se	GleSYS AB	65
Signet B.V.	mail	2
OVH SAS	OVH SAS	78
Signet B.V.	denhaan.nu	1
mijn.host	mijn.host B.V.	263
hostnet.nl	One.com A/S	1091
caveo.nl	MICROSOFT-CORP-MSN-AS-BLOCK	7
BIT BV	uberspace.de	1
ilait.se	GlobalConnect AB	600
CLOUDFLARENET	espinoza.nu	1
neostrada.nl	tellshowdo.nu	1
CLOUDFLARENET	sundmedia.nu	1
hostnet.nl	aankoopmakelaar.nu	1
standardbolag.se	Hagloef & Nordkvist Internet AB	10
CLOUDFLARENET	postboxen.nu	1
CLOUDFLARENET	logopedist.nu	1
Intention B.V.	Intention B.V.	93
ACTIVE 24, s.r.o.	sveakliniken.nu	1
Telia Company AB	kanal.nu	1
InterRacks B.V.	LeaseWeb Netherlands B.V.	6
TrueFullstaq B.V.	MICROSOFT-CORP-MSN-AS-BLOCK	19
Computel Standby BV	Computel Standby BV	23
CORESPACE-DAL	lovet.nu	1
DIGITALOCEAN-ASN	MICROSOFT-CORP-MSN-AS-BLOCK	138
CLOUDFLARENET	yami.nu	1
exonet.nl	rebelandrose.nu	1
european-server.com	mailprotect.be	45
CLOUDFLARENET	AUTOMATTIC	17
intermedia.nu	knoop.nl	3
CLDIN B.V.	karper.nu	1
hostnet.nl	MICROSOFT-CORP-MSN-AS-BLOCK	243
UKDedicated LTD	kopochsalj.nu	1
AMAZON-02	localhost	181
dn-s.nl	guikema.nu	1
CLOUDFLARENET	paket.nu	1
cloud86.nl	coe.nu	1
infrapod.nl	salesacademy.nu	1
Signet B.V.	royoswald.nu	1
Duocast B.V.	ca.nu	1
team.blue Denmark A/S	xn--udstdning-o8a.nu	1
oderland.com	GOOGLE	60
one.com	GOOGLE	219
Signet B.V.	eucars.nu	1
ipcom GmbH	MICROSOFT-CORP-MSN-AS-BLOCK	271
hostonline.dk	hostonline.dk	3
Previder B.V.	CLOUDFLARENET	6
ping64.net	MICROSOFT-CORP-MSN-AS-BLOCK	1
register.it	AMAZON-02	95
Signet B.V.	belasting.nu	1
Yelles AB	priset.nu	1
BIT BV	CLDIN B.V.	48
Elisa Oyj	saunalahti.fi	2
CLDIN B.V.	ZOHO-AS	1
CLOUDFLARENET	Loopia AB	70
pakompetens.se	wk.nu	3
sitewise.nl	sitewise.nl	2
dn-s.nl	veritech.nu	1
2content.net	vvz.nu	1
Bahnhof AB	One.com A/S	1
one.com	MICROSOFT-CORP-MSN-AS-BLOCK	512
ports.se	sma.nu	1
Signet B.V.	datadokter.nu	1
neostrada.nl	voetverzorging.nu	1
Signet B.V.	cro-lab.nu	1
Telia Company AB	CLOUDFLARENET	22
vmi.se	Vaddo Media Information IS AB	14
ACTIVE 24, s.r.o.	MICROSOFT-CORP-MSN-AS-BLOCK	190
ipcom GmbH	GOOGLE	133
AMAZON-02	GOOGLE	73
oderland.com	ODERLAND Webbhotell AB	1486
NetBase BV	NetBase BV	219
LeaseWeb Netherlands B.V.	samenbewegen.nu	1
CLOUDFLARENET	greenpower.nu	1
mijndnsserver.nl	misterdot.email	5
Telenor Norge AS	Telenor Norge AS	8
IONOS SE	agenturserver.de	1
Yelles AB	puttenborg.nu	1
ports.se	planit.nu	1
loopia.se	Tutao GmbH	8
CLOUDFLARENET	colubris.nu	1
ACTIVE 24, s.r.o.	lynx.nu	1
BIT BV	Datacamp Limited	3
LIQUIDWEB	GOOGLE	58
nameshield.net	Nameshield SAS	17
CLOUDFLARENET	familjenfranzen.nu	1
Yelles AB	yogaklader.nu	1
CLOUDFLARENET	GlobalConnect AB	9
hyp.net	MICROSOFT-CORP-MSN-AS-BLOCK	52
ipcom GmbH	Proton AG	9
fiber.nu	Yelles AB	1
ballou.se	mailchannels.net	117
trouble-free.net	zartosht.nu	1
webb.net	GlobalConnect AB	39
cloud86.nl	qfort.nu	1
whixx.com	langbroek.nu	1
Trellian Pty. Limited	Trellian Pty. Limited	46
greenhost.nl	Greenhost BV	75
Signet B.V.	personeelgezocht.nu	1
mastexns.nl	MICROSOFT-CORP-MSN-AS-BLOCK	1
combell.net	mailprotect.be	149
DIGITALOCEAN-ASN	gasthuis.nu	1
NSONE	merasol.nu	1
hostnet.nl	dlineshop.nu	1
server-2.nl	nextlevelyou.nu	1
atom86 BV	vanbinnennaarbuiten.nu	1
exonet.nl	ram-vismans.nu	1
DIGITALOCEAN-ASN	Stichting DIGI NL	346
MICROSOFT-CORP-MSN-AS-BLOCK	Signet B.V.	19
e-studio.dk	Christian Ebsen ApS	14
Yelles AB	onlinebets.nu	1
hyp.net	Domeneshop AS	158
init3.eu	5566.nu	1
wpsyd.com	wpsyd.com	7
Yelles AB	GOOGLE	41
GOOGLE	service.one	8
Signet B.V.	cresce.nu	1
CLOUDFLARENET	GOOGLE-CLOUD-PLATFORM	54
Karjaan Puhelin Oy	folkhalsan.fi	5
ServeTheWorld AS	dyrstad.nu	1
qbranch.se	qbranchonline.se	1
Yelles AB	Yelles AB	2
Signet B.V.	centraalwerken.nl	1
AMAZON-02	GOOGLE-CLOUD-PLATFORM	195
CLOUDFLARENET	QUICKPACKET	12
NUCDN	dvntr.nu	1
cloudpit.com	dogado GmbH	5
CLOUDFLARENET	timeforwood.nu	1
nscluster.es	MICROSOFT-CORP-MSN-AS-BLOCK	1
netformatie.nl	leefomgeving.nu	1
griffel.se	thorahlgren.se	1
loopia.se	Proton AG	54
ghs-hosting.nl	ghs-hosting.nl	2
nscluster.cz	MICROSOFT-CORP-MSN-AS-BLOCK	2
Routit BV	routit.net	9
vmi.se	MICROSOFT-CORP-MSN-AS-BLOCK	20
proisp.no	One.com A/S	15
mangelot-hosting.nl	oostersegeneeswijzen.nu	1
Yelles AB	desperation.nu	1
ACTIVE 24, s.r.o.	ugly.nu	1
AMAZON-02	northernrunway.nu	1
Bahnhof AB	GOOGLE	10
LIQUIDWEB	autonics.nu	1
ANEXIA Internetdienstleistungs GmbH	friway.nu	1
ACTIVE 24, s.r.o.	GOOGLE	188
GlobalConnect AB	nmu.nu	2
ACTIVE 24, s.r.o.	lindhe.nu	1
ports.se	alvstrandenutveckling.nu	1
Miss Hosting AB	avteknik.nu	1
one.com	Sentia Denmark A/S	16
griffel.se	MICROSOFT-CORP-MSN-AS-BLOCK	24
Signet B.V.	opladers.nu	1
Signet B.V.	nailart.nu	1
nmugroup.com	Nordisk Media Utveckling AB	191
Fundaments B.V.	Fundaments B.V.	105
Signet B.V.	Proton AG	25
knap-it.com	vries.nu	1
Signet B.V.	modus.nu	1
Previder B.V.	GOOGLE	2
beget.com	beget.com	2
Signet B.V.	samenwerkingsruimte.nu	1
yoursitedns.nl	rosemarie.nu	1
robini.com	kokskleding.nu	1
sbbsnet.se	Diagonal Forlags AB	4
ACTIVE 24, s.r.o.	hammarstrom.nu	1
Yelles AB	sulky.nu	1
Signet B.V.	demy.nu	1
loopia.se	gezelius.nu	1
GleSYS AB	cullberg.nu	1
Signet B.V.	GOOGLE	232
oderland.com	ventilation.nu	1
Yelles AB	you.nu	1
ACTIVE 24, s.r.o.	homeopaten.nu	1
CLOUDFLARENET	finityconsulting.nu	1
Signet B.V.	lagrand.nu	1
One.com A/S	muisjesensitief.nu	1
ballou.se	Hostek AB	95
d-server.nl	Caveo Internet BV	28
mono.net	hostedemail.com	29
CLDIN B.V.	Vancis IP B.V.	19
team.blue Denmark A/S	GOOGLE	125
yourdomainprovider.net	DIGITALOCEAN-ASN	68
inviso.se	InfraCom Managed Services AB	55
ANEXIA Internetdienstleistungs GmbH	Tele2 SWIPnet	38
CLOUDFLARENET	frisam.nu	1
Signet B.V.	carla.nu	1
One.com A/S	sterven.nu	1
Signet B.V.	extracare.nu	1
checkdomain.de	prezero-nordic.nu	1
one.com	GOOGLE-CLOUD-PLATFORM	35
MICROSOFT-CORP-MSN-AS-BLOCK	charge.nu	1
wk.se	Webbkonsulterna i Jamtland AB	160
team.blue Denmark A/S	humanact.nu	1
DIGITALOCEAN-ASN	Signet B.V.	4
Netsite A/S	MICROSOFT-CORP-MSN-AS-BLOCK	6
CLOUDFLARENET	lm-service.nu	1
CLOUDFLARENET	mediaweb.nl	1
Signet B.V.	performancecheck.nu	1
Signet B.V.	walnutt.nu	1
heinosoft.nl	scheermesjes.nu	1
cloud86.nl	MICROSOFT-CORP-MSN-AS-BLOCK	22
cloud86.nl	presence.nu	1
CLDIN B.V.	Art of Automation B.V.	19
ANEXIA Internetdienstleistungs GmbH	milko.se	1
Signet B.V.	cyberweerbaarheid.nu	1
ek-media.nl	ek-media.nl	1
zoneedit.com	GOOGLE	25
ports.se	xn--svensktnringsliv-2nb.nu	1
CLDIN B.V.	Accenture B. V.	15
smelink.se	GlobalConnect A/S	11
neostrada.nl	agressietraining.nu	1
Yelles AB	m-b-s.nu	1
Bahnhof AB	Bahnhof AB	22
Signet B.V.	vbdg.nu	1
CLDIN B.V.	tennisloterij.nu	1
Yelles AB	macsec.nu	1
CLOUDFLARENET	20i Limited	11
simplymailsolutions.com	futurespam.com	1
rackforest.hu	personligt.nu	1
Yelles AB	holtz.nu	1
Signet B.V.	ballonvaart.nu	1
GleSYS AB	qmnet.nu	1
One.com A/S	wakker.nu	1
one.com	jql.nu	1
AMAZON-02	MICROSOFT-CORP-MSN-AS-BLOCK	52
Yelles AB	abra.nu	1
CLOUDFLARENET	cloudmed.nu	1
CLOUDFLARENET	xn--entreprenaddck-hib.nu	1
dn-s.nl	walkthetalk.nu	1
OVH SAS	MICROSOFT-CORP-MSN-AS-BLOCK	7
CLOUDFLARENET	pols.nu	1
CLOUDFLARENET	joeljonsson.nu	1
CLOUDFLARENET	Tutao GmbH	8
ACTIVE 24, s.r.o.	casinoluck.nu	1
GOOGLE	GOOGLE-CLOUD-PLATFORM	43
CLOUDFLARENET	mammasgata.nu	1
Telia Company AB	pizzeriaroma.nu	1
DIGICERT	ZOHO-AS	1
shockmedia.nl	isditechtzo.nu	1
ACTIVE 24, s.r.o.	zon56.com	1
hosted.nl	pro-gress.nu	1
AMAZON-02	Cloudflare London, LLC	52
Fundaments B.V.	Vianova S.p.A	1
NSONE	GOOGLE-CLOUD-PLATFORM	1
hostnet.nl	tirade.nu	1
ports.se	MICROSOFT-CORP-MSN-AS-BLOCK	103
Fundaments B.V.	MICROSOFT-CORP-MSN-AS-BLOCK	23
dn-s.nl	schreiner.nu	1
Miss Hosting AB	stenstaden.nu	1
netim.net	Fastmail Pty Ltd	2
dn-s.nl	gjg.nu	1
ACTIVE 24, s.r.o.	alexandros.nu	1
GOOGLE	MICROSOFT-CORP-MSN-AS-BLOCK	69
CLOUDFLARENET	STABLEHOST	152
CLDIN B.V.	rodu.nu	1
aname.net	Hostek AB	209
IT4U Sweden AB	GOOGLE	1
ACTIVE 24, s.r.o.	zootropic.nu	1
CLOUDFLARENET	m2trading.nu	1
CLOUDFLARENET	isleuk.nu	1
CLOUDFLARENET	tilly.nu	1
caveo.nl	dyslexie.nu	1
zoneedit.com	EDNS	45
CLOUDFLARENET	leroy.nu	1
Signet B.V.	graceworship.nu	1
ITCONNECT Scandinavia AB	desomsar.nu	1
Yelles AB	bygghub.nu	1
Signet B.V.	singles.nu	1
Yelles AB	laktas.nu	1
CLOUDFLARENET	Infopact Netwerkdiensten B.V.	88
IONOS SE	IONOS SE	25
ilait.se	ppe-hosted.com	2
neostrada.nl	christianebeerlandt.nu	1
ACTIVE 24, s.r.o.	azalea.nu	1
CLOUDFLARENET	sena.nu	1
Yelles AB	saxemara.nu	1
LIQUIDWEB	hejhopp.nu	1
linode.com	4mail.se	16
cloud86.nl	rish.nu	1
Signet B.V.	meerpuntssluiting.nu	1
yourwebhoster.com	onlinemailscanner.com	85
31173 Services AB	31173.se	1
baz.nu	baz.nu	1
DIGITALOCEAN-ASN	handycab.nu	1
DIGITALOCEAN-ASN	mybeauty.nu	1
DIGITALOCEAN-ASN	dreamjob.nu	1
lolipop.jp	GMO Internet Group, Inc.	28
ODERLAND Webbhotell AB	ODERLAND Webbhotell AB	23
hostgator.com	fuckbuddy.nu	1
boware.net	boware.nl	2
CLDIN B.V.	GOOGLE	75
ACTIVE 24, s.r.o.	bodilberglund.nu	1
CLOUDFLARENET	countermail.com	2
CLOUDFLARENET	GleSYS AB	253
InfraCom Managed Services AB	InfraCom Managed Services AB	23
Teleservice Bredband Skane AB	ebmetoden.nu	1
dn-s.nl	GOOGLE	12
yodacloud.net	LeaseWeb Netherlands B.V.	1
CLOUDFLARENET	YANDEX LLC	3
CLOUDFLARENET	DIGITALOCEAN-ASN	7
CLOUDFLARENET	now.nu	1
swis.nl	inaanbouw.nu	1
LeaseWeb Netherlands B.V.	golftravel.nu	1
CLOUDFLARENET	APPLE-ENGINEERING	63
Yelles AB	ingemansson.nu	1
CLOUDFLARENET	mailchannels.net	114
CLOUDFLARENET	inquiry.nu	1
liu.se	GOOGLE	2
Signet B.V.	etenvoorthuis.nu	1
LIQUIDWEB	Fastmail Pty Ltd	3
TrueFullstaq B.V.	GOOGLE	11
hostingcp.eu	The Infrastructure Group B.V.	19
Signet B.V.	biertjes.nu	1
IT4U Sweden AB	IT4U Sweden AB	11
mieX GmbH	GOOGLE	1
Trellian Pty. Limited	Delta HighTech Ltd.	11
broadview.se	Hostek AB	57
dn-s.nl	schielen.nu	1
Yelles AB	domandra.nu	1
CLOUDFLARENET	bwwb.nu	1
Fundaments B.V.	ZOHO-AS	1
Cyso Group B.V.	Cyso Group B.V.	1
easydns.ca	easymail.ca	2
Uniserver Internet B.V.	Uniserver Internet B.V.	35
hcdns.nl	hostingcollectief.nl	1
Previder B.V.	dwars.nu	1
ACTIVE 24, s.r.o.	lundegren.nu	1
Gotalandsnatet AB	Gotalandsnatet AB	16
Signet B.V.	verjaardagsfeestje.nu	1
ansluten.net	MICROSOFT-CORP-MSN-AS-BLOCK	4
Uniserver Internet B.V.	whocares.nu	1
dnsvm.nl	rovecom.nl	1
Fundaments B.V.	Serverius Holding B.V.	2
forss.net	Forss IT AB	87
CLOUDFLARENET	rzone.de	9
ODERLAND Webbhotell AB	camillathulin.nu	1
mijndnsserver.nl	Voxility LLP	12
egensajt.se	MICROSOFT-CORP-MSN-AS-BLOCK	19
dynu.com	GOOGLE	2
CLOUDFLARENET	stuff.nu	1
ACTIVE 24, s.r.o.	utomhuspool.nu	1
hosted.nl	marie-claire.nu	1
Teleservice Bredband Skane AB	Teleservice Bredband Skane AB	34
Uniserver Internet B.V.	recruitmenttech.nu	1
ezoicns.com	GOOGLE-CLOUD-PLATFORM	1
ballou.se	dbgroup.nu	1
name-services.com	RACKSPACE	3
Yelles AB	MICROSOFT-CORP-MSN-AS-BLOCK	47
loopia.se	ZOHO Corporation B.V	11
hiwit.net	hiwit.net	1
DIGITALOCEAN-ASN	vloed.nu	1
AMAZON-02	AMAZON-AES	5
krystal.uk	krystal.uk	2
One.com A/S	teuben.nu	1
ljudlabbet.nu	ljudlabbet.nu	1
GleSYS AB	smartemail.se	63
ACTIVE 24, s.r.o.	amn.nu	1
GOOGLE	GOOGLE	154
CLOUDFLARENET	rollernet.us	2
thednscompany.com	bedrijfsuitje.nu	1
one.com	netplads.dk	8
SECURITYSERVICES	peab.se	1
itamin.nu	Diagonal Forlags AB	13
ACTIVE 24, s.r.o.	visittorrevieja.nu	1
zoneedit.com	hessler.nu	1
CLOUDFLARENET	lawlink.nu	1
hostonline.dk	MICROSOFT-CORP-MSN-AS-BLOCK	1
Yelles AB	nico.nu	1
CLDIN B.V.	kaakchirurg.nu	1
DIGITALOCEAN-ASN	leiderdorpsereddingsbrigade.nl	1
Infopact Netwerkdiensten B.V.	spam-filter.cloud	8
CLOUDFLARENET	AMAZON-02	44
One.com A/S	fjt.nu	1
BIT BV	inmotion.nu	1
CLOUDFLARENET	gamepoint.net	2
CLOUDFLARENET	comphaan.nl	3
Infopact Netwerkdiensten B.V.	MICROSOFT-CORP-MSN-AS-BLOCK	15
NSONE	dittnamn.com	8
ACTIVE 24, s.r.o.	epicentrum.nu	1
1ns.nl	yvette.nu	1
one.com	APPLE-ENGINEERING	30
exonet.nl	geijtenbeek.nu	1
CLOUDFLARENET	Vancis IP B.V.	1
1afa.com	MICROSOFT-CORP-MSN-AS-BLOCK	3
introweb.nl	Previder B.V.	43
ACTIVE 24, s.r.o.	kamlin.nu	1
ANEXIA Internetdienstleistungs GmbH	MICROSOFT-CORP-MSN-AS-BLOCK	17
oderland.com	gifta.nu	1
Hetzner Online GmbH	lesbiska.nu	1
svenskadomaner.se	Hetzner Online GmbH	294
Yelles AB	villasol.nu	1
CLOUDFLARENET	powerbybauer.nu	1
One.com A/S	One.com A/S	17
oni.be	Hetzner Online GmbH	8
ML Consultancy	Signet B.V.	43
Signet B.V.	rovu.nu	1
ACTIVE 24, s.r.o.	svenningsson.nu	1
Signet B.V.	regenton.nu	1
Yelles AB	hotellstockholm.nu	1
joker.com	Proton AG	2
eqweb.nl	MICROSOFT-CORP-MSN-AS-BLOCK	2
Signet B.V.	ovo.nu	1
2is.nl	CLDIN B.V.	37
dnsroundrobin.net	1312.nu	1
CLOUDFLARENET	sparapengar.nu	1
ipcom GmbH	xn--drneringistockholm-mtb.nu	1
Bluerange Sweden AB	MICROSOFT-CORP-MSN-AS-BLOCK	18
dn-s.nl	leduc-candles.nu	1
Yelles AB	advicer.nu	1
Signet B.V.	verandaworld.nu	1
allweb.se	Mediateknik i Varberg AB	8
LeaseWeb Netherlands B.V.	kerstboom.nu	1
ACTIVE 24, s.r.o.	wiggo.nu	1
Signet B.V.	rhima.nu	1
Hetzner Online GmbH	twerkt.nu	1
Cygrids Communications AB	olsin.nu	1
Cygrids Communications AB	nitfree.nu	1
Nexthop AS	Nexthop AS	33
scandinavianhosting.se	Scandinavian Hosting AB	31
team.blue Denmark A/S	complea-hosting.dk	1
KPN B.V.	werkonline.nu	8
GOOGLE	poshdog.nu	1
Cygrids Communications AB	skoga.nu	1
linevast.com	tafeltennis.nu	1
GlobalConnect AB	briljera.nu	1
DIGITALOCEAN-ASN	parellel.nu	1
registrar-servers.com	NAMECHEAP-NET	56
thednscompany.com	appdata.nl	3
vpshosting.nl	cq.nu	1
consilius.nl	GOOGLE	1
broadview.se	MICROSOFT-CORP-MSN-AS-BLOCK	11
allhosting.se	a3mail.se	8
Signet B.V.	cheaptrailerparts.nu	1
Telia Company AB	halebop.net	1
Yelles AB	digitalbild.nu	1
oderland.com	MICROSOFT-CORP-MSN-AS-BLOCK	92
zoneedit.com	arpe.nu	1
shockmedia.nl	MICROSOFT-CORP-MSN-AS-BLOCK	16
brainslugs.net	Heinlein-Support GmbH	1
ilait.se	GOOGLE	12
High5! B.V.	Cyso Group B.V.	139
Yelles AB	tidsfrionline.nu	1
one.com	bluebit.dk	1
GANDI SAS	GANDI SAS	111
CLDIN B.V.	MICROSOFT-CORP-MSN-AS-BLOCK	274
CLDIN B.V.	bannenberg.nu	1
Signet B.V.	fastloading.nu	1
Hetzner Online GmbH	jalte.nu	1
domainoo.fr	domainoo.fr	2
ecomation.eu	spamcluster.nl	1
ACTIVE 24, s.r.o.	valium.nu	1
LIQUIDWEB	engelenburg.nu	1
Hetzner Online GmbH	helst.nu	1
CLOUDFLARENET	hmg.nu	1
yourwebhoster.com	MICROSOFT-CORP-MSN-AS-BLOCK	18
exonet.nl	kookjijofik.nu	1
dn-s.nl	bijzonderbouwen.nu	1
hostingcp.eu	nachtvlinder.nu	1
Telia Company AB	hideme.nu	1
Signet B.V.	padellen.nu	1
CLOUDFLARENET	ardal.nu	1
AMAZON-02	AMAZON-02	74
Eurofiber Cloud Infra B.V.	bucketlistreizen.nu	1
CLDIN B.V.	lift-tex.nu	1
interspace.network	MICROSOFT-CORP-MSN-AS-BLOCK	1
ACTIVE 24, s.r.o.	irorelse.nu	1
DIGITALOCEAN-ASN	rijbewijshalen.nu	1
Infopact Netwerkdiensten B.V.	routit.nl	2
CJ2 Hosting B.V.	fotomare.nu	1
b-smarthosting.net	Proton AG	1
CONFLUENCE-NETWORK-INC	~	42
ns14.net	MICROSOFT-CORP-MSN-AS-BLOCK	25
team.blue Denmark A/S	ubiquiti.nu	1
exonet.nl	smartlink.nu	1
Yelles AB	actinblack.nu	1
infrapod.nl	Infrapod	7
websmidhost.nl	alimento.nu	1
budgetprimaryserver.nl	esmer.nu	1
thednscompany.com	MICROSOFT-CORP-MSN-AS-BLOCK	36
hosted.nl	rijlessendeal.nu	1
team.blue Denmark A/S	enderlein.nu	1
ipcom GmbH	GleSYS AB	80
nameserverseo.com	dvm.nu	1
ACTIVE 24, s.r.o.	ellison.nu	1
NUCDN	One.com A/S	2
Signet B.V.	huisaanhuis.nu	1
ACTIVE 24, s.r.o.	typ.nu	1
GleSYS AB	bofg.nu	1
blits.nu	Yelles AB	23
ACTIVE 24, s.r.o.	avisera.nu	1
CLOUDFLARENET	jddata.dk	1
DIGITALOCEAN-ASN	Proton AG	8
auto-dns.com	GOOGLE	2
Yelles AB	iowa.nu	1
gidpro.hosting	MICROSOFT-CORP-MSN-AS-BLOCK	2
LIQUIDWEB	opslagruimte.nu	1
Cygrids Communications AB	jarleberg.nu	1
1ns.nl	time2relax.nu	1
ACTIVE 24, s.r.o.	designat.nu	1
atari.org	atari.org	1
WHG Hosting Services Ltd	wehnes.nu	1
mijn.host	egogo.nl	3
ACTIVE 24, s.r.o.	heka.nu	1
SECURITYSERVICES	Nordisk Media Utveckling AB	4
ACTIVE 24, s.r.o.	cederhag.nu	1
mansmedia-dns.nl	klaasboer.nu	1
webhost.company	mxsecure.nl	1
atom86 BV	atom86 BV	53
CLDIN B.V.	rutte.nu	1
planeetta.net	realparts.nu	1
aname.net	GOOGLE	15
b-smarthosting.net	iac.nu	1
Telia Company AB	lansforsakringar.se	2
Hetzner Online GmbH	Prolocation B.V.	20
ACTIVE 24, s.r.o.	intercars.nu	1
exonet.nl	machinelab.nu	1
ORACLE-BMC-31898	Bredband2 AB	1
Signet B.V.	coders.nu	1
neostrada.nl	GOOGLE	7
Signet B.V.	postcodes.nu	1
Uniserver Internet B.V.	comco.nu	1
CLOUDFLARENET	psmtp.com	2
The Internet Engineering Group B.V.	server.eu	182
quicns.cloud	LeaseWeb Netherlands B.V.	1
ayaa.se	MICROSOFT-CORP-MSN-AS-BLOCK	2
MICROSOFT-CORP-MSN-AS-BLOCK	pythagoras.nu	1
One.com A/S	uitlaten.nu	1
Signet B.V.	COGENT-174	9
nouzelle.com	LEVEL3	4
OVH SAS	mensenrecht.nu	1
dropit.com	cancerfonden.se	1
netim.net	Eurofiber France SAS	45
ORACLE-BMC-31898	webfaction.com	1
Yelles AB	torex.nu	1
Yelles AB	rf-flow.nu	1
aname.net	MICROSOFT-CORP-MSN-AS-BLOCK	35
MICROSOFT-CORP-MSN-AS-BLOCK	defensiehypotheek.nu	1
loopia.se	Telenor Sverige AB	3
one.com	fotobog.nu	1
CLDIN B.V.	mierlo-hout.nu	1
CLOUDFLARENET	emil.nu	1
ACTIVE 24, s.r.o.	hte.nu	1
OVH SAS	lomilomi.nu	1
ACTIVE 24, s.r.o.	marcuschristiansen.nu	1
CLOUDFLARENET	call.nu	1
Signet B.V.	suite7.nl	1
dn-s.nl	Signet B.V.	50
Yelles AB	verktygen.nu	1
oderland.com	ostersjofestivalenikarlshamn.nu	1
Cygrids Communications AB	soiltech.nu	1
MICROSOFT-CORP-MSN-AS-BLOCK	pphosted.com	3
SECURITYSERVICES	domainnetwork.net	2
dmg.nu	ondernemersrecht.nu	1
Signet B.V.	maessen.nu	1
dnshotel.dk	bastamedia.nu	1
ODERLAND Webbhotell AB	GOOGLE	3
Signet B.V.	donateur.nu	1
LEASEWEB-USA-SFO	ML-1432-54994	39
ilait.se	MICROSOFT-CORP-MSN-AS-BLOCK	132
mijndnsserver.nl	mx.microsoft	2
AMAZON-02	trymedics.nu	1
Eurofiber Cloud Infra B.V.	GOOGLE	3
Netsite A/S	Netsite A/S	26
AMAZON-02	Soverin B.V.	1
axc.nl	vision4all.nu	1
sectigoweb.com	bioodi.nu	1
Signet B.V.	veiligsurfen.nu	1
Yelles AB	boskap.nu	1
kitdns.no	MICROSOFT-CORP-MSN-AS-BLOCK	1
Signet B.V.	chefathome.nu	1
Yelles AB	stenstorp.nu	1
Signet B.V.	echtwaar.nu	1
Signet B.V.	samenroosteren.nu	1
AS-VULTR	masters.nu	1
Yelles AB	diversify.nu	1
loopia.se	zimba.org	1
freehostia.com	freehostia.com	2
thednscompany.com	verplichteaov.com	1
ipcom GmbH	Hostek AB	12
nu-face.jp	ARTERIA Networks Corporation	11
ACTIVE 24, s.r.o.	lule.nu	1
ACTIVE 24, s.r.o.	taknet.nu	1
Signet B.V.	psychologischexpertisecentrum.nu	1
OVH SAS	thecarecompany.nu	1
ACTIVE 24, s.r.o.	kalm.nu	1
elbrev.com	bemacom.se	1
Signet B.V.	schoonmaakbedrijfamsterdam.nu	1
graphicgarden.com	snith.nu	1
MICROSOFT-CORP-MSN-AS-BLOCK	globalcash.nu	1
GleSYS AB	MICROSOFT-CORP-MSN-AS-BLOCK	45
Yelles AB	annalog.nu	1
villah.eu	HostGhost B.V.	4
CLDIN B.V.	dm-filter.nl	1
CLDIN B.V.	digifons.nl	2
Telia Company AB	Telia Company AB	131
svenskadomaner.se	GOOGLE	10
rymdweb.com	Bahnhof AB	16
ACTIVE 24, s.r.o.	louise.nu	1
CLOUDFLARENET	hostmatters.nl	2
CLOUDFLARENET	oya.nu	1
shockmedia.nl	indemedia.nu	1
DIGICERT	comendosystems.com	1
PONYNET	NAMECRANE	4
Signet B.V.	lapisinsight.nl	1
loopia.se	adoperator.com	1
LeaseWeb Netherlands B.V.	MICROSOFT-CORP-MSN-AS-BLOCK	20
AMAZON-02	ra.nu	1
Miss Hosting AB	videopokerslots.nu	1
epm.se	epm.se	2
IONOS SE	ionos.com	3
aname.net	mailchannels.net	119
BIT BV	MICROSOFT-CORP-MSN-AS-BLOCK	11
hostnet.nl	AMAZON-02	10
ne.jp	qtc.nu	1
kieslinghosting.eu	MICROSOFT-CORP-MSN-AS-BLOCK	2
Hetzner Online GmbH	wonderwel.nu	1
Signet B.V.	archimatetraining.nu	1
reverie.nu	reverie.nu	1
web-solutions.dk	MICROSOFT-CORP-MSN-AS-BLOCK	2
CLOUDFLARENET	GANDI SAS	6
Fundaments B.V.	milieuincident.nu	1
CLOUDFLARENET	plym.se	1
Signet B.V.	digitaleerfenis.nu	1
Uniserver Internet B.V.	standbouwwanden.nu	1
axc.nl	MICROSOFT-CORP-MSN-AS-BLOCK	33
ACTIVE 24, s.r.o.	humlan.nu	1
forss.net	MICROSOFT-CORP-MSN-AS-BLOCK	24
crossnet.se	GOOGLE	1
Uniserver Internet B.V.	zonnebril.nu	1
2is.nl	MICROSOFT-CORP-MSN-AS-BLOCK	12
IONOS SE	NorthC Deutschland GmbH	73
host1.no	podolski.nu	1
plug-it.eu	chatme.nu	1
Cygrids Communications AB	jdz.nu	1
shockmedia.nl	Fundaments B.V.	1
asbra.nu	asbra.nu	1
hix.nl	glascentrale.nu	1
loopia.se	5emedia.net	1
Host Europe GmbH	GO-DADDY-COM-LLC	161
hostnet.nl	Soverin B.V.	1
Uniserver Internet B.V.	RACKSPACE	2
ACTIVE 24, s.r.o.	cederschiold.nu	1
CLOUDFLARENET	quiza.nu	1
One.com A/S	efacturatie.nu	1
qdc.nl	CLDIN B.V.	2
registrar-servers.com	com.au	1
xel.nl	BIT BV	86
hostnet.nl	GOOGLE	89
ports.se	xn--ntcasinobonus-bfb.nu	1
ACTIVE 24, s.r.o.	stormkonsult.nu	1
CLOUDFLARENET	svenskcasinolicens.nu	1
dn-s.nl	MICROSOFT-CORP-MSN-AS-BLOCK	27
ACTIVE 24, s.r.o.	nordemo.nu	1
ACTIVE 24, s.r.o.	redskapsbutiken.nu	1
CLOUDFLARENET	coachconnect.nu	1
CLOUDFLARENET	Hostek AB	24
netaffairs.com	netaffairs.nl	7
ODERLAND Webbhotell AB	euroteq.nu	1
granlundkommunikation.com	drift.nu	1
Yelles AB	rlr.nu	1
CLOUDFLARENET	hasan.nu	1
Yelles AB	vc.nu	1
Tele2 SWIPnet	resultatservice.nu	1
ACTIVE 24, s.r.o.	pooltackning.nu	1
allron.nl	contekst.nu	1
neostrada.nl	talentdashboard.nu	1
Signet B.V.	nieuwsvanhethuis.nu	1
Yelles AB	validerad.nu	1
inviso.se	greenstyling.nu	1
mijndnsserver.nl	whapp.nu	1
The Internet Engineering Group B.V.	lasaulec.nu	1
GOOGLE	Loopia AB	44
ports.se	xn--vderstad-0za.nu	1
CLOUDFLARENET	One.com A/S	67
ACTIVE 24, s.r.o.	leanic.nu	1
ODERLAND Webbhotell AB	irisjohansson.nu	1
co.uk	northernstar.nu	1
swooth.cloud	AMAZON-02	1
syd.se	CLOUDFLARENET	7
ACTIVE 24, s.r.o.	bygg1.nu	1
LIQUIDWEB	wifination.nu	1
Signet B.V.	schoolmelk.nu	1
Yelles AB	biosam.nu	1
markmonitor.zone	swedishmatch.se	1
Zylon	veranderen.nu	1
ACTIVE 24, s.r.o.	lillebo.nu	1
loopia.se	ACTIVE 24, s.r.o.	69
1ns.nl	rs.nu	1
artfiles.de	dcpserver.de	2
ipcom GmbH	winterkvist.com	4
Signet B.V.	hayah.nu	1
cloudns.net	solakuten.nu	1
ise-network.net	backupmaster.nu	1
loopia.se	95.253	1
WorldStream B.V.	WorldStream B.V.	22
GleSYS AB	hk.nu	1
ACTIVE 24, s.r.o.	pahe.nu	1
aname.net	cyranobistro.nu	1
GANDI SAS	x220.nu	1
Yelles AB	beautyhub.nu	1
InfraCom Connect AB	Tele2 SWIPnet	5
thednscompany.com	lumora.nu	1
aname.net	localhost	1
axc.nl	kielman.nu	1
blastport.com	mindgem.nu	1
nordkapp.net	nordkapp.net	7
Signet B.V.	doel.nu	1
DIGITALOCEAN-ASN	GOOGLE	48
Yelles AB	elysee.nu	1
Hetzner Online GmbH	brekelmans.nu	1
loopia.se	35.28	1
cloud86.nl	tuinen.nu	1
CLOUDFLARENET	photostudio.nu	1
milieudefensie.nl	milieudefensie.nl	2
Signet B.V.	los.nu	1
CLDIN B.V.	onlinespamfilter.com	1
AMAZON-02	starwebserver.se	9
TrueFullstaq B.V.	BIT BV	13
ballou.se	MICROSOFT-CORP-MSN-AS-BLOCK	16
Uniserver Internet B.V.	filtercluster.com	2
Signet B.V.	bkeuze.nu	1
Admax AB	mbox.nu	1
Signet B.V.	freestyle.nu	1
Hetzner Online GmbH	inktvis.nu	1
We Dare B.V.	hvs.nu	1
NUCDN	ibood.com	2
telecom3.net	a3mail.se	11
Yelles AB	ventilationssystem.nu	1
CLOUDFLARENET	cloud42.nu	1
era-it.nl	MICROSOFT-CORP-MSN-AS-BLOCK	1
GlobalConnect A/S	zenep.eu	5
Signet B.V.	deage.nu	1
CLOUDFLARENET	top-deurbeslag.nu	1
Signet B.V.	carrieregarantie.nu	1
Signet B.V.	villaforyou.nu	1
CJ2 Hosting B.V.	berkelmans.nu	1
exonet.nl	lubomax.nu	1
CLOUDFLARENET	Fastmail Pty Ltd	102
TrueFullstaq B.V.	Stichting DIGI NL	1
The Internet Engineering Group B.V.	hondenkussen.nu	1
cloud86.nl	bhvtraining.nu	1
CLOUDFLARENET	visitkarlstadmember.nu	1
bhosted.nl	Eurofiber Cloud Infra B.V.	129
BIT BV	shyne.nu	1
BIT BV	peluche.nu	1
CLOUDFLARENET	Stichting DIGI NL	12
LIQUIDWEB	carroll.nu	1
Signet B.V.	nextoffice.nu	1
LIQUIDWEB	xn--hgakusten-07a.nu	1
Yelles AB	zamore.nu	1
webess.nu	GOOGLE	1
ACTIVE 24, s.r.o.	matematikportalen.nu	1
CLDIN B.V.	kwakkelbv.nu	1
intention.nl	remotedesktop.nu	1
Yelles AB	neobank.nu	1
tikklik.com	tkservers.com	5
Signet B.V.	ontwikkelendbeheer.nu	1
cryptix.net	cryptix.net	1
CJ2 Hosting B.V.	fanclubs.nu	1
CLOUDFLARENET	Yelles AB	7
konformit.com	konformit.com	1
CLOUDFLARENET	warp9.nu	1
LIQUIDWEB	larock.nu	1
neostrada.nl	leefbewustlifestyle.nu	1
MICROSOFT-CORP-MSN-AS-BLOCK	RACKSPACE	1
one.com	CLOUDFLARENET	10
Yelles AB	drinkmix.nu	1
Signet B.V.	mx.microsoft	10
High5! B.V.	Hoasted B.V.	8
DIGITALOCEAN-ASN	yougo.nu	1
serviceprovider.nl	inkomstenbelastingbesparen.nu	1
Jakobstadsnejdens Telefon Ab	MICROSOFT-CORP-MSN-AS-BLOCK	3
Signet B.V.	livemusic.nu	1
Yelles AB	nlb.nu	1
ACTIVE 24, s.r.o.	reling.nu	1
DIGITALOCEAN-ASN	houseofshakti.nu	1
Signet B.V.	anonaddy.me	1
pp-company4.nl	srvnl.nl	2
DIGITALOCEAN-ASN	OVH SAS	10
ports.se	ACTIVE 24, s.r.o.	2
ANEXIA Internetdienstleistungs GmbH	Safenames Ltd.	1
ACTIVE 24, s.r.o.	emed.nu	1
zoneedit.com	One.com A/S	1
simatera.com	julemanden.nu	1
Netnod AB	GlobalConnect AB	1
smelink.se	staysecuregroup.com	1
neostrada.nl	flow-control.nu	1
CLOUDFLARENET	synoniemen.nu	1
dn-s.nl	connectivate.nu	1
LIQUIDWEB	elmen.nu	1
ultahost.com	bigbox.nu	1
cloudns.net	MICROSOFT-CORP-MSN-AS-BLOCK	14
Duocast B.V.	eur.nu	1
CLOUDFLARENET	ad.nu	1
comunity.nu	comunity.nu	1
Hetzner Online GmbH	ras.nu	1
muumuu-domain.com	GMO Internet Group, Inc.	6
MICROSOFT-CORP-MSN-AS-BLOCK	yoursrs.com	4
internetshop.nu	internetshop.nu	1
rzone.de	GOOGLE	9
one.com	msv1.invalid	6
nsec.dk	xn--jyskanlgsgartner-0ob.nu	1
thednscompany.com	broomans.nu	1
slampaq.com	GOOGLE	1
zoner.fi	GOOGLE-CLOUD-PLATFORM	2
webruimtehosting.nl	Stichting DIGI NL	1
GleSYS AB	lindvall.nu	1
fetaste.com	0km.se	1
Solcon Internetdiensten B.V.	imove.nu	1
Uniserver Internet B.V.	pouwels.nu	1
ACTIVE 24, s.r.o.	lundqvist.nu	1
DIGITALOCEAN-ASN	joukedejong.nu	1
team.blue Denmark A/S	Proton AG	19
Yelles AB	dvdfilm.nu	1
vanlogten.eu	arbeidsgeschil.nu	1
NETWORK-SOLUTIONS-HOSTING	xn--tandlkare24-p8a.nu	1
Cloud DNS Ltd	A2b Ip B.v.	20
CLOUDFLARENET	Proton AG	94
mijndnsserver.nl	GOOGLE	10
Signet B.V.	onlinedeurbeslag.nu	1
Intention B.V.	MICROSOFT-CORP-MSN-AS-BLOCK	15
Yelles AB	fastinfo.nu	1
esmero.nl	Esmero Holding B.V.	24
ACTIVE 24, s.r.o.	uniqcare.nu	1
cloud86.nl	priomedia.nu	1
msvit.dk	MICROSOFT-CORP-MSN-AS-BLOCK	2
GleSYS AB	thaiplus.nu	1
ACTIVE 24, s.r.o.	xn--kattfrskring-mcb3w.nu	1
CLOUDFLARENET	cclcc.nu	1
wallgrind.be	miamor.nu	1
AxByte Internet Services AB	webbpanelen.nu	1
srvnl.nl	frieten.nu	1
CLOUDFLARENET	ODERLAND Webbhotell AB	51
web-solutions.dk	web-solutions.eu	2
Yelles AB	fml.nu	1
Hetzner Online GmbH	skafferimat.nu	1
Signet B.V.	luchtkussens.nu	1
DIGITALOCEAN-ASN	GOOGLE-CLOUD-PLATFORM	5
Eurofiber Cloud Infra B.V.	irh.nu	1
ACTIVE 24, s.r.o.	industriellekonomi.nu	1
mijndnsserver.nl	theorie.nu	1
ACTIVE 24, s.r.o.	ludwigs.nu	1
crossnet.se	CLOUDFLARENET	10
ODERLAND Webbhotell AB	drivkraft.nu	1
domainserver.nl	convivium.nu	1
ACTIVE 24, s.r.o.	illumix.nu	1
cloudns.net	svearike.nu	1
mijn.host	MICROSOFT-CORP-MSN-AS-BLOCK	28
ACTIVE 24, s.r.o.	clementin.nu	1
nordkapp.net	MICROSOFT-CORP-MSN-AS-BLOCK	1
CLDIN B.V.	elektrische-tandenborstel.nu	1
Signet B.V.	mijnlab.nu	1
cewebhosting.nl	hmb.nu	1
Yelles AB	Loopia AB	1
One.com A/S	bedrive.nu	1
GlobalConnect AB	GlobalConnect AB	56
CLOUDFLARENET	compleet.email	4
Signet B.V.	birkman.nu	1
CLOUDFLARENET	carnibite.nu	1
One.com A/S	energielabelaanvragen.nu	1
ACTIVE 24, s.r.o.	sill.nu	1
LIQUIDWEB	mycloudmailbox.com	1
dn-s.nl	nekst.nu	1
storstein-nett.no	atris.nu	1
Yelles AB	gptp.nu	1
Arend Brouwer	mailplatform.eu	58
Serverius Holding B.V.	chatta.nu	1
mijn.host	Proton AG	4
Signet B.V.	viralairways.nu	1
ACTIVE 24, s.r.o.	bjerkis.nu	1
CJ2 Hosting B.V.	puzl.nu	1
granlundkommunikation.com	pakom.net	2
first-ns.de	flexlager.nu	1
webhostingserver.nl	kbenr.nu	1
webhostingserver.nl	biss.nu	1
Signet B.V.	mooiinmaatwerk.nu	1
register.it	balagan.nu	1
ACTIVE 24, s.r.o.	microblading.nu	1
ACTIVE 24, s.r.o.	malmborg.nu	1
dn-s.nl	hams.nu	1
CLOUDFLARENET	hardukoll.nu	1
HWJ Invest 2016 ApS	MICROSOFT-CORP-MSN-AS-BLOCK	1
Signet B.V.	thehealthtrain.nu	1
Signet B.V.	vdb.nu	1
GleSYS AB	inacloud.nu	1
DIGICERT	MICROSOFT-CORP-MSN-AS-BLOCK	26
ACTIVE 24, s.r.o.	capslock.nu	1
caveo.nl	kimskitchen.nu	1
Tele2 SWIPnet	nitroz.com	6
Signet B.V.	daytraden.nu	1
Signet B.V.	styft.nu	1
co.uk	AMAZON-02	9
team.blue Denmark A/S	rubix.nu	1
ACTIVE 24, s.r.o.	kavastu.nu	1
Signet B.V.	zeehaven.nu	1
ServeTheWorld AS	fosse.nu	1
loopia.se	fn-it.se	2
vps2-ewhosting.nl	MICROSOFT-CORP-MSN-AS-BLOCK	1
dn-s.nl	Enflow B.V.	1
GOOGLE	rzone.de	4
ACTIVE 24, s.r.o.	vtm.nu	1
CLOUDFLARENET	websec.nu	2
Miss Hosting AB	interfoto.nu	1
cloud86.nl	betweenthelines.nu	1
CLOUDFLARENET	pierre-kitchenappliances.nu	1
designrus.dk	designrus.dk	3
ITCONNECT Scandinavia AB	ITCONNECT Scandinavia AB	26
Miss Hosting AB	aquamarine.nu	1
ACTIVE 24, s.r.o.	asuscomm.com	1
Varnamo Energi AB	sdsab.se	4
serveriai.lt	UAB Interneto vizija	9
TrueFullstaq B.V.	cramm.nu	1
DIGITALOCEAN-ASN	klikklaar.nu	1
ACTIVE 24, s.r.o.	braincareinternational.nu	1
BIT BV	GOOGLE	10
ACTIVE 24, s.r.o.	martinalundstrom.nu	1
NetActuate, Inc	GOOGLE	7
ACTIVE 24, s.r.o.	eriksson.nu	1
CLDIN B.V.	oniion.nu	1
OVH SAS	caleta.nu	1
Signet B.V.	jonge.nu	1
ACTIVE 24, s.r.o.	lilla-hjartat.nu	1
CLDIN B.V.	havam.nu	1
ansluten.net	ansluten.net	7
mclabs.us	mcginnis.nu	1
Yelles AB	awardfares.nu	1
computator.se	computator.se	6
AMAZON-02	rundo.nu	1
magicservices.nl	financieeldoorpakken.nu	1
CLDIN B.V.	doopsgezind.nl	1
SINGLEHOP-LLC	fortress-of-solitude.nu	1
Signet B.V.	hanz.nu	1
introweb.nl	MICROSOFT-CORP-MSN-AS-BLOCK	13
Uniserver Internet B.V.	Signet B.V.	1
neostrada.nl	strandhuisjehuren.nu	1
dnsimple.com	GOOGLE	6
ANEXIA Internetdienstleistungs GmbH	Hostek AB	6
CLDIN B.V.	itcreation.nl	1
shockmedia.nl	isdatechtzo.nu	1
Yelles AB	kcal.nu	1
ACTIVE 24, s.r.o.	shopr.nu	1
Hetzner Online GmbH	Bastiaan Mathijs Brink	29
Wekudata AB	MICROSOFT-CORP-MSN-AS-BLOCK	13
Signet B.V.	settningskartan.nu	1
CLOUDFLARENET	bp.nu	1
loopia.se	mandrillapp.com	2
hostnet.nl	soulmindbody.nu	1
dhs12.nl	heijmans.nu	1
pharmeon.nl	uwzorgonline.nl	3
Yelles AB	halmstadtvc.nu	1
DIGITALOCEAN-ASN	senex.nu	1
Trans-iX B.V.	shareresources.nu	1
yourdomainprovider.net	CLOUDFLARENET	27
CLOUDFLARENET	netgamers.nu	1
Cygrids Communications AB	inkluderamera.nu	1
Signet B.V.	meerdimensionaal.nu	1
ACTIVE 24, s.r.o.	northport.nu	1
tuxis.net	MICROSOFT-CORP-MSN-AS-BLOCK	2
CLOUDFLARENET	Serverius Holding B.V.	2
Signet B.V.	presentie.nu	1
Signet B.V.	peroux.nl	1
rzone.de	interwebs.nu	1
Yelles AB	kung.nu	1
Yelles AB	animacare.nu	1
ACTIVE 24, s.r.o.	livingfood.nu	1
Telia Company AB	opalen.com	7
DIGITALOCEAN-ASN	bezinning.nu	1
Signet B.V.	visitqatar.nu	1
proisp.no	innotec.nu	1
SECURITYSERVICES	netbasics.nl	1
intellyhosting.be	intellyhosting.be	3
Trans-iX B.V.	Linfosys BV	18
ne.jp	takagi.nu	1
Signet B.V.	flower-of-life.nu	1
mijn.host	ZOHO-AS	2
linode.com	GOOGLE	11
DIGITALOCEAN-ASN	bolder.nu	1
dotster.com	arsmtp.com	1
Xserver Inc.	mimimi.nu	1
Mirror Partner Utveckling AB	MICROSOFT-CORP-MSN-AS-BLOCK	3
1i.nu	GOOGLE	1
dn-s.nl	ecs-services.nl	2
CLOUDFLARENET	advokatfirmansigvardsson.nu	1
aname.net	janne.nu	2
Tele2 SWIPnet	MICROSOFT-CORP-MSN-AS-BLOCK	19
axc.nl	videocamera.nu	1
Signet B.V.	CLOUDFLARENET	15
cloudns.net	tyko.nu	1
chosting.dk	tildelingskort.nu	1
cybacore.com	cybacore.com	1
Signet B.V.	graffiti.nu	1
GOOGLE	Stichting DIGI NL	3
je-eigen-domein.nl	Hetzner Online GmbH	27
loopia.se	presentgravyr.nu	1
loopia.se	itlund.se	1
One.com A/S	medischdrukwerk.nu	1
ipcom GmbH	xn--lnguiden-9za.nu	1
CLOUDFLARENET	keukenmonteren.nu	1
Yelles AB	dsf.nu	1
LIQUIDWEB	fristil.nu	1
hv-dns.com	LeaseWeb Netherlands B.V.	2
The Internet Engineering Group B.V.	oxland.nu	1
Cygrids Communications AB	GOOGLE	4
Yelles AB	stallakur.nu	1
second-ns.com	Hetzner Online GmbH	16
Signet B.V.	bite.nu	1
CLOUDFLARENET	gloriavictoria.nu	1
Net-Build GmbH	pm-international.nu	1
Hetzner Online GmbH	mondscanners.nu	1
caveo.nl	reis.nu	1
OVH SAS	sparportal.nu	1
cloud86.nl	herontdekken.nu	1
Yelles AB	operandi.nu	1
CLOUDFLARENET	GO-DADDY-COM-LLC	6
Yelles AB	utbildarna.nu	1
The Internet Engineering Group B.V.	Totaalnet Internet Works B.V.	45
One.com A/S	GOOGLE-CLOUD-PLATFORM	5
co.uk	Proton AG	1
ANEXIA Internetdienstleistungs GmbH	Cloudflare London, LLC	3
Yelles AB	geniusloci.nu	1
one.com	tyknet.dk	2
hostland.ru	photogallery.nu	1
CLDIN B.V.	breukelen.nu	1
hosted.nl	benzineprijs.nu	1
team.blue Denmark A/S	vandt.nu	1
yourdomainprovider.net	GOOGLE	4
dn-s.nl	rentyourcrane.nu	1
ACTIVE 24, s.r.o.	klk.nu	1
GleSYS AB	profundis.se	2
CLOUDFLARENET	kalkyl.nu	1
2makeitwork.nl	blinckschoon.nu	1
Bizway BV	bergerons.nu	1
loopia.se	GleSYS AB	9
Signet B.V.	bandenxl.nl	2
hosting2go.nl	Hosting 2 GO B.V.	41
Signet B.V.	sunspot.nu	1
ns1.zone	ijs.nu	1
Yelles AB	sverigehus.nu	1
ACTIVE 24, s.r.o.	burberry.nu	1
ACTIVE 24, s.r.o.	mrj.nu	1
CLDIN B.V.	bemmel-kroon.nl	1
srvnl.nl	MICROSOFT-CORP-MSN-AS-BLOCK	1
AMAZON-02	Signet B.V.	1
axc.nl	manifesterenkunjeleren.nu	1
DIGITALOCEAN-ASN	ruigrok.nu	1
CLOUDFLARENET	Sentia Denmark A/S	3
hosting2go.nl	maikel.nu	1
GleSYS AB	Admax AB	3
cmswe.net	MICROSOFT-CORP-MSN-AS-BLOCK	3
nmugroup.com	MICROSOFT-CORP-MSN-AS-BLOCK	8
CLDIN B.V.	omega-ict.nl	1
ACTIVE 24, s.r.o.	luftrum.nu	1
CLOUDFLARENET	aprile-benelux.nu	1
GleSYS AB	GOOGLE	43
CLOUDFLARENET	xn--lnutanskerhet-hfbi.nu	1
Uniserver Internet B.V.	ikverveelme.nu	1
analystict.com	pieterskerk.nu	1
LIQUIDWEB	systemq.nu	1
proisp.no	treppenlifter.nu	1
ACTIVE 24, s.r.o.	eai.nu	1
global-wire.eu	global-wire.fi	1
GlobalConnect AB	Loopia AB	3
ipcom GmbH	pianoflyttstockholm.nu	1
cloudns.net	Hetzner Online GmbH	6
Yelles AB	spiq.nu	1
ACTIVE 24, s.r.o.	latzke.nu	1
registrar-servers.com	omlrb.com	1
Infopact Netwerkdiensten B.V.	vanprooijen.nu	1
Signet B.V.	zorg-erp.nu	1
wk.se	GOOGLE	8
LIQUIDWEB	ewdl.nl	1
ACTIVE 24, s.r.o.	lidkopinghalkbana.nu	1
zoneedit.com	MICROSOFT-CORP-MSN-AS-BLOCK	5
webspring.se	gmj.nu	1
ACTIVE 24, s.r.o.	webedi.nu	1
registrar-servers.com	GOOGLE	27
websight-dns.com	websight.nl	1
GleSYS AB	021media.nu	1
Yelles AB	musclecars.nu	1
usi.nu	usi.nu	1
Signet B.V.	dreambuilding.nu	1
cloud86.nl	aandenken.nu	1
Signet B.V.	zuiderzeemuseum.nu	1
loopia.se	Hostek AB	5
Signet B.V.	falen.nu	1
GlobalConnect AB	CLOUDFLARENET	21
Yelles AB	judaica.nu	1
gigahost.dk	Sentia Denmark A/S	29
ns1.zone	topdeuren.nu	1
LIQUIDWEB	adrop.nu	1
hostingcore.domains	nedcomp.nl	4
CLOUDFLARENET	CLDIN B.V.	42
Signet B.V.	ctnet.nl	5
cloud86.nl	herres.nu	1
worldwidedns.net	DIGITALOCEAN-ASN	2
ACTIVE 24, s.r.o.	heral.nu	1
exsilia.net	Duocast B.V.	14
awsdns-03.net	Cloudflare London, LLC	3
SECURITYSERVICES	networking4all.com	1
internl.net	server.eu	61
hostdime.com	hawor.nu	1
internettoday.com	methorst.nu	1
ACTIVE 24, s.r.o.	tngl.nu	1
Yelles AB	tec.nu	1
Zylon	smartdeal.nu	1
hostingcore.domains	MICROSOFT-CORP-MSN-AS-BLOCK	1
mts-ip.net	danisco.com	1
ddrealm.com	circonfix.nu	1
Hetzner Online GmbH	raamfolieexpert.nu	1
Signet B.V.	stoprosacea.nu	1
tropics.nu	tropics.nu	1
Yelles AB	feminist.nu	1
Signet B.V.	iwa.nu	1
bb-dns.nl	boothuren.nu	1
lumik.se	Hetzner Online GmbH	1
one.com	Proton AG	18
LIQUIDWEB	visingso.nu	1
CLOUDFLARENET	Signet B.V.	25
CLOUDFLARENET	mhost.se	2
AMAZON-02	ne.jp	1
1984.is	1984.is	2
flexx-design.com	solidhealth.nu	1
shockmedia.nl	careleads.nu	1
server.plus	bar.nu	1
DIGITALOCEAN-ASN	hundforsakring.nu	1
LeaseWeb Netherlands B.V.	plein40-45.nu	1
rhs2.nl	leefvitaal.nu	1
foxfilm.com	foxfilm.com	1
one.com	compnet.dk	1
ACTIVE 24, s.r.o.	gerhardt.nu	1
BMS-AS	INCAPSULA	5
Signet B.V.	outdoorservices.nu	1
GlobalConnect AB	flak.nu	1
hostgator.com	rcs.nu	1
AUTOMATTIC	team.blue Denmark A/S	1
ports.se	SECURITYSERVICES	31
Sewan Nederland B.V.	MICROSOFT-CORP-MSN-AS-BLOCK	4
CLOUDFLARENET	frenks.nl	1
team.blue Denmark A/S	bmbyg.nu	1
GleSYS AB	WebSupport s.r.o.	1
DIGITALOCEAN-ASN	lankman.nu	1
Signet B.V.	ordeopzaken.nu	1
CLDIN B.V.	nyo.nu	1
yourdomainprovider.net	mrpotato.nu	1
ports.se	ODERLAND Webbhotell AB	2
CLOUDFLARENET	mijnspamfilter.nl	1
latitud.net	Bredband2 AB	4
Signet B.V.	emij.nl	3
digizonehosting.nl	nanai.nu	1
merlinis.nl	historytelling.nu	1
Yelles AB	trolling.nu	1
Yelles AB	hyreskontrakt.nu	1
linode.com	hogskoleprovet.nu	1
Signet B.V.	impactclub.nu	1
pin.se	sandstroms.nu	1
Signet B.V.	surfen.nu	1
Signet B.V.	loting.nu	1
driftshotellet.com	Hostek AB	23
ACTIVE 24, s.r.o.	lidingorunt.nu	1
firemultimedia.eu	grootobbink.nu	1
Hetzner Online GmbH	dutchbrand.nu	1
oderland.com	docks.nu	1
bthosting.eu	hhe.nu	1
OVH SAS	it-works.nu	1
Bluerange Sweden AB	Bluerange Sweden AB	12
pcldata.net	MICROSOFT-CORP-MSN-AS-BLOCK	3
Signet B.V.	ambiance-zonwering.nu	1
ports.se	elsamverkan.se	2
sihw.net	MICROSOFT-CORP-MSN-AS-BLOCK	1
CLOUDFLARENET	jlarsson.nu	1
CLOUDFLARENET	clusterhoofdpijn.nu	1
hostnet.nl	kh-metals.nu	1
Signet B.V.	copilot.nu	1
weservecluster.eu	ikwiladverteren.nu	1
servainet.com	hojen.nu	1
team.blue Denmark A/S	ungholbaek.nu	1
GOOGLE-CLOUD-PLATFORM	FIBIA P/S	30
NUCDN	Datacenter Luxembourg S.A.	9
Signet B.V.	rotterdamstevedoringservices.nu	1
kp-dns.com	leijser.nu	1
CLDIN B.V.	werkonline.nu	2
systemdrift.se	MICROSOFT-CORP-MSN-AS-BLOCK	7
internettoday.com	nienhaus.nu	1
ACTIVE 24, s.r.o.	reningsverk.nu	1
One.com A/S	qualicode.nu	1
combell.net	mtaroutes.com	1
Claranet Limited	Claranet Limited	26
One.com A/S	worklifeacademy.nu	1
Signet B.V.	skottelbraai.nu	1
loopia.se	gjuteriet.se	1
yourdomainprovider.net	vastgoedfinanciering.nu	1
Mark Weber Andersen	MICROSOFT-CORP-MSN-AS-BLOCK	2
team.blue Denmark A/S	Cloudflare London, LLC	2
ipcom GmbH	ODERLAND Webbhotell AB	7
mijndnsserver.nl	tinck.nu	1
srvnl.nl	ananda.nu	1
CLOUDFLARENET	regentonnen.nu	1
ispnoc.eu	MICROSOFT-CORP-MSN-AS-BLOCK	2
Eurofiber Cloud Infra B.V.	sugardate.nu	1
DIGITALOCEAN-ASN	graviditetstest.nu	1
CLOUDFLARENET	kidscorner.nu	1
wup.nu	wup.nu	1
Signet B.V.	perspectiefopwerken.nu	1
Yelles AB	xn--hst-qla.nu	1
incabus.net	MICROSOFT-CORP-MSN-AS-BLOCK	10
CLOUDFLARENET	cleancar.nu	1
Signet B.V.	surepay.nu	1
Hetzner Online GmbH	green-life.nu	1
dotserv.com	Atea A/S	42
Yelles AB	sslcheck.nu	1
ne.jp	pecori.nu	1
gakijken.net	walhalla.nu	1
Signet B.V.	metastart.nu	1
DIGICERT	One.com A/S	5
zoneedit.com	imhof.com	1
ordipat.fr	team.blue Denmark A/S	1
No ACK Group Holding AB	mailserv.nu	3
ports.se	ondonator.se	1
One.com A/S	rentabox.nu	1
CLDIN B.V.	boerenbusiness.nu	1
DIGITALOCEAN-ASN	gestel.nu	1
AMAZON-02	service.one	1
jbs-us.nl	jbs-us.nl	2
Signet B.V.	verfspullen.nu	1
LeaseWeb Netherlands B.V.	enterexchange.com	1
Signet B.V.	beukhoreca.nl	2
thednscompany.com	GOOGLE	10
LIQUIDWEB	surak.nu	1
secure-is.nl	registered-by-secure-is.nl	3
Eurofiber Cloud Infra B.V.	kan-het.nu	1
CLOUDFLARENET	kpb.nu	1
CLOUDFLARENET	purelymail.com	4
One.com A/S	MICROSOFT-CORP-MSN-AS-BLOCK	62
Hetzner Online GmbH	ambush.nu	1
cloudns.net	GOOGLE	18
Hetzner Online GmbH	kulturel.nu	1
GleSYS AB	irekvist.nu	1
cobytes.com	cobytes.email	2
MICROSOFT-CORP-MSN-AS-BLOCK	WebSupport s.r.o.	1
Signet B.V.	mapp.nl	1
team.blue Denmark A/S	ringsted.nu	1
MICROSOFT-CORP-MSN-AS-BLOCK	hybrd.nu	1
intendit.se	MICROSOFT-CORP-MSN-AS-BLOCK	14
ports.se	Hostek AB	9
tele2.net	GOOGLE	1
Signet B.V.	kenteken-check.nu	1
CLDIN B.V.	xlserver.net	7
One.com A/S	dorpshuus.nu	1
ACTIVE 24, s.r.o.	micab.nu	1
yourwebhoster.com	GOOGLE	5
Signet B.V.	gbn.nu	2
intendit.se	GlobalConnect A/S	15
CLDIN B.V.	ebbing.nu	1
ACTIVE 24, s.r.o.	mphoto.nu	1
Yelles AB	turkije.nu	1
CLOUDFLARENET	ZOHO Corporation B.V	43
Bahnhof AB	himmet.nu	1
GleSYS AB	bliglad.com	2
Signet B.V.	bizziphone.nu	1
b-smarthosting.net	brandknights.nu	1
ACTIVE 24, s.r.o.	matz.nu	1
GlobalConnect AB	stoppamachokulturen.nu	1
infrapod.nl	MICROSOFT-CORP-MSN-AS-BLOCK	5
Yelles AB	sundelins.nu	1
futuretrain.eu	huis-aan-huisbladen.nl	2
co.uk	MICROSOFT-CORP-MSN-AS-BLOCK	1
SECURITYSERVICES	agent25.nu	1
Cloud DNS Ltd	nhl-data.dk	4
Cygrids Communications AB	Loopia AB	2
Signet B.V.	qamx.nl	1
NUCDN	sellis.nu	1
ACTIVE 24, s.r.o.	peterholm.nu	1
wefact.nl	factuursturen.nu	1
hover.com	hostedemail.com	11
powerhosting.dk	DLX A/S	8
dnsatconviator.com	conviator.com	1
SECURITYSERVICES	NAMECHEAP-NET	25
ACTIVE 24, s.r.o.	truthsocial.nu	1
ACTIVE 24, s.r.o.	sandralarsson.nu	1
prits.nl	MICROSOFT-CORP-MSN-AS-BLOCK	1
shockmedia.nl	kpidashboard.nu	1
loopia.se	loopia.nu	1
wecloudithosting.nl	spamhq.nl	2
CLOUDFLARENET	pharmacyl.nu	1
analystict.com	ppe-hosted.com	1
milieudefensie.nl	milieudefensie.nu	1
Signet B.V.	tradeengine.nu	1
loopia.se	klintberg.nu	1
dbweb.ee	dbweb.ee	1
CLOUDFLARENET	anteckning.nu	1
Signet B.V.	motorleasen.nu	1
combell.net	MICROSOFT-CORP-MSN-AS-BLOCK	15
one.com	taxafyn.dk	1
ACTIVE 24, s.r.o.	grinde.nu	1
ACTIVE 24, s.r.o.	medd.nu	1
DIGITALOCEAN-ASN	ducs.nu	1
ACTIVE 24, s.r.o.	bodycoach.nu	1
loopia.se	ZOHO-AS	11
GleSYS AB	thomason.nu	1
LIQUIDWEB	raw.nu	1
Snel.com B.V.	secureonline.nl	4
High5! B.V.	MICROSOFT-CORP-MSN-AS-BLOCK	17
Signet B.V.	banqueting.nu	1
publishnet.nl	Eurofiber Cloud Infra B.V.	1
nivko.net	MICROSOFT-CORP-MSN-AS-BLOCK	1
acceleratic.nl	spamhq.nl	1
CLOUDFLARENET	nordicmart.nu	1
HURRICANE	Fastmail Pty Ltd	1
DIGITALOCEAN-ASN	APPLE-ENGINEERING	8
teol.net	dijaspora.nu	1
apricot.com	apricot.com	1
webruimtehosting.nl	sureshot.nu	1
CLOUDFLARENET	routit.net	4
register.it	team.blue Denmark A/S	1
CLOUDFLARENET	it-security.nu	1
netbiz.nl	Signet B.V.	1
Hetzner Online GmbH	inzicht.nu	1
shockmedia.nl	marktkwartier.nu	1
GOOGLE	lank.nu	1
mijn.host	GOOGLE	9
neostrada.nl	ycs.nu	1
Mediateknik i Varberg AB	oxo.nu	2
exsilia.net	bijzonder.nu	1
Yelles AB	konkursakuten.nu	1
Yelles AB	partnerreklam.nu	1
CLOUDFLARENET	ven.nu	1
d-server.nl	MICROSOFT-CORP-MSN-AS-BLOCK	2
greenhost.nl	MICROSOFT-CORP-MSN-AS-BLOCK	4
LIQUIDWEB	LIQUIDWEB	38
TrueFullstaq B.V.	procurios.net	3
loopia.se	gote.nu	9
dnssrv.nl	amsrv.net	1
web-solutions.dk	boligbeton.nu	1
Combell NV	Combell NV	14
Yelles AB	streamcentrum.nu	1
Yelles AB	tandvardscentralen.nu	1
ACTIVE 24, s.r.o.	hermanssons.nu	1
GOOGLE	fotoresor.nu	1
ACTIVE 24, s.r.o.	busck.nu	1
GOOGLE	flirts.email	7
standardbolag.se	MICROSOFT-CORP-MSN-AS-BLOCK	1
ACTIVE 24, s.r.o.	zmanfishing.nu	1
bhosted.nl	MICROSOFT-CORP-MSN-AS-BLOCK	19
as61349.net	MICROSOFT-CORP-MSN-AS-BLOCK	1
checkdomain.de	dogado GmbH	1
zakelijkbereikbaar.nl	chengdu.nu	1
afraid.org	mus.nu	1
dn-s.nl	mooileven.nu	1
neostrada.nl	MICROSOFT-CORP-MSN-AS-BLOCK	13
CLOUDFLARENET	rfc.nu	1
GOOGLE	WebSupport s.r.o.	9
TrueFullstaq B.V.	ookthuis.nu	1
european-server.com	MICROSOFT-CORP-MSN-AS-BLOCK	16
CLOUDFLARENET	haaning.nu	1
visimotion.nl	MICROSOFT-CORP-MSN-AS-BLOCK	2
ACTIVE 24, s.r.o.	edab.nu	1
123-dediserver107.biz	kroneman.nu	1
Signet B.V.	thuiszorg-twente.nu	1
SECURITYSERVICES	tyfon.net	1
one.com	Globalconnect As	7
CLOUDFLARENET	xn--srb-0nac.nu	1
affordable.media	GOOGLE	2
avency.de	ktr.com	1
mijn.host	Enflow B.V.	2
One.com A/S	ndg.nu	1
enbart.se	enbart.se	4
Previder B.V.	yellowline.nu	1
ACTIVE 24, s.r.o.	sushiyama.nu	1
CLOUDFLARENET	jetshop.nu	1
ORACLE-BMC-31898	GOOGLE	20
broadview.se	distans.nu	1
is-fun.net	is-fun.net	3
Miss Hosting AB	minwebb.nu	1
naamservert.nl	inrichten.nu	1
ACTIVE 24, s.r.o.	sent.nu	1
oderland.com	ZOHO Corporation B.V	3
aname.net	antispamgw.host	23
Miss Hosting AB	hyresguiden.nu	1
DIGITALOCEAN-ASN	dommershuijzen.nu	1
ACTIVE 24, s.r.o.	cber.nu	1
dns.services	MICROSOFT-CORP-MSN-AS-BLOCK	8
ballou.se	GOOGLE	5
NUCDN	SECURITYSERVICES	11
webone.se	Tele2 SWIPnet	18
Signet B.V.	pzl.nu	1
ACTIVE 24, s.r.o.	tuttul.nu	1
DIMENOC	ijmuiden.nu	1
site4now.net	site4now.net	4
cloudserverpro.nl	MICROSOFT-CORP-MSN-AS-BLOCK	1
OVH SAS	isoo.nu	1
Yelles AB	nationen.nu	1
AMAZON-02	directeenbaan.nu	1
nlkoddos.com	ZOHO Corporation B.V	1
One.com A/S	gisolf.nu	1
litehosting.be	litehosting.nl	2
Cygrids Communications AB	kombipooler.nu	1
co.uk	blastchiller.nu	1
ACTIVE 24, s.r.o.	mittsmartahem.nu	1
Signet B.V.	hostedemail.com	2
kb-development.nl	vakschilder.nu	1
Bluerange Sweden AB	GOOGLE	1
redbackinternet.net	manx.nu	1
mijndnsserver.nl	mineralactive.nu	1
Cloud DNS Ltd	Proton AG	1
DIGITALOCEAN-ASN	voa.nu	1
thednscompany.com	Fastmail Pty Ltd	1
gransy.com	onlineshop.nu	1
CLOUDFLARENET	byjacobs.nu	1
Hetzner Online GmbH	tunnel.nu	1
Signet B.V.	asbestverwijdering.nu	1
basenet.com	DIGITALOCEAN-ASN	2
duocast.net	quickhost.nl	2
Signet B.V.	bles.nu	1
Mirror Partner Utveckling AB	mirror.se	6
InterNetX GmbH	Hostek AB	2
One.com A/S	praktijkwelzijn.nu	1
Signet B.V.	datzaljeleren.nu	1
bookly.nu	bookly.nu	1
loopia.se	Blix Solutions AS	3
Yelles AB	foretagsrekonstruktioner.nu	1
atom86 BV	riskmanagement.nu	1
mybackoffice.nu	mybackoffice.nu	1
webhostingserver.nl	sthubert.nu	1
Contabo GmbH	fttptrailerparts.nu	1
tele2.net	MICROSOFT-CORP-MSN-AS-BLOCK	2
sectigoweb.com	MICROSOFT-CORP-MSN-AS-BLOCK	14
LIQUIDWEB	nyblom.nu	1
oderland.com	othercloud.nu	1
AMAZON-02	ivo.nu	1
hostserv.eu	may.nu	1
cloudvoor.com	cloudvoor.nl	2
CLOUDFLARENET	OVH SAS	13
Signet B.V.	duc.nu	1
CLOUDFLARENET	ariellepost.nu	1
Signet B.V.	vuurwerk-visie.nu	1
Yelles AB	bettingsider.nu	1
CIRA-CLOUD2	buildit.net	6
netim.net	ZOHO-AS	1
ACTIVE 24, s.r.o.	brandkurs.nu	1
ittre.nu	ittre.nu	1
One.com A/S	tussentijd.nu	1
Yelles AB	elden.nu	1
ipcom GmbH	hgn.nu	1
DIGITALOCEAN-ASN	cep.nu	1
DIGITALOCEAN-ASN	COGENT-174	1
hix.nl	cigo.nu	1
Signet B.V.	fxx.nu	1
Signet B.V.	vaart.nu	1
LIQUIDWEB	kyrr.nu	1
ports.se	GlobalConnect AB	7
CLOUDFLARENET	z8.nu	1
TrueFullstaq B.V.	gejo-bikeparts.nu	1
Yelles AB	istid.nu	1
datafant.se	pophist.se	2
loopia.se	msv1.invalid	11
mobelict.nl	heboverhuur.nu	1
dn-s.nl	herenhuis.nu	1
CLDIN B.V.	grondverkopen.nu	1
ACTIVE 24, s.r.o.	zedcom.se	2
CLOUDFLARENET	grafton.nu	1
altidata.net	MICROSOFT-CORP-MSN-AS-BLOCK	1
camperplaats.nu	camperplaats.nu	1
etableraweb.com	Hetzner Online GmbH	18
AUTOMATTIC	Webbkonsulterna i Jamtland AB	1
DIGITALOCEAN-ASN	brans.nu	1
Yelles AB	enroth.nu	1
ilait.se	inumbo.com	2
ORACLE-BMC-31898	thehostingplatform.com	4
CLOUDFLARENET	romerskasiffror.nu	1
abedns.net	fabas.se	1
Uniserver Internet B.V.	ragas.nu	1
assistweb.nl	MICROSOFT-CORP-MSN-AS-BLOCK	2
ACTIVE 24, s.r.o.	designbynorden.nu	1
Yelles AB	axentius.se	2
Hetzner Online GmbH	vstgn.nu	1
Computel Standby BV	wehaveaplan.nl	1
Cygrids Communications AB	projektering.nu	1
team.blue Denmark A/S	admin-securefirst.dk	6
ACTIVE 24, s.r.o.	corrosioncontrol.nu	1
One.com A/S	lesonline.nu	1
dn-s.nl	questo.nu	1
cloud86.nl	fina.nu	1
ACTIVE 24, s.r.o.	bransle.nu	1
essnshosting.nl	trainbox.nu	1
maxnet.se	maxnet.se	3
vservs.com	MICROSOFT-CORP-MSN-AS-BLOCK	2
supremedns.com	supremebox.com	3
2com2.eu	buyten.nu	1
Hetzner Online GmbH	heimdalsecurity.com	1
Yelles AB	motorcykelkorkort.nu	1
CJ2 Hosting B.V.	cj2hosting.nl	1
edb.com	bgc.se	1
SURF B.V.	MICROSOFT-CORP-MSN-AS-BLOCK	5
CLOUDFLARENET	dayan.nu	1
Yelles AB	guldklubben.nu	1
one.com	regius.nu	1
TrueFullstaq B.V.	coacht.nu	1
ANEXIA Internetdienstleistungs GmbH	SECURITYSERVICES	18
laurila.solutions	laurila.nu	1
mijndnsserver.nl	onlydance.nu	1
ports.se	norra-masthugget.nu	1
WHG Hosting Services Ltd	dook.nu	1
sohosted21.com	CLDIN B.V.	2
g1ga.net	plaatbewerking.nu	1
OVH SAS	iedereenaanboord.nu	1
flexyz.hosting	flexfilter.net	1
srvnl.nl	supplementen.nu	1
thednscompany.com	cirq.nu	1
CLOUDFLARENET	slackware.nu	1
ipcom GmbH	xn--elektriker-jrflla-1qbc.nu	1
triple-interactive.com	pauzeknop.nu	1
exonet.nl	innovatieloods.nu	1
Signet B.V.	vindiklief.nu	1
ne.jp	nrgist.nu	1
routing.net	routing.net	4
Yelles AB	arkivportalen.nu	1
Tele2 SWIPnet	Tele2 SWIPnet	31
OVH SAS	vloer.nu	1
frickle.net	frickle.com	2
CLOUDFLARENET	loodgieteraanhuis.nu	1
Signet B.V.	kookboeken.nu	1
smartdns.se	pensionsfonder.nu	1
axc.nl	mailking24.com	4
dvhosting.cloud	MICROSOFT-CORP-MSN-AS-BLOCK	1
LIQUIDWEB	kjaergaard.nu	1
SECURITYSERVICES	domainnetwork.se	2
GOOGLE	One.com A/S	85
UpCloud Ltd	MICROSOFT-CORP-MSN-AS-BLOCK	4
team.blue Denmark A/S	drk.nu	1
CLOUDFLARENET	viterra.nu	1
Cloud DNS Ltd	MICROSOFT-CORP-MSN-AS-BLOCK	24
estreetdns.com	AMAZON-02	1
Signet B.V.	rodrigo.nu	1
fekahost.nl	slachtoffer.nu	1
CLOUDFLARENET	fyn.nl	2
Yelles AB	bjorlin.nu	1
Bahnhof AB	inkclub.se	9
AMAZON-02	lejbil.nu	1
introweb.nl	GOOGLE	1
One.com A/S	bruin.nu	1
Vaggeryds Energi AB	skilltryck.se	3
Schokker IT B.V.	GOOGLE	2
Serverius Holding B.V.	indiv.nu	1
Yelles AB	muggfabriken.nu	1
budgettopserver.nl	buitenleven.nu	1
Signet B.V.	opkantoor.nu	1
Signet B.V.	rodruza.nu	1
LEVEL3	remaljeringsbolaget.nu	1
CLOUDFLARENET	vvio.nu	1
AMAZON-02	domain.se	1
LIQUIDWEB	mp3b.nu	1
impression.nl	impression.nu	1
team.blue Denmark A/S	APPLE-ENGINEERING	20
Previder B.V.	Previder B.V.	32
mijndnsserver.nl	magnapainting.nu	1
rapidehosting.nl	rapidehosting.nl	4
SINGLEHOP-LLC	tsuki.nu	1
anycastclouds.com	ppe-hosted.com	1
ACTIVE 24, s.r.o.	vippelius.nu	1
CLDIN B.V.	eqeep.nu	1
One.com A/S	GOOGLE	16
finnaholm.se	finnaholm.se	1
Uniserver Internet B.V.	uitproberen.nu	1
GlobalConnect AB	GOOGLE	12
SECURITYSERVICES	zublinox.nu	1
CLOUDFLARENET	purehelp.nu	1
ACTIVE 24, s.r.o.	underwater.nu	1
ACTIVE 24, s.r.o.	leasbyte.nu	1
dn-s.nl	bcb.nu	1
abedns.net	SQUIXA PTY LIMITED	1
Cubic Circle B.V.	Cubic Circle B.V.	5
hosting-extra.nl	lkkr.nu	1
loopia.se	Soverin B.V.	1
robiz-hosting.nl	MICROSOFT-CORP-MSN-AS-BLOCK	1
NUCDN	GOOGLE	5
Signet B.V.	workation.nu	1
mijndnsserver.nl	paintoutlet.nu	1
tehrinny.com	quicksilver.nu	1
LIQUIDWEB	xn--profilklder-s8a.nu	1
axc.nl	bomont.nu	1
je-eigen-domein.nl	buitenkader.nu	1
Signet B.V.	vdkolk.nu	1
GleSYS AB	niceland.nu	1
team.blue Denmark A/S	novaxfamily.dk	2
Fundaments B.V.	mid.world	1
hostnet.nl	cosmeceutical.nu	1
jengu.se	xn--rhngen-cua5l.nu	1
ACTIVE 24, s.r.o.	svenskavarmepumpar.nu	1
safebrands.com	reprotection.nu	1
Yelles AB	tidsfri-online.nu	1
SECURITYSERVICES	stepstone.com	1
UKDedicated LTD	fsec.nu	1
One.com A/S	wijonline.nu	1
Yelles AB	husbilsresa.nu	1
HURRICANE	GOOGLE	16
dotserv.com	MICROSOFT-CORP-MSN-AS-BLOCK	5
ACTIVE 24, s.r.o.	dikur.nu	1
Yelles AB	sjostedt.nu	1
mrparker.nl	pefc.nu	1
thednscompany.com	livesessions.nl	4
yourwebhoster.com	DIGITALOCEAN-ASN	1
ACTIVE 24, s.r.o.	ssij.nu	1
Signet B.V.	stav.nu	1
Signet B.V.	trademark-office.nu	1
Signet B.V.	nicovermaas.nu	1
CLOUDFLARENET	develuwe.nu	1
NUCDN	Hetzner Online GmbH	16
mijndnsserver.nl	supermarkten.nu	1
hostnet.nl	sophos.com	1
ACTIVE 24, s.r.o.	travers.nu	1
serviceprovider.nl	salu.nu	1
Cygrids Communications AB	silverbage.nu	1
LIQUIDWEB	nordicmusic.nu	1
SavMAN AB	MICROSOFT-CORP-MSN-AS-BLOCK	11
Signet B.V.	smakelijkleven.nu	1
Stichting DIGI NL	chauffeurs.nu	1
yourdomainprovider.net	businessmatch.nu	1
e-wave.nl	rioolontstopping.nu	1
hostnet.nl	msv1.invalid	3
Signet B.V.	goinglocal.nu	1
ACTIVE 24, s.r.o.	kakkutukku.nu	1
Yelles AB	z3.nu	1
Signet B.V.	privateequity.nu	1
tdnx.net	happyice.nu	1
ACTIVE 24, s.r.o.	kongahalla.nu	1
ynserver.nl	ouderengeneeskunde.nu	1
phdns16.es	inco.nu	1
pcwestlandhosting3.nl	MICROSOFT-CORP-MSN-AS-BLOCK	1
Signet B.V.	vloerenboulevard.nu	1
domeinnaam-systeem.nl	ilex.nu	1
SavMAN AB	reklamia.nu	1
IONOS SE	prinsesse.nu	1
team.blue Denmark A/S	One.com A/S	5
TrueFullstaq B.V.	Cyso Group B.V.	3
SECURITYSERVICES	GOOGLE-CLOUD-PLATFORM	8
DIGITALOCEAN-ASN	Soverin B.V.	2
Bahnhof AB	headsite.se	7
ACTIVE 24, s.r.o.	infosec.nu	1
CLOUDFLARENET	traumapsykologerna.nu	1
CLOUDFLARENET	bilskrotarna.nu	1
AxByte Internet Services AB	Loopia AB	1
Hetzner Online GmbH	kink.nu	1
loopia.se	jni.nu	1
CLOUDFLARENET	energieverbruik.nu	1
webxtra.net	ook.nu	1
britt.se	MICROSOFT-CORP-MSN-AS-BLOCK	2
GleSYS AB	pratbubbla.nu	1
hosted.nl	groendoen.nu	1
invid.se	MICROSOFT-CORP-MSN-AS-BLOCK	2
SECURITYSERVICES	team.blue Denmark A/S	2
Signet B.V.	stillmoving.nu	1
DIGITALOCEAN-ASN	devmanhosting.com	1
Signet B.V.	zelfmoord.nu	1
upg.se	RUN Communications AB	3
GleSYS AB	gabriellas.nu	1
DIGICERT	Proton AG	1
Hetzner Online GmbH	datageletterdheid.nu	1
ports.se	lyckohjul.nu	1
rzone.de	MICROSOFT-CORP-MSN-AS-BLOCK	10
Signet B.V.	chimp.nu	1
yourwebhoster.com	comprax.nl	1
ORACLE-BMC-31898	MICROSOFT-CORP-MSN-AS-BLOCK	6
Yelles AB	infobanken.nu	1
Yelles AB	montera.nu	1
one.com	ekmanevent.se	3
GlobalConnect AB	MICROSOFT-CORP-MSN-AS-BLOCK	32
SECURITYSERVICES	idatanet.com	8
ilait.se	computator.se	1
CLOUDFLARENET	Wix.com Ltd.	1
loopia.se	timarco.se	9
ACTIVE 24, s.r.o.	jajk.nu	1
cloudvps.com	MICROSOFT-CORP-MSN-AS-BLOCK	1
ACTIVE 24, s.r.o.	mimek.nu	1
totaal.net	totaal.net	3
idcfcloud.com	ne.jp	1
veda.nu	vedaweb.nl	2
GleSYS AB	makkonen.nu	1
ACTIVE 24, s.r.o.	indi.nu	1
LIQUIDWEB	terapi.nu	1
ACTIVE 24, s.r.o.	yvonne.nu	1
whirlwind.nl	Global-e ICT solutions B.V.	8
stopdeprop.nu	stopdeprop.nu	1
ACTIVE 24, s.r.o.	h8.nu	1
budgetdomainserver.nl	onlinebetalen.nu	1
Signet B.V.	onlinebestellen.nu	1
cargo.site	AMAZON-02	4
DIGITALOCEAN-ASN	rooijackers.nu	1
ACTIVE 24, s.r.o.	gladaapan.nu	1
CLDIN B.V.	mind-shift.nu	1
ports.se	packhusplatsen.nu	1
mirva.io	MICROSOFT-CORP-MSN-AS-BLOCK	7
hyp.net	Nexthop AS	2
CLOUDFLARENET	rizzy.nu	1
hosted.nl	tuinontwerponline.nu	1
Yelles AB	vvh.nu	1
ports.se	frixol.nu	1
ACTIVE 24, s.r.o.	saljadinelbil.nu	1
Akamai International B.V.	asp4all.nl	4
dn-s.nl	clubsam.nu	1
team.blue Denmark A/S	aktivitetspark.nu	1
Yelles AB	klick.nu	1
Signet B.V.	cartridges.nu	1
CLOUDFLARENET	apexdental.nu	1
ACTIVE 24, s.r.o.	saxon.nu	1
Signet B.V.	artinc.nu	1
perf1.com	Nameshield SAS	3
One.com A/S	mindovermatter.nu	1
HURRICANE	grannsam.nu	1
ne.jp	orthod.nu	1
ACTIVE 24, s.r.o.	dixongolf.nu	1
34sp.com	34sp.com	2
One.com A/S	wisdominbusiness.nu	1
lumik.se	GOOGLE	24
LIQUIDWEB	hovkapellet.nu	1
dnsserv.eu	mailserv.nu	3
ACTIVE 24, s.r.o.	xn--krkortspoddenstr-mwb.nu	1
Telia Company AB	teliahosted.se	1
ACTIVE 24, s.r.o.	chikan.nu	1
ramnode.com	obama.nu	1
simatera.com	juristfirman.nu	1
One.com A/S	alivio.nu	1
matreondns.net	exper.nu	1
CLOUDFLARENET	hyreshem.nu	1
arrowdns.nl	kiesgroen.nu	1
Signet B.V.	privateleasedeals.nu	1
Signet B.V.	fdbusiness.nu	1
Cygrids Communications AB	missmod.nu	1
csihosting.se	alvesta.nu	1
CLOUDFLARENET	emejl.nu	1
DIGITALOCEAN-ASN	muziekschool.nu	1
Signet B.V.	dinp.nu	1
The Internet Engineering Group B.V.	zitzak.nu	1
internl.net	Totaalnet Internet Works B.V.	7
ACTIVE 24, s.r.o.	matematikportal.nu	1
CLOUDFLARENET	casino-utan-licens.nu	1
ne.jp	yoshida.nu	1
loopia.se	kratz.nu	1
DIGITALOCEAN-ASN	kantoorpruim.nu	1
The Internet Engineering Group B.V.	hostingdiscounter.nu	1
GleSYS AB	lian.nu	1
dn-s.nl	mobility40.nu	1
ACTIVE 24, s.r.o.	spat.nu	1
cloud86.nl	remedialteaching.nu	1
Yelles AB	slutaroka.nu	1
webbyroo.com	MICROSOFT-CORP-MSN-AS-BLOCK	1
CLOUDFLARENET	ashkan.nu	1
CLOUDFLARENET	medid.eu	4
nmugroup.com	GOOGLE	3
iplace.se	MICROSOFT-CORP-MSN-AS-BLOCK	6
cloud86.nl	krachtigkiezen.nu	1
brandbyhand.dk	GOOGLE	1
Signet B.V.	aqa.nu	1
ne.jp	osaka.nu	1
ANEXIA Internetdienstleistungs GmbH	Nordisk Media Utveckling AB	4
eurovps.com	granlunds.nu	1
ACTIVE 24, s.r.o.	u1.nu	1
loopia.se	kalmarit.com	1
wabbes.nl	tvo.nu	1
CLDIN B.V.	roosteren.nu	1
CLOUDFLARENET	greensun.nu	1
LIQUIDWEB	joyofpainting.nu	1
Signet B.V.	keukendemontage.nu	1
Yelles AB	bildverket.nu	1
CLOUDFLARENET	stephanie.nu	1
ing-steen.se	GOOGLE	1
muumuu-domain.com	muumuu-mail.com	2
mijndnsserver.nl	autoschade.nu	1
LIQUIDWEB	lillevik.nu	1
xolution.se	xonet.nu	1
Signet B.V.	vormvast.nu	1
Miss Hosting AB	osterlund.nu	1
vkd.nl	Eurofiber Cloud Infra B.V.	4
myh2oservers.com	mtaroutes.com	1
ACTIVE 24, s.r.o.	xim.nu	1
oderland.com	Proton AG	7
aname.net	televerket.net	1
awsdns-14.org	AMAZON-02	1
DIGITALOCEAN-ASN	productiviteitsmanager.nu	1
ODERLAND Webbhotell AB	textilonnet.nu	1
CLOUDFLARENET	holmbergonline.nu	1
NewVM B.V.	isaac-cycle.nu	1
CLDIN B.V.	onetrail.net	1
One.com A/S	derechtswinkel.nu	1
guagua.fi	guagua.fi	1
ACTIVE 24, s.r.o.	proshop.nu	1
CLOUDFLARENET	chatgirl.nu	1
CLDIN B.V.	crosshatch.nu	1
AMAZON-02	ZOHO Corporation B.V	4
Signet B.V.	wegvanafval.nu	1
one.com	addiad.nu	1
Signet B.V.	newwaytoday.nu	1
Signet B.V.	machupicchu.nu	1
ACTIVE 24, s.r.o.	tadega.nu	1
name-services.com	nu4.nu	1
OVH SAS	tou.nu	1
ACTIVE 24, s.r.o.	xn--tandhlsocenter-9hb.nu	1
Fundaments B.V.	GOOGLE	5
sdca.sh	GOOGLE-CLOUD-PLATFORM	1
pp.se	artal.nu	1
ACTIVE 24, s.r.o.	eklof.nu	1
HURRICANE	cloudmail.se	1
ACTIVE 24, s.r.o.	saveco.nu	1
serviceprovider.nl	Signet B.V.	19
onlineondernemers.nl	totalpellets.nu	1
MICROSOFT-CORP-MSN-AS-BLOCK	Akenes SA	5
yourdomainprovider.net	meelwormen.nu	1
mijnencloud.nl	koerselman.nu	1
powerhosting.se	MICROSOFT-CORP-MSN-AS-BLOCK	3
ipcom GmbH	flyttfirmabromma.nu	1
triple-interactive.com	klassewerk.nu	1
loopia.se	anderss0n.nu	1
ACTIVE 24, s.r.o.	xn--bttaxi-iua.nu	1
One.com A/S	briel.nu	1
Signet B.V.	vphost.nl	1
ACTIVE 24, s.r.o.	kjellqvist.nu	1
Yelles AB	jackpotspel.nu	1
4bisnl.net	4bis.nl	5
TrueFullstaq B.V.	CLOUDFLARENET	4
dn-s.nl	takestwo.nu	1
neostrada.nl	unyk.nu	1
hcdns.nl	marklin.nu	1
umt.se	MICROSOFT-CORP-MSN-AS-BLOCK	1
ACTIVE 24, s.r.o.	xn--hjlm-moa.nu	1
CLDIN B.V.	kingston.nu	1
Miss Hosting AB	gratisseks.nu	1
Signet B.V.	kabelkrant.nu	1
passiveisp.com	passiveisp.com	1
ferryguide.nu	ferryguide.nu	1
Hagloef & Nordkvist Internet AB	MICROSOFT-CORP-MSN-AS-BLOCK	2
Signet B.V.	forten.nu	1
GleSYS AB	smedlund.nu	1
CLOUDFLARENET	foodtec.nu	1
ACTIVE 24, s.r.o.	msdesign.nu	1
aldorhosting.com	petwareshop.nu	1
stric.nl	MICROSOFT-CORP-MSN-AS-BLOCK	4
Miss Hosting AB	vipcasino.nu	1
gracenet.org	chabad.nu	1
ACTIVE 24, s.r.o.	xn--vrbergstoppen-pfb.nu	1
ACTIVE 24, s.r.o.	valross.nu	1
ilait.se	entos.se	6
ACTIVE 24, s.r.o.	anatom.nu	1
Telia Company AB	all4u.nu	1
online.net	online.net	1
ACTIVE 24, s.r.o.	cellist.nu	1
qbixx.nl	theoriginal.nu	1
Yelles AB	Proton AG	14
Serverius Holding B.V.	codec.nu	1
Vertixo BV	railtv.nu	1
dn-s.nl	ruimtevoorverbinding.nu	1
dylanit.nl	MICROSOFT-CORP-MSN-AS-BLOCK	1
QUIC-CLOUD	chania.nu	1
mijn.host	ZOHO Corporation B.V	1
dn-s.nl	blinddate.nu	1
CLOUDFLARENET	jesperpersson.nu	1
CLOUDFLARENET	kramar.nu	1
Signet B.V.	pmpo.nu	1
rackfish.net	GlobalConnect AB	7
LIQUIDWEB	hkr.nu	1
The Internet Engineering Group B.V.	qatar22.nu	1
CLOUDFLARENET	tacticalsports.nu	1
ACTIVE 24, s.r.o.	fixitservice.nu	1
CLOUDFLARENET	diergeneeskunde.nu	1
CLOUDFLARENET	designtak.nu	1
ACTIVE 24, s.r.o.	minsko.nu	1
ACTIVE 24, s.r.o.	nit.nu	1
laurijn.com	yourcontrol.nu	1
GleSYS AB	empoli.nu	1
CLOUDFLARENET	treffik.nu	1
CLOUDFLARENET	hjorton.nu	1
1984.is	valtersson.nu	1
Signet B.V.	effi.nu	1
it-bas.net	Hostek AB	12
CLOUDFLARENET	lilinya.nu	1
axc.nl	CLDIN B.V.	74
computergarden.se	MICROSOFT-CORP-MSN-AS-BLOCK	2
ACTIVE 24, s.r.o.	besiktat.nu	1
Signet B.V.	hollandcasino.nu	1
DIGICERT	servage.net	3
CLOUDFLARENET	nigol.nl	3
ACTIVE 24, s.r.o.	lisalove.nu	1
loopia.se	cloudsson.net	1
chosting.dk	ahop.nu	1
griffel.se	svebe.se	1
DIGICERT	degosoft.nl	1
baresso.nu	baresso.nu	1
exactnet.nl	dynaforce.nu	1
caveo.nl	in2ip.net	1
LEASEWEB-USA-SFO	GOOGLE	6
loopia.se	friprogramvarusyndikatet.se	1
CLOUDFLARENET	fasadskyltar.nu	1
dnscentral.com	dnscentral.com	6
dn-s.nl	vakbond.nu	1
Previder B.V.	MICROSOFT-CORP-MSN-AS-BLOCK	7
GleSYS AB	shinedata.se	1
ACTIVE 24, s.r.o.	bjerkhaug.nu	1
hostnet.nl	freshdesign.nu	1
MICROSOFT-CORP-MSN-AS-BLOCK	weland.com	1
ACTIVE 24, s.r.o.	giftboxofsweden.nu	1
The Internet Engineering Group B.V.	tiscomhosting.nu	1
codyco.net	CLOUDFLARENET	2
Signet B.V.	mijnspamfilter.nl	1
Signet B.V.	janroz.nu	1
ACTIVE 24, s.r.o.	lucon.nu	1
Signet B.V.	residentie.nu	1
LIQUIDWEB	ZOHO-AS	4
aname.net	stabbe.nu	1
UKDedicated LTD	polite.nu	1
weserveyou.eu	godcast.nu	1
CLOUDFLARENET	btyg.nu	1
CLOUDFLARENET	helsingborg.nu	1
ACTIVE 24, s.r.o.	thepublic.nu	1
ACTIVE 24, s.r.o.	2ms.nu	1
hosted-power.com	vacuumpomp.nu	1
niconet.se	niconet.se	1
je-eigen-domein.nl	GOOGLE	3
LIQUIDWEB	gunnar.nu	1
CLOUDFLARENET	levanders.nu	1
CLOUDFLARENET	cannonworks.nu	1
sitebytes.nl	CLDIN B.V.	28
cloud86.nl	gaudium.nu	1
LIQUIDWEB	hinterland.nu	1
dns.sb	Fastmail Pty Ltd	1
ipcom GmbH	husrenoveringstockholm.nu	1
Yelles AB	miniband.nu	1
Signet B.V.	unieck.nu	1
hostnet.nl	maxicultura.nu	1
Liden Data Internetwork AB	MICROSOFT-CORP-MSN-AS-BLOCK	17
CLOUDFLARENET	neotech.nu	1
ipcom GmbH	ZOHO Corporation B.V	6
LIQUIDWEB	oxenberg.nu	1
exsilia.net	kamstra.nu	1
CLOUDFLARENET	leefstijlspecialist.nu	1
zoneedit.com	sniffa.nu	1
DirectVPS B.V.	t-box.nu	1
CLOUDFLARENET	Fundaments B.V.	5
Yelles AB	xn--bytlgenhet-t5a.nu	1
CLOUDFLARENET	intermixmail.nl	2
Signet B.V.	dryjanuary.nu	1
webserversystems.com	dns.nu	1
SECURITYSERVICES	bolibompa.nu	1
DIGITALOCEAN-ASN	afferden.nu	1
MICROSOFT-CORP-MSN-AS-BLOCK	semler.dk	3
GOOGLE	63.167	1
GleSYS AB	ops.se	3
itamin.nu	MICROSOFT-CORP-MSN-AS-BLOCK	5
ACTIVE 24, s.r.o.	allit.nu	1
ACTIVE 24, s.r.o.	constrictor.nu	1
ACTIVE 24, s.r.o.	kylochfrys.nu	1
ports.se	Tele2 SWIPnet	29
Uniserver Internet B.V.	primadeals.nu	1
Yelles AB	alistan.nu	1
CLDIN B.V.	links.nu	1
The Internet Engineering Group B.V.	woning-verhuren.nu	1
Hetzner Online GmbH	jazzman.nu	1
ACTIVE 24, s.r.o.	parnu.nu	1
team.blue Denmark A/S	FIBIA P/S	2
AMAZON-02	axs.com	4
winlin-net.be	MICROSOFT-CORP-MSN-AS-BLOCK	1
ACTIVE 24, s.r.o.	kullagatan.nu	1
pin.se	InfraCom Managed Services AB	17
ACTIVE 24, s.r.o.	oreds.nu	1
DIGITALOCEAN-ASN	kledingkopen.nu	1
voxio.de	sportconnect.nu	1
CLOUDFLARENET	cpdmail.nl	1
CLOUDFLARENET	hedging.nu	1
hyp.net	elit.info	1
Infopact Netwerkdiensten B.V.	Infopact Netwerkdiensten B.V.	39
ODERLAND Webbhotell AB	entreprenor.nu	1
Signet B.V.	bekkenbodem.nu	1
broadview.se	a3mail.se	9
Yelles AB	sunseeker.nu	1
co.uk	CSC	1
CLOUDFLARENET	pierre-cookware.nu	1
Signet B.V.	ridder.nu	1
Yelles AB	bankkontor.se	1
jodoshared.com	jodoshared.com	1
duocast.net	GOOGLE	2
MICROSOFT-CORP-MSN-AS-BLOCK	GOOGLE	17
holidaymedia.nl	TrueFullstaq B.V.	8
Signet B.V.	bedrijfstraining.nu	1
egensajt.se	GOOGLE	18
Yelles AB	raddabanden.nu	1
DIGITALOCEAN-ASN	kenia.nu	1
Telenor Norge AS	GleSYS AB	7
denosbeheer.nl	Stichting DIGI NL	1
weblicious.eu	weblicious.se	1
dnrpro.nl	MICROSOFT-CORP-MSN-AS-BLOCK	1
webone.se	MICROSOFT-CORP-MSN-AS-BLOCK	5
Stichting DIGI NL	biolovers.nu	1
CLOUDFLARENET	samspelet.nu	1
CJ2 Hosting B.V.	GOOGLE	2
CLOUDFLARENET	yourfilter.nl	2
wpx.net	finanstidningen.nu	1
ipcom GmbH	jhcn.net	1
ramnode.com	minty.nu	1
Signet B.V.	geefhetdoor.nu	1
Webhuset AS	Webhuset AS	9
Yelles AB	pomeranian.nu	1
CLOUDFLARENET	mio.nu	1
SURF B.V.	mon3aan.nl	3
ACTIVE 24, s.r.o.	starfors.nu	1
cloud86.nl	modifica.nu	1
Yelles AB	nibeservice.nu	1
NUCDN	tisel.nu	1
Yelles AB	snickarna.nu	1
ACTIVE 24, s.r.o.	Bahnhof AB	1
CLOUDFLARENET	prc.nu	1
CLOUDFLARENET	ipconnect.fi	2
Yelles AB	duster.nu	1
ACTIVE 24, s.r.o.	nollan.nu	1
Uniserver Internet B.V.	houtenbouwmateriaal.nu	1
dn-s.nl	hydrocare.nu	1
CLOUDFLARENET	casino-online.nu	1
cloud86.nl	vitaal.nu	1
solcon.nl	MICROSOFT-CORP-MSN-AS-BLOCK	6
contaboserver.net	hetinternet.org	1
Kindred IP Limited	MICROSOFT-CORP-MSN-AS-BLOCK	1
ACTIVE 24, s.r.o.	frojda.nu	1
DIGITALOCEAN-ASN	prestatiemanager.nu	1
LIQUIDWEB	wilson.nu	1
BIT BV	virtiso.nl	2
danego.net	MICROSOFT-CORP-MSN-AS-BLOCK	7
kramerhosting.se	powershell.nu	1
Yelles AB	xn--insttningsbonus-2kb.nu	1
Bredband i Kristianstad AB	bikab.com	6
Signet B.V.	lcict.nl	1
team.blue Denmark A/S	chooselife.nu	1
UKDedicated LTD	radiovara.nu	1
Miss Hosting AB	musclefactory.nu	1
Signet B.V.	ikwilvooruit.nu	1
Signet B.V.	spareribline.nu	1
Yelles AB	husbilsinredning.nu	1
mijn.host	bloemen-bezorgen.nu	1
fastcpanelserver.com	online-kasino.nu	1
Yelles AB	v2h.nu	1
dn-s.nl	dailypack.nl	1
CLDIN B.V.	hin.nu	1
DIGICERT	Telia Company AB	1
GleSYS AB	manuskript.nu	1
Signet B.V.	woningontruimen.nu	1
Signet B.V.	at-venture.nu	1
cloud86.nl	langendoen.nu	1
Yelles AB	xn--vervakning-dcb.nu	1
budgetnameserver.nl	pretecho.nu	1
LeaseWeb Netherlands B.V.	losdomein.abc	2
ACTIVE 24, s.r.o.	dabo.nu	1
ACTIVE 24, s.r.o.	divisionen.nu	1
isvgate.com	Yelles AB	8
Host Europe GmbH	Fastmail Pty Ltd	1
LIQUIDWEB	weblink.nu	1
iwebben.fi	MICROSOFT-CORP-MSN-AS-BLOCK	1
CLOUDFLARENET	mindgames.nu	1
Signet B.V.	amphebia.nl	1
ACTIVE 24, s.r.o.	wmail.nu	1
Signet B.V.	sameninnoveren.nu	1
Yelles AB	arsenal.nu	1
guifi-3100.nl	glasplein.nu	1
Signet B.V.	verras.nu	1
axc.nl	vandeput.nu	1
Cygrids Communications AB	jalapeno.nu	1
CLDIN B.V.	kovoks.nl	1
The Internet Engineering Group B.V.	bedrijfkopen.nu	1
One.com A/S	hypotheekadvies-online.nu	1
BIT BV	mdcloud.nu	1
ACTIVE 24, s.r.o.	xn--frndring-1za2p.nu	1
Yelles AB	fiskeprylar.nu	1
Yelles AB	dw.nu	1
Signet B.V.	thecoatingshop.nu	1
Yelles AB	ZOHO-AS	1
BIT BV	BIT BV	6
Yelles AB	lagestam.nu	1
tdgdigitalsrv02.nl	MICROSOFT-CORP-MSN-AS-BLOCK	1
One.com A/S	svon.nu	1
rzone.de	APPLE-ENGINEERING	1
triggerfish.se	cloudmore.com	1
One.com A/S	dparts.nu	1
Liden Data Internetwork AB	Liden Data Internetwork AB	12
cloud86.nl	espiral.nu	1
LIQUIDWEB	folkrace.nu	1
cepus.net	Hagloef & Nordkvist Internet AB	2
Serverius Holding B.V.	seasons.nu	1
Akamai International B.V.	OVH SAS	1
CLOUDFLARENET	Accenture B. V.	2
ACTIVE 24, s.r.o.	famlindahl.nu	1
Signet B.V.	msvr.nu	1
Signet B.V.	delving.nu	1
profi-dns.at	wedl.nu	1
Hetzner Online GmbH	AMAZON-02	4
exonet.nl	opaal.nu	1
Hetzner Online GmbH	car-service.nu	1
afraid.org	GOOGLE	10
ACTIVE 24, s.r.o.	skoputsmaskin.nu	1
Signet B.V.	package.nu	1
Hetzner Online GmbH	gezonderleven.nu	1
LIQUIDWEB	readspeaker.nu	1
LIQUIDWEB	barker.nu	1
maverickhost.nl	obi.nu	1
Signet B.V.	soulstation.nu	1
Signet B.V.	trotsmakers.nu	1
GOOGLE	GleSYS AB	4
DIGITALOCEAN-ASN	opslagplaats.nu	1
ACTIVE 24, s.r.o.	trogen.nu	1
pp.se	manad.nu	1
CLDIN B.V.	tweetjam.nu	1
Yelles AB	golem.nu	1
NUCDN	MICROSOFT-CORP-MSN-AS-BLOCK	17
ACTIVE 24, s.r.o.	egettryck.nu	1
CLOUDFLARENET	bygghiss.nu	1
Signet B.V.	recyclepmma.nu	1
svenskadomaner.se	MICROSOFT-CORP-MSN-AS-BLOCK	13
nameshield.net	vivendi.net	1
Signet B.V.	brofetti.nu	1
DIGITALOCEAN-ASN	hebbes.nu	1
entrydns.net	dmj.nu	1
loopia.se	d-fence.eu	1
nameserver.co	MICROSOFT-CORP-MSN-AS-BLOCK	2
sectigoweb.com	GOOGLE	3
Signet B.V.	deklusjesvrouw.nu	1
LIQUIDWEB	brocante.nu	1
netim.net	MICROSOFT-CORP-MSN-AS-BLOCK	1
GOOGLE	GANDI SAS	1
Signet B.V.	alka.nu	1
Yelles AB	tyngdpunkten.nu	1
CLOUDFLARENET	justcleandekenwasserij.nu	1
Hetzner Online GmbH	mcan.nu	1
CLOUDFLARENET	mokum.nu	1
imoln.nu	imoln.nu	1
Signet B.V.	creds.nu	1
registrar-servers.com	glemme.com	1
dnszones.be	MICROSOFT-CORP-MSN-AS-BLOCK	3
Yelles AB	wordfeud-fusk.nu	1
LeaseWeb Netherlands B.V.	scripter.nu	1
Cloud DNS Ltd	diep-advocaten.nl	4
ictivate.com	molenbeecke.nu	1
CLDIN B.V.	seo-check.nu	1
dnssrv.nl	duurzaamheid.nu	1
CLDIN B.V.	AMAZON-02	9
ports.se	tripnet.se	1
hosted.nl	lefv.nu	1
Hetzner Online GmbH	propellerservice.nu	1
kovoks.net	kovoks.nl	3
provenwebconcepts.nl	mailcamp.nl	1
DIGICERT	blue.nu	3
NUCDN	CLOUDFLARENET	5
SECURITYSERVICES	MICROSOFT-CORP-MSN-AS-BLOCK	15
VITAL-DNS	noip.com	2
commercior.net	commercior.net	1
Eurofiber Cloud Infra B.V.	nah.nu	1
ACTIVE 24, s.r.o.	ODERLAND Webbhotell AB	12
mijndnsserver.nl	vitamineb12.nu	1
shockmedia.nl	ridenow.nu	1
nameserverseo.com	dbdbdb.nu	1
Yelles AB	catharsis.nu	1
introweb.nl	egberts-rubber.nu	1
DIGITALOCEAN-ASN	chaigneau-tuinen.nu	1
DIGICERT	46.11	1
ACTIVE 24, s.r.o.	mastenbroek.nu	1
inhostedns.com	com.ua	1
Stichting DIGI NL	MICROSOFT-CORP-MSN-AS-BLOCK	9
nmugroup.com	Bahnhof AB	1
Signet B.V.	zorgbelang.nu	1
mvs-hosting.nl	3musk.nl	1
DIGITALOCEAN-ASN	olislagers.nu	1
GlobalConnect AB	thehostingplatform.com	6
netgiganten.dk	exner.nu	1
GleSYS AB	archlinux.life	1
AMAZON-02	dataplus.nu	1
CLOUDFLARENET	demand.nu	2
One.com A/S	vortexx.nu	1
DIGITALOCEAN-ASN	h2.nu	1
Eurofiber Cloud Infra B.V.	toezicht.nu	1
ipcom GmbH	selectservice.nu	1
dn-s.nl	beens.nu	1
ACTIVE 24, s.r.o.	optimalcars.nu	1
ACTIVE 24, s.r.o.	sharpkassacenter.nu	1
duocast.net	bloeii.nu	1
inmotionhosting.com	shayne.nu	1
home.pl	witkowski.nu	1
CLOUDFLARENET	Datacamp Limited	9
CLOUDFLARENET	Cloudflare London, LLC	15
ipcom GmbH	azarius.net	1
CLOUDFLARENET	dagensekonomi.nu	1
Signet B.V.	APPLE-ENGINEERING	10
Miss Hosting AB	psyke.nu	1
shockmedia.nl	sprenkels.nu	1
ITCONNECT Scandinavia AB	kapelle.nu	1
hostway.net	anguiano.nu	1
euronic.fi	MICROSOFT-CORP-MSN-AS-BLOCK	2
ports.se	staysecuregroup.com	3
silverpoint.nl	MICROSOFT-CORP-MSN-AS-BLOCK	1
CLOUDFLARENET	julmat.nu	1
CLOUDFLARENET	trafikkskole.nu	1
proisp.no	smax.nu	1
loopia.se	ymex.com	1
ACTIVE 24, s.r.o.	Proton AG	14
Yelles AB	onedesign.nu	1
Signet B.V.	de-mes.nl	1
naturensdroger.nu	stackers.nu	1
CLOUDFLARENET	frontis.nl	2
mijndnsserver.nl	MICROSOFT-CORP-MSN-AS-BLOCK	36
CLOUDFLARENET	typo3cms.dk	1
pleskssd2.nl	angstvrij.nu	1
GleSYS AB	biljettshop.se	7
xel.nl	MICROSOFT-CORP-MSN-AS-BLOCK	5
DIGITALOCEAN-ASN	tafelgoochelen.nu	1
optinet.se	optinet.se	5
Yelles AB	flabben.nu	1
Yelles AB	kolsyrepistol.nu	1
DIGITALOCEAN-ASN	eaglo.nu	1
Host Europe GmbH	MICROSOFT-CORP-MSN-AS-BLOCK	28
cloud86.nl	presentje.nu	1
Yelles AB	pastasallad.nu	1
ACTIVE 24, s.r.o.	fundera.nu	1
shockmedia.nl	teamnijhuis.nu	1
sitehosting.nl	zorge.nu	1
Signet B.V.	alpen.nu	1
Host Europe GmbH	ilunch.nu	1
ports.se	OVH SAS	8
ipcom GmbH	raaf.nu	1
bd-services.nu	bd-services.nu	1
Signet B.V.	gry.nu	1
Host Europe GmbH	ispgateway.de	2
CLOUDFLARENET	koudelog.nl	1
Yelles AB	begagnadcykel.nu	1
AMAZON-02	mailerhost.net	11
VITAL-DNS	GOOGLE	2
team.blue Denmark A/S	dnsadmin.nu	1
Signet B.V.	zowerkthet.nu	1
cloud86.nl	landvannu.nu	1
doorpointserver3.nl	airconditioning.nu	1
AMAZON-02	CLOUDFLARENET	5
Signet B.V.	adimit.nl	1
MICROSOFT-CORP-MSN-AS-BLOCK	commedia.nu	1
hyp.net	dnsserver.se	1
Yelles AB	bonobo.nu	1
hostnet.nl	APPLE-ENGINEERING	5
brabbel.ch	hybridhost.ch	1
Signet B.V.	klantworden.nu	1
Yelles AB	macallan.nu	1
CLDIN B.V.	blauwhout.nu	1
Yelles AB	lunchfalun.nu	1
nederhost.nl	DirectVPS B.V.	8
bfizz.com	josh.nu	1
One.com A/S	livereport.nu	1
One.com A/S	spotvogel.nu	1
ipcom GmbH	hanselmann.nu	1
Signet B.V.	openhartig.nu	1
Signet B.V.	decoder.nu	1
DIGITALOCEAN-ASN	flexworks.nu	1
piipol.nl	kamping.nu	1
Yelles AB	atlasshield.nu	1
LeaseWeb Netherlands B.V.	golfreis.nu	1
webhosted.net	koopjes.nu	1
loopia.se	netatonce.net	1
CLOUDFLARENET	ergomate.nu	1
CLDIN B.V.	goed-bezig.nu	1
CLDIN B.V.	asbestenrecht.nu	1
Hetzner Online GmbH	faasen.nu	1
cloudns.net	vermogensbeheer.nu	1
ACTIVE 24, s.r.o.	henry.nu	1
The Internet Engineering Group B.V.	verbegaragedeuren.nu	1
NSONE	CLOUDFLARENET	34
ACTIVE 24, s.r.o.	valter.nu	1
liquidweb.com	frispinn.nu	1
123ns.de	SECURITYSERVICES	2
CLOUDFLARENET	col.nu	1
Signet B.V.	vugt.nu	1
Tele2 SWIPnet	Nordisk Media Utveckling AB	1
DIGITALOCEAN-ASN	ondernemerszaken.nu	1
SECURITYSERVICES	interpay.nl	1
awsdns-06.org	GOOGLE	2
tripnet.se	MICROSOFT-CORP-MSN-AS-BLOCK	1
dommelhosting.nl	anlex.nu	1
Yelles AB	souvlaki.nu	1
halleluja.nu	halleluja.nu	1
e-Quest IT Projecten B.V.	orientetech.com	1
ACTIVE 24, s.r.o.	minmejl.nu	1
infoweb.be	infoweb.be	2
Signet B.V.	txl.nu	1
CLOUDFLARENET	nomads.nu	1
Bahnhof AB	lisapatorget.nu	1
headsite.se	jsm.nu	1
ACTIVE 24, s.r.o.	ekostal.nu	1
DIGITALOCEAN-ASN	vlooswijk.nu	1
CLOUDFLARENET	richtje.nu	1
Eurofiber Cloud Infra B.V.	MICROSOFT-CORP-MSN-AS-BLOCK	8
LIQUIDWEB	xn--brnehave-54a.nu	1
LIQUIDWEB	nisses.nu	1
OVH SAS	balancebusiness.nu	1
Signet B.V.	zorgimpuls.nu	1
Yelles AB	ruba.nu	1
webspring.se	hilke.nu	1
ACTIVE 24, s.r.o.	vonbahr.nu	1
Serverius Holding B.V.	MICROSOFT-CORP-MSN-AS-BLOCK	6
mphosting.nl	mario.nu	1
ML Consultancy	indicia.nl	4
ACTIVE 24, s.r.o.	ryggsmarta.nu	1
CLOUDFLARENET	mail	3
ovh.ca	qc.ca	1
hosit.dk	check4spam.dk	1
loopia.se	OVH SAS	2
Cygrids Communications AB	lonnstrom.nu	1
loopia.se	cloudmailin.net	1
Cygrids Communications AB	fiskaregatan.nu	1
aub.nu	aub.nu	1
High5! B.V.	GOOGLE	6
AMAZON-02	leanbody.nu	1
RouteLabel V.O.F.	yuffie.nu	1
Signet B.V.	fixpart.nu	1
Signet B.V.	cybersecurityexperts.nu	1
i8t.com	lopnet AB	6
ascio.com	Cloudflare London, LLC	15
One.com A/S	studiorondommama.nu	1
ACTIVE 24, s.r.o.	bergquists.nu	1
dn-s.nl	verhoevenoss.nu	1
Host Europe GmbH	GOOGLE	32
ACTIVE 24, s.r.o.	wehaveadream.nu	1
Signet B.V.	weregonnabefat.nu	1
CLDIN B.V.	siteforce.com	1
CLOUDFLARENET	Soverin B.V.	2
wavecomnetworks.se	InfraCom Managed Services AB	2
CLDIN B.V.	hetbaken.nu	1
CLOUDFLARENET	naturdesign.nu	1
UKDedicated LTD	zata.nu	1
Signet B.V.	passief.nu	1
nser.nl	autobelettering.nu	1
Systemec BV	Systemec BV	4
Yelles AB	kondukta.nu	1
CLOUDFLARENET	invistic-dev.com	1
hostgator.com	GOOGLE	2
ray.net	ray.net	1
team.blue Denmark A/S	TDC Holding A/S	2
Signet B.V.	Soverin B.V.	12
NSONE	mtvne.com	1
One.com A/S	fse-turnstiles.nu	1
H4Hosting BV	zorgcentrale.nu	1
loopia.se	best.nu	1
webhost.company	Voxility LLP	11
optimum.nu	ITCONNECT Scandinavia AB	1
hosted.nl	adv.nu	1
dn-s.nl	dmrmail.nl	1
GleSYS AB	yar.nu	1
loopia.se	yellon.nu	1
Yelles AB	tasters.se	1
GleSYS AB	Proton AG	6
Signet B.V.	alert-one.nu	1
baseweb.nl	DIGITALOCEAN-ASN	19
webhostingserver.nl	MICROSOFT-CORP-MSN-AS-BLOCK	6
Hetzner Online GmbH	fittaporr.nu	1
ACTIVE 24, s.r.o.	enberg.nu	1
rackfish.net	a-balans.nu	1
Signet B.V.	ambi.nu	1
Yelles AB	casinokampanjer.nu	1
Signet B.V.	CLDIN B.V.	16
checkdomain.de	prezerosverige.nu	1
elinuxservers.com	addicted.nu	1
GleSYS AB	kajman.nu	1
Telia Company AB	zon56.net	1
nodesecure.com	rekyl.nu	1
eondns.net	Sentia Denmark A/S	13
Yelles AB	onskelistan.nu	1
CLDIN B.V.	mediastore.nu	1
itsourbusiness.nl	MICROSOFT-CORP-MSN-AS-BLOCK	2
Yelles AB	flowvortex369.nu	1
nameshield.net	team.blue Denmark A/S	1
Signet B.V.	boekmij.nu	1
DIGITALOCEAN-ASN	CLDIN B.V.	22
ACTIVE 24, s.r.o.	rck.nu	1
Yelles AB	bokforingsprogram.nu	1
loopia.se	netix.se	1
111.189	akv.nu	1
one.com	mx25.net	1
rockynordic.com	HWJ Invest 2016 ApS	8
Signet B.V.	stoffen.nu	1
ACTIVE 24, s.r.o.	ebbe.nu	1
dn-s.nl	haricotsverts.nu	1
cmswe.net	Hostek AB	10
ACTIVE 24, s.r.o.	adventskalendern.nu	1
ljpc.network	GOOGLE	1
Yelles AB	mazen.nu	1
ics-mohlman.nl	gloei.nu	1
CJ2 Hosting B.V.	flight-engine.nu	1
markmonitor.zone	markmonitor.com	3
Yelles AB	patiens.nu	1
Telia Company AB	advertise.nu	1
CLOUDFLARENET	sjustrommar.nu	1
Signet B.V.	stspg.nu	1
Yelles AB	iloveamsterdam.nu	1
Signet B.V.	propublic.nu	1
mijndnsserver.nl	mijnspamfilter.nl	4
Signet B.V.	fried-chicken.nu	1
ACTIVE 24, s.r.o.	plastkampen.nu	1
CLOUDFLARENET	jarpstigen.nu	1
cloudns.net	APPLE-ENGINEERING	2
ACTIVE 24, s.r.o.	stoneco.nu	1
loopia.se	1000.nu	1
Signet B.V.	mijnrooster.nu	1
ipcom GmbH	biggnet.net	1
Signet B.V.	progon.nu	1
ipcom GmbH	super-ict.nu	1
Yelles AB	pappamottagningen.nu	1
ilait.se	trekia.se	1
LIQUIDWEB	salonglyster.nu	1
DIGITALOCEAN-ASN	scoped.nu	1
CLOUDFLARENET	shortstory.nu	1
gcdn.services	Datacamp Limited	1
vmi.se	comendo.com	1
DIGITALOCEAN-ASN	lekkermens.nu	1
Signet B.V.	mcpl.nu	1
cloudydns.com	manu.nu	1
Telia Company AB	garaget.nu	1
ACTIVE 24, s.r.o.	gramer.nu	1
CLDIN B.V.	wbt.nu	1
budget-webhost.biz	feelfree.nu	1
Yelles AB	matematik.nu	1
ACTIVE 24, s.r.o.	feldt.nu	1
Signet B.V.	deukweg.nu	1
Signet B.V.	warmwelkom.nu	1
ipcom GmbH	thehostingplatform.com	6
ACTIVE 24, s.r.o.	jonasaxelsson.nu	1
Bahnhof AB	MICROSOFT-CORP-MSN-AS-BLOCK	11
reg.ru	reg.ru	2
CLOUDFLARENET	fostira.one	2
instantxs.nl	rolluik.nu	1
zoner.fi	GOOGLE	1
dn-s.nl	refugio.nu	1
cloud86.nl	starcoaching.nu	1
ipcom GmbH	Loopia AB	5
mijn.host	mooiwonen.nu	1
Teleservice Bredband Skane AB	MICROSOFT-CORP-MSN-AS-BLOCK	4
LIQUIDWEB	danesfort.nu	1
Signet B.V.	verkeerslicht.nu	1
webhostingserver.nl	icm.nu	1
ORACLE-BMC-31898	armadillo.nu	1
ACTIVE 24, s.r.o.	baagoe.nu	1
loopia.se	linjepunkt.se	1
Hetzner Online GmbH	marfelt.nu	1
cloud86.nl	studiorust.nu	1
CLOUDFLARENET	dslab.nu	1
linode.com	ebds.be	1
e-Quest IT Projecten B.V.	brish.nu	1
kpn.net	MICROSOFT-CORP-MSN-AS-BLOCK	4
Signet B.V.	poppersplaza.nu	1
AMAZON-02	strategize.nu	1
Yelles AB	iqtest.nu	1
The Internet Engineering Group B.V.	MICROSOFT-CORP-MSN-AS-BLOCK	9
ACTIVE 24, s.r.o.	yogamattan.nu	1
ipcom GmbH	murarestockholm.nu	1
2makeitwork.nl	blinkschoon.nu	1
ACTIVE 24, s.r.o.	nanoenergizer.nu	1
ACTIVE 24, s.r.o.	altira.nu	1
GleSYS AB	mellerud.nu	1
hix.nl	poesjestv.nu	1
Signet B.V.	toptrainers.nu	1
safebrands.com	vadesecure.com	1
LIQUIDWEB	spanskamagasinet.nu	1
vkd.nl	MICROSOFT-CORP-MSN-AS-BLOCK	3
ACTIVE 24, s.r.o.	ibra.nu	1
Yelles AB	pcr.nu	1
hostnet.nl	leaddistrict.nl	4
ACTIVE 24, s.r.o.	jnl.nu	1
dn-s.nl	monteldesign.nu	1
CLOUDFLARENET	weegtechniek.nu	1
binarygrid.net	r2.nu	1
atlan.nl	hotelrotterdam.nu	1
cybox.eu	CLOUDFLARENET	1
hyp.net	APPLE-ENGINEERING	6
The Internet Engineering Group B.V.	mijnautoonderdelen.nu	1
Hetzner Online GmbH	youporn.nu	1
Yelles AB	arbetsskor.nu	1
domaindiscover.com	TIERRANET	4
Bahnhof AB	energiexpertis.nu	1
Signet B.V.	Prolocation B.V.	1
One.com A/S	vanasperen.nu	1
LeaseWeb Netherlands B.V.	solid.nu	1
ymdrift.se	MICROSOFT-CORP-MSN-AS-BLOCK	2
IONOS SE	ind.nu	1
NUCDN	irishferries.nu	1
AMAZON-02	240.8	1
Signet B.V.	vetra.nu	1
exonet.nl	MICROSOFT-CORP-MSN-AS-BLOCK	10
GOOGLE	CLDIN B.V.	5
Yelles AB	divi.nu	1
driftkund.se	megamail.nu	1
hostgator.com	andi.nu	1
driftshotellet.com	driftshotellet.se	1
Signet B.V.	hvw.nu	1
impleox.com	kennemerenergie.nu	1
Signet B.V.	goedverhaal.nu	1
cloud86.nl	b-prepared.nu	1
CLOUDFLARENET	rauris.nu	1
cyteweb.com	fwk.nu	1
Miss Hosting AB	magitek.nu	1
Yelles AB	grupp.nu	1
thednscompany.com	archimede-group.eu	1
We Dare B.V.	samenthuis.nu	1
ACTIVE 24, s.r.o.	wadin.nu	1
Gotalandsnatet AB	GlobalConnect AB	4
DIGITALOCEAN-ASN	dunlopboots.nu	1
dn-s.nl	heplatform.nl	1
Signet B.V.	grippo.nu	1
CLDIN B.V.	schoon.nu	1
Hostek AB	Hostek AB	5
ACTIVE 24, s.r.o.	winter.nu	1
CJ2 Hosting B.V.	techsupport.nu	1
hostgator.com	zenith.nu	1
tankbar.com	Loopia AB	1
Signet B.V.	ZOHO-AS	5
one.com	team.blue Denmark A/S	14
mijndnsserver.nl	baazs.nu	1
ACTIVE 24, s.r.o.	elfving.nu	1
CLOUDFLARENET	wooncirkels.nu	1
Global-e ICT solutions B.V.	Global-e ICT solutions B.V.	5
standbyhosting.nl	firstresponder.nu	1
CLOUDFLARENET	foolsgold.nu	1
Signet B.V.	archimate-training.nu	1
dimy.net	boeketcadeau.nl	1
Hetzner Online GmbH	MICROSOFT-CORP-MSN-AS-BLOCK	28
GOOGLE	iyo.nu	1
isaeus.com	i3D.net B.V	4
oderland.com	Blix Solutions AS	1
nameserver.co	impactinit.com	1
edsas.net	MICROSOFT-CORP-MSN-AS-BLOCK	2
DIGITALOCEAN-ASN	vanderwerf.nu	1
ACTIVE 24, s.r.o.	guldexperten.nu	1
dreamnetwork.nl	vanbelle.nu	1
CLOUDFLARENET	dogwash.nu	1
Duocast B.V.	blogspot.nu	1
BIT BV	wido.info	2
mijnwebsitehosting.com	CLOUDFLARENET	1
Signet B.V.	dezonweringswinkel.nu	1
aname.net	eget.nu	1
dnsbrr.com	lastminutevakantie.nu	1
Signet B.V.	bvg.nu	1
CLOUDFLARENET	hammesfahr.nu	1
Yelles AB	supersport.nu	1
gowingu.net	MICROSOFT-CORP-MSN-AS-BLOCK	1
ACTIVE 24, s.r.o.	testadig.nu	1
rackfish.net	plu.nu	1
dnsdomene.net	kimme.nu	1
Yelles AB	kost.nu	1
srvnl.nl	maddalena.nu	1
ad.jp	same.nu	1
MICROSOFT-CORP-MSN-AS-BLOCK	lindersson.nu	1
vercel-dns-2.com	ODERLAND Webbhotell AB	2
Signet B.V.	xor.nu	1
Yelles AB	mattorna.nu	1
nocdirect.com	hanoi.nu	1
Signet B.V.	eigenbeheer.nu	1
Signet B.V.	otys.nl	1
digitar.nu	digitar.nu	1
cloudyne.eu	GOOGLE	1
ACTIVE 24, s.r.o.	timeattack.nu	1
Signet B.V.	oggi.nu	1
Yelles AB	jl-ab.nu	1
GleSYS AB	RUN Communications AB	1
CLOUDFLARENET	fjant.nu	1
awsdns-09.com	AMAZON-02	1
dotmed.com	dotmed.nu	1
speedcom.se	CLOUDFLARENET	1
CLOUDFLARENET	rkp.nu	1
dvn.fi	dvn.fi	1
axc.nl	atvantage.nu	1
balansinternetdiensten.nl	loodgieters.nu	1
Yelles AB	ontiryggen.nu	1
Signet B.V.	vertelme.nu	1
InterNetX GmbH	trekia.se	2
hover.com	liquidfiles.com	1
Yelles AB	msv1.invalid	1
Yelles AB	vilhelm.nu	1
nixus.info	MICROSOFT-CORP-MSN-AS-BLOCK	2
hyp.net	QUICKPACKET	2
ACTIVE 24, s.r.o.	elling.nu	1
ports.se	ice.net	1
CLOUDFLARENET	qvarfordt.nu	1
CGI Sverige AB	riksbank.se	3
AMAZON-02	ietsdoen.nu	1
Signet B.V.	dedoorbraak.nu	1
Signet B.V.	holtland.nu	1
one.com	Nexthop AS	2
Yelles AB	urnbegravning.nu	1
ACTIVE 24, s.r.o.	wolffram.nu	1
lowvoice.nl	lowvoice.nl	2
koneovbg.se	koneovbg.se	6
intention.nl	Intention B.V.	13
Yelles AB	xn--robotln-jxa.nu	1
CLOUDFLARENET	havening.nu	1
CLOUDFLARENET	heelers.nu	1
DIGITALOCEAN-ASN	monumentum.nu	1
Miss Hosting AB	test.com	9
bolict.nl	dessertwijn.nu	1
NUCDN	xn--tnkgult-5wa.nu	1
enbart.se	MICROSOFT-CORP-MSN-AS-BLOCK	2
Signet B.V.	showit.nu	1
Cloud DNS Ltd	nunames.nu	1
Signet B.V.	jansen.gr	1
GOOGLE	durietz.nu	1
AMAZON-02	hensel.nu	1
DIGITALOCEAN-ASN	anouk.nu	1
GleSYS AB	smartermail.se	6
Fundaments B.V.	dm.nu	1
ACTIVE 24, s.r.o.	xn--ostlnken-3za.nu	1
metanet.ch	wismer.nu	1
ANEXIA Internetdienstleistungs GmbH	ODERLAND Webbhotell AB	2
hostgator.com	marijnmoerman.nu	1
Yelles AB	advertovision.nu	1
Yelles AB	fambook.nu	1
Yelles AB	hoffsten.nu	1
CLOUDFLARENET	massagegoteborg.nu	1
ODERLAND Webbhotell AB	wgr.nu	1
Signet B.V.	rilato.nu	1
solcon.nl	LeaseWeb Netherlands B.V.	16
GleSYS AB	johanhammar.nu	1
develto.nl	vergader.nu	1
ACTIVE 24, s.r.o.	bune.nu	1
nmugroup.com	One.com A/S	1
Bahnhof AB	abc.se	4
AMAZON-02	nusecure.nu	1
DIGITALOCEAN-ASN	terrein.nu	1
CLDIN B.V.	becreative.nu	1
dn-s.nl	boenderwonen.nu	1
Signet B.V.	hondenschoolrotterdam.nu	1
Cygrids Communications AB	zander.nu	1
Cloud DNS Ltd	GOOGLE	7
SECURITYSERVICES	bisnode.com	4
One.com A/S	marijkedekker.nu	1
Signet B.V.	herpen.nu	1
Signet B.V.	cloudpc.nu	1
ACTIVE 24, s.r.o.	sproutly.nu	1
eriksws.com	edoceo.nu	1
123-dediserver106.biz	lbgroep.nu	1
techsweden.cloud	MICROSOFT-CORP-MSN-AS-BLOCK	7
pmnet-dns.net	MICROSOFT-CORP-MSN-AS-BLOCK	5
Ordbogen A/S	ordbogen.com	5
Yelles AB	fonsterbytebrf.nu	1
Hetzner Online GmbH	aasberg.nu	1
keurigonline79.nl	MICROSOFT-CORP-MSN-AS-BLOCK	1
verhuisjezelf.nu	verhuisjezelf.nu	1
ne.jp	imai.nu	1
Signet B.V.	thechoice.nu	1
DIGITALOCEAN-ASN	baila.nu	1
budgeteliteserver.nl	ump.nu	1
Yelles AB	serie.nu	1
team.blue Denmark A/S	microcms.nu	1
Yelles AB	xn--elfrbrukning-6ib.nu	1
ports.se	Hetzner Online GmbH	2
Telia Company AB	eld.nu	1
awsdns-17.org	GOOGLE	1
BIT BV	Previder B.V.	8
CLOUDFLARENET	netformatie.nl	2
Signet B.V.	zoef.nu	1
DIGITALOCEAN-ASN	zuidlaardermarkt.nu	1
interlan.se	MICROSOFT-CORP-MSN-AS-BLOCK	5
Signet B.V.	korenhof.nu	1
CLOUDFLARENET	reanimatie.nu	1
Contabo GmbH	freshranking.nu	1
secureserver.net	GO-DADDY-COM-LLC	1
Yelles AB	premiumconsulting.nu	1
aditor.se	shuntomatic.nu	1
DODW Holding B.V.	DODW Holding B.V.	11
loopia.se	bdnc.se	1
DIGITALOCEAN-ASN	contraexpertisepunt.nu	1
ports.se	outnet.nu	1
cloud86.nl	familievangool.nu	1
ilait.se	AMAZON-02	2
Contabo GmbH	fttp.nu	1
Cygrids Communications AB	xn--tunnbrdsrulle-nmb.nu	1
LIQUIDWEB	fedeli.nu	1
mijndnsserver.nl	wapp.nu	1
Signet B.V.	zoutenbier.nu	1
thednscompany.com	n-cloud.nl	1
Webhuset AS	GOOGLE	2
nano.lv	byggmap.nu	1
Signet B.V.	qaashelp.nu	1
One.com A/S	xtech.nu	1
ACTIVE 24, s.r.o.	ahekonomi.nu	1
ACTIVE 24, s.r.o.	ahus.nu	1
GleSYS AB	bondgarden.nu	1
Stichting DIGI NL	directiechauffeur.nu	1
Yelles AB	jaaj.nu	1
neostrada.nl	i-cube.nu	1
CLOUDFLARENET	fasadointerior.nu	1
tabellen.se	tabell.nu	1
Signet B.V.	beautyexpert.nu	1
ACTIVE 24, s.r.o.	akitravel.nu	1
joker.com	lammi.nu	1
webhostingserver.nl	jezelfdebaas.nu	1
Yelles AB	bonusar.nu	1
Signet B.V.	rapture.nu	1
LIQUIDWEB	jish.nu	1
Signet B.V.	onderneemjefit.nu	1
CLOUDFLARENET	frontlijn.nu	1
LEASEWEB-USA-SFO	salus-service.nl	1
BUNNYWAY, informacijske storitve d.o.o.	stemmen.nu	1
domains.ch	domains.ch	1
cloud86.nl	jehovah.nu	1
dn-s.nl	veranderpraktijk.nu	1
AMAZON-02	prioritetgroup.nu	1
Eurofiber Cloud Infra B.V.	dekruijf.nu	1
atom86 BV	elstars.nu	1
Signet B.V.	seline.nu	1
registrar-servers.com	MICROSOFT-CORP-MSN-AS-BLOCK	5
CLOUDFLARENET	enokthompson.nu	1
Uniserver Internet B.V.	xtflow.nu	1
DIGITALOCEAN-ASN	aroi.nu	1
ipcom GmbH	maildispatch.nu	1
LEVEL3	advokaterna.nu	1
ACTIVE 24, s.r.o.	utblick.nu	1
SERVERSTACK-ASN	y8.nu	1
LIQUIDWEB	wgate.nu	1
Signet B.V.	vertigo-games.nu	1
CLOUDFLARENET	WHG Hosting Services Ltd	34
ACTIVE 24, s.r.o.	taop.nu	1
Hetzner Online GmbH	sodiakhorsebox.nu	1
Signet B.V.	debolster.nu	1
ACTIVE 24, s.r.o.	remittera.nu	1
CLOUDFLARENET	brynildsen.nu	1
BIT BV	berekenenbtw.nu	1
alfaservers.com	renostar.nu	1
ACTIVE 24, s.r.o.	covrex.nu	1
UKDedicated LTD	ingby.nu	1
Signet B.V.	nunner-logistics.com	1
ACTIVE 24, s.r.o.	easycount.nu	1
Yelles AB	hemmys.nu	1
hyp.net	ZOHO Corporation B.V	4
tralios.at	tralios.de	1
iclicks.nl	tegel-outlet.nu	1
Yelles AB	alack.nu	1
exonet.nl	landgoedhetregelink.nu	1
GOOGLE	team.blue Denmark A/S	7
ports.se	epm.se	1
LeaseWeb Netherlands B.V.	hr2morrow.nu	1
altusdns.com	sbsab.nu	1
AUTOMATTIC	AUTOMATTIC	16
wk.se	MICROSOFT-CORP-MSN-AS-BLOCK	10
naamservert.nl	MICROSOFT-CORP-MSN-AS-BLOCK	3
Yelles AB	boombap.nu	1
Yelles AB	tarning.nu	1
letsnethosting.nl	werkonline.nu	2
halden.org	eidem.nu	1
vexis.io	mysecurecloudhost.com	1
oderland.com	angervall.nu	1
iplace.se	CLOUDFLARENET	1
adacor.net	Sentia Denmark A/S	3
Tele2 SWIPnet	reconcile.nu	1
Yelles AB	npf.nu	1
LIQUIDWEB	woerden.nu	1
admax.se	Admax AB	7
koneo.net	intron.net	3
GlobalConnect A/S	MICROSOFT-CORP-MSN-AS-BLOCK	5
Signet B.V.	smartfotografie.nu	1
computator.se	MICROSOFT-CORP-MSN-AS-BLOCK	1
CLOUDFLARENET	8888.nu	1
The Internet Engineering Group B.V.	The Internet Engineering Group B.V.	5
danaweb.org	stalprod.nu	1
LIQUIDWEB	zeehondentocht.nu	1
EDNS	GOOGLE	1
UKDedicated LTD	makesense.nu	1
Yelles AB	greenvisuals.nu	1
idefix.net	idefix.net	4
hyp.net	mailcore.net	4
shodns.com	tegapo.nu	1
Signet B.V.	lingualorthodontics.nu	1
ACTIVE 24, s.r.o.	brottskollen.nu	1
wfhost.nl	ardeche.nu	1
Signet B.V.	filterplatform.nl	1
ACTIVE 24, s.r.o.	wikom.nu	1
i8t.com	MICROSOFT-CORP-MSN-AS-BLOCK	3
ACTIVE 24, s.r.o.	lekute.nu	1
one.com	comendosystems.com	2
Signet B.V.	tele-consult.nu	1
ACTIVE 24, s.r.o.	wessel.nu	1
ACTIVE 24, s.r.o.	blibrunutansol.nu	1
Tele2 SWIPnet	vmu.nu	1
ACTIVE 24, s.r.o.	barnvagnar.nu	1
ACTIVE 24, s.r.o.	masc.nu	1
Yelles AB	fyndia.nu	1
ODERLAND Webbhotell AB	gron.nu	1
eukdns.com	specialshapes.nu	1
Signet B.V.	slowwines.nu	1
LIQUIDWEB	basse.nu	1
afraid.org	haute.nu	1
GleSYS AB	CLOUDFLARENET	1
awsdns-08.net	ZOHO Corporation B.V	1
Yelles AB	t7.nu	1
knap-it.com	GOOGLE	1
vboxx.net	comfortinstyle.nu	1
ACTIVE 24, s.r.o.	stockholmpark.nu	1
hosttech.de	hosttech.eu	1
bokedal.org	bokedal.org	1
webhosted.nl	Serverius Holding B.V.	1
loopia.se	Fastmail Pty Ltd	13
Signet B.V.	co2-prestatieladder.nu	1
hix.nl	MICROSOFT-CORP-MSN-AS-BLOCK	4
goedemiddag.nl	MICROSOFT-CORP-MSN-AS-BLOCK	1
Hetzner Online GmbH	here.nu	1
morganstanley.net	dnsassurance.com	1
Yelles AB	whiskey.nu	1
dnssrv.nl	kenjecijfers.nu	1
Yelles AB	btt.nu	1
totaal.net	server.eu	3
Yelles AB	elektrikern.nu	1
name-services.com	GOOGLE	4
LIQUIDWEB	mollberg.nu	1
axc.nl	afspraakplannen.nu	1
Yelles AB	ayla.nu	1
ACTIVE 24, s.r.o.	jonsson.nu	1
DIGICERT	homeroom.nu	1
introweb.nl	arkin.nl	1
ipoac.nl	ipoac.nl	1
Serverius Holding B.V.	uwrecht.nu	1
ACTIVE 24, s.r.o.	modehatten.nu	1
Signet B.V.	fastclosemanager.nu	1
Signet B.V.	sitioit.nl	1
Signet B.V.	gryphion.nu	1
hyp.net	baekken.no	1
Cygrids Communications AB	dawid.nu	1
CLOUDFLARENET	team.blue Denmark A/S	20
CORESPACE-DAL	minttu.nu	1
Yelles AB	avous.nu	1
Signet B.V.	noviaonderwijs.nu	1
BIT BV	bestofchampagnes.nu	1
wned-dns.eu	nou.nu	1
CLOUDFLARENET	langtifranlagom.nu	1
Yelles AB	maptun.nu	1
123hostingserver.biz	bremmer.nu	1
Hetzner Online GmbH	omdat.nu	1
Signet B.V.	sit-solutions.nu	1
One.com A/S	wonderwerk.nu	1
o2switch.net	vr-news.nu	1
snel.com	vioolles.nu	1
dyndns.info	fixit.se	1
Telia Company AB	norrcom.nu	1
Signet B.V.	data-analytics.nu	1
Yelles AB	firstlight.nu	1
one.com	friis-andersen.nu	1
ports.se	CLOUDFLARENET	2
loopia.se	blackebergsgymnasium.nu	1
LeaseWeb Netherlands B.V.	unisource.nu	1
Yelles AB	thecircleoflife.nu	1
Yelles AB	skogsberg.nu	1
ANEXIA Internetdienstleistungs GmbH	GleSYS AB	3
CLOUDFLARENET	rcel.nu	1
bredbandsson.se	MICROSOFT-CORP-MSN-AS-BLOCK	1
Signet B.V.	vrijstaat.nu	1
uniweb.be	uniweb.be	1
Signet B.V.	aluminiumopmaat.nu	1
Yelles AB	uge.nu	1
CJ2 Hosting B.V.	MICROSOFT-CORP-MSN-AS-BLOCK	7
aland.fi	aland.net	1
bw3.nl	CLOUDFLARENET	1
CLOUDFLARENET	Globalconnect As	2
b-smarthosting.net	Stichting DIGI NL	9
CLOUDFLARENET	spelbordet.nu	1
incabus.net	incabus.com	2
Yelles AB	mahab.nu	1
Yelles AB	klart.nu	1
DIGITALOCEAN-ASN	novasoft.nu	1
MICROSOFT-CORP-MSN-AS-BLOCK	surfnet.fi	3
Yelles AB	want.nu	1
neostrada.nl	p-nuts.nu	1
ACTIVE 24, s.r.o.	leadingit.nu	1
LeaseWeb Netherlands B.V.	LeaseWeb Netherlands B.V.	15
dnsimple.com	GOOGLE-CLOUD-PLATFORM	1
Yelles AB	nodepositbonus.nu	1
cloud86.nl	tijsma.nu	1
intendit.se	Hostek AB	10
NUCDN	eurosecure.nu	1
Signet B.V.	gemeenteoldambt.nu	1
ACTIVE 24, s.r.o.	gnusson.nu	1
Yelles AB	ec2b.nu	1
Signet B.V.	koersmakers.nu	1
Signet B.V.	financiallease.nu	1
CLOUDFLARENET	shortly.nu	1
CLOUDFLARENET	ricca.nu	1
koneo.net	MICROSOFT-CORP-MSN-AS-BLOCK	11
ACTIVE 24, s.r.o.	jumpit.nu	1
CLOUDFLARENET	jws.nu	1
CLOUDFLARENET	egidius.nl	1
loopia.se	alias.nu	1
loopia.se	ksender.nu	1
CLOUDFLARENET	daltecnet.nl	1
Yelles AB	shb.nu	1
Uniserver Internet B.V.	nkit.nu	1
Signet B.V.	freelance-werk.nu	1
UKDedicated LTD	jibo.nu	1
Nessus GmbH	MICROSOFT-CORP-MSN-AS-BLOCK	2
ACTIVE 24, s.r.o.	jmp.nu	1
cloud86.nl	gomersbach.nu	1
cleardns.be	MICROSOFT-CORP-MSN-AS-BLOCK	1
ipcom GmbH	mx.microsoft	4
Signet B.V.	volledig-vrij.nu	1
GleSYS AB	heijne.nu	1
CLOUDFLARENET	migrantis.nu	1
afraid.org	rnr.nu	1
CLOUDFLARENET	xn--trpiller-k0a.nu	1
LIQUIDWEB	barnvakt.nu	1
ACTIVE 24, s.r.o.	singularity.nu	1
hostnet.nl	eveline.nu	1
loopia.se	APPLE-ENGINEERING	46
Signet B.V.	hsz.nu	1
Signet B.V.	indebuurt.nu	1
Hetzner Online GmbH	axelro.nu	1
jkwebdesign.nl	jk.nl	1
cream.nl	beautyplaza.nu	1
Signet B.V.	predictit.nu	1
Telia Company AB	riksnet.se	1
Yelles AB	enapp.nu	1
CLOUDFLARENET	lillagrodan.nu	1
Signet B.V.	gastouderworden.nu	1
DIGITALOCEAN-ASN	hypotheekofferte.nu	1
iwantmyname.net	Cloudflare London, LLC	1
cloud86.nl	jantje.nu	1
Yelles AB	ducati.nu	1
shoogee.com	jeet.nu	1
Signet B.V.	bouwlaser.nu	1
ACTIVE 24, s.r.o.	box42.nu	1
ACTIVE 24, s.r.o.	perbergman.nu	1
CLOUDFLARENET	spelregels.nu	1
bb-dns.nl	LeaseWeb Netherlands B.V.	9
Yelles AB	botanik.nu	1
CLOUDFLARENET	kraakdekluis.nu	1
AMAZON-02	gnufpoker.nu	1
exception.nl	MICROSOFT-CORP-MSN-AS-BLOCK	1
dnrpro.nl	meinen.nu	1
One.com A/S	strawberryfields.nu	1
cyberdns.nl	thebulldog.nu	1
ACTIVE 24, s.r.o.	thaivagnen.nu	1
gnet.se	MICROSOFT-CORP-MSN-AS-BLOCK	5
Uniserver Internet B.V.	erkens.nu	1
Akamai International B.V.	solvinity.com	4
oderland.com	hackan.nu	1
DIGICERT	viskaform.nu	1
Strato GmbH	GOOGLE	6
foxxl.com	BIT BV	6
ML Consultancy	MICROSOFT-CORP-MSN-AS-BLOCK	8
myfasthosting.com	GOOGLE	1
dn-s.nl	SQUIXA PTY LIMITED	1
Yelles AB	brommajolle.nu	1
CLOUDFLARENET	jesuslever.nu	1
neostrada.nl	stolp.nu	1
mijn.host	datbenik.nu	1
Yelles AB	utah.nu	1
LIQUIDWEB	gladabarn.nu	1
SECURITYSERVICES	Cloudflare London, LLC	12
Arend Brouwer	GOOGLE	3
NetBase BV	GOOGLE	7
ACTIVE 24, s.r.o.	krug.nu	1
One.com A/S	junomi.nu	1
Yelles AB	dinrektor.nu	1
lsv.jp	lsv.jp	1
Signet B.V.	exquisithosting.nl	1
assendelfthankes.nl	MICROSOFT-CORP-MSN-AS-BLOCK	2
CLOUDFLARENET	sailor.nu	1
GleSYS AB	jamska.nu	1
Signet B.V.	fotoxperience.nu	1
cloud86.nl	meulenbroek.nu	1
NETWORK-SOLUTIONS-HOSTING	One.com A/S	1
Miss Hosting AB	miniurl.nu	1
Eurofiber Cloud Infra B.V.	speksnijder.nu	1
Yelles AB	hellboy.nu	1
CLOUDFLARENET	powertothepeople.nu	1
Signet B.V.	vsupport.nu	1
thednscompany.com	archery.nu	1
pin.se	MICROSOFT-CORP-MSN-AS-BLOCK	6
LIQUIDWEB	torsby.nu	1
Nordlo Vaxjo & Ljungby AB	staysecuregroup.com	1
DIGITALOCEAN-ASN	autoverzekeringen.nu	1
ACTIVE 24, s.r.o.	hyvens.nu	1
checkdomain.de	prezerorecycling.nu	1
ML Consultancy	gastouderbureau.nu	1
register.it	Register S.p.A.	18
mijndnsserver.nl	argoshost.nl	1
ACTIVE 24, s.r.o.	GOOGLE-CLOUD-PLATFORM	2
Signet B.V.	mondarts.nu	1
CLDIN B.V.	terveer.nu	1
exonet.nl	bouwkavel.nu	1
itaf.eu	itaf.eu	1
Yelles AB	linkoping.nu	1
LIQUIDWEB	pauline.nu	1
linode.com	badlands.nu	1
oderland.com	minbok.nu	1
opalstack.com	opalstack.com	1
CLOUDFLARENET	condoom.nu	1
CLOUDFLARENET	infomaniak.ch	2
divinet.nl	divinet.nl	1
ACTIVE 24, s.r.o.	xn--spirorr-f1a.nu	1
AS-VULTR	kreditdirekt.nu	1
CLDIN B.V.	huurkraan.nu	1
dominoevers.dk	socii.nu	1
Signet B.V.	eas-e-comm.nu	1
ACTIVE 24, s.r.o.	serviceconnection.nu	1
Miss Hosting AB	stingthebee.nu	1
Yelles AB	holisticbalance.nu	1
The Internet Engineering Group B.V.	dejongecocups.nu	1
anywise.net	anywise.net	3
team.blue Denmark A/S	Hetzner Online GmbH	1
dn-s.nl	asolutions.nl	2
hostnet.nl	beterworden.nu	1
decite.nl	GOOGLE	1
mkdata.nu	mkdata.nu	1
CLOUDFLARENET	newmarket.nu	1
co.uk	co.uk	5
One.com A/S	timecapsule.nu	1
Yelles AB	innsbruck.nu	1
one.com	Hetzner Online GmbH	2
regfish-ns.net	3.vu	1
ballou.se	zedcom.se	1
doorpointserver.nl	pensioenbestuurders.nu	1
realworks.nl	Wix.com Ltd.	8
terratel.se	netg.se	1
Hetzner Online GmbH	djurdoktorn.nu	1
CLOUDFLARENET	arminvanbuuren.com	1
eblocks.hosting	eblocks.nl	2
ACTIVE 24, s.r.o.	appertino.nu	1
mosen.tv	Proton AG	2
Signet B.V.	Enflow B.V.	10
Host Europe GmbH	mobacken.nu	1
Hetzner Online GmbH	sendpakke.nu	1
Yelles AB	svarvtjanst.nu	1
cloudns.net	gimble.nu	1
Signet B.V.	cluboq.nu	1
CLOUDFLARENET	bast.nu	1
yourdomainprovider.net	tdps.nu	1
Yelles AB	stitch.nu	1
Signet B.V.	fortron.nu	1
CLOUDFLARENET	ndtnordic.nu	1
webhost.company	imagineers.nu	1
ACTIVE 24, s.r.o.	henschen.nu	1
Hydra Communications Ltd	opdehoogte.nu	1
yoursitedns.nl	vaud.nu	1
Tele2 SWIPnet	gallerian.org	2
Signet B.V.	pompenzo.nu	1
Miss Hosting AB	zonhoven.nu	1
routing.net	Eurofiber France SAS	2
swedensites.com	swedensites.se	1
Signet B.V.	studentstay.nu	1
ACTIVE 24, s.r.o.	lindgrensbygg.nu	1
team.blue Denmark A/S	udbo.nu	1
perscorp.com	perstorp.com	2
ACTIVE 24, s.r.o.	smultronstallet.nu	1
CLOUDFLARENET	isolatiemateriaal.nu	1
ACTIVE 24, s.r.o.	hockeyallsvenskan.nu	1
one.com	stege.nu	1
profitbyte.com	profitbyte.com	2
nmugroup.com	sysint.se	1
Signet B.V.	wijkplatform.nu	1
ACTIVE 24, s.r.o.	luxel.nu	1
Uniserver Internet B.V.	easyhosting.nl	4
eostre.nu	eostre.nu	1
easyhost.be	mailprotect.be	4
novia.nu	novia.fi	1
ACTIVE 24, s.r.o.	hypnobirth.nu	1
Yelles AB	hornsgatan.nu	1
Signet B.V.	delgurth.net	1
neostrada.nl	samen1.nu	1
ACTIVE 24, s.r.o.	ostlind.nu	1
arandomserver.com	medium.nu	1
combell.net	prive-leasen.nu	1
Hetzner Online GmbH	dyreborg.nu	1
loopia.se	arkivexperten.se	1
hostnet.nl	valent.nu	1
Yelles AB	loyx.nu	1
CLOUDFLARENET	xn--lgenhetsrenovering-stockholm-5mc.nu	1
Telia Company AB	244.45	1
Signet B.V.	poggesi.nu	1
ACTIVE 24, s.r.o.	APPLE-ENGINEERING	8
Signet B.V.	zesdeziekte.nu	1
sohosted63.com	CLDIN B.V.	1
cloudwebhosting.com	fiskegrej.nu	1
serverhostgroup.com	piccola.nu	1
ACTIVE 24, s.r.o.	fafang.nu	1
justhost.com	atf.nu	1
AMAZON-02	nathalie.nu	1
LIQUIDWEB	allonweb.eu	1
dn-s.nl	obiq.nu	1
CLOUDFLARENET	peperzaden.nu	1
CLOUDFLARENET	allianse.no	1
Miss Hosting AB	braform.nu	1
CLDIN B.V.	gogo.nu	1
CLOUDFLARENET	1kb.no	1
ACTIVE 24, s.r.o.	vasterstaden.nu	1
Signet B.V.	pater.nu	1
CLDIN B.V.	zwijndrecht.nu	1
One.com A/S	vivoli.nu	1
webhostingserver.nl	cpz.nu	1
loopia.se	adautoclub.nu	1
bhosted.nl	GOOGLE	3
ports.se	epigon.nu	1
forsmark.dk	2cb.nu	1
CLOUDFLARENET	reliablemail.org	8
Signet B.V.	finder.nu	1
CLOUDFLARENET	roogard.nu	1
exonet.nl	Soverin B.V.	2
Signet B.V.	comfortparking.nu	1
loopia.se	Telia Company AB	4
Serverius Holding B.V.	flirtkontakt.nu	1
ipcom GmbH	financielerust.nu	1
multiminded.net	routit.net	1
Yelles AB	ekedahl.nu	1
Cygrids Communications AB	xn--assistansfrskring-1qb35a.nu	1
CLOUDFLARENET	Heinlein-Support GmbH	6
solidehosting.nl	MICROSOFT-CORP-MSN-AS-BLOCK	2
team.blue Denmark A/S	amalieklinikken.nu	1
hemnet.us	matleverans.nu	1
interhost.no	GOOGLE	1
34sp.com	GOOGLE	1
cyberfusion.be	cyberfusion.nu	1
ACTIVE 24, s.r.o.	rorschach.nu	1
DIGITALOCEAN-ASN	cgl.nu	1
Tele2 SWIPnet	norrbottensmedia.se	1
Signet B.V.	jordy.nu	1
loopia.se	Tele2 SWIPnet	4
thednscompany.com	mvgm.nu	1
HURRICANE	Cloudflare London, LLC	1
eleven2.com	myassets.nu	1
dn-s.nl	breedveld.nu	1
Bahnhof AB	mkmail.nu	1
CLOUDFLARENET	dtech.nu	1
ACTIVE 24, s.r.o.	omland.nu	1
Signet B.V.	ict-concept.nl	1
SINGLEHOP-LLC	dobi.nu	1
Yelles AB	match.nu	1
123-hosting-server.com	klimaten.nu	1
OVH SAS	soulcreations.nu	1
GOOGLE	Signet B.V.	7
CLDIN B.V.	mariejeanne.nu	1
ACTIVE 24, s.r.o.	nuntorp.nu	1
ACTIVE 24, s.r.o.	bokhandel.nu	1
ANEXIA Internetdienstleistungs GmbH	cederroth.com	2
Yelles AB	xn--jgarliv-5wa.nu	1
loopia.se	heavyindustries.se	1
The Internet Engineering Group B.V.	zia.nu	1
Fundaments B.V.	tegetel-ict.nl	1
yiddish.nu	yiddish.nu	1
One.com A/S	ikwilvanmijnschuldaf.nu	1
Signet B.V.	revalidatiegeneeskunde.nu	1
dalnix.net	dalnix.se	1
CLOUDFLARENET	ziltezucht.nu	1
ACTIVE 24, s.r.o.	biblioterapi.nu	1
ipcom GmbH	staysecuregroup.com	2
Signet B.V.	websitewinkel.nu	1
loopia.se	2.41	1
CLDIN B.V.	willemsclassics.nu	1
Yelles AB	nickander.nu	1
TrueFullstaq B.V.	0	1
thednscompany.com	aardewerk.nu	1
Yelles AB	feestmuziek.nu	1
Yelles AB	uppsalapilates.nu	1
shockmedia.nl	opstoom.nu	1
cloud86.nl	oliebeurt.nu	1
ACTIVE 24, s.r.o.	dinbok.nu	1
am-impact.nl	missingpiece.nl	1
Interforce Networks BV	AMAZON-02	6
scheer.me	scheer.me	2
ACTIVE 24, s.r.o.	kalligrafi.nu	1
GOOGLE	ODERLAND Webbhotell AB	2
The Internet Engineering Group B.V.	parkeer.nu	1
Serverius Holding B.V.	tienersex.nu	1
ne.jp	fukui.nu	1
Yelles AB	lotteri.nu	1
Signet B.V.	laarmanhosting.nl	1
Telia Company AB	gaf.nu	1
Yelles AB	surfa.nu	1
Yelles AB	xn--arbetsrtt-12a.nu	1
Hetzner Online GmbH	vikman.nu	1
Signet B.V.	denobel.nu	1
Safenames Ltd.	Safenames Ltd.	31
ipcom GmbH	CLOUDFLARENET	3
InterNetX GmbH	MICROSOFT-CORP-MSN-AS-BLOCK	6
domein-direct.nl	domein-direct.nl	3
Yelles AB	skandrep.nu	1
Yelles AB	livebetting.nu	1
CJ2 Hosting B.V.	styliste.nu	1
shockmedia.nl	zmg.nu	1
linode.com	p6.nu	1
GleSYS AB	sigfrid.nu	1
loopia.se	diceman.se	1
Signet B.V.	pathe.nu	1
admin.nu	MICROSOFT-CORP-MSN-AS-BLOCK	1
domainers.de	petsdeli.nu	1
LIQUIDWEB	STABLEHOST	1
ne.jp	recess.nu	1
she.de	23M GmbH	1
ACTIVE 24, s.r.o.	Fastmail Pty Ltd	6
cloud86.nl	yesfit.nu	1
Signet B.V.	keke.nu	1
SECURITYSERVICES	conagri.net	1
CLOUDFLARENET	purehealth.nu	1
sureserver.com	mdr.nu	1
Uniserver Internet B.V.	rijzuinig.nu	1
CLOUDFLARENET	lingerie.nu	1
ACTIVE 24, s.r.o.	lunder.nu	1
CJ2 Hosting B.V.	dchu.nu	1
team.blue Denmark A/S	Fastmail Pty Ltd	3
headsite.se	MICROSOFT-CORP-MSN-AS-BLOCK	1
team.blue Denmark A/S	rshosting.dk	1
CLOUDFLARENET	gotohell.nu	1
internl.net	mailprotect.be	1
CLOUDFLARENET	ik2.com	1
CLDIN B.V.	grotamar.nu	1
CLOUDFLARENET	entremattorstockholm.nu	1
ipcom GmbH	bilverkstad-uppsala.nu	1
Stichting DIGI NL	zinnigezaken.nu	1
GleSYS AB	convertor.nu	1
Schokker IT B.V.	maritime.nu	1
dnsexit.com	APPLE-ENGINEERING	1
CLDIN B.V.	GOOGLE-CLOUD-PLATFORM	4
dn-s.nl	it-ernity.nu	1
Akamai International B.V.	scherperzien.nu	1
Hetzner Online GmbH	krenning.nu	1
ACTIVE 24, s.r.o.	dunlop.nu	1
SECURITYSERVICES	OVH SAS	23
hiddenservers.com	brock.nu	1
hostnet.nl	owv.nu	1
Cloud DNS Ltd	dutch5game.nu	1
solviohosting.nl	true-nature.nu	1
ACTIVE 24, s.r.o.	sixpoint.nu	1
dn-s.nl	internetcasino.nu	1
kikakuya.com	Equinix (EMEA) Acquisition Enterprises B.V.	3
thednscompany.com	doorschakelen.nu	1
heinosoft.nl	droombaan.nu	1
Signet B.V.	krijgdekleren.nu	1
mijn.host	goederenliften.nu	1
Signet B.V.	externe-vertrouwenspersoon.nu	1
hiwebab.se	fixafalgen.se	1
cloudns.dk	jepsens.nu	1
mediageex.com	MICROSOFT-CORP-MSN-AS-BLOCK	1
srvnl.nl	weblogics.nu	1
CLDIN B.V.	witvis.nu	1
Hetzner Online GmbH	opac.nu	1
CLDIN B.V.	domenrietdekkers.nu	1
hix.nl	silentio.nu	1
CLOUDFLARENET	caesars.nu	1
qplusqdns.nl	zense.nu	1
ACTIVE 24, s.r.o.	g-l.nu	1
AUTOMATTIC	Hostek AB	1
ACTIVE 24, s.r.o.	xn--anchorls-g0a.nu	1
CLOUDFLARENET	danielc.nu	1
serviceprovider.nl	GOOGLE	2
oderland.com	hyrbilar.nu	1
Tele2 SWIPnet	dnsdrift.net	1
CLOUDFLARENET	aenv-ict.nl	2
net.il	net.il	1
Eurofiber Cloud Infra B.V.	aisolution.nu	1
Signet B.V.	zonduurzaam.nu	1
Yelles AB	w1ck3d.nu	1
coreit.se	GlobalConnect AB	1
iteg.at	iteg.at	1
Yelles AB	slusk.nu	1
Signet B.V.	klimaatactie.nu	1
Signet B.V.	testjebloed.nu	1
ipcom GmbH	shoreline.nu	1
Signet B.V.	annelease.nu	1
secureserv.nl	MICROSOFT-CORP-MSN-AS-BLOCK	1
librahost.net	it-admin.nu	1
Signet B.V.	greenmouse.nu	1
hyp.net	One.com A/S	6
Signet B.V.	bouwintegratie.nu	1
CLOUDFLARENET	Voxility LLP	1
LIQUIDWEB	haddock.nu	1
Cygrids Communications AB	tradgardsbutiken.nu	1
ACTIVE 24, s.r.o.	highone.nu	1
Duocast B.V.	rec.nu	1
karisimbi.nl	buitenkansjes.nu	1
Signet B.V.	communitycrm.nu	1
ilait.se	Nordisk Media Utveckling AB	1
net.pl	powerbike.nu	1
The Internet Engineering Group B.V.	wollie.nu	1
intermedia.nu	MICROSOFT-CORP-MSN-AS-BLOCK	1
Signet B.V.	paardentrailer.nu	1
migadu.com	OVH SAS	2
CLDIN B.V.	mobieleselfstorage.nu	1
ipcom GmbH	ZOHO-AS	2
datahalland.se	MICROSOFT-CORP-MSN-AS-BLOCK	3
oderland.com	byggkontakt.nu	1
nepoq.com	intim.nu	1
dn-s.nl	aanbestedingsadvocaten.nu	1
dotserv.com	feriebornholm.nu	1
Signet B.V.	rietveldenaccountancy.nu	1
ACTIVE 24, s.r.o.	changeit.nu	1
Signet B.V.	whatsinit.nu	1
Yelles AB	hdiu.nu	1
LIQUIDWEB	nordstedt.nu	1
Signet B.V.	stimpy.nu	1
mastersofmedia.eu	mastersofmedia.eu	1
komunikado.dk	drupal-hosting.nu	1
cloud86.nl	westerweel.nu	1
ACTIVE 24, s.r.o.	silvana.nu	1
SECURITYSERVICES	ACTIVE 24, s.r.o.	4
CLOUDFLARENET	hermanex.com	1
oderland.com	helenas.nu	1
norrnod.se	GOOGLE	1
everywhereim.com	mapping.nu	1
GOOGLE	corium.nu	1
accentonline.nl	bijou.nu	1
One.com A/S	polfliet.nu	1
Hostek AB	mys.nu	1
webkernel.nl	GOOGLE	1
DIGITALOCEAN-ASN	vcv.nu	1
dn-s.nl	spruiten.nu	1
Intermax Group B.V.	WHG Hosting Services Ltd	11
networkoperations.nl	MICROSOFT-CORP-MSN-AS-BLOCK	3
LIQUIDWEB	nudns.nu	1
ddadns2023.nl	GOOGLE	1
ns14.net	GOOGLE	8
GleSYS AB	hudvardsakademin.nu	1
Signet B.V.	ZOHO Corporation B.V	2
Yelles AB	kapitalism.nu	1
aname.net	tmoz.nu	1
CLOUDFLARENET	slotenexpert.nu	1
cloudns.dk	reloaded.nu	1
No ACK Group Holding AB	sprakteknologi.nu	1
sac-it.dk	MICROSOFT-CORP-MSN-AS-BLOCK	1
NUCDN	millionairefair.nu	1
BIT BV	prosoftware.nu	1
main-hosting.eu	pizzaplus.nu	1
Yelles AB	xnytt.nu	1
DIGITALOCEAN-ASN	justbiz.nu	1
DIGITALOCEAN-ASN	mx.microsoft	3
mijndnsserver.nl	beddinghouse.nu	1
Miss Hosting AB	reala.nu	1
Signet B.V.	psychichelp.nu	1
CLOUDFLARENET	kimpsykolog.se	1
GOOGLE	23M GmbH	1
LIQUIDWEB	risse.nu	1
neostrada.nl	vrijstaand-wonen.nu	1
GOOGLE	Safenames Ltd.	8
GleSYS AB	ogren.nu	1
Knipp Medien und Kommunikation GmbH	ScaleUp Technologies GmbH & Co. KG	17
webhostingserver.nl	mactraining.nu	1
Cygrids Communications AB	stanley.nu	1
box.nl	Lubbers Box Telematica BV	10
Signet B.V.	asperion.nu	1
GleSYS AB	APPLE-ENGINEERING	2
Signet B.V.	all-electric.nu	1
Signet B.V.	easybaby.nu	1
bhosted.nl	Proton AG	1
One.com A/S	witteveen.nu	1
webb-partner.se	MICROSOFT-CORP-MSN-AS-BLOCK	4
CLDIN B.V.	arges.nu	1
netgiganten.dk	Christian Ebsen ApS	5
etableraweb.net	sjr.nu	1
Stichting DIGI NL	fenikscoaching.nu	1
ipcom GmbH	systms.org	3
webspring.se	webspring.se	7
ACTIVE 24, s.r.o.	wicca.nu	1
CLOUDFLARENET	mx.microsoft	11
CLOUDFLARENET	thatsyours.nl	3
ACTIVE 24, s.r.o.	ival.nu	1
flevohost.nl	rvc.nu	1
cloud86.nl	asa.nu	1
Signet B.V.	routit.net	4
GleSYS AB	popdesign.nu	1
ACTIVE 24, s.r.o.	konstgalleri.nu	1
exonet.nl	topvan.nu	1
CLDIN B.V.	wilgenteen.nu	1
GlobalConnect A/S	One.com A/S	1
cloud86.nl	GOOGLE	9
hostnet.nl	klaver.nu	1
Hetzner Online GmbH	ruedafestival.nu	1
Hetzner Online GmbH	ddf.nu	1
one.com	haboob.cloud	1
LIQUIDWEB	rozema.nu	1
Signet B.V.	procolix.com	1
ACTIVE 24, s.r.o.	lyttbacka.nu	1
CLDIN B.V.	dnb.nl	1
MICROSOFT-CORP-MSN-AS-BLOCK	Loopia AB	2
Yelles AB	aiskolan.nu	1
Yelles AB	mixfm.nu	1
Signet B.V.	evenementenveiligheid.nu	1
Signet B.V.	misssixty.nu	1
hqhosting.net	mesaroli.nu	1
ACTIVE 24, s.r.o.	evalu8.nu	1
ACTIVE 24, s.r.o.	confidentknowledge.nu	1
LEASEWEB-USA-SFO	roes.nl	1
Signet B.V.	pacoverpakkingen.nu	1
uwhostingprovider.nl	aftermovie.nu	1
CLDIN B.V.	aspatec.nu	1
CLDIN B.V.	pleisters.nu	1
Uniserver Internet B.V.	hicle.nu	1
CLOUDFLARENET	xn--casinopmobilen-rib.nu	1
Telia Company AB	east.nu	1
worldwidedns.net	europe.nu	1
CLOUDFLARENET	taxitillflyget.nu	1
sange.fi	sange.fi	1
SECURITYSERVICES	ideate.nu	1
2is.nl	thc.nl	1
BIT BV	dehostingfirma.nl	2
loopia.se	itwebb.com	3
Signet B.V.	ncare.nu	1
Signet B.V.	nlelectric.nu	1
LIQUIDWEB	sportvissen.nu	1
cargo.site	NetBase BV	1
CLOUDFLARENET	spelonline.nu	1
CLOUDFLARENET	Combell NV	2
CLDIN B.V.	sameninbeweging.nu	1
yourdomainprovider.net	devv.nu	1
thednscompany.com	verbunt.nu	1
Yelles AB	svartalistan.nu	1
ACTIVE 24, s.r.o.	zenergise.nu	1
dn-s.nl	grotius.nu	1
Iomart Cloud Services Limited	Iomart Cloud Services Limited	4
caveo.nl	albanicasat.nu	1
revenew.nl	LeaseWeb Netherlands B.V.	1
midphase.com	bellemusic.nu	1
CLOUDFLARENET	easy2tv.nu	1
ACTIVE 24, s.r.o.	italodisco.nu	1
Hetzner Online GmbH	backtothefuture.nu	1
one.com	Fastmail Pty Ltd	4
Signet B.V.	goliath.nu	1
Signet B.V.	together.nu	1
cloud86.nl	dmsolutions.nu	1
adminor.net	MICROSOFT-CORP-MSN-AS-BLOCK	1
lumik.se	Loopia AB	3
Signet B.V.	almereschipholtaxi.nu	1
Eurofiber Cloud Infra B.V.	kinesis.nu	1
maakum.nl	indus.nu	1
AMAZON-02	lekkerensnel.nu	1
webruimtehosting.nl	xman-lubricant.nu	1
brighthost.be	brighthost.nu	1
owaserver.nl	onlinewebart.nl	3
Signet B.V.	aalsmeer.nu	1
serviceprovider.nl	lukassen.nu	1
ports.se	kajakpaddling.nu	1
CLOUDFLARENET	meanwhile.nu	1
hostnet.nl	hostmywebsite.nl	2
ACTIVE 24, s.r.o.	smallchange.nu	1
Yelles AB	fonder.nu	1
InterRacks B.V.	MICROSOFT-CORP-MSN-AS-BLOCK	2
CLDIN B.V.	tocqueville.nu	1
raffel.net	ppe-hosted.com	1
Yelles AB	247365.nu	1
auto-dns.com	buenk.nu	1
one.com	STABLEHOST	1
ACTIVE 24, s.r.o.	runeson.nu	1
register.it	GOOGLE	2
Yelles AB	fanclub.nu	1
CLOUDFLARENET	culturum.nu	1
cloud86.nl	liefhebber.nu	1
budgethostingserver.nl	openspace.nu	1
TrueFullstaq B.V.	dataprotection.nu	1
webzoo.nu	MICROSOFT-CORP-MSN-AS-BLOCK	2
Hetzner Online GmbH	telesexlinjen.nu	1
Yelles AB	hercegovina.nu	1
decit.cloud	idefender.nl	1
oderland.com	vastkustpojkarna.nu	1
ACTIVE 24, s.r.o.	melinder.nu	1
hostinger.com	GOOGLE	1
Yelles AB	solten.nu	1
registrar-servers.com	Proton AG	4
Yelles AB	tradingcoach.nu	1
CLDIN B.V.	be-free.nu	1
NetActuate, Inc	MICROSOFT-CORP-MSN-AS-BLOCK	2
planeetta.net	webcam.nu	1
axc.nl	fit2go.nu	1
CLOUDFLARENET	heerlijckheid.nu	1
Trans-iX B.V.	natuurcoach.nu	1
Cygrids Communications AB	xn--vghjlpsabonnemang-qqbd.nu	1
serviceprovider.nl	raintec.nl	1
LIQUIDWEB	txn.nu	1
cloud86.nl	eengoedverhaal.nu	1
appserved.nl	verhuizers-vergelijken.nu	1
ligthart.nu	ligthart.nu	1
UpCloud Ltd	gnconsult.nu	1
AMAZON-02	kullander.nu	2
host2vps.com	verkeersinfo.nu	1
CLOUDFLARENET	ludoliteracy.nu	1
Signet B.V.	thermaflex.nu	1
ACTIVE 24, s.r.o.	prefix.nu	1
CLOUDFLARENET	eniki.nu	1
xel.nl	mx.microsoft	1
ACTIVE 24, s.r.o.	brallisar.nu	1
ACTIVE 24, s.r.o.	latragundaleva.nu	1
cloud86.nl	zweers.nu	1
unitedcommunications.se	unitedcommunications.se	2
oderland.com	OVH SAS	4
ACTIVE 24, s.r.o.	redbit.nu	1
The Internet Engineering Group B.V.	coolparts.nu	1
Yelles AB	originproof.nu	1
ospito.eu	toegangscontrole.nu	1
upto.net	Fastmail Pty Ltd	1
SECURITYSERVICES	CLOUDFLARENET	3
caveo.nl	heatit.nu	1
Signet B.V.	viraloutbreak.nu	1
DIGITALOCEAN-ASN	pinkbird.nu	1
CLOUDFLARENET	roycom.nu	1
slik.eu	managedsecurityservices.nu	1
ne.jp	yoroduya.nu	1
speedcom.se	Diagonal Forlags AB	8
Combell NV	GOOGLE	1
ilait.se	Tele2 SWIPnet	2
danaweb.org	MICROSOFT-CORP-MSN-AS-BLOCK	16
Previder B.V.	rosalina.nu	1
Signet B.V.	onlinevastgoedbeheer.nu	1
CLOUDFLARENET	billigaleksaker.nu	1
CLDIN B.V.	molcocarparts.nu	1
dn-s.nl	bootsloop.nu	1
GleSYS AB	economia.nu	1
DIGITALOCEAN-ASN	juffrouwjansen.nu	1
Yelles AB	heiskanen.nu	1
technoberg.nl	technoberg.com	2
axc.nl	doublefour.nu	1
Yelles AB	anonym.nu	1
ferytaleshosting1.com	planuwkantoor.nu	1
One.com A/S	numatic.nu	1
CLOUDFLARENET	akupunkturforbundet.nu	1
DIGITALOCEAN-ASN	voordelighuren.nu	1
awsdns-00.com	visitor.domains	1
ACTIVE 24, s.r.o.	garagequeens.nu	1
escape.hr	ad-hoc.nu	1
Hetzner Online GmbH	spinone.nu	1
websight-dns.com	MICROSOFT-CORP-MSN-AS-BLOCK	1
AMAZON-02	motopro.nu	1
LIQUIDWEB	cthulhu.nu	1
CLOUDFLARENET	LeaseWeb Netherlands B.V.	2
dn-s.nl	onlineproms.nu	1
animistration.com	animistration.com	1
Signet B.V.	hetgoedeleven.nu	1
Yelles AB	astrand.nu	1
CLOUDFLARENET	ntsecurity.nu	1
axc.nl	novuslifestyle.nu	1
We Dare B.V.	rst.nu	1
ACTIVE 24, s.r.o.	tuva.nu	1
CLOUDFLARENET	ibvision.nl	2
dn-s.nl	vannieuwburg.nu	1
saitis.net	nimag.net	1
domdom.net	symport.nu	1
AxByte Internet Services AB	GOOGLE	5
CLOUDFLARENET	vbs.nu	1
internl.net	ZOHO-AS	1
rimotecloud.com	staa.nu	1
UKDedicated LTD	MICROSOFT-CORP-MSN-AS-BLOCK	6
oderland.com	danials.nu	1
Signet B.V.	wijnkenner.nu	1
unitedcommunications.se	GOOGLE	1
Signet B.V.	waterstraalsnijmachine.nu	1
NUCDN	sedoc.it	1
LIQUIDWEB	rogge.nu	1
Bahnhof AB	cindysmassage.nu	1
auto-dns.com	MICROSOFT-CORP-MSN-AS-BLOCK	2
Akamai Connected Cloud	fcomet.com	3
CLOUDFLARENET	warborn.nu	1
shockmedia.nl	twinsense.nu	1
ACTIVE 24, s.r.o.	konstdesign.nu	1
cloud86.nl	zakelijkinkomen.nu	1
loopia.se	RB Communication AB	9
CLOUDFLARENET	fbsk.nu	1
ACTIVE 24, s.r.o.	uusitalo.nu	1
cloud86.nl	duxon.nu	1
ports.se	GOOGLE	9
elonisas.nl	kpnmail.nl	1
cms.se	GOOGLE-CLOUD-PLATFORM	27
CLOUDFLARENET	kalkbrottet.nu	1
Yelles AB	myplace.nu	1
nicolai.cloud	rnplus.nl	1
com.ua	safeme.nu	1
Signet B.V.	anand.nu	1
Yelles AB	med.nu	1
stabletransit.com	GOOGLE	2
CLOUDFLARENET	sverigedemokraterna.nu	1
peekaboo.se	BRS Networks AB	13
Yelles AB	pette.nu	1
one.com	tele.dk	1
vboxx.net	wonderfullife.nu	1
CLDIN B.V.	bolleboom.com	1
ifastnet.com	f18.nu	1
hostslim.nl	racefietsen.nu	1
mijndnsserver.nl	pkt.nu	1
Cygrids Communications AB	lysekil.nu	1
loopia.se	svebe.se	1
ne.jp	rare.nu	1
neostrada.nl	totaalholding.nl	1
CLOUDFLARENET	catsit.nu	1
Yelles AB	regn.nu	1
Yelles AB	varmepumpsfilter.nu	1
Yelles AB	urv.nu	1
Yelles AB	greatdeal.nu	1
webhostingserver.nl	radiophoenix.nu	1
Signet B.V.	robinsautoservice.nu	1
SECURITYSERVICES	sthlmnew.nu	1
hosting4power.net	MICROSOFT-CORP-MSN-AS-BLOCK	1
xmail.nl	xmail.nl	1
wk.se	starserv.se	1
Yelles AB	hopp.nu	1
CLOUDFLARENET	sprengers.nu	1
hosting-dienst.com	hetvlinderparadijs.nu	1
dns-mach-it.nl	MICROSOFT-CORP-MSN-AS-BLOCK	3
Telia Company AB	SECURITYSERVICES	6
One.com A/S	DIGITALOCEAN-ASN	1
Signet B.V.	homy.nu	1
Yelles AB	aleksandra.nu	1
Signet B.V.	bookers.nu	1
rydin.se	MICROSOFT-CORP-MSN-AS-BLOCK	1
pro-host.nl	dinamo.nu	1
Signet B.V.	laugs.nu	1
dnssrv.nl	MICROSOFT-CORP-MSN-AS-BLOCK	3
Iomart Cloud Services Limited	netintelligence.com	2
CLOUDFLARENET	stalen-tafelpoten.nu	1
Signet B.V.	dscreations.nl	2
DIGITALOCEAN-ASN	funnel.nu	1
DIGITALOCEAN-ASN	daan.nu	1
Yelles AB	xn--jrvs-loa5i.nu	1
cewebhosting.nl	zorgsloten.nu	1
LEVEL3	nordiskemail.com	1
ACTIVE 24, s.r.o.	vaktel.nu	1
dn-s.nl	lifetree.nu	1
DIGITALOCEAN-ASN	Wix.com Ltd.	1
nforce.com	netrebel.nu	1
loopia.se	jgsoftware.se	1
ACTIVE 24, s.r.o.	pehrsson.nu	1
CLOUDFLARENET	vacuummachine.nu	1
AS-VULTR	MICROSOFT-CORP-MSN-AS-BLOCK	7
epm.se	MICROSOFT-CORP-MSN-AS-BLOCK	1
dnspro.dk	MICROSOFT-CORP-MSN-AS-BLOCK	1
OVH SAS	koffeman.nu	1
Yelles AB	linchpin.nu	1
CLOUDFLARENET	server.eu	1
CLDIN B.V.	runningclub.nu	1
tura.nu	tura.nu	1
The Internet Engineering Group B.V.	wally.nu	1
Yelles AB	aktuellt.nu	1
abundo.se	itn.nu	1
Yelles AB	yousef.nu	1
CLOUDFLARENET	hmn.nu	1
ACTIVE 24, s.r.o.	quadropoden.nu	1
cloud86.nl	wpweb.nu	1
Miss Hosting AB	k-netti.nu	1
NSONE	Totaalnet Internet Works B.V.	1
one.com	proton.me	1
Signet B.V.	denkavit.nl	1
hyp.net	smartemail.se	2
ferytaleshosting1.com	copier.nu	1
UKDedicated LTD	cultur.nu	1
veon.ch	Hostpoint AG	5
ab stract ltd	Proton AG	4
yourdomainprovider.net	bebber.nu	1
ACTIVE 24, s.r.o.	lidingothai.nu	1
Fundaments B.V.	mountaineer.nu	1
ports.se	sodra-alvstranden.nu	1
CLOUDFLARENET	werkaanwerkuit.nu	1
ACTIVE 24, s.r.o.	lanit.se	1
AS-VULTR	poppi.nu	1
cloud86.nl	moovment.nu	1
one.com	stofanet.dk	1
dotonline.net	dotonline.net	2
Signet B.V.	deurbeslag.nu	1
CLDIN B.V.	gebruiktebanden.nu	1
CLOUDFLARENET	RACKSPACE	6
localhosting.info	croes.nu	1
Signet B.V.	mooiwerkindehoekschewaard.nu	1
Infopact Netwerkdiensten B.V.	puzzelwoordenboek.nu	1
Signet B.V.	dehoutenvloer.nu	1
hostnet.nl	eerbeek.nu	1
Signet B.V.	echtachterhoek.nu	1
Uniserver Internet B.V.	spoedgoed.nu	1
quicns.cloud	Cloudflare London, LLC	1
loopia.se	iz.se	3
Signet B.V.	huurmij.nu	1
axc.nl	GOOGLE-CLOUD-PLATFORM	1
ACTIVE 24, s.r.o.	mandys.nu	1
LIQUIDWEB	rentachef.nu	1
CJ2 Hosting B.V.	meteoor.nu	1
CLOUDFLARENET	batklubben.nu	1
Infopact Netwerkdiensten B.V.	mijnserver.nl	1
CLOUDFLARENET	baxter.com	2
flevohost.nl	fermax.nu	1
64ip.net	kooistra.nu	1
dn-s.nl	wefra.nu	1
Signet B.V.	ikwilsex.nu	1
ascio.com	SECURITYSERVICES	14
LIQUIDWEB	atlasworld.nu	1
loopia.se	spamgate.se	1
UKDedicated LTD	tryffel.nu	1
Yelles AB	milos.nu	1
fekahost.nl	MICROSOFT-CORP-MSN-AS-BLOCK	1
ODERLAND Webbhotell AB	stambyten.nu	1
pluym.com	MICROSOFT-CORP-MSN-AS-BLOCK	1
team.blue Denmark A/S	mymailcheap.com	2
Signet B.V.	stampij.nu	1
multrix.com	MICROSOFT-CORP-MSN-AS-BLOCK	1
Hetzner Online GmbH	ODERLAND Webbhotell AB	1
CLOUDFLARENET	merimo.nu	1
Cygrids Communications AB	mediadoer.nu	1
axc.nl	bluevious.nu	1
Duocast B.V.	xx.nu	1
Yelles AB	ekgruppen.nu	1
One.com A/S	flexfocus.nu	1
GlobalConnect AB	One.com A/S	1
MICROSOFT-CORP-MSN-AS-BLOCK	patentaanvragen.nu	1
site5.com	manvanstaal.nu	1
Signet B.V.	vangorkom.nu	1
cloud86.nl	zorgzoeker.nu	1
lc.nu	pd.se	1
pall.nu	Tele2 SWIPnet	1
vinkit.nl	kliffen.nu	1
Yelles AB	xn--tvling-bua.nu	1
ACTIVE 24, s.r.o.	navring.nu	1
mediakanjers.nl	MICROSOFT-CORP-MSN-AS-BLOCK	1
DIGICERT	toridium.net	1
ACTIVE 24, s.r.o.	middelhoven.nu	1
db-server02.nl	evenementenstroom.nu	1
Yelles AB	kontorsstadning.nu	1
OVH SAS	belevingaanzee.nu	1
Zylon	MICROSOFT-CORP-MSN-AS-BLOCK	1
Signet B.V.	studioykk.nu	1
Yelles AB	speldator.nu	1
ACTIVE 24, s.r.o.	vastgota.nu	1
loopia.se	One.com A/S	3
SURF B.V.	Signet B.V.	7
123webserver.biz	webconcept.nu	1
ACTIVE 24, s.r.o.	freppe.nu	1
Signet B.V.	planeetb.nu	1
Yelles AB	sintesis.nu	1
CLDIN B.V.	kluskens.nu	1
Signet B.V.	ondervinder.nu	1
Signet B.V.	airborne.nu	1
CLDIN B.V.	Fastmail Pty Ltd	2
CLOUDFLARENET	xarisasp.nl	1
spacedump.net	pp.se	1
superhosting.bg	oldgames.nu	1
CLOUDFLARENET	cedergrens.nu	1
CLOUDFLARENET	ikwileenfiets.nu	1
alexum.software	fratello.nu	1
nixus.info	ce-tech.nu	1
DIGICERT	92.32	1
aabjacobs.nu	aabjacobs.nu	1
Miss Hosting AB	cwt.nu	1
Duocast B.V.	cloudwise.nu	1
ACTIVE 24, s.r.o.	psykiatrikern.nu	1
neostrada.nl	houvast.nu	1
AMAZON-02	gunu.nu	1
Signet B.V.	iwm.nu	1
tabellen.se	skytteligan.nu	1
UpCloud Ltd	webbplatsen.net	5
yourdomainprovider.net	One.com A/S	2
Akamai International B.V.	wasadata.com	1
sectigoweb.com	blauwestad.nu	1
CLDIN B.V.	mijnregio.nu	1
CLOUDFLARENET	danielcronstrom.nu	1
ACTIVE 24, s.r.o.	byggapool.nu	1
Combell NV	MICROSOFT-CORP-MSN-AS-BLOCK	1
CLOUDFLARENET	budgethost.io	1
Signet B.V.	schilders.nu	1
One.com A/S	vossies.nu	1
GOOGLE	InfraCom Managed Services AB	2
Trans-iX B.V.	menopauzevriendelijkeorganisatie.nu	1
CLOUDFLARENET	quizza.nu	1
AS-VULTR	postn.nu	1
Signet B.V.	autodemontage.nu	1
nameserver.co	filtercluster.com	1
loopia.se	egloo.nu	1
cloud86.nl	heart-collection.nu	1
24x7h.com	maracana.nu	1
Yelles AB	fixare.nu	1
ACTIVE 24, s.r.o.	lvideutschland.nu	1
AMAZON-02	APPLE-ENGINEERING	3
Stichting DIGI NL	webchemie.nl	1
webspring.se	xn--klmskydd-1za.nu	1
loopia.se	temacenter.se	1
LIQUIDWEB	Proton AG	5
Duocast B.V.	ersa.nu	1
CLDIN B.V.	mobielestorage.nu	1
CLOUDFLARENET	leaf.nu	1
CLOUDFLARENET	ntaskolutveckling.nu	1
loopia.se	201.114	1
AUTOMATTIC	hostcontrol.com	2
Yelles AB	andorja.nu	1
One.com A/S	taxivalk.nu	1
CLOUDFLARENET	rullman.se	1
ACTIVE 24, s.r.o.	marknadspartner.nu	1
Hostek AB	zimplercasinoutansvensklicens.nu	1
ORACLE-BMC-31898	gr8.nu	1
mijndnsserver.nl	klassiekehomeopathie.nu	1
ACTIVE 24, s.r.o.	manning.nu	1
Snel.com B.V.	MICROSOFT-CORP-MSN-AS-BLOCK	3
webhostingserver.nl	dickschaap.nu	1
quicns.cloud	altcoin.nu	1
bukephalos.dk	MICROSOFT-CORP-MSN-AS-BLOCK	1
Signet B.V.	supspace.nu	1
dn-s.nl	bellevie.nu	1
DIGITALOCEAN-ASN	reactivated.nu	1
uwhostingprovider.nl	hetlicht.nu	1
MICROSOFT-CORP-MSN-AS-BLOCK	CSC	3
exonet.nl	belsimpel.nu	1
Yelles AB	pileby.nu	1
GleSYS AB	hemi.nu	1
diagonal.se	MICROSOFT-CORP-MSN-AS-BLOCK	2
ACTIVE 24, s.r.o.	abelin.nu	1
ACTIVE 24, s.r.o.	ochno.nu	1
CLDIN B.V.	voetjevoorvoetje.nu	1
HURRICANE	inopsotech.net	3
sohosted41.com	CLDIN B.V.	1
ACTIVE 24, s.r.o.	jansater.nu	1
Yelles AB	klimatexperterna.nu	1
CLOUDFLARENET	xn--dinstd-fua.nu	1
Yelles AB	tak.nu	1
Bahnhof AB	bahnhof.se	3
tophost.ch	tophost.ch	2
Signet B.V.	berini.nu	1
rocketship.cloud	GOOGLE	1
mildmedia.se	mildmedia.se	3
CLOUDFLARENET	bonenkamp.nu	1
exonet.nl	fforward.nu	1
axc.nl	reuring.nu	1
ACTIVE 24, s.r.o.	studentvilla.nu	1
exsilia.net	GOOGLE	3
CLOUDFLARENET	bld.nu	1
Trans-iX B.V.	heartfulness.nu	1
cloud86.nl	blok.nu	1
One.com A/S	hetatelier.nu	1
Serverius Holding B.V.	sexafspraakje.nu	1
momwebs.com	twmtrust.nu	1
Yelles AB	change.nu	1
neostrada.nl	intelligentpower.nu	1
AMAZON-02	One.com A/S	1
tlwebdesign.nl	upgraden.nu	1
willux.be	MICROSOFT-CORP-MSN-AS-BLOCK	1
ODERLAND Webbhotell AB	gatukonst.nu	1
CLDIN B.V.	Signet B.V.	3
Signet B.V.	emmers-bedrukken.nu	1
DIGITALOCEAN-ASN	vact.nu	1
DIGICERT	GOOGLE	10
griffel.se	domain.se	1
Signet B.V.	decyber.nu	1
AMAZON-02	peoplestv.nu	1
ACTIVE 24, s.r.o.	gleby.nu	1
tranquility.nl	nanocoat.nu	1
one.com	Wix.com Ltd.	1
dn-s.nl	buurtsuper.nu	1
dastexdata.com	brookman.nu	1
Signet B.V.	AMAZON-02	10
TrueFullstaq B.V.	triple-interactive.nl	3
CLOUDFLARENET	4wheels.nu	1
rackns.net	ayoub.nu	1
CLOUDFLARENET	vitativ.nu	1
ACTIVE 24, s.r.o.	onscreen.nu	1
Signet B.V.	cocu.nu	1
neostrada.nl	watetenwevandaag.nu	1
neostrada.nl	beautytips.nu	1
ACTIVE 24, s.r.o.	starfleet.nu	1
netformatie.nl	dekudde.nu	1
dns.services	APPLE-ENGINEERING	1
qbixx.nl	toos.nu	1
CLOUDFLARENET	hostns.io	1
LeaseWeb Netherlands B.V.	cms-dsb.com	4
hostnet.nl	infoopmaat.nu	1
checkdomain.de	spielothek.nu	1
CLOUDFLARENET	rentman.nu	1
norplex.no	norplex.no	1
Miss Hosting AB	door.nu	1
Bredband i Kristianstad AB	CLOUDFLARENET	4
Hetzner Online GmbH	denktafel.nu	1
CLDIN B.V.	helderzienden.nu	1
Yelles AB	happythighs.nu	1
spacedump.se	edx.nu	1
loopia.se	GlobalConnect AB	11
Yelles AB	calls.nu	1
Hetzner Online GmbH	franks.nu	1
CLOUDFLARENET	sovbra.nu	1
co.uk	krekel.nu	1
Signet B.V.	smiledesign.nu	1
CJ2 Hosting B.V.	flightengine.nu	1
gbo.net	matuschik.nu	1
Uniserver Internet B.V.	kindervakantie.nu	1
Infracom Holding B.V.	Infracom Holding B.V.	4
Previder B.V.	vocus.nu	1
mijndnsserver.nl	atlastheater.nu	1
Yelles AB	sportstatistik.nu	1
joker.com	viareggio.nu	1
hith.nl	MICROSOFT-CORP-MSN-AS-BLOCK	2
Cygrids Communications AB	stjarnastrologen.nu	1
CLOUDFLARENET	westbeach.nu	1
ACTIVE 24, s.r.o.	nilma.nu	1
CLOUDFLARENET	Christian Ebsen ApS	2
Signet B.V.	itass.nl	2
hosting4power.net	data4you.nu	1
CLOUDFLARENET	marshall.nu	1
heltech.se	webhotel24.se	3
cloud86.nl	aanboord.nu	1
co.uk	bt.net	1
MICROSOFT-CORP-MSN-AS-BLOCK	ucsystems.net	4
srv7.nl	spiritueeladvies.nu	1
BIT BV	jelmar.nu	1
Nordlo Vaxjo & Ljungby AB	medialaget.net	3
CLOUDFLARENET	insulae.nu	1
CLOUDFLARENET	billyvind.nu	1
Yelles AB	utklasad.nu	1
exped.systems	exped.systems	1
tiptec.ch	tophost.ch	1
123-hosting-server.com	hoezo.nu	1
loopia.se	lampa.nu	1
HWJ Invest 2016 ApS	HWJ Invest 2016 ApS	4
ACTIVE 24, s.r.o.	saljaminelbil.nu	1
mega.nu	mega.nu	1
SECURITYSERVICES	mine.nu	1
wada.nu	wada.nu	1
ACTIVE 24, s.r.o.	almen.nu	1
Yelles AB	uddautflykter.nu	1
ACTIVE 24, s.r.o.	casinoslot.nu	1
servicecore.se	MICROSOFT-CORP-MSN-AS-BLOCK	1
ACTIVE 24, s.r.o.	tagalong.nu	1
xb.nl	blijfgroep.nu	1
moln-net.se	MICROSOFT-CORP-MSN-AS-BLOCK	3
Yelles AB	xn--husmklare-y2a.nu	1
inox.nu	inox.nu	1
ACTIVE 24, s.r.o.	ajka.nu	1
Yelles AB	seldi.nu	1
dig.com	disneyonline.com	2
Signet B.V.	provix.nu	1
Combell NV	vacaturekrant.nu	1
ports.se	dtf.nu	1
AUTOMATTIC	MICROSOFT-CORP-MSN-AS-BLOCK	7
ACTIVE 24, s.r.o.	madrental.nu	1
Yelles AB	ekonline.nu	1
MICROSOFT-CORP-MSN-AS-BLOCK	ntsystems.nl	1
v6dns.jp	GOOGLE	1
wnshosting.us	wnshosting.us	1
openit.se	xn--affrside-2za.nu	1
caveo.nl	globalcargocare.nu	1
Yelles AB	topplistor.nu	1
Cygrids Communications AB	lundagard.nu	1
Yelles AB	comfortclinic.nu	1
CLOUDFLARENET	superseries.nu	1
Signet B.V.	standaardsinvastgoed.nu	1
ACTIVE 24, s.r.o.	vasst.nu	1
nethost24.nl	MICROSOFT-CORP-MSN-AS-BLOCK	1
team.blue Denmark A/S	betaling.nu	1
awsdns-41.org	Cloudflare London, LLC	1
novonordisk.com	nnithosting.com	3
Signet B.V.	teleconsult.nu	1
AMAZON-02	pphosted.com	1
mantella.eu	MICROSOFT-CORP-MSN-AS-BLOCK	2
alternativ.nu	ater.nu	1
Cygrids Communications AB	mindonnature.nu	1
BUNNYWAY, informacijske storitve d.o.o.	Forss IT AB	4
ports.se	tjeders.nu	1
emberdns.se	duva.nu	1
nmugroup.com	SECURITYSERVICES	1
GleSYS AB	souf.nu	1
Uniserver Internet B.V.	dyndns.org	2
loopia.se	publikator.nu	1
yandex.net	YANDEX LLC	1
DIGITALOCEAN-ASN	readytogrow.nu	1
NUCDN	falckambulans.nu	1
GleSYS AB	lamiapizzeria.nu	1
Trans-iX B.V.	MICROSOFT-CORP-MSN-AS-BLOCK	4
ns0.com	pair.com	8
DIGITALOCEAN-ASN	radioluisteren.nu	1
GOOGLE	yourfilter.nl	2
ACTIVE 24, s.r.o.	sterbhus.nu	1
H4Hosting BV	grounded.nu	1
Signet B.V.	thequalityfoodclub.nu	1
european-server.com	GOOGLE	3
dnsman.nl	GOOGLE	1
CLOUDFLARENET	theiceclub.nu	1
CLOUDFLARENET	snoopy.nu	1
analystict.com	MICROSOFT-CORP-MSN-AS-BLOCK	3
cyberability.com	cyberability.com	1
ServeTheWorld AS	bearvalley.nu	1
One.com A/S	rixburo.nu	1
xertog.com	boedapest.nu	1
ML Consultancy	wylance.com	1
CLOUDFLARENET	skivborsen.nu	1
GlobalConnect AB	rosemaries.nu	1
Yelles AB	smartphonefribarndom.nu	1
ACTIVE 24, s.r.o.	dg-auktioner.nu	1
hostedxl.nl	MICROSOFT-CORP-MSN-AS-BLOCK	3
CJ2 Hosting B.V.	jetmail.nu	1
One.com A/S	zeyn.nu	1
Signet B.V.	breedt.nu	1
IONOS SE	xn--ml-yia.nu	1
Yelles AB	wayne.nu	1
CLOUDFLARENET	mariesmat.nu	1
ACTIVE 24, s.r.o.	daily.nu	1
yayhosting.dk	levelfloor.nu	1
CLOUDFLARENET	WebSupport s.r.o.	11
Signet B.V.	chainge.nu	1
CLDIN B.V.	dompelpomp.nu	1
Signet B.V.	helikoptervluchten.nu	1
hostworld.dk	finansguiden.nu	1
asbra.nu	GOOGLE	1
Signet B.V.	budgetinternet.nu	1
virtio.be	energetisch-therapeut.nu	1
ORACLE-BMC-31898	inumbo.com	1
Varnamo Energi AB	GlobalConnect AB	3
CLOUDFLARENET	art.br	1
cloudns.net	CLDIN B.V.	8
ACTIVE 24, s.r.o.	gena.nu	1
neostrada.nl	mastersofjava.nu	1
ACTIVE 24, s.r.o.	tandis.nu	1
CLDIN B.V.	datavisualisatie.nu	1
Signet B.V.	archimate.nu	1
hostnet.nl	orweja.nu	1
Miss Hosting AB	GOOGLE	1
loopia.se	myqnapcloud.com	1
Signet B.V.	racecursus.nu	1
Duocast B.V.	booost.nu	1
LIQUIDWEB	olivier.nu	1
Yelles AB	fete.nu	1
axc.nl	GOOGLE	12
Signet B.V.	jungle-gym.nu	1
Yelles AB	bonuskungen.nu	1
Signet B.V.	bsdfreaks.nl	2
one.com	scalesoft.dk	1
Signet B.V.	everspring.nu	1
DIGITALOCEAN-ASN	glutathion.nu	1
CLOUDFLARENET	variabel.nu	1
Signet B.V.	printing.nu	1
ACTIVE 24, s.r.o.	pservice.nu	1
GleSYS AB	morsing.nu	1
DIGITALOCEAN-ASN	pauw.nu	1
budgetdomainserver.nl	facturen.nu	1
SECURITYSERVICES	names.net	4
Yelles AB	dokument.nu	1
ne.jp	miyabi.nu	1
vodien.com	Proton AG	1
ServeTheWorld AS	morken.nu	1
Signet B.V.	nuvitaal.nu	1
CLOUDFLARENET	scam.nu	1
Cygrids Communications AB	ahltorpmedia.se	1
ACTIVE 24, s.r.o.	visolve.nu	1
ACTIVE 24, s.r.o.	bladet.nu	1
Signet B.V.	verzekeringsrecht.nu	1
Signet B.V.	horoscoopvoorspelling.nu	1
hyp.net	mailserveren.com	1
84 Grams AB	84 Grams AB	11
100procent.com	MICROSOFT-CORP-MSN-AS-BLOCK	4
dnsimple.com	MICROSOFT-CORP-MSN-AS-BLOCK	1
Yelles AB	reparera.nu	1
interspace.se	GlobalConnect AB	3
Webland AB	MICROSOFT-CORP-MSN-AS-BLOCK	5
OVH SAS	23.nu	1
CLOUDFLARENET	borgo.nu	1
Yelles AB	1994.nu	1
Miss Hosting AB	spela-slots.nu	1
AMAZON-02	rocksol-it.nl	4
ACTIVE 24, s.r.o.	jnmaskiner.nu	1
sunteamdns.nl	fauve.nu	1
wup.nu	saleh.nu	1
hix.nl	fmextra.nu	1
mcx.nl	MICROSOFT-CORP-MSN-AS-BLOCK	1
ACTIVE 24, s.r.o.	lindblads.nu	1
CLOUDFLARENET	fcomet.com	1
Yelles AB	stats.nu	1
Signet B.V.	skideo.nu	1
Yelles AB	medu.nu	1
GANDI SAS	yourfilter.nl	10
hyp.net	mercyships.nu	1
LIQUIDWEB	wolbert.nu	1
Yelles AB	braverecruitment.nu	1
usethisnameserver.com	redheads.nu	1
Uniserver Internet B.V.	carlina.nu	1
qonnected.net	qonnected.nu	1
Yelles AB	energidryck.nu	1
iceops.se	GOOGLE-CLOUD-PLATFORM	1
GANDI SAS	MICROSOFT-CORP-MSN-AS-BLOCK	9
PRIVATESYSTEMS	cetra.nu	1
CLOUDFLARENET	teamuitstapje.nu	1
thednscompany.com	axel.nu	1
Soverin B.V.	Soverin B.V.	12
neostrada.nl	mijn.host B.V.	1
OVH SAS	divinecoaching.nu	1
CLOUDFLARENET	lnk.nu	1
server-cpanel.com	brandnu.nu	1
Yelles AB	raketa.nu	1
CGI Sverige AB	Loopia AB	4
ACTIVE 24, s.r.o.	imit.nu	1
CLOUDFLARENET	levonline.com	1
loopia.se	microswede.nu	1
ns14.net	yandex.ru	1
netgiganten.dk	advokaterne.nu	1
One.com A/S	vdwater.nu	1
Signet B.V.	sociaaldomein.nu	1
CLOUDFLARENET	torr.nu	1
ANEXIA Internetdienstleistungs GmbH	cronlab.com	1
LeaseWeb Netherlands B.V.	romusica.nu	1
Signet B.V.	dekens.nu	1
Sundsvalls kommun	STABLEHOST	1
g1ga.net	plaatwerk.nu	1
ITCONNECT Scandinavia AB	byggarn.nu	1
LIQUIDWEB	hoek.nu	1
forss.net	Hostek AB	1
awsdns-29.com	GOOGLE	1
Yelles AB	vinnapengar.nu	1
ad.jp	hino.nu	1
Yelles AB	wannadance.nu	1
ch.nl	MICROSOFT-CORP-MSN-AS-BLOCK	2
CLOUDFLARENET	ekhart.nu	1
Signet B.V.	nudo.nu	1
webhosting.dk	webhosting.dk	2
Signet B.V.	foxmetals.nu	1
ACTIVE 24, s.r.o.	vinas.nu	1
ACTIVE 24, s.r.o.	guldkant.nu	1
Yelles AB	golfa.nu	1
CLOUDFLARENET	ballofix.nu	1
CLOUDFLARENET	raakpersoneel.nu	1
oderland.com	bomanexpress.nu	1
loopia.se	WebSupport s.r.o.	3
ACTIVE 24, s.r.o.	kakservice.nu	1
dritdns.nl	MICROSOFT-CORP-MSN-AS-BLOCK	1
thednscompany.com	mauricelacroix.nu	1
ACTIVE 24, s.r.o.	makadam.nu	1
ACTIVE 24, s.r.o.	sexslav.nu	1
Yelles AB	Heinlein-Support GmbH	2
Cygrids Communications AB	kaffebrus.nu	1
linode.com	logic.nu	1
ACTIVE 24, s.r.o.	gomorron.nu	1
The Internet Engineering Group B.V.	tomtom.nu	1
cloud86.nl	syp.nu	1
cloud86.nl	AMAZON-02	1
Yelles AB	design3d.nu	1
Yelles AB	blomstra.nu	1
LIQUIDWEB	donotreply.nu	1
GANDI SAS	APPLE-ENGINEERING	1
zitac.net	MICROSOFT-CORP-MSN-AS-BLOCK	1
ACTIVE 24, s.r.o.	amikanda.nu	1
netzozeker.net	livestreams.nu	1
ipcom GmbH	jouw-eerste-indruk.nu	1
Signet B.V.	jijkijk.nu	1
rapidehosting.nl	MICROSOFT-CORP-MSN-AS-BLOCK	1
TrueFullstaq B.V.	waaromdaarom.nu	1
Uniserver Internet B.V.	assetmanagement.nu	1
kottnet.net	kottnet.net	1
kpn.net	kpn.net	2
Cygrids Communications AB	MICROSOFT-CORP-MSN-AS-BLOCK	6
GOOGLE	jarvsogardsbageri.nu	1
CLOUDFLARENET	maple.nu	1
haveabyte.eu	loekbizzie.nu	1
Signet B.V.	aquaview.nu	1
hostnet.nl	doelbewust.nu	1
Signet B.V.	japans.nu	1
Signet B.V.	allesoverpais.nu	1
ODERLAND Webbhotell AB	MICROSOFT-CORP-MSN-AS-BLOCK	4
oderland.com	GOOGLE-CLOUD-PLATFORM	2
DIGITALOCEAN-ASN	joyme.nu	1
egensajt.se	algiz.nu	1
One.com A/S	atti.nu	1
ipower.com	gvp.nu	1
karlahosting.se	korsord.nu	1
Signet B.V.	greenscreen.nu	1
olika.net	olika.net	1
ports.se	Loopia AB	7
Miss Hosting AB	heavenly.nu	1
excanto.net	Telia Company AB	1
CLOUDFLARENET	festfix.nu	1
Signet B.V.	srvnl.nl	1
ACTIVE 24, s.r.o.	steffensen.nu	1
CLDIN B.V.	DIGITALOCEAN-ASN	1
Signet B.V.	emas.nu	1
Signet B.V.	syncbuilder.nu	1
Signet B.V.	ridedott.nu	1
UpCloud Ltd	browniesperpost.nu	1
GOOGLE	Nordisk Media Utveckling AB	5
Signet B.V.	shoptrader.com	1
Yelles AB	laddboxen.nu	1
Cloud DNS Ltd	hqn.nu	1
Net-Build GmbH	ultimate-young.nu	1
Yelles AB	wolt.nu	1
Bahnhof AB	staysecuregroup.com	1
Yelles AB	lindagarden.nu	1
GleSYS AB	backe.nu	1
hanzehosting.nl	sytema.nu	1
ports.se	hogia.net	1
LIQUIDWEB	openingstijden.nu	1
usethisnameserver.com	haakon.nu	1
tedoc.nl	CLOUDFLARENET	1
AMAZON-02	hosthost.nu	1
etableraweb.com	MICROSOFT-CORP-MSN-AS-BLOCK	1
CLOUDFLARENET	NAMECHEAP-NET	6
CLDIN B.V.	sitebytes.nl	2
Yelles AB	xn--hopbaksln-d3a.nu	1
CLDIN B.V.	pret.nu	1
ns01.se	hostedservices.se	1
CLDIN B.V.	healthcity.nu	1
CLOUDFLARENET	repair-it.nu	1
DIGITALOCEAN-ASN	aanbouw.nu	1
awsdns-06.org	Cloudflare London, LLC	1
CLDIN B.V.	huurauto.nu	1
internettoday.com	kwaliteitsborger.nu	1
wdns.se	mylogin.nu	1
loopia.se	adderat.nu	1
markmonitor.com	alldomains.com	1
mijndnsserver.nl	stoppenmetwerken.nu	1
CLOUDFLARENET	roodink.nu	1
ports.se	scandorama.se	1
ACTIVE 24, s.r.o.	pif.nu	1
LeaseWeb Netherlands B.V.	satserver.nu	1
instantxs.nl	wdw.nu	1
DIGITALOCEAN-ASN	trinh.nu	1
CLOUDFLARENET	relaxa.nu	1
Yelles AB	tor.nu	1
Conect networks and Information Technology i Jonkoping AB	MICROSOFT-CORP-MSN-AS-BLOCK	2
develto.nl	MICROSOFT-CORP-MSN-AS-BLOCK	2
ezisp.eu	masav.eu	1
AMAZON-02	WHG Hosting Services Ltd	1
CLOUDFLARENET	Cyso Group B.V.	4
CLOUDFLARENET	prijsvraag.nu	1
CLOUDFLARENET	karikatuur.nu	1
ACTIVE 24, s.r.o.	thinking.nu	1
CLOUDFLARENET	saler.nu	1
LIQUIDWEB	dynu.com	1
Snel.com B.V.	hpm.nu	1
CLOUDFLARENET	veravi.nu	1
dreamsites.tv	mtaroutes.com	2
ACTIVE 24, s.r.o.	stegetfore.nu	1
Yelles AB	kanot.nu	1
muddypaws.nu	k9-biathlon.nu	1
internettoday.com	tijdvoormama.nu	1
ACTIVE 24, s.r.o.	rinken.nu	1
GleSYS AB	pecol.nu	1
oppettider.nu	xn--ppettider-z7a.nu	1
aau.dk	aau.dk	1
contabo.net	danmail.net	1
cyberfusion.be	cyberfusion.nl	5
gns.se	gns.se	3
Signet B.V.	gevelgoeroe.nu	1
CLDIN B.V.	wasser.nu	1
GlobalConnect AB	skyltreklam.nu	1
f5clouddns.com	AMAZON-02	1
Signet B.V.	qtid.nu	1
Yelles AB	ngard.nu	1
Signet B.V.	itspure.nu	1
ACTIVE 24, s.r.o.	djurpensionat.nu	1
ACTIVE 24, s.r.o.	tola.nu	1
Signet B.V.	oht.nu	1
mijndnsserver.nl	hello365.nu	1
GleSYS AB	upnorth.nu	1
CLOUDFLARENET	dmmn.nu	1
ACTIVE 24, s.r.o.	mlfood.nu	1
team.blue Denmark A/S	gaia.chat	1
tofco.nl	cannabisseeds.nu	1
ACTIVE 24, s.r.o.	texttelefoni.nu	1
dnsexit.com	GOOGLE	2
Snel.com B.V.	meldvacature.nu	1
oderland.com	Loopia AB	3
Signet B.V.	easyhot.nu	1
dnt-internetservice.nl	mooieprijs.nu	1
Yelles AB	rockyourbusiness.nu	1
qdc.nl	GOOGLE	1
OVH SAS	powerhouse.nu	1
cloud86.nl	zogeschiedde.nu	1
Signet B.V.	leidswater.nu	1
Signet B.V.	terschelling.nu	1
ribemediehus.dk	reflektor.nu	1
Signet B.V.	bedrijfsongeval.nu	1
webruimtehosting.nl	skippers.nu	1
a1.nl	gauchos.nu	1
team.blue Denmark A/S	QUICKPACKET	2
Mediateknik i Varberg AB	jmve.nu	1
Accenture B. V.	onbeperktbellen.nu	1
coloclue.net	soleus.nu	1
Miss Hosting AB	attis.nu	1
Miss Hosting AB	gamezone.nu	1
ML Consultancy	alfion.net	5
Signet B.V.	ecolicht.nu	1
Signet B.V.	autostatus.nu	1
brosoft.net	MICROSOFT-CORP-MSN-AS-BLOCK	2
hosting4web.nl	blowerdoor.nu	1
gallestar.biz	p-piller.nu	1
sparkedhost.us	barnensbazar.nu	1
loopia.se	no-ip.info	1
1r.se	Loopia AB	1
exactnet.be	exactnet.nl	1
ACTIVE 24, s.r.o.	beijerref.nu	1
dubbelbit.nl	mailstore.nu	1
IONOS SE	herning.nu	1
ACTIVE 24, s.r.o.	adwordskonsult.nu	1
itsynergy.nl	MICROSOFT-CORP-MSN-AS-BLOCK	2
hpscloud.se	MICROSOFT-CORP-MSN-AS-BLOCK	1
pointhq.com	ZOHO Corporation B.V	1
cloud86.nl	be-cause.nu	1
GleSYS AB	webjohan.nu	1
The Internet Engineering Group B.V.	dansles.nu	1
one.com	norskindustri.nu	1
CLOUDFLARENET	bettinabakt.nu	1
AMAZON-02	crazydomains.nu	1
awsdns-12.org	AMAZON-02	2
ACTIVE 24, s.r.o.	gudrun.nu	1
gm-innovations.com	czn.nu	1
ACTIVE 24, s.r.o.	ostermans.nu	1
CLOUDFLARENET	smartaccess.nu	1
hostwide.net	hostwide.net	1
Yelles AB	pn.nu	1
loopia.se	sudden.nu	1
shockmedia.nl	hengelo.nu	1
loopia.se	golvpoolen.nu	1
cloudpit.com	nebula.fi	1
Signet B.V.	getthepicture.nu	1
ACTIVE 24, s.r.o.	1000mojligheter.nu	1
zakelijkbereikbaar.nl	MICROSOFT-CORP-MSN-AS-BLOCK	1
hypernode.com	GOOGLE	1
ne.jp	yan.nu	1
CLOUDFLARENET	gottskar.nu	1
vinkit.nl	espresso-gridpoint.net	3
aname.net	Yelles AB	1
Signet B.V.	paragnosteddie.nu	1
ljpc.network	ljpc.email	3
Signet B.V.	archimate-tool.nu	1
Yelles AB	fx.nu	1
oderland.com	digitalpartner.nu	1
Yelles AB	xn--flyttstda-12a.nu	1
cloud86.nl	eac.nu	1
ssgo.nu	MICROSOFT-CORP-MSN-AS-BLOCK	1
OVH SAS	giliam.nu	1
shockmedia.nl	lekkeruiteten.nu	1
Signet B.V.	verhuizen.nu	1
Signet B.V.	itsamazing.nu	1
Yelles AB	flowonai.nu	1
team.blue Denmark A/S	trafiksikkerhed.nu	1
ACTIVE 24, s.r.o.	gardshund.nu	1
cloud86.nl	vastgoedrecht.nu	1
shockmedia.nl	opjebest.nu	1
oderland.com	thepartnergroup.nu	1
ACTIVE 24, s.r.o.	exacttarget.com	1
black.host	gen.nu	1
halvar.cloud	Soverin B.V.	1
GleSYS AB	ohoj.nu	1
pin.se	rit.se	1
SECURITYSERVICES	karamelli.nu	1
provenwebconcepts.nl	fib.nu	1
sollie.nl	sollie.nl	1
The Internet Engineering Group B.V.	unlockme.nu	1
Hetzner Online GmbH	Proton AG	4
opencartspecialist.com	opencartspecialist.nu	1
active24.cz	ACTIVE 24, s.r.o.	5
One.com A/S	massageonwheels.nu	1
CLOUDFLARENET	lucys.nu	1
DIGITALOCEAN-ASN	maryo.nu	1
cloud86.nl	platformtalentvoortechnologie.nu	1
Wekudata AB	wekudata.com	6
GANDI SAS	GOOGLE	10
LeaseWeb Netherlands B.V.	z11.nu	1
Signet B.V.	dubaimakelaar.nu	1
yamito.se	GlobalConnect AB	8
Yelles AB	inleed.xyz	3
GleSYS AB	trollslanda.nu	1
winet.de	winet.de	3
netgiganten.dk	speedometer.nu	1
CLOUDFLARENET	pierrekitchen.nu	1
GleSYS AB	rosenblom.nu	1
host-on-inter.net	host-on-inter.net	1
sli.se	it-driften.se	1
CLOUDFLARENET	ppe-hosted.com	3
halden.net	solli.nu	1
CLOUDFLARENET	rruc.nu	1
Yelles AB	gealab.nu	1
Yelles AB	xn--vrmepumpservice-0kb.nu	1
ACTIVE 24, s.r.o.	adlkonsult.nu	1
DIGICERT	ellos.com	1
ipcom GmbH	DIGITALOCEAN-ASN	2
fcmail.nu	Bahnhof AB	1
abakomp.dk	klubmodul.dk	2
Telia Company AB	vadan.nu	1
jsk-hosting.nl	lagemaatgroep.nu	1
allcloud.nl	MICROSOFT-CORP-MSN-AS-BLOCK	1
ipcom GmbH	controlpoint.nu	1
Signet B.V.	yessicadevries.nu	1
Yelles AB	yoshi.nu	1
mijndnsserver.nl	magna-paint.nu	1
team.blue Denmark A/S	sustento.nu	1
CLOUDFLARENET	vsrr.nu	1
Yelles AB	xn--casino-p-ntet-kfbm.nu	1
Signet B.V.	verkeersschooltilburg.nu	1
Tele2 SWIPnet	Loopia AB	2
InterRacks B.V.	hetpakhuis.nu	1
MICROSOFT-CORP-MSN-AS-BLOCK	AMAZON-02	5
hostingnameserver.biz	GOOGLE	1
ch-inter.net	leibundgut.nu	1
ne.jp	nakayama.nu	1
ACTIVE 24, s.r.o.	bokadero.nu	1
cloudns.net	manet.nu	1
The Internet Engineering Group B.V.	gratismobiel.nu	1
ACTIVE 24, s.r.o.	mckortprivat.nu	1
Stichting DIGI NL	mail-server.nu	1
Cygrids Communications AB	logik.nu	1
ACTIVE 24, s.r.o.	fantazia.nu	1
raffel.net	flexcasting.nu	1
Signet B.V.	pnct.nl	1
InterRacks B.V.	tenbrummelhuis.nu	1
abedns.net	Tele2 SWIPnet	2
Yelles AB	bjorklundsror.nu	1
Uniserver Internet B.V.	haarhuis.nu	1
Yelles AB	OVH SAS	1
enson.se	amcar.nu	1
CLOUDFLARENET	relyonbeautyclinic.nu	1
WHG Hosting Services Ltd	vantongeren.nu	1
Uniserver Internet B.V.	loopbaancoach.nu	1
fagerlind.com	MICROSOFT-CORP-MSN-AS-BLOCK	1
ACTIVE 24, s.r.o.	stiftelsentusen.nu	1
lijn-b.nl	gefeliciteerd.nu	1
One.com A/S	3sgte.nu	1
Signet B.V.	fdr.nu	1
webshade.nl	newlive.nu	1
caveo.nl	xxxwebcams.nu	1
CLOUDFLARENET	seznam.cz	1
team.blue Denmark A/S	schaeffer.nu	1
Yelles AB	casinon-sverige.nu	1
hosted-power.com	vacuum.nu	1
Miss Hosting AB	tradgardstjanst.nu	1
ACTIVE 24, s.r.o.	hotellcity.nu	1
ACTIVE 24, s.r.o.	beten.nu	1
dn-s.nl	zena-trophy.nu	1
eurosrs.com	server.eu	4
ipcom GmbH	volkerwessels.nu	1
OVH SAS	quantall.nu	1
Yelles AB	minidisco.nu	1
DIGITALOCEAN-ASN	antagonist.nl	1
CLOUDFLARENET	feet.nu	1
coreit.se	azureit.se	6
windinternet.net	emprof.nu	1
ns1.dk	PerfGrid	4
Signet B.V.	1limburg.nu	1
Signet B.V.	watser.nu	1
extremelywebvps.nl	MICROSOFT-CORP-MSN-AS-BLOCK	2
CLOUDFLARENET	jorisdevaan.nl	1
ports.se	kl-industri.nu	1
Yelles AB	morsdag.nu	1
ACTIVE 24, s.r.o.	sadelkammaren.nu	1
webspring.se	MICROSOFT-CORP-MSN-AS-BLOCK	8
CLOUDFLARENET	daar.nu	1
ACTIVE 24, s.r.o.	mastergarage.nu	1
snel.com	mail	2
loopia.se	synologen.nu	1
DIGITALOCEAN-ASN	isolatiedeal.nu	1
GlobalConnect A/S	kopieranycklar.nu	1
Yelles AB	karlmovin.nu	1
itsasbreuk.nl	itsasbreuk.nl	1
Yelles AB	mac.nu	1
LeaseWeb Netherlands B.V.	GOOGLE	6
ACTIVE 24, s.r.o.	krisovning.nu	1
promowebhosting.nl	MICROSOFT-CORP-MSN-AS-BLOCK	1
Signet B.V.	guaranaantarctica.nu	1
neostrada.nl	alliednow.nu	1
Bredband i Kristianstad AB	MICROSOFT-CORP-MSN-AS-BLOCK	2
Telenet BV	MICROSOFT-CORP-MSN-AS-BLOCK	3
sp247.net	najt.nu	1
ACTIVE 24, s.r.o.	marbodalkok.nu	1
axc.nl	koopmijnbus.nu	1
tdh-net.dk	tdh-net.dk	1
dmg.nu	MICROSOFT-CORP-MSN-AS-BLOCK	2
ACTIVE 24, s.r.o.	atv.nu	1
ACTIVE 24, s.r.o.	itcon.nu	1
Snel.com B.V.	GOOGLE	4
Signet B.V.	tptt.nu	1
plinq.nl	malanico.nu	1
oderland.com	QUICKPACKET	1
cloud86.nl	pantarhei.nu	1
Bizway BV	ML-1432-54994	1
Trans-iX B.V.	uturn.nu	1
mvm-wmedia9.nl	MICROSOFT-CORP-MSN-AS-BLOCK	1
CLOUDFLARENET	virrvarr.nu	1
ACTIVE 24, s.r.o.	mooc.nu	1
ipcom GmbH	zscaler.net	1
RouteLabel V.O.F.	kyou.nu	1
ACTIVE 24, s.r.o.	forslind.nu	1
AMAZON-02	bock.nu	1
esselink.nu	speek.nu	1
NUCDN	nospamproxy.com	1
AMAZON-02	Loopia AB	8
domeinnaam-systeem.nl	buxusplanten.nu	1
LIQUIDWEB	ed.nu	1
volvo.com	volvo.com	1
csdg.org	MICROSOFT-CORP-MSN-AS-BLOCK	1
Cygrids Communications AB	behrens.nu	1
ipcom GmbH	waima.nu	1
CLOUDFLARENET	comset.nu	1
ACTIVE 24, s.r.o.	xn--mte-sna.nu	1
exsilia.net	gebouwkeuring.nu	1
dn-s.nl	louw.nu	1
Hetzner Online GmbH	zerowaste.nu	1
CLOUDFLARENET	pcwizard.nl	1
CLOUDFLARENET	diverscitymeter.nu	1
HURRICANE	mej.nu	1
datismijn.com	simicur.nu	1
ACTIVE 24, s.r.o.	mindful.nu	1
Signet B.V.	Serverius Holding B.V.	1
Signet B.V.	keuzesmaken.nu	1
flexamedia.nl	GOOGLE	1
nmugroup.com	elkretsen.nu	1
Yelles AB	martem.nu	1
Telia Company AB	chans.nu	1
ACTIVE 24, s.r.o.	krm.nu	1
ANEXIA Internetdienstleistungs GmbH	advania.se	1
DIGITALOCEAN-ASN	vanbeers.nu	1
borenet.se	MICROSOFT-CORP-MSN-AS-BLOCK	1
ipcom GmbH	datakultur.se	1
Yelles AB	designkompaniet.nu	1
Yelles AB	outlet.nu	1
AMAZON-02	visitor.domains	8
lumik.se	photografen.nu	1
loopia.se	jra.se	2
Signet B.V.	kirschbaum.nu	1
ACTIVE 24, s.r.o.	valresultat.nu	1
LIQUIDWEB	1cru.nu	1
Yelles AB	mjukis.nu	1
Bahnhof AB	firespect.nu	1
andasuriname.com	suriname.nu	1
Miss Hosting AB	servettkungen.nu	1
one.com	vml.nu	1
Yelles AB	oregon.nu	1
ACTIVE 24, s.r.o.	lekstugan.nu	1
CLOUDFLARENET	goudentijd.nu	1
One.com A/S	rdw.nu	1
Signet B.V.	talent4.nu	1
ports.se	xn--lvstranden-utveckling-41b.nu	1
ACTIVE 24, s.r.o.	birddog.nu	1
Signet B.V.	creadora.nu	1
Signet B.V.	detaconcept.nu	1
Signet B.V.	baantje.nu	1
Uniserver Internet B.V.	toonbank.nu	1
irial.com	oa5.com	5
AS-VULTR	sthlmestate.nu	1
Intention B.V.	doorademen.nu	1
simatera.com	MICROSOFT-CORP-MSN-AS-BLOCK	1
Telia Company AB	trafik.nu	1
DIGITALOCEAN-ASN	brandhorst.nu	1
GleSYS AB	grantorp.nu	1
Yelles AB	clubverde.nu	1
Yelles AB	ucl.nu	1
CLOUDFLARENET	sotarna.nu	1
loopia.se	ensys.nu	1
wavecomnetworks.se	MICROSOFT-CORP-MSN-AS-BLOCK	1
ACTIVE 24, s.r.o.	gamlabryggeriet.nu	1
CLOUDFLARENET	blijfmobiel.nu	1
UKDedicated LTD	andren.nu	1
Yelles AB	need.nu	1
hostgator.com	kiwi.nu	1
internetvention.nl	2blue4u.nl	1
vservs.com	oefen.nu	1
atom86 BV	MICROSOFT-CORP-MSN-AS-BLOCK	4
Uniserver Internet B.V.	deublin.nu	1
ORACLE-BMC-31898	xn--fsting-bua.nu	1
PONYNET	ZOHO-AS	1
hexonet.net	ecem.com	1
hostnet.nl	headhuntersteam.nu	1
Uniserver Internet B.V.	wiegand.nu	1
EDIS GmbH	shbygg.nu	1
webhotel24.se	MICROSOFT-CORP-MSN-AS-BLOCK	3
Yelles AB	finegoods.nu	1
CLOUDFLARENET	parasol-shop.nu	1
Yelles AB	firstpersonal.nu	1
exonet.nl	keukenleven.nu	1
svea.com	sveaekonomi.se	1
neostrada.nl	strandvilla.nu	1
OVH SAS	piek.nu	1
team.blue Denmark A/S	salonhairstyle.nu	1
Signet B.V.	orbyss.nu	1
Yelles AB	elmgren.nu	1
One.com A/S	noblame.nu	1
Yelles AB	maptunparts.nu	1
ports.se	joneslanglasalle.nu	1
checkdomain.de	kufatec.de	1
aname.net	cyrano.nu	1
ACTIVE 24, s.r.o.	malvabymalin.nu	1
Infopact Netwerkdiensten B.V.	WHG Hosting Services Ltd	1
dn-s.nl	sport2000.nu	1
CLOUDFLARENET	mozo.dk	1
Contabo GmbH	rondje-wandelen.nu	1
Yelles AB	hypernova.nu	1
rinoa.org	moon.nu	1
Signet B.V.	huurprijsherziening.nu	1
Signet B.V.	integratie.nu	1
loopia.se	getcourse.ru	1
GleSYS AB	lovgren.nu	1
TrueFullstaq B.V.	catapulting.nu	1
forpsi.cz	forpsi.com	1
awsdns-00.net	prioritetfinans.nu	1
SECURITYSERVICES	noris.net	1
loopia.se	flygp.se	1
loopia.se	chaosnet.nu	1
theplanet.com	kork.nu	1
CLOUDFLARENET	blauweaap.nu	1
cloud86.nl	langhorst.nu	1
Hetzner Online GmbH	xn--lna-pengar-15a.nu	1
DIGITALOCEAN-ASN	familyfactory.nu	1
loopia.se	GO-DADDY-COM-LLC	2
ACTIVE 24, s.r.o.	viberg.nu	1
CLOUDFLARENET	3peace.nu	1
team.blue Denmark A/S	carsoe.nu	1
instantsystems.net	MICROSOFT-CORP-MSN-AS-BLOCK	1
ipcom GmbH	Soverin B.V.	2
Yelles AB	finni.nu	1
GOOGLE	timglas.nu	1
Yelles AB	desmond.nu	1
CLDIN B.V.	samenspel.nu	1
rackhosting.com	MICROSOFT-CORP-MSN-AS-BLOCK	1
Net at Once Sweden AB	MICROSOFT-CORP-MSN-AS-BLOCK	1
AMAZON-02	uof.nu	1
wappstarsdns21.nl	GOOGLE	1
naturensdroger.nu	naturensdroger.nu	1
BIT BV	ML-1432-54994	1
whixx.com	pillowplate.nu	1
mijndnsserver.nl	jelisa.nu	1
CLOUDFLARENET	hotspring.nu	1
OVH SAS	Blix Solutions AS	3
webxtra.net	drive-in-shows.nu	1
CLDIN B.V.	tspec.nu	1
Yelles AB	dankar.nu	1
Cygrids Communications AB	grimm.nu	1
oderland.com	infoferenda.com	1
loopia.se	AMAZON-02	6
bfcom.se	hostedemail.com	1
cloud86.nl	hofmans.nu	1
shockmedia.nl	hetslimmewerken.nu	1
Yelles AB	doppresent.nu	1
awsdns-06.com	GOOGLE	1
CLOUDFLARENET	mydiverscity.nu	1
invid.se	OVH SAS	1
cloud86.nl	experiencelab.nu	1
losning.nl	scl.nu	1
triple-interactive.com	GOOGLE	1
ichtushosting.com	ichtushosting.com	1
ACTIVE 24, s.r.o.	synsdu.nu	1
CLDIN B.V.	huwelijksfeest.nu	1
ACTIVE 24, s.r.o.	frontyard.nu	1
GleSYS AB	olbing.nu	1
Signet B.V.	beddenspecialist.nu	1
One.com A/S	vandewetering.nu	1
Cloud DNS Ltd	document-solutions.nu	1
instantxs.nl	schaarhek.nu	1
Tele2 SWIPnet	rajraj.nu	4
hyp.net	GlobalConnect AB	2
Signet B.V.	defranchiseadvocaat.nu	1
ACTIVE 24, s.r.o.	evercate.nu	1
ACTIVE 24, s.r.o.	ssb.nu	1
datema.se	MICROSOFT-CORP-MSN-AS-BLOCK	1
Yelles AB	uvx.nu	1
LIQUIDWEB	hallens.nu	1
CLOUDFLARENET	eventx.nu	1
GOOGLE	tgifitness.nu	1
Yelles AB	QUICKPACKET	1
CLOUDFLARENET	megan.nu	1
hyp.net	cybernet.rip	5
one.com	autolock.nu	1
dnshostserver.in	MICROSOFT-CORP-MSN-AS-BLOCK	1
DIGITALOCEAN-ASN	ikwilverduurzamen.nu	1
Signet B.V.	altitex.nu	1
Netnod AB	MICROSOFT-CORP-MSN-AS-BLOCK	5
ACTIVE 24, s.r.o.	erikashus.nu	1
ACTIVE 24, s.r.o.	fatbikes.nu	1
dhs10.nl	kamerling.nu	1
ACTIVE 24, s.r.o.	moz.nu	1
LEASEWEB-USA-SFO	153.130	2
LeaseWeb Netherlands B.V.	advocaat-strafrecht.nu	1
vitnett.no	vitnett.no	1
DIGITALOCEAN-ASN	schaduwdoeken.nu	1
vanostahosting.nl	drimmelen.nu	1
oderland.com	spelbolag.nu	1
ACTIVE 24, s.r.o.	karrlander.nu	1
UpCloud Ltd	moolhuizen.nu	1
LIQUIDWEB	security.nu	1
Yelles AB	lage.nu	1
procolix.eu	procolix.com	1
ACTIVE 24, s.r.o.	chp.nu	1
Bredband2 AB	cyde.net	4
Signet B.V.	lensonline.nu	1
Yelles AB	baret.nu	1
Telia Company AB	dingava.nu	1
CLOUDFLARENET	blader.nu	1
schoolsunited.nu	schoolsunited.nu	1
Stichting DIGI NL	dzs.nu	1
Hetzner Online GmbH	server.eu	1
dondr.nl	kasus.nu	1
Signet B.V.	vandomburgpartners.nu	1
ACTIVE 24, s.r.o.	acservice.nu	1
UKDedicated LTD	xn--derbrck-dxaf.nu	1
ANEXIA Internetdienstleistungs GmbH	GOOGLE-CLOUD-PLATFORM	3
CLOUDFLARENET	xn--skerhetsdrrarstockholm-04b45b.nu	1
dig.com	disney.com	1
kaijidesign.eu	nieuwsbrief.nu	1
Signet B.V.	socialdistancing.nu	1
Yelles AB	eldata.nu	1
dn-s.nl	kirby.nu	1
GOOGLE	NetBase BV	2
ipcom GmbH	xn--kontorsstdningstockholm-37b.nu	1
dnssrv.nl	hifi.nu	1
Signet B.V.	nudus.nu	1
ACTIVE 24, s.r.o.	ligare.nu	1
Uniserver Internet B.V.	debevolking.nu	1
CLOUDFLARENET	mehdi.nu	1
One.com A/S	dpma.nu	1
One.com A/S	degraskoning.nu	1
GOOGLE	nieuwlicht.nu	1
hostnet.nl	kiesz.nu	1
DIGITALOCEAN-ASN	molnmail.se	3
Miss Hosting AB	raseri.nu	1
GleSYS AB	elclasico.nu	1
Signet B.V.	ictspirit.nl	2
DIGITALOCEAN-ASN	relatiemanager.nu	1
Yelles AB	leire.nu	1
thednscompany.com	boulderen.nu	1
planeetta.net	real-rental.nu	1
ACTIVE 24, s.r.o.	plan.nu	1
dns-sec.dk	MICROSOFT-CORP-MSN-AS-BLOCK	1
CLOUDFLARENET	ikwordvrachtwagenchauffeur.nu	1
Signet B.V.	compac.nu	1
Telia Company AB	in.nu	1
LIQUIDWEB	landman.nu	1
GleSYS AB	kruka.nu	1
borenet.com	borenet.se	2
LIQUIDWEB	sinthubert.nu	1
CLOUDFLARENET	fourfusion.nl	2
Signet B.V.	autototaalmontfoort.nu	1
DIGITALOCEAN-ASN	autopech.nu	1
ACTIVE 24, s.r.o.	reservdel.nu	1
Yelles AB	sortera.nu	1
Stichting DIGI NL	3stroom.nu	1
Uniserver Internet B.V.	outplacementbureaus.nu	1
team.blue Denmark A/S	reoler.nu	1
CLOUDFLARENET	sjotransport.nu	1
Signet B.V.	wandelwagens.nu	1
No ACK Group Holding AB	xn--sprkteknologi-rfb.nu	1
One.com A/S	livingoutloud.nu	1
mijn.host	demetrios.nu	1
CLOUDFLARENET	maxfin.nu	1
Yelles AB	mycubcadet.nu	1
ip-security.nl	MICROSOFT-CORP-MSN-AS-BLOCK	1
ACTIVE 24, s.r.o.	diskussion.nu	1
DIGITALOCEAN-ASN	computerproblemen.nu	1
ACTIVE 24, s.r.o.	eciggen.nu	1
theservercompany.com	shi.nu	1
Signet B.V.	todaytomorrow.nu	1
Signet B.V.	onel.nu	1
Signet B.V.	realconsult.nu	1
SECURITYSERVICES	etarget.nu	1
Miss Hosting AB	budskab.nu	1
hosted.nl	mijnverhuizing.nu	1
dnsdirect.be	Stichting DIGI NL	1
db-consultancy.nl	MICROSOFT-CORP-MSN-AS-BLOCK	1
datashosting.nl	MICROSOFT-CORP-MSN-AS-BLOCK	1
teliadns.com	microsoft.com	1
LIQUIDWEB	your-site.nu	1
CLOUDFLARENET	vluchtenvolgen.nl	1
computerhulp.nu	23M GmbH	1
ACTIVE 24, s.r.o.	rosier.nu	1
Yelles AB	verenice.nu	1
ipcom GmbH	bvwvastgoed.nu	1
Yelles AB	zenda.nu	1
AMAZON-02	tabe.nu	1
CLDIN B.V.	studdy.nu	1
Signet B.V.	breakfree.nu	1
wberg.com	GOOGLE	1
ACTIVE 24, s.r.o.	lofs.nu	1
hostgator.com	silenthill.nu	1
Yelles AB	famlundgren.nu	1
Yelles AB	co-grow.nu	1
goodhealthlive.info	eyesight.nu	1
InterRacks B.V.	fietsenopameland.nu	1
jra.se	jra.se	3
Bahnhof AB	wettergrund.nu	1
webhotel24.se	totalfleet.nu	1
Signet B.V.	stikstofkopen.nu	1
webmix.nl	MICROSOFT-CORP-MSN-AS-BLOCK	1
european-server.com	Wix.com Ltd.	1
loopia.se	dekaltrim.nu	2
Yelles AB	oscarsson.nu	1
mijndnsserver.nl	atlasemmen.nu	1
Miss Hosting AB	lovstabruk.nu	1
wk.se	barret.se	1
Yelles AB	reflexiv.nu	1
CLOUDFLARENET	COGENT-174	5
safira-hosting.nl	MICROSOFT-CORP-MSN-AS-BLOCK	1
Signet B.V.	loonbeslag.nu	1
Signet B.V.	vastgoedsparen.nu	1
cloud86.nl	crystalglow.nu	1
CLOUDFLARENET	metlef.nu	1
LeaseWeb Netherlands B.V.	golfbal.nu	1
BMS-AS	revlimid.nu	1
Yelles AB	hjulet.nu	1
CLOUDFLARENET	peje.nu	1
registrar-servers.com	APPLE-ENGINEERING	4
webfixserver.nl	CLOUDFLARENET	2
Signet B.V.	bouwrisk.nu	1
UKDedicated LTD	gardsfrun.nu	1
ACTIVE 24, s.r.o.	soderblom.nu	1
ACTIVE 24, s.r.o.	er-a.nu	1
CLOUDFLARENET	ortholott.nu	1
CLOUDFLARENET	ajoc.se	1
Signet B.V.	webfant.nl	1
GlobalConnect A/S	GlobalConnect A/S	4
GleSYS AB	metabolica.nu	1
ns1server.nl	MICROSOFT-CORP-MSN-AS-BLOCK	1
bhosted.nl	deployit.nl	1
Miss Hosting AB	mummel.nu	1
CLOUDFLARENET	mpt.dk	1
SECURITYSERVICES	Hostek AB	1
Yelles AB	personlighetstester.nu	1
Hetzner Online GmbH	millard.nu	1
Signet B.V.	compas.nu	1
Signet B.V.	dickdejong.nu	1
ACTIVE 24, s.r.o.	centric.nu	1
axc.nl	golive.nu	1
Signet B.V.	aimee.nu	1
dn-s.nl	stevenson.nu	1
LIQUIDWEB	sputnik.nu	1
Signet B.V.	fonq.nl	1
one.com	sensor.dk	1
CLOUDFLARENET	gratisanalsexfilmer.nu	1
Signet B.V.	verpanden.nu	1
Telia Company AB	sjukhuset.nu	1
dww.nu	dww.nu	1
The Internet Engineering Group B.V.	earthbooker.nu	1
ipcom GmbH	Tele2 SWIPnet	3
GleSYS AB	sjovall.nu	1
awsdns-00.net	websense.com	1
hostnet.nl	CLOUDFLARENET	2
introweb.nl	interstroom.nl	1
hismedia.nl	teenchallenge.nu	1
thednscompany.com	ikwilvvebeheer.nu	1
Varnamo Energi AB	netic.se	4
team.blue Denmark A/S	Diagonal Forlags AB	1
dmg.nu	mnn.nu	1
043web.nl	nolabel.nu	1
LIQUIDWEB	meccano.nu	1
CLOUDFLARENET	xn--totalfrsvar-wfb.com	1
prodomaines.com	prodomaines.com	1
dynamichosting.se	GOOGLE	1
One.com A/S	rovers.nu	1
ACTIVE 24, s.r.o.	mediarevolution.nu	1
esselink.nu	MICROSOFT-CORP-MSN-AS-BLOCK	2
CLOUDFLARENET	pierre-cooking.nu	1
axc.nl	olim.nu	1
yourdomainprovider.net	MICROSOFT-CORP-MSN-AS-BLOCK	23
Yelles AB	vilsnapoem.nu	1
duocast.net	kennis.nu	1
Signet B.V.	safeathome.nu	1
linode.com	radioeast.nu	1
Miss Hosting AB	lejo.nu	1
LIQUIDWEB	les.nu	1
123-hosting-server.net	GOOGLE	1
Hetzner Online GmbH	tract.nu	1
standbyhosting.nl	MICROSOFT-CORP-MSN-AS-BLOCK	1
One.com A/S	umoja.nu	1
Yelles AB	stylingbolaget.nu	1
Bahnhof AB	ter.nu	1
one.com	lynge.org	1
thednscompany.com	storageonline.nu	1
ACTIVE 24, s.r.o.	printstore.nu	1
loopia.se	173.140	1
Yelles AB	independence.nu	1
ssc-campus.nl	SURF B.V.	3
LIQUIDWEB	wangen.nu	1
name-services.com	hostedemail.com	11
Yelles AB	umarell.nu	1
Neue Medien Muennich GmbH	kasserver.com	7
socgen.com	socgen.com	1
Signet B.V.	registreren.nu	1
AUTOMATTIC	service.one	1
inbox.eu	inbox.eu	1
ggcloud.be	GOOGLE	1
AMAZON-02	nell.nu	1
ACTIVE 24, s.r.o.	ytan.nu	1
ACTIVE 24, s.r.o.	ketty.nu	1
hostnet.nl	nederlandschoon.nu	1
LIQUIDWEB	quilta.nu	1
ACTIVE 24, s.r.o.	vidde.nu	1
CLOUDFLARENET	myonlinestore.com	1
cloud86.nl	energiedieet.nu	1
ACTIVE 24, s.r.o.	bjerred.nu	1
ACTIVE 24, s.r.o.	amphion.nu	1
CLOUDFLARENET	pepperbyte.nu	1
One.com A/S	mechanicalseals.nu	1
ebutiken.nu	GlobalConnect AB	1
hostnet.nl	roeleboer.nl	1
srvnl.nl	securesight.nu	1
ACTIVE 24, s.r.o.	saflund.nu	1
Signet B.V.	paragnost-eddie.nu	1
bergvall.nu	bergvall.nu	2
Yelles AB	hjartochlungraddning.nu	1
auth.se	Blix Solutions AS	4
DIGICERT	ogc.nu	1
ACTIVE 24, s.r.o.	wilk.nu	1
ok-connect.com	minmail.nu	1
Yelles AB	hjortron.nu	1
init3.eu	MICROSOFT-CORP-MSN-AS-BLOCK	4
CLOUDFLARENET	acoustx.nu	1
CLOUDFLARENET	mster.nu	1
Yelles AB	nexa.nu	1
Serverius Holding B.V.	rosasidan.nu	1
neostrada.nl	snusgroothandel.nu	1
Signet B.V.	vitalbeat.nu	1
yourconcept.nl	cdfabriek.nu	1
CLOUDFLARENET	ictteamwork.com	1
Signet B.V.	auto-onderdelen.nu	1
pt38sy-lwsites.com	xn--aktiemklare-q8a.nu	1
core-networks.com	stamm.nu	1
CLOUDFLARENET	its-possible.nu	1
pyle.ch	MICROSOFT-CORP-MSN-AS-BLOCK	1
Signet B.V.	ondernemendnederland.nu	1
UKDedicated LTD	kongo.nu	1
Hetzner Online GmbH	regery.net	3
CLOUDFLARENET	ecam.nu	1
Yelles AB	hane.nu	1
cloud86.nl	hemelrijk.nu	1
cyon.ch	sundin.nu	1
CLOUDFLARENET	novaseptem.nl	1
Signet B.V.	woongeluk.nu	1
wned-dns.eu	misterglas.nu	1
lemarit.de	autoscout24.com	2
Signet B.V.	oudeambacht.nu	1
galatea.nl	chalet.nu	1
Signet B.V.	vdbeek.nu	1
Combell NV	jobcheck.nu	1
CLDIN B.V.	mijnkaart.nu	1
dn-s.nl	virtualregistrar.nu	1
LIQUIDWEB	feinberg.nu	1
CLOUDFLARENET	bewide.com	1
dn-s.nl	nts.nu	1
DIGICERT	waynescoffee.nu	1
ports.se	gullbergsvass.nu	1
smartnet.se	smartnet.se	1
kazs.nu	kazs.nu	1
ipcom GmbH	GlobalConnect AB	4
momo.nu	questate.com	1
LIQUIDWEB	aktivera.nu	1
Safenames Ltd.	SECURITYSERVICES	1
ACTIVE 24, s.r.o.	fastighetsagarnasverige.nu	1
DIGITALOCEAN-ASN	nwillem.nu	1
CLOUDFLARENET	megasound.nu	1
maakum.nl	saunaslippers.nu	1
ACTIVE 24, s.r.o.	agnesund.nu	1
DIGITALOCEAN-ASN	unet.nl	1
Signet B.V.	remail.nu	1
Yelles AB	runn.nu	1
WHG Hosting Services Ltd	bruinink.nu	1
CLOUDFLARENET	animaties.nu	1
BIZLAND-SD	transparent.nu	1
hosted.nl	imagineering.nu	1
Signet B.V.	fluks.nu	1
Signet B.V.	editio.nu	1
ACTIVE 24, s.r.o.	alvblad.nu	1
UKDedicated LTD	weeffect.nu	1
dnssrv.nl	oprijwagen.nu	1
CLOUDFLARENET	ikorkort.nu	1
Swedish Space Corporation	nearcloud.se	2
idhosted.net	MICROSOFT-CORP-MSN-AS-BLOCK	6
pvov.nl	publicview.nu	1
RouteLabel V.O.F.	salvaged.nu	1
cloud86.nl	fotogravin.nu	1
LIQUIDWEB	leerproblemen.nu	1
Signet B.V.	desktables.nu	1
dn-s.nl	borman.nu	1
Signet B.V.	stayfocused.nu	1
Yelles AB	budfirma.nu	1
InterNetX GmbH	stadium.se	1
cloud86.nl	nlco.nu	1
rzone.de	Proton AG	5
ns14.net	staysecuregroup.com	1
CLOUDFLARENET	101domain.com	11
ntchosting.com	ntchosting.com	1
IONOS SE	fut.nu	1
GlobalConnect AB	prevox.nu	1
CLOUDFLARENET	molnmail.se	2
neostrada.nl	sinterklaashuren.nu	1
ACTIVE 24, s.r.o.	westend.nu	1
intakt.com	intakt.com	4
internettoday.com	vugts.nu	1
introweb.nl	AMAZON-02	1
Signet B.V.	gpt.nu	1
Signet B.V.	zettex.nu	1
ACTIVE 24, s.r.o.	artan.nu	1
Yelles AB	northstarai.nu	1
bureau-daan.nl	letterplein.nu	1
Signet B.V.	doetinchem.nl	1
Combell NV	vitored.nu	1
onlinq.net	MICROSOFT-CORP-MSN-AS-BLOCK	3
CLOUDFLARENET	kringsjaa.nu	1
LIQUIDWEB	imag.nu	1
ACTIVE 24, s.r.o.	fireflash.nu	1
Miss Hosting AB	flotten.nu	1
scheer.me	MICROSOFT-CORP-MSN-AS-BLOCK	1
cloud86.nl	vicc.nu	1
bredband.com	Internet Names for Business Inc	1
CLDIN B.V.	Previder B.V.	8
planeetta.net	planeettamail.fi	1
Netnod AB	ovningsportalen.se	4
Yelles AB	nejtack.nu	1
fnf.nu	fnf.nu	3
Yelles AB	klimatkontroll.nu	1
Combell NV	vakaturebank.nu	1
DIGITALOCEAN-ASN	griekenland.nu	1
Signet B.V.	sattningskollen.nu	1
One.com A/S	immovation.nu	1
Infopact Netwerkdiensten B.V.	radbouduniversity.nu	1
RouteLabel V.O.F.	koibito.nu	1
one.com	multiline.as	1
ports.se	alvrummet.nu	1
CLOUDFLARENET	brukas.nu	1
CLOUDFLARENET	edelman.nl	1
rice.nu	rice.nu	1
Yelles AB	pickwickpub.nu	1
Signet B.V.	sketchupleren.nu	1
Hetzner Online GmbH	fest-musik.nu	1
x-plose.be	hostbots.be	4
trustit.se	trustit.org	1
shockmedia.nl	bandover.nu	1
CLOUDFLARENET	atolon.nu	1
jouw-netwerk.nl	r0.nu	1
ballou.se	GlobalConnect AB	4
Yelles AB	starnerdesign.nu	1
Yelles AB	xn--gtheborg-n4a.nu	1
CLOUDFLARENET	fuska.nu	1
wk.se	GlobalConnect AB	4
AMAZON-02	thebetwaygroup.nu	1
hix.nl	kilometerregistratie.nu	1
conocidosrv05.nl	MICROSOFT-CORP-MSN-AS-BLOCK	1
CLDIN B.V.	red-fix.com	1
utrymmet.com	Yelles AB	7
Signet B.V.	weetwatnudeert.nu	1
ACTIVE 24, s.r.o.	oresjoangar.nu	1
Signet B.V.	hbva.nu	1
Yelles AB	rouletten.nu	1
Yelles AB	eventuellt.nu	1
GleSYS AB	ramsberg.nu	1
CLOUDFLARENET	lundborg.nu	1
Yelles AB	webbcentralen.nu	1
ACTIVE 24, s.r.o.	bilrutan.nu	1
One.com A/S	met-werk.nu	1
Yelles AB	flight.nu	1
ACTIVE 24, s.r.o.	jdd.nu	1
UpCloud Ltd	siebum.nu	1
MICROSOFT-CORP-MSN-AS-BLOCK	unilever.com	5
CLOUDFLARENET	gatufoto.nu	1
multiminded.net	CLOUDFLARENET	1
Signet B.V.	trips.nu	1
Miss Hosting AB	greenstep.nu	1
cloud86.nl	smartbuilding.nu	1
CLDIN B.V.	wilhout.nu	1
Signet B.V.	europallet.nu	1
Yelles AB	zawaj.nu	1
Signet B.V.	helpside.nu	1
GleSYS AB	whc.nu	1
CLOUDFLARENET	ZOHO-AS	20
CLOUDFLARENET	back-bone.nl	1
loopia.se	solstan.se	1
BIT BV	hanmade.nu	1
loopia.se	andromeda.nu	1
cream.nl	hbb24.nu	1
Signet B.V.	frisbee.nu	1
One.com A/S	vakantieweer.nu	1
DIGITALOCEAN-ASN	websitedesigner.nu	1
CLOUDFLARENET	wedoittogether.nu	1
GleSYS AB	bldesign.nu	1
NUCDN	x-ion GmbH	5
Cloud DNS Ltd	Wix.com Ltd.	1
BIT BV	rentree.nu	1
ports.se	paslode.nu	1
mijnencloud.nl	vanhaeren.nu	1
ACTIVE 24, s.r.o.	kusab.nu	1
CLOUDFLARENET	fore-bikes.nu	1
team.blue Denmark A/S	loyaltycard.nu	1
zonnet.be	server.eu	3
LeaseWeb Netherlands B.V.	bouwhekken.nu	1
livskick.nu	livskick.nu	1
ports.se	matfrisk.nu	1
uou.ro	f8.nu	1
Yelles AB	spiken.nu	1
ACTIVE 24, s.r.o.	wbg.nu	1
pingpong.net	pingpong.net	1
ACTIVE 24, s.r.o.	rundstedt.nu	1
Signet B.V.	janrozing.nu	1
CLOUDFLARENET	pierre-cuisine.nu	1
ACTIVE 24, s.r.o.	samkom.nu	1
CLOUDFLARENET	willik.nu	1
Signet B.V.	hennipmanbeheer.nu	1
hostnet.nl	kruit.nu	1
ipcom GmbH	skogman.nu	1
aname.net	forebildarna.se	2
eemlandsi.nl	eemlandsi.nl	2
AMAZON-02	robotshop.nu	1
Signet B.V.	onlinebroker.nu	1
cloudbeheer.net	cloudbeheer.net	3
ACTIVE 24, s.r.o.	bygger.nu	1
Yelles AB	blogo.nu	1
dn-s.nl	doorslapen.nu	1
ACTIVE 24, s.r.o.	magnusjohansson.nu	1
dns1.se	zetterberg.nu	1
AMAZON-02	doedens.nu	1
ACTIVE 24, s.r.o.	engo.nu	1
foxxl.net	foxxl.nl	1
CLOUDFLARENET	perplex.hosting	2
ACTIVE 24, s.r.o.	tmn.nu	1
LEVEL3	shopen.nu	1
CLOUDFLARENET	gothr.nu	1
dn-s.nl	beeldbellen.nu	1
CLDIN B.V.	oakadvocaten.nu	1
loopia.se	humany.nu	1
CLOUDFLARENET	mailo.com	1
TrueFullstaq B.V.	emixion.nu	1
i-serve.net	conner.nu	1
Signet B.V.	clubvillamar.com	3
MICROSOFT-CORP-MSN-AS-BLOCK	by-tres.nl	1
Yelles AB	domo.nu	1
One.com A/S	pureheart.nu	1
hostnet.nl	siergrind.nu	1
soko.nl	3ict.email	1
PONYNET	snarry.nu	1
zoneedit.com	adiona.nu	1
Yelles AB	emu.nu	1
Signet B.V.	clubsense.nu	1
server298.com	uren.nu	1
CLOUDFLARENET	hostinger.dk	2
Signet B.V.	nowonline.nl	1
LEVEL3	tandlakarna.nu	1
dnssrv.nl	peperinjereet.nu	1
oderland.com	sortering.nu	1
Fundaments B.V.	elzha.nu	1
BIT BV	met-aandacht.nu	1
Signet B.V.	sbis.nl	1
CLOUDFLARENET	bouwkundigadviesbureau.nu	1
ACTIVE 24, s.r.o.	thisissweden.nu	1
Signet B.V.	cyberzeker.nu	1
loopia.se	RACKSPACE	1
QUIC-CLOUD	badkamerzwolle.nu	1
ACTIVE 24, s.r.o.	fahlstroms.nu	1
DIGITALOCEAN-ASN	laatstegroet.nu	1
CLDIN B.V.	paragnost-online.nu	1
sitezoogle.com	hostedemail.com	1
Signet B.V.	unlocked.nu	1
ACTIVE 24, s.r.o.	kullabygden.nu	1
ACTIVE 24, s.r.o.	islam.nu	1
yourwebhoster.com	mailfence.com	1
AxByte Internet Services AB	glasspojkarna.nu	1
itamin.nu	GOOGLE	2
Signet B.V.	sprinternet.nu	1
Signet B.V.	marq.nu	1
dominion.nl	Serverius Holding B.V.	1
Signet B.V.	hoofmedics.nu	1
DIGITALOCEAN-ASN	kap-zones.nu	1
ACTIVE 24, s.r.o.	novation.nu	1
CLOUDFLARENET	chat-online.nu	1
Yelles AB	xn--frstrkare-y2a8q.nu	1
Yelles AB	xn--galleriavsterport-yqb.nu	1
CLOUDFLARENET	carnibest.nu	1
CLOUDFLARENET	livesound.nu	1
UKDedicated LTD	xn--grdsfrun-9za.nu	1
ACTIVE 24, s.r.o.	leaniso.nu	1
ACTIVE 24, s.r.o.	scrivero.nu	1
Signet B.V.	autosleutelsnijmegen.nu	1
BIZLAND-SD	kgdesign.nu	1
157.59	the6.be	1
Intention B.V.	deinloopcast.nu	1
loopia.se	sunnydale.se	1
networkoperations.nl	stamrozen.nu	1
Yelles AB	longboard.nu	1
Snel.com B.V.	hdg.nu	1
Yelles AB	intertexta.nu	1
GlobalConnect AB	holmer.nu	1
one.com	bestilmad.nu	1
Signet B.V.	deponti.nu	1
LEASEWEB-USA-SFO	MICROSOFT-CORP-MSN-AS-BLOCK	10
Cygrids Communications AB	harkonstnarerna.nu	1
weservit.eu	MICROSOFT-CORP-MSN-AS-BLOCK	1
ochnu.com	gjort.nu	1
OVH SAS	ovt.nu	1
syd.se	MICROSOFT-CORP-MSN-AS-BLOCK	1
Yelles AB	rad.nu	1
CLOUDFLARENET	excanto.net	2
Cygrids Communications AB	mojo.nu	1
ServeTheWorld AS	brunes.nu	1
CLOUDFLARENET	Enflow B.V.	2
GMO Internet Group, Inc.	GMO Internet Group, Inc.	8
Signet B.V.	boulder.nu	1
Yelles AB	vaggvisor.nu	1
ACTIVE 24, s.r.o.	korkortspodden.nu	1
One.com A/S	newmetrics.nu	1
ACTIVE 24, s.r.o.	entek.nu	1
parklogic.com	plingest.com	4
dn-s.nl	scharrenberg.nu	1
localhosting.info	wiermans.nu	1
ipcom GmbH	provino.nu	1
ACTIVE 24, s.r.o.	Yelles AB	1
cloudns.net	groenlinks.nu	1
ACTIVE 24, s.r.o.	fridafritid.nu	1
Tele2 SWIPnet	norrkoping.nu	1
CLOUDFLARENET	zesk.nl	1
exonet.nl	dijkers.nu	1
CLOUDFLARENET	xn--grnsbo-cua.nu	1
ports.se	saab.se	1
CLOUDFLARENET	net.je	1
ipcom GmbH	renoveringistockholm.nu	1
hostname.nu	hostname.nu	1
CLDIN B.V.	descheper.nu	1
hostnet.nl	computerservicemaasdriel.nl	1
Signet B.V.	dutchwines.nu	1
Netnod AB	Nordisk Media Utveckling AB	2
hix.nl	telco.nu	1
CLOUDFLARENET	hissquiz.nu	1
backupnow.se	sliten.nu	1
Intermax Group B.V.	acsi.eu	3
Yelles AB	kursdags.se	2
CLOUDFLARENET	hofenhiem.nu	1
ACTIVE 24, s.r.o.	ciao.nu	1
Signet B.V.	bloqz.nu	1
co.uk	rajalaproshop.nu	1
NSONE	MICROSOFT-CORP-MSN-AS-BLOCK	3
CLOUDFLARENET	accell-group.com	2
ACTIVE 24, s.r.o.	vastanvind.nu	1
ACTIVE 24, s.r.o.	wgf.nu	1
interwijs.nl	bijonswonen.nu	1
The Internet Engineering Group B.V.	vakmanschap-en-zekerheid.nu	1
Signet B.V.	rolexforum.nu	1
Hetzner Online GmbH	indrebalance.nu	1
ACTIVE 24, s.r.o.	kjorling.nu	1
hix.nl	bisci-institute.nu	1
designbase-server3.nl	voeljelekker.nu	1
Signet B.V.	mrkoreander.nu	1
webruimtehosting.nl	mond.nu	1
bsg.nl	exclusief.net	2
CLOUDFLARENET	considition.nu	1
mediaversa8.nl	corazonshop.nu	1
GleSYS AB	montania.se	2
vardklader.nu	vardklader.nu	1
Signet B.V.	online-lening-afsluiten.nu	1
interspace.network	webbfilter.com	1
CLDIN B.V.	brattinga.nu	1
SERVERSTACK-ASN	xvideos.nu	1
Yelles AB	boris.nu	1
CLOUDFLARENET	denhoed.nu	1
rinoa.org	psyche.nu	1
DIGITALOCEAN-ASN	compudacmail.nl	1
morethanjusthosting.nl	vintura.nu	1
Intermax Group B.V.	MICROSOFT-CORP-MSN-AS-BLOCK	1
Yelles AB	aibygg.nu	1
ehost.pl	repa.nu	1
theory7.net	stegehuis.nu	1
ACTIVE 24, s.r.o.	johanlindqvist.nu	1
multiserve.nl	indiansummer.nu	1
LEASEWEB-USA-SFO	infomaniak.ch	1
loopia.se	silentium.se	1
cloud86.nl	hetgroeneleven.nu	1
Signet B.V.	avirtua.nl	1
ACTIVE 24, s.r.o.	hemnara.nu	1
AUTOMATTIC	CLDIN B.V.	1
name-services.com	whim.nu	1
ACTIVE 24, s.r.o.	q-workforce.nu	1
LIQUIDWEB	bel.nu	1
Signet B.V.	vanlooijen.com	1
hostnet.nl	crafted.nu	1
oderland.com	mkdev.nu	1
dn-s.nl	touw.nu	1
Signet B.V.	kurz-mal-weg.nu	1
team.blue Denmark A/S	icemaker.nu	1
Yelles AB	sideways.nu	1
Bahnhof AB	qigongmaster.nu	1
ACTIVE 24, s.r.o.	berggrens.nu	1
CLDIN B.V.	glansgarantplan.nu	1
axc.nl	wijerstelecom.nl	1
canit.se	hostedemail.com	2
CLOUDFLARENET	installatiebedrijf.nu	1
Cygrids Communications AB	mimsafe.nu	1
Uniserver Internet B.V.	studiekeuzetest.nu	1
register.be	register.be	2
ACTIVE 24, s.r.o.	smarteducation.nu	1
CLOUDFLARENET	gnistan.nu	1
awsdns-03.net	AMAZON-02	2
hostingdirect.nl	graphicsolutions.nu	1
One.com A/S	silentcentre.nu	1
Yelles AB	125.nu	1
mijnwebhosting.com	onderwijskracht.nu	1
ACTIVE 24, s.r.o.	renosign.nu	1
webcamslet.com	lul.nu	1
CLOUDFLARENET	xn--tillvxtpartner-9hb.nu	1
hostnet.nl	prauvida.net	1
Yelles AB	skrotabil.nu	1
Yelles AB	vb.nu	1
loopia.se	brannlund.nu	1
Yelles AB	gnn.nu	1
one.com	dandiag.dk	1
Akamai International B.V.	baysec.biz	3
peekaboo.se	MICROSOFT-CORP-MSN-AS-BLOCK	2
totalin.net	tazminatavukati.nu	1
ACTIVE 24, s.r.o.	spf.nu	1
ACTIVE 24, s.r.o.	ZOHO-AS	4
Signet B.V.	oncofit.nu	1
Yelles AB	flyget.nu	1
become-it.nl	colorsathome.nu	1
hostingindustries.nl	influencermarketing.nu	1
Uniserver Internet B.V.	roberto.nu	1
Infopact Netwerkdiensten B.V.	netformatie.nl	2
LIQUIDWEB	visitamager.nu	1
AMAZON-02	teamuitje.nu	1
Signet B.V.	eduskills.nu	1
ne.jp	matsuura.nu	1
ACTIVE 24, s.r.o.	alriksson.nu	1
WHG Hosting Services Ltd	markerink.nu	1
Cygrids Communications AB	gadgit.nu	1
GOOGLE	triconor.nl	1
ACTIVE 24, s.r.o.	bertilvallien.nu	1
nmugroup.com	docunordic.net	3
se3.nu	se3.nu	1
LIQUIDWEB	kostic.nu	1
Miss Hosting AB	climatec.nu	1
sensson.eu	sensson.net	2
Signet B.V.	oevers.nu	1
CLDIN B.V.	spamcluster.nl	1
ACTIVE 24, s.r.o.	xn--ryggsmrta-02a.nu	1
dn-s.nl	d2o.nu	1
loopia.se	procce.nu	1
dn-s.nl	klim.nu	1
one.com	simpli.nu	1
CLOUDFLARENET	relininggruppen.nu	1
team.blue Denmark A/S	cpit.dk	1
kpn.net	qyn.nu	1
One.com A/S	fullforcesecurity.nu	1
ports.se	Telia Company AB	2
CLOUDFLARENET	notable.nu	1
dn-s.nl	sitech.nu	1
maqalat.ai	mobilexperten.nu	1
Telia Company AB	xn--minnesgva-c3a.nu	1
Yelles AB	jonnybrun.nu	1
Signet B.V.	bouwlonen.nu	1
MICROSOFT-CORP-MSN-AS-BLOCK	cers.nu	1
Yelles AB	maryland.nu	1
hover.com	GOOGLE	4
ilait.se	comitnet.com	4
GleSYS AB	ivind.nu	1
name-services.com	cvp.nu	1
Telia Company AB	vvsinfo.se	1
ip-176-31-227.eu	suis.nu	1
Yelles AB	pethra.nu	1
ACTIVE 24, s.r.o.	privat.nu	1
fans-planet.com	flaunt.nu	1
swedishexportmedia.com	MICROSOFT-CORP-MSN-AS-BLOCK	1
NUCDN	team.blue Denmark A/S	5
ACTIVE 24, s.r.o.	compare.nu	1
hostgator.com	skrutt.nu	1
ACTIVE 24, s.r.o.	uppstallning.nu	1
Yelles AB	dampa.nu	1
ACTIVE 24, s.r.o.	interaktion.nu	1
Yelles AB	club-victoria.nu	1
totalin.net	turkavukati.nu	1
CLOUDFLARENET	villah.net	1
Signet B.V.	geld-verdienen.nu	1
zebrastudio.eu	golfhaven.nu	1
hostdime.com	nycander.nu	1
ports.se	svenskaskeppshypotek.nu	1
GlobalConnect AB	geotext.nu	1
GleSYS AB	carlborg.nu	1
ecomation.eu	fotohokje.nu	1
VITAL-DNS	nettonetto.nu	1
dn-s.nl	Cyso Group B.V.	1
ipcom GmbH	xn--skerhetsdrrar-bfb2z.nu	1
Yelles AB	svenskelpolering.nu	1
oderland.com	rastlos.nu	1
One.com A/S	rails.nu	1
GleSYS AB	sankaido.nu	1
axc.nl	topfinance.nu	1
indomco.com	tigo.nu	1
cloud86.nl	stay-you-man.nu	1
Signet B.V.	seniorchoice.nu	1
tranquility.nl	vsocheck.nu	1
LeaseWeb Netherlands B.V.	slootweg.nu	1
intertune.com	intertune.com	1
LeaseWeb Netherlands B.V.	virtuelehelden.nl	1
Yelles AB	snowcrash.nu	1
CLOUDFLARENET	heplatform.nl	1
bauermedia.se	Bahnhof AB	1
AMAZON-02	bmc.nl	3
ACTIVE 24, s.r.o.	svenskalogi.nu	1
max.nl	GOOGLE	1
CLOUDFLARENET	nordkap.nu	1
GOOGLE	ymdrift.se	1
ACTIVE 24, s.r.o.	metalldesign.nu	1
Miss Hosting AB	konsulterna.nu	2
NSONE	GOOGLE	10
Signet B.V.	wed.nu	1
Cloud DNS Ltd	databyte-hosting.nl	1
Yelles AB	o0.nu	1
mijndnsserver.nl	incasso.nu	1
Hydra Communications Ltd	elquip.nu	1
CLOUDFLARENET	affarsutveckling.nu	1
ipcom GmbH	proefsleuven.nu	1
Signet B.V.	herenmakelaars.nu	1
gse.nl	gse.nl	2
CLDIN B.V.	bouwtechnischekeuring.nu	1
cloud86.nl	klachtvrij.nu	1
Info Support BV	AMAZON-02	5
Yelles AB	labella.nu	1
Signet B.V.	112meldingen.nu	1
olabini.se	olabini.se	1
hostingpeople.nl	hostingpeople.nl	2
ACTIVE 24, s.r.o.	shra.nu	1
One.com A/S	crossover.nu	1
hostingindustries.nl	LeaseWeb Netherlands B.V.	3
yourdomainprovider.net	dco.nl	1
ACTIVE 24, s.r.o.	gate5.nu	1
LIQUIDWEB	ditmoment.nu	1
Arend Brouwer	MICROSOFT-CORP-MSN-AS-BLOCK	1
hau.nu	hau.nu	1
LeaseWeb Netherlands B.V.	tritex.nu	1
CLOUDFLARENET	stichtingisis.org	2
Yelles AB	skolval.nu	1
Signet B.V.	monkeytown.nu	1
onlinebouwers.nl	soundaround.nu	1
linode.com	fishbowl.nu	1
The Internet Engineering Group B.V.	gokkenonline.nu	1
introweb.nl	Signet B.V.	2
awsdns-31.com	acer-euro.com	1
dn-s.nl	spoedelektricien.nu	1
relhos.de	visi.nu	1
0k.se	0k.se	2
Cygrids Communications AB	reydig.nu	1
oderland.com	mirchmasala.nu	1
ACTIVE 24, s.r.o.	gaab.nu	1
Telia Company AB	GOOGLE	3
checkdomain.de	prezero-sweden.nu	1
Netnod AB	CLOUDFLARENET	1
ACTIVE 24, s.r.o.	forsgren.nu	1
Signet B.V.	regiodeals.nu	1
Signet B.V.	persoonlijkstylingadvies.nu	1
Signet B.V.	strategyfirst.nu	1
konstanta.se	kaffeservice.nu	1
oderland.com	Hostek AB	1
ettnoll.com	MICROSOFT-CORP-MSN-AS-BLOCK	1
ACTIVE 24, s.r.o.	747.nu	1
co.uk	GOOGLE	3
blacknight.com	AUTOMATTIC	1
Yelles AB	ework.nu	1
Signet B.V.	schuyffel.nu	1
linode.com	Fastmail Pty Ltd	2
AMAZON-02	aspiro.net	1
Cloud DNS Ltd	simotop.nu	1
CLOUDFLARENET	2zoho.eu	4
awsdns-14.net	Cloudflare London, LLC	2
Signet B.V.	sandmann.nu	1
CLOUDFLARENET	jim.nu	1
ACTIVE 24, s.r.o.	ekstroem.nu	1
european-server.com	CLDIN B.V.	4
ACTIVE 24, s.r.o.	balck.nu	1
Signet B.V.	proformance.nu	1
DIGITALOCEAN-ASN	debeek.nu	1
Cygrids Communications AB	lusfri.nu	1
ACTIVE 24, s.r.o.	troedssonmedia.nu	1
i-aspect-infra.nl	ticketveilingen.nu	1
Yelles AB	sang.nu	1
bureaurotterdam.nl	bureaurotterdam.nl	2
ACTIVE 24, s.r.o.	magiskt.nu	1
weblicious.se	weblicious.se	1
coreit.se	MICROSOFT-CORP-MSN-AS-BLOCK	7
CLOUDFLARENET	echtscheidingsloket.nu	1
CLOUDFLARENET	Forss IT AB	1
CLOUDFLARENET	vliegendvanstart.nu	1
DIGITALOCEAN-ASN	thetalentgroup.nu	1
ACTIVE 24, s.r.o.	drougge.nu	1
Yelles AB	barstol.nu	1
AMAZON-02	iphmx.com	1
Signet B.V.	al-hidayah.nu	1
ports.se	afconsult.com	1
UKDedicated LTD	eetxpress.nu	1
ACTIVE 24, s.r.o.	mug.nu	1
CLOUDFLARENET	bongacams.nu	1
Yelles AB	ik2.com	3
cloud86.nl	haaratelier.nu	1
Signet B.V.	jouwnieuwebaan.nu	1
DIGITALOCEAN-ASN	ingress.nu	1
One.com A/S	habets.nu	1
ACTIVE 24, s.r.o.	kristianstadsgk.nu	1
mijndnsserver.nl	mijnmailserver.nl	6
intention.nl	MICROSOFT-CORP-MSN-AS-BLOCK	2
meganameservers.eu	Internet Names for Business Inc	3
SECURITYSERVICES	scandic-hotels.com	2
Yelles AB	economist.nu	1
DIGITALOCEAN-ASN	superboeren.nu	1
vanlogten.eu	checkmijncontract.nu	1
mijnwerkplek.nu	MICROSOFT-CORP-MSN-AS-BLOCK	1
Signet B.V.	garagesoftware.nu	1
ACTIVE 24, s.r.o.	staycool.nu	1
DIGICERT	Cloudflare London, LLC	3
ACTIVE 24, s.r.o.	xn--lslust-bua.nu	1
Signet B.V.	maarheeze.nu	1
4u-hosting.com	yod.nu	1
Duocast B.V.	rvf.nu	1
Fundaments B.V.	sloop.nu	1
Uniserver Internet B.V.	atexheaters.nu	1
ACTIVE 24, s.r.o.	hampf.nu	1
Signet B.V.	ultimum-security.nu	1
Signet B.V.	greenbull.it	1
dnsexit.com	dnsexit.com	1
webhostingserver.nl	eerlijk.nu	1
Signet B.V.	klimatech.nu	1
Yelles AB	cityforum.nu	1
ab stract ltd	mnuu.nu	1
LIQUIDWEB	visit-amager.nu	1
AMAZON-02	kolumbus.fi	2
iwantmyname.net	GOOGLE	2
axc.nl	novotix.nu	1
CLOUDFLARENET	smtp.goog	1
ACTIVE 24, s.r.o.	capcito.nu	1
ACTIVE 24, s.r.o.	esg.nu	1
cloud86.nl	innerteacher.nu	1
ACTIVE 24, s.r.o.	kids24.nu	1
ACTIVE 24, s.r.o.	hemfresh.nu	1
kaijidesign.eu	buro.nu	1
Bizway BV	giel.nu	1
engboms.se	MICROSOFT-CORP-MSN-AS-BLOCK	3
GOOGLE	Domeneshop AS	1
ACTIVE 24, s.r.o.	marebalticum.nu	1
Cygrids Communications AB	sunesson.nu	1
aocloud.nu	stonehedge.nu	1
ef-it.nl	MICROSOFT-CORP-MSN-AS-BLOCK	1
Yelles AB	dorrmatta.nu	1
Yelles AB	lemon.nu	1
yourdomainprovider.net	mtc.nu	1
Signet B.V.	mijnkozijn.nu	1
Uniserver Internet B.V.	servitnow.nl	4
Yelles AB	laxen.nu	1
LIQUIDWEB	solhem.nu	1
Signet B.V.	kidskonnect.nu	1
ACTIVE 24, s.r.o.	naturliv.nu	1
CLOUDFLARENET	sauna.nu	1
Yelles AB	wildspectra.nu	1
Signet B.V.	leefinliefde.nu	1
Miss Hosting AB	delning.nu	1
CLOUDFLARENET	postinas.nu	1
one.com	inic.no	2
axc.nl	htmt.nu	1
The Internet Engineering Group B.V.	architecten.nu	1
rithoserver.nl	rkt.nu	1
Cloud DNS Ltd	boekestijn.nu	1
The Internet Engineering Group B.V.	leansixsigma.nu	1
Signet B.V.	climates.nu	1
neostrada.nl	s-g.nu	1
ACTIVE 24, s.r.o.	stod.nu	1
CLOUDFLARENET	southwestmicrowave.nu	1
Yelles AB	ikigai.nu	1
ispdns.cloud	rijbroekvloeren.nu	1
caveo.nl	besteopleiding.nu	1
shockmedia.nl	amazingmail.nl	1
CLOUDFLARENET	jagersrohalsan.nu	1
hyp.net	notera.nu	1
loopia.se	bergdahls.nu	1
Qavat AB	MICROSOFT-CORP-MSN-AS-BLOCK	9
Signet B.V.	blokhutten.nu	1
webhostingpad.com	zininleven.nu	1
virtual.nl	eict.nu	1
Signet B.V.	freerecordshop.nu	1
slik.eu	newitsecurity.nu	1
DIGITALOCEAN-ASN	onno.nu	1
team.blue Denmark A/S	CLOUDFLARENET	9
CLOUDFLARENET	elmotor.nu	1
Uniserver Internet B.V.	boekeenband.nu	1
datarad.se	MICROSOFT-CORP-MSN-AS-BLOCK	7
mijndnsserver.nl	cargo.nu	1
GleSYS AB	livefoto.nu	1
AUTOMATTIC	GOOGLE	16
dns-record.nl	believe.nu	1
ebservice1.nl	antilope.nu	1
neostrada.nl	Stichting DIGI NL	1
a2dns.com	timeforyou.nu	1
wizz.be	communicatietips.nu	1
loopia.se	vallmora.se	2
optinet.se	MICROSOFT-CORP-MSN-AS-BLOCK	1
Miss Hosting AB	kicka.nu	1
cloud86.nl	petervandijk.nu	1
hostnet.nl	laserontharen.nu	1
b2networks.nl	hondekop.nu	1
Yelles AB	wemega.nu	1
ACTIVE 24, s.r.o.	jgsoftware.se	1
Serverius Holding B.V.	CLOUDFLARENET	3
LIQUIDWEB	iza.nu	1
Uniserver Internet B.V.	workingcapital.nu	1
Signet B.V.	santafe.nu	1
CLOUDFLARENET	hotelarrangement.nu	1
One.com A/S	animato.nu	1
Signet B.V.	webcare.nu	1
CLDIN B.V.	somers.nu	1
neostrada.nl	raatjes.nu	1
ipcom GmbH	SQUIXA PTY LIMITED	2
DIGITALOCEAN-ASN	beekbergen.nu	1
CLOUDFLARENET	axet.nu	1
Hetzner Online GmbH	quinter.nu	1
CLDIN B.V.	landbouwgrondkopen.nu	1
NetBase BV	APPLE-ENGINEERING	1
Telia Company AB	ventiro.se	1
AMAZON-02	jarbo.nu	1
CLOUDFLARENET	hellforge.nu	1
privatename.nl	alexhelpt.nu	1
solidehosting.nl	code95.nu	1
Signet B.V.	sportdeals.nu	1
djpcloud.eu	djpcloud.nl	3
DIGITALOCEAN-ASN	mijnlijstenmakerij.nu	1
one.com	Forss IT AB	1
buddyns.com	MICROSOFT-CORP-MSN-AS-BLOCK	1
CLDIN B.V.	beentheredonethat.nu	1
ACTIVE 24, s.r.o.	vedin.nu	1
Yelles AB	annonsera.nu	1
TrueFullstaq B.V.	poterra.nu	1
Yelles AB	t-pay.nu	1
Yelles AB	aspvik.nu	1
mananaweb.se	smatt.nu	1
Signet B.V.	baikalminer.nu	1
server-farm.net	energyconcept.nu	1
Eurofiber Cloud Infra B.V.	ikdoneer.nu	1
loopia.se	blueblood.nu	1
Cygrids Communications AB	blido.nu	1
ports.se	biggnet.net	1
CLDIN B.V.	keepgoing.nu	1
LIQUIDWEB	corfu.nu	1
DirectVPS B.V.	MICROSOFT-CORP-MSN-AS-BLOCK	3
CLOUDFLARENET	friskmun.nu	1
hix.nl	at-home.nu	1
thednscompany.com	cityfood.nu	1
Hagloef & Nordkvist Internet AB	mnt.nu	1
BIZLAND-SD	44.nu	1
zzpxs.nl	levit.nu	1
Yelles AB	osd.nu	1
DIGITALOCEAN-ASN	degrood.nu	1
21-domain.info	GOOGLE	1
Yelles AB	kake.nu	1
CLOUDFLARENET	hfc.nu	1
ACTIVE 24, s.r.o.	fotakuten.nu	1
CLOUDFLARENET	sotargruppen.nu	1
host2vps.com	kroese.nu	1
nmugroup.com	netlife.no	1
DIGITALOCEAN-ASN	prikl.nu	1
Signet B.V.	onlinespamfilter.com	1
Intention B.V.	preventiemedewerker.nu	1
cardns.nl	GOOGLE	1
DIGITALOCEAN-ASN	luxor.nu	1
The Internet Engineering Group B.V.	croc.nu	1
BIZLAND-SD	everyone.net	1
mijndnsserver.nl	gratiskoran.nu	1
CLOUDFLARENET	jennywestin.nu	1
SECURITYSERVICES	zolirest.nu	1
ipage.com	krk.nu	1
PONYNET	niklasjakobsson.nu	1
oceantech.nl	masto.nu	1
Yelles AB	APPLE-ENGINEERING	4
Yelles AB	louisiana.nu	1
GANDI SAS	smtp.goog	1
mijn.host	zutphen.nu	1
joker.com	nussi.nu	1
ACTIVE 24, s.r.o.	fyrverket.nu	1
Signet B.V.	cloudshapers.nu	1
CLOUDFLARENET	barklund.nu	1
foxxl.com	MICROSOFT-CORP-MSN-AS-BLOCK	1
Hetzner Online GmbH	visavis.nu	1
ACTIVE 24, s.r.o.	barruk.nu	1
Yelles AB	rimma.nu	1
CLOUDFLARENET	muma.nu	1
DIGITALOCEAN-ASN	massage-in-bedrijf.nu	1
ACTIVE 24, s.r.o.	hobs.nu	1
artisan.se	artisan.se	1
ports.se	crystone.se	1
ACTIVE 24, s.r.o.	xn--dden-5qa.nu	1
Yelles AB	maltipoo.nu	1
a2dns.com	idekonsult.nu	1
ACTIVE 24, s.r.o.	inspireras.nu	1
DIGITALOCEAN-ASN	Enflow B.V.	2
ACTIVE 24, s.r.o.	spennare.nu	1
Signet B.V.	diede.nu	1
LIQUIDWEB	nuwebmail.nu	1
driftshotellet.com	MICROSOFT-CORP-MSN-AS-BLOCK	6
dn-s.nl	xxxdomeinen.nu	1
LIQUIDWEB	NAMECHEAP-NET	1
mecanos.nl	Cyso Group B.V.	1
Yelles AB	kingfo.nu	1
CLDIN B.V.	vdr.nu	1
oderland.com	APPLE-ENGINEERING	6
Yelles AB	bugasalt.nu	1
korton.net	MICROSOFT-CORP-MSN-AS-BLOCK	1
RouteLabel V.O.F.	elysia.nu	1
Signet B.V.	websitemachine.nl	1
Signet B.V.	werkonline.nu	1
Yelles AB	vastkustkretsen.nu	1
neostrada.nl	xieje.nu	1
dimac.net	MICROSOFT-CORP-MSN-AS-BLOCK	1
Signet B.V.	edibles.nu	1
teamease.net	fgd.nu	1
Signet B.V.	lefties.nu	1
cloudns.net	verzendkosten.nu	1
ACTIVE 24, s.r.o.	rgr.nu	1
ACTIVE 24, s.r.o.	magik.nu	1
Yelles AB	alaska.nu	1
CLDIN B.V.	socialdesign.nu	1
Yelles AB	lintec.nu	1
forss.net	euronics.nu	1
ACTIVE 24, s.r.o.	honeyhome.nu	1
ACTIVE 24, s.r.o.	supplychain.nu	1
one.com	hostedemail.com	3
Signet B.V.	elektronische-aangifte.nu	1
CLOUDFLARENET	kurdistanpost.nu	1
webhostingcontact.nl	careerbooster.nu	1
Uniserver Internet B.V.	insolventie.nu	1
Yelles AB	henning.nu	1
CLOUDFLARENET	yoursportplanner.nu	1
CLOUDFLARENET	systeembeheer.nu	1
DIGITALOCEAN-ASN	march.nu	1
Yelles AB	wayrakanchay.nu	1
CLOUDFLARENET	nedbalans.nu	1
ACTIVE 24, s.r.o.	rydenskahuset.nu	1
CLDIN B.V.	crossing.nu	1
Signet B.V.	breininbeweging.nu	1
Signet B.V.	t2g.nu	1
Yelles AB	c-vision.nu	1
Signet B.V.	optimized.nu	1
wkits.eu	AMAZON-02	2
hostnet.nl	bestelmuziek.nu	1
LIQUIDWEB	duran.nu	1
GleSYS AB	onm.nu	1
CLOUDFLARENET	deteamontwikkelaars.nu	1
nixus.info	GOOGLE	1
The Internet Engineering Group B.V.	coachmatch.nu	1
AMAZON-02	soultouching.nu	1
LEVEL3	iceland.nu	1
GleSYS AB	travelmemories.nu	1
Yelles AB	skog.nu	1
loopia.se	text-dekor.se	1
ACTIVE 24, s.r.o.	ljudteknik.nu	1
managed-vps.net	bow.nu	1
Yelles AB	specialturbo.nu	1
Hetzner Online GmbH	duurzamegebiedsontwikkeling.nu	1
VITAL-DNS	lla.nu	1
ACTIVE 24, s.r.o.	banq.nu	1
CLOUDFLARENET	bmn.nu	1
dn-s.nl	hrmanagement.nu	1
OVH SAS	hbcars.nu	1
speedydns.net	mobelteknik.nu	1
ports.se	itpakran.se	1
CLOUDFLARENET	yandex.ru	2
Yelles AB	afrodite.nu	1
sedo.com	localhost	1
hosted.nl	holydays.nu	1
hostnet.nl	Proton AG	7
CLOUDFLARENET	admins.ws	1
xeran.com	heywhatsthat.nu	1
Yelles AB	mikaelkarlendal.nu	1
GleSYS AB	elstrom.nu	1
Yelles AB	liu.nu	1
Signet B.V.	studentjobs.nu	1
triple-interactive.com	waterslaper.nu	1
iunxi.net	mijnprivilege.nu	1
LeaseWeb Netherlands B.V.	mtaroutes.com	2
OVH SAS	soulsailing.nu	1
iplace.se	msv1.invalid	1
DIGITALOCEAN-ASN	christineleduc.nu	1
ayaa.se	forsling.nu	1
hix.nl	superstreamdiscounter.nu	1
CLOUDFLARENET	freshcare.nu	1
Signet B.V.	richarddeleth.nu	1
CLOUDFLARENET	ankarsvik.nu	1
SINGLEHOP-LLC	christmas.nu	1
loopia.se	lipponen.com	1
ACTIVE 24, s.r.o.	torres.nu	1
webruimtehosting.nl	manto.nu	1
Miss Hosting AB	pasadena.nu	1
Serverius Holding B.V.	Serverius Holding B.V.	4
dn-s.nl	mahora.nu	1
DIGITALOCEAN-ASN	DIGITALOCEAN-ASN	4
Signet B.V.	partners4urbanwater.nu	1
loopia.se	jalusi.se	1
Hetzner Online GmbH	reiki-healing.nu	1
Signet B.V.	mobielwerkt.nl	4
Uniserver Internet B.V.	degevoeligeplaat.nu	1
UKDedicated LTD	split.nu	1
ACTIVE 24, s.r.o.	uup.nu	1
SECURITYSERVICES	One.com A/S	1
webspacez.net	GOOGLE	1
ACTIVE 24, s.r.o.	g-b.nu	1
Yelles AB	snabbmat.nu	1
Yelles AB	ministry.nu	1
dimorf.com	siwnet.net	1
connectium.nl	connectium.nl	2
CLOUDFLARENET	krille.nu	1
ACTIVE 24, s.r.o.	expose.nu	1
GlobalConnect AB	rulemailer.se	1
GleSYS AB	morner.nu	1
Yelles AB	daladraken.nu	1
IONOS SE	MICROSOFT-CORP-MSN-AS-BLOCK	4
OVH SAS	rudys.nu	1
CJ2 Hosting B.V.	jouwbuurt.nu	1
Serverius Holding B.V.	driewerf.nu	1
CLOUDFLARENET	dalahund.nu	1
ACTIVE 24, s.r.o.	outboardservice.nu	1
ACTIVE 24, s.r.o.	climate.nu	1
loopia.se	roxx.se	1
Yelles AB	mcskrot.nu	1
Signet B.V.	logtenberg.nu	1
my-cloud.nu	puffybreien.nu	1
cloud86.nl	frequentie.nu	1
Signet B.V.	pais-support.nu	1
name-services.com	peso.nu	1
LIQUIDWEB	xn--mrner-jua.nu	1
ACTIVE 24, s.r.o.	flyttpoolen.nu	1
CLOUDFLARENET	onlinemailscanner.com	2
mijndnsserver.nl	nien.nu	1
CLOUDFLARENET	engagemission.nu	1
LEASEWEB-USA-SFO	vantimmeren.nu	1
tedoc.nl	domeinenreus.nl	3
ACTIVE 24, s.r.o.	stockholmtango.nu	1
GleSYS AB	cpuweb.nu	1
Signet B.V.	wajonghypotheek.nu	1
Hetzner Online GmbH	gunther.nu	1
CLDIN B.V.	microsoft365.nu	1
GleSYS AB	browall.nu	1
CLOUDFLARENET	flowandfocus.nu	1
swedishexportmedia.com	sem.nu	1
BIZLAND-SD	88.nu	1
CLOUDFLARENET	hoe.nu	1
DIGITALOCEAN-ASN	spanplafond.nu	1
CLOUDFLARENET	intro.nu	1
dijkstra.nl	MICROSOFT-CORP-MSN-AS-BLOCK	2
shika.nu	plusblue.net	1
Signet B.V.	beerensteynpartners.nu	1
bktv.se	bktv.se	3
DIGITALOCEAN-ASN	smaakvol.nu	1
One.com A/S	dutchvr.nu	1
egensajt.se	ZOHO Corporation B.V	2
GlobalConnect A/S	ODERLAND Webbhotell AB	4
loopia.se	FORKNETWORKING	6
MICROSOFT-CORP-MSN-AS-BLOCK	SECURITYSERVICES	6
ports.se	el-effekt.com	2
CLDIN B.V.	kenniss.nu	1
mildmedia.se	116006.nu	1
Signet B.V.	excellentlasergraveren.nu	1
aphar.net	harvey.nu	1
CLOUDFLARENET	tsdesign.nu	1
ukhost4u.com	chatterton.nu	1
Signet B.V.	networking4all.net	1
CLOUDFLARENET	bpa.nu	1
CLOUDFLARENET	spacetown.nu	1
Bizway BV	MICROSOFT-CORP-MSN-AS-BLOCK	4
LIQUIDWEB	CLDIN B.V.	1
CLOUDFLARENET	lastechniek.nu	1
CLOUDFLARENET	datakraftverk.no	1
Uniserver Internet B.V.	trampoline.nu	1
elverljung.se	pi.nu	1
Yelles AB	lassing.nu	1
Yelles AB	faves.nu	1
ACTIVE 24, s.r.o.	qualia.nu	1
axc.nl	jamie.nu	1
ACTIVE 24, s.r.o.	rynning.nu	1
GANDI SAS	Fastmail Pty Ltd	3
loopia.se	sorsia.nu	1
One.com A/S	usw.nu	1
Signet B.V.	upsite.nu	1
CLOUDFLARENET	brixters.nl	1
H4Hosting BV	nijbod.nu	1
CLOUDFLARENET	parasolshop.nu	1
ACTIVE 24, s.r.o.	abonde.nu	1
mainloop.net	hockeybladet.nu	1
ACTIVE 24, s.r.o.	aviama.nu	1
ipcom GmbH	speciaalvoorjou.nu	1
cloud86.nl	moveyourlife.nu	1
transpark.nl	Uniserver Internet B.V.	1
Miss Hosting AB	webdirectory.nu	1
ACTIVE 24, s.r.o.	inxtnd.nu	1
hyp.net	m2bp.com	1
Signet B.V.	splaire.nu	1
estimata.nu	estimata.nu	1
CLOUDFLARENET	gozo.nu	1
CLOUDFLARENET	hacking.nu	1
quickhost.nl	schaatsshop.nu	1
elitdns.eu	smartemail.se	1
one.com	Heinlein-Support GmbH	1
ACTIVE 24, s.r.o.	logentcustoms.nu	1
cogson.se	MICROSOFT-CORP-MSN-AS-BLOCK	1
ACTIVE 24, s.r.o.	xn--runtliding-ncb.nu	1
ACTIVE 24, s.r.o.	nitram.nu	1
ACTIVE 24, s.r.o.	ivisby.nu	1
netim.net	GOOGLE	3
Signet B.V.	limage.nu	1
yourwebhoster.com	mtaroutes.com	1
Yelles AB	lakso.nu	1
CLOUDFLARENET	buono.nu	1
Signet B.V.	steigermeubelen.nu	1
mijnwebhosting.com	adesso.nu	1
GleSYS AB	Fastmail Pty Ltd	3
GOOGLE	ddddd.nu	1
ggcloud.nl	MICROSOFT-CORP-MSN-AS-BLOCK	1
hostingservicecenter.nl	van-den-berg.nu	1
CLDIN B.V.	kindertube.nu	1
MICROSOFT-CORP-MSN-AS-BLOCK	emotieetendebaas.nu	1
atom86 BV	elske.nu	1
NETWORK-SOLUTIONS-HOSTING	hornefors.nu	1
Signet B.V.	clouddiensten.nu	1
ACTIVE 24, s.r.o.	tandlakarn.nu	1
GleSYS AB	granfeldt.nu	1
windinternet.net	wijngaarden.nu	1
rymdweb.com	fakenews.com	1
exonet.nl	beeldjes.nu	1
Signet B.V.	blepharitis.nu	1
ACTIVE 24, s.r.o.	kiropraktik-rehab.nu	1
ACTIVE 24, s.r.o.	huskollen.nu	1
ACTIVE 24, s.r.o.	tuningpartner.nu	1
computerdoc.nl	MICROSOFT-CORP-MSN-AS-BLOCK	1
Signet B.V.	zuyver.nu	1
GleSYS AB	flygare.nu	1
openworx.nl	smeulders.nu	1
Signet B.V.	barters.nu	1
r24cloud.se	MICROSOFT-CORP-MSN-AS-BLOCK	13
uwdns.info	trouwpakken.nu	1
GOOGLE	Greenhost BV	4
ACTIVE 24, s.r.o.	swemerch.nu	1
atinet.nl	atinet.nl	2
Host Europe GmbH	taxipris.nu	1
Serverius Holding B.V.	nachtzorg.nu	1
CLOUDFLARENET	cykelframjandet.nu	1
Ledl.net GmbH	acustiflex.nu	1
CLOUDFLARENET	hydraulservice.nu	1
CLOUDFLARENET	celebi.nu	1
internetportnetwork.net	loopia.com	1
Signet B.V.	riders.nu	1
Signet B.V.	19k.nu	1
ACTIVE 24, s.r.o.	sandelius.nu	1
Signet B.V.	versteeg.nu	1
Signet B.V.	coolblue.nu	1
Yelles AB	casino24.nu	1
server299.com	phree.nu	1
egensajt.se	APPLE-ENGINEERING	1
CLOUDFLARENET	lobi.nu	1
The Internet Engineering Group B.V.	afbouwgarantie.nu	1
vservs.com	whitespirit.nu	1
Signet B.V.	remontage.nu	1
NUCDN	ghosting.dk	1
ACTIVE 24, s.r.o.	happyhacking.nu	1
bioma.se	MICROSOFT-CORP-MSN-AS-BLOCK	1
one.com	rcasp.se	1
Signet B.V.	happy2print.nu	1
CLOUDFLARENET	e-core.nu	1
Yelles AB	tryckoreklam.nu	1
ACTIVE 24, s.r.o.	eventsbarcelona.nu	1
zoneedit.com	itvision.nu	1
DIGITALOCEAN-ASN	123psycholoog.nu	1
epag.net	droomfiets.nu	1
CLOUDFLARENET	voila.nu	1
ACTIVE 24, s.r.o.	recr.nu	1
loopia.se	QUICKPACKET	2
sajt2000.com	GOOGLE	2
hosting-dns.org	rowin.nu	1
CLOUDFLARENET	motuab.com	1
Signet B.V.	phit.nu	1
edrive-hosting.cz	GOOGLE	1
Miss Hosting AB	avsh.nu	1
One.com A/S	bina.nu	1
Yelles AB	internetservice.nu	1
cloud86.nl	uitdewilligen.nu	1
Tele2 SWIPnet	rsdata.se	7
CLOUDFLARENET	cube.nu	1
CLOUDFLARENET	Hetzner Online GmbH	2
Cloud DNS Ltd	GlobalConnect AB	1
inmotionhosting.com	wimp.nu	1
awsdns-13.com	Datacamp Limited	1
Hetzner Online GmbH	billede.nu	1
procurios.net	MICROSOFT-CORP-MSN-AS-BLOCK	1
CLOUDFLARENET	gelukkigzijn.nu	1
robiz-hosting.nl	vcard.nu	1
OVH SAS	videoproductie.nu	1
yoursitedns.nl	MICROSOFT-CORP-MSN-AS-BLOCK	1
Signet B.V.	venzinni.nu	1
AMAZON-02	surron.nu	1
ports.se	sysco.nu	1
dn-s.nl	pasha.nu	1
com.au	hemmagym.nu	1
Yelles AB	tenoren.nu	1
ports.se	olearys.nu	1
a3network.se	a3mail.se	1
Jakobstadsnejdens Telefon Ab	multi.fi	3
Yelles AB	black-friday.nu	1
hostingcp.eu	CLOUDFLARENET	4
ACTIVE 24, s.r.o.	punktmolnet.nu	1
Yelles AB	films.nu	1
myfcloudde.com	elderberry.nu	1
dotserv.com	epip.nu	1
ACTIVE 24, s.r.o.	Loopia AB	1
DIGITALOCEAN-ASN	zetta.nu	1
team.blue Denmark A/S	Datacamp Limited	2
iplace.se	AMAZON-02	1
Yelles AB	brohlin.nu	1
ACTIVE 24, s.r.o.	risfelt.nu	1
DIGITALOCEAN-ASN	wne.nu	1
ODERLAND Webbhotell AB	health-innovation.nu	1
ACTIVE 24, s.r.o.	calambio.nu	1
Signet B.V.	allyourbi.nu	1
f89.nl	frankema.nu	1
cybersolid.nl	4b.nu	1
Signet B.V.	kleurbekennen.nu	1
Signet B.V.	myparcel.nu	1
CLOUDFLARENET	efio.nu	1
GleSYS AB	travelgatesweden.nu	1
ACTIVE 24, s.r.o.	comprehend.nu	1
ns14.net	gjiz.nu	1
Cygrids Communications AB	curling.nu	1
dnscluster.dk	mail-infra.net	1
Akamai International B.V.	GOOGLE	2
ocean.lv	think.lv	1
Signet B.V.	mijnpim.nu	1
loopia.se	travelclearing.se	1
LIQUIDWEB	kommer.nu	1
neostrada.nl	mc-v.nu	1
Signet B.V.	joustra.nu	1
Hetzner Online GmbH	parcoaching.nu	1
CLOUDFLARENET	dvr.nu	1
CLOUDFLARENET	inshape.nu	1
dns.services	cyberforsikring.nu	1
ACTIVE 24, s.r.o.	verktygsmaskiner.nu	1
The Internet Engineering Group B.V.	spelletjesonline.nu	1
loopia.se	exchangelabs.com	1
Hetzner Online GmbH	selch.nu	1
3dg.se	3dg.se	2
CLOUDFLARENET	whirlpool.com	4
CLOUDFLARENET	vanlammeren.nu	1
MICROSOFT-CORP-MSN-AS-BLOCK	vingino.nu	1
cloud86.nl	500.nu	1
AMAZON-02	2rent.nu	1
ACTIVE 24, s.r.o.	pfp.nu	1
dn-s.nl	netl.nu	1
ACTIVE 24, s.r.o.	bergkvara.nu	1
Miss Hosting AB	kartrace.nu	1
CLOUDFLARENET	kipkopen.nu	1
neostrada.nl	vliegvakanties.nu	1
AMAZON-02	fakturakop.nu	1
CORESPACE-DAL	pharos.nu	1
webruimtehosting.nl	poppers.nu	1
Yelles AB	makemoney.nu	1
hyp.net	web-it.nu	4
ACTIVE 24, s.r.o.	xn--goninflammation-7sb.nu	1
cloud86.nl	mind-body.nu	1
interoffice.se	ahlins.nu	1
CLOUDFLARENET	pierrehome.nu	1
Yelles AB	dagensord.nu	1
The Internet Engineering Group B.V.	playing.nu	1
idfnv.net	sunbed.nu	1
naamservert.nl	geeft.nu	1
NETWORK-SOLUTIONS-HOSTING	entrepreneur.nu	1
Yelles AB	johanneberg.nu	1
AUTOMATTIC	Loopia AB	1
team.blue Denmark A/S	kagemand.nu	1
CLDIN B.V.	yourhostingbusiness.nl	2
Signet B.V.	tandartsknetsch.nu	1
Yelles AB	banderoller.nu	1
GOOGLE	Totaalnet Internet Works B.V.	1
karlahosting.se	visitkort.nu	1
indicate.se	GOOGLE	1
Intention B.V.	carwin.nu	1
Yelles AB	fishing.nu	1
Miss Hosting AB	dip.nu	1
vBoxx B.V.	acekoeriers.nu	1
websols.nl	werkse.nu	1
kerkveld.nl	xout.nu	1
Signet B.V.	vindikleuk.nu	1
echelon.nl	echelon.nl	1
server.eu	server.eu	10
team.blue Denmark A/S	comendosystems.com	3
controlepaneel.net	MICROSOFT-CORP-MSN-AS-BLOCK	2
Miss Hosting AB	xn--rrmokaresollentuna-d3b.nu	1
hyp.net	Proton AG	3
neostrada.nl	4cats.nu	1
hix.nl	popradio.nu	1
Duocast B.V.	777.nu	1
axc.nl	remcom.nu	1
hyp.net	CLOUDFLARENET	1
bb-dns.nl	austerlitz.nu	1
ports.se	domainteam.dk	2
ACTIVE 24, s.r.o.	pixelcode.nu	1
Hetzner Online GmbH	GOOGLE	16
CLDIN B.V.	fpe.nu	1
BIT BV	itr.nu	1
webspacez.net	menes.nu	1
LeaseWeb Netherlands B.V.	maxpoint.nu	1
Signet B.V.	brokering.nu	1
Yelles AB	katainen.nu	1
awsdns-14.net	iphmx.com	1
Signet B.V.	coachsander.nu	1
ACTIVE 24, s.r.o.	horsenature.nu	1
Signet B.V.	lakerveld.eu	2
Signet B.V.	refacts.nu	1
CLOUDFLARENET	ritzdental.nu	1
Yelles AB	revehiet.nu	1
e-studio.dk	boligtilsalg.nu	1
loopia.se	robe.nu	1
dn-s.nl	onlinespamfilter.com	1
CLOUDFLARENET	mstech.nu	1
Signet B.V.	ppe-hosted.com	1
ACTIVE 24, s.r.o.	theway.nu	1
webbnamn.nu	bvw.nu	1
SECURITYSERVICES	e-target.nu	1
serviceprovider.nl	grafisis.nl	3
cloud86.nl	zavi.nu	1
CLOUDFLARENET	quist-ict.nl	1
cyberdns.nl	MICROSOFT-CORP-MSN-AS-BLOCK	1
LeaseWeb Netherlands B.V.	peakperformanceonline.nu	1
ACTIVE 24, s.r.o.	incident.nu	1
DirectVPS B.V.	ketensamenwerking.nu	1
One.com A/S	versierdekerstboom.nu	1
hostingdirect.nl	bernd.nu	1
yourconcept.nl	sterren.nu	1
ORACLE-BMC-31898	huskers.nu	1
ACTIVE 24, s.r.o.	dataexpert.nu	1
Signet B.V.	tuinfeest.nu	1
ACTIVE 24, s.r.o.	silvin.nu	1
mijndnsserver.nl	magnapaint.nu	1
1e100.nu	wlan.nu	1
CLOUDFLARENET	spyro.nu	1
ACTIVE 24, s.r.o.	kepsen.nu	1
hosted.nl	fruitkings-casino.nu	1
ACTIVE 24, s.r.o.	starserv.se	1
net-products.nl	net-products.nl	1
ports.se	GOOGLE-CLOUD-PLATFORM	2
team.blue Denmark A/S	mail-1.dk	1
ipcom GmbH	elektrikerhuddinge.nu	1
dnssrv.nl	groesbeek.nu	1
GleSYS AB	bestalarm.nu	1
webhotel24.se	patchwerk.nu	1
ACTIVE 24, s.r.o.	mytologi.nu	1
ACTIVE 24, s.r.o.	RUN Communications AB	1
ACTIVE 24, s.r.o.	tripster.nu	1
LeaseWeb Netherlands B.V.	nederlandinvesteert.nu	1
UpCloud Ltd	muna.nu	1
Yelles AB	paus.nu	1
Signet B.V.	correct.nu	1
CLOUDFLARENET	unicorn.nu	1
Signet B.V.	Datacamp Limited	4
digiworks.nl	MICROSOFT-CORP-MSN-AS-BLOCK	3
doorpointserver2.nl	eerstehulpaankinderen.nu	1
Sca Forestproducts Ab	Sca Forestproducts Ab	5
GleSYS AB	annikapersson.nu	1
Yelles AB	svinesund.nu	1
dn-s.nl	landgoeddelindenbergh.nu	1
cloud86.nl	magnetisme.nu	1
Yelles AB	viabo.nu	1
CLOUDFLARENET	prylbutiken.nu	1
flyingcroc.net	naiadsystems.com	1
Signet B.V.	databaas.nu	1
GleSYS AB	plock.nu	1
weservit.nl	compuclub.nu	1
one.com	AMAZON-02	1
CLOUDFLARENET	duckdogs.nu	1
ACTIVE 24, s.r.o.	downstairs.nu	1
hostghost.nl	HostGhost B.V.	4
One.com A/S	cloud-mail.nl	1
yourdomainprovider.net	bespaarnu.nu	1
ACTIVE 24, s.r.o.	stenroos.nu	1
DIGITALOCEAN-ASN	lara.nu	1
Duocast B.V.	sensas.nu	1
One.com A/S	qvadis.nu	1
Yelles AB	veckor.nu	1
InterRacks B.V.	mijnhoreca.nu	1
nxtlvl-it.nl	advocaatalmere.nu	1
One.com A/S	kleinzwitserland.nu	1
Signet B.V.	memodev.nu	1
truehostdns.com	onlinecasino24.nu	1
sihw.net	spininhetweb.net	2
ACTIVE 24, s.r.o.	pvakeriab.nu	1
Yelles AB	henriksson.nu	1
Signet B.V.	goosen.nu	1
dnsexit.com	bvk.nu	1
ACTIVE 24, s.r.o.	sylvander.nu	1
greenhost.nl	mtaroutes.com	1
hostnet.nl	containerrecycling.nu	1
ACTIVE 24, s.r.o.	bruset.nu	1
svenskwebbhotell.se	billigahemsidor.nu	1
Miss Hosting AB	continente.nu	1
Yelles AB	serdes.nu	1
CLOUDFLARENET	lifeplanning.nu	1
LIQUIDWEB	symaskin.nu	1
DIGITALOCEAN-ASN	schaatsen.nu	1
ACTIVE 24, s.r.o.	swemmy.nu	1
exonet.nl	dij.nu	1
ACTIVE 24, s.r.o.	bigstep.nu	1
CLOUDFLARENET	thatsthespirit.nu	1
Uniserver Internet B.V.	motorrijles.nu	1
AMAZON-02	grondals.nu	1
Bahnhof AB	lastbilsservice.nu	1
NSONE	ZOHO Corporation B.V	1
Signet B.V.	sikke.nu	1
hostnet.nl	GOOGLE-CLOUD-PLATFORM	3
CLOUDFLARENET	grundsund.nu	1
AMAZON-02	iemt-coach.nu	1
Yelles AB	nsx.nu	1
Eurofiber Cloud Infra B.V.	productdatamanager.nu	1
neostrada.nl	hubby.nu	1
LIQUIDWEB	fridell.nu	1
buddyns.com	Loopia AB	1
Signet B.V.	menukaart.nu	1
Yelles AB	modoit.nu	1
Yelles AB	styrketraning.nu	1
LeaseWeb Netherlands B.V.	harvestpride.nu	1
CLOUDFLARENET	weder.nu	1
oderland.com	kommunity.nu	1
esmero.nl	Proton AG	2
ACTIVE 24, s.r.o.	webbyroo.com	1
Yelles AB	georgia.nu	1
enson.se	enson.se	2
EDNS	easydns.com	3
CLDIN B.V.	paragnosten.nu	1
ne.jp	ne.jp	1
Hetzner Online GmbH	eventyr.nu	1
GleSYS AB	vinternatt.nu	1
ACTIVE 24, s.r.o.	konkretdesign.nu	1
Hetzner Online GmbH	filmsex.nu	1
cloudvps.com	adopteereenrotonde.nu	1
ACTIVE 24, s.r.o.	73.65	2
cloud86.nl	huurterug.nu	1
afraid.org	servett.net	4
GleSYS AB	tc-ab.nu	1
mijndnsserver.nl	tuinverlichting.nu	1
loopia.se	spray.se	2
oderland.com	byggabrygga.nu	1
ispnoc.eu	choco.nu	1
joker.com	demorgenster.nu	1
ilc-europe.nl	MICROSOFT-CORP-MSN-AS-BLOCK	2
Yelles AB	lastochvagnteknik.nu	1
Telia Company AB	michaellandin.nu	1
Signet B.V.	collumbehandeling.nu	1
Yelles AB	superbrands.nu	1
businessconnect.eu	Today Concepts B.V.	4
CLOUDFLARENET	artifact.nu	1
CLOUDFLARENET	lafontana.nu	1
Yelles AB	eskobar.nu	1
DIGITALOCEAN-ASN	share.nu	1
CLOUDFLARENET	mboxhosting.com	1
CLOUDFLARENET	cora.nu	1
GleSYS AB	cyberhem.nu	1
One.com A/S	neuroscan.nu	1
loopia.se	108.106	1
Signet B.V.	meerverkopen.nu	1
ACTIVE 24, s.r.o.	handelsradet.nu	1
beautifulpeople.nu	GOOGLE	1
Signet B.V.	tegelhuis.nu	1
LIQUIDWEB	eroticvideo.nu	1
Signet B.V.	valuecorporatefinance.nu	1
hiwebab.se	hjulpartner.nu	1
DIGITALOCEAN-ASN	lokke.nu	1
ACTIVE 24, s.r.o.	ild.nu	1
Signet B.V.	prosolit.nl	1
monshouwer.eu	monshouwer.com	3
CLOUDFLARENET	martensson.io	1
Signet B.V.	eleren.nu	1
ACTIVE 24, s.r.o.	brilliant.nu	1
CLOUDFLARENET	casinoonlinesverige.nu	1
flexlinux.se	linuxburken.nu	1
exonet.nl	born2run.nu	1
MICROSOFT-CORP-MSN-AS-BLOCK	trekia.se	1
Zylon	gemeenteoplossingen.nl	3
CLDIN B.V.	parketonderhoud.nu	1
One.com A/S	verzendhet.nu	1
svenskadomaner.se	xn--frlag-jua.nu	1
CLDIN B.V.	ankie.nu	1
Yelles AB	shopfixxer.nu	1
tripnet.se	tripnet.se	2
InformationsTeknik i Norrbotten AB	pitea.se	1
Eurofiber Cloud Infra B.V.	kunstverhuur.nu	1
LEVEL3	apconsult.nu	1
budgetwebserver.nl	meas.nu	1
Signet B.V.	snoek.nu	1
Yelles AB	kickpunch.nu	1
LIQUIDWEB	peterjonsson.nu	1
Signet B.V.	smartwerven.nu	1
LIQUIDWEB	barfota.nu	1
DIGITALOCEAN-ASN	superhappyme.nu	1
ACTIVE 24, s.r.o.	swentravel.nu	1
mpdevab.se	mpdevab.se	1
CLOUDFLARENET	silvis.nu	1
Signet B.V.	vuurwerk-kopen.nu	1
mirasoft.net	topverkopers.nu	1
cloud86.nl	lichtwerker.nu	1
LIQUIDWEB	plasticsurg.nu	1
LeaseWeb Netherlands B.V.	medilingua.nu	1
CLOUDFLARENET	deroo.nu	1
ACTIVE 24, s.r.o.	kuryakyn.nu	1
team.blue Denmark A/S	ZOHO Corporation B.V	1
bahnhof.se	bahnhof.se	2
CLOUDFLARENET	klurgubben.nu	1
Signet B.V.	hostfusion.nl	1
mananaweb.se	MICROSOFT-CORP-MSN-AS-BLOCK	3
fwhosting.nl	APPLE-ENGINEERING	1
Signet B.V.	maniko.nu	1
neostrada.nl	tegendraads.nu	1
ACTIVE 24, s.r.o.	poppidesign.nu	1
dnsserver.se	dnsserver.se	1
CLOUDFLARENET	ict.nl	6
even-testen.nl	hartentroef.nu	1
cloud86.nl	dendikkenboom.nu	1
hostingpeople.nl	webcams.nu	1
Yelles AB	id-skydd.nu	1
qprog.net	koolhaas.nu	1
hosted.nl	whitelabelsolutions.nl	1
CLOUDFLARENET	fredriksberg.nu	1
CLDIN B.V.	aksi.nl	2
Netnod AB	GOOGLE	2
DIGITALOCEAN-ASN	mailbux.com	1
swehosting.se	246.2	2
Hostek AB	mailchannels.net	1
LEASEWEB-USA-SFO	Infopact Netwerkdiensten B.V.	1
CLOUDFLARENET	iclean.se	1
CLOUDFLARENET	banne.nu	1
DIGITALOCEAN-ASN	melktechnikluxemburg.nu	1
ACTIVE 24, s.r.o.	tenor.nu	1
One.com A/S	huidtherapeuten.nu	1
fouredge.se	fouredge.se	1
duocast.net	MICROSOFT-CORP-MSN-AS-BLOCK	1
CLOUDFLARENET	winkelke.nu	1
danskinternet.dk	MICROSOFT-CORP-MSN-AS-BLOCK	3
team.blue Denmark A/S	mailsparr.se	1
futuretrain.eu	sopar.nu	1
zzpxs.nl	laloba.nu	1
Yelles AB	kiropraktorcentrum.nu	1
One.com A/S	gooqle.nu	1
svdns.eu	CLOUDFLARENET	1
Yelles AB	ztride.nu	1
albia.se	MICROSOFT-CORP-MSN-AS-BLOCK	1
hix.nl	deburgemeester.nu	1
ACTIVE 24, s.r.o.	tael.nu	1
awsdns-01.com	Cloudflare London, LLC	1
CLOUDFLARENET	mkh.nu	1
afraid.org	unknown.nu	1
ilait.se	ftg.nu	1
Signet B.V.	kookspullen.nu	1
CLOUDFLARENET	vbet.nu	1
prncpm.com	MICROSOFT-CORP-MSN-AS-BLOCK	1
team.blue Denmark A/S	kullander.se	1
ok-connect.com	accessdenied.nu	1
Signet B.V.	smartwatchkopen.nu	1
main-hosting.eu	nicestay.nu	1
Yelles AB	kinderkleding.nu	1
One.com A/S	rekenspelletjes.nu	1
LIQUIDWEB	bullet.nu	1
VITAL-DNS	rollernet.us	1
dn-s.nl	onzehoofdzaak.nu	1
ACTIVE 24, s.r.o.	viktorandersson.nu	1
Signet B.V.	veiligonline.nu	1
LIQUIDWEB	tange.nu	1
Signet B.V.	arrowrock.nu	1
UKDedicated LTD	rnewergy.nu	1
awsdns-01.com	twintail.nu	1
ACTIVE 24, s.r.o.	nss.nu	1
SCAAM0001	MICROSOFT-CORP-MSN-AS-BLOCK	1
Stichting DIGI NL	gratiz.nu	1
ictunited.nl	gogogo.nu	1
ns14.net	One.com A/S	1
zoneedit.com	haggman.nu	1
Signet B.V.	lekker.nu	1
LIQUIDWEB	sexy69.nu	1
webhost.company	MICROSOFT-CORP-MSN-AS-BLOCK	6
CLOUDFLARENET	lindehoff.nu	1
GANDI SAS	Signet B.V.	2
Xserver Inc.	GOOGLE	2
ACTIVE 24, s.r.o.	presenttips.nu	1
dn-s.nl	veilmijndomein.nu	1
team.blue Denmark A/S	rulmeca.nu	1
Yelles AB	plugg.nu	1
bpginternetsolutions.nl	diveshop.nu	1
Hetzner Online GmbH	smsmovies.nu	1
premiumdns.zone	hapto.nu	1
zerowebhosting.net	leeuwis.nu	1
CLOUDFLARENET	tullberg.nu	1
ACTIVE 24, s.r.o.	ragtime.nu	1
novaram.net	MICROSOFT-CORP-MSN-AS-BLOCK	1
canatan.nl	faillissementen.nu	1
ACTIVE 24, s.r.o.	echobase.nu	1
Signet B.V.	training-mindfulness.nu	1
loopia.se	topp.nu	1
Signet B.V.	milence.nu	1
axc.nl	breukink.nu	1
CLOUDFLARENET	mittslap.nu	1
GleSYS AB	wolke.nu	1
netunity.net	truecolours.nu	1
CLDIN B.V.	oesterpedia.nu	1
BMS-AS	thalomid.nu	1
LeaseWeb Netherlands B.V.	antea.nu	1
Miss Hosting AB	ah-ha.nu	1
ACTIVE 24, s.r.o.	catowner.nu	1
mijndnsserver.nl	AMAZON-02	2
DIGICERT	didrikson.nu	1
LIQUIDWEB	ejc.nu	1
CLOUDFLARENET	surf-town.net	2
TrueFullstaq B.V.	triple.nl	3
One.com A/S	moling.nu	1
GleSYS AB	askasdrift.se	1
iclickandhost.com	iclickandhost.com	2
DIGITALOCEAN-ASN	waarachtig.nu	1
CLOUDFLARENET	deeplink.nu	1
ACTIVE 24, s.r.o.	tributeband.nu	1
Miss Hosting AB	modeguide.nu	1
contacteer.nu	contacteer.nu	1
morotsmedia.se	pp.se	1
DIGITALOCEAN-ASN	lwb.nu	1
ACTIVE 24, s.r.o.	lojrom.nu	1
rpip.nl	Cubic Circle B.V.	2
team.blue Denmark A/S	airstop.nu	1
ACTIVE 24, s.r.o.	bioinfo.nu	1
applepie.nl	MICROSOFT-CORP-MSN-AS-BLOCK	1
Signet B.V.	corporatewellness.nu	1
LIQUIDWEB	massey.nu	1
wbn.ro	corsica.nu	1
fekahost.nl	vanwalraven.nu	1
GleSYS AB	staysecuregroup.net	1
ACTIVE 24, s.r.o.	beautycenter.nu	1
hostpapa.com	archive.nu	1
One.com A/S	macura.nu	1
axc.nl	autorijbewijs.nu	1
denkis.eu	mijnrds.nl	1
specialspex.nu	MICROSOFT-CORP-MSN-AS-BLOCK	1
Signet B.V.	dashbar.nu	1
CLOUDFLARENET	alberthome.nu	1
Yelles AB	fet.nu	1
umunet.org	QUICKPACKET	1
BIT BV	morphable.nu	1
Hetzner Online GmbH	route67.nu	1
LEVEL3	coc.nu	1
Yelles AB	ubab.nu	1
ACTIVE 24, s.r.o.	tsv.nu	1
webglobe.sk	mx-hub.cz	1
CLDIN B.V.	dlb.nu	1
loopia.se	wastholm.com	1
CLOUDFLARENET	vivstavarvscamping.nu	1
NUCDN	origineelbetalen.nu	1
Nordlo Vaxjo & Ljungby AB	MICROSOFT-CORP-MSN-AS-BLOCK	1
Uniserver Internet B.V.	venezia.nu	1
MICROSOFT-CORP-MSN-AS-BLOCK	plantjesthuis.nu	1
hosted.nl	puiq.nu	1
windinternet.net	eadb.nu	1
smallhold-hosting-2.nl	sensetosort.nu	1
DIGITALOCEAN-ASN	onlyfence.nu	1
Miss Hosting AB	bjorkbacken.nu	1
Yelles AB	bjornolof.nu	1
Yelles AB	boxping.com	1
CLOUDFLARENET	aardappel.nu	1
slik.eu	slik.eu	3
fatalv.nu	fatalv.nu	1
ACTIVE 24, s.r.o.	charpentier.nu	1
afraid.org	ohgren.nu	1
Signet B.V.	be-it.nu	1
tobeonline.nl	vanuuden.nu	1
ipcom GmbH	CLDIN B.V.	1
ACTIVE 24, s.r.o.	intensivkorkort.nu	1
Signet B.V.	blusmiddelen.nu	1
guzelhosting.com	amzn.nu	1
HURRICANE	fimpen.nu	1
Signet B.V.	veluwe.net	5
CLOUDFLARENET	opnl.nu	1
CLOUDFLARENET	mama-rosa.nu	1
simatera.se	nytorp.nu	1
DIGITALOCEAN-ASN	daphne.nu	1
CLOUDFLARENET	clueless.nu	1
Host Europe GmbH	ZOHO-AS	1
Signet B.V.	cfo.nu	1
ACTIVE 24, s.r.o.	byggnadsvard.nu	1
BIT BV	miek.nu	1
ipcom GmbH	mail-forwarder.io	4
Hetzner Online GmbH	Datacamp Limited	1
Signet B.V.	bigfridaydeals.nu	1
Signet B.V.	boekjehotel.nu	1
UKDedicated LTD	golvtjanst.nu	1
OVH SAS	metzorggemaakt.nu	1
wpxhosting.com	citygym.nu	1
CLOUDFLARENET	norrmans.nu	1
Signet B.V.	primaprojekten.nu	1
CLDIN B.V.	pvprive.nu	1
hostgator.com	xtube.nu	1
CLOUDFLARENET	l-r.nu	1
banahosting.com	negocios.nu	1
oderland.com	fackforbund.nu	1
CORESPACE-DAL	dezedag.nu	1
GleSYS AB	newsphoto.nu	1
LeaseWeb Netherlands B.V.	stikstofsalderen.nu	1
ua-hosting.company	l8.nu	1
ACTIVE 24, s.r.o.	swedenkaraoke.nu	1
GleSYS AB	mums.nu	1
ballou.se	APPLE-ENGINEERING	1
Yelles AB	techfix.nu	1
loopia.se	team.blue Denmark A/S	3
combell.net	CLOUDFLARENET	2
Signet B.V.	alvleesklierkanker.nu	1
Signet B.V.	eengoedgesprek.nu	1
Signet B.V.	cloudwerkplek.nu	1
sdns0.nl	schietsport.nu	1
dn-s.nl	veilmijndomeinnaam.nu	1
Yelles AB	gransfors.nu	1
one.com	ZOHO Corporation B.V	10
CLOUDFLARENET	noboxcoding.nu	1
hostedns.nl	The Infrastructure Group B.V.	1
ri.se	MICROSOFT-CORP-MSN-AS-BLOCK	2
one.com	oliva.nu	1
Yelles AB	kasamana.nu	1
PRIVATESYSTEMS	Proton AG	2
its-dbkc.com	MICROSOFT-CORP-MSN-AS-BLOCK	2
Signet B.V.	infomaniak.ch	1
Yelles AB	greenkarma.nu	1
ACTIVE 24, s.r.o.	popart.nu	1
cloudns.net	vng-connect.nu	1
ACTIVE 24, s.r.o.	dominguez.nu	1
loopia.se	bymarken.se	1
CLOUDFLARENET	drakborgen.nu	1
hosterion.com	APPLE-ENGINEERING	1
mijndnsserver.nl	hunted.nu	1
Yelles AB	adverto.nu	1
zoneedit.com	sarabia.nu	1
We Dare B.V.	beeldhouwers.nu	1
Signet B.V.	ikrij.nu	1
ACTIVE 24, s.r.o.	provagratis.nu	1
Yelles AB	steves.nu	1
IONOS SE	GOOGLE	2
123-webserver.com	kempes.nu	1
Signet B.V.	listn.nu	1
Signet B.V.	invisiblebeugels.nu	1
Yelles AB	365247.nu	1
Iver Norge As	mail	1
thednscompany.com	dezevendehemel.nu	1
GOOGLE	CLOUDFLARENET	1
CLOUDFLARENET	vnc.nu	1
ACTIVE 24, s.r.o.	rogberg.nu	1
LeaseWeb Netherlands B.V.	parel.nu	1
introdns.hu	intromail.hu	1
CLOUDFLARENET	sparkapitalisten.nu	1
BIT BV	wilgenschutting.nu	1
Signet B.V.	goodstay.nu	1
No ACK Group Holding AB	ZOHO Corporation B.V	6
BIT BV	cloudweb.nu	1
CLDIN B.V.	suo-marte.nu	1
aftermarket.com	GOOGLE	1
mijndnsserver.nl	Tilaa B.V.	5
ipcom GmbH	teligo.net	1
designpro.nl	Enflow B.V.	1
DIGITALOCEAN-ASN	webstate.nl	1
Hetzner Online GmbH	idcreations.nu	1
Hetzner Online GmbH	puurjoy.nu	1
Yelles AB	liverattning.nu	1
hostigohub.nl	taxireserveren.nu	1
CJ2 Hosting B.V.	customsteelpartdesign.nu	1
ipcom GmbH	fnord.bayern	1
pgnet.fi	MICROSOFT-CORP-MSN-AS-BLOCK	3
ACTIVE 24, s.r.o.	maringrossisten.nu	1
linode.com	gilborne.nu	1
ne.jp	xxxx.nu	1
internl.net	MICROSOFT-CORP-MSN-AS-BLOCK	5
ACTIVE 24, s.r.o.	payeat.nu	1
CLOUDFLARENET	klass.nu	1
ACTIVE 24, s.r.o.	digitalcenter.nu	1
Yelles AB	topox.nu	1
amov.nu	MICROSOFT-CORP-MSN-AS-BLOCK	1
neostrada.nl	lifechanging.nu	1
One.com A/S	elektrischeboot.nu	1
ACTIVE 24, s.r.o.	tvshop.nu	1
Infopact Netwerkdiensten B.V.	woordeboek.nu	1
virtio.be	visionair.nu	1
Signet B.V.	manuka.nu	1
Yelles AB	engvall.nu	1
Yelles AB	nookytales.nu	1
Signet B.V.	awonen.nu	1
nethouse.it	nethouse.it	1
CLOUDFLARENET	meditationslabbet.nu	1
Signet B.V.	ivolution.nu	1
jth.net	goxgreen.nu	1
ACTIVE 24, s.r.o.	in-xtnd.nu	1
Xserver Inc.	li.nu	1
Signet B.V.	arianna.nu	1
ACTIVE 24, s.r.o.	guzziclub.nu	1
Yelles AB	halalcertifiering.nu	1
LeaseWeb Netherlands B.V.	thepowerbox.nu	1
ipcom GmbH	xn--stdfirmahelsingborg-hwb.nu	1
Yelles AB	fordania.nu	1
kerkveld.nl	MICROSOFT-CORP-MSN-AS-BLOCK	1
dvz-it.nl	vijvershop.nu	1
axc.nl	zondak.nu	1
ACTIVE 24, s.r.o.	paco.nu	1
GleSYS AB	dromgarden.nu	1
Yelles AB	middleearthconsulting.nu	1
bitweb21.com	adeco.nu	1
CLOUDFLARENET	jaik.nu	1
Signet B.V.	bluemonday.nu	1
nmugroup.se	APPLE-ENGINEERING	1
multitronic.fi	novafloor.fi	1
hostnet.nl	goudsmit.nu	1
ACTIVE 24, s.r.o.	vital.nu	1
GleSYS AB	jrw.nu	1
Signet B.V.	straight.nu	1
Yelles AB	hittajurist.nu	1
exsilia.net	masav.eu	2
Signet B.V.	supplyshop.nu	1
ppse.net	duurzameluchtvaart.nu	1
CLOUDFLARENET	beads.nu	1
datismijn.com	ltsolutions.nu	1
ACTIVE 24, s.r.o.	sannastorm.nu	1
mijndnsserver.nl	houtwormbestrijden.nu	1
H4Hosting BV	flevoict.nu	1
Miss Hosting AB	vipservice.nu	1
Contabo GmbH	MICROSOFT-CORP-MSN-AS-BLOCK	2
CLDIN B.V.	aardehuis.nu	1
ns14.net	OVH SAS	3
loopia.se	z00.nu	1
CLOUDFLARENET	creditcards.nu	1
CLDIN B.V.	langerthuiswonen.nu	1
LEASEWEB-USA-SFO	153.131	1
LIQUIDWEB	siegert.nu	1
nearlyfreespeech.net	GOOGLE	1
Yelles AB	xn--r-1fa.nu	1
ACTIVE 24, s.r.o.	murochputsab.nu	1
CLDIN B.V.	uitzendbureaustarten.nu	1
OVH SAS	spiegellassen.nu	1
CLOUDFLARENET	banduri.nu	1
CLOUDFLARENET	ne.jp	3
kpn.net	AMAZON-02	2
LIQUIDWEB	pellasx.nu	1
MICROSOFT-CORP-MSN-AS-BLOCK	bon.nu	1
ACTIVE 24, s.r.o.	thorson.nu	1
triuvare-webhosting.fi	dermoshop.fi	1
CLDIN B.V.	kotugsmit.nu	1
CLOUDFLARENET	mattiasaxell.nu	1
Signet B.V.	weddingphotography.nu	1
digizaal.net	MICROSOFT-CORP-MSN-AS-BLOCK	1
dataspecialisten.dk	MICROSOFT-CORP-MSN-AS-BLOCK	2
Signet B.V.	tippr.nu	1
Netnod AB	hitnet.nu	1
Signet B.V.	universe.nu	1
CLOUDFLARENET	msv1.invalid	2
Signet B.V.	weredi.nu	1
ACTIVE 24, s.r.o.	eneborg.nu	1
digi-d.nl	swaagman.nu	1
DIGITALOCEAN-ASN	irongym.nu	1
The Internet Engineering Group B.V.	afvallenopmaat.nu	1
IONOS SE	stiv.nu	1
sohosted47.com	bis-is.nu	1
Signet B.V.	versnellen.nu	1
Signet B.V.	imdv.nu	1
ODERLAND Webbhotell AB	kasse.nu	1
hostens.com	total-renovering.nu	1
doteasy.com	GOOGLE	1
CLOUDFLARENET	beronius.nu	1
Yelles AB	bonuskort.nu	1
Miss Hosting AB	thalamus.nu	1
Signet B.V.	saunakoning.nu	1
CLDIN B.V.	zeist.nu	1
Yelles AB	xn--kasinopntet-s8al.nu	1
NSONE	Cloudflare London, LLC	3
DIGITALOCEAN-ASN	okkie.nu	1
CLOUDFLARENET	smadjursveterinaren.nu	1
We Dare B.V.	magnumopus.nu	1
team.blue Denmark A/S	autofamily.nu	1
team.blue Denmark A/S	cloudapps.nu	1
cloud86.nl	inbeeld.nu	1
online4u.no	pphosted.com	1
oderland.com	allakreditkort.nu	1
cloud86.nl	misterjones.nu	1
maxdns.nl	0	1
team.blue Denmark A/S	nystart.nu	1
Signet B.V.	stnet.nu	1
ACTIVE 24, s.r.o.	javisst.nu	1
Signet B.V.	wakkr.nu	1
oderland.com	hittaarkitekt.nu	1
Yelles AB	devallius.nu	1
hostmij.nu	stellinga.nu	1
Yelles AB	forgingthefuture.nu	1
CLDIN B.V.	powergel.nu	1
DIGITALOCEAN-ASN	oermelk.nu	1
NSONE	x-ion GmbH	1
chosting.dk	alkoholbevilling.nu	1
loopia.se	wippie.se	1
Signet B.V.	dwaas.nu	1
one.com	Tele2 SWIPnet	1
OVH SAS	healthimpact.nu	1
NUCDN	multimate.nu	1
hemhosting.se	valeryd.nu	1
ACTIVE 24, s.r.o.	casualgames.nu	1
DIGITALOCEAN-ASN	dienstbaar.nu	1
Telia Company AB	msv1.invalid	2
ACTIVE 24, s.r.o.	dualaction.nu	1
CLOUDFLARENET	parviainen.nu	1
mvm-oyitokapy1.nl	kristalglas.nu	1
DIGITALOCEAN-ASN	loyasoft.nl	1
webruimtehosting.nl	noordman.nu	1
ACTIVE 24, s.r.o.	hemkunskap.nu	1
ports.se	AMAZON-02	1
Signet B.V.	foodyx.nu	1
GleSYS AB	winnberg.nu	1
Signet B.V.	vanwinden.nu	1
loopia.se	alexis.nu	1
LIQUIDWEB	solf.nu	1
ACTIVE 24, s.r.o.	team.blue Denmark A/S	1
The Internet Engineering Group B.V.	ingeborgsmal.nu	1
Signet B.V.	koepellux.nu	1
Signet B.V.	verantwoording.nu	1
CLOUDFLARENET	am05.eu	1
One.com A/S	levenswijs.nu	1
Signet B.V.	browser.nu	1
CLOUDFLARENET	forwardmx.net	1
Uniserver Internet B.V.	jdb.nu	1
ACTIVE 24, s.r.o.	vigilia.nu	1
bme.be	oerik.nu	1
CLOUDFLARENET	daemonicus.nu	1
zonedns.net	GleSYS AB	4
iclicks.nl	keramischetegels.nu	1
dn-s.nl	hr-tools.nu	1
Signet B.V.	fietse.nu	1
GleSYS AB	metamera.nu	1
vservs.com	craniosacraaltherapie.nu	1
dn-s.nl	deromeingroep.nu	1
Previder B.V.	loodsen.nu	1
internl.net	amco.nu	1
Yelles AB	grennard.nu	1
addpro.se	MICROSOFT-CORP-MSN-AS-BLOCK	3
controlpanel.si	GOOGLE	1
ACTIVE 24, s.r.o.	norell.nu	1
Yelles AB	holmbergs.nu	1
axc.nl	wifirepeater.nu	1
Miss Hosting AB	lamigras.nu	1
CLOUDFLARENET	burpees.nu	1
deepmedia.nl	warmerdam.nu	1
Elisa Oyj	kolumbus.fi	3
Signet B.V.	verteljeverhaal.nu	1
CLOUDFLARENET	cloudnet.nu	1
chosting.dk	dietrich.nu	1
Serverius Holding B.V.	UpCloud Ltd	1
Cygrids Communications AB	it-strategi.nu	1
Signet B.V.	Combell NV	1
ipower.com	21c.nu	1
CLOUDFLARENET	spacemail.com	2
team.blue Denmark A/S	designskole.nu	1
LIQUIDWEB	xn--bjrklund-o4a.nu	1
SavMAN AB	jsc.nu	2
oderland.com	ilog.nu	1
Signet B.V.	lets-grow.nu	1
Cloud DNS Ltd	dla.nl	1
CLOUDFLARENET	Tele2 SWIPnet	6
CLOUDFLARENET	iemt.nu	1
ACTIVE 24, s.r.o.	hellokitty.nu	1
LIQUIDWEB	av.nu	1
CLOUDFLARENET	openthebox.nu	1
GOOGLE	theswan.nu	1
Yelles AB	outask.nu	1
One.com A/S	rsb.nu	1
ACTIVE 24, s.r.o.	receptbok.nu	1
ACTIVE 24, s.r.o.	sakerhandel.nu	1
ACTIVE 24, s.r.o.	bokverket.nu	1
Yelles AB	stadforetag.nu	1
axc.nl	mailprotect.be	1
caveo.nl	GOOGLE	3
Yelles AB	motorfritid.nu	1
One.com A/S	socialevents.nu	1
GleSYS AB	myfriends.nu	1
itgarden.se	Nordisk Media Utveckling AB	2
ACTIVE 24, s.r.o.	trik.nu	1
domeinstad.nl	deelfiets.nu	1
CLOUDFLARENET	atdt.se	2
siteprotect.com	hostcity.nl	1
ACTIVE 24, s.r.o.	classe.nu	1
Signet B.V.	flirtje.nu	1
ACTIVE 24, s.r.o.	wettermark.nu	1
Yelles AB	xn--casinopntet-s8al.nu	1
mangelot-hosting.nl	dissonant.nu	1
oscin.nl	domeinnaam-registreren.nu	1
Net-Build GmbH	ultimateyoung.nu	1
ACTIVE 24, s.r.o.	troj.nu	1
NetActuate, Inc	APPLE-ENGINEERING	1
ACTIVE 24, s.r.o.	bundis.nu	1
shockmedia.nl	finc.nu	1
hostnet.nl	bewegwijzering.nu	1
Miss Hosting AB	unik.nu	1
evers-automatisering.nl	ikoon.nu	1
vessinge.se	Telenor Sverige AB	4
ACTIVE 24, s.r.o.	Tutao GmbH	2
Signet B.V.	bethyeshua.nu	1
Signet B.V.	tuinmachines.nu	1
increo.com	GOOGLE	1
Signet B.V.	bsca.nu	1
team.blue Denmark A/S	nrplade.nu	1
Signet B.V.	trainers.nu	1
hostnet.nl	femboy.nu	1
Yelles AB	xn--upphmtning-t5a.nu	1
cloud86.nl	stutterheim.nu	1
Yelles AB	leiferiksson.nu	1
Yelles AB	fiona.nu	1
oranum.com	oranum.nu	1
ACTIVE 24, s.r.o.	labaguette.nu	1
Signet B.V.	vertaalbureau-urgent.nu	1
ACTIVE 24, s.r.o.	lucom.nu	1
intermaxgroup.com	intermaxgroup.com	1
Signet B.V.	touchpoint.nu	1
Yelles AB	bettingsidor.nu	1
jsk-hosting.nl	oke.nu	1
sitebytes.nl	sitebytes.nl	2
wetternet.net	wetternet.se	1
CLDIN B.V.	basic-fit.nu	1
ACTIVE 24, s.r.o.	hawkeyes.nu	1
Bahnhof AB	nnmh.nu	1
DIGICERT	dyniq.com	1
LIQUIDWEB	imelda.nu	1
Signet B.V.	brainworks.nu	1
loopia.se	permats.nu	1
Cygrids Communications AB	nilla.nu	1
Signet B.V.	obiobio.nu	1
CLOUDFLARENET	almighty.nu	1
team.blue Denmark A/S	yeetta.net	1
driftkund.se	a3mail.se	2
perixon.net	perixon.net	1
ipcom GmbH	barnkalasstockholm.nu	1
interxl.com	MICROSOFT-CORP-MSN-AS-BLOCK	1
oderland.com	hockey-vm.nu	1
prevent-it.nl	MICROSOFT-CORP-MSN-AS-BLOCK	1
loopia.se	112.246	1
GANDI SAS	onsnetwerk.nu	1
CLDIN B.V.	onlineresultaat.nu	1
datarad.se	CLOUDFLARENET	2
Signet B.V.	calco.nu	1
cloud86.nl	wageningen.nu	1
TDC Holding A/S	opfind.nu	1
One.com A/S	vanophuizen.nu	1
Yelles AB	silverstaden.nu	1
direkte.no	xn--sk-lka.nu	1
CLOUDFLARENET	mingpalace.nu	1
Signet B.V.	bodemenergie.nu	1
CLDIN B.V.	zuidlaren.nu	1
NUCDN	noxbedding.nu	1
Yelles AB	bastacasinobonus.nu	1
One.com A/S	opruimcoachutrecht.nu	1
Signet B.V.	tastytomatoes.nu	1
LIQUIDWEB	niuefestival.nu	1
binele.it	hzhv.nu	1
data-center.com	data-center.com	1
ACTIVE 24, s.r.o.	ronnebybruk.nu	1
linode.com	Signet B.V.	1
edomains.com	azl.nu	1
vestnet.se	nossebro.nu	1
The Internet Engineering Group B.V.	autoboxtehuur.nu	1
ODERLAND Webbhotell AB	exaktacreative.nu	1
ispnoc.eu	zanna.nu	1
ACTIVE 24, s.r.o.	upptagenhet.nu	1
Signet B.V.	dressyourparents.nu	1
Duocast B.V.	rieofferte.nu	1
batverkstad.nu	batverkstad.nu	1
CLOUDFLARENET	grootschieland.nu	1
whats-it.cloud	MICROSOFT-CORP-MSN-AS-BLOCK	1
gullestrupnet.dk	gullestrupnet.dk	4
Signet B.V.	dnzb.nu	1
CLOUDFLARENET	probaat.nu	1
LIQUIDWEB	triplesigma.nu	1
team.blue Denmark A/S	hokus-pokus.nu	1
Yelles AB	tradgardsrundan.nu	1
Signet B.V.	kleuterwereld.nu	1
kniestdns2.nl	doogee.nu	1
GleSYS AB	lotsar.nu	1
ACTIVE 24, s.r.o.	oddsbonuser.nu	1
ACTIVE 24, s.r.o.	jennyberggren.nu	1
ACTIVE 24, s.r.o.	ivy.nu	1
Signet B.V.	digitaal.nu	1
ACTIVE 24, s.r.o.	alwaysinmotion.nu	1
TrueFullstaq B.V.	biddinghuizen.nu	1
hostnet.nl	belinked.nu	1
Yelles AB	spp.nu	1
Signet B.V.	groenerleven.nu	1
CLOUDFLARENET	sysplatform.nl	6
web-solutions.dk	SECURITYSERVICES	1
Fundaments B.V.	streetviewtrusted.nu	1
Cygrids Communications AB	xn--pilgrimsvgen-ocb.nu	1
CLDIN B.V.	rijinstructeur.nu	1
ACTIVE 24, s.r.o.	borsdata.nu	1
LIQUIDWEB	farley.nu	1
Yelles AB	jultomten.nu	1
Yelles AB	v-data.nu	1
datarad.se	datarad.net	1
CLDIN B.V.	dams.nu	1
ACTIVE 24, s.r.o.	xn--jrfllatrafikskola-qqbc.nu	1
Yelles AB	stayup.nu	1
CLDIN B.V.	zongemak.nu	1
DIGITALOCEAN-ASN	stralend.nu	1
One.com A/S	mankracht.nu	1
ACTIVE 24, s.r.o.	qred.nu	1
AMAZON-02	thenewstory.nu	1
GleSYS AB	auktionen.nu	1
LIQUIDWEB	rollspel.nu	1
westbahr.net	pwg.nu	1
team.blue Denmark A/S	raptorservices.nu	1
One.com A/S	vroeger.nu	1
hostnet.nl	DIGITALOCEAN-ASN	2
SECURITYSERVICES	erin.nu	1
veenstrait.nl	mijn.host B.V.	1
webhostingserver.nl	sollicitatietraining.nu	1
Yelles AB	wikillander.nu	1
loopia.se	crossnet.se	1
xertog.com	wphosting.nu	1
hypernode.com	Combell NV	3
uberns.com	mailchannels.net	2
Cygrids Communications AB	kulingen.nu	1
dn-s.nl	viedomecommunity.nu	1
oderland.com	segp.nu	1
axc.nl	greenoffices.nu	1
loopia.se	unitech.se	1
CLOUDFLARENET	himmelfjall.nu	1
oderland.com	surf.nu	1
mijndnsserver.nl	jaapbetsema.nu	1
GleSYS AB	hedberg.nu	1
Proxsys B.v.	MICROSOFT-CORP-MSN-AS-BLOCK	2
Yelles AB	mogren.nu	1
Signet B.V.	sjonnie.nu	1
Stichting DIGI NL	libidoboost.nu	1
OVH SAS	beotank.nu	1
first-ns.de	nwsrv.de	1
123-dediserver106.biz	aroundthecorner.nu	1
kx.nu	kx.nu	1
soko.nl	Cyso Group B.V.	3
localhosting.info	verhuisbedrijf.nu	1
neostrada.nl	strandhuizen.nu	1
dastexdata.com	vangog.nu	1
AMAZON-02	Delta HighTech Ltd.	4
ACTIVE 24, s.r.o.	billdal.nu	1
hostgator.com	sailormoon.nu	1
InfraCom Managed Services AB	MICROSOFT-CORP-MSN-AS-BLOCK	5
linovate.de	linovate.de	1
Signet B.V.	arbeidsrecht.nu	1
IP Visie Networking B.V.	foodlife.nu	1
nordic.hosting	lakd.nu	1
One.com A/S	keepmovingforward.nu	1
Hydra Communications Ltd	werkstoel.nu	1
Sweroam AB	sweroam.se	3
Yelles AB	truenature.nu	1
hix.nl	horecamakelaar.nu	1
ACTIVE 24, s.r.o.	infotech.nu	1
one.com	dja.be	1
Miss Hosting AB	solh.nu	1
neostrada.nl	ibnl.nu	1
ACTIVE 24, s.r.o.	berlins.nu	1
Signet B.V.	lawperfect.nu	1
ifastnet.com	immunizex.nu	1
incabus.net	nwi.se	1
Signet B.V.	nummer1.nu	1
Miss Hosting AB	idols.nu	1
Hetzner Online GmbH	svenskerotik.nu	1
Yelles AB	niwa.nu	1
Signet B.V.	in-beeld.nu	1
ACTIVE 24, s.r.o.	park.nu	1
LIQUIDWEB	lit.nu	1
Infopact Netwerkdiensten B.V.	casatranquila.nu	1
bureau-daan.nl	hoogvliegers.nu	1
Yelles AB	fordmustang.nu	1
dn-s.nl	partycharters.nu	1
CLDIN B.V.	sygnus.nu	1
huizinga.nl	MICROSOFT-CORP-MSN-AS-BLOCK	1
Previder B.V.	idefender.nl	1
ACTIVE 24, s.r.o.	bjorling.nu	1
Signet B.V.	auto-abonnement.nu	1
CLOUDFLARENET	Bastiaan Mathijs Brink	1
Signet B.V.	sociaalrechts.nu	1
Cyso Group B.V.	isnoke.nu	1
ports.se	cis.nu	1
Yelles AB	byggnadsstallning.nu	1
Yelles AB	RACKSPACE	1
LeaseWeb Netherlands B.V.	yuno.nu	1
Communications Security Net B.V.	hollandsehypotheken.nu	1
ACTIVE 24, s.r.o.	adcom.nu	1
CLOUDFLARENET	3wmedia.email	1
Signet B.V.	barendrecht.nu	1
ACTIVE 24, s.r.o.	lowgren.nu	1
DIGITALOCEAN-ASN	comfortabel-wonen.nu	1
Signet B.V.	dehoutboer.nu	1
Yelles AB	magnuspersson.nu	1
ACTIVE 24, s.r.o.	dragkrokskungen.nu	1
one.com	mailchannels.net	1
Solcon Internetdiensten B.V.	MICROSOFT-CORP-MSN-AS-BLOCK	2
CLOUDFLARENET	rosvik.nu	1
ACTIVE 24, s.r.o.	celsing.nu	1
Signet B.V.	scannenenherkennen.nu	1
aname.net	STABLEHOST	4
Signet B.V.	w-a.nl	1
Signet B.V.	simplyarchimate.nu	1
CLDIN B.V.	bo-mij.nu	1
fenrirmedia.se	amig.nu	1
co.uk	haremajesteit.nu	1
kpn.net	itmaturitytransformation.nu	1
Signet B.V.	nannu.nu	1
Yelles AB	busat.nu	1
Signet B.V.	djbooth.nu	1
Signet B.V.	pay-inc.nu	1
Signet B.V.	supercasinobonus.nu	1
CLOUDFLARENET	hostedemail.com	3
CLOUDFLARENET	erfgenamenonderzoek.nu	1
GleSYS AB	anonaddy.me	1
CLOUDFLARENET	drones.nu	1
netx.se	falco.nu	1
sectigoweb.com	mx.microsoft	1
one.com	rackhosting.com	1
itgarden.se	consafelogistics.com	1
NSONE	Loopia AB	3
websitexl.com	retry.nu	1
AS-VULTR	laetus.nu	1
CLOUDFLARENET	transparent-hosting.eu	1
ACTIVE 24, s.r.o.	lpn.nu	1
Hetzner Online GmbH	inspiratiebron.nu	1
ACTIVE 24, s.r.o.	norrlandsviltochbar.nu	1
kwaaijongens.eu	kwaaijongens.nl	4
CLOUDFLARENET	terra-nostra.nu	1
Yelles AB	grafikgruppen.nu	1
ACTIVE 24, s.r.o.	ohberg.nu	1
ipcom GmbH	Nordisk Media Utveckling AB	1
CLOUDFLARENET	kiesneutraal.nu	1
Signet B.V.	netfocus.nl	1
Yelles AB	vill.nu	1
Hostek AB	smallcap.nu	1
CLOUDFLARENET	fonsterfabriken.nu	1
cloud86.nl	montara.nu	1
Hetzner Online GmbH	goodbusy.nu	1
CORESPACE-DAL	rolver.nu	1
ODERLAND Webbhotell AB	etablera.nu	1
Yelles AB	bilmattor.nu	1
NETWORK-SOLUTIONS-HOSTING	request.nu	1
Yelles AB	theweb.nu	1
AMAZON-02	QUICKPACKET	6
Bahnhof AB	trucken.nu	1
NUCDN	trendmicro.eu	2
ACTIVE 24, s.r.o.	sportsinternational.nu	1
CLOUDFLARENET	verander.nu	1
bbactive.eu	bbactive.eu	1
ACTIVE 24, s.r.o.	alpacas.nu	1
vBoxx B.V.	scanmail.nl	1
Hetzner Online GmbH	muziekles.nu	1
Signet B.V.	heldertelecom.nu	1
iptwins.com	iptwins.com	1
NSONE	team.blue Denmark A/S	1
thednscompany.com	finishstrong.nu	1
ACTIVE 24, s.r.o.	slappar.nu	1
neostrada.nl	langerveiligthuis.nu	1
Yelles AB	voorbeeldzinnen.nu	1
oderland.com	kollmorgen.nu	1
ACTIVE 24, s.r.o.	wingedbull.nu	1
ports.se	yfd.nu	1
CLOUDFLARENET	ssbtk.nu	1
motics.it	MICROSOFT-CORP-MSN-AS-BLOCK	3
Signet B.V.	kabelsopmaat.nu	1
serviceprovider.nl	MICROSOFT-CORP-MSN-AS-BLOCK	3
LIQUIDWEB	benidorm.nu	1
ACTIVE 24, s.r.o.	flensbygden.nu	1
CLDIN B.V.	rottger.nu	1
sdns0.nl	licenties.nu	1
team.blue Denmark A/S	danskhvidevareteknik.nu	1
DIGITALOCEAN-ASN	ictdhb.nu	1
SECURITYSERVICES	Bahnhof AB	1
markmonitor.com	zipalerts.sucks	1
CLOUDFLARENET	dediepte.nu	1
ACTIVE 24, s.r.o.	liljeroth.nu	1
ACTIVE 24, s.r.o.	xn--teckensprkstolk-plb.nu	1
naamservert.nl	pponline.nu	1
soundcast.net	startje.nu	1
ACTIVE 24, s.r.o.	xn--pooltckning-p8a.nu	1
dnssrv.nl	immenscontractmanagement.nu	1
Signet B.V.	truckrecovery.nu	1
Signet B.V.	jeroent.net	1
CLOUDFLARENET	nevat.nu	1
mijn.host	oogdruppelsonline.nu	1
Signet B.V.	yourict.nu	1
CLOUDFLARENET	madebydirk.com	1
Cloud DNS Ltd	vormgvrs.nu	1
Yelles AB	percepto.nu	1
AMAZON-02	zapzap.nu	1
Signet B.V.	crypton.nl	1
ACTIVE 24, s.r.o.	valet.nu	1
Yelles AB	jante.nu	1
Telenor Norge AS	proaudio.nu	1
Combell NV	vitoblue.nu	1
Signet B.V.	nbx.nu	1
Yelles AB	brian.nu	1
cloud86.nl	dental-artist.nu	1
CLOUDFLARENET	backstube.nu	1
Yelles AB	seeder.nu	1
privatehost.nl	privatehost.nl	2
Telia Company AB	neonex.se	3
lukratief.net	ik2.com	1
CLOUDFLARENET	julklappsspelet.nu	1
team.blue Denmark A/S	mx.microsoft	3
dn-s.nl	drukdrukdruk.nu	1
Vivor B.V.	natuurinclusiefbouwen.nu	1
DIGITALOCEAN-ASN	pieter.nu	1
webmix.nl	profect.nu	1
Signet B.V.	buurtaed.nu	1
ACTIVE 24, s.r.o.	webbpost.se	3
DIGITALOCEAN-ASN	samma.nu	1
Yelles AB	e1337.nu	1
Telia Company AB	wirehus.nu	1
DIGITALOCEAN-ASN	chocola.nu	1
Cyso Group B.V.	GOOGLE	1
Signet B.V.	ipg.nu	1
LeaseWeb Netherlands B.V.	programeur.nu	1
Telia Company AB	alstrom.nu	1
One.com A/S	jou.nu	1
Yelles AB	attach3d.nu	1
raqxs.eu	sideout.nu	1
One.com A/S	Tutao GmbH	2
CLOUDFLARENET	rotsindebranding.nu	1
LEVEL3	fyndet.nu	1
GOOGLE	scholieren.com	3
CLOUDFLARENET	streetart.nu	1
wpsyd.com	whitebear.se	1
hosttech.at	xn--tda.nu	1
ACTIVE 24, s.r.o.	linaarvidsson.nu	1
Signet B.V.	dafshop.nu	1
axc.nl	koscon.nu	1
LIQUIDWEB	hud.nu	1
Signet B.V.	gfm.nu	1
budgetextremeserver.nl	waterproof.nu	1
AS-VULTR	oryon.nu	1
GleSYS AB	skylift.nu	1
Signet B.V.	bouwvak.nu	1
ACTIVE 24, s.r.o.	yxa.nu	1
loopia.se	SECURITYSERVICES	1
cloud86.nl	demas.nu	1
DIGITALOCEAN-ASN	paintball.nu	1
Signet B.V.	testenoplocatie.nu	1
inlink.ee	inlink.eu	1
datanode.se	datanode.se	1
SECURITYSERVICES	qos.se	1
Miss Hosting AB	CLOUDFLARENET	1
Yelles AB	elektronik.nu	1
ACTIVE 24, s.r.o.	axeljohansson.nu	1
OVH SAS	Proton AG	1
CLOUDFLARENET	mtaroutes.com	2
Signet B.V.	apk.nu	1
ACTIVE 24, s.r.o.	nosis.nu	1
Yelles AB	teknoteam.nu	1
Akamai International B.V.	novartis.ch	1
CLOUDFLARENET	uri.nu	1
Gotalandsnatet AB	MICROSOFT-CORP-MSN-AS-BLOCK	2
webruimtehosting.nl	ques.nu	1
LIQUIDWEB	fjell.nu	1
CLOUDFLARENET	check-mijn-website.nu	1
haveabyte.eu	GOOGLE	1
team.blue Denmark A/S	nuuk.nu	1
Signet B.V.	projectcontrolonline.nu	1
2mnordic.com	korsordslexikon.nu	1
LIQUIDWEB	Cloudflare London, LLC	1
Signet B.V.	bredabrengthetsamen.nu	1
loopia.se	stadstradgarden.nu	1
sohosted36.com	GOOGLE	1
Yelles AB	dackhotell.nu	1
dn-s.nl	ikclaim.nu	1
neostrada.nl	alumark.nu	1
ACTIVE 24, s.r.o.	strivenutrition.nu	1
Yelles AB	noidea.nu	1
ACTIVE 24, s.r.o.	hemmaplan.nu	1
CORESPACE-DAL	qvinnor.nu	1
Yelles AB	sreb.nu	1
ACTIVE 24, s.r.o.	alexandraberggren.nu	1
resurs.com	Nordisk Media Utveckling AB	4
BIT BV	beginme.nu	1
Signet B.V.	womeninbusiness.nu	1
aname.net	fsdata.nu	1
BIT BV	floorprotect.nu	1
robiz-hosting.nl	panhuijsen.nu	1
CLOUDFLARENET	mailprotect.be	1
team.blue Denmark A/S	lejeboliger.nu	1
Yelles AB	travsidan.nu	1
Signet B.V.	zervos.nu	1
One.com A/S	rondjeoverijssel.nu	1
Signet B.V.	longcovidnederland.nu	1
loopia.se	ddns.net	1
garbaek.it	mariesommer.nu	1
SECURITYSERVICES	Safenames Ltd.	2
Yelles AB	upphamtning.nu	1
randy.nu	GOOGLE	2
korridor.se	korridor.se	2
oderland.com	energilagring.nu	1
LIQUIDWEB	andas.nu	1
oderland.com	ingatorp.nu	1
CLOUDFLARENET	cast.nu	1
magical.nu	magical.nu	1
Signet B.V.	prompts.nu	1
CLOUDFLARENET	hookmeup.nu	1
Signet B.V.	heerema.net	1
dn-s.nl	martens.nu	1
LIQUIDWEB	marx.nu	1
ports.se	iphmx.com	2
thednscompany.com	stipt.nu	1
OVH SAS	divinewebdesign.nu	1
hostmywebsite.nl	MICROSOFT-CORP-MSN-AS-BLOCK	1
adx-server.com	MICROSOFT-CORP-MSN-AS-BLOCK	1
Host Europe GmbH	kay.nu	1
ANEXIA Internetdienstleistungs GmbH	sanapharma.org	1
Teleservice Bredband Skane AB	sydantenn.net	2
BIT BV	amdesign.nu	1
ORACLE-BMC-31898	RACKSPACE	1
Stichting DIGI NL	privechauffeur.nu	1
Yelles AB	mv.nu	1
OVH SAS	socialart.nu	1
Yelles AB	kof.nu	1
ipcom GmbH	tcspost.nl	2
cloud86.nl	startmediation.nu	1
CLOUDFLARENET	integer.nu	1
ACTIVE 24, s.r.o.	levelyouup.nu	1
2is.nl	GOOGLE	1
CLOUDFLARENET	liedberg.nu	1
telecomx.dk	MICROSOFT-CORP-MSN-AS-BLOCK	1
Bahnhof AB	energiexpertissverige.nu	1
CLOUDFLARENET	smartpassage.nu	1
Hetzner Online GmbH	gott.nu	1
team.blue Denmark A/S	GOOGLE-CLOUD-PLATFORM	1
axc.nl	procam.nu	1
pronation-it.nl	ict-scan.nu	1
hostnet.nl	23M GmbH	1
axc.nl	maanstra.nu	1
dn-s.nl	ketelaar.nu	1
vivor.net	vivor.nu	1
Yelles AB	badet.nu	1
One.com A/S	CLOUDFLARENET	2
DIMENOC	kennemerland.nu	1
astonic.eu	overschrijven.nu	1
ACTIVE 24, s.r.o.	automatisera.nu	1
tail.jp	tail.net	1
nobis-it.nl	nobis-it.nl	1
Yelles AB	flyta.nu	1
SavMAN AB	jschosting.se	4
Duocast B.V.	klavertjevier.nu	1
ACTIVE 24, s.r.o.	communityx.nu	1
CLOUDFLARENET	ad-group.dk	1
DIGITALOCEAN-ASN	hetwieg.nu	1
CLOUDFLARENET	zekerweten.nu	1
DIGITALOCEAN-ASN	verkuil.nu	1
neostrada.nl	erma.nu	1
Signet B.V.	back-site.nl	1
mydns.jp	rlki.nu	1
neutech.com	neutech.fi	1
Hetzner Online GmbH	xn--fdsel-vua.nu	1
hostnet.nl	proteine.nu	1
Host Europe GmbH	molokai.nu	1
Bahnhof AB	tungrivning.nu	1
Yelles AB	fusk.nu	1
mijndnsserver.nl	b-ware.com	1
ACTIVE 24, s.r.o.	toppbetyg.nu	1
cewebhosting.nl	b-young.nu	1
2makeitwork.nl	blincschoon.nu	1
broadmail.de	srv2.de	3
CLOUDFLARENET	kwalimax.nu	1
ACTIVE 24, s.r.o.	schutzer.nu	1
axc.nl	tekton.nu	1
Signet B.V.	didier.nu	1
Stichting DIGI NL	slimmemasten.nu	1
extremedatacenter.com	extremedatacenter.com	2
CLOUDFLARENET	elitelabs.nl	1
DIGITALOCEAN-ASN	nana.nu	1
Vivor B.V.	njd.nu	1
cms.se	GOOGLE	1
ACTIVE 24, s.r.o.	urverket.nu	1
Hetzner Online GmbH	GOOGLE-CLOUD-PLATFORM	1
DIGITALOCEAN-ASN	merksplas.nu	1
Accenture B. V.	hierinloggen.nl	2
agrar.nu	tractorpower.nu	1
ports.se	xn--sdralvstranden-8hb8z.nu	1
dn-s.nl	nspired.nu	1
LIQUIDWEB	runbase.nu	1
DIGITALOCEAN-ASN	geldverdienenonline.nu	1
Yelles AB	elbilar.nu	1
DIGICERT	Loopia AB	13
Yelles AB	airsofttech.nu	1
ACTIVE 24, s.r.o.	norback.nu	1
CLOUDFLARENET	byggfirma.nu	1
ACTIVE 24, s.r.o.	harstena.nu	1
webhotel24.se	primail.nu	1
dn-s.nl	prezent.nl	2
sonicserver.nl	socialmediatools.nu	1
Yelles AB	after-work.nu	1
mijndnsserver.nl	CLDIN B.V.	2
CLOUDFLARENET	bozg.se	1
glende.se	goodhair.nu	1
CLOUDFLARENET	almexx.nl	2
semaphor.dk	semaphor.dk	1
fornex.com	sevastopol.nu	1
ipcom GmbH	letsbrand.com	1
Yelles AB	airsoftspel.nu	1
sohosted3.com	CLDIN B.V.	1
nl-ict.net	contronics.nu	1
Signet B.V.	thinkcar.nu	1
ACTIVE 24, s.r.o.	sincity.nu	1
hosted.nl	GOOGLE	3
CLOUDFLARENET	linushultgren.nu	1
Yelles AB	lowenthal.nu	1
CLOUDFLARENET	winkcashmere.nu	1
Hetzner Online GmbH	fjr.nu	1
hyp.net	probo.nu	1
increo.com	netthus.no	2
ochnu.com	taxihelsingborg.nu	1
CLOUDFLARENET	rustad.nu	1
Signet B.V.	werkenmetai.nu	1
mivocloud.com	xn--lngdskidor-q5a.nu	1
Signet B.V.	allesvoorjekind.nu	1
neostrada.nl	city.nu	1
loopia.se	ODERLAND Webbhotell AB	3
dynamichosting.se	MICROSOFT-CORP-MSN-AS-BLOCK	1
CLDIN B.V.	lewis.nu	1
DIGITALOCEAN-ASN	vandenhoogen.nu	1
Yelles AB	bokaidag.nu	1
CLOUDFLARENET	zeker-weten.nu	1
DIGITALOCEAN-ASN	vogg.nu	1
Signet B.V.	psychologischehulp.nu	1
apollodns.dk	TDC Holding A/S	3
cms.se	MICROSOFT-CORP-MSN-AS-BLOCK	2
Signet B.V.	scanscope.net	1
CLOUDFLARENET	andreasandersson.nu	1
Signet B.V.	energievanmorgen.nu	1
Hetzner Online GmbH	hertel.nu	1
internetdomainnameregistrar.org	Heinlein-Support GmbH	2
AMAZON-02	gastrogate.com	4
Stichting DIGI NL	Heinlein-Support GmbH	1
Fiber Operator B.V.	GOOGLE	4
linode.com	ekoby.nu	1
cloud86.nl	dassistant.nu	1
netsolidhosting.com	brils.nu	1
Signet B.V.	bolster.nu	1
Routit BV	MICROSOFT-CORP-MSN-AS-BLOCK	3
CLOUDFLARENET	bingoonline.nu	1
OVH SAS	elgato.nu	1
marty.se	rty.nu	1
Signet B.V.	fdj.nu	1
LeaseWeb Netherlands B.V.	farmingthefuture.nu	1
CLOUDFLARENET	kunststofkozijnen.nu	1
CLDIN B.V.	boerderijtekoop.nu	1
LEASEWEB-USA-SFO	huidadvies.nu	1
Yelles AB	stattin.nu	1
ne.jp	seraph.nu	1
Uniserver Internet B.V.	providex.nu	1
webhostingpremium.com	hittar.nu	1
ACTIVE 24, s.r.o.	lexby.nu	1
btdns.nl	pais.nu	1
neostrada.nl	schalke.nu	1
CLOUDFLARENET	dootall.com	1
CLDIN B.V.	kerstgeschenken.nu	1
ACTIVE 24, s.r.o.	fifh.nu	1
Miss Hosting AB	xn--mlarehaninge-tcb.nu	1
webhost.company	mx.microsoft	1
ITCONNECT Scandinavia AB	huseby.nu	1
webfixserver2.nl	CLOUDFLARENET	2
LIQUIDWEB	koenen.nu	1
latitud.net	GOOGLE	2
Infopact Netwerkdiensten B.V.	radbouduniversiteitnijmegen.nu	1
whmhosting.dk	anderberg.nu	1
CLOUDFLARENET	ministek.nu	1
websolid.be	eurofiscus.nu	1
ilait.se	CLOUDFLARENET	4
CLOUDFLARENET	ontdekschiedam.nu	1
hostfact.nl	hostfact.nu	1
mijndnsserver.nl	activation.nu	1
Signet B.V.	weercomfort.nu	1
ACTIVE 24, s.r.o.	tarnan.nu	1
com.br	GOOGLE	3
CLOUDFLARENET	dondominio.com	1
Signet B.V.	beeldendtrainen.nu	1
Bahnhof AB	vnk.nu	1
Yelles AB	njh.nu	1
Signet B.V.	verlanglijstje.nu	1
wk.se	mail	1
Signet B.V.	heerenmakelaars.nu	1
Signet B.V.	statuspage.nu	1
Yelles AB	bygganu.nu	1
team.blue Denmark A/S	msv1.invalid	5
CLOUDFLARENET	wonk.nu	1
srv29.com	smartpush.nu	1
Duocast B.V.	sex.nu	1
LIQUIDWEB	uberspace.de	1
CJ2 Hosting B.V.	escapegame.nu	1
MICROSOFT-CORP-MSN-AS-BLOCK	vergaderzalen.nu	1
CLOUDFLARENET	imeco.nl	1
loopia.se	scw-tem.cloud	1
Yelles AB	psabi.nu	1
Signet B.V.	toppersvantv.nu	1
Yelles AB	tomala.nu	1
Yelles AB	streamafilm.nu	1
GleSYS AB	belid.se	1
Cloud DNS Ltd	knipoog.nu	1
oderland.com	brfskogsglantan.nu	1
Signet B.V.	sikkingadvies.nu	1
ACTIVE 24, s.r.o.	mtaroutes.com	1
AS-VULTR	sendgrid.net	1
LIQUIDWEB	architects.nu	1
webhostingserver.nl	oostrum.nu	1
CLOUDFLARENET	sossen.nu	1
nxtlvl-it.nl	boxspringset.nu	1
DIGICERT	xn--skilsmssa-02a.nu	1
Cygrids Communications AB	kubik.nu	1
Signet B.V.	studiecentrumrechtspleging.nu	1
netzozeker.nl	trucktronic.nu	1
ipcom GmbH	STABLEHOST	1
steenkampict.nl	MICROSOFT-CORP-MSN-AS-BLOCK	3
hiwebab.se	GOOGLE	1
sectigoweb.com	koert.nu	1
LEVEL3	odense.nu	1
Signet B.V.	spoedteam.nu	1
Fiber Operator B.V.	paradesk.nl	3
loopia.se	hanehub.com	1
cloud86.nl	wiko.nu	1
NUCDN	softcom.dk	1
Telia Company AB	travsport.nu	1
LIQUIDWEB	praktijkbloei.nu	1
dn-s.nl	nunspeet.nu	1
dotserv.com	xn--grnlund-r1a.nu	1
ACTIVE 24, s.r.o.	mnstr.nu	1
ACTIVE 24, s.r.o.	ornebjar.nu	1
Yelles AB	casinonyheter.nu	1
srvnl.nl	joseph.nu	1
axc.nl	ugo.nu	1
cis-websolutions.nl	MICROSOFT-CORP-MSN-AS-BLOCK	2
Yelles AB	hoganas.nu	1
Yelles AB	xn--robotgrsklippare-1nb.nu	1
xentronix.nl	rapporteren.nu	1
GlobalConnect AB	etta.nu	1
GleSYS AB	creativesolutions.nu	1
Signet B.V.	energycontrolacademy.nu	1
Signet B.V.	huiskopenspanje.nu	1
ACTIVE 24, s.r.o.	familjenbergman.nu	1
CLOUDFLARENET	eykenburg.nu	1
hyp.net	kingsman.nu	1
dn-s.nl	kledingreparatie.nu	1
smallhold-hosting-8.nl	zwemvijvers.nu	1
AMAZON-02	smartemail.se	1
CLOUDFLARENET	ify.nu	1
Signet B.V.	digi-taal.nu	1
DIGITALOCEAN-ASN	sbrn.nu	1
cloudns.net	js-data.nu	1
mijndnsserver.nl	acteur.nu	1
cargo.site	rzone.de	1
i-aspect-infra.nl	vci.nu	1
ODERLAND Webbhotell AB	vihtavuori.nu	1
ACTIVE 24, s.r.o.	melander.nu	1
Uniserver Internet B.V.	alleswerkt.nu	1
Signet B.V.	prepaid.nu	1
phase8.net	co.uk	1
default.nu	default.nu	2
Signet B.V.	moveforward.nu	1
neostrada.nl	drivesafe.nu	1
Yelles AB	california.nu	1
Akamai Connected Cloud	GOOGLE	1
Yelles AB	as.nu	1
CLOUDFLARENET	painfreecream.nu	1
skarpodata.com	halogen.se	1
Yelles AB	dom.nu	1
dnsdata.be	myp.nu	1
Uniserver Internet B.V.	randomshit.nu	1
solidhosting.pro	casinonews.nu	1
ACTIVE 24, s.r.o.	intavira.nu	1
GleSYS AB	bengtsson.nu	1
livingdot.com	campion.nu	1
Signet B.V.	iip.nu	1
CLOUDFLARENET	sollentunabilskrot.nu	1
CLOUDFLARENET	zite.nl	2
CLOUDFLARENET	fjallen.nu	1
CLDIN B.V.	symfonia.nu	1
MICROSOFT-CORP-MSN-AS-BLOCK	le.nu	1
CLOUDFLARENET	plasmatreat.nu	1
CLOUDFLARENET	easy2date.nu	1
Yelles AB	xn--loungembler-xfb.nu	1
ACTIVE 24, s.r.o.	igemba.nu	1
google.com	extremeonly.com	1
Signet B.V.	at-ventures.nu	1
ACTIVE 24, s.r.o.	moja.nu	1
One.com A/S	bobschenkel.nu	1
CLOUDFLARENET	boxspring-leasen.nu	1
CLOUDFLARENET	speedfestival.se	1
Yelles AB	bmwstyling.nu	1
ORACLE-BMC-31898	Cloudflare London, LLC	1
team.blue Denmark A/S	virtualserver.nu	1
LIQUIDWEB	empoweringyou.nu	1
SECURITYSERVICES	volvo.se	3
ACTIVE 24, s.r.o.	esh.nu	1
dn-s.nl	digitaalcafe.nu	1
ACTIVE 24, s.r.o.	vidd.nu	1
Signet B.V.	huisartsnodig.nu	1
NetBase BV	MICROSOFT-CORP-MSN-AS-BLOCK	8
MICROSOFT-CORP-MSN-AS-BLOCK	vikingbuss.nu	1
GleSYS AB	stein.nu	1
ventiro.se	niborix.se	2
yourdnscentral.com	n-cloud.nl	1
netvlieshosting.nl	kitchentalent.nu	1
first-ns.de	buffet.nu	1
sector7.nu	sector7.nu	1
DIGITALOCEAN-ASN	debouwsteen.nu	1
CLOUDFLARENET	floristen.nu	1
ne.jp	ayu.nu	1
checkdomain.de	hey-car.nu	1
c4a.nl	remotebeheer.nu	1
CLOUDFLARENET	breaking.nu	1
LIQUIDWEB	ytterberg.nu	1
Signet B.V.	brandveiligondernemen.nu	1
dn-s.nl	kennedy.nu	1
veda.nu	Signet B.V.	1
Signet B.V.	referendum.nu	1
infania.net	infania.net	1
exonet.nl	Fundaments B.V.	1
Telenor Norge AS	presencia.nu	1
perf1.com	amercom.nl	1
CLOUDFLARENET	ev.nu	1
apollohosting.com	negron.nu	1
Host Europe GmbH	surl.nu	1
networkoperations.nl	navitas.nu	1
Yelles AB	konspiration.nu	1
chosting.dk	GOOGLE	2
Signet B.V.	baseweb.nl	2
GOOGLE	sante.nu	1
Signet B.V.	e-mobiliteit.nu	1
hostnet.nl	top10casino.nu	1
f5clouddns.com	sherwin.com	1
whitelabelsolutions.nl	be-splendour.nu	1
belastingdienst.nl	douane-cn.nl	1
hostmonster.com	varia.nu	1
LIQUIDWEB	casper.nu	1
OVH SAS	desiree.nu	1
ACTIVE 24, s.r.o.	reklamartiklar.nu	1
koneo.net	ZOHO Corporation B.V	1
NSONE	A2b Ip B.v.	1
GleSYS AB	gungner.nu	1
CLOUDFLARENET	nhost.nl	1
lbmedia.nl	maaltijdservice.nu	1
oderland.com	bowling.nu	1
Signet B.V.	frontbridge.com	1
samurajdata.se	samurajdata.se	2
linode.com	Cloudflare London, LLC	1
econcepts.nl	pro-motion.nu	1
Signet B.V.	margreet.nu	1
CLDIN B.V.	uitvaart-venray.nu	1
Yelles AB	aperio.nu	1
LIQUIDWEB	victor.nu	1
loopia.se	numerik.nu	1
DIGITALOCEAN-ASN	sex-shop.nu	1
windonet.nl	flendercentrum.nu	1
ACTIVE 24, s.r.o.	ideburenskola.nu	1
DIGITALOCEAN-ASN	missie.nu	1
one.com	shoparena.dk	1
oderland.com	banhmiday.nu	1
ACTIVE 24, s.r.o.	rund.nu	1
ipcom GmbH	trustedservices.nl	1
LIQUIDWEB	hallerna.nu	1
one.com	upnavigator.dk	2
mirva.io	markisuppsala.nu	1
LEVEL3	post.nu	1
DIGITALOCEAN-ASN	amarecare.nu	1
MICROSOFT-CORP-MSN-AS-BLOCK	nmu.nu	1
mijndnsserver.nl	spamhost.nl	1
ccountry.net	MICROSOFT-CORP-MSN-AS-BLOCK	1
dabox.se	linuxpower.nu	1
DIGITALOCEAN-ASN	tepas.nu	1
mijn.host	jelo.nu	1
egensajt.se	Proton AG	3
DIGITALOCEAN-ASN	politiek.nu	1
Signet B.V.	exporteer.nu	1
ACTIVE 24, s.r.o.	johanthorsson.nu	1
ACTIVE 24, s.r.o.	duma.nu	1
ipcom GmbH	topdns.com	1
CLOUDFLARENET	syntax.nu	1
NSONE	Signet B.V.	2
CLOUDFLARENET	inspirator.nu	1
ACTIVE 24, s.r.o.	kristinehamn.nu	1
one.com	gobler.net	1
ACTIVE 24, s.r.o.	flyxe.nu	1
LIQUIDWEB	coen.nu	1
Signet B.V.	sexjobs.nu	1
Cygrids Communications AB	malmosaluhall.nu	1
Yelles AB	satellitedish.nu	1
ACTIVE 24, s.r.o.	apputveckling.nu	1
bctd.nl	henri.nu	1
CLOUDFLARENET	muddra.nu	1
Yelles AB	injosoft.nu	1
Xserver Inc.	kmds.nu	1
DIGITALOCEAN-ASN	kuis.nu	1
ACTIVE 24, s.r.o.	crocs.nu	1
SECURITYSERVICES	register.com	3
CLDIN B.V.	bomij.nu	1
CORESPACE-DAL	latijn.nu	1
systemdns.com	hostedemail.com	1
dn-s.nl	ficura.nu	1
ACTIVE 24, s.r.o.	junell.nu	1
DIGITALOCEAN-ASN	fitfuture.nu	1
SECURITYSERVICES	efif.dk	1
DIGITALOCEAN-ASN	asbestverwijderen.nu	1
netunity.net	danswater.nu	1
CLOUDFLARENET	mksoft.nu	1
Yelles AB	udda.nu	1
dns1.se	Hostek AB	1
deathmask.net	snowcold.nu	1
WHG Hosting Services Ltd	MICROSOFT-CORP-MSN-AS-BLOCK	1
thednscompany.com	rijopleidingvanmarco.nu	1
nakengalleriet.se	nakengalleriet.nu	1
infovoice.se	projektplan.nu	1
Signet B.V.	i3D.net B.V	1
incabus.net	GOOGLE	1
ACTIVE 24, s.r.o.	kettil.nu	1
Yelles AB	1917.nu	1
GOOGLE	STABLEHOST	2
dn-s.nl	snijbonen.nu	1
websystent.nl	businessbasic.nu	1
BIT BV	strijk.nu	1
Signet B.V.	rokk.nu	1
Eurofiber Cloud Infra B.V.	schuijt.nu	1
CLOUDFLARENET	etenbestellen.nu	1
smallhold-hosting-2.nl	MICROSOFT-CORP-MSN-AS-BLOCK	2
CLOUDFLARENET	asperges.nu	1
CLOUDFLARENET	cornelis.nu	1
LIQUIDWEB	fluffen.nu	2
zns-53.com	MICROSOFT-CORP-MSN-AS-BLOCK	1
stric.nl	holtman.nu	1
loopia.se	borgvattnet.nu	1
schroer.nl	GOOGLE	1
Signet B.V.	thestorytellers.nu	1
ACTIVE 24, s.r.o.	sollander.nu	1
GOOGLE-CLOUD-PLATFORM	MICROSOFT-CORP-MSN-AS-BLOCK	5
CLOUDFLARENET	opalstack.com	1
Hetzner Online GmbH	renesse.nu	1
GleSYS AB	rylander.nu	1
CLOUDFLARENET	redspark.nu	1
Yelles AB	aili.nu	1
ispnoc.net	surideals.nu	1
second-ns.com	GOOGLE	1
GleSYS AB	nygren.nu	1
Uniserver Internet B.V.	superjuf.nu	1
UKDedicated LTD	larno.nu	1
CLOUDFLARENET	procesverbetering.nu	1
LIQUIDWEB	osb.nu	1
hosted.nl	spaarrekeningen.nu	1
loopia.se	viksten.nu	1
One.com A/S	helderman.nu	1
Signet B.V.	mosquito.nu	1
itamin.nu	itamin.nu	1
kpn.net	kpnmail.nl	1
f-solutions.fi	f-solutions.fi	1
CLOUDFLARENET	dakkapelbreda.nu	1
DIGICERT	subnet.nu	1
GleSYS AB	dac.nu	1
CLOUDFLARENET	museumvalkenburg.nl	1
Yelles AB	barnpsykologgruppen.nu	1
CLOUDFLARENET	kippenpan.nu	1
DIGITALOCEAN-ASN	ZOHO Corporation B.V	2
rosendal.nu	GOOGLE	1
Yelles AB	elkurs.nu	1
Yelles AB	norrbottensdestilleri.nu	1
joker.com	lasipalatsi.fi	1
Signet B.V.	raamdecoratieshop.nu	1
Signet B.V.	circu-leren.nu	1
ACTIVE 24, s.r.o.	CLOUDFLARENET	2
Bahnhof AB	xn--sngspecialisten-hlb.nu	1
ACTIVE 24, s.r.o.	everlasting.nu	1
mountweb.nl	MICROSOFT-CORP-MSN-AS-BLOCK	1
ACTIVE 24, s.r.o.	poolpaket.nu	1
nmugroup.com	cloudmore.com	1
CLOUDFLARENET	bespreek.nu	1
ACTIVE 24, s.r.o.	gastbok.nu	1
inmotionhosting.com	eriel.nu	1
CLDIN B.V.	qdev.nl	1
ACTIVE 24, s.r.o.	foretagsjurist.nu	1
cloud86.nl	robinfood.nu	1
SECURITYSERVICES	yourfilter.nl	3
Serverius Holding B.V.	ticketsnederland.nu	1
SECURITYSERVICES	hostcontrol.com	1
One.com A/S	deverrijking.nu	1
ACTIVE 24, s.r.o.	areskoug.nu	1
Yelles AB	nj.nu	1
Signet B.V.	knallers.nu	1
rimotecloud.com	MICROSOFT-CORP-MSN-AS-BLOCK	1
ACTIVE 24, s.r.o.	mireaumarketing.nu	1
ACTIVE 24, s.r.o.	emergency.nu	1
hostedxl.nl	hostedxl.nl	1
nadns1.com	SECURITYSERVICES	1
ACTIVE 24, s.r.o.	intelligo.nu	1
wk.se	brosoft.net	1
Yelles AB	luftpistol.nu	1
LeaseWeb Netherlands B.V.	bsa.nu	1
hostnet.nl	it4sure.cloud	1
GleSYS AB	stabell.nu	1
Signet B.V.	goedoporde.nu	1
loopia.se	keepit.nu	1
Yelles AB	pc1x2.nu	1
CLOUDFLARENET	alnarpcleanwater.nu	1
ACTIVE 24, s.r.o.	1200.nu	1
ACTIVE 24, s.r.o.	dendron.nu	1
CLOUDFLARENET	sparkpostmail.com	1
serviceprovider.nl	voorons.nu	1
combell.net	Fastmail Pty Ltd	1
CLOUDFLARENET	beeren-ondergoed.nu	1
Yelles AB	massagestudion.nu	1
KPN B.V.	MICROSOFT-CORP-MSN-AS-BLOCK	3
ACTIVE 24, s.r.o.	rostanga.nu	1
Telia Company AB	Loopia AB	1
ACTIVE 24, s.r.o.	betlinks.nu	1
hix.nl	brandstof-besparen.nu	1
Serverius Holding B.V.	partijhandel.nu	1
CLDIN B.V.	archy.nu	1
hix.nl	hix.nl	2
Signet B.V.	ovivio.nu	1
BIT BV	loodgieteralkmaar.nu	1
CLOUDFLARENET	matpajobbet.nu	1
CLOUDFLARENET	novem.nu	1
dn-s.nl	schn.nu	1
Signet B.V.	solmar.nu	1
Signet B.V.	firan.nu	1
CLOUDFLARENET	quake3.nu	1
Bahnhof AB	meza.nu	1
Conect networks and Information Technology i Jonkoping AB	conect.nu	3
Signet B.V.	qvac.nu	1
Signet B.V.	xs4all.nl	1
thednscompany.com	Today Concepts B.V.	6
ACTIVE 24, s.r.o.	shaolin-kungfu.nu	1
CLDIN B.V.	kynologie.nu	1
axc.nl	msv1.invalid	1
One.com A/S	riobase.nu	1
Hetzner Online GmbH	bestetherapeut.nu	1
Signet B.V.	ggz-delfland.nu	1
Signet B.V.	conduct.nu	1
Yelles AB	august.nu	1
Miss Hosting AB	biff.nu	1
hosting4less.com	incredible.nu	1
smeders-dns.nl	dewandelcoach.nu	1
CLOUDFLARENET	bruist.nu	1
Signet B.V.	vandijkfiltration.nu	1
heroo.nl	GOOGLE	1
mediaversa8.nl	corazon.nu	1
Yelles AB	carekompass.nu	1
ns14.net	genericxenical.nu	1
Yelles AB	tipsextra.nu	1
Bahnhof AB	audiomera.nu	1
team.blue Denmark A/S	AMAZON-02	4
ACTIVE 24, s.r.o.	stinaloden.nu	1
ACTIVE 24, s.r.o.	alh.nu	1
dn-s.nl	alcoholvrijer.nu	1
markmonitor.com	AMAZON-02	2
ipcom GmbH	foodtruckstockholm.nu	1
dn-s.nl	juza.nu	1
Yelles AB	privatlan.nu	1
wipesoft-hosting.nl	MICROSOFT-CORP-MSN-AS-BLOCK	2
cloud86.nl	soulsupport.nu	1
hosted.nl	marieclaire.nu	1
one.com	ferslev.nu	1
Signet B.V.	beuk.nu	1
elonisas.nl	elonisas.nl	1
Signet B.V.	energieaanbieding.nu	1
awsdns-32.net	GOOGLE	1
westbahr.com	MICROSOFT-CORP-MSN-AS-BLOCK	1
pleskssd2.nl	mondverzorging.nu	1
Vancis IP B.V.	kpn.net	1
123-hostingserver.com	lusitano.nu	1
Yelles AB	weave.nu	1
gruposolinc.com	elme.nu	1
ACTIVE 24, s.r.o.	brighteast.nu	1
Hetzner Online GmbH	ridlerdatentechnik.com	1
neostrada.nl	101112.nu	1
e-n-v.net	exedra.de	1
CLOUDFLARENET	rosanne.nu	1
Systemec BV	MICROSOFT-CORP-MSN-AS-BLOCK	4
Yelles AB	slotsspel.nu	1
ACTIVE 24, s.r.o.	tycka.nu	1
Signet B.V.	msafe.nu	1
iclicks.nl	keramische-tegels.nu	1
Yelles AB	historiker.nu	1
neostrada.nl	iaad.nl	2
aid.se	MICROSOFT-CORP-MSN-AS-BLOCK	2
ipcom GmbH	RACKSPACE	1
Signet B.V.	hetpand.nu	1
ACTIVE 24, s.r.o.	designontime.nu	1
netbyte.nl	j-line.nu	1
mijn.host	onthespot.nu	1
Serverius Holding B.V.	GOOGLE	1
ACTIVE 24, s.r.o.	eriklundin.nu	1
oderland.com	cryptify.nu	1
Signet B.V.	suzie.nu	1
hoogwerker-kopen.nu	MICROSOFT-CORP-MSN-AS-BLOCK	1
CLOUDFLARENET	professionalgrow.nu	1
DIGITALOCEAN-ASN	dsa.nu	1
hrcdigital.eu	baw.nu	1
DIGITALOCEAN-ASN	pressstart.nu	1
ne.jp	backers.nu	1
Signet B.V.	goedkoopst.nu	1
neostrada.nl	vareninutrecht.nu	1
aocloud.nu	MICROSOFT-CORP-MSN-AS-BLOCK	5
Eurofiber Cloud Infra B.V.	skelletconstructies.nu	1
m3is.nl	topvakanties.nu	1
Yelles AB	trygghet.nu	1
Yelles AB	brollopsklanning.nu	1
Stichting DIGI NL	CLOUDFLARENET	1
b-smarthosting.net	smartproducts.nu	1
Yelles AB	jok.nu	1
DIGITALOCEAN-ASN	novatours.nu	1
hcdns.nl	gartenposter.nu	1
CLOUDFLARENET	wlp.nu	1
Signet B.V.	lancia.nu	1
Hetzner Online GmbH	stengaard.nu	1
dn-s.nl	ncvb.nu	1
Uniserver Internet B.V.	hierinloggen.nu	1
Yelles AB	ternefors.nu	1
GleSYS AB	diad.nu	1
DIGITALOCEAN-ASN	nieuwetoekomst.nu	1
loopia.se	pelletsvarme.nu	1
prism.nl	wattsup.nu	1
CLDIN B.V.	sieraad.nu	1
CLOUDFLARENET	badkamer.nu	1
mans-dns.nl	aga.nu	1
soundhost.nl	trainingsacteur.nu	1
Miss Hosting AB	gamen.nu	1
Signet B.V.	freeenergy.nu	1
loopia.se	imegasystem.se	1
ne.jp	koe.nu	1
ACTIVE 24, s.r.o.	salab.nu	1
kpn.net	kpnnet.org	1
team.blue Denmark A/S	jtw.dk	1
CLOUDFLARENET	markus-waddinxveen.nl	2
effix.be	effix.be	1
loopia.se	Yelles AB	2
Hostpoint AG	Hostpoint AG	7
aspage.nl	movingtogether.nu	1
lenn.media	MICROSOFT-CORP-MSN-AS-BLOCK	2
aisab.se	aisab.se	2
Serverius Holding B.V.	lekkerbier.nu	1
ijssoft.nl	comsupport.nu	1
Yelles AB	ducam.nu	1
Signet B.V.	spices.nu	1
One.com A/S	ruilen.nu	1
ACTIVE 24, s.r.o.	tangostockholm.nu	1
CLOUDFLARENET	iplace.se	1
rationellit.se	rationellit.se	1
ACTIVE 24, s.r.o.	minima.nu	1
ServeTheWorld AS	abelseth.nu	1
xnk.nu	sensenet.nu	1
One.com A/S	bake.nu	1
GleSYS AB	nerium.nu	1
Yelles AB	harvard.nu	1
DIGITALOCEAN-ASN	bzr.nu	1
One.com A/S	schuldinfo.nu	1
admax.se	smartemail.se	1
SECURITYSERVICES	imegasystem.se	1
Signet B.V.	b23.nu	1
DIMENOC	velsen.nu	1
123hosting-server.biz	maakplaats.nu	1
Cygrids Communications AB	kp.nu	1
Cygrids Communications AB	dyskalkyli.nu	1
6i.nl	goochelaar.nu	1
da.direct	nieuwenborg.nl	1
ACTIVE 24, s.r.o.	embe.nu	1
DIGITALOCEAN-ASN	carpenunc.nu	1
axc.nl	keramisch-parket.nu	1
studio4web.com	genbukan.nu	1
Signet B.V.	epw.nu	1
Eurofiber Cloud Infra B.V.	hyperreality.nu	1
CLOUDFLARENET	havden.nu	1
nameshield.net	peakperformance.nu	1
LeaseWeb Netherlands B.V.	nearsourcing.nu	1
mijnwerkplek.nu	motorstalling.nu	1
ACTIVE 24, s.r.o.	rixt.nu	1
CLOUDFLARENET	burman.nu	1
classnetwork.eu	MICROSOFT-CORP-MSN-AS-BLOCK	1
whmhosting.dk	munken.nu	1
CLOUDFLARENET	socialevent.nu	1
CLDIN B.V.	pphosted.com	1
ACTIVE 24, s.r.o.	vlj.nu	1
Signet B.V.	archie.nu	1
nedport.net	MICROSOFT-CORP-MSN-AS-BLOCK	1
skf.com	skf.com	1
DIGITALOCEAN-ASN	melktechnik-luxemburg.nu	1
robiz-hosting.nl	smeitink.nu	1
bakkerdehouthandel.nl	vloeronderhoud.nu	1
neostrada.nl	polisan.nu	1
ipcom GmbH	mail	1
DIGITALOCEAN-ASN	dakpan.nu	1
aerohosting.cz	aerohosting.cz	1
Signet B.V.	matthews.nu	1
rkdmediadns.nl	athlete.nu	1
managed-vps.net	kipzaak.nu	1
Miss Hosting AB	MICROSOFT-CORP-MSN-AS-BLOCK	5
SECURITYSERVICES	mxlogic.net	1
webhostinghub.com	tanuki.nu	1
SECURITYSERVICES	GANDI SAS	1
loopia.se	amulone.nu	1
One.com A/S	explore-tanzania.nu	1
doserdesign.nl	GOOGLE	2
NetActuate, Inc	rockhost.se	1
dn-s.nl	snapdate.nu	1
datapipe.net	businesscare.nu	1
joker.com	joker.com	2
Cloud DNS Ltd	vormgvr.nu	1
pazionhosting.nl	GOOGLE	1
CLOUDFLARENET	hoogendijk.nu	1
ACTIVE 24, s.r.o.	colombi.nu	1
Infopact Netwerkdiensten B.V.	vaar-winkel.nu	1
Serverius Holding B.V.	bejaardensex.nu	1
Yelles AB	regolegal.nu	1
Mediateknik i Varberg AB	kafit.se	3
One.com A/S	maaike.nu	1
MICROSOFT-CORP-MSN-AS-BLOCK	forex.nu	1
Yelles AB	kajs.nu	1
cloud86.nl	sheldan.nu	1
Signet B.V.	creatio.nu	1
Signet B.V.	burgerpolis.nu	1
mkrdns.dk	MICROSOFT-CORP-MSN-AS-BLOCK	1
OVH SAS	smart-home.nu	1
Yelles AB	lilliestrom.nu	1
Signet B.V.	ik-zoek.nu	1
loopia.se	boll.se	1
dhosting.pl	dpoczta.pl	1
Signet B.V.	college-online.nu	1
SECURITYSERVICES	rbsrv.nl	1
NUCDN	25.114	1
ports.se	One.com A/S	11
Signet B.V.	cleanenergy.nu	1
ACTIVE 24, s.r.o.	helande.nu	1
Yelles AB	sikt.nu	1
Yelles AB	filander.nu	1
domaincityservers.com	hostedemail.com	1
ACTIVE 24, s.r.o.	olofsforsbruk.nu	1
LeaseWeb Netherlands B.V.	ebe.nu	1
Xserver Inc.	yamaguchi.nu	1
CLOUDFLARENET	combigas.nl	1
Yelles AB	norrahammarsfolketshus.nu	1
Signet B.V.	louwen.nu	1
provenwebconcepts.nl	nunspeetonderneemtsamen.nu	1
mildmedia.se	MICROSOFT-CORP-MSN-AS-BLOCK	1
CLOUDFLARENET	simplyfire.nu	1
oderland.com	posterstore.nu	1
ipcom GmbH	flyttfirmanuppsala.nu	1
Hetzner Online GmbH	sexdepartementet.nu	1
oderland.com	comein.nu	1
hobby.nl	hccnet.nl	1
Hetzner Online GmbH	hubporn.nu	1
hostnet.nl	containerslopen.nu	1
Signet B.V.	maakkennis.nu	1
dn-s.nl	hbhetboek.nu	1
rzone.de	uberspace.de	1
Signet B.V.	halloween.nu	1
Signet B.V.	compar.nl	1
Signet B.V.	broadcastpartners.nl	1
awsdns-12.org	GOOGLE	2
granlundkommunikation.com	proxecutive.se	1
procy.nl	procy.nl	1
mijndnsserver.nl	helderziend.nu	1
Signet B.V.	fanalists.nu	1
High5! B.V.	qassa.nu	1
CLOUDFLARENET	biofreeze.nu	1
CLDIN B.V.	mx.microsoft	1
Yelles AB	motin.nu	1
CLOUDFLARENET	ruimteregelaar.nu	1
DIGITALOCEAN-ASN	royalservice.nu	1
Telenor Norge AS	entreprenaden.nu	1
CLDIN B.V.	blanksma.nu	1
LIQUIDWEB	lii.nu	1
Xserver Inc.	aid.nu	1
ACTIVE 24, s.r.o.	salongperfectbeauty.nu	1
ACTIVE 24, s.r.o.	iwish.nu	1
afraid.org	xn--castenbck-12a.se	1
Yelles AB	opensun.nu	1
dn-s.nl	bedrijvenweb.nl	2
Signet B.V.	hydrahosting.nl	2
CLOUDFLARENET	Webhuset AS	1
GOOGLE	hostedemail.com	1
Signet B.V.	werkwijzer.nu	1
Yelles AB	Fastmail Pty Ltd	2
soulve.com	soulve.net	1
marinverkstad.nu	marinverkstad.nu	1
Signet B.V.	msv1.invalid	7
shockmedia.nl	managementdashboard.nu	1
Yelles AB	madeinitaly.nu	1
webmix.nl	ipd.nu	1
redhot1.nl	watergas.nu	1
etableraweb.net	Hetzner Online GmbH	1
One.com A/S	gezondgoed.nu	1
scrypt.net	berman.nu	1
ACTIVE 24, s.r.o.	incora.nu	1
bolama.com	ahlberg.nu	1
netim.net	xi.nu	1
Yelles AB	avast.nu	1
neostrada.nl	roya.nu	1
ports.se	sodraalvstranden.nu	1
hosted.nl	officefacilities.nu	1
aethertree.com	medianu.nu	1
CLOUDFLARENET	Domeneshop AS	1
Cygrids Communications AB	helabilen.nu	1
Signet B.V.	payinc.nu	1
DIGITALOCEAN-ASN	bedrijfsbrandweerhuren.nu	1
Signet B.V.	agrischool.nu	1
hostnet.nl	softwear.nl	1
DIGITALOCEAN-ASN	fundament-advies.nu	1
Yelles AB	ekonomia.nu	1
One.com A/S	websitelease.nu	1
CLOUDFLARENET	lenoir.nu	1
crossnet.se	MICROSOFT-CORP-MSN-AS-BLOCK	2
Yelles AB	fulufjallet.nu	1
Yelles AB	deadlybloom.nu	1
TrueFullstaq B.V.	exerceo.nu	1
Signet B.V.	fount.nu	1
Signet B.V.	scope12.nu	1
AMAZON-02	transgender.nu	1
NSONE	SECURITYSERVICES	4
axc.nl	probu.nu	1
ACTIVE 24, s.r.o.	kajsa.nu	1
5hosting.nl	sohoix.com	1
sircon.net	prismerking.nu	1
CLDIN B.V.	fonteynspas.nu	1
inbranddns.com	naturvetare.nu	1
GleSYS AB	yourit.nu	1
CLOUDFLARENET	nower.nu	1
dn-s.nl	hizih.nu	1
Yelles AB	pcos.nu	1
CLDIN B.V.	arsmtp.com	2
Signet B.V.	zorganiseer.nu	1
CLOUDFLARENET	qq.com	1
GlobalConnect AB	genvagen.nu	1
Uniserver Internet B.V.	hftt.nu	1
Uniserver Internet B.V.	topmovers.nu	1
Yelles AB	eurosportfitness.nu	1
old.nu	APPLE-ENGINEERING	1
auto-dns.com	centraalwerken.nl	1
Signet B.V.	succesvolondernemen.nu	1
oderland.com	icej.nu	1
Hetzner Online GmbH	sexy.nu	1
DIGITALOCEAN-ASN	fotoprint.nu	1
Yelles AB	berater.nu	1
CLOUDFLARENET	kiiroi.nu	1
CLOUDFLARENET	legionella.nu	1
logiqit.net	MICROSOFT-CORP-MSN-AS-BLOCK	1
ACTIVE 24, s.r.o.	neuroledarskapipraktiken.nu	1
freeones.com	funix.nl	1
CLOUDFLARENET	steadicam.nu	1
palantir.no	palantir.no	1
ACTIVE 24, s.r.o.	patric.nu	1
WHG Hosting Services Ltd	zwanenburg.nu	1
CLOUDFLARENET	240.52	1
OVH SAS	smartermail.se	1
nmugroup.com	photomic.com	1
ACTIVE 24, s.r.o.	danseskolen.nu	1
Signet B.V.	kindnessforallanimalsfoundation.nu	1
Yelles AB	bioptron.nu	1
DIGITALOCEAN-ASN	klussen.nu	1
mr-wolf.nl	frij.nu	1
ACTIVE 24, s.r.o.	elli.nu	1
Duocast B.V.	patrini.nu	1
loopia.se	hook.nu	1
CLOUDFLARENET	brandwijk.nu	1
One.com A/S	benessere.nu	1
one.com	webpusher.dk	1
GOOGLE	mach3builders.nl	1
Hetzner Online GmbH	altmuligt.nu	1
1984.is	GOOGLE	4
CLOUDFLARENET	p1x.nu	1
oderland.com	xn--sjukskterskor-nmb.nu	1
cloud86.nl	buhler.nu	1
BIZLAND-SD	22.nu	1
ACTIVE 24, s.r.o.	crafoord.nu	1
ACTIVE 24, s.r.o.	insynsskydd.nu	1
LIQUIDWEB	kasf.nu	1
semcon.se	semcon.com	1
aruba.it	aruba.it	2
Yelles AB	legitency.nu	1
ACTIVE 24, s.r.o.	rejoice.nu	1
The Internet Engineering Group B.V.	nachtradio.nu	1
Yelles AB	indexfoundation.nu	1
CLDIN B.V.	rodizio.nu	1
Signet B.V.	kiesrefurbished.nu	1
Combell NV	nationalevacaturekrant.nu	1
Yelles AB	avgassystem.nu	1
ACTIVE 24, s.r.o.	fricamping.nu	1
yourdomainprovider.net	maxpresso.nu	1
secureparkme.com	kaniu.nu	1
ACTIVE 24, s.r.o.	terner.nu	1
DIGITALOCEAN-ASN	stefit.nu	1
CLOUDFLARENET	logomat.nu	1
Yelles AB	eldsjal.nu	1
Hetzner Online GmbH	ik2.com	1
GlobalConnect AB	imark.nu	1
CLOUDFLARENET	ottosson.nu	1
rapidehosting.nl	bromfietsshop.nu	1
Yelles AB	karlatornet.nu	1
Yelles AB	carnet.nu	1
Signet B.V.	locate.nu	1
siteturn.com	siteturn.com	1
Signet B.V.	sophiemuval.nu	1
egensajt.se	salo.nu	1
Signet B.V.	legalservice.nu	1
ACTIVE 24, s.r.o.	q7.nu	2
networkit.se	MICROSOFT-CORP-MSN-AS-BLOCK	1
m3is.nl	onzescheidingscoach.nu	1
one.com	grant.nu	1
rackfish.net	webnode.se	1
DIGITALOCEAN-ASN	eyevision.nu	1
NUCDN	timmerhuis.nu	1
ODERLAND Webbhotell AB	fagelsangen.nu	1
Yelles AB	onigo.nu	1
ipcom GmbH	mtaroutes.com	1
flevohost.nl	MICROSOFT-CORP-MSN-AS-BLOCK	3
ACTIVE 24, s.r.o.	parsmo.nu	1
ipcom GmbH	iclean.se	1
lemonlime.se	webbhosting.nu	1
hiemalis.org	gentei.org	1
Signet B.V.	mediflex.nu	1
axc.nl	finish.nu	1
Signet B.V.	bikerpolis.nu	1
DIGITALOCEAN-ASN	fmir.nu	1
CLOUDFLARENET	xn--vrmepumpstockholm-qqb.nu	1
AMAZON-02	leadingcourses.com	1
CLOUDFLARENET	op-email.eu	6
team.blue Denmark A/S	kisbye.nu	1
BIT BV	zingen.nu	1
ACTIVE 24, s.r.o.	bank365.nu	1
ACTIVE 24, s.r.o.	npet.nu	1
ACTIVE 24, s.r.o.	wenger.nu	1
mindbench.nl	GOOGLE	1
krabo.nl	MICROSOFT-CORP-MSN-AS-BLOCK	1
axc.nl	deregt.nu	1
CLOUDFLARENET	birthandbeyond.nu	1
Yelles AB	satra.nu	1
Signet B.V.	ontdekdezorg.nu	1
LIQUIDWEB	arashi.nu	1
Signet B.V.	projectdirect.nu	1
Signet B.V.	eqw.nu	1
qinddns.nl	BIT BV	1
mikehost.nl	dickpic.nu	1
dirux.se	xn--dinafnster-icb.nu	1
One.com A/S	boerhof.nu	1
godkandmarinverkstad.nu	godkandmarinverkstad.nu	1
Signet B.V.	signassist.nu	1
CLOUDFLARENET	cac.nu	1
dnssrv.nl	GOOGLE	2
dorchain.net	dorchain.net	1
Hetzner Online GmbH	cadzand.nu	1
ACTIVE 24, s.r.o.	klemmed.nu	1
ilc-europe.nl	onderhoudcvketel.nu	1
Yelles AB	youbet.nu	1
Yelles AB	xn--arbetsmilj-ncb.nu	1
Stichting DIGI NL	horoscopen.nu	1
smallhold-hosting.nl	MICROSOFT-CORP-MSN-AS-BLOCK	1
brabix.com	shapeshifters.nu	1
earthconsultants.com	hogrelius.nu	1
CLOUDFLARENET	ikfix.nu	1
Bredband2 AB	GOOGLE	2
ACTIVE 24, s.r.o.	windisch.nu	1
Duocast B.V.	swe.nu	1
liman.nu	cafax.se	1
LIQUIDWEB	polska.nu	1
CLDIN B.V.	aao.nl	3
Yelles AB	gerdne.nu	1
yourdomainprovider.net	greenenergie.nu	1
CLOUDFLARENET	malmo.nu	1
DIGITALOCEAN-ASN	pro-mo.nu	1
TrueFullstaq B.V.	msv1.invalid	1
GleSYS AB	labradoodle.nu	1
Yelles AB	tankarochkuriosa.nu	1
UKDedicated LTD	rapporter.nu	1
pleskssd3.nl	gijtenbeek.nu	1
DIGITALOCEAN-ASN	planner.nu	1
Cygrids Communications AB	hambergs.nu	1
loopia.se	100.30	1
ACTIVE 24, s.r.o.	thomson.nu	1
Miss Hosting AB	broot.nu	1
Uniserver Internet B.V.	kozijn.nu	1
LIQUIDWEB	lebrun.nu	1
neostrada.nl	hetnic.nu	1
Yelles AB	ulricehamn.nu	1
solcon.eu	LeaseWeb Netherlands B.V.	1
The Internet Engineering Group B.V.	cameraplan.nu	1
Signet B.V.	doktersassistent.nu	1
daphnesoftware.com	rhi.nu	1
Yelles AB	it.nu	1
ispnoc.eu	GOOGLE	1
ACTIVE 24, s.r.o.	essingen.nu	1
ACTIVE 24, s.r.o.	skinnblick.nu	1
hix.nl	poesjes.nu	1
Serverius Holding B.V.	kutje.nu	1
Hetzner Online GmbH	friluftsmat.nu	1
dns1.de	agenturserver.de	1
UKDedicated LTD	xn--bnkskivor-v2a.nu	1
Signet B.V.	brainbasedleadership.nu	1
one.com	ml-hosting.net	1
LeaseWeb Netherlands B.V.	tvmail.nu	1
CLOUDFLARENET	it-system.nu	1
loopia.se	skg.nu	1
c4a.nl	supportopafstand.nu	1
Signet B.V.	nextup.nu	1
Signet B.V.	quin.nu	1
ACTIVE 24, s.r.o.	peaceoflife.nu	1
lumik.se	MICROSOFT-CORP-MSN-AS-BLOCK	2
danaweb.org	team.blue Denmark A/S	2
ipcom GmbH	elce.nu	1
co.il	interhost.nu	1
kantherm.nu	MICROSOFT-CORP-MSN-AS-BLOCK	1
CLOUDFLARENET	maxantis.nu	1
nmugroup.com	activeisp.com	1
Signet B.V.	cvonodig.nu	1
Yelles AB	buying.nu	1
Eurofiber Cloud Infra B.V.	herstel-partner.nu	1
hostingservicecenter.nl	gahrmann.nu	1
hosting-srv.net	hosting-srv.net	1
CORESPACE-DAL	pulia.nu	1
Signet B.V.	keiken.nu	1
Signet B.V.	happybeingme.nu	1
ilait.se	Proton AG	2
cloud86.nl	gloed.nu	1
The Internet Engineering Group B.V.	speelkleed.nu	1
loopia.se	purelymail.com	2
one.com	Tutao GmbH	1
Hetzner Online GmbH	stmartin.nu	1
Yelles AB	dvargschnauzer.nu	1
Planeetta Internet Oy	hostingservice.fi	4
Trans-iX B.V.	mooimens.nu	1
webhostingserver.nl	brana.nu	1
webhostingserver.nl	fietsreparatie.nu	1
84 Grams AB	nordmail.se	7
Signet B.V.	joris.nu	1
DIGITALOCEAN-ASN	axim.nu	1
one.com	Bahnhof AB	3
utwente.nl	utwente.nl	1
ACTIVE 24, s.r.o.	z4.nu	1
Yelles AB	vaktare.nu	1
ODERLAND Webbhotell AB	almedal.nu	1
bok.nu	GOOGLE	1
Signet B.V.	fundview.nu	1
CLOUDFLARENET	fjuz.nu	1
ACTIVE 24, s.r.o.	iwheel.nu	1
NSONE	krompaco.nu	1
uvt.nl	MICROSOFT-CORP-MSN-AS-BLOCK	2
Cygrids Communications AB	kvikkjokk.nu	1
Signet B.V.	sugarbear.nu	1
initfour.nl	initfour.nl	1
loopia.se	crystone.net	1
mans-dns.nl	oldambt.nu	1
Yelles AB	osterman.nu	1
LIQUIDWEB	stinger.nu	1
LIQUIDWEB	davidallen.nu	1
ACTIVE 24, s.r.o.	nordvik.nu	1
ACTIVE 24, s.r.o.	karp.nu	1
axc.nl	arena.nu	1
eblocks.hosting	magazijninrichting.nu	1
pp.se	philipsson.nu	1
Yelles AB	glassmaskiner.nu	1
Signet B.V.	opdevalreep.nu	1
wkits.eu	MICROSOFT-CORP-MSN-AS-BLOCK	1
ports.se	framab.nu	1
mijndnsserver.nl	dechinesemakelaar.nu	1
CLOUDFLARENET	kvn.nu	1
smallhold-hosting-6.nl	wienk.nu	1
SECURITYSERVICES	APPLE-ENGINEERING	1
netgiganten.dk	selvforsvar.nu	1
Signet B.V.	paiz.nu	1
AMAZON-02	heartaerospace.nu	1
mijn.host	opperhoofd.nu	1
ACTIVE 24, s.r.o.	fast-techab.nu	1
ACTIVE 24, s.r.o.	xn--nrdigt-wxa.nu	1
MICROSOFT-CORP-MSN-AS-BLOCK	skinrepair.nu	1
proisp.no	metaoffice.nu	1
dn-s.nl	supereasy.nu	1
Yelles AB	kpop.nu	1
Signet B.V.	dekapper.nu	1
CLDIN B.V.	makeitmove.nu	1
ACTIVE 24, s.r.o.	swesec.nu	1
hostingcp.eu	MICROSOFT-CORP-MSN-AS-BLOCK	1
ACTIVE 24, s.r.o.	bunger.nu	1
ACTIVE 24, s.r.o.	malmstedt.nu	1
ACTIVE 24, s.r.o.	piik.nu	1
team.blue Denmark A/S	ppe-hosted.com	2
ronin-ict.nl	fairdata.nu	1
ORACLE-BMC-31898	rabba.nu	1
NetActuate, Inc	Proton AG	2
exsilia.net	Proton AG	1
Yelles AB	baringo.nu	1
yayhosting.dk	GOOGLE	1
TrueFullstaq B.V.	briljantvloeren.nu	1
DIGITALOCEAN-ASN	toonen.nu	1
DIGITALOCEAN-ASN	justyou.nu	1
DIGITALOCEAN-ASN	mijnwoning.nu	1
stratoserver.net	DIGITALOCEAN-ASN	1
Bahnhof AB	berggrensjuveler.nu	1
one.com	comasys.dk	1
Yelles AB	dinhomeopat.nu	1
CLOUDFLARENET	yeehaw.nu	1
live-inter.net	hierbenik.nu	1
Signet B.V.	bint.nu	1
dn-s.nl	hrmanager.nu	1
DIGITALOCEAN-ASN	online83.nl	1
srvnl.nl	COGENT-174	1
loopia.se	bjursell.nu	1
companypointdns.nl	xpert.nu	1
oderland.com	bastamobilabonnemanget.nu	1
ACTIVE 24, s.r.o.	satservice.nu	1
ACTIVE 24, s.r.o.	apelgren.nu	1
team.blue Denmark A/S	jdm.dk	1
ACTIVE 24, s.r.o.	xn--perspektivtthet-blb.nu	1
cloud86.nl	zondermeer.nu	1
combell.net	GOOGLE	4
Signet B.V.	arbeidsfysiotherapie.nu	1
Signet B.V.	isned.nl	1
Trans-iX B.V.	LeaseWeb Netherlands B.V.	1
Signet B.V.	vacaturesin.nu	1
CLDIN B.V.	logistics.nu	1
One.com A/S	wio.nu	1
awsdns-08.net	MICROSOFT-CORP-MSN-AS-BLOCK	2
CLDIN B.V.	wilgentenen.nu	1
team.blue Denmark A/S	YANDEX LLC	1
qmax.se	GOOGLE	1
CLOUDFLARENET	anonaddy.me	1
NUCDN	Hostek AB	2
veda.nu	MICROSOFT-CORP-MSN-AS-BLOCK	3
ACTIVE 24, s.r.o.	stjernstrom.nu	1
ACTIVE 24, s.r.o.	fixastilen.nu	1
Miss Hosting AB	fantastisch.nu	1
The Internet Engineering Group B.V.	rutger.nl	1
Signet B.V.	123vrachtwagentheorie.nu	1
unlimited.rs	buysell.nu	1
medmeramedia.se	barncyklar.nu	1
Signet B.V.	aufgehts.nu	1
Yelles AB	edvin.nu	1
Signet B.V.	baxverkeersopleidingen.nu	1
ipcom GmbH	GOOGLE-CLOUD-PLATFORM	6
CLOUDFLARENET	ML-1432-54994	2
CLOUDFLARENET	mee.nu	1
mans-dns.nl	bestelhout.nu	1
Yelles AB	init0.nu	1
Signet B.V.	woodvision.nu	1
thednscompany.com	ntrx.eu	1
CLOUDFLARENET	mollebacken.nu	1
CLOUDFLARENET	mekong.nu	1
Signet B.V.	slaapspeciaalzaakonline.nu	1
intternet.net	gsmtp.net	1
m-unit.se	m-unit.se	1
CLOUDFLARENET	onlinespamfilter.com	1
servainet.com	MICROSOFT-CORP-MSN-AS-BLOCK	1
CLDIN B.V.	voetballoterij.nu	1
CLOUDFLARENET	leijoner.nu	1
ACTIVE 24, s.r.o.	studio54.nu	1
yourdomainprovider.net	vima.nu	1
snake.de	GOOGLE	1
One.com A/S	theyellowbrickroad.nu	1
Yelles AB	digitaljul.nu	1
GleSYS AB	lemmy.nu	1
GleSYS AB	sterner.nu	1
Uniserver Internet B.V.	dnstools.nl	2
Hetzner Online GmbH	topofthefoodchain.nu	1
exonet.nl	werkgids.nu	1
mirva.io	markiseruppsala.nu	1
Signet B.V.	thuiszorgalmelo.nu	1
mild.cloud	hudikhus.nu	1
AMAZON-02	outbox.nu	1
BMS-AS	celgene.nu	1
excanto.net	excanto.net	7
hostnet.nl	in-je-element.nu	1
thednscompany.com	LeaseWeb Netherlands B.V.	1
Signet B.V.	gim.nu	1
tabellen.se	matchtv.nu	1
Signet B.V.	one-dna.nu	1
oderland.com	theoccasionalrider.nu	1
One.com A/S	bordspelmania.nu	1
Signet B.V.	meerendonk.org	1
Hostek AB	luiga.nu	1
Signet B.V.	biowijn.nu	1
CLDIN B.V.	hiv-test.nu	1
CLOUDFLARENET	kuro.nu	1
DIGITALOCEAN-ASN	taxitel.nu	1
intoto.nl	p-ict.com	2
ACTIVE 24, s.r.o.	penang.nu	1
LIQUIDWEB	tric.nu	1
ipcom GmbH	vca.nu	1
i8t.com	widda.it	1
Yelles AB	suovas.nu	1
Hydra Communications Ltd	business.nu	1
hosted.nl	hair2b.nu	1
CLOUDFLARENET	SECURITYSERVICES	4
wp.one	MICROSOFT-CORP-MSN-AS-BLOCK	1
Signet B.V.	horoscoopvoorspellingen.nu	1
Signet B.V.	hdb.nu	1
ACTIVE 24, s.r.o.	forden.nu	1
Zylon	netarchitects.eu	1
Signet B.V.	stp-energy.nu	1
Yelles AB	seldimarketing.nu	1
atthost.pl	altevia.nu	1
CLOUDFLARENET	londonweekend.nu	1
ideemedia.cloud	privesanitair.nu	1
ACTIVE 24, s.r.o.	sits.nu	1
DIMENOC	democenter.nu	1
DIGICERT	RACKSPACE	3
Yelles AB	xn--strmbck-9wa3n.nu	1
g1ga.net	joannes.nu	1
Yelles AB	mittavtal.nu	1
CLOUDFLARENET	quakeworld.nu	1
SECURITYSERVICES	orient-express.nu	1
CLDIN B.V.	tr-carparts.nu	1
axc.nl	lichtstraal.nu	1
Signet B.V.	cardiacresonance.nu	1
Signet B.V.	e-bright.nu	1
ACTIVE 24, s.r.o.	gooch.nu	1
hysing.is	CLOUDFLARENET	1
Yelles AB	4444.nu	1
LIQUIDWEB	anni.nu	1
ACTIVE 24, s.r.o.	kallio.nu	1
airwire.ie	airwire.ie	1
introweb.nl	CLOUDFLARENET	1
Signet B.V.	brixters.nl	4
shockmedia.nl	kids-world.nu	1
Signet B.V.	kiesdeurig.nu	1
Miss Hosting AB	xn--flyttfirmajrflla-5nbc.nu	1
one.com	treg.se	1
netsolidhosting.com	MICROSOFT-CORP-MSN-AS-BLOCK	1
dvdheuvel.com	tijdelijk-internet.nu	1
ne.jp	fukuoka.nu	1
One.com A/S	marismedia.nu	1
ACTIVE 24, s.r.o.	otr.nu	1
ODERLAND Webbhotell AB	lapua.nu	1
smallhold-hosting-2.nl	COGENT-174	1
DIGITALOCEAN-ASN	goedvankatoen.nu	1
Miss Hosting AB	fashionblog.nu	1
ACTIVE 24, s.r.o.	ansans.nu	1
cloud86.nl	apostrophe.nu	1
nameserverseo.com	pilots.nu	1
CLDIN B.V.	zonkapitaal.nu	1
webhot.dk	spammaster.dk	1
Miss Hosting AB	elf.nu	1
CLOUDFLARENET	wooncirkel.nu	1
ACTIVE 24, s.r.o.	msv1.invalid	3
mijndnsserver.nl	mxdefender.nl	1
DIGITALOCEAN-ASN	parabadminton.nu	1
muddypaws.nu	hundsport.nu	1
Signet B.V.	brilliantgroup.nu	1
ACTIVE 24, s.r.o.	minsamling.nu	1
da.direct	sharona.nu	1
addpro.se	OVH SAS	1
DIGITALOCEAN-ASN	jeronimo.nu	1
aname.net	plats.nu	1
cloudserverpro.nl	vacos.nu	1
Yelles AB	hockeyn.nu	1
Signet B.V.	verkoopjebedrijf.nu	1
Telia Company AB	bolagsbildning.nu	1
net.au	net.au	1
LIQUIDWEB	klen.nu	1
eastground.nl	eastground.net	1
Signet B.V.	qbuild.nu	1
Signet B.V.	verzekeren.nu	1
Duocast B.V.	MICROSOFT-CORP-MSN-AS-BLOCK	2
AxByte Internet Services AB	MICROSOFT-CORP-MSN-AS-BLOCK	2
ACTIVE 24, s.r.o.	laslov.nu	1
GlobalConnect AB	kalmarff.nu	1
whixx.com	palmiye.nu	1
Hetzner Online GmbH	staysecuregroup.com	1
Uniserver Internet B.V.	safetalks.nu	1
e-studio.dk	cleaning.nu	1
ipcom GmbH	puzzle-it.nu	1
Stichting DIGI NL	Soverin B.V.	1
Signet B.V.	sinterklaasgedichten.nu	1
LEASEWEB-USA-SFO	schuttesystems.net	2
The Internet Engineering Group B.V.	simplus.nu	1
CLOUDFLARENET	bilpoolen.nu	1
DIGICERT	flygbussen.nu	1
Signet B.V.	bijoux.nu	1
Signet B.V.	muishuis.nl	1
CLDIN B.V.	WorldStream B.V.	1
UKDedicated LTD	halsa.nu	1
CLDIN B.V.	myfreshcosmetics.nu	1
echelon.nl	mx.microsoft	1
MICROSOFT-CORP-MSN-AS-BLOCK	Cyso Group B.V.	2
CLDIN B.V.	onlyyou.nu	1
ACTIVE 24, s.r.o.	dalahastar.nu	1
ACTIVE 24, s.r.o.	carloscar.nu	1
Cygrids Communications AB	friskafotter.nu	1
ACTIVE 24, s.r.o.	patrick.nu	1
propellerhosting.net	MICROSOFT-CORP-MSN-AS-BLOCK	1
sohosted72.com	CLDIN B.V.	1
ACTIVE 24, s.r.o.	hampus.nu	1
premiumdns.zone	dragon.nu	1
cloudns.net	fhproduktion.nu	1
mijndnsserver.nl	areko.nu	1
Cygrids Communications AB	xn--vgassistans-l8a.nu	1
dn-s.nl	boostr.nu	1
DIGICERT	wwi.dk	1
centraalwerken.nl	centraalwerken.nl	2
Signet B.V.	reachit.nl	2
Yelles AB	bignet.nu	1
Yelles AB	julklappstipset.nu	1
Signet B.V.	studiodegoede.nl	1
loopia.se	lindecrantz.net	1
Yelles AB	vikingpizzeria.nu	1
rackfish.net	goldfinger.nu	1
TrueFullstaq B.V.	kipinnederland.nu	1
MICROSOFT-CORP-MSN-AS-BLOCK	ko.com	3
One.com A/S	dester.nu	1
Signet B.V.	osu.nu	1
Signet B.V.	hydrocity.nu	1
Signet B.V.	keukenkopen.nu	1
CLOUDFLARENET	motiongraphics.nu	1
CLOUDFLARENET	WorldStream B.V.	3
Uniserver Internet B.V.	robber.nu	1
hcdns.nl	qombination.nu	1
nixus.info	neuronova.nu	1
GleSYS AB	anp.nu	1
CLDIN B.V.	digitalewerkvoorbereiding.nu	1
Duocast B.V.	leerbewerken.nu	1
Yelles AB	schwedenhaus.nu	1
team.blue Denmark A/S	influenzavaccination.nu	1
esselink.nu	gevana.nu	1
teknikbyran.com	octans.se	3
Proxsys B.v.	proxsys.net	3
ACTIVE 24, s.r.o.	quinteros.nu	1
Yelles AB	michigan.nu	1
data1.host	nutrecht.nu	1
Signet B.V.	minilift.nu	1
sitelutions.com	sitelutions.com	1
xel.nl	GOOGLE	1
CLDIN B.V.	startzeker.nu	1
2is.nl	bwss.nl	1
CLOUDFLARENET	canoeadventure.nu	1
webhostingbuzz.com	swales.nu	1
CLOUDFLARENET	mriscan.nu	1
ACTIVE 24, s.r.o.	slo.nu	1
Signet B.V.	mailons.nu	1
CLOUDFLARENET	hemmers.nu	1
GleSYS AB	mazetti.nu	1
Yelles AB	huvudstakraft.nu	1
Signet B.V.	ik-ben.nu	1
2com2.eu	happyhart.nu	1
ACTIVE 24, s.r.o.	paab.nu	1
x4.nu	x4.nu	1
ACTIVE 24, s.r.o.	adib.nu	1
mywahosting.com	GOOGLE	1
DIGITALOCEAN-ASN	smtpbak.com	1
The Internet Engineering Group B.V.	kada.nu	1
GlobalConnect AB	acaciainvest.nu	1
nameresolve.com	1.50	1
smartdns.se	loparshoppen.nu	1
UKDedicated LTD	contenta.nu	1
ACTIVE 24, s.r.o.	kinne.nu	1
Signet B.V.	degosoft.nl	3
gigahost.dk	MICROSOFT-CORP-MSN-AS-BLOCK	1
name-services.com	taa.nu	1
webhotel24.se	hornsberg.nu	1
CLOUDFLARENET	digab.nu	1
SECURITYSERVICES	electrolux.se	1
DIMENOC	f-a-q.nu	1
neostrada.nl	hethof.nu	1
ACTIVE 24, s.r.o.	fkg.nu	1
ACTIVE 24, s.r.o.	dekorverket.nu	1
AMAZON-02	dynata.com	1
CLOUDFLARENET	restaurant.nu	1
dnssrv.nl	kontakt.nu	1
Yelles AB	skandi.nu	1
team.blue Denmark A/S	6760.nu	1
GOOGLE	horecavakpunt.nu	1
init3.eu	init3.nl	2
DIGITALOCEAN-ASN	youridentity.nu	1
CLOUDFLARENET	reset.nu	1
CLOUDFLARENET	srvr.se	1
Bluerange Sweden AB	far-galaxy.com	1
Stichting DIGI NL	haccp.nu	1
triple-interactive.com	CLOUDFLARENET	1
named.be	MICROSOFT-CORP-MSN-AS-BLOCK	1
ACTIVE 24, s.r.o.	efk.nu	1
DIGITALOCEAN-ASN	derodekater.nu	1
Signet B.V.	smartondernemers.nu	1
CLOUDFLARENET	stahl.nu	1
mijndnsserver.nl	dsvverzorgdleven.nu	1
port53.se	Hostek AB	2
Signet B.V.	badge.nu	1
nycopia.se	MICROSOFT-CORP-MSN-AS-BLOCK	1
losning.nl	cleanbandit.nu	1
Signet B.V.	autovoertuig.nu	1
CLOUDFLARENET	myspace.nu	1
TrueFullstaq B.V.	borgh.nu	1
cloud86.nl	eigenwijsheid.nu	1
OVH SAS	shdesign.nu	1
CLOUDFLARENET	eyemonit.nu	1
hostnet.nl	glazz.nu	1
CLOUDFLARENET	golfhandskar.nu	1
CLOUDFLARENET	sanko.nu	1
cms.se	Diagonal Forlags AB	1
dn-s.nl	energyskid.nu	1
register.be	mailprotect.be	2
DIGITALOCEAN-ASN	innerlicht.nu	1
ACTIVE 24, s.r.o.	psyllium.nu	1
Signet B.V.	urbanwaterpartners.nu	1
ACTIVE 24, s.r.o.	paulsson.nu	1
LIQUIDWEB	bravomedia.nu	1
Signet B.V.	onderdelen.nu	1
ACTIVE 24, s.r.o.	mjr.nu	1
CLDIN B.V.	magicwhite.nu	1
cloud86.nl	opeigenwijze.nu	1
MICROSOFT-CORP-MSN-AS-BLOCK	planningssysteem.nu	1
Signet B.V.	varilux.nu	1
Yelles AB	nordena.nu	1
Hetzner Online GmbH	sodiakhorsetrucks.nu	1
yourdomainprovider.net	AMAZON-02	1
ACTIVE 24, s.r.o.	popshop.nu	1
exsilia.net	deel.nu	1
terrabyte-dns.nl	moerdijk.nu	1
team.blue Denmark A/S	sendgrid.net	1
hostworld.dk	admind.nu	1
hosted.nl	paavo.nu	1
primus.ca	MICROSOFT-CORP-MSN-AS-BLOCK	1
netaffairs.com	MICROSOFT-CORP-MSN-AS-BLOCK	1
BIT BV	zeisterknoop.nu	1
OVH SAS	GOOGLE	8
Signet B.V.	uitjezelf.nu	1
stratoserver.net	090.nu	1
DIGITALOCEAN-ASN	lwm.nu	1
Signet B.V.	baxverkeersscholen.nu	1
AS-VULTR	One.com A/S	1
AMAZON-02	0x63.nu	1
team.blue Denmark A/S	julekalender.nu	1
wdnk.se	wdnk.se	3
ACTIVE 24, s.r.o.	rentstuff.nu	1
Infopact Netwerkdiensten B.V.	Combell NV	1
CLOUDFLARENET	plank.nu	1
Signet B.V.	etrain.nu	1
stabletransit.com	lost.nu	1
GOOGLE-CLOUD-PLATFORM	20i Limited	10
Yelles AB	locally.nu	1
CLDIN B.V.	trouwcar.nu	1
LIQUIDWEB	synt.nu	1
Yelles AB	workflow.nu	1
contabo.net	secrets.nu	1
Combell NV	pphosted.com	1
CLDIN B.V.	Proton AG	2
ACTIVE 24, s.r.o.	wiwabygg.nu	1
digizonehosting.nl	pensioenclaim.nu	1
ACTIVE 24, s.r.o.	wimmerstedt.nu	1
Signet B.V.	bebeka.nu	1
CLOUDFLARENET	mx10.nl	1
Akamai Connected Cloud	rosenfeld.nu	1
CLOUDFLARENET	pricer.com	1
cloud86.nl	daag.nu	1
Signet B.V.	conmedra.nu	1
DIGITALOCEAN-ASN	havanna.nu	1
hostgator.com	anime.nu	1
ACTIVE 24, s.r.o.	byggratt.nu	1
hostnet.nl	spouwmuurisoleren.nu	1
stric.nl	stric.nl	1
Yelles AB	agap.nu	1
CJ2 Hosting B.V.	omgevingsregisseur.nu	1
Hetzner Online GmbH	cmc.nu	1
LIQUIDWEB	vanrooij.nu	1
Miss Hosting AB	firstfloor.nu	1
LIQUIDWEB	indsigt.nu	1
DIGITALOCEAN-ASN	SQUIXA PTY LIMITED	1
ACTIVE 24, s.r.o.	novark.nu	1
Yelles AB	oshop.nu	1
cloud86.nl	socialintranet.nu	1
bronwasser-hosting.nl	sohoix.com	1
LIQUIDWEB	mze.nu	1
glende.se	twa.nu	1
serverhostgroup.com	sportlov.nu	1
Hetzner Online GmbH	CLOUDFLARENET	1
dns1.se	flexima.nu	1
hyp.net	ZOHO-AS	1
webb-partner.se	webb-partner.se	3
ne.jp	yumimi.nu	1
infrapod.nl	GOOGLE	1
hover.com	DIGITALOCEAN-ASN	1
ACTIVE 24, s.r.o.	karma.nu	1
Uniserver Internet B.V.	ilcampo.com	1
Signet B.V.	mediawijsheid.nu	1
mijndnsserver.nl	gewoonlekkereten.nu	1
If Skadeforsakring AB	MICROSOFT-CORP-MSN-AS-BLOCK	3
AUTOMATTIC	marielund.nu	1
loopia.se	lunchkultur.nu	1
GleSYS AB	ulenius.nu	1
CLOUDFLARENET	oppa.nu	1
CLOUDFLARENET	strykfritt.nu	1
HostGhost B.V.	HostGhost B.V.	3
shockmedia.nl	lightpro.nu	1
Hetzner Online GmbH	12.nu	1
CLOUDFLARENET	boren.se	1
ACTIVE 24, s.r.o.	33rpm.nu	1
ACTIVE 24, s.r.o.	w-e.nu	1
fpbdomains.eu	afslanken.nu	1
Yelles AB	soulspirit.nu	1
ignite-it.eu	ewan.nu	1
one.com	himmelev.nu	1
Yelles AB	dinerbox.nu	1
Yelles AB	verktygsgrossen.nu	1
2makeitwork.nl	blinkk.nu	1
lumik.se	WebSupport s.r.o.	1
ACTIVE 24, s.r.o.	oddbirds.nu	1
Hetzner Online GmbH	gustafsen.nu	1
Signet B.V.	defreelanceopticien.nu	1
Hetzner Online GmbH	CLDIN B.V.	2
ACTIVE 24, s.r.o.	logopeden.nu	1
ACTIVE 24, s.r.o.	rayway.nu	1
sectigoweb.com	chessweb.eu	3
Duocast B.V.	stunt.nu	1
shockmedia.nl	hogeringoogle.nu	1
Yelles AB	kasinon.nu	1
One.com A/S	lilliput.nu	1
ACTIVE 24, s.r.o.	bommen.nu	1
OVH SAS	podiumvoortalent.nu	1
CLOUDFLARENET	trendfm.nu	1
2com2.eu	jetzt.nu	1
LIQUIDWEB	kwaliteit.nu	1
CLOUDFLARENET	biofrost.nu	1
ACTIVE 24, s.r.o.	Hostek AB	1
Signet B.V.	headfirstglobal.nu	1
mijndnsserver.nl	123verf.nu	1
Yelles AB	onlinebingo.nu	1
MICROSOFT-CORP-MSN-AS-BLOCK	locaties.nu	1
Signet B.V.	aftercross.nu	1
sollie.nl	MICROSOFT-CORP-MSN-AS-BLOCK	5
introweb.nl	msv1.invalid	1
hostingprovider.nu	dreamzzz.nu	1
dnsnode.net	Internet Names for Business Inc	1
axc.nl	Fastmail Pty Ltd	3
netit.se	idalarna.nu	1
Host Europe GmbH	scowl.nu	1
Signet B.V.	school-lunch.nu	1
Miss Hosting AB	sbrm.nu	1
ACTIVE 24, s.r.o.	spotrepair.nu	1
register.it	Tele2 SWIPnet	1
Yelles AB	xn--bemanningsfretagen-n3b.nu	1
loopia.se	postn.nu	1
ACTIVE 24, s.r.o.	eagleeyes.nu	1
ACTIVE 24, s.r.o.	ogrens.se	1
hforb.com	xpblade.nu	1
oderland.com	friskola.nu	1
CLDIN B.V.	houthandel.nu	1
Trans-iX B.V.	resourcesharing.nu	1
One.com A/S	opleidingstewardess.nu	1
esmero.nl	MICROSOFT-CORP-MSN-AS-BLOCK	2
CLOUDFLARENET	blessed.nu	1
OVH SAS	samenverder.nu	1
CLDIN B.V.	getajob.nu	1
ACTIVE 24, s.r.o.	festmusik.nu	1
dn-s.nl	slotervaart.nu	1
lemarit.de	partnerchip.nu	1
Yelles AB	bois.nu	1
solviohosting.nl	pdw.nu	1
LIQUIDWEB	datacom.nu	1
CLOUDFLARENET	xn--stdbolaget-r5a.nu	1
SECURITYSERVICES	oreo.nu	1
One.com A/S	helicenter.nu	1
Signet B.V.	stofzuigerzaq.nu	1
One.com A/S	donc.nu	1
ACTIVE 24, s.r.o.	halsduk.nu	1
neostrada.nl	shippingcenter.nu	1
Stichting DIGI NL	Signet B.V.	2
ACTIVE 24, s.r.o.	hedegard.nu	1
NETWORK-SOLUTIONS-HOSTING	bubo.nu	1
ACTIVE 24, s.r.o.	xn--fretagsjurist-imb.nu	1
neostrada.nl	belgica.nu	1
thednscompany.com	CLDIN B.V.	1
perf1.com	GOOGLE	1
netvictory.net	MICROSOFT-CORP-MSN-AS-BLOCK	1
Yelles AB	motorcykel.nu	1
Yelles AB	cbd-buds.nu	1
AMAZON-02	thislove.nu	1
DIGITALOCEAN-ASN	doos-op-maat.nu	1
Signet B.V.	flexplek.nu	1
Yelles AB	amrperformance.nu	1
thednscompany.com	bixnix.nu	1
neostrada.nl	dewereldvan.nu	1
vinkit.nl	lvr.nu	1
CLOUDFLARENET	skovsit.dk	1
awsdns-09.com	GOOGLE	2
Signet B.V.	toys4kids.nu	1
GleSYS AB	bjorklinge.nu	1
niveauseafood.nu	niveauseafood.nu	1
oderland.com	rivningsarbeten.nu	1
litehosting.be	davidson.nl	2
ACTIVE 24, s.r.o.	carlsson.nu	1
DIGICERT	svarlifescience.nu	1
ACTIVE 24, s.r.o.	ablux.nu	1
hosted.nl	brks.nu	1
9dos.eu	rkrrecycling.nu	1
eondns.net	energidialog.nu	1
ACTIVE 24, s.r.o.	molos.nu	1
GleSYS AB	engstroem.nu	1
Signet B.V.	printservice-ede.nl	1
Yelles AB	seq.nu	1
Fundaments B.V.	idesign.nu	1
CLOUDFLARENET	scubayworld.nu	1
GleSYS AB	aberration.nu	1
hyp.net	sistaminuten.nu	1
ACTIVE 24, s.r.o.	maglev.nu	1
2is.nl	OVH SAS	1
Signet B.V.	garageplanning.nu	1
LIQUIDWEB	appelgren.nu	1
Signet B.V.	joiningforces.nu	1
wecloudithosting.nl	cqhosting.com	2
markmonitor.com	MICROSOFT-CORP-MSN-AS-BLOCK	2
DIGITALOCEAN-ASN	hseq.nu	1
Yelles AB	pedagogik.nu	1
godkandbatverkstad.nu	godkandbatverkstad.nu	1
ACTIVE 24, s.r.o.	clownmedicin.nu	1
mijndnsserver.nl	aircobestellen.nu	1
vivawebhost.com	casinoapp.nu	1
cowxl.nl	cowxl.nl	1
GleSYS AB	stockenberg.nu	1
DIGITALOCEAN-ASN	hartwijs.nu	1
DIGITALOCEAN-ASN	bemoved.nu	1
Eurofiber Cloud Infra B.V.	commit.nu	1
OVH SAS	sus.nu	1
DIGITALOCEAN-ASN	terry.nu	1
loopia.se	CLOUDFLARENET	12
Yelles AB	lischke.nu	1
DIGITALOCEAN-ASN	humanbeing.nu	1
dn-s.nl	leks.nu	1
tutus.se	tutus.se	1
Signet B.V.	right2bforgotten.nu	1
oderland.com	elvnas.nu	1
domainit.com	domainit.com	4
Hetzner Online GmbH	bmiberekenen.nu	1
ODERLAND Webbhotell AB	leadser.nu	1
wappstarsdns10.nl	GOOGLE	1
Yelles AB	varjajuridik.nu	1
Yelles AB	restips.nu	1
cloud86.nl	mdn.nu	1
netunity.net	truecolors.nu	1
CLDIN B.V.	alphamegahosting.com	2
nefel.nu	nefel.nu	1
in2ip.nl	in2ip.net	1
gns.se	Yelles AB	1
Hetzner Online GmbH	hoasted.com	1
loopia.se	Heinlein-Support GmbH	4
Yelles AB	pixla.nu	1
CLOUDFLARENET	lkwellness.nu	1
crossnet.se	crossnet.se	1
lemonbit.nl	GOOGLE	1
famlj.se	famlj.se	1
Intention B.V.	wijbesparenenergie.nu	1
Signet B.V.	mwt.nu	1
ACTIVE 24, s.r.o.	pingstkyrkan.nu	1
linode.com	qss.nu	1
Yelles AB	svedo.nu	1
plover.nl	MICROSOFT-CORP-MSN-AS-BLOCK	1
com.br	MICROSOFT-CORP-MSN-AS-BLOCK	1
MICROSOFT-CORP-MSN-AS-BLOCK	tyrens.se	5
CLDIN B.V.	approvedgreen.nu	1
cloud86.nl	APPLE-ENGINEERING	1
CLOUDFLARENET	gratisanalporrfilmer.nu	1
Nessus GmbH	easyname.eu	2
CLDIN B.V.	denherder.nu	1
Yelles AB	abcde.nu	1
Signet B.V.	zpd.nu	1
ACTIVE 24, s.r.o.	bauhn.nu	1
Miss Hosting AB	danieleriksson.nu	1
dnsnode.net	millnert.se	1
quicns.cloud	OVH SAS	1
anywise.net	silesta.net	1
GleSYS AB	sidensjo.nu	1
ACTIVE 24, s.r.o.	belleadvokat.nu	1
CLDIN B.V.	tastychallenge.nu	1
Yelles AB	betalningsanmarkning.nu	1
Yelles AB	jas.nu	1
ipsis.nl	dootall.com	1
team.blue Denmark A/S	sugaring.nu	1
ACTIVE 24, s.r.o.	krutkungen.nu	1
slampaq.com	goedbezigweert.nu	1
cloud86.nl	goreview.nu	1
Signet B.V.	stedelink.nu	1
IP Visie Networking B.V.	spothost.nl	2
snel.com	netpolis.nu	1
One.com A/S	beperfect.nu	1
Yelles AB	skolmaterial.nu	1
chalmers.se	MICROSOFT-CORP-MSN-AS-BLOCK	1
quicns.cloud	skjorta.nu	1
CLOUDFLARENET	croons.se	1
plaza.nl	belevingstheater.nu	1
Yelles AB	wennerstrand.nu	1
zoneedit.com	Proton AG	1
Signet B.V.	nuvision.nu	1
cewebhosting.nl	scharniermal.nu	1
DIGITALOCEAN-ASN	medifact.nu	1
CLOUDFLARENET	kenemedia.nl	1
ipcom GmbH	diflex.se	1
ACTIVE 24, s.r.o.	ameto.nu	1
CLDIN B.V.	os-mail.com	1
ACTIVE 24, s.r.o.	skimsafe.nu	1
LIQUIDWEB	information.nu	1
Eurofiber Cloud Infra B.V.	ovp.nu	1
ACTIVE 24, s.r.o.	odf.nu	1
ACTIVE 24, s.r.o.	jenx.nu	1
nafia.nu	nafia.nu	1
thednscompany.com	mail.rankingthestars	1
dn-s.nl	postduif.nu	1
One.com A/S	marpet.nu	1
TrueFullstaq B.V.	viviq.nu	1
hosting-dienst.com	MICROSOFT-CORP-MSN-AS-BLOCK	2
abedns.net	trendmicro.eu	1
ACTIVE 24, s.r.o.	traktor.nu	1
CLOUDFLARENET	vegebom.nu	1
zoneedit.com	nkp.nu	1
CLDIN B.V.	perfectkeur.nu	1
Yelles AB	mickelin.nu	1
Signet B.V.	tuurlijk.nu	1
Signet B.V.	vracademy.nu	1
cloud86.nl	ravot.nu	1
CLOUDFLARENET	takspecialisterna.nu	1
GleSYS AB	falugruppen.com	1
CLOUDFLARENET	whitepowder.nu	1
Yelles AB	multiparking.nu	1
OVH SAS	annonser.nu	1
DIGITALOCEAN-ASN	Fastmail Pty Ltd	1
Signet B.V.	fotobooth.nu	1
team.blue Denmark A/S	revisky.dk	1
DIMENOC	echoes.nu	1
ACTIVE 24, s.r.o.	ong.nu	1
Schokker IT B.V.	uship.nu	1
eigen-domein.be	MICROSOFT-CORP-MSN-AS-BLOCK	1
Miss Hosting AB	kulturdirekt.nu	1
SURF B.V.	SURF B.V.	5
Luna.nl B.V.	luna.net	2
neostrada.nl	taxconnection.nu	1
ipcom GmbH	ermis.cloud	1
cb.dk	MICROSOFT-CORP-MSN-AS-BLOCK	1
drukmedia.nl	cavalleriarusticana.nu	1
CLDIN B.V.	bo-rent.nu	1
awsdns-00.net	AMAZON-02	1
ACTIVE 24, s.r.o.	waldeck.nu	1
exonet.nl	elmagroep.com	1
LIQUIDWEB	sjodahl.nu	1
Signet B.V.	inpact.nu	1
ACTIVE 24, s.r.o.	snusoutlet.nu	1
Yelles AB	nofu.nu	1
CLDIN B.V.	belnu.nu	1
qbixx.nl	vrijgezellendag.nu	1
GleSYS AB	fehrm.nu	1
Signet B.V.	hartresonantie.nu	1
LIQUIDWEB	lineage.nu	1
Hetzner Online GmbH	damkjaer.nu	1
Yelles AB	sjukvardsforsakring.nu	1
Computel Standby BV	GOOGLE	1
Signet B.V.	teebox.nu	1
CLOUDFLARENET	natuurhuisjes.nu	1
team.blue Denmark A/S	wekoagromachinery.nu	1
lodewijkict.nl	trustpilot.nu	1
GOOGLE	livtag.nu	1
cloud86.nl	levenzonderrugpijn.nu	1
team.blue Denmark A/S	purevision.nu	1
CLOUDFLARENET	ccc.nu	1
Signet B.V.	pallet.nu	1
pro-serve.eu	MICROSOFT-CORP-MSN-AS-BLOCK	1
dnssrv.nl	takomst.nu	1
cloudns.net	omlrb.com	1
Signet B.V.	mdw.nu	1
Signet B.V.	essence.nu	1
mainloop.net	castor.nu	1
Serverius Holding B.V.	ondt.nu	1
LEVEL3	taiwan.nu	1
server-2.nl	mamamelk.nu	1
hostnet.nl	doict4u.nl	1
hippie.nu	hippie.nu	1
Yelles AB	rcy.nu	1
instantxs.nl	MICROSOFT-CORP-MSN-AS-BLOCK	1
Yelles AB	mjo.nu	1
webb.net	mjw.nu	1
Signet B.V.	verslag.nu	1
CLOUDFLARENET	domeinnamen.nu	1
ipcom GmbH	emailarray.com	1
NUCDN	santen.nu	1
loopia.se	rbox.nu	1
basisdns.com	basemail.com	6
wh2ahosted.nl	bellenmetip.nu	1
one.com	theearth.nu	1
CLOUDFLARENET	krydderi.nu	1
forss.net	azurepack.com	1
ACTIVE 24, s.r.o.	helion.nu	1
ACTIVE 24, s.r.o.	curla.nu	1
time4vps.com	time4vps.com	1
CLOUDFLARENET	bosscha.nu	1
tuxido.se	tuxido.se	1
Bahnhof AB	granska.nu	1
mijndnsserver.nl	vservs.net	1
ACTIVE 24, s.r.o.	lvlup.nu	1
mijndnsserver.nl	formex.nl	1
GleSYS AB	gorling.se	1
blackgate.nl	MICROSOFT-CORP-MSN-AS-BLOCK	1
ipcom GmbH	harrisburger.de	2
CLOUDFLARENET	ip2.net	1
ACTIVE 24, s.r.o.	fvbk.nu	1
Contabo GmbH	rondje-limburg.nu	1
assistweb.nl	synorga.nu	1
hostnet.nl	loopz.nu	1
CLOUDFLARENET	ekoll.nu	1
DIGITALOCEAN-ASN	zandstralen.nu	1
Signet B.V.	desnackbar.nu	1
yourdomainprovider.net	mtaroutes.com	1
Signet B.V.	volledigvrij.nu	1
Yelles AB	endre.nu	1
Yelles AB	xn--tgtider-exa.nu	1
LIQUIDWEB	kup.nu	1
den.ru	ve.nu	1
surfnet.fi	MICROSOFT-CORP-MSN-AS-BLOCK	1
Yelles AB	granlo.se	1
mediamatic.nl	mediamatic.nl	1
Signet B.V.	mhc.nu	1
Yelles AB	feke.nu	1
BIT BV	transport.nu	1
ACTIVE 24, s.r.o.	hipparion.nu	1
GleSYS AB	lif.nu	1
CLOUDFLARENET	intyg.nu	1
hcdns.nl	rienstra.nu	1
ACTIVE 24, s.r.o.	stjarnlov.nu	1
nixihost.com	rinoa.nu	1
ports.se	mataffaren.se	1
rackns.net	stampel.nu	1
Yelles AB	tryggel.nu	1
scandinavianhosting.se	mnsushi.nu	1
concera.com	autooccasion.nu	1
Signet B.V.	website-maken.nu	1
Host Europe GmbH	uon.nu	1
aland.net	MICROSOFT-CORP-MSN-AS-BLOCK	1
Signet B.V.	ai-office.nu	1
team.blue Denmark A/S	elshoppen.nu	1
MICROSOFT-CORP-MSN-AS-BLOCK	CLDIN B.V.	1
Signet B.V.	club-assistent.nl	1
CLOUDFLARENET	materiaal.nu	1
LeaseWeb Netherlands B.V.	jilisautobedrijven.nu	1
Signet B.V.	personeelsfeest.nu	1
universityofsweden.nu	universityofsweden.nu	1
windonet.nl	eurodrive.nu	1
Yelles AB	ojala.nu	1
Miss Hosting AB	sjosakerhet.nu	1
LIQUIDWEB	shaolin.nu	1
incabus.net	mixmedia.nu	1
ACTIVE 24, s.r.o.	arwin.nu	1
formmaker.nl	odr.nu	1
ipcom GmbH	halsten.nu	1
CLOUDFLARENET	senfnederland.nl	1
ACTIVE 24, s.r.o.	lajmo.nu	1
Signet B.V.	gebruiktekeukens.nu	1
dn-s.nl	cloudera.nu	1
jth.net	xn--blvand-jua.nu	1
moln-net.se	nycopia.net	1
GleSYS AB	digigraphie.nu	1
neostrada.nl	indezon.nu	1
nedport.net	nedport.net	1
ACTIVE 24, s.r.o.	lotusblomman.nu	1
one.com	ojaff.nu	1
mijndnsserver.nl	ingenieurs.nu	1
effectivahosting.nl	speelrijk.nu	1
dns.services	Christian Ebsen ApS	1
vitalogisch.nl	aandacht.nu	1
CLOUDFLARENET	toy.nu	1
hostnet.nl	basmedia.nl	3
web-solutions.dk	Cloudflare London, LLC	1
kagoya.net	kagoya.net	1
CLDIN B.V.	atlasgroep.nl	1
basemotive.com	MICROSOFT-CORP-MSN-AS-BLOCK	2
mijndnsserver.nl	topbanen.nu	1
Signet B.V.	maserati.nu	1
Telenor Norge AS	salto.nu	1
Uniserver Internet B.V.	doehetzelfdak.nu	1
Hetzner Online GmbH	fiskeri.nu	1
Signet B.V.	nymamusic.nu	1
ACTIVE 24, s.r.o.	eu-varumarke.nu	1
ACTIVE 24, s.r.o.	klaan.nu	1
BIT BV	petraschmidt.nu	1
chosting.dk	lindemann.nu	1
SECURITYSERVICES	36.150	1
Signet B.V.	wemind.nu	1
ACTIVE 24, s.r.o.	trondsen.nu	1
Yelles AB	lindapedersen.nu	1
CLOUDFLARENET	electi.nu	1
Yelles AB	warcraft.nu	1
Uniserver Internet B.V.	tenhave.nu	1
proisp.no	refinansiere.nu	1
cloud86.nl	hypnotiseur.nu	1
idiosyn.ch	idiosyn.ch	1
superfly-online.nl	MICROSOFT-CORP-MSN-AS-BLOCK	1
Hetzner Online GmbH	stefels.nu	1
CLOUDFLARENET	stockholmfillers.nu	1
The Internet Engineering Group B.V.	spandoeken.nu	1
unlimited.rs	hyraitorrevieja.nu	1
SERVERSTACK-ASN	legalporno.nu	1
SECURITYSERVICES	softish.nu	1
CLOUDFLARENET	handwritten.nu	1
hostnet.nl	ideeidee.nu	1
Signet B.V.	kieskoers.nu	1
cloud86.nl	blinck.nu	1
CLOUDFLARENET	quality.nu	1
CLOUDFLARENET	staging.nu	1
DIGITALOCEAN-ASN	leefjeleven.nu	1
MICROSOFT-CORP-MSN-AS-BLOCK	ik2.com	1
pleskssd1.nl	ikgeloof.nu	1
LIQUIDWEB	silverberg.nu	1
diagonal.se	Diagonal Forlags AB	4
mainloop.net	mainloop.net	1
MICROSOFT-CORP-MSN-AS-BLOCK	ptj.se	2
Yelles AB	armsport.nu	1
ACTIVE 24, s.r.o.	talkingbusiness.nu	1
Stichting DIGI NL	vuldomeinhierin.nl	1
OVH SAS	combray-skincare.nu	1
CLOUDFLARENET	klang.nu	1
BIT BV	COGENT-174	1
Bredband2 AB	soft.nu	4
CLOUDFLARENET	artius.nu	1
ACTIVE 24, s.r.o.	dahlstroem.nu	1
ACTIVE 24, s.r.o.	asen.nu	1
Hetzner Online GmbH	balloner.nu	1
ACTIVE 24, s.r.o.	hlen.nu	1
ACTIVE 24, s.r.o.	stensjo.nu	1
Ledl.net GmbH	duroflex.nu	1
loopia.se	coreit.se	2
Yelles AB	bragrejer.nu	1
LIQUIDWEB	thinlizzy.nu	1
case-internet.nl	scanmail.nl	2
Bahnhof AB	bvd.nu	1
Signet B.V.	ikreserveer.nu	1
GleSYS AB	nosslo.nu	1
mijndnsserver.nl	25.nu	1
team.blue Denmark A/S	schledermann.nu	1
Yelles AB	emilialindberg.nu	1
cloudbear.eu	amphicar.nu	1
GleSYS AB	engler.nu	1
addvision.nl	ccms.nl	1
Yelles AB	glasmastare.nu	1
BIT BV	kunstwerk.nu	1
Yelles AB	donum.nu	1
muntinternet.net	noorderlinge.nu	1
sectigoweb.com	yammer.nu	1
surver.nl	famco.nu	1
kimsoft.nu	kimsoft.nu	1
dn-s.nl	brom.nu	1
LIQUIDWEB	komm.nu	1
mijndnsserver.nl	doelbewust.nl	3
ovardian.com	max-it.nu	1
cloud86.nl	eindbaas.nu	1
GleSYS AB	labuddies.nu	1
MICROSOFT-CORP-MSN-AS-BLOCK	iphmx.com	1
b-smarthosting.net	afbeeldingen.nu	1
unknown	nctc.nu	1
GleSYS AB	rordam.nu	1
GleSYS AB	Cloudflare London, LLC	1
ipcom GmbH	datakraft.se	1
DIGITALOCEAN-ASN	horseonline.nu	1
Signet B.V.	vijzen.nu	1
CLOUDFLARENET	peterlindstrom.nu	1
Signet B.V.	sawp.nu	1
Yelles AB	baconman.nu	1
Yelles AB	fietsje.nu	1
cloudns.net	pompom.nu	1
cyberdns.nl	sportschool.nu	1
edelkey.net	team.blue Denmark A/S	1
Schokker IT B.V.	hengelsport.nu	1
ACTIVE 24, s.r.o.	hitmaker.nu	1
CLOUDFLARENET	petitesse.nu	1
co.uk	reflexvrij.nu	1
Signet B.V.	brains.nu	1
Telia Company AB	edstrom.nu	1
High5! B.V.	CLDIN B.V.	2
Yelles AB	thastrom.nu	1
dnt-internetservice.nl	cursussmartphonefotografie.nu	1
LeaseWeb Netherlands B.V.	iuro.nl	1
Signet B.V.	monocoatwebshop.nu	1
DIGITALOCEAN-ASN	euv.nu	1
Infopact Netwerkdiensten B.V.	conti.nu	1
ACTIVE 24, s.r.o.	malms.nu	1
ACTIVE 24, s.r.o.	bergmanfamily.nu	1
webb.net	GOOGLE	4
Signet B.V.	nrc-deluxe.nu	1
Duocast B.V.	boo.nu	1
Signet B.V.	signagecloud.nu	1
CLDIN B.V.	Cyso Group B.V.	1
BIT BV	veegmachine.nu	1
axc.nl	made.nu	1
Uniserver Internet B.V.	boxeragri.nu	1
lemonlime.se	ZOHO Corporation B.V	1
ACTIVE 24, s.r.o.	nvkk.nu	1
GleSYS AB	sept.nu	1
Host Europe GmbH	slagkracht.nl	1
zoneedit.com	dfalm.nu	1
ACTIVE 24, s.r.o.	hillye.nu	1
DIGITALOCEAN-ASN	moeder.nu	1
Bahnhof AB	salabanan.nu	1
Fundaments B.V.	webmakers.nu	1
c4a.nl	vcio.nu	1
CLDIN B.V.	zonfortuin.nu	1
CLOUDFLARENET	itdata.nu	1
OVH SAS	deklep.nu	1
mijndnsserver.nl	dsvleven.nu	1
Yelles AB	exposio.nu	1
ODERLAND Webbhotell AB	tusenfotingen.nu	1
CLOUDFLARENET	sunpoint.nu	1
citypuls.se	citypuls.se	1
dcube-resource.be	dcube-resource.be	1
CLDIN B.V.	hogt.nu	1
DIGITALOCEAN-ASN	dozen-op-maat.nu	1
avalonia.com	MICROSOFT-CORP-MSN-AS-BLOCK	1
CLOUDFLARENET	promoshops.nu	1
Accenture B. V.	expopoint.nu	1
unknown	pensioenvoldoen.nu	1
Signet B.V.	fundiq.nu	1
is-fun.net	Safenames Ltd.	5
ACTIVE 24, s.r.o.	limboz.nu	1
Signet B.V.	topfit.nu	1
budget-web-server.biz	kantoorplant.nu	1
ACTIVE 24, s.r.o.	stiftelsen1000mojligheter.nu	1
uxw.nl	6pack.nu	1
2com2.eu	cocreating.nu	1
dnssrv.nl	followmychallenge.nu	1
LIQUIDWEB	ton.nu	1
bluegelwebsitehosting.com	bluegelwebsitehosting.com	1
slik.eu	managedsecurityservice.nu	1
Uniserver Internet B.V.	overmaken.nu	1
CLOUDFLARENET	relyonclinic.nu	1
One.com A/S	terra-energy.nu	1
HURRICANE	cvd.nu	1
eqweb.nl	eqweb.nl	1
CLDIN B.V.	uitvaartvenray.nu	1
Infracom Holding B.V.	MICROSOFT-CORP-MSN-AS-BLOCK	2
AMAZON-02	Proton AG	1
ACTIVE 24, s.r.o.	storpack.nu	1
ACTIVE 24, s.r.o.	beit.nu	1
CLOUDFLARENET	pixelplus.nu	1
One.com A/S	brombacher.nu	1
The Internet Engineering Group B.V.	trouwambtenaar.nu	1
2makeitwork.nl	MICROSOFT-CORP-MSN-AS-BLOCK	2
Yelles AB	ljunggrens.nu	1
Signet B.V.	cemetery.nu	1
datismijn.com	macbookrepair.nu	1
BIZLAND-SD	bowls.nu	1
Yelles AB	bassam.nu	1
CLOUDFLARENET	welkewarmtepomp.nu	1
heiperweb.nl	MICROSOFT-CORP-MSN-AS-BLOCK	1
triple-interactive.com	vindalles.nu	1
GleSYS AB	xn--dckcenter-v2a.nu	1
cloud86.nl	energizekids.nu	1
renaissance.nl	GOOGLE	1
CLOUDFLARENET	sanitairkopen.nu	1
neostrada.nl	meetyournextproject.nu	1
Signet B.V.	immenso.nu	1
nmugroup.com	mailchannels.net	1
ACTIVE 24, s.r.o.	198.18	1
SECURITYSERVICES	dnsassurance.com	2
CLOUDFLARENET	byebyebike.nu	1
CLOUDFLARENET	netcasino.nu	1
CLOUDFLARENET	seoguiden.nu	1
Signet B.V.	koolmoes.nu	1
Yelles AB	inreda.nu	1
ballooning.nu	ballooning.nu	1
etableraweb.net	7hs.nu	1
one.com	neumann.nu	1
Signet B.V.	verkooptalent.nu	1
Telia Company AB	huso.nu	1
neostrada.nl	ascgroup.nu	1
loopia.se	senzum.com	2
ACTIVE 24, s.r.o.	isma.nu	1
ACTIVE 24, s.r.o.	genarp.nu	1
netbiz.nl	associatedegree.nu	1
ACTIVE 24, s.r.o.	xn--personligtrnare-blb.nu	1
MICROSOFT-CORP-MSN-AS-BLOCK	Cloudflare London, LLC	2
ilait.se	Hostek AB	1
CLOUDFLARENET	dawi.nu	1
loopia.se	joda.se	1
GleSYS AB	skarpnack.nu	1
Yelles AB	infotext.nu	1
mijndnsserver.nl	academio.nu	1
team.blue Denmark A/S	bwt-vand.nu	1
one.com	holger.nu	1
zwierhosting.nl	samenvitaal.nu	1
bthosting.eu	bthosting.nu	1
Signet B.V.	spraakwater.nu	1
loopia.se	y-i.se	1
Signet B.V.	dokternodig.nu	1
Yelles AB	imat.nu	1
world4you.at	hotspot.nu	1
DLX A/S	MICROSOFT-CORP-MSN-AS-BLOCK	1
BIT BV	dafjeweg.nu	1
ACTIVE 24, s.r.o.	pvakeri.nu	1
ACTIVE 24, s.r.o.	friform.nu	1
AMAZON-02	lekkersnel.nu	1
Netwerkvereniging Coloclue	Serverius Holding B.V.	3
Signet B.V.	fw.nu	1
DIGITALOCEAN-ASN	degouw.nu	1
d4vps2.nl	MICROSOFT-CORP-MSN-AS-BLOCK	1
Signet B.V.	leesentelmee.nu	1
Yelles AB	ismarker.nu	1
LeaseWeb Netherlands B.V.	rvaring.nu	1
GleSYS AB	axiansonline.se	1
atznet.dk	Christian Ebsen ApS	2
Signet B.V.	qfc.nu	1
One.com A/S	foundation.nu	1
Serverius Holding B.V.	huverba.nu	1
Netsite A/S	networkcommunication.nu	1
Webland AB	watchguard.nu	1
hostinguk.net	MICROSOFT-CORP-MSN-AS-BLOCK	1
certezza.net	hxr.nu	1
Signet B.V.	down-under.nu	1
britt.se	britt.se	1
ns14.net	buy-xenical.nu	1
gewoon-it.net	keramischeterrastegels.nu	1
wk.se	arekommun.nu	1
Uniserver Internet B.V.	repairplan.nu	1
Signet B.V.	oncologie.nu	1
cyberserv.nl	enid.nu	1
agn-solutions.net	krissy.nu	1
team.blue Denmark A/S	ZOHO-AS	3
NUCDN	ODERLAND Webbhotell AB	1
serverhostgroup.com	volvox.nu	1
Signet B.V.	testmonitor.nu	1
Uniserver Internet B.V.	legalbreeze.nu	1
CLOUDFLARENET	lev.nu	1
Signet B.V.	descheidingsmediator.nu	1
awsdns-14.org	GOOGLE	1
CLOUDFLARENET	kilgren.nu	1
The Internet Engineering Group B.V.	helderinzicht.nu	1
CLDIN B.V.	lingen.nu	1
hostmonster.com	apprentice.nu	1
ACTIVE 24, s.r.o.	elevrad.nu	1
loopia.se	apis.nu	1
ACTIVE 24, s.r.o.	falkenberg.nu	1
ACTIVE 24, s.r.o.	tandvardsgruppen.nu	1
LeaseWeb Netherlands B.V.	b-served.nu	1
dn-s.nl	kij.nu	1
ipcom GmbH	xn--sljahusbil-q5a.nu	1
localhosting.nl	MICROSOFT-CORP-MSN-AS-BLOCK	1
futureweb.be	futureweb.be	2
sohosted18.com	CLDIN B.V.	1
CLOUDFLARENET	ithotellet.se	1
DIGITALOCEAN-ASN	rutten.nu	1
trouble-free.net	veronapizzeria.nu	1
ACTIVE 24, s.r.o.	atletklubben.nu	1
Miss Hosting AB	bimmer.nu	1
CLDIN B.V.	taalwerkplaats.nu	1
loopia.se	nmd.nu	1
ACTIVE 24, s.r.o.	enjoymeals.nu	1
CLOUDFLARENET	kugledyne.nu	1
100procent.com	100procent.com	4
Hetzner Online GmbH	bookentid.nu	1
LIQUIDWEB	engholm.nu	1
CLOUDFLARENET	postreklam.nu	1
team.blue Denmark A/S	nerdmail.nu	1
SECURITYSERVICES	Hostpoint AG	2
Signet B.V.	e-zooka.com	1
realworks.nl	MICROSOFT-CORP-MSN-AS-BLOCK	1
ipcom GmbH	toxichosting.se	4
mirasoft.net	salarisadvies.nu	1
One.com A/S	flowoflife.nu	1
zoneedit.com	team.blue Denmark A/S	1
Yelles AB	creativelife.nu	1
goodreason1.nl	MICROSOFT-CORP-MSN-AS-BLOCK	1
DIGITALOCEAN-ASN	AMAZON-02	4
OVH SAS	pb51.nu	1
helsingborg.se	MICROSOFT-CORP-MSN-AS-BLOCK	1
CLOUDFLARENET	bildbolaget.nu	1
LeaseWeb Netherlands B.V.	list.nu	1
websupport.sk	daniela.nu	1
Signet B.V.	sgweredi.nu	1
MICROSOFT-CORP-MSN-AS-BLOCK	Uniserver Internet B.V.	1
wadax-sv.jp	wadax-sv.jp	1
Infopact Netwerkdiensten B.V.	CLOUDFLARENET	1
ACTIVE 24, s.r.o.	harplinge.nu	1
Yelles AB	hjalmars.nu	1
The Internet Engineering Group B.V.	deklant.nu	1
GleSYS AB	cochleaimplantat.nu	1
zeta.nl	MICROSOFT-CORP-MSN-AS-BLOCK	1
Yelles AB	sda.nu	1
yourdomainprovider.net	helpful.nu	1
Signet B.V.	wdv10.nl	1
Yelles AB	helleberg.nu	1
DIGITALOCEAN-ASN	geologie.nu	1
MICROSOFT-CORP-MSN-AS-BLOCK	dezorgleert.nu	1
koneo.net	koneo.net	3
DIGICERT	sunet.se	1
exonet.nl	goedkoopstenotaris.nu	1
NSONE	fb-t-msedge.net	1
kcs-netz.de	augen-blick.nu	1
ACTIVE 24, s.r.o.	aschan.nu	1
incoghost.com	ozempic.nu	1
ACTIVE 24, s.r.o.	lundvall.nu	1
GlobalConnect A/S	Hostek AB	1
CLOUDFLARENET	fnec.nu	1
idfnv.net	sunbeds.nu	1
contentserver.be	MICROSOFT-CORP-MSN-AS-BLOCK	1
cloud86.nl	echt.nu	1
GleSYS AB	hadetgott.nu	1
GOOGLE	smartemail.se	2
proisp.no	prismatch.nu	1
Miss Hosting AB	pulp.nu	1
datismijn.com	maasgouw.nu	1
Bizway BV	vrijwilligersplatform.nu	1
ACTIVE 24, s.r.o.	hyrenbuss.nu	1
Cygrids Communications AB	hedblom.nu	1
Yelles AB	bartholf.nu	1
amphora.nl	GOOGLE	1
One.com A/S	spoony.nu	1
Miss Hosting AB	kunekune.nu	1
We Dare B.V.	kasia.nu	1
Signet B.V.	ontheroad.nu	1
LeaseWeb Netherlands B.V.	golfreisen.nu	1
Signet B.V.	moneybird.nu	1
NUCDN	trendic.nu	1
srv-console.com	olzzon.nu	1
neostrada.nl	dagelijkse.nu	1
one.com	bellaitalia.nu	1
alidns.com	mxhichina.com	1
CLOUDFLARENET	akc.nu	1
box.nl	MICROSOFT-CORP-MSN-AS-BLOCK	1
Signet B.V.	roumen.nu	1
maakum.nl	MICROSOFT-CORP-MSN-AS-BLOCK	1
Signet B.V.	unidoict.com	1
Serverius Holding B.V.	hittasex.nu	1
Uniserver Internet B.V.	urice.nu	1
Yelles AB	eioab.nu	1
Signet B.V.	cfd.nu	1
AMAZON-02	contactlenzen.nu	1
cloud86.nl	spamdefence.nl	1
actium.nl	actium.nu	1
Yelles AB	ludwig.nu	1
griffel.se	griffel.se	5
LIQUIDWEB	APPLE-ENGINEERING	4
TrueFullstaq B.V.	swifterbant.nu	1
caederus.net	caederus.net	1
Signet B.V.	tangermarkt.nu	1
qonvoy.cloud	Heinlein-Support GmbH	1
Yelles AB	travtipset.nu	1
DirectVPS B.V.	dagvandearchitectuur.nu	1
absolutushost.nl	rosan.nu	1
qbixx.nl	bedrijfsfeest.nu	1
Signet B.V.	uitzendinggemist.nu	1
Hetzner Online GmbH	cafemax.nu	1
CLOUDFLARENET	betyder.nu	1
DIGITALOCEAN-ASN	afsluiten.nu	1
Signet B.V.	glasenkozijn.nu	1
bsconnect.nl	MICROSOFT-CORP-MSN-AS-BLOCK	4
hostlinq.nl	MICROSOFT-CORP-MSN-AS-BLOCK	1
Cygrids Communications AB	lantluft.nu	1
Miss Hosting AB	stas.nu	1
Signet B.V.	infraroodsauna.nu	1
Zylon	zylon.net	3
o2switch.net	zm.nu	1
Cloud DNS Ltd	everyone.net	1
vcloudhosting.eu	interni.nu	1
CLOUDFLARENET	zoya.nu	1
hostnet.nl	sendgrid.net	1
exonet.nl	dierenverzekering.nu	1
CLOUDFLARENET	hanner.nu	1
CLOUDFLARENET	agard.nu	1
DIGITALOCEAN-ASN	dyna.nu	1
rzone.de	Cloudflare London, LLC	1
CLDIN B.V.	samenkomen.nu	1
Hetzner Online GmbH	fredslund.nu	1
Signet B.V.	valueequitypartners.nu	1
name-services.com	MICROSOFT-CORP-MSN-AS-BLOCK	3
ACTIVE 24, s.r.o.	gosa.nu	1
dn-s.nl	sportevents.nu	1
Webland AB	hondamc.nu	1
5269.nl	ik.nu	2
One.com A/S	datagrip.nu	1
hostnet.nl	assemblage.nu	1
loopia.se	ebbapettersson.nu	1
ACTIVE 24, s.r.o.	modernretrodesign.nu	1
One.com A/S	wereldkind.nu	1
yourdomainprovider.net	reporters.nu	1
GOOGLE	ZOHO Corporation B.V	1
opensolution.se	GlobalConnect AB	1
ACTIVE 24, s.r.o.	prim.nu	1
team.blue Denmark A/S	mailadmin.nu	1
Yelles AB	jsab.nu	1
CLOUDFLARENET	mbbygg.nu	1
CLOUDFLARENET	scala.nu	1
ipcom GmbH	bramw.nl	1
CLOUDFLARENET	stablehost.com	2
Yelles AB	myhifi.nu	1
CLOUDFLARENET	bubbelbadkopen.nu	1
driftshotellet.com	skellnet.se	2
hix.nl	catstv.nu	1
ACTIVE 24, s.r.o.	vivanco.nu	1
ACTIVE 24, s.r.o.	lovepaws.nu	1
megpanel.com	studioinspelning.nu	1
Yelles AB	hogakust.nu	1
yourdomainprovider.net	griffioen.nu	1
The Internet Engineering Group B.V.	Fastmail Pty Ltd	1
keurigonline64.nl	yand.nu	1
dn-s.nl	beeldwacht.nu	1
CLOUDFLARENET	followthedata.nu	1
ipcom GmbH	rivningsfirmastockholm.nu	1
ospito.eu	creativetalks.nu	1
one.com	ruja.dk	1
One.com A/S	pelgrimeren.nu	1
Combell NV	vacature-databank.nu	1
Yelles AB	vastkusten.nu	1
LeaseWeb Netherlands B.V.	zonnehof.nu	1
hostnet.nl	oudijzerwestland.nu	1
ACTIVE 24, s.r.o.	anab.nu	1
ACTIVE 24, s.r.o.	original.nu	1
ipcom GmbH	domaincrawler.com	1
Netsite A/S	heimdalsecurity.com	1
SECURITYSERVICES	vikingdirect.nl	4
AMAZON-02	inbouwkasten.nu	1
CLOUDFLARENET	bingo-bonus.nu	1
CLOUDFLARENET	remb.nu	1
ACTIVE 24, s.r.o.	homeside.nu	1
pin.se	sweweb.net	1
dn-s.nl	eennieuwetijdbreektaan.nu	1
DIGITALOCEAN-ASN	brouwershaven.nu	1
lemarit.de	lemarit.nu	1
LIQUIDWEB	wentzel.nu	1
Hetzner Online GmbH	porrsajter.nu	1
123-web-server.biz	lichtuit.nu	1
Signet B.V.	boodschappenlijst.nu	1
dn-s.nl	zorgvooruwbedrijf.nu	1
CLOUDFLARENET	tegelsvantoen.nu	1
loopia.se	leklan.nu	1
Infopact Netwerkdiensten B.V.	CLDIN B.V.	1
Yelles AB	jamma.nu	1
Signet B.V.	viacode.nu	1
ACTIVE 24, s.r.o.	kallax.nu	1
LIQUIDWEB	kieron.nu	1
Yelles AB	westerberg.nu	1
CLOUDFLARENET	v75.nu	1
smallhold-hosting-6.nl	MICROSOFT-CORP-MSN-AS-BLOCK	1
koneovbg.se	MICROSOFT-CORP-MSN-AS-BLOCK	2
neostrada.nl	smartegrid.nu	1
AMAZON-02	prioritet.nu	1
Yelles AB	larseriksson.nu	1
Yelles AB	bfk.nu	1
CLOUDFLARENET	huiskesmetaal.nu	1
loopia.se	Bahnhof AB	3
Telia Company AB	xn--energiberkning-eib.nu	1
jdi-dns.nl	Fundaments B.V.	1
ipcom GmbH	k7.nu	1
hypernode.com	MICROSOFT-CORP-MSN-AS-BLOCK	1
Signet B.V.	refleet.nu	1
DIGITALOCEAN-ASN	arjen.nu	1
DIGITALOCEAN-ASN	bezieldleven.nu	1
CLDIN B.V.	antispameurope.com	1
GleSYS AB	malena.nu	1
team.blue Denmark A/S	kigud.nu	1
Yelles AB	sustainu.nu	1
Cyberfusion B.V.	cyberfusion.nl	2
Telia Company AB	castingsport.nu	1
Signet B.V.	jachtreizen.nu	1
Hetzner Online GmbH	biovin.nu	1
hostguru.nl	MICROSOFT-CORP-MSN-AS-BLOCK	1
hostnet.nl	hasci.com	1
Signet B.V.	daktuindesign.nu	1
Signet B.V.	wijnbox.nu	1
One.com A/S	energieweerbericht.nu	1
CLOUDFLARENET	NetBase BV	2
kei.pl	breto.nu	1
Yelles AB	arnesson.nu	1
trustit.se	MICROSOFT-CORP-MSN-AS-BLOCK	2
ipage.com	liquidassets.nu	1
itkontoret.se	lysell.nu	1
bok.nu	bok.nu	1
livecasinoonline.nu	livecasinoonline.nu	1
yourdomainprovider.net	itsyourday.nu	1
cloud86.nl	kce.nu	1
fatcow.com	capsule.nu	1
loopia.se	macken.nu	1
LIQUIDWEB	marino.nu	1
LeaseWeb Netherlands B.V.	bs-security.nu	1
nl-ict.net	afvalcontainers.nu	1
thednscompany.com	vastgoedmanagement.nu	1
Signet B.V.	carlvandevelde.nu	1
easyname.se	MICROSOFT-CORP-MSN-AS-BLOCK	2
dnsdomene.net	bjorlo.nu	1
Infopact Netwerkdiensten B.V.	circleoflife.nu	1
Hetzner Online GmbH	arb.nu	1
Uniserver Internet B.V.	vorige-levens.nu	1
CLOUDFLARENET	caleres.nu	1
CLOUDFLARENET	festfixare.nu	1
ipcom GmbH	23M GmbH	2
GleSYS AB	andreasfoto.nu	1
123hosting-server.net	flinker.nu	1
BIT BV	bioplant.nu	1
SWITCH	MICROSOFT-CORP-MSN-AS-BLOCK	2
conocidosrv05.nl	peservices.nu	1
Signet B.V.	linky.nu	1
LeaseWeb Netherlands B.V.	ihouse.nu	1
Telia Company AB	fohrman.nu	1
first-ns.de	denskaldedekok.nu	1
Signet B.V.	hartzaken.nu	1
incabus.net	foxdesign.se	1
hostnet.nl	qqs.nu	1
serverhostgroup.com	yourself.nu	1
Signet B.V.	dataclean.nu	1
ACTIVE 24, s.r.o.	kukab.nu	1
ports.se	24casino.nu	1
one.com	tornado-mail.com	3
eleven2.com	GOOGLE	1
Signet B.V.	moniek.nu	1
webb-partner.se	engra.nu	1
Yelles AB	ajz.nu	1
Hetzner Online GmbH	txh.nu	1
GleSYS AB	nevel.nu	1
Miss Hosting AB	nka.nu	1
CLDIN B.V.	eisen.nu	1
ACTIVE 24, s.r.o.	fiberfel.nu	1
NSONE	netlify.app	1
thednscompany.com	trance4motion.nu	1
linode.com	binadit.com	1
mijndnsserver.nl	mijnwebsite.nu	1
worldnet.se	MICROSOFT-CORP-MSN-AS-BLOCK	2
markmonitor.com	markmonitor.com	5
dn-s.nl	steffanrodel.nu	1
loopia.se	hedvall.se	1
WorldStream B.V.	CLOUDFLARENET	3
mildmedia.se	spamhero.com	2
Cygrids Communications AB	sabs.nu	1
ACTIVE 24, s.r.o.	johancarlstrom.nu	1
Signet B.V.	troonz.nu	1
Signet B.V.	regiodeal.nu	1
Signet B.V.	mini-tennis.nu	1
connect-to-cloud.net	MICROSOFT-CORP-MSN-AS-BLOCK	1
Yelles AB	barnsjukskoterska.nu	1
Yelles AB	alptoppen.nu	1
CLOUDFLARENET	straks.nu	1
cloudns.net	camerabeveiliging.nu	1
Signet B.V.	livehappy.nu	1
vdminet.com	vdminet.com	3
ports.se	kb1online.nu	1
Signet B.V.	single-use.nu	1
Yelles AB	bilexperten.nu	1
One.com A/S	resonanz.nu	1
Yelles AB	bucketlist.nu	1
cloud86.nl	huurrecht-advocaat.nu	1
inmotionhosting.com	olho.nu	1
CLOUDFLARENET	fir.nu	1
halden.org	bestill.nu	1
Signet B.V.	werkenbijtechnischeunie.nu	1
Signet B.V.	sendcool.nu	1
Signet B.V.	filipijnenonline.nu	1
cargo.site	NorthC Deutschland GmbH	1
DIGITALOCEAN-ASN	witten.nu	1
DIGICERT	QUICKPACKET	1
oderland.com	o-profil.nu	1
powerhosting.dk	Proton AG	1
Signet B.V.	lachgas.nu	1
iceops.se	GOOGLE	1
Yelles AB	nybronet.nu	1
Cloud DNS Ltd	bizzcom.net	4
Signet B.V.	delixl.nu	1
CLOUDFLARENET	udac.se	1
exonet.nl	quiltplaza.nu	1
Hetzner Online GmbH	kapsalonvera.nu	1
Signet B.V.	jeuk.nu	1
fekahost.nl	bonnekamp.nu	1
Signet B.V.	smartwifi.nu	1
Telenor Norge AS	elivast.nu	1
CLOUDFLARENET	prezent.nl	1
lamoon.nu	lamoon.nu	1
Yelles AB	slade.nu	1
ACTIVE 24, s.r.o.	accom.nu	1
ACTIVE 24, s.r.o.	gustavlarsson.nu	1
team.blue Denmark A/S	kampagner.nu	1
CLOUDFLARENET	liquorice.nu	1
ACTIVE 24, s.r.o.	frankel.nu	1
Signet B.V.	psproductions.nu	1
hostnet.nl	bldr.nu	1
Yelles AB	thecastle.nu	1
CLOUDFLARENET	billinger.nu	1
level27.eu	level27.eu	2
One.com A/S	ophangen.nu	1
Telia Company AB	ridsport.nu	1
GleSYS AB	indal.nu	1
oderland.com	oof.nu	1
Yelles AB	roller.nu	1
mts-ip.net	MICROSOFT-CORP-MSN-AS-BLOCK	2
DIGITALOCEAN-ASN	ikvertreknaarspanje.nu	1
Yelles AB	tyskland.nu	1
ACTIVE 24, s.r.o.	ifilm.nu	1
litespeedhosting.nl	tennistime.nu	1
Signet B.V.	ondernemersplein.nu	1
bthosting.eu	MICROSOFT-CORP-MSN-AS-BLOCK	4
zoneedit.com	ZOHO-AS	1
Signet B.V.	machanaim.nu	1
CLDIN B.V.	no-hairstudio.nu	1
ACTIVE 24, s.r.o.	kriskommunikation.nu	1
shockmedia.nl	mijou.nu	1
ACTIVE 24, s.r.o.	persan.nu	1
AMAZON-02	dyrk.nu	1
ACTIVE 24, s.r.o.	gentab.nu	1
AMAZON-02	inloopkast.nu	1
shelfy.eu	shelfy.eu	4
Yelles AB	kiropro.nu	1
DIMENOC	ijmond.nu	1
inmotionhosting.com	cattail.nu	1
dn-s.nl	mycademy.nu	1
hostnet.nl	leds4you.nu	1
Yelles AB	bbp.nu	1
ACTIVE 24, s.r.o.	palle.nu	1
exonet.nl	hockeypedia.nu	1
ACTIVE 24, s.r.o.	moberg.nu	1
raffel.net	wegmetict.nu	1
Tele2 SWIPnet	tunapark.nu	1
ACTIVE 24, s.r.o.	brora.nu	1
oderland.com	skeppsbronsbuss.nu	1
vz1205.nl	savinglives.nu	1
Hetzner Online GmbH	aitos.se	1
loopia.se	vrd.nu	1
ACTIVE 24, s.r.o.	veres.nu	1
ACTIVE 24, s.r.o.	viktorsson.nu	1
ACTIVE 24, s.r.o.	jurida.nu	1
exonet.nl	CLOUDFLARENET	3
team.blue Denmark A/S	ODERLAND Webbhotell AB	2
Yelles AB	jmsystem.nu	1
One.com A/S	gebobv.nu	1
ACTIVE 24, s.r.o.	nystartshem.nu	1
CLDIN B.V.	pleinsport.nu	1
become-it.nl	johnverhoeven.nu	1
ne.jp	cat.nu	1
webdoc.nu	MICROSOFT-CORP-MSN-AS-BLOCK	1
Zylon	zerver.info	1
stric.nl	iconick.nu	1
Yelles AB	counsellor.nu	1
Qavat AB	antispamgw.host	1
itwebhotel.dk	betterwine.nu	1
cloud86.nl	liveyourbestlife.nu	1
ACTIVE 24, s.r.o.	rikardgehlin.nu	1
GANDI SAS	Proton AG	2
ferytaleshosting1.com	puk.nu	1
Signet B.V.	receptie.nu	1
MICROSOFT-CORP-MSN-AS-BLOCK	first-step.nu	1
cloud86.nl	levenvanuitjehart.nu	1
Yelles AB	inspiravision.nu	1
loopia.se	inf.nu	1
lumik.se	Bahnhof AB	1
euhost.nl	euhost.nl	1
ACTIVE 24, s.r.o.	cirtap.nu	1
CLOUDFLARENET	chaos.nu	1
ACTIVE 24, s.r.o.	swf.nu	1
ACTIVE 24, s.r.o.	sluggo.nu	1
wk.se	jolo.nu	1
phatmedia-hosting.nl	pbtn.nu	1
ACTIVE 24, s.r.o.	solidground.nu	1
forcez.nl	Signet B.V.	1
Signet B.V.	fitnessschema.nu	1
exonet.nl	nieuwbouwwoning.nu	1
cargo.site	GOOGLE	1
Signet B.V.	gomibo.nu	1
hostnet.nl	businesswhisperers.com	1
ACTIVE 24, s.r.o.	pixelandcode.nu	1
cloud86.nl	cyberdefensie.nu	1
hsqd.nl	protectair.nu	1
dn-s.nl	durftedromen.nu	1
Yelles AB	prq.nu	1
CLOUDFLARENET	waag.nu	1
shockmedia.nl	nb-net.nl	1
Bahnhof AB	vifixar.nu	1
loopia.se	gransell.se	1
Signet B.V.	art-at-home.nu	1
ACTIVE 24, s.r.o.	stadsbyggnad.nu	1
uneedus.com	8u.nu	1
One.com A/S	tentverhuur.nu	1
LIQUIDWEB	lohmann.nu	1
Combell NV	vacaturebanken.nu	1
Bahnhof AB	franses.nu	1
aspage.nl	moving2gether.nu	1
Signet B.V.	ixl.nu	1
Signet B.V.	rootsum.nu	1
Telia Company AB	sjukhus.nu	1
One.com A/S	nicmic.nu	1
dns-dienst.nl	kattenkwaad.nu	1
Yelles AB	One.com A/S	1
CLOUDFLARENET	velo.nu	1
BIT BV	straver.nu	1
Yelles AB	foretagsevent.nu	1
myfasthosting.com	MICROSOFT-CORP-MSN-AS-BLOCK	1
ACTIVE 24, s.r.o.	metamorfos.nu	1
ACTIVE 24, s.r.o.	borjeson.nu	1
solviohosting.nl	comomeer.nu	1
tm-solutions.org	MICROSOFT-CORP-MSN-AS-BLOCK	1
Yelles AB	daybreak.nu	1
One.com A/S	dies.nu	1
LIQUIDWEB	bamba.nu	1
DIGITALOCEAN-ASN	hellobaby.nu	1
dnszones.be	57.247	1
dkhotel.dk	GOOGLE	1
IONOS SE	xn--kbenhavn-54a.nu	1
exonet.nl	passoft.nu	1
CLOUDFLARENET	revobv.nu	1
icpcorehosting.nl	MICROSOFT-CORP-MSN-AS-BLOCK	1
Miss Hosting AB	homedesign.nu	1
loopia.se	mynetname.net	1
CLDIN B.V.	allesnu.nl	1
The Internet Engineering Group B.V.	else-rieke.nu	1
pelicanict.net	pelican-ict.nl	2
raqxs.com	ictunie.nl	1
Signet B.V.	mijntu.nu	1
pock.nu	pock.nu	1
Yelles AB	gamlamejeriet.nu	1
inter-it.nl	inter-it.nl	2
Stichting DIGI NL	brisq.nu	1
Signet B.V.	verkoopplezier.nu	1
CLOUDFLARENET	rack.farm	1
Yelles AB	hellberg.nu	1
CLOUDFLARENET	powertech.no	1
cyberability.com	bosidan.nu	1
Cygrids Communications AB	hockeydomare.nu	1
hospitalityacademy.nu	hospitalityacademy.nu	1
ports.se	smamineral.com	1
LIQUIDWEB	lassmed.nu	1
DIMENOC	heemskerk.nu	1
Yelles AB	tdtgratis.nu	1
BIT BV	dansvloer.nu	1
Signet B.V.	postnl.nu	1
hostnet.nl	in-evenwicht.nu	1
CLOUDFLARENET	tankpas.nu	1
IONOS SE	ZOHO Corporation B.V	1
CLOUDFLARENET	vaarbewijs.nu	1
AMAZON-02	162.238	1
ACTIVE 24, s.r.o.	matverket.nu	1
Signet B.V.	waw.nu	1
ACTIVE 24, s.r.o.	birdhouse.nu	1
CLOUDFLARENET	objektivtest.nu	1
syse.no	tornado-mail.com	1
areait.lv	amanita.nu	1
oderland.com	finanz.nu	1
Yelles AB	liverank.nu	1
AS-VULTR	brandlab.nu	1
ports.se	casinostugan.nu	1
ACTIVE 24, s.r.o.	brockman.nu	1
Signet B.V.	livinc.nu	1
ACTIVE 24, s.r.o.	kullgren.nu	1
CLDIN B.V.	energienet.nu	1
CLDIN B.V.	eerden.nu	1
One.com A/S	spirituelenationaleunie.nu	1
loopia.se	hostingit.se	1
kleinweb.dk	kleinweb.dk	1
hsqd.nl	creativos.nu	1
Signet B.V.	giftcardswap.nu	1
Signet B.V.	informatieveiligwerken.nu	1
hostingo.nl	tkc.nu	1
Yelles AB	st16.nu	1
Yelles AB	xn--jordsklv-o0a.nu	1
one.com	ge4.dk	1
NUCDN	codan.dk	2
Yelles AB	kampanj.nu	1
Signet B.V.	vlieland.nu	1
Yelles AB	sandslott.nu	1
dnssrv.nl	colorado.nu	1
ACTIVE 24, s.r.o.	lillo.nu	1
CLDIN B.V.	alphamega.nl	3
Yelles AB	wallmedia.nu	1
Signet B.V.	berg-email.nl	1
ACTIVE 24, s.r.o.	nosurrender.nu	1
Eurofiber Cloud Infra B.V.	duurzaamheidsadvies.nu	1
registrar-servers.com	hawkins.nu	1
loopia.se	uhr.se	1
thednscompany.com	0st.nu	1
Signet B.V.	ondernemendtalent.nu	1
One.com A/S	genderdiversiteit.nu	1
CLDIN B.V.	ZOHO Corporation B.V	1
One.com A/S	pianostemmen.nu	1
ACTIVE 24, s.r.o.	nordsjoidedesign.nu	1
Yelles AB	withinreach.nu	1
ACTIVE 24, s.r.o.	roc-access.nu	1
2is.nl	aestate.nu	1
ritehosting.com	svensktv.nu	1
Signet B.V.	bbit.nu	1
webhotel24.se	scannermail.nu	1
Yelles AB	andytran.nu	1
Signet B.V.	spoedklusje.nu	1
hix.nl	werkt.nu	1
MICROSOFT-CORP-MSN-AS-BLOCK	smplr.com	1
ambrix.nl	MICROSOFT-CORP-MSN-AS-BLOCK	1
movaworks.com	CLDIN B.V.	2
thednscompany.com	keuper.nu	1
Signet B.V.	sterilisatie.nu	1
team.blue Denmark A/S	fax.tc	1
hostnet.nl	eru.nu	1
Signet B.V.	bezwaar.nu	1
Signet B.V.	atventures.nu	1
CLDIN B.V.	dokterstassen.nu	1
Signet B.V.	lease.nu	1
Eurofiber Cloud Infra B.V.	amarosa.nu	1
Miss Hosting AB	tivoli.nu	1
hix.nl	chiptunen.nu	1
Cygrids Communications AB	lowimpact.nu	1
Serverius Holding B.V.	kryt.nu	1
awsdns-28.com	GOOGLE	1
Signet B.V.	kassasoftware.nu	1
Signet B.V.	cafetaria.nu	1
Signet B.V.	flexbystellantis.nu	1
scandinavianhosting.se	GOOGLE	1
ports.se	norramasthugget.nu	1
one.com	clone.nu	1
ACTIVE 24, s.r.o.	nordiskadesignhuset.nu	1
Yelles AB	baggis.nu	1
netzozeker.net	vanbrink.nu	1
Yelles AB	mamasolo.nu	1
DIGITALOCEAN-ASN	tuindirect.nu	1
Signet B.V.	mailhet.nu	1
BIT BV	carwash4all.nu	1
Hetzner Online GmbH	tangaa.nu	1
Signet B.V.	school-ontbijt.nu	1
CJ2 Hosting B.V.	infini.nu	1
Yelles AB	sfcsverige.nu	1
zesbee.nl	GOOGLE	1
samofficedns.com	samofficedns.com	1
Signet B.V.	studentenwerk.nu	1
axc.nl	sitra.nu	1
leeuwenharthosting.net	verstuur.nu	1
Yelles AB	tindra.nu	1
Miss Hosting AB	sshs.nu	1
CLOUDFLARENET	athena-hosting.dk	1
CLOUDFLARENET	horecamannen.nu	1
grapheye.nl	hcd.nu	1
ACTIVE 24, s.r.o.	jarva.nu	1
Signet B.V.	innovactory.nu	1
scientology.net	scientology.org	4
Hetzner Online GmbH	denk-wijzer.nu	1
ACTIVE 24, s.r.o.	lofkvist.nu	1
zoneedit.com	dalangarna.se	1
ACTIVE 24, s.r.o.	monokel-eyewear.nu	1
zoneedit.com	florman.nu	1
gewoon-it.net	tuinbestrating.nu	1
CLOUDFLARENET	localhost	1
ACTIVE 24, s.r.o.	jojk.nu	1
surfnet.fi	surfnet.fi	1
Yelles AB	trelleborg-sassnitz.nu	1
mydns1.nl	mijnspamfilter.nl	1
team.blue Denmark A/S	multimed.dk	1
digitalwebhotel.com	ZOHO Corporation B.V	1
rinoa.org	snow.nu	1
GleSYS AB	lemonservice.nu	1
CLDIN B.V.	lsv.nu	1
CLOUDFLARENET	virtual.nl	1
CLOUDFLARENET	lumae.nu	1
ACTIVE 24, s.r.o.	rasken.nu	1
CLOUDFLARENET	danny.nu	1
Signet B.V.	tuinkassen.nu	1
team.blue Denmark A/S	kjellerup.nu	1
webzerlongwise.nl	Eurofiber Cloud Infra B.V.	1
cloudwebhosting.com	eutopia.nu	1
CLOUDFLARENET	dryckeskompaniet.nu	1
Cygrids Communications AB	angell.nu	1
infrapod.nl	CLDIN B.V.	2
ACTIVE 24, s.r.o.	eriksandstrom.nu	1
hostnet.nl	herinneringlinnen.nu	1
addpro.se	gpa.nu	1
hostnet.nl	YANDEX LLC	1
hostnet.nl	doneereenmondkapje.nu	1
GleSYS AB	postmarkapp.com	1
trestad.net	skoog.nu	1
GleSYS AB	alicia.nu	1
CLOUDFLARENET	neno.nu	1
CLOUDFLARENET	dokter.nu	1
Signet B.V.	opbokken.nu	1
internetportnetwork.net	internetport.se	1
ACTIVE 24, s.r.o.	obert.nu	1
GOOGLE	mijn.host B.V.	2
xolution.se	sfuo.nu	1
Signet B.V.	vloerverwarming-doorspoelen.nu	1
hostland.ru	poses.nu	1
GlobalConnect AB	cgm.nu	1
weservit.eu	compustam-cloud.nu	1
dn-s.nl	zevim.nu	1
domainvendor.com	javagaming.nu	1
Uniserver Internet B.V.	thatsyours.nl	1
netim.net	mailthriller.com	1
straznet.se	MICROSOFT-CORP-MSN-AS-BLOCK	1
ipcom GmbH	antoine.nu	1
benders.se	benders.se	2
oderland.com	casino-med-snabba-uttag.nu	1
Bizway BV	oliebol.nu	1
UpCloud Ltd	cloudemail.be	3
Signet B.V.	tegenpartij.nu	1
Signet B.V.	ontvang.nu	1
CLDIN B.V.	ikajo.nu	1
hix.nl	maakhetmee.nu	1
GleSYS AB	freand.nu	1
sisd.nl	murk.nu	1
Yelles AB	mugg.nu	1
xnk.nu	xnk.nu	2
Yelles AB	jolie.nu	1
DIGITALOCEAN-ASN	leefkracht.nu	1
securenameserver31.net	Eurofiber Cloud Infra B.V.	1
hostnet.nl	Cyso Group B.V.	1
Signet B.V.	fractional.nu	1
AUTOMATTIC	AMAZON-02	2
cloud86.nl	bavinck.nu	1
ACTIVE 24, s.r.o.	xn--klistermrken-ncb.nu	1
Signet B.V.	footgolf.nu	1
Signet B.V.	GOOGLE-CLOUD-PLATFORM	6
dn-s.nl	laad.nu	1
yourwebhoster.com	WorldStream B.V.	1
myfcloud.com	Fastmail Pty Ltd	1
Yelles AB	middleearth.nu	1
co.uk	nous.nu	1
DIGITALOCEAN-ASN	mobilguiden.nu	1
CLDIN B.V.	elissen.com	1
Signet B.V.	weflycheap.nu	1
cloud86.nl	theartofjoy.nu	1
Signet B.V.	assets.nu	1
team.blue Denmark A/S	skolemat.nu	1
CLOUDFLARENET	huizen.nu	1
Communications Security Net B.V.	louter.nu	1
The Internet Engineering Group B.V.	GOOGLE	5
pt38sy-lwsites.com	investeringssparkonto.nu	1
slampaq.com	heplatform.nl	1
ACTIVE 24, s.r.o.	skogstekniska.nu	1
CLOUDFLARENET	micropaus.nu	1
GleSYS AB	orto.nu	1
Signet B.V.	mindbender.nu	1
mux.nu	mux.nu	2
cloudns.net	ZOHO Corporation B.V	2
ACTIVE 24, s.r.o.	gosso.nu	1
netgiganten.dk	barrett.nu	1
ACTIVE 24, s.r.o.	detecta.nu	1
exonet.nl	GOOGLE	2
Yelles AB	bildelsimporten.nu	1
bureau.partners	intimate.nu	1
axc.nl	allforfashion.nu	1
GOOGLE-CLOUD-PLATFORM	forandring.nu	1
dell.com	dell.com	1
Yelles AB	bonde.nu	1
Yelles AB	batsystem.nu	1
ACTIVE 24, s.r.o.	xn--krkortspodden-imb.nu	1
Stichting DIGI NL	helen.nu	1
bioma.se	lidnet.net	1
The Internet Engineering Group B.V.	isoleerjehuis.nu	1
hostingindustries.nl	millerdigital.nl	1
LIQUIDWEB	airtaxi.nu	1
registrar-servers.com	Tutao GmbH	1
Signet B.V.	aiden.nu	1
mijn.host	stappenplan.nu	1
Signet B.V.	goedkoop.nu	1
GleSYS AB	billred.nu	1
Miss Hosting AB	jakan.nu	1
CLOUDFLARENET	anoniem.nu	1
CLOUDFLARENET	dronefotos.nu	1
CLOUDFLARENET	tiktokjobs.nu	1
One.com A/S	bforyou.nu	1
LIQUIDWEB	bobross.nu	1
One.com A/S	penninga.nu	1
allcloud.nl	kopcloud.nl	1
ACTIVE 24, s.r.o.	odmark.nu	1
dn-s.nl	sugarsnaps.nu	1
Signet B.V.	sz.nl	1
Cloud DNS Ltd	talkshow.nu	1
hosted.nl	darna.nu	1
OVH SAS	kerkhoff.nu	1
e-studio.dk	lnbk.nu	1
Signet B.V.	virtumedia.nl	1
world4you.at	schmiddy.nu	1
GleSYS AB	oxxo.nu	1
cloud86.nl	k-tec.nu	1
ielo.net	ridan.net	1
ACTIVE 24, s.r.o.	auricula.nu	1
denkis.eu	MICROSOFT-CORP-MSN-AS-BLOCK	1
Stichting DIGI NL	scholekster.nl	1
iplace.se	ACTIVE 24, s.r.o.	1
nine.ch	GOOGLE	1
datahalland.se	GlobalConnect AB	1
ANEXIA Internetdienstleistungs GmbH	GOOGLE	1
LeaseWeb Netherlands B.V.	keukenboulevard.nu	1
CLOUDFLARENET	dkm-services.de	1
Yelles AB	lin.nu	1
Signet B.V.	legolab.nu	1
dn-s.nl	duin.nu	1
ACTIVE 24, s.r.o.	westroth.nu	1
CLOUDFLARENET	hittarevisor.nu	1
mr-wolf.nl	MICROSOFT-CORP-MSN-AS-BLOCK	1
aboutnet.gr	eurodivers.nu	1
DirectVPS B.V.	koek.nu	1
Signet B.V.	radilux.nu	1
ipcom GmbH	xn--bergsprngningstockholm-64b.nu	1
Yelles AB	unusualsex.nu	1
Yelles AB	bengan.nu	1
virtio.be	MICROSOFT-CORP-MSN-AS-BLOCK	1
ACTIVE 24, s.r.o.	xn--trdfllning-r5ac.nu	1
loopia.se	beyond.nu	1
DIGICERT	SECURITYSERVICES	2
DIGITALOCEAN-ASN	1taxi.nu	1
Cygrids Communications AB	blockout.nu	1
named.se	GleSYS AB	1
Signet B.V.	masterfind.nu	1
liquidweb.com	laan-penge.nu	1
Eurofiber Cloud Infra B.V.	3wt-noc.nl	1
Signet B.V.	reisgraag.nu	1
CLOUDFLARENET	voynich.nu	1
kasten.nu	kasten.nu	1
CLOUDFLARENET	experiencerepublic.nu	1
ACTIVE 24, s.r.o.	jhak.nu	1
yourdomainprovider.net	Wix.com Ltd.	1
linode.com	Proton AG	2
freewha.com	GOOGLE	1
cloud86.nl	de-groot.nu	1
GleSYS AB	andrea.nu	1
cloud86.nl	johnwest.nu	1
sohosted49.com	CLDIN B.V.	1
loopia.se	eneqvist.nu	1
AMAZON-02	g2.nu	1
NUCDN	tacton.nu	1
team.blue Denmark A/S	xn--infoskrm-o0a.nu	1
ACTIVE 24, s.r.o.	lle.nu	1
cloud86.nl	demidesign.nu	1
Signet B.V.	kosdata.nl	2
DIGITALOCEAN-ASN	ittech.nu	1
ACTIVE 24, s.r.o.	pawnshop.nu	1
BIT BV	oneindigemogelijkheden.nu	1
DIGITALOCEAN-ASN	diezijn.nu	1
loopia.se	lgt.nu	1
axc.nl	femke.nu	1
Yelles AB	hamra.nu	1
ACTIVE 24, s.r.o.	angelology.nu	1
ACTIVE 24, s.r.o.	epp.nu	1
Signet B.V.	serasoft.com	3
OVH SAS	gewoonwonen.nu	1
GlobalConnect A/S	laserkirurgi.nu	1
internetbolaget.nu	GOOGLE	1
Cygrids Communications AB	naturemind.nu	1
Gotalandsnatet AB	msv1.invalid	1
Signet B.V.	cadeau.nu	1
AMAZON-02	arbetsklattring.nu	1
loopia.se	socionomen.nu	1
One.com A/S	mediamart.nu	1
HURRICANE	startmail.com	1
CLOUDFLARENET	futurium.nu	1
Uniserver Internet B.V.	beroepskeuzetest.nu	1
ideal.shop	One.com A/S	1
dritdns.nl	belangrijk.nu	1
Signet B.V.	duuw.nu	1
loopia.se	ak.pn	1
stabletransit.com	arabiyya.nu	1
CLOUDFLARENET	nooris.nu	1
Bahnhof AB	sinab.nu	1
spixels.nl	CLOUDFLARENET	1
ACTIVE 24, s.r.o.	taktix.nu	1
hosted.nl	MICROSOFT-CORP-MSN-AS-BLOCK	3
ACTIVE 24, s.r.o.	johanwester.nu	1
GlobalConnect AB	mxd.nu	1
skyhost.systems	GOOGLE	1
GOOGLE	touchofenergy.nu	1
Signet B.V.	autoverkopen.nu	1
Yelles AB	fredericia.nu	1
yourwebhoster.eu	mijnspamfilter.nl	1
kotisivut.com	undersolen.nu	1
ACTIVE 24, s.r.o.	hyra.nu	1
dn-s.nl	foreverhealthy.nu	1
ACTIVE 24, s.r.o.	arnolds.nu	1
Yelles AB	botlan.nu	1
NUCDN	hetorigineel.nu	1
mijndnsserver.nl	atlas-theater.nu	1
Signet B.V.	computershop.nu	1
Yelles AB	levlaupp.nu	1
ACTIVE 24, s.r.o.	rivendell.nu	1
Miss Hosting AB	sprout.nu	1
LeaseWeb Netherlands B.V.	bouwhek.nu	1
GleSYS AB	skogsrojet.nu	1
enem.nl	enem.nl	2
OVH SAS	roligajulklappar.nu	1
chicappa.jp	GMO Internet Group, Inc.	1
CLOUDFLARENET	uap.nu	1
CLOUDFLARENET	insan.nu	1
UKDedicated LTD	habbe.nu	1
Signet B.V.	kantoorstoelen.nu	1
Yelles AB	larsell.nu	1
GleSYS AB	talaomlivet.nu	1
Uniserver Internet B.V.	trampolines.nu	1
hostnet.nl	opzegtermijn.nu	1
CJ2 Hosting B.V.	bdj.nu	1
loopia.se	tha.se	1
CLOUDFLARENET	ricohpapier.nu	1
dhs11.nl	innovatieweek.nu	1
Signet B.V.	crystalstore.nu	1
dn-s.nl	maza.nu	1
CLOUDFLARENET	cannabisenergydrink.nu	1
GleSYS AB	hahne.nu	1
fatcow.com	cano.nu	1
Miss Hosting AB	julkalendern.nu	1
CLOUDFLARENET	wallman.nu	1
DIGITALOCEAN-ASN	newsflash.nu	1
CLOUDFLARENET	niclasjonsson.nu	2
CLOUDFLARENET	linderod.nu	1
ACTIVE 24, s.r.o.	motormaklarna.nu	1
LIQUIDWEB	andersson.nu	1
smelink.se	MICROSOFT-CORP-MSN-AS-BLOCK	1
Miss Hosting AB	inpro.nu	1
flashback.se	flashback.se	1
CLOUDFLARENET	caretogether.nu	1
Stichting DIGI NL	studentchauffeur.nu	1
name-services.com	AMAZON-02	1
ACTIVE 24, s.r.o.	outletbygg.nu	1
ACTIVE 24, s.r.o.	basinkomst.nu	1
Signet B.V.	pressurepro.nu	1
a1.nl	a1.nl	1
Signet B.V.	dialogica.nu	1
ipcom GmbH	mxlogic.net	1
ACTIVE 24, s.r.o.	ois.nu	1
afraid.org	openarch.io	1
cloud86.nl	grizzlyslabs.nu	1
inviso.se	MICROSOFT-CORP-MSN-AS-BLOCK	9
ACTIVE 24, s.r.o.	bronza.nu	1
surfnet.fi	geniusbb.nu	1
Yelles AB	mintplus.nu	1
DIGITALOCEAN-ASN	goddijn.nu	1
CLDIN B.V.	bis-i.nu	1
exclusivehosting.net	exclusivehosting.net	1
Miss Hosting AB	pagelle.nu	1
wsrs.net	4-stroke.nu	1
mailtransaction.com	mailtransaction.com	1
CIRA-CLOUD2	AMAZON-02	1
Signet B.V.	heater.nu	1
topnet.nu	topnet.nu	2
DIGITALOCEAN-ASN	putmans.nu	1
loopia.se	gurra.nu	1
glende.se	filepicker.nu	1
Signet B.V.	bsteyn.nu	1
Yelles AB	fotograf.nu	1
cloud86.nl	uluru.nu	1
Hetzner Online GmbH	monologo.nu	1
LIQUIDWEB	harold.nu	1
ACTIVE 24, s.r.o.	srcc.nu	1
UKDedicated LTD	nasaline.nu	1
hyp.net	marinshoppen.nu	1
Yelles AB	onlinekasino.nu	1
shockmedia.nl	hiddink.nu	1
GleSYS AB	stefanolsson.nu	1
shodns.com	wielenzaak.nu	1
LIQUIDWEB	brabud.nu	1
wwdh.hu	mailserver.hu	1
backupnow.se	winagain.nu	1
Signet B.V.	immy.nu	1
CLOUDFLARENET	meriadoc.nu	1
CLOUDFLARENET	ockero.nu	1
One.com A/S	elcambio.nu	1
Signet B.V.	koningsvlag.nu	1
i8t.com	GOOGLE	2
ACTIVE 24, s.r.o.	ssp.nu	1
g1ga.net	lasersnijden.nu	1
Signet B.V.	cassettevloer.nu	1
ACTIVE 24, s.r.o.	smedsbo.nu	1
Yelles AB	xn--bsta-snabbln-gcby.nu	1
Signet B.V.	bruynzeel.nu	1
team.blue Denmark A/S	nordeman.nu	1
GleSYS AB	rabies.nu	1
bootsystems.nl	chiel.nu	1
Signet B.V.	autorijschool.nu	1
mijndnsserver.nl	undisputed.nu	1
Yelles AB	billig-hyrbil.nu	1
cloud86.nl	dor.nu	1
ACTIVE 24, s.r.o.	multipel.nu	1
d-server.nl	idefender.nl	1
oderland.com	bokajulbord.nu	1
Signet B.V.	helloplanner.nu	1
ACTIVE 24, s.r.o.	farfarsfar.nu	1
ACTIVE 24, s.r.o.	agios.nu	1
Signet B.V.	dogu.nu	1
bouwmeestergroep.nl	MICROSOFT-CORP-MSN-AS-BLOCK	1
Signet B.V.	intrapreneur.nu	1
Yelles AB	nordicstone.nu	1
DIGITALOCEAN-ASN	vanschooten.nu	1
joker.com	254.27	1
CLDIN B.V.	ptms.nu	1
pleskssd5.nl	rovan.nu	1
combitech.biz	combitech.nu	1
PONYNET	sanders.nu	1
Telenor Norge AS	skyel.nu	1
CLOUDFLARENET	chk.nu	1
dobase.com	workplace.nu	1
The Internet Engineering Group B.V.	maskingtape.nu	1
hostingdirect.nl	relinde.nu	1
ACTIVE 24, s.r.o.	xn--gravsktsel-jcb.nu	1
Yelles AB	fjeld.nu	1
hostgator.com	paxat.nu	1
hostinglizard.com	field.nu	1
Yelles AB	textmedia.nu	1
fdab.se	fdab.se	1
cloud86.nl	eerhart.nu	1
CLDIN B.V.	checkjegesprek.nu	1
Yelles AB	fantasyleague.nu	1
neostrada.nl	mobylix.nu	1
Stichting DIGI NL	wijmakenhet.nu	1
oderland.com	fundo.nu	1
ACTIVE 24, s.r.o.	coozy.nu	1
pleskserver20.nl	Eurofiber Cloud Infra B.V.	1
griekenland.net	chalkidiki.nu	1
ACTIVE 24, s.r.o.	proteinhouse.nu	1
windonet.nl	dealonline.nu	1
vinkit.nl	vinkit.cloud	1
cloudns.net	vngconnect.nu	1
awsdns-01.com	GOOGLE	2
mijn.host	huppelrecords.nl	1
Yelles AB	brfaspen.nu	1
rimuhosting.com	ubik.nu	4
nivko.net	nivko.nl	1
thednscompany.com	automatisering.nu	1
ACTIVE 24, s.r.o.	kontrollpanelen.se	2
CLDIN B.V.	trcarparts.nu	1
Previder B.V.	westland.nu	1
Signet B.V.	energiecanvas.nu	1
exsilia.net	onlinespamfilter.com	1
ports.se	levonline.com	1
Uniserver Internet B.V.	konijn.nu	1
MICROSOFT-CORP-MSN-AS-BLOCK	mailhop.org	1
Signet B.V.	badkledingdag.nu	1
Miss Hosting AB	berggarden.nu	1
team.blue Denmark A/S	klippes.nu	1
CLDIN B.V.	happydier.nu	1
Signet B.V.	y2.nu	1
Signet B.V.	sdwan.nu	1
webxtra.net	GOOGLE	1
softtechhosting.nl	MICROSOFT-CORP-MSN-AS-BLOCK	2
Signet B.V.	bouvier.nu	1
ACTIVE 24, s.r.o.	hhenterprise.nu	1
hostnet.nl	dolsma.nu	1
ACTIVE 24, s.r.o.	annelund.nu	1
intention.nl	GOOGLE	4
axc.nl	lanyard.nu	1
Hetzner Online GmbH	erm.nu	1
ACTIVE 24, s.r.o.	discoservice.nu	1
Signet B.V.	totalsafety.nu	1
Miss Hosting AB	bonappetit.nu	1
Yelles AB	ljusetsvind.nu	1
Miss Hosting AB	gryning.nu	1
headsite.se	mine.nu	1
Signet B.V.	halfords.nu	1
hix.nl	dmi-cloud.nl	1
mmteamservers.net	mmteamservers.net	1
Yelles AB	lol.nu	1
ACTIVE 24, s.r.o.	hager.nu	1
DIGITALOCEAN-ASN	luscinia.nu	1
DIGICERT	staysecuregroup.com	1
vanrijtweb.net	MICROSOFT-CORP-MSN-AS-BLOCK	1
CLOUDFLARENET	bergasalen.nu	1
Yelles AB	mindator.nu	1
Yelles AB	casinoerbjudanden.nu	1
reggestad.com	MICROSOFT-CORP-MSN-AS-BLOCK	4
dynu.com	onefocus.nu	1
High5! B.V.	easyapps.nl	1
Yelles AB	camping.nu	1
neostrada.nl	trapliften.nu	1
LIQUIDWEB	wellbeingnow.nu	1
GleSYS AB	olivia.nu	1
LIQUIDWEB	hemshop.nu	1
webspacez.net	sarathuiszorg.nu	1
aspage.nl	m2g.nu	1
Yelles AB	islamshop.nu	1
yourdomainprovider.net	adeko.nl	1
eleven2.com	malfettone.nu	1
mildmedia.se	brottsofferjouren.nu	1
ACTIVE 24, s.r.o.	alfaromeo.nu	1
exonet.nl	recruitmentchannel.nu	1
ACTIVE 24, s.r.o.	edsbro.nu	1
ACTIVE 24, s.r.o.	flintberg.nu	1
Signet B.V.	kerk-online.nu	1
Signet B.V.	familytree.nu	1
dlsdns.com	dlsnetwork.se	1
OVH SAS	vansanten.nu	1
IONOS SE	biffan.nu	1
dnssystem.net	giganet.nu	1
GlobalConnect AB	Proton AG	1
Signet B.V.	brandhout.nu	1
Cloud DNS Ltd	Fastmail Pty Ltd	2
Miss Hosting AB	levetra.nu	1
Hetzner Online GmbH	tube8.nu	1
Yelles AB	elvarme.nu	1
axc.nl	hetwapen.nu	1
ezzed.com	easyflirt.com	1
ACTIVE 24, s.r.o.	proled.nu	1
Yelles AB	raknaut.nu	1
GlobalConnect AB	Hostek AB	1
dn-s.nl	yellowegg.nu	1
Miss Hosting AB	vence.nu	1
Miss Hosting AB	ack.nu	1
CLOUDFLARENET	maiitsoh.nu	1
Signet B.V.	fynder.nu	1
e-Quest IT Projecten B.V.	brish-solutions.nu	1
ACTIVE 24, s.r.o.	holmstrom.nu	1
hostnet.nl	hostnet.nu	1
CLOUDFLARENET	musicforforrests.nu	1
Hydra Communications Ltd	ky.nu	1
CLOUDFLARENET	shama.nu	1
ACTIVE 24, s.r.o.	imawesome.nu	1
ACTIVE 24, s.r.o.	risab.nu	1
loopia.se	ingbc.nu	1
liquidweb.com	spelaonlinecasino.nu	1
ACTIVE 24, s.r.o.	halmstadporten.nu	1
dn-s.nl	regeneratievelandbouw.nu	1
LIQUIDWEB	graff.nu	1
heights.nl	apolloamsterdam.nu	1
DIGITALOCEAN-ASN	meergeluk.nu	1
Yelles AB	snurr.nu	1
mijn.host	verkeersborden.nu	1
Signet B.V.	torestart.nu	1
ODERLAND Webbhotell AB	klackabacken.nu	1
cloud86.nl	ideedesign.nu	1
Signet B.V.	souperb.nu	1
kynosoft.nl	kynosoft.nl	1
schlund.de	IONOS SE	1
cloud86.nl	luchtbevochtiger.nu	1
sourcexs.nl	tjeerdsma.nu	1
ACTIVE 24, s.r.o.	vildsvin.nu	1
CLOUDFLARENET	itss.se	1
Signet B.V.	fixers.nu	1
ACTIVE 24, s.r.o.	samuelsdalgolf.nu	1
bok.nu	DIGITALOCEAN-ASN	1
CLOUDFLARENET	brgr.nu	1
Signet B.V.	hofstederiethnisse.nl	1
ACTIVE 24, s.r.o.	popmusik.nu	1
DIGITALOCEAN-ASN	abbink.nu	1
Infopact Netwerkdiensten B.V.	GOOGLE	1
ACTIVE 24, s.r.o.	engblom.nu	1
Signet B.V.	crypto-compare.nu	1
ACTIVE 24, s.r.o.	autobahn.nu	1
CLOUDFLARENET	radioamateur.nu	1
Cygrids Communications AB	kognitivbeteendeterapi.nu	1
Signet B.V.	1afa.com	2
bthosting.eu	rmc.nu	1
GOOGLE	ajf.nu	1
cloud86.nl	digitalefotografie.nu	1
One.com A/S	careless.nu	1
ACTIVE 24, s.r.o.	mundoo.nu	1
backupnow.se	kopiera.nu	1
Signet B.V.	appyourservice.nu	1
DIGITALOCEAN-ASN	back-to-nature.nu	1
Hetzner Online GmbH	moestrup.nu	1
hyp.net	griffel.se	2
grapheye.nl	whisper.nu	1
CLOUDFLARENET	nl.replaceme	2
kajen.com	Telenor Norge AS	1
Yelles AB	amanha.nu	1
AMAZON-02	inbouwkast.nu	1
LIQUIDWEB	wellink.nu	1
Yelles AB	fiskar.nu	1
One.com A/S	vollegrond.nu	1
Signet B.V.	YANDEX LLC	1
smackithosting.nl	mesamis.nu	1
Yelles AB	inmint.nu	1
mclabs.us	ddns.net	1
Signet B.V.	ikbeweeg.nu	1
Yelles AB	2sight.nu	1
linode.com	Heinlein-Support GmbH	1
Signet B.V.	flevo.nu	1
cheesehosting.net	anahi.nu	1
hostgator.com	project-10.nu	1
phonehospital.nu	phonehospital.nu	1
CLOUDFLARENET	safeti.nu	1
OVH SAS	sosa.nu	1
webruimtehosting.nl	kanning.nu	1
ACTIVE 24, s.r.o.	massagen.nu	1
ANEXIA Internetdienstleistungs GmbH	mail-forwarder.io	1
hostnet.nl	vouwgordijn.nu	1
virtio.be	socialedokter.nu	1
quicns.net	567.nu	1
DODW Holding B.V.	ichthus.nu	1
Yelles AB	hoj.nu	1
AMAZON-02	weerverliefd.nu	1
NetActuate, Inc	Soverin B.V.	1
LeaseWeb Netherlands B.V.	ai-hosting.nl	2
CLOUDFLARENET	deephosting.com	1
anycastclouds.com	legotec.se	1
middeljans.nu	MICROSOFT-CORP-MSN-AS-BLOCK	1
speedcom.se	hantverkarn.nu	1
One.com A/S	kevindamhuis.nu	1
ACTIVE 24, s.r.o.	florin.nu	1
ne.jp	midnight.nu	1
publishnet.nl	pn.nl	1
internl.net	isp-net.nl	1
DIGICERT	jotex.nu	1
HURRICANE	ZOHO-AS	1
awsdns-00.com	Cloudflare London, LLC	1
pp.se	bajenfans.nu	1
sectigoweb.com	westhoek.nu	1
Yelles AB	polestar.nu	1
oderland.com	socionom-konsult.nu	1
DIGITALOCEAN-ASN	pcextreme.xxnl	1
Signet B.V.	winnercf.nu	1
altronic.nl	MICROSOFT-CORP-MSN-AS-BLOCK	1
Yelles AB	petrell.nu	1
ACTIVE 24, s.r.o.	fritidsledare.nu	1
123webhost.net	technoservice.nu	1
hostgator.com	fontshop.nu	1
neostrada.nl	woonhuis.nu	1
oderland.com	optimizer.nu	1
raffel.net	wegmetdeict.nu	1
CLOUDFLARENET	niels.nu	1
ACTIVE 24, s.r.o.	gymdynor.nu	1
CLOUDFLARENET	elochbygg.nu	1
Signet B.V.	goeds.nu	1
CLOUDFLARENET	bluefox.nu	1
hosting-nameserver.com	heythuysen.nu	1
neostrada.nl	kleuren.nu	1
ACTIVE 24, s.r.o.	kamtech.nu	1
LIQUIDWEB	resjudicata.nu	1
hbeark.com	dainews.nu	1
Yelles AB	belagio.nu	1
egensajt.se	Cloudflare London, LLC	1
safira-hosting.nl	CLOUDFLARENET	2
MICROSOFT-CORP-MSN-AS-BLOCK	cake.nu	1
replior.se	Loopia AB	1
CLOUDFLARENET	interzone.nu	1
CLDIN B.V.	born.nu	1
ACTIVE 24, s.r.o.	fitforfight.nu	1
Telia Company AB	razvan.se	1
yourdomainprovider.net	musculoskeletalmedicine.nu	1
kth.se	kth.se	1
loopia.se	hearthelper.nu	1
CLDIN B.V.	streekproducten.nu	1
Yelles AB	tyger.nu	1
roxtec.com	staysecuregroup.com	1
ACTIVE 24, s.r.o.	anton.nu	1
One.com A/S	yorickgroen.nu	1
Signet B.V.	belmij.nu	1
ACTIVE 24, s.r.o.	zubito.nu	1
feenstra.nu	MICROSOFT-CORP-MSN-AS-BLOCK	1
Signet B.V.	hoogwonen.nu	1
CLOUDFLARENET	teamrecruitment.nu	1
Signet B.V.	motorrijden.nu	1
loopia.se	hellgren.nu	1
loopia.se	jensen.nu	1
Yelles AB	meteor.nu	1
Signet B.V.	veldacademie.nu	1
loopia.se	NAMECRANE	1
Signet B.V.	werkis.nu	1
connect4it.net	hix.nl	3
Safenames Ltd.	novartis.ch	1
Yelles AB	lunchborlange.nu	1
DIGITALOCEAN-ASN	clearminds.nu	1
CLOUDFLARENET	com.br	1
ACTIVE 24, s.r.o.	haka.nu	1
Signet B.V.	Voxility LLP	1
64bitswebhosting.eu	64bitswebhosting.eu	1
2k22.nl	onlineparagnosten.nu	1
Miss Hosting AB	cigarren.nu	1
hix.nl	convenience-concept.nu	1
DIGICERT	countermail.com	1
kniestdns2.nl	vanberkel.nu	1
hexon-is.nl	hexon-is.nl	2
Signet B.V.	hygienepartner.nu	1
DIGITALOCEAN-ASN	spamfilter-24.nl	2
nevermind.net	nevermind.net	1
whitelabelserver.nl	MICROSOFT-CORP-MSN-AS-BLOCK	1
CLOUDFLARENET	symbolhost.com	1
Yelles AB	xn--vrabin-iua.nu	1
Signet B.V.	vbar.nu	1
emberdns.se	MICROSOFT-CORP-MSN-AS-BLOCK	3
Signet B.V.	makerstreet.nl	1
powerhosting.dk	MICROSOFT-CORP-MSN-AS-BLOCK	1
CLDIN B.V.	ariza.nu	1
Signet B.V.	zweten.nu	1
awsdns-12.org	DIGITALOCEAN-ASN	1
Yelles AB	kasuga.nu	1
Yelles AB	spaderdam.nu	1
mijn.host	afvalzak.nu	1
l4dns.com	GOOGLE	1
Signet B.V.	datacleaner.nu	1
CLOUDFLARENET	pi-group.net	1
LIQUIDWEB	toyotacenter.nu	1
ACTIVE 24, s.r.o.	eqnomics.nu	1
Netsite A/S	CLOUDFLARENET	1
sohosted36.com	CLDIN B.V.	2
Signet B.V.	agridataflow.nu	1
Signet B.V.	njip.nu	1
ACTIVE 24, s.r.o.	s-i.nu	1
porkbun.com	GOOGLE	1
team.blue Denmark A/S	nmic.nu	1
CLOUDFLARENET	proelium.nu	1
Signet B.V.	janszen.nu	1
GleSYS AB	centro.nu	1
Yelles AB	kifin.nu	1
ports.se	dcmail.se	1
AUTOMATTIC	arachne.se	1
CLOUDFLARENET	3.nu	1
Signet B.V.	toonblog.nu	1
CLOUDFLARENET	hittagym.nu	1
ayaa.se	lindroth.nu	1
LIQUIDWEB	ahren.nu	1
Signet B.V.	aanderand.nu	1
mijndnsserver.nl	aircargo.nu	1
ACTIVE 24, s.r.o.	lillasyster.nu	1
srvnl.nl	gemma.nu	1
agebrink.se	agebrink.se	1
nzym.net	noom.nu	1
CLOUDFLARENET	vinterfest.nu	1
thinline.cz	thinline.cz	2
creditprofessionals.nl	creditmanagement.nu	1
CLDIN B.V.	indu-con.nu	1
The Internet Engineering Group B.V.	direct-uw-huis-verkopen.nu	1
ACTIVE 24, s.r.o.	dissident.nu	1
Yelles AB	xn--frening-90a.nu	1
mansmedia-dns.nl	borghuis.nu	1
Signet B.V.	plisse.nu	1
CLDIN B.V.	trex.nu	1
ACTIVE 24, s.r.o.	lorens.nu	1
konstanta.se	bryntesson.nu	1
srvnl.nl	GOOGLE	2
LeaseWeb Netherlands B.V.	goededoelen.nu	1
Signet B.V.	embraceme.nu	1
Yelles AB	datakort.nu	1
neostrada.nl	asc-group.nu	1
ahps.se	ahps.se	3
thednscompany.com	Infopact Netwerkdiensten B.V.	1
Signet B.V.	face2face.nu	1
GleSYS AB	jessicas.nu	1
CLOUDFLARENET	burgerbank.nu	1
CLDIN B.V.	onlineluisteren.nu	1
mdos.eu	dagje.nu	1
pts.se	pts.se	1
Cygrids Communications AB	sailinn.nu	1
LIQUIDWEB	root-servers.nu	1
socruel.nu	socruel.nu	1
Signet B.V.	jeugdzorgaffaire.nu	1
Signet B.V.	rollernet.us	1
CLOUDFLARENET	innercircle.nu	1
InterRacks B.V.	mijnmarkt.nu	1
Hagloef & Nordkvist Internet AB	lgitwebb.se	8
inovamedia.nl	krachtvoer.nu	1
hostnet.nl	hefbrug.nu	1
AMAZON-02	uneatlantico.nu	1
intention.nl	ZOHO-AS	2
Snel.com B.V.	wzw.nu	1
CLDIN B.V.	epoxyvloer.nu	1
ACTIVE 24, s.r.o.	takservice.nu	1
Yelles AB	simplesolutions.nu	1
hix.nl	shareyourcar.nu	1
ACTIVE 24, s.r.o.	rosenlind.nu	1
ultranameservers.com	george.nu	1
CLDIN B.V.	almelo.nu	1
stoldgods.nu	stoldgods.nu	1
GleSYS AB	primeworld.nu	1
Globalconnect As	as2116.net	5
BIT BV	clipforce.nu	1
snel.com	webmarkt.nu	1
Combell NV	jobbull.nu	1
DIGITALOCEAN-ASN	rexx.nu	1
Signet B.V.	paerl.it	1
ACTIVE 24, s.r.o.	space2u.com	1
ipcom GmbH	asv.nu	1
pt38sy-lwsites.com	xn--djurfrskringar-cib9z.nu	1
Signet B.V.	safety1st.nu	1
breathe-mail.net	ndo.nu	1
neostrada.nl	omgaanmetagressie.nu	1
Tele2 SWIPnet	GOOGLE	2
introweb.nl	SQUIXA PTY LIMITED	1
DIGITALOCEAN-ASN	plandecampagne.nu	1
oderland.com	vm-rent.nu	1
ACTIVE 24, s.r.o.	securitysolution.nu	1
ipcom GmbH	ottosson.se	1
CLOUDFLARENET	calculator.nu	1
Yelles AB	aeo.nu	1
CIRA-CLOUD2	ACTIVE 24, s.r.o.	1
loopia.se	lidk.se	1
GleSYS AB	sigur.nu	1
HURRICANE	myds.me	1
ACTIVE 24, s.r.o.	ollebo.nu	1
Signet B.V.	softmedia.nl	1
GleSYS AB	thummel.se	1
CLDIN B.V.	kalknagel.nu	1
hix.nl	rubberboot.nu	1
GOOGLE	schuld.nu	1
DIGITALOCEAN-ASN	bespaarsamen.nu	1
ACTIVE 24, s.r.o.	xn--fretagsmassagestockholm-7kc.nu	1
xcellerate.nl	xcellerate.nl	1
hostnet.nl	mx.microsoft	2
Combell NV	sollicitantenbank.nu	1
Signet B.V.	cruises.nu	1
procentas.se	centas.se	3
Yelles AB	inloggad.nu	1
hix.nl	glaszetter.nu	1
GlobalConnect AB	crux.nu	1
DirectVPS B.V.	dejuistedataopdejuisteplek.nu	1
CLOUDFLARENET	163.com	1
Hostek AB	taquero.nu	1
Hetzner Online GmbH	Fastmail Pty Ltd	3
SECURITYSERVICES	viifemman.nu	1
textalk.com	textalk.com	4
CLOUDFLARENET	kersvers.cloud	1
TrueFullstaq B.V.	all2gether.nu	1
Cygrids Communications AB	visiret.nu	1
hwid.nl	MICROSOFT-CORP-MSN-AS-BLOCK	2
ipcom GmbH	karatefylla.nu	1
e-Quest IT Projecten B.V.	brishsolutions.nu	1
cloud86.nl	wjg.nu	1
DIGITALOCEAN-ASN	tinekeschouten.nu	1
interspace.network	krakbaret.nu	1
CLOUDFLARENET	kingsandqueens.nu	1
Yelles AB	algorand.nu	1
ipcom GmbH	tailorshirts.nu	1
caveo.nl	ribos.nu	1
LIQUIDWEB	winternet.nu	1
Signet B.V.	waardekracht.nu	1
robiz-hosting.nl	heuff.nu	1
One.com A/S	exploretanzania.nu	1
Signet B.V.	greengate.nu	1
Yelles AB	adhdtestet.se	3
ACTIVE 24, s.r.o.	dinelbil.nu	1
LIQUIDWEB	kaihatu.nu	1
loopia.se	trollbo.nu	1
host-server.nl	euregio.nu	1
4thegroup.com	help-t.nu	1
CLOUDFLARENET	omniplan.nu	1
Yelles AB	loran.nu	1
LIQUIDWEB	ortiz.nu	1
big-tim.nl	kwd.nu	1
cloud86.nl	markmaakt.nu	1
BIT BV	desserts.nu	1
Yelles AB	terapi24.nu	1
pleskssd2.nl	Eurofiber Cloud Infra B.V.	1
Combell NV	vitoconsulting.nu	1
sdns0.nl	werkbon.nu	1
Yelles AB	frystorkadmat.nu	1
lowvoice.nl	GOOGLE	1
Signet B.V.	hetmoet.nu	1
CLDIN B.V.	optimalestomazorg.nu	1
CLOUDFLARENET	matra-e-bikes.nu	1
Fundaments B.V.	163.186	1
bywork.se	reliablemail.org	1
CLOUDFLARENET	qurios.nu	1
ns14.net	apcare.net	1
CLOUDFLARENET	fiets4daagse.nu	1
hcdns.nl	gezondeten.nu	1
LIQUIDWEB	cohn.nu	1
One.com A/S	blueearth.nu	1
hostnet.nl	dehuisartsmaarssendorp.nu	1
Hetzner Online GmbH	maaltidskasser.nu	1
ACTIVE 24, s.r.o.	webverse.nu	1
Signet B.V.	youtu.nu	1
Signet B.V.	nag.nu	1
hosted.nl	steigerreclame.nu	1
lientje.net	noortje.nu	1
OVH SAS	eigenbedrijfstarten.nu	1
budget-webhosting.biz	handsaam.nu	1
hostaan.fi	hostaan.nu	1
Yelles AB	cbdolie.nu	1
ACTIVE 24, s.r.o.	161.100	1
Signet B.V.	farmbalance.nu	1
yourdomainprovider.net	lichtgeluidhuren.nu	1
DIGITALOCEAN-ASN	autonav.nu	1
Signet B.V.	juridisch.nu	1
One.com A/S	bzin.nu	1
ne.jp	mhb.nu	1
GleSYS AB	anax.nu	1
Signet B.V.	2ehandskeukens.nu	1
Cygrids Communications AB	tradgardsgatan.nu	1
CLOUDFLARENET	mielke.nu	1
DIGITALOCEAN-ASN	samenkracht.nu	1
CLDIN B.V.	dna-test.nu	1
awsdns-40.net	xclub.nu	1
dnscluster.dk	PerfGrid	1
hosting-dns.org	cb-s.nu	1
cloud86.nl	legasee.nu	1
CLOUDFLARENET	ors.nu	1
Signet B.V.	spoedopleiding.nu	1
DIGITALOCEAN-ASN	bezielingscoach.nu	1
ACTIVE 24, s.r.o.	evocative.nu	1
Signet B.V.	qode.nu	1
Signet B.V.	droomverhaal.nu	1
ACTIVE 24, s.r.o.	medebys.nu	1
CLOUDFLARENET	renthome.nu	1
Signet B.V.	mkbduurzaam.nu	1
Signet B.V.	bastiaan.nu	1
neostrada.nl	digitoegankelijk.nu	1
CLOUDFLARENET	pierehome.nu	1
CLOUDFLARENET	lokalalivet.nu	1
dns1.se	GOOGLE	2
bjare.net	bjare.net	1
Signet B.V.	skip.nu	1
CLOUDFLARENET	plms.nu	1
rocketsystems.nu	niue.nu	1
loopia.se	alby.nu	1
Signet B.V.	elements.nu	1
multitronic.fi	multi24.net	2
dn-s.nl	hetbegint.nu	1
ACTIVE 24, s.r.o.	ljk.nu	1
One.com A/S	destromerij.nu	1
Uniserver Internet B.V.	gsmweb.nu	1
Infopact Netwerkdiensten B.V.	promanent.nu	1
ACTIVE 24, s.r.o.	fotakademinsyd.nu	1
ongekend.nl	bliekendaal.nu	1
ucs.se	MICROSOFT-CORP-MSN-AS-BLOCK	1
ACTIVE 24, s.r.o.	lapnet.nu	1
TrueFullstaq B.V.	arsmtp.com	2
pelicanict.net	pelican.nu	1
rzone.de	ZOHO Corporation B.V	3
cloud86.nl	velthuis.nu	1
CLOUDFLARENET	strangethings.nu	1
Signet B.V.	loodgieter-rotterdam.nu	1
CLOUDFLARENET	tystretreat.nu	1
loopia.se	miffo.nu	1
Signet B.V.	Vianova S.p.A	1
ACTIVE 24, s.r.o.	plustryck.nu	1
CLOUDFLARENET	kleurjetuin.nu	1
Yelles AB	fotbollsvm.nu	1
ACTIVE 24, s.r.o.	kleman.nu	1
hosting-dienst.com	m-learning.nu	1
LeaseWeb Netherlands B.V.	sth.nl	2
One.com A/S	vri.nu	1
CLDIN B.V.	mooiesneakers.nu	1
SECURITYSERVICES	habbogroup.com	1
CLOUDFLARENET	mm.nu	1
ACTIVE 24, s.r.o.	vift.nu	1
CLOUDFLARENET	luxurydesign.nu	1
CLOUDFLARENET	z00.nu	1
One.com A/S	sannedewit.nu	1
g1ga.net	freelancekok.nu	1
Signet B.V.	Cloudflare London, LLC	1
Hetzner Online GmbH	centerforsoul.nu	1
Bizway BV	CLOUDFLARENET	2
Yelles AB	tradgardsbolaget.nu	1
dns0.nl	lactoferrine.nu	1
dn-s.nl	foramen.nu	1
CLDIN B.V.	kaakchirurgie.nu	1
GlobalConnect AB	Hetzner Online GmbH	1
Signet B.V.	pfing.nl	1
dnssrv.nl	camperhuren.nu	1
NUCDN	dsquared2.nu	1
CLDIN B.V.	po21.nu	1
digizonehosting.nl	indians.nu	1
hostens.com	nto.nu	1
Yelles AB	skraplott.nu	1
Hetzner Online GmbH	silberg.nu	1
OVH SAS	salonmooi.nu	1
telenor.net	telenor.net	2
IONOS SE	co.uk	3
ACTIVE 24, s.r.o.	brassband.nu	1
hiwebab.se	bibbi-paris.nu	1
radinko.com	parktons.com	1
ninedegrees.nl	MICROSOFT-CORP-MSN-AS-BLOCK	1
maqalat.ai	bulldog.nu	1
AMAZON-02	pure-change.nu	1
Signet B.V.	nrcdeluxe.nu	1
CLDIN B.V.	mzoem.nu	1
One.com A/S	companyid.nu	1
Yelles AB	pumpans.nu	1
ACTIVE 24, s.r.o.	brommatrafikskola.nu	1
CLOUDFLARENET	noodig.nu	1
CLDIN B.V.	kotugsmitharbourtowage.nu	1
cloud86.nl	boostdesign.nu	1
CLOUDFLARENET	mooiesite.nl	1
GleSYS AB	hirscher.nu	1
Yelles AB	activehigh.nu	1
CLOUDFLARENET	brm.nu	1
Yelles AB	krisredo.nu	1
one.com	2sms.nu	1
ipcom GmbH	snickarehaninge.nu	1
ACTIVE 24, s.r.o.	timetoshine.nu	1
Signet B.V.	thenic.nl	5
consulhosting.nl	myrjam.com	1
ACTIVE 24, s.r.o.	banksson.nu	1
CLOUDFLARENET	053ict.nl	2
ACTIVE 24, s.r.o.	alve.nu	1
Yelles AB	gotheborg.nu	1
LIQUIDWEB	oldand.nu	1
yoctodns.com	MICROSOFT-CORP-MSN-AS-BLOCK	2
Yelles AB	blondiner.nu	1
CLDIN B.V.	praktijkmanagement.nu	1
Cygrids Communications AB	umk.nu	1
hostnet.nl	work-it-out.nu	1
Hetzner Online GmbH	venus.nu	1
LIQUIDWEB	hobbit.nu	1
NUCDN	falckonline.nu	1
ORACLE-BMC-31898	tillberg.nu	1
Miss Hosting AB	hoof.nu	1
Hetzner Online GmbH	fotonique.nu	1
hyp.net	elitmail.com	1
host2vps.com	baroen.nu	1
GleSYS AB	urbit.nu	1
icpcorehosting.nl	interparts.nl	2
Signet B.V.	valuecf.nu	1
LEASEWEB-USA-SFO	Greenhost BV	1
Signet B.V.	beet.nu	1
ACTIVE 24, s.r.o.	pbz.nu	1
NetBase BV	lbimail.nl	1
cloud86.nl	therapiespanje.nu	1
hostnet.nl	kpnmail.nl	1
Uniserver Internet B.V.	boskoop.nu	1
CLOUDFLARENET	izu.nu	1
Signet B.V.	blauwezorg.nu	1
TrueFullstaq B.V.	kloosterveste.nu	1
egensajt.se	DIGITALOCEAN-ASN	1
webhotel24.se	webhotel24.se	3
CLOUDFLARENET	oig.nu	1
loopia.se	webb-partner.se	1
loopia.se	sourceone.se	1
exonet.nl	pro-paint.nu	1
ACTIVE 24, s.r.o.	rahl.nu	1
ACTIVE 24, s.r.o.	bjerkely.nu	1
Yelles AB	ravnjakobohlsson.nu	1
greengeeks.net	kolenbrander.nu	1
Signet B.V.	cloud2all.nl	3
CLDIN B.V.	jwo.nu	1
xseu.net	riccardo.nu	1
OVH SAS	rymdresor.nu	1
ACTIVE 24, s.r.o.	nagy.nu	1
max.nl	max.nl	1
dn-s.nl	tnl.nu	1
radicenter.com	vau.nu	1
yze.nl	fotograafgroningen.nu	1
Cygrids Communications AB	hessel.nu	1
ACTIVE 24, s.r.o.	biggles.nu	1
DIGITALOCEAN-ASN	maxs.nu	1
Hetzner Online GmbH	kattenmanieren.nu	1
loopia.se	kserver.nu	1
Yelles AB	fulfix.nu	1
2tci.net	uppababy.nu	1
ACTIVE 24, s.r.o.	arthem.nu	1
LIQUIDWEB	vancampen.nu	1
Signet B.V.	neut.nu	1
Yelles AB	remoteviewer.nu	1
LIQUIDWEB	wanders.nu	1
srvnl.nl	srvnl.nl	2
dnssrv.nl	shemale.nu	1
ACTIVE 24, s.r.o.	computence.nu	1
loopia.se	ispy.se	1
Signet B.V.	hating.biz	1
loopia.se	geoinfo.se	1
binele.it	fitatwork.nu	1
loopia.se	staysecuregroup.com	4
one.com	resilans.se	1
ACTIVE 24, s.r.o.	cederlund.nu	1
ACTIVE 24, s.r.o.	jakobsbergskyrkan.nu	1
comitnet.com	Hostek AB	1
CLOUDFLARENET	fellinileeuwarden.nu	1
ACTIVE 24, s.r.o.	hognert.nu	1
vandenberg.nu	mijn.host B.V.	1
neodigit.net	neodigit.net	2
ports.se	webland.nu	2
hyp.net	Loopia AB	2
DIGITALOCEAN-ASN	vdlinde.nu	1
CLOUDFLARENET	ikben.nu	1
Signet B.V.	bwintech.nu	1
LIQUIDWEB	lundevall.nu	1
Cygrids Communications AB	stalka.nu	1
ACTIVE 24, s.r.o.	nygarden.nu	1
one.com	DLX A/S	2
loopia.se	8bitar.io	1
soko.nl	abonnementenbeheer.nu	1
Signet B.V.	wonenaanzee.nu	1
Yelles AB	kansas.nu	1
wned-dns.eu	foon.nu	1
Miss Hosting AB	essmess.nu	1
mijndnsserver.nl	helemaalniets.nu	1
Yelles AB	racketservice.nu	1
speedcom.se	kuggavik.nu	1
Signet B.V.	hartstocht.nu	1
Yelles AB	vinfabriken.nu	1
Signet B.V.	degroot.nu	1
ACTIVE 24, s.r.o.	xn--kreativamnster-3pb.nu	1
CLDIN B.V.	matzer.nu	1
Yelles AB	stoppatjuven.nu	1
LIQUIDWEB	svarrer.nu	1
Cloud DNS Ltd	siti.nu	1
netbox.no	bjorge.nu	1
ACTIVE 24, s.r.o.	daressalaam.nu	1
Signet B.V.	follow-up.nu	1
discom-services.com	caiway.nl	1
technoberg.nl	GOOGLE	2
CLOUDFLARENET	mymailcheap.com	2
abedns.net	MICROSOFT-CORP-MSN-AS-BLOCK	2
eldata.se	eldata.se	2
Eurofiber Cloud Infra B.V.	wereldreizen.nu	1
co.uk	email-cluster.com	1
LEASEWEB-USA-SFO	Soverin B.V.	1
sitelutions.com	GOOGLE	1
CLDIN B.V.	deepvalue.nu	1
Uniserver Internet B.V.	toohottohandle.nu	1
GleSYS AB	malmback.nu	1
asmallorange.com	tuinontwerp.nu	1
Cygrids Communications AB	hotellparis.nu	1
ACTIVE 24, s.r.o.	rang.nu	1
amphora.nl	digipad.nu	1
Akamai International B.V.	MICROSOFT-CORP-MSN-AS-BLOCK	2
microbus.se	microbus.se	2
Yelles AB	poddenexperimentet.nu	1
euronic.fi	GOOGLE	1
dn-s.nl	reserveeronline.nu	1
Hetzner Online GmbH	kaltoft.nu	1
CLOUDFLARENET	kuusela.nu	1
CLOUDFLARENET	w-c.nu	1
neostrada.nl	strandhuisje.nu	1
LIQUIDWEB	vitrin.nu	1
Signet B.V.	degoedkoopstewebsite.nu	1
proisp.no	rent-a-wreck.nu	1
mijndnsserver.nl	waarzegster.nu	1
cloud86.nl	spaarkaarten.nu	1
One.com A/S	europagaai.nu	1
ACTIVE 24, s.r.o.	mera.nu	1
coreit.se	ODERLAND Webbhotell AB	1
DIGITALOCEAN-ASN	regelhet.nu	1
ACTIVE 24, s.r.o.	lanapoule.nu	1
CLDIN B.V.	ouderenzorg.nu	1
owl-ict.nl	MICROSOFT-CORP-MSN-AS-BLOCK	2
Yelles AB	InfraCom Managed Services AB	1
ACTIVE 24, s.r.o.	gtk.nu	1
Signet B.V.	duurzaamisoleren.nu	1
MICROSOFT-CORP-MSN-AS-BLOCK	20i Limited	1
level27.eu	dewael.nu	1
afdrift.se	fyrbodal.com	1
The Internet Engineering Group B.V.	bedrijf-verkopen.nu	1
photon.net	earcandymusic.nu	1
CLDIN B.V.	wicked.nu	1
Wantech AB	ACTIVE 24, s.r.o.	1
ACTIVE 24, s.r.o.	skifte.nu	1
hostnet.nl	bioteine.com	1
Yelles AB	momskalkylator.nu	1
ACTIVE 24, s.r.o.	forever.nu	1
DIGITALOCEAN-ASN	samenwerken.nu	1
infomaniak.ch	infomaniak.ch	3
ipcom GmbH	elektriker-solna.nu	1
Signet B.V.	school-melk.nu	1
DIGITALOCEAN-ASN	care2connect.nu	1
mijndnsserver.nl	atlas-emmen.nu	1
GleSYS AB	winzell.nu	1
Signet B.V.	tags.nu	1
DIGITALOCEAN-ASN	jouwpgo.nu	1
MICROSOFT-CORP-MSN-AS-BLOCK	hondengedragstherapie.nu	1
gullestrupnet.dk	bjoerklund.nu	1
yourdomainprovider.net	cre8ion.nl	1
CLOUDFLARENET	leesid.nu	1
coreswitch.net	CLOUDFLARENET	1
Yelles AB	aliden.nu	1
ACTIVE 24, s.r.o.	monikas.nu	1
ACTIVE 24, s.r.o.	siknas.nu	1
One.com A/S	Proton AG	1
Signet B.V.	fledge.nu	1
arcadis.net	AMAZON-02	1
ACTIVE 24, s.r.o.	oxelmo.nu	1
Signet B.V.	fairdeal.nu	1
Signet B.V.	aanbesteden.nu	1
Yelles AB	bergstrombooks.nu	1
yourdomainprovider.net	mail4u.nu	1
sohosted31.com	CLDIN B.V.	1
em-wps.com	husfix.nu	1
Yelles AB	student.nu	1
Computel Standby BV	2wcf.nl	1
Yelles AB	adeluxe.nu	1
HURRICANE	ZOHO Corporation B.V	1
ppi.dk	MICROSOFT-CORP-MSN-AS-BLOCK	2
ORACLE-BMC-31898	anyware.nu	1
ACTIVE 24, s.r.o.	multifuller.nu	1
ab stract ltd	mahoney.nu	1
Yelles AB	fotoblogg.nu	1
shockmedia.nl	goldruncasino.nu	1
GleSYS AB	tenc.nu	1
DIGITALOCEAN-ASN	focusing.nu	1
BIZLAND-SD	liden.nu	1
LIQUIDWEB	klasson.nu	1
dnsdomene.net	miland.nu	1
awsdns-26.org	AMAZON-02	1
Yelles AB	arlov.nu	1
CLDIN B.V.	boekwerk.nu	1
motanica.net	Signet B.V.	1
thednscompany.com	mail	2
jth.net	kirk.nu	1
Telenor Norge AS	MICROSOFT-CORP-MSN-AS-BLOCK	2
ebridge-ict.nl	oefenruimte.nu	1
Signet B.V.	scm.nu	1
CLOUDFLARENET	hostit.se	1
rzone.de	ZOHO-AS	1
dn-s.nl	signet.nl	4
GleSYS AB	rosenhill.nu	1
Signet B.V.	kamieldewitt.nu	1
DIGITALOCEAN-ASN	vanderhoeven.nu	1
name-services.com	Datacamp Limited	1
CLOUDFLARENET	macrepair.nu	1
CLOUDFLARENET	engedal.nu	1
Signet B.V.	snackbar.nu	1
smartboxhosting.nl	nysingh.nu	1
CLOUDFLARENET	koningterijk.nu	1
neostrada.nl	hbn.nu	1
Eurofiber Cloud Infra B.V.	kunsthuren.nu	1
ipcom GmbH	mijnvps.nu	1
ANEXIA Internetdienstleistungs GmbH	WebSupport s.r.o.	1
ports.se	cecon.nu	1
Netsite A/S	GOOGLE	4
DIGITALOCEAN-ASN	paralell.nu	1
neostrada.nl	natuur.nu	1
ACTIVE 24, s.r.o.	aquacure.nu	1
elcanet.nl	ecars.nu	1
CLOUDFLARENET	kortsluiting.nu	1
Signet B.V.	cocktailpartybox.nu	1
nebuchadnezzar.network	nebuchadnezzar.network	3
ACTIVE 24, s.r.o.	tvsk.nu	1
Signet B.V.	bosbungalow.nu	1
Serverius Holding B.V.	noordenreizen.nu	1
LeaseWeb Netherlands B.V.	piron.nu	1
webwerkers.nl	heid.nu	1
neostrada.nl	burgers.nu	1
Signet B.V.	appa.nu	1
domainvendor.com	javagames.nu	1
ACTIVE 24, s.r.o.	utter.nu	1
Cygrids Communications AB	seds.nu	1
CLOUDFLARENET	wlan.nu	1
One.com A/S	natuurkampen.nu	1
dn-s.nl	aanbestedingsadvocaat.nu	1
aname.net	lifernstedt.se	1
DIGITALOCEAN-ASN	marwil.nu	1
Signet B.V.	Blix Solutions AS	1
LIQUIDWEB	drno.nu	1
LIQUIDWEB	aldrekontakt.nu	1
kbk.nu	kbk.nu	1
ipcom GmbH	anywise.net	1
H4Hosting BV	MICROSOFT-CORP-MSN-AS-BLOCK	3
mijndnsserver.nl	astroconnect.nu	1
CLOUDFLARENET	wfmedia.nl	1
CLOUDFLARENET	vrijspel.nu	1
Yelles AB	reliningportalen.nu	1
forss.net	GOOGLE	3
ODERLAND Webbhotell AB	esteto.nu	1
ML Consultancy	lico.nl	2
Yelles AB	heima.nu	1
loopia.se	skogstorpet.nu	1
oderland.com	sungen.nu	1
dn-s.nl	wijik.nu	1
AMAZON-02	reservehybrid.nu	1
ezisp.eu	mysteryguest.nu	1
Yelles AB	hudcancer.nu	1
DIGITALOCEAN-ASN	goudmijn.nu	1
loopia.se	lindell.se	1
ACTIVE 24, s.r.o.	holmbom.nu	1
ipcom GmbH	OVH SAS	1
Yelles AB	huynh.nu	1
euronic.fi	euronic.fi	1
ACTIVE 24, s.r.o.	ehrnstroms.nu	1
arrownet.dk	danskkabeltv.dk	1
ACTIVE 24, s.r.o.	emmelund.nu	1
ACTIVE 24, s.r.o.	bokomslag.nu	1
DIGITALOCEAN-ASN	vancappellen.nu	1
ACTIVE 24, s.r.o.	popware.nu	1
ACTIVE 24, s.r.o.	isail.nu	1
hix.nl	vanderzanden.nu	1
LIQUIDWEB	mark.nu	1
alboweb.nl	vibecoding.nu	1
The Internet Engineering Group B.V.	verbebedrijfsdeuren.nu	1
DIGITALOCEAN-ASN	handicab.nu	1
cloud86.nl	fundit.nu	1
team.blue Denmark A/S	baghuset.nu	1
CLOUDFLARENET	escortservices.nu	1
naamservert.nl	opusvnet.nl	1
ACTIVE 24, s.r.o.	sverigesnationalparker.nu	1
DIGITALOCEAN-ASN	suite7.nl	1
LeaseWeb Netherlands B.V.	ree.nu	1
DIGITALOCEAN-ASN	financien.nu	1
LIQUIDWEB	supertilbud.nu	1
BIT BV	skydancer.nu	1
Signet B.V.	veiligopgroeien.nu	1
CLOUDFLARENET	younever.nu	1
Signet B.V.	giles.nu	1
combell.net	otys.nl	1
contaboserver.net	smsreklam.nu	1
CLOUDFLARENET	inspirit.nu	1
TrueFullstaq B.V.	ld4unity.com	2
LIQUIDWEB	GlobalConnect AB	1
loopia.se	litt.nu	1
One.com A/S	neede.nu	1
ACTIVE 24, s.r.o.	wilton.nu	1
thednscompany.com	powerport.nu	1
hismedia.nl	teen-challenge.nu	1
DIMENOC	asuka.nu	1
HWJ Invest 2016 ApS	azero.cloud	2
netvictory.net	GOOGLE	1
Signet B.V.	botea.nu	1
xantion.com	MICROSOFT-CORP-MSN-AS-BLOCK	1
AMAZON-02	neske.nu	1
zenbox.pl	zenbox.pl	2
ecomation.eu	ecotouch.nu	1
serviceprovider.nl	werkplaatsinrichting.nu	1
ipcom GmbH	SECURITYSERVICES	1
Initworks b.v.	profs.nu	1
CLOUDFLARENET	hotelarrangementen.nu	1
TrueFullstaq B.V.	openworx.nl	1
Yelles AB	astrologi.nu	1
ACTIVE 24, s.r.o.	georgi.nu	1
Yelles AB	nyborgs.nu	1
CLOUDFLARENET	drewes-it.nl	1
CLOUDFLARENET	mobilblogg.nu	1
neostrada.nl	xmate.nu	1
ML Consultancy	GOOGLE-CLOUD-PLATFORM	1
DLX A/S	dlx.dk	1
ACTIVE 24, s.r.o.	55plus.nu	1
Miss Hosting AB	bikerchurch.nu	1
Signet B.V.	monta.nu	1
SECURITYSERVICES	hijinx.nu	1
dhs10.nl	itts.nu	1
exonet.nl	optijd.nu	1
CLOUDFLARENET	golfregler.nu	1
CLOUDFLARENET	annonskraft.nu	1
CLOUDFLARENET	specialforces.nu	1
Yelles AB	numus.nu	1
yourdomainprovider.net	careers.nu	1
dnssrv.nl	redder-in-nood.nu	1
Teleservice Bredband Skane AB	puffy.nu	1
Signet B.V.	mailmere.nl	1
Hetzner Online GmbH	isobooster.nu	1
toppen.nu	toppen.nu	1
mijn.host	digitekst.com	1
Yelles AB	mdx.nu	1
ipcom GmbH	esend.nu	1
one.com	valentino.nu	1
TrueFullstaq B.V.	opoz.nu	1
Signet B.V.	dylan.nu	1
webmix.nl	GOOGLE	1
CLOUDFLARENET	beeren-bodywear.nu	1
Uniserver Internet B.V.	dakkapel.nu	1
MICROSOFT-CORP-MSN-AS-BLOCK	webland.nu	1
Signet B.V.	spelendleren.nu	1
Akamai Connected Cloud	xn--elektrikermalm-8pb.nu	1
DIGITALOCEAN-ASN	btserver.eu	1
Yelles AB	intelligence.nu	1
Uniserver Internet B.V.	kidfit.nu	1
Signet B.V.	embraceit.nu	1
etableraweb.com	saboti.nu	1
Yelles AB	ts.nu	1
CLOUDFLARENET	Vianova S.p.A	2
CLOUDFLARENET	forsakringar.nu	1
CLOUDFLARENET	mijnkansrijkestart.nu	1
Signet B.V.	latulipenoire.nu	1
CLOUDFLARENET	skrotbilen.nu	1
GleSYS AB	snabbschema.nu	1
LIQUIDWEB	jubii.nu	1
Yelles AB	torris.nu	1
neostrada.nl	moolenaar.nu	1
qlimaat.nu	MICROSOFT-CORP-MSN-AS-BLOCK	1
cewebhosting.nl	kerntrekbeveiliging.nu	1
CLDIN B.V.	SQUIXA PTY LIMITED	2
Miss Hosting AB	kinesioterapeut.nu	1
Signet B.V.	slimmerondernemen.nu	1
itsynergy.nl	huising.nu	1
Yelles AB	macpower.nu	1
ACTIVE 24, s.r.o.	mobilakuten.nu	1
Yelles AB	xn--klvsj-kuad.nu	1
GlobalConnect AB	mto.se	1
DIGITALOCEAN-ASN	geldlenen.nu	1
ACTIVE 24, s.r.o.	byttarbytt.nu	1
ballou.se	myds.me	1
ACTIVE 24, s.r.o.	lellesmc.nu	1
CLOUDFLARENET	capcon.nu	1
ACTIVE 24, s.r.o.	norstedt.nu	1
Miss Hosting AB	ariadne.nu	1
one.com	kultunaut.dk	2
shockmedia.nl	contict.nl	1
CLOUDFLARENET	office.nu	1
iwantmyname.com	GOOGLE	1
one.com	WebSupport s.r.o.	1
cloud86.nl	ilife.nu	1
AMAZON-02	opnieuw.nu	1
perscorp.com	MICROSOFT-CORP-MSN-AS-BLOCK	1
dubbelbit.nl	dubbelbit.nl	1
nettally.com	nettally.com	1
qsit.nl	laadpaalvergelijker.nu	1
Signet B.V.	token4all.nu	1
Signet B.V.	lmcare.nu	1
Yelles AB	kanoting.nu	1
digitalwolfdev.eu	parktons.com	1
Signet B.V.	overeenkomsten.nu	1
LIQUIDWEB	karl.nu	1
GleSYS AB	spaceoflove.nu	1
server-farm.net	jordvind.nu	1
ACTIVE 24, s.r.o.	submind.nu	1
Yelles AB	strimma.nu	1
nexcess.net	n88.nu	1
Tele2 SWIPnet	ymdrift.se	1
Signet B.V.	salesgenius.nu	1
Signet B.V.	oldwood.nu	1
GleSYS AB	persson.nu	1
NewVM B.V.	windkracht8.com	1
ACTIVE 24, s.r.o.	verhip.nu	1
One.com A/S	obscura.nu	1
DIMENOC	voogt.nu	1
DIGITALOCEAN-ASN	topdoc.nu	1
Hetzner Online GmbH	dakdoorvoer.nu	1
CLOUDFLARENET	nischad.nu	1
Hetzner Online GmbH	gonzo.nu	1
Signet B.V.	in-sync.nu	1
smartdns.se	dividend.nu	1
CLDIN B.V.	mijnpagina.nu	1
DIGITALOCEAN-ASN	ruesink.nu	1
Signet B.V.	gntel.nu	1
LIQUIDWEB	nakazawa.nu	1
rocketsystems.nu	GOOGLE	1
dns.services	GOOGLE	3
ACTIVE 24, s.r.o.	hundkompaniet.nu	1
Miss Hosting AB	queertopia.nu	1
CLOUDFLARENET	m-clean.nu	1
Yelles AB	andelsspel.nu	1
dn-s.nl	ducksize.nu	1
GOOGLE	ulven.nu	1
dn-s.nl	drl.nu	1
CLOUDFLARENET	gongbad.nu	1
Eurofiber Cloud Infra B.V.	sitters.nu	1
CLDIN B.V.	2wcf.nl	3
DIGICERT	sectra.com	1
ACTIVE 24, s.r.o.	bergo.nu	1
Yelles AB	sexiganoveller.nu	1
Signet B.V.	ideeenfabriek.nu	1
pixation.se	lan2k.org	1
DIGITALOCEAN-ASN	peltzer.nu	1
CLOUDFLARENET	broschyr.nu	1
LIQUIDWEB	lillybridalfashion.nu	1
Yelles AB	gantofta.nu	1
ports.se	olvemarks.nu	1
CLOUDFLARENET	mikaelhansson.nu	1
Yelles AB	xn--lfgren-wxa.nu	1
digi.hosting	vandevrande.nu	1
Yelles AB	maltabolag.nu	1
mijndnsserver.nl	portuur.nu	1
yourdomainprovider.net	newpower.nu	1
websystent.nl	pxplus.nu	1
ML Consultancy	gastouders.nu	1
loopia.se	familjenlind.nu	1
Yelles AB	lantech.nu	1
OVH SAS	lawtolbv.nu	1
SERVERSTACK-ASN	pornbox.nu	1
Yelles AB	takeuchi.nu	1
cloud86.nl	ondernemingsrecht-advocaat.nu	1
lagerpalager.nu	liteavvarje.nu	1
earthwater-hosting.nl	tobeyou.nu	1
AMAZON-02	handball.nu	1
ports.se	edgehosting.se	1
iclicks.nl	vrijmibo.nu	1
CLOUDFLARENET	protheseservice.nu	1
mijndnsserver.nl	flower-shop.nu	1
hosted.nl	paragnosteddie.blog	1
ACTIVE 24, s.r.o.	spes.nu	1
Signet B.V.	natuurlijkisoleren.nu	1
CLOUDFLARENET	decore.nu	1
ACTIVE 24, s.r.o.	pahlman.nu	1
intention.nl	appelazijn.nu	1
loopia.se	basesoft.nu	1
DIGITALOCEAN-ASN	cartouche.nu	1
DIGITALOCEAN-ASN	deepblue	1
dn-s.nl	leeman.nu	1
cloudns.net	allaboutme.nu	1
granitecanyon.com	GOOGLE	1
Yelles AB	timein.nu	1
ACTIVE 24, s.r.o.	urx.nu	1
ACTIVE 24, s.r.o.	bredviken.se	1
LIQUIDWEB	yourstone.nu	1
CLOUDFLARENET	soklagenhet.nu	1
ipdutch.com	GOOGLE	1
ne.jp	hao.nu	1
MICROSOFT-CORP-MSN-AS-BLOCK	weerzienoogzorgwinkel.nu	1
cloud86.nl	baspeeters.nu	1
xweb.se	MICROSOFT-CORP-MSN-AS-BLOCK	1
ACTIVE 24, s.r.o.	epradius.nu	1
DIGITALOCEAN-ASN	pauldeboer.nu	1
CLOUDFLARENET	dolcefarniente.nu	1
One.com A/S	roffa.nu	1
Signet B.V.	staopstoel.nu	1
Yelles AB	assyriska.nu	1
atom86 BV	GOOGLE	2
Yelles AB	lornoor.nu	1
CLOUDFLARENET	alfanet.nu	1
ACTIVE 24, s.r.o.	cleanwork.nu	1
Yelles AB	beachflagga.nu	1
GleSYS AB	vikingstad.nu	1
ports.se	eun.net	1
Signet B.V.	wonenopurk.nu	1
Signet B.V.	ptss.nu	1
ACTIVE 24, s.r.o.	edvall.nu	1
Yelles AB	microcementbadrum.nu	1
Yelles AB	lindaz.nu	1
team.blue Denmark A/S	vesterby.nu	1
Signet B.V.	eoc.io	1
exactnet.be	mijnserver.nl	1
ACTIVE 24, s.r.o.	granturismo.nu	1
zoneedit.com	igen.nu	1
dn-s.nl	big-data.nu	1
loopia.se	sugfisk.net	1
3dg.se	norrpost.se	1
joker.com	Fastmail Pty Ltd	1
Miss Hosting AB	moonchild.nu	1
puffinonline.be	MICROSOFT-CORP-MSN-AS-BLOCK	1
OVH SAS	kisteman.nu	1
ACTIVE 24, s.r.o.	gardell.nu	1
Signet B.V.	frisparty.nu	1
team.blue Denmark A/S	efterloen.nu	1
ports.se	fritidsgard.nu	1
ACTIVE 24, s.r.o.	mobilahus.nu	1
Yelles AB	skratta.nu	1
AMAZON-02	nowism.nu	1
caveo.nl	oudega.nu	1
GleSYS AB	tryggpension.nu	1
citynetwork.se	citynework.eu	1
ACTIVE 24, s.r.o.	invico.nu	1
cloud86.nl	beekhof.nu	1
hostgator.com	fonts.nu	1
CLOUDFLARENET	tess.nu	1
team.blue Denmark A/S	eace.nu	1
Yelles AB	mord.nu	1
ipcom GmbH	3rex.net	2
GleSYS AB	klong.nu	1
Miss Hosting AB	vrc.nu	1
ACTIVE 24, s.r.o.	dubaiguide.nu	1
ACTIVE 24, s.r.o.	xn--dahlstrm-t4a.nu	1
DIGITALOCEAN-ASN	designerweb.nu	1
One.com A/S	cheeseburgerme.nu	1
Signet B.V.	verfbestellen.nu	1
AMAZON-02	musicandarts.nu	1
ACTIVE 24, s.r.o.	jumpahead.nu	1
CLOUDFLARENET	shinichi.nu	1
rox.net	rox.net	1
AS-VULTR	cyrus.nu	1
Yelles AB	lapka.nu	1
CLOUDFLARENET	kikotte.nu	1
serviceprovider.nl	veilighuis.nu	1
Signet B.V.	foxmetal.nu	1
i-serve.net	openbook.nu	1
NUCDN	biovea.nu	1
core-dns.net	lightning.nu	1
ACTIVE 24, s.r.o.	pphosted.com	3
ports.se	multimediacenter.nu	1
hostnet.nl	oudecvketel.nu	1
dn-s.nl	vo-pensioen.nu	1
UKDedicated LTD	xn--kpochslj-5za8o.nu	1
dotserv.com	enter-system.com	1
Signet B.V.	fredoc.nu	1
Intention B.V.	inloop-cast.nu	1
CLOUDFLARENET	kuba.nu	1
Yelles AB	saol.nu	1
GleSYS AB	arkander.nu	1
team.blue Denmark A/S	splitleasing.nu	1
frontoffice.no	frontgate.no	1
Yelles AB	rugen.nu	1
Signet B.V.	medutake.nu	1
CLDIN B.V.	nrvastgoed.nu	1
AS-VULTR	xn--gldjenstrafikskola-mtb.nu	1
cargo.site	CLOUDFLARENET	1
DIGITALOCEAN-ASN	yourcoach.nu	1
LEASEWEB-USA-SFO	inwork.nl	1
hix.nl	jijbentwelkom.nu	1
ACTIVE 24, s.r.o.	motorart.nu	1
pharmeon.nl	CLOUDFLARENET	1
oppettider.nu	oppettider.nu	1
extilum.net	maras.se	1
9netweb.it	arubabusiness.it	1
CLOUDFLARENET	duinhoeve.nu	1
CLOUDFLARENET	lostmary.nu	1
cloud86.nl	chiliconcarneval.nu	1
DIGITALOCEAN-ASN	bur.nu	1
oderland.com	varamaskinimport.nu	1
skapawebb.se	skapawebb.se	1
Yelles AB	bild.nu	1
ACTIVE 24, s.r.o.	beavertech.nu	1
ACTIVE 24, s.r.o.	xn--lidingrunt-jcb.nu	1
thednscompany.com	rentadutchhouse.nu	1
Yelles AB	magnat.nu	1
Yelles AB	lundell.nu	1
1984.is	warp5.se	1
ACTIVE 24, s.r.o.	etm.nu	1
ilait.se	Fastmail Pty Ltd	1
Signet B.V.	kunstburgemeester.nu	1
DIGICERT	meca.se	1
Yelles AB	wenner.nu	1
ne.jp	npw.nu	1
Signet B.V.	komvandatgasaf.nu	1
yourdomainprovider.net	driedinsects.nu	1
graficom.com	datdus.nu	1
DIGITALOCEAN-ASN	onlinekopen.nu	1
Signet B.V.	voordeel.nu	1
cloud86.nl	hansler.nu	1
hyp.net	Fastmail Pty Ltd	2
server02.eu	2w.nu	1
Yelles AB	partyzone.nu	1
Yelles AB	kristiansvensson.nu	1
Signet B.V.	vuurwerkbestel.nu	1
CLOUDFLARENET	lagaiphone.nu	1
Signet B.V.	kantoorhuren.nu	1
CLOUDFLARENET	ameubel.nu	1
ACTIVE 24, s.r.o.	creativecat.nu	1
AUTOMATTIC	A2b Ip B.v.	1
lmn.ro	muntea.nu	1
cloud86.nl	cloud86.nu	1
2is.nl	attractiv.nl	1
CLOUDFLARENET	staples.nu	1
sohosted30.com	CLDIN B.V.	1
GleSYS AB	evap.nu	1
BIT BV	mal.nu	1
Yelles AB	roll-up.nu	1
Combell NV	vitogroup.nu	1
ACTIVE 24, s.r.o.	reva.nu	1
DIMENOC	spaceboy.nu	1
CLOUDFLARENET	pepperpeople.nu	1
Fundaments B.V.	businesshosting.nl	1
GOOGLE	rages.nu	1
team.blue Denmark A/S	check4spam.dk	2
ports.se	alvstaden.nu	1
slik.eu	MICROSOFT-CORP-MSN-AS-BLOCK	1
ACTIVE 24, s.r.o.	jbdesign.nu	1
One.com A/S	filatelie.nu	1
Cygrids Communications AB	finep.nu	1
Yelles AB	vetmer.nu	1
ACTIVE 24, s.r.o.	tiberius.nu	1
speedydns.net	ocicat.nu	1
direkte.no	egersund.nu	1
Yelles AB	nfl.nu	1
Signet B.V.	saldi.nu	1
RouteLabel V.O.F.	fable.nu	1
ACTIVE 24, s.r.o.	hlberg.nu	1
One.com A/S	marliesdevries.nu	1
hostnet.nl	werkenbij.nu	1
CLOUDFLARENET	esteves.nu	1
CLOUDFLARENET	waterstofauto.nu	1
checkdomain.de	prezero-sverige.nu	1
Yelles AB	framgaangsrik.nu	1
ACTIVE 24, s.r.o.	fasciakirurgi.nu	1
nameserverseo.com	mot.nu	1
fastdirectadminserver.com	nisaba.nu	1
wk.se	kebabpizza.nu	1
nxtlvl-it.nl	MICROSOFT-CORP-MSN-AS-BLOCK	5
Yelles AB	snapfeed.nu	1
Signet B.V.	nwtd.nu	1
hostgator.com	chaoticgames.nu	1
CLOUDFLARENET	nabestaanden-service.nu	1
One.com A/S	virus-verwijderen.nu	1
GleSYS AB	rasten.nu	1
cloud86.nl	gecon.nu	1
CLOUDFLARENET	blacknoise.nl	2
sveabyran.com	QUICKPACKET	3
ipcom GmbH	mysystems.it	1
Yelles AB	xn--rddabanden-q5a.nu	1
GlobalConnect AB	ITCONNECT Scandinavia AB	1
idhosted.net	idhosted.net	1
LIQUIDWEB	renaissancewoman.nu	1
ne.jp	temp.nu	1
Tietoevry Norway As	Webhuset AS	1
CLOUDFLARENET	ikwilrijles.nu	1
virtio.be	afrekenen.nu	1
ACTIVE 24, s.r.o.	grever.se	1
CLOUDFLARENET	smarter.nu	1
ANEXIA Internetdienstleistungs GmbH	AMAZON-02	1
ACTIVE 24, s.r.o.	gestalt.nu	1
One.com A/S	leveninliefde.nu	1
CLOUDFLARENET	kunstgrasvoordeel.nu	1
OVH SAS	thuistaxaties.nu	1
Signet B.V.	webelephant.nl	1
cloud86.nl	frappant.nu	1
sit24.com	top24.nu	1
Infopact Netwerkdiensten B.V.	zaanzicht.nu	1
CLOUDFLARENET	devapi.se	1
Signet B.V.	herma.nu	1
da.direct	GOOGLE	1
Snel.com B.V.	registerajob.nu	1
Cygrids Communications AB	nyskap.nu	1
CLDIN B.V.	wietbestellen.nu	1
CLOUDFLARENET	gr-holding.com	2
interwijs.nl	levinwonen.nu	1
hostnet.nl	ZOHO Corporation B.V	1
dn-s.nl	fragile.nu	1
yourwebhoster.com	a4u.nu	1
GleSYS AB	Datacamp Limited	1
ports.se	vfb.nu	1
searacon.nl	banket.nu	1
quicklyserver.nl	Voxility LLP	1
CLOUDFLARENET	xn--golvlggningstockholm-fzb.nu	1
intendit.se	GOOGLE	6
Signet B.V.	wetdba.nu	1
GOOGLE	dinredovisningskonsult.nu	1
Signet B.V.	onlinemeubelbeslag.nu	1
CLOUDFLARENET	hits.nu	1
shockmedia.nl	sebastiaan.nu	1
Eurofiber Cloud Infra B.V.	zandbergen.nu	1
khsmserver2.nl	MICROSOFT-CORP-MSN-AS-BLOCK	1
ACTIVE 24, s.r.o.	hyrabra.nu	1
ACTIVE 24, s.r.o.	vindil.nu	1
zoneedit.com	peking.nu	1
OVH SAS	imotions.nu	1
Yelles AB	gratisprinsessan.nu	1
CLOUDFLARENET	mekonomenbilverksted.nu	1
hostnet.nl	verkeer.nu	1
CLOUDFLARENET	29.122	1
ipcom GmbH	maxeda.com	2
CLOUDFLARENET	stjernquist.nu	1
CLOUDFLARENET	casino-jackpot.nu	1
Yelles AB	legpsykolog.nu	1
Signet B.V.	wasmachine.nu	1
ACTIVE 24, s.r.o.	2m.nu	1
ACTIVE 24, s.r.o.	mittskolval.nu	1
AMAZON-02	tantan.nu	1
High5! B.V.	vetafscheider.nu	1
GleSYS AB	elm.nu	1
ytec.nl	ytec.nl	1
acsrackserver7.nl	snip.nu	1
Uniserver Internet B.V.	GOOGLE-CLOUD-PLATFORM	1
Uniserver Internet B.V.	alu-leg.nu	1
bitwebhosting.nl	westerkwartier.nu	1
Bahnhof AB	retorikbyran.nu	1
ACTIVE 24, s.r.o.	brain.nu	1
Yelles AB	virtuellaherbariet.nu	1
LEVEL3	tryckshop.nu	1
netzozeker.net	gewoonbeter.nu	1
Signet B.V.	3spraak.nu	1
Net at Once Sweden AB	netatonce.net	4
b-mark.nu	b-mark.nu	1
ACTIVE 24, s.r.o.	ortoped.nu	1
mildmedia.se	dofabporten.nu	1
webservershield.com	dates.nu	1
dn-s.nl	berkhoff.nu	1
CLOUDFLARENET	wine.nu	1
Yelles AB	ai-act.nu	1
Signet B.V.	functionalfood.nu	1
CLOUDFLARENET	aydo.nu	1
Yelles AB	anpassat.nu	1
ACTIVE 24, s.r.o.	aktivhudvard.nu	1
Signet B.V.	ammoniakrechten.nu	1
introweb.nl	pleidooi.nu	1
atom86 BV	direct.nu	1
mackaay.net	mackaay.it	1
ecomation.nl	cartridge.nu	1
LIQUIDWEB	boligsalg.nu	1
DIGITALOCEAN-ASN	willers.nu	1
hostland.ru	posing.nu	1
ipcom GmbH	skanemejerier.se	1
Yelles AB	xn--smln-roab.nu	1
cloud86.nl	citytrips.nu	1
team.blue Denmark A/S	internettet.nu	1
ACTIVE 24, s.r.o.	ZOHO Corporation B.V	3
CLDIN B.V.	tover.nu	1
CLOUDFLARENET	my-cloud.nu	1
start3000.eu	hdservices.nl	3
Miss Hosting AB	xn--fnsterrenoveringistockholm-cvc.nu	1
Signet B.V.	iphmx.com	1
CLOUDFLARENET	drivkrafter.nu	1
cloudns.net	begreen.nu	1
SECURITYSERVICES	lillasportspegeln.nu	1
dbsgroep.net	scratch.nu	1
Yelles AB	powermate.nu	1
Signet B.V.	recycleplexiglas.nu	1
ACTIVE 24, s.r.o.	ekdahl.nu	1
websdr.nu	GOOGLE	1
CLOUDFLARENET	a-side.nu	1
multitronic.fi	multitronic.fi	1
CLOUDFLARENET	mindy.nu	1
DIGITALOCEAN-ASN	qualityliving.nu	1
liljenzin.se	liljenzin.se	1
Signet B.V.	autosleutels-nijmegen.nu	1
CLOUDFLARENET	podcasts.nu	1
ACTIVE 24, s.r.o.	wermlandsbanken.nu	1
The Internet Engineering Group B.V.	litecom.nu	1
CLOUDFLARENET	firstimpact.com	1
CLOUDFLARENET	paardentaxivoorneputten.nu	1
CLOUDFLARENET	co.nl	1
halfjunihosting.nl	sohoix.com	1
ACTIVE 24, s.r.o.	swedified.nu	1
AMAZON-02	purechange.nu	1
ACTIVE 24, s.r.o.	floweryoga.nu	1
cloudns.net	Fastmail Pty Ltd	2
Yelles AB	lokalti.nu	1
Miss Hosting AB	hilite.nu	1
hostm.net	q0.nu	1
DIGITALOCEAN-ASN	dieetopmaat.nu	1
hades.net	hades.net	1
ACTIVE 24, s.r.o.	hildebrands.nu	1
AMAZON-02	SECURITYSERVICES	1
Yelles AB	dromtydning.nu	1
dns-cloud01.nl	dejoost.nu	1
Yelles AB	krajina.nu	1
calmira.nl	MICROSOFT-CORP-MSN-AS-BLOCK	1
greendomains.nl	sterknetwerk.nu	1
Signet B.V.	coollective.nu	1
CLOUDFLARENET	valmaende.nu	1
linode.com	gsss.nu	1
One.com A/S	letselschade.nu	1
Uniserver Internet B.V.	regulator.nu	1
ACTIVE 24, s.r.o.	limbino.nu	1
Yelles AB	synsmart.nu	1
GleSYS AB	bajskorv.nu	1
One.com A/S	socialisme.nu	1
bb-online.net	ie.nu	1
Signet B.V.	prodeoprof.nu	1
muumuu-domain.com	xserver.jp	1
GOOGLE	crossnet.se	1
Stichting DIGI NL	tomtechniek.nu	1
DIGITALOCEAN-ASN	grasduinen.nu	1
ports.se	klindustri.nu	1
awardspace.com	beltzer.nu	1
Uniserver Internet B.V.	warmtepomp-info.nu	1
thednscompany.com	23M GmbH	2
loopia.se	safe-caps.fr	1
ACTIVE 24, s.r.o.	wellbee.nu	1
atom86 BV	beatrijs.nu	1
ACTIVE 24, s.r.o.	frolundakarate.nu	1
LeaseWeb Netherlands B.V.	golfclinic.nu	1
mansmedia-dns.nl	puurhart.nu	1
BIT BV	yello.nu	1
Yelles AB	ecat-power.nu	1
ACTIVE 24, s.r.o.	allvar.nu	1
LIQUIDWEB	rune.nu	1
co.uk	relaxx.nu	1
Signet B.V.	contra-expertise.nu	1
era-it.nl	GOOGLE	1
ACTIVE 24, s.r.o.	paperfight.nu	1
loopia.se	wolfnet.nu	1
nmugroup.com	staysecuregroup.com	1
Yelles AB	skumtomte.nu	1
LeaseWeb Netherlands B.V.	nuvooruit.nu	1
ACTIVE 24, s.r.o.	reloadfoodbar.nu	1
Miss Hosting AB	dagar.nu	1
One.com A/S	voorschot.nu	1
ns-sec.nl	ns-sec.nl	1
ACTIVE 24, s.r.o.	hedenskog.nu	1
ACTIVE 24, s.r.o.	sentec.nu	1
Signet B.V.	aboutai.nu	1
Yelles AB	mobilen.nu	1
CLOUDFLARENET	123reklam.nu	1
one.com	brandrup.nu	1
One.com A/S	amersfoort.nu	1
ACTIVE 24, s.r.o.	foh.nu	1
CLDIN B.V.	mini-bar.nu	1
quicns.cloud	ODERLAND Webbhotell AB	1
HURRICANE	kumla.net	1
CLDIN B.V.	xsdeny.nl	1
srv-console.com	status.nu	1
ACTIVE 24, s.r.o.	nabertherm.nu	1
ACTIVE 24, s.r.o.	reklampost.nu	1
namesrv.ch	servicehoster.ch	1
teknikbyran.com	staysecuregroup.com	1
hosted.nl	kinggeorge.nu	1
Yelles AB	fibromyalgia.nu	1
webhostingserver.nl	oldies.nu	1
Hetzner Online GmbH	vanviegenrioolrenovatie.nu	1
Yelles AB	kasinobet.nu	1
ACTIVE 24, s.r.o.	verhees.nu	1
Signet B.V.	realdomotics.nu	1
serverlanka.com	euniceprobert.nu	1
hover.com	Proton AG	1
Signet B.V.	smartguardplus.nu	1
Signet B.V.	balkonhekken.nu	1
one.com	Christian Ebsen ApS	1
Signet B.V.	golz.nu	1
Miss Hosting AB	aceofspades.nu	1
CLOUDFLARENET	birdring.nu	1
zenscape.se	MICROSOFT-CORP-MSN-AS-BLOCK	1
Signet B.V.	koopkeuze.nu	1
Yelles AB	uran.nu	1
easydns.ca	easydns.com	2
ACTIVE 24, s.r.o.	triagesec.nu	1
nameshield.net	gmessaging.net	1
Signet B.V.	hostingbrothers.nl	1
ACTIVE 24, s.r.o.	hockum.com	1
Signet B.V.	skyweb.nu	1
Yelles AB	jcb.nu	1
Yelles AB	nott.nu	1
a51hosting.net	a51hosting.com	1
Yelles AB	nhl-odds.nu	1
iptwins.com	ACTIVE 24, s.r.o.	1
LIQUIDWEB	ruud.nu	1
team.blue Denmark A/S	musicure.nu	1
fekahost.nl	devaultone.nl	1
mijndnsserver.nl	clic.nu	1
SECURITYSERVICES	medbook.net	1
loopia.se	dnet.nu	1
CLOUDFLARENET	qontent.nu	1
CLOUDFLARENET	ellingsworth.nu	1
Yelles AB	isskrapa.nu	1
Signet B.V.	bredabringsittogether.nu	1
CLOUDFLARENET	stockholmshotell.nu	1
Signet B.V.	kettler.nu	1
cloud86.nl	flitspaal.nu	1
UpCloud Ltd	ardnas.nu	1
123-hostingserver.net	corsmit.nu	1
vmi.se	staysecuregroup.com	1
joker.com	mailprotect.be	1
Contabo GmbH	toscon.nu	1
exonet.nl	hierwonen.nu	1
Hetzner Online GmbH	bredahl.nu	1
Hetzner Online GmbH	winslow.nu	1
ACTIVE 24, s.r.o.	tentstore.nu	1
Yelles AB	vou.nu	1
driebit.net	mijnspamfilter.nl	1
hix.nl	cloud-desk.nl	1
losning.nl	MICROSOFT-CORP-MSN-AS-BLOCK	1
AMAZON-02	meglow.nu	1
ninedegrees.nl	riverwoodliving.nu	1
com.au	spacedesign.nu	1
dominion.nl	ecoaching.nu	1
sohosted73.com	chateau-amsterdam.nu	1
ACTIVE 24, s.r.o.	fashiontrade.nu	1
cegeka.be	cegeka.be	2
Uniserver Internet B.V.	botma.nu	1
advago.se	MICROSOFT-CORP-MSN-AS-BLOCK	1
cloud86.nl	springbok.nu	1
dns.services	fleron.nu	1
LIQUIDWEB	ndk.nu	1
greengeeks.net	webweaver.nu	1
ACTIVE 24, s.r.o.	dontblink.nu	1
team.blue Denmark A/S	lovestorm.nu	1
atlan.nl	emailadres.nu	1
abedns.net	gs-development.com	1
dn-s.nl	vvdleeuwarden.nu	1
CLOUDFLARENET	Eurofiber Cloud Infra B.V.	2
Yelles AB	eio.nu	1
Signet B.V.	angstvoordetandarts.nu	1
cloud86.nl	tasvansas.nu	1
Yelles AB	viker.nu	1
photonhost.com	GOOGLE	1
ACTIVE 24, s.r.o.	orientor.nu	1
shockmedia.nl	leasedeal.nu	1
team.blue Denmark A/S	compute.nu	1
ACTIVE 24, s.r.o.	idala.nu	1
vanlogten.eu	checkmycontract.nu	1
Yelles AB	sta.nu	1
Yelles AB	contentwriter.nu	1
Stichting DIGI NL	beerse.nu	1
UKDedicated LTD	noterat.nu	1
ACTIVE 24, s.r.o.	ahlin.nu	1
thednscompany.com	harmelen.nu	1
timeforit.se	MICROSOFT-CORP-MSN-AS-BLOCK	1
Uniserver Internet B.V.	securityoffice.nu	1
ports.se	Bahnhof AB	2
ch.nl	ch.nl	1
ACTIVE 24, s.r.o.	brixski.nu	1
domainmasters.be	leanback.nu	1
webhostingserver.nl	studiosi.nu	1
LEASEWEB-USA-SFO	pnjdrm.eu	1
DIGICERT	forwardmx.io	1
picox.se	picox.se	3
dn-s.nl	geldzaken.nu	1
webruimtehosting.nl	poppers-shop.nu	1
NUCDN	giganews.nu	1
oderland.com	carfit.nu	1
ACTIVE 24, s.r.o.	mantorppark.nu	1
MICROSOFT-CORP-MSN-AS-BLOCK	Vaddo Media Information IS AB	1
CLOUDFLARENET	sollentunabildemo.nu	1
loopia.se	GOOGLE-CLOUD-PLATFORM	5
DIGITALOCEAN-ASN	otd.nu	1
tdnx.net	volleybal.nu	1
InterRacks B.V.	debeer.nu	1
Yelles AB	ernotek.nu	1
ANEXIA Internetdienstleistungs GmbH	Scandinavian Hosting AB	1
unknown	demigod.nu	1
team.blue Denmark A/S	gmv.nu	1
hurkmans-id.nl	demeubelmakerij.nu	1
Signet B.V.	selfassessment.nu	1
Yelles AB	swepo.nu	1
DIGITALOCEAN-ASN	snowflex.nu	1
AMAZON-02	wahl.nu	1
hix.nl	klantsysteem.nu	1
One.com A/S	psykhe.nu	1
Signet B.V.	persoonlijkelening.nu	1
loopia.se	mail	1
cloud86.nl	mindcare.nu	1
GOOGLE-CLOUD-PLATFORM	GOOGLE	2
DirectVPS B.V.	homeofthecocktail.nu	1
shockmedia.nl	ovr.nu	1
Fundaments B.V.	epaca.nu	1
eigen-domein.be	webruimte.nu	1
Hydra Communications Ltd	nu.nu	1
CLOUDFLARENET	ministil.nu	1
Yelles AB	ifocus.nu	1
Signet B.V.	koolzaad.nu	1
NetBase BV	mtaroutes.com	1
interxl.com	biopot.nu	1
Hetzner Online GmbH	fuglsang.nu	1
Signet B.V.	avelon.nu	1
Yelles AB	carpemomentum.nu	1
LeaseWeb Netherlands B.V.	niza.nu	1
ipcom GmbH	YANDEX LLC	1
CLOUDFLARENET	mypc.nu	1
middelkoop.cc	recreatie-zorg.nl	1
Yelles AB	solargy.nu	1
UKDedicated LTD	lorf.nu	1
nsresponse.com	nt2.nu	1
dn-s.nl	homelab.nu	1
CLOUDFLARENET	fansms.nu	1
ACTIVE 24, s.r.o.	geologinsdag.nu	1
One.com A/S	fun4all.nu	1
Signet B.V.	panettone.nu	1
team.blue Denmark A/S	tilleje.nu	1
ACTIVE 24, s.r.o.	crona.nu	1
keurigonline79.nl	markymark.nu	1
thepeoplesvalley.net	a2000.nu	1
Cygrids Communications AB	pump.nu	1
Signet B.V.	wallie.nu	1
CLOUDFLARENET	apton.se	1
flexamedia.nl	MICROSOFT-CORP-MSN-AS-BLOCK	1
thednscompany.com	brandstof.nu	1
hademax.eu	hondenschool.nu	1
hostnet.nl	oudeketel.nu	1
Yelles AB	steffe.nu	1
Signet B.V.	qualizorg.nu	1
One.com A/S	stpr.nu	1
ACTIVE 24, s.r.o.	isobel.nu	1
Cygrids Communications AB	kimandersson.nu	1
finwizewebhost.nl	MICROSOFT-CORP-MSN-AS-BLOCK	1
ACTIVE 24, s.r.o.	alrunadesign.nu	1
LIQUIDWEB	phil.nu	1
LIQUIDWEB	kanhetanders.nu	1
fastcpanelserver.com	casinotopp10.nu	1
LIQUIDWEB	kadetten.nu	1
Hetzner Online GmbH	relatietherapienijmegen.nu	1
Yelles AB	laserdisc.nu	1
The Internet Engineering Group B.V.	hosters.nu	1
NUCDN	cosborg.nu	1
registrar-servers.com	astro.nu	1
Signet B.V.	Wix.com Ltd.	1
dn-s.nl	jeugdbeschermingoverijssel.nu	1
ACTIVE 24, s.r.o.	payit4ward.nu	1
CLOUDFLARENET	vbv.nu	1
Signet B.V.	trainme.nu	1
SCAAM0001	ngninfra.net	2
CLOUDFLARENET	myh2oservers.com	2
web-hosting.com	web-hosting.com	1
ipcom GmbH	proffset.nu	1
Miss Hosting AB	lunacy.nu	1
ipcom GmbH	vita.nu	1
ACTIVE 24, s.r.o.	upptec.nu	1
NUCDN	domainname.dk	1
mijndnsserver.nl	kenemedia.nl	1
oderland.com	oprofil.nu	1
is-fun.net	sew-eurodrive.com	1
One.com A/S	luckt.nu	1
Yelles AB	kress.nu	1
Uniserver Internet B.V.	keurkozijn.nu	1
ilait.se	pingstlidkoping.se	1
GleSYS AB	okej.nu	1
Signet B.V.	avondje.nu	1
Hetzner Online GmbH	formula.nu	1
Signet B.V.	hcz.nu	1
Signet B.V.	companyinfo.nu	1
Signet B.V.	thechief.nu	1
CLOUDFLARENET	proton.me	1
CLOUDFLARENET	arild.nu	1
siteprotect.com	enabler.nu	1
ocnet.se	ocnet.se	1
Yelles AB	abrahamsbarn.nu	1
TrueFullstaq B.V.	oph.net	8
IONOS SE	refuse.nu	1
one.com	mx.microsoft	2
Yelles AB	nextevents.nu	1
CLOUDFLARENET	lithonet.nu	1
cream.nl	botsss.nu	1
ACTIVE 24, s.r.o.	klarvaken.nu	1
guzelhosting.com	duft.nu	1
ACTIVE 24, s.r.o.	kolonien.nu	1
DIGICERT	hittamaklare.se	2
Yelles AB	intentmedia.nu	1
webruimtehosting.nl	cleveringa.nu	1
Signet B.V.	detaselect.nu	1
aname.net	journalisten.nu	1
hostnet.nl	waarisguus.nl	1
ACTIVE 24, s.r.o.	andersholmberg.nu	1
AxByte Internet Services AB	officehost.nu	1
GOOGLE	server.eu	1
ipcom GmbH	cleanmail.eu	1
revocloud.com	MICROSOFT-CORP-MSN-AS-BLOCK	3
Signet B.V.	kwaliteitshandboek.nu	1
NUCDN	korpset.nu	1
one.com	strib.nu	1
CLOUDFLARENET	alutrade.nu	1
mixr.cc	mu.nu	1
ports.se	wihlborgsfastigheter.nu	1
unitymedia.cloud	kuunst.nu	1
aldingha.net	MICROSOFT-CORP-MSN-AS-BLOCK	1
Yelles AB	leknet.nu	1
CLOUDFLARENET	metjehond.nu	1
neostrada.nl	bosman.nu	1
Hostek AB	healthinsights.nu	1
bthosting.eu	GOOGLE	1
hyp.net	DIGITALOCEAN-ASN	1
doordacht.dev	GOOGLE	1
internl.net	COGENT-174	1
webhosternameserver.com	webhoster.at	1
ACTIVE 24, s.r.o.	smalsparet.nu	1
GleSYS AB	GOOGLE-CLOUD-PLATFORM	1
hyp.net	team.blue Denmark A/S	1
Signet B.V.	coachopleiding.nu	1
ninjaneering.net	ballsdeep.nu	1
loopia.se	jalusier.nu	1
sohosted60.com	CLDIN B.V.	1
majorwebhosting.net	iets.nu	1
Yelles AB	retrospel.nu	1
CLOUDFLARENET	klacht.nl	1
ipcom GmbH	Telia Company AB	1
GleSYS AB	tallboda.nu	1
UKDedicated LTD	kopes.nu	1
Signet B.V.	vanvulpen.nu	1
neostrada.nl	neys.nu	1
team.blue Denmark A/S	terapeutbooking.nu	1
team.blue Denmark A/S	sinful.nu	1
CLOUDFLARENET	paarsekrokodil.nu	1
CLOUDFLARENET	ft.nu	1
Hostek AB	rydia.nu	1
one.com	vhfgroup.net	1
ACTIVE 24, s.r.o.	egland.nu	1
Cygrids Communications AB	lll.nu	1
cloudns.net	autohotel.nu	2
GleSYS AB	ecofocus.nu	1
CLOUDFLARENET	videowerk.nu	1
Faelix Limited	faelix.net	2
dn-s.nl	independium.nu	1
ACTIVE 24, s.r.o.	efeoglu.nu	1
GleSYS AB	illuvatar.nu	1
ACTIVE 24, s.r.o.	mbconsult.nu	1
hcdns.nl	MICROSOFT-CORP-MSN-AS-BLOCK	2
hostnet.nl	mtaroutes.com	1
Signet B.V.	hoeveelbelastingbetaaltu.nu	1
TrueFullstaq B.V.	prikpunt.nu	1
Cygrids Communications AB	xilesoftware.nu	1
Signet B.V.	personalyoga.nu	1
Signet B.V.	calcoflex.nu	1
linode.com	premier.nu	1
Yelles AB	nehr.nu	1
zebrastudio.eu	GOOGLE	1
Signet B.V.	mediatrend.nu	1
hix.nl	superdomeindiscounter.nu	1
The Internet Engineering Group B.V.	connect-service.nu	1
hostnet.nl	NAMECRANE	1
Signet B.V.	elementnl.nu	1
Yelles AB	casinorecension.nu	1
CLOUDFLARENET	inthepocket.nu	1
pageboss.nl	fitnessleads.nu	1
AMAZON-02	prioritetinkasso.nu	1
CLOUDFLARENET	radiowonderful.nu	1
ACTIVE 24, s.r.o.	powerinit.se	1
CLDIN B.V.	potje.nu	1
Signet B.V.	kindergrime.nu	1
CLOUDFLARENET	falks.nu	1
webtic.nl	webtic.net	2
ORACLE-BMC-31898	fasting.nu	1
123nameserver.nl	vanschoonhoveninfra.nu	1
Telenor Norge AS	elektrikernorrkoping.nu	1
Signet B.V.	delicious.nu	1
Signet B.V.	onnlighting.nu	1
Signet B.V.	slachtofferzelfhulp.nu	1
LIQUIDWEB	westerling.nu	1
magic-solutions.nl	buitelaar.nu	1
systec.fi	systec.fi	1
DIGITALOCEAN-ASN	holmin.nu	1
GleSYS AB	skoj.nu	1
Signet B.V.	goalsetting.nu	1
Signet B.V.	ijsblokjesmachine.nu	1
GOOGLE	Yelles AB	1
Miss Hosting AB	internetto.nu	1
TrueFullstaq B.V.	webklik.nl	4
ACTIVE 24, s.r.o.	grundet.nu	1
team.blue Denmark A/S	kpdrift.dk	1
Signet B.V.	subsidieadvies.nu	1
Signet B.V.	scooterrijbewijs.nu	1
neostrada.nl	kaia.nu	1
Cygrids Communications AB	pooltak.nu	1
ACTIVE 24, s.r.o.	dodesign.nu	1
CLOUDFLARENET	mobilise.nu	1
hostmij.nu	natuurlijklokaal.nu	1
Yelles AB	elkurser.nu	1
SECURITYSERVICES	symantec.com	1
neostrada.nl	yogavoorjou.nu	1
Signet B.V.	deortho.nu	1
loopia.se	system.nu	1
hosted-power.com	sportpower.nu	1
ACTIVE 24, s.r.o.	molaris.nu	1
ACTIVE 24, s.r.o.	syntolkning.nu	1
Yelles AB	casinojackpot.nu	1
dn-s.nl	kapoen.nu	1
DIGITALOCEAN-ASN	freethinkers.nu	1
Yelles AB	bygge.nu	1
Yelles AB	3dprint.nu	1
one.com	fdc.nu	1
graphicscompany.net	MICROSOFT-CORP-MSN-AS-BLOCK	1
Yelles AB	stratus.nu	1
serveu.net	serveu.net	1
CLOUDFLARENET	bjorka.nu	1
UKDedicated LTD	emissioner.nu	1
Yelles AB	froderberg.nu	1
domserver.de	tarifa.nu	1
server01.eu	icecool.nu	1
NewVM B.V.	isaac-cycles.nu	1
ACTIVE 24, s.r.o.	scheffel.nu	1
broadview.se	fn-it.se	2
Signet B.V.	2toxic.nl	2
zoneedit.com	sork.nu	1
ACTIVE 24, s.r.o.	easyliving.nu	1
Signet B.V.	taylan.nu	1
ACTIVE 24, s.r.o.	heartbreakhotel.nu	1
ocnet.se	MICROSOFT-CORP-MSN-AS-BLOCK	1
CLDIN B.V.	focnl.nu	1
ACTIVE 24, s.r.o.	clauss.nu	1
Signet B.V.	persoonlijklevensdossier.nu	1
Bahnhof AB	gplat.nu	1
dn-s.nl	kitesurfles.nu	1
flexyz.hosting	noon.nu	1
Signet B.V.	gratis-klikgebit.nu	1
ACTIVE 24, s.r.o.	tohre.nu	1
Elisa Oyj	MICROSOFT-CORP-MSN-AS-BLOCK	1
Uniserver Internet B.V.	insolventies.nu	1
Signet B.V.	123productfotografie.nu	1
Signet B.V.	prints.nu	1
ports.se	thehostingplatform.com	2
Signet B.V.	energyforyou.nu	1
ACTIVE 24, s.r.o.	taklaggarna.nu	1
eu.org	eu.org	1
oderland.com	netropolis.se	1
Yelles AB	xn--skert-gra.nu	1
bhosted.nl	sonicrevolutions.com	1
Yelles AB	ordensringar.nu	1
team.blue Denmark A/S	kager.nu	1
cloud86.nl	akkerman.nu	1
Signet B.V.	wensambulance.nu	1
steve.nu	steve.nu	1
ports.se	svenskalotter.nu	1
Yelles AB	terning.nu	1
ports.se	komondor.nu	1
AMAZON-02	sfmi.nu	1
Signet B.V.	akte.nu	1
nmugroup.com	frobbit.se	1
Yelles AB	bowser.nu	1
CLDIN B.V.	brightideas.nu	1
ports.se	GlobalConnect A/S	1
vboxx.net	esfv.nu	1
Serverius Holding B.V.	tooske.nu	1
CLDIN B.V.	lonnycustoms.nu	1
Yelles AB	tadelakt.nu	1
Yelles AB	credma.nu	1
ACTIVE 24, s.r.o.	monkees.nu	1
DIGITALOCEAN-ASN	yugen.nu	1
Signet B.V.	tornadox.nu	1
Yelles AB	spilleautomater.nu	1
cms.se	InfraCom Managed Services AB	1
smartdns.se	jonny.nu	1
Eurofiber Cloud Infra B.V.	goedgeregeld.nu	1
Yelles AB	mackans.nu	1
cyteen.eu	cyteen.eu	1
hostnet.nl	dejuristen.nu	1
wned-dns.eu	autenticacuba.nu	1
123-hostingserver.com	annemar.nu	1
black-sky.nl	GOOGLE	1
powerhosting.se	CLOUDFLARENET	1
Yelles AB	ria.nu	1
ipcom GmbH	spaarvergelijker.nu	1
CLOUDFLARENET	lagerstedt.nu	2
Cygrids Communications AB	xn--hjlpa-hra.nu	1
CLOUDFLARENET	mondhygiene.nu	1
ACTIVE 24, s.r.o.	nymalat.nu	1
cloud86.nl	cossmit.nu	1
ACTIVE 24, s.r.o.	maal.nu	1
CLDIN B.V.	mijwij.nu	1
SINGLEHOP-LLC	nunamesltd.nu	1
Yelles AB	automagiskt.nu	1
ServeTheWorld AS	hafstad.nu	1
neostrada.nl	allied-now.nu	1
ipcom GmbH	xn--toppln-mua.nu	1
CLOUDFLARENET	igaming.nu	1
ACTIVE 24, s.r.o.	roder.nu	1
CLOUDFLARENET	defotofactory.nu	1
DIGITALOCEAN-ASN	ubo.nu	1
ITCONNECT Scandinavia AB	friluftsriket.nu	1
netim.net	buurman.nu	1
linode.com	tin.nu	1
ACTIVE 24, s.r.o.	viagraonline.nu	1
netim.net	Proton AG	1
Signet B.V.	zininwerk.nu	1
Signet B.V.	confetti.nu	1
ACTIVE 24, s.r.o.	pow.nu	1
loopia.se	bash.se	1
loopia.se	engineerit.nu	1
freehosting.com	django.nu	1
ACTIVE 24, s.r.o.	navigation.nu	1
intcom.nl	hmuh.nu	1
windonet.nl	upower.nu	1
cloud86.nl	thegoldencircle.nu	1
loopia.se	elegant.nu	1
1984.is	Fastmail Pty Ltd	1
tornevall.net	tornevall.net	1
mojohost.com	mediacast.nu	1
Yelles AB	bodywork.nu	1
atellus.se	cont.nu	1
introweb.nl	spam.exchange	1
webhostingserver.nl	zonnepanelenplaatsen.nu	1
DIGITALOCEAN-ASN	mijnspamfilter.nl	1
Iomart Cloud Services Limited	iomart.com	1
CLOUDFLARENET	studioweb.nl	3
dn-s.nl	michels.nu	1
wse.nl	belastingen.nu	1
LIQUIDWEB	hostonline.dk	1
DIGICERT	binar.nu	1
Yelles AB	furudal.nu	1
DIGITALOCEAN-ASN	kruissen.nu	1
Infopact Netwerkdiensten B.V.	newconomy.nu	1
zoneedit.com	ttsec.se	1
AMAZON-02	wooninspiratie.nu	1
ACTIVE 24, s.r.o.	bright.nu	1
websystent.nl	zien.nu	1
CLOUDFLARENET	vacation.nu	1
Signet B.V.	klikwise.nu	1
cloudns.net	YANDEX LLC	1
loopia.se	h2.se	1
ACTIVE 24, s.r.o.	wheeloftime.nu	1
Cygrids Communications AB	sinsu.nu	1
Signet B.V.	checkyourdeal.nu	1
ACTIVE 24, s.r.o.	mohager.nu	1
Stichting DIGI NL	libidopower.nu	1
Yelles AB	talk.nu	1
GleSYS AB	tombola.nu	1
CLOUDFLARENET	flexqube.nu	1
Signet B.V.	bunga.nu	1
Yelles AB	hiphop.nu	1
cloud86.nl	berbee.nu	1
UKDedicated LTD	ontop.nu	1
GleSYS AB	onepoint.nu	1
zoneedit.com	tobiaswallin.se	1
Telia Company AB	gogol.nu	1
ne.jp	masaru.nu	1
Signet B.V.	filterwinkel.nu	1
hcdns.nl	thuis-werken.nu	1
exonet.nl	testversie.nu	1
cloud86.nl	pro4u.nu	1
loopia.se	cybermoose.nu	1
propellerhosting.net	propellerhosting.net	2
LIQUIDWEB	helpmij.nu	1
CLOUDFLARENET	gross.nu	1
Yelles AB	ekenberg.nu	1
One.com A/S	praktijkmeesters.nu	1
BIT BV	spiegelenberg.nu	1
ad.jp	mikan.nu	1
one.com	ODERLAND Webbhotell AB	1
cloud86.nl	anamcara.nu	1
One.com A/S	stouten.nu	1
AMAZON-02	a2hosting.nu	1
alb.de	gbc.net	1
ACTIVE 24, s.r.o.	creativeblade.nu	1
ACTIVE 24, s.r.o.	msracing.nu	1
TrueFullstaq B.V.	outoftheblue.nu	1
dn-s.nl	goedgebruikt.nu	1
Computel Standby BV	max.nl	1
AMAZON-02	forskoleutveckling.nu	1
Signet B.V.	servicedesign.nu	1
pageboss.nl	oogtest.nu	1
muskitohosting.net	warmbat.nu	1
Uniserver Internet B.V.	bekwaam.nu	1
Yelles AB	gaspari.nu	1
em-wps.com	emedic.nu	1
CLOUDFLARENET	aln.nu	1
GleSYS AB	mattias.nu	1
Miss Hosting AB	nettcasinoer.nu	1
CLOUDFLARENET	samlelan.nu	1
DIMENOC	groote.nu	1
mijndnsserver.nl	talentmatch.nu	1
ACTIVE 24, s.r.o.	rapidsrock.nu	1
CLDIN B.V.	luchtvracht.nu	1
Yelles AB	renbil.nu	1
etableraweb.net	tacitus.nu	1
Signet B.V.	encanto.nu	1
DIGITALOCEAN-ASN	preview.nu	1
one.com	QUICKPACKET	1
ACTIVE 24, s.r.o.	anger.nu	1
Uniserver Internet B.V.	standwanden.nu	1
CLOUDFLARENET	maxicms.nl	1
jeppo-dns.dk	Christian Ebsen ApS	1
ACTIVE 24, s.r.o.	coldstream.nu	1
One.com A/S	vissermediadesign.nu	1
CLOUDFLARENET	cronstrom.nu	1
Signet B.V.	skope.nu	1
ACTIVE 24, s.r.o.	middagsfisk.nu	1
exsilia.net	mentorschap.nu	1
Yelles AB	neurodiversepotential.nu	1
mijn.host	nouvall.com	2
shockmedia.nl	ccn.nu	1
CLOUDFLARENET	tingsryd.nu	1
DIGITALOCEAN-ASN	kleur.nu	1
Signet B.V.	crossingcontinents.nu	1
AMAZON-02	glaswerk.nu	1
DIGITALOCEAN-ASN	gemeenschap.nu	1
ACTIVE 24, s.r.o.	feb.nu	1
sohosted22.com	CLDIN B.V.	1
Yelles AB	onebike.nu	1
quickhost.nl	GOOGLE-CLOUD-PLATFORM	1
AMAZON-02	instra.nu	1
Yelles AB	angby.nu	1
BUNNYWAY, informacijske storitve d.o.o.	Proton AG	2
CLOUDFLARENET	hantverkshasch.nu	1
Routit BV	ppros.nl	4
webbaccess.nu	GOOGLE	1
net.uk	MICROSOFT-CORP-MSN-AS-BLOCK	1
ACTIVE 24, s.r.o.	rasunda.nu	1
ACTIVE 24, s.r.o.	lane4.nu	1
smallhold-hosting-8.nl	oosterwold.nu	1
hostnet.nl	UpCloud Ltd	1
bureaurotterdam.nl	MICROSOFT-CORP-MSN-AS-BLOCK	1
cloud86.nl	247wood.nu	1
Yelles AB	serviceteknik.nu	1
IONOS SE	aps.nu	1
CLOUDFLARENET	etsab.nu	1
ACTIVE 24, s.r.o.	borgs.nu	1
CLOUDFLARENET	klaslokaal.nu	1
CLOUDFLARENET	henrysdotter.nu	1
GleSYS AB	nuddis.nu	1
ACTIVE 24, s.r.o.	cimi.nu	1
marketier2.net	histoparts.nu	1
halo.nu	halo.nu	1
ACTIVE 24, s.r.o.	kanokthaimassage.nu	1
DIGITALOCEAN-ASN	zakelijkflirten.nu	1
MICROSOFT-CORP-MSN-AS-BLOCK	vikingbus.nu	1
Eurofiber Cloud Infra B.V.	customlux.nu	1
Signet B.V.	sjabloon.nu	1
Signet B.V.	sportsale.nu	1
ACTIVE 24, s.r.o.	baner.nu	1
GleSYS AB	Hetzner Online GmbH	1
quickhost.nl	quickhost.nl	1
LIQUIDWEB	re-vision.nu	1
budgetsmoothserver.nl	jowi.nu	1
ports.se	bluestepbostadslan.nu	1
Signet B.V.	ruitenwissers.nu	1
Signet B.V.	vandijkgroep.nu	1
cloud86.nl	keuringsartsrijbewijs.nu	1
ACTIVE 24, s.r.o.	familjo.nu	1
ACTIVE 24, s.r.o.	teamaktiv.nu	1
ACTIVE 24, s.r.o.	mopeden.nu	1
Uniserver Internet B.V.	barend.nu	1
CLDIN B.V.	mkbportal.nu	1
registrar-servers.com	plingest.com	2
hostnet.nl	troublefreehosting.nl	1
hostnet.nl	stanzen.nu	1
ACTIVE 24, s.r.o.	jkdesign.nu	1
Signet B.V.	tdv.nu	1
Signet B.V.	autolease.nu	1
hosting.nl	Cyso Group B.V.	1
loopia.se	videvox.nu	1
alphalynx.nl	globalconsultancy.nu	1
loopia.se	torpkonferensen.nu	1
ACTIVE 24, s.r.o.	mi-online.nu	1
Yelles AB	synonymer.nu	1
Yelles AB	barnvagn.nu	1
GOOGLE	nescioludens.nl	1
LIQUIDWEB	dialogen.nu	1
aname.net	esson.nu	1
myfasthosting.com	pleisterplaats.nu	1
DIGITALOCEAN-ASN	msv1.invalid	2
Signet B.V.	slimmekast.nu	1
Signet B.V.	examenbureau.nu	1
hademax.eu	MICROSOFT-CORP-MSN-AS-BLOCK	2
qih.dk	sesay.nu	1
ACTIVE 24, s.r.o.	cilla.nu	1
dns1.se	westernstore.nu	1
Signet B.V.	regiodate.nu	1
rzone.de	164.216	1
Yelles AB	printa.nu	1
neostrada.nl	moontje.nu	1
Miss Hosting AB	basinternational.nu	1
Hetzner Online GmbH	cwspace.de	1
CLOUDFLARENET	slk.nu	1
Serverius Holding B.V.	seksjobs.nu	1
idfnv.net	rolsteiger.nu	1
aisnameservers.nl	nazz.nu	1
ACTIVE 24, s.r.o.	andreaskramer.nu	1
Solcon Internetdiensten B.V.	purepoultry.nu	1
GlobalConnect AB	aujb.nu	1
CLOUDFLARENET	ekstrom.nu	1
osso.nl	wjd.nu	1
ACTIVE 24, s.r.o.	bornrich.nu	1
toneco.nl	MICROSOFT-CORP-MSN-AS-BLOCK	3
bitlibre.net	centriconline.nl	1
ACTIVE 24, s.r.o.	truckservice.nu	1
Signet B.V.	teamtraining.nu	1
kidw.nl	MICROSOFT-CORP-MSN-AS-BLOCK	1
hosting4web.nl	aanhangerhuren.nu	1
yrck.eu	wieten.nu	1
ACTIVE 24, s.r.o.	familjenandersson.nu	1
iwe.nu	iwe.nu	1
ACTIVE 24, s.r.o.	marknadsprisbca.nu	1
hsqd.nl	wittenberg.nu	1
GlobalConnect AB	brandit.nu	1
CLOUDFLARENET	willekesgroothandel.nu	1
HURRICANE	aio.nu	1
Cygrids Communications AB	handskydd.nu	1
soundhost.nl	agressietrainers.nu	1
ACTIVE 24, s.r.o.	abnet.nu	1
sbdrift.net	GleSYS AB	1
Telenor Norge AS	stadfirma-stockholm.nu	1
loopia.se	dagens-hockey.se	1
co.jp	co.jp	1
Yelles AB	clearingnummer.nu	1
ACTIVE 24, s.r.o.	juva.nu	1
Signet B.V.	rens.nu	1
DIGITALOCEAN-ASN	demaatwerkfabriek.nu	1
ports.se	xn--lvrummet-zza.nu	1
Cygrids Communications AB	brandslackarservice.nu	1
Signet B.V.	gladheidsbestrijding.nu	1
ipcom GmbH	elektriskanamnden.nu	1
neostrada.nl	challengeyourself.nu	1
Signet B.V.	vergelijkenergie.nu	1
CLOUDFLARENET	Telia Company AB	1
CLOUDFLARENET	osman.nu	1
ACTIVE 24, s.r.o.	unghanse.nu	1
ACTIVE 24, s.r.o.	myststockholm.nu	1
Signet B.V.	brandawareness.nu	1
pin.se	infracom.se	1
muumuu-domain.com	GOOGLE	2
Miss Hosting AB	greenberet.nu	1
naamservert.nl	scool.nu	1
privatehost.nl	MICROSOFT-CORP-MSN-AS-BLOCK	2
inviso.se	GOOGLE-CLOUD-PLATFORM	1
Signet B.V.	heelzijn.nu	1
One.com A/S	de-brug.nu	1
Yelles AB	jpdesign.nu	1
ACTIVE 24, s.r.o.	cyberresilience.nu	1
CLDIN B.V.	internationalstudies.nu	1
Infopact Netwerkdiensten B.V.	henkbakker.nu	1
ACTIVE 24, s.r.o.	sjukskoterska.nu	1
web-solutions.dk	Sentia Denmark A/S	3
Signet B.V.	zorgvoorjetoekomst.nu	1
NSONE	ibm.com	3
One.com A/S	unitedfreepeople.nu	1
LEVEL3	reklambyran.nu	1
rbcom.se	ebrev.nu	1
CLOUDFLARENET	scubayland.nu	1
ACTIVE 24, s.r.o.	ackesdansskola.nu	1
ACTIVE 24, s.r.o.	xn--intensivkrkort-3pb.nu	1
hix.nl	traveldate.nu	1
atom86 BV	froma.nu	1
esselink.nu	beleving.nu	1
axc.nl	deshima.nu	1
CLOUDFLARENET	dayfeed.nu	1
dma.nl	dma.nl	3
Yelles AB	xn--rv-via.nu	1
CLOUDFLARENET	atletiek.nu	1
One.com A/S	egjjf.nu	1
CLOUDFLARENET	pensioenkeuze.nu	1
Miss Hosting AB	carouselle.nu	1
exsilia.net	Signet B.V.	1
Iomart Cloud Services Limited	GO-DADDY-COM-LLC	1
Iomart Cloud Services Limited	MICROSOFT-CORP-MSN-AS-BLOCK	1
addpro.se	addpro.se	1
Signet B.V.	cheapcargo.nu	1
vi-ps.nl	fax.nu	1
Trans-iX B.V.	sharelogistics.nu	1
ACTIVE 24, s.r.o.	vespa.nu	1
Miss Hosting AB	skyhigh.nu	1
domainmasters.be	domainmasters.nu	1
hostingdex.com	MICROSOFT-CORP-MSN-AS-BLOCK	1
Signet B.V.	noorderlicht.nu	1
CLOUDFLARENET	kinn.nu	1
mildmedia.se	meroving.nu	1
LIQUIDWEB	misato.nu	1
GleSYS AB	rider.nu	1
manetti-ict.nl	produx.nu	1
Eurofiber Cloud Infra B.V.	lada.nu	1
dn-s.nl	kuinbv.nu	1
Signet B.V.	wftr.nl	1
Signet B.V.	besparenkan.nu	1
ACTIVE 24, s.r.o.	norrtelje-energi.nu	1
Signet B.V.	linguale-orthodontie.nu	1
CLOUDFLARENET	sport24.nu	1
Signet B.V.	gebruiktekeuken.nu	1
axc.nl	secushop.nu	1
ODERLAND Webbhotell AB	longcoastliving.nu	1
LIQUIDWEB	drakar.nu	1
ACTIVE 24, s.r.o.	yourhoroscope.nu	1
ipcom GmbH	APPLE-ENGINEERING	2
contabo.net	infaktura.nu	1
mijn.host	stadspoort.nu	1
ACTIVE 24, s.r.o.	ajca.nu	1
AUTOMATTIC	One.com A/S	2
dn-s.nl	pro-trade.nu	1
Signet B.V.	grace.nu	1
loopia.se	lopnet AB	2
introweb.nl	schulten-oc.nl	1
ACTIVE 24, s.r.o.	dod.nu	1
CLOUDFLARENET	spacescooter.nu	1
effemcom.se	MICROSOFT-CORP-MSN-AS-BLOCK	1
ACTIVE 24, s.r.o.	kraja.nu	1
Signet B.V.	weglaseren.nu	1
CLOUDFLARENET	webit.nu	1
Yelles AB	vastervik.nu	1
uu.net	egge.se	2
ACTIVE 24, s.r.o.	lindalen.nu	1
cloud86.nl	adviesrapport.nu	1
wecltd.de	weblab.de	1
webbnamn.nu	hardrain.nu	1
ACTIVE 24, s.r.o.	toinvestment.nu	1
Signet B.V.	taalenbeeld.nu	1
High5! B.V.	debiteurenbeheer.nu	1
mijndnsserver.nl	Hoasted B.V.	1
CLOUDFLARENET	stackser.nu	1
cloud86.nl	manenzijnplan.nu	1
ML Consultancy	GOOGLE	2
CLOUDFLARENET	theflycatcher.nl	2
ne.jp	sige.nu	1
LIQUIDWEB	defilet.nu	1
BIT BV	dakvervangers.nu	1
webjoel.eu	uitelkaar.nu	1
Signet B.V.	ampi.nu	1
neostrada.nl	stadvandetoekomst.nu	1
ACTIVE 24, s.r.o.	omab.nu	1
Signet B.V.	persoonlijkekluis.nu	1
CLOUDFLARENET	ggu.nu	1
CLOUDFLARENET	cloud247.nu	1
aseoserver.com	online-casino.nu	1
impressed.nl	raemaekers.nu	1
hostnet.nl	efsf.nu	1
neostrada.nl	looop.nu	1
Yelles AB	STABLEHOST	1
Signet B.V.	accukabels.nu	1
ACTIVE 24, s.r.o.	gemensamel.nu	1
CLOUDFLARENET	acenter.nu	1
MICROSOFT-CORP-MSN-AS-BLOCK	cloudcontrol.nu	1
GleSYS AB	naasbrygg.nu	1
Eurofiber Cloud Infra B.V.	fietsen.nu	1
CLOUDFLARENET	fiskelycka.nu	1
triple-it.nl	grisport.nu	1
OVH SAS	paardensticker.nu	1
CLOUDFLARENET	hippopower.nu	1
ip-only.net	SECURITYSERVICES	1
ACTIVE 24, s.r.o.	salomon.nu	1
Yelles AB	lonninge.nu	1
86id.nl	CLDIN B.V.	1
flexx-design.com	hostns.io	1
unknown	joha.nu	1
TrueFullstaq B.V.	innovations4flooring.nu	1
ACTIVE 24, s.r.o.	me1.nu	1
Fundaments B.V.	burnouttest.nu	1
CLOUDFLARENET	kabeltje.nu	1
ACTIVE 24, s.r.o.	kremel.nu	1
rzone.de	STABLEHOST	1
Signet B.V.	socialgaming.nu	1
e-studio.dk	haunstrup.nu	1
LeaseWeb Netherlands B.V.	jetconneqt.nl	1
team.blue Denmark A/S	multiliving.nu	1
DIGITALOCEAN-ASN	braininmotion.nu	1
CLOUDFLARENET	taktalt.nu	1
Signet B.V.	bartok.nu	1
zoneedit.com	bananen.nu	1
sectigoweb.com	AMAZON-02	2
marconi.nu	marconi.nu	1
OVH SAS	gideon.nu	1
windinternet.net	socialeteamsborgerodoorn.nu	1
Signet B.V.	bolkenbaas.nu	1
infravesi.com	MICROSOFT-CORP-MSN-AS-BLOCK	2
SCAAM0001	domainnetwork.se	3
team.blue Denmark A/S	faerch.nu	1
securenameserver40.net	collignon.nu	1
Signet B.V.	ikpas.nu	1
public-ns.com	intimlife.nu	1
ACTIVE 24, s.r.o.	fotogenlampor.nu	1
Cloud DNS Ltd	boekesteijn.nu	1
telenet.be	msv1.invalid	1
ACTIVE 24, s.r.o.	lexskandia.nu	1
episerverhotell.net	ep.se	1
ab stract ltd	Tutao GmbH	1
Signet B.V.	zonnepanelen-accu.nu	1
Hetzner Online GmbH	pro3.nu	1
cloudns.net	CLOUDFLARENET	5
straznet.se	straz.net	2
The Internet Engineering Group B.V.	avantimes.nu	1
Signet B.V.	factuur.nu	1
mordamus.nl	MICROSOFT-CORP-MSN-AS-BLOCK	1
martinmedia.nl	hostns.io	2
CLOUDFLARENET	okeyda.com	1
stabletransit.com	mo.nu	1
AMAZON-02	aan-dacht.nu	1
emberdns.se	galgar.nu	1
ACTIVE 24, s.r.o.	uddevalla.nu	1
GleSYS AB	hoppfull.nu	1
ACTIVE 24, s.r.o.	artesan.nu	1
ACTIVE 24, s.r.o.	monopoli.nu	1
ACTIVE 24, s.r.o.	siris.nu	1
The Internet Engineering Group B.V.	oudzuid.nu	1
Yelles AB	ngg.nu	1
mono.net	MICROSOFT-CORP-MSN-AS-BLOCK	2
ACTIVE 24, s.r.o.	kreata.nu	1
Signet B.V.	booming.nu	1
ACTIVE 24, s.r.o.	askling.nu	1
ACTIVE 24, s.r.o.	asedavarme.nu	1
ML Consultancy	culturelecompetenties.nl	1
Yelles AB	estetiklaser.nu	1
ACTIVE 24, s.r.o.	embo.nu	1
ACTIVE 24, s.r.o.	fixaformen.nu	1
Signet B.V.	evenementenzorg.nu	1
ACTIVE 24, s.r.o.	hyrfilmutrustning.nu	1
hostnet.nl	eduklik.nu	1
Yelles AB	ginsberg.nu	1
osinode.com	osinode.com	1
ipcom GmbH	golvslipning-nacka.nu	1
Communications Security Net B.V.	jaarrekening.nu	1
rackfish.net	welcomeuppsala.nu	1
shockmedia.nl	arbeidspoli.nu	1
Yelles AB	kontantum.nu	1
Yelles AB	volvo-turbo.nu	1
tipcon-dns.nl	xl-invest.nu	1
ACTIVE 24, s.r.o.	rydberg.nu	1
netclient.no	netclient.no	2
shockmedia.nl	bloos.nu	1
CLOUDFLARENET	logicon.nu	1
DIGITALOCEAN-ASN	kroegentocht.nu	1
CLOUDFLARENET	enterweb.nu	1
2112.net	2112.net	1
iwn.fi	iwn.fi	1
mijndnsserver.nl	secretariaat.nu	1
Uniserver Internet B.V.	e-care.nu	1
CJ2 Hosting B.V.	vwa.agency	3
maihama-net.com	ne.jp	1
Yelles AB	rias.nu	1
NETWORK-SOLUTIONS-HOSTING	xn--juridiskrdgivning-hrb.nu	1
ACTIVE 24, s.r.o.	trendsetters.nu	1
ACTIVE 24, s.r.o.	hoffmans.nu	1
ORACLE-BMC-31898	naslund.nu	1
UKDedicated LTD	renovera.nu	1
fwhosting.nl	fastware-hosting.com	1
DIGITALOCEAN-ASN	fotomobiel.nu	1
One.com A/S	gijsbertwerner.nu	1
ns14.net	mobibox.eu	1
ACTIVE 24, s.r.o.	allstarbar.se	1
Signet B.V.	keephub.nu	1
Signet B.V.	lcp.nu	1
reliabledns.org	MICROSOFT-CORP-MSN-AS-BLOCK	1
mijn.host	thetalentacademy.nu	1
CLOUDFLARENET	addbusinesscenter.nu	1
Vertixo BV	dh-atlanticbv.nu	1
One.com A/S	hth.nu	1
ports.se	slarti.nu	1
theservercompany.com	shirley.nu	1
CLOUDFLARENET	sameneen.nu	1
CLOUDFLARENET	ekklesia.nu	1
NUCDN	godijn.nu	1
CLDIN B.V.	ordersemen.nu	1
cloud86.nl	wimjanssen.nu	1
Qavat AB	lindensmaleri.nu	1
rvp-hosting.nl	Infrapod	1
CLOUDFLARENET	hapes.nu	1
ACTIVE 24, s.r.o.	ehnbom.nu	1
CLOUDFLARENET	nomx.invalid	2
webhostingserver.nl	borstvoeding.nu	1
Signet B.V.	lieren.nu	1
Yelles AB	craftpoint.nu	1
Signet B.V.	crmfactory.nu	1
One.com A/S	uitgekookt.nu	1
cloud86.nl	degraaf.nu	1
axc.nl	molok.nu	1
CLOUDFLARENET	aydin.nu	1
ACTIVE 24, s.r.o.	budbilen.nu	1
hostnet.nl	ZOHO-AS	1
shockmedia.nl	cobs.nu	1
aname.net	surfare.nu	1
linode.com	bankgiro.nu	1
caveo.nl	volvopentaonderdelen.nu	1
emeni.nl	MICROSOFT-CORP-MSN-AS-BLOCK	2
admass.org	housen.nu	1
dn-s.nl	proserve.nl	1
Yelles AB	tecknaren.nu	1
CLOUDFLARENET	den-haag.nu	1
CLOUDFLARENET	rineke.nu	1
Signet B.V.	bezuinig.nu	1
CLOUDFLARENET	enklajobb.nu	1
LIQUIDWEB	zato.nu	1
esselink.nu	GOOGLE	1
hostnet.nl	elektricien-leiden.nu	1
oderland.com	marcello.nu	1
CLOUDFLARENET	interweb.nu	2
yourdomainprovider.net	pakking.nu	1
CLOUDFLARENET	fallbackmx.spamexpertseu	1
neostrada.nl	nightstar.nu	1
loopia.se	victera.nu	1
axc.nl	assu.nu	1
Signet B.V.	enjoy2day.nu	1
One.com A/S	cadens.nu	1
Signet B.V.	mobilae.nu	1
european-server.com	indis.nl	1
CLDIN B.V.	vo21.nu	1
ghost-central.com	ghost-central.com	1
LIQUIDWEB	nakaya.nu	1
CLOUDFLARENET	climaworld.nu	1
ACTIVE 24, s.r.o.	nobody.nu	1
wned-dns.eu	moederaarde.nu	1
cicoor.com	team.blue Denmark A/S	1
budgetspecialserver.nl	g-voetbal.nu	1
CLOUDFLARENET	bjb.nu	1
CLOUDFLARENET	dakkapeleindhoven.nu	1
Yelles AB	humor.nu	1
ACTIVE 24, s.r.o.	brahn.nu	1
netcup GmbH	keil.nu	1
dnsspace.nl	huureencamera.nu	1
ews.nu	ITCONNECT Scandinavia AB	1
Signet B.V.	steedsleuker.nu	1
GleSYS AB	alexandersoderlund.nu	1
lowesthosting.com	halle.nu	1
Signet B.V.	sonia.nu	1
Cygrids Communications AB	tunnbrodsrulle.nu	1
ACTIVE 24, s.r.o.	reciprocaltrade.nu	1
TrueFullstaq B.V.	hollandpark.nu	1
mijn.host	kraamcadeau.nu	1
cyberfusion.be	MICROSOFT-CORP-MSN-AS-BLOCK	1
CLDIN B.V.	jezelfontwikkelen.nu	1
CLOUDFLARENET	bryggforum.nu	1
CLOUDFLARENET	vulic.nu	1
i-aspect-infra.nl	doorhetvuur.nu	1
ports.se	wihlborg.nu	1
Akamai International B.V.	in2ip.net	1
CLOUDFLARENET	asperge.nu	1
ACTIVE 24, s.r.o.	moe.nu	1
CLOUDFLARENET	icedover.nu	1
in1klik.nl	MICROSOFT-CORP-MSN-AS-BLOCK	1
Uniserver Internet B.V.	kunstenvliegwerk.nu	1
ACTIVE 24, s.r.o.	dikat.nu	1
Yelles AB	bemerpro.nu	1
ilait.se	fabrikam.nu	1
UKDedicated LTD	bqd.nu	1
CLOUDFLARENET	repairservice.nu	1
BIT BV	revibe.nu	1
team.blue Denmark A/S	oema.dk	1
dinahosting.com	pmf.nu	1
netsto.net	thewaydomain.com	1
CLOUDFLARENET	hostinger.no	2
ODERLAND Webbhotell AB	wbk.nu	1
ACTIVE 24, s.r.o.	amund.nu	1
CLOUDFLARENET	printit.nu	1
Yelles AB	kirr.nu	1
hostingindustries.nl	hostingindustries.nl	3
oderland.com	CLOUDFLARENET	2
cloud86.nl	plutus.nu	1
LeaseWeb Netherlands B.V.	firsty.nu	1
Yelles AB	parkeringssystem.nu	1
mackaay.net	MICROSOFT-CORP-MSN-AS-BLOCK	1
Signet B.V.	noordgastransport.nu	1
hyp.net	mimmer.nu	1
DIGITALOCEAN-ASN	monia.nu	1
MICROSOFT-CORP-MSN-AS-BLOCK	deomarming.nu	1
allethahosting2.nl	verkoopvan.nu	1
Yelles AB	hammarbysjostad.nu	1
Sundsvalls kommun	sundsvall.se	1
oderland.com	AMAZON-02	1
caveo.nl	aspav.nl	2
redium.nl	brandwerend.nu	1
Signet B.V.	reclamevlaggen.nu	1
CLOUDFLARENET	vanilj.nu	1
oderland.com	europaportalen.nu	1
neostrada.nl	turnaroundmanagement.nu	1
dns.com	111tt.icu	1
Cygrids Communications AB	samtala.nu	1
hostnet.nl	pedicureaanhuis.nu	1
CLOUDFLARENET	perf.nu	1
Hetzner Online GmbH	udsalg.nu	1
xel.nl	ZOHO-AS	1
GlobalConnect AB	solhojden.nu	1
Stichting DIGI NL	GOOGLE	2
ACTIVE 24, s.r.o.	itspecialistendemo.nu	1
ACTIVE 24, s.r.o.	malacon.nu	1
GleSYS AB	rackcity.nu	1
CLOUDFLARENET	missingpiece.nl	1
safebrands.com	advese.nu	1
cloud86.nl	sprankel.nu	1
GlobalConnect AB	guldfageln-arena.nu	1
mijn.host	crossplatform.nl	1
CLOUDFLARENET	wijnbar.nu	1
1ns.nl	buiting.nu	1
Yelles AB	mekatronikdesign.nu	1
webruimtehosting.nl	maewest.nu	1
ACTIVE 24, s.r.o.	mcprivatisteninorrkoping.nu	1
mijn.host	mecs.nu	1
CLOUDFLARENET	xn--bokstver-4za.nu	1
nocdirect.com	GOOGLE	1
Signet B.V.	highticket.nu	1
Uniserver Internet B.V.	ice-cream.nu	1
Hostek AB	MICROSOFT-CORP-MSN-AS-BLOCK	1
izydns.se	bramail.se	1
wizardsofoz.nl	wizardsofoz.nl	2
ACTIVE 24, s.r.o.	kornefalk.nu	1
Signet B.V.	inhetmoment.nu	1
CLOUDFLARENET	ibvision-ns.nl	1
Signet B.V.	kiki.nu	1
checkdomain.de	prezero.nu	1
Hetzner Online GmbH	elizium.nu	1
hostnet.nl	amsadvocaten.nu	1
Signet B.V.	meetandplay.nu	1
ACTIVE 24, s.r.o.	solenergiinvest.nu	1
mvm-hoekschemedia2.nl	goedegebuure.nu	1
Signet B.V.	vriendenkorting.nu	1
Yelles AB	ordningsvakt.nu	1
superdomainzone.com	renia.nu	1
Yelles AB	floo.nu	1
LIQUIDWEB	lagerberg.nu	1
haceel.nl	windoos.net	1
AMAZON-02	sexyshemales.nu	1
CLOUDFLARENET	gofinance.nu	1
exonet.nl	zorgdrager.nu	1
mijndnsserver.nl	dsv-verzorgdleven.nu	1
CLOUDFLARENET	kreijns.nu	1
webhost.company	mijn.host B.V.	4
hostgator.com	nnin.net	1
Communications Security Net B.V.	binnen.nu	1
Cygrids Communications AB	xn--malmsaluhall-7ib.nu	1
ACTIVE 24, s.r.o.	advokatsnack.nu	1
DIGITALOCEAN-ASN	noordlicht.nu	1
b-smarthosting.net	artpro.nu	1
Yelles AB	munchie.nu	1
dynu.com	mm2.se	2
naamservert.nl	d-tech.nu	1
Signet B.V.	wmr.nu	1
thednscompany.com	rommelmarkt.nu	1
UKDedicated LTD	utbildningsinfo.nu	1
Yelles AB	xn--ln5000-iua.nu	1
CLOUDFLARENET	datan.nu	1
GleSYS AB	abrahamsen.nu	1
CLDIN B.V.	audioreparatie.nu	1
datacomfort.net	CLOUDFLARENET	1
wallin.dk	sarp.nu	1
sircon.net	maestromedia.nu	1
Signet B.V.	dadels.nu	1
DIGITALOCEAN-ASN	insign.nu	1
Signet B.V.	blauw.nu	1
LEASEWEB-USA-SFO	proefschrift.nu	1
LIQUIDWEB	schioler.nu	1
Signet B.V.	vrouwinbalans.nu	1
shockmedia.nl	watvindjij.nu	1
tcc.eu	MICROSOFT-CORP-MSN-AS-BLOCK	1
Hydra Communications Ltd	howa.nu	1
cloud86.nl	zevenbergen.nu	1
SINGLEHOP-LLC	chevalier.nu	1
Stichting DIGI NL	puppytraining.nu	1
Signet B.V.	dafne.nu	1
ACTIVE 24, s.r.o.	mindyoga.nu	1
NSONE	CLDIN B.V.	1
Eurofiber Cloud Infra B.V.	skelletbouw.nu	1
mkinternet.nl	mkinternet.nl	1
Yelles AB	miutbildning.nu	1
afraid.org	nilogic.se	1
Signet B.V.	geziningevaar.nu	1
loopia.se	telenor.se	4
team.blue Denmark A/S	findbank.nu	1
Yelles AB	ecatpower.nu	1
blackgate.nl	mailhoster.nl	1
alexum.software	ruccola.nu	1
webbhuset.se	GOOGLE	1
infrait.net	MICROSOFT-CORP-MSN-AS-BLOCK	1
neostrada.nl	rotering.nu	1
victorwebhosting.nl	zorgvoorjou.nu	1
dn-s.nl	kemper.nu	1
CLOUDFLARENET	metmaaike.nu	1
Yelles AB	yogafocus.nu	1
Yelles AB	iume.nu	1
serverhostgroup.com	wiskunde.nu	1
init3.eu	stikstofrecht.nu	1
neostrada.nl	identifier.nu	1
ACTIVE 24, s.r.o.	meningsfullvantan.nu	1
ports.se	aspenbad.nu	1
ipcom GmbH	ACTIVE 24, s.r.o.	1
triple.nl	animo.nu	1
hosting-dns.org	roxanne.nu	1
DIGITALOCEAN-ASN	citysloep.nu	1
Signet B.V.	straatmeubilair.nu	1
CLOUDFLARENET	bennet.nu	1
powerhosting.se	gfl.nu	1
Yelles AB	rakblad.nu	1
ersitehosting.nl	treats.nu	1
Communications Security Net B.V.	thermoforming.nu	1
dn-s.nl	gvs.nl	1
team.blue Denmark A/S	xn--ls-1ia.nu	1
mijndnsserver.nl	mineral-active.nu	1
CLOUDFLARENET	horizon-2020.nu	1
Signet B.V.	watgebeurddaar.nu	1
Signet B.V.	pfauth.nu	1
Cygrids Communications AB	krav-maga.nu	1
Signet B.V.	gevel.nu	1
cloud86.nl	zorginbeeld.nu	1
ipcom GmbH	COGENT-174	1
ACTIVE 24, s.r.o.	fredtechengineering.nu	1
ipage.com	stadler.nu	1
One.com A/S	vdm.nu	1
UKDedicated LTD	lindquist.nu	1
SECURITYSERVICES	karriereforum.nu	1
CLOUDFLARENET	safar.nu	1
axc.nl	rietman.nu	1
One.com A/S	goedkopecontainer.nu	1
Yelles AB	turboteknik.nu	1
CLOUDFLARENET	wouters.nu	1
CLOUDFLARENET	kroppen.nu	1
CLOUDFLARENET	dnsserver.eu	1
andreasg.se	sparud.net	1
GleSYS AB	kraken.nu	1
bsconnect.nl	cardna.nu	1
Signet B.V.	bescherming.nu	1
cloud86.nl	natuurgeneeskunde.nu	1
stendahls.net	stendahls.net	1
Signet B.V.	komparu.nu	1
AMAZON-02	lovematch.nu	1
CLOUDFLARENET	partofyourindustry.nu	1
Yelles AB	poetry.nu	1
ports.se	vaderstad.nu	1
etableraweb.com	GlobalConnect AB	1
Yelles AB	bilout.nu	1
ACTIVE 24, s.r.o.	pearl.nu	1
GleSYS AB	walsh.nu	1
pwsns.com	RACKSPACE	1
ragesw.com	lanken.nu	1
airwire.ie	host-on.email	2
DIGITALOCEAN-ASN	stoftotnadenken.nu	1
softech.si	softech.si	1
Trans-iX B.V.	voslogisticsnetworksharing.nu	1
Previder B.V.	staalconstructies.nu	1
84 Grams AB	nling.nu	1
dns-service.dk	tistrup.nu	1
Signet B.V.	rema-tiptop.nu	1
cloud86.nl	bvhh.nu	1
GleSYS AB	lbm.nu	1
ACTIVE 24, s.r.o.	skk.nu	1
intellyhosting.be	intellyhosting.nl	2
name-services.com	hoge.nu	1
Yelles AB	studenternas.nu	1
hdserver.nu	hdserver.nu	1
xomnis.nu	xomnis.nu	1
OVH SAS	APPLE-ENGINEERING	1
duocast.net	duocast.net	3
commprohosting.nl	MICROSOFT-CORP-MSN-AS-BLOCK	1
Signet B.V.	teamnotarissen.nu	1
Eurofiber Cloud Infra B.V.	best4kids.nu	1
interspace.network	xn--krkbret-8wag.nu	1
Signet B.V.	auf-gehts.nu	1
sll.se	Loopia AB	1
ACTIVE 24, s.r.o.	wesslen.nu	1
Yelles AB	cardano.nu	1
caveo.nl	reclame-op-je-auto.nu	1
Signet B.V.	videogames.nu	1
Signet B.V.	matrasthuisbezorgd.nu	1
CLOUDFLARENET	boxtv.nu	1
Uniserver Internet B.V.	vandenham.nu	1
Yelles AB	xn--dckbyte-5wa.nu	1
neostrada.nl	pci.nu	1
CLOUDFLARENET	baumann.nu	1
Communications Security Net B.V.	debespaarcoach.nu	1
tumori.nu	tumori.nu	1
Yelles AB	rabattkoder.nu	1
Duocast B.V.	shop.nu	1
CLOUDFLARENET	impera-group.nu	1
GleSYS AB	nem.nu	1
reisbrochure.nu	reisbrochure.nu	1
Bahnhof AB	soderasensgym.nu	1
CLOUDFLARENET	limostockholm.nu	1
domeinwinkel.nl	GOOGLE	1
Yelles AB	xn--golvblstring-lcb.nu	1
MICROSOFT-CORP-MSN-AS-BLOCK	forexbank.nu	1
Signet B.V.	denardi.nu	1
mijndnsserver.nl	offensief.nu	1
ipcom GmbH	Datacenter Luxembourg S.A.	1
CLOUDFLARENET	hantverkaren.nu	1
Yelles AB	backhoppning.nu	1
Signet B.V.	airr.nu	1
nationwild.net	nwi.se	2
level27.eu	level27.be	1
rapidehosting.nl	hermol.nl	1
Signet B.V.	ploonk.nu	1
Bahnhof AB	temperaturen.nu	1
mairel.eu	mairel.nu	1
One.com A/S	blunt.nu	1
Yelles AB	sportextra.nu	1
esmero.nl	GOOGLE	1
Signet B.V.	balkonhek.nu	1
Signet B.V.	mynutshell.nu	1
broadview.se	inumbo.com	1
wp.one	service.one	2
CLOUDFLARENET	garder.se	2
ipcom GmbH	WebSupport s.r.o.	5
Telenor Norge AS	GlobalConnect AB	1
CLDIN B.V.	onlinemailscanner.com	1
loopia.se	comeditor.com	1
ACTIVE 24, s.r.o.	detoxjuice.nu	1
Signet B.V.	mkbstunter.nl	1
Signet B.V.	vrangle.nu	1
NUCDN	OVH SAS	1
GDM Konsult AB	MICROSOFT-CORP-MSN-AS-BLOCK	1
CLOUDFLARENET	casinomedbonus.nu	1
wd6.eu	vangenderen.nu	1
Signet B.V.	mastermakers.nu	1
system.nu	system.nu	1
Yelles AB	kdk.nu	1
CLOUDFLARENET	warting.se	1
Signet B.V.	klaasjan.nu	1
th02.nl	macom.nu	1
Signet B.V.	profiteer.nu	1
Signet B.V.	eventel.nu	1
Yelles AB	pronox.nu	1
DIGITALOCEAN-ASN	chathulp.nu	1
itt.nu	inf.nu	1
iu.nl	iu.nl	2
geneticgestures.net	webdev.bz	1
Signet B.V.	rivvic.nu	1
Signet B.V.	cfonodig.nu	1
CLOUDFLARENET	quintes.nu	1
SECURITYSERVICES	lantmannen.com	1
ACTIVE 24, s.r.o.	casinobonuser.nu	1
hostnet.nl	mazeline.nu	1
bovine.se	cow.se	1
loopia.se	systemdrift.se	1
dn-s.nl	lucassen.nu	1
ontwerpbureaunoir.nl	lijfenleven.nu	1
DIGITALOCEAN-ASN	rotz.nu	1
LIQUIDWEB	Hostek AB	3
MICROSOFT-CORP-MSN-AS-BLOCK	mijnspamfilter.nl	1
Yelles AB	stryktips.nu	1
ACTIVE 24, s.r.o.	waste.nu	1
Yelles AB	barnprylar.nu	1
LeaseWeb Netherlands B.V.	golfbanen.nu	1
Yelles AB	hsn.nu	1
Signet B.V.	davidbeesemer.nu	1
ACTIVE 24, s.r.o.	amanda.nu	1
weprovide.nl	vanveldtotvork.nu	1
Yelles AB	mittevent.nu	1
CLDIN B.V.	karakter.nu	1
cloud86.nl	made-in-europe.nu	1
Signet B.V.	gfh.nu	1
ACTIVE 24, s.r.o.	sancho.nu	1
hostnet.nl	xaq.nl	1
LIQUIDWEB	trafikskola.nu	1
One.com A/S	top-ebikes.nu	1
Hetzner Online GmbH	porse.nu	1
ACTIVE 24, s.r.o.	swanen.nu	1
gehlin.net	gehlin.net	1
TrueFullstaq B.V.	onafhankelijk.nu	1
CLOUDFLARENET	beij.cloud	1
hostingcp.eu	ultility.nl	1
caveo.nl	eigenbijdrage.nu	1
Signet B.V.	bijsanne.nu	1
Signet B.V.	ozp.nu	1
atom86 BV	artino.nu	1
Serverius Holding B.V.	vrouwzoektman.nu	1
ACTIVE 24, s.r.o.	stene.nu	1
interspace.network	epostfilter.se	1
LeaseWeb Netherlands B.V.	tvupdate.nu	1
Yelles AB	effectiva.nu	1
esmero.nl	reisverzekeringen.nu	1
proxydns.net	farine.nu	1
Signet B.V.	autosleutelnijmegen.nu	1
Yelles AB	pensionar.nu	1
Signet B.V.	goodguysit.nu	1
vz1.nl	linschoten.nu	1
Signet B.V.	mondzorg.nu	1
Signet B.V.	checkmijnlocatie.nu	1
cygate.se	cygate.se	1
Yelles AB	artprint.nu	1
Signet B.V.	onderwijsloket.nu	1
revocloud.com	revocloud.com	2
Signet B.V.	winnercapital.nu	1
mieX GmbH	MICROSOFT-CORP-MSN-AS-BLOCK	1
csihosting.se	elomek.nu	1
ACTIVE 24, s.r.o.	urac.nu	1
CLOUDFLARENET	2live.nu	1
Yelles AB	draum.nu	1
infoserv.dk	ishost.dk	1
Signet B.V.	bergenopzoom.nu	1
Yelles AB	desserter.nu	1
axc.nl	flashcards.nu	1
CLDIN B.V.	scope10inspectie.nu	1
Signet B.V.	hairvitamins.nu	1
Signet B.V.	gniet.nu	1
ACTIVE 24, s.r.o.	lillaspisbutiken.nu	1
OVH SAS	hiep.nu	1
Yelles AB	proton.me	1
cloudip.dev	artschool.nu	1
CLOUDFLARENET	grsservices.nl	1
Signet B.V.	studentaanhuis.nu	1
LIQUIDWEB	ebnferro.nu	1
CLDIN B.V.	kitealert.nu	1
Signet B.V.	senta.com	2
a51hosting.net	MICROSOFT-CORP-MSN-AS-BLOCK	2
dlsdns.com	MICROSOFT-CORP-MSN-AS-BLOCK	1
ANEXIA Internetdienstleistungs GmbH	innocore.dk	1
Yelles AB	use.nu	1
team.blue Denmark A/S	carlton.nu	1
Hetzner Online GmbH	2light.nu	1
ACTIVE 24, s.r.o.	weimann.nu	1
acmeweb.nl	livre.nu	1
CLOUDFLARENET	friendraising.nu	1
DIGITALOCEAN-ASN	promptbox.nu	1
oderland.com	spraycan.nu	1
solcon.nl	GOOGLE	1
CLOUDFLARENET	pallas.nu	1
Signet B.V.	united-rotating.nu	1
axc.nl	lifeblog.nu	1
edns.de	rechtschutz.nu	1
dn-s.nl	siemie.nu	1
mijn.host	nov.nu	1
Yelles AB	onlinesportsbetting.nu	1
slik.eu	iventflow.nu	1
CLOUDFLARENET	verkoop.nu	1
zoneedit.com	mushroomcloud.se	1
home.pl	malec.nu	1
Miss Hosting AB	sux.nu	1
ACTIVE 24, s.r.o.	madhunting.nu	1
Yelles AB	klaipeda.nu	1
DIGITALOCEAN-ASN	koelewijn.nu	1
ACTIVE 24, s.r.o.	rosell.nu	1
Signet B.V.	bedrijfsfysiotherapie.nu	1
dn-s.nl	bedrijfswageninrichtingen.nu	1
awsdns-14.com	GOOGLE	1
Signet B.V.	huisopameland.nu	1
CLOUDFLARENET	lillasysters.nu	1
axc.nl	onlinevergelijken.nu	1
CLOUDFLARENET	pierre-keuken.nu	1
budgetextremeserver.nl	olde.nu	1
NUCDN	maddag.nu	1
Signet B.V.	schiphol-parkeren.nu	1
Signet B.V.	cryolipolyse.nu	1
ITCONNECT Scandinavia AB	irg.nu	1
CLOUDFLARENET	hondenpenning.nu	1
Signet B.V.	aiknow.nu	1
ACTIVE 24, s.r.o.	bakning.nu	1
Signet B.V.	netsend.nl	1
Yelles AB	karlstorp.nu	1
shockmedia.nl	seospecialist.nu	1
Admax AB	MICROSOFT-CORP-MSN-AS-BLOCK	1
DIGITALOCEAN-ASN	bedrijfswagenverzekering.nu	1
cleverdns.nl	MICROSOFT-CORP-MSN-AS-BLOCK	1
One.com A/S	schrootnodig.nu	1
Cloud DNS Ltd	ispweb.nl	1
Signet B.V.	verbeterjerelatie.nu	1
Signet B.V.	pionect.nl	1
CLDIN B.V.	camworks.nu	1
LIQUIDWEB	pilotuddannelse.nu	1
maakum.nl	heyning.nu	1
im-cloud.nl	lekkerkoken.nu	1
Yelles AB	dinekonomi.nu	1
One.com A/S	kebabme.nu	1
exonet.nl	hu.nu	1
webhvddns2.nl	uriflex.nu	1
Yelles AB	shboom.nu	1
Signet B.V.	aankoopmakelaarutrecht.nu	1
Eurofiber Cloud Infra B.V.	Signet B.V.	1
Infopact Netwerkdiensten B.V.	voetbalpool.nu	1
ACTIVE 24, s.r.o.	wedefelt.nu	1
pruts.nl	gioco.nu	1
loopia.se	autopower.se	1
CLOUDFLARENET	ekocentrum.nu	1
Signet B.V.	moslimdoven.nu	1
registrar-servers.com	cloudfront.net	1
Yelles AB	matforum.nu	1
ACTIVE 24, s.r.o.	rasdata.nu	1
GleSYS AB	anfo.nu	1
Signet B.V.	easycool.nu	1
hoekstra.nu	hoekstra.nu	2
CLDIN B.V.	stambomen.nu	1
Signet B.V.	kunstgrasshop.nu	1
Serverius Holding B.V.	buurtsex.nu	1
Yelles AB	ritz.nu	1
hcdns.nl	jambe.nu	1
Systemec BV	sophos.com	2
hostnet.nl	dooikorrel.nu	1
webo.hosting	broleen.nu	1
Signet B.V.	miccs.nu	1
Yelles AB	simm.nu	1
dnsdomene.net	mailchannels.net	1
CLDIN B.V.	taxieindhoven.nu	1
Yelles AB	jedi.nu	1
Signet B.V.	noordzeekracht.nu	1
Signet B.V.	bromfietsrijbewijs.nu	1
axc.nl	sidi.nu	1
CLOUDFLARENET	hvelv.nu	1
ACTIVE 24, s.r.o.	rippe.nu	1
itellihosting.nl	MICROSOFT-CORP-MSN-AS-BLOCK	1
Signet B.V.	aihulp.nu	1
cleverdns.nl	cleverit.nl	1
Yelles AB	geoscan.nu	1
ACTIVE 24, s.r.o.	ardea.nu	1
raqxs.eu	123webdesign.nu	1
The Internet Engineering Group B.V.	lmd.nu	1
webblez.nl	bijbarbara.nu	1
GlobalConnect AB	rudolfsson.nu	1
Signet B.V.	vipboxx.nu	1
LIQUIDWEB	crowdsourcing.nu	1
Webhuset AS	Proton AG	1
ekeby.nu	ekeby.nu	1
DIGITALOCEAN-ASN	catali.nu	1
CLOUDFLARENET	keukenvoordeel.nu	1
CLOUDFLARENET	xn--rrelsen-90a.nu	1
hix.nl	mbb.nu	1
ACTIVE 24, s.r.o.	julbordscatering.nu	1
ACTIVE 24, s.r.o.	tippa.nu	1
GleSYS AB	brillan.nu	1
awsdns-06.com	Cloudflare London, LLC	2
conocidosrv06.nl	MICROSOFT-CORP-MSN-AS-BLOCK	2
dnssrv.nl	anonymflirtkontakt.nu	1
BIZLAND-SD	seaford.nu	1
ACTIVE 24, s.r.o.	xn--rdceder-90a.nu	1
morethanjusthosting.nl	MICROSOFT-CORP-MSN-AS-BLOCK	1
Signet B.V.	laiv.nu	1
oderland.com	ekonomitjanster.nu	1
axc.nl	pitstop.nu	1
mijndnsserver.nl	bbl.nu	1
colonqpling.org	sty.nu	1
CLOUDFLARENET	Previder B.V.	1
ACTIVE 24, s.r.o.	mrplan.nu	1
cloud86.nl	waardevol.nu	1
team.blue Denmark A/S	mad.nu	1
ipcom GmbH	Bluerange Sweden AB	1
netzozeker.nl	elastigo.nu	1
LIQUIDWEB	Tutao GmbH	1
ACTIVE 24, s.r.o.	wideworld.nu	1
SECURITYSERVICES	europolitan.nu	1
yayhosting.dk	levmere.nu	1
vBoxx B.V.	carcharge.nu	1
DIGITALOCEAN-ASN	kregel.nu	1
dn-s.nl	sportaanbod.nu	1
register.it	STABLEHOST	1
ACTIVE 24, s.r.o.	borashalkbana.nu	1
cloud81.net	cloud81.net	1
ACTIVE 24, s.r.o.	sdata.nu	1
Yelles AB	stanislav.nu	1
ezisp.eu	MICROSOFT-CORP-MSN-AS-BLOCK	1
Signet B.V.	grootgeven.nu	1
Signet B.V.	home.nu	1
deployable.info	verweel.net	1
Yelles AB	naiad.nu	1
DIGITALOCEAN-ASN	kalyani.nu	1
ACTIVE 24, s.r.o.	xn--kpbilligtsljdyrt-4nb82a.nu	1
loopia.se	aries.nu	1
exsilia.net	MICROSOFT-CORP-MSN-AS-BLOCK	1
ninedegrees.nl	diacom.nu	1
ACTIVE 24, s.r.o.	parmesan.nu	1
AMAZON-02	188bet.nu	1
CLDIN B.V.	airandocean.nu	1
ports.se	eitech.nu	1
websitecare.dk	bryghus.nu	1
One.com A/S	inevenwicht.nu	1
Yelles AB	alovera.nu	1
hshost.nl	MICROSOFT-CORP-MSN-AS-BLOCK	1
Zylon	onix.nu	1
iptwins.com	thea-nordic.nu	1
CLOUDFLARENET	Eurofiber France SAS	3
CLOUDFLARENET	nitv.nu	1
CLOUDFLARENET	xn--husleverantr-fjb.nu	1
DIGITALOCEAN-ASN	jury.nu	1
ACTIVE 24, s.r.o.	hojstyling.nu	1
xundns.com	olns.vip	2
ACTIVE 24, s.r.o.	m-w.nu	1
Combell NV	banenlijn.com	1
Signet B.V.	elyn.nu	1
shockmedia.nl	shockmedia.nu	1
danego.net	Vianova S.p.A	1
CLDIN B.V.	vkl.nu	1
mkb-dns.com	gowiththeflow.nu	1
loopia.se	kontoret.nu	1
cloudvention.net	triplon.net	1
Infopact Netwerkdiensten B.V.	digireg.nu	1
CLOUDFLARENET	mobilprylar.nu	1
OVH SAS	devreeze.nu	1
risoe.dk	MICROSOFT-CORP-MSN-AS-BLOCK	1
CLOUDFLARENET	nanoclean.nu	1
hoogmawebdesign.com	GOOGLE-CLOUD-PLATFORM	1
NetBase BV	qdev.nl	1
ACTIVE 24, s.r.o.	hesse.nu	1
cdnetdns.net	pphosted.com	1
DIGITALOCEAN-ASN	bypos.nu	1
klikdns.nl	CLOUDFLARENET	1
CLOUDFLARENET	clonekicks.nu	1
cloud86.nl	beerthuizen.nu	1
Yelles AB	matlador.nu	1
CLDIN B.V.	ontcijfert.nu	1
ACTIVE 24, s.r.o.	hast.nu	1
proisp.no	proisp.no	2
CLOUDFLARENET	byggfirmor.nu	1
team.blue Denmark A/S	benefitapp.nu	1
One.com A/S	droominuitvoering.nu	1
ACTIVE 24, s.r.o.	vsfk.nu	1
AS-VULTR	rocket.nu	1
bctd.nl	aandekook.nu	1
dn-s.nl	liquit.nu	1
tisonline.nl	sjooc.nu	1
Yelles AB	msff.nu	1
mainloop.net	MICROSOFT-CORP-MSN-AS-BLOCK	1
Yelles AB	testa.nu	1
CLOUDFLARENET	nikotin.nu	1
GANDI SAS	therock.nu	1
CLOUDFLARENET	fugazi.nu	1
Uniserver Internet B.V.	impreso.nu	1
neostrada.nl	architraven.nu	1
Vivor B.V.	GOOGLE	1
CLOUDFLARENET	hydraulikservice.nu	1
Miss Hosting AB	nazarenes.nu	1
Yelles AB	vakans.nu	1
Signet B.V.	slotenmakerrotterdam.nu	1
ServeTheWorld AS	galleriet.nu	1
dnssrv.nl	oburo.nu	1
AMAZON-02	Blix Solutions AS	1
Signet B.V.	weekme.nu	1
Signet B.V.	nwvt.nu	1
LIQUIDWEB	costadelsol.nu	1
ACTIVE 24, s.r.o.	andresnilson.nu	1
one.com	Yelles AB	1
Signet B.V.	dataexperience.nu	1
DIGITALOCEAN-ASN	laadpaaladvies.nu	1
netbiz.nl	GOOGLE	1
loopia.se	rhotech.se	2
govers.nu	govers.nu	1
CLOUDFLARENET	sommelierluc.nu	1
tsbplatform.com	motorblok.nu	1
cloud86.nl	engelbert.nu	1
DIGITALOCEAN-ASN	indago.nu	1
Miss Hosting AB	fiat.nu	1
Hetzner Online GmbH	guilty.nu	1
sohosted18.com	GOOGLE	1
LIQUIDWEB	Datacamp Limited	1
LIQUIDWEB	vredenburg.nu	1
Signet B.V.	powerassist.nl	1
Yelles AB	rubbostubb.nu	1
Cygrids Communications AB	funktionellt.nu	1
Signet B.V.	regeneratief.nu	1
Signet B.V.	boterham.nu	1
networkoperations.nl	voicebot.nu	1
awsdns-00.net	GOOGLE	1
ACTIVE 24, s.r.o.	teka.nu	1
ACTIVE 24, s.r.o.	bathtub.nu	1
moln-net.se	moln-net.se	2
ACTIVE 24, s.r.o.	marten.nu	1
SECURITYSERVICES	orexo.nu	1
Intention B.V.	ZOHO Corporation B.V	1
CLDIN B.V.	veehandel.nu	1
One.com A/S	cuijk.nu	1
ACTIVE 24, s.r.o.	hemta.nu	1
Signet B.V.	vetdigital.nu	1
ACTIVE 24, s.r.o.	notoffline.se	1
GOOGLE	tandfen.nu	1
Signet B.V.	nationale-apotheek.nu	1
2tcloud.be	appollo.nu	1
MICROSOFT-CORP-MSN-AS-BLOCK	hondengedragstherapeut.nu	1
CLOUDFLARENET	hunnie.nu	1
Yelles AB	wildpoker.nu	1
Eurofiber Cloud Infra B.V.	sw-sl.nu	1
ACTIVE 24, s.r.o.	miles.nu	1
Signet B.V.	niltons.nu	1
timeforit.se	QUICKPACKET	1
GleSYS AB	loncin.nu	1
DIGITALOCEAN-ASN	vanroon.nu	1
GlobalConnect AB	tuffast.nu	1
ACTIVE 24, s.r.o.	oja.nu	1
axc.nl	oxymoron.nl	1
ns14.net	SECURITYSERVICES	1
team.blue Denmark A/S	klag.nu	1
hostnet.nl	livingz.nu	1
ditisa.nl	goulmy.nu	1
oderland.com	tastyspot.nu	1
Signet B.V.	fraudechecker.nu	1
netcup GmbH	MICROSOFT-CORP-MSN-AS-BLOCK	1
DIGITALOCEAN-ASN	jonker.nu	1
Vivor B.V.	ecologischbeheer.nu	1
GleSYS AB	badrumsrenovering-goteborg.nu	1
ACTIVE 24, s.r.o.	fredtech.nu	1
scarleo.se	tiderman.nu	1
CLDIN B.V.	positievepsychologie.nu	1
dn-s.nl	commentarist.nu	1
Yelles AB	cattus.nu	1
CLDIN B.V.	frieling.nu	1
ACTIVE 24, s.r.o.	haskel.nu	1
Yelles AB	dubs.nu	1
ACTIVE 24, s.r.o.	bonab.nu	1
Yelles AB	danex.nu	1
ilait.se	vicetech.com	1
CLOUDFLARENET	kopen.nu	1
DIGITALOCEAN-ASN	be-gone.nl	1
team.blue Denmark A/S	regnskab.nu	1
Signet B.V.	labtech.nu	1
GOOGLE	roosarna.nu	1
ODERLAND Webbhotell AB	upandgo.nu	1
Yelles AB	hotslots.nu	1
CLOUDFLARENET	web-hosting.com	1
verner.nu	verner.nu	2
OVH SAS	divinetiming.nu	1
CLOUDFLARENET	internetport.se	1
Signet B.V.	islifestyle.nu	1
Yelles AB	mathcon.nu	1
CLDIN B.V.	njoy-icecream.nu	1
pixelhosting.nl	pandacraft.nu	1
Host Europe GmbH	focus.nu	1
ACTIVE 24, s.r.o.	tegnander.nu	1
ACTIVE 24, s.r.o.	totalshopping.nu	1
one.com	bahnhof.se	1
DIGITALOCEAN-ASN	fanatics.nu	1
Signet B.V.	tradle.nu	1
Stichting DIGI NL	admincontrol.nu	1
ACTIVE 24, s.r.o.	skyltfabriken.nu	1
hoststar.hosting	kunz.nu	1
ACTIVE 24, s.r.o.	internrevision.nu	1
ACTIVE 24, s.r.o.	tibrokk.nu	1
hsqd.nl	moeders.nu	1
CLOUDFLARENET	romulus.nu	1
CLOUDFLARENET	isfabriken.nu	1
The Internet Engineering Group B.V.	dgd.nu	1
Yelles AB	stromback.nu	1
One.com A/S	mooi-in-beeld.nu	1
ACTIVE 24, s.r.o.	epistel.nu	1
ACTIVE 24, s.r.o.	ryden.nu	1
Hetzner Online GmbH	faaborg.nu	1
CLOUDFLARENET	pcw.nu	1
LeaseWeb Netherlands B.V.	magento-webhosting.nu	1
Signet B.V.	leerenveerkracht.nu	1
DIGITALOCEAN-ASN	safeground.nu	1
lemarit.de	MICROSOFT-CORP-MSN-AS-BLOCK	1
LIQUIDWEB	renevinduer.nu	1
Signet B.V.	exchange3000.nl	1
thednscompany.com	123chiptuning.nu	1
ACTIVE 24, s.r.o.	solva.nu	1
LEVEL3	rostskydd.nu	1
gridfast.net	cloudaccess.net	1
eurovps.com	l1.nu	1
ACTIVE 24, s.r.o.	bvs.nu	1
netunity.net	pracht.nu	1
hostnet.nl	ledbouwlamp.nu	1
Signet B.V.	archimatetooling.nu	1
ORACLE-BMC-31898	seger.nu	1
ACTIVE 24, s.r.o.	perspektivmatning.nu	1
nameshield.net	boehringer-ingelheim.se	2
gocheapweb.com	storvinnare.nu	1
GOOGLE	pace.nu	1
Signet B.V.	boeve.nu	1
sweweb.net	MICROSOFT-CORP-MSN-AS-BLOCK	1
Serverius Holding B.V.	vtongeren.nu	1
GleSYS AB	utskick.nu	1
Yelles AB	malvaktstraning.nu	1
cloud86.nl	prae.nu	1
One.com A/S	panacee.nu	1
o2switch.net	kallbad.nu	1
hosting-nameserver.biz	buitenlust.nu	1
Yelles AB	gratishoroskop.nu	1
Signet B.V.	baumgardt.nu	1
MICROSOFT-CORP-MSN-AS-BLOCK	aventus.nu	1
Signet B.V.	eu-tax.nu	1
ACTIVE 24, s.r.o.	beijbom.nu	1
DIGITALOCEAN-ASN	drphone.nu	1
CLOUDFLARENET	fastkon.nu	1
BMS-AS	azacitidine.nu	1
AMAZON-02	combain.com	1
dvhosting.cloud	tiv.nu	1
Signet B.V.	helpjezelf.nu	1
ACTIVE 24, s.r.o.	bokamassage.nu	1
cloud86.nl	vla.nu	1
one.com	heluna.com	1
neostrada.nl	blue-alert.nu	1
Signet B.V.	c-g.nu	1
CLOUDFLARENET	bard.nu	1
Signet B.V.	comore.nu	1
Yelles AB	functionalfoods.nu	1
ACTIVE 24, s.r.o.	uss.nu	1
Serverius Holding B.V.	gratistelefonsex.nu	1
Hetzner Online GmbH	bestlifeever.nu	1
Signet B.V.	datacleaning.nu	1
ACTIVE 24, s.r.o.	falck.nu	1
ACTIVE 24, s.r.o.	rubb.nu	1
Signet B.V.	entrd.nu	1
baumann.nu	baumann.nu	1
markmonitor.com	GO-DADDY-COM-LLC	1
Yelles AB	thehandyman.nu	1
Signet B.V.	opencertifiedarchitect.nu	1
BIT BV	vidas.nu	1
DIGITALOCEAN-ASN	speels.nu	1
infer.nu	frottage.org	1
zoneedit.com	fiero.nu	1
exmandato.se	mellstrand.net	1
fast-web-servers.com	billnet.nu	1
Signet B.V.	virtual-office.nu	1
CLOUDFLARENET	newland.nu	1
Signet B.V.	heijs.nu	1
Yelles AB	makk.nu	1
DIGITALOCEAN-ASN	eigenzinnig.nu	1
DIGITALOCEAN-ASN	mytravel.nu	1
Signet B.V.	internetaanbiedingen.nu	1
Signet B.V.	u-turn.nu	1
DIGITALOCEAN-ASN	gezondheidscheck.nu	1
CLOUDFLARENET	voorneputten.nu	1
CLDIN B.V.	betabijles.nu	1
cloudns.net	holmberg.nu	1
internettoday.com	maatwerkadvies.nu	1
Tele2 SWIPnet	staysecuregroup.com	1
dn-s.nl	joost.nu	1
Signet B.V.	voordeliggezond.nu	1
Signet B.V.	optv.nu	1
Yelles AB	babyboxar.nu	1
ODERLAND Webbhotell AB	granby.nu	1
hostslim.nl	wegwezen.nu	1
brightonlinecompany.nl	siers.nu	1
Yelles AB	vius.nu	1
Yelles AB	familjeguiden.nu	1
paxnova.net	GOOGLE	1
oderland.com	milliez.nu	1
Hetzner Online GmbH	gams.nu	1
thednscompany.com	crowdsurance.nu	1
One.com A/S	allesgoed.nu	1
CLOUDFLARENET	freespinsexpert.nu	1
Miss Hosting AB	ebem.nu	1
Signet B.V.	borgplan.nu	1
seohost.pl	milonga.nu	1
ACTIVE 24, s.r.o.	greven.nu	1
Yelles AB	malmborgen.nu	1
UKDedicated LTD	lena.nu	1
Uniserver Internet B.V.	noppies.nu	1
team.blue Denmark A/S	urt.nu	1
Signet B.V.	officespecialisten.nl	2
ACTIVE 24, s.r.o.	sprint.nu	1
Signet B.V.	winit.nu	1
CLOUDFLARENET	1984dystopia.nu	1
mijndnsserver.nl	cloudnet.services	1
GleSYS AB	tedenljungconsulting.nu	1
marysan.com	mrcleaning.nu	1
Yelles AB	cardiosmart.nu	1
CLOUDFLARENET	primecrime.nu	1
windonet.nl	sewcentrum.nu	1
one.com	selmer.nu	1
LIQUIDWEB	svenskamonster.nu	1
mijndnsserver.nl	Proton AG	1
interxl.com	itaudit.nu	1
Uniserver Internet B.V.	lingerak.nu	1
ACTIVE 24, s.r.o.	henningsson.nu	1
CLOUDFLARENET	strafpleiter.nu	1
Signet B.V.	koopcontract.nu	1
ACTIVE 24, s.r.o.	xn--motormklarna-lcb.nu	1
Hetzner Online GmbH	leet.nu	1
aname.net	ODERLAND Webbhotell AB	1
CLOUDFLARENET	soundlogic.nu	1
ACTIVE 24, s.r.o.	soak.nu	1
CLOUDFLARENET	enson.se	1
cigarrlagret.nu	enson.se	1
MICROSOFT-CORP-MSN-AS-BLOCK	spicts.nl	1
Yelles AB	coolaspel.nu	1
Signet B.V.	iphoneipadreparatie.nu	1
ACTIVE 24, s.r.o.	dufvenberg.nu	1
LeaseWeb Netherlands B.V.	jaap.nu	1
Yelles AB	vessla.nu	1
allhosting.se	MICROSOFT-CORP-MSN-AS-BLOCK	1
brightberry.eu	brightberry.eu	1
Signet B.V.	healthwatch.nu	1
Yelles AB	jorden.nu	1
Serverius Holding B.V.	omejan.nu	1
Signet B.V.	juniorpress.nu	1
dn-s.nl	boog.nu	1
AMAZON-02	limetransit.com	1
register.it	MICROSOFT-CORP-MSN-AS-BLOCK	2
mijn.host	arduino.nu	1
Serverius Holding B.V.	sexcontact.nu	1
cloud86.nl	mulder.nu	1
loopia.se	bergendahl.nu	1
cloud86.nl	namibie.nu	1
DIGITALOCEAN-ASN	lgh.nu	1
drenth.email	drenth.xyz	1
Duocast B.V.	coachinge.nu	1
Signet B.V.	Global-e ICT solutions B.V.	1
SECURITYSERVICES	copyconsultkrstd.se	1
ACTIVE 24, s.r.o.	svallfors.nu	1
websmidhost.nl	ont-moeten.nu	1
wizdom.nu	wizdom.nu	1
CLDIN B.V.	diksap.nu	1
Hetzner Online GmbH	wens.nu	1
CLOUDFLARENET	nikez.nu	1
Signet B.V.	stoppers.nu	1
Cygrids Communications AB	academicsearch.se	1
ACTIVE 24, s.r.o.	omberg.nu	1
CLOUDFLARENET	snowman.nu	1
ipcom GmbH	datatruckers.net	1
aname.net	startaeget.nu	1
CLOUDFLARENET	annleda.nu	1
CLOUDFLARENET	carnaval.nu	1
ACTIVE 24, s.r.o.	lawebb.se	1
axc.nl	witgoedexpress.nu	1
CLOUDFLARENET	nutsscandinavia.nu	1
Infopact Netwerkdiensten B.V.	vaarwinkel.nu	1
Admax AB	theborderland.nu	1
CLOUDFLARENET	marketingplan.nu	1
CLOUDFLARENET	leoson.nu	1
123-hostingserver.net	zonnepanelen-reinigen.nu	1
DIGITALOCEAN-ASN	binnendienst.nu	1
DIGITALOCEAN-ASN	nextbuzz.nl	1
igrid.se	Tele2 SWIPnet	1
Signet B.V.	wirecard.nu	1
duocast.net	btw.nu	1
AUTOMATTIC	Telia Company AB	1
Signet B.V.	welearn.nu	1
Telia Company AB	sverige.nu	1
NetActuate, Inc	ahjo.eu	1
Signet B.V.	data-science.nu	1
CIRA-CLOUD2	MICROSOFT-CORP-MSN-AS-BLOCK	1
ACTIVE 24, s.r.o.	nielsen.nu	1
Signet B.V.	stoffelsbleijenberg.nu	1
iturea.com	pascale.nu	1
Yelles AB	barnbladet.nu	1
NSONE	One.com A/S	1
Yelles AB	gimetoden.nu	1
ACTIVE 24, s.r.o.	virev.nu	1
Signet B.V.	groenwijzer.nu	1
CLOUDFLARENET	hdporn.nu	1
Signet B.V.	computermonteur.nu	1
Signet B.V.	RACKSPACE	2
CLOUDFLARENET	binary.nu	2
rv-hosting.nl	werkenaaninclusie.nu	1
slampaq.com	digipoort.nu	1
Signet B.V.	v-ciso.nu	1
Yelles AB	ramsell.nu	1
Signet B.V.	eazymatch.nu	1
loopia.se	hamsterkollektivet.se	1
loopia.se	sicking.nu	1
geets.eu	kranendonk.nu	1
DIGITALOCEAN-ASN	wilts.nu	1
LEASEWEB-USA-SFO	roeleboer.nl	1
e-studio.dk	xn--tandlger-n0a.nu	1
NETWORK-SOLUTIONS-HOSTING	afservice.nu	1
one.com	yde.nu	1
dvhosting.cloud	dekking.nu	1
CLOUDFLARENET	marc.nu	1
cloud86.nl	epigenetica.nu	1
Signet B.V.	pepperspray.nu	1
Signet B.V.	troublefreehosting.nl	1
ACTIVE 24, s.r.o.	liveagent.nu	1
Signet B.V.	brand-ambassadors.nu	1
CLOUDFLARENET	totaalbouw.nu	1
GleSYS AB	ammarnas.nu	1
uwhostingprovider.nl	waterwereld.nu	1
CLOUDFLARENET	keukenbladen.nu	1
ports.se	transportkompetens.nu	1
Net-Build GmbH	pminternational.nu	1
sitixhosting.nl	MICROSOFT-CORP-MSN-AS-BLOCK	1
sygmanet.be	barbeque.nu	1
Yelles AB	riror.nu	1
Signet B.V.	warmtepompkopen.nu	1
serveriai.lt	byoghavn.nu	1
Signet B.V.	trellis.nu	1
Signet B.V.	hartvoorkinderen.nu	1
internl.net	hoda.nu	1
datahalland.se	kontorslev-hall.se	1
DIGITALOCEAN-ASN	veerkracht.nu	1
axc.nl	zelfinbeeld.nu	1
CLDIN B.V.	ondernemersprimetime.nu	1
inmotionhosting.com	mindwell.nu	1
Signet B.V.	newstairs.nu	1
CLOUDFLARENET	spotgoedkoop.nu	1
groeikans.nu	Eurofiber Cloud Infra B.V.	1
loopia.se	dtrecycling.nu	1
Yelles AB	qwertea.nu	1
CLOUDFLARENET	bossa-nova.nu	1
ACTIVE 24, s.r.o.	kvarsebo.nu	1
Signet B.V.	Heinlein-Support GmbH	1
CLOUDFLARENET	aftermarket.pl	1
LIQUIDWEB	camomilla.nu	1
hostnet.nl	dominospizza.nu	1
CLOUDFLARENET	fraggelberget.nu	1
prosou.nu	prosou.nu	1
DIGITALOCEAN-ASN	ossenzijl.nu	1
rinoa.org	athena.nu	1
ODERLAND Webbhotell AB	ecce.nu	1
neostrada.nl	huislift.nu	1
CLDIN B.V.	borent.nu	1
thomasmathis.ch	thomasmathis.ch	1
team.blue Denmark A/S	microshop.nu	1
team.blue Denmark A/S	singit.nu	1
loopia.se	juldagen.nu	1
Yelles AB	saberg.nu	1
CLDIN B.V.	kosdata.nl	1
Signet B.V.	ledscherm.nu	1
Signet B.V.	houben.nu	1
Signet B.V.	plein.nu	1
atlascms.se	GleSYS AB	1
triple.nl	lubbers.nu	1
Hetzner Online GmbH	carper.nu	1
dn-s.nl	wesupport.nu	1
mica.cloud	MICROSOFT-CORP-MSN-AS-BLOCK	1
smartdns.se	rattor.nu	1
Signet B.V.	hetkan.nu	1
Jakobstadsnejdens Telefon Ab	webbmail.fi	1
ettnet.se	domaincrawler.com	1
space2u.com	bprint.nu	1
SECURITYSERVICES	menyonline.nu	1
One.com A/S	minderismeer.nu	1
Signet B.V.	aardappelen.nu	1
team.blue Denmark A/S	multi-living.nu	1
one.com	statens-it.dk	1
ACTIVE 24, s.r.o.	hsv.nu	1
ACTIVE 24, s.r.o.	abell-security.nu	1
Cloud DNS Ltd	mijnpartnergroep.nl	1
nlstijl.nl	MICROSOFT-CORP-MSN-AS-BLOCK	1
ACTIVE 24, s.r.o.	easyapp.nu	1
mijn.host	lasker.nu	1
smarthost.pl	gymbyggarna.nu	1
ACTIVE 24, s.r.o.	friidrott.nu	1
rationellit.se	MICROSOFT-CORP-MSN-AS-BLOCK	1
ACTIVE 24, s.r.o.	parmesanost.nu	1
Signet B.V.	administratiekantoor-utrecht.nu	1
Signet B.V.	zorgnodig.nu	1
GleSYS AB	dansskolan.nu	1
The Internet Engineering Group B.V.	uwdomeinnaam.nu	1
checkdomain.de	prezeroatervinning.nu	1
ACTIVE 24, s.r.o.	vidsel.nu	1
dn-s.nl	miniot.nu	1
ACTIVE 24, s.r.o.	amcape.nu	1
mijndnsserver.nl	chinesemakelaar.nu	1
Yelles AB	ambientmedia.nu	1
ACTIVE 24, s.r.o.	bonusplay.nu	1
CLOUDFLARENET	NAMECRANE	2
ACTIVE 24, s.r.o.	umendo.nu	1
Signet B.V.	cenn.nu	1
Yelles AB	advago.nu	1
oderland.com	xn--stersjfestivalenikarlshamn-bvcg.nu	1
liquidweb.com	gilchrist.nu	1
taf.nu	taf.nu	1
Signet B.V.	WorldStream B.V.	1
datashosting.nl	mestscheiden.nu	1
DIGITALOCEAN-ASN	fast-forward.nu	1
trouble-free.net	metaverse.nu	1
computopic.dk	computopic.dk	2
LIQUIDWEB	blister.nu	1
Yelles AB	trophy.nu	1
CLOUDFLARENET	crosskartpro.nu	1
checkdomain.de	prezero-recycling.nu	1
ACTIVE 24, s.r.o.	dackia.nu	1
AUTOMATTIC	WebSupport s.r.o.	2
Yelles AB	emcservices.nu	1
ufh.nu	ufh.nu	1
Signet B.V.	redipipe.nu	1
egensajt.se	GleSYS AB	1
86id.nl	86id.nl	1
team.blue Denmark A/S	idyl.nu	1
LIQUIDWEB	gigmanager.nu	1
ad.jp	conan.nu	1
Signet B.V.	woningruilen.nu	1
CLOUDFLARENET	bloembollen-kopen.nu	1
Tele2 SWIPnet	naversten.nu	1
dn-s.nl	encourage.nu	1
Signet B.V.	gah.nu	1
Signet B.V.	ebikeaccu.nu	1
webruimtehosting.nl	relatie.nu	1
Yelles AB	cleanup.nu	1
krakkenservers.com	cmore.nu	1
LeaseWeb Netherlands B.V.	personalbrandingcommunity.nl	1
Signet B.V.	stijn.nu	1
oderland.com	molkom.nu	1
LIQUIDWEB	unifire.nu	1
ACTIVE 24, s.r.o.	stilig.nu	1
oderland.com	profilexperten.nu	1
Intention B.V.	paaskaarsen.nu	1
Signet B.V.	verhuisbedrijf-amsterdam.nu	1
invid.se	webtoprint.nu	1
OVH SAS	taxi-doetinchem.nu	1
Yelles AB	yds.nu	1
CLOUDFLARENET	ugekalender.nu	1
CLOUDFLARENET	turngreen.nu	1
lngzl.cloud	Voxility LLP	1
CLOUDFLARENET	winschoten.nu	1
GleSYS AB	getinshape.nu	1
Signet B.V.	autosleutelskwijt.nu	1
timmers-it.be	ikwilmeer.nu	1
dn-s.nl	tmf.nu	1
Signet B.V.	brand-mr.nu	1
dn-s.nl	modules.nu	1
ns14.net	23M GmbH	1
OVH SAS	lyckopiller.nu	1
DIGITALOCEAN-ASN	meanwell.nu	1
DIGITALOCEAN-ASN	niamh.nu	1
Signet B.V.	ongrijpbaar.nu	1
anycast.me	OVH SAS	2
Signet B.V.	zvd.nu	1
ACTIVE 24, s.r.o.	otmab.nu	1
Yelles AB	mallika.nu	1
No ACK Group Holding AB	maileroo.com	1
OVH SAS	kfd.nu	1
mijndnsserver.nl	baldi.nu	1
team.blue Denmark A/S	DLX A/S	2
ACTIVE 24, s.r.o.	caab.nu	1
dotserv.com	GOOGLE	1
webruimtehosting.nl	orangerental.nu	1
systemdrift.se	softcom.dk	1
Yelles AB	offdo.nu	1
CLOUDFLARENET	mantelzorgcentrum.nu	1
danego.net	danego.net	1
WorldStream B.V.	mailprotect.be	1
Signet B.V.	treinreiziger.nu	1
CLOUDFLARENET	pepperbite.nu	1
Yelles AB	mixin.nu	1
siteprotect.com	koninginjulianatoren.nu	1
ACTIVE 24, s.r.o.	tysk.nu	1
ne.jp	godgiven.nu	1
InterNetX GmbH	123fit.nu	1
LIQUIDWEB	studiology.nu	1
Signet B.V.	bloemenbon.nu	1
Signet B.V.	tfh.nu	1
Yelles AB	price.nu	1
One.com A/S	verzekeringsprofessionals.nu	1
Combell NV	vakatures.nu	1
inmotionhosting.com	europeanstudios.nu	1
cloud86.nl	levenswiel.nu	1
Signet B.V.	vwrent.nu	1
DIGITALOCEAN-ASN	statistieken.nu	1
CLDIN B.V.	synology.me	1
Miss Hosting AB	nelli.nu	1
ACTIVE 24, s.r.o.	thedomain.nu	1
CLDIN B.V.	partnerincrime.nu	1
muumuu-domain.com	APPLE-ENGINEERING	2
dnsbrr.com	altar.nu	1
Yelles AB	uddaprylar.nu	1
Signet B.V.	spoedteamenea.nu	1
CLOUDFLARENET	craftwerk.nu	1
hix.nl	fmacademy.nu	1
CLOUDFLARENET	handelskompaniet.nu	1
loopia.se	kullander.se	1
Yelles AB	greenfeeoutlet.nu	1
CLOUDFLARENET	email-anywhere.nl	1
CLOUDFLARENET	creta.nu	1
oderland.com	expandermetall.nu	1
OVH SAS	personeelsrecht.nu	1
Miss Hosting AB	barnvanligt.nu	1
inovamedia.nl	bodemplus.nu	1
Signet B.V.	cloudspendmanagement.nu	1
loopia.se	kultje.nu	1
AMAZON-02	idealis.nu	1
internettoday.com	lymphomed.nu	1
Signet B.V.	hallodokter.nu	1
Uniserver Internet B.V.	megagrouptrade.com	2
Signet B.V.	vernietigen.nu	1
ACTIVE 24, s.r.o.	madeleineandersson.nu	1
atznet.dk	abusiness.dk	1
loopia.se	arcitgroup.se	1
ORACLE-BMC-31898	peekict.nl	1
Signet B.V.	hatikvah.nu	1
vandijkict-hosting.nl	MICROSOFT-CORP-MSN-AS-BLOCK	1
loopia.se	datakraft.se	2
Yelles AB	bruce.nu	1
50webs.com	50webs.com	1
LeaseWeb Netherlands B.V.	allfinance.nu	1
dnssrvr.eu	leeslicht.nu	1
nethost.se	nethost.se	2
Serverius Holding B.V.	vuxenchatt.nu	1
BUNNYWAY, informacijske storitve d.o.o.	flashmaster.nu	1
ACTIVE 24, s.r.o.	vror.nu	1
BIT BV	ZOHO Corporation B.V	1
Stichting DIGI NL	sestig.nu	1
CLOUDFLARENET	plan42.se	1
CLOUDFLARENET	sleepdienst.nu	1
ns25.de	be2.de	1
Hetzner Online GmbH	hats.nu	1
OVH SAS	cityzen.nu	1
InterNetX GmbH	One.com A/S	1
ACTIVE 24, s.r.o.	trimmer.nu	1
mans-dns.nl	vrtours.nu	1
cewebhosting.nl	freesmal.nu	1
yayhosting.dk	brauer.nu	1
ACTIVE 24, s.r.o.	labglas.nu	1
hardeman.nu	hardeman.nu	1
ACTIVE 24, s.r.o.	eurocard.nu	1
LIQUIDWEB	ambjerg.nu	1
ACTIVE 24, s.r.o.	xn--eu-varumrke-s8a.nu	1
Yelles AB	xn--stka-6qa.nu	1
CLOUDFLARENET	buitenspa.nu	1
Signet B.V.	crowdrock.nu	1
qdc.nl	saalbach.nu	1
Signet B.V.	kolman.nu	1
mapgear.cloud	geoapps.nu	1
hix.nl	bisci.nu	1
webshade.nl	warmehanden.nu	1
alternativ.nu	alternativ.nu	1
Serverius Holding B.V.	sekschat.nu	1
ACTIVE 24, s.r.o.	hooks.nu	1
CLOUDFLARENET	i4.nu	1
ACTIVE 24, s.r.o.	aspelin.nu	1
nxtlvl-it.nl	hotmelt.nu	1
rzone.de	GOOGLE-CLOUD-PLATFORM	1
NUCDN	Webbkonsulterna i Jamtland AB	1
Miss Hosting AB	onlinecasinobonusar.nu	1
GleSYS AB	lugn.nu	1
Yelles AB	techtest.nu	1
Signet B.V.	las-vegas.nu	1
cloud86.nl	odevie.nu	1
Cygrids Communications AB	kraemer.nu	1
neostrada.nl	vitalenergy.nu	1
Signet B.V.	kindkandewasdoen.nu	1
Hetzner Online GmbH	fusa.nu	1
Cygrids Communications AB	4nature.nu	1
ACTIVE 24, s.r.o.	motivate.nu	1
CLOUDFLARENET	bioshop.nu	1
UpCloud Ltd	kleinwolterinkvastgoed.nu	1
ACTIVE 24, s.r.o.	nib.nu	1
surver.nl	dipp.nu	1
AMAZON-02	neukertjes.nu	1
1984.is	Proton AG	1
ACTIVE 24, s.r.o.	pumpa.nu	1
The Internet Engineering Group B.V.	arien-jan.nu	1
loopia.se	semtex.nu	1
CLOUDFLARENET	bytecode.nu	1
DIGITALOCEAN-ASN	innoventa.nu	1
awsdns-13.com	AMAZON-02	1
ports.se	casinopro.nu	1
Signet B.V.	foodhub.nu	1
Serverius Holding B.V.	routerboard.nu	1
DIGITALOCEAN-ASN	docent.nu	1
Signet B.V.	vpo.nl	3
ACTIVE 24, s.r.o.	uddared.nu	1
axc.nl	joep.nu	1
Signet B.V.	ledlampen.nu	1
CLOUDFLARENET	palette.se	1
dns2go.be	it2go.eu	1
Yelles AB	vr.nu	1
budgetfastserver.nl	hoekman.nu	1
cloudns.net	eenandergeluid.nu	1
UKDedicated LTD	frimarken.nu	1
ne.jp	triangle.nu	1
ACTIVE 24, s.r.o.	divan.nu	1
One.com A/S	kret.nu	1
exonet.nl	lubron.nu	1
hostnet.nl	ibeleggen.nu	1
ACTIVE 24, s.r.o.	poolservice.nu	1
ACTIVE 24, s.r.o.	kurvinen.nu	1
loopia.se	herrang.nu	1
ACTIVE 24, s.r.o.	christoffersson.nu	1
Yelles AB	moonserver.nu	1
Yelles AB	hingst.nu	1
SERVERSTACK-ASN	legalporn.nu	1
LIQUIDWEB	greko.nu	1
ariso.se	MICROSOFT-CORP-MSN-AS-BLOCK	2
thednscompany.com	mooijwerkt.nl	1
ACTIVE 24, s.r.o.	myip.nu	1
ACTIVE 24, s.r.o.	derwinger.nu	1
GleSYS AB	unico.nu	1
take-it-over.nl	MICROSOFT-CORP-MSN-AS-BLOCK	1
CLOUDFLARENET	wagonhill.nu	1
e-studio.dk	xn--tandlgen-n0a.nu	1
Signet B.V.	trans-mission.nu	1
Yelles AB	hannele.nu	1
neostrada.nl	niftrik.nu	1
ACTIVE 24, s.r.o.	dermocracy.nu	1
interwijs.nl	woonin.nu	1
Duocast B.V.	blogging.nu	1
dnsnode.net	esecurity.nu	1
Signet B.V.	tours-tickets.nu	1
CLOUDFLARENET	annuska.nu	1
DIGITALOCEAN-ASN	justflow.nu	1
ACTIVE 24, s.r.o.	spraka.nu	1
Signet B.V.	humaine.nu	1
GleSYS AB	niel.nu	1
dn-s.nl	levensgenieter.nu	1
team.blue Denmark A/S	mailfirewall.nu	1
CLOUDFLARENET	dackonline.nu	1
team.blue Denmark A/S	terrasse.nu	1
ACTIVE 24, s.r.o.	eurocable.nu	1
one.com	djohnnorth.nu	1
heuvelingdns.nl	dakdekker.nu	1
DIGITALOCEAN-ASN	lobos.nu	1
meganameservers.eu	GOOGLE	2
NSONE	Fastmail Pty Ltd	1
ACTIVE 24, s.r.o.	zebradans.nu	1
ACTIVE 24, s.r.o.	ipracraft.nu	1
Signet B.V.	eiwitshakes.nu	1
ACTIVE 24, s.r.o.	kvamme.nu	1
hix.nl	ongestoord.nu	1
Yelles AB	viareds.nu	1
hostnet.nl	libema.nu	1
Signet B.V.	ademin.nu	1
webhostinghub.com	cryptokennis.nu	1
centos.nu	centos.nu	1
ACTIVE 24, s.r.o.	active24.eu	1
dn-s.nl	bitcoineuro.nu	1
Signet B.V.	dewebsiteconcurrent.nu	1
Yelles AB	psykoanalyse.nu	1
CLDIN B.V.	digitaleradio.nu	1
CLDIN B.V.	hetglansgarantplan.nu	1
zoneedit.com	solver.nu	1
Yelles AB	hostiq.nu	1
CLOUDFLARENET	moor.nu	1
ACTIVE 24, s.r.o.	olofgors.nu	1
incito.eu	MICROSOFT-CORP-MSN-AS-BLOCK	1
ACTIVE 24, s.r.o.	active24.cz	2
Iver Norge As	MICROSOFT-CORP-MSN-AS-BLOCK	1
ballou.se	newseed.se	1
Signet B.V.	stadvanmorgen.nu	1
CLOUDFLARENET	csr.nu	1
Yelles AB	alexandria.nu	1
Signet B.V.	pylon.nu	1
ek-media.nl	d21.nu	1
Yelles AB	el-kompaniet.nu	1
Yelles AB	costarica.nu	1
Yelles AB	playmaker.nu	1
Yelles AB	wall2wall.nu	1
mijn.host	topconinstruments.nu	1
MICROSOFT-CORP-MSN-AS-BLOCK	asthosting.nl	2
One.com A/S	erfgoed.nu	1
asok.de	GOOGLE	1
Signet B.V.	xcams.nu	1
Cygrids Communications AB	truckuthyrning.nu	1
managed-vps.net	boostlab.nu	1
atom86 BV	flexplex.nu	1
Yelles AB	marlenes.nu	1
Yelles AB	davidg.nu	1
CLOUDFLARENET	bertilcasino.nu	1
LIQUIDWEB	rust.nu	1
ACTIVE 24, s.r.o.	leenders.nu	2
Yelles AB	casinoaffiliate.nu	1
gse.nl	MICROSOFT-CORP-MSN-AS-BLOCK	2
loopia.se	tallstig.se	1
CLOUDFLARENET	caballero.nu	1
OVH SAS	menger.nu	1
ACTIVE 24, s.r.o.	kappe.nu	1
Stichting DIGI NL	Stichting DIGI NL	1
Signet B.V.	zaden.nu	1
Yelles AB	ansiktsyoga.nu	1
axc.nl	energielabeling.nu	1
Signet B.V.	gewoonschoon.nu	1
CLOUDFLARENET	bloominginnovations.nu	1
GleSYS AB	supportia.se	1
ACTIVE 24, s.r.o.	xn--elverknslig-q8a3u.nu	1
DIGITALOCEAN-ASN	jullie.nu	1
shields.nu	shields.nu	1
Signet B.V.	roscom.nu	1
AS-VULTR	pikachu.nu	1
nativein.me	nativein.me	1
Signet B.V.	bruidsfotograaf.nu	1
Yelles AB	vinterforvaring.nu	1
loopia.se	hobbyhotellet.se	1
CLOUDFLARENET	mailcontrol.com	1
ACTIVE 24, s.r.o.	wallon.nu	1
webruimtehosting.nl	puurnatuur.nu	1
ACTIVE 24, s.r.o.	ljudisolering.nu	1
slb.nu	slb.nu	1
Yelles AB	cybex.nu	1
ACTIVE 24, s.r.o.	wendels.nu	1
loopia.se	frd.net	1
DIGICERT	blinka.nu	1
GleSYS AB	fare.nu	1
erikswebbservice.com	cloudhosting.uk	1
ACTIVE 24, s.r.o.	shapelipo.nu	1
Signet B.V.	teleshopper.nu	1
ipcom GmbH	consilium.nu	1
ACTIVE 24, s.r.o.	trillingbygg.nu	1
cloudns.net	mijnstemtelt.nu	1
GOOGLE	Hostek AB	3
Signet B.V.	ikonderneemhet.nu	1
manetti-ict.nl	MICROSOFT-CORP-MSN-AS-BLOCK	2
ACTIVE 24, s.r.o.	nylunds.nu	1
ACTIVE 24, s.r.o.	dunmar.nu	1
justit.ax	MICROSOFT-CORP-MSN-AS-BLOCK	1
ipcom GmbH	luna.net	1
jens-ict.nl	ronnie.nu	1
CLOUDFLARENET	straatmaker.nu	1
CLOUDFLARENET	beteendeanalysgruppen.nu	1
ACTIVE 24, s.r.o.	barakat.nu	1
Signet B.V.	waarborg.nu	1
ipcom GmbH	nameisp.info	4
nearlyfreespeech.net	Fastmail Pty Ltd	2
Signet B.V.	themaxz.nu	1
cloud86.nl	repareren.nu	1
Vaggeryds Energi AB	ODERLAND Webbhotell AB	1
ipcom GmbH	allanthya.net	1
ACTIVE 24, s.r.o.	norslund.nu	1
Signet B.V.	dou.nu	1
LIQUIDWEB	kinna.nu	1
danaweb.org	danaweb.org	1
loeihard.com	Vianova S.p.A	1
ACTIVE 24, s.r.o.	mcprivatistennorrkoping.nu	1
wpserver.pro	server.eu	1
Yelles AB	ljusframtid.nu	1
mildmedia.se	moblera.nu	1
AS-VULTR	xcellent.nu	1
DIGITALOCEAN-ASN	supportme.nu	1
CLOUDFLARENET	friluft.nu	1
rg19.nu	MICROSOFT-CORP-MSN-AS-BLOCK	1
hostingindustries.nl	designkeuken.nu	1
Fundaments B.V.	123huis.nu	1
Yelles AB	eneroth.nu	1
hosted.nl	bimbi.nu	1
Hetzner Online GmbH	sexhub.nu	1
Signet B.V.	deal.nu	1
Miss Hosting AB	energifokus.nu	1
CLOUDFLARENET	elastocon.nu	1
loopia.se	drifta.nu	1
ACTIVE 24, s.r.o.	livsstilsbolaget.nu	1
Signet B.V.	samenvoorzienend.nu	1
Uniserver Internet B.V.	ipov.nu	1
intellisoft-dns.nl	stoom.nu	1
BIT BV	ictr.nu	1
ACTIVE 24, s.r.o.	dopingjouren.nu	1
GOOGLE	balansinbeweging.nu	1
BIT BV	curis.nu	1
LIQUIDWEB	suziq.nu	1
Yelles AB	uppenberg.nu	1
keurigonline71.nl	youandai.nu	1
ne.jp	tochiro.nu	1
CLOUDFLARENET	visitcanada.nu	1
ACTIVE 24, s.r.o.	riskanalys.nu	1
gullestrupnet.dk	bjarnholt.nu	1
CLOUDFLARENET	spahotell.nu	1
Yelles AB	xn--bstcasinobonus-5hb.nu	1
DIGITALOCEAN-ASN	mensink.nu	1
danaweb.org	sportsefterskole.nu	1
Signet B.V.	stoepje.nu	1
mijndnsserver.nl	brocantemarkt.nu	1
Yelles AB	lunchavesta.nu	1
CLOUDFLARENET	lazrak.nu	1
ipower.com	nichols.nu	1
Infopact Netwerkdiensten B.V.	ru-n.nu	1
ropit.nl	smets.nu	1
Yelles AB	auktionera.nu	1
nordic.hosting	rosland.nu	1
ports.se	akvarie.se	1
hostnet.nl	CLDIN B.V.	1
One.com A/S	loslaten.nu	1
Signet B.V.	fekahost.nl	1
One.com A/S	timelink.nu	1
inver.se	spindeln.nu	1
Admax AB	dmz.nu	1
Yelles AB	casinoguides.nu	1
ACTIVE 24, s.r.o.	smac.nu	1
Uniserver Internet B.V.	pakjetalentuit.nu	1
The Internet Engineering Group B.V.	waarde.nu	1
Signet B.V.	onzeauto.nu	1
OVH SAS	tow.nu	1
mijn.host	drogeogenkliniek.nu	1
Yelles AB	shop365.nu	1
caveo.nl	itopleiding.nu	1
One.com A/S	bekleed.nu	1
webhostingserver.nl	lactatiekundige.nu	1
Eurofiber Cloud Infra B.V.	geza.nu	1
ACTIVE 24, s.r.o.	langberget.nu	1
LIQUIDWEB	dygnetrunt.nu	1
CLOUDFLARENET	strandvillan.nu	1
Signet B.V.	q-cyber.nu	1
oderland.com	foodflow.nu	1
dnsnode.net	mx.microsoft	1
Yelles AB	leasingelbil.nu	1
Signet B.V.	zorgopdracht.nu	1
sohosted44.com	CLDIN B.V.	1
nsgroups.it	CLOUDFLARENET	2
AUTOMATTIC	ZOHO Corporation B.V	1
dominoevers.dk	gurls.nu	1
Miss Hosting AB	QUICKPACKET	3
hith.nl	leefjetalent.nu	1
dn-s.nl	basiqdental.nu	1
magicservices.nl	digitalintelligence.nu	1
CLOUDFLARENET	technoir.nu	1
dastexdata.com	vanrijsbergen.nu	1
CLOUDFLARENET	maaltijdbezorging.nu	1
pin.se	neurologi.nu	1
Signet B.V.	personalgoalsetting.nu	1
ACTIVE 24, s.r.o.	dragkrokar.nu	1
Signet B.V.	bronvanwaarde.nu	1
Signet B.V.	gummysmile.nu	1
LIQUIDWEB	energisystem.nu	1
DIGITALOCEAN-ASN	parkflat.nu	1
Signet B.V.	hwf.nu	1
NUCDN	atlantica.se	1
mijn.host	Soverin B.V.	1
CLDIN B.V.	verbaan.nu	1
Signet B.V.	stofzuigerzak.nu	1
anycastclouds.com	jka.nu	1
CLOUDFLARENET	doorhandleshop.nu	1
hostgator.com	mvp.nu	1
Telia Company AB	granlund.nu	1
LIQUIDWEB	ergonomics.nu	1
CLOUDFLARENET	pohjola.nu	1
CLOUDFLARENET	ruhl.nu	1
onzewebserver.nl	xynta.nu	1
Yelles AB	toi.nu	1
CLOUDFLARENET	erf.nu	1
DIGITALOCEAN-ASN	puurvlees.nu	1
ACTIVE 24, s.r.o.	bolinder.nu	1
eurovps.com	godman.nu	1
esmero.nl	falise.nu	1
ports.se	dustcontrol.nu	1
CLOUDFLARENET	boma.nu	1
Yelles AB	danshuset.nu	1
Trans-iX B.V.	ideasharing.nu	1
Signet B.V.	aifuture.nu	1
ACTIVE 24, s.r.o.	artglass.nu	1
Signet B.V.	mhit.nu	1
Yelles AB	fredegard.nu	1
UKDedicated LTD	rinman.nu	1
AUTOMATTIC	residens.nu	1
Signet B.V.	zoalsaltijd.nu	1
The Internet Engineering Group B.V.	spelenonline.nu	1
LeaseWeb Netherlands B.V.	golfvakanties.nu	1
CLOUDFLARENET	kovoks.nl	1
OVH SAS	bergaf.nu	1
LIQUIDWEB	kettner.nu	1
ipcom GmbH	webspace.bz	3
Contabo GmbH	freshsocial.nu	1
awsdns-17.org	SECURITYSERVICES	1
Cygrids Communications AB	395.nu	1
ACTIVE 24, s.r.o.	ullis.nu	1
Hetzner Online GmbH	biolex.nu	1
Signet B.V.	wnu.nu	1
Signet B.V.	visionkonnect.nu	1
CLOUDFLARENET	kerstgeschenk.nu	1
LIQUIDWEB	bergstrand.nu	1
ACTIVE 24, s.r.o.	wadmanconsulting.nu	1
Yelles AB	peppar.nu	1
Miss Hosting AB	storan.nu	1
Yelles AB	varmepumpservice.nu	1
GleSYS AB	wikman.nu	1
Yelles AB	floden.nu	1
ACTIVE 24, s.r.o.	toffes.nu	1
SECURITYSERVICES	activeisp.com	1
team.blue Denmark A/S	hosteddesktop.nu	1
ACTIVE 24, s.r.o.	nordwest.nu	1
GleSYS AB	certain.nu	1
shockmedia.nl	puurzuid.nu	1
Yelles AB	korgen.nu	1
hyp.net	Hostek AB	3
SECURITYSERVICES	CSC	2
GleSYS AB	starfish.nu	1
ACTIVE 24, s.r.o.	projectmanagementgroup.nu	1
introweb.nl	iziwonen.nu	1
Duocast B.V.	muilwijk.nu	1
cloud86.nl	rebuilders.nu	1
egensajt.se	interplay.nu	1
DIGITALOCEAN-ASN	hooghalen.nu	1
Signet B.V.	dootall.com	1
ACTIVE 24, s.r.o.	inblickmedia.nu	1
serverange.net	koala.nu	1
ACTIVE 24, s.r.o.	nenzen.nu	1
hostnet.nl	freelancenet.nu	1
GOOGLE	klok.nu	1
Yelles AB	sjotransporter.nu	1
Miss Hosting AB	risotto.nu	1
CLOUDFLARENET	doorendoor.nu	1
neostrada.nl	mindworks.nu	1
Signet B.V.	huidverzorging.nu	1
knap-hosting.nl	GOOGLE	1
ACTIVE 24, s.r.o.	susanne.nu	1
arrowdns.nl	GOOGLE-CLOUD-PLATFORM	1
MICROSOFT-CORP-MSN-AS-BLOCK	sikkermail.nu	1
Signet B.V.	expertslive.nu	1
ACTIVE 24, s.r.o.	rising.nu	1
caveo.nl	caveo.nl	1
Yelles AB	flockdesign.nu	1
hostgator.com	breezy.nu	1
LIQUIDWEB	video.nu	1
Uniserver Internet B.V.	beingthelight.nu	1
Signet B.V.	phoneworld.nu	1
kreativmedia.ch	pam.nu	1
markmonitor.com	tyrkiskpeber.nu	1
The Internet Engineering Group B.V.	gamblingonline.nu	1
halvar.cloud	Proton AG	1
checkdomain.de	prezerosweden.nu	1
newdream.nl	maakmuziek.nu	1
ACTIVE 24, s.r.o.	tef.nu	1
hosit.dk	MICROSOFT-CORP-MSN-AS-BLOCK	1
ACTIVE 24, s.r.o.	arrakoutdoor.nu	1
cloud86.nl	rijvaardig.nu	1
ACTIVE 24, s.r.o.	psykiatri.nu	1
One.com A/S	bonjaskyacademy.nu	1
ruegenprovider.de	ruegen.nu	1
Yelles AB	xn--casinoutaninsttning-swb.nu	1
i-trade.nl	onlinespamfilter.com	1
Yelles AB	poolinfo.nu	1
Signet B.V.	invisalignbeugels.nu	1
Telenor Norge AS	byggforetagstockholm.nu	1
Duocast B.V.	liveforlife.nu	1
colokoe.net	colokoe.net	1
hix.nl	navigatieshop.nu	1
CLOUDFLARENET	747capital.nu	1
loopia.se	apa.nu	1
beursstraat.nl	jaarsmadeboer.nl	1
CLOUDFLARENET	intenet.se	1
Signet B.V.	zenlifestyle.nu	1
gotoweb.nl	MICROSOFT-CORP-MSN-AS-BLOCK	1
adminor.net	toccata.nu	1
Signet B.V.	oldcapital.nu	1
CLOUDFLARENET	registrar.eu	1
Cygrids Communications AB	champing.nu	1
Yelles AB	turkiet.nu	1
GleSYS AB	skunkworks.nu	1
Signet B.V.	horoscoopantwoorden.nu	1
CLOUDFLARENET	ruimteregelen.nu	1
ipcom GmbH	maleristockholm.nu	1
atom86 BV	dewaard.nu	1
dn-s.nl	sparerib.nu	1
Signet B.V.	goedkoopautohuren.nu	1
axc.nl	dronten.nu	1
dn-s.nl	natuurmuseumfryslan.nu	1
hcdns.nl	grafmonumenten.nu	1
ACTIVE 24, s.r.o.	sjodin.nu	1
matreondns.net	yogaflow.nu	1
dn-s.nl	alconsaudio.nu	1
Host Europe GmbH	hks.nu	1
LEVEL3	reklam.nu	1
quoservers.fi	suntop.nu	1
Yelles AB	alloflife.nu	1
GOOGLE	businessarena.nu	1
webhosted.net	renoveer.nu	1
ferytaleshosting1.com	brunssum.nu	1
Signet B.V.	wdr.nu	1
Signet B.V.	kovoks.nl	1
ACTIVE 24, s.r.o.	perfectbeautysverige.nu	1
Signet B.V.	gratischat.nu	1
cloud86.nl	protektor.nu	1
cybox.eu	MICROSOFT-CORP-MSN-AS-BLOCK	2
Yelles AB	sportsphysio.nu	1
Miss Hosting AB	divas.nu	1
Yelles AB	klimatshopen.nu	1
ACTIVE 24, s.r.o.	helmer.nu	1
Hetzner Online GmbH	billig-bredbaand.nu	1
netcup GmbH	netcup.net	1
hix.nl	super-stream-discounter.nu	1
interlan.se	virus112.com	1
pro.dk	pro.dk	1
robiz-hosting.nl	wecomsol.nl	1
ACTIVE 24, s.r.o.	hernqvist.nu	1
firemultimedia.eu	organicshop.nu	1
The Internet Engineering Group B.V.	aquarunner.nu	1
Signet B.V.	xoek.nu	1
exsilia.net	augusto.nu	1
loopia.se	iplace.se	1
ACTIVE 24, s.r.o.	staty.nu	1
DIGITALOCEAN-ASN	wrhg.nl	1
excanto.net	karolinskadevelopment.nu	1
SURF B.V.	net.je	1
ns14.net	uberspace.de	1
DIGITALOCEAN-ASN	detechniekinnederland.nu	1
digizaal.net	kabouters.nu	1
ACTIVE 24, s.r.o.	kiropraktorn.nu	1
GOOGLE	Webbkonsulterna i Jamtland AB	3
CLDIN B.V.	kotug-smit.nu	1
vest.net	vest.net	1
DIGITALOCEAN-ASN	averesch.nu	1
smallhold-hosting.nl	dogmeat.nu	1
BIT BV	youngcreators.nu	1
Signet B.V.	houseofdeepdemocracy.nu	1
CLOUDFLARENET	efw.nu	1
LeaseWeb Netherlands B.V.	warentuin.nu	1
ilait.se	Loopia AB	2
Eurofiber Cloud Infra B.V.	waterstofcvketel.nu	1
GleSYS AB	galants.nu	1
Signet B.V.	presentatietraining.nu	1
Hetzner Online GmbH	smartere.nu	1
Signet B.V.	leiden.nu	1
whats-it.eu	MICROSOFT-CORP-MSN-AS-BLOCK	1
Signet B.V.	cryptonieuws.nu	1
CLDIN B.V.	cleverstrategy.nu	1
CLOUDFLARENET	noexcuse.nu	1
Signet B.V.	triplinq.com	1
hyp.net	risikostyring.nu	1
Signet B.V.	officespecialisten.it	1
tolo.nu	tolo.nu	1
Signet B.V.	pinkeltje.nu	1
neostrada.nl	cherif.nu	1
PRIVATESYSTEMS	oubliette.nu	1
Duocast B.V.	weblog.nu	1
CLOUDFLARENET	free-flow.nu	1
Yelles AB	jackpotkasino.nu	1
pt38sy-lwsites.com	daytrading.nu	1
Signet B.V.	holidayrentals.nu	1
co.uk	pete.nu	1
procolix.eu	protagio.nl	1
Signet B.V.	sameday.nu	1
btcconsultancy.nl	routit.net	1
Yelles AB	katt.nu	1
Yelles AB	stream.nu	1
Signet B.V.	corpuslife.nu	1
Cygrids Communications AB	houserent.nu	1
ACTIVE 24, s.r.o.	antikvarien.nu	1
ilait.se	levonline.com	1
Yelles AB	nudist.nu	1
Yelles AB	lenanilsson.nu	1
OVH SAS	pots.nu	1
Yelles AB	shortn.nu	1
dn-s.nl	cachet.nu	1
kgvastgoed.nl	GOOGLE	1
CLDIN B.V.	yordata.nl	1
satdesign.nl	zess.nu	1
bhosted.nl	Fastmail Pty Ltd	1
Signet B.V.	golf-experience.nu	1
Signet B.V.	batterij.nu	1
NUCDN	beijerbygg.nu	1
nexthost.eu	bodegraven.nu	1
ACTIVE 24, s.r.o.	lvifrance.nu	1
Signet B.V.	ouderenkindzorg.nu	1
ACTIVE 24, s.r.o.	klaar.nu	1
Yelles AB	teaterk.nu	1
Signet B.V.	beautyboutique.nu	1
kserv.se	Telenor Norge AS	3
ACTIVE 24, s.r.o.	rebwar.nu	1
hostingcp.eu	internetvergelijken.nu	1
ACTIVE 24, s.r.o.	atenga.nu	1
Yelles AB	projektledarutbildning.nu	1
Signet B.V.	moov.nu	1
ACTIVE 24, s.r.o.	blomsterbudet.nu	1
Signet B.V.	megg.nu	1
deepmedia.nl	MICROSOFT-CORP-MSN-AS-BLOCK	1
chosting.dk	babyro.nu	1
AMAZON-02	clubamarone.nu	1
toptip.info	bernhard.nu	1
Miss Hosting AB	diabolical.nu	1
CLOUDFLARENET	netevenanders.nu	1
The Internet Engineering Group B.V.	awebhosting.nl	1
iptwins.com	te-dns.net	2
NUCDN	hef.dk	1
Hetzner Online GmbH	wwi.dk	1
esselink.nu	esselink.nu	1
Yelles AB	sxo.nu	1
main-hosting.eu	gaudete.nu	1
triple.nl	thornycroft.nu	1
ACTIVE 24, s.r.o.	kognitiva.nu	1
CLOUDFLARENET	klantenkopen.nu	1
CLOUDFLARENET	foodtrucks.nu	1
acknowledge.nl	time-out.net	1
webb.net	Cloudflare London, LLC	1
dn-s.nl	dochtervandeaarde.nu	1
ACTIVE 24, s.r.o.	zynatic.nu	1
inmotionhosting.com	lyrics.nu	1
CLDIN B.V.	klicon.nl	1
Yelles AB	assistansguiden.nu	1
CLOUDFLARENET	volleyboll.nu	1
team.blue Denmark A/S	shopconcept.nu	1
CLOUDFLARENET	3care.nu	1
n62.se	MICROSOFT-CORP-MSN-AS-BLOCK	1
CLOUDFLARENET	xn--bstantcasino-gcbe.nu	1
surver.nl	MICROSOFT-CORP-MSN-AS-BLOCK	2
hosted.nl	duiken.nu	1
Serverius Holding B.V.	chatten.nu	1
CLDIN B.V.	platdak.nu	1
arrowdns.nl	MICROSOFT-CORP-MSN-AS-BLOCK	2
Uniserver Internet B.V.	start-go.nu	1
OVH SAS	slussen.nu	1
DIGITALOCEAN-ASN	montenaturista.nu	1
LEVEL3	greenland.nu	1
o.nu	o.nu	1
GleSYS AB	akerblom.nu	1
One.com A/S	vlinders.nu	1
Yelles AB	wallengren.nu	1
domeinnaam-systeem.nl	taxus.nu	1
CLOUDFLARENET	hdwallpaper.nu	1
ACTIVE 24, s.r.o.	bellcasino.nu	1
waspin.com	interovo.nu	1
Miss Hosting AB	munt.nu	1
Hetzner Online GmbH	Blix Solutions AS	1
ACTIVE 24, s.r.o.	heidrun.nu	1
Signet B.V.	accountancyvacatures.nu	1
dbi.nu	GOOGLE	1
glidecom.net	Hostek AB	1
Cygrids Communications AB	midas.nu	1
One.com A/S	ZOHO Corporation B.V	1
cloud86.nl	minding.nu	1
CLOUDFLARENET	ricos.nu	1
CLDIN B.V.	wegter.nu	1
GleSYS AB	niemis.nu	1
CLOUDFLARENET	xn--badrumsrenoveringume-g0b.nu	1
computerbewaking.nl	balanceyourlife.nu	1
loopia.se	storavall.nu	1
Yelles AB	goaliestraps.nu	1
ACTIVE 24, s.r.o.	creativecloud.nu	1
team.blue Denmark A/S	check-out.nu	1
ventiro.se	MICROSOFT-CORP-MSN-AS-BLOCK	1
infrapod.nl	salesvacatures.nu	1
Bahnhof AB	pumpat.nu	1
BIT BV	kwee.nu	1
neostrada.nl	pphosted.com	1
ACTIVE 24, s.r.o.	valaro.nu	1
ACTIVE 24, s.r.o.	teknikum.nu	1
ucs.se	ucs.se	1
binarygrid.net	knake.nu	1
cloud86.nl	tique.nu	1
CLOUDFLARENET	hostingdex.com	1
ACTIVE 24, s.r.o.	ombrebrows.nu	1
One.com A/S	live-stream.nu	1
nixihost.com	tifa.nu	1
cloud86.nl	intimiteit.nu	1
ACTIVE 24, s.r.o.	disorder.nu	1
designbase-server2.nl	swr.nu	1
Intention B.V.	de-inloopcast.nu	1
ACTIVE 24, s.r.o.	timetjek.nu	1
cloud86.nl	splendid.nu	1
oscarnet.se	antti.nu	1
Contabo GmbH	trailpass.nu	1
CLOUDFLARENET	handschrift.nu	1
ACTIVE 24, s.r.o.	cityror.nu	1
ACTIVE 24, s.r.o.	engberg.nu	1
Yelles AB	larmgiganten.nu	1
DIGITALOCEAN-ASN	voorwaarheid.nu	1
CLOUDFLARENET	gransbo.nu	1
Signet B.V.	3memes.nu	1
itgarden.se	collabserv.com	1
ACTIVE 24, s.r.o.	abstrakt.nu	1
GOOGLE	centimeter.nu	1
CLOUDFLARENET	autohex.nu	1
oderland.com	cu29.nu	1
widhost.net	widestore.net	1
rimuhosting.com	lobster.nu	2
ACTIVE 24, s.r.o.	javital.nu	1
Hetzner Online GmbH	cs2.nu	1
ACTIVE 24, s.r.o.	marindelar.nu	1
ipcom GmbH	cloudkantoor.online	1
aspage.nl	vcu.nu	1
webhostingserver.nl	landen.nu	1
loopia.se	co-service.site	1
Miss Hosting AB	theatre.nu	1
CLOUDFLARENET	kungsholmenskiropraktik.nu	1
Signet B.V.	rotterdam.nu	1
clarq.agency	clarq.agency	1
cloudns.net	rsh.nl	1
mijndnsserver.nl	dwm.nu	1
Signet B.V.	hydrogenpoweredsolutions.nu	1
dream-hosting.net	GOOGLE	1
Uniserver Internet B.V.	ijskar.nu	1
DIGITALOCEAN-ASN	beautybybritt.nu	1
Cloud DNS Ltd	explosief.nu	1
Duocast B.V.	pantum.nu	1
TrueFullstaq B.V.	stalinrichting.nu	1
CLOUDFLARENET	eyeopener.nu	1
GleSYS AB	hjorthagen.nu	1
ACTIVE 24, s.r.o.	korkortspoddenstr.nu	1
Yelles AB	movies.nu	1
quickhost.nl	augustijn.nu	1
ACTIVE 24, s.r.o.	teammarketing.nu	1
CLOUDFLARENET	databased.nu	1
ACTIVE 24, s.r.o.	rockabilly.nu	1
Yelles AB	zifra.nu	1
kindbergs.nu	kindbergs.nu	1
CLDIN B.V.	approximo.nu	1
d-server.nl	wattedoen.nu	1
Signet B.V.	begeleider.nu	1
ACTIVE 24, s.r.o.	backebo.nu	1
CLOUDFLARENET	schadebemiddeling.nu	1
neostrada.nl	nieuwvliet.nu	1
ACTIVE 24, s.r.o.	informer.nu	1
myprovider.com	MICROSOFT-CORP-MSN-AS-BLOCK	1
loopia.se	Datacamp Limited	1
CJ2 Hosting B.V.	finster.nu	1
CLOUDFLARENET	inleven.nu	1
Hetzner Online GmbH	deverademing.nu	1
GleSYS AB	genuina.nu	1
Signet B.V.	dehemel.nu	1
Signet B.V.	leaseadmin.nu	1
vBoxx B.V.	slotenmaker-denhaag.nu	1
cloud86.nl	haarzuilens.nu	1
CLOUDFLARENET	kristinehamnsenergi.nu	1
flevohost.nl	speelkwartier.nu	1
mydns.jp	sakanoue.nu	1
Signet B.V.	sattningskartan.nu	1
Yelles AB	schafer.nu	1
cloudhighway.be	cloudemail.be	1
Miss Hosting AB	bodycheck.nu	1
Yelles AB	halde.nu	1
classicweb.com	classicweb.com	1
Cygrids Communications AB	mss.nu	1
nmugroup.com	Hostek AB	2
Signet B.V.	golfexperience.nu	1
CLOUDFLARENET	bildsprak.nu	1
Signet B.V.	electromind.nu	1
cloud86.nl	zzpwebsite.nu	1
Stichting DIGI NL	koo.nu	1
LIQUIDWEB	furin.nu	1
CLDIN B.V.	satorholding.com	1
ACTIVE 24, s.r.o.	saaf.nu	1
ACTIVE 24, s.r.o.	lisanilsson.nu	1
CLOUDFLARENET	shelter.nu	1
eif.nu	eif.nu	1
dn-s.nl	vdx.nu	1
CLOUDFLARENET	yobe.nu	1
CJ2 Hosting B.V.	projectbouw.nu	1
GOOGLE	LeaseWeb Netherlands B.V.	1
Signet B.V.	subsidiehulp.nu	1
Yelles AB	brage.nu	1
Serverius Holding B.V.	codeq.nu	1
btdns.nl	werkenbijgrando.nu	1
DIGITALOCEAN-ASN	winwin.nu	1
Contabo GmbH	rondjewandelen.nu	1
Signet B.V.	happibox.nu	1
e-studio.dk	daihatsu.nu	1
itsynergy.nl	livent.nu	1
NUCDN	Fastmail Pty Ltd	1
Communications Security Net B.V.	zelfzeker.nu	1
neostrada.nl	swirls.nu	1
ipcom GmbH	solutive.nl	1
GlobalConnect AB	suax.nu	1
axc.nl	ozzies.nu	1
Yelles AB	bjornlarsson.nu	1
CLOUDFLARENET	starknutrition.nu	1
ACTIVE 24, s.r.o.	ujjk.nu	1
One.com A/S	keser.nu	1
CLOUDFLARENET	elev8.nu	1
DIGITALOCEAN-ASN	merx.nu	1
ports.se	xn--sdra-lvstranden-4kb51a.nu	1
cloud86.nl	benjebewust.nu	1
loopia.se	stepout.nu	1
Xserver Inc.	nuko.nu	1
dnszones.be	tulp-hypotheken.nu	1
Miss Hosting AB	antigone.nu	1
wphostdns.nl	MICROSOFT-CORP-MSN-AS-BLOCK	1
mail.ru	mail.ru	1
Infopact Netwerkdiensten B.V.	zona.nu	1
ACTIVE 24, s.r.o.	advetax.nu	1
One.com A/S	koens.nu	1
controlepaneel.net	opditmoment.nu	1
yourdomainprovider.net	praamzeilen.nu	1
smallhold-hosting-2.nl	vanuitkracht.nl	1
one.com	hostingdk.net	1
team.blue Denmark A/S	dadeco.nu	1
Infopact Netwerkdiensten B.V.	vanwillegen.nu	1
zon56.com	MICROSOFT-CORP-MSN-AS-BLOCK	1
quicklyserver.nl	tenerife.nu	1
hostingindustries.nl	keukenspecialist.nu	1
DIGITALOCEAN-ASN	winberg.nu	1
CLOUDFLARENET	krogar.nu	1
CLDIN B.V.	mtaroutes.com	1
GleSYS AB	konsultuppdrag.nu	1
mundofy.net	discoverdesign.nl	1
vivawebhost.com	ryo.nu	1
CLOUDFLARENET	svenskakasino.nu	1
CLOUDFLARENET	w.nu	1
Yelles AB	elon.nu	1
One.com A/S	colormanagement.nu	1
ACTIVE 24, s.r.o.	natanael.nu	1
cloud-01-ropesolutions.nl	sohoix.com	2
LIQUIDWEB	ZOHO Corporation B.V	1
Yelles AB	gym80.nu	1
AMAZON-02	dresen.nu	1
webbhuset.se	MICROSOFT-CORP-MSN-AS-BLOCK	1
direkte.no	bortevekk.nu	1
Yelles AB	tianstaxi.nu	1
instantxs.nl	bestelje.nu	1
kwaaijongens.eu	MICROSOFT-CORP-MSN-AS-BLOCK	1
Signet B.V.	verberne.nu	1
CLDIN B.V.	unitouch.nu	1
Yelles AB	konditor.nu	1
Combell NV	vacaturepagina.nu	1
One.com A/S	cenze.nu	1
UKDedicated LTD	ebok.nu	1
LIQUIDWEB	engelencursus.nl	1
snel.com	vanstreek.nu	1
radicenter.com	linna.nu	1
beursstraat.nl	kmp.nu	1
Yelles AB	vildablommor.nu	1
loopia.se	jewebbdesign.se	1
ACTIVE 24, s.r.o.	nordiskaklinikerna.nu	1
theserver.se	theserver.se	1
Signet B.V.	vipps.nu	1
Signet B.V.	inctrl.nu	1
Signet B.V.	centralpoint.cloud	1
on-rev.com	openkerk.nu	1
smartdns.se	antevia.nu	1
cloud86.nl	oomverzekeringen.nu	1
ACTIVE 24, s.r.o.	thunstrom.nu	1
Yelles AB	ture.nu	1
DIGITALOCEAN-ASN	witawell.nu	1
DIGICERT	195.29	1
CLOUDFLARENET	adm.nu	1
websita.nl	schipholtaxiservice.nu	1
ACTIVE 24, s.r.o.	nordigt.nu	1
oderland.com	tvabonnemang.nu	1
DIGITALOCEAN-ASN	ruimtevoorkunst.nu	1
Signet B.V.	eindtijd.nu	1
SECURITYSERVICES	SQUIXA PTY LIMITED	1
ACTIVE 24, s.r.o.	nat.nu	1
internl.net	mx.microsoft	1
anycastclouds.com	MICROSOFT-CORP-MSN-AS-BLOCK	1
81c0.org	OVH SAS	1
Signet B.V.	roboplus.nu	1
mild.cloud	hudikhem.nu	1
SECURITYSERVICES	Hoasted B.V.	1
CLOUDFLARENET	incense.nu	1
hix.nl	alarmsysteem.nu	1
thednscompany.com	hhts.nu	1
Signet B.V.	interimcfonodig.nu	1
LIQUIDWEB	move2bfit.nu	1
Yelles AB	fq.nu	1
Solcon Internetdiensten B.V.	actv8.nl	1
ACTIVE 24, s.r.o.	tiego.nu	1
CLOUDFLARENET	merkaba.nu	1
GleSYS AB	pompe.nu	1
GOOGLE	edwinbos.nu	1
Signet B.V.	totaalvuurwerk.nu	1
One.com A/S	agro-ecologie.nu	1
DIGITALOCEAN-ASN	pomloulou.nu	1
koping.se	koping.net	2
Yelles AB	hvaderklokken.nu	1
ACTIVE 24, s.r.o.	commonsense.nu	1
chosting.dk	helpsome.nu	1
hix.nl	super-domein-discounter.nu	1
CLDIN B.V.	tributeclothing.nu	1
speedydns.net	peerrope.nu	1
Signet B.V.	pmnpo.nu	1
Signet B.V.	intrapreneurs.nu	1
netzozeker.net	transmet.nu	1
CLOUDFLARENET	peterprint.nu	1
Signet B.V.	securebit.eu	2
MICROSOFT-CORP-MSN-AS-BLOCK	ontmoetmij.nu	1
Miss Hosting AB	balp.nu	1
oderland.com	managedserver.nu	1
hostnet.nl	totalmobile.nu	1
shockmedia.nl	vacuumvormen.nu	1
pp.se	pp.se	1
GlobalConnect AB	signsolution.nu	1
LIQUIDWEB	devolder.nu	1
One.com A/S	balkonbeglazing.nu	1
Miss Hosting AB	daka.nu	1
ACTIVE 24, s.r.o.	forema.nu	1
CLOUDFLARENET	locallegends.nu	1
AUTOMATTIC	GleSYS AB	1
Signet B.V.	regel.nu	1
Yelles AB	antiage.nu	1
terpstra.nu	terpstra.nu	1
CLOUDFLARENET	brynolf.nu	1
Eurofiber Cloud Infra B.V.	thetoren.nu	1
Signet B.V.	keukenvergelijking.nu	1
GleSYS AB	leden.nu	1
Signet B.V.	itsai.nu	1
CLOUDFLARENET	pmu.nu	1
GlobalConnect AB	fsn.nu	1
server274.com	blp.nu	1
DIGITALOCEAN-ASN	whatsnxt.nu	1
netvictory.net	leadstobusiness.nu	1
CLOUDFLARENET	sysimprove.dk	1
ACTIVE 24, s.r.o.	formge.nu	1
Yelles AB	oww.nu	1
team.blue Denmark A/S	tellerup.dk	1
Hetzner Online GmbH	haathaat.nu	1
CLOUDFLARENET	bjerkander.nu	1
ACTIVE 24, s.r.o.	lords.nu	1
The Internet Engineering Group B.V.	karlijn.nu	1
ACTIVE 24, s.r.o.	lagan.nu	1
DIGITALOCEAN-ASN	thegame.nu	1
CLOUDFLARENET	kegge.nu	1
Host Europe GmbH	kahoolawe.nu	1
Signet B.V.	acto.nu	1
cardsolutions.nl	iactive.nu	1
biruang.se	whitebear.se	1
european-server.com	Prolocation B.V.	1
CLOUDFLARENET	mediflow.nu	1
Hydra Communications Ltd	myh.nu	1
CLOUDFLARENET	teamsisufighting.nu	1
Previder B.V.	douglashout.nu	1
CLDIN B.V.	jobcenter.nu	1
one.com	skrid.nu	1
Signet B.V.	rov.nu	1
CLOUDFLARENET	wbab.nu	1
Yelles AB	frecon.nu	1
esselink.nu	praktijkonderwijs.nu	1
Cygrids Communications AB	fotvardsspecialisten.nu	1
CLOUDFLARENET	sportzi.nu	1
SECURITYSERVICES	Telia Company AB	3
OVH SAS	CLOUDFLARENET	1
GleSYS AB	numera.nu	1
ACTIVE 24, s.r.o.	gsh.nu	1
CLOUDFLARENET	comendosystems.com	1
Signet B.V.	massagerie.nu	1
triple-interactive.com	vandermeer.nu	1
Yelles AB	siffra.nu	1
Yelles AB	safwenberg.nu	1
Yelles AB	bjuhr.nu	1
Yelles AB	serverhotell.nu	1
forss.net	rapidgranulator.se	1
SECURITYSERVICES	AMAZON-02	1
Yelles AB	mentometer.nu	1
Yelles AB	linusandersson.nu	1
CLOUDFLARENET	winell.nu	1
Signet B.V.	spoedglas.nu	1
Yelles AB	richardjomshof.nu	1
shockmedia.nl	cft.nu	1
ACTIVE 24, s.r.o.	mcdowell.nu	1
DIGITALOCEAN-ASN	sportwebsite.nu	1
jeux.nu	jeux.nu	1
gamie.nu	gamie.nu	1
stric.nl	anonimiseren.nu	1
LIQUIDWEB	livetsmening.nu	1
ACTIVE 24, s.r.o.	residenset.nu	1
Signet B.V.	valaf.nu	1
dnrpro.nl	motoparts.nu	1
Signet B.V.	popperskopen.nu	1
CLDIN B.V.	spamcheck.eu	3
Netsite A/S	mailcluster.dk	1
CLDIN B.V.	ramsey.nu	1
ACTIVE 24, s.r.o.	seenthis.nu	1
CLOUDFLARENET	site4now.net	1
linode.com	rolfen.nu	1
NUCDN	eilish.nu	1
One.com A/S	gezondadvies.nu	1
Infopact Netwerkdiensten B.V.	kijkhier.nu	1
ACTIVE 24, s.r.o.	poppa.nu	1
NSONE	Greenhost BV	1
ACTIVE 24, s.r.o.	xn--vstershalkbana-5hbu.nu	1
CLOUDFLARENET	materiaalbeheer.nu	1
interlize.net	agropolis.nu	1
Yelles AB	musikfestival.nu	1
One.com A/S	pier.nu	1
ACTIVE 24, s.r.o.	nautika.nu	1
Signet B.V.	krijgsman.nu	1
Signet B.V.	bamboost.nu	1
AMAZON-02	sexpartner.nu	1
GleSYS AB	giang.nu	1
ACTIVE 24, s.r.o.	westvent.nu	1
regzone.cz	zoner.com	1
oderland.com	antroposofi.nu	1
Yelles AB	fastigheterna.nu	1
LIQUIDWEB	skarmflyg.nu	1
GleSYS AB	kerola.nu	1
Signet B.V.	3dhubs.nu	1
1and1-dns.biz	co.uk	1
Hetzner Online GmbH	wiil.nu	1
AMAZON-02	kastenopmaat.nu	1
The Internet Engineering Group B.V.	gratishosting.nu	1
ACTIVE 24, s.r.o.	lofa.nu	1
Uniserver Internet B.V.	yekko.nu	1
CLOUDFLARENET	majaslyktor.nu	1
CLDIN B.V.	mosselpedia.nu	1
DIGITALOCEAN-ASN	tjp.nu	1
limetree.nu	skincenter.nu	1
ACTIVE 24, s.r.o.	pal.nu	1
hostwhitelabel.com	whimsical.nu	1
CLOUDFLARENET	pronet.se	1
Yelles AB	woo.nu	1
ACTIVE 24, s.r.o.	bvf.nu	1
nxtlvl-it.nl	gett.nl	2
Signet B.V.	mobilane.nu	1
ACTIVE 24, s.r.o.	rmsab.nu	1
Serverius Holding B.V.	sexkontakter.nu	1
hosting2go.nl	goudenformule.nu	1
axc.nl	zegelringen.nu	1
qsite.nl	qsite.eu	1
DIGITALOCEAN-ASN	paralel.nu	1
dn-s.nl	spango.nu	1
CLOUDFLARENET	bilimport.nu	1
Signet B.V.	schwalbe.nu	1
Yelles AB	sexigaunderklader.nu	1
OVH SAS	brandbusters.nu	1
netlife.no	netlife.no	1
LeaseWeb Netherlands B.V.	art-works.nu	1
atom86 BV	Heinlein-Support GmbH	1
Yelles AB	doula.nu	1
Signet B.V.	accensys.nl	1
Trans-iX B.V.	vuurvrouwmetveerkracht.nu	1
Signet B.V.	kookartikelen.nu	1
pmnet-dns.net	stoit.nu	1
netsons.net	prelude.nu	1
timeforit.se	GlobalConnect AB	3
Signet B.V.	vindjeklusser.nu	1
fast-web-servers.com	fullmoon.nu	1
dn-s.nl	focused.nu	1
Miss Hosting AB	nathalies.nu	1
Signet B.V.	socialapp.nu	1
yourdomainprovider.net	nextpower.nu	1
neostrada.nl	relatieverslaving.nu	1
CLOUDFLARENET	rezon.nu	1
ACTIVE 24, s.r.o.	teknovision.nu	1
Signet B.V.	allesoverpostcovid.nu	1
aimsweden.se	bjorko.com	1
One.com A/S	fabels.nu	1
One.com A/S	huttentocht.nu	1
LIQUIDWEB	tummel.nu	1
cloud86.nl	sjev.nu	1
CLOUDFLARENET	gothic.nu	1
laylo.io	mict.nu	1
fekt-hosting.nl	GOOGLE	1
ymdrift.se	CLOUDFLARENET	1
co.jp	ne.jp	1
ACTIVE 24, s.r.o.	jbvillan.nu	1
ACTIVE 24, s.r.o.	karateklubb.nu	1
GleSYS AB	sente.nu	1
CLOUDFLARENET	grill-pellets.nu	1
rhs2.nl	yaru.nu	1
GleSYS AB	knivslipare.nu	1
Yelles AB	golfnyheter.nu	1
Signet B.V.	alpenvillas.nu	1
Signet B.V.	natuuraannemer.nu	1
loopia.se	b2bitpartner.se	1
One.com A/S	leermeer.nu	1
alixon.ch	alixon.ch	1
cloud86.nl	navin.nu	1
Signet B.V.	feestkleding.nu	1
High5! B.V.	mx.microsoft	1
Signet B.V.	ruiljewoning.nu	1
ipcom GmbH	matfestivalen.nu	1
ACTIVE 24, s.r.o.	radiostyrda-modeller.nu	1
GleSYS AB	osd-sdl.se	2
Signet B.V.	hetkindcentraal.nu	1
Vertixo BV	dhatlantic.nu	1
loopia.se	wikstens.se	1
Yelles AB	stdc.nu	1
axc.nl	vanham.nu	1
AMAZON-02	kledingkast.nu	1
ACTIVE 24, s.r.o.	scholz.nu	1
creativeapps.net	smtps.nu	1
LIQUIDWEB	neo.space	1
Signet B.V.	ycloud.nu	1
nameservernetwork.com	origin.nu	1
CLOUDFLARENET	hjalpkallan.nu	1
ersitehosting.com	leanplus.nu	1
Signet B.V.	haagen-partners.nu	1
web-solutions.dk	lernia.se	1
DIGITALOCEAN-ASN	zero-hero.nu	1
Yelles AB	hagel.nu	1
sowie.nl	geolocatie.nu	1
Signet B.V.	themepark.nu	1
1ns.nl	tvk.nu	1
Signet B.V.	aemstelwijck.nu	1
CLOUDFLARENET	mathiasholmgren.nu	1
Yelles AB	gratiscasinon.nu	1
ACTIVE 24, s.r.o.	erwe.nu	1
webspacez.net	circulardesign.nu	1
Yelles AB	teamback.nu	1
ACTIVE 24, s.r.o.	ingenious.nu	1
Signet B.V.	cloud-telefonie.nu	1
Yelles AB	vizia.nu	1
Signet B.V.	promar.nu	1
CLOUDFLARENET	mobilabonnemanget.nu	1
ports.se	epsilongroup.net	1
ACTIVE 24, s.r.o.	svenskkirurgi.nu	1
cloudns.net	fartyg.nu	1
domain01.net	MICROSOFT-CORP-MSN-AS-BLOCK	1
ys2.nl	Voxility LLP	1
ACTIVE 24, s.r.o.	autobus.nu	1
named.se	smtp.goog	2
Arend Brouwer	GOOGLE-CLOUD-PLATFORM	1
GDM Konsult AB	hl-display.com	1
mijn.host	theodoor.nu	1
shockmedia.nl	vangestel.nu	1
Yelles AB	xn--rullgrs-bxa.nu	1
GleSYS AB	bohnke.nu	1
CLOUDFLARENET	nalin.nu	1
whirlwind.nl	23M GmbH	1
Yelles AB	kallan.nu	1
thednscompany.com	pcwin.nu	1
ACTIVE 24, s.r.o.	markstrom.nu	1
AMAZON-02	turner.nu	1
Signet B.V.	digitalenalatenschap.nu	1
aocloud.nu	spalding.nu	1
The Internet Engineering Group B.V.	waardemaken.nu	1
awsdns-07.org	dirix.nu	1
Yelles AB	swedala.nu	1
DIGITALOCEAN-ASN	skidskola.nu	1
One.com A/S	tybr.nu	1
Luna.nl B.V.	One.com A/S	1
The Internet Engineering Group B.V.	gymovate.nu	1
ximple.nl	ximple.eu	1
thednscompany.com	ictsteunpunt.com	1
SECURITYSERVICES	glocalnet.net	1
LIQUIDWEB	ackers.nu	1
Signet B.V.	luca.nu	1
Signet B.V.	biedenopenergie.nu	1
ACTIVE 24, s.r.o.	runsten.nu	1
neostrada.nl	biedenvanaf.nu	1
Yelles AB	medialt.nu	1
Yelles AB	mustning.nu	1
Signet B.V.	wieishet.nu	1
ACTIVE 24, s.r.o.	muskus.nu	1
ACTIVE 24, s.r.o.	westlandmedia.nu	1
netaffairs.com	GOOGLE	1
Webland AB	cub.nu	1
CLOUDFLARENET	acuro.nu	1
ACTIVE 24, s.r.o.	marknadsforeningen.nu	1
hosted.nl	holtum.nu	1
Signet B.V.	elixr.nu	1
net.uk	net.uk	3
axc.nl	opheij.nu	1
Signet B.V.	samenkomjeverder.nu	1
CLOUDFLARENET	solann.nu	1
dnsman.nl	totalbodyscan.nu	1
Signet B.V.	sjablonen.nu	1
Yelles AB	can.nu	1
yourdomainprovider.net	cash.nu	1
One.com A/S	kho.nu	1
mijndnsserver.nl	hart2hart.nu	1
ports.se	xn--jrnkontoret-l8a.nu	1
cloud86.nl	belastingpapieren.nu	1
CLOUDFLARENET	leeshet.nu	1
cloud86.nl	hayal.nu	1
ACTIVE 24, s.r.o.	love2live.nu	1
dn-s.nl	heel.nu	1
ab stract ltd	OVH SAS	1
LIQUIDWEB	elsk.nu	1
Yelles AB	xn--bjrnlarsson-sfb.nu	1
itens.net	Computel Standby BV	1
aftermarket.pl	aftermarket.pl	2
cloud86.nl	smartworkplace.nu	1
LIQUIDWEB	xn--nystrm-0xa.nu	1
Serverius Holding B.V.	grannflirten.nu	1
GOOGLE	zelfontwikkeling.nu	1
ACTIVE 24, s.r.o.	mhouse.nu	1
ACTIVE 24, s.r.o.	rikiki.nu	1
GOOGLE	werkfabriek.nu	1
IONOS SE	ui-dns.com	1
Yelles AB	travelworld.nu	1
Yelles AB	sandell.nu	1
ACTIVE 24, s.r.o.	bringtheruckus.nu	1
CLOUDFLARENET	personaleffekt.nu	1
searacon.nl	stevia.nu	1
nscluster.ch	OVH SAS	2
Yelles AB	jungleproduction.nu	1
Hetzner Online GmbH	dagsbild.nu	1
a1b.nl	a1b.nl	1
shiningsun.dk	shiningsun.dk	1
Hetzner Online GmbH	baekgaard.nu	1
Signet B.V.	teststraat.nu	1
pbsys.no	pbsys.no	1
dataspecialisten.dk	studenterkoersel.nu	1
Miss Hosting AB	paw.nu	1
ACTIVE 24, s.r.o.	markland.nu	1
OVH SAS	lovinglyleadership.nu	1
Yelles AB	xn--solcellsln-95a.nu	1
Yelles AB	utkast.nu	1
Signet B.V.	uitgeleend.nu	1
MICROSOFT-CORP-MSN-AS-BLOCK	steria.nu	1
One.com A/S	rubia.nu	1
neostrada.nl	zelftesten.nu	1
Signet B.V.	maximaalleven.nu	1
rackfish.net	Loopia AB	1
ipcom GmbH	Cloudflare London, LLC	1
CLOUDFLARENET	lisa-is.nl	1
BUNNYWAY, informacijske storitve d.o.o.	supekort.se	1
Cygrids Communications AB	thaistyle.nu	1
neostrada.nl	aaebv.nu	1
Signet B.V.	521.nu	1
Hetzner Online GmbH	trainyourlife.nu	1
Signet B.V.	keukenopmaat.nu	1
Signet B.V.	lva.nu	1
griffel.se	CLOUDFLARENET	1
LIQUIDWEB	add.nu	1
aussiefixie.com	au.nu	1
GleSYS AB	caliente.nu	1
TDC Holding A/S	One.com A/S	1
ACTIVE 24, s.r.o.	makt.nu	1
qdc.nl	MICROSOFT-CORP-MSN-AS-BLOCK	1
GleSYS AB	smedja.nu	1
Hetzner Online GmbH	xn--mentaltrner-h9a.nu	1
sr.se	berwaldhallen.nu	1
CLDIN B.V.	masc.nl	1
ACTIVE 24, s.r.o.	compefy.nu	1
ACTIVE 24, s.r.o.	rosling.nu	1
balansinternetdiensten.nl	MICROSOFT-CORP-MSN-AS-BLOCK	1
LIQUIDWEB	deku.nu	1
One.com A/S	balancebuddy.nu	1
ACTIVE 24, s.r.o.	greentech.nu	1
pravdan.se	pravdan.se	1
Signet B.V.	uitnodigingen.nu	1
Tietoevry Norway As	ringnett.no	1
firemultimedia.eu	assetview.eu	1
ACTIVE 24, s.r.o.	webbsupport.nu	1
agritraderbeheer.nl	MICROSOFT-CORP-MSN-AS-BLOCK	1
fab-it.dk	teclife.nu	1
dn-s.nl	hulsbergen.nu	1
Uniserver Internet B.V.	speekseltest.nu	1
mijn.host	hoth.nu	1
ACTIVE 24, s.r.o.	lundin.nu	1
Net-Build GmbH	q10-oxyrepair.nu	1
CLOUDFLARENET	stroopwafel.nu	1
CLOUDFLARENET	gulikers.nu	1
init3.eu	seff.nu	1
GOOGLE	anywise.net	1
Signet B.V.	kwalitaria.nu	1
The Internet Engineering Group B.V.	simplyorganized.nu	1
Signet B.V.	restaria.nu	1
Signet B.V.	in2ip.net	1
Miss Hosting AB	dahlin.nu	1
Signet B.V.	a20.net	1
CLOUDFLARENET	delbetalning.nu	1
team.blue Denmark A/S	comendosystems.net	1
Uniserver Internet B.V.	hicleoutdoor.nu	1
mananaweb.se	emmausstockholm.nu	1
Signet B.V.	beaufort.nu	1
ACTIVE 24, s.r.o.	hedlof.nu	1
CLOUDFLARENET	outlet24.nu	1
ACTIVE 24, s.r.o.	carpus.nu	1
ACTIVE 24, s.r.o.	seatonline.nu	1
Yelles AB	aldamus.nu	1
neostrada.nl	rouwfotografie.nu	1
One.com A/S	maasware.nu	1
CLOUDFLARENET	lupardi.nu	1
netbiz.nl	juicyday.nu	1
whih.nl	MICROSOFT-CORP-MSN-AS-BLOCK	1
Yelles AB	norrom.nu	1
ACTIVE 24, s.r.o.	landin.nu	1
Miss Hosting AB	kapo.nu	1
CLOUDFLARENET	zweedsewoningen.nu	1
axc.nl	melissa.nu	1
CLOUDFLARENET	zyner.net	1
ACTIVE 24, s.r.o.	lindlof.nu	1
Signet B.V.	hpvl.nu	1
CLDIN B.V.	021.nu	1
qprog.net	MICROSOFT-CORP-MSN-AS-BLOCK	1
ACTIVE 24, s.r.o.	prismateknik.nu	1
axxell.fi	axxell.fi	1
oderland.com	spelagolf.nu	1
newimage.nl	newimage.nl	1
LIQUIDWEB	nl.pl	1
2com2.eu	noet.nu	1
CLDIN B.V.	houten.nu	1
colt.net	trefzekermaatwerk.nu	1
hostnet.nl	quantumcoaching.nu	1
ACTIVE 24, s.r.o.	guidesystem.nu	1
Signet B.V.	ximmiowaste.nu	1
One.com A/S	niessen.nu	1
Signet B.V.	zorgmatch.nu	1
DIGITALOCEAN-ASN	moveyou.nu	1
CLOUDFLARENET	maxacademy.nu	1
team.blue Denmark A/S	mailcluster.dk	2
Signet B.V.	calcocertified.nu	1
ACTIVE 24, s.r.o.	hydrino.nu	1
revenew.nl	cleanport.nl	1
one.com	nembedemand.nu	1
loopia.se	vinberg.nu	1
fxs.se	no-ack.net	1
Signet B.V.	bavariatrips.nu	1
ACTIVE 24, s.r.o.	andreashurtig.nu	1
linode.com	onlinecasinoutansvensklicens.nu	1
gcdn.services	NAMECRANE	1
Signet B.V.	creativedirect.nl	1
ORACLE-BMC-31898	bergh.nu	1
dn-s.nl	balancinglife.nu	1
rocketship.cloud	Loopia AB	1
CLOUDFLARENET	levenslicht.nu	1
Miss Hosting AB	spelablackjackonline.nu	1
CLOUDFLARENET	nytt.nu	1
one.com	wendt-net.dk	1
Signet B.V.	jolique.nu	1
digidot.nl	rwb.nu	1
ACTIVE 24, s.r.o.	montessorimaterial.nu	1
ns14.net	emny.de	1
aisnameservers.nl	verzekeringen-vergelijken.nu	1
DIGITALOCEAN-ASN	ZOHO-AS	1
joker.com	MICROSOFT-CORP-MSN-AS-BLOCK	2
Yelles AB	kulturdelen.nu	1
CLOUDFLARENET	devcloud.nu	1
combell.net	studio100.tv	1
NUCDN	binggeli.nu	1
NetActuate, Inc	AMAZON-02	1
CLDIN B.V.	vakspecialist.nu	1
One.com A/S	sjz.nu	1
Yelles AB	kajak.nu	1
Signet B.V.	managementimpact.nu	1
aslanhost.nl	goedkoopfrisdranken.nu	1
Signet B.V.	thefarm.nu	1
OVH SAS	schoorsteenvegen.nu	1
name-services.com	nrk.nu	1
ACTIVE 24, s.r.o.	fogo.nu	1
unknown	agnes.nu	1
ACTIVE 24, s.r.o.	haargaard.nu	1
AMAZON-02	kjellen.nu	1
combell.net	priveleasen.nu	1
robiz-hosting.nl	duikschool.nu	1
Yelles AB	stallet.nu	1
one.com	nlponline.nu	1
cloud86.nl	bitcoinkopen.nu	1
MICROSOFT-CORP-MSN-AS-BLOCK	saartje.nu	1
hostgator.com	submission.nu	1
CLOUDFLARENET	liew.nu	1
hosted.nl	mijnbackup.nu	1
Yelles AB	golvslipningsbolaget.nu	1
Yelles AB	lagerdata.nu	1
cloud86.nl	hooglandsekerk.nu	1
ACTIVE 24, s.r.o.	reuse.nu	1
Hetzner Online GmbH	cardinal.nu	1
team.blue Denmark A/S	wsy.dk	1
ACTIVE 24, s.r.o.	trafikskolor.nu	1
consilius.nl	tvworkshop.nu	1
shockmedia.nl	mijjou.nu	1
ns1server.nl	online-administratie.nu	1
Miss Hosting AB	ispank.nu	1
Signet B.V.	nordlys.nu	1
mk.de	MICROSOFT-CORP-MSN-AS-BLOCK	1
cloud86.nl	macobe.nu	1
ACTIVE 24, s.r.o.	cybersakerhet.nu	1
Yelles AB	hedin.nu	1
Yelles AB	internetverkstan.nu	1
CLOUDFLARENET	stiber.nu	1
CLOUDFLARENET	xn--nslund-bua.nu	1
ACTIVE 24, s.r.o.	allokera.nu	1
neostrada.nl	duikcursus.nu	1
CLOUDFLARENET	smartfinans.nu	1
Cygrids Communications AB	pinscher.nu	1
ANEXIA Internetdienstleistungs GmbH	CLOUDFLARENET	2
DIMENOC	beverwijk.nu	1
Signet B.V.	togaf-training.nu	1
vBoxx B.V.	MICROSOFT-CORP-MSN-AS-BLOCK	4
oderland.com	evxab.com	1
SECURITYSERVICES	bjornesmagasin.nu	1
DIGITALOCEAN-ASN	keijmel.nu	1
cloud86.nl	goudswaard.nu	1
ACTIVE 24, s.r.o.	rani.nu	1
Uniserver Internet B.V.	AMAZON-02	1
Yelles AB	soulutioncare.nu	1
aname.net	heeler.nu	1
CLOUDFLARENET	prespa.nu	1
HURRICANE	sean.nu	1
Signet B.V.	sterkmakers.nu	1
ACTIVE 24, s.r.o.	virullar.nu	1
smallhold-hosting-5.nl	MICROSOFT-CORP-MSN-AS-BLOCK	1
cloud86.nl	slagbomen.nu	1
One.com A/S	flyhigh.nu	1
CLOUDFLARENET	bingos.nu	1
vz508.nl	CLDIN B.V.	1
Signet B.V.	verslavingshulp.nu	1
Miss Hosting AB	boklund.nu	1
webruimtehosting.nl	zippie.nu	1
GleSYS AB	parand.nu	1
DIGITALOCEAN-ASN	flowpower.nu	1
neostrada.nl	pelgrimskerk.nu	1
BIT BV	bogaerts.nu	1
exonet.nl	salut.nu	1
Yelles AB	yttra.nu	1
c4a.nl	mufasa.nu	1
dn-s.nl	vipio.nu	1
Uniserver Internet B.V.	monti.nu	1
Yelles AB	reservdelar.nu	1
cloudns.net	nerdnet.nu	1
Yelles AB	mfm.nu	1
Yelles AB	cigarrer.nu	1
Signet B.V.	owl.nl	1
team.blue Denmark A/S	xn--ble-xla.nu	1
LIQUIDWEB	heegstra.nu	1
Signet B.V.	wksw.nl	1
webhostingserver.nl	kog.nu	1
ACTIVE 24, s.r.o.	steinvall.nu	1
Yelles AB	aldrin.nu	1
DIGITALOCEAN-ASN	NAMECHEAP-NET	1
axc.nl	depraktijk.nu	1
ACTIVE 24, s.r.o.	sfrk.nu	1
Yelles AB	taktplanering.nu	1
One.com A/S	gimme.nu	1
kpn.net	dongel.nu	1
gnrx.dk	mail-1.dk	1
CLOUDFLARENET	franstan.nu	1
rtvdrenthe-dns.nl	drenthe.nu	1
one.com	cliche.se	1
neostrada.nl	flowpack.nu	1
CLOUDFLARENET	cricket.nu	1
LIQUIDWEB	usbminnen.nu	1
AMAZON-02	godjord.nu	1
Signet B.V.	vast-goed.nu	1
CORESPACE-DAL	sunddag.nu	1
CLOUDFLARENET	computer.nu	1
ACTIVE 24, s.r.o.	swedenmix.nu	1
ACTIVE 24, s.r.o.	perfectbeautystockholm.nu	1
CLOUDFLARENET	caribbean.nu	1
podi.dk	MICROSOFT-CORP-MSN-AS-BLOCK	2
CLOUDFLARENET	jom.nu	1
One.com A/S	dewaterlelie.nu	1
team.blue Denmark A/S	naturoghelse.nu	1
CLOUDFLARENET	glimmer.nu	1
Yelles AB	wale.nu	1
dns2go.com	svanberg.nu	1
DIGITALOCEAN-ASN	sbyp.nl	1
Yelles AB	sua.nu	1
svenskadomaner.se	GlobalConnect AB	1
Yelles AB	tagsemester.nu	1
Signet B.V.	ruimterealisten.nu	1
team.blue Denmark A/S	infoskaerm.nu	1
plinq.nl	plinq.nl	1
cogson.se	ccmail.se	2
frecon.se	fasut.nu	1
webaccountserver.com	rapidfinil.nu	1
mkinternet.nl	beaumotica.nu	1
ACTIVE 24, s.r.o.	axellarsson.nu	1
GleSYS AB	nikunen.nu	1
Signet B.V.	voipzeker.nu	1
MICROSOFT-CORP-MSN-AS-BLOCK	gesprekspartner.nu	1
mijndnsserver.nl	wilango.nu	1
bigbig.space	GOOGLE	1
Signet B.V.	greyt.nu	1
Yelles AB	dexo.nu	1
plazaxl-server2.nl	mailhet.nu	1
become-it.nl	MICROSOFT-CORP-MSN-AS-BLOCK	1
loopia.se	backmanssten.se	1
loopia.se	cs-manager.com	1
ipcom GmbH	welte.nu	1
ODERLAND Webbhotell AB	barshopen.nu	1
lumik.se	paradiso.nu	1
mnbrd.email	MICROSOFT-CORP-MSN-AS-BLOCK	1
ne.jp	neco.nu	1
Yelles AB	snickerifabriken.nu	1
DIGICERT	stressstop.nu	1
Signet B.V.	cycloon.nu	1
loopia.se	claeshellgren.nu	1
shockmedia.nl	Eurofiber Cloud Infra B.V.	1
ACTIVE 24, s.r.o.	kjellsson.nu	1
Uniserver Internet B.V.	archiefweb.nu	1
loghierin.nl	loghierin.nl	1
CLOUDFLARENET	dinbesiktningsman.nu	1
CLOUDFLARENET	service.one	2
CLDIN B.V.	esla.nu	1
Yelles AB	hypnos.nu	1
CLOUDFLARENET	casinorecensioner.nu	1
Signet B.V.	onlinehypotheek.nu	1
webxtra.net	noktuo.nu	1
ACTIVE 24, s.r.o.	laura.nu	1
Signet B.V.	wouwgevoel.nu	1
ns14.net	europace.nu	1
DIGITALOCEAN-ASN	mocs.nu	1
Miss Hosting AB	eddesigner.nu	1
DIMENOC	freeyourself.nu	1
ACTIVE 24, s.r.o.	compsec.se	1
combell.net	sf-ict.nl	1
DIGITALOCEAN-ASN	delusion.nu	1
CLOUDFLARENET	elaborate.nl	1
CLOUDFLARENET	0cc.nu	1
Signet B.V.	lueb.nu	1
Signet B.V.	tiesing.nu	1
dn-s.nl	iphmx.com	1
DIGITALOCEAN-ASN	qlnk.nu	1
ACTIVE 24, s.r.o.	gubbo.nu	1
Infopact Netwerkdiensten B.V.	ouderenmondzorg.nu	1
sdns0.nl	datalek.nu	1
Yelles AB	advokatkurser.nu	1
Yelles AB	jennikel.nu	1
ACTIVE 24, s.r.o.	smuggler.nu	1
Yelles AB	thaimassage.nu	1
CLOUDFLARENET	samsin.nu	1
ACTIVE 24, s.r.o.	mrv.nu	1
Signet B.V.	socialmediamonitoring.nu	1
Signet B.V.	soulbase.nu	1
Signet B.V.	websiteleasen.nu	1
Yelles AB	studentskylt.nu	1
rvp-hosting.nl	rdfd.nu	1
Signet B.V.	persco.nu	1
mijndnsserver.nl	pallethotel.nu	1
Signet B.V.	meijerink.nu	1
ayaa.se	johanlindberg.nu	1
djpcloud.eu	MICROSOFT-CORP-MSN-AS-BLOCK	1
Yelles AB	goatworks.nu	1
Yelles AB	svanang.nu	1
ACTIVE 24, s.r.o.	windtech.nu	1
Yelles AB	oxygendev.nu	1
exonet.nl	turnaroundadvocaten.nu	1
atom86 BV	heretohelp.nu	1
hostbeter.net	wordpresshosting.nu	1
inmotionhosting.com	airy.nu	1
access.eu	access.eu	1
Signet B.V.	orthodontistonline.nu	1
forcez.net	foetsie.nu	1
ospito.eu	MICROSOFT-CORP-MSN-AS-BLOCK	1
Yelles AB	r8u.nu	1
ACTIVE 24, s.r.o.	tv-serier.nu	1
CLOUDFLARENET	freia.nl	1
oderland.com	lefek.nu	1
dutchstudio.nl	MICROSOFT-CORP-MSN-AS-BLOCK	1
Signet B.V.	cruiseclub.nu	1
Contabo GmbH	freshmail.nu	1
Signet B.V.	eetsmakelijk.nu	1
Yelles AB	clarte.nu	1
AMAZON-02	earlyadopter.nu	1
holidaymedia.nl	MICROSOFT-CORP-MSN-AS-BLOCK	1
One.com A/S	amo-nl.nu	1
One.com A/S	npi.nu	1
cloudns.net	ibarracuda.nl	1
dn-s.nl	shareit.nu	1
ACTIVE 24, s.r.o.	svenssons.nu	1
Yelles AB	liamax.nu	1
hostnet.nl	proteinedieet.nu	1
griffel.se	burde.com	1
oderland.com	motesbyran.nu	1
Signet B.V.	peuk.nu	1
yourdomainprovider.net	compactkraan.nu	1
Yelles AB	samkopsgruppen.nu	1
norplex-communications.com	MICROSOFT-CORP-MSN-AS-BLOCK	1
QUIC-CLOUD	xn--studentbostder-gib.nu	1
Signet B.V.	diabeter.nu	1
awsdns-06.com	AMAZON-02	1
Cygrids Communications AB	f-ram.nu	1
CLOUDFLARENET	biscor.nu	1
ACTIVE 24, s.r.o.	funasdalen.nu	1
CLOUDFLARENET	tosic.nu	1
Signet B.V.	krux.nu	1
CLOUDFLARENET	thework.nu	1
Signet B.V.	medirect.nu	1
CLOUDFLARENET	arsbokslut.nu	1
DIGICERT	Signet B.V.	2
bootsystems.nl	MICROSOFT-CORP-MSN-AS-BLOCK	1
footballassist.com	msv1.invalid	1
ORACLE-BMC-31898	mailhop.org	1
nlrdmdra07.nl	ikwilkoffie.nu	1
SECURITYSERVICES	ingrammicro.com	1
NewVM B.V.	isaac-bike.nu	1
Cygrids Communications AB	baab.nu	1
ACTIVE 24, s.r.o.	rebert.nu	1
CLOUDFLARENET	amsterdamguiden.nu	1
Yelles AB	naventum.nu	1
Yelles AB	vm.nu	1
ACTIVE 24, s.r.o.	paperphyte.nu	1
InformationsTeknik i Norrbotten AB	MICROSOFT-CORP-MSN-AS-BLOCK	1
Yelles AB	lucka24.nu	1
je-eigen-domein.nl	handschoenen.nu	1
Signet B.V.	financieringshub.nu	1
CLDIN B.V.	bio-life.nu	1
ports.se	centra.nu	1
Yelles AB	domus.nu	1
Yelles AB	xn--botln-pra.nu	1
shockmedia.nl	frezen.nu	1
hosting2go.nl	macm.nu	1
TrueFullstaq B.V.	stellingspecialist.nu	1
ACTIVE 24, s.r.o.	katthotellet.nu	1
Yelles AB	pinkdogmedia.nu	1
zdns.nl	gke.nu	1
GleSYS AB	lumag.nu	1
ACTIVE 24, s.r.o.	djupvik.nu	1
dns.services	Proton AG	1
Yelles AB	comly.nu	1
BIZLAND-SD	33.nu	1
ACTIVE 24, s.r.o.	charliefoxtrot.nu	1
BIT BV	ringeling.nu	1
eplanters.biz	botoxparty.nu	1
connect4it.net	unic.nu	1
sircon.net	opm.nu	1
ACTIVE 24, s.r.o.	gannerud.nu	1
CLOUDFLARENET	vattenvakten.nu	1
CLOUDFLARENET	2binbusiness.net	3
Signet B.V.	ondertitels.nu	1
CLOUDFLARENET	musikliv.nu	1
one.com	abas.nu	1
serverhostgroup.com	in-balance.nu	1
binero.se	trafikovningsplats.nu	1
Signet B.V.	vertrekken.nu	1
Signet B.V.	d-licious.nu	1
CLDIN B.V.	hahebo.nu	1
ACTIVE 24, s.r.o.	transbutiken.nu	1
Cygrids Communications AB	lofling.nu	1
ACTIVE 24, s.r.o.	kallqvist.nu	1
team.blue Denmark A/S	skolemaelk.nu	1
registrar-servers.com	msv1.invalid	1
DIGITALOCEAN-ASN	gaminginside.nu	1
proisp.no	proisp.nu	1
DIGITALOCEAN-ASN	vitakids.nu	1
ACTIVE 24, s.r.o.	tyringe.nu	1
ACTIVE 24, s.r.o.	vurpa.nu	1
futurelab.nu	futurelab.nu	1
ACTIVE 24, s.r.o.	silversmedja.nu	1
Yelles AB	akvariet.nu	1
ITCONNECT Scandinavia AB	MICROSOFT-CORP-MSN-AS-BLOCK	2
loopia.se	jediorder.nu	1
Miss Hosting AB	loveme.nu	1
ACTIVE 24, s.r.o.	propix.nu	1
CLOUDFLARENET	jonika.nu	1
One.com A/S	edustitch.nu	1
CLOUDFLARENET	pcl.nu	1
Signet B.V.	financialcontroller.nu	1
axc.nl	vanoirschot.nu	1
ACTIVE 24, s.r.o.	stockholmia.nu	1
ODERLAND Webbhotell AB	ariadnes.nu	1
Signet B.V.	swappy.nu	1
Signet B.V.	shoptrader.email	1
The Internet Engineering Group B.V.	mx.microsoft	1
CLDIN B.V.	wilgentenenschuttingen.nu	1
nixus.info	itek.nu	1
CLDIN B.V.	agilerequirements.nu	1
GleSYS AB	ciklidhobby.nu	1
Signet B.V.	3musk.nl	1
Yelles AB	sdbg.nu	1
Snel.com B.V.	sfeer.nu	1
Signet B.V.	vciso.nu	1
Yelles AB	gillbok.nu	1
loopia.se	strul.nu	1
Cygrids Communications AB	jbs.nu	1
b-smarthosting.net	MICROSOFT-CORP-MSN-AS-BLOCK	1
Yelles AB	toulouse.nu	1
Eurofiber Cloud Infra B.V.	vanloveren.nu	1
netbiz.nl	elektrischvaren.nu	1
Signet B.V.	zorgdelen.nu	1
Yelles AB	knc.nu	1
Yelles AB	swebaby.nu	1
CLDIN B.V.	rechtenasbest.nu	1
Signet B.V.	polynesie.nu	1
LeaseWeb Netherlands B.V.	appeltjeeitje.nu	1
HURRICANE	APPLE-ENGINEERING	2
loopia.se	kelvin.nu	1
ACTIVE 24, s.r.o.	mcprivatisten.nu	1
Hetzner Online GmbH	geitenvlees.nu	1
Signet B.V.	mobiledeal.nu	1
i-minded.net	MICROSOFT-CORP-MSN-AS-BLOCK	1
BIT BV	managementdrives.nu	1
Signet B.V.	bigfriday.nu	1
ACTIVE 24, s.r.o.	kilenkrysset.nu	1
Signet B.V.	theparc.nu	1
CLOUDFLARENET	pijnvrijleven.nu	1
GOOGLE	BIT BV	1
ML Consultancy	time-out.net	1
Signet B.V.	qirion.nu	1
montenegro.nu	montenegro.nu	1
taplink.cc	Yelles AB	1
CLOUDFLARENET	nasim.nu	1
i8t.com	hertell.nu	1
ACTIVE 24, s.r.o.	skattjakten.nu	1
web4u.cz	wedos.net	1
ACTIVE 24, s.r.o.	thoth.nu	1
Telia Company AB	nyhet.nu	1
Signet B.V.	slimme-kast.nu	1
Yelles AB	pokedex.nu	1
ACTIVE 24, s.r.o.	bror.nu	1
CLOUDFLARENET	strive.nu	1
ipcom GmbH	InfraCom Managed Services AB	1
One.com A/S	kevn.nu	1
CLOUDFLARENET	afvallenzonderdieet.nu	1
ACTIVE 24, s.r.o.	tryckluft.nu	1
Yelles AB	spiritnordic.nu	1
ACTIVE 24, s.r.o.	reliker.nu	1
axc.nl	Signet B.V.	2
ACTIVE 24, s.r.o.	bilmagasinet.nu	1
dn-s.nl	partycharter.nu	1
ACTIVE 24, s.r.o.	xn--hllbarutveckling-dob.nu	1
GleSYS AB	jibs.nu	1
NUCDN	wijnbeurs.nu	1
oderland.com	bqe.nu	1
Yelles AB	kleberman.nu	1
dns1dns2dns3.com	hoogstespaarrente.nu	1
CLOUDFLARENET	lukas.nu	1
Signet B.V.	goodbye.nu	1
service-4u.nl	tgh.nu	1
ACTIVE 24, s.r.o.	sociale.nu	1
Signet B.V.	straatmakers.nu	1
GleSYS AB	69er.nu	1
ACTIVE 24, s.r.o.	woodly.nu	1
ACTIVE 24, s.r.o.	loucas.nu	1
dn-s.nl	eccentrade.nu	1
ACTIVE 24, s.r.o.	stillback.nu	1
Hetzner Online GmbH	varmestuen.nu	1
Serverius Holding B.V.	smarticipatie.nu	1
standbyhosting.nl	CLOUDFLARENET	1
ACTIVE 24, s.r.o.	merch.nu	1
Uniserver Internet B.V.	online-events.nu	1
RouteLabel V.O.F.	endymion.nu	1
CLOUDFLARENET	artwise.nu	1
CLDIN B.V.	music-lotto.nu	1
Yelles AB	fredberg.nu	1
edomains.com	djawa.nu	1
ipcom GmbH	elektriker-bromma.nu	1
Trans-iX B.V.	logisticsharing.nu	1
keymachine.de	nahrungsergaenzung.nu	1
SECURITYSERVICES	GOOGLE	2
inforitus.nl	omgevingswet.nu	1
tieto.com	tietoenator.com	1
rimotecloud.com	asqa.nu	1
DIGITALOCEAN-ASN	fascia.nu	1
Yelles AB	byggbesiktning.nu	1
Signet B.V.	heatronn.nu	1
Cygrids Communications AB	annelov.nu	1
SINGLEHOP-LLC	whills.nu	1
ACTIVE 24, s.r.o.	ese.nu	1
Signet B.V.	freedomfighters.nu	1
Signet B.V.	bridget.nu	1
Yelles AB	vibecode.nu	1
One.com A/S	bsocial.nu	1
dnspod.net	cdn.pet	1
GOOGLE-CLOUD-PLATFORM	team.blue Denmark A/S	1
One.com A/S	nieuw.nu	1
hostnet.nl	luchtvering.nu	1
Orebro Lans Landsting	MICROSOFT-CORP-MSN-AS-BLOCK	1
Yelles AB	bilbatteri.nu	1
DIGITALOCEAN-ASN	aircoinstalleren.nu	1
SavMAN AB	SECURITYSERVICES	1
Yelles AB	nyakasino.nu	1
LIQUIDWEB	wexthuset.nu	1
CLOUDFLARENET	riet.nu	1
CLOUDFLARENET	spirande.nu	1
SINGLEHOP-LLC	freedomains.nu	1
GleSYS AB	mro.nu	1
Signet B.V.	agura.nu	1
afraid.org	MICROSOFT-CORP-MSN-AS-BLOCK	2
digizonehosting.nl	indianen.nu	1
Yelles AB	pedesign.nu	1
ACTIVE 24, s.r.o.	xtrapriser.nu	1
Yelles AB	tgif.nu	1
UKDedicated LTD	xn--hlsa-loa.nu	1
ktba.nl	qaonline.nu	1
hostnet.nl	amsx.net	1
One.com A/S	woonboothypotheek.nu	1
DIGITALOCEAN-ASN	mehealing.nu	1
One.com A/S	pohggz.nu	1
Signet B.V.	interimcvonodig.nu	1
cloud86.nl	tantrayoga.nu	1
siyouonline.nl	someone.nu	1
ACTIVE 24, s.r.o.	anubis.nu	1
manetti-ict.nl	a-n-c.nl	1
LIQUIDWEB	null.nu	1
LIQUIDWEB	loos.nu	1
loopia.se	benny.nu	1
srvnl.nl	natasja.nu	1
exsilia.net	balkonkeuring.nu	1
melonslab.cloud	adx.nu	1
CLDIN B.V.	ziggurat.nu	1
CLOUDFLARENET	mailplatform.eu	1
exonet.nl	vacature.nu	1
ACTIVE 24, s.r.o.	facilitator.nu	1
exonet.nl	dyss.nu	1
ACTIVE 24, s.r.o.	poolskydd.nu	1
OVH SAS	romantiskapresenter.nu	1
Signet B.V.	isonline.nu	1
srvnl.nl	vanhommerig.nu	1
LeaseWeb Netherlands B.V.	sapspecialist.nu	1
DIGITALOCEAN-ASN	qoppel.nu	1
ACTIVE 24, s.r.o.	alvarmyhlback.nu	1
vivawebhost.com	johto.nu	1
dn-s.nl	jeugdbescherming-overijssel.nu	1
speedcom.se	wican.nu	1
Yelles AB	teltek.nu	1
Signet B.V.	sessy.nu	1
One.com A/S	darcey.nu	1
mijndnsserver.nl	solbio.nu	1
CLOUDFLARENET	vidaxl.nu	1
Signet B.V.	meducatie.nu	1
Signet B.V.	headfirst.nu	1
CLOUDFLARENET	picobellobv.nu	1
Yelles AB	sigurdsson.nu	1
Yelles AB	slff.nu	1
Signet B.V.	Stichting DIGI NL	1
magasin1.se	magasin1.se	3
One.com A/S	bettercallpaul.nu	1
Host Europe GmbH	equityrelease.nu	1
ACTIVE 24, s.r.o.	hillyeofsweden.nu	1
ODERLAND Webbhotell AB	xn--grn-tna.nu	1
neostrada.nl	jazzportaal.nu	1
itgarden.se	MICROSOFT-CORP-MSN-AS-BLOCK	2
loopia.se	classon.nu	1
ACTIVE 24, s.r.o.	visning.nu	1
OVH SAS	feltsense.nu	1
berry.nu	berry.nu	1
GlobalConnect AB	lbv.nu	1
CLOUDFLARENET	enyare.nu	1
yourdomainprovider.net	solliciteer.nu	1
123-webserver.biz	nextendum.nu	1
Signet B.V.	auto-tool.nu	1
team.blue Denmark A/S	advodan.nu	1
AMAZON-02	timeslikethese.nu	1
fast-web-servers.com	pax.nu	1
CLOUDFLARENET	BIT BV	1
Yelles AB	webhack.nu	1
team.blue Denmark A/S	asgarbyte.com	1
Signet B.V.	hittebestendig.nu	1
Signet B.V.	maryspringer.nu	1
serverquality.com	hyr.nu	1
proisp.no	MICROSOFT-CORP-MSN-AS-BLOCK	1
ACTIVE 24, s.r.o.	gustafssons.nu	1
ACTIVE 24, s.r.o.	raz.nu	1
ACTIVE 24, s.r.o.	stjernborg.nu	1
axc.nl	belastingservice.nu	1
Hetzner Online GmbH	bork.nu	1
ACTIVE 24, s.r.o.	homepaterna.nu	1
CLOUDFLARENET	xn--grnsbopotatis-cfb.nu	1
zeke.be	zeke.nl	1
elcanet.nl	zendamateur.nu	1
Signet B.V.	vastgoedstandaards.nu	1
DIGITALOCEAN-ASN	zorgdirect.nu	1
CLDIN B.V.	lasat.nu	1
GleSYS AB	oneplace.nu	1
loopia.se	mono.nu	1
xtremeweb.de	GOOGLE	1
Signet B.V.	tatoeageverwijderen.nu	1
Miss Hosting AB	pcdeal.nu	1
loopia.se	labemi.se	1
ACTIVE 24, s.r.o.	sommen.nu	1
workspacexs.nl	MICROSOFT-CORP-MSN-AS-BLOCK	1
ACTIVE 24, s.r.o.	fagelhobby.nu	1
CLOUDFLARENET	hedge.nu	1
ACTIVE 24, s.r.o.	xn--trdgrdsstaden-cfbr.nu	1
Yelles AB	jonasenander.nu	1
CLDIN B.V.	persoonality.nu	1
DIGITALOCEAN-ASN	the-house.nu	1
Signet B.V.	samasz.nu	1
loopia.se	starkhammar.nu	1
Signet B.V.	besparen-kan.nu	1
LIQUIDWEB	arnoldus.nu	1
One.com A/S	professionalorganizerutrecht.nu	1
exonet.nl	dietist.nu	1
ACTIVE 24, s.r.o.	xhouse.nu	1
Bizway BV	ijswagen.nu	1
Signet B.V.	bedandbreakfasts.nu	1
wa-data.com	Hetzner Online GmbH	1
loopia.se	space2u.com	1
ACTIVE 24, s.r.o.	giff.nu	1
neostrada.nl	leoophetwerk.nu	1
Telia Company AB	uddevallaenergi.se	1
ipcom GmbH	btxhost.tech	1
CLOUDFLARENET	lundstandreglering.nu	1
ACTIVE 24, s.r.o.	lunarstorm.nu	1
Signet B.V.	maxverstappen.nu	1
Yelles AB	succe.nu	1
Yelles AB	kundkontakt.nu	1
Yelles AB	wahlin.nu	1
hostnet.nl	emmashoes.nu	1
CLOUDFLARENET	jmail.nu	1
Hetzner Online GmbH	airphoto.nu	1
inmotionhosting.com	nci.nu	1
Yelles AB	pryo.nu	1
mijndnsserver.nl	ehealth.nu	1
robiz-hosting.nl	biemans.nu	1
ACTIVE 24, s.r.o.	rekab.nu	1
mijndnsserver.nl	bongers.nu	1
CLOUDFLARENET	thaistreetfood.nu	1
Yelles AB	indiancurry.nu	1
CLDIN B.V.	pasfotopurmerend.nu	1
ACTIVE 24, s.r.o.	tungenaset.nu	1
ACTIVE 24, s.r.o.	sgls.nu	1
Yelles AB	ranka.nu	1
CLOUDFLARENET	utbult.nu	1
CLDIN B.V.	houseofjab.nu	1
Serverius Holding B.V.	buitentheater.nu	1
BIT BV	koops.nu	1
Yelles AB	camomille.nu	1
Yelles AB	levali.nu	1
ACTIVE 24, s.r.o.	amazing.nu	1
nxtlvl-it.nl	slaapspeciaalzaak.nu	1
furu.org	mita.nu	1
ACTIVE 24, s.r.o.	stromwall.nu	1
hostnet.nl	oud-ijzer.nu	1
ACTIVE 24, s.r.o.	vendel.nu	1
CJ2 Hosting B.V.	CLOUDFLARENET	2
Miss Hosting AB	panncentralen.nu	1
LIQUIDWEB	numero.nu	1
Hetzner Online GmbH	olm.nu	1
CLOUDFLARENET	ictoria.nu	1
bouwhuisit.eu	bouwhuisit.net	1
ACTIVE 24, s.r.o.	printroom.nu	1
Yelles AB	GlobalConnect AB	1
CLDIN B.V.	nohairstudio.nu	1
oderland.com	ostersjofestivalen.nu	1
CLOUDFLARENET	helicam.nu	1
moln-net.se	amtele.se	1
DIGITALOCEAN-ASN	oudenijhuis.nu	1
neostrada.nl	flowcontrol.nu	1
UKDedicated LTD	drewex.nu	1
ACTIVE 24, s.r.o.	seekme.nu	1
ACTIVE 24, s.r.o.	corenode.se	1
ACTIVE 24, s.r.o.	kalmer.nu	1
team.blue Denmark A/S	curanet.dk	2
NUCDN	trapbekleden.nu	1
ACTIVE 24, s.r.o.	ulti.nu	1
nsroute.nl	boudens.nu	1
Routit BV	interweb.nu	1
Signet B.V.	enjoyhotels.nu	1
loopia.se	officemail.se	1
Signet B.V.	thuiszorg-almelo.nu	1
CLOUDFLARENET	casinotest.nu	1
GOOGLE	ibib.nu	1
DIGITALOCEAN-ASN	bolwerk.nu	1
Signet B.V.	tandartspraktijkkirstenknetsch.nu	1
exonet.nl	involv.nu	1
Signet B.V.	jar-met.nu	1
Signet B.V.	ehbocursus.nu	1
CLOUDFLARENET	aaabags.nu	1
sonnit.dk	thrane.nu	1
Yelles AB	solpulsen.nu	1
CLDIN B.V.	yogatherapie.nu	1
CLOUDFLARENET	nationell.nu	1
ACTIVE 24, s.r.o.	duvander.nu	1
2content.com	apb.nu	1
Claranet Limited	ajansenbv.com	1
Eurofiber Cloud Infra B.V.	iwms.nu	1
Signet B.V.	saxofoon.nu	1
Miss Hosting AB	pure.nu	1
CLOUDFLARENET	intracore.nu	1
ACTIVE 24, s.r.o.	enbacka.nu	1
CLOUDFLARENET	audiforum.nu	1
GleSYS AB	NAMECRANE	1
jsk-hosting.nl	MICROSOFT-CORP-MSN-AS-BLOCK	1
LIQUIDWEB	ando.nu	1
mijndnsserver.nl	dsv-leven.nu	1
Yelles AB	brfa.nu	1
DIGITALOCEAN-ASN	museumamersfoort.nu	1
loopia.se	loggin.nu	1
LIQUIDWEB	arends.nu	1
Yelles AB	viikko.nu	1
interlize.net	v26054-2is.nl	1
dreamstudio.pt	cleanmx.pt	1
Stichting DIGI NL	versenveilig.nu	1
MICROSOFT-CORP-MSN-AS-BLOCK	yourfilter.nl	1
co.uk	net.uk	1
loopia.se	125.90	1
Yelles AB	bak.nu	1
lbmedia.nl	getagrip.nu	1
cloudns.net	esthervanduin.nu	1
antrina.org	GOOGLE	1
UKDedicated LTD	gullbergs.nu	1
ACTIVE 24, s.r.o.	ksu.nu	1
workspacexs.nl	CLDIN B.V.	1
Uniserver Internet B.V.	410.nu	1
Signet B.V.	shopperdoctors.nu	1
Signet B.V.	hurricane.nu	1
UKDedicated LTD	varldenstuffastejobb.nu	1
cloud86.nl	vanbeuningen.nu	1
Yelles AB	kinnekulle.nu	1
CLOUDFLARENET	nukunuku.nu	1
cewebhosting.nl	veiligheidsbeslag.nu	1
Signet B.V.	ibabs.nu	1
utrymmet.com	amazona.nu	1
GleSYS AB	vck.nu	1
One.com A/S	wilgenkracht.nu	1
DIGITALOCEAN-ASN	resultaatmonitor.nu	1
terratel.se	infracom.se	1
graphicgarden.com	graphicgarden.nu	1
Yelles AB	bornea.nu	1
CLOUDFLARENET	viklander.nu	1
ACTIVE 24, s.r.o.	darkside.nu	1
Yelles AB	trygghetsakademin.nu	1
AMAZON-02	baxalta.com	1
Signet B.V.	burgerrechten.nu	1
DIGITALOCEAN-ASN	genoegisgenoeg.nu	1
Stichting DIGI NL	ikwilslippen.nu	1
CLOUDFLARENET	chillworld.nu	1
Uniserver Internet B.V.	sticker.nu	1
InterRacks B.V.	mijnwinkel.nu	1
oderland.com	hittasnickare.nu	1
Snel.com B.V.	cvachterlaten.nu	1
webruimtehosting.nl	oogappeltje.nu	1
GleSYS AB	deje.nu	1
eleven2.com	farina.nu	1
DIGITALOCEAN-ASN	thinkbik.nu	1
dnssrv.nl	goudgroen.nu	1
artin.nu	artin.nu	1
cloudcity.fi	cloudcity.fi	2
metro-ag.com	iphmx.com	1
Trans-iX B.V.	vuurvrouwintransitie.nu	1
hofstad-servers.nl	oekraine.nu	1
BIT BV	varwijk.nu	1
Signet B.V.	motorcycles.nu	1
thednscompany.com	102.46	1
Hetzner Online GmbH	demokraterne.nu	1
CLOUDFLARENET	quakenet.nu	1
Signet B.V.	meerbusiness.nu	1
CLOUDFLARENET	forwardmx.io	1
ipcom GmbH	stambytestockholm.nu	1
brainslugs.net	zlo.nu	1
QUIC-CLOUD	ODERLAND Webbhotell AB	1
CLOUDFLARENET	proxhost.email	1
Yelles AB	panelservice.nu	1
smallhold-hosting-2.nl	sortsense.nu	1
gpohosting.nl	MICROSOFT-CORP-MSN-AS-BLOCK	1
CLOUDFLARENET	gransbopotatis.nu	1
Miss Hosting AB	yogayoga.nu	1
CLOUDFLARENET	moosdijk.nu	1
dns1dns2dns3.com	pagina.nu	1
aname.net	gns.se	1
keurigonline32.nl	autoplus.nu	1
Yelles AB	ledsupplier.nu	1
Signet B.V.	hucon.email	1
black-sky.nl	cbj.nu	1
CLDIN B.V.	oak-advocaten.nu	1
Yelles AB	okv.nu	1
hix.nl	fair-metals.nu	1
o2switch.net	solarlive.nu	1
ipcom GmbH	bya.nu	1
oderland.com	betongarbeten.nu	1
CLDIN B.V.	shot.nu	1
Yelles AB	liberto.nu	1
CLOUDFLARENET	wellness-hotel.nu	1
webhostingserver.nl	lejeune.nu	1
SECURITYSERVICES	svtplay.nu	1
dns.services	ZOHO Corporation B.V	1
loopia.se	smtp.goog	1
susnet.se	susnet.se	1
Yelles AB	privatleasingelbil.nu	1
Yelles AB	grohus.nu	1
ACTIVE 24, s.r.o.	svedmyr.nu	1
CLOUDFLARENET	mon-ami.nu	1
ACTIVE 24, s.r.o.	farmakologi.nu	1
buddyns.com	42.nu	1
bwithit.nl	MICROSOFT-CORP-MSN-AS-BLOCK	1
GOOGLE	lunitehosting.nl	1
NUCDN	Bluerange Sweden AB	1
The Internet Engineering Group B.V.	genda.nu	1
sherweb.com	orcsweb.com	1
assendelfthankes.nl	Caveo Internet BV	1
Yelles AB	dagg.nu	1
Signet B.V.	ijscootje.nu	1
nrdns.nl	atinet.nl	1
hostnet.nl	webvanced.nl	1
rzone.de	nickname.nu	1
CLOUDFLARENET	isphuset.nu	1
dn-s.nl	pikoline.nu	1
ACTIVE 24, s.r.o.	schough.nu	1
Signet B.V.	ewak.net	1
Yelles AB	hairtime.nu	1
hostgator.com	witchcraft.nu	1
Signet B.V.	blond-amsterdam.nu	1
ACTIVE 24, s.r.o.	fishy.nu	1
Yelles AB	podium.nu	1
loopia.se	piraya.nu	1
Yelles AB	mediateller.nu	1
Miss Hosting AB	babushka.nu	1
mijndnsserver.nl	made-in-nl.nu	1
CLDIN B.V.	voorsprong.nu	1
hosted.nl	bootsman.nu	1
markmonitor.com	mattel.com	2
interlize.net	flaim.nu	1
oderland.com	mariaakerberg.nu	1
CLOUDFLARENET	goedkopeaccu.nu	1
Signet B.V.	polissen.nu	1
svsnet.nl	vandekolk.nu	1
cloud86.nl	lake.nu	1
dnsshop.org	Serverius Holding B.V.	2
netvance.nl	sportvelgen.nu	1
HURRICANE	hoho.nu	2
Yelles AB	hello-world.nu	1
Hetzner Online GmbH	kunstauktion.nu	1
hosofon.nl	anesthesiologie.nu	1
DIGITALOCEAN-ASN	cielo.nu	1
LIQUIDWEB	stier.nu	1
ACTIVE 24, s.r.o.	chax.nu	1
CLOUDFLARENET	groepenkastkopen.nu	1
oderland.com	dockside.nu	1
CLDIN B.V.	garland.nu	1
Yelles AB	balklanning.nu	1
atom86 BV	blezer.nu	1
CJ2 Hosting B.V.	loenen.nu	1
CLDIN B.V.	befree.nu	1
Uniserver Internet B.V.	beauty-blush.nu	1
team.blue Denmark A/S	finnforsikring.nu	1
ocen.nl	MICROSOFT-CORP-MSN-AS-BLOCK	2
Telia Company AB	odevik.nu	1
Signet B.V.	vitallife.nu	1
Initworks b.v.	Proton AG	1
nsgroups.it	binadit.com	1
jsr-it.nl	vanheugten.nu	1
com.br	com.br	1
ab stract ltd	APPLE-ENGINEERING	1
ochnu.com	chakra.nu	1
ACTIVE 24, s.r.o.	lidholm.nu	1
Signet B.V.	discnetwork.nl	1
dns.services	kbds.dk	2
Yelles AB	ditail.nu	1
raffel.net	bich.nu	1
redium.net	souplesse.nu	1
CLOUDFLARENET	online-dating.nu	1
adacor.net	iphmx.com	1
DIGITALOCEAN-ASN	finvision.nu	1
AMAZON-02	Webbkonsulterna i Jamtland AB	1
windonet.nl	deal-online.nu	1
Signet B.V.	tpms.nu	1
ACTIVE 24, s.r.o.	eqonomics.nu	1
dnscluster.be	tabletcasino.nu	1
DIGITALOCEAN-ASN	blueelephant.nu	1
DIGITALOCEAN-ASN	levensstroom.nu	1
CLOUDFLARENET	pres.nu	1
Signet B.V.	kiloburner.nu	1
8m.nl	cottus.nu	1
Yelles AB	gas.nu	1
AMAZON-02	openbaarvervoer.nu	1
LIQUIDWEB	marihart.nu	1
centraalwerken.nl	suxesfully.nl	1
dn-s.nl	jve.nu	1
maakum.nl	fotomatic.nu	1
Signet B.V.	helpsamen.nu	1
CORESPACE-DAL	hix.nu	1
CLOUDFLARENET	sarai.nu	1
smartdns.se	pendeltag.nu	1
albia.nu	albia.nu	1
LIQUIDWEB	axelsen.nu	1
Signet B.V.	autosleutelkwijt.nu	1
DIGICERT	ZOHO Corporation B.V	1
123-webserver.net	wintersportvakantie.nu	1
NUCDN	kobaltmusic.nu	1
combell.net	caop.nl	1
CLDIN B.V.	beeware.nu	1
LIQUIDWEB	complit.nu	1
Duocast B.V.	vboc.nu	1
Yelles AB	gameover.nu	1
mijndnsserver.nl	easypointer.nu	1
Hetzner Online GmbH	cornelissen.nu	1
loopia.se	gnet.nu	1
LeaseWeb Netherlands B.V.	autoborg.nu	1
Signet B.V.	besteljebestelauto.nu	1
Hetzner Online GmbH	kesia.nu	1
Signet B.V.	raadgevers.nu	1
Yelles AB	tlaw.nu	1
CLOUDFLARENET	gummilarver.nu	1
muntinternet.net	noordelinge.nu	1
CLDIN B.V.	extrahand.nu	1
colo.lv	timberart.nu	1
Uniserver Internet B.V.	online-event.nu	1
TrueFullstaq B.V.	lugarde.nu	1
dynu.com	NAMECHEAP-NET	1
Yelles AB	aktivavspanning.nu	1
SECURITYSERVICES	leta.se	1
DIGITALOCEAN-ASN	artemisia.nu	1
CLOUDFLARENET	emarked.nl	2
CLOUDFLARENET	safe-solar.nu	1
isset.cloud	isset.cloud	1
one.com	fineman.nu	1
hostnet.nl	openup.nu	1
ACTIVE 24, s.r.o.	g1.nu	1
Eurofiber Cloud Infra B.V.	rux.nu	1
CLDIN B.V.	direct-adsl.nl	1
DIGITALOCEAN-ASN	vandie.nu	1
Yelles AB	arizona.nu	1
DIGITALOCEAN-ASN	taivas.nl	1
joker.com	GOOGLE	3
SECURITYSERVICES	atlascopco.com	1
Signet B.V.	dezaak.nu	1
Signet B.V.	takeback.nu	1
LIQUIDWEB	ohman.nu	1
aname.net	Telia Company AB	1
dnspod.net	qq.com	1
Uniserver Internet B.V.	elvis-show.nu	1
afraid.org	hexbit.se	1
Signet B.V.	advocatenunie.nu	1
cy.at	cyberfuture.nu	1
credittools.nl	kredietverzekering.nu	1
CLOUDFLARENET	revo.nu	1
Yelles AB	athletica.nu	1
DIGITALOCEAN-ASN	peprojects.nu	1
ACTIVE 24, s.r.o.	ivk.nu	1
Stichting DIGI NL	vmr.nu	1
ACTIVE 24, s.r.o.	hoglind.nu	1
ports.se	ports.se	2
hix.nl	vouwwagen.nu	1
CLDIN B.V.	kruijer.nu	1
3dg.se	MICROSOFT-CORP-MSN-AS-BLOCK	2
domainhotelli.fi	domainhotelli.fi	1
neostrada.nl	superservice.nu	1
BIT BV	qdev.nl	1
ACTIVE 24, s.r.o.	lapp.nu	1
loopia.se	ctdatahifi.se	1
GleSYS AB	bennett.nu	1
CLOUDFLARENET	radiostations.nu	1
CLDIN B.V.	spekglad.nu	1
ACTIVE 24, s.r.o.	seracing.nu	1
GleSYS AB	hedman.nu	1
CLOUDFLARENET	spuit.nu	1
Signet B.V.	cpw.nu	1
dmg.nu	videoclips.nu	1
agrinet.ch	servicehoster.ch	1
DIGITALOCEAN-ASN	health4u.nu	1
ACTIVE 24, s.r.o.	glosoria.nu	1
hix.nl	stream-server.nu	1
ximple.nl	haaruitval.nu	1
atom86 BV	sokkerpaek.nu	1
Signet B.V.	onzetandarts.nu	1
cloudns.net	30dagenzonderalcohol.nu	1
bhosted.nl	msv1.invalid	1
We Dare B.V.	majeur.nu	1
Yelles AB	filmx.nu	1
Signet B.V.	jouwmailserver.nl	1
Yelles AB	whisky.nu	1
One.com A/S	standplan.nu	1
ACTIVE 24, s.r.o.	laxor.nu	1
ACTIVE 24, s.r.o.	melodia.nu	1
profitbyte.com	GOOGLE	1
GleSYS AB	cnm.nu	1
asimonetworks.com	beijer.nu	1
Yelles AB	ikapp.nu	1
Miss Hosting AB	lenting.nu	1
ACTIVE 24, s.r.o.	redovisning.nu	1
ACTIVE 24, s.r.o.	i-t.nu	1
DIGITALOCEAN-ASN	inkleur.nu	1
hostnet.nl	loonsite.nu	1
OVH SAS	goffin.nu	1
pro-serve.eu	moarn.nu	1
webhost.company	eenfijndomein.nl	1
netbox.no	stripa.nu	1
Teleservice Bredband Skane AB	CLOUDFLARENET	1
CLOUDFLARENET	nordviken.nu	1
gastrogate.com	gastrogate.com	1
Cygrids Communications AB	lejonkemi.nu	1
hostnet.nl	infotechnology.nl	1
ACTIVE 24, s.r.o.	tapetserare.nu	1
datafant.se	MICROSOFT-CORP-MSN-AS-BLOCK	1
GleSYS AB	no144.nu	1
Yelles AB	webuy.nu	1
TrueFullstaq B.V.	LeaseWeb Netherlands B.V.	1
datismijn.com	irepair.nu	1
dn-s.nl	microfilm.nu	1
Yelles AB	gronfasadtvatt.nu	1
ACTIVE 24, s.r.o.	enresurs.nu	1
Signet B.V.	easecomm.nu	1
axc.nl	bystro.nu	1
awsdns-18.org	GOOGLE	1
combell.net	0.be	1
Hetzner Online GmbH	team.blue Denmark A/S	1
UpCloud Ltd	purebeauty.nu	1
webruimtehosting.nl	grafischvormgever.nu	1
Signet B.V.	assetfinanciering.nu	1
Signet B.V.	zeebloei.nu	1
Signet B.V.	vooijs.nu	1
Signet B.V.	energie-aanbiedingen.nu	1
CLOUDFLARENET	minecraft.nu	1
Yelles AB	munchy.nu	1
terrabyte-dns.nl	seniorenwijzer.nu	1
Yelles AB	halalcertification.nu	1
GleSYS AB	dandersson.nu	1
Cygrids Communications AB	hartwig.nu	1
mijndnsserver.nl	achterwacht.nu	1
ACTIVE 24, s.r.o.	argument.nu	1
one.com	svendsen-data.dk	2
Yelles AB	ctek.nu	1
Host Europe GmbH	mrd.nu	1
megabeheer.com	MICROSOFT-CORP-MSN-AS-BLOCK	2
thednscompany.com	leercoach.nu	1
hyp.net	smsfilm.nu	1
ACTIVE 24, s.r.o.	coder.nu	1
Signet B.V.	webbies.nu	1
ACTIVE 24, s.r.o.	rspct.nu	1
CLOUDFLARENET	barsta.nu	1
ek-media.nl	MICROSOFT-CORP-MSN-AS-BLOCK	1
MICROSOFT-CORP-MSN-AS-BLOCK	forexbankab.nu	1
1984.is	resonance.nu	1
CLOUDFLARENET	tandimplantaten.nu	1
Signet B.V.	betekenisvolgeven.nu	1
Signet B.V.	geefeenglimlach.nu	1
SECURITYSERVICES	valgorenhet.nu	1
proisp.no	plastikkirurgi.nu	1
Signet B.V.	solarsell.nu	1
One.com A/S	standmax-lighting.nu	1
ACTIVE 24, s.r.o.	prata.nu	1
Infopact Netwerkdiensten B.V.	websjop.nu	1
dn-s.nl	bedsandbedding.nu	1
LIQUIDWEB	worldnames.nu	1
kierratyskone.fi	iobox.com	1
OVH SAS	Cloudflare London, LLC	1
The Internet Engineering Group B.V.	waardemakers.nu	1
LIQUIDWEB	mll.nu	1
ACTIVE 24, s.r.o.	teleoffice.se	1
budgetsmartserver.nl	alletijd.nu	1
loopia.se	dyndns.org	1
CLOUDFLARENET	oneco.nu	1
dn-s.nl	beelen.nu	1
ACTIVE 24, s.r.o.	lutzen.nu	1
inviso.se	GOOGLE	3
ACTIVE 24, s.r.o.	nordberg.nu	1
uucp.nl	terra.nu	1
Yelles AB	alabama.nu	1
dn-s.nl	alcons.nu	1
fryngehosting.com	asher.nu	1
CLDIN B.V.	diamonds.nu	1
ACTIVE 24, s.r.o.	racingschool.nu	1
jkwebdesign.nl	worldothello.nu	1
bestforever.org	bestforever.nu	1
hostnet.nl	amslegal.nu	1
ACTIVE 24, s.r.o.	skugga.nu	1
xn--villaplning-28a.nu	xn--villaplning-28a.nu	1
hosted.nl	hypotheekadvies.nu	1
OVH SAS	zorgmedia.nu	1
GleSYS AB	rosvall.nu	1
123-dediserver106.biz	MICROSOFT-CORP-MSN-AS-BLOCK	1
ilait.se	manse.nu	1
cloudns.net	tijdelijkebeveiliging.nu	1
mynameserver.be	MICROSOFT-CORP-MSN-AS-BLOCK	1
Yelles AB	simplybarefoot.nu	1
CLOUDFLARENET	theend.nu	1
one.com	komforan.nu	1
CLOUDFLARENET	u9.nu	1
DIGITALOCEAN-ASN	computerles.nu	1
ACTIVE 24, s.r.o.	fysiorehab.nu	1
cloud86.nl	where-else.nu	1
CLOUDFLARENET	hattstugan.nu	1
DIGITALOCEAN-ASN	aai.nu	1
Yelles AB	lineupclub.nu	1
neostrada.nl	suri.nu	1
trouble-free.net	vice.nu	1
ACTIVE 24, s.r.o.	tnb.nu	1
cloud86.nl	melange.nu	1
hix.nl	GOOGLE	1
Cloud DNS Ltd	grafinu.nu	1
Signet B.V.	brengme.nu	1
team.blue Denmark A/S	nordtronic.nu	1
Yelles AB	asdf.nu	1
ACTIVE 24, s.r.o.	lokstallet.nu	1
netvictory.net	CLOUDFLARENET	1
CLOUDFLARENET	xn--anskomln-g0a9n.nu	1
GleSYS AB	Loopia AB	2
zeta.nl	spamexperts.net	1
CLOUDFLARENET	trail.nu	1
IONOS SE	rabat.nu	1
CLOUDFLARENET	heckenpflanzen.nu	1
one.com	Cloudflare London, LLC	2
hosting2go.nl	MICROSOFT-CORP-MSN-AS-BLOCK	3
OVH SAS	hyrox.nu	1
sac-it.dk	webpartner.dk	1
dutch-it-services.eu	GOOGLE	1
Yelles AB	bildelarna.nu	1
GleSYS AB	hogman.nu	1
Yelles AB	tonywalter.nu	1
CLOUDFLARENET	mijnproject.nu	1
Hetzner Online GmbH	brodega.nu	1
Yelles AB	sportbilar.nu	1
Yelles AB	mamimo.nu	1
Yelles AB	hab.nu	1
hostnet.nl	mailcontrol.com	2
ANEXIA Internetdienstleistungs GmbH	xxlsports.nu	1
Infopact Netwerkdiensten B.V.	AMAZON-02	1
ACTIVE 24, s.r.o.	sverigekurs.nu	1
dn-s.nl	telemos.nl	1
CLDIN B.V.	circulair.nu	1
BUNNYWAY, informacijske storitve d.o.o.	Heinlein-Support GmbH	1
Signet B.V.	supervisie.nu	1
case-internet.nl	SQUIXA PTY LIMITED	1
dn-s.nl	onderwijscommunicatie.nu	1
ACTIVE 24, s.r.o.	infuture.nu	1
Yelles AB	xn--brnslecell-r5a.nu	1
Yelles AB	minadokument.nu	1
Signet B.V.	configurator.nu	1
GleSYS AB	talentointernational.nu	1
one.com	GlobalConnect AB	1
virtio.be	littekenbreuk.nu	1
Host Europe GmbH	APPLE-ENGINEERING	1
Yelles AB	girlscorner.nu	1
Cygrids Communications AB	profashop.nu	1
runesa.eu	bserved.nu	1
loopia.se	lightdesign.nu	1
GleSYS AB	hgab.nu	1
Eurofiber Cloud Infra B.V.	eigenwijzer.nu	1
Signet B.V.	synapse.nu	1
cardsolutions.nl	ggca.nl	1
Uniserver Internet B.V.	schoolsout.nu	1
ilc-europe.nl	nurizon.nu	1
CLOUDFLARENET	datafox.nu	1
cloudns.net	infra.network	1
CLOUDFLARENET	waka.nu	1
thednscompany.com	vanuithethart.nu	1
rhs2.nl	foppen.nu	1
loopia.se	gyllebo.se	1
axc.nl	automaterialen.nu	1
dhs10.nl	rijschoolgroningen.nu	1
Infopact Netwerkdiensten B.V.	bestelhet.nu	1
CLOUDFLARENET	sommeliercursus.nu	1
Signet B.V.	carmen.nu	1
Yelles AB	malarenergi.nu	1
dimac.net	mailwashing.com	1
CLOUDFLARENET	marcaria.com	1
ACTIVE 24, s.r.o.	ivar.nu	1
loopia.se	konkret.nu	1
CLOUDFLARENET	etenbezorgd.nu	1
ACTIVE 24, s.r.o.	ncsab.nu	1
GleSYS AB	webdoc.nu	1
Yelles AB	fotbollsstatistik.nu	1
Yelles AB	jumu.nu	1
one.com	Blix Solutions AS	1
zonezero.se	zonezero.se	1
CLOUDFLARENET	mijn.host B.V.	2
nmugroup.com	surftown.se	1
loopia.se	machotellet.se	1
cloudns.dk	frugtplantagen.nu	1
chosting.dk	r4f.nu	1
afixserver01.nl	allinglas.nu	1
Yelles AB	iptv.nu	1
zekerhost.com	DIGITALOCEAN-ASN	1
allethahosting2.nl	hrvan.nu	1
chosting.dk	traininggames.nu	1
ACTIVE 24, s.r.o.	xn--blomquiststdservice-qwb.nu	1
Signet B.V.	experiencedata.nu	1
safebrands.com	mail-forwarder.io	1
yourdomainprovider.net	soulshine.nu	1
CLOUDFLARENET	broed.nu	1
LIQUIDWEB	bilskolan.nu	1
Akamai International B.V.	AMAZON-02	1
LIQUIDWEB	cybernet.rip	1
webhostmost.com	debunk1984fakehistory.nu	1
Fundaments B.V.	ja-maar.nu	1
icon.nu	icon.nu	1
b-smarthosting.net	padberg.nu	1
GleSYS AB	candygirl.nu	1
Hetzner Online GmbH	soulspark.nu	1
DIGITALOCEAN-ASN	bijvank.nu	1
NetBase BV	ZOHO Corporation B.V	2
SECURITYSERVICES	aspecthosting.net	1
BIT BV	interchanger.nu	1
UKDedicated LTD	lepricon.nu	1
elonisas.nl	eerlijkgezegd.nu	1
Hetzner Online GmbH	marlonsalsipuedes.nl	1
LIQUIDWEB	festlokal.nu	1
Signet B.V.	polls.nu	1
itsourbusiness.nl	CLOUDFLARENET	1
Miss Hosting AB	businesssupport.nu	1
CLOUDFLARENET	nysteget.nu	1
GOOGLE	amazonses.com	1
DirectVPS B.V.	huureenauto.nu	1
firmanett.no	firmanett.no	1
ACTIVE 24, s.r.o.	neofire.nu	1
hyp.net	nazwa.pl	1
ORACLE-BMC-31898	marsden.nu	1
ACTIVE 24, s.r.o.	scorx.nu	1
nameshield.net	salomon-sports.com	1
Yelles AB	braforsakringar.nu	1
mngd-hosting.com	knullsugen.nu	1
one.com	taktekker.nu	1
Yelles AB	banker.nu	1
ACTIVE 24, s.r.o.	maremmano-abruzzese.nu	1
ACTIVE 24, s.r.o.	jehova.nu	1
Yelles AB	falkvikspizzeria.nu	1
ACTIVE 24, s.r.o.	scop.nu	1
DIGITALOCEAN-ASN	gezinssupport.nu	1
CLOUDFLARENET	scrubbis.nu	1
Yelles AB	vgbt.nu	1
jsr-it.nl	filteryour.email	3
UKDedicated LTD	alohaphoto.nu	1
unknown	projectengine.nu	1
Yelles AB	akmail.nu	1
mijn.host	computer-care.nu	1
afraid.org	lumbago.nu	1
agrar.nu	traktorpower.nu	1
webruimtehosting.nl	dental-m.nu	1
Yelles AB	beermap.nu	1
BIT BV	vaneck.nu	1
mijndnsserver.nl	depoort.nu	1
Yelles AB	registreringsnummer.nu	1
loopia.se	m-unit.se	1
ACTIVE 24, s.r.o.	karhu.nu	1
4u-hosting.com	spiritual.nu	1
runesa.eu	waddenhuisje.nu	1
Signet B.V.	kidsconnect.nu	1
Telia Company AB	xn--dingva-lua.nu	1
CLOUDFLARENET	182.218	1
Hetzner Online GmbH	polar55.nu	1
elliotlevin.dev	GOOGLE	1
ACTIVE 24, s.r.o.	partyband.nu	1
CLOUDFLARENET	swos.nu	1
loopia.se	blazer.nu	1
nsd.dk	MICROSOFT-CORP-MSN-AS-BLOCK	1
Signet B.V.	catch-me.nu	1
Yelles AB	safeit.nu	1
hostnet.nl	amsadv.nu	1
netset.se	netset.nu	1
hosted.nl	groepsreizen.nu	1
cloud86.nl	safe2work.nu	1
slampaq.com	digitalemarketeer.nu	1
startasmart.nu	startasmart.nu	1
kramerhosting.se	molotov.nu	1
hemhosting.se	jagarliv.nu	1
Signet B.V.	flevoland.nu	1
ACTIVE 24, s.r.o.	jonassons.nu	1
kpn.net	kpnictservices.nu	1
Signet B.V.	verhalenfabriek.nu	1
ACTIVE 24, s.r.o.	23M GmbH	1
CLOUDFLARENET	fenix.nu	1
Combell NV	vakature.nu	1
Uniserver Internet B.V.	twentytwenty.nu	1
ACTIVE 24, s.r.o.	bilkoparguiden.nu	1
hosted.nl	autovakantie.nu	1
hosting2go.nl	mohanlalxl.nu	1
Fundaments B.V.	countdown.nl	2
ACTIVE 24, s.r.o.	bhs.nu	1
cloudns.net	DIGITALOCEAN-ASN	2
webhostingserver.nl	uitvaarttextiel.nu	1
Signet B.V.	eigenaarschap.nu	1
One.com A/S	heuveling.nu	1
CLOUDFLARENET	huisken.nu	1
fast-web-servers.com	sas.nu	1
CLOUDFLARENET	friskbris.nu	1
litehosting.be	MICROSOFT-CORP-MSN-AS-BLOCK	1
humantrust.net	hitmessaging.net	1
GleSYS AB	xn--gettern-f1a.nu	1
Yelles AB	skymark.nu	1
dn-s.nl	inkaart.nu	1
shockmedia.nl	workfit.nu	1
One.com A/S	siredmond.nu	1
DIGITALOCEAN-ASN	jukebox-radio.nu	1
ACTIVE 24, s.r.o.	mooiwerk.nu	1
Serverius Holding B.V.	gratissexdating.nu	1
Signet B.V.	autotransporteren.nu	1
CLOUDFLARENET	pierre-kitchen.nu	1
GleSYS AB	themegatour.nu	1
Signet B.V.	helloworldgifts.nu	1
LeaseWeb Netherlands B.V.	dehuisdokter.nu	1
awsdns-09.com	epostfaktura.nu	1
Infopact Netwerkdiensten B.V.	roodadvies.nu	1
GleSYS AB	bibel.nu	1
CLOUDFLARENET	loebebaand.nu	1
CLOUDFLARENET	fornuftig.nu	1
Conect networks and Information Technology i Jonkoping AB	STABLEHOST	1
Hydra Communications Ltd	twelk.nu	1
CLDIN B.V.	onvergetelijk.nu	1
itgarden.se	GOOGLE	1
ACTIVE 24, s.r.o.	babian.nu	1
ports.se	kghcustoms.nu	1
Signet B.V.	dedagvandaag.nu	1
gransy.com	privategym.nu	1
ports.se	bluestepfinans.nu	1
CLDIN B.V.	vivalavie.nu	1
telanco.dk	MICROSOFT-CORP-MSN-AS-BLOCK	1
ACTIVE 24, s.r.o.	cottonclub.nu	1
LIQUIDWEB	aarts.nu	1
Infopact Netwerkdiensten B.V.	Signet B.V.	1
loopia.se	landol.nu	1
cargo.site	cocreatie.nu	1
CLOUDFLARENET	jasmijn.nu	1
dnssrv.nl	businesscenter.nu	1
connectium.nl	MICROSOFT-CORP-MSN-AS-BLOCK	1
sitelight.nl	vergadering.nu	1
oderland.com	xn--golvlggare-u5a.nu	1
bhosted.nl	mailserver.nu	1
Signet B.V.	globalschool.nu	1
team.blue Denmark A/S	filecloud.nu	1
ACTIVE 24, s.r.o.	donner.nu	1
dn-s.nl	bigdataanalytics.nu	1
Telia Company AB	sejfo.com	1
sdns.nu	xnx.ch	1
We Dare B.V.	inductiefornuis.nu	1
ACTIVE 24, s.r.o.	bede.nu	1
cloud86.nl	bewatched.nu	1
DIGITALOCEAN-ASN	certified.nu	1
Signet B.V.	energycontrolmethode.nu	1
dn-s.nl	lightenup.nu	1
Stichting DIGI NL	safelifting.eu	1
MICROSOFT-CORP-MSN-AS-BLOCK	epm.se	1
cloudeal.nl	cloudeal.nl	1
webhosted.net	bekkers.nu	1
cloud86.nl	motivatie.nu	1
Signet B.V.	helikoptervlucht.nu	1
salecto.com	team.blue Denmark A/S	1
bulk.nu	bulk.nu	1
One.com A/S	jeanpeters.nu	1
GleSYS AB	ridderstolpe.nu	1
GOOGLE	mailchannels.net	1
kapsi.fi	kapsi.fi	1
dbsgroep.net	cygnus.nu	1
TrueFullstaq B.V.	back-stage.nu	1
Yelles AB	ebba.nu	1
Signet B.V.	studentjob.nu	1
one.com	ACTIVE 24, s.r.o.	1
LIQUIDWEB	braxen.nu	1
ACTIVE 24, s.r.o.	oscar.nu	1
GleSYS AB	ictplatform.net	2
Yelles AB	guldsmeder.nu	1
One.com A/S	rondjefietsen.nu	1
ACTIVE 24, s.r.o.	amorc.nu	1
CLOUDFLARENET	shoperiadns.com	1
zoneedit.com	APPLE-ENGINEERING	1
DIGICERT	rocksol-it.nl	1
Signet B.V.	dwarsfluitles.nu	1
cnsdns.nl	MICROSOFT-CORP-MSN-AS-BLOCK	1
Yelles AB	milk.nu	1
CLOUDFLARENET	winetasticsweden.nu	1
Akamai Connected Cloud	vathorst.nu	1
CLOUDFLARENET	leveninvrijheid.nu	1
mddservices.com	shadow.nu	1
DIGITALOCEAN-ASN	luc.nu	1
SECURITYSERVICES	songnetworks.se	1
domberg.nu	domberg.nu	1
forsmark.dk	thedump.dk	1
One.com A/S	deherinneringblijft.nu	1
DIGITALOCEAN-ASN	oergezond.nu	1
Yelles AB	tripmate.nu	1
GANDI SAS	limetravel.nu	1
axc.nl	24x7email.nl	1
Yelles AB	stefanahlin.nu	1
MICROSOFT-CORP-MSN-AS-BLOCK	tijdelijkgebruik.nu	1
ACTIVE 24, s.r.o.	fyrstad.nu	1
ACTIVE 24, s.r.o.	lamna.nu	1
dn-s.nl	zenatrophy.nu	1
ACTIVE 24, s.r.o.	2s.nu	1
CLOUDFLARENET	number4hair.nu	1
truman.nu	5lbhammer.com	1
gastabud.com	gastabud.com	1
CLDIN B.V.	duivestein.nu	1
Yelles AB	xn--friskvrd-f0a.nu	1
Hetzner Online GmbH	berekenen.nu	1
Hetzner Online GmbH	curlsys.nu	1
Serverius Holding B.V.	cellaed.nu	1
awsdns-08.net	GOOGLE	1
ACTIVE 24, s.r.o.	wallgrens.nu	1
ACTIVE 24, s.r.o.	pubba.nu	1
ACTIVE 24, s.r.o.	elitserien.nu	1
axc.nl	dineren.nu	1
Signet B.V.	digitalecamera.nu	1
dn-s.nl	steriel.nu	1
webhost.company	GOOGLE	1
CLOUDFLARENET	escapades.nu	1
UKDedicated LTD	etthem.nu	1
Yelles AB	awisee.nu	1
Yelles AB	skitjakt.nu	1
Miss Hosting AB	cardell.nu	1
solidmediaserver.nl	teerlink.nu	1
Host Europe GmbH	radiot.nu	1
supremedns.com	mylogin.co	1
loopia.se	gigamail.nu	1
Uniserver Internet B.V.	flightcase.nu	1
Yelles AB	graphicode.nu	1
prevent-it.nl	CLOUDFLARENET	1
cyberserv.nl	istimewa-events.nu	1
ACTIVE 24, s.r.o.	aditus.nu	1
Signet B.V.	areyouready.nu	1
Signet B.V.	kwero.nu	1
heimat-hosting.de	heimathosting.de	1
GleSYS AB	easysoft.nu	1
ipcom GmbH	festlokalstockholm.nu	1
neostrada.nl	waterpedia.nu	1
DIGITALOCEAN-ASN	thetahealing.nu	1
SECURITYSERVICES	GO-DADDY-COM-LLC	2
exonet.nl	lubrontechnicalservices.nu	1
neostrada.nl	slotenmakeramsterdam.nu	1
NUCDN	blaustein.nu	1
ACTIVE 24, s.r.o.	julmust.nu	1
Signet B.V.	2ehandskeuken.nu	1
DIGITALOCEAN-ASN	socialemediacoach.nu	1
tardis.nu	tardis.nu	1
ACTIVE 24, s.r.o.	aikurs.nu	1
hostgator.com	freeweb.nu	1
ne.jp	watermelon.nu	1
plazaxl-server.nl	sohoix.com	1
stom.dk	vaad.nu	1
One.com A/S	breekijzer.nu	1
AMAZON-02	zwanebloem.nu	1
CLOUDFLARENET	godatider.nu	1
joppecomputers.nl	daudey.nu	1
Cloud DNS Ltd	Vianova S.p.A	1
sog-ict.nl	sog-ict.nl	1
net.au	maizels.nu	1
ACTIVE 24, s.r.o.	cdesign.nu	1
ACTIVE 24, s.r.o.	ebbes.nu	1
x-net.nu	x-net.nu	1
Signet B.V.	suikerbrood.nu	1
axc.nl	jurre.nu	1
loopia.se	neverending.nu	1
ACTIVE 24, s.r.o.	lisjo.nu	1
DIGITALOCEAN-ASN	mail	1
CLOUDFLARENET	kopahemsida.nu	1
sitehosting.nl	abcartoons.nu	1
Signet B.V.	feltracon.nu	1
Yelles AB	byggare.nu	1
onwelcom.dk	onwelcom.dk	1
ACTIVE 24, s.r.o.	asbrink.nu	1
Yelles AB	erneco.nu	1
dritdns.nl	verzenden.nu	1
One.com A/S	akoya.nu	1
oav.nu	oav.nu	1
Hetzner Online GmbH	holtermann.nu	1
ACTIVE 24, s.r.o.	nobbe.nu	1
CLOUDFLARENET	onlyfans.nu	1
ACTIVE 24, s.r.o.	flyingeagle.nu	1
CORESPACE-DAL	vidzi.nu	1
lbmedia.nl	cateringservice.nu	1
Signet B.V.	omniversum.nu	1
exsilia.net	asbaktegel.nu	1
Snel.com B.V.	registervacancy.nu	1
ACTIVE 24, s.r.o.	balloon.nu	1
isset.cloud	heatgreen.nl	1
eukns.com	haukaas.nu	1
Contabo GmbH	freshplayer.nu	1
CLOUDFLARENET	nebit.nu	1
LIQUIDWEB	customerservice.nu	1
CLOUDFLARENET	isp-huset.nu	1
neostrada.nl	nextstore.nu	1
team.blue Denmark A/S	xn--gld-yla.nu	1
Signet B.V.	staah.nu	1
rithoserver.nl	hoogerheide.nu	1
CLDIN B.V.	infotopics.nu	1
loopia.se	puu.nu	1
mastersofmedia.eu	MICROSOFT-CORP-MSN-AS-BLOCK	1
axc.nl	navy.nu	1
Yelles AB	tempen.nu	1
dnsexit.com	servicehoster.ch	1
ports.se	zarahdent.nu	1
Signet B.V.	circul8.nu	1
Telenor Norge AS	entreprenadstockholm.nu	1
CLOUDFLARENET	warmtepompkeuze.nu	1
contabo.net	ZOHO Corporation B.V	1
ACTIVE 24, s.r.o.	jdl.nu	1
ACTIVE 24, s.r.o.	totalitar.nu	1
Signet B.V.	nationaleapotheek.nu	1
Yelles AB	byxelkrok.nu	1
xertog.com	MICROSOFT-CORP-MSN-AS-BLOCK	1
ACTIVE 24, s.r.o.	ses.nu	1
ACTIVE 24, s.r.o.	proton.nu	1
Yelles AB	xn--lpskola-90a.nu	1
CLOUDFLARENET	popup-store.nu	1
shockmedia.nl	totalreality.nu	1
wk.se	alsglobal.eu	1
One.com A/S	liag.nu	1
siovps.be	mobiele-ketel-huren.nu	1
one.com	twe.net	1
mijndnsserver.nl	vught.nu	1
ipcom GmbH	nordgarden.nu	1
motanica.net	stoik.nu	1
Signet B.V.	puurverhuur.nu	1
CLDIN B.V.	strf.nu	1
nameserverseo.com	ksf.nu	1
CLOUDFLARENET	kommune.nu	1
Signet B.V.	delijn.nu	1
gitc.dk	valeur.nu	1
Cloud DNS Ltd	hoekvanholland.nu	1
ACTIVE 24, s.r.o.	kosa.nu	1
catchit-server7.nl	nextplan.nu	1
markmonitor.com	SECURITYSERVICES	1
AS-VULTR	GleSYS AB	1
btdns.nl	p-support.nu	1
BMS-AS	vidaza.nu	1
Yelles AB	hundgym.nu	1
pleskserver1.nl	weesp.nu	1
Yelles AB	sympetrum.nu	1
oderland.com	iterik.nu	1
loopia.se	infomaniak.ch	1
Cygrids Communications AB	p74.nu	1
BIZLAND-SD	webhost4life.com	1
noormanhosting.nl	worldtreasurycenter.nu	1
Signet B.V.	gifty.nu	1
neostrada.nl	hulshoff.nu	1
exonet.nl	webshopbeginnen.nu	1
hostnet.nl	spijkerit.nl	1
Eurofiber Cloud Infra B.V.	benz.nu	1
luna.net	luna.net	1
dn-s.nl	veldhuizen.nu	1
cloud86.nl	gtst.nu	1
123-webserver.biz	debron.nu	1
cloud86.nl	leading.nu	1
ACTIVE 24, s.r.o.	alexworld.nu	1
ffwd-it.nl	MICROSOFT-CORP-MSN-AS-BLOCK	1
ACTIVE 24, s.r.o.	quintadocasal.nu	1
loopia.se	dcdal.se	1
mithrilnetwork.com	cgn.nu	1
Signet B.V.	eminent.nu	1
Signet B.V.	huurwaardecheck.nu	1
Fundaments B.V.	23M GmbH	1
hostnet.nl	mvdb.nu	1
ACTIVE 24, s.r.o.	savstrom.se	1
ACTIVE 24, s.r.o.	henrikwiberg.nu	1
GleSYS AB	thedays.se	1
OVH SAS	m-c-s.nu	1
Yelles AB	rigoletto.nu	1
vis.nu	lpfm.io	1
planeetta.net	real-parts.nu	1
nameserverseo.com	ekonominytt.nu	1
ACTIVE 24, s.r.o.	nerven.nu	1
Cygrids Communications AB	jidder.nu	1
sectigoweb.com	GOOGLE-CLOUD-PLATFORM	1
DIGICERT	thunold.nu	1
cloud86.nl	beesd.nu	1
cloud86.nl	b-side.nu	1
ACTIVE 24, s.r.o.	jenner.nu	1
CLOUDFLARENET	sportvagn.nu	1
serviceprovider.nl	lonk.nu	1
Signet B.V.	onzichtbarebeugel.nu	1
vservs.com	GOOGLE	2
CLOUDFLARENET	jwtech.nu	1
nocdirect.com	metallica.nu	1
ACTIVE 24, s.r.o.	byggresultat.nu	1
ACTIVE 24, s.r.o.	vara.nu	1
ACTIVE 24, s.r.o.	te4.nu	1
OVH SAS	hoffmansmodeonline.nu	1
Signet B.V.	hems.nu	1
Signet B.V.	euromobil.nu	1
ODERLAND Webbhotell AB	maskkontroll.nu	1
Signet B.V.	itinoneday.nu	1
dn-s.nl	membersince.nu	1
mediawax.be	mdwx.be	1
2com2.eu	linck.nu	1
one.com	consult.nu	1
ACTIVE 24, s.r.o.	lilje.nu	1
esmero.nl	stefanie.nu	1
ports.se	alvstranden.nu	1
mananaweb.se	nordstrand.nu	1
LIQUIDWEB	moore.nu	1
CLOUDFLARENET	ScaleUp Technologies GmbH & Co. KG	1
brinkster.com	quran.nu	1
Yelles AB	Datacamp Limited	1
zoneedit.com	simply.nu	1
CLOUDFLARENET	billigamobilabonnemang.nu	1
is-fun.net	ullrich.nu	1
ACTIVE 24, s.r.o.	zoric.nu	1
one.com	wpmudev.host	1
ACTIVE 24, s.r.o.	lotti.nu	1
Yelles AB	halalsertifisering.nu	1
Yelles AB	encounter.nu	1
Yelles AB	aix.nu	1
AUTOMATTIC	vegoeco.se	1
ports.se	highcoast.nu	1
netim.net	chsc.dk	1
ACTIVE 24, s.r.o.	odelius.nu	1
Yelles AB	vordingborg.nu	1
CLOUDFLARENET	team-coaching.nu	1
Signet B.V.	zingenvoorjebrein.nu	1
One.com A/S	zweefvliegen.nu	1
CLOUDFLARENET	bengtnilsson.nu	1
webruimtehosting.nl	jankoopman.nu	1
Yelles AB	montana.nu	1
MICROSOFT-CORP-MSN-AS-BLOCK	uit.nu	1
hostnet.nl	leerkracht.nu	1
hultgren.nu	ZOHO Corporation B.V	1
abedns.net	GOOGLE	1
exonet.nl	raambekleding.nu	1
Hetzner Online GmbH	freeporn.nu	1
cloudns.net	whosting.be	1
ACTIVE 24, s.r.o.	knasterklubben.nu	1
Yelles AB	gracenet.nu	1
UKDedicated LTD	egenweb.nu	1
CLOUDFLARENET	leerreanimeren.nu	1
team.blue Denmark A/S	kropsmassage.nu	1
CLDIN B.V.	roostermanagement.nu	1
mijndnsserver.nl	onderhoud-cvketel.nu	1
CLOUDFLARENET	jd.nu	1
CLOUDFLARENET	mrnobody.nu	1
Yelles AB	skim.nu	1
CLOUDFLARENET	aanwijzing.nu	1
CLOUDFLARENET	nobull.nu	1
ACTIVE 24, s.r.o.	uppskattad.nu	1
awsdns-07.org	AMAZON-02	1
mananaweb.se	spiralblock.nu	1
ACTIVE 24, s.r.o.	akg.nu	1
ndi.nl	MICROSOFT-CORP-MSN-AS-BLOCK	1
loopia.se	book-it.nu	1
ACTIVE 24, s.r.o.	grilltips.nu	1
dn-s.nl	dehuiswerkkamer.nu	1
CLOUDFLARENET	kjellhaglund.nu	1
ACTIVE 24, s.r.o.	muchogrande.nu	1
dn-s.nl	damokles.nu	1
zoneedit.com	exchangelabs.com	1
DIGITALOCEAN-ASN	vertellen.nu	1
roy-wittenberg.nl	spiritualiteit.nu	1
ACTIVE 24, s.r.o.	livebet.nu	1
Telia Company AB	ewald.nu	1
CLOUDFLARENET	tegelzetter.nu	1
Signet B.V.	pivit.nu	1
Signet B.V.	hyp.nu	1
cloud86.nl	loslocos.nu	1
doorpointserver2.nl	boomschors.nu	1
Bahnhof AB	quintex.nu	1
roadside.nl	roadside.nl	2
hix.nl	decontamination.nu	1
oderland.com	karlstadccc.nu	1
Yelles AB	notisa.nu	1
team.blue Denmark A/S	mailoption.dk	1
DIGITALOCEAN-ASN	douchesimpel.nu	1
Yelles AB	bnhome.nu	1
ab stract ltd	mygel.nu	1
CLOUDFLARENET	svepet.nu	1
Signet B.V.	allesveilig.nu	1
Yelles AB	warg.nu	1
DIGITALOCEAN-ASN	claessens.nu	1
loopia.se	ingenjorsbyran.se	1
cloud86.nl	groenproject.nu	1
Yelles AB	ZOHO Corporation B.V	1
ACTIVE 24, s.r.o.	huntley.nu	1
CLOUDFLARENET	106.nu	1
The Internet Engineering Group B.V.	Stichting DIGI NL	1
One.com A/S	zeghetmaar.nu	1
Bahnhof AB	pinnarp.nu	1
GleSYS AB	birdtwig.nu	1
DIGITALOCEAN-ASN	odes.nu	1
pbsys.no	MICROSOFT-CORP-MSN-AS-BLOCK	1
Signet B.V.	grafkist.nu	1
Signet B.V.	vacaturevan.nu	1
LIQUIDWEB	freelab.nu	1
Miss Hosting AB	mbo.nu	1
Miss Hosting AB	roba.nu	1
ACTIVE 24, s.r.o.	invoicery.nu	1
Signet B.V.	cyberbeveiligingswet.nu	1
ACTIVE 24, s.r.o.	ultraclean.nu	1
Hetzner Online GmbH	watchtower.nu	1
remote-office.nl	vanderdonk.nu	1
ACTIVE 24, s.r.o.	vaccinationsgruppen.nu	1
ACTIVE 24, s.r.o.	animare.nu	1
adema-it.nl	hcw.nu	1
CLOUDFLARENET	goldring.nu	1
ACTIVE 24, s.r.o.	mdsab.nu	1
lientje.net	zoekdekking.nu	1
bookingexperts.nl	MICROSOFT-CORP-MSN-AS-BLOCK	1
contabo.net	inlogg.nu	1
CLOUDFLARENET	slumber.nu	1
One.com A/S	radijs.nu	1
Eurofiber Cloud Infra B.V.	hersenletsel.nu	1
Signet B.V.	financieelinzicht.nu	1
Miss Hosting AB	eggeby.nu	1
dn-s.nl	casinosites.nu	1
snel.com	ek.nu	1
CLOUDFLARENET	itcampaign.nu	1
contabo.net	vicarious.nu	1
kooper.se	kooper.se	1
exonet.nl	meestersgilde.nu	1
CLOUDFLARENET	bloembollenkopen.nu	1
One.com A/S	pionier.nu	1
webhost.company	baflo.nu	1
loopia.se	knarka.nu	1
LIQUIDWEB	robotaxi.nu	1
dn-s.nl	vaderschapstest.nu	1
triple-it.nl	sexlijn.nu	1
Signet B.V.	visions.nu	1
axc.nl	sevenseas.nu	1
CLOUDFLARENET	himma.nu	1
GleSYS AB	xn--frfattare-07a.nu	1
CLOUDFLARENET	hgr.nu	1
dn-s.nl	humaninterest.nu	1
name-services.com	ctmail.com	1
loopia.se	ankarcrona.nu	1
svenskadomaner.se	itkonsulting.nu	1
Fundaments B.V.	natuurbeheer.nu	1
ACTIVE 24, s.r.o.	augmentedreality.nu	1
bthosting.eu	rrl.nu	1
ACTIVE 24, s.r.o.	jls.nu	1
MICROSOFT-CORP-MSN-AS-BLOCK	dekievit.nu	1
Hetzner Online GmbH	hjortdal.nu	1
Signet B.V.	paragnostenchat.nu	1
cloudns.net	ipsec.se	1
Signet B.V.	hleina.nu	1
ACTIVE 24, s.r.o.	festa.nu	1
mijndnsserver.nl	stropdassen.nu	1
Hetzner Online GmbH	godvin.nu	1
ramokhosting.nl	GOOGLE	1
CLOUDFLARENET	carabiner.nu	1
Serverius Holding B.V.	areal.nu	1
ACTIVE 24, s.r.o.	suburban.nu	1
joacim.se	joacim.se	1
CLDIN B.V.	existent.nu	1
CLOUDFLARENET	slangakut.nu	1
one.com	ulmi.nu	1
DIGITALOCEAN-ASN	flexxx.nu	1
Signet B.V.	metsas.nu	1
Signet B.V.	vuurwerktotaal.nu	1
rocketship.cloud	by-crea.nu	1
Yelles AB	johnsilvell.nu	1
CLOUDFLARENET	josefs.nu	1
043web.nl	dienet.nu	1
ne.jp	kitagawa.nu	1
ACTIVE 24, s.r.o.	handlajulklappar.nu	1
Yelles AB	galet.nu	1
CLDIN B.V.	bring-it.nu	1
Yelles AB	cosmo.nu	1
CLOUDFLARENET	pole-position.nu	1
zoneedit.com	Hostek AB	2
oderland.com	sparhotell.nu	1
Yelles AB	husmorstips.nu	1
ACTIVE 24, s.r.o.	mediaverkstaden.nu	1
heights.nl	apollohotels.nu	1
Yelles AB	senchoo.nu	1
Yelles AB	cortex.nu	1
seatsandsofas.nl	bankstellen.nu	1
mijn.host	CLDIN B.V.	3
NewVM B.V.	geoping.nu	1
IONOS SE	xss.nu	1
ochnu.com	v2.nu	1
ACTIVE 24, s.r.o.	ncm.nu	1
Uniserver Internet B.V.	appartementen.nu	1
Yelles AB	script.nu	1
sodes.net	sodes.net	1
shockmedia.nl	jadoelokaal.nu	1
One.com A/S	stewardess.nu	1
axc.nl	safetytraining.nu	1
CLOUDFLARENET	iceclub.nu	1
ACTIVE 24, s.r.o.	malarbaden.nu	1
CLOUDFLARENET	prj.nu	1
CLDIN B.V.	vannoort.nu	1
netbox.no	netbox.nu	1
One.com A/S	moustache.nu	1
GleSYS AB	tjana-pengar.nu	1
hyp.net	AMAZON-02	1
Signet B.V.	femmevita.nu	1
Signet B.V.	carbonplanet.nu	1
ACTIVE 24, s.r.o.	crossfithalmstad.nu	1
vanmierlo.nu	vanmierlo.nu	1
GleSYS AB	tandakuten.nu	1
sase.nu	sase.nu	1
GleSYS AB	bada.nu	1
Yelles AB	elveia.nu	1
team.blue Denmark A/S	klipz.nu	1
CLOUDFLARENET	soar.nu	1
CLOUDFLARENET	gardendesign.nu	1
Uniserver Internet B.V.	geloof.nu	1
ACTIVE 24, s.r.o.	rundgren.nu	1
Signet B.V.	yourict.nl	2
loopia.se	haglof.nu	1
Trans-iX B.V.	shareideas.nu	1
cloud86.nl	losjes.nu	1
Cygrids Communications AB	spaobad.nu	1
one.com	ZOHO-AS	3
ACTIVE 24, s.r.o.	free4life.nu	1
scania.com	scania.com	1
ACTIVE 24, s.r.o.	psst.nu	1
Yelles AB	dumbom.nu	1
server-farm.net	MICROSOFT-CORP-MSN-AS-BLOCK	1
UKDedicated LTD	xlvillan.nu	1
BIZLAND-SD	kjeldsen.nu	1
Signet B.V.	konag.nu	1
Signet B.V.	paardentrailers.nu	1
hosted.nl	winkelman.nu	1
aname.net	webdriftarna.nu	1
afraid.org	Cloudflare London, LLC	1
Host Europe GmbH	ivibes.nu	1
ACTIVE 24, s.r.o.	sateri.nu	1
Hetzner Online GmbH	holweg.nu	1
Signet B.V.	prepaidcreditcard.nu	1
CLOUDFLARENET	brenning.nu	1
dns.services	besecure.nu	1
consensus.com	electric.net	1
loopia.se	anslutning.se	2
2makeitwork.nl	marlog-car-handling.nu	1
ACTIVE 24, s.r.o.	hasses.nu	1
stric.nl	skatestore.nu	1
CLDIN B.V.	CLOUDFLARENET	4
Signet B.V.	tingsz.nu	1
oderland.com	laserhamster.nu	1
Signet B.V.	veegservice.nu	1
awsdns-06.org	kullander.nu	1
Yelles AB	leoh.nu	1
Signet B.V.	omgevingsjurist.nu	1
CLOUDFLARENET	suso.nu	1
srvnl.nl	fempower.nu	1
Cloud DNS Ltd	duurzamegronden.nu	1
Combell NV	vacature-pagina.nu	1
ACTIVE 24, s.r.o.	malmobadmintoncenter.nu	1
hosting-dns.org	rory.nu	1
Signet B.V.	vochtproblemen.nu	1
Stichting DIGI NL	reanimatiecursus.nu	1
hostland.ru	mdph.nu	1
Yelles AB	zumba.nu	1
neostrada.nl	groengras.nu	1
allethahosting.nl	MICROSOFT-CORP-MSN-AS-BLOCK	1
cynthia.is	cynthia.re	1
ACTIVE 24, s.r.o.	sprung.nu	1
mercuryads.media	beachparty.nu	1
nebula.fi	nebula.fi	1
ACTIVE 24, s.r.o.	apladalen.nu	1
Mediateknik i Varberg AB	GOOGLE	1
ACTIVE 24, s.r.o.	hoffmanns.nu	1
ACTIVE 24, s.r.o.	toppik.nu	1
Hetzner Online GmbH	gisselmann.nu	1
foxxl.net	MICROSOFT-CORP-MSN-AS-BLOCK	1
Hetzner Online GmbH	vakantiezeeland.nu	1
Telia Company AB	thehostingplatform.com	1
DIGITALOCEAN-ASN	personeelsmanager.nu	1
ANEXIA Internetdienstleistungs GmbH	DLX A/S	1
cloud86.nl	bpr.nu	1
auto-dns.com	hendrik.nu	1
CLOUDFLARENET	limpa.nu	1
Eurofiber Cloud Infra B.V.	polytop.nu	1
Signet B.V.	ltmevent.nu	1
Cloud DNS Ltd	ispmail.nl	2
ACTIVE 24, s.r.o.	jarlov.nu	1
Signet B.V.	mooiinhuis.nu	1
Hetzner Online GmbH	dahlstrom.nu	1
oderland.com	tandoorihouse.nu	1
Cygrids Communications AB	beslagdesign.nu	1
BIT BV	ultreia.nu	1
mijndnsserver.nl	APPLE-ENGINEERING	1
RouteLabel V.O.F.	windsprite.nu	1
CLOUDFLARENET	theworkout.nu	1
DIGITALOCEAN-ASN	maaltijdbox.nu	1
mijndnsserver.nl	airbadminton.nu	1
neostrada.nl	vleesvervangers.nu	1
CLDIN B.V.	hostage.nl	2
ACTIVE 24, s.r.o.	cynthia.nu	1
losning.nl	lve.nu	1
CLOUDFLARENET	triston.nu	1
Akamai International B.V.	klm.com	1
eigen-domein.be	akkermans.nu	1
Signet B.V.	goldband.nu	1
mijnwebsitehosting.com	MICROSOFT-CORP-MSN-AS-BLOCK	1
Yelles AB	grenander.nu	1
hyp.net	lpl.nu	1
axc.nl	geluidverhuur.nu	1
Yelles AB	id107.nu	1
hostnet.nl	yorbody.nu	1
ACTIVE 24, s.r.o.	sns.nu	1
CLOUDFLARENET	zonnehoeve.nu	1
Signet B.V.	clubrecords.nu	1
CLDIN B.V.	saris.nu	1
shellit.org	shellit.org	1
CLOUDFLARENET	0.1	1
mananaweb.se	bindografen.nu	1
MICROSOFT-CORP-MSN-AS-BLOCK	feestlocaties.nu	1
arpa.net	oyvay.nu	1
neostrada.nl	pilotage.nu	1
UKDedicated LTD	aderbrack.nu	1
ACTIVE 24, s.r.o.	exponet.nu	1
Yelles AB	turbovolvo.nu	1
erc-automatisering.net	MICROSOFT-CORP-MSN-AS-BLOCK	1
ACTIVE 24, s.r.o.	mander.nu	1
Yelles AB	days.nu	1
Eurofiber Cloud Infra B.V.	milieurapport.nu	1
Systemec BV	leolux.nl	1
CLOUDFLARENET	axteka.nu	1
CLOUDFLARENET	wolkie.nu	1
dinstudio.nu	dinstudio.nu	1
Yelles AB	ivory.nu	1
dnsexit.com	MICROSOFT-CORP-MSN-AS-BLOCK	1
axc.nl	lamarche.nu	1
CLOUDFLARENET	reijoz.nu	1
ACTIVE 24, s.r.o.	perfectskin.nu	1
Hetzner Online GmbH	captus.nu	1
DIGITALOCEAN-ASN	bedrijfswebsite.nu	1
rimotecloud.com	pagne.nu	1
sdns0.nl	backup365.nu	1
Yelles AB	snorre.nu	1
Signet B.V.	metacom.nu	1
hosofon.nl	narcose.nu	1
hostingindustries.nl	nieuwekeuken.nu	1
intendit.se	gsb.nu	1
HURRICANE	sa0bux.se	1
CLOUDFLARENET	owc.nu	1
ACTIVE 24, s.r.o.	minmiddag.nu	1
Yelles AB	studiorefine.nu	1
dn-s.nl	earningstripes.nu	1
Signet B.V.	energievolutie.nu	1
CLOUDFLARENET	mx7.net	1
Signet B.V.	gronco.nu	1
Signet B.V.	klimaatpositiefondernemen.nu	1
ACTIVE 24, s.r.o.	rg.nu	1
dn-s.nl	darmont.nu	1
ipcom GmbH	ringgatan.se	1
Yelles AB	trillian.nu	1
Yelles AB	xn--sllskapsspel-gcb.nu	1
LIQUIDWEB	hogakusten.nu	1
ACTIVE 24, s.r.o.	hacke.nu	1
ACTIVE 24, s.r.o.	sushirullen.nu	1
GleSYS AB	tradgardsmastare.nu	1
Yelles AB	konssjukdom.nu	1
fastsecurehost.com	freaky.nu	1
Signet B.V.	topla.nu	1
hix.nl	barberq.nu	1
serviceprovider.nl	duurzameenergie.nu	1
Fundaments B.V.	i-hosting.nu	1
CLOUDFLARENET	eno.nu	1
CLOUDFLARENET	pondres.nl	1
Signet B.V.	webversio.nu	1
Signet B.V.	checkware.nu	1
ipcom GmbH	caf.nu	1
Miss Hosting AB	reklamfabriken.nu	1
netzozeker.net	idnm.nu	1
Signet B.V.	handelsplaats.nu	1
Telia Company AB	sonera.com	1
Signet B.V.	finny.nu	1
Yelles AB	hemmat.nu	1
The Internet Engineering Group B.V.	APPLE-ENGINEERING	1
ACTIVE 24, s.r.o.	caltex.nu	1
digitalfix.nl	MICROSOFT-CORP-MSN-AS-BLOCK	1
Zylon	skec.nu	1
ACTIVE 24, s.r.o.	radiologi.nu	1
ACTIVE 24, s.r.o.	zen24.nu	1
LeaseWeb Netherlands B.V.	warempel.nu	1
Signet B.V.	visker.nu	1
serviceprovider.nl	businessrelatie.nl	1
decoweb.dev	vansan.nu	1
AUTOMATTIC	Signet B.V.	1
GleSYS AB	kak.nu	1
itide.dk	itide.dk	1
ACTIVE 24, s.r.o.	palmstierna.nu	1
Yelles AB	xposio.nu	1
noordned.nl	noorderpoort.nu	1
Yelles AB	strobe.nu	1
DIGITALOCEAN-ASN	thuisfeestje.nu	1
1and1.es	1and1.es	2
gullestrupnet.dk	augsburg.nu	1
siovps.be	wegvocht.nu	1
Yelles AB	sjovillan.nu	1
sohosted27.com	GOOGLE	1
Yelles AB	sportfiske.nu	1
proisp.no	ferdighekk.nu	1
Signet B.V.	bbfit.nu	1
lemondns.se	lemonlime.se	1
DIGITALOCEAN-ASN	nieuwland.nu	1
Signet B.V.	groeiversneller.nu	1
ACTIVE 24, s.r.o.	castellon.nu	1
dnsspace.nl	MICROSOFT-CORP-MSN-AS-BLOCK	1
sohosted54.com	CLDIN B.V.	1
DIGITALOCEAN-ASN	brandcoach.nu	1
Signet B.V.	onlineshopper.nu	1
ACTIVE 24, s.r.o.	mormorslillakraka.nu	1
ACTIVE 24, s.r.o.	terapicentrum.nu	1
ACTIVE 24, s.r.o.	agoodchoice.nu	1
OVH SAS	burgerschapsonderwijs.nu	1
ayaa.se	dalacapital.nu	1
Signet B.V.	groeimonitor.nu	1
ipcom GmbH	improwise.nu	1
Yelles AB	solcelleroffert.nu	1
LIQUIDWEB	delsbo.nu	1
The Internet Engineering Group B.V.	hostplan.nu	1
Miss Hosting AB	badrumsrenovering-huddinge.nu	1
CLOUDFLARENET	abdl.nu	1
team.blue Denmark A/S	krmab.nu	1
Yelles AB	citruspress.nu	1
Yelles AB	floating.nu	1
mijndnsserver.nl	skinmasters.nu	1
CLOUDFLARENET	xj.nu	1
Yelles AB	friends.nu	1
AMAZON-02	crazydomain.nu	1
roosit.eu	roosit.eu	1
procurios.net	procurios.net	1
ne.jp	kunuku.nu	1
CLOUDFLARENET	pierrekeuken.nu	1
Signet B.V.	groenezorg.nu	1
Cygrids Communications AB	poolochspa.nu	1
solidos.nl	overalwifi.nu	1
Intention B.V.	ademcirkel.nu	1
dnsroundrobin.net	knaz.nu	1
Signet B.V.	keukenloods.nu	1
team.blue Denmark A/S	kringle.nu	1
gastro.nu	MICROSOFT-CORP-MSN-AS-BLOCK	1
Uniserver Internet B.V.	fdbk.nu	1
yourdomainprovider.net	qlux.nu	1
iq.pl	iq.pl	1
ACTIVE 24, s.r.o.	liveevents.nu	1
Signet B.V.	soebratie.nu	1
CLOUDFLARENET	jknr.me	1
ACTIVE 24, s.r.o.	krg.nu	1
Stichting DIGI NL	again.nu	1
helpout.se	selected.se	1
WHG Hosting Services Ltd	lito.nu	1
cloudns.net	inbox.eu	1
DIGITALOCEAN-ASN	dukes.nu	1
Miss Hosting AB	designa.nu	1
Yelles AB	peterlindgren.nu	1
DIGITALOCEAN-ASN	kramer.nu	1
cms.se	ntnet.se	1
e-positive.ee	painokiila.fi	1
CLDIN B.V.	adviesover.nu	1
hostingdirect.nl	fransje.nu	1
ACTIVE 24, s.r.o.	flachsbinder.nu	1
Signet B.V.	onzichtbarebeugels.nu	1
keck.us	keck.nu	1
Cygrids Communications AB	sunrans.nu	1
worldwidedns.net	forwardmx.io	1
Signet B.V.	variemon.nu	1
dn-s.nl	baarle.nu	1
ACTIVE 24, s.r.o.	petterson.nu	1
Host Europe GmbH	Proton AG	1
Signet B.V.	picturae.com	1
CLDIN B.V.	kuiphuis.nl	1
1ns.nl	geldoporde.nu	1
Yelles AB	cykelpunkten.nu	1
cloud86.nl	oorsprong.nu	1
Yelles AB	foton.nu	1
DIGITALOCEAN-ASN	noodhulpknop.nu	1
Hetzner Online GmbH	demokratiet.nu	1
Yelles AB	upphandla.nu	1
hostnet.nl	mxlogic.net	2
QUIC-CLOUD	atom86 BV	1
enaserver.com	smartemail.se	1
neostrada.nl	arge.nu	1
Yelles AB	robonavicut.nu	1
Signet B.V.	fruits4real.nu	1
ACTIVE 24, s.r.o.	vidin.nu	1
Signet B.V.	instantpayments.nu	1
ACTIVE 24, s.r.o.	rgrh.nu	1
thednscompany.com	meeusverhuur.nu	1
zoneedit.com	magma.nu	1
datismijn.com	imacrepair.nu	1
ACTIVE 24, s.r.o.	runessonscamping.nu	1
DIGITALOCEAN-ASN	owb.nu	1
ports.se	udvikling.nu	1
ACTIVE 24, s.r.o.	resman.nu	1
Signet B.V.	favorita.nu	1
buddyns.com	onlinespamfilter.com	1
Signet B.V.	hopjob.nu	1
DIGITALOCEAN-ASN	vivir.nu	1
mijndnsserver.nl	ontlemmeren.nu	1
ipcom GmbH	NetBase BV	1
Signet B.V.	clickandeat.nu	1
axc.nl	maagzweer.nu	1
LeaseWeb Netherlands B.V.	watbeweegtjou.nu	1
Signet B.V.	bodhi-yoga.nu	1
LIQUIDWEB	OVH SAS	1
ACTIVE 24, s.r.o.	xn--tryggtfretagande-swb.nu	1
ACTIVE 24, s.r.o.	gritworks.nu	1
Yelles AB	clubhouse.nu	1
DIGITALOCEAN-ASN	actuelehypotheekrente.nu	1
cloud86.nl	mhome.nu	1
CLDIN B.V.	one2tennis.nu	1
Signet B.V.	francois.nu	1
absolutushost.nl	tekentest.nu	1
LIQUIDWEB	malen.nu	1
cloud86.nl	m-desk.nu	1
AMAZON-02	midare.nu	1
loopia.se	moma.nu	1
hyp.net	appex.no	1
ACTIVE 24, s.r.o.	semilla.nu	1
Signet B.V.	samantha.nu	1
hostnet.nl	freedom.nl	1
Signet B.V.	ikbengezond.nu	1
webitems.nl	gvr.nu	1
nmugroup.com	mailo.com	1
Signet B.V.	bernadette.nu	1
neostrada.nl	flexcare.nu	1
loopia.se	kath.nu	1
ACTIVE 24, s.r.o.	fibion.nu	1
speedcom.se	janvasell.nu	1
DIGITALOCEAN-ASN	websites.nu	1
Yelles AB	mopeddelen.nu	1
MICROSOFT-CORP-MSN-AS-BLOCK	vergaderlocaties.nu	1
buddyns.com	ZOHO-AS	1
ACTIVE 24, s.r.o.	zscaler.net	1
profitbyte.com	mariaolsson.nu	1
artech.se	artech.se	2
ipcom GmbH	tns-it.nl	1
SECURITYSERVICES	markmonitor.com	1
LIQUIDWEB	op8.nu	1
ORACLE-BMC-31898	swedishcorner.nu	1
DIGITALOCEAN-ASN	quadraad.nu	1
Signet B.V.	breeze.nu	1
CLOUDFLARENET	ellinge.nu	1
Signet B.V.	geenprobleem.nu	1
DIGITALOCEAN-ASN	perdix.nu	1
One.com A/S	projection.nu	1
HURRICANE	parabola.nu	1
hosted.nl	Cyso Group B.V.	1
CLOUDFLARENET	harnaholiday.nu	1
CLOUDFLARENET	euro909.dk	1
e-studio.dk	xn--tandlge-qxa.nu	1
loopia.se	hkmail.se	1
Signet B.V.	stresseraser.nu	1
CLOUDFLARENET	alvaa.nu	1
Yelles AB	fredrikbengtsson.nu	1
Solcon Internetdiensten B.V.	hellojob.nu	1
mijndnsserver.nl	tomeloos.nu	1
rzone.de	Soverin B.V.	1
Signet B.V.	qivi.nu	1
CLDIN B.V.	soest.nu	1
netgiganten.dk	danser.nu	1
dotserv.com	keis.nu	1
oderland.com	hyttstugan.nu	1
Yelles AB	sextio.nu	1
DIGITALOCEAN-ASN	generationzerowaste.nu	1
yourdomainprovider.net	QUICKPACKET	1
ACTIVE 24, s.r.o.	gulamaskiner.nu	1
GleSYS AB	ayurveda-yoga.nu	1
ODERLAND Webbhotell AB	stiftelseneir.nu	1
MICROSOFT-CORP-MSN-AS-BLOCK	motoren.nu	1
rollernet.us	bookmarks.nu	1
LIQUIDWEB	tove.nu	1
DIGITALOCEAN-ASN	kinderpaintball.nu	1
conocidosrv06.nl	zorgwoning.nu	1
ACTIVE 24, s.r.o.	kullen.nu	1
Signet B.V.	carihuela.nu	1
ACTIVE 24, s.r.o.	lohmander.nu	1
Signet B.V.	leesplaneet.nu	1
Yelles AB	jakupovic.nu	1
AMAZON-02	zorbas.nu	1
Yelles AB	minbrf.nu	1
Miss Hosting AB	savean.nu	1
ipcom GmbH	kockknivar.nu	1
LIQUIDWEB	flugan.nu	1
Yelles AB	vhu.nu	1
ACTIVE 24, s.r.o.	tarra.se	1
wh2ahosted.nl	autoradam.nu	1
CLOUDFLARENET	npu.nu	1
haveabyte.eu	loek-bizzie.nu	1
CLOUDFLARENET	gokkasten.nu	1
henhos.nl	dollemina.nu	1
LIQUIDWEB	corps.nu	1
CLOUDFLARENET	ecowash.nu	1
NewVM B.V.	isaac-bikes.nu	1
Signet B.V.	thermen.nu	1
webruimtehosting.nl	kunstinfo.nu	1
neostrada.nl	separate.nu	1
infrapod.nl	yourfilter.nl	1
budgetprimaryserver.nl	depunt.nu	1
dns1.se	ssn.nu	1
LIQUIDWEB	messo.nu	1
Yelles AB	kindhealth.nu	1
Signet B.V.	lingualeorthodontie.nu	1
LIQUIDWEB	akselsen.nu	1
CLOUDFLARENET	roaf.nu	1
Signet B.V.	autotool.nu	1
CLOUDFLARENET	livelifetothemax.nu	1
Miss Hosting AB	ggfoto.nu	1
Signet B.V.	myhospitality.nu	1
ACTIVE 24, s.r.o.	ringo.nu	1
Yelles AB	10base.nu	1
Yelles AB	fastline.nu	1
CLOUDFLARENET	industrialautomation.nu	1
LIQUIDWEB	munyu.nu	1
cdsis.net	sprinter3000.nu	1
H4Hosting BV	tandartsvergelijker.nu	1
Signet B.V.	trailerparts.nu	1
CLOUDFLARENET	biztobiz.nu	1
Netnod AB	skyddsnatet.se	1
Signet B.V.	voiptelefonie.nu	1
CLOUDFLARENET	tu.nu	1
ATT-INTERNET4	organon.nu	1
Miss Hosting AB	bryt.nu	1
atellus.se	lamedia.nu	1
auto-dns.com	comprax.nl	1
One.com A/S	rondjezeeland.nu	1
atom86 BV	semeijn.nu	1
GleSYS AB	rasbokultur.nu	1
ACTIVE 24, s.r.o.	stirex.nu	1
CLOUDFLARENET	nvtab.nu	1
CLOUDFLARENET	stripesound.com	1
cloud86.nl	nen.nu	1
auto-dns.com	inventhosting.nl	2
LIQUIDWEB	surfskolan.nu	1
Yelles AB	xn--stergtland-dcbf.nu	1
cloud86.nl	broekhuis.nu	1
ACTIVE 24, s.r.o.	bildakedja.nu	1
hostnet.nl	kerff.nu	1
oderland.com	gloriafood.nu	1
LeaseWeb Netherlands B.V.	golfcourses.nu	1
ports.se	blackjackgratis.nu	1
caveo.nl	betalingsregeling.nu	1
yourdomainprovider.net	driedmealworms.nu	1
Signet B.V.	samenuit.nu	1
Eurofiber Cloud Infra B.V.	levenscoach.nu	1
CLOUDFLARENET	medivia.nu	1
losning.nl	therealdeal.nu	1
Tele2 SWIPnet	wingardhs.nu	1
CLDIN B.V.	rouwenverlies.nu	1
axc.nl	vantilborg.nu	1
CLOUDFLARENET	sellinq.nu	1
Signet B.V.	blackvodka.nu	1
sae.rs	sae.rs	1
Signet B.V.	zingenenzo.nu	1
CLDIN B.V.	w22.nl	1
Yelles AB	mixxa.nu	1
vservs.com	i-learn.nu	1
xn--grser-hra.se	serverpark.se	1
Yelles AB	eurokurs.nu	1
g1ga.net	swimware.nu	1
hostnet.nl	bromptonroad.nu	1
CLOUDFLARENET	underbart.nu	1
cloud86.nl	metrop.nu	1
chosting.dk	khansen.nu	1
DIGITALOCEAN-ASN	burmond.nu	1
Hetzner Online GmbH	bellami.nu	1
CLDIN B.V.	snoeroefki.nu	1
Yelles AB	frederiksen.nu	1
Hetzner Online GmbH	mda.nu	1
boware.net	mail	1
hostnet.nl	ziggo.nl	1
ditisa.nl	MICROSOFT-CORP-MSN-AS-BLOCK	1
DIGITALOCEAN-ASN	kascommissie.nu	1
CLOUDFLARENET	inca.nu	1
thednscompany.com	getuigen-gezocht.nu	1
CLOUDFLARENET	radiocityfm.nu	1
AS-VULTR	bettingsajter.nu	1
ACTIVE 24, s.r.o.	hermann.nu	1
rithoapi.com	finqa.nu	1
ACTIVE 24, s.r.o.	hyrfilmkamera.nu	1
hyp.net	tvu.nu	1
Yelles AB	bosna.nu	1
Yelles AB	creativeminds.nu	1
CLOUDFLARENET	hondenwerk.nu	1
CLOUDFLARENET	vrijzinnig.nu	1
trollfabriken.nu	trollfabriken.nu	1
smartnodes.nu	smartnodes.nu	1
Yelles AB	slinga.nu	1
LeaseWeb Netherlands B.V.	AMAZON-02	1
one.com	sejler.nu	1
hforb.com	youngstars.nu	1
aditor.se	MICROSOFT-CORP-MSN-AS-BLOCK	2
Host Europe GmbH	niihau.nu	1
Yelles AB	mulab.nu	1
CLDIN B.V.	euroauction.nu	1
Bahnhof AB	bryggor.nu	1
vservs.com	kalefater.nu	1
Yelles AB	casinoandroid.nu	1
Yelles AB	vadkostar.nu	1
claradns.net	MICROSOFT-CORP-MSN-AS-BLOCK	1
a2dns.com	henrik-karlsson.nu	1
CLDIN B.V.	scope8inspectie.nu	1
ns1.zone	danielonline.nu	1
The Internet Engineering Group B.V.	prikbord.nu	1
One.com A/S	klusbedrijfhoofddorp.nu	1
proisp.no	ammam.nu	1
GlobalConnect AB	femetta.nu	1
Signet B.V.	matrixborden.nu	1
cloud86.nl	ermens.nu	1
Yelles AB	norrsmak.nu	1
neostrada.nl	straight6.nu	1
technorail.com	arubamail.nu	1
loopia.se	baik.nu	1
Yelles AB	svangren.nu	1
mijndnsserver.nl	magnacoating.nu	1
One.com A/S	efactureren.nu	1
ipcom GmbH	xn--fnsterbyteuppsala-zzb.nu	1
ACTIVE 24, s.r.o.	vedea.nu	1
mijndnsserver.nl	Soverin B.V.	1
spacedump.net	spacedump.se	1
Cygrids Communications AB	2nature.nu	1
aoeu.io	frida.nu	1
CLOUDFLARENET	dogwalk.nu	1
ACTIVE 24, s.r.o.	dagama.nu	1
Infopact Netwerkdiensten B.V.	Cloudflare London, LLC	1
sohosted28.com	CLDIN B.V.	1
buddyns.com	lth.se	1
Yelles AB	patriks.nu	1
ACTIVE 24, s.r.o.	edbergs.nu	1
CLOUDFLARENET	cdrive.jp	1
GOOGLE	bahnhof.se	1
hyp.net	massage24.nu	1
Yelles AB	megajoker.nu	1
LIQUIDWEB	agent007.nu	1
hkbo-webdiensten.nl	milenkovic.nu	1
Signet B.V.	coast.nu	1
Yelles AB	semtarget.nu	1
AMAZON-02	eqin.nu	1
ACTIVE 24, s.r.o.	sierranevada.nu	1
ACTIVE 24, s.r.o.	skytteholm.nu	1
ipcom GmbH	leoplan.nl	1
AMAZON-02	stile.nu	1
Yelles AB	aixmognadsindex.nu	1
Yelles AB	serier.nu	1
Signet B.V.	okgo.nu	1
neostrada.nl	testify.nu	1
ACTIVE 24, s.r.o.	silverbackmedia.nu	1
Signet B.V.	reorganiseren.nu	1
hemhosting.se	p4h.nu	1
sdns0.nl	putty.nu	1
Signet B.V.	buis.nu	1
GleSYS AB	gullin.nu	1
Signet B.V.	nvo-verdelerbouw.nu	1
CLOUDFLARENET	pphosted.com	2
ACTIVE 24, s.r.o.	flodins.nu	1
ACTIVE 24, s.r.o.	starcamp.nu	1
DIGITALOCEAN-ASN	brandwachthuren.nu	1
Signet B.V.	geckoapps.nl	1
cloud86.nl	hyperfocus.nu	1
LIQUIDWEB	dujardin.nu	1
computerbewaking.nl	MICROSOFT-CORP-MSN-AS-BLOCK	1
Signet B.V.	businessboksen.nu	1
nameshield.net	companeo.nu	1
company.local	finsnickarna.se	1
hostland.ru	photographer.nu	1
ACTIVE 24, s.r.o.	radion.nu	1
CLDIN B.V.	nomi.nu	1
Signet B.V.	youturn.nu	1
Yelles AB	redmo.nu	1
GleSYS AB	dackcenter.nu	1
rzone.de	justcode.nu	1
Signet B.V.	jeugdzaken.nu	1
Varnamo Energi AB	GOOGLE	1
ilait.se	alwayson.se	2
The Internet Engineering Group B.V.	edgar.nu	1
GleSYS AB	knyttet.nu	1
CLOUDFLARENET	spelabingo.nu	1
DIGITALOCEAN-ASN	easycloud.nu	1
Signet B.V.	jagers.nu	1
CLOUDFLARENET	nordic-design.nu	1
Yelles AB	juice.nu	1
LIQUIDWEB	keywest.nu	1
perf1.com	INCAPSULA	1
Signet B.V.	profishop.nu	1
Signet B.V.	atventure.nu	1
CLDIN B.V.	garza.nu	1
Yelles AB	aixindex.nu	1
ayaa.se	strago.nu	1
CLDIN B.V.	netwerkdesigner.eu	1
Signet B.V.	ticon.nu	1
service-provider.be	service-provider.nu	1
Yelles AB	konverteringsoptimering.nu	1
Signet B.V.	hagenaar.nu	1
CLOUDFLARENET	slotsen.nu	1
solcon.eu	MICROSOFT-CORP-MSN-AS-BLOCK	1
da.direct	paul.nu	1
Signet B.V.	bizzi-phone.nu	1
informatic.nu	semcon.se	1
budgetnetserver.nl	jsi.nu	1
DIGITALOCEAN-ASN	bedrijfskledingshop.nu	1
interwijs.nl	aiinfinance.nu	1
Host Europe GmbH	kauai.nu	1
sandvik.com	SECURITYSERVICES	1
cloud86.nl	kuijer.nu	1
CLOUDFLARENET	soapbox.nu	1
LEASEWEB-USA-SFO	ocom.com	1
Yelles AB	persepolis.nu	1
ns14.net	pulpmedia.at	1
serverquality.com	mattingly.nu	1
CORESPACE-DAL	galo.nu	1
Yelles AB	rimbo.nu	1
Yelles AB	smartcar.nu	1
ACTIVE 24, s.r.o.	76.nu	1
DIGITALOCEAN-ASN	oranjeboom.eu	1
loopia.se	sophiahemmet.se	1
AUTOMATTIC	uniweb.se	1
Signet B.V.	oscam.nu	1
Miss Hosting AB	webban.nu	1
innovoserver.com	smartcoffee.nu	1
ops.se	testlabb.nu	1
Signet B.V.	greensteel.nu	1
Yelles AB	sarastenlind.nu	1
Telia Company AB	kulturmagasinet.nu	1
CLOUDFLARENET	rda.nu	1
websight.nl	intouch.nl	1
AMAZON-02	cadeauvinder.nu	1
internl.net	rebacom.net	1
Signet B.V.	magna-coatings.nu	1
UpCloud Ltd	moormann.nu	1
pt38sy-lwsites.com	forextrading.nu	1
ipcom GmbH	Webbkonsulterna i Jamtland AB	1
hostnet.nl	Combell NV	1
ijsselserver.nl	okfoods.nu	1
interspace.network	compsys.nu	1
DIGITALOCEAN-ASN	mobile.nu	1
LIQUIDWEB	instantweb.nu	1
DIGITALOCEAN-ASN	stopkanker.nu	1
CLOUDFLARENET	eerlijkoverwarmte.nu	1
One.com A/S	keratondamai.nu	1
Yelles AB	marcusandersson.nu	1
Duocast B.V.	xl.nu	1
bhosted.nl	CLOUDFLARENET	1
One.com A/S	overberg.nu	1
waterfilterexpert.nl	MICROSOFT-CORP-MSN-AS-BLOCK	1
Miss Hosting AB	abs.nu	1
dnssystem.net	crossingborders.nu	1
Yelles AB	selfmade.nu	1
CLOUDFLARENET	085.nu	1
Signet B.V.	ticketlab.nu	1
Tele2 SWIPnet	h2.se	3
nmugroup.com	crystone.se	1
GleSYS AB	gedda.nu	1
Yelles AB	nebraska.nu	1
Hetzner Online GmbH	hvad-er-klokken.nu	1
team.blue Denmark A/S	anytray.nu	1
ACTIVE 24, s.r.o.	mickelsbackas.nu	1
mijndnsserver.nl	samengroen.nu	1
Uniserver Internet B.V.	patienten.nu	1
ACTIVE 24, s.r.o.	magiclight.nu	1
CLDIN B.V.	vormgeven.nu	1
Yelles AB	deepoceansolutions.nu	1
ne.jp	stn.nu	1
ACTIVE 24, s.r.o.	daras.nu	1
oderland.com	arentorpslego.nu	1
dn-s.nl	chrismuller.nu	1
Yelles AB	gilla.nu	1
Previder B.V.	biegreen.nu	1
chosting.dk	findklinik.nu	1
ACTIVE 24, s.r.o.	mail	2
Signet B.V.	nulopdemeter.nu	1
ACTIVE 24, s.r.o.	wildslots.nu	1
connect2ip.nu	connect2ip.nu	1
GleSYS AB	olles.nu	1
hostofm.se	hostofm.se	1
exonet.nl	xan.nu	1
DIGITALOCEAN-ASN	kpn.net	1
GlobalConnect AB	du1.nu	1
SECURITYSERVICES	parguiden.nu	1
budgetdeluxeserver.nl	soepenberg.nu	1
BIZLAND-SD	digiweb.nu	1
Signet B.V.	seano.nu	1
CLOUDFLARENET	eod.nu	1
csihosting.se	vislanda.nu	1
ACTIVE 24, s.r.o.	tystberga.nu	1
Signet B.V.	tpkk.nu	1
CLOUDFLARENET	hostmattters.nl	1
Signet B.V.	nandercirkel.net	1
ACTIVE 24, s.r.o.	effektivenergi.nu	1
GleSYS AB	moren.nu	1
Yelles AB	vsk.nu	1
Serverius Holding B.V.	e-auto.nu	1
CLOUDFLARENET	mindfuel.nu	1
esselink.nu	nieuwbewust.nu	1
Signet B.V.	mvv.nu	1
Signet B.V.	yourfilter.nl	1
Yelles AB	solteknik.nu	1
CLOUDFLARENET	stadjer.nu	1
CLDIN B.V.	threestars.nu	1
sygmanet.be	eismann.nu	1
Signet B.V.	mns.nu	1
ACTIVE 24, s.r.o.	itl.nu	1
Miss Hosting AB	rokuro.nu	1
helpout.se	MICROSOFT-CORP-MSN-AS-BLOCK	1
dn-s.nl	nce.nu	1
ORACLE-BMC-31898	manic.nu	1
CLOUDFLARENET	infinityfour.nu	1
CLOUDFLARENET	meerinfo.nu	1
TrueFullstaq B.V.	enka.nu	1
Vattenfall N.V.	vattenfallincharge.nu	1
ACTIVE 24, s.r.o.	nischadutbildning.nu	1
HURRICANE	campbell.nu	1
team.blue Denmark A/S	dcd.nu	1
ACTIVE 24, s.r.o.	hilli.nu	1
co.uk	grandcasino.nu	1
oderland.com	artistica.nu	1
Cygrids Communications AB	poolospa.nu	1
GOOGLE	Internet Names for Business Inc	1
Signet B.V.	shawl.nu	1
hostnet.nl	twinq.nu	1
GleSYS AB	sunnemo.nu	1
one.com	nordicwebdesign.dk	1
123-hosting-server.biz	opslot.nu	1
darenet.dk	MICROSOFT-CORP-MSN-AS-BLOCK	1
dtag.de	enercon.de	1
DIGITALOCEAN-ASN	shockwave.nu	1
CLOUDFLARENET	protectdiensten.nu	1
Telia Company AB	Nordisk Media Utveckling AB	1
dtag.de	dtag.de	1
CLOUDFLARENET	playcity.nu	1
LeaseWeb Netherlands B.V.	robertberger.nu	1
loopia.se	ion.nu	1
Yelles AB	packtejp.nu	1
Signet B.V.	maxiaxi.nu	1
loopia.se	siljedahl.nu	1
ACTIVE 24, s.r.o.	fluency.nu	1
DIGITALOCEAN-ASN	seitl.nu	1
windonet.nl	aandrijvingen.nu	1
stijl.nu	MICROSOFT-CORP-MSN-AS-BLOCK	1
Signet B.V.	metalsistem.nu	1
Signet B.V.	surifood.nu	1
Signet B.V.	gratisklikgebit.nu	1
ipcom GmbH	One.com A/S	1
ACTIVE 24, s.r.o.	leadmind.nu	1
btdns.nl	paiz-support.nu	1
CLOUDFLARENET	creatine.nu	1
photon.net	photon.nu	1
Signet B.V.	agrovision.nl	1
One.com A/S	marketingman.nu	1
Hetzner Online GmbH	vanlith.nu	1
Miss Hosting AB	blet.nu	1
cloud86.nl	niksen.nu	1
One.com A/S	hilarius.nu	1
hix.nl	dehoeve.nu	1
DIGITALOCEAN-ASN	eigem.nu	1
Signet B.V.	lingualorthodontie.nu	1
Yelles AB	optoteam.nu	1
CLOUDFLARENET	wisse.nu	1
contabo.net	blackout.nu	1
ACTIVE 24, s.r.o.	edmundsson.nu	1
Yelles AB	tpay.nu	1
hostnet.nl	yes-we-can.nu	1
netzbetrieb-dns.de	gewoelbe.nu	1
nscluster.be	unissent.net	1
one.com	comendo.com	1
Yelles AB	tandem.nu	1
vti.se	vti.se	1
egensajt.se	mymangomail.com	1
evenuhosting.se	ODERLAND Webbhotell AB	1
Signet B.V.	hostedxchange.nl	1
fwhosting.nl	MICROSOFT-CORP-MSN-AS-BLOCK	1
Hetzner Online GmbH	svensk-porr.nu	1
vivahosting.am	shirak.nu	1
ACTIVE 24, s.r.o.	pronoia.nu	1
maxdns.nl	CLOUDFLARENET	1
redainternet.nl	ttcircuit.nu	1
Host Europe GmbH	hawaii.nu	1
Yelles AB	danielwikstrom.nu	1
MICROSOFT-CORP-MSN-AS-BLOCK	adlibris.nu	1
Serverius Holding B.V.	amateursex.nu	1
Cygrids Communications AB	deckcalculator.nu	1
Yelles AB	edwall.nu	1
Netnod AB	Cloudflare London, LLC	1
nameserverseo.com	stockholmsbilpool.nu	1
pknhosting.nl	protestantsekerk.nu	1
skyhosting.io	privespa.nu	1
zoneedit.com	landreus.com	1
WHG Hosting Services Ltd	jakobs.nu	1
bitweb22.com	epl.nu	1
ACTIVE 24, s.r.o.	casinotips.nu	1
ACTIVE 24, s.r.o.	monokeleyewear.nu	1
ACTIVE 24, s.r.o.	nilsholgersson.nu	1
TrueFullstaq B.V.	internet-services.nu	1
CLOUDFLARENET	alliera.nu	1
ipcom GmbH	noun.nu	1
wavecomnetworks.se	wavecom.se	1
cname.se	cname.se	1
High5! B.V.	empoweru.nu	1
ACTIVE 24, s.r.o.	planetwolf.nu	1
Yelles AB	nb.nu	1
CLDIN B.V.	spaceinvaders.nu	1
CLOUDFLARENET	staysecuregroup.com	1
ACTIVE 24, s.r.o.	rensaut.nu	1
bingo-kien.nl	zoektocht.nu	1
Signet B.V.	digitaleweerbaarheid.nu	1
Signet B.V.	koffiemolen.nu	1
jkws2.nl	healthbalance.nu	1
Signet B.V.	woningontruimingen.nu	1
Yelles AB	skateparker.nu	1
SECURITYSERVICES	secunia.com	1
localhosting.info	factotum.nu	1
Signet B.V.	overheidsloket.nu	1
Cygrids Communications AB	spiral.nu	1
Yelles AB	1618.nu	1
SECURITYSERVICES	bankid.nu	1
CLOUDFLARENET	jenaplan.nu	1
ACTIVE 24, s.r.o.	cedergren.nu	1
AMAZON-02	djk.nu	1
CLDIN B.V.	leancomputing.nu	1
dn-s.nl	obiqo.nu	1
bhosted.nl	yourwebspot.nu	1
dmcloud.be	MICROSOFT-CORP-MSN-AS-BLOCK	1
Signet B.V.	emstraining.nu	1
telecom3.net	inumbo.com	1
DIGICERT	didriksson1913.nu	1
CLDIN B.V.	sall.nu	1
srvnl.nl	deboetzelaer.nu	1
ACTIVE 24, s.r.o.	borta.nu	1
Yelles AB	ulvsta.nu	1
ANEXIA Internetdienstleistungs GmbH	GlobalConnect AB	2
ACTIVE 24, s.r.o.	growthsource.nu	1
ACTIVE 24, s.r.o.	wmws.nu	1
ulanti.com	hojicha.nu	1
Signet B.V.	digitaleveiligheid.nu	1
DIGITALOCEAN-ASN	apex-training.nu	1
pmnet-dns.net	buitenbeleven.nu	1
ACTIVE 24, s.r.o.	intensiv.nu	1
landstede.nl	MICROSOFT-CORP-MSN-AS-BLOCK	1
Yelles AB	svenskgolf.nu	1
dn-s.nl	aardpeer.nu	1
webuptodate.com	webuptodate.com	1
Signet B.V.	mobo.nu	1
Hetzner Online GmbH	powerpointkurser.nu	1
CLDIN B.V.	huizenruil.nu	1
fastserver.nl	sterksel.nu	1
or.jp	GOOGLE	1
DIGITALOCEAN-ASN	maatwerkfabriek.nu	1
100ws.com	100ws.com	1
ifenix.se	MICROSOFT-CORP-MSN-AS-BLOCK	1
binele.it	binele.nl	2
satdesign.nl	dormers.nu	1
Yelles AB	starner.nu	1
GleSYS AB	marklund.nu	1
Signet B.V.	kayori.nu	1
Signet B.V.	vakantieparken.nu	1
ACTIVE 24, s.r.o.	slsgroup.nu	1
Uniserver Internet B.V.	benv.nu	1
ACTIVE 24, s.r.o.	kaosfamily.nu	1
Signet B.V.	staan.nu	1
CLOUDFLARENET	mall.nu	1
nshost2.de	serverdomain.org	1
ports.se	jourmontor.nu	1
The Internet Engineering Group B.V.	gamesonline.nu	1
webhostingserver.nl	switchit.nu	1
Yelles AB	elbiler.nu	1
CLOUDFLARENET	fambus.nl	1
Yelles AB	indiana.nu	1
ACTIVE 24, s.r.o.	kastanjegarden.nu	1
One.com A/S	derodeloper.nu	1
nmugroup.com	GlobalConnect AB	1
Signet B.V.	watisjouwbijdrageaandewereld.nu	1
everydaywebserver.nl	everydaywebhosting.com	1
ipcom GmbH	roermond.nu	1
LIQUIDWEB	grusterminalen.nu	1
Hetzner Online GmbH	zijderveld.nu	1
exonet.nl	rewoud.nu	1
Signet B.V.	zool.nu	1
ports.se	denint.nu	1
2makeitwork.nl	blinc.nu	1
core-dns.net	ichigo.nu	1
Bizway BV	lentl.nu	1
UKDedicated LTD	svenskaretursystem.nu	1
Signet B.V.	muaythaichicken.nu	1
emhd.eu	danielle.nu	1
exsilia.net	mertens.nu	1
LIQUIDWEB	gr8.se	1
Miss Hosting AB	sansa.nu	1
loopia.se	nomadiz.se	1
ACTIVE 24, s.r.o.	akvaterra.nu	1
ACTIVE 24, s.r.o.	karateakademi.nu	1
ANEXIA Internetdienstleistungs GmbH	comendosystems.com	1
oderland.com	Bahnhof AB	1
Yelles AB	cli.nu	1
GOOGLE	vakantieadvies.nu	1
wned-dns.eu	concret.nu	1
stom.dk	carsten.nu	1
neostrada.nl	schuurmantaxaties.nu	1
LeaseWeb Netherlands B.V.	mariposa.nu	1
Signet B.V.	afscheidregelen.nu	1
ipcom GmbH	Bahnhof AB	1
GleSYS AB	larse.nu	1
webxtra.net	drive-in-show.nu	1
oderland.com	rossoeksjo.nu	1
CLOUDFLARENET	ruby.nu	1
aname.net	namex.nu	1
CLOUDFLARENET	mediumsonline.nu	1
syrahost.com	namukulu-cottages.nu	1
BIT BV	rosken.nu	1
scandinavianhosting.se	MICROSOFT-CORP-MSN-AS-BLOCK	1
almere.nu	almere.nu	1
ebrand.be	Datacenter Luxembourg S.A.	1
LIQUIDWEB	xanne.nu	1
Signet B.V.	marhaba.nu	1
loopia.se	ekstroem.net	1
caveo.nl	pluimers.nu	1
Yelles AB	betsajter.nu	1
Zylon	bijscholing.nu	1
dn-s.nl	liket.nu	1
Signet B.V.	islive.nu	1
CLOUDFLARENET	hotellgoteborg.nu	1
CLOUDFLARENET	beavertraptrail.nu	1
ACTIVE 24, s.r.o.	weekendmagazine.nu	1
Yelles AB	sherwood.nu	1
Yelles AB	isbjorn.nu	1
ports.se	advania.cloud	1
Serverius Holding B.V.	mypage.nu	1
AMAZON-02	stroomdelen.nu	1
mijn.host	lindsay.nu	1
Gotalandsnatet AB	gog.nu	1
rapit.nl	binnenschilder.nu	1
utrymmet.com	staysecuregroup.com	1
stangerup.cloud	xn--rdekors-q1a.nu	1
CLOUDFLARENET	issuemanager.nu	1
Yelles AB	towa.nu	1
Signet B.V.	prentu.nu	1
Signet B.V.	accelerateyourbusiness.nu	1
LIQUIDWEB	burm.nu	1
server.eu	MICROSOFT-CORP-MSN-AS-BLOCK	1
registrar-servers.com	kvapil.se	1
CLOUDFLARENET	merabyggab.nu	1
ACTIVE 24, s.r.o.	socialspeaking.nu	1
Yelles AB	harmony.nu	1
siteprotect.com	leotech.nu	1
smallhold-hosting-2.nl	hermes.nu	1
cloud86.nl	goodmusic.nu	1
Yelles AB	bitchy.nu	1
CLDIN B.V.	bewoners.nu	1
ACTIVE 24, s.r.o.	sodalitas.nu	1
Yelles AB	estelle.nu	1
thednscompany.com	blancko.nu	1
Signet B.V.	slimme.nu	1
Stichting DIGI NL	debranding.nu	1
Signet B.V.	dakopbouwfabriek.nu	1
LIQUIDWEB	six6six.nu	1
team.blue Denmark A/S	hostedemail.com	2
my-control-panel.com	vargarda.nu	1
webland.ch	rechsteiner.nu	1
ports.se	xn--skl-vla.nu	1
CLOUDFLARENET	jointheclub.nu	1
OVH SAS	elef.nu	1
CLOUDFLARENET	cyberverzekering.nu	1
edns.de	rechtsschutz.nu	1
One.com A/S	secondant.nu	1
DIGITALOCEAN-ASN	brummelkamp.nu	1
CLOUDFLARENET	pierrecooking.nu	1
Signet B.V.	despamoplosser.nl	1
wabbes.nl	asbestspecialist.nu	1
ACTIVE 24, s.r.o.	hotpot.nu	1
shockmedia.nl	hoemaaktuhet.nu	1
Yelles AB	danvikensteknik.nu	1
GleSYS AB	dawn.nu	1
Hetzner Online GmbH	obitz.nu	1
One.com A/S	APPLE-ENGINEERING	1
UKDedicated LTD	wase.nu	1
Bahnhof AB	fakeshow.nu	1
Yelles AB	technotrade.nu	1
CLOUDFLARENET	pandrea.nu	1
ACTIVE 24, s.r.o.	wassberg.nu	1
LIQUIDWEB	cs-twente.nl	1
Previder B.V.	dakpanplaten.nu	1
Signet B.V.	watersnijmachines.nu	1
Hetzner Online GmbH	momentet.nu	1
dn-s.nl	Combell NV	1
ports.se	xn--lvstaden-zza.nu	1
synetcon.net	synetcon.net	1
nmugroup.com	frontedge.net	1
DIGITALOCEAN-ASN	turbulent.nu	1
CLOUDFLARENET	mc-relay.nl	1
dn-s.nl	retourvracht.nu	1
Yelles AB	sportquattro.nu	1
LIQUIDWEB	betner.nu	1
Signet B.V.	pv4all.nu	1
forcez.net	forcezhosting.nl	1
cloud86.nl	sirion.nu	1
wned-dns.eu	w4you.nu	1
interwijs.nl	breakpoint.nu	1
Stichting DIGI NL	vimexx.nu	1
kwaaijongens.eu	GOOGLE	1
webox.nu	webox.nu	2
mijndnsserver.nl	interieur.nu	1
CLOUDFLARENET	laminaatvoordeel.nu	1
ch-meta.net	dae.nu	1
ACTIVE 24, s.r.o.	werner.nu	1
host4u.net	zazza.nu	1
Yelles AB	havtorn.nu	1
CLOUDFLARENET	dns365.nl	1
CLDIN B.V.	aspav.nl	1
serviceprovider.nl	syncer.com	1
ACTIVE 24, s.r.o.	GleSYS AB	1
One.com A/S	felo.nu	1
CLOUDFLARENET	swedishviking.nu	1
DIGITALOCEAN-ASN	kandidaat.nu	1
loopia.se	smartemail.se	1
123ictsolutions.nl	buydutchseeds.nu	1
Signet B.V.	expat-payroll.nu	1
dn-s.nl	geronimo.nu	1
buddyns.com	GOOGLE	1
We Dare B.V.	rugkliniek.nu	1
totalin.net	kazatazminati.nu	1
LIQUIDWEB	pelgrim.nu	1
ACTIVE 24, s.r.o.	arkitekturhyttan.nu	1
dn-s.nl	seventwenty.nu	1
Akamai International B.V.	pphosted.com	1
muj.cloud	muj.cloud	1
virtual.nl	virtual.nl	1
Signet B.V.	mijncvonline.nu	1
CLDIN B.V.	euroveiling.nu	1
AMAZON-02	freespin.nu	1
ACTIVE 24, s.r.o.	clas.nu	1
evgerven.net	lekkageopsporen.nu	1
ACTIVE 24, s.r.o.	dybeck.nu	1
Global-e ICT solutions B.V.	MICROSOFT-CORP-MSN-AS-BLOCK	3
flerquehosting.nl	MICROSOFT-CORP-MSN-AS-BLOCK	1
ACTIVE 24, s.r.o.	kjellander.nu	1
axc.nl	gaandeweg.nu	1
VITAL-DNS	dio.nu	1
CLOUDFLARENET	persiskakyrkan.nu	1
One.com A/S	denheijer.nu	1
co.uk	maymorning.nu	1
CLOUDFLARENET	brabander.nu	1
masc.nl	masc.nl	1
Signet B.V.	watgebeurtdaar.nu	1
DIGITALOCEAN-ASN	firenze.nu	1
Signet B.V.	wpdwerkadvies.nu	1
hostnet.nl	larsson.nu	1
loopia.se	autowax.se	1
Yelles AB	visuma.nu	1
shockmedia.nl	vanbaal.nu	1
Uniserver Internet B.V.	energyx.nu	1
dedia-server.no	ysk.nu	1
dn-s.nl	jtw.nu	1
123webhost.net	GOOGLE	1
ACTIVE 24, s.r.o.	cassius.nu	1
Miss Hosting AB	elysian.nu	1
Host Europe GmbH	maui.nu	1
Signet B.V.	manage.nu	1
ACTIVE 24, s.r.o.	lagerlund.nu	1
CLOUDFLARENET	label305.com	1
webhotelli.fi	eurorc.nu	1
Yelles AB	vvsprojekt.nu	1
ODERLAND Webbhotell AB	mobiltelefoniaktiebolaget.nu	1
cloud86.nl	winkeltje.nu	1
LEASEWEB-USA-SFO	uzori.com	1
ipcom GmbH	brandsinc.nu	1
ssc.net	kapp.nu	1
jhnc.nl	mosthosted.com	1
ACTIVE 24, s.r.o.	truckpoint.nu	1
Telia Company AB	webb-partner.se	1
AMAZON-02	meatmagazine.nu	1
Signet B.V.	myfiles.nu	1
cloud86.nl	mediacontent.nu	1
DIGICERT	administrator.no	1
varnamo.net	GOOGLE	1
Signet B.V.	konnect.nu	1
ACTIVE 24, s.r.o.	gotenesframtid.nu	1
hostgator.com	myhomestead.nu	1
lopdns.se	MICROSOFT-CORP-MSN-AS-BLOCK	1
Signet B.V.	cybersafety.nu	1
Telia Company AB	carcollector.nu	1
multiserve.nl	kunstwinkel.nu	1
CLOUDFLARENET	bokasonline.nu	1
The Internet Engineering Group B.V.	de-klant.nu	1
CLOUDFLARENET	oxer.nu	1
GleSYS AB	netropolis.se	1
oderland.com	GleSYS AB	1
Signet B.V.	jimsgym.nu	1
GleSYS AB	danielson.nu	1
Uniserver Internet B.V.	recruitment-tech.nu	1
asbra.nu	MICROSOFT-CORP-MSN-AS-BLOCK	1
ACTIVE 24, s.r.o.	cheng.nu	1
DIGITALOCEAN-ASN	modevakschool.nu	1
LIQUIDWEB	com.au	1
Signet B.V.	chargesight.nu	1
dnsdomene.net	takeaction.nu	1
joker.com	ZOHO-AS	1
SINGLEHOP-LLC	xn--hrseby-bua.nu	1
qware.eu	CLOUDFLARENET	1
Yelles AB	gisela.nu	1
Signet B.V.	idi.nu	1
CLDIN B.V.	energietarieven.nu	1
Bahnhof AB	sailorinn.nu	1
idfnv.net	databarn.nu	1
Uniserver Internet B.V.	siena.nu	1
Miss Hosting AB	gadd.nu	1
lemonlime.se	kickass.nu	1
One.com A/S	natto.nu	1
ns1.zone	v4l.nu	1
dnsatconviator.com	spamfri.nu	1
Bizway BV	woonzoekers.nu	1
NUCDN	AMAZON-02	1
Yelles AB	babyboden.nu	1
webruimtehosting.nl	koerts.nu	1
Signet B.V.	cerios.nu	1
The Internet Engineering Group B.V.	sail.nu	1
ACTIVE 24, s.r.o.	fry.nu	1
forsch.nl	merkbaar.nu	1
ACTIVE 24, s.r.o.	barndop.nu	1
LIQUIDWEB	skene.nu	1
CLDIN B.V.	syca.nl	1
blits.se	Yelles AB	1
123webhost.net	oostburgsebandenhandel.nl	1
starthost.nl	impulsaanjecommercielegroei.nu	1
Yelles AB	soulutionhealth.nu	1
Signet B.V.	ai-geletterdheid.nu	1
Signet B.V.	internetaanbieding.nu	1
norrdns.se	skadeforebygg.nu	1
CLOUDFLARENET	padelito.nu	1
Signet B.V.	bottelier.nu	1
CLOUDFLARENET	orz.nu	1
ACTIVE 24, s.r.o.	malmstrom.nu	1
ACTIVE 24, s.r.o.	yrlas.nu	1
DIGITALOCEAN-ASN	foxen.nu	1
loopia.se	epsom.nu	1
digizaal.net	boxopslag.nu	1
axc.nl	keramischparket.nu	1
Yelles AB	lexai.nu	1
GOOGLE	207.239	1
ACTIVE 24, s.r.o.	jobbpling.nu	1
ACTIVE 24, s.r.o.	bravissimo.nu	1
ACTIVE 24, s.r.o.	heimdal.nu	1
Signet B.V.	tandarts-shoot.nu	1
Yelles AB	nordictails.nu	1
ovardian.com	evro.nu	1
Yelles AB	klimatteam.nu	1
Yelles AB	xn--bgskytte-9za.nu	1
Signet B.V.	permanente-make-up.nu	1
ACTIVE 24, s.r.o.	xn--malmbadmintoncenter-t6b.nu	1
CLDIN B.V.	rooks.nu	1
NUCDN	aramisauto.nu	1
team.blue Denmark A/S	tohjuler.dk	1
Stichting DIGI NL	sbe.nu	1
pleskssd3.nl	segers.nu	1
ACTIVE 24, s.r.o.	diversehandel.nu	1
nkdns.net	netzkommune.de	1
Yelles AB	tusenlappen.nu	1
CLDIN B.V.	result.nu	1
1984.is	bergfeldt.nu	1
Signet B.V.	biologisch.nu	1
CLOUDFLARENET	supergeek.dk	1
CLOUDFLARENET	vlb.nu	1
DIGITALOCEAN-ASN	rijnhout.nu	1
Signet B.V.	autolaadkraan.nu	1
netzozeker.net	valvac.nu	1
Fundaments B.V.	3dfootscan.nu	1
CLOUDFLARENET	sernekeconstruction.nu	1
hostingcp.eu	annatopia.nu	1
unx.nu	unx.nu	1
ACTIVE 24, s.r.o.	ipsystems.se	1
Signet B.V.	aanwezigheidsregistratie.nu	1
mrparker.nl	pefcnl.nu	1
aseoserver.com	kinesiology.nu	1
renaissance.nl	lifeinspirations.nu	1
iwg.nl	dromen.nu	1
dn-s.nl	cleanroom.nu	1
dnsatconviator.com	GOOGLE	1
AS-VULTR	GlobalConnect A/S	1
ACTIVE 24, s.r.o.	jonasterning.nu	1
cloud86.nl	bellavita.nu	1
Yelles AB	lucia.nu	1
The Internet Engineering Group B.V.	scheikunde.nu	1
QUIC-CLOUD	ZOHO Corporation B.V	1
mecanos.nl	GOOGLE	1
Signet B.V.	mazuma.nu	1
neostrada.nl	schildkamp.nu	1
team.blue Denmark A/S	sk8.nu	1
ACTIVE 24, s.r.o.	xn--land-4qa.nu	1
team.blue Denmark A/S	sikret.nu	1
x2com.eu	x2com.nu	1
Signet B.V.	digitalme.nu	1
lnu.se	lnu.nu	1
intellisoft-dns.nl	MICROSOFT-CORP-MSN-AS-BLOCK	1
ports.se	Internet Names for Business Inc	1
dnssrv.nl	11en30.nu	1
Signet B.V.	bwin.nu	1
hosting10.nl	MICROSOFT-CORP-MSN-AS-BLOCK	3
CLOUDFLARENET	bitstarkdental.nu	1
Bizway BV	oldtimer.nu	1
123-hosting-server.net	geluksvogel.nu	1
DIGITALOCEAN-ASN	c02direct.nu	1
Signet B.V.	dvi.nu	1
ACTIVE 24, s.r.o.	kollberg.nu	1
connect2ip.nu	voicetech.nu	1
MICROSOFT-CORP-MSN-AS-BLOCK	hostedvdc.net	1
ACTIVE 24, s.r.o.	knivar.nu	1
ACTIVE 24, s.r.o.	76ways.nu	1
DIGITALOCEAN-ASN	hennie.nu	1
LeaseWeb Netherlands B.V.	lekkerengezond.nu	1
GleSYS AB	ZOHO Corporation B.V	1
whiteseven.nl	oogarts.nu	1
rackfish.net	safetrade.nu	1
cloud86.nl	vooru.nu	1
caveo.nl	omschool.nu	1
One.com A/S	robben.nu	1
ACTIVE 24, s.r.o.	kognitiv.nu	1
cloud86.nl	arents.nu	1
Signet B.V.	energiemarkt.nu	1
CLDIN B.V.	nowee.nu	1
Yelles AB	flaggdagar.nu	1
CLDIN B.V.	carerix.com	1
groot-media.nl	CLDIN B.V.	1
besteservice.be	betterlife.nu	1
Yelles AB	lemming.nu	1
GleSYS AB	bildfabriken.nu	1
mananaweb.se	klippstudion.nu	1
ACTIVE 24, s.r.o.	mekkaniak.nu	1
b2bitpartner.se	MICROSOFT-CORP-MSN-AS-BLOCK	1
ACTIVE 24, s.r.o.	studio61.nu	1
TrueFullstaq B.V.	artiesten.nu	1
ramnode.com	delphos.nu	1
srvnl.nl	natuurkantoor.nu	1
UKDedicated LTD	hallencreutz.nu	1
cloud86.nl	design-online.nu	1
cloud86.nl	carplay.nu	1
sectigoweb.com	detoekomstbegintvandaag.nu	1
semaphor.dk	kbhtaxa.dk	1
Signet B.V.	inspectandgo.nu	1
CLOUDFLARENET	meeronlineresultaat.nu	1
CLOUDFLARENET	vgs.nu	1
4u-hosting.com	mariamagdalena.nu	1
Signet B.V.	gomonta.nu	1
srvnl.nl	inno.nu	1
Miss Hosting AB	byggkomponenter.nu	1
LIQUIDWEB	ilivet.nu	1
Signet B.V.	wonenindenop.nu	1
ACTIVE 24, s.r.o.	spotrepaircenter.nu	1
Cygrids Communications AB	danlindberg.nu	1
ipcom GmbH	etro.nu	1
ACTIVE 24, s.r.o.	dinstund.nu	1
CLOUDFLARENET	rijnstate.nu	1
loopia.se	diga.nu	1
prodacom.nl	MICROSOFT-CORP-MSN-AS-BLOCK	1
DIGITALOCEAN-ASN	nood.nu	1
Signet B.V.	peopleatwork.nu	1
Yelles AB	allkemikampkonst.nu	1
Signet B.V.	jup.nu	1
Yelles AB	johanweb.nu	1
HURRICANE	elitehost.org	1
Telenor Norge AS	linsan.nu	1
Yelles AB	bolognini.nu	1
srvnl.nl	cityflex.nu	1
ACTIVE 24, s.r.o.	ovis.nu	1
DIGITALOCEAN-ASN	striper.nu	1
CLDIN B.V.	metaaldetectie.nu	1
CLOUDFLARENET	growinternationals.nu	1
Hetzner Online GmbH	komonline.nu	1
cloud86.nl	shambala.nu	1
hyp.net	bialetti.nu	1
Eurofiber Cloud Infra B.V.	epal.nu	1
Yelles AB	sundsten.nu	1
register.it	One.com A/S	1
Combell NV	mailprotect.be	1
hosting2go.nl	wildeman.nu	1
team.blue Denmark A/S	akut-tand.nu	1
One.com A/S	stichtingkameleon.nu	1
oderland.com	hawa.nu	1
ipcom GmbH	bet-way.nu	1
louhi.net	wom.nu	1
CLOUDFLARENET	reyez.nu	1
Yelles AB	casinobolag.nu	1
LIQUIDWEB	spijker.nu	1
CLOUDFLARENET	mbino.com	1
ODERLAND Webbhotell AB	containers.nu	1
Cygrids Communications AB	tatuera.nu	1
Yelles AB	fagerskiold.nu	1
shockmedia.nl	geschenken.nu	1
hostnet.nl	ponck.nl	1
Signet B.V.	pisp.nu	1
GleSYS AB	whiteboard.nu	1
Yelles AB	bg.nu	1
AMAZON-02	carloans.nu	1
LeaseWeb Netherlands B.V.	dutchcreditbrokers.com	2
ACTIVE 24, s.r.o.	spanberg.nu	1
neostrada.nl	unidos.nu	1
appearo.se	webbkockarna.nu	1
neostrada.nl	veeam.nu	1
one.com	23M GmbH	1
Yelles AB	primos.nu	1
hv-dns.com	kusthuisjes.nu	1
brandbyhand.dk	byhand.nu	1
ODERLAND Webbhotell AB	hoglands.nu	1
neostrada.nl	jbm.nu	1
BIT BV	ggengineering.nu	1
Yelles AB	jultomte.nu	1
CLOUDFLARENET	svenskaslots.nu	1
ACTIVE 24, s.r.o.	vongoldbeck.nu	1
stangerup.cloud	rodekors.nu	1
dn-s.nl	eddied.nu	1
The Internet Engineering Group B.V.	gerardjoling.nu	1
ACTIVE 24, s.r.o.	icedev.nu	1
yoursitedns.nl	skin-care.nu	1
LEVEL3	profilreklam.nu	1
Yelles AB	nyahemtjansten.nu	1
Uniserver Internet B.V.	studio12.nu	1
ACTIVE 24, s.r.o.	presenter.nu	1
rhs2.nl	geldbeleggen.nu	1
neostrada.nl	gypsyjazz.nu	1
Cygrids Communications AB	utterberg.nu	1
Signet B.V.	helpmalawi.nu	1
Serverius Holding B.V.	sextjejer.nu	1
LeaseWeb Netherlands B.V.	oiv.nu	1
LeaseWeb Netherlands B.V.	auctus.nl	1
dn-s.nl	imprve.nu	1
Signet B.V.	tantebep.nu	1
ACTIVE 24, s.r.o.	kvitar.nu	1
CLOUDFLARENET	reloaved.nu	1
ACTIVE 24, s.r.o.	agio.nu	1
ACTIVE 24, s.r.o.	smedby.nu	1
ACTIVE 24, s.r.o.	wrapstar.nu	1
Yelles AB	freijd.nu	1
Signet B.V.	onvz.nu	1
ACTIVE 24, s.r.o.	telefonfabriken.nu	1
AMAZON-02	15minuten.nu	1
Yelles AB	varor.nu	1
GOOGLE	boletus.nu	1
Yelles AB	xn--pensionrsln-r8aq.nu	1
kvchosting.com	k-m.nu	1
ports.se	alvstranden-utveckling.nu	1
The Internet Engineering Group B.V.	undesign.nu	1
CLDIN B.V.	klimaattechniek.nu	1
Yelles AB	drinkar.nu	1
vBoxx B.V.	jobup.nu	1
AMAZON-02	ODERLAND Webbhotell AB	1
securenameserver6.net	MICROSOFT-CORP-MSN-AS-BLOCK	1
gakijken.net	SQUIXA PTY LIMITED	1
AMAZON-02	cabrio.nu	1
rhs2.nl	vanleersum.nu	1
gcdn.services	Fastmail Pty Ltd	1
team.blue Denmark A/S	weko-agro.nu	1
loopia.se	karlqvist.nu	1
CLOUDFLARENET	unitly.nu	1
DIGITALOCEAN-ASN	stramien.nu	1
mijndnsserver.nl	waarzeggers.nu	1
markmonitor.com	isoler.nu	1
mijn.host	rolsteigerstunter.nu	1
Yelles AB	casinobonusarna.nu	1
CLOUDFLARENET	mynthandel.nu	1
thednscompany.com	reisverslagen.nu	1
LIQUIDWEB	inter-it.nl	1
Fundaments B.V.	i-manager.nu	1
teraservers.net	teraservers.net	1
tutus.se	krypto.nu	1
dutchbat-server.nl	CLDIN B.V.	1
ACTIVE 24, s.r.o.	globenplattsattning.nu	1
BIT BV	airdancer.nu	1
Signet B.V.	terrasindezon.nu	1
ACTIVE 24, s.r.o.	gs-kv.nu	1
CLOUDFLARENET	ambient.nu	1
ACTIVE 24, s.r.o.	hagerius.nu	1
LeaseWeb Netherlands B.V.	nearshoring.nu	1
fxs.se	raha.nu	1
Yelles AB	minmening.nu	1
CLOUDFLARENET	nabestaandenservice.nu	1
Yelles AB	vespera.nu	1
DIGITALOCEAN-ASN	studiolente.nu	1
aeiou.nu	aeiou.nu	1
CLDIN B.V.	relatiebouwers.nu	1
Signet B.V.	waterstraalsnijmachines.nu	1
Stichting DIGI NL	humanreset.nu	1
Yelles AB	kyckling.nu	1
Cygrids Communications AB	fagelhunden.nu	1
jra.se	mobitec.se	1
Stichting DIGI NL	ridingadventures.nu	1
Signet B.V.	mijnpositievegezondheid.nu	1
Cygrids Communications AB	thomsson.nu	1
BUNNYWAY, informacijske storitve d.o.o.	APPLE-ENGINEERING	1
loopia.se	fullmakt.nu	1
shockmedia.nl	CLDIN B.V.	1
one.com	djohn-north.nu	1
dotster.com	excitement.nu	1
Signet B.V.	lelystadairportbusinesspark.nu	1
LIQUIDWEB	alden.nu	1
sowie.nl	GOOGLE	1
Yelles AB	rammstein.nu	1
LIQUIDWEB	pager.nu	1
wappstarsdns7.nl	GOOGLE	1
Yelles AB	ehsforum.nu	1
Signet B.V.	bliksembeveiliging.nu	1
it-wizzard.nl	hartmanenhartman.nu	1
Signet B.V.	witgeld.nu	1
yourdomainprovider.net	kennisnet.nl	1
dn-s.nl	ubt.nu	1
ontbindingsvergoeding.nu	ontbindingsvergoeding.nu	1
CLDIN B.V.	alexknotter.nu	1
windonet.nl	drivegate.nu	1
ACTIVE 24, s.r.o.	lnik.nu	1
Yelles AB	pokeronline.nu	1
ACTIVE 24, s.r.o.	flaskpost.nu	1
AS-VULTR	ixo.nu	1
DIGITALOCEAN-ASN	techniekinnederland.nu	1
managed-ip.com	vitra.nu	1
hostnet.nl	kaldenbach.nu	1
Yelles AB	dacken.nu	1
CLOUDFLARENET	colson-europe.nu	1
dn-s.nl	kerstverlichting.nu	1
Hostpoint AG	Proton AG	1
Signet B.V.	viaverde.nu	1
GleSYS AB	egomail.se	1
GleSYS AB	ledplace.nu	1
Yelles AB	xn--brdspel-6wa.nu	1
LIQUIDWEB	AMAZON-02	1
Signet B.V.	valueprivateequitypartners.nu	1
GOOGLE	morethanhair.nu	1
dn-s.nl	bouwzaken.nu	1
CLOUDFLARENET	insidedoorhandles.nu	1
csdg.org	mail.broker	1
GleSYS AB	skogkatt.nu	1
ACTIVE 24, s.r.o.	henriklidstrom.se	1
aceiq.com	aceiq.com	1
Uniserver Internet B.V.	benvtechniek.nu	1
ACTIVE 24, s.r.o.	bbqlovers.nu	1
Akamai Connected Cloud	WHG Hosting Services Ltd	1
Yelles AB	radioskugga.nu	1
team.blue Denmark A/S	xn--mrkbartlederskab-uob.nu	1
dns-h.com	voertaal.nu	1
Yelles AB	fok.nu	1
one.com	alta.nu	1
Signet B.V.	zoelen.nu	1
Signet B.V.	burghout.nu	1
LIQUIDWEB	rutzell.nu	1
CLOUDFLARENET	GlobalConnect A/S	1
muddypaws.nu	k9biathlon.nu	1
AS-VULTR	youron.nu	1
SECURITYSERVICES	thecanarylife.nu	1
netcup GmbH	diehl.nu	1
Signet B.V.	happycarpets.nu	1
The Internet Engineering Group B.V.	fitnetics.nu	1
nonstop.se	nonstop.se	1
name-services.com	21.234	1
Cygrids Communications AB	mind-on-nature.nu	1
ACTIVE 24, s.r.o.	foretagsmassagen.nu	1
Yelles AB	dnchosting.com	1
ORACLE-BMC-31898	Loopia AB	1
BIZLAND-SD	GOOGLE	1
CLOUDFLARENET	bestewarmtepomp.nu	1
LIQUIDWEB	egg.nu	1
mvm-pengelens1.nl	MICROSOFT-CORP-MSN-AS-BLOCK	1
ports.se	norraalvstranden.nu	1
CLOUDFLARENET	postcode.nu	1
WHG Hosting Services Ltd	nihot.nu	1
Signet B.V.	frameworkred.nu	1
ACTIVE 24, s.r.o.	pilum.nu	1
Yelles AB	samtalsbyran.nu	1
DIGITALOCEAN-ASN	workspace.org	1
zoneedit.com	casano.com	1
Cygrids Communications AB	lillafiskaregatan.nu	1
dotserv.com	visitbornholm.nu	1
CLOUDFLARENET	gardameer.nu	1
Signet B.V.	begraafplaatsen.nu	1
goanhosting.nl	wijhelpenmkb.nu	1
dn-s.nl	powercraft.nl	1
cloud86.nl	dentalartist.nu	1
NUCDN	thuisproeverij.nu	1
Yelles AB	djurkompis.nu	1
nmnet.net	newmillennium.net	1
ACTIVE 24, s.r.o.	russin.nu	1
CLOUDFLARENET	machiels.org	1
Contabo GmbH	freshonline.nu	1
MICROSOFT-CORP-MSN-AS-BLOCK	cissp.nu	1
LIQUIDWEB	wahlsten.nu	1
sensson.eu	biomedia.nl	1
Signet B.V.	mooinhuis.nu	1
mijn.host	oogdruppel-online.nu	1
hix.nl	carkits.nu	1
dnb.nu	Tutao GmbH	1
Signet B.V.	cherry.nu	1
vx00.com	knuffel.nu	1
cloud86.nl	darkmatter.nu	1
GleSYS AB	industrisemester.nu	1
site4u.com	GOOGLE	1
nr-city.net	virus-free.de	1
Signet B.V.	denieuwefabriek.nu	1
BIT BV	goedkoopverhuizen.nu	1
mijndnsserver.nl	rozen.nu	1
Signet B.V.	codeine.nu	1
CLOUDFLARENET	zaanz.nu	1
ACTIVE 24, s.r.o.	hundrahundar.nu	1
ACTIVE 24, s.r.o.	sven-ove.nu	1
loopia.se	padda.nu	1
ghost-central.com	MICROSOFT-CORP-MSN-AS-BLOCK	1
ACTIVE 24, s.r.o.	trancel.nu	1
Signet B.V.	fioole.nu	1
Signet B.V.	dierenpark.nu	1
CLOUDFLARENET	xn--stdfirma-1za.nu	1
easyname.se	Vaddo Media Information IS AB	1
netic.dk	comendosystems.com	1
atom86 BV	boonk.nu	1
LIQUIDWEB	yours.nu	1
ipcom GmbH	multict.nl	1
53n.nl	hoteltexel.nu	1
axc.nl	mijn-werkplek.nu	1
ACTIVE 24, s.r.o.	testbild.nu	1
CLOUDFLARENET	fitplan.nu	1
ACTIVE 24, s.r.o.	nutech.nu	1
qbixx.nl	theoriginals.nu	1
DIGITALOCEAN-ASN	wanroij.nu	1
GleSYS AB	vonsydow.nu	1
Signet B.V.	cotedazur.nu	1
ACTIVE 24, s.r.o.	aj22.nu	1
hix.nl	mijnrds.nl	1
aname.net	waff.nu	1
mediaversa7.nl	sienna-x.nu	1
Signet B.V.	co2prestatieladder.nu	1
AMAZON-02	team.blue Denmark A/S	1
Signet B.V.	aqueous.nu	1
Signet B.V.	bitches.nu	1
neostrada.nl	santri.nu	1
Knipp Medien und Kommunikation GmbH	GOOGLE	1
aocloud.nu	juslin.nu	1
dn-s.nl	vermicompost.nu	1
ACTIVE 24, s.r.o.	slt.nu	1
slik.eu	traps.nu	1
Yelles AB	frontspace.nu	1
extin-hosting.nl	afb.nu	1
CLDIN B.V.	zeevracht.nu	1
irc-net.se	ljungby.nu	1
DIGITALOCEAN-ASN	ziran.nu	1
2com2.eu	wouw.nu	1
wisdns.net	miltenburg.nu	1
ACTIVE 24, s.r.o.	vgv.nu	1
Yelles AB	disc-golf.nu	1
planeetta.net	realmachinery.nu	1
Yelles AB	sfror.nu	1
team.blue Denmark A/S	frokost.nu	1
The Internet Engineering Group B.V.	redrumburo.nu	1
one.com	efi.no	1
Signet B.V.	vinq.nu	1
smartdns.se	akvaria.nu	1
RouteLabel V.O.F.	mellow.nu	1
Uniserver Internet B.V.	jolan.nu	1
Yelles AB	shapeup.nu	1
Yelles AB	dickman.nu	1
CLDIN B.V.	groenmichael.nu	1
loopia.se	varberg.net	1
dn-s.nl	snelstart.nu	1
Cygrids Communications AB	pinoy.nu	1
Signet B.V.	ikzoekwerk.nu	1
oderland.com	lae.nu	1
destiny.be	ipvision.dk	1
caveo.nl	zilvervloot.nu	1
ACTIVE 24, s.r.o.	riskutbildarna.nu	1
Yelles AB	gagner.nu	1
Miss Hosting AB	skiljas.nu	1
Bahnhof AB	CLOUDFLARENET	1
Signet B.V.	praatmaatje.nu	1
Miss Hosting AB	friendfinder.nu	1
dn-s.nl	belben.nu	1
Signet B.V.	hoofdzaak.nu	1
ACTIVE 24, s.r.o.	visaljerdinbil.nu	1
Signet B.V.	myrouteapp.nu	1
CJ2 Hosting B.V.	inner-touch.nu	1
CLOUDFLARENET	sjusjoen.nu	1
AMAZON-02	jesse-james.nu	1
Yelles AB	sofe.nu	1
One.com A/S	snu.nu	1
cloudns.net	pixigirl.nu	1
hyp.net	snille.nu	1
VITAL-DNS	grasoit.nu	1
Signet B.V.	tenten.nu	1
CLOUDFLARENET	46.nu	1
ACTIVE 24, s.r.o.	reinius.nu	1
Signet B.V.	zaaltjehuren.nu	1
diagonal.se	halsoguiden.nu	1
CLOUDFLARENET	doseer.nu	1
2fast.nl	GOOGLE	1
ACTIVE 24, s.r.o.	mosnet.nu	1
Miss Hosting AB	smalan.nu	1
Signet B.V.	ampy.nu	1
Signet B.V.	highvolt.nu	1
BIT BV	loodgieter-alkmaar.nu	1
CLOUDFLARENET	ramses.nu	1
CLOUDFLARENET	hometech.nu	1
dynu.com	One.com A/S	1
AMAZON-02	lbsmt.nu	1
OVH SAS	byggnadsarbetaren.nu	1
dbgmhost.nl	echteverhalen.nu	1
CLOUDFLARENET	arcvault.se	1
shockmedia.nl	grint.nu	1
Yelles AB	webly.nu	1
Webhuset AS	GOOGLE-CLOUD-PLATFORM	2
SECURITYSERVICES	lillaaktuellt.nu	1
loopia.se	4.215	1
Signet B.V.	gezondland.nu	1
CLOUDFLARENET	bx9.net	1
dn-s.nl	knockonwood.nu	1
ACTIVE 24, s.r.o.	ailearning.nu	1
Yelles AB	Tutao GmbH	2
ACTIVE 24, s.r.o.	vbss.nu	1
Signet B.V.	maxedy.nu	1
digitalcap.se	MICROSOFT-CORP-MSN-AS-BLOCK	1
CLOUDFLARENET	centralmail.nl	1
DIGITALOCEAN-ASN	bijjo.nu	1
Intention B.V.	GOOGLE	1
Signet B.V.	spoedklus.nu	1
One.com A/S	eenmooierewereld.nu	1
ACTIVE 24, s.r.o.	hnp.nu	1
Yelles AB	c2k.nu	1
vboxx.net	machosting.nu	1
MICROSOFT-CORP-MSN-AS-BLOCK	team.blue Denmark A/S	1
Yelles AB	ungasamlare.nu	1
MICROSOFT-CORP-MSN-AS-BLOCK	yjsnpi.nu	1
upc.biz	MICROSOFT-CORP-MSN-AS-BLOCK	1
UKDedicated LTD	borsplus.nu	1
ipcom GmbH	skillsforlife.nu	1
digitalisera.com	MICROSOFT-CORP-MSN-AS-BLOCK	1
Cygrids Communications AB	bostrom.nu	1
dn-s.nl	maskeerbedrijf.nu	1
ACTIVE 24, s.r.o.	ensaga.nu	1
CLDIN B.V.	koppertcress.nu	1
hostingforyou.nl	hostingforyou.nl	2
LIQUIDWEB	hallandsauktionsverk.nu	1
digitalcap.se	bliljusdesigner.nu	1
Yelles AB	kreditkortmedbonus.nu	1
Signet B.V.	helpmymac.nl	1
CLOUDFLARENET	korplat.nu	1
gewoon-it.net	natuursteentegels.nu	1
team.blue Denmark A/S	macrodot.nu	1
xn--sb-lka.org	OVH SAS	1
CLOUDFLARENET	bnl.nu	1
DIGITALOCEAN-ASN	frictio.nu	1
CLOUDFLARENET	hittakurs.nu	1
DIGITALOCEAN-ASN	sterck.nu	1
Signet B.V.	meetyourself.nu	1
sdnett.com	sdnett.com	1
CLOUDFLARENET	musselkanaal.nu	1
CLOUDFLARENET	klubba.nu	1
Signet B.V.	youngcapital.nu	1
CLOUDFLARENET	vdl.nu	1
ACTIVE 24, s.r.o.	ekeromoderaterna.nu	1
Signet B.V.	winnerinvestmentpartners.nu	1
GleSYS AB	tinas.nu	1
bai.se	bai.nu	1
LIQUIDWEB	xn--ntet-loa.nu	1
CLDIN B.V.	elektrischetandenborstel.nu	1
DIMENOC	paypal.nu	1
Signet B.V.	hetleven.nu	1
cloudns.net	ZOHO-AS	1
cloudns.net	nattsjo.se	1
proisp.no	lyskomponenter.nu	1
nlstijl.nl	plasmage.nu	1
ACTIVE 24, s.r.o.	dbweb.nu	1
Signet B.V.	mxio.nl	1
Yelles AB	bestvegancollagen.nu	1
GlobalConnect AB	bks.nu	1
CLOUDFLARENET	8086.nu	1
team.blue Denmark A/S	Sentia Denmark A/S	2
oderland.com	euromirror.nu	1
DIMENOC	villetta.nu	1
Yelles AB	ir.nu	1
One.com A/S	cure4life.nu	1
supremecenter40.com	supremebox.com	1
Signet B.V.	reklameburo.nu	1
Signet B.V.	tempel.nu	1
a3network.se	MICROSOFT-CORP-MSN-AS-BLOCK	1
InterRacks B.V.	softwareselectie.nu	1
One.com A/S	brabanthout.nu	1
oderland.com	ndc8.nu	1
Hetzner Online GmbH	krullenknippen.nu	1
felison.nl	Fundaments B.V.	1
hyp.net	roland.nu	1
DLX A/S	getevent.nu	1
Yelles AB	aeth.nu	1
vti.se	MICROSOFT-CORP-MSN-AS-BLOCK	1
Signet B.V.	striive.nu	1
CLDIN B.V.	eigenhandig.nu	1
cloud86.nl	neuropathie.nu	1
alexa.nu	alexa.nu	1
dn-s.nl	youen.nu	1
gidpro.hosting	eatspam.nl	1
CLOUDFLARENET	forebikes.nu	1
Miss Hosting AB	lies.nu	1
BIT BV	balanskompas.nu	1
Yelles AB	varmkorv.nu	1
CLOUDFLARENET	hseqsuite.nu	1
chosting.dk	mau.nu	1
fekahost.nl	bed-and-breakfast.nu	1
acertaweb.se	asiatiskt.nu	1
CLOUDFLARENET	naturkompaniet.nu	1
mijn.host	oogdruppelonline.nu	1
ACTIVE 24, s.r.o.	protein-house.nu	1
One.com A/S	zandspuiten.nu	1
CLOUDFLARENET	ikshop.nu	1
ports.se	helsingborgshem.se	1
CLOUDFLARENET	manutd.nu	1
ACTIVE 24, s.r.o.	braziltravel.nu	1
webbess.nu	GOOGLE	1
dn-s.nl	nieuwe-trek.nu	1
ACTIVE 24, s.r.o.	klaeder.nu	1
exonet.nl	technobeton.nu	1
Miss Hosting AB	konstrundan.nu	1
ne.jp	satsukawa.nu	1
Signet B.V.	watisjouwbijdrage.nu	1
LIQUIDWEB	ohlund.nu	1
UpCloud Ltd	annot.nu	1
Signet B.V.	jouwpagina.nu	1
Qavat AB	GOOGLE	1
Contabo GmbH	plapla.nu	1
linode.com	isdin.nu	1
cloudns.net	ipcare.nu	1
cloud86.nl	sloopauto.nu	1
world4you.at	o-r.nu	1
dnssrv.nl	cityofglass.nu	1
Stichting DIGI NL	ZOHO Corporation B.V	1
hyperhost.ua	bonusguiden.nu	1
flevohost.nl	myflow.nu	1
ACTIVE 24, s.r.o.	sunpal.nu	1
Signet B.V.	heldeninhealth.nu	1
hix.nl	desportschool.nu	1
ACTIVE 24, s.r.o.	thomaslundgren.nu	1
CLDIN B.V.	psybeter.nl	1
team.blue Denmark A/S	herold.nu	1
ACTIVE 24, s.r.o.	cellbetong.nu	1
cyberserv.nl	lichtfontein.nu	1
dn-s.nl	vopensioen.nu	1
LIQUIDWEB	utte.nu	1
DIGITALOCEAN-ASN	godert.nu	1
Signet B.V.	uitzendsoftware.nu	1
dn-s.nl	solide.nu	1
ACTIVE 24, s.r.o.	bluebeq.nu	1
Signet B.V.	bevestiging.nu	1
CLOUDFLARENET	ignatius.nu	1
Signet B.V.	vuurwerk24.nu	1
UKDedicated LTD	dalmatiner.nu	1
Signet B.V.	spider.nu	1
ACTIVE 24, s.r.o.	beggo.nu	1
exonet.nl	opleidingswerkplaats.nu	1
budgethostingserver.nl	tintel.nu	1
Signet B.V.	onderlinge1895.nu	1
exsilia.net	galerijkeuring.nu	1
vgregion.se	laboratoriemedicin.nu	1
CLOUDFLARENET	norlindh.nu	1
CLOUDFLARENET	hostinger.in	1
LIQUIDWEB	amaze.nu	1
ACTIVE 24, s.r.o.	una.nu	1
CLOUDFLARENET	noodzaak.nu	1
DIGITALOCEAN-ASN	lifeislearning.nu	1
ACTIVE 24, s.r.o.	rekru.nu	1
vboxx.net	12travel.nu	1
Yelles AB	eventi.nu	1
team.blue Denmark A/S	amazingtours.nu	1
Miss Hosting AB	grapes.nu	1
limetree.nu	gildas.nu	1
infrapod.nl	mistermarketing.nu	1
ne.jp	momiji.nu	1
ACTIVE 24, s.r.o.	blomkrukor.nu	1
Netnod AB	halmstad.se	1
qbixx.nl	ekart.nu	1
ACTIVE 24, s.r.o.	slutaspela.nu	1
ns14.net	maketheswitch.nu	1
ipcom GmbH	hosteurope.de	1
Signet B.V.	d7.nu	1
ACTIVE 24, s.r.o.	xn--hundfrskring-mcb3w.nu	1
Yelles AB	semla.nu	1
CLDIN B.V.	web-id.nl	1
maerschalk.nl	MICROSOFT-CORP-MSN-AS-BLOCK	1
Swedish Space Corporation	GOOGLE	1
mananaweb.se	scrapskrot.nu	1
Signet B.V.	mikey.nu	1
dn-s.nl	pakze.nu	1
eldering-ict.nl	flurt.nu	1
team.blue Denmark A/S	Vianova S.p.A	1
thdata.se	botniasupport.se	2
CLOUDFLARENET	xn--vikingln-g0a.nu	1
Signet B.V.	mvoi.nu	1
fastnameservers.win	NAMECRANE	1
b2bip.nl	heunen.nu	1
CLOUDFLARENET	reageer.nu	1
nyhost.net	msk.nu	1
ACTIVE 24, s.r.o.	nse.nu	1
LIQUIDWEB	RACKSPACE	1
hosted.nl	heineman.nu	1
contabo.net	mam.nu	1
Signet B.V.	destofzuigerzaq.nu	1
sll.se	Vaddo Media Information IS AB	1
palmberg.io	spelatillsammans.nu	1
CLOUDFLARENET	fylla.nu	1
borlange.se	Hagloef & Nordkvist Internet AB	1
deltaweb.nl	MICROSOFT-CORP-MSN-AS-BLOCK	1
spacedump.net	shellkonto.se	1
ACTIVE 24, s.r.o.	wikanders.nu	1
loopia.se	noip.me	1
DIGITALOCEAN-ASN	online-lenen.nu	1
AS-VULTR	GOOGLE	1
LIQUIDWEB	energiehub.nu	1
CLOUDFLARENET	wareliefde.nu	1
ACTIVE 24, s.r.o.	triften.nu	1
CLOUDFLARENET	wavy.nu	1
ipcom GmbH	emus.nu	1
linode.com	aji.nu	1
GleSYS AB	bombax.nu	1
Signet B.V.	brandnewdaybank.nu	1
hyp.net	skeidar.as	1
nameshield.net	SECURITYSERVICES	1
dhs12.nl	alberto.nu	1
pil.dk	comendo.com	1
broadview.se	natverkstjanst.se	1
ipcom GmbH	remondis.com	1
Bahnhof AB	trendweb.nu	1
Serverius Holding B.V.	instructies.nu	1
iwantmyname.net	Fastmail Pty Ltd	1
GOOGLE	DIGITALOCEAN-ASN	1
observit.se	observit.nu	1
dnsc-do.com	5sv.org	1
Signet B.V.	clipp.nu	1
ACTIVE 24, s.r.o.	xn--lslov-gra.nu	1
Signet B.V.	cno.nu	1
SECURITYSERVICES	cedeldemo.nu	1
oderland.com	vaggabadet.nu	1
Yelles AB	lumen.nu	1
Yelles AB	velvegroup.nu	1
Yelles AB	tand.nu	1
CLOUDFLARENET	utrecht.nu	1
svenskadomaner.se	noacks.nu	1
CLOUDFLARENET	hestra.org	1
BIT BV	afab.nl	2
Yelles AB	svetsmontage.nu	1
ACTIVE 24, s.r.o.	kamtechnology.nu	1
CLDIN B.V.	glowpaintball.nu	1
Hetzner Online GmbH	kontent.nu	1
SECURITYSERVICES	vi.net	1
mijn.host	onclick.nl	1
LIQUIDWEB	coja.nu	1
loopia.se	randomness.nu	1
Yelles AB	ritning.nu	1
morotsmedia.se	morotsmedia.se	1
ACTIVE 24, s.r.o.	viggen.nu	1
CLDIN B.V.	hansendranken.nu	1
oderland.com	burner.nu	1
CLOUDFLARENET	trendwebb.nu	1
team.blue Denmark A/S	bmwmc.nu	1
CLOUDFLARENET	upmud9.nu	1
AMAZON-02	seznam.cz	1
ics-services.se	GOOGLE	1
CLDIN B.V.	presspage.nu	1
Signet B.V.	volgme.nu	1
sdns0.nl	MICROSOFT-CORP-MSN-AS-BLOCK	1
DIGITALOCEAN-ASN	WorldStream B.V.	1
BIT BV	inspirecoaching.nu	1
Signet B.V.	bureaustoelen.nu	1
ACTIVE 24, s.r.o.	electronicforce.nu	1
dnsimple.com	Proton AG	1
CLOUDFLARENET	subsidiescan.nu	1
UKDedicated LTD	fimpa.nu	1
MICROSOFT-CORP-MSN-AS-BLOCK	inventio.it	1
Miss Hosting AB	paganini.nu	1
one.com	mail2sms.nu	1
loopia.se	linner.nu	1
buskruitdns.eu	litteken.nu	1
CLDIN B.V.	manupproductions.nu	1
Yelles AB	kolhydrater.nu	1
Signet B.V.	advocaatzoeken.nu	1
ACTIVE 24, s.r.o.	nmfoodtruck.nu	1
mijnserver.be	mijnserver.nl	2
Signet B.V.	processbattery.nu	1
Yelles AB	ordningochreda.nu	1
ACTIVE 24, s.r.o.	crowded.nu	1
One.com A/S	tonvogels.nu	1
ipcom GmbH	celab.se	1
team.blue Denmark A/S	xn--smrdigind-m8a.nu	1
CLOUDFLARENET	hekwerk.nu	1
Intention B.V.	inloopcast.nu	1
loopia.se	g30.se	1
Signet B.V.	12stappenplan.nu	1
exonet.nl	privatelabel.nu	1
dn-s.nl	dia.nu	1
CLOUDFLARENET	arcticlodge.nu	1
Miss Hosting AB	macondo.nu	1
neostrada.nl	instantconnection.nu	1
ACTIVE 24, s.r.o.	okatima.nu	1
Signet B.V.	kidsvakantiegids.nu	1
ACTIVE 24, s.r.o.	poolliner.nu	1
AS-VULTR	artic.nu	1
web-solutions.dk	vaskogrens.nu	1
LIQUIDWEB	laptops.nu	1
hyp.net	atkins.nu	1
Yelles AB	sagab.nu	1
Hetzner Online GmbH	hup-hup.nu	1
rmcloud.nl	dekeijzer.nu	1
GOOGLE	Hetzner Online GmbH	2
ram-reclame.nl	ram.nu	1
GleSYS AB	arthouse.nu	1
cloudns.net	kviklaan.nu	1
ballou.se	Loopia AB	1
ACTIVE 24, s.r.o.	marinbutiken.nu	1
openit.se	flickrbilder.nu	1
ACTIVE 24, s.r.o.	studio34.nu	1
edomains.com	paskamer.nu	1
dn-s.nl	vindzorg.nu	1
ictunited.nl	MICROSOFT-CORP-MSN-AS-BLOCK	1
ACTIVE 24, s.r.o.	bergstedts.nu	1
AMAZON-02	oet.nu	1
ACTIVE 24, s.r.o.	mallar.nu	1
DIGITALOCEAN-ASN	vgngroup.nu	1
CLOUDFLARENET	ggf.nu	1
vboxx.net	safespace.nu	1
webhostbox.net	takechan.nu	1
je-eigen-domein.nl	ZOHO Corporation B.V	1
Yelles AB	enetto.nu	1
Signet B.V.	3mm.nu	1
mans-dns.nl	MICROSOFT-CORP-MSN-AS-BLOCK	1
hostingcentar.com	agsab.nu	1
DIGITALOCEAN-ASN	audits.nu	1
edomains.com	palatino.nu	1
DIGITALOCEAN-ASN	vdmarel.nu	1
LIQUIDWEB	occasions.nu	1
Yelles AB	munchys.nu	1
datismijn.com	iphonerepair.nu	1
ACTIVE 24, s.r.o.	teclab.nu	1
GleSYS AB	joyride.nu	1
Signet B.V.	flikweert.nu	1
anycast.me	MICROSOFT-CORP-MSN-AS-BLOCK	1
netzozeker.nl	stage-usa.nu	1
weserveyou.eu	ligna.nu	1
nmugroup.se	nmugroup.se	1
ACTIVE 24, s.r.o.	bemanniq.nu	1
ipcom GmbH	ksons.nu	1
Eurofiber Cloud Infra B.V.	Soverin B.V.	1
dnssrv.nl	sugarbaby.nu	1
Signet B.V.	beurskoersen.nu	1
CLOUDFLARENET	berndtsson.nu	1
mulder-hosting.com	constructeur.nu	1
registrar-servers.com	myller.nu	1
Yelles AB	xn--bsthemfrskring-5hbi71a.nu	1
LeaseWeb Netherlands B.V.	altijdscherp.nu	1
webtic.nl	mailroute.net	1
cargo.site	One.com A/S	2
ACTIVE 24, s.r.o.	nasha.nu	1
team.blue Denmark A/S	aeble.nu	1
CLDIN B.V.	kindertherapie.nu	1
CLOUDFLARENET	geluidsisolatie.nu	1
team.blue Denmark A/S	findnytkontor.nu	1
Hetzner Online GmbH	adequaat.nu	1
Signet B.V.	axez.nu	1
Yelles AB	joannawidestrand.nu	1
DIGITALOCEAN-ASN	richardmos.nu	1
ACTIVE 24, s.r.o.	mobella.nu	1
ACTIVE 24, s.r.o.	nieberg.nu	1
The Internet Engineering Group B.V.	charis.nu	1
CLOUDFLARENET	labrand.nu	1
team.blue Denmark A/S	altibox.nu	1
auto-dns.com	mailprotect.be	1
The Internet Engineering Group B.V.	koning.nu	1
markmonitor.com	pphosted.com	1
CLOUDFLARENET	dnt.nu	1
CLOUDFLARENET	burack.nu	1
exonet.nl	thoma.nu	1
webhostingserver.nl	GOOGLE	2
ACTIVE 24, s.r.o.	sitset.nu	1
Infopact Netwerkdiensten B.V.	mondzorgpraktijk.nu	1
uniquemade.nl	timeforchange.nu	1
SECURITYSERVICES	twphosting.nl	1
greengeeks.net	akb.nu	1
Hetzner Online GmbH	ditlevsen.nu	1
serverzone.nl	digitalkey.nu	1
loopia.se	zscaler.net	1
CGI Sverige AB	antispameurope.com	1
ACTIVE 24, s.r.o.	parknow.nu	1
UKDedicated LTD	xn--frimrken-3za.nu	1
Hetzner Online GmbH	e-sims.nu	1
Signet B.V.	denieuwepiet.nu	1
ymdrift.se	ymdrift.se	1
Yelles AB	sandzak.nu	1
NETWORK-SOLUTIONS-HOSTING	balticpro.nu	1
viraal.org	GOOGLE	1
LIQUIDWEB	willemstraat.org	1
hostingcp.eu	dedicatedserver.nu	1
linode.com	dax.nu	2
dnsimple.com	base.nu	1
loopia.se	kahn.nu	1
Signet B.V.	beyoux.nu	1
cloud86.nl	speedup.nu	1
Signet B.V.	gratisincasso.nu	1
CLOUDFLARENET	smedberg.nu	1
hostnet.nl	onkruidbestrijding.nu	1
planet-work.com	planet-work.com	1
registrar-servers.com	ZOHO-AS	1
Stichting DIGI NL	vledder.nu	1
infotrader.se	infotrader.se	1
TrueFullstaq B.V.	thelighthouse.nu	1
Yelles AB	visaminip.nu	1
Akamai International B.V.	null	1
CLDIN B.V.	approved-green.nu	1
Cygrids Communications AB	kritiker.nu	1
cloud86.nl	kralingen.nu	1
Cloud DNS Ltd	webnieuws.nu	1
ACTIVE 24, s.r.o.	dinredovisning.nu	1
Yelles AB	alexandersandberg.nu	1
Yelles AB	sneakers.nu	1
DIGITALOCEAN-ASN	zweeloo.nu	1
DIGITALOCEAN-ASN	bosgoed.nu	1
Combell NV	nationalevakaturebank.nu	1
dotserv.com	e-booking.nu	1
ACTIVE 24, s.r.o.	cowmob.nu	1
One.com A/S	hesecure.nl	1
MICROSOFT-CORP-MSN-AS-BLOCK	maps.nu	1
Fundaments B.V.	rt.je	1
whixx.com	madeby.nu	1
Bizway BV	GOOGLE	2
ACTIVE 24, s.r.o.	cmp.nu	1
neostrada.nl	jesusinthestreets.nu	1
Yelles AB	kreditkoll.nu	1
UKDedicated LTD	odibo.nu	1
Signet B.V.	barry.nu	1
Yelles AB	sonata.nu	1
OVH SAS	skicka-present.nu	1
one.com	dreier.nu	1
rvwebsolutions.nl	chocolate4you.nu	1
Yelles AB	spabada.nu	1
Telia Company AB	kbtk.nu	1
euroclix.nl	ppe-hosted.com	1
Signet B.V.	togaftraining.nu	1
SECURITYSERVICES	staysecuregroup.com	1
exonet.nl	santiz.nu	1
cloud86.nl	volgendestap.nu	1
Yelles AB	klimatexperten.nu	1
CLOUDFLARENET	caprice.nu	1
Yelles AB	bmiraknare.nu	1
dn-s.nl	krisis.nu	1
dn-s.nl	ZOHO-AS	1
mildmedia.se	mildmedia.nu	1
mijndnsserver.nl	waarzegsters.nu	1
DIGITALOCEAN-ASN	onlinepsycholoog.nu	1
CLDIN B.V.	your-srs.nu	1
poonj.com	slatten.nu	1
webmix.nl	e-art.nu	1
Yelles AB	sverigerea.nu	1
Hetzner Online GmbH	pensionskonsult.nu	1
UKDedicated LTD	retursystem.nu	1
MICROSOFT-CORP-MSN-AS-BLOCK	traumarelease.nu	1
ACTIVE 24, s.r.o.	apexed.nu	1
sucom.no	MICROSOFT-CORP-MSN-AS-BLOCK	1
DIGITALOCEAN-ASN	idance.nl	2
ACTIVE 24, s.r.o.	gastabudet.nu	1
dn-s.nl	wijncollectief.nu	1
CLOUDFLARENET	ogun.org	1
ACTIVE 24, s.r.o.	decorate.nu	1
ipcom GmbH	fiberoptik.nu	1
CLDIN B.V.	kotugsmittowage.nu	1
hosttech.at	hosttech.eu	1
creativecontingencies.com	com.au	1
ports.se	Nordisk Media Utveckling AB	2
Signet B.V.	goudaholland.nu	1
neostrada.nl	strandhuisjes.nu	1
SINGLEHOP-LLC	herseby.nu	1
GANDI SAS	pc32.net	1
triple.nl	attentiv.nu	1
mvs-hosting.nl	MICROSOFT-CORP-MSN-AS-BLOCK	2
GlobalConnect AB	highlow.nu	1
media31.nl	easynet.nl	1
Signet B.V.	digitalewegenwacht.nu	1
Yelles AB	altin.nu	1
hyp.net	elit.net	1
CLDIN B.V.	echtutrecht.nu	1
Signet B.V.	mediatv.nu	1
Signet B.V.	verhuisbedrijf-rotterdam.nu	1
ipcom GmbH	unisale.nu	1
ports.se	xn--lvstrandenutveckling-9yb.nu	1
ACTIVE 24, s.r.o.	theinternet.nu	1
srvnl.nl	lofi.nu	1
sascrotch.com	martini.nu	1
CLOUDFLARENET	piere.nu	1
Signet B.V.	schermtijd.nu	1
wpserver.pro	wpserver.pro	1
NewVM B.V.	isaac-carbon.nu	1
railsplayground.net	stressakuten.nu	1
sohosted13.com	zzpjob.nu	1
Yelles AB	xn--fretagslnet-48a7s.nu	1
dn-s.nl	rolstoelvakantie.nu	1
Yelles AB	koffeinfritt.nu	1
Stichting DIGI NL	Proton AG	1
CLOUDFLARENET	hoorsupport.nu	1
server281.com	leffler.nu	1
ACTIVE 24, s.r.o.	digitaltforetag.nu	1
Yelles AB	matlagningskurs.nu	1
hostnet.nl	textielreiniging.nu	1
ACTIVE 24, s.r.o.	changemoney.nu	1
One.com A/S	rondjedrenthe.nu	1
freehosting.com	svenskapologetik.nu	1
CLOUDFLARENET	aname.nu	1
Yelles AB	boaryd.nu	1
Yelles AB	parterapi.nu	1
CLOUDFLARENET	vwa.agency	1
CLOUDFLARENET	uwsupermarkt.nl	1
DIGITALOCEAN-ASN	dinnerinthedark.nu	1
server-farm.net	uniqueu.nu	1
Cygrids Communications AB	okh.nu	1
Yelles AB	ansis.nu	1
hostnet.nl	startmetbewegen.nu	1
One.com A/S	bodyessentials.nu	1
aname.net	webnode.se	1
ports.se	vhutv.com	1
ports.se	damnheels.nu	1
ACTIVE 24, s.r.o.	fsl.nu	1
Signet B.V.	betnation.nu	1
NSONE	ZOHO-AS	1
Signet B.V.	vi4.nl	1
CLDIN B.V.	kroesewevers.nu	1
ODERLAND Webbhotell AB	skatespot.nu	1
CLOUDFLARENET	packman.nu	1
dn-s.nl	tophoveniers.nu	1
BUNNYWAY, informacijske storitve d.o.o.	GleSYS AB	1
DIGITALOCEAN-ASN	schill.nu	1
smallhold-hosting.nl	combifit.nu	1
NETWORK-SOLUTIONS-HOSTING	aday.nu	1
GleSYS AB	2mr.nu	1
BIZLAND-SD	sahlberg.nu	1
CLOUDFLARENET	lurvas.nu	1
ACTIVE 24, s.r.o.	carnag.nu	1
LIQUIDWEB	sjoholm.nu	1
nameserver.co	AMAZON-02	1
LeaseWeb Netherlands B.V.	schuttershof.nu	1
Yelles AB	3ddude.nu	1
Yelles AB	olivetti.nu	1
one.com	bodata.dk	1
hostnet.nl	spuitgiet.nu	1
CLOUDFLARENET	espressomaskine.nu	1
Signet B.V.	bright-river.nu	1
Computel Standby BV	rct.nu	1
ACTIVE 24, s.r.o.	longfei.nu	1
nudata.eu	GOOGLE	1
netic.dk	MICROSOFT-CORP-MSN-AS-BLOCK	1
Yelles AB	tryggt.nu	1
Signet B.V.	connect-heal-create.nu	1
zoneedit.com	brugmans.nu	1
maryjane.nu	maryjane.nu	1
ACTIVE 24, s.r.o.	stenkil.nu	1
CLOUDFLARENET	uglkurser.nu	1
Vertixo BV	MICROSOFT-CORP-MSN-AS-BLOCK	1
Yelles AB	trendig.nu	1
vgregion.se	MICROSOFT-CORP-MSN-AS-BLOCK	1
LIQUIDWEB	haggis.nu	1
CLOUDFLARENET	badtunna.nu	1
namehero.com	conceptrelining.nu	1
moln-net.se	hosterspace.com	1
nationwild.net	sunet.se	1
ports.se	norra-alvstranden.nu	1
finallyserver.nl	aleks.nu	1
LIQUIDWEB	idman.nu	1
ports.se	hyrcity.se	1
we.bs	we.bs	1
eolas.fr	eolas-services.com	1
dn-s.nl	deromeingroup.nu	1
Infopact Netwerkdiensten B.V.	devriendschap.nu	1
GleSYS AB	tisa.nu	1
High5! B.V.	hobbelen.net	1
egensajt.se	Loopia AB	1
vestnet.se	vestnet.nu	1
3920.be	3920.be	1
CLDIN B.V.	glansgarant.nu	1
CLOUDFLARENET	sellink.nu	1
CLDIN B.V.	infographics.nu	1
Yelles AB	affischer.nu	1
CLOUDFLARENET	swebby.se	1
markmonitor.com	vi.net	1
Yelles AB	malmstroem.nu	1
ACTIVE 24, s.r.o.	viltochbar.nu	1
Yelles AB	ccem.nu	1
hyp.net	Datacamp Limited	1
Signet B.V.	cryptotalent.nu	1
gamereactor.dk	gamereactor.dk	1
ACTIVE 24, s.r.o.	ahnfeldt.nu	1
mijndnsserver.nl	wgc.nu	1
CLDIN B.V.	kitchencreate.nu	1
CLDIN B.V.	huisdierenspecialisten.nu	1
LIQUIDWEB	nuna.nu	1
ACTIVE 24, s.r.o.	error.nu	1
One.com A/S	haptocare.nu	1
CLOUDFLARENET	compton.nu	1
cassiopea.it	widestore.net	1
Hetzner Online GmbH	tpz.nu	1
instantxs.nl	instantxs.nu	1
ACTIVE 24, s.r.o.	byggstallning.nu	1
teliahosting.com	sundbom.nu	1
OVH SAS	sophos.com	1
xitens.net	werkbank.nu	1
GOOGLE	stefanmanninen.se	1
dn-s.nl	gnosis.nu	1
Signet B.V.	on-demand.nu	1
wpx.net	bredevoort.nu	1
Signet B.V.	archimate-tooling.nu	1
CLOUDFLARENET	unlimited.nu	1
ACTIVE 24, s.r.o.	caleo.nu	1
CLOUDFLARENET	bygginvest.nu	1
Previder B.V.	hortimat.nu	1
Infopact Netwerkdiensten B.V.	clean15.nu	1
ospito.eu	amara.nu	1
mirasoft.net	lavash.nu	1
CLOUDFLARENET	deliefdesdokter.nu	1
Signet B.V.	wepaypeople.nu	1
ACTIVE 24, s.r.o.	fontan.nu	1
Yelles AB	mektek.nu	1
dsq-online.nl	MICROSOFT-CORP-MSN-AS-BLOCK	1
Yelles AB	cykelverkstad.nu	1
elonisas.nl	MICROSOFT-CORP-MSN-AS-BLOCK	1
Yelles AB	weekendresor.nu	1
ilait.se	RB Communication AB	1
Signet B.V.	arbeidsdeskundige.nu	1
AMAZON-02	kledingkasten.nu	1
CLOUDFLARENET	xn--karlstrm-t4a.nu	1
Eurofiber Cloud Infra B.V.	liefdeinzicht.nu	1
Signet B.V.	heplatform.nl	2
cloud86.nl	burnoutcoach.nu	1
Signet B.V.	belsessies.nu	1
ACTIVE 24, s.r.o.	dynamist.nu	1
ACTIVE 24, s.r.o.	wiegner.nu	1
Yelles AB	lassenius.nu	1
NetActuate, Inc	purelymail.com	1
LIQUIDWEB	residencia.nu	1
sohosted47.com	CLDIN B.V.	1
LEASEWEB-USA-SFO	securityshop.nu	1
CLDIN B.V.	dejager.nu	1
CLDIN B.V.	drinkbolero.nu	1
ACTIVE 24, s.r.o.	hauska.nu	1
ACTIVE 24, s.r.o.	lakris.nu	1
GleSYS AB	mhcs.nu	1
caveo.nl	videck.nu	1
ipcom GmbH	rook.nu	1
ACTIVE 24, s.r.o.	leviticus.nu	1
Signet B.V.	vastgoedbeheeronline.nu	1
Signet B.V.	cyberconnect.nu	1
Yelles AB	anvandatrosor.nu	1
Contabo GmbH	cmsv.nu	1
DIGITALOCEAN-ASN	securefireservices.nl	1
dn-s.nl	righttorepair.nu	1
CLDIN B.V.	innpact.nu	1
Signet B.V.	gallus.nu	1
Stichting DIGI NL	zundert.nu	1
Signet B.V.	tstool.nu	1
Stichting DIGI NL	zwangerworden.nu	1
Cygrids Communications AB	saabturbo.nu	1
NUCDN	tlrs.nu	1
Signet B.V.	begreener.nu	1
srvnl.nl	sponselee.nu	1
sdns0.nl	2fa.nu	1
DIMENOC	yzak.nu	1
Signet B.V.	hondenschoolchantal.nu	1
CLOUDFLARENET	dekoningterijk.nu	1
team.blue Denmark A/S	nxdomain.dk	1
CLOUDFLARENET	plankebord.nu	1
LIQUIDWEB	tagtstrom.nu	1
Signet B.V.	defensiepolis.nu	1
Signet B.V.	groenegebouwen.nu	1
DIGITALOCEAN-ASN	addejong.nu	1
ACTIVE 24, s.r.o.	blms.nu	1
Yelles AB	trendigt.nu	1
TrueFullstaq B.V.	deonlinedrogist.nu	1
at-the-beach.nl	mijnspamfilter.nl	1
GleSYS AB	pharm.nu	1
Yelles AB	britta.nu	1
LIQUIDWEB	rion.nu	1
Yelles AB	velixahealth.nu	1
CLOUDFLARENET	beactive.nu	1
Yelles AB	draug.nu	1
Eurofiber Cloud Infra B.V.	goape.nu	1
ACTIVE 24, s.r.o.	tullhuset.nu	1
Signet B.V.	decoaction.nu	1
Hostek AB	um.nu	1
mydns.jp	neige.nu	1
Yelles AB	flatrate.nu	1
mijndnsserver.nl	traineeship.nu	1
ACTIVE 24, s.r.o.	jipf.nu	1
pageboss.nl	comfortlease.nu	1
Signet B.V.	ledop.nu	1
ACTIVE 24, s.r.o.	xlh.nu	1
Eurofiber Cloud Infra B.V.	zeijn.nu	1
AMAZON-02	Fastmail Pty Ltd	1
webhotel24.se	pandasecurity.com	1
ACTIVE 24, s.r.o.	kerio.cloud	1
Miss Hosting AB	sciencefuture.nu	1
ACTIVE 24, s.r.o.	wurma.nu	1
loopia.se	putter.nu	1
NUCDN	thef4.com	1
Hetzner Online GmbH	osteriget.nu	1
bfizz.com	email.nu	1
Yelles AB	mbit.nu	1
axc.nl	CLOUDFLARENET	1
BIT BV	verspui.nu	1
BIT BV	rahi.nu	1
ACTIVE 24, s.r.o.	betervoorrijswijk.nu	1
LIQUIDWEB	soulcare.nu	1
Yelles AB	stigo.nu	1
Signet B.V.	loonkostenvoordeel.nu	1
direkte.no	nordby.nu	1
Yelles AB	firas.nu	1
One.com A/S	verdonk.nu	1
cloud86.nl	awaren.nu	1
egensajt.se	xn--bjrns-kua.nu	1
CLDIN B.V.	APPLE-ENGINEERING	1
Yelles AB	tretregames.nu	1
DIGITALOCEAN-ASN	typecursus.nu	1
Signet B.V.	q-vac.nu	1
CLOUDFLARENET	harderenverder.nu	1
ACTIVE 24, s.r.o.	westas.nu	1
Yelles AB	mdab.nu	1
Signet B.V.	biologischewijnen.nu	1
ACTIVE 24, s.r.o.	edborg.nu	1
Yelles AB	crohns.nu	1
GleSYS AB	allergisidan.nu	1
wpx.net	zondercruks.nu	1
smarthost.pl	plastico.nu	1
Cloud DNS Ltd	rouwkaartenonline.nu	1
Yelles AB	kungstradgarden.nu	1
123hosting-server.biz	beekman.nu	1
CLOUDFLARENET	atlan.se	1
LIQUIDWEB	groothuis.nu	1
One.com A/S	timwesselink.nu	1
catsburgit.nl	MICROSOFT-CORP-MSN-AS-BLOCK	1
CLOUDFLARENET	aaro.nu	1
CLOUDFLARENET	nujus.nu	1
CLOUDFLARENET	rekisi.nu	1
axc.nl	holleman.nu	1
Yelles AB	hjulo.nu	1
cloud86.nl	vitafit.nu	1
Uniserver Internet B.V.	netcap.nu	1
webhotel24.se	totalcar.nu	1
ACTIVE 24, s.r.o.	holmers.nu	1
anycastclouds.com	internetport.se	1
name-services.com	sugita.nu	1
Eurofiber Cloud Infra B.V.	hyperrealityexperience.nu	1
moln-net.se	office.se	1
webxtra.net	skinergize.nu	1
Signet B.V.	eslrent.nu	1
The Internet Engineering Group B.V.	xpressing.nu	1
lagerpalager.nu	lagerpalager.nu	1
CLOUDFLARENET	snackz.nu	1
Signet B.V.	a2-melk.nu	1
ACTIVE 24, s.r.o.	frilansfotografen.nu	1
CLOUDFLARENET	intothewoods.nu	1
exonet.nl	UpCloud Ltd	1
ACTIVE 24, s.r.o.	bsr.nu	1
Tietoevry Oyj	networkcenter.se	1
t-ict.net	MICROSOFT-CORP-MSN-AS-BLOCK	1
loopia.se	stalheim.nu	1
hostingpower.nl	waterfilterexpert.nu	1
ACTIVE 24, s.r.o.	hockert.nu	1
uwdns.info	MICROSOFT-CORP-MSN-AS-BLOCK	1
mijndnsserver.nl	atlastheateremmen.nu	1
DIGITALOCEAN-ASN	oriolus.nu	1
vpshosting.nl	prospero.nu	1
Yelles AB	ligga.nu	1
Cygrids Communications AB	Proton AG	1
ACTIVE 24, s.r.o.	restoran.nu	1
Host Europe GmbH	givt.nu	1
one.com	netbank.nu	1
loopia.se	hemlig.nu	1
Hetzner Online GmbH	suntum.nu	1
ACTIVE 24, s.r.o.	gil.nu	1
entorno.com	entorno.es	1
LIQUIDWEB	dwf.nu	1
GleSYS AB	daniel.nu	1
DIGITALOCEAN-ASN	kredietlenen.nu	1
LIQUIDWEB	sai10.nu	1
axc.nl	ververs.nu	1
Telia Company AB	aktiebolag.nu	1
LIQUIDWEB	matta.nu	1
rs-internetservices.nl	meijers.nu	1
ACTIVE 24, s.r.o.	fkee.nu	1
ipage.com	drilling.nu	1
ACTIVE 24, s.r.o.	rohlin.nu	1
hostnet.nl	dynasoft.nl	1
TrueFullstaq B.V.	allunited.nu	1
Yelles AB	reparbete.nu	1
sajt2000.com	svenskscenkonst.nu	1
ACTIVE 24, s.r.o.	ezq.nu	1
ACTIVE 24, s.r.o.	husvagn.nu	1
axc.nl	sportbitje.nu	1
dns.com	thewaydomain.com	1
IONOS SE	SQUIXA PTY LIMITED	2
Eurofiber Cloud Infra B.V.	exes.nu	1
ACTIVE 24, s.r.o.	hittadit.nu	1
ns14.net	proefmijnrecept.nu	1
DIGITALOCEAN-ASN	CLOUDFLARENET	1
DIGICERT	didrikson1913.nu	1
openit.se	xn--kapitalfrvaltning-6zb.nu	1
Trans-iX B.V.	voslogisticsshares.nu	1
One.com A/S	stationzuid.nu	1
cloud86.nl	eemsdelta.nu	1
ports.se	CSC	1
ACTIVE 24, s.r.o.	ortopedspecialist.nu	1
Signet B.V.	edsel.eu	1
ACTIVE 24, s.r.o.	tidskriftsbutiken.nu	1
Signet B.V.	calpa.nu	1
ACTIVE 24, s.r.o.	akeborg.nu	1
stric.nl	sinn.nu	1
ns-serve.net	silber.nu	1
ACTIVE 24, s.r.o.	soler.nu	1
dotserv.com	snedkeren.nu	1
Telia Company AB	vadret.nu	1
SINGLEHOP-LLC	dlot.nu	1
qrmenu.nu	qrmenu.nu	1
LIQUIDWEB	niklas.nu	1
GOOGLE	rgbdisco.nu	1
hostnet.nl	strating.nu	1
ACTIVE 24, s.r.o.	hpy.nu	1
ACTIVE 24, s.r.o.	ekelunds.nu	1
Yelles AB	karlsberg.nu	1
CLOUDFLARENET	ruimteregelaars.nu	1
ACTIVE 24, s.r.o.	johnsonenterprise.nu	1
vcloudhosting.eu	yocoaching.nu	1
Miss Hosting AB	retweet.nu	1
GleSYS AB	ironman.nu	1
Yelles AB	neh.nu	1
CLOUDFLARENET	bioreningsverk.nu	1
axc.nl	rhib.nu	1
GANDI SAS	webhallen.com	1
dhs12.nl	verhorst.nu	1
No ACK Group Holding AB	MICROSOFT-CORP-MSN-AS-BLOCK	1
The Internet Engineering Group B.V.	kovoks.net	1
prevent-it.nl	appeldoorn.nu	1
enblserver.nl	adptf.nu	1
koneovbg.se	GOOGLE	1
Yelles AB	fordon.nu	1
oderland.com	GlobalConnect AB	1
linode.com	onzin.nu	1
CLDIN B.V.	roofvis.nu	1
dn-s.nl	roomtomove.nu	1
dn-s.nl	hecker.nu	1
safebrands.com	babymoov.nu	1
Yelles AB	bangolf.nu	1
BIT BV	samenredzaam.nu	1
CLOUDFLARENET	criseq.nu	1
Signet B.V.	gardening.nu	1
CLOUDFLARENET	glason.nu	1
Yelles AB	hlrutbildningstockholm.nu	1
Yelles AB	adora.nu	1
ACTIVE 24, s.r.o.	bahro.nu	1
remote-office.nl	keep-it-simple.nu	1
Signet B.V.	doorstroomtoets.nu	1
CLOUDFLARENET	dakkapeltilburg.nu	1
One.com A/S	tantracommunity.nu	1
Yelles AB	webspace.nu	1
butch.nu	butch.nu	1
egensajt.se	websitewelcome.com	1
CLOUDFLARENET	hoglunds.nu	1
dn-s.nl	obbetuning.nu	1
ACTIVE 24, s.r.o.	yesterday.nu	1
DIGITALOCEAN-ASN	onlysocks.nu	1
Signet B.V.	padeldeals.nu	1
aseoserver.com	onlinegambling.nu	1
CLOUDFLARENET	dutchproductions.nu	1
ACTIVE 24, s.r.o.	laslovet.nu	1
access.net	dpc.nu	1
Yelles AB	betsmart.nu	1
OVH SAS	nicolaaskerk.nu	1
Signet B.V.	faceskappers.nu	1
GleSYS AB	happyhealthy.nu	1
Cygrids Communications AB	cadpower.se	1
easyhost.be	easyhost.nu	1
net-products.nl	MICROSOFT-CORP-MSN-AS-BLOCK	1
primary.se	jbnet.se	1
CLOUDFLARENET	fairtravel.nu	1
CLDIN B.V.	betcity.nu	1
LeaseWeb Netherlands B.V.	thehappymaker.nu	1
dn-s.nl	valkenberg.nu	1
ports.se	trendmicro.eu	1
Yelles AB	klovsjo.nu	1
CLOUDFLARENET	students.nu	1
Signet B.V.	hybridewonen.nu	1
ACTIVE 24, s.r.o.	baro.nu	1
ACTIVE 24, s.r.o.	loftux.nu	1
cloud86.nl	tanzania-safari.nu	1
Signet B.V.	vuurwerkvisie.nu	1
Signet B.V.	sexmarkt.nu	1
dn-s.nl	massl.nu	1
interactiondesign.nu	interactiondesign.nu	1
ACTIVE 24, s.r.o.	utvecklas.nu	1
ACTIVE 24, s.r.o.	linneryd.nu	1
Yelles AB	3vlig.nu	1
combell.net	ZOHO-AS	1
Yelles AB	nami.nu	1
loopia.se	asaprivat.nu	1
satdesign.nl	buurtpas.nu	1
team.blue Denmark A/S	cleanxpert.pl	1
Signet B.V.	camperkopen.nu	1
ACTIVE 24, s.r.o.	hyrabyggnadsstallning.nu	1
DIGICERT	gleitmo.nu	1
Miss Hosting AB	videophone.nu	1
greengeeks.net	kullsvik.nu	1
ACTIVE 24, s.r.o.	personalfoto.nu	1
One.com A/S	italiaans.nu	1
ACTIVE 24, s.r.o.	trestad.nu	1
Signet B.V.	dmw.nu	1
DIGITALOCEAN-ASN	sublix.nu	1
Yelles AB	emoji.nu	1
Hostek AB	aska.nu	1
team.blue Denmark A/S	split-leasing.nu	1
designbase-server2.nl	edelstenen.nu	1
lemarit.de	pphosted.com	1
GleSYS AB	webnode.se	1
Signet B.V.	slijterij.nu	1
Signet B.V.	internationaalondernemen.nu	1
LIQUIDWEB	wendler.nu	1
ip-only.net	GOOGLE	1
CLOUDFLARENET	guarana.nu	1
Host Europe GmbH	ZOHO Corporation B.V	1
yourwebhoster.com	inkooppersoneel.nu	1
Yelles AB	ht.nu	1
ns14.net	casualnetworksbv.com	1
CLOUDFLARENET	doff.nu	1
ACTIVE 24, s.r.o.	svenskagroddarochskott.nu	1
DIGITALOCEAN-ASN	techinside.nu	1
Cygrids Communications AB	ernberg.nu	1
Yelles AB	handlare.nu	1
CLOUDFLARENET	ic.nu	1
LIQUIDWEB	wellness.nu	1
CLOUDFLARENET	channel.nu	1
CLOUDFLARENET	warez.nu	1
loopia.se	xxander.se	1
coreit.se	fn-it.se	1
DIGITALOCEAN-ASN	gezond.nu	1
Yelles AB	skrotabilengratis.nu	1
ACTIVE 24, s.r.o.	llentab.nu	1
speedcom.se	silverlink.nu	1
Yelles AB	skraddare.nu	1
cloudhosting.uk	cloudhosting.uk	1
Yelles AB	ratalog.nu	1
ACTIVE 24, s.r.o.	hedren.nu	1
oderland.com	inredare.nu	1
CLOUDFLARENET	mailhosting.nu	1
Yelles AB	anthus.nu	1
CLOUDFLARENET	plsolutions.nl	1
ACTIVE 24, s.r.o.	untz.nu	1
Signet B.V.	cadeaubonverkopen.nu	1
neostrada.nl	crowdsite.nu	1
GleSYS AB	golfboll.nu	1
Signet B.V.	savethebee.nu	1
tipcon-dns.nl	lobexperience.nu	1
ACTIVE 24, s.r.o.	akers.nu	1
nlstijl.com	floryn.nu	1
DIGITALOCEAN-ASN	guitaronline.nu	1
GleSYS AB	vfx.nu	1
Bahnhof AB	hildegards.nu	1
CLOUDFLARENET	fossilfri.nu	1
ACTIVE 24, s.r.o.	recruit.nu	1
yourdomainprovider.net	svpn.nu	1
Yelles AB	stefan.nu	1
dn-s.nl	nightvision.nu	1
Yelles AB	krontec.nu	1
cloudns.net	Proton AG	1
Yelles AB	john.nu	1
Signet B.V.	ambachterij.nu	1
CLOUDFLARENET	buzzcapture.nu	1
sitbv.nl	pokeren.nu	1
Zylon	mx.microsoft	1
mijndnsserver.nl	careconnect.nu	1
ACTIVE 24, s.r.o.	western.nu	1
sydweb.fi	sydweb.fi	1
Signet B.V.	brandinmokum.nu	1
Signet B.V.	lmi.nu	1
Hetzner Online GmbH	boxbox.nu	1
ACTIVE 24, s.r.o.	tecknare.nu	1
Hetzner Online GmbH	altijdinternet.nu	1
LIQUIDWEB	idrehus.nu	1
budgetsovereignserver.nl	ehrhardt.nu	1
Yelles AB	filmer.nu	1
psykfall.nu	psykfall.nu	1
ports.se	smartemail.se	1
cloud86.nl	supremo.nu	1
Hetzner Online GmbH	rosseland.nu	1
rosengren.nu	rosengren.nu	1
hostnet.nl	vb.net	1
verisigndns.com	GOOGLE	1
CLOUDFLARENET	junkemailfilter.com	2
Signet B.V.	school.nu	1
GOOGLE	terugnaarjezelf.nu	1
Yelles AB	rentify.nu	1
CLOUDFLARENET	mijnwoord.nu	1
axc.nl	notredame.nu	1
Signet B.V.	ducks.nu	1
One.com A/S	pranichealing.nu	1
CLOUDFLARENET	yourtype.nu	1
smartdns.se	renewal.nu	1
Signet B.V.	inter-m.nu	1
nforce.com	diggid.nu	1
CLOUDFLARENET	itinforma.nu	1
CLOUDFLARENET	tecpac.nu	1
shockmedia.nl	lifelonglearningacademy.nu	1
GleSYS AB	selene.nu	1
DIGITALOCEAN-ASN	adem-ruimte.nu	1
ACTIVE 24, s.r.o.	animeblog.nu	1
team.blue Denmark A/S	alabubolig.nu	1
Hetzner Online GmbH	erlewein-und-schulte.com	1
Signet B.V.	epiphora.nu	1
LIQUIDWEB	marinservice.nu	1
CLDIN B.V.	easysave.nu	1
ipcom GmbH	AUTOMATTIC	1
ports.se	jernkontoret.nu	1
Yelles AB	aross.nu	1
GleSYS AB	esport.nu	1
CLOUDFLARENET	liveodds.nu	1
Yelles AB	barnrummet.nu	1
LIQUIDWEB	hammarberg.nu	1
Yelles AB	smalltalk.nu	1
instance.nl	incasseer.nu	1
ACTIVE 24, s.r.o.	xn--grenrr-0xa.nu	1
LIQUIDWEB	standup.nu	1
ACTIVE 24, s.r.o.	rootpasta.nu	1
Yelles AB	profiltryck.nu	1
Signet B.V.	brilliant-group.nu	1
e-Quest IT Projecten B.V.	orienteit.nl	2
inovamedia.nl	23M GmbH	1
dn-s.nl	vanderloo.nu	1
Intention B.V.	lens.nu	1
bredero-it.eu	metzachtekracht.nu	1
one.com	designrus.dk	1
SECURITYSERVICES	telecomputing.se	1
One.com A/S	peyote.nu	1
team.blue Denmark A/S	navneskilte.nu	1
TrueFullstaq B.V.	magnetiseur.nu	1
CLDIN B.V.	tuinplanten.nu	1
flipper-automatisering.nl	dewijs.nu	1
2is.nl	UpCloud Ltd	1
abdns.biz	arubabusiness.it	2
ACTIVE 24, s.r.o.	tiptop.nu	1
CLOUDFLARENET	nyatider.nu	1
reg.ru	YANDEX LLC	1
LEVEL3	torrevieja.nu	1
netbox.no	myren.nu	1
CLDIN B.V.	awk.nu	1
Yelles AB	perish.nu	1
Yelles AB	yogapilates.nu	1
cargo.site	ryan.nu	1
CLOUDFLARENET	bitdefender.com	1
AS-VULTR	pdk.nu	1
hostgator.com	suzaku.nu	1
ACTIVE 24, s.r.o.	mickemedia.nu	1
ACTIVE 24, s.r.o.	kbt.nu	1
budgetprimaryserver.nl	duurzaammkb.nu	1
DIGITALOCEAN-ASN	appriver.com	1
mijndnsserver.nl	waarzegger.nu	1
CLOUDFLARENET	skev.nu	1
CLOUDFLARENET	hantigo.nu	1
markmonitor.com	team.blue Denmark A/S	1
CLOUDFLARENET	businessclub.nu	1
team.blue Denmark A/S	jhpb.dk	1
pkdata.dk	jaws.nu	1
neostrada.nl	recentes.nu	1
CLOUDFLARENET	vostalmg.nu	1
The Internet Engineering Group B.V.	fjall2fjell.nu	1
ACTIVE 24, s.r.o.	gosprottravel.com	1
hostnet.nl	hairpoint.nu	1
ping64.net	america.nu	1
Yelles AB	smashthecake.nu	1
Yelles AB	fixabildelar.nu	1
team.blue Denmark A/S	infotv.nu	1
Yelles AB	sundare.nu	1
CLOUDFLARENET	homerentals.nu	1
Routit BV	GOOGLE	1
Yelles AB	knutsson.nu	1
ACTIVE 24, s.r.o.	dintelefon.nu	1
ACTIVE 24, s.r.o.	xn--sen-tla.nu	1
awsdns-00.com	ashpool.org	1
ne.jp	shiba.nu	1
MICROSOFT-CORP-MSN-AS-BLOCK	origin-asp.com	1
Signet B.V.	eetcafedestadstuin.nu	1
loopia.se	banzai.nu	1
CLOUDFLARENET	scarppartners.nu	1
Bahnhof AB	astrom.net	1
Signet B.V.	kerkplein.nu	1
dns-cloud01.nl	mcg.nu	1
Signet B.V.	cybermondaydeals.nu	1
CLDIN B.V.	sivas.nu	1
ACTIVE 24, s.r.o.	snigelpost.nu	1
The Internet Engineering Group B.V.	tiscomhosting.nl	2
ACTIVE 24, s.r.o.	RACKSPACE	1
Yelles AB	bostadskoll.nu	1
mijndnsserver.nl	buitenbubbelbad.nu	1
neostrada.nl	alumixx.nu	1
TrueFullstaq B.V.	2fast.nu	1
google.com	GOOGLE	1
One.com A/S	dusty.nu	1
firemultimedia.eu	GOOGLE-CLOUD-PLATFORM	1
dnssrv.nl	hemmeligsexservice.nu	1
3wacloud.io	MICROSOFT-CORP-MSN-AS-BLOCK	1
Signet B.V.	vibet.nu	1
mijndnsserver.nl	tdkliftplan.nu	1
CLOUDFLARENET	aside.nu	1
CLOUDFLARENET	sverigekronan.nu	1
Yelles AB	windowstips.nu	1
awsdns-34.org	GOOGLE	1
GleSYS AB	eposten.nu	1
CLOUDFLARENET	vozol.nu	1
eapps.com	statist.nu	1
hitme.pl	hitme.pl	1
ns1.zone	safe-net.nu	1
Yelles AB	debaryon.nu	1
CLOUDFLARENET	downhill.nu	1
CLOUDFLARENET	zelly.nu	1
roxtec.com	GOOGLE	1
Yelles AB	cadkonsult.nu	1
CLOUDFLARENET	acip.nu	1
CLOUDFLARENET	prylexperten.nu	1
Eurofiber Cloud Infra B.V.	vindex.nu	1
LIQUIDWEB	kins.nu	1
GleSYS AB	nuc.nu	1
esbyte.net	hostedoffice.ag	1
Signet B.V.	jcc.nu	1
CLOUDFLARENET	nieuwjaar.nu	1
dnsroundrobin.net	hko.nu	1
Signet B.V.	lemans.nu	1
Yelles AB	skrotbilar.nu	1
loopia.se	tyche.nu	1
CLDIN B.V.	juist.nl	1
team.blue Denmark A/S	budgethost.io	1
ACTIVE 24, s.r.o.	hjalm.nu	1
CLDIN B.V.	homeparts.nu	1
One.com A/S	bei.nu	1
hostaan.fi	freenet.nu	1
ACTIVE 24, s.r.o.	citera.nu	1
NUCDN	nic.nu	1
ilait.se	crystone.se	1
analystict.com	geldvoorlater.nu	1
DIGITALOCEAN-ASN	girlsroom.nu	1
axc.nl	ZOHO Corporation B.V	1
ACTIVE 24, s.r.o.	olofsbo.nu	1
rymdweb.com	GOOGLE	1
GleSYS AB	campscandinavia.se	1
CLDIN B.V.	lifecycles.nu	1
GleSYS AB	bister.nu	1
ODERLAND Webbhotell AB	GlobalConnect AB	1
ACTIVE 24, s.r.o.	lino.nu	1
Yelles AB	ortosbutiken.nu	1
codyco.net	bringatwork.nu	1
dnssrv.nl	earthwise.nu	1
dnssrv.nl	officeasaservice.nu	1
ACTIVE 24, s.r.o.	startportal.nu	1
Yelles AB	filipsson.nu	1
i-serve.net	companytv.nu	1
SECURITYSERVICES	nebula.fi	1
futurismworks.jp	futurismworks.jp	2
axc.nl	vianatura.nu	1
NSONE	ODERLAND Webbhotell AB	1
Yelles AB	hornbeck.nu	1
axc.nl	spearhead.nu	1
timmit.biz	sloopauto-verkopen.nu	1
Yelles AB	siab.nu	1
tierra.net	TIERRANET	1
ACTIVE 24, s.r.o.	beacon.nu	1
edb.com	MICROSOFT-CORP-MSN-AS-BLOCK	1
Hetzner Online GmbH	jonne.nu	1
Yelles AB	corp.nu	1
Swedish Space Corporation	riksgransen.nu	1
Yelles AB	ekot.nu	1
ACTIVE 24, s.r.o.	vmaik.nu	1
bookmyname.com	bookmyname.com	1
CLOUDFLARENET	imke.nu	1
CLOUDFLARENET	hellstroms.nu	1
One.com A/S	lerenfietsen.nu	1
Yelles AB	attractdata.nu	1
cis-websolutions.nl	latenmaken.nu	1
letsnethosting.nl	letsnethosting.nl	1
ACTIVE 24, s.r.o.	fasadstallning.nu	1
CLOUDFLARENET	mail.ru	1
ne.jp	haru.nu	1
CLOUDFLARENET	alesand.nu	1
ITCONNECT Scandinavia AB	malmosleende.nu	1
CLDIN B.V.	werkenbijkroesewevers.nu	1
webbyroo.com	minneberg.nu	1
Xserver Inc.	grp.nu	1
CLOUDFLARENET	demmys.jp	1
webspring.se	p-p.nu	1
BIT BV	boef.nu	1
CLOUDFLARENET	pud.nu	1
DIGICERT	ridebrain.nu	1
Yelles AB	stallplan.nu	1
ne.jp	conquest.nu	1
DIGITALOCEAN-ASN	hennink.nu	1
ne.jp	ytfc.nu	1
MICROSOFT-CORP-MSN-AS-BLOCK	ZOHO Corporation B.V	1
stahp.nl	patries.nu	1
Yelles AB	goalie.nu	1
Yelles AB	geranium.nu	1
CLDIN B.V.	ivotax.nu	1
UKDedicated LTD	proo.nu	1
Yelles AB	custompatches.nu	1
GleSYS AB	kortis.nu	1
LIQUIDWEB	Soverin B.V.	1
sika.com	sika.com	1
ACTIVE 24, s.r.o.	arnholm.nu	1
CLDIN B.V.	giros.nu	1
Uniserver Internet B.V.	prima-deals.nu	1
hix.nl	aquafinesse.nu	1
DIMENOC	wolters.nu	1
broadview.se	telecom3.net	1
zoneedit.com	ZOHO Corporation B.V	2
Hetzner Online GmbH	mondscan.nu	1
ACTIVE 24, s.r.o.	fiskartorpet.nu	1
swedensites.com	MICROSOFT-CORP-MSN-AS-BLOCK	1
metanet.ch	b-it.nu	1
hosttech.at	luxury.nu	1
cupid.nu	cupid.nu	1
Hetzner Online GmbH	arendtsen.nu	1
etableraweb.net	asklundsbageri.nu	1
Hydra Communications Ltd	werkstoelen.nu	1
loopia.se	kgnconsulting.se	1
ACTIVE 24, s.r.o.	franke.nu	1
Yelles AB	platinumpadel.nu	1
yayhosting.dk	harring.nu	1
eriksws.com	jarlsson.nu	1
iwg.nl	brickyard.nu	1
Yelles AB	katona.nu	1
zzpstudio.nl	dezachtekracht.nu	1
ACTIVE 24, s.r.o.	inblickkommunikation.nu	1
team.blue Denmark A/S	templafy.nu	1
MICROSOFT-CORP-MSN-AS-BLOCK	DIGITALOCEAN-ASN	1
One.com A/S	verslagvandedag.nu	1
egensajt.se	YANDEX LLC	1
ACTIVE 24, s.r.o.	xn--frstahjlpen-r8a1u.nu	1
Signet B.V.	uitvaart-online.nu	1
team.blue Denmark A/S	bogholderen.nu	1
CLOUDFLARENET	circulairondernemen.nu	1
ACTIVE 24, s.r.o.	dahlman.nu	1
CLOUDFLARENET	hobbe.nu	1
CLOUDFLARENET	xn--dckverkstad-l8a.nu	1
dnssrv.nl	seosea.nu	1
Signet B.V.	zwaluwnest.nu	1
com.mx	tradeunlimited.com	1
CORESPACE-DAL	tagalog.nu	1
oderland.com	amapolapropeller.nu	1
CLOUDFLARENET	sohoix.com	1
ultahost.com	cybernet.nu	1
Signet B.V.	wijwillenwonen.nu	1
itens.net	itens.net	1
sunteamdns.nl	antidecubitus.nu	1
hix.nl	devouwwagenspecialist.nu	1
shockmedia.nl	lease-deal.nu	1
Signet B.V.	samenwerking.nu	1
duocast.net	koffietijd.nu	1
ACTIVE 24, s.r.o.	golidingo.nu	1
CLDIN B.V.	rsw.nu	1
syscore.jp	s14.nu	1
CLOUDFLARENET	pepper-people.nu	1
ictkleinbedrijf.nl	GOOGLE	1
neostrada.nl	strandhuis.nu	1
CLDIN B.V.	bouwtekenaar.nu	1
ipcom GmbH	synology.me	1
LIQUIDWEB	thekings.nu	1
SECURITYSERVICES	webhotellet.net	1
Cygrids Communications AB	yrs.nu	1
LIQUIDWEB	kosterman.nu	1
hostjewebsitehier.nl	GOOGLE	1
ACTIVE 24, s.r.o.	plum.nu	1
team.blue Denmark A/S	skolefoto.nu	1
Hetzner Online GmbH	stouby.nu	1
hoglin.nu	enson.se	1
e-studio.dk	eltrico.nu	1
dn-s.nl	ademcoaching.nu	1
comnia.net	GOOGLE	1
admiral.nu	admiral.nu	1
GleSYS AB	alli.nu	1
Signet B.V.	cluboqnetherlands.nu	1
Yelles AB	0x01.nu	1
dimy.net	dimy.net	1
loopia.se	bazooka.nu	1
GleSYS AB	GlobalConnect AB	1
Signet B.V.	bangarang.nu	1
xolution.se	bgu.nu	1
Stichting DIGI NL	wilkens.nu	1
registrar-servers.com	tha.nu	1
dn-s.nl	ite.nu	1
Yelles AB	ectool.nu	1
sowie.nl	sowie.nl	1
CLOUDFLARENET	creations.nu	1
Yelles AB	antonymer.nu	1
oderland.com	giving-people.nu	1
vinkit.nl	mazairac.nu	1
cloudip.dev	airfryer.nu	1
CLDIN B.V.	bekkenbodemtraining.nu	1
LIQUIDWEB	radiotech.nu	1
WorldStream B.V.	MICROSOFT-CORP-MSN-AS-BLOCK	1
registrar-servers.com	OVH SAS	1
ACTIVE 24, s.r.o.	devilkitten.nu	1
ACTIVE 24, s.r.o.	perl.nu	1
Signet B.V.	zakkenvullers.nu	1
ACTIVE 24, s.r.o.	druvan.nu	1
greenhosting.dk	cloudhosting.net	1
CLOUDFLARENET	home-rentals.nu	1
cloud86.nl	cloud86-host.nl	1
Signet B.V.	vindikslim.nu	1
CLDIN B.V.	soepgoed.nu	1
Duocast B.V.	rbr.nu	1
Signet B.V.	narrowcasting.nu	1
groove.nu	segui.eu	1
Signet B.V.	4rum.nu	1
Signet B.V.	groenwacht.nu	1
Signet B.V.	tune-in.nu	1
ACTIVE 24, s.r.o.	mhdata.nu	1
Yelles AB	sfoi.nu	1
CLDIN B.V.	cyprus.nu	1
Fundaments B.V.	vloerproducten.nu	1
gecko.nu	gecko.nu	1
hostedns.nl	LeaseWeb Netherlands B.V.	1
dorstcommunicatie.nl	MICROSOFT-CORP-MSN-AS-BLOCK	1
Signet B.V.	gemeente-oldambt.nu	1
CLDIN B.V.	grandboroughcapital.nu	1
Vertixo BV	rotondereclame.nu	1
Cloud DNS Ltd	superelf.nu	1
CLOUDFLARENET	kulventil.nu	1
DLX A/S	tilfreds.nu	1
ACTIVE 24, s.r.o.	xn--lddeplt-jxa1m.nu	1
DIGITALOCEAN-ASN	limousinehuren.nu	1
ACTIVE 24, s.r.o.	bretz.nu	1
Yelles AB	handlamatonline.nu	1
CLDIN B.V.	datakwaliteit.nu	1
ACTIVE 24, s.r.o.	pref.nu	1
TrueFullstaq B.V.	truetogether.nu	1
ServeTheWorld AS	stwcp.net	1
neostrada.nl	smart-products.nu	1
CLOUDFLARENET	bilskrotsproffsen.nu	1
loopia.se	Teleservice Bredband Skane AB	1
runmyweb.com	jasmin.nu	1
budgetnameserver.nl	just-in-time.nu	1
ACTIVE 24, s.r.o.	rnm.nu	1
Signet B.V.	urgentvertalen.nu	1
interserver.net	msv1.invalid	1
OVH SAS	unitednature.nu	1
Cygrids Communications AB	gardenmind.nu	1
team.blue Denmark A/S	eismark.nu	1
DIGITALOCEAN-ASN	yoro.nu	1
host2vps.com	gotravel.nu	1
oderland.com	demokratiresan.nu	1
LIQUIDWEB	fakepics.nu	1
Yelles AB	transalp.nu	1
ACTIVE 24, s.r.o.	ffs.nu	1
One.com A/S	zozo.nu	1
ACTIVE 24, s.r.o.	esset.nu	1
NetActuate, Inc	Tutao GmbH	1
DIGITALOCEAN-ASN	duurzaamhuren.nu	1
One.com A/S	zandkopen.nu	1
axc.nl	legerdump.nu	1
One.com A/S	rondjefriesland.nu	1
ACTIVE 24, s.r.o.	vesterlund.nu	1
westhost.com	20i Limited	1
GOOGLE	biotopia.nu	1
SECURITYSERVICES	ML-1432-54994	1
hyp.net	byggplast-batprylar.se	1
ACTIVE 24, s.r.o.	biggan.nu	1
exsilia.net	curatele.nu	1
One.com A/S	gesien.nu	1
nominalia.com	nominalia.com	1
UKDedicated LTD	rvt.nu	1
DIGITALOCEAN-ASN	goodgovernance.nu	1
yourwebhoster.com	Signet B.V.	1
Signet B.V.	pinautomaten.nu	1
Yelles AB	tano.nu	1
jan.tm	jan.tm	1
mithrilnetwork.com	scps.nu	1
Signet B.V.	jachthaven.nu	1
CLOUDFLARENET	azureit.se	1
Yelles AB	varmachips.nu	1
CLDIN B.V.	paragnost.nu	1
cmc.se	cmc.se	2
Signet B.V.	360gradenfeedback.nu	1
AMAZON-02	byggdagboken.nu	1
Signet B.V.	trijntje.nu	1
Yelles AB	tekniknyheter.nu	1
ipcom GmbH	schroth.nl	1
LeaseWeb Netherlands B.V.	potgieter.nu	1
inviso.se	hmv.nu	1
Yelles AB	cm.nu	1
CLOUDFLARENET	ferriswheel.nu	1
Yelles AB	labori.nu	1
ACTIVE 24, s.r.o.	xn--borshalkbana-vcb.nu	1
ggtea.org	clw.nu	1
Cloud DNS Ltd	reynaers.com	1
ORACLE-BMC-31898	APPLE-ENGINEERING	1
One.com A/S	cvw.nu	1
skylarnet.nl	skylarnet.nl	1
sac-it.dk	sac-it.dk	1
Signet B.V.	heks.nu	1
Signet B.V.	derijopleider.nu	1
Combell NV	vitotime.nu	1
lithiumdns.net	ohtori.nu	1
Hetzner Online GmbH	boligplan.nu	1
Yelles AB	altanbyggaren.nu	1
b-smarthosting.net	corecooking.nu	1
loopia.se	lekeryd.nu	1
mbdo.nl	dekbed.nu	1
genkgo.net	MICROSOFT-CORP-MSN-AS-BLOCK	1
xweb.se	xweb.se	1
CLOUDFLARENET	executeur.nu	1
dn-s.nl	measur.nu	1
Signet B.V.	auto-importeren.nu	1
Stichting DIGI NL	gelukkigleven.nu	1
OVH SAS	cineac.nu	1
123hostingserver.biz	bedtimestories.nu	1
essnshosting.nl	personaldevelopment.nu	1
MICROSOFT-CORP-MSN-AS-BLOCK	smartphone.nu	1
CLOUDFLARENET	awater.nu	1
Signet B.V.	kundalini.nu	1
Telia Company AB	snabbavveckling.nu	1
Admax AB	jaktgrossisterna.nu	1
Signet B.V.	interimprofessionals.nu	1
neostrada.nl	webwinkels.nu	1
CLDIN B.V.	fic.nu	1
ACTIVE 24, s.r.o.	llp.nu	1
Uniserver Internet B.V.	intelligentietest.nu	1
GleSYS AB	pomonadalen.nu	1
GlobalConnect AB	isimin.nu	1
Signet B.V.	cybersecurity.nu	1
Signet B.V.	blephex.nl	1
CLOUDFLARENET	rotte.nu	1
One.com A/S	ringweg.nu	1
ACTIVE 24, s.r.o.	elpost.nu	1
Yelles AB	merry.nu	1
Signet B.V.	eerst.nu	1
dropit.com	onparken.com	1
NetBase BV	twente.nu	1
LIQUIDWEB	juvel.nu	1
etableraweb.net	cranium.nu	1
Signet B.V.	stofzuigerzaqqen.nu	1
Yelles AB	railway.nu	1
CLOUDFLARENET	zipp.nu	1
sectigoweb.com	tredion.nu	1
Hetzner Online GmbH	bimbo.nu	1
Signet B.V.	rowiq.nu	1
ne.jp	uchida.nu	1
tankbar.com	GOOGLE	1
Signet B.V.	letm.nu	1
GleSYS AB	ravenet.nu	1
dn-s.nl	familierechtadvocaat.nu	1
CLOUDFLARENET	struyf.nu	1
ACTIVE 24, s.r.o.	myzone.nu	1
OVH SAS	utlandsjobb.nu	1
cloud86.nl	lageman.nu	1
One.com A/S	nachtuil.nu	1
Stichting DIGI NL	feelinggood.nu	1
hostingnameserver.biz	bedrankt.nu	1
ports.se	euroaccident.com	1
caveo.nl	volvopentaparts.nu	1
Yelles AB	perkulator.nu	1
intention.nl	matteo.nu	1
CLOUDFLARENET	swepro.nu	1
dn-s.nl	boender.nu	1
first-ns.de	GOOGLE	1
Yelles AB	aktiv.nu	1
ACTIVE 24, s.r.o.	lyden.nu	1
Hetzner Online GmbH	xn--storkkkenudstyr-9tb.nu	1
proisp.no	nagma.nu	1
NUCDN	Safenames Ltd.	1
GleSYS AB	vintermote.nu	1
DIGITALOCEAN-ASN	punt.nu	1
ansluten.net	CLOUDFLARENET	1
neostrada.nl	sasja.nu	1
Yelles AB	partytalt.nu	1
We Dare B.V.	magictilt.nu	1
Signet B.V.	psygea.nu	1
js55cne.com	hj-shield.org	1
thednscompany.com	boesveld.nu	1
loopia.se	dahlgrens.nu	1
ACTIVE 24, s.r.o.	cupmate.nu	1
CLOUDFLARENET	p4y.nu	1
comflow.nu	comflow.nu	1
Yelles AB	codeserver.nu	1
Stichting DIGI NL	watmoetikdoen.nu	1
jordbruksverket.se	CLOUDFLARENET	1
DIGITALOCEAN-ASN	voer.nu	1
CLOUDFLARENET	nullable.group	1
tpl.no	tlp.no	1
joker.com	OVH SAS	1
supremecenter.com	supremecenter.com	1
hix.nl	mantelzorgmakelaar.nu	1
CLOUDFLARENET	kiezen.nu	1
DIMENOC	uitgeest.nu	1
Yelles AB	xn--ln300000-9za.nu	1
vboxx.net	12roll.nu	1
cloudns.net	emailsecurity.app	1
CLOUDFLARENET	68k.se	1
Yelles AB	busa.nu	1
CLOUDFLARENET	seinen.nu	1
Yelles AB	xn--samtalsbyrn-68a.nu	1
ACTIVE 24, s.r.o.	polyvision.nu	1
CLOUDFLARENET	visualflow.nu	1
vikingvpn.nu	vikingvpn.nu	1
datismijn.com	ipadrepair.nu	1
Signet B.V.	waywardwomeninc.nu	1
mijn.host	tenwolde.nu	1
fetz.at	firmix.at	1
sase.nu	adg.nu	1
CLOUDFLARENET	zonopzeist.nu	1
CLOUDFLARENET	natura2000.nu	1
Signet B.V.	onzichtbareorthodontie.nu	1
eapps.com	GOOGLE	1
ACTIVE 24, s.r.o.	legallynews.nu	1
CLOUDFLARENET	koigarden.nu	1
iunxi.net	franksolutions.nl	1
jordet.net	jordet.net	1
ipcom GmbH	klantenvertellen.nu	1
OVH SAS	happydate.nu	1
ACTIVE 24, s.r.o.	omnia.nu	1
Yelles AB	livestreaming.nu	1
DIGITALOCEAN-ASN	brakreditkort.nu	1
GleSYS AB	xn--stberg-vxa.nu	1
Miss Hosting AB	bulten.nu	1
CLOUDFLARENET	directpm.nu	1
ACTIVE 24, s.r.o.	gug.nu	1
axit.nl	axit.nl	1
Yelles AB	n1.nu	1
ACTIVE 24, s.r.o.	cannae.nu	1
Gotalandsnatet AB	GOOGLE	1
dn-s.nl	suikermais.nu	1
Signet B.V.	hooligans.nu	1
CLOUDFLARENET	pappis.nu	1
ACTIVE 24, s.r.o.	ohnell.nu	1
CLDIN B.V.	jobdirekt.nu	1
Yelles AB	lunchhedemora.nu	1
CLOUDFLARENET	terapihund.nu	1
LIQUIDWEB	lskk.nu	1
GleSYS AB	nsv.nu	1
Yelles AB	xn--bokfringsprogram-pwb.nu	1
OVH SAS	arthur.nu	1
server.eu	AMAZON-02	1
Yelles AB	h14.nu	1
Yelles AB	dollar.nu	1
rijksoverheidnl.eu	rws.nl	1
DIGITALOCEAN-ASN	vandaar.nu	1
hosten.nu	hosten.nu	1
Yelles AB	merchio.nu	1
ACTIVE 24, s.r.o.	karlen.nu	1
ACTIVE 24, s.r.o.	wiksten.nu	1
Cygrids Communications AB	redaktionen.nu	1
Cloud DNS Ltd	AMAZON-02	1
Signet B.V.	greenlease.nu	1
team.blue Denmark A/S	lystrup.nu	1
CLOUDFLARENET	serge.nu	1
CLOUDFLARENET	sooz.nu	1
CLOUDFLARENET	xhs.se	1
registrar-servers.com	nedserv.net	1
primerelay.net	primerelay.net	1
CLOUDFLARENET	mijnserver.nl	1
maxcommerce.nl	jobhosting.nu	1
TrueFullstaq B.V.	dvpd.nu	1
CLOUDFLARENET	friedhof.nu	1
Hetzner Online GmbH	porr24.nu	1
CLDIN B.V.	hardloopaanbiedingen.nu	1
Yelles AB	grandpa.nu	1
medusa.nl	medusa.nl	1
introweb.nl	kiekens.nu	1
Hetzner Online GmbH	drukwerkaanbieding.nu	1
cloudns.net	nationsleague.nu	1
Signet B.V.	cms-lawtax.nu	1
CLOUDFLARENET	mqtt.nu	1
GleSYS AB	snoskottning.nu	1
veda.nu	common.nu	1
ipcom GmbH	torsbohandels.nu	1
interwijs.nl	vakantiemalaga.nu	1
Yelles AB	testhuset.nu	1
AMAZON-02	hyrhusvagn.nu	1
Cygrids Communications AB	vff.nu	1
Yelles AB	retur.nu	1
Signet B.V.	flowit.nu	1
CLOUDFLARENET	proast.nu	1
dn-s.nl	gergem.nu	1
checkdomain.de	heycar.nu	1
ipcom GmbH	Yelles AB	1
Signet B.V.	ietsvoorjou.nu	1
Signet B.V.	turbotheorie.nu	1
awsdns-19.org	axs.com	1
Signet B.V.	lampenkopen.nu	1
intention.nl	montalex.nu	1
dorstcommunicatie.nl	dorstcommunicatie.nl	1
sbbs.se	Diagonal Forlags AB	1
oderland.com	lovikarlshamn.nu	1
CLOUDFLARENET	eatbyj.nu	1
Signet B.V.	silly.nu	1
dn-s.nl	omaleestvoor.nu	1
Yelles AB	kasinobonus.nu	1
Yelles AB	shades.nu	1
Stichting DIGI NL	rodica.nu	1
Serverius Holding B.V.	novy.nu	1
Yelles AB	arvind.nu	1
Miss Hosting AB	geron.nu	1
CLOUDFLARENET	dnsdrift.net	1
ACTIVE 24, s.r.o.	combat.nu	1
srvnl.nl	broeders.nu	1
louhi.net	solmu.nu	1
MICROSOFT-CORP-MSN-AS-BLOCK	msv1.invalid	1
Yelles AB	tidsfri.nu	1
Signet B.V.	showroomkeukens.nu	1
team.blue Denmark A/S	noy.nu	1
CLOUDFLARENET	xen.nu	1
Schokker IT B.V.	promotiebus.nu	1
Signet B.V.	business-support.nu	1
dns0.nl	nu.nl	1
cewebhosting.nl	brandvluchtsloten.nu	1
nic.ru	ogosex.nu	1
ACTIVE 24, s.r.o.	ostgotanation.nu	1
iwebhotel.dk	dustex.nu	1
ACTIVE 24, s.r.o.	learningwell.nu	1
CLOUDFLARENET	cookabura.nu	1
loopia.se	mooo.nu	1
ipcom GmbH	gebirg.de	1
danego.net	APPLE-ENGINEERING	1
co.uk	EDNS	1
rackfish.net	blasarsymfonikerna.nu	1
Signet B.V.	mindfulrebel.nu	1
kreativmedia.ch	uan.nu	1
hostnet.nl	ams-advocaten.nu	1
LIQUIDWEB	asti.nu	1
CLOUDFLARENET	ftl.nu	1
hyp.net	bokaplats.nu	1
wned-dns.eu	kingma.nu	1
Yelles AB	bilbarnstolar.nu	1
Yelles AB	lunchludvika.nu	1
AS-VULTR	fornybart.nu	1
CLOUDFLARENET	g.nu	1
Yelles AB	xn--ntdejting-v2a.nu	1
MICROSOFT-CORP-MSN-AS-BLOCK	mostworld.com	1
dnssrv.nl	seniorenservice.nu	1
Telia Company AB	alvdalen.nu	1
IONOS SE	jur.nu	1
snel.com	vioollesamsterdam.nu	1
one.com	villaherrgard.com	1
DIGITALOCEAN-ASN	optimization.nu	1
CLOUDFLARENET	kristians.nu	1
ACTIVE 24, s.r.o.	bolander.nu	1
One.com A/S	bfa.nu	1
skylten.nu	skylten.nu	1
Yelles AB	fyrtio.nu	1
Cygrids Communications AB	bardun.nu	1
thednscompany.com	geflipt.nu	1
Uniserver Internet B.V.	villagelechat.nu	1
borenet.se	borenet.se	1
ACTIVE 24, s.r.o.	vrxtreme.nu	1
ACTIVE 24, s.r.o.	kossan.mu	1
CLOUDFLARENET	skillwell.nu	1
cloudns.dk	frugt.nu	1
dezeserver.nl	bootz.nu	1
Signet B.V.	fenna.nu	1
AUTOMATTIC	barnhagen.nu	1
HURRICANE	MICROSOFT-CORP-MSN-AS-BLOCK	1
anycastclouds.com	zedcom.se	1
inmotionhosting.com	rosenthal.nu	1
Uniserver Internet B.V.	boxer-agri.nu	1
One.com A/S	ab-fotografie.nu	1
CLOUDFLARENET	peterlarson.nu	1
CLOUDFLARENET	bmii.nu	1
rkdmediadns.nl	MICROSOFT-CORP-MSN-AS-BLOCK	1
Yelles AB	char.nu	1
LIQUIDWEB	nzi.nu	1
Telia Company AB	yourgift.nu	1
ACTIVE 24, s.r.o.	createlife.nu	1
GOOGLE	adorable.nu	1
cloud86.nl	8020.nu	1
GleSYS AB	soller.nu	1
Signet B.V.	roosterverstoringen.nu	1
GleSYS AB	nordling.nu	1
aname.net	GOOGLE-CLOUD-PLATFORM	1
proisp.no	salten.nu	1
GOOGLE	tenutec.nu	1
takties.nl	datavernietiging.nu	1
LIQUIDWEB	brisson.nu	1
LEVEL3	helsingor.nu	1
Signet B.V.	blondamsterdam.nu	1
hyp.net	skinnvastar.nu	1
LIQUIDWEB	wellcare.nu	1
CLOUDFLARENET	xn--dckskifte-v2a.nu	1
secureserv.nl	secureserv.nl	1
loopia.se	mailplus.se	1
CLOUDFLARENET	paif.nu	1
aname.net	starta-eget.nu	1
Yelles AB	raspberrypi.nu	1
wnb.dk	GOOGLE	1
site5.com	enblom.nu	1
ACTIVE 24, s.r.o.	appia.nu	1
CLDIN B.V.	zwemshop.nu	1
netzozeker.net	ideez.nu	1
Yelles AB	drherbals.nu	1
mtswww02.nl	klaucke.nu	1
cannapedia.nu	cannapedia.nu	1
mvm-oyitokapy1.nl	boktorbestrijding.nu	1
One.com A/S	candoclub.nu	1
ictunited.nl	veraart.nu	1
buskruitdns.eu	GOOGLE	1
CLOUDFLARENET	volid.nu	1
ACTIVE 24, s.r.o.	samtalicentrum.nu	1
GOOGLE	sbdrift.net	1
Stichting DIGI NL	omnichannel.nu	1
comsolve.eu	design4all.nu	1
CLOUDFLARENET	latenttalent.nu	1
LIQUIDWEB	jansen.nu	1
zone.ee	elkdata.ee	1
Signet B.V.	vastgoedtaxatie.nu	1
intron.se	intron.net	1
loopia.se	elevation.se	1
One.com A/S	siredmondgin.nu	1
nscluster.ee	MICROSOFT-CORP-MSN-AS-BLOCK	1
Signet B.V.	mtahosting.com	1
hightech-hosting.nl	vitanex.nu	1
ipcom GmbH	ccd.nu	1
loopia.se	servicecorporation.nu	1
Signet B.V.	hoffelijk.nu	1
Signet B.V.	frankwatching.nu	1
Uniserver Internet B.V.	donk.nu	1
CLOUDFLARENET	sportnyheter.nu	1
Signet B.V.	supclinics.nu	1
LIQUIDWEB	dageraad.nu	1
Yelles AB	fqu.nu	1
Telenor Norge AS	byggfirmahuddinge.nu	1
serviceprovider.nl	temporary.nu	1
Zylon	gratisapps.nu	1
CLOUDFLARENET	tickets.nu	1
ACTIVE 24, s.r.o.	fjallborg.nu	1
axc.nl	ajax.nu	1
shockmedia.nl	mij-jou.nu	1
Signet B.V.	azictcloud.nl	1
onlinebylouise.nl	lieses.nu	1
neostrada.nl	jazzportal.nu	1
loopia.se	foab.nu	1
cloud86.nl	neem.nu	1
hosted-power.com	CLOUDFLARENET	1
Yelles AB	pilotlog.nu	1
Signet B.V.	swisio.nu	1
andasuriname.com	mariahoeve.nu	1
Miss Hosting AB	broccoli.nu	1
dn-s.nl	vom.nu	1
Yelles AB	ai-first.nu	1
DIGITALOCEAN-ASN	khbf.nu	1
ACTIVE 24, s.r.o.	latitudes.nu	1
Yelles AB	freud.nu	1
Yelles AB	mandelboden.nu	1
ANEXIA Internetdienstleistungs GmbH	aspcenter.se	1
hix.nl	routit.net	1
Signet B.V.	simpl.nu	1
CLOUDFLARENET	barnevogn.nu	1
DIGITALOCEAN-ASN	kuijpers.nu	1
ACTIVE 24, s.r.o.	enlund.nu	1
ACTIVE 24, s.r.o.	powercleanskane.nu	1
CLOUDFLARENET	nordic-walking.nu	1
pt38sy-lwsites.com	prefabhus.nu	1
Signet B.V.	SQUIXA PTY LIMITED	1
ilait.se	idepoolen.se	1
CLDIN B.V.	mentalfit.nu	1
cloudns.net	bestinv.org	1
Signet B.V.	hartsverbinding.nu	1
loopia.se	bubben.nu	1
Signet B.V.	sea.nl	1
Miss Hosting AB	ekho.nu	1
Yelles AB	maggan.nu	1
ACTIVE 24, s.r.o.	serafen.nu	1
site5.com	veiligheidspecialisten.nu	1
aname.net	yrselcenter.nu	1
CLOUDFLARENET	ramcharan.nu	1
ACTIVE 24, s.r.o.	vandalen.nu	1
Yelles AB	realworldsound.nu	1
engboms.se	CLOUDFLARENET	1
Yelles AB	dipiu.nu	1
Signet B.V.	wbsotool.nu	1
Signet B.V.	overleg.nu	1
Yelles AB	scouter.nu	1
dondominio.com	APPLE-ENGINEERING	1
Tietoevry Norway As	hnh.no	1
Host Europe GmbH	ACTIVE 24, s.r.o.	1
dalocomhosting.nl	helvoirt.nu	1
samofficedns.com	Fundaments B.V.	1
Yelles AB	eldtunna.nu	1
Yelles AB	laurus.nu	1
CLDIN B.V.	mailprotect.be	1
intention.nl	aminozuren.nu	1
hyp.net	fastname.no	1
ACTIVE 24, s.r.o.	frifall.nu	1
LIQUIDWEB	savela.nu	1
GOOGLE	localhost	1
LIQUIDWEB	audi.nu	1
ACTIVE 24, s.r.o.	klippare.nu	1
The Internet Engineering Group B.V.	pieters.nu	1
CLDIN B.V.	nieuwenkamp.nu	1
mijn.host	Vianova S.p.A	1
OVH SAS	gerrie.nu	1
GleSYS AB	cederwall.nu	1
ACTIVE 24, s.r.o.	jannesson.nu	1
Yelles AB	wildslot.nu	1
Signet B.V.	prop3rty.nu	1
DIGITALOCEAN-ASN	shg.nu	1
ACTIVE 24, s.r.o.	silversved.nu	1
Signet B.V.	dropshippen.nu	1
ACTIVE 24, s.r.o.	blomstergarden.nu	1
kpn.net	itmaturity.nu	1
akiyama.nu	GOOGLE	1
Yelles AB	kenni.nu	1
CLDIN B.V.	homerr.nu	1
loopia.se	envirocom.net	1
LIQUIDWEB	nauticat.nu	1
Signet B.V.	wintersict.nl	1
CLDIN B.V.	Eurofiber Cloud Infra B.V.	1
Yelles AB	xn--toppahlsan-v5a.nu	1
CLOUDFLARENET	86id.nl	1
CLOUDFLARENET	hyperion.nu	1
LIQUIDWEB	vangastel.nu	1
com.au	stocktrading.nu	1
Yelles AB	blund.nu	1
ACTIVE 24, s.r.o.	bogsering.nu	1
ACTIVE 24, s.r.o.	lovetaste.nu	1
Yelles AB	botanikportalen.nu	1
CLDIN B.V.	veni.nu	1
webgianthost.com	cleanliving.nu	1
webhostingserver.nl	silvester.nu	1
etableraweb.net	molnar.nu	1
axc.nl	kalverstraat.nu	1
CLOUDFLARENET	dyndns.nu	1
jra.se	GOOGLE-CLOUD-PLATFORM	1
e-studio.dk	MICROSOFT-CORP-MSN-AS-BLOCK	1
Interforce Networks BV	inter-hosting.nl	1
Cygrids Communications AB	kombipool.nu	1
in2ip.nl	loonstrook.nu	1
DIGITALOCEAN-ASN	hijlkema.nu	1
CLOUDFLARENET	enkhuizen.nu	1
CLOUDFLARENET	colson.nu	1
DIGITALOCEAN-ASN	gitaarschool.nu	1
Signet B.V.	vaccinaties.nu	1
ki.nu	ki.nu	1
Yelles AB	luftgevar.nu	1
ACTIVE 24, s.r.o.	swedenboats.nu	1
dn-s.nl	locals.nu	1
Signet B.V.	praktijkondersteuner.nu	1
Host Europe GmbH	delighthouse.se	1
DIGITALOCEAN-ASN	totalhealthsupport.nu	1
dnt-internetservice.nl	workshopsmartphonefotografie.nu	1
davidov.se	davidov.com	1
ACTIVE 24, s.r.o.	ube.nu	1
LIQUIDWEB	atomic.nu	1
Eurofiber Cloud Infra B.V.	mkbzaken.nu	1
ACTIVE 24, s.r.o.	danieljohansson.nu	1
Uniserver Internet B.V.	franje.nu	1
Miss Hosting AB	danceaddict.nu	1
afraid.org	hnn.nu	1
hukot.cz	Tutao GmbH	1
loopia.se	interdo.com	1
loopia.se	xh.se	1
ACTIVE 24, s.r.o.	duplikat.nu	1
Signet B.V.	vertigogames.nu	1
rimotecloud.com	gkr.nu	1
Yelles AB	xn--frg-qla.nu	1
team.blue Denmark A/S	lsa.dk	1
Signet B.V.	ginicapital.nu	1
Signet B.V.	caipher.nu	1
CLOUDFLARENET	favvo.nu	1
Signet B.V.	dakdekker-amsterdam.nu	1
LIQUIDWEB	visit.nu	1
CLOUDFLARENET	twire.nu	1
ODERLAND Webbhotell AB	oopsydaisy.nu	1
hostnet.nl	Signet B.V.	1
Hetzner Online GmbH	hittahem.nu	1
DIGITALOCEAN-ASN	researchemicals.nu	1
Signet B.V.	schilderijophangen.nu	1
Eurofiber Cloud Infra B.V.	pensioenonline.nu	1
enson.se	altavista.nu	1
Net-Build GmbH	q10-oxy-repair.nu	1
Signet B.V.	carrecovery.nu	1
anycast.me	huigen.nu	1
DIGITALOCEAN-ASN	neidig.nu	1
ACTIVE 24, s.r.o.	internetbutiken.nu	1
Hetzner Online GmbH	trouwenaanzee.nu	1
Yelles AB	lyx.nu	1
LIQUIDWEB	iusn.nu	1
Yelles AB	hundloppis.nu	1
Yelles AB	vuxnabarn.nu	1
mngd-hosting.com	mognaladies.nu	1
gigafile.nu	ARTERIA Networks Corporation	1
Bizway BV	digitallife.nu	1
ACTIVE 24, s.r.o.	traktat.nu	1
Cygrids Communications AB	informationsbolaget.nu	1
maxiweb.nl	droomhome.nu	1
flavourrider.com	MICROSOFT-CORP-MSN-AS-BLOCK	1
dnsproject.se	itslav.nu	1
ACTIVE 24, s.r.o.	icmp.nu	1
Yelles AB	marke.nu	1
Signet B.V.	budgetenergie.nu	1
com.au	SQUIXA PTY LIMITED	1
We Dare B.V.	onlinewedden.nu	1
Yelles AB	olympischespelen.nu	1
Signet B.V.	basisserver.nl	1
ACTIVE 24, s.r.o.	paparooster.nu	1
DIGICERT	WebSupport s.r.o.	1
CORESPACE-DAL	fashionfield.nu	1
ACTIVE 24, s.r.o.	alberic.nu	1
managed.fi	Cloudflare London, LLC	1
one.com	spamshredder.nl	1
intellisoft-dns.nl	CLDIN B.V.	1
hamers-server.nl	sohoix.com	1
Yelles AB	el-scooter.nu	1
LIQUIDWEB	karlsruhe.nu	1
CLOUDFLARENET	streefkerk.nu	1
Yelles AB	bema.nu	1
GlobalConnect AB	solhus.nu	1
Fundaments B.V.	favier.nu	1
CLOUDFLARENET	nesk.nu	1
CLOUDFLARENET	ruin.nu	1
ACTIVE 24, s.r.o.	braterapi.nu	1
analystict.com	wirkensports.nu	1
oderland.com	Heinlein-Support GmbH	1
CLOUDFLARENET	babybox.nu	1
speak.nl	ZOHO Corporation B.V	1
ACTIVE 24, s.r.o.	norrland.nu	1
yourhost.nl	registrar.eu	1
Signet B.V.	ledkopen.nu	1
CLOUDFLARENET	lomervarde.nu	1
AMAZON-02	alltidettval.nu	1
LeaseWeb Netherlands B.V.	rondkijken.nu	1
Signet B.V.	bartow.nu	1
Hetzner Online GmbH	youawareness.nu	1
Yelles AB	allyours.nu	1
One.com A/S	cammeraat.nu	1
Signet B.V.	memorybox.nu	1
keenondots.com	MICROSOFT-CORP-MSN-AS-BLOCK	1
Yelles AB	ettnet.nu	1
Signet B.V.	100thai.nu	1
hosted.nl	aangifte-erfbelasting.nu	1
mediaweb-it.net	mediaweb-it.net	1
axc.nl	thuisnetwerk.nu	1
Hydra Communications Ltd	cprapid.com	1
Signet B.V.	delaatstekruimel.nu	1
Yelles AB	drugnews.nu	1
shockmedia.nl	slimmewerken.nu	1
cloud86.nl	lauz.nu	1
elcanet.nl	testme.nu	1
AMAZON-02	cartel.nl	1
MICROSOFT-CORP-MSN-AS-BLOCK	xk.nu	1
CLOUDFLARENET	potensmedel.nu	1
axc.nl	accent.nu	1
CLOUDFLARENET	c.nu	1
jth.net	jth.net	1
nmugroup.com	kvapil.se	1
CLOUDFLARENET	pierrekitchenappliances.nu	1
Yelles AB	goldenbusinessclub.nu	1
joker.com	Blix Solutions AS	1
Yelles AB	patenta.nu	1
MICROSOFT-CORP-MSN-AS-BLOCK	zorgjob.nu	1
ACTIVE 24, s.r.o.	egon.nu	1
Yelles AB	slvr.nu	1
Yelles AB	ballin.nu	1
Yelles AB	galleriavasterport.nu	1
fwhosting.nl	databyte-hosting.nl	1
GlobalConnect A/S	team.blue Denmark A/S	1
ACTIVE 24, s.r.o.	normark.nu	1
CLOUDFLARENET	distribution.nu	1
CLOUDFLARENET	xn--fjllrven-1zad.nu	1
CLOUDFLARENET	spaider.nu	1
wservices.ch	wservices.ch	1
ACTIVE 24, s.r.o.	reloadrawfoodbar.nu	1
cloud86.nl	uitdelen.nu	1
One.com A/S	detuinin.nu	1
CLOUDFLARENET	ozoz.nu	1
CLOUDFLARENET	UAB Interneto vizija	1
Miss Hosting AB	clubhr.nu	1
Signet B.V.	heisterkamp.nu	1
Yelles AB	nothingfishy.nu	1
ACTIVE 24, s.r.o.	uhlander.nu	1
CLOUDFLARENET	hamptons.nu	1
BIZLAND-SD	baden.nu	1
webhostingserver.nl	iktekenvoorverandering.nu	1
GlobalConnect AB	signsolutions.nu	1
BIT BV	autogereedschap.nu	1
boware.net	snurken.nu	1
One.com A/S	poortopener.nu	1
greenhost.nl	GOOGLE	1
ports.se	svenskaoljebolaget.nu	1
cbn-group.eu	arjanne.nu	1
axc.nl	bode.nu	1
aname.net	norman.no	1
hrcdigital.eu	texel.nu	1
CLOUDFLARENET	prutser.nu	1
CLDIN B.V.	sport-foto.nu	1
alfahosting.info	inhofer.nu	1
shockmedia.nl	catwise.nu	1
ACTIVE 24, s.r.o.	garm.nu	1
Cygrids Communications AB	carmint.nu	1
ACTIVE 24, s.r.o.	nordahl.nu	1
Cygrids Communications AB	gladsax.nu	1
CLDIN B.V.	worldnews.nu	1
LIQUIDWEB	fartlek.nu	1
ACTIVE 24, s.r.o.	tmpo.nu	1
Signet B.V.	cologic.nu	1
neostrada.nl	way-of-life.nu	1
Signet B.V.	onn.nu	1
co.uk	kud.nu	1
luken.nu	luken.nu	1
CLOUDFLARENET	philippinerevolution.nu	1
Yelles AB	dayofdefeat.nu	1
Signet B.V.	chakras.nu	1
loopia.se	carambole.com	1
GleSYS AB	piper.nu	1
Stichting DIGI NL	gijsbers.nu	1
ACTIVE 24, s.r.o.	katf.nu	1
Yelles AB	fantasysports.nu	1
c4a.nl	chargingbull.nu	1
mydnscompany.eu	MICROSOFT-CORP-MSN-AS-BLOCK	1
Sweroam AB	ellak.nu	1
virtio.be	hlu.nu	1
Signet B.V.	exittoys.nu	1
ACTIVE 24, s.r.o.	itdelivery.nu	1
CLOUDFLARENET	plasmatrade.nu	1
SECURITYSERVICES	proviva.nu	1
2is.nl	GO-DADDY-COM-LLC	1
nivko.net	GOOGLE	1
GleSYS AB	brandl.nu	1
MICROSOFT-CORP-MSN-AS-BLOCK	retailplanner.nu	1
webitems.nl	heteigendomein.nl	1
Signet B.V.	bijeen.nu	1
plus-delta.nl	upd.nu	1
CLOUDFLARENET	hotek.nu	1
Combell NV	vakaturekrant.nu	1
exonet.nl	CLDIN B.V.	1
AMAZON-02	visian.nu	1
Hostek AB	happyday.nu	1
dma.nl	Soverin B.V.	1
ACTIVE 24, s.r.o.	bartender.nu	1
sowie.nl	dongen.nu	1
Signet B.V.	watishetwaard.nu	1
driftshotellet.com	Telia Company AB	1
forss.net	ntnet.se	1
ACTIVE 24, s.r.o.	apex.nu	1
webhosted.net	dame.nu	1
CLOUDFLARENET	hostinger.it	1
snel.com	datatoppers.nu	1
ns01.se	aspmx.net	1
snel.com	webpersoneel.nu	1
Yelles AB	242.nu	1
awsdns-36.net	GOOGLE	1
hostgator.com	arte.nu	1
CLOUDFLARENET	jobsrepublic.nu	1
mijn.host	oogdruppels-online.nu	1
introweb.nl	antagonist.nl	1
smeders-dns.nl	omnyacc.nu	1
Cygrids Communications AB	xn--vghjlpsfrskring-0kbdg35a.nu	1
LIQUIDWEB	alinea.nu	1
Communications Security Net B.V.	jazeker.nu	1
klikonline.nl	nieuw-amsterdam.nu	1
GleSYS AB	smidig.nu	1
budgettopserver.nl	ruts.nu	1
ACTIVE 24, s.r.o.	xn--grskarkipelagservice-czb21b.nu	1
auth.se	auth.se	1
Signet B.V.	biecht.nu	1
CLOUDFLARENET	automatronix.nu	1
ns14.net	vionfood.nu	1
loopia.se	sniff.nu	1
CLOUDFLARENET	harr.nu	1
Miss Hosting AB	handplockat.nu	1
One.com A/S	cultuurmenu.nu	1
ACTIVE 24, s.r.o.	under40.nu	1
Miss Hosting AB	facet.nu	1
CLOUDFLARENET	boosman.nu	1
Yelles AB	staralarm.nu	1
ACTIVE 24, s.r.o.	hovas.nu	1
Signet B.V.	kinderanimatie.nu	1
Yelles AB	sjoss.nu	1
Uniserver Internet B.V.	barendregt.nu	1
Yelles AB	lols.nu	1
Signet B.V.	visitnaarden.nu	1
CLOUDFLARENET	grootzz.nu	1
ACTIVE 24, s.r.o.	activateadvisory.nu	1
one.com	zervion.dk	1
CLOUDFLARENET	rekrytera.nu	1
ACTIVE 24, s.r.o.	ecoaviation.nu	1
ACTIVE 24, s.r.o.	malmberg.nu	1
hostnet.nl	edp.nu	1
MICROSOFT-CORP-MSN-AS-BLOCK	haarverlies.nu	1
ACTIVE 24, s.r.o.	trafikbuller.nu	1
Yelles AB	avbrott.nu	1
hostm.net	qck.nu	1
Yelles AB	viabofastigheter.nu	1
xn--btverkstad-15a.nu	xn--btverkstad-15a.nu	1
DIGITALOCEAN-ASN	oppenhuizen.nu	1
CLOUDFLARENET	deelstof.nu	1
CLOUDFLARENET	clubcreo.nu	1
CLOUDFLARENET	huis-huren.nu	1
CLOUDFLARENET	hitt.nu	1
One.com A/S	brug.nu	1
CLOUDFLARENET	bloomingafrica.nu	1
mijndnsserver.nl	GOOGLE-CLOUD-PLATFORM	1
Bahnhof AB	soultime.nu	1
ACTIVE 24, s.r.o.	kassman.nu	1
cloudns.net	vaa.nu	1
ACTIVE 24, s.r.o.	imagick.nu	1
MICROSOFT-CORP-MSN-AS-BLOCK	vinginoeyewear.nu	1
DIGITALOCEAN-ASN	outcast.nu	1
Signet B.V.	krijg.nu	1
serviceprovider.nl	fashioning.nu	1
dn-s.nl	i-k.nu	1
NUCDN	dsquared.nu	1
CLOUDFLARENET	ineenwipgeregeld.nu	1
ipcom GmbH	ovk-stockholm.nu	1
CLOUDFLARENET	excent.nu	1
team.blue Denmark A/S	byggeskadeforsikring.com	1
one.com	waak.be	1
neostrada.nl	voluitlevenmetdiabetes.nu	1
ACTIVE 24, s.r.o.	bobtail.nu	1
ACTIVE 24, s.r.o.	bernau.nu	1
atom86 BV	Proton AG	1
hostingpower.nl	verzekeringspakket.nu	1
Yelles AB	nshc.nu	1
CLDIN B.V.	circulair-inkopen.nu	1
fruitautomaten.nu	fruitautomaten.nu	1
ACTIVE 24, s.r.o.	energija.nu	1
DIGITALOCEAN-ASN	celebrate-life.nu	1
losning.nl	brand-lab.nu	1
Signet B.V.	payrollen.nu	1
Signet B.V.	heftrucks.nu	1
flerquehosting.nl	mannah.nu	1
cloud86.nl	ontwikkelacademie.nu	1
itconfidence.dk	MICROSOFT-CORP-MSN-AS-BLOCK	1
Yelles AB	squish.nu	1
tandata.io	noorder.nu	1
freehostia.com	GOOGLE	1
duocast.net	reiswijzer.nu	1
broadview.se	atellus.se	1
Signet B.V.	t4c.nu	1
gigasnel.nl	ateranetworks.com	1
Yelles AB	xn--tvlingar-0za.nu	1
CLOUDFLARENET	sollentunabildem.nu	1
GOOGLE	ssj.nu	1
ACTIVE 24, s.r.o.	toinvest.nu	1
ACTIVE 24, s.r.o.	lenak.nu	1
DIGITALOCEAN-ASN	e-busje.nu	1
webruimtehosting.nl	nupa.nu	1
GOOGLE	millners.nu	1
hyp.net	martinshop.nu	1
networkoperations.nl	networkoperations.nl	1
openminds.be	GOOGLE	1
loopia.se	hablingbo.nu	1
Miss Hosting AB	franska.nu	1
Signet B.V.	aboveit.nl	1
Miss Hosting AB	revolver.nu	1
ACTIVE 24, s.r.o.	alkoholbutiken.nu	1
CLOUDFLARENET	hotelgiethoorn.nu	1
Telia Finland Oyj	nebula.fi	1
emeni.nl	pro6.nu	1
ACTIVE 24, s.r.o.	randigahuset.nu	1
SavMAN AB	ODERLAND Webbhotell AB	1
limetree.nu	limetree.nu	1
adbc.se	adbc.se	1
cloud86.nl	askesis.nu	1
ACTIVE 24, s.r.o.	sportgarden.nu	1
loopia.se	pepsol.se	1
Yelles AB	gronholm.nu	1
LEASEWEB-USA-SFO	witteman.nu	1
loopia.se	lachmann.nu	1
snel.com	vioollesinamsterdam.nu	1
LIQUIDWEB	bolig.nu	1
TrueFullstaq B.V.	matched.nu	1
CLOUDFLARENET	play-city.nu	1
internetportnetwork.net	internetport.com	1
Yelles AB	procasinos.nu	1
ACTIVE 24, s.r.o.	artisan.se	1
DIGITALOCEAN-ASN	jerry.nu	1
DIGITALOCEAN-ASN	ai-tools.nu	1
c4a.nl	zorgthuis.nu	1
ACTIVE 24, s.r.o.	lambaro.nu	1
oderland.com	begrit.nu	1
Communications Security Net B.V.	umano.nu	1
Signet B.V.	send-it.nu	1
Uniserver Internet B.V.	warmtepomp-informatie.nu	1
ports.se	skeppsbron.nu	1
DIGICERT	onricoh.se	1
loopia.se	ltek.nu	1
CLOUDFLARENET	lenaandersson.nu	1
DIGITALOCEAN-ASN	loz.nu	1
Yelles AB	lbry.nu	1
ACTIVE 24, s.r.o.	stof.nu	1
dotserv.com	xn--lgen-voa.nu	1
Signet B.V.	flexor.nu	1
2content.com	kmar.nu	1
Signet B.V.	OVH SAS	1
Yelles AB	roslagens.nu	1
Telia Company AB	johannes.nu	1
Signet B.V.	illuminated.nu	1
ACTIVE 24, s.r.o.	crooze.nu	1
Yelles AB	digitalspecialist.nu	1
Signet B.V.	trago.nu	1
LeaseWeb Netherlands B.V.	adviesdrogisterij.nu	1
axc.nl	fitnessshop.nu	1
ACTIVE 24, s.r.o.	armbrytning.nu	1
niborix.se	niborix.se	1
DIGITALOCEAN-ASN	parrallel.nu	1
easydns.ca	solem.nu	1
CLOUDFLARENET	vloggar.nu	1
cloud86.nl	vanrest.nu	1
DIGITALOCEAN-ASN	qigong.nu	1
CLOUDFLARENET	018.nu	1
internettoday.com	GOOGLE	1
CLDIN B.V.	blue-ocean.nu	1
DIGITALOCEAN-ASN	buurtcultuur.nu	1
CLOUDFLARENET	g1000.nu	1
team.blue Denmark A/S	egenomsorg.nu	1
ports.se	lakemedelsforsakringen.se	1
dn-s.nl	joinus.nu	1
DIGITALOCEAN-ASN	dermaroller.nu	1
cloud86.nl	vanwijk.nu	1
ACTIVE 24, s.r.o.	munters.nu	1
CLDIN B.V.	electrische-tandenborstel.nu	1
The Internet Engineering Group B.V.	dahmen.nu	1
IP Visie Networking B.V.	roseau.nu	1
applemooz.net	applemooz.net	1
webaccountserver.com	modarush.nu	1
webhostingserver.nl	wiebe.nu	1
ACTIVE 24, s.r.o.	engh.nu	1
ACTIVE 24, s.r.o.	walther.nu	1
Signet B.V.	schoolvakanties.nu	1
veda.nu	AMAZON-02	1
Yelles AB	ourchoice.nu	1
Signet B.V.	incertex.nu	1
Yelles AB	economics.nu	1
ACTIVE 24, s.r.o.	runtlidingo.nu	1
Yelles AB	capsismedia.nu	1
exonet.nl	voeding.nu	1
ACTIVE 24, s.r.o.	abrahamson.nu	1
dn-s.nl	jaapdevries.nu	1
neostrada.nl	ceamosa.nu	1
One.com A/S	dealalert.nu	1
ACTIVE 24, s.r.o.	agima.nu	1
ipcom GmbH	elektriker-nacka.nu	1
mijndnsserver.nl	vannieuwkoop.nu	1
rdkp.nl	MICROSOFT-CORP-MSN-AS-BLOCK	1
Signet B.V.	startron.nu	1
Cygrids Communications AB	somhemma.nu	1
Signet B.V.	aficionado.nu	1
DIGITALOCEAN-ASN	braincoach.nu	1
GleSYS AB	johanolsson.nu	1
CLOUDFLARENET	camouflage.nu	1
ipcom GmbH	elektrikertumba.nu	1
Yelles AB	fuuk.nu	1
HURRICANE	naetet.net	1
The Internet Engineering Group B.V.	theije-leon.nu	1
Bizway BV	goedgaan.nu	1
loopia.se	12.60	1
hostgator.com	austin.nu	1
LIQUIDWEB	asff.nu	1
TrueFullstaq B.V.	vanijzendoorn.nu	1
aslanhost.nl	Voxility LLP	1
ACTIVE 24, s.r.o.	heladu.nu	1
Yelles AB	kangor.nu	1
GleSYS AB	vexed.nu	1
bulldata.nl	saycheese.nu	1
hostgator.com	e-brev.nu	1
LIQUIDWEB	incognito.nu	1
Yelles AB	rowrace.nu	1
worldwebdesign.nl	zijlmans.nu	1
dnssrv.nl	klieverik.nu	1
ipcom GmbH	jetten.nu	1
CLOUDFLARENET	bvbu.nl	1
dn-s.nl	gamko.nu	1
Yelles AB	pinkdog.nu	1
We Dare B.V.	sym.nu	1
Signet B.V.	woonbuurt.nu	1
CLOUDFLARENET	casting.nu	1
DIGITALOCEAN-ASN	sproet.nu	1
akkord.net	akkord.net	1
cloud86.nl	bekkenfysio.nu	1
mailhub4u.com	MICROSOFT-CORP-MSN-AS-BLOCK	1
neostrada.nl	foodwise.nu	1
DIGITALOCEAN-ASN	energieagent.nu	1
CLOUDFLARENET	hekwerken.nu	1
Yelles AB	1liv.nu	1
Yelles AB	prylmagasinet.nu	1
CLOUDFLARENET	nordblom.nu	1
Signet B.V.	lovecare.nu	1
CLOUDFLARENET	psycholoogmaastricht.nu	1
Vivor B.V.	fcc.nu	1
atellus.se	MICROSOFT-CORP-MSN-AS-BLOCK	1
ACTIVE 24, s.r.o.	kvicksund.nu	1
name-server.jp	chiroro.nu	1
exonet.nl	streamen.nu	1
ACTIVE 24, s.r.o.	abscess.nu	1
first-ns.de	flexkontor.nu	1
CJ2 Hosting B.V.	ritzema.nu	1
dn-s.nl	griptraining.nu	1
da.direct	tilo.nu	1
Signet B.V.	digitalegeletterdheid.nu	1
cloud86.nl	allesstroomt.nu	1
CLOUDFLARENET	from.nu	1
ACTIVE 24, s.r.o.	fulsprit.nu	1
6i.nl	game-changers.nu	1
OVH SAS	smartemail.se	1
ACTIVE 24, s.r.o.	levalivet.nu	1
Snel.com B.V.	registeravacancy.nu	1
CLOUDFLARENET	aventor.nu	1
ACTIVE 24, s.r.o.	fawltytowers.nu	1
ijsselserver.nl	annamay.nu	1
nederland.live	euthanasie.nu	1
viviotech.net	resale.nu	1
Signet B.V.	synergism.nu	1
Signet B.V.	verzuimverzekering.nu	1
doorpointserver.nl	isocell.nu	1
CLOUDFLARENET	xn--folkhlsa-4za.nu	1
CLOUDFLARENET	weiss.nu	1
CLOUDFLARENET	viet.nu	1
AMAZON-02	ricardos.nu	1
LeaseWeb Netherlands B.V.	zorgbox.nu	1
LIQUIDWEB	oversigt.nu	1
DIGITALOCEAN-ASN	uniek.nu	1
DIGITALOCEAN-ASN	psychodrama.nu	1
Claranet Limited	MICROSOFT-CORP-MSN-AS-BLOCK	1
Signet B.V.	geniusdex.net	1
primens.net	bluewave.nu	1
g1ga.net	chefkok.nu	1
nmugroup.com	fxh42.net	1
boware.net	MICROSOFT-CORP-MSN-AS-BLOCK	1
ipcom GmbH	unitrade.nu	1
oderland.com	sparhotel.nu	1
vodien.com	hpschd.nu	1
chosting.dk	team360.nu	1
DIGITALOCEAN-ASN	brandwachtinhuren.nu	1
lionhead.nl	GOOGLE	1
Yelles AB	kattlycka.nu	1
webzoo.nu	0x63.nu	1
ettnet.se	GlobalConnect AB	1
Uniserver Internet B.V.	voordeliglatexspuiten.nu	1
sitbv.nl	sit.nu	1
Signet B.V.	doedetest.nu	1
Yelles AB	girlsonfilm.nu	1
CLDIN B.V.	dokman.nu	1
surver.nl	belastingaangifte.nu	1
AS-VULTR	rekar.nu	1
Yelles AB	minatankar.nu	1
exonet.nl	dctv.nu	1
Yelles AB	vsop.nu	1
Signet B.V.	rugschool.nu	1
gewoon-it.net	MICROSOFT-CORP-MSN-AS-BLOCK	1
DIGICERT	skilsmassa.nu	1
Bahnhof AB	enskederackethall.nu	1
loopia.se	elf98.com	1
team.blue Denmark A/S	3d-empire.nu	1
loopia.se	rekatochklart.nu	1
Serverius Holding B.V.	host4free.nu	1
divicloud.nl	retrain.nu	1
kussens.nu	ZOHO Corporation B.V	1
Signet B.V.	robbiekompleet.nu	1
axc.nl	klankhart.nu	1
Yelles AB	stenungsund.nu	1
neostrada.nl	zechnology.nu	1
Signet B.V.	agter.nu	1
Signet B.V.	straatwerken.nu	1
hostnet.nl	traprenovatie.nu	1
CLOUDFLARENET	hondennamen.nu	1
LIQUIDWEB	reuser.nu	1
nling.nu	84 Grams AB	1
loopia.se	role.nu	1
ACTIVE 24, s.r.o.	bokaeldshow.nu	1
Hagloef & Nordkvist Internet AB	idrottspris.nu	1
AMAZON-02	snoo.nu	1
Yelles AB	casino-bonuskoder.nu	1
ACTIVE 24, s.r.o.	sorlin.nu	1
Yelles AB	clarks.nu	1
cloudns.net	sancare.nu	1
ServeTheWorld AS	ringerike.nu	1
hostnet.nl	spouwmuur-isolatie.nu	1
ACTIVE 24, s.r.o.	poms.nu	1
Signet B.V.	van-laarhoven.nu	1
itsystem.se	MICROSOFT-CORP-MSN-AS-BLOCK	1
stortit.se	MICROSOFT-CORP-MSN-AS-BLOCK	1
ACTIVE 24, s.r.o.	isfriatak.nu	1
Yelles AB	homestylingbolaget.nu	1
NUCDN	cenio.nu	1
cloud86.nl	oskam.nu	1
Signet B.V.	watkanwel.nu	1
Yelles AB	lottoresultater.nu	1
Signet B.V.	pw12.nu	1
Signet B.V.	winnercorporatefinance.nu	1
Fundaments B.V.	fraterman.nu	1
MICROSOFT-CORP-MSN-AS-BLOCK	frontaal.nu	1
iclicks.nl	bakstenen.nu	1
hyp.net	service24.nu	1
ACTIVE 24, s.r.o.	gronwebb.nu	1
H4Hosting BV	taskshare.nu	1
loopia.se	koneo.se	1
Yelles AB	r1.nu	1
Bahnhof AB	fyratassar.nu	1
loopia.se	portmember.se	1
Signet B.V.	artemis.nu	1
triple.nl	glasmeteenglimlach.nu	1
ACTIVE 24, s.r.o.	smallaxe.nu	1
ACTIVE 24, s.r.o.	new-england.nu	1
CLOUDFLARENET	cacholong.nl	1
Signet B.V.	ortho-shoot.nu	1
Yelles AB	acc.nu	1
Signet B.V.	watersnijmachine.nu	1
GOOGLE	SECURITYSERVICES	1
DIGITALOCEAN-ASN	prodeco.nu	1
1018hosting.nl	babyoutlet.nu	1
hcdns.nl	vanhagen.nu	1
cloud86.nl	houtbouw.nu	1
CLOUDFLARENET	fazeli.nu	1
int2000.net	basso.nu	1
complea-hosting.dk	complet.nu	1
CLDIN B.V.	haella.nl	1
GleSYS AB	skotte.nu	1
ACTIVE 24, s.r.o.	mxsm.nu	1
CLOUDFLARENET	solutior.net	1
Signet B.V.	edger.nu	1
Yelles AB	campingar.nu	1
nocdirect.com	rey.nu	1
twai.site	Stichting DIGI NL	1
CLOUDFLARENET	intunesolutions.nl	1
CLOUDFLARENET	groothandelwillekes.nu	1
cream.nl	hairandbodybeauty.nu	1
Yelles AB	barnlek.nu	1
Yelles AB	mlhosting.nu	1
Signet B.V.	eenuur.nu	1
ipcom GmbH	atease.nu	1
vodien.com	ozi.nu	1
bluebirdmedia.nl	vitalityclub.nu	1
ACTIVE 24, s.r.o.	reinicke.nu	1
ACTIVE 24, s.r.o.	polarna.nu	1
ns14.net	activeisp.com	1
named.be	pi-group.net	1
Hetzner Online GmbH	charlie.nu	1
Signet B.V.	ondernemershypotheek.nu	1
Yelles AB	jonasberggren.nu	1
domenai.lt	oradomail.com	1
ACTIVE 24, s.r.o.	soundbyte.nu	1
cloud86.nl	danswinkel.nu	1
Signet B.V.	ntmy.nu	1
team.blue Denmark A/S	efact.dk	1
One.com A/S	fluitekruid.nu	1
CLOUDFLARENET	jax.nu	1
Netnod AB	mijnspamfilter.nl	1
Miss Hosting AB	shocs.nu	1
Hetzner Online GmbH	loppemarkeder.nu	1
Hetzner Online GmbH	integrate.nu	1
dnsexit.com	swnet.nu	1
ACTIVE 24, s.r.o.	dso.nu	1
loopia.se	trassel.nu	1
CLDIN B.V.	monnikenwerk.nu	1
Yelles AB	stylinghuset.nu	1
Signet B.V.	communist.nu	1
frissekom.nl	biobtx.nu	1
CLOUDFLARENET	fx-it.nu	1
CLOUDFLARENET	geweldlooscommuniceren.nu	1
Signet B.V.	planningpoker.nu	1
gcdn.services	sva.nu	1
Yelles AB	aldrigensam.nu	1
Uniserver Internet B.V.	pimentel.nu	1
Signet B.V.	spring.nl	1
DIGITALOCEAN-ASN	knijnenburg.nu	1
CLOUDFLARENET	ascendo.nu	1
Signet B.V.	novavita.nu	1
netsolidhosting.com	postdit.nu	1
LIQUIDWEB	fabio.nu	1
Yelles AB	xn--utlndskacasino-7hb.nu	1
CLOUDFLARENET	hoopla.nu	1
triple-interactive.com	blik.nu	1
team.blue Denmark A/S	livsforsikring.nu	1
CLOUDFLARENET	tillvaxtpartner.nu	1
Hetzner Online GmbH	defilmvanjeleven.nu	1
LIQUIDWEB	inovasi.nu	1
ACTIVE 24, s.r.o.	esmotor.nu	1
CLOUDFLARENET	poddtoppen.nu	1
ACTIVE 24, s.r.o.	koss.nu	1
Signet B.V.	winnerequitypartners.nu	1
2content.com	topfind.nu	1
Telia Company AB	mailbox.nu	1
Yelles AB	gambler.nu	1
ilait.se	frontbridge.com	1
ACTIVE 24, s.r.o.	xidus.nu	1
CLOUDFLARENET	ictglobal.nu	1
exsilia.net	borre.nu	1
ACTIVE 24, s.r.o.	zahiri.nu	1
nnithosting.com	nnithosting.com	1
dnssrv.nl	kerem.nu	1
MICROSOFT-CORP-MSN-AS-BLOCK	dropcatch.nu	1
studiosoes.nl	studiosoes.nl	1
Signet B.V.	develdacademie.nu	1
Yelles AB	metadata.nu	1
Hetzner Online GmbH	sme-it.nu	1
GleSYS AB	ringupp.nu	1
GleSYS AB	a24.nu	1
team.blue Denmark A/S	crowdeyes.nu	1
jsk-hosting.nl	lagemaat.nu	1
TrueFullstaq B.V.	superscript.nu	1
Yelles AB	prof.nu	1
Yelles AB	sparat.nu	1
area910.net	area910.net	1
Bahnhof AB	eskilstorp.nu	1
Hydra Communications Ltd	my.nu	1
cloud86.nl	annemiek.nu	1
ACTIVE 24, s.r.o.	gak.nu	1
CLOUDFLARENET	foeth.nu	1
ACTIVE 24, s.r.o.	helenaviktoria.com	1
ACTIVE 24, s.r.o.	injera.nu	1
DIGITALOCEAN-ASN	organs.nu	1
heinosoft.nl	betrapt.nu	1
ACTIVE 24, s.r.o.	cnuc.nu	1
hcdns.nl	galapagos.nu	1
ACTIVE 24, s.r.o.	flexiflow.nu	1
loopia.se	sebart.net	1
team.blue Denmark A/S	grandjean.nu	1
GleSYS AB	bryder.nu	1
Yelles AB	noll.nu	1
co.uk	4service.nu	1
hosting-dienst.com	astex.nu	1
designbase-server3.nl	voorjezelf.nu	1
neostrada.nl	avot.nu	1
ACTIVE 24, s.r.o.	billigamarkprodukter.nu	1
trweb.se	Diagonal Forlags AB	1
chi-takumi.jp	ogawa.nu	1
Signet B.V.	openjewereld.nu	1
Signet B.V.	coachly.nu	1
ACTIVE 24, s.r.o.	branting.nu	1
net.pl	janicka.nu	1
chosting.dk	race4fun.nu	1
MICROSOFT-CORP-MSN-AS-BLOCK	mandrillapp.com	1
da.direct	denzz.nu	1
CLOUDFLARENET	neotor.net	1
ACTIVE 24, s.r.o.	widens.nu	1
CLOUDFLARENET	homerent.nu	1
ACTIVE 24, s.r.o.	investab.nu	1
Signet B.V.	ims.nu	1
Yelles AB	atompig.nu	1
Miss Hosting AB	kullerbytta.nu	1
qsit.nl	laadpaalvergelijken.nu	1
HURRICANE	shel.nu	1
team.blue Denmark A/S	rejseliv.nu	1
dn-s.nl	dierenartspraktijk.nu	1
thednscompany.com	databook.nu	1
Miss Hosting AB	muzika.nu	1
DIGICERT	didrikssons.nu	1
ACTIVE 24, s.r.o.	aquademica.nu	1
CLOUDFLARENET	bakkerict.nu	1
shockmedia.nl	GOOGLE	1
dn-s.nl	huisvesting-arbeidsmigranten.nu	1
Yelles AB	stockholmtattoo.nu	1
shockmedia.nl	hesselink.nu	1
dn-s.nl	slotenmaken.nu	1
ACTIVE 24, s.r.o.	raffen.nu	1
Signet B.V.	linkorb.com	1
AUTOMATTIC	robur.nu	1
Hetzner Online GmbH	maks.nu	1
Yelles AB	daghoroscoop.nu	1
ovardian.com	mensinga.it	1
Telia Company AB	lan365.se	1
SERVERSTACK-ASN	xnxx.nu	1
ACTIVE 24, s.r.o.	southsun.nu	1
Signet B.V.	accountancyvacature.nu	1
ACTIVE 24, s.r.o.	kristinelund.nu	1
UKDedicated LTD	borskurser.nu	1
pulsen.se	MICROSOFT-CORP-MSN-AS-BLOCK	1
Miss Hosting AB	arkitektstockholm.nu	1
pin.se	Nordisk Media Utveckling AB	1
ACTIVE 24, s.r.o.	stoplockdown.nu	1
whixx.com	underwearman.nu	1
OVH SAS	wilkehavinga.nl	1
ipcom GmbH	onlinefotoservice.nu	1
introdns.hu	postinor.nu	1
CLDIN B.V.	huighaverlag.nl	1
xunadns.net	vandereijk.nu	1
Yelles AB	say.nu	1
CLOUDFLARENET	scubay.nu	1
ACTIVE 24, s.r.o.	powderbrows.nu	1
one.com	centiumsecurity.dk	1
Signet B.V.	daytime.nu	1
cloud86.nl	figo.nu	1
je-eigen-domein.nl	bakkiedoen.nu	1
One.com A/S	finsalus.nu	1
ACTIVE 24, s.r.o.	webbiz.nu	1
One.com A/S	udecide.nu	1
hestbaek.nu	CLOUDFLARENET	1
Signet B.V.	muurdecoratie.nu	1
Signet B.V.	netline.nu	1
Yelles AB	konkral.nu	1
ACTIVE 24, s.r.o.	schelin.nu	1
Signet B.V.	dwe.nu	1
DIGITALOCEAN-ASN	eerlijkekinderkleding.nu	1
cloud86.nl	handelen.nu	1
VITAL-DNS	deimos.nu	1
Yelles AB	hejfaktura.nu	1
Yelles AB	nore.nu	1
hostnet.nl	fpmsolutions.nu	1
Signet B.V.	qrabbel.nu	1
ACTIVE 24, s.r.o.	minvitamin.nu	1
Uniserver Internet B.V.	bijzijn.nu	1
DIGITALOCEAN-ASN	lammers.nu	1
centos.directadmin	plakletters.nu	1
raffel.net	bizzflex.nu	1
dhs10.nl	artista.nu	1
triple.nl	zgan.nu	1
neostrada.nl	icube.nu	1
Signet B.V.	getmeconnected.nu	1
one.com	plop.nu	1
The Internet Engineering Group B.V.	market-endeavour.nu	1
exonet.nl	diels.nu	1
Signet B.V.	surprise.nu	1
ACTIVE 24, s.r.o.	finnmark.nu	1
dn-s.nl	autoverleden.nu	1
hostgator.com	imaginary.nu	1
One.com A/S	duitseherder.nu	1
The Internet Engineering Group B.V.	nationale-recherche.nu	1
my-hosting-panel.com	tiny.nu	1
tarendo.nu	tarendo.nu	1
ACTIVE 24, s.r.o.	korkortintensiv.nu	1
Signet B.V.	dakdekker-haarlem.nu	1
ACTIVE 24, s.r.o.	rehbinder.nu	1
AMAZON-02	yie.nu	1
mijndnsserver.nl	ledenadministratie.nu	1
GleSYS AB	ostberg.nu	1
ACTIVE 24, s.r.o.	iha.nu	1
Yelles AB	liv1.nu	1
Intention B.V.	ikwilaandacht.nu	1
ACTIVE 24, s.r.o.	akero.nu	1
ACTIVE 24, s.r.o.	peppesbodega.nu	1
NUCDN	alpinestars.nu	1
ACTIVE 24, s.r.o.	ake-sundvall.nu	1
loopia.se	kallin.nu	1
CLOUDFLARENET	idefender.nl	1
sdns0.nl	fallbackmx.eu	1
Signet B.V.	opeen.nu	1
jester.nu	jester.nu	1
CLOUDFLARENET	xn--fretagskollektivet-d3b.nu	1
manware.nl	caking.nu	1
Signet B.V.	foxmetalworks.nu	1
ipcom GmbH	bugga.nu	1
CLOUDFLARENET	jcab.nu	1
imake.se	ayianapa.nu	1
Signet B.V.	fd.nu	1
ACTIVE 24, s.r.o.	ottos.nu	1
Signet B.V.	scio.nu	1
Hetzner Online GmbH	finnlund.nu	1
gakijken.net	o-p-a.nu	1
Yelles AB	datasmeden.se	1
ACTIVE 24, s.r.o.	bossanova.nu	1
CLOUDFLARENET	utf.nu	1
cloud86.nl	thai-massage.nu	1
ACTIVE 24, s.r.o.	epg.nu	1
ACTIVE 24, s.r.o.	alkoholpolitik.nu	1
CLOUDFLARENET	mellins.nu	1
Yelles AB	molntjanst.nu	1
i8t.com	kollafilm.nu	1
Yelles AB	turbo.nu	1
Signet B.V.	boeiend.nu	1
auto-dns.com	Signet B.V.	1
axc.nl	tshirtme.nu	1
Yelles AB	shof.nu	1
ACTIVE 24, s.r.o.	svartjobb.nu	1
Signet B.V.	hetwareverhaal.nu	1
optitrade.nu	optitrade.nu	1
loopia.se	angeldreams.nu	1
ACTIVE 24, s.r.o.	specter.nu	1
Miss Hosting AB	vapeliquid.nu	1
ACTIVE 24, s.r.o.	kanerva.nu	1
volvo.com	volvo.se	1
hyp.net	jesus.nu	1
Eurofiber Cloud Infra B.V.	kunt-u.nu	1
GOOGLE	dezeester.nu	1
Signet B.V.	impactnl.nu	1
dn-s.nl	peulen.nu	1
Signet B.V.	stroeken.nu	1
lesjoforsab.com	dimension.nu	1
Signet B.V.	hillhout.nu	1
ACTIVE 24, s.r.o.	bramhultsscout.nu	1
Signet B.V.	embrace.nu	1
LIQUIDWEB	kwmag.nu	1
webhost.company	houmevast.nu	1
Signet B.V.	matchingme.nu	1
Telia Company AB	flatas.nu	1
ACTIVE 24, s.r.o.	emilshus.nu	1
Yelles AB	ledbutiken.nu	1
Yelles AB	nba.nu	1
ACTIVE 24, s.r.o.	berliner.nu	1
pswebdesign.nl	opstap.nu	1
ACTIVE 24, s.r.o.	co-made.nu	1
Signet B.V.	psupport.nu	1
dlogicns.nl	GOOGLE	1
mijndnsserver.nl	businesscourses.nu	1
thednscompany.com	doorpakkers.nu	1
Signet B.V.	xchange.nu	1
local-hosting.nl	MICROSOFT-CORP-MSN-AS-BLOCK	1
Signet B.V.	arbeidsconflict.nu	1
CLOUDFLARENET	auto-abo.nu	1
alingsas.se	alingsas.se	1
Hetzner Online GmbH	boekhouders.nu	1
CLOUDFLARENET	hostup.se	1
bytepark.eu	bytepark.net	1
CLOUDFLARENET	showen.nu	1
DIGITALOCEAN-ASN	mijnmedia.nu	1
GleSYS AB	diversum.nu	1
ACTIVE 24, s.r.o.	markbyggen.nu	1
DIGITALOCEAN-ASN	verocoaching.nu	1
LIQUIDWEB	ask.nu	1
LIQUIDWEB	droplist.nu	1
SECURITYSERVICES	enskilda.net	1
Yelles AB	bring2u.nu	1
NetActuate, Inc	SECURITYSERVICES	1
ACTIVE 24, s.r.o.	kilman.nu	1
LIQUIDWEB	Telia Company AB	1
axc.nl	Vianova S.p.A	1
CLDIN B.V.	nijntje.nu	1
ipcom GmbH	Wix.com Ltd.	1
ACTIVE 24, s.r.o.	farmcare.nu	1
Signet B.V.	onlinemedium.nu	1
Stichting DIGI NL	flobro.nu	1
mijndnsserver.nl	vaillant-cvketel.nu	1
Signet B.V.	staffingdesk.nu	1
Netnod AB	ITCONNECT Scandinavia AB	1
BIT BV	nvu.nu	1
Signet B.V.	buddy.nu	1
qsit.nl	qsit.nl	1
loopia.se	futurama.nu	1
nederhost.nl	MICROSOFT-CORP-MSN-AS-BLOCK	1
Signet B.V.	marketplaces.nu	1
olzzon.com	bloggo.nu	1
factsoft.de	factsoft.nu	1
ne.jp	hirabayashi.nu	1
Signet B.V.	kopexpo.nu	1
alfaservers.com	bracke.nu	1
Signet B.V.	strongmen.nu	1
CLOUDFLARENET	binnenhuisarchitect.nu	1
krabo.nl	goedemoed.nu	1
Fundaments B.V.	BIT BV	1
Signet B.V.	mediumchat.nu	1
CLOUDFLARENET	ryati.nu	1
Signet B.V.	vruchtwater.nu	1
essnshosting.nl	schie.nu	1
LEASEWEB-USA-SFO	87.1	1
CLOUDFLARENET	hetwapenvanmedemblik.nu	1
6i.nl	pokeshop.nu	1
one.com	kasserver.com	1
thednscompany.com	yourfilter.nl	1
ispnoc.eu	me4u.nu	1
GleSYS AB	okboomer.nu	1
loopia.se	kewi.nu	1
Cygrids Communications AB	pumpservice.nu	1
CLOUDFLARENET	biednu.nu	1
DIGITALOCEAN-ASN	biggerpicture.nu	1
MICROSOFT-CORP-MSN-AS-BLOCK	rusta.nu	1
Yelles AB	rentav.nu	1
Signet B.V.	marnan.nu	1
DIGITALOCEAN-ASN	mik.nl	1
mijndnsserver.nl	kleinecafeaandehaven.nu	1
Signet B.V.	mozaiekreizen.nu	1
DIGITALOCEAN-ASN	parralel.nu	1
Signet B.V.	leraarvanbuiten.nu	1
dotserv.com	sundhedsportalen.nu	1
ACTIVE 24, s.r.o.	sete.nu	1
Signet B.V.	buurtenergie.nu	1
vz1809.nl	CLDIN B.V.	1
GleSYS AB	asplund.nu	1
Signet B.V.	eccomi.nu	1
pleskserver12.nl	MICROSOFT-CORP-MSN-AS-BLOCK	1
Yelles AB	kvart.nu	1
Yelles AB	jug.nu	1
Yelles AB	xn--drmmetydning-wjb.nu	1
netpower.no	MICROSOFT-CORP-MSN-AS-BLOCK	1
mijndnsserver.nl	123paint.nu	1
hostin.cc	enrichment.nu	1
mijndnsserver.nl	lifetimemediums.nu	1
middelkoop.cc	middelkoop.cc	1
ACTIVE 24, s.r.o.	korkortshalsan.nu	1
Yelles AB	pils.nu	1
Yelles AB	veranderwijs.nu	1
OVH SAS	pimiento.nu	1
ipcom GmbH	trekia.se	1
Signet B.V.	rewilding.nu	1
CLOUDFLARENET	braendeovn.nu	1
GleSYS AB	ooak.nu	1
speedydns.net	studiocaroline.nu	1
ACTIVE 24, s.r.o.	gryt.nu	1
The Internet Engineering Group B.V.	idb.nu	1
