studio4web.com	Plus Hosting Grupa d.o.o. (AS12417)	1256
OVH SAS	cyber_Folks d.o.o (AS201563)	3092
mojsite.com	Plus Hosting Grupa d.o.o. (AS12417)	4823
POSLuH d.o.o, za informaticke usluge i trgovinu	POSLuH d.o.o, za informaticke usluge i trgovinu (AS25277)	611
agenturserver.co	Mittwald CM Service GmbH & Co. KG (AS15817)	5
CLOUDFLARENET	CLOUDFLARENET (AS13335)	3899
123ns.de	DIGITALOCEAN-ASN (AS14061)	4
CLOUDFLARENET	AMAZON-02 (AS16509)	328
a1.net	Telekom Austria (AS8447)	13
LIQUIDNETLTD1	LIQUIDNETLTD1 (AS14555)	9
totohost.com	Hetzner Online GmbH (AS24940)	1571
OVH SAS	OMONIA d.o.o. (AS44306)	1
GOOGLE	Plus Hosting Grupa d.o.o. (AS12417)	21
cloud.hr	cyber_Folks d.o.o (AS201563)	70
Telemach Hrvatska d.o.o.	CLOUDFLARENET (AS13335)	3
Sedmi Odjel d.o.o.	Sedmi Odjel d.o.o. (AS198785)	115
site4now.net	SHARKTECH (AS46844)	24
SETCOR d.o.o.	SETCOR d.o.o. (AS61211)	3018
MICROSOFT-CORP-MSN-AS-BLOCK	OVH SAS (AS16276)	6
CLOUDFLARENET	cyber_Folks d.o.o (AS201563)	26
NSONE	AMAZON-02 (AS16509)	288
AMAZON-02	Team Internet AG (AS61969)	85
orbis.hr	Hrvatski Telekom d.d. (AS5391)	473
serverwebstudio.com	Globalhost d.o.o. (AS200698)	2
SECURITYSERVICES	CSC (AS19574)	336
Hetzner Online GmbH	Hetzner Online GmbH (AS24940)	2758
Telemach Hrvatska d.o.o.	Telemach Hrvatska d.o.o. (AS34594)	488
CLOUDFLARENET	Telekom Slovenije, d.d. (AS5603)	4
CLOUDFLARENET	GOOGLE-CLOUD-PLATFORM (AS396982)	129
cloudns.net	A2HOSTING (AS55293)	1
hitrost.net	Hitrost.com Internet Storitve d.o.o. (AS59834)	25
MICROSOFT-CORP-MSN-AS-BLOCK	Nazwa.pl Sp.z.o.o. (AS15967)	1
kuhada.net	Hetzner Online GmbH (AS24940)	940
ns14.net	AMAZON-02 (AS16509)	5
crohost.net	Plus Hosting Grupa d.o.o. (AS12417)	961
Hrvatski Telekom d.d.	CLOUDFLARENET (AS13335)	45
escape.hr	Plus Hosting Grupa d.o.o. (AS12417)	82
infoitdns.com	Plus Hosting Grupa d.o.o. (AS12417)	1614
xhosting.biz	Hetzner Online GmbH (AS24940)	268
Hrvatski Telekom d.d.	Hrvatski Telekom d.d. (AS13046)	1024
mojsite.com	Hostinger International Limited (AS47583)	5
mplustech.eu	Cloudflare London, LLC (AS209242)	1
Akamai International B.V.	Akamai International B.V. (AS20940)	36
controlpanel.si	Webtasy, d.o.o. (AS43128)	117
CLOUDFLARENET	INCAPSULA (AS19551)	120
MICROSOFT-CORP-MSN-AS-BLOCK	A1 Hrvatska d.o.o. (AS12810)	9
AMAZON-02	GOOGLE (AS15169)	405
studio4web.com	Mittwald CM Service GmbH & Co. KG (AS15817)	1
NUCDN	Team Internet AG (AS61969)	116
ACTIVE 24, s.r.o.	VSHosting s.r.o. (AS43541)	6
otvorena.com	Plus Hosting Grupa d.o.o. (AS12417)	83
netim.net	Eurofiber France SAS (AS24935)	162
awsdns-01.net	AMAZON-AES (AS14618)	1
OVH SAS	SIEL, d.o.o. (AS51790)	1
CLOUDFLARENET	UNIFIEDLAYER-AS-1 (AS46606)	106
podrska.hr	Contabo GmbH (AS51167)	39
revoloop.agency	Hetzner Online GmbH (AS24940)	3
freedns.si	T-2, d.o.o. (AS34779)	6
co.uk	AMAZON-02 (AS16509)	32
hostingcentar.com	Hetzner Online GmbH (AS24940)	224
GANDI SAS	GANDI SAS (AS29169)	172
INTERNET CZ, a.s.	Contabo GmbH (AS51167)	1
IONOS SE	DIGITALOCEAN-ASN (AS14061)	2
CRATIS d.o.o.	CRATIS d.o.o. (AS61094)	86
CROCWEB	CROCWEB (AS63068)	41
CLOUDFLARENET	SETCOR d.o.o. (AS61211)	55
GOOGLE	Wix.com Ltd. (AS58182)	501
CLOUDFLARENET	Contabo GmbH (AS51167)	72
hopechannel.hr	CRATIS d.o.o. (AS61094)	1
Hrvatski Telekom d.d.	AMAZON-02 (AS16509)	23
noc.hr	Hrvatski Telekom d.d. (AS13046)	2
DIGITALOCEAN-ASN	Contabo GmbH (AS51167)	25
LeaseWeb Netherlands B.V.	LeaseWeb Netherlands B.V. (AS60781)	99
crohost.net	AMAZON-02 (AS16509)	5
cloudns.net	OMONIA d.o.o. (AS44306)	20
awardspace.com	Zetta Hosting Solutions LLC. (AS44476)	13
CLOUDFLARENET	Hostinger International Limited (AS47583)	825
CLOUDFLARENET	GOOGLE (AS15169)	34
abacusstudio-server.com	Hetzner Online GmbH (AS24940)	3
AMAZON-02	CRATIS d.o.o. (AS61094)	3
IONOS SE	united-domains GmbH (AS202108)	141
stabletransit.com	LIQUIDWEB (AS53824)	2
DIGICERT	DIGITALOCEAN-ASN (AS14061)	16
dotroll.com	Servergarden Kft. (AS47381)	21
awsdns-00.org	AMAZON-AES (AS14618)	1
NUCDN	Plus Hosting Grupa d.o.o. (AS12417)	2
burza.hr	Plus Hosting Grupa d.o.o. (AS12417)	29
OVH SAS	OVH SAS (AS16276)	404
AMAZON-02	WHG Hosting Services Ltd (AS209341)	96
AMAZON-02	AMAZON-02 (AS16509)	158
Erste&Steiermarkische Bank d.d.	Erste&Steiermarkische Bank d.d. (AS21323)	2
cloudns.net	GITHUB (AS36459)	1
managed-ip.com	OVH SAS (AS16276)	17
mojsite.com	Akamai Connected Cloud (AS63949)	15
CLOUDFLARENET	Hetzner Online GmbH (AS24940)	429
ACTIVE 24, s.r.o.	Hetzner Online GmbH (AS24940)	3
domainers.de	Key-Systems GmbH (AS13246)	9
KnownSRV Ltd.	KnownSRV Ltd. (AS200514)	24
MICROSOFT-CORP-MSN-AS-BLOCK	Plus Hosting Grupa d.o.o. (AS12417)	62
gransy.com	CASABLANCA INT a.s. (AS15685)	72
lemarit.de	AS-VULTR (AS20473)	32
serveriai.lt	UAB Interneto vizija (AS212531)	22
hostnet.nl	One.com A/S (AS51468)	28
fedsrv.com	Hetzner Online GmbH (AS24940)	15
DATABOX d.o.o.	DATABOX d.o.o. (AS206575)	41
linode.com	Akamai Connected Cloud (AS63949)	56
dimedia.hr	CRATIS d.o.o. (AS61094)	53
contabo.net	Contabo GmbH (AS51167)	208
terrakom.hr	Terrakom d.o.o. (AS34362)	178
awsdns-16.com	AMAZON-02 (AS16509)	1
123ns.de	Core-Backbone GmbH (AS201011)	1
internex.at	interneX GmbH (AS44453)	7
gespa.agency	NAMECHEAP-NET (AS22612)	3
IONOS SE	IONOS SE (AS8560)	35
olmiusluge.info	PRIVATESYSTEMS (AS63410)	1
A1 Hrvatska d.o.o.	FASTLY (AS54113)	1
AMAZON-02	A2HOSTING (AS55293)	114
domeny.tv	Dataspace P.s.a. (AS50599)	47
SETCOR d.o.o.	GOOGLE-CLOUD-PLATFORM (AS396982)	6
Netops B.v.	Netops B.v. (AS201789)	5
xtra-nice.de	velia.net Internetdienste GmbH (AS29066)	7
orbis.hr	Hetzner Online GmbH (AS24940)	553
PONYNET	Wildcard UK Limited (AS34119)	21
supremedns.com	LIQUIDNETLTD1 (AS14555)	13
one.com	One.com A/S (AS51468)	3
omonia.net	OMONIA d.o.o. (AS44306)	17
najbolji-hosting.info	KnownSRV Ltd. (AS200514)	2
mojsite.com	CLOUDFLARENET (AS13335)	50
afraid.org	FASTLY (AS54113)	1
dnsimple.com	ML-1432-54994 (AS54994)	5
iquer.net	iquer.net GmbH & Co KG (AS201955)	2
Leaseweb Deutschland GmbH	Leaseweb Deutschland GmbH (AS28753)	11
hostgator.com	NETWORK-SOLUTIONS-HOSTING (AS19871)	33
terrakom.hr	Hetzner Online GmbH (AS24940)	19
Hrvatski Telekom d.d.	Hetzner Online GmbH (AS24940)	45
Host Europe GmbH	Host Europe GmbH (AS21499)	52
inmotionhosting.com	INMOTION (AS22611)	27
NUCDN	Equinix (EMEA) Acquisition Enterprises B.V. (AS15830)	2
M-net Telekommunikations GmbH	Dokumenta AG (AS24657)	7
hostnet.nl	DIGITALOCEAN-ASN (AS14061)	2
whukns.com	Iomart Cloud Services Limited (AS20860)	1
SecurityNet.cz s.r.o.	SecurityNet.cz s.r.o. (AS42422)	2
cloudns.net	NForce Entertainment B.V. (AS43350)	20
NETWORK-SOLUTIONS-HOSTING	NETWORK-SOLUTIONS-HOSTING (AS19871)	52
Hetzner Online GmbH	GOOGLE-CLOUD-PLATFORM (AS396982)	9
InterNetX GmbH	InterNetX GmbH (AS15456)	72
cloudns.net	Hetzner Online GmbH (AS24940)	24
ipcom GmbH	AMAZON-02 (AS16509)	94
Hrvatski Telekom d.d.	Hrvatski Telekom d.d. (AS5391)	73
awsdns-15.net	AMAZON-AES (AS14618)	1
Serbia BroadBand-Srpske Kablovske mreze d.o.o.	Serbia BroadBand-Srpske Kablovske mreze d.o.o. (AS31042)	8
CLOUDFLARENET	Telemach Hrvatska d.o.o. (AS34594)	13
incito.hr	Hetzner Online GmbH (AS24940)	113
CLOUDFLARENET	Webtasy, d.o.o. (AS43128)	8
awsdns-08.net	AMAZON-02 (AS16509)	1
oblacno.net	CRATIS d.o.o. (AS61094)	218
NetActuate, Inc	AUTOMATTIC (AS2635)	1
ORACLE-BMC-31898	Hrvatski Telekom d.d. (AS5391)	2
Optimus IT d.o.o.	CLOUDFLARENET (AS13335)	30
Akamai Connected Cloud	Akamai Connected Cloud (AS63949)	59
GOOGLE	Hetzner Online GmbH (AS24940)	59
getim-01.com	Hetzner Online GmbH (AS24940)	38
lovora.com	CRATIS d.o.o. (AS61094)	19
igh.hr	Hetzner Online GmbH (AS24940)	1
A1 Hrvatska d.o.o.	A1 Hrvatska d.o.o. (AS12810)	112
Optimus IT d.o.o.	Optimus IT d.o.o. (AS48894)	177
Akton d.o.o.	Akton d.o.o. (AS25467)	58
ns01.nl	Intention B.V. (AS207647)	2
Hetzner Online GmbH	Hostinger International Limited (AS47583)	2
markmonitor.zone	AMAZON-02 (AS16509)	12
mojsite.com	Webtasy, d.o.o. (AS43128)	10
AMAZON-02	GOOGLE-CLOUD-PLATFORM (AS396982)	92
unifiedpost.com	GOOGLE-CLOUD-PLATFORM (AS396982)	1
com.hr	OVH SAS (AS16276)	65
AUTOMATTIC	AUTOMATTIC (AS2635)	64
sistemas.hr	Hetzner Online GmbH (AS24940)	5
Netnod AB	Akamai Connected Cloud (AS63949)	1
MICROSOFT-CORP-MSN-AS-BLOCK	MICROSOFT-CORP-MSN-AS-BLOCK (AS8075)	103
vit-consulting.it	Telemanapoli S.r.l. (AS208337)	1
Optimus IT d.o.o.	Cloudflare London, LLC (AS209242)	1
NUCDN	Hetzner Online GmbH (AS24940)	11
67.218	Contabo GmbH (AS51167)	1
AMAZON-02	CLOUDFLARENET (AS13335)	30
freedns.hr	Plus Hosting Grupa d.o.o. (AS12417)	4
MICROSOFT-CORP-MSN-AS-BLOCK	Telemach Hrvatska d.o.o. (AS34594)	70
netim.net	UNREAL-SERVERS (AS64236)	3
it-usluge.com	Plus Hosting Grupa d.o.o. (AS12417)	3
smarthost.pl	Smarthost sp. z o.o. (AS39566)	39
register.it	Register S.p.A. (AS39729)	87
cloudns.net	velia.net Internetdienste GmbH (AS29066)	17
awsdns-03.net	AMAZON-02 (AS16509)	5
proaxis.eu	CRATIS d.o.o. (AS61094)	9
AMAZON-02	SINGLEHOP-LLC (AS32475)	35
Akamai International B.V.	CSC (AS19574)	2
Tarhely.Eu Szolgaltato Kft.	AMAZON-02 (AS16509)	1
A2HOSTING	A2HOSTING (AS55293)	19
hostorion.net	WIIT AG (AS24961)	25
hostgator.com	UNIFIEDLAYER-AS-1 (AS46606)	43
SETCOR d.o.o.	GOOGLE (AS15169)	3
waaf.net	Gaertner Datensysteme GmbH & Co. KG (AS24956)	2
idecor.vip	NAMECHEAP-NET (AS22612)	3
kuhada.net	AMAZON-02 (AS16509)	8
Safenames Ltd.	Safenames Ltd. (AS60819)	50
hostns.io	Enix Ltd (AS52148)	21
ipcom GmbH	GleSYS AB (AS42708)	10
registrar-servers.com	GOOGLE (AS15169)	3
MICROSOFT-CORP-MSN-AS-BLOCK	Hetzner Online GmbH (AS24940)	58
iti.hr	MICROSOFT-CORP-MSN-AS-BLOCK (AS8075)	3
A1 Hrvatska d.o.o.	CRATIS d.o.o. (AS61094)	14
awsdns-03.com	AMAZON-02 (AS16509)	3
world4you.at	World4You Internet Services GmbH (AS38955)	71
awsdns-26.net	AMAZON-02 (AS16509)	2
neostrada.nl	Hetzner Online GmbH (AS24940)	1
CLOUDFLARENET	Cloudflare London, LLC (AS209242)	49
markmonitor.com	AMAZON-02 (AS16509)	162
proweb.hr	Plus Hosting Grupa d.o.o. (AS12417)	2
zonomi.com	Hetzner Online GmbH (AS24940)	28
OVH SAS	CLOUDFLARENET (AS13335)	25
CLOUDFLARENET	DIGITALOCEAN-ASN (AS14061)	255
jaderahosting.com	LeaseWeb Netherlands B.V. (AS60781)	43
strkahosting.com	A2HOSTING (AS55293)	3
Hitrost.com Internet Storitve d.o.o.	Hitrost.com Internet Storitve d.o.o. (AS59834)	15
GOOGLE-CLOUD-PLATFORM	GOOGLE-CLOUD-PLATFORM (AS396982)	69
LIQUIDWEB	cyber_Folks d.o.o (AS201563)	2
supremedns.com	UK Dedicated Servers Limited (AS42831)	1
SINGLEHOP-LLC	SINGLEHOP-LLC (AS32475)	25
kosinushosting.eu	Wix.com Ltd. (AS58182)	1
nlnet.rs	Netlogic doo (AS57595)	1
A1 Hrvatska d.o.o.	A1 Hrvatska d.o.o. (AS35549)	46
perf1.com	Nameshield SAS (AS20756)	31
registrar-servers.com	OMONIA d.o.o. (AS44306)	7
hcoop.net	OMONIA d.o.o. (AS44306)	4
rackspace.com	Plus Hosting Grupa d.o.o. (AS12417)	19
netim.net	AMAZON-02 (AS16509)	6
mojsite.com	Scaleway S.a.s. (AS12876)	4
AMAZON-02	OVH SAS (AS16276)	55
ZONER a.s.	SH.cz s.r.o. (AS39392)	2
CLOUDFLARENET	A2HOSTING (AS55293)	17
Hrvatski Telekom d.d.	Cloudflare London, LLC (AS209242)	3
virtualhosts.de	Bradler & Krantz GmbH & Co. KG (AS29141)	1
infoitdns.com	Hetzner Online GmbH (AS24940)	12
SETCOR d.o.o.	AMAZON-02 (AS16509)	17
register.it	AMAZON-02 (AS16509)	14
bosch.de	MICROSOFT-CORP-MSN-AS-BLOCK (AS8075)	16
ACTIVE 24, s.r.o.	WebSupport s.r.o. (AS51013)	115
CLOUDFLARENET	T-2, d.o.o. (AS34779)	2
mojsite.com	MICROSOFT-CORP-MSN-AS-BLOCK (AS8075)	8
master.cz	MasterDC s.r.o. (AS24971)	4
krones-group.com	PlusServer GmbH (AS61157)	1
Nazwa.pl Sp.z.o.o.	Nazwa.pl Sp.z.o.o. (AS15967)	16
mefst.hr	CRATIS d.o.o. (AS61094)	1
mikrobit.hr	Plus Hosting Grupa d.o.o. (AS12417)	1
managed-ip.com	InterNetX GmbH (AS15456)	15
NUCDN	Datacenter Luxembourg S.A. (AS24611)	150
MICROSOFT-CORP-MSN-AS-BLOCK	cyber_Folks d.o.o (AS201563)	27
registrar-servers.com	NAMECHEAP-NET (AS22612)	33
webglobe.cz	CLOUDFLARENET (AS13335)	4
asperience.nl	BIT BV (AS12859)	1
mmghub.com	4Tel Telekomunikacije d.o.o. (AS203964)	10
inhostedns.com	Hetzner Online GmbH (AS24940)	1
mithrilnetwork.com	OVH SAS (AS16276)	18
O TELEKOMUNIKACIJE d.o.o.	O TELEKOMUNIKACIJE d.o.o. (AS199565)	10
domainoffensive.de	Hetzner Online GmbH (AS24940)	5
OVH SAS	SQUARESPACE (AS53831)	10
socgen.com	COLT Technology Services Group Limited (AS8220)	1
webglobe.cz	Webglobe, s.r.o. (AS29134)	62
ipcom GmbH	Orange (AS3215)	2
dnsbackup.net	SWAN, a.s. (AS5578)	1
net.pl	Cyber_Folks S.A. (AS41079)	1
mojsite.com	Toyota Material Handling Europe AB (AS41243)	1
gransy.com	OVH SAS (AS16276)	2
Hrvatski Telekom d.d.	Croatian Academic and Research Network (AS2108)	1
CLOUDFLARENET	GITHUB (AS36459)	2
KRKA, d.d.Novo mesto	KRKA, d.d.Novo mesto (AS29015)	12
systemcom.hr	Akton d.o.o. (AS25467)	1
lab2000.hr	4Tel Telekomunikacije d.o.o. (AS203964)	1
race.plus	Netops B.v. (AS201789)	1
volvo.com	Volvo Information Technology AB (AS25252)	4
h3s.org	A1 Hrvatska d.o.o. (AS29485)	4
webanje.com	OVH SAS (AS16276)	4
SIEL, d.o.o.	SIEL, d.o.o. (AS51790)	14
CLOUDFLARENET	velia.net Internetdienste GmbH (AS29066)	10
Hrvatski Telekom d.d.	SITS Deutschland GmbH (AS24861)	1
MICROSOFT-CORP-MSN-AS-BLOCK	Servergarden Kft. (AS47381)	1
zcom.it	Limitis s.r.l. (AS50178)	1
SECURITYSERVICES	NAMECHEAP-NET (AS22612)	100
pnvnet.si	SOFTNET d.o.o. (AS9119)	4
DIGICERT	DIGICERT (AS16552)	23
A1 Hrvatska d.o.o.	cyber_Folks d.o.o (AS201563)	4
freedns.si	Stelkom d.o.o. (AS43061)	1
sistemas.hr	KnownSRV Ltd. (AS200514)	2
Aruba S.p.A.	Aruba S.p.A. (AS31034)	14
bravehost.com	COGENT-174 (AS174)	1
Hosterion Srl	Hosterion Srl (AS43927)	34
ipcom GmbH	INTAC Services GmbH (AS44076)	19
checkdomain.de	Hetzner Online GmbH (AS24940)	8
IPT d.o.o.	IPT d.o.o. (AS42679)	6
namemaster.de	SpeedPartner GmbH (AS34225)	1
domainoo.fr	Planet Service SARL (AS61168)	4
BIZLAND-SD	BIZLAND-SD (AS29873)	15
OVH SAS	AMAZON-02 (AS16509)	34
mojsite.com	Host Europe GmbH (AS21499)	1
checkdomain.de	Xirra GmbH (AS51191)	6
CLOUDFLARENET	Host Europe GmbH (AS21499)	5
mojaakcija.com	cyber_Folks d.o.o (AS201563)	3
ns53.be	Destiny N.V (AS28707)	3
blueboard.cz	CASABLANCA INT a.s. (AS15685)	6
nivas.hr	High5! B.V. (AS60131)	7
mojsite.com	SQUARESPACE (AS53831)	16
CLOUDFLARENET	AUTOMATTIC (AS2635)	4
POSLuH d.o.o, za informaticke usluge i trgovinu	Hetzner Online GmbH (AS24940)	2
ACTIVE 24, s.r.o.	Shoptet, a.s. (AS198627)	7
CLOUDFLARENET	WEEBLY (AS27647)	5
e-net-b.net	CBlue SPRL (AS197690)	4
trivenet.it	Sparkinit S.r.l. (AS39825)	1
A1 Hrvatska d.o.o.	OVH SAS (AS16276)	1
fsb.hr	Croatian Academic and Research Network (AS2108)	2
fakat.net	Hetzner Online GmbH (AS24940)	24
Blink d.o.o.	Hetzner Online GmbH (AS24940)	3
CLOUDFLARENET	Greendata s.r.o. (AS57707)	1
controlpanel.si	FASTLY (AS54113)	1
hostuj.to	VSHosting s.r.o. (AS43541)	1
savana.cz	Webglobe, s.r.o. (AS29134)	6
PONYNET	WEBHOSTINGHOLDINGS (AS965)	7
GOOGLE	GOOGLE-2 (AS19527)	2
CLOUDFLARENET	Tilda Publishing Ltd. (AS205282)	18
Financijska agencija	Hetzner Online GmbH (AS24940)	2
OVH SAS	A1 Hrvatska d.o.o. (AS35549)	12
Hrvatski Telekom d.d.	Scaleway S.a.s. (AS12876)	28
Hostpoint AG	hosttech GmbH (AS207143)	1
edomek.com	DIMENOC (AS33182)	2
Contabo GmbH	Contabo GmbH (AS51167)	88
VNET a.s.	VNET a.s. (AS29405)	38
CLOUDFLARENET	DREAMHOST-AS (AS26347)	115
meganethr.com	Porsche Informatik Gesellschaft m.b.H (AS29085)	3
ns14.net	23M GmbH (AS47447)	3
Host Europe GmbH	Host Europe GmbH (AS8972)	12
bptech.pl	PONYNET (AS53667)	1
hostorion.net	velia.net Internetdienste GmbH (AS29066)	18
triskel.it	Triskel srl (AS29270)	1
GOOGLE	PRO PLUS, d.o.o. (AS44615)	2
Host Europe GmbH	AMAZON-02 (AS16509)	47
franz-net.hr	FRANZ NET d.o.o. (AS208764)	52
IONOS SE	Plus Hosting Grupa d.o.o. (AS12417)	1
shipshape-solutions.com	CRATIS d.o.o. (AS61094)	14
netim.net	CLOUDFLARENET (AS13335)	13
GANDI SAS	CLOUDFLARENET (AS13335)	1
Telemach Hrvatska d.o.o.	Hetzner Online GmbH (AS24940)	8
Hrvatski Telekom d.d.	GOOGLE-CLOUD-PLATFORM (AS396982)	15
sistemi.hr	Telemach Hrvatska d.o.o. (AS34594)	33
nth.ch	NTH AG (AS59905)	6
dom.bg	Neterra Ltd. (AS34224)	1
syshead.com	Hetzner Online GmbH (AS24940)	3
incito.hr	SETCOR d.o.o. (AS61211)	25
omanbros.com	Hetzner Online GmbH (AS24940)	2
Hetzner Online GmbH	Contabo GmbH (AS51167)	9
arandomserver.com	CLOUDFLARENET (AS13335)	1
LIQUIDWEB	Plus Hosting Grupa d.o.o. (AS12417)	8
name-servers.gr	Th.papamichail Vainas - G.psaltakis G.p (AS209150)	1
crocodille.com	Orange Slovensko a.s. (AS15962)	2
interna.me	IONOS SE (AS8560)	11
NUCDN	AMAZON-02 (AS16509)	19
CLOUDFLARENET	MICROSOFT-CORP-MSN-AS-BLOCK (AS8075)	19
DIGITALOCEAN-ASN	DIGITALOCEAN-ASN (AS14061)	13
webtwin.net	Terrakom d.o.o. (AS34362)	1
SECURITYSERVICES	CLOUDFLARENET (AS13335)	9
freehostingeu.com	Zetta Hosting Solutions LLC. (AS44476)	2
com.pl	KAPPA Tomasz Kicowski, Beata Staron-Kicowska (AS199069)	1
sistemi.hr	Hetzner Online GmbH (AS24940)	1
Telemach Slovenija d.o.o.	Telemach Slovenija d.o.o. (AS41828)	16
Grad Rijeka-Gradsko Vijece	MICROSOFT-CORP-MSN-AS-BLOCK (AS8075)	1
Intermax Group B.V.	Intermax Group B.V. (AS24586)	5
elogic.it	Dinova Srl (AS200760)	2
mojsite.com	GOOGLE (AS15169)	11
thundercloud.uk	Awareness Software Limited (AS34931)	42
NUCDN	CITIC Telecom CPC Netherlands B.V. (AS3327)	1
webus.hr	OVH SAS (AS16276)	10
Evolus IT Solutions GmbH	Evolus IT Solutions GmbH (AS215120)	41
CLOUDFLARENET	Plus Hosting Grupa d.o.o. (AS12417)	71
Cyber_Folks S.A.	Cyber_Folks S.A. (AS41079)	24
a1.net	Mittwald CM Service GmbH & Co. KG (AS15817)	2
Hetzner Online GmbH	AMAZON-AES (AS14618)	2
combell.net	Hetzner Online GmbH (AS24940)	2
hostingalfa.com	Hrvatski Telekom d.d. (AS5391)	12
ZONER a.s.	ZONER a.s. (AS34222)	41
Croatian Academic and Research Network	Croatian Academic and Research Network (AS2108)	146
Hrvatski Telekom d.d.	Terrakom d.o.o. (AS34362)	2
123ns.de	'ingenit GmbH & Co. KG' (AS57376)	17
NSONE	MICROSOFT-CORP-MSN-AS-BLOCK (AS8069)	2
AMAZON-02	Hetzner Online GmbH (AS24940)	32
galaxy-travel.hr	Hetzner Online GmbH (AS24940)	1
mStart plus d.o.o.	Hrvatski Telekom d.d. (AS13046)	3
A1 Hrvatska d.o.o.	Iomart Cloud Services Limited (AS20860)	2
tomsoft.hr	Tomsoft d.o.o. (AS25365)	22
versanus.eu	Invitech ICT Services Kft. (AS12301)	5
VNET a.s.	SH.cz s.r.o. (AS39392)	2
ns14.net	InterNetX GmbH (AS15456)	28
ORACLE-BMC-31898	ORACLE-BMC-31898 (AS31898)	4
ipcom GmbH	FASTLY (AS54113)	4
routing.net	GOOGLE-CLOUD-PLATFORM (AS396982)	3
mojsite.com	FASTLY (AS54113)	4
skvid.net	Hrvatski Telekom d.d. (AS5391)	3
com.hr	Wix.com Ltd. (AS58182)	2
freehosting.com	Hetzner Online GmbH (AS24940)	26
interior.hr	Contabo GmbH (AS51167)	3
SECURITYSERVICES	AMAZON-AES (AS14618)	21
com.hr	Hetzner Online GmbH (AS24940)	59
registrar-servers.com	DIGITALOCEAN-ASN (AS14061)	10
ipcom GmbH	InterNetworX Management GmbH (AS48596)	50
crohost.net	CRATIS d.o.o. (AS61094)	1
awsdns-58.org	AMAZON-02 (AS16509)	1
AMAZON-02	MICROSOFT-CORP-MSN-AS-BLOCK (AS8075)	7
domeny.tv	GOOGLE-CLOUD-PLATFORM (AS396982)	1
tajnagline.hr	FRANZ NET d.o.o. (AS208764)	14
DIGICERT	AMAZON-02 (AS16509)	1
w-2022-dns.	A1 Hrvatska d.o.o. (AS31012)	1
Styria IT Solutions d.o.o.	24sata doo (AS47948)	19
Financijska agencija	Financijska agencija (AS41336)	43
UNIFIEDLAYER-AS-1	UNIFIEDLAYER-AS-1 (AS46606)	46
OVH SAS	DIGITALOCEAN-ASN (AS14061)	11
BUNNYWAY, informacijske storitve d.o.o.	DIGITALOCEAN-ASN (AS14061)	4
it-austria.net	AMAZON-02 (AS16509)	5
superiordesign.hr	Plus Hosting Grupa d.o.o. (AS12417)	9
topgraf.com	Aruba S.p.A. (AS31034)	2
nearlyfreespeech.net	GRIDFURY-AS (AS40630)	1
IONOS SE	Hetzner Online GmbH (AS24940)	10
Hrvatski Telekom d.d.	TURNKEY-INTERNET (AS40244)	1
is-fun.net	TelemaxX Telekommunikation GmbH (AS12843)	19
splet.net	Optimus IT d.o.o. (AS48894)	2
SOFTNET d.o.o.	SOFTNET d.o.o. (AS9119)	4
mojsite.com	SEEWEB s.r.l. (AS12637)	21
register.it	GOOGLE (AS15169)	2
SECURITYSERVICES	MICROSOFT-CORP-MSN-AS-BLOCK (AS8075)	22
kosinushosting.eu	Hetzner Online GmbH (AS24940)	46
dnsexit.com	SETCOR d.o.o. (AS61211)	2
m6.net	OVH SAS (AS16276)	3
hostingcentar.com	SQUARESPACE (AS53831)	2
cloudns.net	RENDER (AS397273)	2
SECURITYSERVICES	AMAZON-02 (AS16509)	41
orbis.hr	AS-VULTR (AS20473)	1
meganethr.com	Plus Hosting Grupa d.o.o. (AS12417)	16
AMAZON-02	MasterDC s.r.o. (AS24971)	1
webglobe.sk	SH.cz s.r.o. (AS39392)	1
ipcom GmbH	EDIS GmbH (AS57169)	12
Cloud DNS Ltd	Filip informatika d.o.o. (AS208057)	19
hostingcentar.com	SOFTLAYER (AS36351)	1
SETCOR d.o.o.	CLOUDFLARENET (AS13335)	21
excedonet.net	GleSYS AB (AS42708)	2
shsxs.nl	Eurofiber Nederland BV (AS29396)	1
CLOUDFLARENET	Combell NV (AS34762)	2
040services.net	Hetzner Online GmbH (AS24940)	5
A1 Hrvatska d.o.o.	Adacor Hosting GmbH (AS42442)	2
NUCDN	AS-26496-GO-DADDY-COM-LLC (AS26496)	1
OVH SAS	velia.net Internetdienste GmbH (AS29066)	2
SECURITYSERVICES	Akamai International B.V. (AS20940)	3
Hrvatski Telekom d.d.	Sedmi Odjel d.o.o. (AS198785)	2
orbis.hr	netcup GmbH (AS197540)	1
studio4web.com	Hetzner Online GmbH (AS24940)	13
dcostojic.hr	SETCOR d.o.o. (AS61211)	1
dnsdienst.de	AMAZON-02 (AS16509)	1
voyager.hr	COGENT-174 (AS174)	21
slusaj.hr	Hetzner Online GmbH (AS24940)	1
Hetzner Online GmbH	Wix.com Ltd. (AS58182)	2
CLOUDFLARENET	SQUARESPACE (AS53831)	24
DATABOX d.o.o.	LG CNS (AS4668)	1
NAMECHEAP-NET	netcup GmbH (AS197540)	5
admiral.hr	INTERIGRE doo za igre na srecu (AS209174)	13
co.uk	Castlegem SRL (AS201308)	1
GleSYS AB	GleSYS AB (AS42708)	10
gransy.com	Development 777 s.r.o. (AS51134)	2
mojsite.com	Hetzner Online GmbH (AS24940)	49
MICROSOFT-CORP-MSN-AS-BLOCK	Hostinger International Limited (AS47583)	2
MICROSOFT-CORP-MSN-AS-BLOCK	APIS IT d.o.o. (AS199401)	1
NAMECHEAP-NET	NAMECHEAP-NET (AS22612)	32
ifzg.hr	Croatian Academic and Research Network (AS2108)	2
Hostinger International Limited	Hostinger International Limited (AS47583)	25
cloudns.net	CRATIS d.o.o. (AS61094)	21
CLOUDFLARENET	Akamai Connected Cloud (AS63949)	21
perf1.com	GOOGLE-CLOUD-PLATFORM (AS396982)	2
Cloud DNS Ltd	Telemach Hrvatska d.o.o. (AS34594)	8
codefactory.hr	AIRNET d.o.o. za telekomunikacije (AS61995)	1
dn-s.nl	Signet B.V. (AS20857)	6
valdez.hr	SETCOR d.o.o. (AS61211)	4
linode.com	Hetzner Online GmbH (AS24940)	11
INTERNET CZ, a.s.	INTERNET CZ, a.s. (AS24806)	18
ipcom GmbH	Hetzner Online GmbH (AS24940)	13
CLOUDFLARENET	Scaleway S.a.s. (AS12876)	59
com.hr	SQUARESPACE (AS53831)	1
Knipp Medien und Kommunikation GmbH	ScaleUp Technologies GmbH & Co. KG (AS29014)	8
ns14.net	Continum Ag (AS20849)	1
domeny.tv	OVH SAS (AS16276)	13
mysafeservers.com	Hetzner Online GmbH (AS24940)	2
Styria IT Solutions d.o.o.	Styria IT Solutions d.o.o. (AS51577)	40
ns14.net	Host Europe GmbH (AS8972)	7
exdizajn.bid	CYBERCON (AS7393)	3
MICROSOFT-CORP-MSN-AS-BLOCK	GOOGLE-CLOUD-PLATFORM (AS396982)	4
CLOUDFLARENET	OVH SAS (AS16276)	22
ns14.net	K&K Kommunikationssysteme GmbH (AS42821)	1
hcl.hr	FRANZ NET d.o.o. (AS208764)	1
velia.net Internetdienste GmbH	velia.net Internetdienste GmbH (AS29066)	27
MICROSOFT-CORP-MSN-AS-BLOCK	PERFTECH, podjetje za proizvodnjo in uvajanje novih tehnologij, d.o.o. (AS6764)	1
hostens.com	UAB Interneto vizija (AS212531)	3
kuhada.net	SQUARESPACE (AS53831)	5
awsdns-27.com	AMAZON-02 (AS16509)	1
GOOGLE	CRATIS d.o.o. (AS61094)	8
freedns.hr	SQUARESPACE (AS53831)	2
MICROSOFT-CORP-MSN-AS-BLOCK	Hrvatski Telekom d.d. (AS5391)	7
OVH SAS	GOOGLE-CLOUD-PLATFORM (AS396982)	8
UNISTAR LC do.o.	UNISTAR LC do.o. (AS57854)	8
SECURITYSERVICES	Greentube GmbH (AS60368)	2
ORACLE-BMC-31898	CLOUDFLARENET (AS13335)	4
kaba.com	AMAZON-02 (AS16509)	5
businessboosting.agency	OVH SAS (AS16276)	1
GOOGLE	GOOGLE (AS15169)	6
register.be	Combell NV (AS34762)	3
GANDI SAS	Gigas Hosting S.A. (AS57286)	2
NUCDN	Scaleway S.a.s. (AS12876)	1
AMAZON-02	WHG Hosting Services Ltd (AS14670)	22
SETCOR d.o.o.	A1 Hrvatska d.o.o. (AS12810)	15
SETCOR d.o.o.	CRATIS d.o.o. (AS61094)	2
Plus Hosting Grupa d.o.o.	Plus Hosting Grupa d.o.o. (AS12417)	7
AMAZON-02	GleSYS AB (AS42708)	1
nmmn.com	NMMN New Media Markets & Networks IT-Services GmbH (AS20694)	4
greenfox.pw	Contabo GmbH (AS51167)	3
hostanje.net	Hetzner Online GmbH (AS24940)	36
foodgenius.de	Hetzner Online GmbH (AS24940)	1
re-code.hr	netcup GmbH (AS197540)	1
afraid.org	SETCOR d.o.o. (AS61211)	6
sedoparking.com	SEDO GmbH (AS47846)	22
Ministarstvo unutarnjih poslova Republike Hrvatske	Ministarstvo unutarnjih poslova Republike Hrvatske (AS41121)	7
perf1.com	AMAZON-02 (AS16509)	3
IS-AS-1	IS-AS-1 (AS19318)	9
gfd.si	netcup GmbH (AS197540)	1
podrug.net	Hetzner Online GmbH (AS24940)	3
Host Europe GmbH	Hetzner Online GmbH (AS24940)	15
ACTIVE 24, s.r.o.	GOOGLE (AS15169)	1
PRIVATESYSTEMS	PRIVATESYSTEMS (AS63410)	51
a1.net	Host Europe GmbH (AS21499)	1
cloudns.net	Host Europe GmbH (AS21499)	2
co.uk	CSC (AS19574)	4
greenhost.nl	Greenhost BV (AS47172)	2
SCAAM0001	Host Europe GmbH (AS8972)	3
SECURITYSERVICES	SECURITYSERVICES (AS12008)	20
DIGITALOCEAN-ASN	Plus Hosting Grupa d.o.o. (AS12417)	3
spletko.net	Webtasy, d.o.o. (AS43128)	1
POSLuH d.o.o, za informaticke usluge i trgovinu	Cloudflare London, LLC (AS209242)	4
SECURITYSERVICES	Institut Straumann AG (AS34893)	6
Hrvatski Telekom d.d.	A1 Hrvatska d.o.o. (AS29485)	3
Hrvatski Telekom d.d.	Enflow B.V. (AS209626)	1
freedns.si	Cloudflare London, LLC (AS209242)	2
CLOUDFLARENET	AKSON, poslovno in informacijsko svetovanje, d.o.o. (AS197907)	1
sureserver.com	ICDSoft Ltd. (AS8739)	3
mserwis.pl	Beyond.pl sp. z o.o. (AS31229)	1
proximum.hr	Hetzner Online GmbH (AS24940)	1
mojsite.com	AMAZON-02 (AS16509)	58
dynu.com	ORACLE-BMC-31898 (AS31898)	1
hertz.com	Nova Telecommunications & Media Single Member S.A (AS1241)	2
ANEXIA Internetdienstleistungs GmbH	Tele2 SWIPnet (AS1257)	21
SIEL, d.o.o.	Toyota Motor Europe SA (AS31154)	1
Hrvatski Telekom d.d.	Plus Hosting Grupa d.o.o. (AS12417)	26
world4you.at	eww ag (AS21013)	2
netcup.net	netcup GmbH (AS197540)	3
webglobe.sk	Hetzner Online GmbH (AS24940)	2
studioartlan.com	Hetzner Online GmbH (AS24940)	2
Blink d.o.o.	ecotel communication ag (AS12312)	1
wpd-group.com	Bremen Briteline GmbH (AS30742)	3
freedns.si	Hetzner Online GmbH (AS24940)	9
wservices.ch	Hetzner Online GmbH (AS24940)	6
bdata.at	AtNOC GmbH (AS35339)	2
Optimus IT d.o.o.	Webtasy, d.o.o. (AS43128)	3
CLOUDFLARENET	KnownSRV Ltd. (AS200514)	1
NSONE	netcup GmbH (AS197540)	1
bb-online.biz	AS-VULTR (AS20473)	1
CLOUDFLARENET	Hrvatski Telekom d.d. (AS5391)	20
serverhostgroup.com	OVH SAS (AS16276)	13
romarg.com	ROMARG SRL (AS205275)	2
AKD d.o.o.	AKD d.o.o. (AS59866)	5
kbd.hr	Croatian Academic and Research Network (AS2108)	1
Hrvatski Telekom d.d.	SQUARESPACE (AS53831)	6
webhostmost.com	WEB-HOST-MOST-ASN-1 (AS401605)	1
GOOGLE	FASTLY (AS54113)	9
crohost.net	Telemach Slovenija d.o.o. (AS41828)	1
A1 Hrvatska d.o.o.	Plus Hosting Grupa d.o.o. (AS12417)	21
Hetzner Online GmbH	DIGITALOCEAN-ASN (AS14061)	7
srv16.com	Plus Hosting Grupa d.o.o. (AS12417)	2
guebs.com	Axarnet Comunicaciones, S.l. (AS50926)	1
cloudns.net	Plus Hosting Grupa d.o.o. (AS12417)	18
totohost.com	SQUARESPACE (AS53831)	3
unknown	Hetzner Online GmbH (AS24940)	22
dcc4web.com	PRIVATESYSTEMS (AS63410)	4
gransy.com	SH.cz s.r.o. (AS39392)	8
dns24.hu	AMAZON-02 (AS16509)	1
ORANGEHOST	ORANGEHOST (AS19853)	8
123ns.de	LKW Walter Internationale Transportorganisation AG (AS34735)	3
ksucompany.com	A1 Hrvatska d.o.o. (AS25528)	1
ns14.net	Akamai Connected Cloud (AS63949)	1
VNET a.s.	SWAN, a.s. (AS5578)	6
ports.se	BIGCOMMERCE (AS399566)	1
hostserv.eu	hosttech GmbH (AS207143)	3
awsdns-03.com	SETCOR d.o.o. (AS61211)	1
Knipp Medien und Kommunikation GmbH	Hetzner Online GmbH (AS24940)	1
nscluster.eu	OVH SAS (AS16276)	1
freedns.hr	CLOUDFLARENET (AS13335)	7
Nessus GmbH	Nessus GmbH (AS47692)	9
T-Mobile Austria GmbH	FASTLY (AS54113)	1
wannafind.dk	team.blue Denmark A/S (AS48854)	2
hep.hr	HEP-TELEKOMUNIKACIJE d.o.o. (AS25328)	1
mojsite.com	Host Europe GmbH (AS8972)	3
epdns.eu	DATABOX d.o.o. (AS206575)	1
registrar-servers.com	Hetzner Online GmbH (AS24940)	10
studio4web.com	Posta Slovenije d.o.o. (AS28682)	5
Hrvatski Telekom d.d.	CRATIS d.o.o. (AS61094)	18
MICROSOFT-CORP-MSN-AS-BLOCK	CSC Administrative Services Limited (AS34922)	1
ns14.net	GOOGLE-CLOUD-PLATFORM (AS396982)	2
Host Europe GmbH	Cloudflare London, LLC (AS209242)	3
dnsimple.com	Leaseweb Deutschland GmbH (AS28753)	2
inmotionhosting.com	IMH-IAD (AS54641)	14
quicns.net	OVH SAS (AS16276)	2
webhostingbuzz.com	AS-COLOCROSSING (AS36352)	1
nsk.hr	Croatian Academic and Research Network (AS2108)	4
dnsexit.com	Hrvatski Telekom d.d. (AS5391)	1
Sedmi Odjel d.o.o.	CRATIS d.o.o. (AS61094)	14
kset.org	Hetzner Online GmbH (AS24940)	1
dns.nexus	LIQUIDWEB (AS32244)	1
lima-city.de	23M GmbH (AS47447)	4
from.hr	Contabo GmbH (AS51167)	4
BUNNYWAY, informacijske storitve d.o.o.	CLOUDFLARENET (AS13335)	2
ec-host.net	WHG Hosting Services Ltd (AS14670)	5
Seonet Multimedia s.r.o.	Seonet Multimedia s.r.o. (AS59925)	23
Akamai International B.V.	ADP1 (AS14299)	1
GOOGLE	SETCOR d.o.o. (AS61211)	4
aktgdc.com	MICROSOFT-CORP-MSN-AS-BLOCK (AS8075)	1
spletnafuzija.si	Optimus IT d.o.o. (AS48894)	2
nameshield.net	Nameshield SAS (AS20756)	60
hitrost.net	Telemach Slovenija d.o.o. (AS41828)	41
ri-solution.com	Deutsche Telekom AG (AS3320)	1
CLOUDFLARENET	FASTLY (AS54113)	38
freedns.si	Medis Intago d.o.o. (AS43427)	2
Soluciones Corporativas IP, SL	Soluciones Corporativas IP, SL (AS57910)	30
th-technology.com	A1 Hrvatska d.o.o. (AS35549)	2
dominoserv.com	SIEL, d.o.o. (AS51790)	3
register.it	Elmec Informatica S.p.A. (AS39217)	1
LiveSport s.r.o.	LiveSport s.r.o. (AS52130)	6
CLOUDFLARENET	Optimus IT d.o.o. (AS48894)	12
BUNNYWAY, informacijske storitve d.o.o.	Datacamp Limited (AS60068)	3
marfish.hr	SETCOR d.o.o. (AS61211)	1
mojsite.com	Cloudflare London, LLC (AS209242)	12
wbsk.sk	VNET a.s. (AS29405)	2
safezone.hr	SETCOR d.o.o. (AS61211)	3
thinline.cz	PRO-ZETA a.s. (AS60606)	16
K Media Tech Ltd.	K Media Tech Ltd. (AS210250)	5
webglobe.sk	Webglobe, s.r.o. (AS29134)	10
genesys informatica srl	TIM (AS20746)	1
mmksoft.com	Plus Hosting Grupa d.o.o. (AS12417)	15
AMAZON-02	T-Mobile Czech Republic a.s. (AS13036)	1
stable.cz	VSHosting s.r.o. (AS43541)	2
namedc.com	DIMENOC (AS33182)	2
dns24.hu	CLOUDFLARENET (AS13335)	4
awsdns-18.net	AMAZON-AES (AS14618)	1
CLOUDFLARENET	VSHosting s.r.o. (AS43541)	5
AMAZON-02	Aruba S.p.A. (AS31034)	1
ports.se	Tele2 SWIPnet (AS1257)	31
unlimited.rs	United Internet Ltd. (AS207604)	11
mojsite.com	OVH SAS (AS16276)	4
plavilink.hr	SETCOR d.o.o. (AS61211)	4
primanet.me	Contabo GmbH (AS51167)	1
aviokarte.info	Hetzner Online GmbH (AS24940)	1
superdomena.net	Hrvatski Telekom d.d. (AS5391)	3
dnsexit.com	CRATIS d.o.o. (AS61094)	2
co.uk	DOTBLOCK-3 (AS29869)	1
ns14.net	ISPpro Internet KG (AS35366)	1
mojsite.com	A1 Hrvatska d.o.o. (AS35549)	16
lemarit.de	MTS Internet GmbH (AS13010)	2
PRIVATESYSTEMS	Hetzner Online GmbH (AS24940)	1
mojsite.com	SETCOR d.o.o. (AS61211)	3
MICROSOFT-CORP-MSN-AS-BLOCK	DATABOX d.o.o. (AS206575)	24
Croatian Academic and Research Network	Financijska agencija (AS41336)	1
NSONE	IONOS SE (AS8560)	3
LeaseWeb Netherlands B.V.	Hetzner Online GmbH (AS24940)	3
vtrio.com	CRATIS d.o.o. (AS61094)	1
ACTIVE 24, s.r.o.	CLOUDFLARENET (AS13335)	6
server-hr.com	OVH SAS (AS16276)	3
bmk-informatika.hr	CRATIS d.o.o. (AS61094)	6
genesys informatica srl	IONOS SE (AS8560)	1
mojsite.com	PERFTECH, podjetje za proizvodnjo in uvajanje novih tehnologij, d.o.o. (AS6764)	2
OVH SAS	Plus Hosting Grupa d.o.o. (AS12417)	12
MICROSOFT-CORP-MSN-AS-BLOCK	SETCOR d.o.o. (AS61211)	34
CASABLANCA INT a.s.	CASABLANCA INT a.s. (AS15685)	16
ramnode.com	RAMNODE (AS3842)	3
Data Target d.o.o.	Financijska agencija (AS41336)	2
orbis.hr	Plus Hosting Grupa d.o.o. (AS12417)	6
Hetzner Online GmbH	IONOS SE (AS8560)	1
CLOUDFLARENET	SuperHosting.BG Ltd. (AS201200)	1
CLOUDFLARENET	Financijska agencija (AS41336)	1
mojsite.com	CRATIS d.o.o. (AS61094)	13
home.pl	Beyond.pl sp. z o.o. (AS31229)	1
gonet.cz	Quantcom, a.s. (AS29208)	1
kokiskashop.hr	VSHosting s.r.o. (AS43541)	1
as41887.eu	Hetzner Online GmbH (AS24940)	1
kdb.hr	Hetzner Online GmbH (AS24940)	1
freedns.si	Webtasy, d.o.o. (AS43128)	22
namebay.com	Nameshield SAS (AS20756)	1
Hrvatski Telekom d.d.	Deutsche Telekom AG (AS3320)	1
GANDI SAS	velia.net Internetdienste GmbH (AS29066)	1
awsdns-38.com	Telekom Austria (AS8447)	1
cashparking.com	AMAZON-02 (AS16509)	1
AMAZON-02	Plus Hosting Grupa d.o.o. (AS12417)	7
HVC-AS	HVC-AS (AS29802)	10
awsdns-04.org	AMAZON-02 (AS16509)	5
CLOUDFLARENET	4Tel Telekomunikacije d.o.o. (AS203964)	8
com.hr	SETCOR d.o.o. (AS61211)	24
NAMECHEAP-NET	Contabo GmbH (AS51167)	1
feldhost.cz	FELDSAM s.r.o. (AS206712)	1
dominiok.it	3U TELECOM GmbH (AS198710)	5
mojsite.com	Contabo GmbH (AS51167)	12
morh.hr	Financijska agencija (AS41336)	1
ztm.hr	Croatian Academic and Research Network (AS2108)	3
dnsblock.net	NetLogic d.o.o. (AS210190)	6
duohost.net	Contabo GmbH (AS51167)	1
cid.com	FASTLY (AS54113)	2
Telekom Slovenije, d.d.	T-2, d.o.o. (AS34779)	3
cloudns.net	Contabo GmbH (AS51167)	19
aras.hr	POSLuH d.o.o, za informaticke usluge i trgovinu (AS25277)	2
kabi.si	SIEL, d.o.o. (AS51790)	12
onebit.cz	Webglobe, s.r.o. (AS29134)	4
CLOUDFLARENET	ORACLE-BMC-31898 (AS31898)	17
hrzz.hr	Croatian Academic and Research Network (AS2108)	1
NUCDN	GOOGLE (AS15169)	3
mojsite.com	DIGITALOCEAN-ASN (AS14061)	25
markmonitor.com	HILTON-E (AS26529)	1
GOOGLE-CLOUD-PLATFORM	20i Limited (AS48254)	10
voxpopuli.hr	Croatian Academic and Research Network (AS2108)	1
pelcom.hr	BT NET d.o.o. za trgovinu i usluge (AS1886)	3
profiwh.com	Sprintel s.r.o. (AS197013)	1
Blink d.o.o.	Plus Hosting Grupa d.o.o. (AS12417)	4
cloudns.net	FASTLY (AS54113)	6
predsjednik.hr	Croatian Academic and Research Network (AS2108)	2
atvirtual.com	AMAZON-02 (AS16509)	2
krystal.uk	Krystal Hosting Ltd (AS12488)	8
intelliweb.hu	Rackforest Zrt. (AS62214)	4
Deutsche Telekom AG	Neue Medien Muennich GmbH (AS34788)	1
awsdns-23.org	AMAZON-02 (AS16509)	2
HURRICANE	Wix.com Ltd. (AS58182)	1
Hrvatski Telekom d.d.	SETCOR d.o.o. (AS61211)	14
GOOGLE	GOOGLE-CLOUD-PLATFORM (AS396982)	24
Telemach Hrvatska d.o.o.	MICROSOFT-CORP-MSN-AS-BLOCK (AS8075)	1
ittim-online.com	IT-TIM d.o.o. (AS201395)	2
netim.net	cyber_Folks d.o.o (AS201563)	3
HostUS	Globalhost d.o.o. (AS200698)	20
Serbia BroadBand-Srpske Kablovske mreze d.o.o.	MICROSOFT-CORP-MSN-AS-BLOCK (AS8075)	1
ignum.eu	Webglobe, s.r.o. (AS29134)	12
tpvision.com	DirectVPS B.V. (AS29028)	1
SETCOR d.o.o.	Contabo GmbH (AS51167)	3
MICROSOFT-CORP-MSN-AS-BLOCK	Telekom Slovenije, d.d. (AS5603)	1
unknown	KnownSRV Ltd. (AS200514)	20
wmd-webhosting.com	Plus Hosting Grupa d.o.o. (AS12417)	12
CLOUDFLARENET	Intesa Sanpaolo S.p.A. (AS13253)	1
Safenames Ltd.	DXC-AS3360 (AS3360)	1
Aruba S.p.A.	DIGITALOCEAN-ASN (AS14061)	4
epartum.hr	Sedmi Odjel d.o.o. (AS198785)	1
Hrvatski Telekom d.d.	PlusServer GmbH (AS61157)	1
myzone.tech	Akamai Connected Cloud (AS63949)	1
awsdns-00.net	AMAZON-02 (AS16509)	6
Ledl.net GmbH	Bradler & Krantz GmbH & Co. KG (AS29141)	1
nhost.ch	Nexanet AG (AS47506)	1
SETCOR d.o.o.	Tilda Publishing Ltd. (AS205282)	2
Hetzner Online GmbH	Plus Hosting Grupa d.o.o. (AS12417)	4
webglobe.cz	Telemach Hrvatska d.o.o. (AS34594)	1
pharma.hr	CRATIS d.o.o. (AS61094)	1
NUCDN	Hoasted B.V. (AS205876)	1
Renault SAS	OVH SAS (AS16276)	1
dnserv.com	Telemach Slovenija d.o.o. (AS41828)	10
Financijska agencija	Plus Hosting Grupa d.o.o. (AS12417)	3
lemarit.de	LEMARIT GmbH (AS204135)	7
SECURITYSERVICES	COLT Technology Services Group Limited (AS8220)	1
studio-moderna.com	Studio Moderna d.o.o. (AS43854)	1
zupo.si	Zupo D.o.o. (AS60973)	3
managed-ip.com	AMAZON-02 (AS16509)	4
Financijska agencija	Terrakom d.o.o. (AS34362)	1
markmonitor.com	Deutsche Telekom AG (AS3320)	2
T-Mobile Austria GmbH	T-Mobile Austria GmbH (AS8412)	4
CLOUDFLARENET	CRATIS d.o.o. (AS61094)	48
kuhada.net	CLOUDFLARENET (AS13335)	17
gazduire.net	Tes Euro Media SRL (AS51295)	1
CLOUDFLARENET	AS-VULTR (AS20473)	19
mojsite.com	GOOGLE-CLOUD-PLATFORM (AS396982)	13
Tarhely.Eu Szolgaltato Kft.	Tarhely.Eu Szolgaltato Kft. (AS43359)	10
mojsite.com	Styria IT Solutions d.o.o. (AS51577)	1
viennacix.com	Hetzner Online GmbH (AS24940)	1
ccentar.com	Akton d.o.o. (AS25467)	7
CLOUDFLARENET	Terrakom d.o.o. (AS34362)	15
Magic Net D.o.o.	CRATIS d.o.o. (AS61094)	2
embark.hr	Cloudflare London, LLC (AS209242)	1
mojsite.com	cyber_Folks d.o.o (AS201563)	6
POSLuH d.o.o, za informaticke usluge i trgovinu	Wix.com Ltd. (AS58182)	2
CRATIS d.o.o.	A1 Hrvatska d.o.o. (AS12810)	2
registrar-servers.com	Akamai Connected Cloud (AS63949)	1
CLOUDFLARENET	HOSTHATCH (AS63473)	3
rzhosting.net	Vodafone GmbH (AS3209)	1
internethosting.at	MICROSOFT-CORP-MSN-AS-BLOCK (AS8075)	1
arandomserver.com	SINGLEHOP-LLC (AS32475)	3
SECURITYSERVICES	INCAPSULA (AS19551)	10
ns14.net	Mandala Internet EDV Service GmbH (AS12460)	2
ip-213-32-24.eu	OVH SAS (AS16276)	1
combell.net	Combell NV (AS34762)	23
dihost.net	Leaseweb Deutschland GmbH (AS28753)	1
ns14.net	CTS Eventim Solutions GmbH (AS204253)	4
Akamai Connected Cloud	Synextra Limited (AS59778)	7
A1 Hrvatska d.o.o.	WebSupport s.r.o. (AS51013)	1
doksimus.com	NAMECHEAP-NET (AS22612)	1
ZONER a.s.	VSHosting s.r.o. (AS43541)	10
beautyfor.hr	Garmtech Lp (AS43108)	1
mStart plus d.o.o.	Hetzner Online GmbH (AS24940)	13
pronectdns.com	KnownSRV Ltd. (AS200514)	1
A1 Hrvatska d.o.o.	Telemach Hrvatska d.o.o. (AS34594)	2
afraid.org	CRATIS d.o.o. (AS61094)	4
Aruba S.p.A.	Webtasy, d.o.o. (AS43128)	4
controlpanel.si	Hetzner Online GmbH (AS24940)	1
nominalia.com	GOOGLE-CLOUD-PLATFORM (AS396982)	1
CLOUDFLARENET	A1 Hrvatska d.o.o. (AS35549)	10
Ledl.net GmbH	Ledl.net GmbH (AS25575)	20
wy.sk	Webglobe, s.r.o. (AS29134)	4
plavipixel.com	Hetzner Online GmbH (AS24940)	12
pragmago.tech	T-Mobile Polska S.A. (AS12912)	1
Neue Medien Muennich GmbH	Neue Medien Muennich GmbH (AS34788)	21
dnsmarkt.com	Cizgi Telekomunikasyon Anonim Sirketi (AS42807)	1
smarthost.eu	Smarthost sp. z o.o. (AS39566)	37
zonomi.com	HVC-AS (AS29802)	3
CLOUDFLARENET	POSLuH d.o.o, za informaticke usluge i trgovinu (AS25277)	4
novonordisk.com	MICROSOFT-CORP-MSN-AS-BLOCK (AS8075)	1
GOOGLE	MICROSOFT-CORP-MSN-AS-BLOCK (AS8075)	6
kasperskylabs.net	Kaspersky Lab Switzerland GmbH (AS200107)	1
afraid.org	UNIFIEDLAYER-AS-1 (AS46606)	1
CLOUDFLARENET	Telemach Slovenija d.o.o. (AS41828)	2
exohosting.cz	WEDOS Internet, a.s. (AS197019)	1
tomware.it	HERABIT S.p.A. (AS21309)	1
omonia.net	Plus Hosting Grupa d.o.o. (AS12417)	1
infoitdns.com	SQUARESPACE (AS53831)	2
rivira.eu	NAMECHEAP-NET (AS22612)	5
superhosting.bg	SuperHosting.BG Ltd. (AS201200)	3
UK Dedicated Servers Limited	UK Dedicated Servers Limited (AS42831)	6
unas.eu	Rackforest Zrt. (AS62214)	3
SECURITYSERVICES	NTT Global Data Centers EMEA UK Ltd. (AS29017)	5
IONOS SE	OVH SAS (AS16276)	1
dotroll.com	Hrvatski Telekom d.d. (AS5391)	1
GANDI SAS	MICROSOFT-CORP-MSN-AS-BLOCK (AS8069)	8
OVH SAS	UNIFIEDLAYER-AS-1 (AS46606)	1
inet.sk	VNET a.s. (AS29405)	4
aite.cz	AMAZON-02 (AS16509)	1
AMAZON-02	Dravanet Co Ltd. (AS197248)	2
vas-hosting.com	VSHosting s.r.o. (AS43541)	1
bhosted.nl	Greenhost BV (AS47172)	1
SERVERSTACK-ASN	SERVERSTACK-ASN (AS46652)	4
selectel.ru	Scaleway S.a.s. (AS12876)	1
phg.hr	Plus Hosting Grupa d.o.o. (AS12417)	12
dihost.net	Hetzner Online GmbH (AS24940)	4
myshoptet.com	VSHosting s.r.o. (AS43541)	6
MICROSOFT-CORP-MSN-AS-BLOCK	Team Internet AG (AS61969)	1
IONOS SE	Host Europe GmbH (AS21499)	1
Telekom Slovenije, d.d.	Telekom Slovenije, d.d. (AS5603)	5
hosit.dk	It Forum Gruppen A/s (AS50346)	1
siva-avis.com	Plus Hosting Grupa d.o.o. (AS12417)	2
OVH SAS	Globalhost d.o.o. (AS200698)	1
wla.hu	Tarhely.Eu Szolgaltato Kft. (AS43359)	1
istra-server.com	Hetzner Online GmbH (AS24940)	3
PONYNET	ROUTERHOSTING (AS14956)	1
yottasrc.com	Hetzner Online GmbH (AS24940)	4
escape.hr	Akamai Connected Cloud (AS63949)	2
Seonet Multimedia s.r.o.	MasterDC s.r.o. (AS24971)	1
dubrovnik4seasons.com	Hetzner Online GmbH (AS24940)	3
CLOUDFLARENET	SINGLEHOP-LLC (AS32475)	6
AMAZON-02	Akamai International B.V. (AS20940)	4
ehosting.hr	Leaseweb Deutschland GmbH (AS28753)	2
idoneus.hr	Sedmi Odjel d.o.o. (AS198785)	1
zcloud.systems	Humanfrog d.o.o. (AS60435)	3
freedns.hr	Hetzner Online GmbH (AS24940)	9
telekom.hu	Rackforest Zrt. (AS62214)	1
DATABOX d.o.o.	Scaleway S.a.s. (AS12876)	1
dwm.si	PERFTECH, podjetje za proizvodnjo in uvajanje novih tehnologij, d.o.o. (AS6764)	2
sistemas.hr	AMAZON-02 (AS16509)	5
A1 Hrvatska d.o.o.	Hetzner Online GmbH (AS24940)	16
CLOUDFLARENET	Wix.com Ltd. (AS58182)	13
SETCOR d.o.o.	Project Informatica srl (AS47986)	1
MICROSOFT-CORP-MSN-AS-BLOCK	Akamai Connected Cloud (AS63949)	9
LIQUIDWEB	Telekom Slovenije, d.d. (AS5603)	1
ivoras.net	Tilaa B.V. (AS196752)	1
nic53.de	OVH SAS (AS16276)	2
AMAZON-02	Equinix (EMEA) Acquisition Enterprises B.V. (AS15830)	3
pos-solutions24.com	SETCOR d.o.o. (AS61211)	1
mojsite.com	Croatian Academic and Research Network (AS2108)	8
Host Europe GmbH	GOOGLE-CLOUD-PLATFORM (AS396982)	8
netim.net	MICROSOFT-CORP-MSN-AS-BLOCK (AS8075)	1
argewebhosting.com	Accenture B. V. (AS8315)	4
cloudns.net	Leaseweb Deutschland GmbH (AS28753)	2
netim.net	NTH AG (AS59905)	1
register.it	GOOGLE-CLOUD-PLATFORM (AS396982)	3
freedns.si	OVH SAS (AS16276)	2
istraturist.hr	ASN-FLEXENTIAL (AS13649)	1
nadns1.com	Nameshield SAS (AS20756)	12
enterprise.com	EHI-NA-AS-1 (AS13893)	1
domena.pl	EXEA Sp. z o.o. (AS60713)	4
ipcom GmbH	IONOS SE (AS8560)	2
subhosting.net	Subhosting Innovations Pvt Ltd (AS141518)	1
gransy.com	AMAZON-02 (AS16509)	1
nameshield.net	Orange Romania S.A. (AS8953)	2
POSLuH d.o.o, za informaticke usluge i trgovinu	Zepter IT Sp. z o.o. (AS35785)	1
evolutionet.hu	RendszerNET Kft. (AS60071)	1
Zone Media OU	Zone Media OU (AS49604)	13
ORANGE BUSINESS SERVICES U.S. Inc.	AMAZON-02 (AS16509)	6
terrakom.hr	Plus Hosting Grupa d.o.o. (AS12417)	2
inter.hu	Hetzner Online GmbH (AS24940)	1
scubalife.hr	SETCOR d.o.o. (AS61211)	1
POSLuH d.o.o, za informaticke usluge i trgovinu	Scaleway S.a.s. (AS12876)	2
ZONER a.s.	ACTIVE 24, s.r.o. (AS25234)	1
com.hr	Scaleway S.a.s. (AS12876)	8
IP-Projects GmbH & Co. KG	IP-Projects GmbH & Co. KG (AS48314)	6
cloudpit.com	dogado GmbH (AS45012)	1
totohost.com	Contabo GmbH (AS51167)	2
xneelo	Hetzner Online GmbH (AS24940)	4
awsdns-01.net	AMAZON-02 (AS16509)	5
kuhada.net	Wix.com Ltd. (AS58182)	7
subhosting.net	HVC-AS (AS29802)	3
markmonitor.com	Signet B.V. (AS20857)	1
nmservers.com	Hetzner Online GmbH (AS24940)	1
BEIT GmbH	BEIT GmbH (AS211784)	11
brunner.at	eww ag (AS21013)	3
MICROSOFT-CORP-MSN-AS-BLOCK	Sistemske integracije d.o.o. (AS42593)	2
GOOGLE	LIQUIDNETLTD1 (AS14555)	4
markmonitor.com	Contabo GmbH (AS51167)	1
Hrvatski Telekom d.d.	OSN Online Service Nuernberg GmbH (AS8859)	1
CLOUDFLARENET	LeaseWeb Netherlands B.V. (AS60781)	4
CLOUDFLARENET	Superonline Iletisim Hizmetleri A.S. (AS34984)	1
wmd-webhosting.com	MICROSOFT-CORP-MSN-AS-BLOCK (AS8075)	1
dccsrv.com	PRIVATESYSTEMS (AS63410)	1
netim.net	Shoptet, a.s. (AS198627)	1
easyserver.at	Streams Telecommunicationsservices GmbH (AS13022)	1
Drustvo za telekomunikacije Orion telekom doo Beograd-Zemun	Drustvo za telekomunikacije Orion telekom doo Beograd-Zemun (AS9125)	3
brightty.com	LeaseWeb Netherlands B.V. (AS60781)	1
DIGICERT	SIEL, d.o.o. (AS51790)	2
asphostserver.org	Leaseweb Deutschland GmbH (AS28753)	1
zadravec.hr	Hrvatski Telekom d.d. (AS5391)	1
schindler.com	FASTLY (AS54113)	1
DIGITALOCEAN-ASN	AMAZON-02 (AS16509)	7
Deutsche Telekom AG	Hetzner Online GmbH (AS24940)	4
telprom.eu	Hetzner Online GmbH (AS24940)	1
mwebdns.de	Artfiles New Media GmbH (AS8893)	1
exit.si	netcup GmbH (AS197540)	5
mojsite.com	Wix.com Ltd. (AS58182)	14
ri-solution.com	Plus Hosting Grupa d.o.o. (AS12417)	1
CLOUDFLARENET	A1 Hrvatska d.o.o. (AS12810)	3
conova communications GmbH	LINZ STROM GAS WAERME GmbH fuer Energiedienstleistungen und Telekommunikation (AS35369)	5
mojsite.com	Hetzner Online GmbH (AS213230)	3
iplace.at	Telekom Austria (AS8447)	1
A1 Hrvatska d.o.o.	AS-VULTR (AS20473)	1
ius-software.si	SIEL, d.o.o. (AS51790)	2
trueserver.nl	DIGITALOCEAN-ASN (AS14061)	1
nicns.net	Hetzner Online GmbH (AS24940)	1
AS-VULTR	AS-VULTR (AS20473)	22
registrar-servers.com	Plus Hosting Grupa d.o.o. (AS12417)	2
MICROSOFT-CORP-MSN-AS-BLOCK	POSLuH d.o.o, za informaticke usluge i trgovinu (AS25277)	3
Atman Sp. z o.o.	Atman Sp. z o.o. (AS15694)	5
MICROSOFT-CORP-MSN-AS-BLOCK	Aruba S.p.A. (AS31034)	3
rhostbh.com	UNIFIEDLAYER-AS-1 (AS46606)	4
orbis.hr	Contabo GmbH (AS51167)	3
gransy.com	MasterDC s.r.o. (AS24971)	2
afraid.org	Hetzner Online GmbH (AS24940)	8
hotbytes.net	Mittwald CM Service GmbH & Co. KG (AS15817)	1
navisyachtcharter.com	OVH SAS (AS16276)	1
contrasec.fi	Plus Hosting Grupa d.o.o. (AS12417)	1
mStart plus d.o.o.	mStart plus d.o.o. (AS34540)	12
na-ra.hr	SETCOR d.o.o. (AS61211)	1
hostingcentar.com	CLOUDFLARENET (AS13335)	1
entel.ba	Contabo GmbH (AS51167)	3
agency-cloudlinux.com	SETCOR d.o.o. (AS61211)	1
lemarit.de	Claas KGaA mbH (AS208868)	2
magento-hosting.com	Hetzner Online GmbH (AS24940)	3
CLDIN B.V.	SQUARESPACE (AS53831)	1
OVH SAS	Hrvatski Telekom d.d. (AS5391)	1
CLOUDFLARENET	Zepter IT Sp. z o.o. (AS35785)	1
Moviement srl	Moviement srl (AS49073)	5
Hetzner Online GmbH	CLOUDFLARENET (AS13335)	14
perf1.com	Plus Hosting Grupa d.o.o. (AS12417)	1
freedns.si	Optimus IT d.o.o. (AS48894)	9
dnsimple.com	OVH SAS (AS16276)	1
phase8.net	Team Blue Internet Services Uk Limited (AS8622)	5
IWEB-AS	IWEB-AS (AS32613)	14
connecta.si	Telemach Slovenija d.o.o. (AS41828)	1
webglobe.cz	AMAZON-AES (AS14618)	1
1984.is	1984 ehf (AS44925)	6
OVH SAS	Host Europe GmbH (AS8972)	1
ACTIVE 24, s.r.o.	DIGITALOCEAN-ASN (AS14061)	2
nadns1.com	Hetzner Online GmbH (AS24940)	11
web-crossing.at	web-crossing GmbH (AS202516)	1
insi.st	Host Europe GmbH (AS8972)	2
myfcloudde.com	Akamai Connected Cloud (AS63949)	3
taboohost.com	OVH SAS (AS16276)	2
mithrilnetwork.com	DFW-DATACENTER (AS30277)	2
oblacno.net	Webglobe, s.r.o. (AS29134)	1
ns14.net	Mittwald CM Service GmbH & Co. KG (AS15817)	6
freedns.si	Hitrost.com Internet Storitve d.o.o. (AS59834)	1
hostserv.eu	Hetzner Online GmbH (AS24940)	1
gransy.com	ZCOM.cz s.r.o (AS206548)	1
awsdns-00.org	LeaseWeb Netherlands B.V. (AS60781)	1
epag.net	EPAG Domainservices GmbH (AS12915)	1
zabec.net	Humanfrog d.o.o. (AS60435)	3
CLOUDFLARENET	Croatian Academic and Research Network (AS2108)	2
SETCOR d.o.o.	Plus Hosting Grupa d.o.o. (AS12417)	9
sfif.de	M-net Telekommunikations GmbH (AS8767)	1
awsdns-07.net	Hetzner Online GmbH (AS24940)	1
avency GmbH	avency GmbH (AS12371)	5
agr.hr	Croatian Academic and Research Network (AS2108)	1
ordipat.fr	AMAZON-02 (AS16509)	1
SETCOR d.o.o.	Terrakom d.o.o. (AS34362)	2
a1.net	AMAZON-02 (AS16509)	3
atw.hu	ATW Internet Kft. (AS41075)	1
ipcom GmbH	T-Systems International GmbH (AS34086)	5
Hetzner Online GmbH	Leaseweb Deutschland GmbH (AS28753)	1
MICROSOFT-CORP-MSN-AS-BLOCK	AMAZON-02 (AS16509)	18
registrar-servers.com	AMAZON-AES (AS14618)	2
mojhosting.biz	AS-VULTR (AS20473)	3
Akamai International B.V.	AMAZON-02 (AS16509)	2
Hrvatski Telekom d.d.	GOOGLE (AS15169)	3
CLOUDFLARENET	WHG Hosting Services Ltd (AS209341)	3
controlpanel.si	GOOGLE (AS15169)	1
orbis.hr	SEEWEB s.r.l. (AS12637)	1
domeny.tv	Nazwa.pl Sp.z.o.o. (AS15967)	2
Knipp Medien und Kommunikation GmbH	Knipp Medien und Kommunikation GmbH (AS8391)	5
stabletransit.com	Tarhely.Eu Szolgaltato Kft. (AS43359)	2
name-services.com	SEDO GmbH (AS47846)	1
atakdomain.com	Superonline Iletisim Hizmetleri A.S. (AS34984)	1
lens.hr	Plus Hosting Grupa d.o.o. (AS12417)	6
co.uk	UK Dedicated Servers Limited (AS42831)	1
reliabledns.org	SINGLEHOP-LLC (AS32475)	3
jumpvps.org	Delta HighTech Ltd. (AS8860)	2
OVH SAS	Hetzner Online GmbH (AS24940)	23
net.mk	Makedonski Telekom AD-Skopje (AS6821)	1
terrakom.hr	Akamai Connected Cloud (AS63949)	1
SIEL, d.o.o.	velia.net Internetdienste GmbH (AS29066)	8
SECURITYSERVICES	PlusServer GmbH (AS61157)	1
bestrent.sk	SWAN, a.s. (AS5578)	2
SECURITYSERVICES	noris network AG (AS12337)	7
ns14.net	MICROSOFT-CORP-MSN-AS-BLOCK (AS8075)	1
SETCOR d.o.o.	AMAZON-AES (AS14618)	4
zupo.si	SETCOR d.o.o. (AS61211)	1
orbis.hr	CLOUDFLARENET (AS13335)	8
HURRICANE	CLOUDFLARENET (AS13335)	1
MAXKO d.o.o.	MAXKO d.o.o. (AS211619)	5
abplusz.hu	Invitech ICT Services Kft. (AS12301)	2
vimaco.hr	CRATIS d.o.o. (AS61094)	1
NUCDN	T-Mobile Austria GmbH (AS8412)	1
Seonet Multimedia s.r.o.	ACTIVE 24, s.r.o. (AS25234)	3
CLOUDFLARENET	Rackspace Ltd. (AS15395)	3
ignum.eu	VSHosting s.r.o. (AS43541)	1
ipcom GmbH	Binero AB (AS35041)	1
tehnoguma-zg.hr	SETCOR d.o.o. (AS61211)	4
rox.net	Rockenstein AG (AS8823)	1
mijndnsserver.nl	CLOUDFLARENET (AS13335)	1
Telemach Hrvatska d.o.o.	DATABOX d.o.o. (AS206575)	5
MICROSOFT-CORP-MSN-AS-BLOCK	Hrvatski Telekom d.d. (AS13046)	19
WEDOS Internet, a.s.	AMAZON-02 (AS16509)	5
Hrvatski Telekom d.d.	IONOS SE (AS8560)	1
siriuswebhosting.com	Plus Hosting Grupa d.o.o. (AS12417)	11
zadarski.net	Hetzner Online GmbH (AS24940)	6
GANDI SAS	GOOGLE-CLOUD-PLATFORM (AS396982)	1
szakalmetal.hu	T-Mobile Czech Republic a.s. (AS5588)	1
fcrmedia.com	O2 Czech Republic, a.s. (AS5610)	1
dnsbackup.net	Webglobe, a.s. (AS48689)	1
awsdns-17.org	Hetzner Online GmbH (AS24940)	1
plusserver.com	23M GmbH (AS47447)	1
cloudns.net	Cloudflare London, LLC (AS209242)	4
td-test.stream	HOSTHATCH (AS63473)	1
Cyber_Folks S.A.	Cyber_Folks S.A. (AS43758)	7
hostorion.net	AMAZON-02 (AS16509)	1
telur.hr	Plus Hosting Grupa d.o.o. (AS12417)	1
markmonitor.com	GOOGLE-CLOUD-PLATFORM (AS396982)	2
OVH SAS	MICROSOFT-CORP-MSN-AS-BLOCK (AS8075)	3
CLOUDFLARENET	UpCloud Ltd (AS202053)	4
dnsmadeeasy.org	SOFTLAYER (AS36351)	1
a1.net	CLOUDFLARENET (AS13335)	2
cyon.ch	cyon GmbH (AS47302)	1
CLOUDFLARENET	Miss Hosting AB (AS200719)	2
tria.host	Hetzner Online GmbH (AS24940)	3
CLOUDFLARENET	SEEWEB s.r.l. (AS12637)	4
web-solutions.dk	Sentia Denmark A/S (AS47292)	3
OVH SAS	Wix.com Ltd. (AS58182)	6
OVH SAS	Hrvatski Telekom d.d. (AS13046)	3
biz.nf	Zetta Hosting Solutions LLC. (AS44476)	2
A1 Hrvatska d.o.o.	Contabo GmbH (AS51167)	1
CLOUDFLARENET	Centar Za Vozila Hrvatske D.d. (AS15719)	1
unitedcloud.hr	Telemach Slovenija d.o.o. (AS3212)	1
CLOUDFLARENET	dogado GmbH (AS45012)	1
awsdns-37.net	AMAZON-02 (AS16509)	1
aspnix.com	ANAXA3-ASN (AS989)	1
Sedmi Odjel d.o.o.	GOOGLE (AS15169)	1
ipcom GmbH	CLOUDFLARENET (AS13335)	3
Hrvatski Telekom d.d.	WEEBLY (AS27647)	3
evorion.hr	Contabo GmbH (AS51167)	4
clickattack.com	NTH AG (AS59905)	1
freewha.com	WII (AS32097)	1
oto.cc	AMAZON-AES (AS14618)	2
co.uk	Coreix Ltd (AS31708)	2
iteco.hr	NAMECHEAP-NET (AS22612)	2
base.hr	KnownSRV Ltd. (AS200514)	3
SuperHosting.BG Ltd.	SuperHosting.BG Ltd. (AS201200)	5
webio.pl	Internet Cafe uslugi informatyczne Miroslaw Backiel (AS35787)	1
PONYNET	PONYNET (AS53667)	5
glbns.com	Servergarden Kft. (AS47381)	9
rehau.com	REHAU Industries SE & Co. KG (AS204138)	1
webserversystems.com	UNIFIEDLAYER-AS-1 (AS46606)	3
european-server.com	Combell NV (AS34762)	4
MICROSOFT-CORP-MSN-AS-BLOCK	AS-VULTR (AS20473)	3
awsdns-15.com	CLOUDFLARENET (AS13335)	1
ibagroup.eu	IBA Group a.s. (AS215718)	1
awsdns-19.com	AMAZON-02 (AS16509)	3
domainregisztraciokft.hu	Invitech ICT Services Kft. (AS12301)	2
CLOUDFLARENET	IONOS SE (AS8560)	4
villa-anna.hr	OVH SAS (AS16276)	1
ifastnet.com	Wildcard UK Limited (AS34119)	4
awsdns-22.com	AMAZON-02 (AS16509)	4
linode.com	AMAZON-02 (AS16509)	2
Akton d.o.o.	Hetzner Online GmbH (AS24940)	2
CLOUDFLARENET	AMAZON-AES (AS14618)	10
HostUS	CLOUDFLARENET (AS13335)	2
rimuhosting.com	Hrvatski Telekom d.d. (AS5391)	1
Hrvatska posta d.d.	Telemach Hrvatska d.o.o. (AS34594)	1
ipcom GmbH	OVH SAS (AS16276)	2
pravri.hr	Croatian Academic and Research Network (AS2108)	1
SECURITYSERVICES	FASTLY (AS54113)	7
krikweb.com	Hrvatski Telekom d.d. (AS5391)	3
Sedmi Odjel d.o.o.	velia.net Internetdienste GmbH (AS29066)	21
banoviez.net	Hetzner Online GmbH (AS24940)	1
avant.si	Optimus IT d.o.o. (AS48894)	1
karamatic.hr	Hetzner Online GmbH (AS24940)	1
nextlayer.at	Next Layer Telekommunikationsdienstleistungs- und Beratungs GmbH (AS1764)	2
GOOGLE	DIGITALOCEAN-ASN (AS14061)	7
amibit.si	Optimus IT d.o.o. (AS48894)	1
Telemach Hrvatska d.o.o.	AMAZON-AES (AS14618)	3
crohost.net	CLOUDFLARENET (AS13335)	8
CLOUDFLARENET	Eurofiber France SAS (AS24935)	2
DIGICERT	MICROSOFT-CORP-MSN-AS-BLOCK (AS8075)	1
bhosted.nl	Eurofiber Cloud Infra B.V. (AS25459)	2
dnsbackup.net	Webglobe, s.r.o. (AS29134)	7
nameshield.net	OVH SAS (AS16276)	1
eapps.com	Cloudflare London, LLC (AS209242)	1
unknown	Akton d.o.o. (AS25467)	1
awsdns-10.net	Contabo GmbH (AS51167)	1
fedsrv.com	SQUARESPACE (AS53831)	1
Hrvatski Telekom d.d.	Wix.com Ltd. (AS58182)	12
ogma.hr	Akton d.o.o. (AS25467)	4
Hostpoint AG	Hostpoint AG (AS29097)	18
futurmedia.net	Hetzner Online GmbH (AS24940)	1
fpzg.hr	Croatian Academic and Research Network (AS2108)	1
CLOUDFLARENET	UAB Interneto vizija (AS212531)	5
inmotionhosting.com	CLOUDFLARENET (AS13335)	2
chaos.hr	Magic Net D.o.o. (AS44377)	3
apn.hr	Hrvatski Telekom d.d. (AS5391)	1
infoitdns.com	DIGITALOCEAN-ASN (AS14061)	5
Yelles AB	Yelles AB (AS206170)	2
Akamai Connected Cloud	Leaseweb Deutschland GmbH (AS28753)	8
cloudhosting.uk	Krystal Hosting Ltd (AS12488)	4
floxcloud.net	MasterDC s.r.o. (AS24971)	2
x-dns.de	planet 33 AG (AS206138)	1
GOOGLE	AMAZON-02 (AS16509)	3
freedns.si	CLOUDFLARENET (AS13335)	10
irodakomplex.hu	4iG Telecommunications Holding Zrt (AS8990)	1
gls-hungary.com	Invitech ICT Services Kft. (AS12301)	1
atakdomain.com	Atak Domain Bilgi Teknolojileri A.S. (AS211401)	3
MICROSOFT-CORP-MSN-AS-BLOCK	GOOGLE (AS15169)	15
AMAZON-02	AMAZON-AES (AS14618)	13
POSLuH d.o.o, za informaticke usluge i trgovinu	WEEBLY (AS27647)	1
exohosting.cz	VNET a.s. (AS29405)	6
OVH SAS	ACTIVE 24, s.r.o. (AS25234)	1
infosmart.hr	SETCOR d.o.o. (AS61211)	1
kuhlma-it.de	IONOS SE (AS8560)	1
Contabo GmbH	Plus Hosting Grupa d.o.o. (AS12417)	1
ports.se	OVH SAS (AS16276)	1
managed-vps.net	SCALAHOSTING (AS40476)	3
idoneus.hr	Plus Hosting Grupa d.o.o. (AS12417)	7
hitrost.net	A1 Slovenija telekomunikacijske storitve,d.d. (AS21283)	2
SETCOR d.o.o.	Serbia BroadBand-Srpske Kablovske mreze d.o.o. (AS31042)	1
dynu.com	A1 Hrvatska d.o.o. (AS31012)	2
gzo.com	HVC-AS (AS29802)	1
QUIC-CLOUD	OVH SAS (AS16276)	8
doing.ch	Host Europe GmbH (AS8972)	1
webglobe.sk	Webglobe, a.s. (AS48689)	2
controlpanel.si	CLOUDFLARENET (AS13335)	5
Knipp Medien und Kommunikation GmbH	Host Europe GmbH (AS21499)	1
awsdns-14.net	AMAZON-02 (AS16509)	3
Optimus IT d.o.o.	AMAZON-02 (AS16509)	2
nitrogen.hu	Hetzner Online GmbH (AS24940)	1
awsdns-10.net	AMAZON-02 (AS16509)	2
A1 Hrvatska d.o.o.	Financijska agencija (AS41336)	4
iteo-expert.hr	Plus Hosting Grupa d.o.o. (AS12417)	11
ironmountain.com	IRON-MOUNTAIN (AS21549)	1
olilab.hr	Hetzner Online GmbH (AS24940)	1
z-ns.net	Hetzner Online GmbH (AS24940)	4
MICROSOFT-CORP-MSN-AS-BLOCK	Terrakom d.o.o. (AS34362)	8
registrar-servers.com	Hrvatski Telekom d.d. (AS5391)	1
shockmedia.nl	Previder B.V. (AS20847)	2
contaboserver.net	Contabo GmbH (AS51167)	2
noc401.com	IOFLOOD (AS53755)	1
ratior.com	Servergarden Kft. (AS47381)	1
tarhelykozpont.hu	WebSupport s.r.o. (AS51013)	1
ipcom GmbH	JSC Selectel (AS50340)	1
crs-net.cz	Webglobe, s.r.o. (AS29134)	1
hrt.hr	Odasiljaci i veze d.o.o. (AS48797)	1
orion.rs	Drustvo za telekomunikacije Orion telekom doo Beograd-Zemun (AS9125)	8
biztributor.com	Rackforest Zrt. (AS62214)	1
Aruba S.p.A.	SEEWEB s.r.l. (AS12637)	1
iptwins.com	OVH SAS (AS16276)	5
a1.net	myNet GmbH (AS31543)	1
cloudns.net	Hostinger International Limited (AS47583)	3
unitechnal.cloud	Invitech ICT Services Kft. (AS12301)	1
plusline.de	Hetzner Online GmbH (AS24940)	1
seles.hr	A1 Hrvatska d.o.o. (AS29485)	3
awsdns-10.org	GOOGLE-CLOUD-PLATFORM (AS396982)	1
buddyns.com	Fenice Telekom Grupa d.o.o. (AS204020)	1
Safenames Ltd.	Mittwald CM Service GmbH & Co. KG (AS15817)	1
SIEL, d.o.o.	DIGITALOCEAN-ASN (AS14061)	3
disneyinternational.net	DISNEYONLINE-AS (AS8137)	1
markmonitor.com	Combell NV (AS34762)	4
freedns.si	AGENDA komunikacijski in informacijski inzeniring d.o.o. (AS57623)	1
AMAZON-02	WHG Hosting Services Ltd (AS51713)	2
AS-VULTR	SINGLEHOP-LLC (AS32475)	3
Hetzner Online GmbH	Node4 Limited (AS31727)	1
ns14.net	dogado GmbH (AS47215)	2
plavipixel.net	Hetzner Online GmbH (AS24940)	19
landert.com	Sunrise GmbH (AS6730)	1
mojsite.com	comtrance service GmbH (AS41108)	1
Telemach Hrvatska d.o.o.	Plus Hosting Grupa d.o.o. (AS12417)	4
oglasnik.hr	Oglasnik d.o.o. (AS28766)	1
multitex.info	Hetzner Online GmbH (AS24940)	2
tomsoft.hr	AUTOMATTIC (AS2635)	1
totohost.com	VSHosting s.r.o. (AS43541)	1
OMONIA d.o.o.	OMONIA d.o.o. (AS44306)	7
zenbox.pl	Beyond.pl sp. z o.o. (AS31229)	3
freedns.hr	Hrvatski Telekom d.d. (AS5391)	2
elin.hu	WebSupport s.r.o. (AS51013)	1
dnsexit.com	Plus Hosting Grupa d.o.o. (AS12417)	2
CLOUDFLARENET	COGENT-174 (AS174)	1
hpm.hr	Hetzner Online GmbH (AS24940)	1
wmd-servers.com	Hetzner Online GmbH (AS24940)	2
A1 Hrvatska d.o.o.	DIGITALOCEAN-ASN (AS14061)	5
siteproject.hr	Hetzner Online GmbH (AS24940)	1
moja-trgovina.net	Hrvatski Telekom d.d. (AS13046)	4
bentra.eu	DIGITALOCEAN-ASN (AS14061)	4
swami-maheshwarananda.org	LeaseWeb Netherlands B.V. (AS60781)	1
crohost.net	GOOGLE-CLOUD-PLATFORM (AS396982)	4
stabletransit.com	PlusServer GmbH (AS61157)	1
Deutsche Telekom AG	Babiel GmbH (AS198913)	1
OVH SAS	Sedmi Odjel d.o.o. (AS198785)	5
markmonitor.com	AKAMAI-AS (AS16625)	1
Deutsche Telekom AG	BIT-SERV GmbH (AS200978)	1
MICROSOFT-CORP-MSN-AS-BLOCK	HASBRO (AS32025)	1
mef.hr	Croatian Academic and Research Network (AS2108)	1
tomsoft.hr	AS-VULTR (AS20473)	1
powercom-si.com	T-2, d.o.o. (AS34779)	2
excedodns.com	GleSYS AB (AS42708)	1
zonomi.com	Plus Hosting Grupa d.o.o. (AS12417)	2
font12.hr	Plus Hosting Grupa d.o.o. (AS12417)	7
zse.hr	CRATIS d.o.o. (AS61094)	2
afraid.org	SOFTLAYER (AS36351)	3
AMAZON-02	Wix.com Ltd. (AS58182)	1
hostnet.nl	AMAZON-02 (AS16509)	1
dig.com	DISNEYONLINE-AS (AS8137)	4
MICROSOFT-CORP-MSN-AS-BLOCK	CLOUDFLARENET (AS13335)	11
awsdns-22.org	AMAZON-02 (AS16509)	2
Host Europe GmbH	Host Europe GmbH (AS20773)	3
syhost.ch	Hetzner Online GmbH (AS24940)	4
split.hr	A1 Hrvatska d.o.o. (AS25528)	1
HURRICANE	LIQUIDWEB (AS32244)	1
oblacno.net	CLOUDFLARENET (AS13335)	2
nscluster.eu	AMAZON-02 (AS16509)	1
pikutik.com	Hetzner Online GmbH (AS24940)	1
Blink d.o.o.	Telemach Hrvatska d.o.o. (AS34594)	2
AMAZON-02	SECURITYSERVICES (AS12008)	1
MICROSOFT-CORP-MSN-AS-BLOCK	CRATIS d.o.o. (AS61094)	10
Financijska agencija	SETCOR d.o.o. (AS61211)	2
clamehost.com	Naquadria S.R.L. (AS201333)	2
pyrius.eu	Hetzner Online GmbH (AS24940)	3
CLOUDFLARENET	PRIVATESYSTEMS (AS63410)	3
maxonline.de	Deutsche Telekom AG (AS3320)	1
CLOUDFLARENET	FRANZ NET d.o.o. (AS208764)	2
freedns.si	Contabo GmbH (AS51167)	3
CLOUDFLARENET	Talex S.A. (AS39599)	3
Hrvatski Telekom d.d.	POSLuH d.o.o, za informaticke usluge i trgovinu (AS25277)	1
namecity.com	NetConnex Broadband Ltd. (AS21396)	1
addhost.pl	OVH SAS (AS16276)	3
CLOUDFLARENET	SWAN, a.s. (AS5578)	9
franz-net.info	FRANZ NET d.o.o. (AS208764)	3
bisping.de	Bisping & Bisping GmbH & Co KG (AS20686)	2
ipcom GmbH	dataforest GmbH (AS58212)	1
hsnsystems.com	PRIVATESYSTEMS (AS63410)	2
sartorius.hr	A1 Hrvatska d.o.o. (AS35549)	1
awsdns-24.com	Hetzner Online GmbH (AS24940)	1
octado.net	TIER-NET (AS397423)	1
HURRICANE	DIGITALOCEAN-ASN (AS14061)	2
CLOUDFLARENET	AltusHost B.V. (AS51430)	2
Business Solutions d.o.o.	Business Solutions d.o.o. (AS15664)	4
Key-Systems GmbH	Key-Systems GmbH (AS13246)	4
cloudns.net	AMAZON-02 (AS16509)	3
Host Europe GmbH	GO-DADDY-COM-LLC (AS398101)	3
A1 Hrvatska d.o.o.	MICROSOFT-CORP-MSN-AS-BLOCK (AS8075)	5
heidelberg.com	InterNetworX Management GmbH (AS48596)	1
mojsite.com	AS-VULTR (AS20473)	3
OVH SAS	MasterDC s.r.o. (AS24971)	1
DIGICERT	Cloudflare London, LLC (AS209242)	3
4tel.co	4Tel Telekomunikacije d.o.o. (AS203964)	1
internex.at	MICROSOFT-CORP-MSN-AS-BLOCK (AS8075)	1
SIEL, d.o.o.	Contabo GmbH (AS51167)	1
Host Europe GmbH	T-2, d.o.o. (AS34779)	2
hesburger.fi	DNA Oyj (AS16086)	1
Hrvatski Telekom d.d.	Optimus IT d.o.o. (AS48894)	3
Optimus IT d.o.o.	Telemach Slovenija d.o.o. (AS41828)	1
cns-ebusiness.com	T-Systems International GmbH (AS6878)	2
nitrogen.hu	Magyar Telekom Plc. (AS5483)	1
studio4web.com	Telemach Slovenija d.o.o. (AS41828)	1
A1 Hrvatska d.o.o.	Scaleway S.a.s. (AS12876)	7
freedns.si	DIGITALOCEAN-ASN (AS14061)	5
studio4web.com	Cloudflare London, LLC (AS209242)	2
NSONE	GOOGLE-CLOUD-PLATFORM (AS396982)	1
accuwebhosting.com	LIMESTONENETWORKS (AS46475)	1
CLOUDFLARENET	Magic Net D.o.o. (AS44377)	6
AMAZON-02	DIGITALOCEAN-ASN (AS14061)	7
pegasus.it	AMAZON-02 (AS16509)	1
nsresponse.com	AS-COLOCROSSING (AS36352)	8
ns14.net	MSC Cruises SA (AS207482)	1
AMAZON-02	Leaseweb Deutschland GmbH (AS28753)	1
voxern.eu	PONYNET (AS53667)	1
markmonitor.zone	FASTLY (AS54113)	2
orbis.hr	Cyber_Folks SRL (AS44043)	1
freedns.si	AMAZON-02 (AS16509)	3
oderland.com	ODERLAND Webbhotell AB (AS44136)	4
awsdns-10.org	DIGITALOCEAN-ASN (AS14061)	1
dihost.net	A2HOSTING (AS55293)	1
SETCOR d.o.o.	Akton d.o.o. (AS25467)	1
fedsrv.com	WIIT AG (AS24961)	9
netio.cz	MasterDC s.r.o. (AS24971)	1
almeva.cz	DIGITALOCEAN-ASN (AS14061)	1
vshosting.cloud	VSHosting s.r.o. (AS43541)	3
OVH SAS	GOOGLE (AS15169)	6
DIGICERT	InterNetX GmbH (AS15456)	4
dns24.hu	Rackhost Zrt. (AS210579)	11
SOFTLAYER	SETCOR d.o.o. (AS61211)	1
telematica.at	ANEXIA Internetdienstleistungs GmbH (AS42473)	1
domain-hosting.name	InterNetX GmbH (AS15456)	2
CLOUDFLARENET	Hrvatski Telekom d.d. (AS13046)	7
netim.net	Hetzner Online GmbH (AS24940)	5
unitechnal.cloud	WebSupport s.r.o. (AS51013)	1
NetActuate, Inc	AMAZON-02 (AS16509)	4
ideja.biz	Freethought Internet Limited (AS41000)	4
cloudns.net	Tilaa B.V. (AS196752)	3
infosplet.com	Optimus IT d.o.o. (AS48894)	2
dnsiaas.com	velia.net Internetdienste GmbH (AS29066)	1
techlong.hr	SINGLEHOP-LLC (AS32475)	1
hostilica.net	Hetzner Online GmbH (AS24940)	2
CLOUDFLARENET	BRSPD-PUBLIC (AS19901)	1
mydevil.net	Atman Sp. z o.o. (AS57367)	1
studiowebart.biz	cyber_Folks d.o.o (AS201563)	4
obitelji3plus.hr	CRATIS d.o.o. (AS61094)	1
freedns.hr	Telemach Hrvatska d.o.o. (AS34594)	2
InterNetX GmbH	CEWE Stiftung & Co. KGaA (AS49494)	2
biz.ht	Zetta Hosting Solutions LLC. (AS44476)	1
NUCDN	LIGHTEDGE-AS-02 (AS11320)	1
mojhosting.biz	Hetzner Online GmbH (AS24940)	1
SECURITYSERVICES	DOM Digital Online Media GmbH (AS31521)	3
SINGLEHOP-LLC	Telemach Hrvatska d.o.o. (AS34594)	1
e-tiger.net	Hetzner Online GmbH (AS24940)	1
simply.com	FASTLY (AS54113)	1
CLOUDFLARENET	CoreIT AB (AS209041)	1
mindsolutions.io	Akton d.o.o. (AS25467)	1
hostingcentar.com	Plus Hosting Grupa d.o.o. (AS12417)	1
PRIVATESYSTEMS	Wix.com Ltd. (AS58182)	1
loopia.se	Loopia AB (AS39570)	9
wpxhosting.com	K Media Tech Ltd. (AS210250)	2
CLOUDFLARENET	Host Europe GmbH (AS34011)	1
cleversys.hr	Hetzner Online GmbH (AS24940)	1
transparentan-sinj.xyz	NAMECHEAP-NET (AS22612)	1
nhl-data.dk	NForce Entertainment B.V. (AS43350)	1
dacoda.com	CLOUDFLARENET (AS13335)	1
webglobe.cz	Shoptet, a.s. (AS198627)	4
netim.net	Akamai Connected Cloud (AS63949)	2
alfahosting.info	dogado GmbH (AS45012)	1
POSLuH d.o.o, za informaticke usluge i trgovinu	GOOGLE (AS15169)	2
kbsd.hr	Financijska agencija (AS41336)	1
euronic.fi	Hrvatski Telekom d.d. (AS5391)	1
netwerkdns.at	Mittwald CM Service GmbH & Co. KG (AS15817)	1
hah.hr	A1 Hrvatska d.o.o. (AS25528)	1
MICROSOFT-CORP-MSN-AS-BLOCK	Hrvatska posta d.d. (AS196622)	8
registrar-servers.com	WEEBLY (AS27647)	4
MICROSOFT-CORP-MSN-AS-BLOCK	velia.net Internetdienste GmbH (AS29066)	1
markmonitor.com	Optimizely AB (AS30811)	2
ucoz.net	Webhost LLC (AS44094)	1
serco.hu	Plus Hosting Grupa d.o.o. (AS12417)	1
Hrvatski Telekom d.d.	Webtasy, d.o.o. (AS43128)	1
SETCOR d.o.o.	DIGITALOCEAN-ASN (AS14061)	12
ziger.hr	CRATIS d.o.o. (AS61094)	1
AMAZON-02	Contabo GmbH (AS51167)	3
CLOUDFLARENET	DATABOX d.o.o. (AS206575)	10
nanobrow.store	OVH SAS (AS16276)	1
curaden-hosting.ch	Hosting eXperts Switzerland AG (AS200979)	1
avx.pl	Artnet Sp. z o.o. (AS197155)	1
Hetzner Online GmbH	AMAZON-02 (AS16509)	13
AMAZON-02	AS-VULTR (AS20473)	1
websitewave.net	Plus Hosting Grupa d.o.o. (AS12417)	11
mps.hr	Plus Hosting Grupa d.o.o. (AS12417)	2
dobar.hosting	Hetzner Online GmbH (AS24940)	3
ADVAN-CAST	mCloud doo (AS35779)	5
markmonitor.zone	CLOUDFLARENET (AS13335)	2
wmdservers.com	Hetzner Online GmbH (AS24940)	1
site.be	AMAZON-02 (AS16509)	1
kbf.hr	Hetzner Online GmbH (AS24940)	1
MICROSOFT-CORP-MSN-AS-BLOCK	netcup GmbH (AS197540)	2
IONOS SE	MICROSOFT-CORP-MSN-AS-BLOCK (AS8075)	1
win-2vmmsdjf1iu.	SWAN, a.s. (AS5578)	1
migadu.com	SETCOR d.o.o. (AS61211)	1
lh.pl	LH.pl Sp. z o.o. (AS203417)	4
OVH SAS	Hostinger International Limited (AS47583)	2
registrar-servers.com	Contabo GmbH (AS51167)	4
AMAZON-02	DIGICERT (AS16552)	2
cloud.hr	T-2, d.o.o. (AS34779)	1
awsdns-16.org	GlobalConnect A/S (AS31027)	1
editor.si	Webtasy, d.o.o. (AS43128)	5
orbis.hr	AMAZON-02 (AS16509)	5
Host Europe GmbH	Contabo GmbH (AS51167)	7
CLOUDFLARENET	Akton d.o.o. (AS25467)	4
mojsite.com	IONOS SE (AS8560)	1
vacan-soleil.hr	Signet B.V. (AS20857)	1
OVH SAS	CRATIS d.o.o. (AS61094)	12
zoneedit.com	MICROSOFT-CORP-MSN-AS-BLOCK (AS8075)	1
web4u.cz	CASABLANCA INT a.s. (AS15685)	1
Nessus GmbH	Next Layer Telekommunikationsdienstleistungs- und Beratungs GmbH (AS1764)	1
CLOUDFLARENET	Awareness Software Limited (AS34931)	3
controlpanel.si	SIEL, d.o.o. (AS51790)	1
managed-ip.com	NetPlans GmbH (AS202661)	1
orbis.hr	GOOGLE-CLOUD-PLATFORM (AS396982)	5
netim.net	Signet B.V. (AS20857)	1
UNIFIEDLAYER-AS-1	CLOUDFLARENET (AS13335)	1
IONOS SE	netcup GmbH (AS197540)	1
cloudns.net	Scaleway S.a.s. (AS12876)	4
bosch.de	Robert Bosch Gesellschaft mit Beschraenkter Haftung (AS9183)	5
namehero.com	OVH SAS (AS16276)	3
CLOUDFLARENET	SIEL, d.o.o. (AS51790)	4
socgen.com	OVH SAS (AS16276)	1
Barrage d.o.o.	Barrage d.o.o. (AS62182)	4
cloudns.net	Croatian Academic and Research Network (AS2108)	2
infoitdns.com	AMAZON-02 (AS16509)	10
awsdns-14.net	Immobiliare.it S.p.A. (AS207697)	1
riconnect.de	ORACLE-BMC-31898 (AS31898)	2
awsdns-11.org	AMAZON-02 (AS16509)	2
sistemas.hr	CRATIS d.o.o. (AS61094)	1
wphactory.com	Optimus IT d.o.o. (AS48894)	3
afraid.org	GOOGLE-CLOUD-PLATFORM (AS396982)	2
AS-VULTR	AMAZON-02 (AS16509)	4
a1.net	Deutsche Telekom Global Business Solutions GmbH (AS8387)	5
dnssunucu.com	TurkNet Iletisim Hizmetleri A.S. (AS12735)	1
SETCOR d.o.o.	SQUARESPACE (AS53831)	4
hostingraja.org	Cloudflare London, LLC (AS209242)	1
CLOUDFLARENET	BIT BV (AS12859)	1
lika-online.com	SETCOR d.o.o. (AS61211)	3
POSLuH d.o.o, za informaticke usluge i trgovinu	CRATIS d.o.o. (AS61094)	1
aci-group.hr	IONOS SE (AS8560)	1
ittim-online.com	Hetzner Online GmbH (AS24940)	1
A1 Hrvatska d.o.o.	CLOUDFLARENET (AS13335)	2
ulimitserver.com	mCloud doo (AS35779)	7
world4you.at	Hetzner Online GmbH (AS24940)	2
optimus.si	Optimus IT d.o.o. (AS48894)	2
datastream.hr	SETCOR d.o.o. (AS61211)	2
vcfuk.com	Node4 Limited (AS31727)	1
iplace.at	iPlace Internet & Network Services GmbH (AS29545)	2
Telehouse EAD	Telehouse EAD (AS57344)	5
com.hr	DIGITALOCEAN-ASN (AS14061)	1
Telemach Hrvatska d.o.o.	PRIVATESYSTEMS (AS63410)	1
cloudns.net	CLOUDFLARENET (AS13335)	5
smlweb.click	4Tel Telekomunikacije d.o.o. (AS203964)	2
site.pro	AMAZON-02 (AS16509)	4
AMAZON-02	WEDOS Internet, a.s. (AS197019)	1
atvirtual.com	Festo Management SE (AS41700)	1
ipcom GmbH	Porsche Informatik Gesellschaft m.b.H (AS29085)	8
n0c.com	PLANETHOSTER-8 (AS53589)	3
SECURITYSERVICES	23M GmbH (AS47447)	1
gransy.com	Contabo GmbH (AS51167)	1
isusovci.hr	OVH SAS (AS16276)	2
grf.hr	Croatian Academic and Research Network (AS2108)	1
GOOGLE	Tomsoft d.o.o. (AS25365)	6
kieslinghosting.eu	Access2.IT Group B.V. (AS208258)	1
SETCOR d.o.o.	MICROSOFT-CORP-MSN-AS-BLOCK (AS8075)	1
syncserver.at	InterNetworX Management GmbH (AS48596)	1
infoitdns.com	SETCOR d.o.o. (AS61211)	5
cloudns.net	Hrvatski Telekom d.d. (AS5391)	2
rogjoma-server.com	Hetzner Online GmbH (AS24940)	1
totohost.com	AMAZON-02 (AS16509)	3
gfd.si	Hetzner Online GmbH (AS24940)	2
glipac.ch	Bluewin (AS3303)	4
paginesi.it	Fastweb (AS12874)	1
CRATIS d.o.o.	Servergarden Kft. (AS47381)	1
POSLuH d.o.o, za informaticke usluge i trgovinu	MICROSOFT-CORP-MSN-AS-BLOCK (AS8075)	1
team.blue Denmark A/S	team.blue Denmark A/S (AS48854)	5
mev.hr	Croatian Academic and Research Network (AS2108)	1
ipcom GmbH	NTT-DATA-2914 (AS2914)	1
Sedmi Odjel d.o.o.	POSLuH d.o.o, za informaticke usluge i trgovinu (AS25277)	2
dnsexit.com	Hrvatski Telekom d.d. (AS13046)	3
nivago.net	Plus Hosting Grupa d.o.o. (AS12417)	20
webit.hr	OVH SAS (AS16276)	3
cloud.hr	Hetzner Online GmbH (AS24940)	4
telenet.be	Telenet BV (AS6848)	3
CLOUDFLARENET	RENDER (AS397273)	4
wwdh.hu	Hetzner Online GmbH (AS24940)	4
unix-solutions.be	OVH SAS (AS16276)	1
CLOUDFLARENET	United Internet Ltd. (AS207604)	1
terrakom.hr	IT Jedan d.o.o. (AS60762)	2
unicolorhr.net	HVC-AS (AS29802)	1
MICROSOFT-CORP-MSN-AS-BLOCK	NETWORK-SOLUTIONS-HOSTING (AS19871)	1
POSLuH d.o.o, za informaticke usluge i trgovinu	DIGITALOCEAN-ASN (AS14061)	1
cloud86.nl	Duocast B.V. (AS31477)	2
register.it	FASTLY (AS54113)	1
co.uk	Akamai International B.V. (AS20940)	1
parktons.com	Gransy s.r.o. (AS60592)	1
ipcom GmbH	Scaleway S.a.s. (AS12876)	1
OVH SAS	A1 Hrvatska d.o.o. (AS12810)	3
Hrvatska posta d.d.	Hrvatska posta d.d. (AS196622)	4
registrar-servers.com	AS-VULTR (AS20473)	2
sybell.hu	Sybell Informatika Kft (AS62449)	3
Seonet Multimedia s.r.o.	CLOUDFLARENET (AS13335)	2
aipi.at	Hetzner Online GmbH (AS24940)	2
mystableservers.com	Hetzner Online GmbH (AS24940)	1
Nessus GmbH	dogado GmbH (AS208582)	8
klopca.net	Optimus IT d.o.o. (AS48894)	6
routing.net	Hetzner Online GmbH (AS24940)	3
ipcom GmbH	MasterDC s.r.o. (AS24971)	1
managed-vps.net	Telehouse EAD (AS57344)	2
telekom.rs	TELEKOM SRBIJA a.d. (AS8400)	1
migadu.com	A2HOSTING (AS55293)	1
unistelecom.hr	SETCOR d.o.o. (AS61211)	1
Netnod AB	Adacor Hosting GmbH (AS42442)	8
GOOGLE	CLOUDFLARENET (AS13335)	4
netim.net	UK Dedicated Servers Limited (AS42831)	1
terrakom.hr	Akton d.o.o. (AS25467)	1
internex.at	Host Europe GmbH (AS21499)	1
t211.net	Plus Hosting Grupa d.o.o. (AS12417)	3
AMAZON-02	FASTLY (AS54113)	3
domeny.host	Internet Cafe uslugi informatyczne Miroslaw Backiel (AS35787)	1
POSLuH d.o.o, za informaticke usluge i trgovinu	CLOUDFLARENET (AS13335)	4
Rackspace Ltd.	Akamai Connected Cloud (AS63949)	5
awsdns-13.org	AMAZON-02 (AS16509)	1
SETCOR d.o.o.	A1 Hrvatska d.o.o. (AS35549)	1
register.be	Cloudflare London, LLC (AS209242)	1
embeddedsolutions.hr	Terrakom d.o.o. (AS34362)	1
Dataspace P.s.a.	Dataspace P.s.a. (AS50599)	9
matrix-virovitica.com	LeaseWeb Netherlands B.V. (AS60781)	2
netim.net	Telemach Hrvatska d.o.o. (AS34594)	1
dihost.net	OVH SAS (AS16276)	1
NUCDN	GOOGLE-CLOUD-PLATFORM (AS396982)	2
Blink d.o.o.	Blink d.o.o. (AS51485)	8
SECURITYSERVICES	DIGITALOCEAN-ASN (AS14061)	3
ACTIVE 24, s.r.o.	Rackforest Zrt. (AS62214)	4
awsdns-04.org	AMAZON-AES (AS14618)	1
1and1-dns.com	IONOS SE (AS8560)	5
CLOUDFLARENET	Sedmi Odjel d.o.o. (AS198785)	3
orbis.hr	CRATIS d.o.o. (AS61094)	6
DIGICERT	MARCANT AG (AS15726)	2
SECURITYSERVICES	A1 Hrvatska d.o.o. (AS35549)	1
holcim.com	AMAZON-02 (AS16509)	2
frei.net	Sylon Hosting GmbH (AS197439)	1
totohost.com	GOOGLE-CLOUD-PLATFORM (AS396982)	2
intelium.eu	Akton d.o.o. (AS25467)	1
HURRICANE	ORACLE-BMC-31898 (AS31898)	1
CLOUDFLARENET	SH.cz s.r.o. (AS39392)	1
SECURITYSERVICES	Plus Hosting Grupa d.o.o. (AS12417)	3
blacknightdns.com	AMAZON-02 (AS16509)	1
Seonet Multimedia s.r.o.	VSHosting s.r.o. (AS43541)	1
NUCDN	MICROSOFT-CORP-MSN-AS-BLOCK (AS8075)	2
hattrick.hr	Plus Hosting Grupa d.o.o. (AS12417)	1
CLOUDFLARENET	Hostek AB (AS61207)	1
epag.net	Retelit Digital Services S.p.A. (AS20811)	1
Host Europe GmbH	MICROSOFT-CORP-MSN-AS-BLOCK (AS8075)	7
CLOUDFLARENET	DRSERVER1 (AS396881)	1
europlast.hr	Hetzner Online GmbH (AS24940)	1
OVH SAS	POSLuH d.o.o, za informaticke usluge i trgovinu (AS25277)	1
ZONER a.s.	PRO-ZETA a.s. (AS60606)	1
zoner.fi	Zoner Oy (AS201692)	1
lzmk.hr	Croatian Academic and Research Network (AS2108)	2
tomsoft.hr	OVH SAS (AS16276)	4
home.pl	DIGITALOCEAN-ASN (AS14061)	1
starfiniti.com	Hetzner Online GmbH (AS24940)	2
SETCOR d.o.o.	cyber_Folks d.o.o (AS201563)	3
codedev.link	Plus Hosting Grupa d.o.o. (AS12417)	1
Grad Rijeka-Gradsko Vijece	cyber_Folks d.o.o (AS201563)	1
dnsvisa.com	CLOUDFLARENET (AS13335)	1
telebit.hr	4Tel Telekomunikacije d.o.o. (AS203964)	1
croatiaairlines.hr	Croatia Airlines D.d. (AS35416)	2
Hetzner Online GmbH	Bluewin (AS3303)	1
host-ed.me	Hetzner Online GmbH (AS24940)	1
Register S.p.A.	Register S.p.A. (AS39729)	12
METANET AG	METANET AG (AS21069)	5
123ns.de	noris network AG (AS12337)	2
alago.hr	AS-VULTR (AS20473)	1
web4u.cz	Vodafone Czech Republic a.s. (AS16019)	1
xhosting.biz	AS-VULTR (AS20473)	1
stable.cz	Webglobe, s.r.o. (AS29134)	3
Host Europe GmbH	Host Europe GmbH (AS34011)	3
itmoves.net	TNG Stadtnetz GmbH (AS13101)	1
hobohost.com	NDCHOST (AS33322)	3
MICROSOFT-CORP-MSN-AS-BLOCK	Contabo GmbH (AS51167)	10
kuhada.net	GOOGLE-CLOUD-PLATFORM (AS396982)	4
infoart.si	Hetzner Online GmbH (AS24940)	1
ANEXIA Internetdienstleistungs GmbH	Coloplast A/S (AS25111)	1
Blacknight Internet Solutions Limited	Blacknight Internet Solutions Limited (AS39122)	3
linode.com	GOOGLE (AS15169)	1
zerotco.com	Invitech ICT Services Kft. (AS12301)	2
lemarit.de	AMAZON-02 (AS16509)	6
Sedmi Odjel d.o.o.	Cloudflare London, LLC (AS209242)	1
LDSCHURCH1	LDSCHURCH1 (AS19648)	4
digitalis.ba	Globalhost d.o.o. (AS200698)	1
hosttech.de	hosttech GmbH (AS207143)	1
fdhost.net	Terrakom d.o.o. (AS34362)	1
totohost.com	Wix.com Ltd. (AS58182)	5
aziendeitalia.com	MasterDC s.r.o. (AS24971)	1
OVH SAS	Porsche Informatik Gesellschaft m.b.H (AS29085)	2
awsdns-10.org	MICROSOFT-CORP-MSN-AS-BLOCK (AS8075)	1
CLOUDFLARENET	IWEB-AS (AS32613)	1
T-2, d.o.o.	T-2, d.o.o. (AS34779)	8
SETCOR d.o.o.	Hetzner Online GmbH (AS24940)	10
mojsite.com	AMAZON-AES (AS14618)	5
OVH SAS	Akton d.o.o. (AS25467)	1
spletina.com	Hetzner Online GmbH (AS24940)	1
hostingww.com	AMAZON-02 (AS16509)	1
nymphbyte.com	SETCOR d.o.o. (AS61211)	4
simply.com	team.blue Denmark A/S (AS48854)	1
MICROSOFT-CORP-MSN-AS-BLOCK	PlusServer GmbH (AS61157)	2
dnshigh.com	Hetzner Online GmbH (AS24940)	1
elasticbox.eu	AGENDA komunikacijski in informacijski inzeniring d.o.o. (AS57623)	1
net.tr	Vodafone Net Iletisim Hizmetler AS (AS15924)	1
DIGICERT	Hetzner Online GmbH (AS24940)	5
alpha-aplikacije.hr	Plus Hosting Grupa d.o.o. (AS12417)	5
WEDOS Internet, a.s.	WEDOS Internet, a.s. (AS197019)	8
tronvps.xyz	SETCOR d.o.o. (AS61211)	1
cert.hr	Croatian Academic and Research Network (AS2108)	1
digitalnaproizvodnja.hr	Fenice Telekom Grupa d.o.o. (AS204020)	1
T-Mobile Austria GmbH	AMAZON-02 (AS16509)	1
vismadns.com	Visma Software International AS (AS61213)	1
mStart plus d.o.o.	BeotelNet-ISP d.o.o (AS6700)	1
ZONER a.s.	T-Mobile Czech Republic a.s. (AS13036)	1
wiredtree.com	LIQUIDWEB (AS32244)	2
hostingcentar.com	DIGITALOCEAN-ASN (AS14061)	1
tomsoft.hr	Terrakom d.o.o. (AS34362)	1
cloud.hr	Contabo GmbH (AS51167)	4
i-net-hosting.net	PlusServer GmbH (AS61157)	1
a2it.hr	SETCOR d.o.o. (AS61211)	2
awsdns-24.net	AMAZON-02 (AS16509)	1
ns14.net	Hetzner Online GmbH (AS24940)	8
Telemach Slovenija d.o.o.	Hetzner Online GmbH (AS24940)	1
freedns.si	Posta Slovenije d.o.o. (AS28682)	1
SECURITYSERVICES	Datagroup Se (AS198333)	2
foodns.net	Telemach Slovenija d.o.o. (AS41828)	1
vipdata.hr	A1 Hrvatska d.o.o. (AS12810)	1
astma.hr	A1 Hrvatska d.o.o. (AS25528)	1
medis.si	LeaseWeb Netherlands B.V. (AS60781)	2
clicksports.org	Hetzner Online GmbH (AS24940)	1
reg.ru	Domain names registrar REG.RU, Ltd (AS197695)	1
mojsite.com	Tarhely.Eu Szolgaltato Kft. (AS43359)	1
facebook.com	FACEBOOK (AS32934)	2
ovh.ca	OVH SAS (AS16276)	1
orbis.hr	Wix.com Ltd. (AS58182)	10
MICROSOFT-CORP-MSN-AS-BLOCK	Croatian Academic and Research Network (AS2108)	4
CLOUDFLARENET	ATW Internet Kft. (AS41075)	2
Hrvatski Telekom d.d.	Telemach Hrvatska d.o.o. (AS34594)	3
cloudns.net	DATABOX d.o.o. (AS206575)	1
SIEL, d.o.o.	CLOUDFLARENET (AS13335)	1
salonit.si	Mittwald CM Service GmbH & Co. KG (AS15817)	1
NUCDN	DIGITALOCEAN-ASN (AS14061)	3
NUCDN	Neue Medien Muennich GmbH (AS34788)	2
data-center.com	Hetzner Online GmbH (AS24940)	1
divisyon.eu	Hetzner Online GmbH (AS24940)	3
SIEL, d.o.o.	Kamatera Inc (AS41436)	1
devopshosting.online	Leaseweb UK Limited (AS205544)	2
awsdns-38.com	AMAZON-02 (AS16509)	2
csirt.hr	Croatian Academic and Research Network (AS2108)	1
infoitdns.com	GOOGLE-CLOUD-PLATFORM (AS396982)	3
ACTIVE 24, s.r.o.	Webglobe, s.r.o. (AS29134)	1
weblium.com	GOOGLE-CLOUD-PLATFORM (AS396982)	1
Hrvatski Telekom d.d.	DIGITALOCEAN-ASN (AS14061)	8
GOOGLE	POSLuH d.o.o, za informaticke usluge i trgovinu (AS25277)	3
hosting.de	1&1 Versatel Deutschland GmbH (AS8881)	1
austriawebhosting.at	Artfiles New Media GmbH (AS8893)	1
Hetzner Online GmbH	SETCOR d.o.o. (AS61211)	1
mojsite.com	WEDOS Internet, a.s. (AS197019)	1
phg.hr	Webtasy, d.o.o. (AS43128)	1
HURRICANE	Plus Hosting Grupa d.o.o. (AS12417)	2
MICROSOFT-CORP-MSN-AS-BLOCK	Scaleway S.a.s. (AS12876)	4
emigma.com	Webtasy, d.o.o. (AS43128)	1
sistemas.hr	UNIFIEDLAYER-AS-1 (AS46606)	1
elite.hr	Plus Hosting Grupa d.o.o. (AS12417)	1
netim.net	OVH SAS (AS16276)	6
dnsbycomodo.net	AMAZON-AES (AS14618)	1
awsdns-22.org	CRATIS d.o.o. (AS61094)	1
dynu.com	Hostek AB (AS61207)	1
domene.si	Eurofiber France SAS (AS24935)	11
orbis.hr	SQUARESPACE (AS53831)	2
combell.net	SOFTLAYER (AS36351)	1
AMAZON-02	INCAPSULA (AS19551)	1
GOOGLE	Scaleway S.a.s. (AS12876)	1
math.hr	Croatian Academic and Research Network (AS2108)	2
Telemach Hrvatska d.o.o.	Sedmi Odjel d.o.o. (AS198785)	2
sysup.at	SysUP OG (AS42882)	3
verso.hr	cyber_Folks d.o.o (AS201563)	1
acomputer.cz	CASABLANCA INT a.s. (AS15685)	2
markmonitor.com	FASTLY (AS54113)	1
otpbanka.hr	OTP banka d.d. (AS59786)	1
netim.net	Netsons s.r.l. (AS60087)	1
IONOS SE	Hrvatski Telekom d.d. (AS13046)	1
cibalia.com	NETWORK-SOLUTIONS-HOSTING (AS19871)	6
MICROSOFT-CORP-MSN-AS-BLOCK	UNIFIEDLAYER-AS-1 (AS46606)	4
awsdns-12.org	AMAZON-02 (AS16509)	1
kwikdns.com	Webzilla B.V. (AS35415)	2
A1 Hrvatska d.o.o.	AMAZON-02 (AS16509)	5
unknown	SETCOR d.o.o. (AS61211)	8
CLOUDFLARENET	RAMNODE (AS3842)	1
Telemach Hrvatska d.o.o.	velia.net Internetdienste GmbH (AS29066)	1
MICROSOFT-CORP-MSN-AS-BLOCK	AMAZON-AES (AS14618)	1
Hetzner Online GmbH	LeaseWeb Netherlands B.V. (AS60781)	4
studio4web.com	SETCOR d.o.o. (AS61211)	2
nscluster.tn	AMAZON-02 (AS16509)	1
silver.hr	Hetzner Online GmbH (AS24940)	1
NUCDN	OVH SAS (AS16276)	2
crosig.hr	Croatia Osiguranje (AS48256)	2
Data Target d.o.o.	Data Target d.o.o. (AS62294)	4
kei.pl	Cyber_Folks S.A. (AS29522)	3
h-1.hr	Telemach Hrvatska d.o.o. (AS34594)	1
AMAZON-02	FORTRESSITX (AS25653)	5
inzenjer.hr	CRATIS d.o.o. (AS61094)	1
AMAZON-02	SIEL, d.o.o. (AS51790)	1
AMAZON-02	Bradler & Krantz GmbH & Co. KG (AS29141)	1
Hetzner Online GmbH	CRATIS d.o.o. (AS61094)	1
cs.hr	A1 Hrvatska d.o.o. (AS12810)	1
awsdns-40.org	AMAZON-02 (AS16509)	1
kuhada.net	TimeWeb LLC (AS9123)	1
risely.digital	Hetzner Online GmbH (AS24940)	1
SETCOR d.o.o.	OVH SAS (AS16276)	2
Blink d.o.o.	A1 Hrvatska d.o.o. (AS35549)	1
Host Europe GmbH	Rackforest Zrt. (AS62214)	3
CLOUDFLARENET	Tarhely.Eu Szolgaltato Kft. (AS43359)	1
orbis.hr	GOOGLE (AS15169)	2
beget.com	Beget LLC (AS198610)	1
ns14.net	Signet B.V. (AS20857)	2
cloudns.net	RAILWAY (AS400940)	1
hostgate.ro	Hetzner Online GmbH (AS24940)	1
ipcom GmbH	DIGITALOCEAN-ASN (AS14061)	1
Hrvatski Telekom d.d.	GO-DADDY-COM-LLC (AS398787)	1
a1.net	MICROSOFT-CORP-MSN-AS-BLOCK (AS8075)	3
CLOUDFLARENET	Webglobe, s.r.o. (AS29134)	2
mojsite.com	Telemach Hrvatska d.o.o. (AS34594)	2
NSONE	FASTLY (AS54113)	2
mojsite.com	Hrvatski Telekom d.d. (AS13046)	4
CLOUDFLARENET	WHG Hosting Services Ltd (AS51713)	1
freedns.hr	Scaleway S.a.s. (AS12876)	1
OVH SAS	FASTLY (AS54113)	2
loopiagroup.com	Loopia AB (AS41528)	2
MICROSOFT-CORP-MSN-AS-BLOCK	Cyso Group B.V. (AS25151)	7
CLDIN B.V.	CLDIN B.V. (AS48635)	5
infoitdns.com	Cloudflare London, LLC (AS209242)	1
callidus.hr	SETCOR d.o.o. (AS61211)	1
get-nekretnine.hr	A1 Hrvatska d.o.o. (AS35549)	1
netcup GmbH	netcup GmbH (AS197540)	7
netim.net	Hrvatski Telekom d.d. (AS5391)	1
allegro.pl	Allegro sp. z o.o. (AS31621)	2
home.pl	Dataspace P.s.a. (AS50599)	1
pharmas.hr	Hrvatski Telekom d.d. (AS5391)	1
fastdirectadminserver.com	OVH SAS (AS16276)	1
frigofood.hr	SETCOR d.o.o. (AS61211)	1
NSONE	INTERNAP-BLOCK-4 (AS14742)	1
abedns.net	Tele2 SWIPnet (AS1257)	2
registrar-servers.com	HOSTHATCH (AS63473)	1
CLOUDFLARENET	NForce Entertainment B.V. (AS43350)	1
domserver.de	InterNetX GmbH (AS15456)	3
cloudns.net	DIGITALOCEAN-ASN (AS14061)	3
hrt.hr	Croatian Radio Television (AS6794)	3
ports.se	ODERLAND Webbhotell AB (AS44136)	1
Akton d.o.o.	GOOGLE (AS15169)	2
Nessus GmbH	Hetzner Online GmbH (AS24940)	3
nivago.net	DIGITALOCEAN-ASN (AS14061)	1
GOOGLE	cyber_Folks d.o.o (AS201563)	4
awsdns-39.org	AMAZON-02 (AS16509)	1
mints.hr	APIS IT d.o.o. (AS199401)	1
hqhosting.net	Fastweb (AS12874)	1
fultus.eu	CRATIS d.o.o. (AS61094)	2
Hetzner Online GmbH	MICROSOFT-CORP-MSN-AS-BLOCK (AS8075)	1
WEDOS Internet, a.s.	Akamai International B.V. (AS20940)	1
spot.host	CLDIN B.V. (AS48635)	1
dekada-inflatables.eu	NAMECHEAP-NET (AS22612)	2
amzndns.com	AMAZON-02 (AS16509)	1
awsdns-10.org	AMAZON-02 (AS16509)	4
dm-drogerie markt GmbH + Co. KG	Nessus GmbH (AS47692)	1
awsdns-23.org	Hetzner Online GmbH (AS24940)	1
MICROSOFT-CORP-MSN-AS-BLOCK	WEEBLY (AS27647)	1
amis.net	DIGITALOCEAN-ASN (AS14061)	1
infokorp.hr	SETCOR d.o.o. (AS61211)	1
NUCDN	netcup GmbH (AS197540)	1
callidus.hr	cyber_Folks d.o.o (AS201563)	4
from.hr	Croatian Academic and Research Network (AS2108)	3
hostnet.nl	Infopact Netwerkdiensten B.V. (AS21221)	2
markmonitor.zone	INCAPSULA (AS19551)	1
CLOUDFLARENET	Telemach Hrvatska d.o.o. (AS205714)	1
a1.net	Hetzner Online GmbH (AS24940)	5
crohost.net	SETCOR d.o.o. (AS61211)	1
tomsoft.hr	CRATIS d.o.o. (AS61094)	3
internex.at	InterNetX GmbH (AS15456)	7
aflofarm.pl	Orange Polska Spolka Akcyjna (AS5617)	1
xhosting.biz	CLOUDFLARENET (AS13335)	1
pingaj.me	Hetzner Online GmbH (AS24940)	7
zonomi.com	Hrvatski Telekom d.d. (AS5391)	6
koncar-institut.hr	Sistemske integracije d.o.o. (AS42593)	1
server-065.com	Telemach Hrvatska d.o.o. (AS34594)	2
prosite.be	Tigron bv (AS56837)	1
digisoft.hr	NL-811-40021 (AS40021)	2
IONOS SE	AMAZON-02 (AS16509)	2
emporia.net	ESO TV Kft. (AS48893)	1
awsdns-23.org	MICROSOFT-CORP-MSN-AS-BLOCK (AS8075)	1
Hrvatski Telekom d.d.	High5! B.V. (AS60131)	1
Posta Slovenije d.o.o.	Posta Slovenije d.o.o. (AS28682)	4
MICROSOFT-CORP-MSN-AS-BLOCK	Host Europe GmbH (AS21499)	2
silicon.hr	A1 Hrvatska d.o.o. (AS12810)	1
ACTIVE 24, s.r.o.	AMAZON-02 (AS16509)	3
hosting90.cz	Webglobe, s.r.o. (AS29134)	1
SETCOR d.o.o.	Wix.com Ltd. (AS58182)	6
ACTIVE 24, s.r.o.	SWAN, a.s. (AS5578)	1
WEDOS Internet, a.s.	T-Mobile Czech Republic a.s. (AS13036)	1
xhosting.si	Telemach Slovenija d.o.o. (AS41828)	1
alcad.si	PERFTECH, podjetje za proizvodnjo in uvajanje novih tehnologij, d.o.o. (AS6764)	1
VNET a.s.	Webglobe, a.s. (AS48689)	1
Hetzner Online GmbH	SQUARESPACE (AS53831)	2
SIEL, d.o.o.	netcup GmbH (AS197540)	1
sec-ns.de	MICROSOFT-CORP-MSN-AS-BLOCK (AS8075)	1
OVH SAS	AMAZON-AES (AS14618)	3
netim.net	INTEGRITY Informatics Ltd. (AS28924)	1
SETCOR d.o.o.	WIIT AG (AS24961)	1
openit.hr	Telemach Hrvatska d.o.o. (AS34594)	1
orbis.hr	Akton d.o.o. (AS25467)	1
bu.hr	CRATIS d.o.o. (AS61094)	1
wy.sk	VSHosting s.r.o. (AS43541)	3
irmo.hr	Croatian Academic and Research Network (AS2108)	1
SETCOR d.o.o.	Sedmi Odjel d.o.o. (AS198785)	1
crodata.com	SETCOR d.o.o. (AS61211)	1
awsdns-32.org	AMAZON-02 (AS16509)	1
SECURITYSERVICES	Contabo GmbH (AS51167)	1
cloudns.net	OVH SAS (AS16276)	5
zabok.net	DEVELENTCORP PRIVATE LIMITED (AS139331)	3
Data Target d.o.o.	Hetzner Online GmbH (AS24940)	3
SETCOR d.o.o.	Hrvatski Telekom d.d. (AS5391)	3
managed-ip.com	Sunrise GmbH (AS6730)	1
antenna.hr	SEEWEB s.r.l. (AS12637)	2
elabdesign.net	SETCOR d.o.o. (AS61211)	1
T-Mobile Austria GmbH	Hrvatski Telekom d.d. (AS13046)	1
banahosting.com	SINGLEHOP-LLC (AS32475)	1
sector2.hr	CRATIS d.o.o. (AS61094)	1
exohosting.cz	SH.cz s.r.o. (AS39392)	1
NUCDN	Asimo Networks B.V. (AS49127)	2
dnsireland.com	Team Blue Carrier Limited (AS29550)	2
cusmanich.hr	Hetzner Online GmbH (AS24940)	1
server.plus	Leaseweb Deutschland GmbH (AS28753)	2
plavalaguna.hr	High5! B.V. (AS60131)	1
x-dot.de	1&1 Versatel Deutschland GmbH (AS8881)	2
speedydns.net	NETWORK-SOLUTIONS-HOSTING (AS19871)	1
mtfcloud.ch	MTF Solutions AG (AS20988)	2
AMAZON-02	ORACLE-BMC-31898 (AS31898)	1
perf1.com	SuperHosting.BG Ltd. (AS201200)	1
Optimus IT d.o.o.	MICROSOFT-CORP-MSN-AS-BLOCK (AS8075)	1
cloud.hr	WEEBLY (AS27647)	1
VITAL-DNS	Telemach Hrvatska d.o.o. (AS205714)	1
designproject.hr	Hetzner Online GmbH (AS24940)	1
its-tpa.com	Nessus GmbH (AS47692)	2
novagraaf-dns.com	AMAZON-02 (AS16509)	1
ipcom GmbH	DXC-AS3360 (AS3360)	1
google.com	GOOGLE (AS15169)	2
xhosting.biz	AMAZON-02 (AS16509)	2
MICROSOFT-CORP-MSN-AS-BLOCK	DIGITALOCEAN-ASN (AS14061)	8
CLOUDFLARENET	CASABLANCA INT a.s. (AS15685)	1
tomsoft.hr	Plus Hosting Grupa d.o.o. (AS12417)	1
drnameservice.com	Host SpA (AS47242)	1
skycom.rs	Hetzner Online GmbH (AS24940)	1
home.pl	home.pl S.A. (AS12824)	10
Akton d.o.o.	GOOGLE-CLOUD-PLATFORM (AS396982)	1
rackforest.hu	Rackforest Zrt. (AS62214)	5
cleversys.hr	Plus Hosting Grupa d.o.o. (AS12417)	1
scannet2.dk	team.blue Denmark A/S (AS48854)	2
namemaster.de	DIGITALOCEAN-ASN (AS14061)	1
markmonitor.com	MICROSOFT-CORP-MSN-AS-BLOCK (AS8075)	1
dnstools.nl	Uniserver Internet B.V. (AS31673)	1
controlpanel.si	Posta Slovenije d.o.o. (AS28682)	1
SkyExchange Internet Access	CLOUDFLARENET (AS13335)	1
dnsexit.com	SQUARESPACE (AS53831)	1
osn.de	OSN Online Service Nuernberg GmbH (AS8859)	1
amis.net	Optimus IT d.o.o. (AS48894)	1
gransy.com	INTERNET CZ, a.s. (AS24806)	1
netim.net	ODERLAND Webbhotell AB (AS44136)	1
freedns.hr	Wix.com Ltd. (AS58182)	1
domeny.tv	Hostinger International Limited (AS47583)	1
Cyber_Folks S.A.	Cyber_Folks S.A. (AS29522)	4
mojsite.com	Orange Romania S.A. (AS8953)	1
POSLuH d.o.o, za informaticke usluge i trgovinu	Hrvatski Telekom d.d. (AS13046)	1
webpromohosting.com	NETWORK-SOLUTIONS-HOSTING (AS19871)	1
atspace.me	Zetta Hosting Solutions LLC. (AS44476)	3
register.it	Contabo GmbH (AS51167)	1
ugfischer.com	MICROSOFT-CORP-MSN-AS-BLOCK (AS8075)	1
Akamai Connected Cloud	internic Datenkommunikations GmbH (AS12401)	2
ORACLE-BMC-31898	A1 Hrvatska d.o.o. (AS35549)	2
ipcom GmbH	TWL-Kom GmbH (AS9022)	1
lemarit.de	Telekom Austria (AS8447)	3
OVH SAS	Cloudflare London, LLC (AS209242)	11
akrapovic.si	MICROSOFT-CORP-MSN-AS-BLOCK (AS8075)	1
ANEXIA Internetdienstleistungs GmbH	Medis Intago d.o.o. (AS43427)	1
A1 Hrvatska d.o.o.	INMOTION (AS22611)	1
totohost.com	DIGITALOCEAN-ASN (AS14061)	2
qmini.hr	Contabo GmbH (AS51167)	1
iprojekt.hr	Signet B.V. (AS20857)	2
nicepricehosting.net	ASN-GIGENET (AS32181)	1
studio4web.com	Sedmi Odjel d.o.o. (AS198785)	1
gransy.com	VSHosting s.r.o. (AS43541)	9
ns-serve.net	Hetzner Online GmbH (AS24940)	1
azfond.hr	Hrvatski Telekom d.d. (AS5391)	1
awsdns-28.net	AMAZON-02 (AS16509)	1
amazonaws.com	AMAZON-02 (AS16509)	1
GANDI SAS	Scaleway S.a.s. (AS12876)	1
webglobe.cz	CMIS s.r.o. (AS204949)	1
NUCDN	ELIN.hu Informatikai Szolgaltato es Tanacsado Kft. (AS208154)	1
Akamai International B.V.	AKAMAI-AS (AS16625)	5
marina-punat-grupa.hr	CRATIS d.o.o. (AS61094)	1
DIGITALOCEAN-ASN	Telia Company AB (AS3308)	1
introdns.hu	Magyar Telekom Plc. (AS5483)	2
fluentiscloud.com	AMAZON-AES (AS14618)	1
AMAZON-02	Akamai Connected Cloud (AS63949)	3
interip.nl	WorldStream B.V. (AS49981)	1
gransy.com	Akamai Connected Cloud (AS63949)	1
lenti.hr	CRATIS d.o.o. (AS61094)	1
QUIC-CLOUD	NAMECHEAP-NET (AS22612)	1
datakingcloud.rs	Drustvo za telekomunikacije Orion telekom doo Beograd-Zemun (AS9125)	1
prodomaines.com	Bdl Systemes SAS (AS38926)	2
Sedmi Odjel d.o.o.	Telemach Hrvatska d.o.o. (AS34594)	3
hal.si	Virtua IT d.o.o. (AS197944)	1
inetadmin.cz	VNET a.s. (AS29405)	1
awsdns-01.com	AMAZON-02 (AS16509)	7
Telemach Hrvatska d.o.o.	Akton d.o.o. (AS25467)	2
UUNET	Hetzner Online GmbH (AS24940)	2
SECURITYSERVICES	MCKINSEY-GLOBAL (AS395366)	1
nscluster.ee	AMAZON-02 (AS16509)	1
NUCDN	IONOS SE (AS8560)	1
DIGICERT	InterNetworX Management GmbH (AS48596)	2
omonia.hr	OMONIA d.o.o. (AS44306)	2
ipcom GmbH	Akamai Connected Cloud (AS63949)	2
home.pl	OVH SAS (AS16276)	2
mithrilnetwork.com	UK Dedicated Servers Limited (AS42831)	2
registrar-servers.com	A1 Hrvatska d.o.o. (AS35549)	2
anydns.cloud	Hetzner Online GmbH (AS24940)	1
sistemas.hr	SETCOR d.o.o. (AS61211)	2
directa.si	Webtasy, d.o.o. (AS43128)	1
freedns.si	A1 Slovenija telekomunikacijske storitve,d.d. (AS21283)	1
GOOGLE	Sybell Informatika Kft (AS62449)	1
rovinjhost.com	Hetzner Online GmbH (AS24940)	1
genesys informatica srl	genesys informatica srl (AS24994)	11
net.tr	Host Europe GmbH (AS21499)	1
terralink.de	terralink networks GmbH (AS59507)	1
LIQUIDWEB	Liquid Web B.V. (AS201682)	1
awsdns-52.org	AMAZON-02 (AS16509)	1
ipcom GmbH	AXIANS ICT Austria GmbH (AS39508)	1
awsdns-48.net	AMAZON-02 (AS16509)	1
moj-ured.net	CRATIS d.o.o. (AS61094)	1
hostnet.nl	MICROSOFT-CORP-MSN-AS-BLOCK (AS8075)	2
Hrvatski Telekom d.d.	FASTLY (AS54113)	2
ns14.net	Deutsche Glasfaser Wholesale GmbH (AS60294)	1
webglobe.cz	Hetzner Online GmbH (AS24940)	1
DIGICERT	CLOUDFLARENET (AS13335)	4
CLOUDFLARENET	Intesa Sanpaolo S.p.A. (AS13183)	3
Cyber_Folks S.A.	Cyber_Folks S.A. (AS34360)	2
VNET a.s.	CLOUDFLARENET (AS13335)	1
Telenet BV	Telenet BV (AS6848)	5
crohost.net	MICROSOFT-CORP-MSN-AS-BLOCK (AS8075)	1
AMAZON-02	M-net Telekommunikations GmbH (AS8767)	1
cleversys.hr	LIQUIDNETLTD1 (AS14555)	2
SECURITYSERVICES	VSHosting s.r.o. (AS43541)	2
CLOUDFLARENET	Nazwa.pl Sp.z.o.o. (AS15967)	1
awsdns-00.com	Cloudflare London, LLC (AS209242)	1
crohost.net	Cloudflare London, LLC (AS209242)	1
a1.net	Plus Hosting Grupa d.o.o. (AS12417)	1
meritumkomunikacije.com	Hetzner Online GmbH (AS24940)	1
timmehosting.de	Hetzner Online GmbH (AS24940)	2
markmonitor.com	OVH SAS (AS16276)	2
stableserver.net	WHG Hosting Services Ltd (AS209341)	2
certilia.com	AKD d.o.o. (AS59866)	1
hostingcentar.com	CRATIS d.o.o. (AS61094)	3
nmugroup.com	Nordisk Media Utveckling AB (AS204074)	1
web4u.cz	Web4U s.r.o. (AS39790)	10
nyhost.net	TIER-NET (AS397423)	2
sa.cz	STUDENT AGENCY k.s. (AS200844)	1
registrar-servers.com	Scaleway S.a.s. (AS12876)	2
danole.hr	Belcloud LTD (AS44901)	1
PRIVATESYSTEMS	CRATIS d.o.o. (AS61094)	1
solve-x.net	CLOUDFLARENET (AS13335)	1
webhostingbuzz.com	WHG Hosting Services Ltd (AS14670)	5
wireless-mz.hr	Hrvatski Telekom d.d. (AS5391)	1
CLOUDFLARENET	Optimizely AB (AS30811)	1
namesecure.de	Bradler & Krantz GmbH & Co. KG (AS29141)	2
MICROSOFT-CORP-MSN-AS-BLOCK	GLOBUS MARINE INTERNATIONAL d.o.o. (AS48772)	1
A1 Hrvatska d.o.o.	A1 Hrvatska d.o.o. (AS31012)	3
UUNET	Deutsche Telekom AG (AS3320)	1
subnet.hr	cyber_Folks d.o.o (AS201563)	1
DATABOX d.o.o.	Plus Hosting Grupa d.o.o. (AS12417)	1
CLOUDFLARENET	LEW TelNet GmbH (AS12886)	1
studio4web.com	Wix.com Ltd. (AS58182)	2
markmonitor.zone	Optimizely AB (AS30811)	2
CLOUDFLARENET	webgo GmbH (AS48324)	1
Cyber_Folks S.A.	Combell NV (AS34762)	1
kultura.hr	Hrvatski Telekom d.d. (AS5391)	1
e-inzenjering.net	Globalhost d.o.o. (AS200698)	1
amusewiki.org	OVH SAS (AS16276)	1
ispapi.net	AMAZON-02 (AS16509)	2
OVH SAS	SETCOR d.o.o. (AS61211)	6
totohost.com	Plus Hosting Grupa d.o.o. (AS12417)	1
ukion.net	Host Europe GmbH (AS8972)	1
gia.ch	MICROSOFT-CORP-MSN-AS-BLOCK (AS8075)	1
epag.net	Deutsche Telekom AG (AS3320)	1
brziserver.com	CRATIS d.o.o. (AS61094)	2
HURRICANE	Contabo GmbH (AS51167)	2
NetActuate, Inc	Akamai International B.V. (AS20940)	2
A1 Hrvatska d.o.o.	SETCOR d.o.o. (AS61211)	6
ovh.ca	AS-VULTR (AS20473)	1
servicio-online.net	acens Technologies, S.L. (AS16371)	2
start-dns.de	Hetzner Online GmbH (AS24940)	2
Host Europe GmbH	AS-26496-GO-DADDY-COM-LLC (AS26496)	2
Hostpoint AG	CLOUDFLARENET (AS13335)	2
profi-dns.at	oja.at GmbH (AS39912)	1
hitrost.net	Hetzner Online GmbH (AS24940)	3
registrar-servers.com	AMAZON-02 (AS16509)	5
VITAL-DNS	AMAZON-AES (AS14618)	3
cloudns.net	GOOGLE (AS15169)	1
virtualine.org	NTT-DATA-2914 (AS2914)	1
co.uk	Krystal Hosting Ltd (AS12488)	5
Business Solutions d.o.o.	SOFTNET d.o.o. (AS9119)	2
studio4web.com	WEEBLY (AS27647)	1
Deutsche Telekom AG	IONOS SE (AS8560)	1
loopia.se	ACTIVE 24, s.r.o. (AS25234)	1
Styria IT Solutions d.o.o.	AMAZON-02 (AS16509)	1
infoitdns.com	HWSERVICES-32400 (AS32400)	1
dynu.com	Hrvatski Telekom d.d. (AS5391)	3
tmdcloud.eu	SINGLEHOP-LLC (AS32475)	2
M-net Telekommunikations GmbH	ETES GmbH (AS205890)	1
kabsi.at	kabelplus GmbH (AS8339)	1
heuristika.hr	Hetzner Online GmbH (AS24940)	1
agatin.eu	SETCOR d.o.o. (AS61211)	2
elender.hu	MICROSOFT-CORP-MSN-AS-BLOCK (AS8075)	1
anim.hr	Hetzner Online GmbH (AS24940)	1
infoitdns.com	Hostinger International Limited (AS47583)	1
cloudns.net	AUTOMATTIC (AS2635)	1
webempresa.eu	Combell NV (AS34762)	2
mwebdns.de	GOOGLE (AS15169)	1
awsdns-01.com	FASTLY (AS54113)	1
vghm.hr	AMAZON-02 (AS16509)	1
telprom.eu	Telekom Slovenije, d.d. (AS5603)	1
orbis.hr	DIGITALOCEAN-ASN (AS14061)	1
orbis.hr	CASABLANCA INT a.s. (AS15685)	2
registrar-servers.com	CLOUDFLARENET (AS13335)	6
iq.pl	IQ PL Sp. z o.o. (AS47544)	1
Optimus IT d.o.o.	Telemach Slovenija d.o.o. (AS3212)	1
medis.si	Medis Intago d.o.o. (AS43427)	5
02ns.com	HVC-AS (AS29802)	1
awsdns-01.net	CLOUDFLARENET (AS13335)	1
as41887.eu	Prolocation B.V. (AS41887)	2
totohost.com	Scaleway S.a.s. (AS12876)	2
contabo.net	M-net Telekommunikations GmbH (AS8767)	1
hotelastoria.hr	Plus Hosting Grupa d.o.o. (AS12417)	1
deffner.hr	OVH SAS (AS16276)	1
adventisti.hr	CRATIS d.o.o. (AS61094)	1
cloudns.net	Team Internet AG (AS61969)	2
grom.cloud	Hetzner Online GmbH (AS24940)	1
registrar-servers.com	Hrvatski Telekom d.d. (AS13046)	2
digitalnova.at	T-Mobile Austria GmbH (AS8412)	1
dynu.com	CLOUDFLARENET (AS13335)	1
gotobg.net	Telehouse EAD (AS57344)	1
sabor.hr	Hrvatski Telekom d.d. (AS5391)	1
superhosting.rs	Superhosting doo (AS208898)	3
one2host.net	Plus Hosting Grupa d.o.o. (AS12417)	8
CLOUDFLARENET	netcup GmbH (AS197540)	3
Seonet Multimedia s.r.o.	WEDOS Internet, a.s. (AS197019)	1
POSLuH d.o.o, za informaticke usluge i trgovinu	A1 Slovenija telekomunikacijske storitve,d.d. (AS21283)	1
managed-ip.com	PlusServer GmbH (AS61157)	2
mojsite.com	Hrvatski Telekom d.d. (AS5391)	5
stradun.net	Telemach Hrvatska d.o.o. (AS34594)	3
dnsprotect.com	DIMENOC (AS33182)	2
Hutchison Drei Austria GmbH	ScaleUp Technologies GmbH & Co. KG (AS29014)	1
NAMECHEAP-NET	Akamai Connected Cloud (AS63949)	1
Contabo GmbH	GOOGLE (AS15169)	1
doiteasy.eu	IpHost P.C. (AS47521)	1
orbis.hr	cyber_Folks d.o.o (AS201563)	2
creolineserver.com	creoline GmbH (AS205948)	2
omonia.net	AMAZON-02 (AS16509)	1
irb.hr	Croatian Academic and Research Network (AS2108)	3
awsdns-09.org	AMAZON-02 (AS16509)	3
registrar-servers.com	OVH SAS (AS16276)	3
ipcom GmbH	Datacenter Luxembourg S.A. (AS24611)	5
fresenius.de	FASTLY (AS54113)	1
Hrvatski Telekom d.d.	A1 Hrvatska d.o.o. (AS12810)	2
SECURITYSERVICES	intersaar GmbH (AS12941)	1
si-shell.net	Webtasy, d.o.o. (AS43128)	2
timis.cloud	Hetzner Online GmbH (AS24940)	2
ZONER a.s.	Vodafone Czech Republic a.s. (AS16019)	1
freedns.si	MICROSOFT-CORP-MSN-AS-BLOCK (AS8075)	1
compo-dns.de	iquer.net GmbH & Co KG (AS201955)	1
exel.hr	Hetzner Online GmbH (AS24940)	1
xtremeweb.de	A1 Hrvatska d.o.o. (AS29485)	2
dotroll.com	Hostinger International Limited (AS47583)	1
liohosting.com	Hetzner Online GmbH (AS24940)	1
intelliweb.hu	AMAZON-02 (AS16509)	1
kalnik.org	NETWORK-SOLUTIONS-HOSTING (AS19871)	2
Hrvatski Telekom d.d.	IPB Internet Provider in Berlin GmbH (AS20647)	1
Host Europe GmbH	Akamai Connected Cloud (AS63949)	1
nanoco.hr	NAMECHEAP-NET (AS22612)	4
CLOUDFLARENET	Telemach Slovenija d.o.o. (AS3212)	2
VITAL-DNS	A1 Hrvatska d.o.o. (AS25528)	1
scka.hr	Croatian Academic and Research Network (AS2108)	1
vas-hosting.com	SH.cz s.r.o. (AS39392)	7
nebulus.eu	Fenice Telekom Grupa d.o.o. (AS204020)	1
srv16.com	Hetzner Online GmbH (AS24940)	3
Akton d.o.o.	CLOUDFLARENET (AS13335)	1
supersport.hr	AMAZON-02 (AS16509)	1
dn-s.nl	LeaseWeb Netherlands B.V. (AS60781)	1
CLOUDFLARENET	NAMECHEAP-NET (AS22612)	7
versuni.com	AMAZON-02 (AS16509)	1
smoothware.net	DIGITALOCEAN-ASN (AS14061)	2
mojsite.com	Aruba S.p.A. (AS31034)	1
zadarweb.com	INMOTION (AS22611)	1
SETCOR d.o.o.	Cloudflare London, LLC (AS209242)	5
SECURITYSERVICES	Babiel GmbH (AS198913)	1
ipcom GmbH	Wurth IT GmbH (AS207481)	3
freedns.si	RealTime d.o.o. (AS44325)	1
totohost.com	cyber_Folks d.o.o (AS201563)	3
beotel.net	BeotelNet-ISP d.o.o (AS6700)	2
A1 Hrvatska d.o.o.	Ans Academy Limited (AS61323)	1
serveriai.lt	CLOUDFLARENET (AS13335)	3
markmonitor.com	Cloudflare London, LLC (AS209242)	1
CLOUDFLARENET	Host Europe GmbH (AS8972)	1
portformance.com	InterNetX GmbH (AS15456)	1
totalenergies.biz	CLOUDFLARENET (AS13335)	1
awsdns-06.org	AMAZON-02 (AS16509)	2
blackhat.hr	SETCOR d.o.o. (AS61211)	2
VNET a.s.	Hetzner Online GmbH (AS24940)	2
pula.org	Croatian Academic and Research Network (AS2108)	1
CLOUDFLARENET	Telia Lietuva, AB (AS8764)	1
SECURITYSERVICES	AKAMAI-AS (AS16625)	2
swan.sk	VNET a.s. (AS29405)	4
managed-ip.com	MICROSOFT-CORP-MSN-AS-BLOCK (AS8075)	4
HURRICANE	Akamai Connected Cloud (AS63949)	1
cloudns.net	SETCOR d.o.o. (AS61211)	6
daibau.com	Webtasy, d.o.o. (AS43128)	1
totohost.com	HVC-AS (AS29802)	1
a1.net	DIGITALOCEAN-ASN (AS14061)	1
oblacno.net	DATABOX d.o.o. (AS206575)	1
sic.cz	MasterDC s.r.o. (AS24971)	1
co.uk	Mittwald CM Service GmbH & Co. KG (AS15817)	1
managed-ip.com	conova communications GmbH (AS5404)	1
CLOUDFLARENET	NETWORK-SOLUTIONS-HOSTING (AS19871)	5
znrservice.net	velia.net Internetdienste GmbH (AS29066)	1
ief.hr	A1 Hrvatska d.o.o. (AS12810)	1
hostingcentar.com	AMAZON-02 (AS16509)	2
imenik.hr	IMENIK d.o.o (AS43804)	1
SIEL, d.o.o.	Optimus IT d.o.o. (AS48894)	3
Hetzner Online GmbH	Serbia BroadBand-Srpske Kablovske mreze d.o.o. (AS31042)	1
Host Europe GmbH	CSC (AS19574)	1
dnshostlab.com	Tinext Cloud SA (AS197352)	1
Hetzner Online GmbH	A1 Hrvatska d.o.o. (AS12810)	1
ezy.hr	SETCOR d.o.o. (AS61211)	1
netim.net	VSHosting s.r.o. (AS43541)	1
hoststar.hosting	Hetzner Online GmbH (AS24940)	1
CLOUDFLARENET	Individual Network Berlin (IN-Berlin) e.V. (AS29670)	1
elc.info	A1 Hrvatska d.o.o. (AS25528)	1
CLOUDFLARENET	Pq Hosting Plus S.r.l. (AS44477)	2
site.be	Bastiaan Mathijs Brink (AS215248)	3
MICROSOFT-CORP-MSN-AS-BLOCK	RENDER (AS397273)	1
global.ba	Globalhost d.o.o. (AS200698)	1
hertz.gr	Nova Telecommunications & Media Single Member S.A (AS1241)	2
Deutsche Telekom AG	Deutsche Telekom AG (AS3320)	5
ns14.net	Nippon Gases Euro-Holding S.L.U. (AS207367)	8
Magic Net D.o.o.	IT-TIM d.o.o. (AS201395)	6
weblink.hr	Hetzner Online GmbH (AS24940)	2
ormag.net	Hetzner Online GmbH (AS24940)	1
vipdata.hr	Hrvatski Telekom d.d. (AS13046)	1
studio4web.com	Scaleway S.a.s. (AS12876)	1
fatcow.com	BIZLAND-SD (AS29873)	1
abaton.at	abaton EDV-Dienstleistungs GmbH (AS42572)	1
migadu.com	Contabo GmbH (AS51167)	1
terrakom.hr	NetCom BW GmbH (AS47297)	1
nano.pl	Cyber_Folks S.A. (AS34360)	1
jaderahosting.com	Hetzner Online GmbH (AS24940)	1
unknown	UK Dedicated Servers Limited (AS42831)	2
Privredna banka Zagreb d.d.	Plus Hosting Grupa d.o.o. (AS12417)	1
essentia.hr	Hetzner Online GmbH (AS24940)	1
crohost.net	Wix.com Ltd. (AS58182)	2
Optimus IT d.o.o.	Plus Hosting Grupa d.o.o. (AS12417)	1
ns14.net	Deutsche Telekom AG (AS3320)	1
freedns.hr	mCloud doo (AS35779)	1
SECURITYSERVICES	GOOGLE-CLOUD-PLATFORM (AS396982)	8
vtrio.com	HVC-AS (AS29802)	3
Host Europe GmbH	FASTLY (AS54113)	6
mojsite.com	Porsche Informatik Gesellschaft m.b.H (AS29085)	1
mojsite.com	RENDER (AS397273)	1
mwebdns.de	AMAZON-02 (AS16509)	1
Akamai International B.V.	CLOUDFLARENET (AS13335)	1
cloudpit.com	dogado GmbH (AS8648)	2
MICROSOFT-CORP-MSN-AS-BLOCK	Serbia BroadBand-Srpske Kablovske mreze d.o.o. (AS31042)	1
level27.eu	DC STAR nv (AS42160)	1
orbis.hr	Financijska agencija (AS41336)	1
ANEXIA Internetdienstleistungs GmbH	Akamai International B.V. (AS20940)	1
nameshield.net	Aruba S.p.A. (AS213224)	1
gi-dns.com	Vnetrix Ltd (AS35831)	1
NSONE	CLOUDFLARENET (AS13335)	3
register.it	Nexi Payments S.P.A. (AS35051)	1
kuhada.net	FASTLY (AS54113)	2
ipcom GmbH	GOOGLE-CLOUD-PLATFORM (AS396982)	2
POSLuH d.o.o, za informaticke usluge i trgovinu	GOOGLE-CLOUD-PLATFORM (AS396982)	1
aries.hr	Hetzner Online GmbH (AS24940)	3
elsam.hr	A1 Hrvatska d.o.o. (AS35549)	2
corpinter.de	SETCOR d.o.o. (AS61211)	1
terrakom.hr	FASTLY (AS54113)	1
usbx.me	Hetzner Online GmbH (AS24940)	1
codefactory.hr	DRSERVER1 (AS396881)	1
DEFENSE-NET	GOOGLE-CLOUD-PLATFORM (AS396982)	2
ipcom GmbH	VIVIO-TECHNOLOGIES (AS13438)	1
CLOUDFLARENET	WIIT AG (AS24961)	4
35.238	Hetzner Online GmbH (AS24940)	2
infoitdns.com	FASTER CZ spol. s r.o. (AS24641)	1
ena.si	AMAZON-AES (AS14618)	1
OVH SAS	Scaleway S.a.s. (AS12876)	4
nameserverservice.de	Contabo GmbH (AS51167)	1
awsdns-50.org	AMAZON-02 (AS16509)	1
telekom.at	Hetzner Online GmbH (AS24940)	1
dynamica.biz	Hetzner Online GmbH (AS24940)	1
CLOUDFLARENET	Bahnhof AB (AS8473)	1
slovenijanet.com	Telemach Slovenija d.o.o. (AS41828)	1
epag.net	SEEWEB s.r.l. (AS12637)	1
gemius.pl	GEMIUS SA (AS197431)	1
aero-studio.com	Hetzner Online GmbH (AS24940)	1
NUCDN	Infocomunicacoes, S.A. (AS5626)	1
cro-host.com	SETCOR d.o.o. (AS61211)	1
hostpapa.com	ONIAAS (AS40092)	1
volt-ing.com	DIGITALOCEAN-ASN (AS14061)	1
hostmywebb.com	Hetzner Online GmbH (AS24940)	1
nine.ch	Nine Internet Solutions AG (AS29691)	2
mojhost.net	MEGA M, d.o.o. (AS12778)	1
layerip.com	Freethought Internet Limited (AS41000)	2
egontek.net	Technology Transfer Intercontinental S.R.L (AS44567)	1
rcode0.net	Digimagical GmbH (AS209050)	1
domain-hosting.name	Stadtwerke Feldkirch (AS48362)	1
a1.net	GOOGLE-CLOUD-PLATFORM (AS396982)	1
online.net	Scaleway S.a.s. (AS12876)	5
space.net	Deutsche Telekom AG (AS3320)	1
world4you.at	Infoart d.o.o. (AS39416)	1
studio4web.com	AMAZON-02 (AS16509)	5
jukeboxserver.eu	UAB Interneto vizija (AS212531)	1
oblacno.net	AMAZON-02 (AS16509)	2
Hostinger International Limited	CLOUDFLARENET (AS13335)	1
Privredna banka Zagreb d.d.	Intesa Sanpaolo S.p.A. (AS13253)	1
navi-global.com	cyber_Folks d.o.o (AS201563)	3
dihost.net	BSE Software GmbH (AS9044)	1
awsdns-06.org	CLOUDFLARENET (AS13335)	2
szinesweb.hu	Giganet Internet Szolgaltato Kft (AS42864)	1
OVH SAS	netcup GmbH (AS197540)	2
linqhost.eu	Signet B.V. (AS20857)	1
dwhost.net	Hetzner Online GmbH (AS24940)	12
SETCOR d.o.o.	UAB Interneto vizija (AS212531)	1
mps.hr	Terrakom d.o.o. (AS34362)	2
lot-to.com	NETWORK-SOLUTIONS-HOSTING (AS19871)	1
MICROSOFT-CORP-MSN-AS-BLOCK	Safenames Ltd. (AS60819)	1
trgovina-jozic.hr	Hetzner Online GmbH (AS24940)	1
SIEL, d.o.o.	Webtasy, d.o.o. (AS43128)	2
Blink d.o.o.	CRATIS d.o.o. (AS61094)	2
timalweb.com	NETWORK-SOLUTIONS-HOSTING (AS19871)	1
idnt.de	PlusServer GmbH (AS61157)	1
dhz.hr	Croatian Academic and Research Network (AS2108)	1
klopca.hr	Optimus IT d.o.o. (AS48894)	1
kuhada.net	AMAZON-AES (AS14618)	1
mbox.lu	Visual Online S.A. (AS9008)	2
shardtools.com	Hetzner Online GmbH (AS24940)	1
infoitdns.com	CLOUDFLARENET (AS13335)	3
freedns.si	SOFTNET d.o.o. (AS9119)	1
markmonitor.zone	Akamai Connected Cloud (AS63949)	1
Hetzner Online GmbH	SOFTNET d.o.o. (AS9119)	1
introdns.com	Okb Progress LLC (AS39238)	1
curanet.dk	WIIT AG (AS24961)	1
digipdns.com	InterNetX GmbH (AS15456)	1
ipcom GmbH	Hosting.de GmbH (AS48823)	1
moj-ured.net	Akton d.o.o. (AS25467)	3
ns35.de	SpaceNet AG (AS5539)	2
MICROSOFT-CORP-MSN-AS-BLOCK	Combell NV (AS34762)	1
bosch.de	AMAZON-02 (AS16509)	5
awsdns-00.org	AMAZON-02 (AS16509)	1
apa.at	APA-IT Informations Technologie G.m.b.H (AS5403)	2
server-049.com	Telemach Hrvatska d.o.o. (AS34594)	2
intesasanpaolo.com	Indra Sistemas, S.A. (AS8216)	1
server-099.com	Telemach Hrvatska d.o.o. (AS34594)	2
sistemas.hr	Plus Hosting Grupa d.o.o. (AS12417)	1
mdc.mk	Akton d.o.o. (AS25467)	1
1and1-dns.biz	Host Europe GmbH (AS21499)	1
ext-dc.com	GOOGLE-CLOUD-PLATFORM (AS396982)	1
com.hr	AMAZON-02 (AS16509)	2
awsdns-23.com	AMAZON-02 (AS16509)	1
dailyrazor.com	OVH SAS (AS16276)	1
dtce.net	Equinix (EMEA) Acquisition Enterprises B.V. (AS15830)	1
zupo.si	SIEL, d.o.o. (AS51790)	2
Hostpoint AG	Hostinger International Limited (AS47583)	2
markmonitor.com	INCAPSULA (AS19551)	1
AMAZON-02	Hostinger International Limited (AS47583)	1
phg.hr	Hetzner Online GmbH (AS24940)	1
CLOUDFLARENET	RDK IT Solutions B.V. (AS207489)	1
ns14.net	IONOS SE (AS8560)	1
mStart plus d.o.o.	CLOUDFLARENET (AS13335)	1
CLOUDFLARENET	CTS Eventim Solutions GmbH (AS204253)	1
ANEXIA Internetdienstleistungs GmbH	AMAZON-02 (AS16509)	1
grundfos.com	Grundfos Holding A/s (AS31131)	1
infoitdns.com	Contabo GmbH (AS51167)	1
cloudns.net	Hrvatski Telekom d.d. (AS13046)	3
freedns.hr	FASTLY (AS54113)	5
snafu.de	snafu Gesellschaft fuer interaktive Netzwerke mbH (AS34171)	2
elin.hu	ELIN.hu Informatikai Szolgaltato es Tanacsado Kft. (AS208154)	3
managed-ns.com	OVH SAS (AS16276)	1
vps-ag.com	Belcloud LTD (AS44901)	1
NUCDN	Eurofiber France SAS (AS24935)	1
Seonet Multimedia s.r.o.	CASABLANCA INT a.s. (AS15685)	1
Hetzner Online GmbH	m3connect GmbH (AS209740)	1
interconnect-dns.be	Cyber_Folks S.A. (AS29522)	1
myzone.tech	Plus Hosting Grupa d.o.o. (AS12417)	1
OVH SAS	ORACLE-BMC-31898 (AS31898)	1
register.it	Aruba S.p.A. (AS31034)	2
SECURITYSERVICES	Rackspace Ltd. (AS15395)	2
rivercloud.eu	OVH SAS (AS16276)	3
s3next.com	eww ag (AS21013)	1
crohost.net	WEEBLY (AS27647)	1
AMAZON-02	Sedmi Odjel d.o.o. (AS198785)	2
worldnic.com	OIS1 (AS26337)	1
abaton.at	Hutchison Drei Austria GmbH (AS8437)	1
websupport.cz	WebSupport s.r.o. (AS51013)	2
unlimited.rs	Plus Hosting Grupa d.o.o. (AS12417)	1
zonomi.com	INTERNAP-BLK3 (AS13789)	1
SIEL, d.o.o.	Mikrografija Trgovina d.o.o. (AS49927)	4
kuhada.net	Contabo GmbH (AS51167)	1
skoda-auto.cz	SKODA AUTO a.s. (AS20708)	2
skyhosting.rs	Tilda Publishing Ltd. (AS205282)	1
Hrvatski Telekom d.d.	AMAZON-AES (AS14618)	3
Nessus GmbH	Neue Medien Muennich GmbH (AS34788)	1
Moviement srl	Server Plan S.r.l. (AS52030)	1
dukahosting.com	AltusHost B.V. (AS51430)	2
Seonet Multimedia s.r.o.	SecurityNet.cz s.r.o. (AS42422)	1
sqr.cloud	Cyso Group B.V. (AS25151)	4
allrisk.hr	Hetzner Online GmbH (AS24940)	1
ipcom GmbH	MICROSOFT-CORP-MSN-AS-BLOCK (AS8075)	5
SECURITYSERVICES	NCL-203-396290 (AS396290)	1
ADVAN-CAST	Hetzner Online GmbH (AS24940)	2
MICROSOFT-CORP-MSN-AS-BLOCK	Rackforest Zrt. (AS62214)	4
boomerank.net	PERFTECH, podjetje za proizvodnjo in uvajanje novih tehnologij, d.o.o. (AS6764)	1
javnadrazba.hr	SETCOR d.o.o. (AS61211)	3
sic.cz	CASABLANCA INT a.s. (AS15685)	1
hostingcentar.com	IMH-IAD (AS54641)	1
webglobe.cz	Akamai Connected Cloud (AS63949)	2
kakti.online	SETCOR d.o.o. (AS61211)	1
SECURITYSERVICES	ABBVIE (AS62763)	3
ipcom GmbH	Contabo GmbH (AS51167)	1
co.uk	MICROSOFT-CORP-MSN-AS-BLOCK (AS8075)	1
gorenje.si	Contabo GmbH (AS51167)	1
sibenik-meteo.hr	Hostinger International Limited (AS47583)	1
croclouds.com	Hetzner Online GmbH (AS24940)	4
o-tel.eu	O TELEKOMUNIKACIJE d.o.o. (AS199565)	1
Host Europe GmbH	Enflow B.V. (AS209626)	1
seus.hr	CRATIS d.o.o. (AS61094)	1
mStart plus d.o.o.	Scaleway S.a.s. (AS12876)	2
bticino.it	Hetzner Online GmbH (AS24940)	1
plusserver.com	PlusServer GmbH (AS61157)	1
silesnet.net	Virtis s.r.o. (AS199600)	1
managed-ip.com	Deutsche Telekom AG (AS3320)	1
AMAZON-02	Rackforest Zrt. (AS62214)	1
turbify.com	AMAZON-AES (AS14618)	1
HURRICANE	Hrvatski Telekom d.d. (AS13046)	1
m24.si	Hetzner Online GmbH (AS24940)	1
ipcom GmbH	firstcolo GmbH (AS44066)	1
auxilium.hr	Plus Hosting Grupa d.o.o. (AS12417)	3
mojsite.com	Terrakom d.o.o. (AS34362)	4
A1 Hrvatska d.o.o.	Optimus IT d.o.o. (AS48894)	1
Hrvatski Telekom d.d.	OVH SAS (AS16276)	1
registrar-servers.com	FASTLY (AS54113)	4
IONOS SE	CLOUDFLARENET (AS13335)	2
brodosplit.hr	Hetzner Online GmbH (AS24940)	1
4eins.de	OMCnet Internet Service GmbH (AS15388)	1
AMAZON-02	WHG Hosting Services Ltd (AS36454)	4
noc40.com	Binary Racks Limited (AS59895)	3
Telenet BV	GOOGLE-CLOUD-PLATFORM (AS396982)	1
pinko.hr	SETCOR d.o.o. (AS61211)	3
ACTIVE 24, s.r.o.	Akamai Connected Cloud (AS63949)	4
Hrvatski Telekom d.d.	PE Skurykhin Mukola Volodumurovuch (AS56851)	1
afraid.org	MICROSOFT-CORP-MSN-AS-BLOCK (AS8075)	1
controlpanel.si	Telemach Slovenija d.o.o. (AS41828)	2
Telekom Slovenije, d.d.	Hetzner Online GmbH (AS24940)	2
goldvision.com	Hetzner Online GmbH (AS24940)	1
Grad Rijeka-Gradsko Vijece	Grad Rijeka-Gradsko Vijece (AS51989)	4
SECURITYSERVICES	OVH SAS (AS16276)	4
MICROSOFT-CORP-MSN-AS-BLOCK	Fresenius SE & Co. KGaA (AS15644)	1
Hostpoint AG	Ops One AG (AS198249)	1
GOOGLE	Hrvatski Telekom d.d. (AS13046)	4
netim.net	IONOS SE (AS8560)	1
mz-mail.com	Hetzner Online GmbH (AS24940)	2
crohost.net	DIGITALOCEAN-ASN (AS14061)	2
websupport.cz	INTERNET CZ, a.s. (AS24806)	1
p24.hu	Dravanet Co Ltd. (AS197248)	1
appwebit.at	Nessus GmbH (AS47692)	1
konzept.cc	Video-Broadcast GmbH (AS8245)	1
okens.domains	Team Internet AG (AS61969)	1
inasset.net	MICROSOFT-CORP-MSN-AS-BLOCK (AS8075)	1
nroute.de	Combell NV (AS34762)	1
ZONER a.s.	Akamai Connected Cloud (AS63949)	1
Blink d.o.o.	Hrvatski Telekom d.d. (AS5391)	1
CLOUDFLARENET	Neue Medien Muennich GmbH (AS34788)	1
combell.net	FASTLY (AS54113)	1
airport-dubrovnik.hr	CRATIS d.o.o. (AS61094)	2
Aruba S.p.A.	CLOUDFLARENET (AS13335)	1
studio4web.com	Hostinger International Limited (AS47583)	1
gransy.com	All2U services s.r.o. (AS214851)	1
mzo.hr	Croatian Academic and Research Network (AS2108)	3
CLOUDFLARENET	Web4U s.r.o. (AS39790)	1
SkyExchange Internet Access	Hetzner Online GmbH (AS24940)	1
com.hr	Plus Hosting Grupa d.o.o. (AS12417)	1
mjestopodsuncem.com	IHNET (AS33494)	2
Telemach Slovenija d.o.o.	FASTLY (AS54113)	1
SOFTLAYER	AMAZON-02 (AS16509)	1
routing.net	Mittwald CM Service GmbH & Co. KG (AS15817)	1
DIGITALOCEAN-ASN	ASN-GIGENET (AS32181)	2
powercloud.at	World4You Internet Services GmbH (AS38955)	1
Hrvatski Telekom d.d.	Porsche Informatik Gesellschaft m.b.H (AS29085)	1
NUCDN	23M GmbH (AS47447)	1
webhoster.de AG	ecotel communication ag (AS12312)	13
SECURITYSERVICES	Serbia BroadBand-Srpske Kablovske mreze d.o.o. (AS31042)	1
namesystem.se	GleSYS AB (AS42708)	1
mindvision.hr	firstcolo GmbH (AS44066)	1
OVH SAS	IONOS SE (AS8560)	1
Blink d.o.o.	Servergarden Kft. (AS47381)	1
ZONER a.s.	RADIOKOMUNIKACE a.s. (AS25248)	1
trema.hr	Croatian Academic and Research Network (AS2108)	2
GOOGLE	AMAZON-AES (AS14618)	2
wmd-3dxnvme.com	Hetzner Online GmbH (AS24940)	4
zonomi.com	netcup GmbH (AS197540)	1
Akamai International B.V.	MICROSOFT-CORP-MSN-AS-BLOCK (AS8075)	2
mojsite.com	Croatia Osiguranje (AS48256)	2
dotroll.com	Unix Auto Ltd. (AS202062)	1
erpium.com	Optimus IT d.o.o. (AS48894)	1
dns1.hu	Cyber_Folks S.A. (AS41079)	1
condo.hr	AMAZON-02 (AS16509)	1
Optimus IT d.o.o.	Hetzner Online GmbH (AS24940)	4
salmans-it.net	DirectVPS B.V. (AS29028)	3
Financijska agencija	CLOUDFLARENET (AS13335)	1
BIZLAND-SD	AMAZON-02 (AS16509)	1
CLOUDFLARENET	Fastmail Pty Ltd (AS151847)	5
telebit.hr	Hetzner Online GmbH (AS24940)	1
Hetzner Online GmbH	NAMECHEAP-NET (AS22612)	1
Telekom Slovenije, d.d.	Petrol d.d. Ljubljana (AS212548)	2
HURRICANE	GITHUB (AS36459)	1
webwerkers.nl	Signet B.V. (AS20857)	1
satserver.nl	LeaseWeb Netherlands B.V. (AS60781)	1
sistemas.hr	Hrvatski Telekom d.d. (AS13046)	1
krekom.si	Webtasy, d.o.o. (AS43128)	2
hostingcentar.com	OVH SAS (AS16276)	1
hostserv.eu	T-Mobile Austria GmbH (AS8412)	1
altumhost.com	Smarthost sp. z o.o. (AS39566)	3
hostgator.com	CLOUDFLARENET (AS13335)	2
nike.com	AMAZON-02 (AS16509)	2
abcweb.pl	HITME.PL (AS50840)	1
domeny.tv	Beyond.pl sp. z o.o. (AS31229)	1
MICROSOFT-CORP-MSN-AS-BLOCK	Telemach Slovenija d.o.o. (AS3212)	1
virtualna-tvornica.hr	SETCOR d.o.o. (AS61211)	2
febas.net	Hetzner Online GmbH (AS24940)	2
e-max.sk	Hetzner Online GmbH (AS24940)	1
veda.nu	e-Quest IT Projecten B.V. (AS42707)	1
publinet.it	Fastweb (AS12874)	1
DIGICERT	SUCURI-SEC (AS30148)	1
web4u.cz	SH.cz s.r.o. (AS39392)	1
SETCOR d.o.o.	A1 Hrvatska d.o.o. (AS25528)	1
axis.com	Axis Communications AB (AS39731)	1
rack66.net	EUSIP bvba (AS34144)	1
oval.it	UNIDATA S.p.A. (AS30848)	1
ipcom GmbH	GOOGLE (AS15169)	1
getweb.hr	Fenice Telekom Grupa d.o.o. (AS204020)	1
klips.pl	Polcom Sp. z o.o. (AS52142)	1
prodomaines.com	IMH-IAD (AS54641)	1
foi.hr	Croatian Academic and Research Network (AS2108)	2
vicerocks.com	Hostkey B.v. (AS57043)	1
freedns.hr	UpCloud Ltd (AS202053)	1
stabletransit.com	Rackforest Zrt. (AS62214)	2
infravesi.com	MICROSOFT-CORP-MSN-AS-BLOCK (AS8075)	2
DATABOX d.o.o.	GOOGLE (AS15169)	1
AltusHost B.V.	AltusHost B.V. (AS51430)	3
gst.hr	Hrvatski Telekom d.d. (AS5391)	1
managed-ip.com	Medis Intago d.o.o. (AS43427)	2
register.it	Team Blue Carrier Limited (AS29550)	1
dignet.hr	team.blue Denmark A/S (AS48854)	1
sistemi.hr	Hrvatski Telekom d.d. (AS5391)	2
yourwebservers.com	M247 Europe SRL (AS9009)	5
nameshield.net	AMAZON-AES (AS14618)	1
orbis.hr	World4You Internet Services GmbH (AS38955)	1
GRENKE Service GmbH	AMAZON-02 (AS16509)	1
GOOGLE	Hostinger International Limited (AS47583)	5
justnameserver.net	LIQUIDWEB (AS32244)	1
qdc.nl	CLDIN B.V. (AS48635)	1
GOOGLE	velia.net Internetdienste GmbH (AS29066)	2
hostmetro.com	SERVERCENTRAL (AS23352)	1
fedsrv.com	Magic Net D.o.o. (AS44377)	4
afraid.org	Hrvatski Telekom d.d. (AS5391)	3
Hrvatski Telekom d.d.	Financijska agencija (AS41336)	4
unknown	Hostek AB (AS61207)	1
serveriai.lt	AMAZON-02 (AS16509)	1
atlantis.sk	Webglobe, s.r.o. (AS29134)	1
snz.hr	Croatian Academic and Research Network (AS2108)	1
domeinbalie.nl	CLDIN B.V. (AS48635)	1
infoitdns.com	MasterDC s.r.o. (AS24971)	1
Host Europe GmbH	SETCOR d.o.o. (AS61211)	1
Key-Systems GmbH	OCKNet GmbH (AS210304)	1
aivision.cz	CASABLANCA INT a.s. (AS15685)	1
NUCDN	Zepter IT Sp. z o.o. (AS35785)	2
webglobe.cz	MICROSOFT-CORP-MSN-AS-BLOCK (AS8075)	1
Croatian Academic and Research Network	Hetzner Online GmbH (AS24940)	4
totohost.com	Telemach Hrvatska d.o.o. (AS34594)	1
replior.se	Complior AB (AS49949)	1
DIGICERT	SETCOR d.o.o. (AS61211)	1
Optimus IT d.o.o.	OVH SAS (AS16276)	2
syphon.sk	Akamai Connected Cloud (AS63949)	1
gocro.eu	Hetzner Online GmbH (AS24940)	2
alfahosting.info	dogado GmbH (AS8648)	2
AMAZON-02	dogado GmbH (AS8648)	1
msu.hr	Telemach Hrvatska d.o.o. (AS34594)	1
zcom.cz	ZCOM.cz s.r.o (AS206548)	3
awsdns-48.org	AMAZON-02 (AS16509)	1
ANEXIA Internetdienstleistungs GmbH	SETCOR d.o.o. (AS61211)	1
beedns.eu	IONOS SE (AS8560)	1
co.uk	WebSupport s.r.o. (AS51013)	1
kelocnet.cz	VSHosting s.r.o. (AS43541)	1
buddyns.com	SETCOR d.o.o. (AS61211)	1
OVH SAS	Contabo GmbH (AS51167)	4
aeict.nl	Libernet (AS206389)	1
NSONE	DIGITALOCEAN-ASN (AS14061)	2
AS-VULTR	HAWKHOST (AS20068)	2
webb.net	Hetzner Online GmbH (AS24940)	2
intovps.com	Hetzner Online GmbH (AS24940)	2
SECURITYSERVICES	united-domains GmbH (AS202108)	1
MICROSOFT-CORP-MSN-AS-BLOCK	A1 Hrvatska d.o.o. (AS35549)	2
netfirms.com	BIZLAND-SD (AS29873)	3
brziserver.com	Contabo GmbH (AS51167)	1
HURRICANE	Wildcard UK Limited (AS34119)	1
bb-online.biz	Miss Hosting AB (AS200719)	1
transnexis.net	Layershift Limited (AS205072)	1
SIEL, d.o.o.	A2HOSTING (AS55293)	1
ch-inter.net	SETCOR d.o.o. (AS61211)	1
NUCDN	Rackforest Zrt. (AS62214)	2
splivalo.hr	Akamai Connected Cloud (AS63949)	1
POSLuH d.o.o, za informaticke usluge i trgovinu	SETCOR d.o.o. (AS61211)	1
namecity.com	Iomart Cloud Services Limited (AS20860)	2
ns14.net	WIIT AG (AS24961)	1
av-studio.si	PERFTECH, podjetje za proizvodnjo in uvajanje novih tehnologij, d.o.o. (AS6764)	1
assk.hr	CRATIS d.o.o. (AS61094)	1
webspacecontrol.com	Dravanet Co Ltd. (AS197248)	1
cloudpit.io	dogado GmbH (AS45012)	2
websas.hu	CLOUDFLARENET (AS13335)	3
incubatec.net	INCUBATEC GmbH - Srl (AS34081)	2
oberberg-online.de	Oberberg-Online Informationssysteme GmbH (AS15415)	2
ericsson.hr	Ericsson Nikola Tesla d.d. (AS209434)	1
web4u.cz	CLOUDFLARENET (AS13335)	1
ipcom GmbH	Mittwald CM Service GmbH & Co. KG (AS15817)	3
phg.hr	Telemach Hrvatska d.o.o. (AS34594)	2
nethely.hu	Rackforest Zrt. (AS62214)	1
kivial.it	Engineering D.HUB S.p.A. (AS21176)	1
ascio.com	Euskaltel S.A. (AS12338)	1
lemarit.de	MICROSOFT-CORP-MSN-AS-BLOCK (AS8075)	2
galaxys.xyz	Hetzner Online GmbH (AS24940)	1
interactive1.eu	A1 Hrvatska d.o.o. (AS12810)	1
orbis.hr	Akamai Connected Cloud (AS63949)	2
Hetzner Online GmbH	Next Layer Telekommunikationsdienstleistungs- und Beratungs GmbH (AS1764)	1
CLOUDFLARENET	O TELEKOMUNIKACIJE d.o.o. (AS199565)	1
GOOGLE	Onworx BV (AS12595)	1
freedns.si	SIEL, d.o.o. (AS51790)	3
webdienst.at	FunkFeuer Wien - Verein zur Foerderung freier Netze (AS35492)	2
domain-hosting.name	Hetzner Online GmbH (AS24940)	3
web4u.cz	MasterDC s.r.o. (AS24971)	1
Hetzner Online GmbH	A1 Hrvatska d.o.o. (AS25528)	1
dns69it.com	SETCOR d.o.o. (AS61211)	2
A1 Hrvatska d.o.o.	A1 Hrvatska d.o.o. (AS25528)	1
internet.ba	QSS D.O.O. Sarajevo (AS50537)	1
btnet.hr	Contabo GmbH (AS51167)	1
escape.hr	DIGITALOCEAN-ASN (AS14061)	1
itandtel.at	AMAZON-02 (AS16509)	1
Contabo GmbH	CLOUDFLARENET (AS13335)	2
codebox.hr	OVH SAS (AS16276)	1
gumax.si	Telemach Slovenija d.o.o. (AS41828)	1
DIGICERT	Infoart d.o.o. (AS39416)	1
goviralhost.org	Hetzner Online GmbH (AS24940)	1
awsdns-04.net	AMAZON-02 (AS16509)	5
sasg.de	SaSG GmbH & Co. KG (AS51483)	1
CLOUDFLARENET	O2 Czech Republic, a.s. (AS5610)	1
zoneedit.com	AUTOMATTIC (AS2635)	1
ACTIVE 24, s.r.o.	Cloudflare London, LLC (AS209242)	1
verso.hr	VERSO ALTIMA d.o.o. (AS38937)	1
Hrvatski Telekom d.d.	A1 Hrvatska d.o.o. (AS25528)	1
net.pl	HITME.PL (AS50840)	1
omonia.net	Hetzner Online GmbH (AS24940)	1
netim.net	A1 Slovenija telekomunikacijske storitve,d.d. (AS21283)	1
DIGITALOCEAN-ASN	Combell NV (AS34762)	1
poslovni.si	IONOS SE (AS8560)	1
host-care.com	DIMENOC (AS33182)	1
domeny.tv	Exatel S.A. (AS20804)	2
bioinfo.hr	Croatian Academic and Research Network (AS2108)	2
mojsite.com	DATABOX d.o.o. (AS206575)	2
Hetzner Online GmbH	Hrvatski Telekom d.d. (AS13046)	2
emirates.com	AMAZON-02 (AS16509)	1
awsdns-04.net	AUTOMATTIC (AS2635)	1
totohost.com	CRATIS d.o.o. (AS61094)	1
hostingcentar.com	Bayerische Motoren Werke Aktiengesellschaft (AS8590)	1
OVH SAS	comtrance service GmbH (AS30962)	1
Hetzner Online GmbH	Akenes SA (AS61098)	1
ports.se	Telia Cygate AB (AS197308)	1
th-technology.com	A1 Hrvatska d.o.o. (AS25528)	2
world4you.at	CLOUDFLARENET (AS13335)	1
eduing.net	T-2, d.o.o. (AS34779)	1
dhl.com	DHLNET (AS2571)	1
zupo.si	Telekom Slovenije, d.d. (AS5603)	1
SOFTNET d.o.o.	AXIANS ICT Austria GmbH (AS39508)	3
routing.net	Hosting.de GmbH (AS12574)	2
DIGICERT	AS-VULTR (AS20473)	1
biz-hosting.biz	SETCOR d.o.o. (AS61211)	1
awsdns-45.net	AMAZON-02 (AS16509)	1
MICROSOFT-CORP-MSN-AS-BLOCK	FASTLY (AS54113)	3
nogalliance.org	S.J.M. Steffann (AS203993)	1
orbis.hr	SETCOR d.o.o. (AS61211)	1
gridfast.net	CLOUDACCESS-NETWORK (AS54456)	1
NSONE	Akamai International B.V. (AS213120)	1
fhs.hr	Croatian Academic and Research Network (AS2108)	2
CLOUDFLARENET	KING ICT d.o.o. (AS211133)	1
registrar-servers.com	SETCOR d.o.o. (AS61211)	5
onepage.io	GOOGLE-CLOUD-PLATFORM (AS396982)	1
internethosting.at	Telekom Austria (AS8447)	1
keliweb.com	OVH SAS (AS16276)	3
ipcom GmbH	froxlor GmbH (AS207048)	2
orbis.hr	Magic Net D.o.o. (AS44377)	1
controlpanel.si	T-2, d.o.o. (AS34779)	1
unknown	Hosterion Srl (AS43927)	1
planetary-networks.com	Planetary Networks GmbH (AS50372)	1
sistemi.hr	Telekom Slovenije, d.d. (AS5603)	1
nadns1.com	CLOUDFLARENET (AS13335)	1
atom.com	AMAZON-AES (AS14618)	1
Hrvatski Telekom d.d.	Akamai Connected Cloud (AS63949)	7
CLOUDFLARENET	Duocast B.V. (AS31477)	1
gizmatic.hr	MVPS LTD (AS202448)	1
armadaservers.com	Akamai Connected Cloud (AS63949)	1
Privredna banka Zagreb d.d.	Privredna banka Zagreb d.d. (AS52152)	1
icreativesite.com	Hetzner Online GmbH (AS24940)	2
soldokristijan.com	Hetzner Online GmbH (AS24940)	1
CLOUDFLARENET	Hostpoint AG (AS29097)	1
byethost6.org	Wildcard UK Limited (AS34119)	1
sysadmnet.com	Telemach Slovenija d.o.o. (AS41828)	2
hostingwerft.de	dogado GmbH (AS8648)	1
SECURITYSERVICES	Optimizely AB (AS30811)	5
ANEXIA Internetdienstleistungs GmbH	Akamai Connected Cloud (AS63949)	1
metronet.hr	A1 Hrvatska d.o.o. (AS35549)	1
webglobe.sk	Alef Nula a.s. (AS35096)	1
3l4.de	dogado GmbH (AS45012)	1
bodis.com	AMAZON-02 (AS16509)	3
porsche.asia	Dr. Ing. h.c. F. Porsche AG (AS33848)	2
exocad.net	Hetzner Online GmbH (AS24940)	1
VITAL-DNS	Hrvatski Telekom d.d. (AS13046)	2
kuhada.net	Tilda Publishing Ltd. (AS205282)	2
inwx.com	InterNetworX Management GmbH (AS48596)	2
digipdns.com	FASTLY (AS54113)	1
profiwh.com	Akamai Connected Cloud (AS63949)	1
ACTIVE 24, s.r.o.	Host Europe GmbH (AS21499)	1
vindija.hr	Plus Hosting Grupa d.o.o. (AS12417)	1
dgu.hr	Financijska agencija (AS41336)	1
xeranet.ro	M247 Europe SRL (AS9009)	1
awsdns-24.com	Equinix (EMEA) Acquisition Enterprises B.V. (AS15830)	1
Host Europe GmbH	Host Europe GmbH (AS21501)	3
ORACLE-BMC-31898	Akamai International B.V. (AS20940)	1
studio4web.com	CLOUDFLARENET (AS13335)	4
CLOUDFLARENET	InterXion Hrvatska d.o.o. (AS199244)	1
exum.eu	OVH SAS (AS16276)	4
exacttarget.com	SALESFORCE (AS14340)	1
com.hr	Akton d.o.o. (AS25467)	3
CLOUDFLARENET	Team Blue Carrier Limited (AS29550)	3
dspot.si	MICROSOFT-CORP-MSN-AS-BLOCK (AS8075)	1
hnb.hr	Hrvatska narodna banka (AS206997)	4
namehero.net	NAMEHERO-KCDC (AS399250)	2
Akamai International B.V.	velia.net Internetdienste GmbH (AS29066)	1
xonet.fi	Domainkeskus Oy (AS201964)	2
websiteempiregroup.com	UNIFIEDLAYER-AS-1 (AS46606)	1
m-design-studio.com	NETWORK-SOLUTIONS-HOSTING (AS19871)	3
hostbox.io	Hetzner Online GmbH (AS24940)	1
mvm-informatika.hu	FRANZ NET d.o.o. (AS208764)	1
yahoo.com	AMAZON-02 (AS16509)	1
ns14.net	HKN GmbH (AS12676)	2
SECURITYSERVICES	Host Europe GmbH (AS8972)	1
netim.net	Tilda Publishing Ltd. (AS205282)	2
active24.cz	RADIOKOMUNIKACE a.s. (AS25248)	1
netplanet.at	NETPLANET GmbH (AS24953)	2
aries.hr	SETCOR d.o.o. (AS61211)	1
cancom-mase.com	OBI Smart Technologies GmbH (AS34439)	1
totohost.com	Cloudflare London, LLC (AS209242)	1
kreativmedia.ch	METANET AG (AS21069)	2
com.pl	Hetzner Online GmbH (AS24940)	1
hp.com	AMAZON-02 (AS16509)	1
terrakom.hr	Hrvatski Telekom d.d. (AS5391)	1
Host Europe GmbH	SQUARESPACE (AS53831)	1
SECURITYSERVICES	CGI Sverige AB (AS29217)	1
managed-ip.com	T-2, d.o.o. (AS34779)	1
a1.net	IPAX GmbH (AS44133)	1
ljuto.net	SETCOR d.o.o. (AS61211)	2
strojnica.com	Telemach Slovenija d.o.o. (AS41828)	1
cloudns.net	SQUARESPACE (AS53831)	1
superdomena.net	Hetzner Online GmbH (AS24940)	2
dns-codeit.com	Contabo GmbH (AS51167)	2
ikb.hr	Istarska kreditna banka Umag d.d. (AS30841)	1
com.hr	ML-1432-54994 (AS54994)	1
webpage.ba	Globalhost d.o.o. (AS200698)	1
nethinks.com	FASTLY (AS54113)	1
HURRICANE	Aruba S.p.A. (AS31034)	2
open-telekom-cloud.com	AMAZON-02 (AS16509)	1
mojsite.com	Sedmi Odjel d.o.o. (AS198785)	1
DEFENSE-NET	ACTIVE 24, s.r.o. (AS25234)	1
microhost.pl	Dataspace P.s.a. (AS50599)	1
awsdns-09.com	CLOUDFLARENET (AS13335)	1
ns14.net	Telefonica Germany (AS6805)	1
atvirtual.com	Akamai Connected Cloud (AS63949)	2
mayoral.com	Orange Espagne SA (AS12479)	1
vivasdns.com	KnownSRV Ltd. (AS200514)	2
OVH SAS	WEEBLY (AS27647)	1
Evolus IT Solutions GmbH	OVH SAS (AS16276)	1
cloud.hr	EVANZO e-commerce GmbH (AS42730)	1
lokve.online	UNIFIEDLAYER-AS-1 (AS46606)	2
DATABOX d.o.o.	SQUARESPACE (AS53831)	2
OVH SAS	NL-811-40021 (AS40021)	1
zonomi.com	Contabo GmbH (AS51167)	1
gransy.com	20i Limited (AS48254)	1
SCAAM0001	MICROSOFT-CORP-MSN-AS-BLOCK (AS8075)	5
kosinushosting.eu	GOOGLE-CLOUD-PLATFORM (AS396982)	1
VNET a.s.	VSHosting s.r.o. (AS43541)	1
fcio.net	Flying Circus Internet Operations GmbH (AS41981)	3
introdns.com	Tngnet B.v. (AS47690)	1
villa-bellevue.hr	Hetzner Online GmbH (AS24940)	1
POSLuH d.o.o, za informaticke usluge i trgovinu	Hostpoint AG (AS29097)	1
engram.hr	POSLuH d.o.o, za informaticke usluge i trgovinu (AS25277)	2
netim.net	M247 Europe SRL (AS9009)	3
multitex.info	CLOUDFLARENET (AS13335)	1
Optika Kabel TV d.o.o.	Optika Kabel TV d.o.o. (AS41454)	3
Hetzner Online GmbH	Scaleway S.a.s. (AS12876)	1
awsdns-06.org	HBO Holding Uzletviteli Tanacsado Csoport Zrt. (AS201568)	1
CLOUDFLARENET	Enflow B.V. (AS209626)	1
infoitdns.com	Host Europe GmbH (AS21499)	3
typed.hr	GOOGLE (AS15169)	1
Hetzner Online GmbH	DATABOX d.o.o. (AS206575)	2
awsdns-15.net	DIGITALOCEAN-ASN (AS14061)	1
mindinfo.hu	Hetzner Online GmbH (AS24940)	1
mStart plus d.o.o.	Plus Hosting Grupa d.o.o. (AS12417)	4
awsdns-13.org	MICROSOFT-CORP-MSN-AS-BLOCK (AS8075)	1
ascio.com	EPAG Domainservices GmbH (AS12915)	1
a4u.at	23M GmbH (AS47447)	1
proaxis.eu	Hetzner Online GmbH (AS24940)	2
SETCOR d.o.o.	Croatian Academic and Research Network (AS2108)	1
colt.net	Delticom Ag (AS57533)	1
Hrvatski Telekom d.d.	DATABOX d.o.o. (AS206575)	1
digital-legacy.hr	Hetzner Online GmbH (AS24940)	1
INTERNET CZ, a.s.	Shoptet, a.s. (AS198627)	1
NUCDN	WEEBLY (AS27647)	1
is-fun.net	Bluewin (AS3303)	1
versanus.hu	Servergarden Kft. (AS47381)	1
webglobedns.com	Webglobe, s.r.o. (AS198171)	1
cloudns.net	DA International Group Ltd. (AS203380)	1
co.uk	IONOS SE (AS8560)	1
freedns.si	Telekom Slovenije, d.d. (AS5603)	8
cloudns.net	Tele2 SWIPnet (AS1257)	1
keurigonline.be	Contabo GmbH (AS51167)	1
OVH SAS	Terrakom d.o.o. (AS34362)	1
a-m.hu	Magyar Telekom Plc. (AS5483)	1
fastnet.it	FASTNET SpA (AS8265)	1
CLOUDFLARENET	INMOTION (AS22611)	2
ns.express	Hosting Ukraine LTD (AS200000)	2
ch-inter.net	METANET AG (AS21069)	2
Hrvatska posta d.d.	CRATIS d.o.o. (AS61094)	2
elin.hu	JuPiNet Kft. (AS59869)	1
stabletransit.com	Hetzner Online GmbH (AS24940)	1
zonomi.com	AMAZON-02 (AS16509)	1
eudns.nl	Schokker IT B.V. (AS60790)	1
SAREnet, S.A.	SAREnet, S.A. (AS3262)	1
CLOUDFLARENET	A1 Hrvatska d.o.o. (AS25528)	1
scania.com	Scania CV AB (AS202116)	1
loopia.se	MICROSOFT-CORP-MSN-AS-BLOCK (AS8075)	1
mojsite.com	Akton d.o.o. (AS25467)	1
editor.si	SIEL, d.o.o. (AS51790)	1
SECURITYSERVICES	Cyber_Folks SRL (AS44043)	1
Key-Systems GmbH	Deutsche Telekom AG (AS3320)	1
informaticke-usluge.com	Scaleway S.a.s. (AS12876)	1
POSLuH d.o.o, za informaticke usluge i trgovinu	AMAZON-02 (AS16509)	3
orion.rs	AMAZON-AES (AS14618)	1
ecoflex.hr	Hetzner Online GmbH (AS24940)	1
SETCOR d.o.o.	Telemach Hrvatska d.o.o. (AS205714)	2
scrhost.com	KnownSRV Ltd. (AS200514)	2
fraunhofer.de	Fraunhofer-Gesellschaft zur Foerderung der angewandten Forschung e.V. (AS60824)	1
NUCDN	WIA spol. s.r.o. (AS21430)	1
awsdns-03.net	Hetzner Online GmbH (AS24940)	1
enjoydns.net	Telemach Slovenija d.o.o. (AS41828)	1
linode.com	Host Europe GmbH (AS8972)	6
hrote.hr	CRATIS d.o.o. (AS61094)	1
solidian-kelteks.com	Hetzner Online GmbH (AS24940)	2
dynu.com	A1 Hrvatska d.o.o. (AS12810)	1
alu.hr	Croatian Academic and Research Network (AS2108)	1
CLOUDFLARENET	Wildcard UK Limited (AS34119)	1
NUCDN	Vautron Rechenzentrum AG (AS25504)	1
kubeko.hr	Hetzner Online GmbH (AS24940)	1
cloudns.net	M247 Europe SRL (AS9009)	2
uniri.hr	Croatian Academic and Research Network (AS2108)	2
hitrost.net	GOOGLE (AS15169)	2
orbis.hr	Hrvatski Telekom d.d. (AS13046)	1
sedo.com	SEDO GmbH (AS47846)	2
netteszt.hu	Contabo GmbH (AS51167)	1
skok.cz	CASABLANCA INT a.s. (AS15685)	1
awsdns-15.net	Hetzner Online GmbH (AS24940)	1
ANEXIA Internetdienstleistungs GmbH	Tarhely.Eu Szolgaltato Kft. (AS43359)	1
limbox.hr	NL-811-40021 (AS40021)	1
Akamai International B.V.	1api GmbH (AS44569)	2
afraid.org	Advania Island ehf (AS44515)	1
Akton d.o.o.	Wix.com Ltd. (AS58182)	1
awsdns-15.com	AMAZON-02 (AS16509)	1
Hutchison Drei Austria GmbH	IPAX GmbH (AS44133)	1
MICROSOFT-CORP-MSN-AS-BLOCK	Barrage d.o.o. (AS62182)	2
mojsite.com	A1 Hrvatska d.o.o. (AS31012)	1
awsdns-06.org	CRATIS d.o.o. (AS61094)	1
register.it	Vodafone Italia S.p.A. (AS30722)	1
rackforest.com	Rackforest Zrt. (AS62214)	1
DIGICERT	Terrakom d.o.o. (AS34362)	2
datapipe.net	DATAPIPE (AS14492)	1
hitrost.net	SIEL, d.o.o. (AS51790)	1
clack-works.de	Hetzner Online GmbH (AS24940)	1
awsdns-19.org	AMAZON-02 (AS16509)	2
xhosting.biz	CRATIS d.o.o. (AS61094)	1
dzs.hr	Financijska agencija (AS41336)	1
virtio.be	AMAZON-02 (AS16509)	1
A1 Hrvatska d.o.o.	Akamai Connected Cloud (AS63949)	2
editor.si	T-2, d.o.o. (AS34779)	1
cloudrapido.net	EGO INFORMATIKA d.o.o. (AS208443)	2
bithybrid.com	SETCOR d.o.o. (AS61211)	1
signetics.net	Signet CS doo Beograd (AS206542)	1
Host Europe GmbH	Webglobe, s.r.o. (AS29134)	2
libertina.hr	A1 Hrvatska d.o.o. (AS35549)	1
pop-hannover.de	Hetzner Online GmbH (AS24940)	1
digitalnomadslab.com	NAMECHEAP-NET (AS22612)	1
ittim-online.com	AMAZON-02 (AS16509)	1
gransy.com	Vodafone Czech Republic a.s. (AS16019)	2
linux.hr	Croatian Academic and Research Network (AS2108)	1
wmd-webhosting.com	CRATIS d.o.o. (AS61094)	1
hostorion.net	Hrvatski Telekom d.d. (AS13046)	1
cloud.hr	Hrvatski Telekom d.d. (AS5391)	2
mojsite.com	Team Blue Carrier Limited (AS29550)	1
mafra.cz	MAFRA, a.s. (AS38952)	1
SECURITYSERVICES	OMCnet Internet Service GmbH (AS15388)	1
dntrust.com	Host Europe GmbH (AS8972)	1
hpe.com	HPINC (AS2165)	2
zoneedit.com	EDNS (AS16686)	2
iarh.hr	Croatian Academic and Research Network (AS2108)	1
afraid.org	AMAZON-AES (AS14618)	2
cmr-hosting.net	Hetzner Online GmbH (AS24940)	5
linuxpl.com	Cyber_Folks S.A. (AS41079)	2
totohost.com	Hrvatski Telekom d.d. (AS13046)	1
artfiles.de	Artfiles New Media GmbH (AS8893)	2
dnsflare.com	Netfactor Telekominikasyon ve Teknoloji Hizmetleri San. ve Tic. A.S. (AS56582)	1
afraid.org	UAB Interneto vizija (AS212531)	1
com.hr	CRATIS d.o.o. (AS61094)	1
studio4web.com	GOOGLE-CLOUD-PLATFORM (AS396982)	2
netmark.pl	Nazwa.pl Sp.z.o.o. (AS15967)	3
WEDOS Internet, a.s.	WEDOS Internet, a.s. (AS208414)	1
MICROSOFT-CORP-MSN-AS-BLOCK	Tomsoft d.o.o. (AS25365)	1
btnet.hr	Plus Hosting Grupa d.o.o. (AS12417)	1
callidus.hr	Hetzner Online GmbH (AS24940)	1
cloudns.net	MICROSOFT-CORP-MSN-AS-BLOCK (AS8075)	2
burza.hr	AMAZON-02 (AS16509)	1
cscudns.com	CSC (AS19574)	1
dell.com	Akamai International B.V. (AS33905)	1
prana3stil.eu	Webtasy, d.o.o. (AS43128)	2
Hrvatski Telekom d.d.	MasterDC s.r.o. (AS24971)	1
runhosting.com	Zetta Hosting Solutions LLC. (AS44476)	3
teamartwork.com	GOOGLE-CLOUD-PLATFORM (AS396982)	1
infomaas.com	Hetzner Online GmbH (AS24940)	2
netim.net	ATW Internet Kft. (AS41075)	1
ns14.net	Telekom Deutschland GmbH (AS48951)	1
AUTOMATTIC	Cloudflare London, LLC (AS209242)	1
svethostingu.cz	MasterDC s.r.o. (AS24971)	3
OVH SAS	Tilda Publishing Ltd. (AS205282)	1
mplustech.eu	M Plus Croatia d.o.o. (AS200248)	1
nameshield.net	Hetzner Online GmbH (AS24940)	2
smallstudio.gr	Hetzner Online GmbH (AS24940)	1
sistemi.hr	A1 Hrvatska d.o.o. (AS35549)	1
NSONE	Braathe AS (AS21119)	1
invisioncic.com	CLOUDFLARENET (AS13335)	1
bodyrelaxation.hr	OVH SAS (AS16276)	1
hzzo.hr	AMAZON-02 (AS16509)	1
crohost.net	Hetzner Online GmbH (AS24940)	3
escape.hr	Hetzner Online GmbH (AS24940)	1
Optika Kabel TV d.o.o.	Hetzner Online GmbH (AS24940)	1
CLOUDFLARENET	Global-e ICT solutions B.V. (AS39591)	1
ri.fi	GOOGLE-CLOUD-PLATFORM (AS396982)	1
orbis.hr	Scaleway S.a.s. (AS12876)	1
plavetnilo.hr	Telemach Hrvatska d.o.o. (AS34594)	1
routing.net	Eurofiber France SAS (AS24935)	1
excedodns.com	INTERNET AG Global Network (AS8495)	1
widhost.net	Aruba S.p.A. (AS31034)	2
managed-ip.info	RTL Technology GmbH (AS42312)	1
Safenames Ltd.	Deceuninck NV (AS25024)	1
A1 Hrvatska d.o.o.	InterNetX GmbH (AS15456)	1
awsdns-32.com	AMAZON-02 (AS16509)	1
is-fun.net	Hetzner Online GmbH (AS24940)	1
elixirnode.net	PONYNET (AS53667)	1
SIEL, d.o.o.	Hetzner Online GmbH (AS24940)	3
kalimera.hr	Hetzner Online GmbH (AS24940)	1
SECURITYSERVICES	Contabo Asia Private Limited (AS141995)	1
CLOUDFLARENET	PRO-PING d.o.o. (AS62161)	1
web-solutions.dk	Stichting DIGI NL (AS206281)	1
DIGITALOCEAN-ASN	CLOUDFLARENET (AS13335)	1
infoitdns.com	AUTOMATTIC (AS2635)	1
INTERNET CZ, a.s.	DIGITALOCEAN-ASN (AS14061)	1
datcon.sk	SWAN, a.s. (AS5578)	1
Ministarstvo unutarnjih poslova Republike Hrvatske	CRATIS d.o.o. (AS61094)	1
lemarit.de	Hetzner Online GmbH (AS24940)	1
nscluster.ee	Signet B.V. (AS20857)	1
Key-Systems GmbH	nfon AG (AS8878)	1
lokopiweb.ro	CLAUS WEB srl (AS203053)	1
IONOS SE	rh-tec Business GmbH (AS25560)	2
markmonitor.com	ACTIVE 24, s.r.o. (AS25234)	1
scvz.hr	Croatian Academic and Research Network (AS2108)	4
infoservizi.net	TIM (AS20746)	1
domainoo.fr	GOOGLE-CLOUD-PLATFORM (AS396982)	1
lab4pc.com	Contabo GmbH (AS51167)	1
infoitdns.com	FASTLY (AS54113)	1
awsdns-21.net	CLOUDFLARENET (AS13335)	1
crewebo.de	OVH SAS (AS16276)	1
CLOUDFLARENET	OMONIA d.o.o. (AS44306)	2
hitrost.net	LeaseWeb Netherlands B.V. (AS60781)	1
promo-grupa.com	HVC-AS (AS29802)	1
lemarit.de	net.de AG (AS15743)	1
jgl.hr	Scaleway S.a.s. (AS12876)	1
SOFTLAYER	Leaseweb Deutschland GmbH (AS28753)	7
managed-ip.com	Mittwald CM Service GmbH & Co. KG (AS15817)	1
mcengineering.hr	CRATIS d.o.o. (AS61094)	1
Webglobe, s.r.o.	Hetzner Online GmbH (AS24940)	1
Telemach Hrvatska d.o.o.	CRATIS d.o.o. (AS61094)	2
uniri.hr	Hetzner Online GmbH (AS24940)	1
quant.hr	Contabo GmbH (AS51167)	1
dynu.com	Plus Hosting Grupa d.o.o. (AS12417)	1
Host Europe GmbH	DIGITALOCEAN-ASN (AS14061)	5
oblacno.net	cyber_Folks d.o.o (AS201563)	1
keyloop.com	Keyloop Holdings (UK) Limited (AS206547)	1
GANDI SAS	Cloudflare London, LLC (AS209242)	3
intereuropa.si	PERFTECH, podjetje za proizvodnjo in uvajanje novih tehnologij, d.o.o. (AS6764)	1
afraid.org	CLOUDFLARENET (AS13335)	1
forss.net	Forss IT AB (AS43809)	1
crohost.net	OVH SAS (AS16276)	1
ipcom GmbH	Itm8 A/S (AS62319)	1
Hetzner Online GmbH	Financijska agencija (AS41336)	1
DIGICERT	Plus Hosting Grupa d.o.o. (AS12417)	2
gransy.com	ACTIVE 24, s.r.o. (AS25234)	1
cewedigital.de	CEWE Stiftung & Co. KGaA (AS49494)	2
host-anycast.com	CLOUDFLARENET (AS13335)	1
flexhost.cc	Hetzner Online GmbH (AS24940)	1
net.pl	IQ PL Sp. z o.o. (AS47544)	2
CLOUDFLARENET	Host Europe GmbH (AS20773)	2
Optimus IT d.o.o.	AMAZON-AES (AS14618)	1
crocontrol.hr	Hrvatski Telekom d.d. (AS5391)	1
nroute.de	DIGITALOCEAN-ASN (AS14061)	1
nsprimario.com	Euskaltel S.A. (AS12338)	1
dn-s.nl	Team Blue Carrier Limited (AS29550)	1
empirion.at	baha GmbH (AS211071)	1
podrug.net	KnownSRV Ltd. (AS200514)	1
kolomedia.si	Telemach Slovenija d.o.o. (AS41828)	2
m24.si	AMAZON-AES (AS14618)	1
hyp.net	Domeneshop AS (AS12996)	1
SecurityNet.cz s.r.o.	Hetzner Online GmbH (AS24940)	2
CRATIS d.o.o.	Plus Hosting Grupa d.o.o. (AS12417)	1
pravo.hr	Croatian Academic and Research Network (AS2108)	1
CLOUDFLARENET	AS-COLOCROSSING (AS36352)	1
allegro.pl	Allegro Retail a.s. (AS44424)	1
OVH SAS	WebSupport s.r.o. (AS51013)	1
Hrvatski Telekom d.d.	adesso as a service GmbH (AS44152)	1
aries.hr	Telemach Hrvatska d.o.o. (AS34594)	1
virovit.com	Contabo GmbH (AS51167)	2
markmonitor.com	Akamai International B.V. (AS20940)	1
blockcode.hr	Plus Hosting Grupa d.o.o. (AS12417)	5
NUCDN	CLOUDFLARENET (AS13335)	2
ns14.net	GfK GmbH (AS28932)	1
Cyber_Folks S.A.	Play (AS31242)	1
server321.com	ICDSoft Ltd. (AS8739)	1
CLOUDFLARENET	PlusServer GmbH (AS61157)	1
totohost.com	GOOGLE (AS15169)	1
hostvirtual.com	NETACTUATE (AS36236)	1
MICROSOFT-CORP-MSN-AS-BLOCK	Krystal Hosting Ltd (AS12488)	1
sui-inter.net	METANET AG (AS21069)	1
awsdns-08.net	GOOGLE-CLOUD-PLATFORM (AS396982)	1
element.hr	OMONIA d.o.o. (AS44306)	2
plusline.de	IONOS SE (AS8560)	1
orbis.hr	Aruba S.p.A. (AS31034)	2
sika.com	Mittwald CM Service GmbH & Co. KG (AS15817)	1
Serbia BroadBand-Srpske Kablovske mreze d.o.o.	AMAZON-02 (AS16509)	1
openvision.ro	Cyber_Folks SRL (AS34358)	1
kuhada.net	Hrvatski Telekom d.d. (AS5391)	1
us.lt	UAB Interneto vizija (AS212531)	1
nroute.de	Hetzner Online GmbH (AS24940)	1
awsdns-04.com	FASTLY (AS54113)	1
lemarit.de	Hrvatski Telekom d.d. (AS13046)	1
Netnod AB	MICROSOFT-CORP-MSN-AS-BLOCK (AS8075)	2
T-Mobile Austria GmbH	Mittwald CM Service GmbH & Co. KG (AS15817)	1
managed-ip.com	Kuehne + Nagel (AG & Co.) KG (AS211656)	1
internex.at	ANEXIA Internetdienstleistungs GmbH (AS42473)	1
datahalland.se	WHG Hosting Services Ltd (AS209341)	1
infinite.pl	INFINITE SP. z o.o. (AS35124)	1
Hetzner Online GmbH	NAMEHERO-KCDC (AS399250)	1
dobar.hosting	OVH SAS (AS16276)	3
Soluciones Corporativas IP, SL	ORACLE-BMC-31898 (AS31898)	2
ipsosadria.com	Scaleway S.a.s. (AS12876)	1
active24.cz	ACTIVE 24, s.r.o. (AS25234)	1
orbis.hr	Cloudflare London, LLC (AS209242)	1
font12.hr	AMAZON-02 (AS16509)	1
argalas.net	O2 Czech Republic, a.s. (AS12570)	1
hostingcentar.com	GOOGLE-CLOUD-PLATFORM (AS396982)	2
jaderahosting.com	AMAZON-02 (AS16509)	3
CLOUDFLARENET	i3D.net B.V (AS49544)	1
GANDI SAS	Redcentric Solutions Ltd (AS31463)	1
smartingo.com	Hetzner Online GmbH (AS24940)	4
dubrovnik.hr	Hrvatski Telekom d.d. (AS5391)	1
webhostingireland.ie	Team Blue Carrier Limited (AS29550)	2
Hetzner Online GmbH	Akton d.o.o. (AS25467)	1
totohost.com	FASTLY (AS54113)	2
incito.hr	AMAZON-02 (AS16509)	1
NUCDN	Cyber_Folks S.A. (AS29522)	1
GOOGLE	UNIFIEDLAYER-AS-1 (AS46606)	1
Key-Systems GmbH	Neue Medien Muennich GmbH (AS34788)	1
netaffairs.com	Netaffairs Hosting B.V. (AS34420)	1
CLOUDFLARENET	Vancis IP B.V. (AS15879)	2
awsdns-00.org	CLOUDFLARENET (AS13335)	1
nidra.hr	Signet B.V. (AS20857)	1
Deutsche Telekom AG	23M GmbH (AS47447)	1
AMAZON-02	LIQUIDWEB (AS53824)	2
Hrvatski Telekom d.d.	Tilda Publishing Ltd. (AS205282)	1
outsiderdns.com	A1 Hrvatska d.o.o. (AS35549)	3
Serbia BroadBand-Srpske Kablovske mreze d.o.o.	Mainstream doo Beograd (AS51859)	1
matasoft.hr	SETCOR d.o.o. (AS61211)	1
tele3.cz	MasterDC s.r.o. (AS24971)	1
editor.si	A2HOSTING (AS55293)	1
windows-wmd.com	Plus Hosting Grupa d.o.o. (AS12417)	2
Hetzner Online GmbH	OVH SAS (AS16276)	1
awsdns-16.com	AMAZON-AES (AS14618)	1
mojsite.com	WEEBLY (AS27647)	2
MICROSOFT-CORP-MSN-AS-BLOCK	firstcolo GmbH (AS44066)	1
world4you.at	T-Mobile Austria GmbH (AS8412)	1
burza.hr	Hrvatski Telekom d.d. (AS13046)	1
NUCDN	Contabo GmbH (AS51167)	2
apaone.com	Hetzner Online GmbH (AS24940)	2
tarhelykozpont.hu	AMAZON-02 (AS16509)	1
unh.net	BT Italia S.p.A. (AS3313)	2
clubvps.com	Kamatera Inc (AS41436)	1
hac.hr	Hrvatske autoceste d.o.o. (AS50410)	1
Sedmi Odjel d.o.o.	Plus Hosting Grupa d.o.o. (AS12417)	2
CLOUDFLARENET	LEVEL3 (AS3356)	1
Soluciones Corporativas IP, SL	CLOUDFLARENET (AS13335)	2
adesso-group.com	DOKOM Gesellschaft fuer Telekommunikation mbH (AS15763)	1
awsdns-07.net	AMAZON-02 (AS16509)	1
znrservice.net	Plus Hosting Grupa d.o.o. (AS12417)	1
KnownSRV Ltd.	GOOGLE-CLOUD-PLATFORM (AS396982)	1
inclust.com	Hetzner Online GmbH (AS24940)	1
GANDI SAS	MICROSOFT-CORP-MSN-AS-BLOCK (AS8075)	2
ZONER a.s.	mapnet IT services s.r.o. (AS207167)	1
ignum.com	MasterDC s.r.o. (AS24971)	1
qsite.nl	Fundaments B.V. (AS20559)	1
arubacloud.de	Aruba S.p.A. (AS31034)	2
quicns.cloud	OVH SAS (AS16276)	2
awsdns-09.com	Hetzner Online GmbH (AS24940)	1
trilium.io	Hetzner Online GmbH (AS24940)	3
omonia.net	Hrvatski Telekom d.d. (AS13046)	2
epora.hr	Akamai Connected Cloud (AS63949)	1
cscudns.com	MICROSOFT-CORP-MSN-AS-BLOCK (AS8075)	1
kleemanngroup.com	Hetzner Online GmbH (AS24940)	1
gransy.com	T-Mobile Czech Republic a.s. (AS13036)	1
webglobe.cz	Fortion Networks, s.r.o. (AS44984)	3
ess.hr	CLOUDFLARENET (AS13335)	1
linode.com	GOOGLE-CLOUD-PLATFORM (AS396982)	1
actual-it.net	Contabo GmbH (AS51167)	1
domeny.tv	DIGITALOCEAN-ASN (AS14061)	1
kanuni.io	Contabo GmbH (AS51167)	2
servconfig.com	INMOTION (AS22611)	4
Hrvatski Telekom d.d.	Styria IT Solutions d.o.o. (AS51577)	1
ZONER a.s.	Hetzner Online GmbH (AS24940)	1
MICROSOFT-CORP-MSN-AS-BLOCK	IONOS SE (AS8560)	1
isg.si	Optimus IT d.o.o. (AS48894)	1
centarzdravlja.hr	Hetzner Online GmbH (AS24940)	2
fkz.hr	Croatian Academic and Research Network (AS2108)	1
Croatian Academic and Research Network	Plus Hosting Grupa d.o.o. (AS12417)	1
goku.hr	OVH SAS (AS16276)	1
MICROSOFT-CORP-MSN-AS-BLOCK	INCAPSULA (AS19551)	1
GOOGLE	Hrvatski Telekom d.d. (AS5391)	2
Deutsche Telekom AG	Host Europe GmbH (AS34011)	1
netim.net	Cloud4com s.r.o. (AS47110)	1
sfera.net	Register S.p.A. (AS35130)	1
Hrvatski Telekom d.d.	DEVELENTCORP PRIVATE LIMITED (AS139331)	1
erstecardclub.hr	AMAZON-02 (AS16509)	1
apple.com	APPLE-ENGINEERING (AS714)	1
Hrvatski Telekom d.d.	MICROSOFT-CORP-MSN-AS-BLOCK (AS8075)	5
hpm.hr	Plus Hosting Grupa d.o.o. (AS12417)	1
DIGICERT	Quantcom, a.s. (AS29208)	1
GOOGLE	A1 Hrvatska d.o.o. (AS35549)	2
MICROSOFT-CORP-MSN-AS-BLOCK	PRIVATESYSTEMS (AS63410)	1
variosystems.hr	Sunrise GmbH (AS6730)	1
dalart.eu	Telemach Slovenija d.o.o. (AS41828)	1
spletina.com	DIGITALOCEAN-ASN (AS14061)	1
scw.cloud	Scaleway S.a.s. (AS12876)	1
lateralbusiness.hr	Hetzner Online GmbH (AS24940)	1
nexcess.net	Redcentric Solutions Ltd (AS31463)	1
imago.hr	Hrvatski Telekom d.d. (AS13046)	1
carrier.com	Telekom Deutschland GmbH (AS48951)	1
Hrvatski Telekom d.d.	TRAVELCLICKCORP1 (AS26646)	1
NSONE	Atman Sp. z o.o. (AS15694)	1
Hrvatski Telekom d.d.	Servergarden Kft. (AS47381)	1
contabo.net	Massivegrid Ltd (AS49683)	1
mainpage.hu	GOOGLE (AS15169)	1
POSLuH d.o.o, za informaticke usluge i trgovinu	Tilda Publishing Ltd. (AS205282)	1
zupo.si	Webtasy, d.o.o. (AS43128)	1
viwefix.cz	CASABLANCA INT a.s. (AS15685)	1
nibe.se	CLOUDFLARENET (AS13335)	1
versanus.hu	Contabo GmbH (AS51167)	1
kosinushosting.eu	CLOUDFLARENET (AS13335)	2
Hrvatski Telekom d.d.	APIS IT d.o.o. (AS199401)	3
POSLuH d.o.o, za informaticke usluge i trgovinu	Croatian Academic and Research Network (AS2108)	2
dotroll.com	AMAZON-AES (AS14618)	1
awsdns-08.net	CLOUDFLARENET (AS13335)	1
SECURITYSERVICES	Hetzner Online GmbH (AS24940)	5
Hetzner Online GmbH	Tilda Publishing Ltd. (AS205282)	1
host314.com	NETWORK-SOLUTIONS-HOSTING (AS19871)	1
byethost9.org	Wildcard UK Limited (AS34119)	1
loonaparkmusic.hr	AS-VULTR (AS20473)	1
Cyber_Folks S.A.	Academic Computer Centre CYFRONET AGH (AS8323)	1
infoitdns.com	DATABOX d.o.o. (AS206575)	1
orbis.hr	ATW Internet Kft. (AS41075)	1
loopia.se	OVH SAS (AS16276)	2
Neue Medien Muennich GmbH	INTERNET CZ, a.s. (AS24806)	1
DIGICERT	INCAPSULA (AS19551)	1
ports.se	LH.pl Sp. z o.o. (AS203417)	1
CLOUDFLARENET	Invitech ICT Services Kft. (AS12301)	2
Ledl.net GmbH	AUTOMATTIC (AS2635)	1
wrdns.it	GOOGLE (AS15169)	1
escape.hr	cyber_Folks d.o.o (AS201563)	1
turkticaret.net	TURKTICARET.NET YAZILIM HIZMETLERI SAN. ve TIC. A.S. (AS197720)	1
baden.domains	managedhosting.de GmbH (AS62310)	1
UNIFIEDLAYER-AS-1	SOFTLAYER (AS36351)	1
markmonitor.com	CLOUDFLARENET (AS13335)	3
Hrvatski Telekom d.d.	NTT-DATA-2914 (AS2914)	1
solgrupa.com	Enix Ltd (AS52148)	1
dsnproject.com	Hetzner Online GmbH (AS24940)	1
aversus.com	Infrastructure Italia Colo S.r.l. (AS203201)	1
galopdigital.com	Globalhost d.o.o. (AS200698)	1
Hetzner Online GmbH	PRO-PING d.o.o. (AS62161)	1
CLDIN B.V.	Signet B.V. (AS35470)	1
hostorion.net	OVH SAS (AS16276)	1
POSLuH d.o.o, za informaticke usluge i trgovinu	Akamai Connected Cloud (AS63949)	1
slovanet.net	Cloudflare London, LLC (AS209242)	1
MICROSOFT-CORP-MSN-AS-BLOCK	Sedmi Odjel d.o.o. (AS198785)	1
mailservice.com	Hetzner Online GmbH (AS24940)	2
awsdns-26.com	AMAZON-02 (AS16509)	1
kran-servis.hr	NL-811-40021 (AS40021)	1
SECURITYSERVICES	Webtasy, d.o.o. (AS43128)	1
Telekom Slovenije, d.d.	Hrvatski Telekom d.d. (AS13046)	1
magis-tim.com	LeaseWeb Netherlands B.V. (AS60781)	1
ignum.eu	GOOGLE (AS15169)	1
fresenius.de	Fresenius SE & Co. KGaA (AS15644)	1
subant.com	Hetzner Online GmbH (AS24940)	3
Hetzner Online GmbH	Webglobe, s.r.o. (AS29134)	1
fedsrv.com	CLOUDFLARENET (AS13335)	1
ollingroup.com	AR TELECOM - Acessos e Redes de Telecomunicacoes, S.A. (AS12926)	1
Hetzner Online GmbH	Cloudflare London, LLC (AS209242)	1
CLOUDFLARENET	TURNKEY-INTERNET (AS40244)	2
saphico.com	Destiny N.V (AS8368)	3
xtom.com	xTom GmbH (AS3214)	1
MICROSOFT-CORP-MSN-AS-BLOCK	OMONIA d.o.o. (AS44306)	1
tmdcloud.eu	AS-VULTR (AS20473)	2
artglobal.it	Contabo GmbH (AS51167)	1
nettvplus.hr	Telemach Slovenija d.o.o. (AS3212)	1
ch-meta.net	METANET AG (AS21069)	1
quicns.cloud	SETCOR d.o.o. (AS61211)	2
mStart plus d.o.o.	cyber_Folks d.o.o (AS201563)	1
socgen.com	AMAZON-02 (AS16509)	1
rimanet.com	Telemach Hrvatska d.o.o. (AS34594)	1
UUNET	MICROSOFT-CORP-MSN-AS-BLOCK (AS8075)	1
khraft.de	ScaleUp Technologies GmbH & Co. KG (AS29014)	1
CLOUDFLARENET	Vodafone Czech Republic a.s. (AS16019)	1
antik.sk	ANTIK Telecom s.r.o (AS42841)	1
awsdns-21.com	AMAZON-02 (AS16509)	1
bw-host.com	Hetzner Online GmbH (AS24940)	1
lh.pl	CLOUDFLARENET (AS13335)	2
CRATIS d.o.o.	AMAZON-02 (AS16509)	1
hosting.de	MICROSOFT-CORP-MSN-AS-BLOCK (AS8075)	1
GOOGLE	Icard Services PLC (AS207249)	1
introdns.hu	Rackforest Zrt. (AS62214)	2
webino.hr	Contabo GmbH (AS51167)	1
OVH SAS	Beyond.pl sp. z o.o. (AS31229)	1
netim.net	DIGITALOCEAN-ASN (AS14061)	2
badel1862.hr	Plus Hosting Grupa d.o.o. (AS12417)	1
freedns.hr	AMAZON-02 (AS16509)	3
hostinkos.com	AMAZON-02 (AS16509)	1
gi-dns.com	Gi Group S.p.A. (AS207964)	1
CLOUDFLARENET	Cyber_Folks SRL (AS44043)	2
infoitdns.com	Beyond.pl sp. z o.o. (AS31229)	1
METANET AG	CLOUDFLARENET (AS13335)	1
g-server.com	Posta Slovenije d.o.o. (AS28682)	1
mojsite.com	Optimus IT d.o.o. (AS48894)	1
Hrvatski Telekom d.d.	Sistemske integracije d.o.o. (AS42593)	1
NSONE	GOOGLE (AS15169)	2
ascio.com	MICROSOFT-CORP-MSN-AS-BLOCK (AS8069)	1
OVH SAS	Zavarovalnica Triglav d.d. (AS25499)	1
netim.net	Eurofiber France SAS (AS35625)	1
SECURITYSERVICES	Danfoss A/S (AS12834)	2
com.hr	4Tel Telekomunikacije d.o.o. (AS203964)	1
mmc.at	MMC GmbH (AS12577)	1
fenice.hr	Fenice Telekom Grupa d.o.o. (AS204020)	1
firstimpression.agency	SETCOR d.o.o. (AS61211)	3
nameshield.net	INCAPSULA (AS19551)	1
pbf.hr	Croatian Academic and Research Network (AS2108)	1
ipcom GmbH	kyberio GmbH (AS24679)	1
1and1-dns.biz	IONOS SE (AS8560)	1
aries.hr	Hrvatski Telekom d.d. (AS13046)	2
cloudns.io	Enix Ltd (AS52148)	2
bego24.ch	METANET AG (AS21069)	1
Financijska agencija	Iomart Cloud Services Limited (AS20860)	1
idoneus.hr	GITHUB (AS36459)	1
IONOS SE	Enflow B.V. (AS209626)	1
emilfrey.ch	Hetzner Online GmbH (AS24940)	1
unihost.cz	CASABLANCA INT a.s. (AS15685)	1
leier.hu	4iG Telecommunications Holding Zrt (AS8990)	1
desec.io	Hrvatski Telekom d.d. (AS13046)	2
MICROSOFT-CORP-MSN-AS-BLOCK	Rackspace Ltd. (AS15395)	1
infoitdns.com	A1 Hrvatska d.o.o. (AS29485)	1
gkisan.com	NAMECHEAP-NET (AS22612)	2
registrar-servers.com	netcup GmbH (AS197540)	1
info-d.hr	ASEE SOLUTIONS d.o.o (AS203463)	1
awsdns-15.org	GANDI SAS (AS29169)	1
Host Europe GmbH	cyber_Folks d.o.o (AS201563)	3
ports.se	Hetzner Online GmbH (AS24940)	2
bb-online.biz	M247 Ltd (AS33970)	1
porsche.asia	AMAZON-02 (AS16509)	1
incito.hr	Hrvatski Telekom d.d. (AS5391)	1
wizja.net	sprint S.A. (AS197226)	1
isi-servis.com	Akton d.o.o. (AS25467)	3
SIEL, d.o.o.	OVH SAS (AS16276)	1
CLOUDFLARENET	Ans Academy Limited (AS61323)	1
perpetuum.hr	Sedmi Odjel d.o.o. (AS198785)	1
infoitdns.com	WEEBLY (AS27647)	1
Croatian Academic and Research Network	DIGITALOCEAN-ASN (AS14061)	1
CLOUDFLARENET	RAILWAY (AS400940)	1
CLOUDFLARENET	Centrum Holding 1 Spolka Akcyjna Sp. K. (AS205395)	1
forel.hu	23VNet Kft. (AS30836)	1
vzajemna.si	VZAJEMNA zdravstvena zavarovalnica, d.v.z. (AS44730)	1
dns-h.com	CLOUDFLARENET (AS13335)	1
Magic Net D.o.o.	Contabo GmbH (AS51167)	1
SETCOR d.o.o.	Rackforest Zrt. (AS62214)	1
sistemihr.eu	Telemach Hrvatska d.o.o. (AS34594)	1
mojsite.com	Retelit Digital Services S.p.A. (AS20811)	1
marketinglite.sk	CLOUDFLARENET (AS13335)	1
registrar-servers.com	Magic Net D.o.o. (AS44377)	1
noc40.com	IOFLOOD (AS53755)	1
domeny.tv	INTEN Sp. z o. o. (AS43962)	1
ipcom GmbH	Telemach Hrvatska d.o.o. (AS34594)	1
fortion.cz	Fortion Networks, s.r.o. (AS44984)	1
futurevision.hr	Hetzner Online GmbH (AS24940)	1
T-Mobile Austria GmbH	Hetzner Online GmbH (AS24940)	2
server-077.com	CLOUDFLARENET (AS13335)	1
studiozg.hr	CRATIS d.o.o. (AS61094)	1
netspace.sk	NetSpace s.r.o. (AS208668)	1
Optimus IT d.o.o.	SIEL, d.o.o. (AS51790)	1
corpinter.de	IONOS SE (AS8560)	1
AMAZON-02	SychrovNET s.r.o (AS51331)	1
CLOUDFLARENET	Styria IT Solutions d.o.o. (AS51577)	1
iq.pl	Plus Hosting Grupa d.o.o. (AS12417)	1
zoneedit.com	FASTLY (AS54113)	2
AMAZON-02	SUCURI-SEC (AS30148)	1
Deutsche Telekom AG	GLS IT Services GmbH (AS60254)	1
microline.hr	A1 Hrvatska d.o.o. (AS29485)	2
Data Target d.o.o.	A1 Hrvatska d.o.o. (AS35549)	1
NSONE	Akamai International B.V. (AS20940)	1
dcsaas.net	Atman Sp. z o.o. (AS15694)	3
awsdns-00.com	AMAZON-02 (AS16509)	3
afternic.com	AMAZON-02 (AS16509)	1
is.nl	Vancis IP B.V. (AS15879)	2
Hetzner Online GmbH	Hetzner Online GmbH (AS213230)	1
dariana.dev	WEBHOSTINGHOLDINGS (AS965)	2
onlinemountain.com	ESTRUXTURE-ON-19122 (AS19122)	1
CLOUDFLARENET	Posta Slovenije d.o.o. (AS28682)	1
registrar-servers.com	WIIT AG (AS24961)	1
elmesdl.hr	Contabo GmbH (AS51167)	2
Host Europe GmbH	A1 Hrvatska d.o.o. (AS12810)	1
SIEL, d.o.o.	Telemach Slovenija d.o.o. (AS41828)	2
pixelx.de	Contabo GmbH (AS51167)	1
Webglobe, s.r.o.	Webglobe, s.r.o. (AS198171)	4
OVH SAS	Livenet Sp. z o.o. (AS59491)	1
zoya.bg	Telehouse EAD (AS57344)	1
GOOGLE	Scalaxy B.V. (AS58061)	1
lrmed.com	Mittwald CM Service GmbH & Co. KG (AS15817)	1
co.uk	FASTLY (AS54113)	1
dayton.hr	NL-811-40021 (AS40021)	1
inforent.de	MICROSOFT-CORP-MSN-AS-BLOCK (AS8075)	1
CLOUDFLARENET	Fenice Telekom Grupa d.o.o. (AS204020)	2
perf1.com	GTT Communications Inc. (AS3257)	1
IP-Projects GmbH & Co. KG	netcup GmbH (AS197540)	2
a1.net	Leder und Schuh AG (AS48486)	2
awsdns-00.net	MICROSOFT-CORP-MSN-AS-BLOCK (AS8075)	2
wmdhosting-nvme.com	Hetzner Online GmbH (AS24940)	1
CLOUDFLARENET	A1 Hrvatska d.o.o. (AS29485)	1
mStart plus d.o.o.	Akamai International B.V. (AS20940)	2
adiswitch.com	Hetzner Online GmbH (AS24940)	1
optikanjego.com	LeaseWeb Netherlands B.V. (AS60781)	1
hostorion.net	Hetzner Online GmbH (AS24940)	1
sandalsbeta.com	LEVEL3 (AS3356)	1
grad.hr	Croatian Academic and Research Network (AS2108)	2
digitech.ba	Globalhost d.o.o. (AS200698)	1
ceti.pl	CETI s.c. (AS15541)	1
com.hr	MasterDC s.r.o. (AS24971)	1
mojsite.com	VSHosting s.r.o. (AS43541)	3
altodns.de	Bradler & Krantz GmbH & Co. KG (AS29141)	1
tdgdigitalsrv02.nl	UpCloud Ltd (AS202053)	1
4dweb.hr	AMAZON-02 (AS16509)	1
CLOUDFLARENET	E-Mind Srl (AS49535)	1
serverpool.net	InterNetX GmbH (AS15456)	1
servershost.net	WHG Hosting Services Ltd (AS14670)	1
dihost.net	Hohl IT e.U. (AS40994)	2
bohemiasoft.com	CASABLANCA INT a.s. (AS15685)	1
Croatian Academic and Research Network	OPTIMAR ADRIA d.o.o. (AS214724)	1
alfahosting.info	CLOUDFLARENET (AS13335)	1
POSLuH d.o.o, za informaticke usluge i trgovinu	Plus Hosting Grupa d.o.o. (AS12417)	2
mojhosting.info	Scaleway S.a.s. (AS12876)	1
brenet.de	euNetworks GmbH (AS13237)	1
nivas.hr	Plus Hosting Grupa d.o.o. (AS12417)	1
Sedmi Odjel d.o.o.	Hetzner Online GmbH (AS24940)	2
awsdns-31.com	AMAZON-02 (AS16509)	1
lajka.hr	OVH SAS (AS16276)	1
LIQUIDWEB	CRATIS d.o.o. (AS61094)	1
opten.hu	Invitech ICT Services Kft. (AS12301)	1
escape.hr	SETCOR d.o.o. (AS61211)	1
hostuj.to	Alberon Letohrad s.r.o (AS56450)	1
awsdns-31.com	GOOGLE (AS15169)	1
kuhada.net	Cloudflare London, LLC (AS209242)	4
freedns.si	GOOGLE-CLOUD-PLATFORM (AS396982)	1
oblacno.net	Hetzner Online GmbH (AS24940)	1
hostgator.com	INCAPSULA (AS19551)	1
Hetzner Online GmbH	AS-VULTR (AS20473)	2
cloudns.net	Nine Internet Solutions AG (AS29691)	1
Blink d.o.o.	AMAZON-02 (AS16509)	1
Hrvatski Telekom d.d.	Rackhost Zrt. (AS29278)	1
infigo.hr	AMAZON-02 (AS16509)	1
conova communications GmbH	23M GmbH (AS47447)	1
cloud4you.biz	Manuel Wannemacher (AS39913)	3
Hrvatski Telekom d.d.	Leaseweb Deutschland GmbH (AS28753)	1
naliniji.com	POSLuH d.o.o, za informaticke usluge i trgovinu (AS25277)	1
topsec.com	MICROSOFT-CORP-MSN-AS-BLOCK (AS8075)	1
Host Europe GmbH	GO-DADDY-COM-LLC (AS400754)	1
wetworkslab.network	Hrvatski Telekom d.d. (AS5391)	1
registrar-servers.com	SQUARESPACE (AS53831)	1
cloudns.net	GOOGLE-CLOUD-PLATFORM (AS396982)	1
lmsoftwebsolution.com	GTCOMM (AS36666)	1
dnsimple.com	DIGITALOCEAN-ASN (AS14061)	1
DIGICERT	AUTOMATTIC (AS2635)	2
register.it	Hetzner Online GmbH (AS24940)	1
ekologija.com	OVH SAS (AS16276)	1
markmonitor.com	Sentia Denmark A/S (AS47292)	1
hina.hr	Hrvatska Izvjestajna Novinska Agencija (AS29647)	1
awardspace.com	AMAZON-02 (AS16509)	1
domain.com	Contabo GmbH (AS51167)	1
xhosting.biz	OVH SAS (AS16276)	1
arctur.si	Telekom Slovenije, d.d. (AS5603)	1
SECURITYSERVICES	JLL-AM-CHI (AS29954)	1
cloudkom.hr	Hetzner Online GmbH (AS24940)	1
masterdns.nl	Uniserver Internet B.V. (AS31673)	1
aite.cz	Coolhousing s.r.o. (AS35592)	1
Financijska agencija	Scaleway S.a.s. (AS12876)	1
interactive1.eu	IP-Projects GmbH & Co. KG (AS48314)	1
wf01.de	uvensys GmbH (AS58010)	1
td-fn.net	dogado GmbH (AS45012)	1
jgl.hr	Hrvatski Telekom d.d. (AS5391)	1
studio4web.com	IONOS SE (AS8560)	1
arvancdn.ir	Noyan Abr Arvan Co. ( Private Joint Stock) (AS205585)	1
unigra.it	OVH SAS (AS16276)	1
theservercompany.com	HOSTVENOM-LLC (AS30455)	1
tarhely.com	WebSupport s.r.o. (AS51013)	1
is-fun.net	Nessus GmbH (AS47692)	1
enterit.hr	Hetzner Online GmbH (AS24940)	2
aname.net	Hostek AB (AS61207)	1
AMAZON-02	SETCOR d.o.o. (AS61211)	2
giftday.ro	CLAUS WEB srl (AS203053)	1
world4you.at	Next Layer Telekommunikationsdienstleistungs- und Beratungs GmbH (AS1764)	1
co.uk	Enflow B.V. (AS209626)	1
MICROSOFT-CORP-MSN-AS-BLOCK	Mittwald CM Service GmbH & Co. KG (AS15817)	1
awsdns-17.org	AMAZON-02 (AS16509)	2
MICROSOFT-CORP-MSN-AS-BLOCK	LeaseWeb Netherlands B.V. (AS60781)	1
cityshop.si	CLOUDFLARENET (AS13335)	1
server-077.com	Telemach Hrvatska d.o.o. (AS34594)	1
SECURITYSERVICES	LIQUIDWEB (AS32244)	1
opportunity.de	Hetzner Online GmbH (AS24940)	1
netim.net	ORACLE-BMC-31898 (AS31898)	1
linode.com	Wix.com Ltd. (AS58182)	1
syseleven.de	SysEleven GmbH (AS25291)	1
SECURITYSERVICES	COGECO-PEER1 (AS13768)	1
buddyns.com	IPT d.o.o. (AS42679)	2
genesys informatica srl	Aruba S.p.A. (AS31034)	1
introweb.nl	Previder B.V. (AS20847)	1
ipcom GmbH	webhoster.de AG (AS200548)	1
cloudns.net	netcup GmbH (AS197540)	1
hostserv.eu	BSE Software GmbH (AS9044)	1
cicerohosting.com	PRIVATESYSTEMS (AS63410)	2
Telemach Hrvatska d.o.o.	GOOGLE (AS15169)	2
awsdns-27.com	MICROSOFT-CORP-MSN-AS-BLOCK (AS8075)	1
fesb.hr	Croatian Academic and Research Network (AS2108)	2
CLOUDFLARENET	FiberXpress BV (AS57717)	1
routing.net	IP-Projects GmbH & Co. KG (AS48314)	1
hostingww.com	Instra Corporation Pty Ltd (AS133104)	1
NUCDN	Adam EcoTech, S.A (AS15699)	3
kodeks.hr	Plus Hosting Grupa d.o.o. (AS12417)	1
openservis.net	MasterDC s.r.o. (AS24971)	1
backup-dns.de	Hetzner Online GmbH (AS24940)	1
websnack.hr	Hostinger International Limited (AS47583)	1
alphito.net	Telemach Slovenija d.o.o. (AS3212)	1
MICROSOFT-CORP-MSN-AS-BLOCK	InterNetworX Management GmbH (AS48596)	1
jawas.pl	Cyber_Folks S.A. (AS29522)	1
mediatemple.net	AS-26496-GO-DADDY-COM-LLC (AS26496)	2
gransy.com	Cloud4com s.r.o. (AS47110)	1
eukdns.com	Iomart Managed Services Limited (AS35425)	1
CLOUDFLARENET	A1 Hrvatska d.o.o. (AS31012)	4
centar2000.hr	CRATIS d.o.o. (AS61094)	1
Hetzner Online GmbH	Host Europe GmbH (AS21501)	1
SECURITYSERVICES	Beyond.pl sp. z o.o. (AS31229)	1
ipcom GmbH	velia.net Internetdienste GmbH (AS29066)	1
workit.hr	Sedmi Odjel d.o.o. (AS198785)	3
GRENKE Service GmbH	LeaseWeb Netherlands B.V. (AS60781)	1
freedns.si	PERFTECH, podjetje za proizvodnjo in uvajanje novih tehnologij, d.o.o. (AS6764)	1
qhoster.net	Belcloud LTD (AS44901)	1
awsdns-40.org	MICROSOFT-CORP-MSN-AS-BLOCK (AS8075)	1
MICROSOFT-CORP-MSN-AS-BLOCK	VSHosting s.r.o. (AS43541)	1
freedns.si	HOSTHATCH (AS63473)	1
mijn.host	Voxility LLP (AS3223)	1
ns14.net	FASTLY (AS54113)	2
smartcom.bg	Smartcom Bulgaria AD (AS12591)	1
registrar-servers.com	NETWORK-SOLUTIONS-HOSTING (AS19871)	1
WEDOS Internet, a.s.	Akamai Connected Cloud (AS63949)	1
controlpanel.si	ARCTUR d.o.o. (AS47904)	1
cybox.eu	Signet B.V. (AS35470)	1
GOOGLE	SQUARESPACE (AS53831)	1
fkit.hr	Croatian Academic and Research Network (AS2108)	1
AMAZON-02	AUTOMATTIC (AS2635)	1
123ns.de	SOFTLAYER (AS36351)	1
Nazwa.pl Sp.z.o.o.	Polcom Sp. z o.o. (AS52142)	1
awsdns-15.com	Host Europe GmbH (AS8972)	1
controlpanel.si	Vodafone GmbH (AS3209)	1
Nessus GmbH	Host Europe GmbH (AS21499)	1
awsdns-29.org	AMAZON-02 (AS16509)	2
levita-dns.eu	GOOGLE-CLOUD-PLATFORM (AS396982)	1
febas.de	Hetzner Online GmbH (AS24940)	1
ns1-tec.de	SYNLINQ (AS44486)	1
prohost.mk	Hetzner Online GmbH (AS24940)	1
HURRICANE	UNIFIEDLAYER-AS-1 (AS46606)	2
hostingcentar.com	Croatian Academic and Research Network (AS2108)	1
sfera.net	Keliweb S.R.L (AS202675)	1
computech.hr	Hrvatski Telekom d.d. (AS5391)	1
A1 Hrvatska d.o.o.	VERSO ALTIMA d.o.o. (AS38937)	1
balt.net	UAB Baltnetos komunikacijos (AS15440)	1
awsdns-16.org	AMAZON-02 (AS16509)	2
ipcom GmbH	Deutsche Telekom AG (AS3320)	2
CLOUDFLARENET	InterNetX GmbH (AS15456)	1
mijndnsserver.nl	LeaseWeb Netherlands B.V. (AS60781)	2
ipcom GmbH	Neue Medien Muennich GmbH (AS34788)	1
debianszerver.hu	AMAZON-02 (AS16509)	1
ZONER a.s.	MasterDC s.r.o. (AS24971)	2
freedns.si	Telemach Slovenija d.o.o. (AS41828)	2
studio4web.com	cyber_Folks d.o.o (AS201563)	1
GOOGLE	LeaseWeb Netherlands B.V. (AS60781)	1
rochendns.com	AMAZON-02 (AS16509)	1
28.si	Hetzner Online GmbH (AS24940)	1
awsdns-17.com	Hetzner Online GmbH (AS24940)	1
unh.net	Bluewin (AS3303)	1
Telemach Hrvatska d.o.o.	Wix.com Ltd. (AS58182)	3
MICROSOFT-CORP-MSN-AS-BLOCK	1984 ehf (AS44925)	1
stabletransit.com	Rackspace Ltd. (AS15395)	1
noris.ch	noris network AG (AS12337)	1
acwebconnecting.com	SC Web Software Development SRL (AS47836)	1
krekom.si	DIGITALOCEAN-ASN (AS14061)	1
Akamai International B.V.	DEERE (AS10846)	2
awsdns-16.org	CLOUDFLARENET (AS13335)	1
fibernet.hr	Fenice Telekom Grupa d.o.o. (AS204020)	1
ldb-servers.info	Hetzner Online GmbH (AS24940)	1
netim.net	Cizgi Telekomunikasyon Anonim Sirketi (AS34619)	1
tiron.hr	Hostinger International Limited (AS47583)	1
internex.at	Telekom Austria (AS8447)	1
ACTIVE 24, s.r.o.	VNET a.s. (AS29405)	1
ORACLE-BMC-31898	A1 Hrvatska d.o.o. (AS12810)	1
A1 Hrvatska d.o.o.	INTERWORKS Single Member S.A. (AS50919)	1
defaultserver.net	IS-AS-1 (AS19318)	2
adcubum.com	METANET AG (AS21069)	1
0000502.xyz	Webdock.io ApS (AS44803)	2
vkprojekt.hr	TONET d.o.o. (AS205774)	1
relago.hr	Hetzner Online GmbH (AS24940)	1
ponudaza5.hr	SETCOR d.o.o. (AS61211)	1
POSLuH d.o.o, za informaticke usluge i trgovinu	Leaseweb Deutschland GmbH (AS28753)	1
avnet.com	ONYPHE SAS (AS213412)	1
Hrvatski Telekom d.d.	SpaceNet AG (AS5539)	1
managed-ip.com	QualityHosting AG (AS25260)	1
MICROSOFT-CORP-MSN-AS-BLOCK	Tele2 SWIPnet (AS1257)	1
webbrandz.net	NETWORK-SOLUTIONS-HOSTING (AS19871)	1
keyper.net	Cloudflare London, LLC (AS209242)	1
cronis.co	Hetzner Online GmbH (AS24940)	1
SCAAM0001	CLOUDFLARENET (AS13335)	1
maschionet.com	AMAZON-02 (AS16509)	1
escape.hr	CLOUDFLARENET (AS13335)	1
cloudns.net	SHARKTECH (AS46844)	1
cloudns.net	Telemach Hrvatska d.o.o. (AS34594)	1
SOFTLAYER	A1 Hrvatska d.o.o. (AS29485)	1
skiingforever.com	Krystal Hosting Ltd (AS12488)	2
CLOUDFLARENET	MasterDC s.r.o. (AS24971)	1
CLOUDFLARENET	SWITCH-LTD (AS23005)	1
registrar-servers.com	GOOGLE-CLOUD-PLATFORM (AS396982)	1
freedns.si	SQUARESPACE (AS53831)	1
xhosting.biz	Cloudflare London, LLC (AS209242)	2
CLOUDFLARENET	TIER-NET (AS397423)	1
eolas.fr	FASTLY (AS54113)	1
NUCDN	Easynet S.P.A. (AS21454)	1
123ns.eu	FASTLY (AS54113)	1
awsdns-32.net	Odasiljaci i veze d.o.o. (AS48797)	1
eftydns.com	Signet B.V. (AS20857)	1
siriuswebhosting.com	CLOUDFLARENET (AS13335)	1
studio4web.com	CRATIS d.o.o. (AS61094)	1
dnsimple.com	CLOUDFLARENET (AS13335)	1
Hetzner Online GmbH	Hrvatski Telekom d.d. (AS5391)	2
telemar.it	Axera SpA (AS13097)	2
MICROSOFT-CORP-MSN-AS-BLOCK	Signet B.V. (AS20857)	1
volkswagen.de	FASTLY (AS54113)	1
ikona.hr	IONOS SE (AS8560)	1
bisneys.hr	Hetzner Online GmbH (AS24940)	1
t-2.net	Webtasy, d.o.o. (AS43128)	1
NUCDN	Host Europe GmbH (AS8972)	1
registrar-servers.com	DATABOX d.o.o. (AS206575)	1
register.it	OVH SAS (AS16276)	1
a1.net	Akenes SA (AS61098)	4
clara.net	Hetzner Online GmbH (AS24940)	1
register.it	TIM (AS20746)	1
alfahosting.info	Hetzner Online GmbH (AS24940)	1
co.uk	Plus Hosting Grupa d.o.o. (AS12417)	1
websas.hu	Websas.hu Kft. (AS198281)	1
iquer.net	Hetzner Online GmbH (AS24940)	1
timmehosting.de	23M GmbH (AS47447)	1
IONOS SE	Deutsche Telekom AG (AS3320)	1
fakat.net	AMAZON-02 (AS16509)	1
velebithost.biz	MAJESTIC-HOSTING-01 (AS396073)	1
prplus.hr	Hetzner Online GmbH (AS24940)	1
Hrvatski Telekom d.d.	AUTOMATTIC (AS2635)	1
ACTIVE 24, s.r.o.	SH.cz s.r.o. (AS39392)	1
dalmacijadanas.hr	OVH SAS (AS16276)	1
myshoptet.com	Shoptet, a.s. (AS198627)	1
reliabledns.org	CYBERCON (AS7393)	1
registrar-servers.com	UK-2 Limited (AS13213)	1
privjesci.hr	Fenice Telekom Grupa d.o.o. (AS204020)	1
efzg.hr	CRATIS d.o.o. (AS61094)	1
hostingcentar.com	Wix.com Ltd. (AS58182)	1
studio4web.com	SQUARESPACE (AS53831)	3
checkdomain.de	IONOS SE (AS8560)	1
lemarit.de	23M GmbH (AS47447)	1
hcoop.net	DIGITALOCEAN-ASN (AS14061)	1
MICROSOFT-CORP-MSN-AS-BLOCK	MasterDC s.r.o. (AS24971)	1
Telemach Hrvatska d.o.o.	Akamai Connected Cloud (AS63949)	1
SETCOR d.o.o.	NetLogic d.o.o. (AS210190)	1
Optimus IT d.o.o.	AS-VULTR (AS20473)	1
Telemach Hrvatska d.o.o.	AMAZON-02 (AS16509)	3
CLOUDFLARENET	Evolink AD (AS8262)	1
stable.cz	T-Mobile Czech Republic a.s. (AS13036)	1
MICROSOFT-CORP-MSN-AS-BLOCK	Ddos-guard Ltd (AS57724)	1
Telemach Hrvatska d.o.o.	SETCOR d.o.o. (AS61211)	1
nks.hr	Croatian Academic and Research Network (AS2108)	1
studio4web.com	netcup GmbH (AS197540)	1
escape.hr	ELIN.hu Informatikai Szolgaltato es Tanacsado Kft. (AS208154)	1
markmonitor.com	cyber_Folks d.o.o (AS201563)	1
CLOUDFLARENET	AIRNET d.o.o. za telekomunikacije (AS61995)	1
tajnagline.hr	Plus Hosting Grupa d.o.o. (AS12417)	1
mikrocop.com	SIEL, d.o.o. (AS51790)	1
com.pl	Oktawave S.A. (AS42503)	1
Host Europe GmbH	Wix.com Ltd. (AS58182)	1
HURRICANE	APIS IT d.o.o. (AS199401)	1
telemach.net	Telemach Slovenija d.o.o. (AS41828)	2
co.uk	Celeste SAS (AS20926)	1
A1 Hrvatska d.o.o.	Terrakom d.o.o. (AS34362)	1
NSONE	CENCORA-INTERNET (AS13628)	1
profi-dns.at	Hetzner Online GmbH (AS24940)	1
sedamcloud.com	DATABOX d.o.o. (AS206575)	1
xhosting.biz	SWAN, a.s. (AS5578)	1
GOOGLE	Akamai Connected Cloud (AS63949)	1
mwebdns.de	Signet B.V. (AS20857)	1
CLOUDFLARENET	Diag Dienstleistungen AG (AS5529)	1
registrar-servers.com	KnownSRV Ltd. (AS200514)	1
hostingcentar.com	A1 Hrvatska d.o.o. (AS35549)	3
crs-net.cz	CASABLANCA INT a.s. (AS15685)	1
Hetzner Online GmbH	OMONIA d.o.o. (AS44306)	1
SETCOR d.o.o.	FASTLY (AS54113)	2
SIEL, d.o.o.	SOFTNET d.o.o. (AS9119)	1
elektronika-stanicic.com	Plus Hosting Grupa d.o.o. (AS12417)	1
OVH SAS	Deutsche Telekom AG (AS3320)	1
openminds.be	Unix-Solutions BV (AS39923)	1
infoitdns.com	AMAZON-AES (AS14618)	1
hosterion.com	Hosterion Srl (AS43927)	1
infoitdns.com	Croatian Academic and Research Network (AS2108)	1
freedns.hr	DIGITALOCEAN-ASN (AS14061)	2
serverlet.com	OVH SAS (AS16276)	2
Hrvatski Telekom d.d.	XEROX-WB (AS22390)	1
DIGICERT	Hofmeir Media GmbH (AS196922)	1
markmonitor.com	mCloud doo (AS35779)	1
MICROSOFT-CORP-MSN-AS-BLOCK	GTS Telecom SRL (AS5606)	1
bilendi.com	Bilendi Technology SARL (AS51664)	2
dlab.hr	Plus Hosting Grupa d.o.o. (AS12417)	1
MICROSOFT-CORP-MSN-AS-BLOCK	OMV Aktiengesellschaft (AS25069)	1
cscudns.com	Plus Hosting Grupa d.o.o. (AS12417)	1
grdns.cz	INTERNET CZ, a.s. (AS24806)	1
Optimus IT d.o.o.	FREENET internet d.o.o. (AS198213)	1
in-sist.net	Host Europe GmbH (AS21499)	1
posluzitelj.net	Sedmi Odjel d.o.o. (AS198785)	1
cloudns.net	Akamai Connected Cloud (AS63949)	1
framesmedia.hr	Hetzner Online GmbH (AS24940)	1
pozega.eu	Plus Hosting Grupa d.o.o. (AS12417)	1
GANDI SAS	Bahnhof AB (AS8473)	1
VNET a.s.	WebSupport s.r.o. (AS51013)	1
bigcommerce.com	BIGCOMMERCE (AS399566)	1
saop.si	Telekom Slovenije, d.d. (AS5603)	2
rro.de	IONOS SE (AS8560)	2
dotsource.de	IONOS SE (AS8560)	1
zonomi.com	Filip informatika d.o.o. (AS208057)	1
A1 Hrvatska d.o.o.	GOOGLE-CLOUD-PLATFORM (AS396982)	1
tmt.de	TMT GmbH & Co. KG (AS16316)	1
Telemach Hrvatska d.o.o.	cyber_Folks d.o.o (AS201563)	3
crohost.net	cyber_Folks d.o.o (AS201563)	1
cleannameservers.com	LIMESTONENETWORKS (AS46475)	1
NSONE	WIIT AG (AS24961)	1
web-host.ro	Chroot Network SRL (AS56430)	2
viking.bg	velia.net Internetdienste GmbH (AS29066)	1
infoprojekt.hr	Telemach Hrvatska d.o.o. (AS34594)	1
kuhada.net	DIGITALOCEAN-ASN (AS14061)	1
awsdns-01.com	Admiral Markets AS (AS202063)	1
SETCOR d.o.o.	Telekom Austria (AS8447)	1
Hrvatski Telekom d.d.	UpCloud Ltd (AS202053)	1
DIGICERT	Axians AB (AS20514)	1
InterNetX GmbH	CLOUDFLARENET (AS13335)	1
kabi.si	Hetzner Online GmbH (AS24940)	1
sto.com	Deutsche Telekom AG (AS3320)	1
klubarbeit.at	eww ag (AS21013)	1
abbott.com	Plus Hosting Grupa d.o.o. (AS12417)	1
dynu.com	netcup GmbH (AS197540)	1
Telekom Slovenije, d.d.	SEEWEB s.r.l. (AS12637)	1
restoredental.hr	NL-811-40021 (AS40021)	1
thednscompany.com	Hetzner Online GmbH (AS24940)	1
awsdns-10.net	CLOUDFLARENET (AS13335)	1
ipcom GmbH	Akamai International B.V. (AS20940)	2
co.mz	Contabo GmbH (AS51167)	1
rackspace.com	CLOUDFLARENET (AS13335)	1
Hostpoint AG	Hetzner Online GmbH (AS24940)	1
nseasy.com	DIMENOC (AS33182)	1
glipac.ch	CSC (AS19574)	1
shopmania.org	M247 Europe SRL (AS9009)	1
omonia.hr	Plus Hosting Grupa d.o.o. (AS12417)	1
dtank.hu	Dravanet Co Ltd. (AS197248)	1
hostgator.com	CONFLUENCE-NETWORK-INC (AS40034)	1
Hetzner Online GmbH	Ddos-guard Ltd (AS57724)	1
managed-ip.com	TKRZ Stadtwerke GmbH (AS42184)	1
gransy.com	M247 Europe SRL (AS9009)	1
nlxs.nl	Signet B.V. (AS20857)	2
it-austria.net	Hetzner Online GmbH (AS24940)	1
abovedomains.com	Trellian Pty. Limited (AS133618)	2
IONOS SE	Mittwald CM Service GmbH & Co. KG (AS15817)	1
name.com	SOFTLAYER (AS36351)	1
startas.com	Hetzner Online GmbH (AS24940)	2
pws-server.net	Hetzner Online GmbH (AS24940)	1
Hetzner Online GmbH	WEEBLY (AS27647)	1
tera.hr	Croatian Academic and Research Network (AS2108)	1
ORACLE-BMC-31898	velia.net Internetdienste GmbH (AS29066)	1
cronon.de	Strato GmbH (AS6724)	1
system01.hr	A1 Hrvatska d.o.o. (AS35549)	1
DATABOX d.o.o.	Contabo GmbH (AS51167)	1
hostingcentar.com	FASTLY (AS54113)	1
aries.hr	CRATIS d.o.o. (AS61094)	1
yozz.eu	Rackforest Zrt. (AS62214)	1
orbis.hr	Mittwald CM Service GmbH & Co. KG (AS15817)	1
td-fn.net	AMAZON-02 (AS16509)	1
SecurityNet.cz s.r.o.	AMAZON-02 (AS16509)	1
webhostingpad.com	ASN-GIGENET (AS32181)	2
mpexnet.de	mpex GmbH (AS35833)	1
dnsimple.com	SQUARESPACE (AS53831)	1
plavipixel.net	CLOUDFLARENET (AS13335)	1
telprom.eu	MICROSOFT-CORP-MSN-AS-BLOCK (AS8075)	1
CLOUDFLARENET	S&T Hrvatska d.o.o. (AS49498)	1
SECURITYSERVICES	Arelion Sweden AB (AS1299)	1
crohost.net	Webtasy, d.o.o. (AS43128)	1
CRATIS d.o.o.	LeaseWeb Netherlands B.V. (AS60781)	1
vibracell.hr	Signet B.V. (AS20857)	1
awsdns-09.com	Previder B.V. (AS20847)	1
pickbox.tv	Hetzner Online GmbH (AS24940)	1
SECURITYSERVICES	Sedmi Odjel d.o.o. (AS198785)	1
GOOGLE	euNetworks GmbH (AS13237)	1
dobar.hosting	AMAZON-02 (AS16509)	1
nroute.de	TelemaxX Telekommunikation GmbH (AS12843)	1
domenca.com	SIEL, d.o.o. (AS51790)	1
roomescape.at	AMAZON-02 (AS16509)	2
nominalia.com	Register S.p.A. (AS39729)	1
go4web.ch	Netrics Biel AG (AS50785)	1
awsdns-22.com	CRATIS d.o.o. (AS61094)	1
marina-punat-grupa.hr	Hrvatski Telekom d.d. (AS5391)	1
neosoft.hu	Hetzner Online GmbH (AS24940)	1
simona.hr	Contabo GmbH (AS51167)	1
ahostbox.com	OVH SAS (AS16276)	1
emag.ro	AMAZON-02 (AS16509)	1
bearhosting.info	Scaleway S.a.s. (AS12876)	1
Hetzner Online GmbH	DREAMHOST-AS (AS26347)	1
Business Solutions d.o.o.	Webtasy, d.o.o. (AS43128)	1
hosted.nl	BIT BV (AS12859)	1
netim.net	SQUARESPACE (AS53831)	1
webspacecontrol.com	Servergarden Kft. (AS47381)	2
ORACLE-BMC-31898	Plus Hosting Grupa d.o.o. (AS12417)	1
OVH SAS	firstcolo GmbH (AS44066)	1
awsdns-06.org	cyber_Folks d.o.o (AS201563)	1
jedro.org	ORACLE-BMC-31898 (AS31898)	1
Sedmi Odjel d.o.o.	cyber_Folks d.o.o (AS201563)	1
vshosting.cz	VSHosting s.r.o. (AS43541)	4
dnsres.net	AMAZON-02 (AS16509)	1
registrar-servers.com	cyber_Folks d.o.o (AS201563)	1
yandex.net	Zetta Hosting Solutions LLC. (AS44476)	1
DIGICERT	Contabo GmbH (AS51167)	1
NUCDN	Julius Blum GmbH (AS197964)	1
thinline.cz	DIGITALOCEAN-ASN (AS14061)	1
studio4web.com	Hrvatski Telekom d.d. (AS13046)	1
terrakom.hr	SQUARESPACE (AS53831)	1
baden.domains	Leitwerk Ag (AS15894)	1
studio4web.com	Porsche Informatik Gesellschaft m.b.H (AS29085)	1
tempcontrol.hr	Hetzner Online GmbH (AS24940)	1
Hrvatski Telekom d.d.	Hutchison Drei Austria GmbH (AS8437)	1
syphon.sk	Webglobe, s.r.o. (AS29134)	1
SECURITYSERVICES	dogado GmbH (AS47215)	1
ns15.net	InterNetX GmbH (AS15456)	1
ipcom GmbH	SEEWEB s.r.l. (AS12637)	1
leveex.hr	Hetzner Online GmbH (AS24940)	1
turdns.com	Cizgi Telekomunikasyon Anonim Sirketi (AS42807)	1
asoshared.com	UNIFIEDLAYER-AS-1 (AS46606)	1
spectosplet.com	SIEL, d.o.o. (AS51790)	1
CLOUDFLARENET	LUCENT-CIO (AS10455)	1
registrar-servers.com	A1 Hrvatska d.o.o. (AS12810)	2
co-trade.hr	MICROSOFT-CORP-MSN-AS-BLOCK (AS8075)	1
gcdn.services	Georgian Research and Educational Networking Association (GRENA) (AS20545)	1
iplace.se	Infomaniak Network SA (AS29222)	1
glipac.ch	GOOGLE-CLOUD-PLATFORM (AS396982)	1
zoneedit.com	Netrics Zuerich AG, Opfikon (AS31424)	1
cogentco.com	Comtrade nepremicnine d.o.o. (AS49402)	1
pixelab.agency	Hetzner Online GmbH (AS24940)	1
auroradns.eu	Onworx BV (AS12595)	1
jimdo.com	AMAZON-02 (AS16509)	2
ns53.be	Duocast B.V. (AS31477)	1
redirect.host	Gransy s.r.o. (AS60592)	1
muo.hr	Hetzner Online GmbH (AS24940)	1
party.hr	SETCOR d.o.o. (AS61211)	1
NUCDN	Signet B.V. (AS21155)	1
AMAZON-02	Netia SA (AS12741)	1
serviceprovider.nl	Hrvatski Telekom d.d. (AS13046)	2
genesys informatica srl	Hetzner Online GmbH (AS24940)	1
Hetzner Online GmbH	Telemach Hrvatska d.o.o. (AS34594)	1
iplace.se	Tele2 SWIPnet (AS1257)	1
linode.com	DIGITALOCEAN-ASN (AS14061)	1
gtnet.hr	Fenice Telekom Grupa d.o.o. (AS204020)	1
oxilion.nl	Fundaments B.V. (AS20559)	1
server-nvme.com	Hetzner Online GmbH (AS24940)	1
awsdns-49.net	AMAZON-02 (AS16509)	1
enbw.com	EnBW Energie Baden-Wuerttemberg AG (AS15698)	1
Akamai Connected Cloud	Hetzner Online GmbH (AS24940)	1
istraturist.hr	Hrvatski Telekom d.d. (AS5391)	1
CLOUDFLARENET	Telia Lietuva, AB (AS43811)	1
diadigital.hr	Hetzner Online GmbH (AS24940)	1
svijet-medija.hr	A1 Hrvatska d.o.o. (AS35549)	2
crohost.net	GOOGLE (AS15169)	2
dnetdns.com	UK Dedicated Servers Limited (AS42831)	1
NUCDN	Koninklijke Luchtvaart Maatschappij N.V. (AS28806)	1
CLOUDFLARENET	Mittwald CM Service GmbH & Co. KG (AS15817)	1
dzd.hr	Hetzner Online GmbH (AS24940)	1
home.pl	Netia SA (AS12741)	1
MICROSOFT-CORP-MSN-AS-BLOCK	SONICTEST Ltd. (AS57873)	1
oglasavaj.me	Contabo GmbH (AS51167)	1
tecserver.at	ecotel communication ag (AS12312)	1
taka.hr	OVH SAS (AS16276)	1
prg.hr	Hrvatski Telekom d.d. (AS5391)	1
webhostingbuzz.com	Akamai Connected Cloud (AS63949)	1
routing.net	CLOUDFLARENET (AS13335)	1
medtronic.com	ASN-MEDTRONIC-1 (AS13684)	1
dmssa.hr	A1 Hrvatska d.o.o. (AS35549)	1
OVH SAS	PlusServer GmbH (AS61157)	1
turbify.com	MICROSOFT-CORP-MSN-AS-BLOCK (AS8075)	2
mediainvent.com	Nessus GmbH (AS47692)	1
msistem.net	Hetzner Online GmbH (AS24940)	1
SOFTLAYER	Plus Hosting Grupa d.o.o. (AS12417)	1
awsdns-04.org	FASTLY (AS54113)	1
domain.tld	Hetzner Online GmbH (AS24940)	1
lanaco.com	Lanaco d.o.o. za Informacione Tehnologije Banja Luka (AS16145)	1
IONOS SE	SQUARESPACE (AS53831)	1
pucko.hr	Croatian Academic and Research Network (AS2108)	1
feedback.hr	Fenice Telekom Grupa d.o.o. (AS204020)	1
GOOGLE-CLOUD-PLATFORM	Cloudflare London, LLC (AS209242)	1
CLOUDFLARENET	Cyber_Folks S.A. (AS29522)	1
awsdns-27.com	Contabo GmbH (AS51167)	1
Akton d.o.o.	Loopia AB (AS39570)	1
Ledl.net GmbH	Hetzner Online GmbH (AS24940)	1
demokracija.hr	Hetzner Online GmbH (AS24940)	1
zmajevi.org	Hetzner Online GmbH (AS24940)	1
mydomain.com	BIZLAND-SD (AS29873)	1
netsite.dk	Netsite A/S (AS205206)	1
wy.sk	SWAN, a.s. (AS5578)	1
tocka.org	A2HOSTING (AS55293)	1
ipcom GmbH	Plus Hosting Grupa d.o.o. (AS12417)	1
agfa.be	Agfa Gevaert NV (AS31612)	1
SOFTLAYER	cyber_Folks d.o.o (AS201563)	1
GOOGLE	AS-VULTR (AS20473)	1
kifst.hr	Croatian Academic and Research Network (AS2108)	1
admiral.hr	CRATIS d.o.o. (AS61094)	1
saop.si	Webglobe, s.r.o. (AS29134)	2
Hutchison Drei Austria GmbH	ANEXIA Internetdienstleistungs GmbH (AS42473)	1
dns123.hu	Dravanet Co Ltd. (AS197248)	1
markmonitor.com	SETCOR d.o.o. (AS61211)	1
thednscompany.com	LeaseWeb Netherlands B.V. (AS60781)	2
hostnet.nl	Signet B.V. (AS20857)	3
bookingexperts.be	AMAZON-02 (AS16509)	1
freedns.si	Magic Particle Limited (AS135343)	1
OVH SAS	Server Plan S.r.l. (AS52030)	1
cloud.hr	High5! B.V. (AS60131)	1
Hrvatski Telekom d.d.	SOFTLAYER (AS36351)	1
webglobe.sk	NEW TELEKOM, spol. s r.o. (AS43413)	1
MICROSOFT-CORP-MSN-AS-BLOCK	FASTER CZ spol. s r.o. (AS24641)	1
CLOUDFLARENET	WebSupport s.r.o. (AS51013)	1
arvixeshared.com	UNIFIEDLAYER-AS-1 (AS46606)	2
nethost.cz	CASABLANCA INT a.s. (AS15685)	1
gomed.hr	Contabo GmbH (AS51167)	1
ZONER a.s.	Webglobe, s.r.o. (AS29134)	1
desec.io	Telemach Hrvatska d.o.o. (AS205714)	1
dynu.com	Akamai Connected Cloud (AS63949)	1
ivoras.net	Hetzner Online GmbH (AS24940)	1
netteam.it	AMAZON-02 (AS16509)	1
POSLuH d.o.o, za informaticke usluge i trgovinu	Serverius Holding B.V. (AS50673)	1
nssrv.de	Hetzner Online GmbH (AS24940)	1
MICROSOFT-CORP-MSN-AS-BLOCK	Roedl & Partner GmbH Wirtschaftspruefungsgesellschaft (AS212225)	1
Blacknight Internet Solutions Limited	Team Internet AG (AS61969)	2
zrs.hr	M3T Projekt d.o.o. (AS59522)	1
mediacenter.hu	MEDIACENTER HUNGARY INFORMATIKAI SZOLGALTATO ES UZEMELTETO kft (AS44460)	2
inware.ch	METANET AG (AS21069)	1
webbo.hu	Invitech ICT Services Kft. (AS12301)	1
SECURITYSERVICES	Webhuset AS (AS39783)	1
equilab.hr	CRATIS d.o.o. (AS61094)	1
DIGITALOCEAN-ASN	A2HOSTING (AS55293)	1
bsp-hosting.com	Hetzner Online GmbH (AS24940)	1
NUCDN	VSE NET GmbH (AS9063)	1
webspacecontrol.com	OVH SAS (AS16276)	2
ebit.at	LinzNet Internet Service Provider GmbH (AS28889)	1
interplanet.it	Axera SpA (AS34758)	1
publicnoc.com	Hetzner Online GmbH (AS24940)	1
loopia.se	Telia Company AB (AS3301)	2
DATABOX d.o.o.	Akton d.o.o. (AS25467)	1
Host Europe GmbH	Telemach Slovenija d.o.o. (AS41828)	1
dominatus.si	Webtasy, d.o.o. (AS43128)	1
prasicek.si	Telekom Slovenije, d.d. (AS5603)	1
DIGICERT	Scaleway S.a.s. (AS12876)	1
hostns.io	CLOUDFLARENET (AS13335)	1
Hetzner Online GmbH	Signet CS doo Beograd (AS206542)	1
nokas.hr	NL-811-40021 (AS40021)	1
keysolution-hosting.de	SETCOR d.o.o. (AS61211)	1
managed-ns.com	CANCOM Managed Services GmbH (AS8469)	1
pitomi.hr	LeaseWeb Netherlands B.V. (AS60781)	1
apn.hr	A1 Hrvatska d.o.o. (AS12810)	1
GANDI SAS	Plus Hosting Grupa d.o.o. (AS12417)	1
dnserv.com	Optimus IT d.o.o. (AS48894)	1
solidhosting.pro	Web Werks India Pvt. Ltd. (AS133296)	1
ZONER a.s.	Cloud4com s.r.o. (AS47110)	1
freedns.si	ARCTUR d.o.o. (AS47904)	1
genesys informatica srl	NS3 s.r.l. (AS39479)	1
centriohost.com	Hetzner Online GmbH (AS24940)	1
NUCDN	Combell NV (AS34762)	1
ACTIVE 24, s.r.o.	Contabo GmbH (AS51167)	1
domeny.tv	CLOUDFLARENET (AS13335)	1
MICROSOFT-CORP-MSN-AS-BLOCK	TeleData GmbH (AS21263)	1
Host Europe GmbH	Optimus IT d.o.o. (AS48894)	1
aman-media.de	Hetzner Online GmbH (AS24940)	1
Telekom Slovenije, d.d.	SIEL, d.o.o. (AS51790)	1
contabo.net	NL-811-40021 (AS40021)	1
Akamai International B.V.	IQ PL Sp. z o.o. (AS47544)	1
world4you.at	Host Europe GmbH (AS21499)	1
dntrust.com	Key-Systems GmbH (AS13246)	1
checkdomain.de	PlusServer GmbH (AS61157)	1
Host Europe GmbH	GOOGLE (AS15169)	2
xneelo	CLOUDFLARENET (AS13335)	1
stone-rich.at	Hetzner Online GmbH (AS24940)	1
novogaming.hr	INTERIGRE doo za igre na srecu (AS209174)	1
zupo.si	Cloudflare London, LLC (AS209242)	1
infoitdns.com	Droptop GmbH (AS201206)	1
tibia.hr	Hetzner Online GmbH (AS24940)	1
dopigrupa.hr	Plus Hosting Grupa d.o.o. (AS12417)	2
netim.net	InterNetX GmbH (AS15456)	1
register.be	GTT Communications Inc. (AS3257)	1
mStart plus d.o.o.	PRIVATESYSTEMS (AS63410)	1
ffri.hr	Croatian Academic and Research Network (AS2108)	1
AS-VULTR	GOOGLE (AS15169)	2
SECURITYSERVICES	Retelit Digital Services S.p.A. (AS28716)	1
interdominios.com	Cloud Builders SA (AS48348)	1
whirlpool.com	AMAZON-02 (AS16509)	1
domrobot.com	OVH SAS (AS16276)	1
sneguljcica.si	Webtasy, d.o.o. (AS43128)	1
Hrvatski Telekom d.d.	Filip informatika d.o.o. (AS208057)	1
ORACLE-BMC-31898	Webtasy, d.o.o. (AS43128)	1
ratior.com	AMAZON-02 (AS16509)	1
namehero.com	NAMEHERO-KCDC (AS399250)	1
A1 Hrvatska d.o.o.	APIS IT d.o.o. (AS199401)	1
mecalux.hr	UUNET (AS702)	1
spletina.com	Telemach Slovenija d.o.o. (AS41828)	1
aboutnet.gr	Hostmein Ike (AS50520)	1
221.69	O TELEKOMUNIKACIJE d.o.o. (AS199565)	1
ipcom GmbH	IBH IT-Service GmbH (AS15372)	1
companywall.info	Telemach Slovenija d.o.o. (AS41828)	1
GOOGLE	M247 Europe SRL (AS9009)	1
MICROSOFT-CORP-MSN-AS-BLOCK	Hostpoint AG (AS29097)	1
gcdn.services	eTOP sp. z o.o. (AS20853)	1
Hetzner Online GmbH	UNIFIEDLAYER-AS-1 (AS46606)	1
ACTIVE 24, s.r.o.	MasterDC s.r.o. (AS24971)	1
SETCOR d.o.o.	Optika Kabel TV d.o.o. (AS41454)	1
AMAZON-02	Telemach Slovenija d.o.o. (AS3212)	1
bigrockservers.com	UNIFIEDLAYER-AS-1 (AS46606)	1
multitex.hr	Hetzner Online GmbH (AS24940)	1
ZONER a.s.	OVH SAS (AS16276)	1
musdns.de	Hetzner Online GmbH (AS24940)	1
shelldns.net	Hetzner Online GmbH (AS24940)	1
perf1.com	GTS Telecom SRL (AS5606)	1
mserwis.pl	MSERWIS (AS200534)	4
ipcom GmbH	Koesio Corporate Technologies SAS (AS60543)	1
mojsite.com	netcup GmbH (AS197540)	1
Erste&Steiermarkische Bank d.d.	AMAZON-02 (AS16509)	1
terrakom.hr	Cloudflare London, LLC (AS209242)	1
liveboxserver.com	OVH SAS (AS16276)	2
fakturko.hr	Hetzner Online GmbH (AS24940)	1
webglobe.cz	T-Mobile Czech Republic a.s. (AS13036)	1
dhosting.pl	dhosting.pl Sp. z o.o. (AS48896)	2
lukoil.com	HLL LLC (AS51115)	1
Deutsche Telekom AG	Internet Names for Business Inc (AS9115)	1
dns-shield.com	DATABANK-DFW (AS13767)	1
orbis.hr	WIIT AG (AS24961)	1
lemarit.de	FASTLY (AS54113)	1
hostnet.nl	CLOUDFLARENET (AS13335)	1
contabo.net	DIGITALOCEAN-ASN (AS14061)	1
Host Europe GmbH	Host Europe GmbH (AS60253)	1
si.cx	Hetzner Online GmbH (AS24940)	1
mojegostovanje.net	Optimus IT d.o.o. (AS48894)	1
Hetzner Online GmbH	Host Europe GmbH (AS21499)	2
cloud.hr	OMONIA d.o.o. (AS44306)	2
micom.si	FREENET internet d.o.o. (AS198213)	2
OVH SAS	InterXion Hrvatska d.o.o. (AS199244)	1
td-fn.net	TeleData GmbH (AS21263)	1
si-shell.net	CLOUDFLARENET (AS13335)	1
OVH SAS	WEDOS Internet, a.s. (AS197019)	1
mile.hu	Rendszerinformatika Zrt. (AS206892)	1
ns14.net	cyber_Folks d.o.o (AS201563)	1
NUCDN	Play (AS31242)	1
T-Mobile Austria GmbH	HKN GmbH (AS12676)	1
a1.net	23M GmbH (AS47447)	1
infomaniak.com	Infomaniak Network SA (AS29222)	1
kru.pl	ITH sp. z o.o. (AS207668)	1
VITAL-DNS	UKDedicated LTD (AS34282)	1
Hrvatski Telekom d.d.	Tomsoft d.o.o. (AS25365)	1
Blink d.o.o.	A1 Hrvatska d.o.o. (AS12810)	1
lemarit.de	dogado GmbH (AS45012)	1
majost.net	NL-811-40021 (AS40021)	1
ipax.at	IPAX GmbH (AS44133)	1
3m.com	AMAZON-02 (AS16509)	1
Nessus GmbH	Wix.com Ltd. (AS58182)	1
awsdns-52.org	AMAZON-AES (AS14618)	1
bdata.at	kabelplus GmbH (AS8339)	1
T-2, d.o.o.	Hostinger International Limited (AS47583)	1
MICROSOFT-CORP-MSN-AS-BLOCK	CENTURYLINK-LEGACY-SAVVIS (AS3561)	1
Akton d.o.o.	CRATIS d.o.o. (AS61094)	1
IONOS SE	F5 Networks SARL (AS35280)	1
sitexo.xyz	Hetzner Online GmbH (AS24940)	1
hops.hr	Hrvatski operator prijenosnog sustava d.d. (AS200990)	1
CLOUDFLARENET	Valicon d.o.o. (AS198061)	1
alkemist.si	SIEL, d.o.o. (AS51790)	1
A1 Hrvatska d.o.o.	Cloudflare London, LLC (AS209242)	1
world4you.at	GOOGLE-CLOUD-PLATFORM (AS396982)	1
grazkom.at	Anton Paar GmbH (AS47106)	1
NUCDN	GTT Communications Inc. (AS3257)	1
Akamai International B.V.	Deutsche Telekom AG (AS3320)	1
CLOUDFLARENET	M247 Europe SRL (AS9009)	2
blanco.de	Deutsche Telekom AG (AS3320)	1
hdpz.hr	OVH SAS (AS16276)	1
CLOUDFLARENET	Iway AG (AS8758)	1
HURRICANE	cyber_Folks d.o.o (AS201563)	1
GOOGLE	CSC (AS19574)	1
avon.com	AVON (AS27263)	1
h-r-z.hr	Croatian Academic and Research Network (AS2108)	1
iptwins.com	GOOGLE-CLOUD-PLATFORM (AS396982)	1
mmc.com	AMAZON-02 (AS16509)	1
awsdns-55.org	Contabo GmbH (AS51167)	1
coronasoftware.hr	Contabo GmbH (AS51167)	1
QUIC-CLOUD	cyber_Folks d.o.o (AS201563)	1
lalizas.hr	Th.papamichail Vainas - G.psaltakis G.p (AS209150)	1
entropija.hr	Hrvatski Telekom d.d. (AS13046)	1
Posta Slovenije d.o.o.	Hetzner Online GmbH (AS24940)	1
andeo.hr	CRATIS d.o.o. (AS61094)	1
zxcs.be	Stichting DIGI NL (AS206281)	2
ZONER a.s.	MICROSOFT-CORP-MSN-AS-BLOCK (AS8075)	1
infoitdns.com	A1 Hrvatska d.o.o. (AS25528)	2
mojsite.com	Hitrost.com Internet Storitve d.o.o. (AS59834)	1
com.hr	GOOGLE (AS15169)	1
cloud.hr	Deutsche Telekom AG (AS3320)	1
ANEXIA Internetdienstleistungs GmbH	Synotio AB (AS203605)	1
dnsdigip.com	InterNetX GmbH (AS15456)	1
rhx.info	CDLAN SpA (AS20836)	1
webhostingserver.nl	Previder B.V. (AS20847)	1
managed-ip.com	ALSO International Services GmbH (AS198745)	1
m3t.hr	POSLuH d.o.o, za informaticke usluge i trgovinu (AS25277)	1
paba.hr	CRATIS d.o.o. (AS61094)	1
erpium.com	Telemach Slovenija d.o.o. (AS41828)	1
awsdns-34.org	Host Europe GmbH (AS21499)	1
bitvk.hr	TONET d.o.o. (AS205774)	1
dominiok.it	Server Plan S.r.l. (AS52030)	1
xneelo	AMAZON-02 (AS16509)	1
amtos-solutions.hr	Contabo GmbH (AS51167)	1
emilfrey.ch	cyber_Folks d.o.o (AS201563)	1
managed-ip.com	Rackforest Zrt. (AS62214)	1
Optimus IT d.o.o.	Host Europe GmbH (AS21499)	1
lunet.it	SEEWEB s.r.l. (AS12637)	1
galaxys.xyz	cyber_Folks d.o.o (AS201563)	1
adriahost.eu	Plus Hosting Grupa d.o.o. (AS12417)	1
cloudns.net	Dravanet Co Ltd. (AS197248)	1
Cyber_Folks S.A.	Beyond.pl sp. z o.o. (AS31229)	1
webhostinghub.com	IMH-IAD (AS54641)	1
sysbee.net	SEEWEB s.r.l. (AS12637)	1
infoitdns.com	Aruba S.p.A. (AS31034)	1
webglobe.sk	SWAN, a.s. (AS5578)	1
totohost.com	SETCOR d.o.o. (AS61211)	1
Hrvatski Telekom d.d.	WEDOS Internet, a.s. (AS197019)	1
strela.hr	CRATIS d.o.o. (AS61094)	1
CLOUDFLARENET	INFOTECHSYS (AS6943)	1
combell.net	AMAZON-02 (AS16509)	1
gransy.com	Host Europe GmbH (AS8972)	1
www.hr	Croatian Academic and Research Network (AS2108)	1
slatina.hr	SETCOR d.o.o. (AS61211)	1
serviceprovider.nl	Signet B.V. (AS31586)	1
crooblak.com	SETCOR d.o.o. (AS61211)	2
Host Europe GmbH	AMAZON-AES (AS14618)	1
dns1.hu	INTEGRITY Informatics Ltd. (AS28924)	1
ANEXIA Internetdienstleistungs GmbH	C&A Services GmbH & Co. OHG (AS28961)	1
GANDI SAS	OVH SAS (AS16276)	1
SIEL, d.o.o.	Hrvatski Telekom d.d. (AS5391)	1
name-hosting.com	Hetzner Online GmbH (AS24940)	1
nomeasy.com	Aruba S.p.A. (AS31034)	1
Hrvatski Telekom d.d.	Hrvatske vode (AS204163)	1
rentahosting.net	WEBHOSTINGHOLDINGS (AS965)	1
fitolab.hr	CRATIS d.o.o. (AS61094)	1
CRATIS d.o.o.	Croatian Academic and Research Network (AS2108)	1
awsdns-35.org	GOOGLE (AS15169)	1
nameserverservice.de	velia.net Internetdienste GmbH (AS29066)	1
dnsbackup.net	WebSupport s.r.o. (AS51013)	1
serviziweb.info	GOOGLE-CLOUD-PLATFORM (AS396982)	1
medtronic.com	AMAZON-02 (AS16509)	1
hitrost.net	SETCOR d.o.o. (AS61211)	1
datacross.net	SETCOR d.o.o. (AS61211)	1
csaonline.de	R-KOM Regensburger Telekommunikationsgesellschaft mbH (AS12611)	1
kunde24.de	Hetzner Online GmbH (AS24940)	1
marinastores.hr	Th.papamichail Vainas - G.psaltakis G.p (AS209150)	1
editor.si	ARCTUR d.o.o. (AS47904)	1
ozalj.hr	SETCOR d.o.o. (AS61211)	1
superhost.pl	Cyber_Folks S.A. (AS41079)	1
DATABOX d.o.o.	CRATIS d.o.o. (AS61094)	1
CLOUDFLARENET	Cyber_Folks S.A. (AS41079)	1
webglobe.sk	VNET a.s. (AS29405)	1
ipcom GmbH	Team Internet AG (AS61969)	1
xtremeweb.de	Plus Hosting Grupa d.o.o. (AS12417)	1
cloud.hr	Akamai Connected Cloud (AS63949)	1
awsdns-36.net	Wix.com Ltd. (AS58182)	1
studio4web.com	QUASAR-DATA-CENTER (AS46785)	1
co.uk	Des Capital B.V. (AS213035)	1
NETWORK-SOLUTIONS-HOSTING	Contabo GmbH (AS51167)	1
sczg.hr	Croatian Academic and Research Network (AS2108)	1
ipcom GmbH	net.de AG (AS15743)	1
aries.hr	Plus Hosting Grupa d.o.o. (AS12417)	1
OVH SAS	AS-VULTR (AS20473)	1
aftermarket.com	AMAZON-02 (AS16509)	1
Host Europe GmbH	CLOUDFLARENET (AS13335)	1
slweb.cloud	AMAZON-02 (AS16509)	1
Hetzner Online GmbH	A1 Hrvatska d.o.o. (AS35549)	1
incito.hr	Plus Hosting Grupa d.o.o. (AS12417)	1
epixtechnology.com	VNET a.s. (AS29405)	1
SIEL, d.o.o.	Telekom Slovenije, d.d. (AS5603)	1
InterNetX GmbH	SETCOR d.o.o. (AS61211)	1
Hetzner Online GmbH	Combell NV (AS34762)	1
InterNetX GmbH	AMAZON-02 (AS16509)	1
afp.hr	CLOUDFLARENET (AS13335)	1
shoptet.cz	VSHosting s.r.o. (AS43541)	1
rox.net	Leitwerk Ag (AS15894)	1
1984.is	FASTLY (AS54113)	1
managed-ip.com	SysEleven GmbH (AS25291)	1
IONOS SE	FASTLY (AS54113)	1
myrootnet.com	BIT BV (AS12859)	1
pixi.hr	Croatian Academic and Research Network (AS2108)	1
GANDI SAS	Hetzner Online GmbH (AS24940)	1
Hrvatski Telekom d.d.	DREAMHOST-AS (AS26347)	1
espagra.hu	Invitech ICT Services Kft. (AS12301)	1
mojsite.com	SH.cz s.r.o. (AS39392)	1
Hetzner Online GmbH	Geetoo Technology s.r.o. (AS202682)	1
hostgator.com	ORACLE-BMC-31898 (AS31898)	1
MICROSOFT-CORP-MSN-AS-BLOCK	ATT-INTERNET4 (AS7018)	1
pikaj.hr	TONET d.o.o. (AS205774)	1
iok.net	IONOS SE (AS8560)	1
CLOUDFLARENET	Hetzner Online GmbH (AS213230)	1
cogentco.com	COGENT-174 (AS174)	1
teleklik.net	Teleklik d.o.o. (AS201719)	1
webglobe.sk	Akamai Connected Cloud (AS63949)	1
Hrvatski Telekom d.d.	netcup GmbH (AS197540)	1
lemarit.de	PPP Internetdienstleistungen GmbH (AS8687)	1
ipcom GmbH	Salinen Austria AG (AS35698)	1
freehosting.com	NForce Entertainment B.V. (AS43350)	1
callidus.hr	Plus Hosting Grupa d.o.o. (AS12417)	1
ivora.hr	Magic Net D.o.o. (AS44377)	1
domeny.tv	Hetzner Online GmbH (AS24940)	1
mojk2.net	Velcom d.o.o (AS5435)	1
Cyber_Folks S.A.	OVH SAS (AS16276)	1
awsdns-15.com	Hetzner Online GmbH (AS24940)	1
Host Europe GmbH	Plus Hosting Grupa d.o.o. (AS12417)	1
genesys informatica srl	GOOGLE (AS15169)	1
igorcorner.com	Rackhost Zrt. (AS29278)	1
versanus.eu	ACE Telecom Kft (AS50261)	1
tic300.com	Scaleway S.a.s. (AS12876)	1
wznoc.com	GORILLASERVERS (AS53850)	1
markmonitor.com	Host Europe GmbH (AS21499)	1
creatim.net	SIEL, d.o.o. (AS51790)	1
SOFTNET d.o.o.	Telemach Slovenija d.o.o. (AS41828)	1
mojsite.com	AS40676 (AS40676)	1
ANEXIA Internetdienstleistungs GmbH	CLOUDFLARENET (AS13335)	1
46elks.com	GleSYS AB (AS42708)	1
ipcom GmbH	WEDOS Internet, a.s. (AS197019)	1
rsmt.si	Telemach Slovenija d.o.o. (AS41828)	1
Hetzner Online GmbH	RENDER (AS397273)	1
Soluciones Corporativas IP, SL	GOOGLE-CLOUD-PLATFORM (AS396982)	1
brain.hr	Croatian Academic and Research Network (AS2108)	1
pegasus.it	Hetzner Online GmbH (AS24940)	1
mr2.si	Telemach Slovenija d.o.o. (AS41828)	2
modula-dns.de	Hetzner Online GmbH (AS24940)	1
Tarhely.Eu Szolgaltato Kft.	ATW Internet Kft. (AS41075)	1
ahostbox.com	Greencloud LLC (AS202602)	1
MICROSOFT-CORP-MSN-AS-BLOCK	MPY Telecom Oy (AS34263)	1
Hetzner Online GmbH	Akamai Connected Cloud (AS63949)	1
estreznik.com	PERFTECH, podjetje za proizvodnjo in uvajanje novih tehnologij, d.o.o. (AS6764)	1
mojsite.com	Mittwald CM Service GmbH & Co. KG (AS15817)	1
mpexnet.de	Neue Medien Muennich GmbH (AS34788)	1
register.be	COLT Technology Services Group Limited (AS8220)	1
tockaovh.ovh	Hetzner Online GmbH (AS24940)	1
philips.com	AMAZON-02 (AS16509)	2
server-104.com	Telemach Hrvatska d.o.o. (AS34594)	1
leaseweb.nl	LeaseWeb Netherlands B.V. (AS60781)	1
CLOUDFLARENET	Coolhousing s.r.o. (AS35592)	1
doclernet.hu	Servergarden Kft. (AS47381)	1
cdnetdns.net	AMAZON-02 (AS16509)	1
managed-ip.com	novomind AG (AS206775)	2
freedns.hr	Webtasy, d.o.o. (AS43128)	1
markmonitor.zone	Plus Hosting Grupa d.o.o. (AS12417)	1
infoitdns.com	Akamai Connected Cloud (AS63949)	1
HURRICANE	Tomsoft d.o.o. (AS25365)	1
SECURITYSERVICES	METANET AG (AS21069)	1
DIGICERT	International Business Machines Corporation (AS204764)	1
teamviewer.com	ANEXIA Internetdienstleistungs GmbH (AS42473)	1
necto.hr	AMAZON-02 (AS16509)	1
gkka.hr	Telemach Hrvatska d.o.o. (AS34594)	1
GOOGLE	Croatian Academic and Research Network (AS2108)	1
OVH SAS	Rackforest Zrt. (AS62214)	1
netim.net	Scaleway S.a.s. (AS12876)	1
impervasecuredns.net	INCAPSULA (AS19551)	1
hostpapa.com	HOSTP-LA (AS23273)	1
asoo.hr	Croatian Academic and Research Network (AS2108)	1
net.pl	ZINET.NET.PL Sp. z.o.o. (AS41508)	1
Host Europe GmbH	Telekom Slovenije, d.d. (AS5603)	1
continuum.hr	Terrakom d.o.o. (AS34362)	1
zonomi.com	Hostinger International Limited (AS47583)	2
seapower.hr	SETCOR d.o.o. (AS61211)	1
SECURITYSERVICES	SpaceNet AG (AS5539)	1
CLOUDFLARENET	Eranium B.V. (AS35133)	1
getim-01.com	Akton d.o.o. (AS25467)	1
spleti.net	Telekom Slovenije, d.d. (AS5603)	1
sqr.domains	Cyso Group B.V. (AS25151)	1
moja-trgovina.net	CRATIS d.o.o. (AS61094)	1
modern-line.hr	SETCOR d.o.o. (AS61211)	1
is-fun.net	T-Mobile Austria GmbH (AS8412)	1
voljatel.hr	Terrakom d.o.o. (AS34362)	1
voestalpine.com	Deutsche Telekom Global Business Solutions GmbH (AS8387)	1
SECURITYSERVICES	BAYER-ARCH (AS23167)	1
ffrz.hr	Croatian Academic and Research Network (AS2108)	1
Hrvatski Telekom d.d.	SIEL, d.o.o. (AS51790)	1
Financijska agencija	velia.net Internetdienste GmbH (AS29066)	1
netst.org	Hetzner Online GmbH (AS24940)	1
SECURITYSERVICES	Aeven A/S (AS15687)	1
structure.hr	CRATIS d.o.o. (AS61094)	1
Host Europe GmbH	Hrvatski Telekom d.d. (AS13046)	1
markmonitor.com	LEVEL3 (AS3356)	1
it7.sk	DIGITALOCEAN-ASN (AS14061)	1
Akamai International B.V.	AMERICAN-EXPRESS (AS6307)	1
bentra.eu	Hrvatski Telekom d.d. (AS5391)	1
hostzero.com	23M GmbH (AS47447)	1
skolskaknjiga.hr	AMAZON-02 (AS16509)	1
all4net.de	ENTEGA Medianet GmbH (AS12897)	1
blackstudio.com	T-2, d.o.o. (AS34779)	1
neosoft.hu	Magyar Telekom Plc. (AS5483)	1
pilar.hr	Croatian Academic and Research Network (AS2108)	1
ribaric.hr	Hetzner Online GmbH (AS24940)	1
a1.net	IONOS SE (AS8560)	1
ns14.net	M-net Telekommunikations GmbH (AS8767)	1
perf1.com	DIGITALOCEAN-ASN (AS14061)	1
petrach.agency	Contabo GmbH (AS51167)	1
dnserv.com	AS-VULTR (AS20473)	1
mojsite.com	Financijska agencija (AS41336)	1
Nessus GmbH	GOOGLE-CLOUD-PLATFORM (AS396982)	1
CLOUDFLARENET	Raiffeisenbank Austria d.d. (AS30905)	1
HURRICANE	4Tel Telekomunikacije d.o.o. (AS203964)	1
buddyns.com	Sunrise GmbH (AS6730)	1
mwebdns.de	ConnectingBytes GmbH (AS34568)	1
GOOGLE	Contabo GmbH (AS51167)	1
Hrvatski Telekom d.d.	Tarhely.Eu Szolgaltato Kft. (AS43359)	1
srvcp.com	SpeedyPage Ltd (AS142594)	1
plenso.net	CLOUDFLARENET (AS13335)	1
eolo.it	CLOUDFLARENET (AS13335)	1
dnsexit.com	A1 Hrvatska d.o.o. (AS35549)	1
tfnet.cz	WEDOS Internet, a.s. (AS197019)	1
tolteam.net	Hetzner Online GmbH (AS24940)	1
DIGICERT	A1 Hrvatska d.o.o. (AS35549)	1
anixe.net	PFALZKOM GmbH (AS21473)	1
A1 Hrvatska d.o.o.	Webtasy, d.o.o. (AS43128)	1
SECURITYSERVICES	Safenames Ltd. (AS60819)	1
cityupdate.de	InterNetX GmbH (AS15456)	1
host4.biz	Host4Biz sp. z o.o. (AS61251)	1
gns.se	Serbia BroadBand-Srpske Kablovske mreze d.o.o. (AS31042)	1
internex.at	senseLAN GmbH (AS31736)	1
cloudns.net	Wix.com Ltd. (AS58182)	1
controlpanel.si	MICROSOFT-CORP-MSN-AS-BLOCK (AS8075)	1
online.net	PRO-PING d.o.o. (AS62161)	1
totohost.com	CLOUDFLARENET (AS13335)	2
medis.si	Cloudflare London, LLC (AS209242)	1
netim.net	TURNKEY-INTERNET (AS40244)	1
afraid.org	Contabo GmbH (AS51167)	1
roxtec.com	Roxtec International AB (AS207538)	1
shockhosting.com	SHOCK-1 (AS395092)	2
VITAL-DNS	Magic Net D.o.o. (AS44377)	1
MICROSOFT-CORP-MSN-AS-BLOCK	WHG Hosting Services Ltd (AS209341)	1
xelan.info	AS INFONET (AS8728)	1
cisilino.com	Hetzner Online GmbH (AS24940)	1
Blink d.o.o.	SYCOR GmbH (AS25481)	1
OVH SAS	SUCURI-SEC (AS30148)	1
cloud.hr	DIGITALOCEAN-ASN (AS14061)	1
SECURITYSERVICES	MICROSOFT-CORP-MSN-AS-BLOCK (AS8069)	1
hpb.hr	CRATIS d.o.o. (AS61094)	1
cargo.site	AMAZON-AES (AS14618)	1
swisscenter.com	Openbusiness S.A. (AS49457)	1
Cyber_Folks S.A.	Hetzner Online GmbH (AS24940)	1
prodhosting.net	Scaleway S.a.s. (AS12876)	1
UNIFIEDLAYER-AS-1	MICROSOFT-CORP-MSN-AS-BLOCK (AS8075)	1
eucloud.pro	Croatian Academic and Research Network (AS2108)	1
interconnect-dns.be	GOOGLE-CLOUD-PLATFORM (AS396982)	1
Host Europe GmbH	WIIT AG (AS24961)	1
oblacno.net	Plus Hosting Grupa d.o.o. (AS12417)	1
is-fun.net	managedhosting.de GmbH (AS62310)	1
hsin.hr	Croatian Academic and Research Network (AS2108)	1
OVH SAS	RENDER (AS397273)	1
Nazwa.pl Sp.z.o.o.	Beyond.pl sp. z o.o. (AS31229)	1
bevc.net	T-2, d.o.o. (AS34779)	1
mojsite.com	ORACLE-BMC-31898 (AS31898)	1
softlab.hr	A1 Hrvatska d.o.o. (AS35549)	1
Drustvo za telekomunikacije Orion telekom doo Beograd-Zemun	Hetzner Online GmbH (AS24940)	1
f-obermayer.de	ScaleUp Technologies GmbH & Co. KG (AS29014)	1
td-fn.net	T-2, d.o.o. (AS34779)	1
escape.hr	AMAZON-02 (AS16509)	1
yandex.net	GOOGLE-CLOUD-PLATFORM (AS396982)	1
it-austria.net	Radware Ltd (AS198949)	1
SECURITYSERVICES	TDC Holding A/S (AS3292)	1
Nessus GmbH	World4You Internet Services GmbH (AS38955)	1
easyplace.net	NETWORK-SOLUTIONS-HOSTING (AS19871)	1
cherry-hosting.nl	Signet B.V. (AS20857)	1
azonprinter.com	Hetzner Online GmbH (AS24940)	1
curanet.dk	team.blue Denmark A/S (AS48854)	1
namesrv.ch	dogado GmbH (AS8648)	1
accuwebhosting.com	Plus Hosting Grupa d.o.o. (AS12417)	1
xnameserver.de	Hetzner Online GmbH (AS24940)	1
terrakom.hr	Cyso Group B.V. (AS25151)	1
eurons.ro	GTS Telecom SRL (AS5606)	1
orbis.hr	NetCologne Gesellschaft fur Telekommunikation mbH (AS8422)	1
Hetzner Online GmbH	KnownSRV Ltd. (AS200514)	1
aususa.de	EVANZO e-commerce GmbH (AS42730)	1
CLOUDFLARENET	WEBHOSTINGHOLDINGS (AS965)	1
perf1.com	ML-1432-54994 (AS54994)	1
capitanhosting.com	AS17378 (AS17378)	1
tinext.net	Webtasy, d.o.o. (AS43128)	1
ns0.com	PAIR-NETWORKS (AS7859)	1
netim.net	Host Europe GmbH (AS21499)	1
zoneedit.com	EuroByte LLC (AS210079)	1
GOOGLE	Telemach Hrvatska d.o.o. (AS34594)	1
sigmanet.hu	SigmaNet Szolgaltato es Kereskedelm Ltd (AS42964)	1
ha.rs	Mainstream doo Beograd (AS51859)	3
kreator.dev	Contabo GmbH (AS51167)	1
lurconis.com	UNIFIEDLAYER-AS-1 (AS46606)	2
hosting022.com	Akton d.o.o. (AS25467)	1
afraid.org	GOOGLE (AS15169)	1
nitrogen.hu	Invitech ICT Services Kft. (AS12301)	1
dartlab.hr	NL-811-40021 (AS40021)	1
mojsite.com	M-net Telekommunikations GmbH (AS8767)	1
freedns.si	Invitech ICT Services Kft. (AS12301)	1
enc-it.hr	Contabo GmbH (AS51167)	1
atvirtual.com	ANEXIA Internetdienstleistungs GmbH (AS42473)	1
Key-Systems GmbH	SpaceNet AG (AS5539)	1
katema.hr	OVH SAS (AS16276)	1
cloudns.net	GleSYS AB (AS42708)	1
ns53.be	Combell NV (AS34762)	1
bajic.ch	Hetzner Online GmbH (AS24940)	1
byteopt.com	ByteOpt SLLC (AS210746)	1
vomi-hosting.com	OVH SAS (AS16276)	1
SECURITYSERVICES	Key-Systems GmbH (AS13246)	1
vindija.hr	A1 Hrvatska d.o.o. (AS12810)	1
ksucompany.com	Plus Hosting Grupa d.o.o. (AS12417)	1
getim-01.com	SQUARESPACE (AS53831)	1
netangels.ru	Internet-Pro LLC (AS44128)	1
maxcluster.net	23M GmbH (AS47447)	1
esotech.si	T-2, d.o.o. (AS34779)	1
loopia.se	GOOGLE-CLOUD-PLATFORM (AS396982)	1
demiurg.hr	Hetzner Online GmbH (AS24940)	1
webhostingpad.com	BASECAMP (AS25657)	1
hostiq.ua	PE Skurykhin Mukola Volodumurovuch (AS56851)	1
zonomi.com	A2HOSTING (AS55293)	1
hapih.hr	Terrakom d.o.o. (AS34362)	1
fanon.hr	CRATIS d.o.o. (AS61094)	1
krikweb.com	CISCOSYSTEMS (AS109)	1
Hrvatski Telekom d.d.	Host Europe GmbH (AS21499)	1
SOFTLAYER	A1 Hrvatska d.o.o. (AS12810)	1
somet.hr	IONOS SE (AS8560)	1
ORANGE BUSINESS SERVICES U.S. Inc.	IACD Systemhaus GmbH (AS16218)	1
co.uk	CCSI-AS (AS40593)	1
dynu.com	A1 Hrvatska d.o.o. (AS29485)	1
grawe.at	Grazer Wechselseitige Versicherung AG (AS35646)	1
ns14.net	Equinix (EMEA) Acquisition Enterprises B.V. (AS15830)	1
domeny.host	Cyber_Folks S.A. (AS29522)	1
SOFTLAYER	LEASEWEB-USA-WDC (AS30633)	1
blackstudio.com	SIEL, d.o.o. (AS51790)	1
sistemas.hr	A1 Hrvatska d.o.o. (AS35549)	1
tojeono.cz	CASABLANCA INT a.s. (AS15685)	1
geoda.hr	A1 Hrvatska d.o.o. (AS12810)	1
awsdns-03.net	CRATIS d.o.o. (AS61094)	1
ns53.be	Devout BV (AS216471)	1
evtos.hr	Croatian Academic and Research Network (AS2108)	1
karlovacki.hr	CRATIS d.o.o. (AS61094)	1
burza.hr	Hetzner Online GmbH (AS24940)	1
mStart plus d.o.o.	AMAZON-02 (AS16509)	1
quick-picker.net	NETACTUATE (AS394344)	1
mydnspt.net	Almouroltec Servicos De Informatica E Internet Lda (AS24768)	1
netim.net	Zen Internet Ltd (AS13037)	1
e-mind.com	AMAZON-02 (AS16509)	1
isp.hr	Croatian Academic and Research Network (AS2108)	1
iaasdns.com	LIMESTONENETWORKS (AS46475)	1
POSLuH d.o.o, za informaticke usluge i trgovinu	Contabo GmbH (AS51167)	1
lemarit.de	CRATIS d.o.o. (AS61094)	1
zjakehost.com	UAB Interneto vizija (AS212531)	1
dotroll.com	Rackforest Zrt. (AS62214)	1
netim.net	PONYNET (AS53667)	1
webspacecontrol.com	T-Mobile Czech Republic a.s. (AS5588)	1
elink.si	Posta Slovenije d.o.o. (AS28682)	1
terrakom.hr	Webtasy, d.o.o. (AS43128)	1
nethely.hu	AMAZON-02 (AS16509)	1
Hrvatski Telekom d.d.	T-2, d.o.o. (AS34779)	1
awsdns-01.net	INCAPSULA (AS19551)	1
gransy.com	Zeus Packaging Limited (AS204210)	1
studio-moderna.com	MICROSOFT-CORP-MSN-AS-BLOCK (AS8075)	1
buddyns.com	UNIFIEDLAYER-AS-1 (AS46606)	1
CRATIS d.o.o.	METRO Digital GmbH (AS8569)	1
Hetzner Online GmbH	Magic Net D.o.o. (AS44377)	1
register.it	Plus Hosting Grupa d.o.o. (AS12417)	1
unknown	M247 Europe SRL (AS9009)	1
unifiedpost.com	AMAZON-02 (AS16509)	1
combell.net	Nameshield SAS (AS20756)	1
GANDI SAS	Vodafone GmbH (AS3209)	1
awsdns-07.net	SQUARESPACE (AS53831)	1
mojsite.com	A1 Hrvatska d.o.o. (AS12810)	1
A1 Hrvatska d.o.o.	Turk Telekom (AS9121)	1
mybizcloud.at	Infotech EDV-Systeme GmbH (AS28760)	1
bhtelecom.ba	BH Telecom d.d. Sarajevo (AS9146)	1
Grad Rijeka-Gradsko Vijece	Hetzner Online GmbH (AS24940)	1
proaxis.eu	Hrvatski Telekom d.d. (AS5391)	1
host-ed.me	OVH SAS (AS16276)	1
dn-s.nl	WEEBLY (AS27647)	1
ipv6.hr	Croatian Academic and Research Network (AS2108)	1
dd-lab.hr	Mythic Beasts Ltd (AS44684)	1
cisp.de	Hetzner Online GmbH (AS24940)	2
MICROSOFT-CORP-MSN-AS-BLOCK	WHG Hosting Services Ltd (AS36454)	1
GOOGLE	SEEWEB s.r.l. (AS12637)	1
indomco.com	CSC (AS19574)	1
3gteam.eu	Invitech ICT Services Kft. (AS12301)	1
atvirtual.com	Hetzner Online GmbH (AS24940)	1
roady.hr	Hrvatski Telekom d.d. (AS5391)	1
infosistem.hr	Plus Hosting Grupa d.o.o. (AS12417)	1
ipcom GmbH	SOPRADO GmbH (AS20546)	1
otc.hr	CRATIS d.o.o. (AS61094)	1
netim.net	Rackforest Zrt. (AS62214)	1
blueboard.cz	AMAZON-02 (AS16509)	1
mStart plus d.o.o.	High5! B.V. (AS60131)	1
OVH SAS	Combell NV (AS34762)	1
nullbyte.hr	Hetzner Online GmbH (AS24940)	1
saop.si	Telemach Slovenija d.o.o. (AS41828)	1
Telemach Slovenija d.o.o.	CLOUDFLARENET (AS13335)	1
qlaris.hr	CRATIS d.o.o. (AS61094)	1
registrar-servers.com	MICROSOFT-CORP-MSN-AS-BLOCK (AS8075)	1
sigmanet.hu	Rackforest Zrt. (AS62214)	1
Hrvatski Telekom d.d.	ACTIVE 24, s.r.o. (AS25234)	1
kuhada.net	PODA a.s. (AS30764)	1
forel.hu	INTEGRITY Informatics Ltd. (AS28924)	1
AMAZON-02	Safenames Ltd. (AS60819)	1
awsdns-24.net	CLOUDFLARENET (AS13335)	1
Host Europe GmbH	CRATIS d.o.o. (AS61094)	1
Hrvatski Telekom d.d.	cyber_Folks d.o.o (AS201563)	1
alukoenigstahl.hr	Alu Koenig Stahl GmbH (AS205902)	1
AMAZON-02	Host Europe GmbH (AS20773)	1
podrska.hr	CRATIS d.o.o. (AS61094)	1
kompresori.hr	Hrvatski Telekom d.d. (AS13046)	1
ford.com	MICROSOFT-CORP-MSN-AS-BLOCK (AS8075)	1
brandsight-dns.com	AMAZON-02 (AS16509)	2
INTERNET CZ, a.s.	SQUARESPACE (AS53831)	1
infoitdns.com	Telekom Slovenije, d.d. (AS5603)	1
Hetzner Online GmbH	Webtasy, d.o.o. (AS43128)	1
DIGICERT	Akamai International B.V. (AS20940)	1
nar.cz	PODA a.s. (AS30764)	1
MICROSOFT-CORP-MSN-AS-BLOCK	Cloudflare London, LLC (AS209242)	1
lemarit.de	SOPRADO GmbH (AS20546)	1
metro.hr	Hetzner Online GmbH (AS24940)	1
myhosting.app	DRSERVER1 (AS396881)	1
kaiserkraft-europa.de	AMAZON-02 (AS16509)	1
HURRICANE	FASTLY (AS54113)	1
SETCOR d.o.o.	WEEBLY (AS27647)	1
SECURITYSERVICES	GENERAL-MOTORS-CORPORATION (AS30383)	1
curanet.dk	WebSupport s.r.o. (AS51013)	1
netim.net	SETCOR d.o.o. (AS61211)	1
SETCOR d.o.o.	Hrvatski Telekom d.d. (AS13046)	1
CLOUDFLARENET	Hrvatski autoklub (AS207517)	1
alfacar.hr	CRATIS d.o.o. (AS61094)	1
Akamai International B.V.	AMAZON-AES (AS14618)	1
kuhlma-it.de	InterNetX GmbH (AS15456)	1
Optimus IT d.o.o.	DIGITALOCEAN-ASN (AS14061)	1
alfakompjuter.hr	Contabo GmbH (AS51167)	1
awsdns-24.com	AMAZON-02 (AS16509)	1
mojsite.com	OSN Online Service Nuernberg GmbH (AS8859)	1
home.pl	IQ PL Sp. z o.o. (AS47544)	1
ipcom GmbH	HanseMerkur Krankenversicherung AG (AS206266)	1
megapopust.hr	CLOUDFLARENET (AS13335)	1
