CLOUDFLARENET	CLOUDFLARENET (AS13335)	7728
Host Europe GmbH	GOOGLE-CLOUD-PLATFORM (AS396982)	604
glipac.ch	Bluewin (AS3303)	10
plusserver.com	Nawork Internet Informationssysteme GmbH (AS9211)	1
GANDI SAS	GANDI SAS (AS29169)	1351
Host Europe GmbH	AMAZON-02 (AS16509)	9455
hinoki.tw	Data Communication Business Group (AS3462)	1
net.tw	CLOUDFLARENET (AS13335)	7
Hetzner Online GmbH	Hetzner Online GmbH (AS24940)	29
NSS INTL CO., LTD.	NSS INTL CO., LTD. (AS131626)	202
ix1000.com	Data Communication Business Group (AS3462)	88
com.tw	Akamai Connected Cloud (AS63949)	33
combell.net	Combell NV (AS34762)	20
SECURITYSERVICES	CSC (AS19574)	1361
GANDI SAS	AMAZON-02 (AS16509)	68
net.tw	Digital United Inc. (AS4780)	32
AMAZON-02	Team Internet AG (AS206834)	143
CLOUDFLARENET	INCAPSULA (AS19551)	373
GANDI SAS	Infomaniak Network SA (AS29222)	4
com.tw	GOOGLE-CLOUD-PLATFORM (AS396982)	164
Safenames Ltd.	Safenames Ltd. (AS60819)	227
GOOGLE-CLOUD-PLATFORM	Taiwan Internet Gateway (AS10126)	4
sedoparking.com	SEDO GmbH (AS47846)	166
CLOUDFLARENET	AMAZON-02 (AS16509)	1009
GANDI SAS	CLOUDFLARENET (AS13335)	28
Data Communication Business Group	Data Communication Business Group (AS3462)	1798
co.uk	AMAZON-02 (AS16509)	204
CLOUDFLARENET	Scloud Pte Ltd (AS142002)	1
com.tw	Data Communication Business Group (AS3462)	398
CLOUDFLARENET	CONFLUENCE-NETWORK-INC (AS40034)	438
OVH SAS	OVH SAS (AS16276)	364
ipcom GmbH	Akamai Connected Cloud (AS63949)	14
IONOS SE	united-domains GmbH (AS202108)	422
Host Europe GmbH	SQUARESPACE (AS53831)	37
Host Europe GmbH	National Chiao Tung University (AS9916)	2
AMAZON-02	AFFINITY-INTER (AS18447)	1
CLOUDFLARENET	NETWORK-SOLUTIONS-HOSTING (AS19871)	159
CLOUDFLARENET	UNIFIEDLAYER-AS-1 (AS46606)	201
AMAZON-02	A2HOSTING (AS55293)	201
Yuan-Jhen Info., Co., Ltd	Yuan-Jhen Info., Co., Ltd (AS131149)	976
afraid.org	Data Communication Business Group (AS3462)	32
CLOUDFLARENET	Data Communication Business Group (AS3462)	338
nameshield.net	CSC Administrative Services Limited (AS34922)	1
quicns.cloud	AS-VULTR (AS20473)	4
Host Europe GmbH	GOOGLE (AS15169)	64
secserverpros.com	DFW-DATACENTER (AS30277)	24
GOOGLE	CSC (AS19574)	8
markmonitor.com	Alibaba US Technology Co., Ltd. (AS45102)	1
SECURITYSERVICES	MICROSOFT-CORP-MSN-AS-BLOCK (AS8075)	67
net.tw	Data Communication Business Group (AS3462)	348
nameshield.net	Nameshield SAS (AS20756)	131
AMAZON-02	CSC (AS19574)	12
linode.com	Akamai Connected Cloud (AS63949)	133
Host Europe GmbH	WEEBLY (AS27647)	18
Siamdata Communication Co.,Ltd.	Siamdata Communication Co.,Ltd. (AS56309)	10
CLOUDFLARENET	FD-298-8796 (AS8796)	36
CLOUDFLARENET	PONYNET (AS53667)	3
Host Europe GmbH	AMAZON-AES (AS14618)	422
GOOGLE	Wix.com Ltd. (AS58182)	532
BIZLAND-SD	AS-VULTR (AS20473)	1
GOOGLE-CLOUD-PLATFORM	Akamai Connected Cloud (AS63949)	48
GANDI SAS	LATITUDE-SH (AS396356)	85
Yuan-Jhen Info., Co., Ltd	ZEN-ECN (AS21859)	178
net.tw	New Century InfoComm Tech Co., Ltd. (AS9919)	4
communilink.net	CommuniLink Internet Limited. (AS38277)	1
GOOGLE-CLOUD-PLATFORM	OneAsiaHost (AS59211)	1
whoisdomain.kr	NAVER BUSINESS PLATFORM ASIA PACIFIC PTE. LTD. (AS135354)	74
lemarit.de	COLT Technology Services Group Limited (AS8220)	2
Host Europe GmbH	CLOUDFLARENET (AS13335)	250
CLOUDFLARENET	GOOGLE-CLOUD-PLATFORM (AS396982)	273
AMAZON-02	AMAZON-02 (AS16509)	645
Host Europe GmbH	Akamai Connected Cloud (AS63949)	209
twmail.org	Data Communication Business Group (AS3462)	443
markmonitor.com	UUNET (AS701)	1
ne.jp	SAKURA Internet Inc. (AS9371)	19
AMAZON-02	OVH SAS (AS16276)	385
markmonitor.com	AMAZON-02 (AS16509)	915
Host Europe GmbH	AS-26496-GO-DADDY-COM-LLC (AS26496)	164
name-services.com	TUCOWS-3 (AS32491)	51
theology.tw	PUMO NETWORK DIGITAL TECHNOLOGY CO.,LTD (AS38843)	1
SECURITYSERVICES	AMAZON-02 (AS16509)	150
NUCDN	Team Internet AG (AS61969)	99
hostnet.nl	One.com A/S (AS51468)	38
ix1000.com	AMAZON-02 (AS16509)	24
GANDI SAS	SQUARESPACE (AS53831)	4
ilv.tw	Data Communication Business Group (AS3462)	77
dnspod.net	Alibaba US Technology Co., Ltd. (AS45102)	11
ipgo.eu	Hetzner Online GmbH (AS24940)	1
net.tw	Taiwan Fixed Network, Telco and Network Service Provider. (AS9924)	47
com.tw	WEEBLY (AS27647)	6
xnameserver.de	InterNetworX Management GmbH (AS48596)	2
AUTOMATTIC	AUTOMATTIC (AS2635)	101
ix1000.com	Yuan-Jhen Info., Co., Ltd (AS131149)	16
CLOUDFLARENET	CM Craft Aesthetic (AS18424)	11
rtpcompany.tw	HBCI-1999TA (AS14828)	1
CLOUDFLARENET	Akamai Connected Cloud (AS63949)	138
NSONE	AMAZON-02 (AS16509)	154
hyp.net	Domeneshop AS (AS12996)	94
jks.tw	Data Communication Business Group (AS3462)	1
SkyExchange Internet Access	Alibaba US Technology Co., Ltd. (AS45102)	10
nadns1.com	Nameshield SAS (AS20756)	24
CLOUDFLARENET	NETLAB-SDN (AS979)	9
Host Europe GmbH	RENDER (AS397273)	7
GOOGLE-CLOUD-PLATFORM	Sony Network Taiwan Limited (AS18182)	9
NSONE	SEDO GmbH (AS47846)	97
CLOUDFLARENET	NewMedia Express Pte Ltd (AS38001)	1
hosting.de	Hosting.de GmbH (AS12574)	3
hostgator.com	NETWORK-SOLUTIONS-HOSTING (AS19871)	24
ifastnet17.org	Wildcard UK Limited (AS34119)	1
Host Europe GmbH	Cloudflare London, LLC (AS209242)	130
ilv.tw	GOOGLE (AS15169)	7
Host Europe GmbH	DIGITALOCEAN-ASN (AS14061)	123
CHINANET Guangdong province network	HK Broadband Network Ltd. (AS10103)	8
linode.com	National Taiwan University (AS17716)	1
colatour.tw	Data Communication Business Group (AS3462)	1
ezydomain.com	GOOGLE-CLOUD-PLATFORM (AS396982)	9
NSONE	GOOGLE-CLOUD-PLATFORM (AS396982)	10
Data Communication Business Group	PUMO NETWORK DIGITAL TECHNOLOGY CO.,LTD (AS38843)	24
CLOUDFLARENET	Hostinger International Limited (AS47583)	205
Aruba S.p.A.	Aruba S.p.A. (AS31034)	19
CLOUDFLARENET	FASTLY (AS54113)	163
CLOUDFLARENET	CTG Server Limited (AS152194)	47
Data Communication Business Group	Yuan-Jhen Info., Co., Ltd (AS131149)	59
SECURITYSERVICES	AMAZON-AES (AS14618)	53
CLOUDFLARENET	Skycloud Computing co., Ltd. (AS7483)	227
ZONER a.s.	ZONER a.s. (AS34222)	9
rewax.tw	Data Communication Business Group (AS3462)	1
net.au	Micron21 Datacentre Pty Ltd (AS38880)	1
name-services.com	Equinix (EMEA) Acquisition Enterprises B.V. (AS15830)	1
host-168.com	NETWORK-SOLUTIONS-HOSTING (AS19871)	1
NSS INTL CO., LTD.	Data Communication Business Group (AS3462)	12
GOOGLE-CLOUD-PLATFORM	GOOGLE (AS15169)	56
GANDI SAS	Yuan-Jhen Info., Co., Ltd (AS131149)	11
CLOUDFLARENET	AROSS-AS (AS400619)	6
ports.se	Tele2 SWIPnet (AS1257)	37
AMAZON-02	Internet Initiative Japan Inc. (AS2497)	1
Akamai Connected Cloud	Akamai Connected Cloud (AS63949)	47
Safenames Ltd.	AMAZON-02 (AS16509)	11
CLOUDFLARENET	Dimension Network & Communication Limited (AS59371)	143
SECURITYSERVICES	Entain Services Austria GmbH (AS13008)	15
dnsip.com	TERAEXCH (AS399077)	60
CLOUDFLARENET	Alibaba US Technology Co., Ltd. (AS45102)	20
Host Europe GmbH	AZDIGI Corporation (AS63760)	1
co.kr	LG DACOM Corporation (AS3786)	149
Host Europe GmbH	AS-COLOCROSSING (AS36352)	13
GANDI SAS	GOOGLE-CLOUD-PLATFORM (AS396982)	211
NSONE	CLOUDFLARENET (AS13335)	11
myhostadmin.net	HK Broadband Network Ltd. (AS10103)	15
nadns1.com	Hetzner Online GmbH (AS24940)	22
GOOGLE	GOOGLE-CLOUD-PLATFORM (AS396982)	134
FACEBOOK	FACEBOOK (AS32934)	6
SECURITYSERVICES	NAMECHEAP-NET (AS22612)	25
frei.net	Equinix (EMEA) Acquisition Enterprises B.V. (AS15830)	2
com.tw	New Century InfoComm Tech Co., Ltd. (AS9919)	33
com.tw	MICROSOFT-CORP-MSN-AS-BLOCK (AS8075)	13
MICROSOFT-CORP-MSN-AS-BLOCK	CSC (AS19574)	3
CLOUDFLARENET	Powerhouse Co., LTD (AS152622)	34
GOOGLE-CLOUD-PLATFORM	Data Communication Business Group (AS3462)	374
GMO Internet Group, Inc.	GMO Internet Group, Inc. (AS7506)	164
Floppy Ltd.	Floppy Ltd. (AS150756)	101
dnsnoc123.com	ECOMMERCE (AS46597)	30
Host Europe GmbH	Data Communication Business Group (AS3462)	277
wt500.com	CM Craft Aesthetic (AS18424)	31
CLOUDFLARENET	AMAZON-AES (AS14618)	62
CLOUDFLARENET	DIGITALOCEAN-ASN (AS14061)	93
NSONE	Xsolla (USA), Inc (AS60527)	1
com.tw	PUMO NETWORK DIGITAL TECHNOLOGY CO.,LTD (AS38843)	104
Host Europe GmbH	Host Europe GmbH (AS34011)	4
Host Europe GmbH	Tencent Building, Kejizhongyi Avenue (AS132203)	21
mmail.tw	Data Communication Business Group (AS3462)	1
widhost.net	Aruba S.p.A. (AS31034)	11
com.tw	AMAZON-02 (AS16509)	32
SECURITYSERVICES	Danfoss A/S (AS12834)	5
CLOUDFLARENET	HDTIDC LIMITED (AS136038)	10
NetActuate, Inc	CLOUDFLARENET (AS13335)	1
WEBNX	WEBNX (AS18450)	85
CLOUDFLARENET	LATITUDE-SH (AS396356)	31
ix1000.com	SaveCom Internation Inc. (AS9676)	1
SECURITYSERVICES	COGECO-PEER1 (AS13768)	60
why3s.com	AboveNet Communications Taiwan (AS17408)	111
Data Communication Business Group	Asia Pacific On-line Service Inc. (AS7482)	3
SECURITYSERVICES	Orange (AS3215)	1
ipcom GmbH	AMAZON-02 (AS16509)	270
ipcom GmbH	GleSYS AB (AS42708)	25
net.tw	Akamai Connected Cloud (AS63949)	39
ipcom GmbH	Hetzner Online GmbH (AS24940)	16
GANDI SAS	A2HOSTING (AS55293)	7
Host Europe GmbH	GO-DADDY-COM-LLC (AS398101)	48
Host Europe GmbH	FASTLY (AS54113)	127
SECURITYSERVICES	Greentube GmbH (AS60368)	3
GANDI SAS	GANDI SAS (AS203476)	19
GANDI SAS	OVH SAS (AS16276)	12
GANDI SAS	Powerhouse Co., LTD (AS152622)	39
CLOUDFLARENET	DXTL Tseung Kwan O Service (AS134548)	66
co.uk	AboveNet Communications Taiwan (AS17408)	2
CLOUDFLARENET	GOOGLE (AS15169)	40
sqr.cloud	Cyso Group B.V. (AS25151)	4
CLOUDFLARENET	CNSERVERS (AS40065)	43
hosteur.com	Hosteur SAS (AS204818)	1
mddservices.com	WEHOSTWEBSITES-COM (AS30475)	2
bodis.com	AMAZON-02 (AS16509)	35
CLOUDFLARENET	CYBERCON (AS7393)	22
GANDI SAS	Data Communication Business Group (AS3462)	99
cafe24.com	Korea Telecom (AS4766)	30
CLOUDFLARENET	Asia Pacific Broadband Fixed Lines Co., Ltd. (AS24154)	4
ailair.fr	OVH SAS (AS16276)	2
sqr.domains	Cyso Group B.V. (AS25151)	1
markmonitor.zone	AMAZON-02 (AS16509)	32
Hostpoint AG	Hostpoint AG (AS29097)	20
ab stract ltd	ab stract ltd (AS39287)	2
SECURITYSERVICES	SECURITYSERVICES (AS12008)	135
interconnect-dns.be	ML Consultancy (AS9150)	2
texway.net	Data Communication Business Group (AS3462)	2
ix1000.com	Sony Network Taiwan Limited (AS18182)	75
GOOGLE-CLOUD-PLATFORM	GOOGLE-CLOUD-PLATFORM (AS396982)	516
AMAZON-02	UUNET (AS702)	1
sky-home.tw	Data Communication Business Group (AS3462)	1
CLOUDFLARENET	Digital United Inc. (AS4780)	40
net.tw	Asia Pacific On-Line Service Inc. (AS131142)	81
AMAZON-02	AMAZON-AES (AS14618)	58
Data Communication Business Group	Akamai Connected Cloud (AS63949)	44
CLOUDFLARENET	PEG-SV (AS54600)	95
GOOGLE-CLOUD-PLATFORM	Yuan-Jhen Info., Co., Ltd (AS131149)	45
2watt.com	Hetzner Online GmbH (AS24940)	1
Host Europe GmbH	MICROSOFT-CORP-MSN-AS-BLOCK (AS8075)	45
myhostadmin.net	HKBN Enterprise Solutions Limited (AS17444)	6
CLOUDFLARENET	MICROSOFT-CORP-MSN-AS-BLOCK (AS8075)	51
Host Europe GmbH	GITHUB (AS36459)	2
pay.bz	EVOCATIVE-GLOBAL (AS4213)	1
Data Communication Business Group	AMAZON-02 (AS16509)	74
Host Europe GmbH	BIZLAND-SD (AS29873)	1
T-Mobile Austria GmbH	T-Mobile Austria GmbH (AS8412)	3
acsite.net	AS40676 (AS40676)	6
lemarit.de	net.de AG (AS15743)	2
CLOUDFLARENET	Koos Broadband Telecom (AS18042)	8
GOOGLE-CLOUD-PLATFORM	SQUARESPACE (AS53831)	9
steps.tw	Akamai Connected Cloud (AS63949)	1
perf1.com	Nameshield SAS (AS20756)	35
dnsip.com	DXTL Tseung Kwan O Service (AS134548)	6
blacknightdns.com	Blacknight Internet Solutions Limited (AS39122)	1
GOOGLE-CLOUD-PLATFORM	CLOUDFLARENET (AS13335)	23
battery.tw	NETWORK-SOLUTIONS-HOSTING (AS19871)	1
dnsip.com	Dimension Network & Communication Limited (AS59371)	249
caseking.net	Hetzner Online GmbH (AS24940)	1
CLOUDFLARENET	GlobalConnect AB (AS12552)	2
GOOGLE	CLOUDFLARENET (AS13335)	80
CLOUDFLARENET	EGIHOSTING (AS18779)	1
ix1000.com	Digital United Inc. (AS4780)	4
MICROSOFT-CORP-MSN-AS-BLOCK	MICROSOFT-CORP-MSN-AS-BLOCK (AS8075)	153
ANEXIA Internetdienstleistungs GmbH	CLOUDFLARENET (AS13335)	1
Data Communication Business Group	DIGITALOCEAN-ASN (AS14061)	33
CLOUDFLARENET	Taiwan Fixed Network, Telco and Network Service Provider. (AS9924)	17
Yuan-Jhen Info., Co., Ltd	GOOGLE-CLOUD-PLATFORM (AS396982)	20
host-01.	Data Communication Business Group (AS3462)	7
register.it	Register S.p.A. (AS39729)	166
net.tw	DIGITALOCEAN-ASN (AS14061)	13
Safenames Ltd.	CENTURYLINK-LEGACY-SAVVIS (AS3561)	2
SECURITYSERVICES	AKAMAI-AS (AS16625)	1
first-ns.de	Host Europe GmbH (AS34011)	1
Akamai International B.V.	UUNET (AS701)	1
123ns.de	noris network AG (AS12337)	10
PONYNET	Wildcard UK Limited (AS34119)	5
GMO Internet Group, Inc.	AMAZON-02 (AS16509)	11
jooble.com	HOSTISERVER (AS32338)	1
AMAZON-02	National Center for High-performance Computing (AS7539)	1
dns-net.de	GTT Communications Inc. (AS3257)	1
whoisdomain.kr	SK Broadband Co Ltd (AS9318)	2
Host Europe GmbH	AUTOMATTIC (AS2635)	29
NUCDN	Datacenter Luxembourg S.A. (AS24611)	174
infoblox.com	FASTLY (AS54113)	1
IONOS SE	IONOS SE (AS8560)	25
baodao-tw.com	ECOMMERCE (AS46597)	8
CLOUDFLARENET	Hoshin Multimedia Center Inc. (AS9416)	2
CLOUDFLARENET	OIS1 (AS26337)	4
GOOGLE-CLOUD-PLATFORM	WEEBLY (AS27647)	10
CLOUDFLARENET	ANTI-DDOS (AS35251)	2
plotech.tw	Data Communication Business Group (AS3462)	1
Data Communication Business Group	Magic Particle Limited (AS135343)	2
register.it	AMAZON-02 (AS16509)	67
Register S.p.A.	Register S.p.A. (AS39729)	21
Host Europe GmbH	24SHELLS (AS55081)	4
GOOGLE-CLOUD-PLATFORM	AS-VULTR (AS20473)	8
MICROSOFT-CORP-MSN-AS-BLOCK	InterNetX GmbH (AS15456)	4
net.tw	Sony Network Taiwan Limited (AS18182)	21
CLOUDFLARENET	BIZLAND-SD (AS29873)	14
cloudns.net	Yuan-Jhen Info., Co., Ltd (AS131149)	22
fastnet.it	FASTNET SpA (AS8265)	4
name-services.com	AMAZON-02 (AS16509)	38
NSONE	Data Communication Business Group (AS3462)	5
CLOUDFLARENET	Taiwan Infrastructure Network Technologie (AS18049)	1
logista.com	IONOS SE (AS8560)	1
noris network AG	noris network AG (AS12337)	5
CLOUDFLARENET	Forewin Telecom Group Limited, ISP at (AS38186)	33
NUCDN	DIGITALOCEAN-ASN (AS14061)	3
schlundtech.de	Hetzner Online GmbH (AS24940)	6
SECURITYSERVICES	GOOGLE-CLOUD-PLATFORM (AS396982)	16
xundns.com	FEDERAL-ONLINE-GROUP-LLC (AS395776)	8
ecpage.com	AS-26496-GO-DADDY-COM-LLC (AS26496)	1
xn--jpra6148b.tw	TISNET Technology Inc. (AS7535)	1
GOOGLE-CLOUD-PLATFORM	20i Limited (AS48254)	24
AMAZON-02	FUJITSU LIMITED (AS2510)	2
SECURITYSERVICES	CSC Administrative Services Limited (AS34922)	19
com.tw	Yuan-Jhen Info., Co., Ltd (AS131149)	50
Host Europe GmbH	UNIFIEDLAYER-AS-1 (AS46606)	18
SECURITYSERVICES	FASTLY (AS54113)	5
CLOUDFLARENET	Rackforest Zrt. (AS62214)	1
01name.com	i-System Technology Limited (AS45910)	1
MICROSOFT-CORP-MSN-AS-BLOCK	Hetzner Online GmbH (AS24940)	2
Host Europe GmbH	Layerstack Limited (AS133905)	2
Yuan-Jhen Info., Co., Ltd	Data Communication Business Group (AS3462)	71
com.tw	Hetzner Online GmbH (AS24940)	3
Akamai International B.V.	AMAZON-02 (AS16509)	7
Data Communication Business Group	GOOGLE-CLOUD-PLATFORM (AS396982)	106
Iomart Cloud Services Limited	Team Blue Internet Services Uk Limited (AS8622)	1
teodns.com	ACE (AS139341)	3
webawere.nl	atom86 BV (AS8455)	1
dn-s.nl	Signet B.V. (AS35470)	1
CLOUDFLARENET	NILAS (AS62864)	3
247-hosting.com	Taiwan Fixed Network, Telco and Network Service Provider. (AS9924)	30
mailservice.com	Hetzner Online GmbH (AS24940)	3
Host Europe GmbH	ECOMMERCE (AS46597)	1
yamoney.tw	Data Communication Business Group (AS3462)	1
netim.net	CLARA, Inc. (AS23661)	1
ap-server2012.	Data Communication Business Group (AS3462)	1
co.kr	AMAZON-02 (AS16509)	24
CLOUDFLARENET	LEASEWEB SINGAPORE PTE. LTD. (AS59253)	2
CLOUDFLARENET	OVH SAS (AS16276)	23
Data Communication Business Group	ORACLE-BMC-31898 (AS31898)	1
Data Communication Business Group	WEEBLY (AS27647)	18
Rackspace Ltd.	COGECO-PEER1 (AS13768)	6
bdbs.tw	Data Communication Business Group (AS3462)	1
GOOGLE-CLOUD-PLATFORM	Alibaba US Technology Co., Ltd. (AS45102)	2
dns.com	GNET INC. (AS9294)	5
Retelit Digital Services S.p.A.	Akamai Connected Cloud (AS63949)	1
Vautron Rechenzentrum AG	Hetzner Online GmbH (AS24940)	3
Host Europe GmbH	Hong Da Storage Equipment Co., Ltd. (AS131657)	2
DIGICERT	DIGICERT (AS16552)	46
norplex-communications.com	WIIT AG (AS24961)	2
GANDI SAS	Taiwan Academic Network TANet Information Center (AS1659)	6
Rackspace Ltd.	Akamai Connected Cloud (AS63949)	39
ns14.net	AMAZON-02 (AS16509)	3
CLOUDFLARENET	Amarutu Technology Ltd (AS206264)	1
ap-server.de	World4You Internet Services GmbH (AS38955)	1
NSONE	GOOGLE (AS15169)	51
meganameservers.eu	CSC Administrative Services Limited (AS34922)	4
Soluciones Corporativas IP, SL	Soluciones Corporativas IP, SL (AS57910)	24
SECURITYSERVICES	Institut Straumann AG (AS34893)	2
wa1000.com	Sony Network Taiwan Limited (AS18182)	27
wwe.com	AMAZON-AES (AS14618)	1
HURRICANE	GOOGLE-2 (AS19527)	1
Host Europe GmbH	IT7NET (AS25820)	8
lovejs-web.	Taiwan Academic Network TANet Information Center (AS1659)	1
visuallinkdns19.com	Wholesale Services Provider (AS45671)	1
MICROSOFT-CORP-MSN-AS-BLOCK	GOOGLE (AS15169)	4
ymy.tw	Data Communication Business Group (AS3462)	1
ultahost.com	LATITUDE-SH (AS396356)	2
com.tw	AboveNet Communications Taiwan (AS17408)	8
acsite.net	RELIABLESITE (AS23470)	11
nsentry.de	InterNetX GmbH (AS15456)	3
hostnet.nl	MICROSOFT-CORP-MSN-AS-BLOCK (AS8075)	1
AMAZON-02	New Century InfoComm Tech Co., Ltd. (AS9919)	4
AMAZON-02	Data Communication Business Group (AS3462)	28
Taiwan Fixed Network, Telco and Network Service Provider.	FASTLY (AS54113)	1
introdns.hu	Rackforest Zrt. (AS62214)	1
schlundtech.de	Mittwald CM Service GmbH & Co. KG (AS15817)	2
afraid.org	TBC (AS131596)	1
bosch.de	Robert Bosch Gesellschaft mit Beschraenkter Haftung (AS9183)	44
Yuan-Jhen Info., Co., Ltd	UNIFIEDLAYER-AS-1 (AS46606)	3
GOOGLE	Data Communication Business Group (AS3462)	11
ORACLE-BMC-31898	ORACLE-BMC-31898 (AS31898)	12
dnsip.com	FD-298-8796 (AS8796)	7
com.tw	Taiwan Fixed Network, Telco and Network Service Provider. (AS9924)	28
sos888.tw	Data Communication Business Group (AS3462)	1
registrar-servers.com	DXTL Tseung Kwan O Service (AS134548)	1
xsalto.net	Alpilink Cloud S.A.S. (AS28768)	1
xxoo.net	Data Communication Business Group (AS3462)	12
IVENUE	IVENUE (AS40738)	43
GANDI SAS	AS-VULTR (AS20473)	23
markmonitor.com	COGECO-PEER1 (AS13768)	1
CLOUDFLARENET	ZILLION-NETWORK (AS54801)	3
hostgo.com	EXPEDIENT (AS17054)	64
com.tw	FASTLY (AS54113)	10
sqr.cloud	Akamai Connected Cloud (AS63949)	1
inmotionhosting.com	IMH-IAD (AS54641)	2
AMAZON-02	GOOGLE (AS15169)	127
babybutt.com	InterNetX GmbH (AS15456)	3
plusserver.com	PlusServer GmbH (AS61157)	4
serviciodns.es	Axarnet Comunicaciones, S.l. (AS50926)	1
rmi.fr	CLOUDFLARENET (AS13335)	1
dwins.com	Data Communication Business Group (AS3462)	1
AMAZON-02	ASN-TEKTRONIX (AS10406)	2
layerip.com	Freethought Internet Limited (AS41000)	1
NUCDN	Akamai Connected Cloud (AS63949)	39
DIGICERT	AMAZON-02 (AS16509)	8
twmail.org	Akamai Connected Cloud (AS63949)	5
turkticaret.net	TURKTICARET.NET YAZILIM HIZMETLERI SAN. ve TIC. A.S. (AS197720)	5
managed-ip.com	InterNetX GmbH (AS15456)	33
ezydomain.com	AMAZON-02 (AS16509)	11
econoweb.be	Unix-Solutions BV (AS39923)	1
name2ip.de	1&1 Versatel Deutschland GmbH (AS8881)	1
xundns.com	MICROSOFT-CORP-MSN-AS-BLOCK (AS8075)	12
NUCDN	Sentia Denmark A/S (AS47292)	2
2020dns.net	Twentytwentymedia Limited (AS31493)	1
Data Communication Business Group	New Century InfoComm Tech Co., Ltd. (AS9919)	12
AMAZON-02	CLOUDFLARENET (AS13335)	37
droso.dk	SecurityNet.cz s.r.o. (AS42422)	1
dreamerworld.tw	Data Communication Business Group (AS3462)	1
co.uk	SECURITYSERVICES (AS12008)	1
Viettel Group	Viettel Group (AS7552)	16
GANDI SAS	DIGITALOCEAN-ASN (AS14061)	93
GANDI SAS	Hetzner Online GmbH (AS24940)	2
Yuan-Jhen Info., Co., Ltd	PUMO NETWORK DIGITAL TECHNOLOGY CO.,LTD (AS38843)	28
domserver.de	Host Europe GmbH (AS20773)	1
NSONE	MICROSOFT-CORP-MSN-AS-BLOCK (AS8075)	10
nocdirect.com	HKBN Enterprise Solutions HK Limited (AS9381)	1
ilv.tw	Akamai Connected Cloud (AS63949)	5
han-solo.net	1&1 Versatel Deutschland GmbH (AS8881)	1
HURRICANE	Yuan-Jhen Info., Co., Ltd (AS131149)	1
cloudns.net	NTT-DATA-2914 (AS2914)	6
lj-dns.com	Sony Network Taiwan Limited (AS18182)	2
CLOUDFLARENET	Netsec Limited (AS45753)	37
CLOUDFLARENET	AS40676 (AS40676)	9
CLOUDFLARENET	PEG-LA (AS398823)	1
Data Communication Business Group	RENDER (AS397273)	1
UK-2 Limited	GOOGLE-CLOUD-PLATFORM (AS396982)	16
AS-26496-GO-DADDY-COM-LLC	AS-26496-GO-DADDY-COM-LLC (AS26496)	10
liontech.tw	Asia Pacific Broadband Fixed Lines Co., Ltd. (AS24154)	1
icorehosting.com	iCore Technology Sdn Bhd (AS132198)	3
name-services.com	CHARTER-20115 (AS20115)	1
MICROSOFT-CORP-MSN-AS-BLOCK	CLOUDFLARENET (AS13335)	5
webstyle.ch	senseLAN GmbH (AS31736)	1
wt500.com	Sony Network Taiwan Limited (AS18182)	94
ANEXIA Internetdienstleistungs GmbH	Tele2 SWIPnet (AS1257)	49
Neue Medien Muennich GmbH	Neue Medien Muennich GmbH (AS34788)	35
checkdomain.de	Hetzner Online GmbH (AS24940)	31
name-services.com	SSASN2 (AS20454)	1
CLOUDFLARENET	Cloudie Limited (AS55933)	9
IONOS SE	GTT Communications Inc. (AS3257)	1
GOOGLE-CLOUD-PLATFORM	FASTLY (AS54113)	33
site.pro	GOOGLE-CLOUD-PLATFORM (AS396982)	2
register.it	GOOGLE-CLOUD-PLATFORM (AS396982)	3
cchc.tw	Data Communication Business Group (AS3462)	1
td-fn.net	PlusServer GmbH (AS61157)	1
increo.com	Increo AS (AS59438)	1
GOOGLE	AS17378 (AS17378)	1
CLOUDFLARENET	AS-VULTR (AS20473)	72
SYNOPSYS	PATHLINE-CAMP (AS397635)	4
GOOGLE-CLOUD-PLATFORM	AMAZON-02 (AS16509)	73
cnmsn.net	West263 International Limited (AS139021)	1
net.tw	WEEBLY (AS27647)	12
AMAZON-02	GOOGLE-CLOUD-PLATFORM (AS396982)	63
CLOUDFLARENET	ORACLE-BMC-31898 (AS31898)	25
name-services.com	Speedy Group Corporation Limited (AS55858)	1
sestren.tw	Data Communication Business Group (AS3462)	1
webgoku.com	SWISHMAIL (AS14469)	1
123ns.de	Equinix (EMEA) Acquisition Enterprises B.V. (AS15830)	1
rojo.tw	MICROSOFT-CORP-MSN-AS-BLOCK (AS8075)	1
CLOUDFLARENET	Viettel Group (AS7552)	1
parkmy.name	SAKURA Internet Inc. (AS9370)	2
CLOUDFLARENET	Qrator Labs CZ s.r.o. (AS209671)	1
CLOUDFLARENET	SQUARESPACE (AS53831)	7
ACTIVE 24, s.r.o.	WebSupport s.r.o. (AS51013)	10
GOOGLE	AS-VULTR (AS20473)	2
grupoalc.tw	Aire Networks Del Mediterraneo Sl Unipersonal (AS29119)	1
Host Europe GmbH	AS-VULTR (AS20473)	60
registrar-servers.com	Data Communication Business Group (AS3462)	5
GANDI SAS	GOOGLE (AS15169)	19
CLOUDFLARENET	IT7NET (AS25820)	16
netim.net	Eurofiber France SAS (AS24935)	67
IONOS SE	Rackspace Ltd. (AS15395)	1
worldtop300.com	GOOGLE-CLOUD-PLATFORM (AS396982)	1
atvirtual.com	Festo Management SE (AS41700)	2
Host Europe GmbH	Peicity Digital Cable Television., LTD (AS131627)	1
91889.tw	HVC-AS (AS29802)	3
Signet B.V.	Signet B.V. (AS20857)	18
com.tw	GOOGLE (AS15169)	23
Data Communication Business Group	MICROSOFT-CORP-MSN-AS-BLOCK (AS8075)	27
bosch.de	MICROSOFT-CORP-MSN-AS-BLOCK (AS8075)	12
Xserver Inc.	Xserver Inc. (AS131965)	37
intergroup.net	Data Communication Business Group (AS3462)	9
CLOUDFLARENET	XNNET (AS6134)	1
kei.pl	Cyber_Folks S.A. (AS29522)	1
com.tw	CLOUDFLARENET (AS13335)	16
CLOUDFLARENET	Sky Digital Co., Ltd. (AS134823)	6
MICROSOFT-CORP-MSN-AS-BLOCK	AMAZON-02 (AS16509)	14
td-fn.net	WIIT AG (AS24961)	2
AMAZON-02	Akamai Connected Cloud (AS63949)	13
CLOUDFLARENET	IPTELECOM ASIA (AS55799)	1
CLOUDFLARENET	ZEN-DPS (AS62610)	18
ipcom GmbH	InterNetworX Management GmbH (AS48596)	35
CLOUDFLARENET	Hong Da Storage Equipment Co., Ltd. (AS131657)	85
phoenixtv.com	Shenzhen Tencent Computer Systems Company Limited (AS45090)	1
Host Europe GmbH	Wix.com Ltd. (AS58182)	36
Data Communication Business Group	FASTLY (AS54113)	52
jimdo-server.com	InterNetX GmbH (AS15456)	1
Host Europe GmbH	HGC Global Communications Limited (AS9304)	2
toastoven.net	NHNCLOUD (AS45974)	1
CLOUDFLARENET	EUROHOSTER Ltd. (AS207728)	1
name-services.com	GOOGLE-CLOUD-PLATFORM (AS396982)	3
motoway.tw	DaDa Broadband LTD. (AS18419)	1
fgce.tw	Data Communication Business Group (AS3462)	1
NSONE	SOFTLAYER (AS36351)	16
rouxel.tw	OVH SAS (AS16276)	1
garmin.com	PlusServer GmbH (AS61157)	1
GOOGLE-CLOUD-PLATFORM	Wix.com Ltd. (AS58182)	7
netropolis.sk	SWAN, a.s. (AS5578)	3
ipcom GmbH	OVH SAS (AS16276)	6
GOOGLE-CLOUD-PLATFORM	Yuhonet International Limited (AS207190)	1
com.tw	NETLAB-SDN (AS979)	1
Akamai International B.V.	Turkish Airlines Inc. (AS51625)	1
co.za	Web-Africa-Networks-AS (AS328453)	2
plaindns.net	PUMO NETWORK DIGITAL TECHNOLOGY CO.,LTD (AS38843)	1
2is.nl	CLDIN B.V. (AS48635)	1
GOOGLE-CLOUD-PLATFORM	AboveNet Communications Taiwan (AS17408)	3
markmonitor.com	HILTON-E (AS26529)	7
Host Europe GmbH	SaveCom Internation Inc. (AS9676)	2
AMAZON-02	Sonova AG (AS43549)	1
CLOUDFLARENET	Cloudflare London, LLC (AS209242)	38
Akamai International B.V.	BLACKROCK-FINANCIAL-MANAGEMENT-2 (AS31747)	3
ezydomain.com	Gigabit Hosting Sdn Bhd (AS55720)	18
unh.net	BT Italia S.p.A. (AS3313)	1
NUCDN	Hetzner Online GmbH (AS24940)	1
AMAZON-02	KDDI Web Communications Inc. (AS9597)	3
CLOUDFLARENET	RACKSPACE (AS27357)	3
ittw.tw	Taiwan Academic Network TANet Information Center (AS1659)	1
AS-VULTR	AS-VULTR (AS20473)	17
NSONE	ENZUINC (AS18978)	1
Host Europe GmbH	ZEN-ECN (AS21859)	3
Safenames Ltd.	Cloudflare London, LLC (AS209242)	1
afraid.org	Digital United Inc. (AS4780)	1
GANDI SAS	AMAZON-AES (AS14618)	7
CLOUDFLARENET	Fastmail Pty Ltd (AS151847)	7
net.tw	GOOGLE-CLOUD-PLATFORM (AS396982)	39
cens.com	GOOGLE-CLOUD-PLATFORM (AS396982)	4
site4now.net	SHARKTECH (AS46844)	9
CLDIN B.V.	Accenture B. V. (AS8315)	16
G-Core Labs S.A.	CLOUDFLARENET (AS13335)	2
CLOUDFLARENET	Wix.com Ltd. (AS58182)	7
in.net	OpenFor Telecommunications Co., Ltd. (AS131677)	2
CHINANET Guangdong province network	UCLOUD INFORMATION TECHNOLOGY HK LIMITED (AS135377)	22
Host Europe GmbH	HKBN Enterprise Solutions HK Limited (AS9381)	3
yunxns.com	POWER LINE DATACENTER (AS132839)	1
apcu.tw	IDC Frontier Inc. (AS4694)	1
IONOS SE	NetCologne Gesellschaft fur Telekommunikation mbH (AS8422)	1
ns0.com	PAIR-NETWORKS (AS7859)	3
sgcloudhosting.cloud	Exabytes Network Singapore Pte. Ltd. (AS38532)	1
linovate.de	Hetzner Online GmbH (AS24940)	16
Akamai International B.V.	BLACKROCK-FINANCIAL-MANAGEMENT (AS11336)	6
schlundtech.de	1&1 Versatel Deutschland GmbH (AS8881)	1
akrapovic.si	MICROSOFT-CORP-MSN-AS-BLOCK (AS8075)	1
com.tw	DFW-DATACENTER (AS30277)	3
net.au	Zettagrid Pty Ltd (AS7604)	1
Data Communication Business Group	GOOGLE (AS15169)	90
gama.tw	PUMO NETWORK DIGITAL TECHNOLOGY CO.,LTD (AS38843)	1
opportunity.de	Aixit GmbH (AS29551)	1
GANDI SAS	National Taiwan University (AS17716)	3
VITAL-DNS	Far EastTone Telecommunication Co., Ltd. (AS9674)	1
Telenet BV	Telenet BV (AS6848)	3
CLOUDFLARENET	Data Communication Business Group (AS4782)	1
domeny.tv	Dataspace P.s.a. (AS50599)	7
systemdns.com	OVH SAS (AS16276)	2
cresnix.net	Datacamp Limited (AS60068)	2
Floppy Ltd.	RM B, 2F 88 KWAI CHEONG ROAD (AS132056)	5
ns-service.de	Neue Medien Muennich GmbH (AS34788)	1
GANDI SAS	Datacamp Limited (AS60068)	1
domserver.de	InterNetX GmbH (AS15456)	20
Host Europe GmbH	Digital United Inc. (AS4780)	24
netcup.net	netcup GmbH (AS197540)	1
ANEXIA Internetdienstleistungs GmbH	INCAPSULA (AS19551)	1
DIGICERT	ACE (AS139341)	18
NSONE	INTERNAP-BLOCK-4 (AS14742)	1
vip.nl	team.blue Denmark A/S (AS48854)	1
dnsnoc123.com	Taiwan Fixed Network, Telco and Network Service Provider. (AS9924)	14
BIZLAND-SD	BIZLAND-SD (AS29873)	19
svr-cloud.net	Internet Solutions Limited (AS4594)	1
mainnameserver.com	Akamai Connected Cloud (AS63949)	1
GOOGLE-CLOUD-PLATFORM	HAWKHOST (AS20068)	1
Safenames Ltd.	ASN-TEKTRONIX (AS10406)	3
ipcom GmbH	WIIT AG (AS24961)	1
com.tw	AMAZON-AES (AS14618)	8
CLOUDFLARENET	AUTOMATTIC (AS2635)	6
Akamai International B.V.	Akamai International B.V. (AS20940)	59
domaindiscover.com	AMAZON-02 (AS16509)	4
Signet B.V.	TrueFullstaq B.V. (AS15703)	1
lemarit.de	IONOS SE (AS8560)	2
xundns.com	GNET INC. (AS9294)	10
secserverpros.com	RELIABLESITE (AS23470)	13
markmonitor.com	CSC (AS19574)	9
MICROSOFT-CORP-MSN-AS-BLOCK	UNIFIEDLAYER-AS-1 (AS46606)	1
apple.com	APPLE-ENGINEERING (AS714)	4
ipcom GmbH	Neue Medien Muennich GmbH (AS34788)	4
xundns.com	CNSERVERS (AS40065)	3
Host Europe GmbH	HK Broadband Network Ltd. (AS10103)	3
CLOUDFLARENET	CENTURYLINK-LEGACY-SAVVIS (AS3561)	1
pkft.tw	Data Communication Business Group (AS3462)	1
CLDIN B.V.	CLDIN B.V. (AS48635)	15
design-sirius.com	New Century InfoComm Tech Co., Ltd. (AS9919)	1
Akamai International B.V.	Massive Media Match NV (AS41471)	2
Yuan-Jhen Info., Co., Ltd	Taiwan Academic Network TANet Information Center (AS1659)	1
afraid.org	Yuan-Jhen Info., Co., Ltd (AS131149)	4
netzone.ch	Hetzner Online GmbH (AS24940)	1
GOOGLE-CLOUD-PLATFORM	DIGITALOCEAN-ASN (AS14061)	10
GOOGLE-CLOUD-PLATFORM	New Century InfoComm Tech Co., Ltd. (AS9919)	22
securenet-server.net	ASACENET1 (AS22878)	1
CLOUDFLARENET	Yuan-Jhen Info., Co., Ltd (AS131149)	40
intergroup.net	Akamai Connected Cloud (AS63949)	11
NSONE	Hong Kong Zhengxing Technology Co., Ltd. (AS150706)	1
com.tw	Alibaba US Technology Co., Ltd. (AS45102)	13
intoto.nl	Signet B.V. (AS35470)	1
CLOUDFLARENET	SINGLEHOP-LLC (AS32475)	1
textint.tw	Data Communication Business Group (AS3462)	1
linqhost.eu	Signet B.V. (AS20857)	2
Data Communication Business Group	Netsec Limited (AS45753)	1
kukan.tw	Data Communication Business Group (AS3462)	4
CLOUDFLARENET	ATT-INTERNET4 (AS7018)	2
CLOUDFLARENET	DREAMHOST-AS (AS26347)	52
Host Europe GmbH	Yuan-Jhen Info., Co., Ltd (AS131149)	63
Iomart Cloud Services Limited	Iomart Cloud Services Limited (AS20860)	10
Akamai International B.V.	AMAZON-AES (AS14618)	2
CLOUDFLARENET	OWGELS INTERNATIONAL CO., LIMITED (AS153656)	19
GANDI SAS	GMO Internet Group, Inc. (AS58791)	2
mwdns.de	PlusServer GmbH (AS61157)	1
CLOUDFLARENET	AS-COLOCROSSING (AS36352)	17
cloudns.net	ASN-GIGENET (AS32181)	2
NSONE	Akamai Connected Cloud (AS63949)	6
xundns.com	NETLAB-SDN (AS979)	10
team.blue Denmark A/S	team.blue Denmark A/S (AS48854)	21
vmail.tw	Data Communication Business Group (AS3462)	1
easydns.ca	EDNS (AS16686)	3
GOOGLE-CLOUD-PLATFORM	K Media Tech Ltd. (AS210250)	1
cargo.site	AMAZON-AES (AS14618)	21
cafe24.com	GOOGLE-CLOUD-PLATFORM (AS396982)	8
bilendi.com	Bilendi Technology SARL (AS51664)	4
Host Europe GmbH	team.blue Denmark A/S (AS48854)	1
GOOGLE	Safenames Ltd. (AS60819)	3
OVH SAS	Aruba S.p.A. (AS31034)	3
SECURITYSERVICES	INCAPSULA (AS19551)	9
ix1000.com	PUMO NETWORK DIGITAL TECHNOLOGY CO.,LTD (AS38843)	5
boydakholding.net	Erciyes Anadolu Holding A.s. (AS51703)	1
tw-net.net	ZEN-ECN (AS21859)	3
CLOUDFLARENET	Gamania CloudForce (AS7532)	3
AMAZON-AES	AMAZON-AES (AS14618)	9
mrhost.in	AS40676 (AS40676)	1
Host Europe GmbH	Layerstack Limited (AS133380)	1
CLOUDFLARENET	RMH-14 (AS33070)	6
iotserver-d1.	Data Communication Business Group (AS3462)	5
lemarit.de	LEMARIT GmbH (AS204135)	4
CLOUDFLARENET	Gigabit Hosting Sdn Bhd (AS55720)	3
Yuan-Jhen Info., Co., Ltd	AMAZON-02 (AS16509)	29
permaculture.tw	Data Communication Business Group (AS3462)	1
ilv.tw	National Taiwan University (AS17716)	1
24241872.info	Akamai Connected Cloud (AS63949)	3
GANDI SAS	Wix.com Ltd. (AS58182)	7
domainit.de	Bradler & Krantz GmbH & Co. KG (AS29141)	2
CLOUDFLARENET	MYTEK TRADING PTY LTD (AS132825)	7
globaldomainserver.net	OVH SAS (AS16276)	1
i-net-hosting.net	Hetzner Online GmbH (AS24940)	1
net.tw	COMCAST-7922 (AS7922)	1
ipcom GmbH	iptoX GmbH (AS33828)	1
CLOUDFLARENET	CENTURYLINK-US-LEGACY-QWEST (AS209)	2
selbstdenker.com	R-KOM Regensburger Telekommunikationsgesellschaft mbH (AS12611)	1
CLOUDFLARENET	PEG-HK (AS398478)	2
stabletransit.com	CSC (AS19574)	1
Data Communication Business Group	Digital United Inc. (AS4780)	13
careerjet.net	Equinix (EMEA) Acquisition Enterprises B.V. (AS15830)	2
gowin.tw	New Century InfoComm Tech Co., Ltd. (AS9919)	1
AMAZON-02	LEASEWEB SINGAPORE PTE. LTD. (AS59253)	2
8hy.cn	CommuniLink Internet Limited. (AS38277)	31
GANDI SAS	INCAPSULA (AS19551)	2
Host Europe GmbH	Alibaba US Technology Co., Ltd. (AS45102)	36
Host Europe GmbH	R-line 1 LLC (AS35608)	1
deutschepost.de	MICROSOFT-CORP-MSN-AS-BLOCK (AS8075)	1
Hangzhou Alibaba Advertising Co.,Ltd.	DIGITALOCEAN-ASN (AS14061)	15
dnspod.net	Tencent Building, Kejizhongyi Avenue (AS132203)	6
perf1.com	OVH SAS (AS16276)	6
NSONE	Cloudflare London, LLC (AS209242)	32
SECURITYSERVICES	TELX-LEGACY (AS36086)	1
ne.jp	NTT PC Communications, Inc. (AS2514)	11
co.kr	SMILESERV (AS38700)	1
NSONE	COLT Technology Services Group Limited (AS8220)	1
Akamai Connected Cloud	Data Communication Business Group (AS3462)	8
net.tw	PUMO NETWORK DIGITAL TECHNOLOGY CO.,LTD (AS38843)	14
AMAZON-02	MOBA Private Limited Taiwan Branch (AS131634)	3
AMAZON-02	NAMECHEAP-NET (AS22612)	1
Netnam Company	FPT Telecom Company (AS18403)	5
meganameservers.eu	Internet Names for Business Inc (AS9115)	11
msts.tw	Data Communication Business Group (AS3462)	1
revservices.tw	Data Communication Business Group (AS3462)	1
lemarit.de	AS-VULTR (AS20473)	39
vietnix.vn	VIETNAM POSTS AND TELECOMMUNICATIONS GROUP (AS135905)	2
sandy.tw	Data Communication Business Group (AS3462)	1
Data Communication Business Group	CLOUDFLARENET (AS13335)	29
CLOUDFLARENET	Datacamp Limited (AS60068)	7
CHINANET Guangdong province network	Hangzhou Alibaba Advertising Co.,Ltd. (AS37963)	5
kerrytj.com	Data Communication Business Group (AS3462)	1
sysweb.tw	Digital United Inc. (AS4780)	1
boxin.tw	Data Communication Business Group (AS3462)	1
007names.net	Akamai Connected Cloud (AS63949)	1
Data Communication Business Group	Taiwan Internet Gateway (AS10126)	7
accenture.com	ACCENTURE (AS3573)	1
DIGITALOCEAN-ASN	Scaleway S.a.s. (AS12876)	2
CLOUDFLARENET	FEDERAL-ONLINE-GROUP-LLC (AS395776)	5
CLOUDFLARENET	ECOMMERCE (AS46597)	4
namesecure.de	Hetzner Online GmbH (AS24940)	1
xdnspro.com	GOOGLE-CLOUD-PLATFORM (AS396982)	1
SECURITYSERVICES	Bayerische Motoren Werke Aktiengesellschaft (AS8590)	3
timeweb.org	TimeWeb LLC (AS9123)	3
Sony Network Taiwan Limited	Sony Network Taiwan Limited (AS18182)	15
Data Communication Business Group	AMAZON-AES (AS14618)	20
Host Europe GmbH	NSS INTL CO., LTD. (AS131626)	7
dogado.de	Key-Systems GmbH (AS13246)	1
CLOUDFLARENET	WEBNX (AS18450)	6
ipcom GmbH	velia.net Internetdienste GmbH (AS29066)	1
net.au	SYNERGY WHOLESALE PTY LTD (AS45638)	11
lighting.com	AMAZON-02 (AS16509)	2
CLOUDFLARENET	Equinix (EMEA) Acquisition Enterprises B.V. (AS15830)	2
sweetmochi.tw	PUMO NETWORK DIGITAL TECHNOLOGY CO.,LTD (AS38843)	1
Host Europe GmbH	Scalaxy B.V. (AS58061)	1
ipcom GmbH	IONOS SE (AS8560)	5
ns14.net	Mandala Internet EDV Service GmbH (AS12460)	14
ordipat.fr	Ordipat SAS (AS16101)	19
selfdns.net	NAVER BUSINESS PLATFORM ASIA PACIFIC PTE. LTD. (AS135354)	3
qweb.co	GOOGLE (AS15169)	1
ha-dns.net	Hetzner Online GmbH (AS24940)	4
Scaleway S.a.s.	Scaleway S.a.s. (AS12876)	24
NSONE	AMAZON-AES (AS14618)	7
AMAZON-02	Taiwan Fixed Network, Telco and Network Service Provider. (AS9924)	11
cam2.tw	i-System Technology Limited (AS45910)	1
domainoo.fr	Accenture SAS (AS25593)	1
CLOUDFLARENET	POWER LINE DATACENTER (AS132839)	13
mywebserv.com	Data Communication Business Group (AS3462)	1
serveriai.lt	CLOUDFLARENET (AS13335)	1
sslmail.tw	Data Communication Business Group (AS3462)	1
GOOGLE-CLOUD-PLATFORM	Hetzner Online GmbH (AS24940)	1
SECURITYSERVICES	Optimizely AB (AS30811)	8
AMAZON-02	Virgin Media (AS5089)	2
CLOUDFLARENET	High Family Technology Co., Limited (AS142032)	14
AMAZON-02	Yuan-Jhen Info., Co., Ltd (AS131149)	2
cloud-master.net	Data Communication Business Group (AS3462)	1
bosch.de	AMAZON-02 (AS16509)	3
GANDI SAS	CTG Server Limited (AS152194)	1
supremedns.com	UK Dedicated Servers Limited (AS42831)	2
Host Europe GmbH	RISINGNET (AS33211)	1
ipcom GmbH	firstcolo GmbH (AS44066)	1
AMAZON-02	Signet B.V. (AS20857)	1
ORACLE-BMC-31898	CLOUDFLARENET (AS13335)	8
ice888.tw	Data Communication Business Group (AS3462)	1
oranum.com	JWE S.a r.l. (AS34655)	1
aegonins.com	AEGONUSA (AS11857)	2
GANDI SAS	SHARKTECH (AS46844)	1
cloudns.net	Hetzner Online GmbH (AS24940)	11
Data Communication Business Group	Taiwan Fixed Network, Telco and Network Service Provider. (AS9924)	19
elogic.it	IONOS SE (AS8560)	1
sturmlan.net	Hetzner Online GmbH (AS24940)	1
AS-VULTR	LATITUDE-SH (AS396356)	2
AS-VULTR	HURRICANE (AS6939)	4
netplanet.at	Key-Systems GmbH (AS13246)	1
julyinfo.tw	PUMO NETWORK DIGITAL TECHNOLOGY CO.,LTD (AS38843)	1
checkdomain.de	Xirra GmbH (AS51191)	12
ab stract ltd	IncogNET LLC (AS210630)	1
is-fun.net	TelemaxX Telekommunikation GmbH (AS12843)	30
effix.be	Effix Holding BV (AS200884)	1
G-Core Labs S.A.	Hong Kong Communications International Co., Limited (AS140227)	3
GANDI SAS	FASTLY (AS54113)	50
schlundtech.de	ORACLE-BMC-31898 (AS31898)	1
GOOGLE	Taiwan Fixed Network, Telco and Network Service Provider. (AS9924)	6
OVH SAS	Sky Digital Co., Ltd. (AS134823)	14
afraid.org	SOFTLAYER (AS36351)	19
markmonitor.com	SWITCH-LTD (AS23005)	5
briteline.de	Bremen Briteline GmbH (AS30742)	1
Yuan-Jhen Info., Co., Ltd	FASTLY (AS54113)	8
AMAZON-02	WHG Hosting Services Ltd (AS14670)	4
glipac.ch	MICROSOFT-CORP-MSN-AS-BLOCK (AS8075)	1
Register S.p.A.	Register S.p.A. (AS35130)	6
pearson.com	PEARSON-NA (AS11892)	2
net.pl	IQ PL Sp. z o.o. (AS47544)	1
dnsip.com	GNET INC. (AS9294)	23
registrar-servers.com	Yuan-Jhen Info., Co., Ltd (AS131149)	1
acuitybrands.com	AMAZON-02 (AS16509)	4
ix1000.com	National Center for High-performance Computing (AS7539)	1
topdn.net	Akamai Connected Cloud (AS63949)	2
CLOUDFLARENET	NL-811-40021 (AS40021)	1
campingnews.tw	NODISTO (AS394727)	1
aqua.tw	Data Communication Business Group (AS3462)	1
CLOUDFLARENET	National Taiwan University (AS17716)	1
softwaregrp.com	OPENTEXT (AS82)	1
CLOUDFLARENET	UCLOUD INFORMATION TECHNOLOGY HK LIMITED (AS135377)	5
secserverpros.com	IS-AS-1 (AS19318)	10
Akamai International B.V.	CSC (AS19574)	3
CLOUDFLARENET	M247 Europe SRL (AS9009)	12
Host Europe GmbH	GO-DADDY-COM-LLC (AS400754)	7
CLOUDFLARENET	DWINS Digital Service Corp. (AS17416)	7
GANDI SAS	LIQUIDWEB (AS32244)	2
byethost44.org	Wildcard UK Limited (AS34119)	2
plasteam.tw	Data Communication Business Group (AS3462)	1
goweb.tw	Data Communication Business Group (AS3462)	1
ORANGE BUSINESS SERVICES U.S. Inc.	AMAZON-02 (AS16509)	6
managed-ip.com	Host Europe GmbH (AS8972)	2
GOOGLE-CLOUD-PLATFORM	China Education and Research Network Center (AS4538)	1
mpower.nl	SEDO GmbH (AS47846)	1
corpinter.de	IONOS SE (AS8560)	1
dynu.com	Sony Network Taiwan Limited (AS18182)	2
routing.net	Eurofiber France SAS (AS24935)	2
AMAZON-02	SINGLEHOP-LLC (AS32475)	9
dotster.com	BIZLAND-SD (AS29873)	2
CLOUDFLARENET	KPN B.V. (AS3265)	1
SECURITYSERVICES	CLOUDFLARENET (AS13335)	6
com.tw	Digital United Inc. (AS4780)	7
gransy.com	CASABLANCA INT a.s. (AS15685)	5
CLOUDFLARENET	Magic Particle Limited (AS135343)	1
levita-dns.eu	GOOGLE-CLOUD-PLATFORM (AS396982)	1
247-hosting.com	Data Communication Business Group (AS3462)	40
ix1000.com	CLOUDFLARENET (AS13335)	3
Trellian Pty. Limited	Trellian Pty. Limited (AS133618)	42
Seonet Multimedia s.r.o.	Seonet Multimedia s.r.o. (AS59925)	3
net.tw	AMAZON-02 (AS16509)	29
3369999.tw	Data Communication Business Group (AS3462)	1
radinko.com	Gransy s.r.o. (AS60592)	1
AMAZON-02	SHOPEE SINGAPORE PRIVATE LIMITED (AS138341)	3
name-services.com	Data Communication Business Group (AS3462)	2
tbits.net	TBits.net GmbH (AS51417)	1
ipcom GmbH	CLOUDFLARENET (AS13335)	3
net.tw	GOOGLE (AS15169)	24
net.tw	GO-DADDY-COM-LLC (AS398101)	2
cscudns.com	Austrian Airlines AG (AS44594)	1
techtarget.com	GOOGLE-CLOUD-PLATFORM (AS396982)	1
AMAZON-02	WHG Hosting Services Ltd (AS204800)	8
universalfreightorg.tw	Data Communication Business Group (AS3462)	1
hobohost.com	NDCHOST (AS33322)	1
pumo.tw	PUMO NETWORK DIGITAL TECHNOLOGY CO.,LTD (AS38843)	1
NSONE	Dr. Ing. h.c. F. Porsche AG (AS33848)	12
iptwins.com	OVH SAS (AS16276)	19
rh-tec.com	rh-tec Business GmbH (AS25560)	2
CLOUDFLARENET	noris network AG (AS12337)	1
net.tw	MICROSOFT-CORP-MSN-AS-BLOCK (AS8075)	10
GANDI SAS	Digital United Inc. (AS4780)	21
Host Europe GmbH	ORACLE-BMC-31898 (AS31898)	2
agenturserver.co	Mittwald CM Service GmbH & Co. KG (AS15817)	3
wargaming.net	G-Core Labs S.A. (AS199524)	2
Buy Limited	AS-VULTR (AS20473)	14
CLOUDFLARENET	HWSERVICES-32400 (AS32400)	1
123ns.de	'ingenit GmbH & Co. KG' (AS57376)	19
net.tw	Yuan-Jhen Info., Co., Ltd (AS131149)	23
ns14.net	Netzweck GmbH (AS200580)	1
0995.tw	Data Communication Business Group (AS3462)	1
dukascopy.com	Dukascopy Bank SA (AS41623)	3
sui-inter.net	METANET AG (AS21069)	2
shaklee.com	SHAKLEE1 (AS33026)	1
schlundtech.de	IONOS SE (AS8560)	2
Host Europe GmbH	DWINS Digital Service Corp. (AS17416)	1
gnt.tw	Data Communication Business Group (AS3462)	4
planet-work.com	GOOGLE-CLOUD-PLATFORM (AS396982)	1
tophost.ch	Optimizely AB (AS30811)	1
Host Europe GmbH	Kaopu Cloud HK Limited (AS138915)	2
CLOUDFLARENET	ESITED (AS22552)	15
blacknight.com	AMAZON-02 (AS16509)	3
NSS INTL CO., LTD.	Taiwan Fixed Network, Telco and Network Service Provider. (AS9924)	1
hsbc.net	Akamai International B.V. (AS33905)	1
yahoo.com	AMAZON-02 (AS16509)	36
GOOGLE	AMAZON-02 (AS16509)	8
huaweicloud-dns.cn	CLOUDFLARENET (AS13335)	1
AMAZON-02	Infomaniak Network SA (AS29222)	1
credit-suisse.com	UBS Group AG (AS8729)	5
treuorga.net	GOPAS Solutions GmbH (AS13157)	1
twmail.org	Digital United Inc. (AS4780)	1
Taiwan Fixed Network, Telco and Network Service Provider.	Taiwan Fixed Network, Telco and Network Service Provider. (AS9924)	55
namebay.com	Nameshield SAS (AS20756)	4
sycor.de	SYCOR GmbH (AS25481)	1
netclix.net	Hetzner Online GmbH (AS24940)	1
1and1.com	IONOS SE (AS8560)	2
epik.com	EPIK-LLC (AS394456)	1
webspezi.com	Hetzner Online GmbH (AS24940)	1
do-ex.com	INTAC Services GmbH (AS44076)	6
ezydomain.com	UNIFIEDLAYER-AS-1 (AS46606)	1
CLOUDFLARENET	TERAEXCH (AS399077)	4
Nessus GmbH	Nessus GmbH (AS47692)	6
inmotionhosting.com	INMOTION (AS22611)	14
dnsip.com	PEG-SV (AS54600)	29
namefind.com	AMAZON-02 (AS16509)	4
co.uk	Redcentric Solutions Ltd (AS8419)	1
stabletransit.com	Rackspace.com Sydney (AS58683)	1
GANDI SAS	AboveNet Communications Taiwan (AS17408)	1
domainoo.fr	Planet Service SARL (AS61168)	74
twdomain.com	LEASEWEB-USA-WDC (AS30633)	4
tradeserv.com	Akamai Connected Cloud (AS63949)	19
Data Communication Business Group	VEE TIME CORP. (AS17809)	2
Data Communication Business Group	GO-DADDY-COM-LLC (AS398101)	3
SECURITYSERVICES	Tencent Building, Kejizhongyi Avenue (AS132203)	2
Host Europe GmbH	LATITUDE-SH (AS396356)	4
ibi.net	SHINSEGAE I C Co., Ltd. (AS9530)	3
Host Europe GmbH	CNSERVERS (AS40065)	4
dnsimple.com	Data Communication Business Group (AS3462)	1
freehostia.com	LIQUIDNETLTD1 (AS14555)	4
fonfon.tw	TISNET Technology Inc. (AS7535)	1
SECURITYSERVICES	AT&T Global Network Services Nederland B.V. (AS12980)	1
managed-ip.com	PlusServer GmbH (AS61157)	6
mgps-s3.	Data Communication Business Group (AS3462)	6
WEDOS Internet, a.s.	AMAZON-02 (AS16509)	9
com.tw	ZEN-ECN (AS21859)	3
Host Europe GmbH	SUCURI-SEC (AS30148)	12
secserverpros.com	AS40676 (AS40676)	7
247-hosting.com	ECOMMERCE (AS46597)	8
GANDI SAS	Akamai Connected Cloud (AS63949)	56
Host Europe GmbH	IONOS SE (AS8560)	2
liho.tw	Data Communication Business Group (AS3462)	1
GANDI SAS	Eurofiber Nederland BV (AS39686)	1
Hangzhou Alibaba Advertising Co.,Ltd.	TERAEXCH (AS399077)	1
rackhosting.com	Rackhosting.com ApS (AS31590)	1
netsons.net	OVH SAS (AS16276)	1
citictel.tw	Citic Telecom International Data Limited. (AS17554)	1
alkemi-si.net	IPGarde SAS (AS41765)	1
ixsrv.com	Data Communication Business Group (AS3462)	3
raizen.it	Netsons s.r.l. (AS60087)	1
routing.net	IP-Projects GmbH & Co. KG (AS48314)	1
wusjp.tw	Data Communication Business Group (AS3462)	1
why3s.com	AS-COLOCROSSING (AS36352)	5
ok168.biz	OVH SAS (AS16276)	3
savethedeals.tw	OVH SAS (AS16276)	1
Data Communication Business Group	A2HOSTING (AS55293)	4
cmtechnology.com	CM.com N.V. (AS15447)	1
bluecatdns.com	AMAZON-AES (AS14618)	1
com.tw	SaveCom Internation Inc. (AS9676)	6
CLOUDFLARENET	Hsin Yeong An Cable TV Co., Ltd. (AS131602)	2
dnsip.com	POWER LINE DATACENTER (AS132839)	9
net.tw	AS-VULTR (AS20473)	3
baynet.tw	YLINX (AS395734)	1
dig.com	DISNEYONLINE-AS (AS8137)	3
phase8.net	Team Blue Internet Services Uk Limited (AS8622)	19
sto.com	Deutsche Telekom AG (AS3320)	1
gigahost.dk	Sentia Denmark A/S (AS47292)	1
world4you.at	World4You Internet Services GmbH (AS38955)	11
Hangzhou Alibaba Advertising Co.,Ltd.	CTG Server Limited (AS152194)	5
AMAZON-02	MICROSOFT-CORP-MSN-AS-BLOCK (AS8075)	13
Deutsche Telekom AG	T-Systems International GmbH (AS34086)	4
mycomputer.	New Century InfoComm Tech Co., Ltd. (AS9919)	1
co.ke	ANGANI-AS (AS37684)	1
SkyExchange Internet Access	CLOUDFLARENET (AS13335)	3
dnsimple.com	AMAZON-02 (AS16509)	6
Host Europe GmbH	WHG Hosting Services Ltd (AS204800)	8
ECOMMERCE	ECOMMERCE (AS46597)	15
Floppy Ltd.	Akamai Connected Cloud (AS63949)	2
cpic.tw	Data Communication Business Group (AS3462)	1
SECURITYSERVICES	Enflow B.V. (AS209626)	2
ix1000.com	CM Craft Aesthetic (AS18424)	1
okgo.tw	Data Communication Business Group (AS3462)	1
networkinvest.net	Hetzner Online GmbH (AS24940)	2
Wildcard UK Limited	Wildcard UK Limited (AS34119)	11
GOOGLE-CLOUD-PLATFORM	NSS INTL CO., LTD. (AS131626)	7
gi-dns.com	Retelit Digital Services S.p.A. (AS12850)	1
Host Europe GmbH	LEASEWEB HONG KONG LIMITED (AS133752)	1
mwebdns.de	firstcolo GmbH (AS44066)	1
schlundtech.de	Deutsche Telekom AG (AS3320)	2
AMAZON-02	KAGOYA JAPAN Inc. (AS24282)	2
dnspod.net	DIGITALOCEAN-ASN (AS14061)	3
net.tw	kbro CO. Ltd. (AS38841)	4
Knipp Medien und Kommunikation GmbH	ScaleUp Technologies GmbH & Co. KG (AS29014)	10
CLOUDFLARENET	COGENT-174 (AS174)	4
ns14.net	IONOS SE (AS8560)	2
Host Europe GmbH	NETWORK-SOLUTIONS-HOSTING (AS19871)	7
Bdl Systemes SAS	Bdl Systemes SAS (AS38926)	9
HURRICANE	GOOGLE (AS15169)	6
jaitai.tw	Data Communication Business Group (AS3462)	1
govsurvey.tw	PUMO NETWORK DIGITAL TECHNOLOGY CO.,LTD (AS38843)	1
co.nz	Dreamscape Networks Limited (AS38719)	2
za-domain.de	za-internet GmbH (AS30791)	1
ewda.tw	Data Communication Business Group (AS3462)	1
GANDI SAS	ORACLE-BMC-31898 (AS31898)	2
mithrilnetwork.com	LIMESTONENETWORKS (AS46475)	1
ORACLE-BMC-31898	COGECO-PEER1 (AS13768)	6
lifemall.tw	Data Communication Business Group (AS3462)	1
CLOUDFLARENET	rainbow network limited (AS138968)	1
CLOUDFLARENET	Taiwan Academic Network TANet Information Center (AS1659)	9
Hostpoint AG	Data Communication Business Group (AS3462)	1
schlundtech.de	Host Europe GmbH (AS8972)	4
Data Communication Business Group	UNIFIEDLAYER-AS-1 (AS46606)	6
dnspod.net	Hangzhou Alibaba Advertising Co.,Ltd. (AS37963)	6
edis.global	EDIS GmbH (AS57169)	1
MICROSOFT-CORP-MSN-AS-BLOCK	ATLANTECH (AS7784)	1
ns14.net	LEW TelNet GmbH (AS12886)	1
foxfilm.com	AMAZON-AES (AS14618)	2
net.tr	Doruk Iletisim ve Otomasyon Sanayi ve Ticaret A.S. (AS8685)	1
Data Communication Business Group	AS-26496-GO-DADDY-COM-LLC (AS26496)	9
GOOGLE-CLOUD-PLATFORM	Digital United Inc. (AS4780)	8
Yuan-Jhen Info., Co., Ltd	SQUARESPACE (AS53831)	1
Host Europe GmbH	A2HOSTING (AS55293)	17
DIGICERT	CLOUDFLARENET (AS13335)	3
CLOUDFLARENET	Paramita Digital Ltd. (AS38853)	1
HURRICANE	Data Communication Business Group (AS3462)	14
ewetel.de	EWE-Tel GmbH (AS9145)	1
CLOUDFLARENET	Servicos de Infraestrutura e Datacenter (AS272547)	7
CLOUDFLARENET	Superonline Iletisim Hizmetleri A.S. (AS34984)	3
swisscom.com	Bluewin (AS3303)	1
blinds.tw	Data Communication Business Group (AS3462)	1
CLOUDFLARENET	Layerstack Limited (AS133905)	11
langleyholdings.com	Zen Internet Ltd (AS13037)	1
dapp.tw	DXTL Tseung Kwan O Service (AS134548)	1
CLOUDFLARENET	SUCURI-SEC (AS30148)	2
AMAZON-02	Enflow B.V. (AS209626)	1
Data Communication Business Group	Sony Network Taiwan Limited (AS18182)	11
GOOGLE-CLOUD-PLATFORM	AMAZON-AES (AS14618)	12
Data Communication Business Group	OVH SAS (AS16276)	2
kagoya.net	KAGOYA JAPAN Inc. (AS24282)	3
CLOUDFLARENET	IONOS SE (AS8560)	3
CLOUDFLARENET	i3D.net B.V (AS49544)	1
CLOUDFLARENET	Hetzner Online GmbH (AS24940)	6
CLOUDFLARENET	PUMO NETWORK DIGITAL TECHNOLOGY CO.,LTD (AS38843)	8
Infomaniak Network SA	Infomaniak Network SA (AS29222)	7
GOOGLE-CLOUD-PLATFORM	MICROSOFT-CORP-MSN-AS-BLOCK (AS8075)	16
canadianwebhosting.com	IDIGITAL (AS54643)	1
nameshield.net	INCAPSULA (AS19551)	2
veniceplaza.net	P.A. A.B.S. SRL - Partners Associates Advanced Business Solution (AS9076)	1
Host Europe GmbH	NEBULA (AS140224)	6
GOOGLE-CLOUD-PLATFORM	Data Communication Business Group (AS4782)	1
Deutsche Telekom AG	SOPRADO GmbH (AS20546)	7
shockmedia.nl	Previder B.V. (AS20847)	3
GANDI SAS	Hostinger International Limited (AS47583)	5
excedodns.com	GleSYS AB (AS42708)	3
dnspod.com	Data Communication Business Group (AS3462)	2
net.tw	ZEN-ECN (AS21859)	22
CLOUDFLARENET	Antbox Networks Limited (AS138995)	5
wjp.tw	Data Communication Business Group (AS3462)	1
ip-plus.net	AMAZON-02 (AS16509)	1
td-fn.net	TeleData GmbH (AS21263)	1
CLOUDFLARENET	USINTERNET (AS10242)	1
GOOGLE-CLOUD-PLATFORM	PUMO NETWORK DIGITAL TECHNOLOGY CO.,LTD (AS38843)	12
ix1000.com	GOOGLE-CLOUD-PLATFORM (AS396982)	27
Taiwan Fixed Network, Telco and Network Service Provider.	Akamai Connected Cloud (AS63949)	1
ns14.net	Enflow B.V. (AS209626)	2
drom.ru	Tendence LLC (AS214881)	1
1P-WSS	1P-WSS (AS395532)	4
Data Communication Business Group	Cloudflare London, LLC (AS209242)	10
s1201a.	Data Communication Business Group (AS3462)	1
one.com	One.com A/S (AS51468)	33
dnsimple.com	DIGITALOCEAN-ASN (AS14061)	2
womengo.tw	Data Communication Business Group (AS3462)	1
netim.net	Seflow s.r.l. (AS49367)	1
dns121.	GOOGLE-CLOUD-PLATFORM (AS396982)	1
Knipp Medien und Kommunikation GmbH	Host Europe GmbH (AS8972)	1
tyct.tw	Data Communication Business Group (AS3462)	1
taiding.tw	Data Communication Business Group (AS3462)	1
Data Communication Business Group	SQUARESPACE (AS53831)	2
shh.tw	AMAZON-AES (AS14618)	1
co.uk	Register S.p.A. (AS39729)	1
Host Europe GmbH	Infomaniak Network SA (AS29222)	1
baijee.tw	TISNET Technology Inc. (AS7535)	1
secom.tw	New Century InfoComm Tech Co., Ltd. (AS9919)	1
CLOUDFLARENET	WEEBLY (AS27647)	4
lfc.tw	PUMO NETWORK DIGITAL TECHNOLOGY CO.,LTD (AS38843)	1
register.it	DIGITALOCEAN-ASN (AS14061)	2
SECURITYSERVICES	Cloudflare London, LLC (AS209242)	4
Host Europe GmbH	HKBN Enterprise Solutions Limited (AS17444)	1
Data Communication Business Group	Hostinger International Limited (AS47583)	2
whill.tw	PUMO NETWORK DIGITAL TECHNOLOGY CO.,LTD (AS38843)	1
songqili.tw	PUMO NETWORK DIGITAL TECHNOLOGY CO.,LTD (AS38843)	1
jeiyoung.com	Data Communication Business Group (AS3462)	3
centinated.ch	DIGITALOCEAN-ASN (AS14061)	1
scw.tw	AS-VULTR (AS20473)	1
routing.net	Hosting.de GmbH (AS12574)	3
einstein.tw	Data Communication Business Group (AS3462)	1
CLOUDFLARENET	DongFong Technology Co. Ltd. (AS18046)	1
registrar-servers.com	NAMECHEAP-NET (AS22612)	16
fashionmm.tw	PUMO NETWORK DIGITAL TECHNOLOGY CO.,LTD (AS38843)	1
douabuy.	Digital United Inc. (AS4780)	1
gov.tw	Data Communication Business Group (AS4782)	4
CLOUDFLARENET	GANDI SAS (AS29169)	14
m-online.net	Mittwald CM Service GmbH & Co. KG (AS15817)	1
xundns.com	CLOUDFLARENET (AS13335)	8
CHINANET SiChuan Telecom Internet Data Center	Chinanet (AS4134)	5
CLOUDFLARENET	NTT Communications Corporation (AS4713)	1
Host Europe GmbH	Hostinger International Limited (AS47583)	23
twwebhost.com	OVH SAS (AS16276)	1
CLOUDFLARENET	LIMESTONENETWORKS (AS46475)	1
NUCDN	Adam EcoTech, S.A (AS15699)	7
stabletransit.com	AMAZON-AES (AS14618)	2
GANDI SAS	WKKC-NETWORKEDGE-ASN (AS401256)	2
taaze.tw	Data Communication Business Group (AS3462)	1
qr-code.tw	PUMO NETWORK DIGITAL TECHNOLOGY CO.,LTD (AS38843)	1
SkyExchange Internet Access	Yuan-Jhen Info., Co., Ltd (AS131149)	1
GANDI SAS	Domeneshop AS (AS12996)	1
dns-h.com	xneelo (AS37153)	1
net.tw	TISNET Technology Inc. (AS7535)	6
davie.tw	Data Communication Business Group (AS3462)	1
CLOUDFLARENET	Exa Bytes Network Sdn.Bhd. (AS46015)	2
NSONE	GANDI SAS (AS29169)	1
DinaHosting S.L.	DinaHosting S.L. (AS42612)	4
virtual.eu	GOOGLE (AS15169)	1
ifaith.tw	PUMO NETWORK DIGITAL TECHNOLOGY CO.,LTD (AS38843)	1
name-services.com	SOFTLAYER (AS36351)	2
voestalpine.com	Deutsche Telekom Global Business Solutions GmbH (AS8387)	1
antagus.de	Mittwald CM Service GmbH & Co. KG (AS15817)	1
register.it	HAL Service SpA (AS44092)	1
CLOUDFLARENET	HUAWEI CLOUDS (AS136907)	3
cloudns.net	Hong Kong Communications International Co., Limited (AS140227)	2
net.tw	SAKURA Internet Inc. (AS9371)	1
nzedge-intl.com	Cloudie Limited (AS55933)	4
muumuu-domain.com	GMO Internet Group, Inc. (AS7506)	8
Data Communication Business Group	Alibaba US Technology Co., Ltd. (AS45102)	2
Host Europe GmbH	LILLY-AS (AS4249)	2
gfsrv.net	Gameforge 4D GmbH (AS47195)	12
Data Communication Business Group	Taiwan Academic Network TANet Information Center (AS1659)	13
CHINANET Guangdong province network	DREAMHOST-AS (AS26347)	2
CLOUDFLARENET	Micron21 Datacentre Pty Ltd (AS38880)	1
myhostadmin.net	YISU CLOUD LTD (AS142403)	4
markmonitor.com	23M GmbH (AS47447)	1
Host Europe GmbH	UK-2 Limited (AS13213)	2
nominalia.com	Register S.p.A. (AS39729)	11
dnspod.net	Hostkey B.v. (AS50867)	19
AMAZON-02	Safenames Ltd. (AS60819)	1
fastdns24.com	LLC Digital Network (AS12695)	1
avency GmbH	avency GmbH (AS12371)	4
flyseed.net	GOOGLE-CLOUD-PLATFORM (AS396982)	1
GOOGLE-CLOUD-PLATFORM	AS-26496-GO-DADDY-COM-LLC (AS26496)	12
loopia.se	Scaleway S.a.s. (AS12876)	1
123ns.de	MICROSOFT-CORP-MSN-AS-BLOCK (AS8075)	2
allianz.com	Allianz Technology SE (AS15580)	3
1blu.de	EVANZO e-commerce GmbH (AS42730)	2
IONOS SE	Hetzner Online GmbH (AS24940)	13
Host Europe GmbH	Pittqiao Network Information Co.,Ltd. (AS131642)	3
GMO Internet Group, Inc.	SAKURA Internet Inc. (AS7684)	13
lota.net	Data Communication Business Group (AS3462)	1
SECURITYSERVICES	ABBVIE (AS62763)	2
ch-meta.net	METANET AG (AS21069)	1
novahost.de	ScaleUp Technologies GmbH & Co. KG (AS29014)	2
servercoco.com	Akamai Connected Cloud (AS63949)	3
5432.tw	Akamai Connected Cloud (AS63949)	1
Host Europe GmbH	Taiwan Academic Network TANet Information Center (AS1659)	10
wisesystems.net	HKBN Enterprise Solutions Limited (AS17444)	1
Data Communication Business Group	IS-AS-1 (AS19318)	1
vtim.tw	Akamai Connected Cloud (AS63949)	1
cscudns.com	SECURITYSERVICES (AS12008)	1
dnsip.com	CLOUDFLARENET (AS13335)	3
genesys informatica srl	genesys informatica srl (AS24994)	9
myhostadmin.net	SHARKTECH (AS46844)	1
com.tw	CM Craft Aesthetic (AS18424)	3
dns.com	Latitude.sh LTDA (AS262287)	3
monopost.com	Greysom Limited (AS12678)	2
CLOUDFLARENET	Rackspace Ltd. (AS15395)	1
CLOUDFLARENET	HVC-AS (AS29802)	2
IONOS SE	Strato GmbH (AS6724)	1
xfantasyx.com	Data Communication Business Group (AS3462)	3
fresenius.de	FASTLY (AS54113)	1
NSONE	Rackspace IT Hosting AS IT Hosting Provider Hong Kong (AS45187)	1
cheetahtech.tw	GOOGLE-CLOUD-PLATFORM (AS396982)	4
CLOUDFLARENET	NTT-DATA-2914 (AS2914)	2
AMAZON-02	INGR-ASN (AS6591)	1
mwebdns.de	ConnectingBytes GmbH (AS34568)	3
DIGICERT	MICROSOFT-CORP-MSN-AS-BLOCK (AS8075)	6
org.tw	Data Communication Business Group (AS3462)	3
kivial.it	IONOS SE (AS8560)	3
zuny.tw	Data Communication Business Group (AS3462)	1
ipcom GmbH	Wurth IT GmbH (AS207481)	5
CLOUDFLARENET	Ansheng Network Technology Co., Limited (AS134365)	1
ametek.com	AMAZON-02 (AS16509)	5
MICROSOFT-CORP-MSN-AS-BLOCK	GOOGLE-CLOUD-PLATFORM (AS396982)	5
CLOUDFLARENET	LEVEL3 (AS3356)	2
one.com	Hosting.de GmbH (AS12574)	3
SECURITYSERVICES	Hetzner Online GmbH (AS24940)	2
linchi.tw	Data Communication Business Group (AS3462)	1
com.tw	Magic Particle Limited (AS135343)	6
nike.com	AMAZON-02 (AS16509)	2
ne.jp	Xserver Inc. (AS131965)	6
srv53.net	OVH SAS (AS16276)	3
CLOUDFLARENET	iCore Technology Sdn Bhd (AS132198)	1
Host Europe GmbH	NForce Entertainment B.V. (AS43350)	1
WIKIMEDIA	WIKIMEDIA (AS14907)	6
ntuh.net	National Taiwan University (AS17716)	1
singhost.net	Vodien Internet Solutions Pte Ltd (AS58621)	2
CLOUDFLARENET	VirtuaServer Informatica Ltda (AS262954)	9
Global Village GmbH	Global Village GmbH (AS13039)	5
serviziweb.info	GOOGLE-CLOUD-PLATFORM (AS396982)	2
parklogic.com	Akamai Connected Cloud (AS63949)	16
GOOGLE-CLOUD-PLATFORM	UNIFIEDLAYER-AS-1 (AS46606)	5
New Century InfoComm Tech Co., Ltd.	AS-VULTR (AS20473)	12
nsroot1.com	CSC (AS19574)	4
Host Europe GmbH	INMOTION (AS22611)	1
com.tw	IS-AS-1 (AS19318)	3
Host Europe GmbH	RACKSPACE (AS19994)	2
NetActuate, Inc	RACKSPACE (AS19994)	1
Host Europe GmbH	SOFTLAYER (AS36351)	5
vodien.com	Dreamscape Networks Limited (AS38719)	1
o-dns.com	Data Communication Business Group (AS3462)	1
ix1000.com	Hoshin Multimedia Center Inc. (AS9416)	4
CLOUDFLARENET	HK AISI CLOUD COMPUTING LIMITED (AS132813)	2
Domain names registrar REG.RU, Ltd	Domain names registrar REG.RU, Ltd (AS197695)	10
IONOS SE	dogado GmbH (AS8648)	1
Data Communication Business Group	DongFong Technology Co. Ltd. (AS18046)	3
AMAZON-02	Hetzner Online GmbH (AS24940)	3
mdn.tw	AS-VULTR (AS20473)	1
netflix.net	AMAZON-02 (AS16509)	7
wwdh.hu	Hetzner Online GmbH (AS24940)	7
taiwandns.net	New Century InfoComm Tech Co., Ltd. (AS9919)	2
Host Europe GmbH	AROSS-AS (AS400619)	2
AMAZON-02	firstcolo GmbH (AS44066)	1
ns14.net	MICROSOFT-CORP-MSN-AS-BLOCK (AS8075)	2
Host Europe GmbH	WHDOT-LLC (AS26207)	2
CLOUDFLARENET	Hyve Ltd (AS204167)	1
Data Communication Business Group	NETWORK-SOLUTIONS-HOSTING (AS19871)	4
CLOUDFLARENET	RCN-AS (AS6079)	1
zyic.tw	Data Communication Business Group (AS3462)	1
photon.info	InterNetX GmbH (AS15456)	1
ezydomain.com	Yuan-Jhen Info., Co., Ltd (AS131149)	3
NUCDN	AMAZON-AES (AS14618)	3
webaccountserver.com	NETACTUATE (AS394344)	2
linode.com	DIGITALOCEAN-ASN (AS14061)	1
udnfunlife.tw	New Century InfoComm Tech Co., Ltd. (AS9919)	1
Yuan-Jhen Info., Co., Ltd	National Center for High-performance Computing (AS7539)	1
thinline.cz	CLOUDFLARENET (AS13335)	1
cdnetdns.net	BEHRPROCESS (AS11140)	1
GOOGLE	Gamania CloudForce (AS7532)	3
quadsys.net	GOOGLE-CLOUD-PLATFORM (AS396982)	5
ns14.net	InterNetX GmbH (AS15456)	42
cid.com	FASTLY (AS54113)	2
CLOUDFLARENET	NUNLINE (AS150755)	1
nic.ru	Limited Liability Company HeadHunter (AS47724)	3
imcnc.tw	PUMO NETWORK DIGITAL TECHNOLOGY CO.,LTD (AS38843)	1
G-Core Labs S.A.	OVH SAS (AS16276)	2
GOOGLE-CLOUD-PLATFORM	WEBNX (AS18450)	6
dynu.com	Data Communication Business Group (AS3462)	7
dlco.tw	Data Communication Business Group (AS3462)	1
matador.tw	Data Communication Business Group (AS3462)	5
UNIFIEDLAYER-AS-1	UNIFIEDLAYER-AS-1 (AS46606)	5
CLOUDFLARENET	ABCDE GROUP (AS133201)	9
CLOUDFLARENET	A2HOSTING (AS55293)	11
hiai.tw	Data Communication Business Group (AS3462)	1
Rackspace Ltd.	MICROSOFT-CORP-MSN-AS-BLOCK (AS8075)	1
secserverpros.com	AMAZON-02 (AS16509)	1
NUCDN	Razorblue Ltd (AS15692)	1
omni.tw	TISNET Technology Inc. (AS7535)	1
name-services.com	Diyixian.com Limited (AS9584)	1
xpush.net	Data Communication Business Group (AS3462)	2
com.tw	Hangzhou Alibaba Advertising Co.,Ltd. (AS37963)	1
com.tw	Asia Pacific Broadband Fixed Lines Co., Ltd. (AS24154)	3
GANDI SAS	Chinanet (AS4134)	1
Host Europe GmbH	JOESD-18501 (AS18501)	1
com.tw	Taiwan Infrastructure Network Technologie (AS18049)	12
zvei.org	Hetzner Online GmbH (AS24940)	1
AMAZON-02	MULTA-ASN1 (AS35916)	1
886squad.co	Data Communication Business Group (AS3462)	2
infobel.net	DC STAR nv (AS42160)	1
abedns.net	Tele2 SWIPnet (AS1257)	4
ix1000.com	Akamai Connected Cloud (AS63949)	7
domaintechnik.at	Ledl.net GmbH (AS25575)	2
schlundtech.de	AMAZON-02 (AS16509)	1
net.tw	AboveNet Communications Taiwan (AS17408)	2
MICROSOFT-CORP-MSN-AS-BLOCK	AMAZON-AES (AS14618)	1
DIGICERT	Proact IT UK Limited (AS62313)	5
pancil.net	MASSIVE-NETWORKS (AS21777)	1
8hy.hk	Chinanet (AS4134)	1
webspace.tw	Data Communication Business Group (AS3462)	2
ns14.net	PlusServer GmbH (AS61157)	3
world4you.at	eww ag (AS21013)	1
GANDI SAS	KEYYO SA (AS13193)	1
com.cn	AMAZON-02 (AS16509)	1
ns14.net	Signet B.V. (AS20857)	2
kaba.com	AMAZON-02 (AS16509)	4
artfiles.de	WorldStream B.V. (AS49981)	1
GOOGLE-CLOUD-PLATFORM	Scloud Pte Ltd (AS142002)	1
GOOGLE	AMAZON-AES (AS14618)	4
GOOGLE-CLOUD-PLATFORM	National Taiwan University (AS17716)	2
NUCDN	SINGLEHOP-LLC (AS32475)	1
8hy.hk	CommuniLink Internet Limited. (AS38277)	12
Host Europe GmbH	EMGINECONCEPT-01 (AS31972)	2
AMAZON-02	SECURITYSERVICES (AS12008)	1
ix1000.com	SAKURA Internet Inc. (AS9370)	1
abbott.com	AS-26496-GO-DADDY-COM-LLC (AS26496)	2
hyper.host	20i Limited (AS48254)	1
firestorm-isp.com	Datasource AG (AS51395)	1
AMAZON-02	INMOTION (AS22611)	1
serverfreak.biz	Gigabit Hosting Sdn Bhd (AS55720)	6
dehong.tw	Data Communication Business Group (AS3462)	1
aboutnic.net	New Century InfoComm Tech Co., Ltd. (AS9919)	3
ezydomain.com	AMAZON-AES (AS14618)	1
amenworld.com	Register S.p.A. (AS39729)	3
nroute.de	TelemaxX Telekommunikation GmbH (AS12843)	4
net.tw	China Unicom Shanghai network (AS17621)	1
MICROSOFT-CORP-MSN-AS-BLOCK	ALYRICA (AS25961)	1
iposcsl.com	HGC Global Communications Limited (AS9304)	3
0x53.tw	Data Communication Business Group (AS3462)	1
bnamed.eu	AMAZON-02 (AS16509)	7
NUCDN	AMAZON-02 (AS16509)	6
ns365.net	Tencent Building, Kejizhongyi Avenue (AS132203)	1
NSONE	Pulsant (Scotland) Ltd (AS12703)	1
arandomserver.com	LEASEWEB HONG KONG LIMITED (AS133752)	3
OVH SAS	Server Plan S.r.l. (AS52030)	1
New Century InfoComm Tech Co., Ltd.	New Century InfoComm Tech Co., Ltd. (AS9919)	4
net.tw	Taiwan Network Access Point (AS7656)	1
MICROSOFT-CORP-MSN-AS-BLOCK	Akenes SA (AS61098)	6
cloudns.net	AMAZON-02 (AS16509)	1
Host Europe GmbH	PUMO NETWORK DIGITAL TECHNOLOGY CO.,LTD (AS38843)	8
CLOUDFLARENET	Signet B.V. (AS21155)	1
MICROSOFT-CORP-MSN-AS-BLOCK	Data Communication Business Group (AS3462)	12
CLOUDFLARENET	RAMNODE (AS3842)	1
MICROSOFT-CORP-MSN-AS-BLOCK	UUNET (AS701)	1
ascio.com	EPAG Domainservices GmbH (AS12915)	10
xundns.com	POWER LINE DATACENTER (AS132839)	14
168outlet.tw	PUMO NETWORK DIGITAL TECHNOLOGY CO.,LTD (AS38843)	1
CLOUDFLARENET	NAMECHEAP-NET (AS22612)	9
sugarfree.tw	Data Communication Business Group (AS3462)	1
creative8ok.com	NETWORK-SOLUTIONS-HOSTING (AS19871)	1
ipcom GmbH	froxlor GmbH (AS207048)	4
biz-himail.com	AS-VULTR (AS20473)	1
Host Europe GmbH	Auxilium S.r.l. (AS205926)	1
com.tw	DIGITALOCEAN-ASN (AS14061)	7
ipcom GmbH	Key-Systems GmbH (AS196763)	1
iptwins.com	GOOGLE-CLOUD-PLATFORM (AS396982)	1
windonet.nl	InterRacks B.V. (AS42093)	1
net.my	Global Transit Communications - Malaysia (AS24218)	1
volvo.com	Volvo Information Technology AB (AS25252)	1
ns14.net	Bradler & Krantz GmbH & Co. KG (AS29141)	1
SECURITYSERVICES	GO-DADDY-COM-LLC (AS398101)	12
GOOGLE	AS-DYNASCALE-LAX (AS7296)	1
CLOUDFLARENET	New Century InfoComm Tech Co., Ltd. (AS9919)	6
Data Communication Business Group	TIER-NET (AS397423)	2
net.tw	NSS INTL CO., LTD. (AS131626)	2
MICROSOFT-CORP-MSN-AS-BLOCK	NETWORK-SOLUTIONS-HOSTING (AS19871)	1
spartan.tw	Data Communication Business Group (AS3462)	1
cloudwebhosting.com	OVH SAS (AS16276)	1
cphr.tw	PUMO NETWORK DIGITAL TECHNOLOGY CO.,LTD (AS38843)	1
hostgator.com	UNIFIEDLAYER-AS-1 (AS46606)	16
markmonitor.com	ATT-INTERNET4 (AS7018)	1
omc.info	OMCnet Internet Service GmbH (AS15388)	2
CLOUDFLARENET	WHG Hosting Services Ltd (AS36454)	1
GANDI SAS	Orange (AS3215)	2
CLOUDFLARENET	Datacamp Limited (AS212238)	2
Yuan-Jhen Info., Co., Ltd	AMAZON-AES (AS14618)	5
ipcom GmbH	MICROSOFT-CORP-MSN-AS-BLOCK (AS8075)	14
keliweb.com	Keliweb S.R.L (AS202675)	1
unknown	NSS INTL CO., LTD. (AS131626)	1
GOOGLE-CLOUD-PLATFORM	Taiwan Fixed Network, Telco and Network Service Provider. (AS9924)	10
dao365.tw	Data Communication Business Group (AS3462)	1
Host Europe GmbH	SSASN2 (AS20454)	2
Data Communication Business Group	BroadBand Tower, Inc. (AS9607)	1
IVENUE	Akamai Connected Cloud (AS63949)	1
DIGITALOCEAN-ASN	AMAZON-02 (AS16509)	2
register.it	Server Plan S.r.l. (AS52030)	1
easydns.com	EDNS (AS16686)	8
nonzero.tw	TISNET Technology Inc. (AS7535)	1
ntchosting.com	UK Dedicated Servers Limited (AS42831)	1
IONOS SE	AMAZON-02 (AS16509)	3
aboutnic.net	Yuan-Jhen Info., Co., Ltd (AS131149)	1
GOOGLE-CLOUD-PLATFORM	GO-DADDY-COM-LLC (AS398787)	4
CLOUDFLARENET	HONG KONG KOWLOON TELECOMMUNICATIONS CO.,LIMITED (AS135357)	5
td-fn.net	SingNet (AS3758)	2
GOOGLE-CLOUD-PLATFORM	ORACLE-BMC-31898 (AS31898)	3
GMO Internet Group, Inc.	Yuan-Jhen Info., Co., Ltd (AS131149)	1
MICROSOFT-CORP-MSN-AS-BLOCK	FASTLY (AS54113)	1
pns.de	WEBSALE AG (AS62297)	1
newvision.tw	Taiwan Academic Network TANet Information Center (AS1659)	1
hostcocoa.com	AMAZON-02 (AS16509)	1
coma.tw	PUMO NETWORK DIGITAL TECHNOLOGY CO.,LTD (AS38843)	1
afraid.org	GOOGLE (AS15169)	5
dnspod.com	DREAMHOST-AS (AS26347)	2
dotnice.asia	AMAZON-02 (AS16509)	2
SECURITYSERVICES	UPMC-AS122 (AS122)	1
maiowoo.com	Data Communication Business Group (AS3462)	3
nameshield.net	AMAZON-02 (AS16509)	2
justhost.com	UNIFIEDLAYER-AS-1 (AS46606)	3
IONOS SE	noris network AG (AS12337)	1
Host Europe GmbH	Floppy Ltd. (AS150756)	8
IONOS SE	Host Europe GmbH (AS21499)	3
domain24.com	Key-Systems GmbH (AS13246)	1
myhostadmin.net	Beijing Baidu Netcom Science and Technology Co., Ltd. (AS55967)	2
gsc.tw	Digital United Inc. (AS4780)	1
co.jp	Prox System Design Inc. (AS7678)	1
dhair.tw	Data Communication Business Group (AS3462)	1
hostarmada.net	Akamai Connected Cloud (AS63949)	1
nsoft.it	NAMECHEAP-NET (AS22612)	1
tagu.tw	Data Communication Business Group (AS3462)	1
SECURITYSERVICES	AUTOMATTIC (AS2635)	2
CLOUDFLARENET	Tencent Building, Kejizhongyi Avenue (AS132203)	15
cwisdom.tw	Hoshin Multimedia Center Inc. (AS9416)	1
tetrapak.com	AMAZON-02 (AS16509)	1
AMAZON-02	WEEBLY (AS27647)	3
Host Europe GmbH	Asia Pacific On-Line Service Inc. (AS131142)	2
plaindns.net	AMAZON-02 (AS16509)	1
Host Europe GmbH	COGENT-174 (AS174)	1
5553.tw	PUMO NETWORK DIGITAL TECHNOLOGY CO.,LTD (AS38843)	1
CLOUDFLARENET	Layerstack Limited (AS133380)	2
safholland.com	INTERNET AG Global Network (AS8495)	1
SECURITYSERVICES	Claranet Limited (AS8426)	2
rox.net	Leitwerk Ag (AS15894)	1
AMAZON-02	SpeedPartner GmbH (AS34225)	1
chimeimuseum.org	MICROSOFT-CORP-MSN-AS-BLOCK (AS8075)	1
edu.tw	Taiwan Academic Network TANet Information Center (AS1659)	4
rhx.info	AMAZON-02 (AS16509)	3
CHINANET Guangdong province network	HKBN Enterprise Solutions Limited (AS17444)	1
rzhas.de	InterNetX GmbH (AS15456)	1
intergroup.net	GOOGLE-CLOUD-PLATFORM (AS396982)	1
aversus.com	OVH SAS (AS16276)	1
AS-VULTR	HAWKHOST (AS20068)	5
Yuan-Jhen Info., Co., Ltd	XIMBO Internet Limited (AS133322)	1
ezydomain.com	Data Communication Business Group (AS3462)	12
rtbhouse.net	GOOGLE-CLOUD-PLATFORM (AS396982)	1
Yuan-Jhen Info., Co., Ltd	NAMECHEAP-NET (AS22612)	2
com.tw	Gamania CloudForce (AS7532)	1
introweb.nl	Network Operations B.V (AS30830)	1
Yuan-Jhen Info., Co., Ltd	Akamai Connected Cloud (AS63949)	12
biz-himail.com	Data Communication Business Group (AS3462)	1
GOOGLE-CLOUD-PLATFORM	Taiwan Intelligent Fiber Optic Network Co.,Ltd. (AS131584)	4
Host Europe GmbH	SAKURA Internet Inc. (AS7684)	3
CLOUDFLARENET	HGC Global Communications Limited (AS9304)	1
co.uk	MGMRI-AS (AS16667)	3
mixhost.jp	SAKURA Internet Inc. (AS7684)	1
managed-ip.com	novomind AG (AS206775)	1
MICROSOFT-CORP-MSN-AS-BLOCK	Cyso Group B.V. (AS25151)	5
etes.de	ETES GmbH (AS205890)	2
CHINA UNICOM China169 Backbone	AMAZON-02 (AS16509)	8
BMS-AS	Datacenter Luxembourg S.A. (AS24611)	3
CLOUDFLARENET	Floppy Ltd. (AS150756)	11
NSONE	DIGITALOCEAN-ASN (AS14061)	4
GOOGLE-CLOUD-PLATFORM	EASPNET Inc. (AS10135)	2
GANDI SAS	VERSAWEB-ASN (AS36114)	1
NSONE	IOFLOOD (AS53755)	1
Signet B.V.	CLOUDFLARENET (AS13335)	3
aboutnic.net	AboveNet Communications Taiwan (AS17408)	7
classicweb.com	GTT Communications Inc. (AS3257)	1
SCAAM0001	Host Europe GmbH (AS8972)	6
gpt.tw	Data Communication Business Group (AS3462)	1
managed-ip.com	Hetzner Online GmbH (AS24940)	1
weber-it-services.de	ScaleUp Technologies GmbH & Co. KG (AS29014)	1
CLOUDFLARENET	RACKSPACE (AS19994)	4
org.tw	National Applied Research Laboratories (AS18426)	1
CLOUDFLARENET	ACE (AS139341)	2
whc.ca	OVH SAS (AS16276)	2
european-server.com	Combell NV (AS34762)	1
Yuan-Jhen Info., Co., Ltd	LATITUDE-SH (AS396356)	4
osn.de	OSN Online Service Nuernberg GmbH (AS8859)	1
Host Europe GmbH	XO-AS15 (AS2828)	1
Host Europe GmbH	Redcentric Solutions Ltd (AS31463)	1
eaton.com	EATON-CORPORATION (AS11719)	4
lulusports.tw	Data Communication Business Group (AS3462)	1
crocodille.com	Orange Slovensko a.s. (AS15962)	2
GOOGLE-CLOUD-PLATFORM	A2HOSTING (AS55293)	5
CLOUDFLARENET	AboveNet Communications Taiwan (AS17408)	6
bosshouse.tw	PUMO NETWORK DIGITAL TECHNOLOGY CO.,LTD (AS38843)	1
Host Europe GmbH	Portfast Ltd (AS8916)	2
GANDI SAS	Asia Pacific On-line Service Inc. (AS7482)	1
AMAZON-02	Digital United Inc. (AS4780)	2
Host Europe GmbH	Taiwan Internet Gateway (AS10126)	3
rackspace.com	RACKSPACE (AS19994)	1
GMO Internet Group, Inc.	SAKURA Internet Inc. (AS9371)	4
MICROSOFT-CORP-MSN-AS-BLOCK	COLT Technology Services Group Limited (AS8220)	1
faya.tw	Akamai Connected Cloud (AS63949)	1
Host Europe GmbH	Host Europe GmbH (AS21499)	4
informaticadns.com	INFORMATICA (AS21930)	1
ecomation.eu	Signet B.V. (AS35470)	1
runlevelthree.com	SOFTLAYER (AS36351)	2
privianet.com	Privianet SARL (AS49328)	1
yesnic.com	NAVER BUSINESS PLATFORM ASIA PACIFIC PTE. LTD. (AS135354)	1
co.kr	Korea Telecom (AS4766)	3
doncloud.vip	OpenFor Telecommunications Co., Ltd. (AS131677)	3
AMAZON-02	Korea Telecom (AS4766)	2
Host Europe GmbH	DXTL Tseung Kwan O Service (AS134548)	3
nforce.nl	NForce Entertainment B.V. (AS43350)	1
CHINANET Guangdong province network	AROSS-AS (AS400619)	1
GANDI SAS	ADISTA SAS (AS16347)	1
GANDI SAS	Cloudflare London, LLC (AS209242)	5
interna.me	IONOS SE (AS8560)	2
GANDI SAS	WEEBLY (AS27647)	2
CLOUDFLARENET	Contabo Asia Private Limited (AS141995)	3
co.uk	Akamai Connected Cloud (AS63949)	2
CLOUDFLARENET	HOSTP-LA (AS23273)	2
DIGICERT	DIGITALOCEAN-ASN (AS14061)	3
Host Europe GmbH	HONG KONG KOWLOON TELECOMMUNICATIONS CO.,LIMITED (AS135357)	4
co.uk	FASTLY (AS54113)	1
GOOGLE-CLOUD-PLATFORM	FORTRESSITX (AS25653)	1
chkz.net	AMAZON-02 (AS16509)	1
NUCDN	Combell NV (AS34762)	1
com.tw	Koos Broadband Telecom (AS18042)	3
01isp.cn	MICROSOFT-CORP-MSN-AS-BLOCK (AS8069)	1
Akamai International B.V.	AKAMAI-AS (AS16625)	10
Host Europe GmbH	Akenes SA (AS61098)	1
GANDI SAS	HGC Global Communications Limited (AS9304)	1
autodoor.tw	Data Communication Business Group (AS3462)	1
edpsciences.org	OVH SAS (AS16276)	1
mainehost.net	IWEB-AS (AS32613)	1
eurodns.biz	Datacenter Luxembourg S.A. (AS24611)	4
register.it	GOOGLE (AS15169)	1
NUCDN	Globalconnect As (AS2116)	1
MICROSOFT-CORP-MSN-AS-BLOCK	A2HOSTING (AS55293)	2
Yuan-Jhen Info., Co., Ltd	Asia Pacific On-Line Service Inc. (AS131142)	1
G-Core Labs S.A.	Tencent Building, Kejizhongyi Avenue (AS132203)	1
boxsecured.com	Hostinger International Limited (AS47583)	1
dig.com	AMAZON-02 (AS16509)	8
twmall.tw	Data Communication Business Group (AS3462)	1
active24.cz	ACTIVE 24, s.r.o. (AS25234)	8
com.tw	UNION BROADBAND NETWORK (AS24164)	2
Yuan-Jhen Info., Co., Ltd	CLOUDFLARENET (AS13335)	3
ytp.tw	Data Communication Business Group (AS3462)	1
PONYNET	NAMECRANE (AS46824)	4
ipcom GmbH	CSC (AS19574)	1
gicoi.io	Akamai Connected Cloud (AS63949)	2
aixtra.net	IONOS SE (AS8560)	1
ns14.net	M-net Telekommunikations GmbH (AS8767)	1
ezdnscenter.com	YISU CLOUD LTD (AS142403)	1
uniserve.de	Surfplanet GmbH (AS33984)	2
CLOUDFLARENET	Kaopu Cloud HK Limited (AS138915)	4
1api.net	AMAZON-02 (AS16509)	1
linker.tw	Data Communication Business Group (AS3462)	1
AMAZON-02	SafeBrands S.A.S. (AS34173)	1
SkyExchange Internet Access	Tencent Building, Kejizhongyi Avenue (AS132203)	4
fartino.com	ONE-INTERNET-AMERICA (AS54623)	1
windway.tw	PUMO NETWORK DIGITAL TECHNOLOGY CO.,LTD (AS38843)	1
co.uk	COGECO-PEER1 (AS13768)	1
zoneedit.com	VEE TIME CORP. (AS17809)	1
SECURITYSERVICES	Yuan-Jhen Info., Co., Ltd (AS131149)	2
cloudns.net	Data Communication Business Group (AS3462)	11
AMAZON-02	GO-DADDY-COM-LLC (AS398101)	2
trendhosting-net.ch	Core-Backbone GmbH (AS201011)	1
greencom.tw	Data Communication Business Group (AS3462)	1
ACTIVE 24, s.r.o.	MasterDC s.r.o. (AS24971)	2
Data Communication Business Group	TBC (AS131596)	3
NETWORK-SOLUTIONS-HOSTING	NETWORK-SOLUTIONS-HOSTING (AS19871)	22
GOOGLE	Akamai International B.V. (AS20940)	2
cloudns.net	NForce Entertainment B.V. (AS43350)	6
spin.it	Retelit Digital Services S.p.A. (AS47902)	1
dnspod.net	PEG-SV (AS54600)	1
jimdo-server.com	CLOUDFLARENET (AS13335)	1
Yuan-Jhen Info., Co., Ltd	DIGITALOCEAN-ASN (AS14061)	11
Alibaba US Technology Co., Ltd.	UCLOUD INFORMATION TECHNOLOGY HK LIMITED (AS135377)	6
usanameserver.com	ECOMMERCE (AS46597)	1
rightsdns.com	GOOGLE-CLOUD-PLATFORM (AS396982)	3
tw520.tw	TISNET Technology Inc. (AS7535)	1
co.uk	OVH SAS (AS16276)	1
nw-team.de	NetWork Team GmbH (AS16148)	2
srv53.com	OVH SAS (AS16276)	3
missoni.it	Elmec Informatica S.p.A. (AS39217)	1
CLOUDFLARENET	VSHosting s.r.o. (AS43541)	1
OVH SAS	Netsons s.r.l. (AS60087)	1
Host Europe GmbH	HURRICANE (AS6939)	2
topsec.com	AMAZON-02 (AS16509)	1
markmonitor.com	TIM (AS20746)	1
CLOUDFLARENET	GOOGLE-2 (AS19527)	2
leyun.tw	AMAZON-02 (AS16509)	1
Domain names registrar REG.RU, Ltd	Yandex.Cloud LLC (AS200350)	1
daonidc.com	SK Broadband Co Ltd (AS9318)	1
CLOUDFLARENET	AS-26496-GO-DADDY-COM-LLC (AS26496)	9
buddyns.com	LEASEWEB HONG KONG LIMITED (AS133752)	1
innnet.de	Hetzner Online GmbH (AS24940)	1
nameserveit.com	OVH SAS (AS16276)	1
SECURITYSERVICES	Previder B.V. (AS20847)	1
easydns.ca	Amarutu Technology Ltd (AS206264)	1
esunsec.tw	Data Communication Business Group (AS3462)	1
speedydns.net	UNIFIEDLAYER-AS-1 (AS46606)	1
NUCDN	DNIC-AS-00749 (AS749)	2
Host Europe GmbH	Cloudie Limited (AS55933)	1
CLOUDFLARENET	Deutsche Telekom AG (AS3320)	1
yahoo.com	Yahoo Inc. (AS10229)	3
acsite.net	DFW-DATACENTER (AS30277)	11
AMAZON-02	UK-2 Limited (AS13213)	1
toptest.tw	Data Communication Business Group (AS3462)	1
CLOUDFLARENET	LUCIDACLOUD LIMITED (AS139659)	1
prosys.tw	Data Communication Business Group (AS3462)	1
Data Communication Business Group	SaveCom Internation Inc. (AS9676)	6
bonkids.net	DFW-DATACENTER (AS30277)	2
money2u.tw	AMAZON-02 (AS16509)	1
webhostingpad.com	SERVERCENTRAL (AS23352)	2
bnc.info	DNS:NET Internet Service GmbH (AS15366)	2
CLOUDFLARENET	T-Systems International GmbH (AS34086)	1
nmmn.com	NMMN New Media Markets & Networks IT-Services GmbH (AS20694)	3
Host Europe GmbH	GO-DADDY-COM-LLC (AS398787)	7
CLOUDFLARENET	Makolab S.A. (AS42194)	1
ipcom GmbH	SITEL-OMA (AS22056)	2
scientology.net	GOOGLE-CLOUD-PLATFORM (AS396982)	4
heteml.jp	GMO Internet Group, Inc. (AS7506)	4
CLOUDFLARENET	LUOGELANG FRANCE LIMITED (AS135097)	11
AMAZON-02	Alibaba Cloud Singapore Private Limited (AS134963)	2
twmail.org	Sky Digital Co., Ltd. (AS134823)	1
mcafee.com	AMAZON-02 (AS16509)	2
AMAZON-02	PDX (AS399482)	1
notary-public.tw	Data Communication Business Group (AS3462)	1
e-dye.tw	PUMO NETWORK DIGITAL TECHNOLOGY CO.,LTD (AS38843)	1
SECURITYSERVICES	RMH-14 (AS33070)	2
net.tw	Taiwan Academic Network TANet Information Center (AS1659)	8
OVH SAS	Wix.com Ltd. (AS58182)	1
pinterest.com	FASTLY (AS54113)	1
myhostadmin.net	Layerstack Limited (AS133380)	3
ri.fi	GOOGLE-CLOUD-PLATFORM (AS396982)	1
Data Communication Business Group	SUCURI-SEC (AS30148)	1
register.it	Retelit Digital Services S.p.A. (AS12850)	2
Host Europe GmbH	UCLOUD INFORMATION TECHNOLOGY HK LIMITED (AS135377)	9
Data Communication Business Group	LATITUDE-SH (AS396356)	1
SECURITYSERVICES	PHILLIPS-66 (AS19428)	3
NSS INTL CO., LTD.	GOOGLE-CLOUD-PLATFORM (AS396982)	3
ipcom GmbH	Enflow B.V. (AS209626)	1
itemax.de	Hetzner Online GmbH (AS24940)	1
w2solution.tw	Data Communication Business Group (AS3462)	1
kst.tw	PUMO NETWORK DIGITAL TECHNOLOGY CO.,LTD (AS38843)	1
bluecatdns.com	OXNET (AS21547)	2
hexanet.fr	Hexanet SAS (AS34863)	1
net.tw	Alibaba US Technology Co., Ltd. (AS45102)	2
UDomain Web Hosting Company Ltd	UDomain Web Hosting Company Ltd (AS23881)	5
NetActuate, Inc	CSC (AS19574)	4
GMO Internet Group, Inc.	GMO Internet Group, Inc. (AS58791)	14
oray.net	HKT Limited (AS4760)	1
cerf.net	ASN-CXA-ALL-CCI-22773-RDC (AS22773)	1
tkb.tw	New Century InfoComm Tech Co., Ltd. (AS9919)	1
nowcndns.com	Alibaba US Technology Co., Ltd. (AS45102)	1
Akamai International B.V.	DEERE (AS10846)	2
zoneedit.com	Data Communication Business Group (AS3462)	3
CLOUDFLARENET	IQ PL Sp. z o.o. (AS47544)	2
dowjones.com	DOWJONES-AS (AS7105)	1
cloudns.net	Alexhost Srl (AS200019)	1
bayli.org	Data Communication Business Group (AS3462)	5
Alibaba US Technology Co., Ltd.	UK-2 Limited (AS13213)	1
Data Communication Business Group	CommuniLink Internet Limited. (AS38277)	1
tw510.com	Taiwan Fixed Network, Telco and Network Service Provider. (AS9924)	2
GOOGLE	MICROSOFT-CORP-MSN-AS-BLOCK (AS8075)	2
myukcloud.com	UKDedicated LTD (AS34282)	1
NUCDN	TKRZ Stadtwerke GmbH (AS42184)	1
Data Communication Business Group	Enflow B.V. (AS209626)	4
nameshield.net	COLT Technology Services Group Limited (AS8220)	3
CLOUDFLARENET	DATAPIPE-ASN2 (AS22576)	1
webapp.tw	Data Communication Business Group (AS3462)	2
CLOUDFLARENET	CLDIN B.V. (AS48635)	1
Data Communication Business Group	SinoPac Holdings Corporate Network (AS18045)	3
Host Europe GmbH	NAMECRANE (AS46824)	1
Host Europe GmbH	Scloud Pte Ltd (AS142002)	2
nscluster.at	AMAZON-02 (AS16509)	4
postermis.com	ZEN-ECN (AS21859)	1
Host Europe GmbH	Deutsche Telekom AG (AS3320)	1
Host Europe GmbH	Hetzner Online GmbH (AS24940)	3
CLOUDFLARENET	Server Plan S.r.l. (AS52030)	2
eib-rz.de	dogado GmbH (AS45012)	1
AMAZON-02	HURRICANE (AS6939)	1
citex.tw	Data Communication Business Group (AS3462)	1
popidns.de	pop-interactive GmbH (AS20783)	1
sunpeak.tw	Data Communication Business Group (AS3462)	1
Host Europe GmbH	ASN-GIGENET (AS32181)	1
fairy-tale.tw	PUMO NETWORK DIGITAL TECHNOLOGY CO.,LTD (AS38843)	1
GANDI SAS	Magic Particle Limited (AS135343)	3
epag.net	Deutsche Telekom AG (AS3320)	1
SECURITYSERVICES	HURRICANE (AS6939)	2
one.com	MICROSOFT-CORP-MSN-AS-BLOCK (AS8075)	1
nameshield.net	Hetzner Online GmbH (AS24940)	2
conoha.io	GMO Internet Group, Inc. (AS7506)	1
GANDI SAS	Mobile Business Group (AS17421)	1
GMO Internet Group, Inc.	GOOGLE-CLOUD-PLATFORM (AS396982)	4
Hangzhou Alibaba Advertising Co.,Ltd.	Hangzhou Alibaba Advertising Co.,Ltd. (AS37963)	3
CLOUDFLARENET	Hetzner Online GmbH (AS212317)	1
CLOUDFLARENET	LG DACOM Corporation (AS3786)	2
oao.tw	ASYMPTOTE (AS53616)	1
AMAZON-02	BROAD-RUN-BORDER-AS (AS26134)	1
gs.com	SECURITYSERVICES (AS12008)	6
coolpc.tw	Data Communication Business Group (AS3462)	1
everysoftdns.com	RM B, 2F 88 KWAI CHEONG ROAD (AS132056)	1
CLOUDFLARENET	GITHUB (AS36459)	1
ipcom GmbH	Deutsche Telekom AG (AS3320)	4
dns.com	Alibaba US Technology Co., Ltd. (AS45102)	3
Knipp Medien und Kommunikation GmbH	Knipp Medien und Kommunikation GmbH (AS8391)	5
webgo GmbH	webgo GmbH (AS48324)	4
audatex.net	SOLERA-HOLDINGS (AS32866)	1
Host Europe GmbH	YISU CLOUD LTD (AS142403)	2
01isp.cn	UCLOUD INFORMATION TECHNOLOGY HK LIMITED (AS135377)	5
net.tw	Data Communication Business Group (AS4782)	3
ipcom GmbH	Shenzhen Tencent Computer Systems Company Limited (AS45090)	1
ezdnscenter.com	Hangzhou Alibaba Advertising Co.,Ltd. (AS37963)	3
interconnect-dns.be	Akamai Connected Cloud (AS63949)	1
cisp.de	Hetzner Online GmbH (AS24940)	3
freehosting.com	Hetzner Online GmbH (AS24940)	2
natrohost.com	MICROSOFT-CORP-MSN-AS-BLOCK (AS8075)	1
QUIC-CLOUD	Akamai Connected Cloud (AS63949)	1
com.uy	AMAZON-AES (AS14618)	1
gaogai.tw	Data Communication Business Group (AS3462)	1
LINE Corporation	LINE Corporation (AS38631)	2
fufa.tw	Data Communication Business Group (AS3462)	1
premiumdns.net	OVH SAS (AS16276)	1
net.tw	HGC Global Communications Limited (AS9304)	3
CLOUDFLARENET	HAWKHOST (AS20068)	1
GOOGLE-CLOUD-PLATFORM	Powerhouse Co., LTD (AS152622)	3
domusacademy.net	Seflow s.r.l. (AS49367)	1
OVH SAS	Data Communication Business Group (AS3462)	2
Data Communication Business Group	WHG Hosting Services Ltd (AS204800)	4
Host Europe GmbH	Taiwan Fixed Network, Telco and Network Service Provider. (AS9924)	11
ylhc.tw	Taiwan Academic Network TANet Information Center (AS1659)	1
vipweb.at	LinzNet Internet Service Provider GmbH (AS28889)	1
domserver.de	NorthC Deutschland GmbH (AS15598)	2
Vautron Rechenzentrum AG	IONOS SE (AS8560)	1
AMAZON-02	INCAPSULA (AS19551)	3
matbao.com	GOOGLE-CLOUD-PLATFORM (AS396982)	1
Rackspace Ltd.	CLOUDFLARENET (AS13335)	1
Host Europe GmbH	Taiwan Infrastructure Network Technologie (AS18049)	1
checkdomain.de	dogado GmbH (AS45012)	2
teliko.net	CompuGroup Medical SE & Co. KGaA (AS203437)	1
HURRICANE	MICROSOFT-CORP-MSN-AS-BLOCK (AS8075)	1
registry-server.com	Alibaba US Technology Co., Ltd. (AS45102)	1
flowerwide.com	LIQUIDWEB (AS32244)	3
MICROSOFT-CORP-MSN-AS-BLOCK	HASBRO (AS32025)	5
NUCDN	PlusServer GmbH (AS61157)	1
SkyExchange Internet Access	AMAZON-AES (AS14618)	1
ideas.tw	Digital United Inc. (AS4780)	1
hdiy.net	New Century InfoComm Tech Co., Ltd. (AS9919)	1
name-services.com	MICROSOFT-CORP-MSN-AS-BLOCK (AS8075)	1
cloudpit.com	proIO GmbH (AS206293)	1
Yuan-Jhen Info., Co., Ltd	Powerhouse Co., LTD (AS152622)	2
Data Communication Business Group	INCAPSULA (AS19551)	1
elisa.net	GOOGLE-CLOUD-PLATFORM (AS396982)	2
corpinter.de	AMAZON-02 (AS16509)	2
clearspace.tw	PUMO NETWORK DIGITAL TECHNOLOGY CO.,LTD (AS38843)	1
kdbank.tw	Data Communication Business Group (AS3462)	1
mixhost.jp	ORACLE-BMC-31898 (AS31898)	2
Data Communication Business Group	Societe Francaise Du Radiotelephone - SFR SA (AS15557)	1
ezydomain.com	DIGITALOCEAN-ASN (AS14061)	1
Data Communication Business Group	NSS INTL CO., LTD. (AS131626)	7
Floppy Ltd.	NSS INTL CO., LTD. (AS131626)	1
ilv.tw	GOOGLE-CLOUD-PLATFORM (AS396982)	5
managed-ip.info	Buhler AG (AS34261)	2
CLOUDFLARENET	MOTOROLA-SOLUTIONS (AS19773)	1
CHINANET Guangdong province network	ZEN-ECN (AS21859)	1
OVH SAS	Hetzner Online GmbH (AS24940)	4
SECURITYSERVICES	ICDSoft Ltd. (AS8739)	1
muumuu-domain.com	CLOUDFLARENET (AS13335)	1
twhostdns.com	Akamai Connected Cloud (AS63949)	1
prodns.de	IPB Internet Provider in Berlin GmbH (AS20647)	3
CLOUDFLARENET	TBC (AS131596)	1
pighead.cc	Digital United Inc. (AS4780)	1
start-dns.de	EVANZO e-commerce GmbH (AS42730)	1
Aruba S.p.A.	AMAZON-AES (AS14618)	1
ipcom GmbH	GOOGLE-CLOUD-PLATFORM (AS396982)	5
register.it	CLOUDFLARENET (AS13335)	1
wvnet.eu	WVNET Information und Kommunikation GmbH (AS29081)	1
idec.tw	Data Communication Business Group (AS3462)	1
ipower.com	BIZLAND-SD (AS29873)	2
hexonet.net	AMAZON-02 (AS16509)	1
ordipat.fr	CSC (AS19574)	1
CLOUDFLARENET	FUYU Group Inc. (AS150771)	1
star-domain.jp	AMAZON-02 (AS16509)	1
SECURITYSERVICES	BDX DC Services HK Limited (AS10032)	1
ANEXIA Internetdienstleistungs GmbH	One.com A/S (AS51468)	2
Host Europe GmbH	PEG-SV (AS54600)	4
dnspod.net	HUAWEI CLOUDS (AS136907)	1
G-Core Labs S.A.	Data Communication Business Group (AS3462)	2
register.it	TIM (AS3269)	1
dreivirtuell.net	Host Europe GmbH (AS8972)	1
f5clouddns.com	GOOGLE-CLOUD-PLATFORM (AS396982)	1
fortunaauto.tw	Data Communication Business Group (AS3462)	1
NSONE	ASN-CC (AS40444)	2
htwg.tw	Data Communication Business Group (AS3462)	1
UUNET	DEKRA AG (AS50824)	1
ports.se	InterNetX GmbH (AS15456)	1
CLOUDFLARENET	GORILLASERVERS (AS53850)	3
Host Europe GmbH	Zen Internet Ltd (AS13037)	1
dacoda.com	CLOUDFLARENET (AS13335)	1
santandergroup.net	Santander Global Technology, S.L.U (AS2134)	1
ubmdns.com	CLOUDFLARENET (AS13335)	2
ix1000.com	Hostinger International Limited (AS47583)	2
Host Europe GmbH	XRUI TECHNOLOGY LIMITED (AS153494)	1
magichouse.cz	VSHosting s.r.o. (AS43541)	1
domaine.fr	OVH SAS (AS16276)	2
DIGICERT	Edinaya Set Limited Liability Company (AS39134)	1
tsuenshin.tw	Data Communication Business Group (AS3462)	1
Host Europe GmbH	XIMBO Internet Limited (AS133322)	1
Safenames Ltd.	AMAZON-AES (AS14618)	5
SECURITYSERVICES	OVH SAS (AS16276)	5
matbao.com	Room 1508, 15th Floor, Vincom Center Building, 72 Le Thanh Ton, Ben Nghe Ward, District 1,  (AS150846)	1
dns.services	Christian Ebsen ApS (AS62121)	3
CLOUDFLARENET	National Chiao Tung University (AS9916)	2
domaine.fr	CLOUDFLARENET (AS13335)	1
lyfsoft.com	NEURALEDGE TECHNOLOGIES PRIVATE LIMITED (AS152510)	1
Host Europe GmbH	PCCW IMS Ltd PCCW Business Internet Access (AS4515)	2
Yuan-Jhen Info., Co., Ltd	MICROSOFT-CORP-MSN-AS-BLOCK (AS8075)	2
mayoral.com	Orange Espagne SA (AS12479)	3
AMAZON-02	LG DACOM Corporation (AS3786)	2
proware.tw	Data Communication Business Group (AS3462)	1
co.jp	NTT Communications Corporation (AS4713)	1
mr-online.net	InterNetX GmbH (AS15456)	2
parkmy.name	Data Communication Business Group (AS3462)	1
CLOUDFLARENET	ENZUINC (AS18978)	2
NUCDN	MICROSOFT-CORP-MSN-AS-BLOCK (AS8075)	3
Data Communication Business Group	Koos Broadband Telecom (AS18042)	2
Host Europe GmbH	OVH SAS (AS16276)	9
netsons.net	Netsons s.r.l. (AS60087)	7
dbaphd.net	AS-VULTR (AS20473)	2
logitech.com	AMAZON-AES (AS14618)	2
GOOGLE-CLOUD-PLATFORM	HKBN Enterprise Solutions Limited (AS17444)	1
CLOUDFLARENET	xTom Japan Corporation (AS3258)	1
NUCDN	Redcentric Solutions Ltd (AS13009)	1
SECURITYSERVICES	noris network AG (AS12337)	1
taplink.cc	JSC Selectel (AS49505)	1
ab stract ltd	LITNICS-01 (AS27161)	1
Net-Build GmbH	firstcolo GmbH (AS44066)	21
markmonitor.com	SPLUNK-WEST (AS22024)	4
CLOUDFLARENET	WIIT AG (AS24961)	1
epag.net	EPAG Domainservices GmbH (AS12915)	3
Akamai International B.V.	RACKSPACE (AS19994)	1
AMAZON-02	SERVERS-COM (AS7979)	1
ipcom GmbH	UNION FU WAH DIGITAL TECHNOLOGY LIMITED (AS149175)	2
dntrust.com	Key-Systems GmbH (AS13246)	3
dns.com	High Family Technology Co., Limited (AS142032)	1
ipcom GmbH	Keyweb AG (AS31103)	1
nsdns.info	AMAZON-02 (AS16509)	1
CLOUDFLARENET	Signet B.V. (AS35470)	1
SECURITYSERVICES	Audatex (Schweiz) GmbH (AS29430)	1
AMAZON-02	CITIC Telecom International CPC Limited (AS4058)	3
CLOUDFLARENET	GMO Internet Group, Inc. (AS58791)	1
Aruba S.p.A.	SEEWEB s.r.l. (AS12637)	1
hiwinner.tw	Data Communication Business Group (AS3462)	2
777.tw	Data Communication Business Group (AS3462)	1
grundfos.com	Grundfos Holding A/s (AS31131)	1
ezdnscenter.com	HKBN Enterprise Solutions Limited (AS17444)	2
worldtop300.com	Data Communication Business Group (AS3462)	1
Data Communication Business Group	UCLOUD INFORMATION TECHNOLOGY HK LIMITED (AS135377)	1
SECURITYSERVICES	Bisping & Bisping GmbH & Co KG (AS20686)	2
ix1000.com	GOOGLE (AS15169)	7
ns14.net	Mittwald CM Service GmbH & Co. KG (AS15817)	3
bigscoots.com	BIGSCOOTS (AS394303)	1
weuk.net	Amito Ltd (AS60610)	1
juan.tw	Data Communication Business Group (AS3462)	1
merloniprogetti.tw	SaveCom Internation Inc. (AS9676)	1
splio.name	AMAZON-02 (AS16509)	1
lewis-home.tw	Data Communication Business Group (AS3462)	1
sedgwick.com	FNIS (AS18434)	1
Host Europe GmbH	Sky Digital Co., Ltd. (AS134823)	5
GANDI SAS	AZDIGI Corporation (AS63760)	4
GOOGLE	TigrisNet (AS48407)	1
dns.com	YISU CLOUD LTD (AS136970)	1
G-Core Labs S.A.	POWER LINE DATACENTER (AS132839)	5
CONFLUENCE-NETWORK-INC	CONFLUENCE-NETWORK-INC (AS40034)	1
ipcom GmbH	InterNetX GmbH (AS15456)	1
Yuan-Jhen Info., Co., Ltd	SUCURI-SEC (AS30148)	1
co.kr	AS-26496-GO-DADDY-COM-LLC (AS26496)	1
elijahmkt-ns.com	Data Communication Business Group (AS3462)	3
ix1000.com	DIGITALOCEAN-ASN (AS14061)	8
CLOUDFLARENET	NEBULA (AS140224)	4
markmonitor.com	Vodafone Libertel B.V. (AS33915)	1
markmonitor.com	IPGarde SAS (AS41765)	1
Host Europe GmbH	Host Europe GmbH (AS21501)	2
ipcom GmbH	Bahnhof AB (AS8473)	1
ipcom GmbH	TelemaxX Telekommunikation GmbH (AS12843)	1
cntech.net	HKBN Enterprise Solutions HK Limited (AS9381)	5
manrev.net	AMAZON-02 (AS16509)	1
centos-webpanel.com	Akamai Connected Cloud (AS63949)	1
edns.de	PlusServer GmbH (AS61157)	2
Data Communication Business Group	GITHUB (AS36459)	1
Safenames Ltd.	IFOXNETODPD-ENSONO-DCCS (AS19229)	1
netfirms.com	BIZLAND-SD (AS29873)	3
LDSCHURCH1	LDSCHURCH1 (AS19648)	6
introweb.nl	Previder B.V. (AS20847)	2
CIPHERKEY	CIPHERKEY (AS25668)	1
42.pl	Data Communication Business Group (AS3462)	5
Host Europe GmbH	Contabo GmbH (AS51167)	2
noc40.com	IOFLOOD (AS53755)	3
Data Communication Business Group	GO-DADDY-COM-LLC (AS398787)	3
ipcom GmbH	netcup GmbH (AS197540)	1
Data Communication Business Group	Sky Digital Co., Ltd. (AS134823)	5
CLOUDFLARENET	kbro CO. Ltd. (AS38841)	6
taiking.tw	Data Communication Business Group (AS3462)	1
ipizza.tw	TISNET Technology Inc. (AS7535)	1
hoster.kg	Hoster kg, Ltd. (AS59684)	1
CLOUDFLARENET	SAKURA Internet Inc. (AS9371)	1
hyp.net	Optimizely AB (AS30811)	1
register.it	Redcentric Solutions Ltd (AS31463)	1
vegasystems.de	VegaSystems GmbH & Co. KG (AS34372)	3
CLOUDFLARENET	TACH (AS397412)	1
jpmorganchase.com	JPMORGAN-CPS-SALEM-NH (AS40010)	1
serveriai.lt	UAB Interneto vizija (AS212531)	7
AS-VULTR	GOOGLE (AS15169)	1
mydnscloud.com	Afrihost (AS37611)	1
pegasus.it	Hetzner Online GmbH (AS24940)	1
visualwebtechnologies.com	AS-COLOCROSSING (AS36352)	1
net.tw	HUAWEI CLOUDS (AS136907)	3
online.net	Scaleway S.a.s. (AS12876)	1
SECURITYSERVICES	15347 (AS15347)	1
ipcom GmbH	Optimizely AB (AS30811)	1
AMAZON-02	AS-VULTR (AS20473)	2
iptwins.com	Data Communication Business Group (AS3462)	1
managed-ip.com	OVH SAS (AS16276)	2
CLOUDFLARENET	BIT BV (AS12859)	5
MICROSOFT-CORP-MSN-AS-BLOCK	SUCURI-SEC (AS30148)	1
GOOGLE-CLOUD-PLATFORM	LATITUDE-SH (AS396356)	3
SECURITYSERVICES	PANDG (AS11003)	1
letsdnsit.nl	Signet B.V. (AS35470)	2
routing.net	MICROSOFT-CORP-MSN-AS-BLOCK (AS8075)	1
mydns.jp	Internet Initiative Japan Inc. (AS2497)	1
CLOUDFLARENET	VNPT Corp (AS45899)	1
reedelsevier.com	LEXIS-AS (AS1757)	3
name-services.com	GOOGLE (AS15169)	2
cybertech.tw	Data Communication Business Group (AS3462)	1
GMO Internet Group, Inc.	LIQUIDWEB (AS32244)	1
co.kr	GOOGLE (AS15169)	1
dns.com	CNSERVERS (AS40065)	1
website-solution.net	Website Solution Limited (AS56059)	1
lolipop.jp	GMO Internet Group, Inc. (AS7506)	9
sqr.cloud	Combell NV (AS34762)	1
host-123.com	NETWORK-SOLUTIONS-HOSTING (AS19871)	1
tmd.cloud	SINGLEHOP-LLC (AS32475)	2
geec.tw	Data Communication Business Group (AS3462)	1
ipcom GmbH	gridscale GmbH (AS29423)	1
com.tw	IVENUE (AS40738)	1
ssm.tw	Data Communication Business Group (AS3462)	1
register.be	Combell NV (AS34762)	3
net.tw	AMAZON-AES (AS14618)	5
skf.com	MICROSOFT-CORP-MSN-AS-BLOCK (AS8075)	1
fresenius.de	Fresenius SE & Co. KGaA (AS15644)	2
CLOUDFLARENET	Xserver Inc. (AS131965)	2
amigokit.com	NTT-DATA-2914 (AS2914)	1
willpeggy.com	AS-26496-GO-DADDY-COM-LLC (AS26496)	2
ad.jp	KDDI Web Communications Inc. (AS9597)	3
net.au	GOOGLE-CLOUD-PLATFORM (AS396982)	1
com.tw	Asia Pacific On-line Service Inc. (AS7482)	2
ipcom GmbH	IP-Projects GmbH & Co. KG (AS48314)	1
net.tw	A2HOSTING (AS55293)	1
ipcom GmbH	Bluewin (AS3303)	1
CLOUDFLARENET	National Central University (AS18420)	3
twmail.org	PUMO NETWORK DIGITAL TECHNOLOGY CO.,LTD (AS38843)	1
MICROSOFT-CORP-MSN-AS-BLOCK	IPGOMA (AS46713)	2
polaris-server.com	Data Communication Business Group (AS3462)	3
GOOGLE	GOOGLE (AS15169)	10
01isp.cn	GOOGLE (AS15169)	1
AMAZON-02	WBD-AS40703 (AS40703)	6
bytes24.de	Hetzner Online GmbH (AS24940)	1
Host Europe GmbH	Ans Academy Limited (AS61323)	2
alpiro.cz	Coolhousing s.r.o. (AS35592)	2
Host Europe GmbH	CDM (AS6428)	1
Signet B.V.	MICROSOFT-CORP-MSN-AS-BLOCK (AS8075)	2
NSONE	AS-VULTR (AS20473)	2
166.139	Data Communication Business Group (AS3462)	3
com.tw	AUTOMATTIC (AS2635)	4
AS-VULTR	SINGLEHOP-LLC (AS32475)	4
AS-VULTR	LEASEWEB HONG KONG LIMITED (AS133752)	8
CLOUDFLARENET	Vodafone Limited (AS5378)	1
kidney-disease.tw	AMAZON-02 (AS16509)	1
VITAL-DNS	AMAZON-AES (AS14618)	1
blacknight.com	Blacknight Internet Solutions Limited (AS39122)	1
CLOUDFLARENET	ZAYO-6461 (AS6461)	2
GOOGLE-CLOUD-PLATFORM	UNION BROADBAND NETWORK (AS24164)	4
unknown	VMCENTRAL Cloud Services (AS59356)	1
joinpro.tw	Data Communication Business Group (AS3462)	1
m6.net	OVH SAS (AS16276)	2
Floppy Ltd.	CLOUDFLARENET (AS13335)	2
so-buy.com	Taiwan Internet Gateway (AS10126)	2
MICROSOFT-CORP-MSN-AS-BLOCK	Digital Continuity Limited (AS6859)	1
car-part.com	FUSE-NET (AS6181)	2
cloer.eu	Hetzner Online GmbH (AS24940)	1
eastlink.de	GLOBALFOUNDRIES Dresden Module Two LLC & Co.KG (AS49081)	1
markmonitor.com	FIRST-NATIONAL-TECHNOLOGY-SOLUTONS (AS30452)	1
gestiondecuenta.com	DinaHosting S.L. (AS42612)	1
GANDI SAS	Academia Sinica (AS9264)	3
co.kr	CLOUDFLARENET (AS13335)	7
wt500.com	Yuan-Jhen Info., Co., Ltd (AS131149)	1
AMAZON-02	COGENT-174 (AS174)	1
1966go.tw	TISNET Technology Inc. (AS7535)	1
ix1000.com	AS-VULTR (AS20473)	2
dtnt.info	Bezeq International Ltd. (AS8551)	5
cloudns.net	GOOGLE (AS15169)	2
novagate.io	Hetzner Online GmbH (AS24940)	1
continum.net	Continum Ag (AS20849)	2
pierre.tw	OVH SAS (AS16276)	1
xundns.com	SonderCloud Limited (AS133199)	6
Akamai International B.V.	MICROSOFT-CORP-MSN-AS-BLOCK (AS8075)	3
myhostadmin.net	Alibaba US Technology Co., Ltd. (AS45102)	5
lemarit.de	Hetzner Online GmbH (AS24940)	2
Host Europe GmbH	Magic Particle Limited (AS135343)	1
Data Communication Business Group	SERVERPOINT (AS26277)	3
Host Europe GmbH	NEBULA-GLOBAL (AS18186)	1
gilgal.tw	Taiwan Fixed Network, Telco and Network Service Provider. (AS9924)	1
turnkeywebspace.com	TURNKEY-INTERNET (AS40244)	1
fifthns.com	ANEXIA Internetdienstleistungs GmbH (AS42473)	2
ports.se	PERFTECH, podjetje za proizvodnjo in uvajanje novih tehnologij, d.o.o. (AS6764)	1
is.nl	Vancis IP B.V. (AS15879)	2
webhostingpad.com	ASN-GIGENET (AS32181)	7
coltnet.at	GO-DADDY-COM-LLC (AS398787)	1
NUCDN	netlogix GmbH & Co. KG (AS206231)	1
CLOUDFLARENET	VPSDATACENTER (AS40819)	1
AMAZON-02	FASTLY (AS54113)	6
markmonitor.com	CISCOSYSTEMS (AS109)	2
pixelx.de	Contabo GmbH (AS51167)	5
ali3.tw	Data Communication Business Group (AS3462)	1
Host Europe GmbH	AdminVPS OOO (AS211183)	1
pgo.tw	Data Communication Business Group (AS3462)	1
Data Communication Business Group	WEBNX (AS18450)	4
xn--49sv81b.tw	Data Communication Business Group (AS3462)	1
ezydomain.com	FASTLY (AS54113)	1
SECURITYSERVICES	Douglas Group Technology GmbH & Co. KG (AS50407)	1
thinkan.tw	TISNET Technology Inc. (AS7535)	1
ICDSoft Ltd.	ICDSoft Ltd. (AS8739)	5
Host Europe GmbH	UNIT A17,9F SILVERCORP INTL TOWER 707-713 NATHAN RD (AS134175)	1
Hangzhou Alibaba Advertising Co.,Ltd.	Alibaba US Technology Co., Ltd. (AS45102)	13
tuocheng.tw	PUMO NETWORK DIGITAL TECHNOLOGY CO.,LTD (AS38843)	1
ipcom GmbH	Akamai International B.V. (AS20940)	2
co.uk	CSC (AS19574)	2
Data Communication Business Group	Contabo Asia Private Limited (AS141995)	3
ipcom GmbH	1api GmbH (AS44569)	1
ix1000.com	AS-26496-GO-DADDY-COM-LLC (AS26496)	2
register.it	Aruba S.p.A. (AS31034)	3
GMO Internet Group, Inc.	CLOUDFLARENET (AS13335)	6
arcadis.net	British Telecommunications PLC (AS5400)	1
AMAZON-02	LIQUIDWEB (AS32244)	5
parsdn.com	Fanavari Serverpars Argham Gostar Company Ltd. (AS201999)	1
Host Europe GmbH	COMCAST-7922 (AS7922)	4
medtronic.com	ASN-MEDTRONIC-1 (AS13684)	1
CLOUDFLARENET	EASPNET Inc. (AS10135)	2
pavihost.com	Taiwan Fixed Network, Telco and Network Service Provider. (AS9924)	2
IS-AS-1	IS-AS-1 (AS19318)	6
GANDI SAS	GOOGLE-2 (AS19527)	1
ilv.tw	AMAZON-AES (AS14618)	2
CLOUDFLARENET	IVENUE (AS40738)	1
AMAZON-02	AECP-AS (AS27482)	4
uhome.tw	Data Communication Business Group (AS3462)	1
GANDI SAS	ZEN-ECN (AS21859)	3
Data Communication Business Group	Acer e-Enabling Data Center, Inc. (AS17420)	1
unknown	Data Communication Business Group (AS3462)	1
AMAZON-02	DWINS Digital Service Corp. (AS17416)	1
Yuan-Jhen Info., Co., Ltd	AS-26496-GO-DADDY-COM-LLC (AS26496)	1
ns0.nl	CLDIN B.V. (AS48635)	1
ns14.net	Deutsche Telekom AG (AS3320)	1
ordipat.fr	Orange (AS3215)	1
axis.com	Axis Communications AB (AS39731)	1
acwebconnecting.com	SC Web Software Development SRL (AS47836)	1
solidhosting.pro	AS-VULTR (AS20473)	1
DIGICERT	SERVERS-COM (AS7979)	1
CLOUDFLARENET	INMOTION (AS22611)	2
cmd.tw	AMAZON-02 (AS16509)	1
8hy.hk	Tinext Cloud SA (AS197352)	2
degussa.de	Evonik Industries AG (AS12422)	4
iwantmyname.net	GOOGLE-CLOUD-PLATFORM (AS396982)	1
cyon.ch	cyon GmbH (AS47302)	3
CLOUDFLARENET	Hostnet B.V. (AS197902)	1
hostsila.com	Hostpro Lab LLC (AS196645)	1
CLOUDFLARENET	Contabo GmbH (AS51167)	4
SECURITYSERVICES	ALCOA-CORP (AS399361)	1
ename.net	West263 International Limited (AS139021)	1
Yuan-Jhen Info., Co., Ltd	AS-VULTR (AS20473)	6
AMAZON-02	AS-26496-GO-DADDY-COM-LLC (AS26496)	7
ahootw.com	Data Communication Business Group (AS3462)	1
GOOGLE-CLOUD-PLATFORM	Hostinger International Limited (AS47583)	1
ipcom GmbH	Strato GmbH (AS6724)	5
SECURITYSERVICES	Telia Company AB (AS3308)	1
redhook.tw	SAKURA Internet Inc. (AS9370)	1
CLOUDFLARENET	HITRON TECHNOLOGY INC. (AS9311)	1
why3s.com	WEBNX (AS18450)	7
Host Europe GmbH	KDDI CORPORATION (AS2516)	4
xn--9cs93iuza.tw	TISNET Technology Inc. (AS7535)	1
lemarit.de	SOPRADO GmbH (AS20546)	3
verisigndns.com	DIGICERT (AS16552)	1
MICROSOFT-CORP-MSN-AS-BLOCK	MICROSOFT-CORP-MSN-AS-BLOCK (AS8068)	5
NSS INTL CO., LTD.	NewMedia Express Pte Ltd (AS134451)	1
yapping.tw	Data Communication Business Group (AS3462)	1
pccw.com	PCCW IMS Ltd PCCW Business Internet Access (AS4515)	1
Host Europe GmbH	Taiwan Intelligent Fiber Optic Network Co.,Ltd. (AS131584)	2
mwebdns.de	MICROSOFT-CORP-MSN-AS-BLOCK (AS8075)	1
umhgp.com	HUAWEI CLOUDS (AS136907)	1
dailyair.tw	New Century InfoComm Tech Co., Ltd. (AS9919)	1
site.be	Bastiaan Mathijs Brink (AS215248)	1
famatech.net	OVH SAS (AS16276)	1
awareidc.net	Aware Corporation Autonomous System (AS18356)	1
Host Europe GmbH	West263 International Limited (AS139021)	7
marcant.net	MARCANT AG (AS15726)	2
maxonline.de	Deutsche Telekom AG (AS3320)	1
GOOGLE-CLOUD-PLATFORM	National Center for High-performance Computing (AS7539)	1
linode.com	GOOGLE-CLOUD-PLATFORM (AS396982)	3
CLOUDFLARENET	TRGO (AS20161)	1
mydns.	Data Communication Business Group (AS3462)	1
eolas.fr	FASTLY (AS54113)	1
hosted.nl	LeaseWeb Netherlands B.V. (AS60781)	1
ottocity.tw	New Century InfoComm Tech Co., Ltd. (AS9919)	1
NSONE	CSC (AS19574)	2
SkyExchange Internet Access	HKBN Enterprise Solutions Limited (AS17444)	1
spot.host	Signet B.V. (AS20857)	1
jiabo.tw	Sony Network Taiwan Limited (AS18182)	1
SECURITYSERVICES	Akamai International B.V. (AS33905)	1
AMAZON-02	Reasonable Software House Limited (AS133054)	1
playbill.group	AMAZON-02 (AS16509)	1
asrc.tw	Data Communication Business Group (AS3462)	1
ns14.net	Hetzner Online GmbH (AS24940)	4
com.tw	WEBNX (AS18450)	3
co.uk	CCSI-AS (AS40593)	1
oray.net	CHINANET Guangdong province Guangzhou MAN network (AS134773)	1
Data Communication Business Group	Byteplus Pte. Ltd. (AS150436)	1
NSONE	INCAPSULA (AS19551)	1
NSONE	Hetzner Online GmbH (AS215859)	2
keyence.net	AMAZON-02 (AS16509)	2
ezdnscenter.com	NEBULA-GLOBAL (AS18186)	2
gettyimages.com	CENTURYLINK-LEGACY-SAVVIS (AS3561)	1
doopn.com	GOOGLE-CLOUD-PLATFORM (AS396982)	1
CLOUDFLARENET	UNIT A17,9F SILVERCORP INTL TOWER 707-713 NATHAN RD (AS134175)	15
Data Communication Business Group	M1 NET LTD (AS17547)	1
schlundtech.de	NorthC Deutschland GmbH (AS15598)	1
GMO Internet Group, Inc.	SAKURA Internet Inc. (AS9370)	5
schlundtech.de	NorthC Schweiz AG (AS42346)	1
ipcom GmbH	SafeBrands S.A.S. (AS34173)	2
CLOUDFLARENET	YISU CLOUD LTD (AS142403)	3
ORACLE-BMC-31898	CSC (AS19574)	1
CLOUDFLARENET	SERVERPOINT (AS26277)	1
schlundtech.de	uvensys GmbH (AS58010)	1
Host Europe GmbH	GMO Internet Group, Inc. (AS7506)	1
GOOGLE	HURRICANE (AS6939)	1
IONOS SE	MICROSOFT-CORP-MSN-AS-BLOCK (AS8075)	5
netways.de	NETWAYS GmbH (AS61303)	2
Host Europe GmbH	Noraina Ltd (AS48305)	1
co.jp	AT TOKYO Corporation (AS9999)	1
3in1.tw	Data Communication Business Group (AS3462)	1
marketing-thom.de	Hetzner Online GmbH (AS24940)	1
stableserver.net	WHG Hosting Services Ltd (AS204800)	2
nexcess.net	NEXCESS-NET (AS36444)	1
com.tw	HGC Global Communications Limited (AS9304)	1
servidoresdominios.com	Grupo Loading Systems, S.L. (AS198066)	2
01webhost.com	OVH SAS (AS16276)	4
domainers.de	Key-Systems GmbH (AS13246)	5
curaden-hosting.ch	Hosting eXperts Switzerland AG (AS200979)	1
8ws.tw	AS-VULTR (AS20473)	1
mwsrv.com	Gamania CloudForce (AS7532)	1
NSONE	PROD (AS32782)	1
net.tw	TBC (AS131596)	3
cloudns.net	ORACLE-BMC-31898 (AS31898)	1
dnspod.net	Hostkey B.v. (AS57043)	5
SECURITYSERVICES	noris network AG (AS8222)	1
edns.de	one4vision GmbH (AS9067)	1
ix1000.com	FASTLY (AS54113)	5
xn--3kq4dr66e7w0c.tw	PUMO NETWORK DIGITAL TECHNOLOGY CO.,LTD (AS38843)	1
webapi.	Data Communication Business Group (AS3462)	1
mediamonks.net	AMAZON-02 (AS16509)	1
CLOUDFLARENET	LIQUIDWEB (AS32244)	2
Host Europe GmbH	Hangzhou Alibaba Advertising Co.,Ltd. (AS37963)	2
DIGICERT	AS-VULTR (AS20473)	1
net.tw	SaveCom Internation Inc. (AS9676)	5
inhostedns.com	Hosting Ukraine LTD (AS200000)	3
isp-nameserver.de	HL komm Telekommunikations GmbH (AS16097)	1
ezydomain.com	OVH SAS (AS16276)	1
Yuan-Jhen Info., Co., Ltd	VPLSNET (AS35908)	1
maxonline.de	m.a.x. Informationstechnologie AG (AS24764)	1
perf1.com	NSS INTL CO., LTD. (AS131626)	1
sl-taiwan.tw	Data Communication Business Group (AS3462)	1
readyspace.com	West263 International Limited (AS139021)	1
oreilly.tw	Data Communication Business Group (AS3462)	1
NSONE	Braathe AS (AS21119)	1
thisis.tw	Data Communication Business Group (AS3462)	1
vserver.tw	Data Communication Business Group (AS3462)	1
lemarit.de	Rohde & Schwarz GmbH & Co. KG (AS21197)	4
twmail.org	AS-VULTR (AS20473)	1
ezydomain.com	Akamai Connected Cloud (AS63949)	2
DIGICERT	Axians AB (AS20514)	2
alfahosting.info	dogado GmbH (AS45012)	2
register.it	MICROSOFT-CORP-MSN-AS-BLOCK (AS8075)	5
myhostadmin.net	FASTLY (AS54113)	1
xundns.com	ZEN-ECN (AS21859)	3
GOOGLE	Akamai Connected Cloud (AS63949)	4
rwgusa.net	AMAZON-02 (AS16509)	1
cainer.com	UK-2 Limited (AS13213)	1
Data Communication Business Group	AS-VULTR (AS20473)	6
net.tw	PRESIDENTIAL-PRAYER-TEAM (AS32454)	1
ns14.net	NForce Entertainment B.V. (AS43350)	2
lone.tw	Data Communication Business Group (AS3462)	1
CLOUDFLARENET	Taiwan Intelligent Fiber Optic Network Co.,Ltd. (AS131584)	1
connectline.de	HL komm Telekommunikations GmbH (AS16097)	1
SECURITYSERVICES	Telecom Italia San Marino S.p.A (AS15433)	1
1realtour.one	MULTA-ASN1 (AS35916)	1
SECURITYSERVICES	AS-26496-GO-DADDY-COM-LLC (AS26496)	9
SkyExchange Internet Access	IP ServerOne Solutions Sdn Bhd (AS45352)	1
princess.com	CARNIVALCORP-ASN1 (AS63222)	1
pod28.com	HVC-AS (AS29802)	1
ipandmore.cloud	ip&more GmbH (AS12907)	1
neodigit.net	Tecnocratica Centro de Datos, S.L. (AS15954)	1
Host Europe GmbH	Asia Pacific On-line Service Inc. (AS7482)	1
Host Europe GmbH	Skycloud Computing co., Ltd. (AS7483)	1
phpwebhosting.com	SOFTLAYER (AS36351)	1
LEASEWEB-USA-SFO	LeaseWeb Netherlands B.V. (AS60781)	5
SERVERSTACK-ASN	SERVERSTACK-ASN (AS46652)	6
name-services.com	RACKSPACE (AS19994)	2
intergroup.net	DIGITALOCEAN-ASN (AS14061)	2
iptwins.com	AMAZON-AES (AS14618)	1
CHINANET SiChuan Telecom Internet Data Center	Syntis SARL (AS39506)	1
netjust.com	Sparkinit S.r.l. (AS39825)	3
voestalpine.com	Oberberg-Online Informationssysteme GmbH (AS15415)	2
sunmask.tw	Data Communication Business Group (AS3462)	1
chuanhua.tw	CLOUDFLARENET (AS13335)	1
CLOUDFLARENET	GleSYS AB (AS42708)	1
helpuu.tw	Data Communication Business Group (AS3462)	1
GOOGLE-CLOUD-PLATFORM	CM Craft Aesthetic (AS18424)	1
GOOGLE-CLOUD-PLATFORM	RMH-14 (AS33070)	1
d-53.info	AMAZON-02 (AS16509)	1
ecdsystem.com	ECOMMERCE (AS46597)	2
bcdtravel.com	Cloudflare London, LLC (AS209242)	1
yico.tw	Data Communication Business Group (AS3462)	1
Host Europe GmbH	VERSAWEB-ASN (AS36114)	1
domain24.de	Key-Systems GmbH (AS13246)	3
dns1dns2dns3.com	OVH SAS (AS16276)	1
dnsip.com	Alibaba US Technology Co., Ltd. (AS45102)	1
bb-online.biz	AS-VULTR (AS20473)	9
plentymarkets.eu	AMAZON-02 (AS16509)	1
GMO Internet Group, Inc.	Hetzner Online GmbH (AS24940)	1
fastdomain.com	UNIFIEDLAYER-AS-1 (AS46606)	2
CLOUDFLARENET	Nameshield SAS (AS20756)	1
checkdomain.de	OVH SAS (AS16276)	1
afraid.org	RELIABLESITE (AS23470)	1
AMAZON-02	NOVUS-3 (AS40029)	1
cje.tw	Sony Network Taiwan Limited (AS18182)	1
co.kr	SamsungSDS Inc. (AS6619)	1
teldap.tw	Academia Sinica (AS9264)	1
philips.com	AMAZON-02 (AS16509)	3
name-services.com	LEVEL3 (AS3356)	2
o2switch.net	O2switch SAS (AS50474)	3
promo.it	Opiquad SRL (AS8855)	1
tonys.tw	Data Communication Business Group (AS3462)	1
CLOUDFLARENET	Terabix (AS137552)	1
vshosting.cloud	VSHosting s.r.o. (AS43541)	1
exporters-importers.net	UKDedicated LTD (AS34282)	1
newsofa.tw	Data Communication Business Group (AS3462)	1
Rackspace Ltd.	SAIX-NET (AS5713)	2
dntrust.com	Host Europe GmbH (AS8972)	1
hostgator.com	CLOUDFLARENET (AS13335)	5
mola.tw	Data Communication Business Group (AS3462)	1
toseek.tw	Data Communication Business Group (AS3462)	1
co.uk	GOOGLE-CLOUD-PLATFORM (AS396982)	4
co.jp	Rakuten Group, Inc. (AS23820)	1
Data Communication Business Group	BIGSCOOTS (AS394303)	1
dns24.net	Hetzner Online GmbH (AS24940)	1
tmt.de	TMT GmbH & Co. KG (AS16316)	1
148hato.	Koos Broadband Telecom (AS18042)	1
ipserverone.com	IP ServerOne Solutions Sdn Bhd (AS45352)	1
myfcloudsg.com	Akamai Connected Cloud (AS63949)	3
CLOUDFLARENET	SpeedyPage Ltd (AS142594)	3
intel.com	INTEL-SC-AS (AS4983)	1
baumergroup.com	MICROSOFT-CORP-MSN-AS-BLOCK (AS8075)	2
name-services.com	EMGINECONCEPT-01 (AS31972)	1
dnsip.com	SonderCloud Limited (AS133199)	1
Hangzhou Alibaba Advertising Co.,Ltd.	Netsec Limited (AS45753)	3
ifit.tw	Data Communication Business Group (AS3462)	1
regfish-ns.net	Hetzner Online GmbH (AS24940)	1
cronos.be	AMAZON-AES (AS14618)	1
ip-37-187-132.eu	OVH SAS (AS16276)	1
Register S.p.A.	TIM (AS3269)	1
CLOUDFLARENET	CSC Administrative Services Limited (AS34922)	2
aviator.tw	PUMO NETWORK DIGITAL TECHNOLOGY CO.,LTD (AS38843)	1
teaching.tw	Digital United Inc. (AS4780)	1
Yuan-Jhen Info., Co., Ltd	HGC Global Communications Limited (AS9304)	4
polylite.tw	Data Communication Business Group (AS3462)	1
GOOGLE-CLOUD-PLATFORM	MasterDC s.r.o. (AS24971)	1
NUCDN	One Hungary Ltd. (AS21334)	1
xnameserver.de	active 1 GmbH (AS197071)	1
ezydomain.com	DWINS Digital Service Corp. (AS17416)	1
dnspod.net	CDSC-AS1 (AS63199)	1
iphh.de	IPHH Internet Port Hamburg GmbH (AS12731)	2
crebergallery.it	Banco BPM S.P.A (AS15529)	1
Host Europe GmbH	PEG-LA (AS398823)	1
CLOUDFLARENET	WEM-ROGERS-2020 (AS398671)	1
tcmc.tw	AMAZON-02 (AS16509)	1
ipb.tw	Data Communication Business Group (AS3462)	1
msh.de	MSH Medien System Haus GmbH & Co. KG (AS12665)	3
ix1000.com	Taiwan Internet Gateway (AS10126)	1
agogo.tw	Data Communication Business Group (AS3462)	1
NUCDN	team.blue Denmark A/S (AS48854)	2
gmdesign.tw	PUMO NETWORK DIGITAL TECHNOLOGY CO.,LTD (AS38843)	1
AMAZON-02	COLT Technology Services Group Limited (AS8220)	1
SECURITYSERVICES	MPM-ASN (AS398492)	2
CLOUDFLARENET	Sony Network Taiwan Limited (AS18182)	2
com.tw	Tencent Building, Kejizhongyi Avenue (AS132203)	1
NUCDN	Itm8 A/S (AS62319)	1
team.blue Denmark A/S	GlobalConnect A/S (AS31027)	1
CLOUDFLARENET	Eurofiber Cloud Infra B.V. (AS25459)	1
message.tw	EASPNET Inc. (AS10135)	1
hostgator.com	CONFLUENCE-NETWORK-INC (AS40034)	2
AMAZON-02	QTS-SUW1-ATL1 (AS20141)	3
Host Europe GmbH	CONE (AS62)	1
axinet.fr	COGENT-174 (AS174)	2
AMAZON-02	Cloudflare London, LLC (AS209242)	9
Host Europe GmbH	CENTURYLINK-US-LEGACY-QWEST (AS209)	1
SECURITYSERVICES	GTT Communications Inc. (AS3257)	4
xado.com	Hetzner Online GmbH (AS24940)	1
SkyExchange Internet Access	GOOGLE-CLOUD-PLATFORM (AS396982)	1
co.uk	Richemont International SA (AS25275)	5
registrar-servers.com	National Chiao Tung University (AS9916)	1
com.pl	KPE NIERUCHOMOSCI Spolka Akcyjna (AS43015)	1
muumuu-domain.com	FASTLY (AS54113)	1
AMAZON-02	GANDI SAS (AS29169)	3
raidc.com	CHINATELECOM JiangSu YangZhou IDC networkdescr: YangZhouJiangsu Province, P.R.China. (AS137697)	1
CLOUDFLARENET	We Dare B.V. (AS20495)	1
yapee.tw	Chinatrust Commercial Bank (AS131143)	1
schlundtech.de	InterNetX GmbH (AS15456)	6
f5clouddns.com	DHLNET (AS2571)	1
seffner-schlesier.de	Hetzner Online GmbH (AS24940)	1
canspace.ca	OVH SAS (AS16276)	2
Host Europe GmbH	Xserver Inc. (AS131965)	3
IONOS SE	Neue Medien Muennich GmbH (AS34788)	2
EDIS GmbH	Host Europe GmbH (AS8972)	1
jock.tw	Data Communication Business Group (AS3462)	1
com.tw	Sony Network Taiwan Limited (AS18182)	8
efficient.it	Neue Medien Muennich GmbH (AS34788)	3
GMO Internet Group, Inc.	Xserver Inc. (AS131965)	2
okyanust.com	20i Limited (AS48254)	1
MICROSOFT-CORP-MSN-AS-BLOCK	RIMU HOSTING LIMITED (AS24459)	1
CLOUDFLARENET	KTCFV-USA (AS33134)	1
ix1000.com	AUTOMATTIC (AS2635)	1
creatidea.org	Yuan-Jhen Info., Co., Ltd (AS131149)	1
forfree.tw	Data Communication Business Group (AS3462)	1
linode.com	NSS INTL CO., LTD. (AS131626)	1
drei.host	EDIS GmbH (AS57169)	1
SkyExchange Internet Access	OVH SAS (AS16276)	1
CLOUDFLARENET	ML-1432-54994 (AS54994)	2
name-services.com	DATABANK-DFW (AS13767)	1
snafu.de	snafu Gesellschaft fuer interaktive Netzwerke mbH (AS34171)	2
systemdns.com	GOOGLE-CLOUD-PLATFORM (AS396982)	2
com.tw	National Center for High-performance Computing (AS7539)	2
oray.net	China Telecom Group (AS4812)	1
bll-computer.de	SWU TeleNet GmbH (AS48284)	1
iwantmyname.net	CLOUDFLARENET (AS13335)	2
netzoomi.net	UK Dedicated Servers Limited (AS42831)	1
AMAZON-02	Server Plan S.r.l. (AS52030)	2
linode.com	Taiwan Fixed Network, Telco and Network Service Provider. (AS9924)	2
jin-fu.tw	PUMO NETWORK DIGITAL TECHNOLOGY CO.,LTD (AS38843)	1
AMAZON-02	Leica Geosystems AG (AS208065)	2
87op.com	Data Communication Business Group (AS3462)	1
GOOGLE-CLOUD-PLATFORM	TNET Communication Inc. 10F., No.78, Sec. 2, Chongxin Rd., Sanchong Dist.,New Taipei City, T (AS38851)	1
dnspartner.de	SpeedPartner GmbH (AS34225)	1
GOOGLE-CLOUD-PLATFORM	DWINS Digital Service Corp. (AS17416)	1
stonercarcare.tw	Data Communication Business Group (AS3462)	1
reedelsevier.com	LEXIS2-AS (AS32472)	4
SECURITYSERVICES	Rackspace Ltd. (AS15395)	1
GOOGLE-CLOUD-PLATFORM	NETWORK-SOLUTIONS-HOSTING (AS19871)	1
giantpanda.com	Akamai Connected Cloud (AS63949)	2
ezdnscenter.com	China Telecom Group (AS4811)	2
dnspod.net	Data Communication Business Group (AS3462)	5
Data Communication Business Group	ZEN-ECN (AS21859)	4
GANDI SAS	National Chiao Tung University (AS9916)	2
OVH SAS	Neten S.p.A. (AS206476)	1
xundns.com	19 Chun Wang Street, Tseung Kwan O Industrial Estate, N.T. Hong Kong (AS135581)	2
daaz.org	AMAZON-02 (AS16509)	1
GOOGLE-CLOUD-PLATFORM	SOFTLAYER (AS36351)	1
CLOUDFLARENET	GCI Network Solutions Limited (AS8851)	3
dotmed.com	INTERNAP-BLK3 (AS13789)	1
shengfu.tw	Data Communication Business Group (AS3462)	1
fetnet.net	Far EastTone Telecommunication Co., Ltd. (AS9674)	1
genesys informatica srl	IONOS SE (AS8560)	1
CLOUDFLARENET	West263 International Limited (AS139021)	1
CLOUDFLARENET	HOSTHATCH (AS63473)	1
register.it	Retelit Digital Services S.p.A. (AS3302)	1
3oha.com	LEASEWEB-USA-NYC (AS396362)	1
Hetzner Online GmbH	AMAZON-02 (AS16509)	1
dditservices.com	JWE S.a r.l. (AS34655)	1
Host Europe GmbH	LeaseWeb Netherlands B.V. (AS60781)	1
nameserverinside.com	OVH SAS (AS16276)	1
com.tw	Elkdata OU (AS61189)	1
CLOUDFLARENET	FDCSERVERS (AS30058)	1
jdi-dns.nl	Signet B.V. (AS35470)	1
Host Europe GmbH	RMH-14 (AS33070)	3
GANDI SAS	WII (AS32097)	1
trans.net	M-net Telekommunikations GmbH (AS8767)	1
Data Communication Business Group	HAWKHOST (AS20068)	1
daotec.com	A2HOSTING (AS55293)	1
com.tw	NSS INTL CO., LTD. (AS131626)	3
ns14.net	Plusnet GmbH (AS20676)	1
hongyuan.tw	Akamai Connected Cloud (AS63949)	1
ainterol.biz	UK-2 Limited (AS13213)	1
ezydomain.com	Alibaba US Technology Co., Ltd. (AS45102)	1
callipigia.com	Hetzner Online GmbH (AS24940)	3
turbify.com	MICROSOFT-CORP-MSN-AS-BLOCK (AS8075)	2
CLOUDFLARENET	HGST-AS (AS33045)	1
rackspace.com	RACKSPACE (AS27357)	2
hpe.com	HPINC (AS2165)	6
CLOUDFLARENET	LUMEN-LEGACY-L3-CUSTOMER-SHARED-USE (AS10753)	1
ACTIVE 24, s.r.o.	IP4ISP z.s.p.o (AS49985)	1
GANDI SAS	GITHUB (AS36459)	3
finansinvest.com	QNB Finans Yatirim Menkul Degerler A.S. (AS5458)	1
GANDI SAS	National Applied Research Laboratories (AS18426)	2
com.br	CLARO S.A. (AS4230)	1
net.tw	AS-26496-GO-DADDY-COM-LLC (AS26496)	5
awsdns-00.org	AS-26496-GO-DADDY-COM-LLC (AS26496)	1
eolas.fr	Orange Business Services SA (AS15401)	2
aftermarket.pl	T-Mobile Polska S.A. (AS12912)	1
edns.de	Host Europe GmbH (AS21499)	1
lemarit.de	AMAZON-02 (AS16509)	2
co.uk	Andrews & Arnold Ltd (AS20712)	1
CLOUDFLARENET	HOSTROCKET (AS23535)	2
centaur-it.net	TelemaxX Telekommunikation GmbH (AS12843)	1
2999.tw	Data Communication Business Group (AS3462)	1
CLOUDFLARENET	Wholesale Services Provider (AS45671)	2
IONOS SE	Deutsche Telekom AG (AS3320)	2
GMO Internet Group, Inc.	Dolphin (AS4723)	1
perf1.com	23M GmbH (AS47447)	1
publicisgroupe.com	AMAZON-02 (AS16509)	1
ANEXIA Internetdienstleistungs GmbH	Akamai Connected Cloud (AS63949)	1
pavietnam.vn	Long Van System Solution JSC (AS131386)	1
com.tw	Hostinger International Limited (AS47583)	1
Hetzner Online GmbH	Contabo GmbH (AS51167)	4
rybike.tw	PUMO NETWORK DIGITAL TECHNOLOGY CO.,LTD (AS38843)	1
AMAZON-02	HAWKHOST (AS20068)	1
Yuan-Jhen Info., Co., Ltd	Magic Particle Limited (AS135343)	1
Host Europe GmbH	BIGSCOOTS (AS394303)	1
greenearth.tw	Data Communication Business Group (AS3462)	1
Host Europe GmbH	AboveNet Communications Taiwan (AS17408)	5
Data Communication Business Group	kbro CO. Ltd. (AS38841)	4
1and1-dns.com	IONOS SE (AS8560)	1
markmonitor.com	BACOM (AS577)	1
dailymotion.com	Dailymotion S.A. (AS41690)	1
ix1000.com	WHG Hosting Services Ltd (AS14670)	1
iwantmyname.net	GOOGLE (AS15169)	1
mydns.jp	SAKURA Internet Inc. (AS7684)	1
MICROSOFT-CORP-MSN-AS-BLOCK	CENTURYLINK-LEGACY-SAVVIS (AS3561)	1
Data Communication Business Group	Hoshin Multimedia Center Inc. (AS9416)	3
icom.tw	Data Communication Business Group (AS3462)	1
minco.com	DIGICERT (AS16552)	1
AS-VULTR	GMO Internet Group, Inc. (AS58791)	1
thiocyn.it	Hetzner Online GmbH (AS24940)	1
tokyo-city.tw	NTT PC Communications, Inc. (AS2514)	1
Deutsche Telekom AG	dogado GmbH (AS45012)	1
CLOUDFLARENET	Safenames Ltd. (AS60819)	1
Data Communication Business Group	Leaseweb Japan K.K. (AS134351)	1
one.com	Sentia Denmark A/S (AS47292)	1
uniprint.tw	Data Communication Business Group (AS3462)	1
SECURITYSERVICES	Akamai International B.V. (AS20940)	2
GOOGLE-CLOUD-PLATFORM	UNION BROADBAND NETWORK (AS24163)	1
ilv.tw	AMAZON-02 (AS16509)	4
MICROSOFT-CORP-MSN-AS-BLOCK	SQUARESPACE (AS53831)	1
CLOUDFLARENET	LEASEWEB-USA-LAX (AS395954)	1
Host Europe GmbH	National Taiwan University (AS17716)	3
tangshan.tw	Data Communication Business Group (AS3462)	1
Host Europe GmbH	ESECUREDATA (AS11831)	1
meshwork.tw	Data Communication Business Group (AS3462)	1
sap-ag.de	SAP SE (AS12510)	1
nick20.com	ECOMMERCE (AS46597)	1
routing.net	Hetzner Online GmbH (AS24940)	3
com.tw	PUNET Taiwan (AS9216)	1
net.id	PT Cyberindo Aditama (AS4787)	3
NSONE	Alibaba US Technology Co., Ltd. (AS45102)	3
VITAL-DNS	Data Communication Business Group (AS3462)	3
Arvato Systems GmbH	Arvato Systems GmbH (AS33873)	1
s-dns.de	Hetzner Online GmbH (AS24940)	1
Deutsche Telekom AG	Host Europe GmbH (AS34011)	2
xn--rms224i.tw	Data Communication Business Group (AS3462)	1
wt500.com	SOFTLAYER (AS36351)	3
osho.tw	Data Communication Business Group (AS3462)	1
biogenesisbago.com	Techtel LMDS Comunicaciones Interactivas S.A. (AS11664)	1
systemdns.com	TUCOWS (AS15348)	4
GOOGLE-CLOUD-PLATFORM	Awareness Software Limited (AS34931)	1
CLOUDFLARENET	Scaleway S.a.s. (AS12876)	1
cnolnic.com	AMAZON-02 (AS16509)	1
CLOUDFLARENET	Akamai International B.V. (AS20940)	1
lemarit.de	CLOUDFLARENET (AS13335)	1
dnspod.net	West263 International Limited (AS139021)	1
stabletransit.com	DIGITALOCEAN-ASN (AS14061)	1
SECURITYSERVICES	JLL-AM-CHI (AS29954)	2
SECURITYSERVICES	Plus.line AG (AS12306)	2
nadns1.com	MICROSOFT-CORP-MSN-AS-BLOCK (AS8075)	1
ezydomain.com	Host Europe GmbH (AS8972)	1
ipcom GmbH	DIGITALOCEAN-ASN (AS14061)	6
isheng.tw	Data Communication Business Group (AS3462)	1
MICROSOFT-CORP-MSN-AS-BLOCK	Combell NV (AS34762)	5
DIGICERT	CSC (AS19574)	1
1984.is	Data Communication Business Group (AS3462)	1
zumedns.com	Alpha Internet Limited (AS58051)	1
CLOUDFLARENET	ADC-ATLANTA (AS54649)	1
net.tw	President Information Corp. (AS17710)	1
markmonitor.com	GOSSAMERTHREADS (AS36483)	1
markmonitor.zone	AS-NALCO-NA (AS36259)	1
it4pdns.de	PlusServer GmbH (AS61157)	1
exatel.pl	Naukowa I Akademicka Siec Komputerowa - Panstwowy Instytut Badawczy (AS8308)	1
squadhelp.com	AMAZON-AES (AS14618)	1
awsdns-00.org	VDC Powerbase Hong Kong Data Centers Limited (AS9925)	1
webspacecontrol.com	Inclust System Ltd. (AS49857)	1
com.tw	Cloudflare London, LLC (AS209242)	2
tenten.vn	AS-VULTR (AS20473)	1
NSONE	FASTLY (AS54113)	2
Data Communication Business Group	AUTOMATTIC (AS2635)	6
a1.net	CLOUDFLARENET (AS13335)	1
markmonitor.com	MICROSOFT-CORP-MSN-AS-BLOCK (AS8075)	5
lohanka.tw	Data Communication Business Group (AS3462)	1
net.tw	Kamatera Inc (AS41436)	1
ebayer.tw	Data Communication Business Group (AS3462)	1
ix1000.com	MICROSOFT-CORP-MSN-AS-BLOCK (AS8075)	3
verygames.net	OVH SAS (AS16276)	1
1984.is	Origo ehf (AS29689)	1
nmugroup.com	Nordisk Media Utveckling AB (AS204074)	5
dominiok.it	3U TELECOM GmbH (AS198710)	1
GANDI SAS	MICROSOFT-CORP-MSN-AS-BLOCK (AS8075)	2
perf1.com	AMAZON-02 (AS16509)	4
paybonus.tw	Taiwan Fixed Network, Telco and Network Service Provider. (AS9924)	1
webhostbox.net	UNIFIEDLAYER-AS-1 (AS46606)	1
emirates.com	GOOGLE-CLOUD-PLATFORM (AS396982)	1
dnspod.net	Overcasts Limited (AS24544)	1
my-control-panel.com	PONYNET (AS53667)	1
GOOGLE-CLOUD-PLATFORM	Gamania CloudForce (AS7532)	1
iias.tw	Academia Sinica (AS9264)	1
asml.com	MICROSOFT-CORP-MSN-AS-BLOCK (AS8075)	1
CLOUDFLARENET	Tilda Publishing Ltd. (AS205282)	1
greatasia.link	AMAZON-02 (AS16509)	1
hrnet.fr	Nine Internet Solutions AG (AS29691)	1
Host Europe GmbH	SINGLEHOP-LLC (AS32475)	3
Host Europe GmbH	IS-AS-1 (AS19318)	2
Akamai International B.V.	LENOVO-NET (AS20111)	3
mediatemple.net	AMAZON-02 (AS16509)	3
Host Europe GmbH	OPTIMUM-WIFI2 (AS54004)	1
MICROSOFT-CORP-MSN-AS-BLOCK	Dinova Srl (AS200760)	1
SECURITYSERVICES	ATT-INTERNET4 (AS7018)	4
ovh.ca	OVH SAS (AS16276)	1
wedo-server.com	NETWORK-SOLUTIONS-HOSTING (AS19871)	1
managed-ip.com	AMAZON-02 (AS16509)	5
com.tw	SERVERPOINT (AS26277)	2
fbd.tw	PUMO NETWORK DIGITAL TECHNOLOGY CO.,LTD (AS38843)	1
ipcom GmbH	Team Internet AG (AS61969)	1
Scaleway S.a.s.	OVH SAS (AS16276)	2
MICROSOFT-CORP-MSN-AS-BLOCK	Taiwan Academic Network TANet Information Center (AS1659)	2
CLOUDFLARENET	INTERNAP-2BLK (AS12180)	1
ipcom GmbH	Gamania CloudForce (AS7532)	1
Hangzhou Alibaba Advertising Co.,Ltd.	CNSERVERS (AS40065)	5
jil.tw	Data Communication Business Group (AS3462)	2
afraid.org	GOOGLE-CLOUD-PLATFORM (AS396982)	1
Akamai International B.V.	MASTER-7-AS (AS26380)	2
yuxiang.tw	Data Communication Business Group (AS3462)	1
net.tw	Koos Broadband Telecom (AS18042)	1
markarea.com	INCAPSULA (AS19551)	1
films.org	AMAZON-AES (AS14618)	2
scicube.net	RM B, 2F 88 KWAI CHEONG ROAD (AS132056)	1
limitlesshost.us	ASN-GIGENET (AS32181)	1
estsoft.com	Korea Telecom (AS4766)	1
CHINANET Guangdong province network	West263 International Limited (AS139021)	1
co.uk	Team Blue Carrier Limited (AS29550)	1
refertelecom.pt	Ip Telecom, Servicos De Telecomunicacoes S.A. (AS29003)	1
Hangzhou Alibaba Advertising Co.,Ltd.	DAOU TECHNOLOGY (AS45996)	5
GOOGLE-CLOUD-PLATFORM	Taiwan Academic Network TANet Information Center (AS1659)	4
HURRICANE	WEBNX (AS18450)	1
QUIC-CLOUD	AS-VULTR (AS20473)	3
bluelilies.de	velia.net Internetdienste GmbH (AS29066)	1
CLOUDFLARENET	ASLINE LIMITED (AS18013)	4
AMAZON-02	CL-1379-14537 (AS14537)	1
Host Europe GmbH	Yun Zhong Technology Limited (AS151630)	1
reserveing.tw	AMAZON-02 (AS16509)	1
OVH SAS	Akenes SA (AS61098)	1
jinchen.tw	SAKURA Internet Inc. (AS9370)	1
sdnl.org	Data Communication Business Group (AS3462)	1
MICROSOFT-CORP-MSN-AS-BLOCK	AS-VULTR (AS20473)	1
Host Europe GmbH	IWEB-AS (AS32613)	1
Akamai International B.V.	ALYRICA (AS25961)	1
AMAZON-02	GSO-INTERNET (AS395694)	1
ipcom GmbH	DEFENSE-NET (AS55002)	1
GANDI SAS	LEASEWEB HONG KONG LIMITED (AS133752)	2
AMAZON-02	Garena Online Pte Ltd (AS58521)	1
SECURITYSERVICES	CENTURYLINK-US-LEGACY-QWEST (AS209)	3
Neue Medien Muennich GmbH	hostNET Medien GmbH (AS34895)	1
MICROSOFT-CORP-MSN-AS-BLOCK	DIGITALOCEAN-ASN (AS14061)	3
anja.tw	Data Communication Business Group (AS3462)	1
GANDI SAS	AS40676 (AS40676)	1
hws.tw	Data Communication Business Group (AS3462)	1
managed-ip.com	Mittwald CM Service GmbH & Co. KG (AS15817)	1
ns15.net	InterNetX GmbH (AS15456)	1
Nessus GmbH	dogado GmbH (AS208582)	2
is-fun.net	IONOS SE (AS8560)	1
Hangzhou Alibaba Advertising Co.,Ltd.	PEG-LA (AS398823)	1
CLOUDFLARENET	EDNS (AS16686)	1
mysitehosted.com	UNIFIEDLAYER-AS-1 (AS46606)	1
dn-s.nl	Signet B.V. (AS20857)	8
AMAZON-02	HUAWEI CLOUDS (AS136907)	1
netsample.com	Netsample SARL (AS203495)	2
imos.net	imos Gesellschaft fuer Internet-Marketing und Online-Services mbH (AS20677)	2
com.au	Host Universal Pty Ltd (AS136557)	2
markmonitor.com	RACKSPACE (AS19994)	1
net.tw	SUCURI-SEC (AS30148)	1
mathworks.com	MATHWORKS (AS11939)	1
qqqdns.com	CTG Server Limited (AS152194)	1
ducky.tw	OVH SAS (AS16276)	1
com.tw	PRIVATESYSTEMS (AS63410)	2
fladmoe.tw	AMAZON-02 (AS16509)	1
NSONE	SQUARESPACE (AS53831)	1
SECURITYSERVICES	EG-USEAST (AS11184)	1
Akamai International B.V.	AMERICAN-EXPRESS (AS6307)	3
regfish-ns.net	AMAZON-02 (AS16509)	1
comtrance.de	comtrance service GmbH (AS30962)	1
MMC	MMC (AS17161)	2
upg.tw	Data Communication Business Group (AS3462)	1
MICROSOFT-CORP-MSN-AS-BLOCK	Heart Internet limited (AS20738)	1
win-qjb9taan93l.	Data Communication Business Group (AS3462)	2
Data Communication Business Group	Wix.com Ltd. (AS58182)	6
domain-hosting.name	InterNetX GmbH (AS15456)	2
tw300.com	Taiwan Fixed Network, Telco and Network Service Provider. (AS9924)	2
val-lube.tw	TISNET Technology Inc. (AS7535)	1
abbott.com	AMAZON-02 (AS16509)	2
nicsrs.com	Data Communication Business Group (AS3462)	2
GOOGLE-CLOUD-PLATFORM	Tencent Building, Kejizhongyi Avenue (AS132203)	2
dafar.tw	Data Communication Business Group (AS3462)	1
Host Europe GmbH	Combell NV (AS34762)	1
CLOUDFLARENET	Leaseweb Japan K.K. (AS134351)	1
co.uk	WebSupport s.r.o. (AS51013)	1
dodns.net	united-domains GmbH (AS202108)	5
oppay.tw	Taiwan Mobile Co., Ltd. (AS24158)	1
MICROSOFT-CORP-MSN-AS-BLOCK	Alibaba US Technology Co., Ltd. (AS45102)	1
nmugroup.com	Binero AB (AS35041)	1
GANDI SAS	SonderCloud Limited (AS133199)	1
168-ok.com	HVC-AS (AS29802)	2
stabletransit.com	Akamai Connected Cloud (AS63949)	1
HURRICANE	Shenzhen Tencent Computer Systems Company Limited (AS45090)	1
mijndnsserver.nl	SpectraIP B.V. (AS62068)	1
cadence.com	Sunrise GmbH (AS6730)	2
powerdns.de	UD Media GmbH (AS199753)	2
MICROSOFT-CORP-MSN-AS-BLOCK	SSASN2 (AS20454)	1
krystal.uk	Krystal Hosting Ltd (AS12488)	1
SECURITYSERVICES	Safenames Ltd. (AS60819)	4
net.tw	National Taiwan University (AS17716)	2
Host Europe GmbH	Strato GmbH (AS6724)	1
ordipat.fr	OVH SAS (AS16276)	1
CLOUDFLARENET	NSS INTL CO., LTD. (AS131626)	3
ezydomain.com	Gwy It Pty Ltd (AS199959)	3
unknown	Netsec Limited (AS45753)	1
Host Europe GmbH	AS-30083-US-VELIA-NET (AS30083)	1
pop-hannover.de	Hetzner Online GmbH (AS24940)	1
NUCDN	GOOGLE-CLOUD-PLATFORM (AS396982)	2
Data Communication Business Group	HGC Global Communications Limited (AS9304)	1
mtsc.tw	Data Communication Business Group (AS3462)	1
sphostserver.com	Server Plan S.r.l. (AS52030)	1
namechecking.net	MICROSOFT-CORP-MSN-AS-BLOCK (AS8075)	2
CLOUDFLARENET	4on LTD (AS59816)	1
CLOUDFLARENET	QTS-SAC (AS17018)	1
co.uk	Data Communication Business Group (AS3462)	2
sos999.tw	Data Communication Business Group (AS3462)	1
ezydomain.com	Siamdata Communication Co.,Ltd. (AS56309)	1
ipcom GmbH	LEASEWEB-USA-WDC (AS30633)	1
nic53.de	Hetzner Online GmbH (AS24940)	1
ix1000.com	AMAZON-AES (AS14618)	2
IONOS SE	Mittwald CM Service GmbH & Co. KG (AS15817)	2
ORACLE-BMC-31898	AMAZON-02 (AS16509)	1
netim.net	AMAZON-02 (AS16509)	1
Data Communication Business Group	UNION BROADBAND NETWORK (AS24165)	1
Host Europe GmbH	ASN-CXA-ALL-CCI-22773-RDC (AS22773)	1
NUCDN	Metaways Infosystems GmbH (AS44225)	1
Yuan-Jhen Info., Co., Ltd	WEEBLY (AS27647)	1
dnspod.net	IT7NET (AS25820)	1
alfahosting.info	Mittwald CM Service GmbH & Co. KG (AS15817)	2
monsterdns.net	WII (AS32097)	1
AMAZON-02	Equinix (EMEA) Acquisition Enterprises B.V. (AS15830)	2
net.tw	FASTLY (AS54113)	2
ifastnet3.org	Wildcard UK Limited (AS34119)	1
Host Europe GmbH	Internode Pty Ltd (AS4739)	1
server307.com	ICDSoft Ltd. (AS8739)	1
jaton.tw	Data Communication Business Group (AS3462)	1
nic.ru	Jsc ru-center (AS48287)	1
gigas.com	Gigas Hosting S.A. (AS57286)	1
tyboat.tw	Data Communication Business Group (AS3462)	1
T-Mobile Austria GmbH	DIGITALOCEAN-ASN (AS14061)	4
itsolutions.it	Retelit Digital Services S.p.A. (AS28716)	1
ix1000.com	A2HOSTING (AS55293)	1
superhosting.bg	SuperHosting.BG Ltd. (AS201200)	1
Host Europe GmbH	GNET INC. (AS9294)	1
tld.pl	Cyber_Folks S.A. (AS43758)	2
co.uk	Akamai International B.V. (AS20940)	1
com.tw	Wix.com Ltd. (AS58182)	2
GANDI SAS	National Center for High-performance Computing (AS7539)	1
dadoit.tw	Data Communication Business Group (AS3462)	1
apx.tw	Taiwan Fixed Network, Telco and Network Service Provider. (AS9924)	1
ilmserver.de	WIIT AG (AS24961)	1
internex.at	SQUARESPACE (AS53831)	1
artegence.com	Efigence S.A. (AS43091)	1
com.cn	Data Communication Business Group (AS3462)	1
AMAZON-02	Lucky Tone Communications Ltd. (AS55361)	1
systemec.nl	SouthernHill BV (AS200428)	1
HURRICANE	Taiwan Academic Network TANet Information Center (AS1659)	2
trueserver.nl	TrueFullstaq B.V. (AS15703)	1
saser.tw	GOOGLE-CLOUD-PLATFORM (AS396982)	1
ix1000.com	WEEBLY (AS27647)	1
ipcom GmbH	AGORA CALYCE SpAS (AS47833)	1
ad.jp	NTT PC Communications, Inc. (AS2514)	2
CHINANET Guangdong province network	China Unicom IP network China169 Guangdong province (AS17816)	1
delife.tw	Data Communication Business Group (AS3462)	1
ipcom GmbH	PlusServer GmbH (AS61157)	1
MICROSOFT-CORP-MSN-AS-BLOCK	Umdasch Group AG (AS3201)	1
8am.tw	SaveCom Internation Inc. (AS9676)	1
doing.tw	Data Communication Business Group (AS3462)	1
AMAZON-02	Vodien Internet Solutions Pte Ltd (AS58621)	1
GOOGLE	NTT-DATA-2914 (AS2914)	1
IONOS SE	BITel Gesellschaft fuer Telekommunikation mbH (AS198967)	1
ipicbox.tw	Academia Sinica (AS9264)	1
valvolube.tw	TISNET Technology Inc. (AS7535)	1
Host Europe GmbH	CTGNet (AS23764)	2
hostpapavps.net	ONIAAS (AS40092)	1
Yuan-Jhen Info., Co., Ltd	GO-DADDY-COM-LLC (AS398101)	1
vison.tw	PUMO NETWORK DIGITAL TECHNOLOGY CO.,LTD (AS38843)	1
soltd.tw	Data Communication Business Group (AS3462)	1
registrar-servers.com	AMAZON-02 (AS16509)	1
ATT-INTERNET4	AS17378 (AS17378)	1
kitty01.org	DIGITALOCEAN-ASN (AS14061)	1
dmo-dns.com	Yuan-Jhen Info., Co., Ltd (AS131149)	1
empirion.at	HKT Limited (AS4760)	1
sircon.net	Nte Telekom As (AS34087)	1
17ipet.tw	Sony Network Taiwan Limited (AS18182)	1
hi168.tw	PUMO NETWORK DIGITAL TECHNOLOGY CO.,LTD (AS38843)	1
mainns.de	Hetzner Online GmbH (AS24940)	3
casecorp.com	MICROSOFT-CORP-MSN-AS-BLOCK (AS8075)	1
heiperweb.nl	CLDIN B.V. (AS48635)	1
Data Communication Business Group	SOFTLAYER (AS36351)	1
net.tw	Hoshin Multimedia Center Inc. (AS9416)	2
net.tw	CM Craft Aesthetic (AS18424)	5
CLOUDFLARENET	NOCIX (AS33387)	1
GENMILLS	GOOGLE-CLOUD-PLATFORM (AS396982)	1
hosttech.ch	hosttech GmbH (AS207143)	1
zxcs.be	Stichting DIGI NL (AS206281)	3
systemdns.com	AS17378 (AS17378)	1
xn--duu366g9ubouo.tw	Data Communication Business Group (AS3462)	1
nscluster.ee	AMAZON-02 (AS16509)	4
dataplane.org	CLICK-NETWORK (AS14677)	1
show-home.tw	Digital United Inc. (AS4780)	1
yij.tw	Data Communication Business Group (AS3462)	1
Host Europe GmbH	NETLAB-SDN (AS979)	3
ORACLE-BMC-31898	GOOGLE-CLOUD-PLATFORM (AS396982)	1
namesystem.se	GleSYS AB (AS42708)	2
xincache.com	Chinanet (AS4134)	1
acens.net	MICROSOFT-CORP-MSN-AS-BLOCK (AS8075)	1
wu2.com	Data Communication Business Group (AS3462)	1
blueboard.cz	CASABLANCA INT a.s. (AS15685)	1
alibabaonline.com	Alibaba US Technology Co., Ltd. (AS45102)	2
infra.net	InfraNet AG (AS12830)	1
ipcom GmbH	BT Italia S.p.A. (AS3313)	1
matbao.vn	Room 1508, 15th Floor, Vincom Center Building, 72 Le Thanh Ton, Ben Nghe Ward, District 1,  (AS150846)	3
Deutsche Telekom AG	Deutsche Telekom AG (AS3320)	5
domains.ch	Sunrise GmbH (AS6730)	1
ilv.tw	GO-DADDY-COM-LLC (AS398101)	1
GOOGLE	Alibaba US Technology Co., Ltd. (AS45102)	1
ne.jp	SAKURA Internet Inc. (AS9370)	2
GANDI SAS	Contabo Asia Private Limited (AS141995)	1
psi.de	COLT Technology Services Group Limited (AS8220)	1
eukdns.com	Iomart Cloud Services Limited (AS20860)	1
daai.tw	Data Communication Business Group (AS3462)	1
CLOUDFLARENET	CRYSTALTECH (AS14992)	2
AMAZON-02	KDDI CORPORATION (AS2516)	1
NetActuate, Inc	Akamai International B.V. (AS20940)	1
NUCDN	Alwaysdata Sarl (AS60362)	1
Yuan-Jhen Info., Co., Ltd	New Century InfoComm Tech Co., Ltd. (AS9919)	1
ui-dns.biz	IONOS SE (AS8560)	4
gais.tw	GOOGLE-CLOUD-PLATFORM (AS396982)	1
proisp.no	Emp Secure As (AS28824)	1
oknet.tw	New Century InfoComm Tech Co., Ltd. (AS9919)	3
OVH SAS	Scaleway S.a.s. (AS12876)	2
v6dns.jp	AMAZON-02 (AS16509)	1
loopia.se	Loopia AB (AS39570)	1
global-dns.de	Yuan-Jhen Info., Co., Ltd (AS131149)	1
hostnet.nl	Hostnet B.V. (AS197902)	1
dnspod.net	Ansheng Network Technology Co., Limited (AS134365)	1
Host Europe GmbH	TBC (AS131596)	1
ab stract ltd	Tencent Building, Kejizhongyi Avenue (AS132203)	1
everydns.net	GOOGLE (AS15169)	1
tncdesign.tw	Data Communication Business Group (AS3462)	1
veca.tw	Data Communication Business Group (AS3462)	1
webhostinghub.com	IMH-IAD (AS54641)	2
1maxdns.com	iCore Technology Sdn Bhd (AS132198)	1
Safenames Ltd.	IRON-MOUNTAIN (AS21549)	3
net.tw	DongFong Technology Co. Ltd. (AS18046)	1
Yuan-Jhen Info., Co., Ltd	A2HOSTING (AS55293)	2
vintagespeed.tw	DFW-DATACENTER (AS30277)	3
firstlink.com	FLT-15 (AS16992)	1
2020dns57.	Taiwan Fixed Network, Telco and Network Service Provider. (AS9924)	2
com.tw	Pittqiao Network Information Co.,Ltd. (AS131642)	1
com.tw	AS-26496-GO-DADDY-COM-LLC (AS26496)	3
AMAZON-02	Scaleway S.a.s. (AS12876)	1
co.kr	ORACLE-BMC-31898 (AS31898)	3
com.br	BANCO BRADESCO SA (AS28586)	2
dslr.tw	Digital United Inc. (AS4780)	1
Safenames Ltd.	MICROSOFT-CORP-MSN-AS-BLOCK (AS8075)	1
net.tw	UNIFIEDLAYER-AS-1 (AS46606)	5
CLOUDFLARENET	XNNET (AS932)	2
SpaceNet AG	Cloudflare London, LLC (AS209242)	1
tophost.ch	NovaTrend Services GmbH (AS35206)	1
n0c.com	PLANETHOSTER-8 (AS53589)	1
gconnect.net	SQUARESPACE (AS53831)	2
IONOS SE	PlusServer GmbH (AS61157)	1
Host Europe GmbH	National Central University (AS18420)	1
AMAZON-02	E-Large HongKong (AS142578)	2
iwelt-ag.net	iWelt GmbH + Co. KG (AS29624)	1
mrqhost.com	Akamai Connected Cloud (AS63949)	1
InterNetX GmbH	InterNetX GmbH (AS15456)	5
freeservers.com	AS-NETZERO (AS13446)	2
yawjet.tw	Data Communication Business Group (AS3462)	1
0885.tw	Data Communication Business Group (AS3462)	1
siteground.asia	GOOGLE (AS15169)	1
com.au	DIGITALOCEAN-ASN (AS14061)	1
td-fn.net	q.beyond AG (AS12399)	1
GOOGLE-CLOUD-PLATFORM	EMGINECONCEPT-01 (AS31972)	1
domain-hosting.name	Hetzner Online GmbH (AS24940)	2
com.tw	Cloudie Limited (AS55933)	3
go168.tw	PUMO NETWORK DIGITAL TECHNOLOGY CO.,LTD (AS38843)	1
WEBNX	IOFLOOD (AS53755)	1
mte.tw	Data Communication Business Group (AS3462)	1
SECURITYSERVICES	INS-AS (AS2386)	2
markmonitor.com	Safenames Ltd. (AS60819)	1
domserver.de	Hetzner Online GmbH (AS24940)	1
Data Communication Business Group	National Center for High-performance Computing (AS7539)	1
MICROSOFT-CORP-MSN-AS-BLOCK	NTT Global Data Centers EMEA UK Ltd. (AS29017)	1
abedns.net	Nordlo Syd AB (AS198054)	1
myhostadmin.net	Tencent Building, Kejizhongyi Avenue (AS132203)	4
bmlg.eu	Zone Media OU (AS49604)	2
Host Europe GmbH	ICDSoft Ltd. (AS8739)	1
ai858.tw	Data Communication Business Group (AS3462)	1
markmonitor.com	NET253 (AS396952)	1
ponder.tw	Data Communication Business Group (AS3462)	1
GOOGLE-CLOUD-PLATFORM	AS-COLOCROSSING (AS36352)	1
GOOGLE	FASTLY (AS54113)	3
parent.tw	AS-VULTR (AS20473)	1
DIGICERT	NETWORK-SOLUTIONS-HOSTING (AS19871)	1
CLOUDFLARENET	CoCoDigit Ltd (AS150766)	1
GANDI SAS	FPT Telecom Company (AS18403)	1
managed-ip.com	CLOUDFLARENET (AS13335)	1
Nessus GmbH	AMAZON-02 (AS16509)	1
markmonitor.com	OPTAGE Inc. (AS17511)	1
sqr.cloud	MICROSOFT-CORP-MSN-AS-BLOCK (AS8075)	1
dcn.tw	Data Communication Business Group (AS3462)	1
awsdns-32.org	AMAZON-02 (AS16509)	1
inhong.tw	ZEN-ECN (AS21859)	1
SECURITYSERVICES	ROGERS-COMMUNICATIONS (AS812)	1
whoisdomain.kr	CLOUDFLARENET (AS13335)	2
server-routing.com	webgo GmbH (AS48324)	1
dns1.de	Key-Systems GmbH (AS13246)	2
tpass.tw	Data Communication Business Group (AS3462)	1
speicherzentrum.de	EVANZO e-commerce GmbH (AS42730)	1
websitescreator.de	IONOS SE (AS8560)	1
twmail.org	Alibaba US Technology Co., Ltd. (AS45102)	1
hosteur.com	NSS INTL CO., LTD. (AS131626)	1
afraid.org	ZEN-ECN (AS21859)	1
dnspod.net	CHINANET Guangdong province Shenzhen MAN network (AS134774)	1
ipcom GmbH	Host Europe GmbH (AS8972)	1
babylon.tw	PUMO NETWORK DIGITAL TECHNOLOGY CO.,LTD (AS38843)	1
MICROSOFT-CORP-MSN-AS-BLOCK	Yuan-Jhen Info., Co., Ltd (AS131149)	3
eliteteam.tw	Data Communication Business Group (AS3462)	1
Host Europe GmbH	PT Deneva (AS138115)	1
zzz.tw	Digital United Inc. (AS4780)	1
Akamai International B.V.	Akamai International B.V. (AS213120)	2
perf1.com	GANDI SAS (AS29169)	2
hcamc.tw	Akamai Connected Cloud (AS63949)	1
dehostingfirma.com	ADES BV (AS39637)	2
ns14.net	OVH SAS (AS16276)	2
register.eu	Combell NV (AS34762)	1
mbmx2.com	LEASEWEB-USA-WDC (AS30633)	1
Akamai International B.V.	Nestle Nespresso SA (AS48307)	1
net.tw	INCAPSULA (AS19551)	1
managed-ns.com	InterNetX GmbH (AS15456)	1
ncaf.tw	MICROSOFT-CORP-MSN-AS-BLOCK (AS8075)	1
dynu.com	Taiwan Infrastructure Network Technologie (AS18049)	1
quasar.tw	Data Communication Business Group (AS3462)	1
idv.tw	Data Communication Business Group (AS3462)	1
goldentop.tw	DaDa Broadband LTD. (AS18419)	1
CLOUDFLARENET	HKBN Enterprise Solutions Limited (AS17444)	1
totalchoicehosting.com	TOTALCHOICE-HOSTING (AS16556)	1
OVH SAS	GANDI SAS (AS203476)	2
com.tw	UNIFIEDLAYER-AS-1 (AS46606)	2
Yuan-Jhen Info., Co., Ltd	IVENUE (AS40738)	2
imation.com	MICROSOFT-CORP-MSN-AS-BLOCK (AS8075)	1
Host Europe GmbH	Evoxt Enterprise (AS149440)	1
MICROSOFT-CORP-MSN-AS-BLOCK	New Century InfoComm Tech Co., Ltd. (AS9919)	1
com.tw	NL-811-40021 (AS40021)	1
fsoc.tw	Data Communication Business Group (AS3462)	1
ipcom GmbH	IBH IT-Service GmbH (AS15372)	3
hocom.tw	Data Communication Business Group (AS3462)	1
8bc.tw	AS-VULTR (AS20473)	1
SECURITYSERVICES	Deutsche Bank AG (AS15769)	1
AMAZON-02	VS-MEDIA-IPV4 (AS395412)	1
CLOUDFLARENET	PCCW IMS Ltd PCCW Business Internet Access (AS4515)	1
Host Europe GmbH	ZAYO-6461 (AS6461)	1
ntchosting.com	LIQUIDNETLTD1 (AS14555)	2
xn--mkr87d.tw	Data Communication Business Group (AS3462)	1
CLOUDFLARENET	Thien Quang Digital technology joint stock company (AS140825)	2
SHOCK-1	SHOCK-1 (AS395092)	5
namemaster.de	SpeedPartner GmbH (AS34225)	1
co.uk	MICROSOFT-CORP-MSN-AS-BLOCK (AS8075)	2
i-cup.tw	AMAZON-02 (AS16509)	1
newscan-dns.com	PUMO NETWORK DIGITAL TECHNOLOGY CO.,LTD (AS38843)	2
GOOGLE	AUTOMATTIC (AS2635)	1
rosehome.tw	Akamai Connected Cloud (AS63949)	1
lmco.com	LM-CORP (AS6075)	1
idline.fr	Planet Service SARL (AS61168)	2
linode.com	AMAZON-AES (AS14618)	2
com.tw	Hoshin Multimedia Center Inc. (AS9416)	1
to.it	Hetzner Online GmbH (AS24940)	1
imshealth.com	IQVIA-CARLSTADT (AS14948)	1
conoha.io	GMO Internet Group, Inc. (AS58791)	1
bexweb.tw	Data Communication Business Group (AS3462)	1
ipcom GmbH	Globalways GmbH (AS48918)	1
tcci.tw	Data Communication Business Group (AS3462)	1
Yuan-Jhen Info., Co., Ltd	Netsec Limited (AS45753)	1
name-services.com	Xserver Inc. (AS131965)	1
mylohas.tw	AMAZON-02 (AS16509)	1
loopiagroup.com	Loopia AB (AS41528)	1
quicca.com	AMAZON-02 (AS16509)	1
net.tw	ENZUINC (AS18978)	1
Akamai Connected Cloud	KDDI CORPORATION (AS2516)	2
net.tw	ECOMMERCE (AS46597)	1
jabber.hk	Hong Kong Broadband Network Ltd. (AS9269)	1
ultahost.com	Datacamp Limited (AS212238)	1
net.tw	Yahoo Global Holdings B.V. Taiwan Branch (AS24506)	2
vmi.se	Vaddo Media Information IS AB (AS41943)	1
nowcndns.com	GOOGLE (AS15169)	1
Akamai International B.V.	GOOGLE-CLOUD-PLATFORM (AS396982)	4
netim.net	senseLAN GmbH (AS31736)	1
nic.ru	Internet-Pro LLC (AS44128)	1
dej.tw	Data Communication Business Group (AS3462)	1
domainers.de	Host Europe GmbH (AS8972)	1
netim.net	GOOGLE-CLOUD-PLATFORM (AS396982)	1
SECURITYSERVICES	CHEVRON (AS7862)	1
SECURITYSERVICES	DIGITALOCEAN-ASN (AS14061)	2
net.tw	Wix.com Ltd. (AS58182)	2
Bdl Systemes SAS	OVH SAS (AS16276)	1
dnx.de	DN-Systems Enterprise Internet Solutions GmbH (AS42034)	1
genesys informatica srl	Tesecom S.r.l. (AS44062)	1
elweb.tw	Data Communication Business Group (AS3462)	1
ANEXIA Internetdienstleistungs GmbH	Web Dadeh Paydar Co (Ltd) (AS49556)	1
WEBNX	MICROSOFT-CORP-MSN-AS-BLOCK (AS8075)	1
ns25.de	Contabo GmbH (AS51167)	2
ns14.net	Strato GmbH (AS6724)	1
itandtel.at	eww ag (AS21013)	1
ig-1.net	Iguane Solutions SAS (AS39605)	1
corvex.tw	Data Communication Business Group (AS3462)	1
midtowndoornailns.com	AMAZON-02 (AS16509)	1
CLOUDFLARENET	GIGACOMM PTY LTD (AS139049)	1
Host Europe GmbH	RM B, 2F 88 KWAI CHEONG ROAD (AS132056)	1
inforent.de	INFORENT GmbH (AS21336)	1
oil.tw	Data Communication Business Group (AS3462)	1
net.tw	Taiwan Mobile Co., Ltd. (AS24158)	1
intergroup.net	Yuan-Jhen Info., Co., Ltd (AS131149)	2
danaweb.org	Telia Company AB (AS3308)	1
itandtel.at	Hetzner Online GmbH (AS24940)	1
peggyli.tw	Taiwan Fixed Network, Telco and Network Service Provider. (AS9924)	1
sheico.tw	ZEN-ECN (AS21859)	1
Host Europe GmbH	SHINE TELECOM CO., LTD. (AS63902)	2
dnsbycomodo.net	NETWORK-SOLUTIONS-HOSTING (AS19871)	1
sedo.com	SEDO GmbH (AS47846)	1
server2012.	Data Communication Business Group (AS3462)	1
ieshop.tw	Data Communication Business Group (AS3462)	2
issaglobal.tw	PUMO NETWORK DIGITAL TECHNOLOGY CO.,LTD (AS38843)	1
server285.com	ICDSoft Ltd. (AS8739)	1
pulsation.fr	Scaleway S.a.s. (AS12876)	1
nowcndns.com	MICROSOFT-CORP-MSN-AS-BLOCK (AS8075)	1
net.tw	HITRON TECHNOLOGY INC. (AS9311)	5
CLOUDFLARENET	netcup GmbH (AS214996)	1
AS-VULTR	AMAZON-02 (AS16509)	1
dn-s.be	Signet B.V. (AS20857)	2
goldbank.tw	PUMO NETWORK DIGITAL TECHNOLOGY CO.,LTD (AS38843)	1
zcom.it	Limitis s.r.l. (AS50178)	1
domainhotelli.fi	Planeetta Internet Oy (AS58003)	1
a1.net	Nessus GmbH (AS47692)	1
ideefix.at	Russmedia IT GmbH (AS5385)	2
inleed.net	Yelles AB (AS206170)	1
vwfs.net	Volkswagen Financial Services AG (AS205505)	1
vivipos.tw	Data Communication Business Group (AS3462)	1
name-services.com	IOFLOOD (AS53755)	1
dnsip.com	LUOGELANG FRANCE LIMITED (AS135097)	1
digitfast.com	LEASEWEB HONG KONG LIMITED (AS133752)	1
hyp.net	GOOGLE-CLOUD-PLATFORM (AS396982)	1
LVLT-3549	HEILIND (AS23160)	4
a2dns.com	A2HOSTING (AS55293)	1
com.tw	kbro CO. Ltd. (AS38841)	2
CLOUDFLARENET	SingTel Optus Pty Ltd (AS7474)	1
mybiz.tw	New Century InfoComm Tech Co., Ltd. (AS9919)	1
GOOGLE-CLOUD-PLATFORM	ZEN-ECN (AS21859)	2
GANDI SAS	GMO Internet Group, Inc. (AS7506)	2
mann-hummel.com	AMAZON-02 (AS16509)	2
nexws.com	Sony Network Taiwan Limited (AS18182)	1
OVH SAS	Chief Telecom Inc. (AS131600)	2
stabletransit.com	AMAZON-02 (AS16509)	3
cogentco.com	COGENT-174 (AS174)	2
bonecom.tw	Data Communication Business Group (AS3462)	1
myhost.tw	Data Communication Business Group (AS3462)	1
subzero.com	SZW-INC (AS53934)	1
routing.net	Cloudflare London, LLC (AS209242)	1
G-Core Labs S.A.	DXTL Tseung Kwan O Service (AS134548)	6
Host Europe GmbH	Host Europe GmbH (AS8972)	2
204.6	Data Communication Business Group (AS3462)	1
server-252.	New Century InfoComm Tech Co., Ltd. (AS9919)	1
makeitdns.com	Sparkinit S.r.l. (AS39825)	1
lifeinfo.tw	HVC-AS (AS29802)	1
hoster.ru	Citytelecom LLC (AS12616)	1
karasumi.tw	Data Communication Business Group (AS3462)	1
vp-dns.net	OVH SAS (AS16276)	3
com.tw	Nanjing, Jiangsu Province, P.R.China. (AS137702)	1
swizzonic.ch	swizzonic ltd (AS212506)	2
GOOGLE	IRON-MOUNTAIN (AS21549)	1
AS-VULTR	LEASEWEB SINGAPORE PTE. LTD. (AS59253)	2
artwork.li	Hetzner Online GmbH (AS24940)	1
CLOUDFLARENET	GTCOMM (AS36666)	1
makeshop.com	KINX (AS9286)	3
AMAZON-02	Rackforest Zrt. (AS62214)	1
ynb.tw	Data Communication Business Group (AS3462)	1
Safenames Ltd.	RACKSPACE (AS19994)	1
net.tw	CHINA UNICOM China169 Backbone (AS4837)	1
yozai.tw	SaveCom Internation Inc. (AS9676)	1
joyful.tw	Akamai Connected Cloud (AS63949)	1
com.tw	SUCURI-SEC (AS30148)	1
SECURITYSERVICES	Saab AB (AS197425)	1
ipcom GmbH	DATAPIPE (AS14492)	1
SECURITYSERVICES	GANDI SAS (AS29169)	1
accenture.com	MICROSOFT-CORP-MSN-AS-BLOCK (AS8075)	1
cewedigital.de	CEWE Stiftung & Co. KGaA (AS49494)	1
xundns.com	Spartan Host Ltd (AS201106)	2
NUCDN	Keepit A/S (AS9120)	1
dcsix.net	Hetzner Online GmbH (AS24940)	3
gr-ns.com	GETRESPONSE-IMPLIX (AS46469)	1
hughestelematics.com	NETWORK-SOLUTIONS-HOSTING (AS19871)	1
name-services.com	Cloudflare London, LLC (AS209242)	2
ZONER a.s.	VSHosting s.r.o. (AS43541)	1
unonet.it	Aruba S.p.A. (AS31034)	1
ipcom GmbH	Redcentric Solutions Ltd (AS31463)	1
fhl.tw	GOOGLE-CLOUD-PLATFORM (AS396982)	1
noris.ch	noris network AG (AS12337)	3
dnspod.net	Chinanet (AS4134)	1
w3w.de	IPB Internet Provider in Berlin GmbH (AS20647)	1
fresenius.de	AMAZON-02 (AS16509)	1
fasteners.tw	Wix.com Ltd. (AS58182)	1
eurixx.com	CANCOM Managed Services GmbH (AS8469)	1
GANDI SAS	G-Core Labs S.A. (AS199524)	1
GOOGLE-CLOUD-PLATFORM	GMO Internet Group, Inc. (AS7506)	1
newsnow.org	COGENT-174 (AS174)	1
wecareweshare.tw	Data Communication Business Group (AS3462)	1
ip-projects.de	IP-Projects GmbH & Co. KG (AS48314)	1
speedkom.net	IDKOM Networks GmbH (AS12931)	2
Host Europe GmbH	Akari Networks (AS38136)	1
CLOUDFLARENET	ZEN-ECN (AS21859)	5
muumuu-domain.com	SAKURA Internet Inc. (AS7684)	1
NUCDN	Optimizely AB (AS30811)	1
devoteam.tw	SAKURA Internet Inc. (AS9370)	1
completehub.net	OVH SAS (AS16276)	1
nic53.de	OVH SAS (AS16276)	1
ackle.ch	InterNetX GmbH (AS15456)	1
netim.net	CLOUDFLARENET (AS13335)	1
markmonitor.zone	A2HOSTING (AS55293)	1
AMAZON-02	IS (AS3741)	1
Sky Digital Co., Ltd.	Sky Digital Co., Ltd. (AS134823)	5
GANDI SAS	LEASEWEB SINGAPORE PTE. LTD. (AS59253)	2
ttsound.tw	PUMO NETWORK DIGITAL TECHNOLOGY CO.,LTD (AS38843)	1
rox.net	Dembach Goo Informatik GmbH & Co. KG (AS44946)	1
acsite.net	IS-AS-1 (AS19318)	3
hi-teck.tw	Data Communication Business Group (AS3462)	1
CLOUDFLARENET	AZT (AS53587)	2
ecpage.com	AMAZON-02 (AS16509)	2
Knipp Medien und Kommunikation GmbH	Bremen Briteline GmbH (AS30742)	1
com.au	Akamai Connected Cloud (AS63949)	1
register.it	SEEWEB s.r.l. (AS12637)	1
accountservergroup.com	DIGITALOCEAN-ASN (AS14061)	1
twope.tw	Data Communication Business Group (AS3462)	1
myfcloud.com	Akamai Connected Cloud (AS63949)	3
dintaifung.tw	Data Communication Business Group (AS3462)	1
BIZLAND-SD	Digital United Inc. (AS4780)	1
GOOGLE-CLOUD-PLATFORM	National Central University (AS18420)	2
ns14.net	ADVANCED Systemhaus GmbH (AS21235)	1
newnet.	Data Communication Business Group (AS3462)	1
AMAZON-02	I3BROADBAND (AS12119)	1
SECURITYSERVICES	The Offices at Central World, 27th floor (AS45530)	1
webglobe.cz	Webglobe, s.r.o. (AS29134)	1
GANDI SAS	SaveCom Internation Inc. (AS9676)	1
Rackspace Ltd.	IS (AS3741)	1
webserver.	Data Communication Business Group (AS3462)	1
CLOUDFLARENET	Probe Networks (AS29686)	1
synology.com	AMAZON-02 (AS16509)	1
ipcom GmbH	Retelit Digital Services S.p.A. (AS3302)	1
Deutsche Telekom AG	Hetzner Online GmbH (AS24940)	2
ATT-INTERNET4	INCAPSULA (AS19551)	1
GOOGLE-CLOUD-PLATFORM	Contabo Asia Private Limited (AS141995)	1
blacknight.com	The Internet Business Ltd (AS41678)	1
CLOUDFLARENET	SonderCloud Limited (AS133199)	2
gdmnet.se	MICROSOFT-CORP-MSN-AS-BLOCK (AS8075)	1
NSS INTL CO., LTD.	FASTLY (AS54113)	2
qcellsdns.de	webgo GmbH (AS48324)	2
wellbus.tw	Data Communication Business Group (AS3462)	1
dbaphd.net	Hetzner Online GmbH (AS24940)	1
SECURITYSERVICES	Hong Kong Domain Name Registration Co. Ltd (AS9735)	1
systemdns.com	DIGITALOCEAN-ASN (AS14061)	1
namespro.ca	DIGITALOCEAN-ASN (AS14061)	1
AMAZON-02	Shinjiru Technology Sdn Bhd (AS45839)	1
Host Europe GmbH	Akamai International B.V. (AS20940)	1
web949.tw	Yuan-Jhen Info., Co., Ltd (AS131149)	3
IVENUE	AMAZON-AES (AS14618)	4
SECURITYSERVICES	CENTURYLINK-LEGACY-SAVVIS (AS3561)	1
udomain.net	UDomain Web Hosting Company Ltd (AS23881)	3
ab stract ltd	Bradler & Krantz GmbH & Co. KG (AS29141)	1
fangyu.tw	PUMO NETWORK DIGITAL TECHNOLOGY CO.,LTD (AS38843)	1
tepsis.net	IONOS SE (AS8560)	1
BMS-AS	GOOGLE-CLOUD-PLATFORM (AS396982)	3
CLOUDFLARENET	Yancy Limited (AS138415)	5
Data Communication Business Group	INMOTION (AS22611)	1
5908.tw	Data Communication Business Group (AS3462)	1
namesrv.ch	Hetzner Online GmbH (AS24940)	1
injerry.com	Data Communication Business Group (AS3462)	1
afraid.org	SHARKTECH (AS46844)	4
angels-inc.com	DIGITALOCEAN-ASN (AS14061)	1
markmonitor.com	CLOUDFLARENET (AS13335)	1
ordipat.fr	Ecritel SASU (AS8304)	1
huiyin.tw	Data Communication Business Group (AS3462)	1
SECURITYSERVICES	Navisite Opco LLC (AS197832)	1
formosat.tw	National Center for High-performance Computing (AS7539)	1
AMAZON-02	Hong Kong Broadband Network Ltd. (AS9269)	1
dos-group.com	Bluewin (AS3303)	1
sunjing.tw	Data Communication Business Group (AS3462)	1
atvirtual.eu	AMAZON-02 (AS16509)	1
dn-s.nl	DIGITALOCEAN-ASN (AS14061)	1
server-mh.de	InterNetX GmbH (AS15456)	1
SECURITYSERVICES	SYMANTEC-CORPORATION (AS16733)	1
port.tw	Data Communication Business Group (AS3462)	1
OVH SAS	Ikoula Net SAS (AS21409)	1
letsdnsit.nl	CLOUDFLARENET (AS13335)	1
lionfree.net	Data Communication Business Group (AS3462)	3
systemdns.com	DC74-AS (AS17216)	1
informadns.com	CLOUDFLARENET (AS13335)	2
kuch.tw	Data Communication Business Group (AS3462)	1
NSONE	kbro CO. Ltd. (AS38841)	1
oray.net	Chinanet (AS4134)	2
alb.de	GBC GmbH Internet Service Center Ingenieurgesellschaft fuer Systemsoftware und Kommunikation (AS24766)	4
xn--lsv1b.tw	Data Communication Business Group (AS3462)	1
servicio-online.net	acens Technologies, S.L. (AS16371)	1
nsprimario.com	Euskaltel S.A. (AS12338)	1
fakro.pl	OVH SAS (AS16276)	1
IONOS SE	Artfiles New Media GmbH (AS8893)	1
active.com	SSASN2 (AS20454)	1
ordipat.fr	AMAZON-02 (AS16509)	1
dns.	Data Communication Business Group (AS3462)	1
Data Communication Business Group	Serverfield Co., Ltd. (AS134094)	1
register.it	CriticalCase s.r.l (AS48815)	1
abt.tw	Data Communication Business Group (AS3462)	1
CHINA UNICOM China169 Backbone	FD-298-8796 (AS8796)	3
com.tw	GO-DADDY-COM-LLC (AS398101)	1
taiwanmobile.com	Taiwan Mobile Co., Ltd. (AS24158)	1
yi-fe.net	SaveCom Internation Inc. (AS9676)	1
linode.com	FASTLY (AS54113)	3
sgcloudhosting.com	Exabytes Network Singapore Pte. Ltd. (AS38532)	1
nstool.de	Randy Sieber (AS213211)	1
apro-br.tw	PUMO NETWORK DIGITAL TECHNOLOGY CO.,LTD (AS38843)	1
GANDI SAS	IX Reach Ltd (AS4455)	2
gransy.com	Vodafone Czech Republic a.s. (AS16019)	1
allwebnow.com	FIBERSTATE (AS26042)	1
CLOUDFLARENET	Macquarie Technology Operations Pty Limited (AS17477)	1
HURRICANE	CLOUDFLARENET (AS13335)	1
SECURITYSERVICES	Contabo Asia Private Limited (AS141995)	1
kosda.tw	Data Communication Business Group (AS3462)	1
ipcom GmbH	UNIFIEDLAYER-AS-1 (AS46606)	2
tld.pl	Cyber_Folks S.A. (AS29522)	1
virtualhosts.de	Bradler & Krantz GmbH & Co. KG (AS29141)	1
Alibaba US Technology Co., Ltd.	MICROSOFT-CORP-MSN-AS-BLOCK (AS8075)	1
CLOUDFLARENET	CCCAS-1 (AS11402)	1
nowcndns.com	NEBULA (AS140224)	1
one.com	GlobalConnect A/S (AS31027)	1
chili.tw	Data Communication Business Group (AS3462)	1
amityithosting.com	Entity Data Pty Limited (AS56057)	1
cloudns.net	GOOGLE-CLOUD-PLATFORM (AS396982)	1
krones-group.com	PlusServer GmbH (AS61157)	1
ncdr.tw	Data Communication Business Group (AS3462)	1
SECURITYSERVICES	velia.net Internetdienste GmbH (AS29066)	1
lihi.tw	Data Communication Business Group (AS3462)	1
Iomart Cloud Services Limited	Krystal Hosting Ltd (AS12488)	1
gotek.tw	PUMO NETWORK DIGITAL TECHNOLOGY CO.,LTD (AS38843)	1
AMAZON-02	RAMNODE (AS3842)	1
millenniumarts.net	Hetzner Online GmbH (AS24940)	1
ipmirror.com	EPAG Domainservices GmbH (AS12915)	2
SECURITYSERVICES	InterNetX GmbH (AS15456)	1
pironet-ndh.com	Signet B.V. (AS20857)	1
BIZLAND-SD	Data Communication Business Group (AS3462)	1
rehau.com	REHAU Industries SE & Co. KG (AS204138)	1
rhx.info	CDLAN SpA (AS20836)	1
CLOUDFLARENET	HKCLOUDX (AS62468)	1
quadsys.net	AMAZON-02 (AS16509)	1
SECURITYSERVICES	united-domains GmbH (AS202108)	1
u-tao.tw	Data Communication Business Group (AS3462)	1
IONOS SE	Tencent Building, Kejizhongyi Avenue (AS132203)	1
Host Europe GmbH	DATACANOPY-IRV01 (AS1069)	1
email.tw	Data Communication Business Group (AS3462)	1
markmonitor.com	RFC2270-UUNET-CUSTOMER (AS7046)	1
GANDI SAS	SOFTLAYER (AS36351)	1
GANDI SAS	KEYYO SA (AS34659)	1
Host Europe GmbH	DaDa Broadband LTD. (AS18419)	2
co.kr	AMAZON-AES (AS14618)	1
LEASEWEB-USA-SFO	AMAZON-02 (AS16509)	2
Data Communication Business Group	Exa Bytes Network Sdn.Bhd. (AS46015)	1
GOOGLE	UNIFIEDLAYER-AS-1 (AS46606)	2
ns14.net	CTS Eventim Solutions GmbH (AS204253)	3
myh0st.com	OVH SAS (AS16276)	1
Host Europe GmbH	National Center for High-performance Computing (AS7539)	1
OVH SAS	Clever Cloud SAS (AS213394)	1
OVH SAS	Rackone Srl (AS200858)	1
axi.tw	Data Communication Business Group (AS3462)	1
ipcom GmbH	CSC Administrative Services Limited (AS34922)	1
fptindustrial.com	MICROSOFT-CORP-MSN-AS-BLOCK (AS8075)	1
AMAZON-02	BACOM (AS577)	1
PONYNET	WEBHOSTINGHOLDINGS (AS965)	2
kiagdomain.de	Mittwald CM Service GmbH & Co. KG (AS15817)	1
com.tw	A2HOSTING (AS55293)	2
arcemus.com	CSC (AS19574)	1
longi.tw	Data Communication Business Group (AS3462)	1
elaiis.com	Data Communication Business Group (AS3462)	1
web-solutions.dk	Sentia Denmark A/S (AS47292)	3
asiaskin.tw	Data Communication Business Group (AS3462)	1
myhostadmin.net	Cloudie Limited (AS55933)	1
site.pro	AMAZON-02 (AS16509)	2
Yuan-Jhen Info., Co., Ltd	WHG Hosting Services Ltd (AS199404)	1
WUSTL-ASN	WUSTL-ASN (AS2552)	2
biodiv.tw	Academia Sinica (AS9264)	1
server285.com	CLOUDFLARENET (AS13335)	1
ultranameservers.com	DF-TUKWILA01 (AS3361)	1
norz.it	Server Plan S.r.l. (AS52030)	1
AMAZON-02	Retelit Digital Services S.p.A. (AS3302)	1
holonameserver-1.it	Seflow s.r.l. (AS49367)	2
Global Village GmbH	Delticom Ag (AS57533)	1
j-mall.tw	Yuan-Jhen Info., Co., Ltd (AS131149)	1
server319.com	ICDSoft Ltd. (AS8739)	1
enel.it	INCAPSULA (AS19551)	1
rackspace.com	RMH-14 (AS33070)	1
GOOGLE-CLOUD-PLATFORM	KAGOYA JAPAN Inc. (AS24282)	1
itsjefen.no	ITsjefen AS (AS44381)	1
ORACLE-BMC-31898	DIGIKEY (AS14738)	1
AMAZON-02	SHARKTECH (AS46844)	1
GOOGLE-CLOUD-PLATFORM	VPLSNET (AS35908)	1
Hetzner Online GmbH	DIGITALOCEAN-ASN (AS14061)	1
supremedns.com	LIQUIDNETLTD1 (AS14555)	1
170.83	Digital United Inc. (AS4780)	1
GANDI SAS	Societe Francaise Du Radiotelephone - SFR SA (AS15557)	3
SECURITYSERVICES	NTT-DATA-2914 (AS2914)	2
yijinn.tw	Data Communication Business Group (AS3462)	1
easydns.ca	DIGITALOCEAN-ASN (AS14061)	1
net.tw	Cloudflare London, LLC (AS209242)	2
SECURITYSERVICES	CONFLUENCE-NETWORK-INC (AS40034)	2
CLOUDFLARENET	ASN-CXA-ALL-CCI-22773-RDC (AS22773)	1
CHINANET Guangdong province network	NTT Com Asia Limited (AS9293)	2
myhostadmin.net	Hong Kong Zhengxing Technology Co., Ltd. (AS150706)	1
swizzonic.ch	OVH SAS (AS16276)	1
aipi.hk	Hetzner Online GmbH (AS24940)	1
CLOUDFLARENET	VH Global Limited (AS42960)	1
unitedhotel.tw	TISNET Technology Inc. (AS7535)	1
jimmy.tw	Data Communication Business Group (AS3462)	4
CLOUDFLARENET	Fundaments B.V. (AS20559)	1
AMAZON-02	UCLOUD INFORMATION TECHNOLOGY HK LIMITED (AS135377)	1
ipcom GmbH	Axians AB (AS20514)	1
Host Europe GmbH	CYXTERA-CYXTERA-TECHNOLOGIES-INC (AS12213)	1
cloudns.net	Servereasy Srl (AS60798)	1
IONOS SE	cyon GmbH (AS47302)	1
AMAZON-02	SAKURA Internet Inc. (AS7684)	1
Akamai International B.V.	Coles Supermarkets Australia Pty Ltd (AS17983)	1
mojohost.com	MOJOHOST (AS27589)	1
com.tw	VEE TIME CORP. (AS17809)	1
mycard520.tw	Data Communication Business Group (AS3462)	1
puding.tw	Data Communication Business Group (AS3462)	1
ATT-INTERNET4	MESIROW (AS40016)	1
epartment.nl	Hetzner Online GmbH (AS24940)	1
xundns.com	ABCDE GROUP (AS133201)	2
NSS INTL CO., LTD.	GOOGLE (AS15169)	1
NUCDN	1&1 Versatel Deutschland GmbH (AS8881)	1
SECURITYSERVICES	Key-Systems GmbH (AS13246)	1
AMAZON-02	LeaseWeb Netherlands B.V. (AS60781)	1
arvixe.com	UNIFIEDLAYER-AS-1 (AS46606)	1
o3host.net	20i Limited (AS48254)	1
Host Europe GmbH	KAGOYA JAPAN Inc. (AS24282)	1
com.hk	UDomain Web Hosting Company Ltd (AS23881)	1
rhsoftware.de	M-net Telekommunikations GmbH (AS8767)	1
dogado.de	SUCURI-SEC (AS30148)	1
schneid.at	T-Mobile Austria GmbH (AS8412)	1
com.sg	LEVEL3 (AS3356)	3
pointdnshere.com	RM B, 2F 88 KWAI CHEONG ROAD (AS132056)	2
capitalfund.tw	AMAZON-AES (AS14618)	1
mwebdns.de	dogado GmbH (AS45012)	1
st.com	AMAZON-02 (AS16509)	2
ns14.net	ADESTIS GmbH (AS204053)	2
acidados.net	CiberConceito Informatica e Servicos Unipessoal, Lda (AS208277)	1
taxo.tw	Data Communication Business Group (AS3462)	1
dgfactor.com	AMAZON-02 (AS16509)	2
Akamai Connected Cloud	GOOGLE (AS15169)	1
Host Europe GmbH	Hong Kong Communications International Co., Limited (AS140227)	1
webhostingireland.ie	AMAZON-02 (AS16509)	1
Host Europe GmbH	METANET AG (AS21069)	1
com.tw	China Telecom Group (AS4812)	1
jnso.tw	TISNET Technology Inc. (AS7535)	1
dnsip.com	ZILLION-NETWORK (AS54801)	1
1and1.fr	IONOS SE (AS8560)	1
awsdns-00.org	AMAZON-02 (AS16509)	2
ascensehosting.com	GTCOMM (AS36666)	1
dnspod.net	UCLOUD INFORMATION TECHNOLOGY HK LIMITED (AS135377)	1
villah.eu	HostGhost B.V. (AS197395)	1
net.nz	One New Zealand Group Limited (AS4768)	1
CLOUDFLARENET	SSASN2 (AS20454)	1
GANDI SAS	all-connect Data Communications GmbH (AS21476)	1
ascio.com	MICROSOFT-CORP-MSN-AS-BLOCK (AS8069)	1
Arvato Systems GmbH	DTS Systeme GmbH (AS8879)	1
psjy.tw	TISNET Technology Inc. (AS7535)	1
Akamai International B.V.	TDC Holding A/S (AS3292)	1
joopbox.com	AMAZON-02 (AS16509)	1
Safenames Ltd.	Mittwald CM Service GmbH & Co. KG (AS15817)	1
xincache.com	HKBN Enterprise Solutions Limited (AS17444)	1
domain.tld	Data Communication Business Group (AS3462)	1
DIGICERT	AS-COLOCROSSING (AS36352)	1
CLOUDFLARENET	SEDO GmbH (AS47846)	1
inhostedns.com	Hetzner Online GmbH (AS24940)	1
its-robopharma.com	Serverius Holding B.V. (AS50673)	1
neoceed.jp	ITOCHU Techno-Solutions Corporation (AS9993)	1
Data Communication Business Group	China Telecom Next Generation Carrier Network (AS4809)	1
23net.hu	23VNet Kft. (AS30836)	1
e4sp.tw	EMGINECONCEPT-01 (AS31972)	1
netafraz.com	Asiatech Data Transmission company (AS43754)	1
webb.net	GleSYS AB (AS42708)	1
curanet.dk	team.blue Denmark A/S (AS48854)	2
markmonitor.com	LeaseWeb Netherlands B.V. (AS60781)	1
IONOS SE	23M GmbH (AS47447)	2
AS-VULTR	VERISIGN-ILG1 (AS30060)	1
markmonitor.com	GOOGLE-CLOUD-PLATFORM (AS396982)	2
tycoelectronics.com	AS3585 (AS3585)	1
rackspace.com	AMAZON-AES (AS14618)	1
oray.net	Shanghai Mobile Communications Co.,Ltd. (AS24400)	1
CLOUDFLARENET	I LAYER LIMITED (AS137899)	2
xn--ehqw60f.tw	TISNET Technology Inc. (AS7535)	1
ri168.tw	Data Communication Business Group (AS3462)	1
skf.com	Arelion Sweden AB (AS1299)	1
luadns.net	ORACLE-BMC-31898 (AS31898)	1
dnspod.com	PONYNET (AS53667)	1
digitalarchives.tw	Academia Sinica (AS9264)	1
CLOUDFLARENET	NETMINDERS (AS7040)	1
com.tw	AS-COLOCROSSING (AS36352)	4
netsons.net	IONOS SE (AS8560)	2
dcmediahosting.com	UpCloud Ltd (AS202053)	1
quicns.net	AS-VULTR (AS20473)	1
prncpm.com	AMAZON-02 (AS16509)	1
lewishome.tw	Data Communication Business Group (AS3462)	1
awedns.com	Shinjiru Technology Sdn Bhd (AS45839)	1
newsbook.net	CITIC Telecom International CPC Limited (AS4058)	1
quattrosec.cloud	eww ag (AS21013)	2
xincache.com	Rackspace IT Hosting AS IT Hosting Provider Hong Kong (AS45187)	1
markmonitor.com	METANET AG (AS21069)	1
getplate.com	AMAZON-02 (AS16509)	1
itc-services.info	Strato GmbH (AS6724)	1
Safenames Ltd.	LVLT-3549 (AS3549)	1
future-s.com	KAGOYA JAPAN Inc. (AS24282)	1
zoneedit.com	New Century InfoComm Tech Co., Ltd. (AS9919)	1
panthur.com	Hostopia Australia Web Pty Ltd (AS55803)	1
CLOUDFLARENET	AS-GLOBALTELEHOST (AS63023)	1
Host Europe GmbH	QTS-SUW1-ATL1 (AS20141)	1
co.nz	Two Degrees Mobile Limited (AS9889)	1
545.tw	Alibaba US Technology Co., Ltd. (AS45102)	1
hibaby.tw	Data Communication Business Group (AS3462)	1
AMAZON-02	Cellcom Fixed Line Communication L.P (AS1680)	1
ysp.tw	Data Communication Business Group (AS3462)	1
name-services.com	Akamai Connected Cloud (AS63949)	1
name-services.com	AS-VULTR (AS20473)	1
investtaiwan.tw	Data Communication Business Group (AS3462)	1
nsa.hu	ATW Internet Kft. (AS41075)	1
Host Europe GmbH	Kingsoft cloud corporation limited (AS137280)	2
GOOGLE	WIIT AG (AS24961)	1
Nessus GmbH	Noehmer Cablevision GmbH (AS60517)	1
ab stract ltd	Telia Company AB (AS3301)	1
CLOUDFLARENET	DigiRock, Inc. (AS37907)	1
shunhua.tw	Data Communication Business Group (AS3462)	1
AMAZON-02	VPLSNET (AS35908)	1
blue-sky.tw	NTT PC Communications, Inc. (AS2514)	1
mobilis-direct.com	Orange (AS3215)	1
ab stract ltd	CLOUDFLARENET (AS13335)	1
Host Europe GmbH	Enflow B.V. (AS209626)	3
Host Europe GmbH	WTP (AS38325)	1
Host Europe GmbH	kbro CO. Ltd. (AS38841)	1
sroptics.tw	Data Communication Business Group (AS3462)	1
lachinata.tw	Data Communication Business Group (AS3462)	1
cscudns.com	MICROSOFT-CORP-MSN-AS-BLOCK (AS8075)	1
GANDI SAS	Free SAS (AS12322)	1
bechtle.com	Bechtle AG (AS21161)	1
perfectdns.com	OVH SAS (AS16276)	2
OVH SAS	FASTLY (AS54113)	2
co.uk	AS-26496-GO-DADDY-COM-LLC (AS26496)	1
planetary-networks.com	InterNetX GmbH (AS15456)	2
CLOUDFLARENET	CONSOLE-CONNECT-ASN (AS3491)	1
Data Communication Business Group	Great Taipei Broadband Company Ltd. (AS18413)	1
mann-hummel.com	Deutsche Telekom AG (AS3320)	3
123ns.de	Hetzner Online GmbH (AS24940)	1
ipgarde.net	OVH SAS (AS16276)	1
chungtai.tw	Data Communication Business Group (AS3462)	1
telemar.it	KDDI CORPORATION (AS2516)	1
deutschepost.de	DHLNET (AS2571)	2
OVH SAS	Celeste SAS (AS34177)	1
Host Europe GmbH	High Family Technology Co., Limited (AS142032)	1
Rackspace Ltd.	AMAZON-AES (AS14618)	1
xjob.tw	Data Communication Business Group (AS3462)	1
hly.tw	Data Communication Business Group (AS3462)	1
Host Europe GmbH	UAB Interneto vizija (AS212531)	1
lemarit.de	dogado GmbH (AS45012)	1
criticalcase.com	CriticalCase s.r.l (AS48815)	1
pni.tw	Pittqiao Network Information Co.,Ltd. (AS131642)	2
GOOGLE-CLOUD-PLATFORM	WHG Hosting Services Ltd (AS204800)	1
yangee.tw	Contabo GmbH (AS51167)	1
GANDI SAS	UNIFIEDLAYER-AS-1 (AS46606)	1
GMO Internet Group, Inc.	VOODOO1 (AS19867)	1
ns1.pl	PROGRESO.PL Sp. z o.o (AS210379)	1
co.za	Hivelocity LLC (AS61317)	1
hinet.global	Pars Parva System LLC (AS60631)	1
machsol.com	MachCloud B.V. (AS39146)	1
intergroup.net	HITRON TECHNOLOGY INC. (AS9311)	1
SkyExchange Internet Access	UCLOUD INFORMATION TECHNOLOGY HK LIMITED (AS135377)	1
oryma.tw	PUMO NETWORK DIGITAL TECHNOLOGY CO.,LTD (AS38843)	1
timmehosting.de	Hetzner Online GmbH (AS24940)	1
domaza.net	Telepoint Ltd (AS31083)	1
MICROSOFT-CORP-MSN-AS-BLOCK	ATW Internet Kft. (AS41075)	1
SECURITYSERVICES	UPS (AS12217)	2
workon.tw	Data Communication Business Group (AS3462)	1
firstvictory.tw	Data Communication Business Group (AS3462)	1
iptwins.com	CLOUDFLARENET (AS13335)	1
akashield.net	Akamai International B.V. (AS20940)	1
dns1.de	nocyo GmbH (AS44335)	1
td-fn.net	arcos informationssysteme GmbH (AS41504)	1
afraid.org	AMAZON-AES (AS14618)	1
etan.tw	Data Communication Business Group (AS3462)	1
CLOUDFLARENET	PT Ikubaru Indonesia (AS135444)	2
Data Communication Business Group	West263 International Limited (AS139021)	2
ohyeah.tw	Data Communication Business Group (AS3462)	1
nic.ru	CLOUDFLARENET (AS13335)	1
genesys informatica srl	Hetzner Online GmbH (AS24940)	1
tsfp.tw	PUMO NETWORK DIGITAL TECHNOLOGY CO.,LTD (AS38843)	1
webhostingpad.com	Yuan-Jhen Info., Co., Ltd (AS131149)	1
tpck.tw	Data Communication Business Group (AS3462)	1
CLOUDFLARENET	Kaspersky Lab Switzerland GmbH (AS200107)	2
infoserve.de	InfoServe GmbH (AS9188)	1
cbe.tw	Data Communication Business Group (AS3462)	1
pcwang.tw	Data Communication Business Group (AS3462)	1
web-solutions.dk	Stichting DIGI NL (AS206281)	1
myfcloudfr.com	Akamai Connected Cloud (AS63949)	1
changeip.com	National Internet Backbone (AS9829)	1
eda.tw	Data Communication Business Group (AS3462)	1
dnshostlab.com	Tinext Cloud SA (AS197352)	1
ch-inter.net	METANET AG (AS21069)	3
serveur.com	Groupe Serveur SAS (AS20672)	1
Host Europe GmbH	CSC (AS19574)	1
pta.tw	New Century InfoComm Tech Co., Ltd. (AS9919)	1
ilv.tw	AS-VULTR (AS20473)	1
GOOGLE-CLOUD-PLATFORM	Dynamic Computing Technology (AS131601)	1
basf.com	AMAZON-02 (AS16509)	3
DIGICERT	WINDSTREAM (AS7029)	1
nxn.tw	Data Communication Business Group (AS3462)	1
ezdnscenter.com	Data Communication Business Group (AS3462)	1
myhostadmin.net	UCLOUD INFORMATION TECHNOLOGY HK LIMITED (AS135377)	2
EXPEDIENT	CONFLUENCE-NETWORK-INC (AS40034)	1
gigamydns.com	Gigabit Hosting Sdn Bhd (AS55720)	1
netim.net	DIGITALOCEAN-ASN (AS14061)	1
love12.tw	Data Communication Business Group (AS3462)	1
uggg.tw	Data Communication Business Group (AS3462)	1
gkm.tw	Data Communication Business Group (AS3462)	1
fei-bi.com	Akamai Connected Cloud (AS63949)	1
AMAZON-02	SUCURI-SEC (AS30148)	1
ATT-INTERNET4	UPS (AS12217)	1
OVH SAS	Akamai Connected Cloud (AS63949)	2
efficient.it	Pixel X e.K. (AS60380)	1
CLOUDFLARENET	HOSTWINDS (AS54290)	1
xundns.com	Yancy Limited (AS138415)	2
mainnameserver.com	Heart Internet limited (AS20738)	1
imvr.net	PUMO NETWORK DIGITAL TECHNOLOGY CO.,LTD (AS38843)	1
yandex.net	Ddos-guard Ltd (AS57724)	1
mordac.de	Host Europe GmbH (AS20773)	1
d-parts.de	Strato GmbH (AS6724)	1
1028.tw	AMAZON-02 (AS16509)	1
slicehost.net	RACKSPACE (AS19994)	2
CLOUDFLARENET	GNET INC. (AS9294)	1
wrhome.tw	Taiwan Infrastructure Network Technologie (AS18049)	1
m-online.net	SYCOR GmbH (AS25481)	1
name-services.com	New Century InfoComm Tech Co., Ltd. (AS9919)	1
Host Europe GmbH	ADCDATA.COM (AS135330)	1
DIGICERT	SOFTLAYER (AS36351)	1
GANDI SAS	Arkea Direct Bank SA (AS43751)	1
WEBNX	Layerstack Limited (AS133380)	1
cdesign.tw	Data Communication Business Group (AS3462)	1
afraid.org	AMAZON-02 (AS16509)	1
Scaleway S.a.s.	FASTLY (AS54113)	1
hosttech.ch	CLOUDFLARENET (AS13335)	1
dynu.com	Digital United Inc. (AS4780)	1
serverlet.com	OVH SAS (AS16276)	3
mecalux.tw	UUNET (AS702)	1
yotta.tw	Data Communication Business Group (AS3462)	1
internic.at	Telekom Austria (AS8447)	1
vacytechservers.info	Website Solution Limited (AS56059)	1
psychi.tw	PUMO NETWORK DIGITAL TECHNOLOGY CO.,LTD (AS38843)	1
etniabarcelona.ovh	OVH SAS (AS16276)	1
hoxiang.tw	PUMO NETWORK DIGITAL TECHNOLOGY CO.,LTD (AS38843)	1
dapx.co	Akamai Connected Cloud (AS63949)	1
dnsde.com	OVH SAS (AS16276)	1
co.uk	THOMSON-REUTERS (AS4583)	1
mainns.de	Deutsche Glasfaser Wholesale GmbH (AS60294)	1
gdata.de	GLASFASER RUHR GmbH & Co. KG (AS12329)	1
wheatstone-corp.com	LIMESTONENETWORKS (AS46475)	1
gclinic.tw	Data Communication Business Group (AS3462)	1
com.tw	HVC-AS (AS29802)	1
wpd-group.com	Bremen Briteline GmbH (AS30742)	1
GOOGLE-CLOUD-PLATFORM	Cloudflare London, LLC (AS209242)	4
oray.net	Hangzhou Alibaba Advertising Co.,Ltd. (AS37963)	1
MICROSOFT-CORP-MSN-AS-BLOCK	METANET AG (AS21069)	1
mwebdns.de	Deutsche Telekom AG (AS3320)	1
markmonitor.com	INCAPSULA (AS19551)	1
fuhong.tw	PUMO NETWORK DIGITAL TECHNOLOGY CO.,LTD (AS38843)	1
shushi.tw	Akamai Connected Cloud (AS63949)	1
GANDI SAS	xTom Japan Corporation (AS3258)	1
SECURITYSERVICES	Datagroup Se (AS198333)	2
armellin.com	COLT Technology Services Group Limited (AS8220)	1
namebay.com	Planet Bourgogne SARL (AS200339)	1
synology.me	Data Communication Business Group (AS3462)	2
terton.tw	Data Communication Business Group (AS3462)	1
GANDI SAS	Data Communication Business Group (AS4782)	1
mdns.	Taiwan Fixed Network, Telco and Network Service Provider. (AS9924)	1
pinebridge.com	GOOGLE-CLOUD-PLATFORM (AS396982)	1
domainoo.fr	AMAZON-02 (AS16509)	1
Host Europe GmbH	Ddos-guard Ltd (AS57724)	1
markmonitor.zone	Destiny France Entreprises SAS (AS197036)	1
xmns.nl	Contabo GmbH (AS51167)	1
dgfactor.net	AMAZON-02 (AS16509)	1
MMC	AMAZON-02 (AS16509)	1
toplong.tw	Yuan-Jhen Info., Co., Ltd (AS131149)	1
SECURITYSERVICES	ZAYO-6461 (AS6461)	1
netzpionier.at	eww ag (AS21013)	1
net.tw	Zen Internet Ltd (AS13037)	1
Yuan-Jhen Info., Co., Ltd	GOOGLE (AS15169)	4
nroute.de	FLY (AS40509)	1
fun4u.tw	Akamai Connected Cloud (AS63949)	1
NUCDN	Tilaa B.V. (AS196752)	1
Deutsche Telekom AG	Mittwald CM Service GmbH & Co. KG (AS15817)	1
IONOS SE	Host Europe GmbH (AS60253)	1
GANDI SAS	cyon GmbH (AS47302)	1
Data Communication Business Group	SINGLEHOP-LLC (AS32475)	2
skyrock.net	Telefun SAS (AS41064)	1
net.tw	AS-COLOCROSSING (AS36352)	1
ix1000.com	ZEN-ECN (AS21859)	1
scientology.org	GOOGLE-CLOUD-PLATFORM (AS396982)	1
NUCDN	LeaseWeb Netherlands B.V. (AS60781)	1
low-price.tw	NETWORK-SOLUTIONS-HOSTING (AS19871)	1
perf1.com	ML-1432-54994 (AS54994)	1
ggic.tw	Data Communication Business Group (AS3462)	1
ewdns.ch	Hostpoint AG (AS29097)	1
glitter.kr	Korea Telecom (AS4766)	1
hostfactory.ch	Zettaplan AG (AS200713)	1
dynamica.biz	Hetzner Online GmbH (AS24940)	2
nixihost.com	NIXIHOST (AS46505)	2
Host Europe GmbH	A1 Hrvatska d.o.o. (AS31012)	1
CLOUDFLARENET	Aire Networks Del Mediterraneo Sl Unipersonal (AS29119)	1
GANDI SAS	Talsion Sasu (AS206508)	1
cosmo-br.tw	PUMO NETWORK DIGITAL TECHNOLOGY CO.,LTD (AS38843)	1
Data Communication Business Group	Xserver Inc. (AS131965)	1
markmonitor.com	ALL42 s.r.l. (AS212054)	1
whixx.com	InterRacks B.V. (AS42093)	1
Akamai International B.V.	CANCOM Managed Services GmbH (AS8469)	1
NUCDN	OVH SAS (AS16276)	5
web.	Data Communication Business Group (AS3462)	2
myhostadmin.net	West263 International Limited (AS139021)	4
fc-net.fr	Franche Comte Net SAS (AS39931)	3
net.tw	UAB Interneto vizija (AS212531)	1
Host Europe GmbH	FLY (AS40509)	1
Signet B.V.	OSSO B.V. (AS43366)	1
markmonitor.zone	Yuan-Jhen Info., Co., Ltd (AS131149)	1
qiaoyi.tw	Data Communication Business Group (AS3462)	1
markmonitor.com	Kinamo N.V. (AS44806)	1
G-Core Labs S.A.	Akamai Connected Cloud (AS63949)	1
vistec.net	VISTEC Internet Service GmbH (AS20792)	1
afraid.org	NSS INTL CO., LTD. (AS131626)	1
Data Communication Business Group	LG DACOM Corporation (AS3786)	1
absolutushost.nl	Combell NV (AS34762)	1
ipublic.tw	Taiwan Infrastructure Network Technologie (AS18049)	1
trellian.com	Trellian Pty. Limited (AS133618)	1
darko.tw	Data Communication Business Group (AS3462)	1
jbc.tw	Data Communication Business Group (AS3462)	1
sns.tw	TISNET Technology Inc. (AS7535)	1
net.au	SQUARESPACE (AS53831)	1
labcorp.com	LABCORP-BLS (AS18994)	1
AMAZON-02	DIGITALOCEAN-ASN (AS14061)	2
ri-solution.com	Deutsche Telekom AG (AS3320)	2
ns14.net	Bisping & Bisping GmbH & Co KG (AS20686)	1
CLOUDFLARENET	SaveCom Internation Inc. (AS9676)	2
mschosting.com	Exa Bytes Network Sdn.Bhd. (AS46015)	2
cpaedu.tw	PUMO NETWORK DIGITAL TECHNOLOGY CO.,LTD (AS38843)	1
register.it	Hetzner Online GmbH (AS24940)	1
ronet.de	KOMRO Gesellschaft fuer Telekommunikation mit beschraenkter Haftung (AS29413)	1
dominiok.it	Hetzner Online GmbH (AS24940)	1
Data Communication Business Group	DWINS Digital Service Corp. (AS17416)	1
Host Europe GmbH	WEBNX (AS18450)	2
domainoo.fr	Data Communication Business Group (AS3462)	1
bunny.net	Datacamp Limited (AS60068)	3
d-53.info	Internet Initiative Japan Inc. (AS2497)	1
krausnaimer.com	Telecom Liechtenstein AG (AS20634)	1
dns.com	DAOU TECHNOLOGY (AS45996)	1
dnssrv.nl	UNIFIEDLAYER-AS-1 (AS46606)	1
CLOUDFLARENET	Extra-Lan Technologies Co., LTD (AS18429)	1
ilk.de	ILK Internet.Gmbh (AS12480)	1
brilliant.tw	Data Communication Business Group (AS3462)	1
antagus.de	Vautron Rechenzentrum AG (AS25504)	1
Yuan-Jhen Info., Co., Ltd	Alibaba US Technology Co., Ltd. (AS45102)	1
psi.jp	AMAZON-02 (AS16509)	1
net.tw	GITHUB (AS36459)	1
CLOUDFLARENET	M5HOSTING (AS21581)	2
ascio.com	Fastweb (AS12874)	1
domob.eu	OVH SAS (AS16276)	1
kpn.net	Vancis IP B.V. (AS15879)	3
datenstrom.cloud	NForce Entertainment B.V. (AS43350)	1
stlun.tw	Data Communication Business Group (AS3462)	1
Safenames Ltd.	UUNET (AS701)	1
prince.tw	Yuan-Jhen Info., Co., Ltd (AS131149)	1
brcriarnaweb.cloud	FORTRESSITX (AS25653)	1
audaxis.com	Maehdros S.A. (AS49677)	1
server1.	Data Communication Business Group (AS3462)	1
solarfilm.tw	TISNET Technology Inc. (AS7535)	1
linode.com	GITHUB (AS36459)	1
vngdns.net	Scloud Pte Ltd (AS142002)	2
twmail.org	GOOGLE-CLOUD-PLATFORM (AS396982)	1
Data Communication Business Group	Deutsche Telekom AG (AS3320)	1
CLOUDFLARENET	FIBERSTATE (AS26042)	1
CHINANET Guangdong province network	Chinanet (AS4134)	2
zoneedit.com	GOOGLE (AS15169)	1
MICROSOFT-CORP-MSN-AS-BLOCK	Cloudflare London, LLC (AS209242)	1
GANDI SAS	Pittqiao Network Information Co.,Ltd. (AS131642)	1
lemarit.de	Claas KGaA mbH (AS208868)	1
SECURITYSERVICES	Data Communication Business Group (AS3462)	5
dalemon.tw	Sony Network Taiwan Limited (AS18182)	1
register.it	Infrastructure Italia Colo S.r.l. (AS203201)	1
markmonitor.zone	EHI-NA-AS-1 (AS13893)	1
bitmex.network	AMAZON-02 (AS16509)	1
exxs.net	Hetzner Online GmbH (AS24940)	2
IONOS SE	dogado GmbH (AS45012)	1
reh.tw	AS-VULTR (AS20473)	1
Host Europe GmbH	VIETNAM POSTS AND TELECOMMUNICATIONS GROUP (AS135905)	2
yinyi.tw	AMAZON-02 (AS16509)	1
starone.tw	Data Communication Business Group (AS3462)	1
host-anycast.com	MICROSOFT-CORP-MSN-AS-BLOCK (AS8075)	1
CLOUDFLARENET	DACEN-2 (AS31863)	1
namesecure.de	PlusServer GmbH (AS61157)	1
Host Europe GmbH	Sony Network Taiwan Limited (AS18182)	4
webhost66.com	Data Communication Business Group (AS3462)	1
GANDI SAS	AUTOMATTIC (AS2635)	1
softlayer.com	SOFTLAYER (AS36351)	2
asiawhere.com	Sony Network Taiwan Limited (AS18182)	1
verisigndns.com	VERISIGN-CORP (AS16838)	1
CLOUDFLARENET	Bezeq International Ltd. (AS8551)	1
dnspod.net	High Family Technology Co., Limited (AS142032)	2
ns53.be	Combell NV (AS34762)	1
dns4rkcom.de	comtrance service GmbH (AS30962)	1
like.tw	GOOGLE (AS15169)	1
Host Europe GmbH	ATT-INTERNET4 (AS7018)	1
epag.net	Hetzner Online GmbH (AS24940)	1
CLOUDFLARENET	Hong Kong Communications International Co., Limited (AS140227)	3
CLOUDFLARENET	SOFTLAYER (AS36351)	2
sd-cross.de	Hetzner Online GmbH (AS24940)	1
sungen.tw	Data Communication Business Group (AS3462)	1
Host Europe GmbH	Internet Central Limited (AS6717)	1
IONOS SE	M-net Telekommunikations GmbH (AS8767)	1
CLOUDFLARENET	united-domains GmbH (AS202108)	1
taiwanbus.tw	Data Communication Business Group (AS4782)	1
webnames.ca	COGECO-PEER1 (AS13768)	2
united-family.tw	Data Communication Business Group (AS3462)	1
baodao-tw.com	Siamdata Communication Co.,Ltd. (AS56309)	3
ctec.tw	Data Communication Business Group (AS3462)	1
NSONE	Akamai International B.V. (AS213120)	2
SECURITYSERVICES	BELLSOUTH-NET-BLK (AS6389)	1
com.tw	Data Communication Business Group (AS4782)	2
intergroup.net	SOFTLAYER (AS36351)	2
dnsbycomodo.net	OIS1 (AS26337)	1
moc.tw	Data Communication Business Group (AS3462)	1
OVH SAS	Fastweb (AS12874)	1
schlundtech.de	netcup GmbH (AS197540)	1
cnt.net	Claranet Limited (AS8426)	1
IONOS SE	COLT Technology Services Group Limited (AS8220)	1
kdrive.tw	AboveNet Communications Taiwan (AS17408)	1
volkswagen.de	AMAZON-02 (AS16509)	1
hldns.com	COGENT-174 (AS174)	1
emkiobsdn03.	Sixsigma Networks Mexico, S.A. de C.V. (AS22908)	1
sykun.tw	Data Communication Business Group (AS3462)	1
ilv.tw	AS-26496-GO-DADDY-COM-LLC (AS26496)	1
MICROSOFT-CORP-MSN-AS-BLOCK	SCALEMATRIX (AS33695)	1
AMAZON-02	Akamai International B.V. (AS20940)	1
topbeauty.tw	Data Communication Business Group (AS3462)	1
suddenlink.net	SUDDENLINK-COMMUNICATIONS (AS19108)	1
ns14.net	DIGITALOCEAN-ASN (AS14061)	1
wyith.net	AMAZON-02 (AS16509)	1
HURRICANE	T-Mobile Czech Republic a.s. (AS13036)	1
nom-domaine.fr	OVH SAS (AS16276)	1
GANDI SAS	Taiwan Infrastructure Network Technologie (AS18049)	2
acml.com	ACML (AS13821)	1
Hetzner Online GmbH	Alexhost Srl (AS200019)	1
imos.net	Hetzner Online GmbH (AS24940)	1
CLDIN B.V.	Vancis IP B.V. (AS15879)	2
ns360.net	NTT Com Asia Limited (AS9293)	1
Host Europe GmbH	COLT Technology Services Group Limited (AS8220)	1
tw550.com	Taiwan Fixed Network, Telco and Network Service Provider. (AS9924)	1
Yuan-Jhen Info., Co., Ltd	VEE TIME CORP. (AS17809)	2
CLOUDFLARENET	PLANETHOSTER-8 (AS53589)	1
mtwater.tw	Data Communication Business Group (AS3462)	1
NetActuate, Inc	INCAPSULA (AS19551)	1
GOOGLE-CLOUD-PLATFORM	AUTOMATTIC (AS2635)	1
Host Europe GmbH	netcup GmbH (AS197540)	1
ipcom GmbH	Koos Broadband Telecom (AS18042)	1
zoneedit.com	AS40676 (AS40676)	1
1741.tw	Data Communication Business Group (AS3462)	1
hairstick.tw	SaveCom Internation Inc. (AS9676)	1
nameserver.co	LeaseWeb Netherlands B.V. (AS60781)	1
calligraphy.tw	PUMO NETWORK DIGITAL TECHNOLOGY CO.,LTD (AS38843)	1
GANDI SAS	DREAMHOST-AS (AS26347)	1
pccw.com	VDC Powerbase Hong Kong Data Centers Limited (AS9925)	2
netboss.tw	Data Communication Business Group (AS3462)	1
or.jp	Data Communication Business Group (AS3462)	1
com.au	Hostopia Australia Web Pty Ltd (AS55803)	1
suntop.tw	Data Communication Business Group (AS3462)	1
tnet.tw	Taiwan Fixed Network, Telco and Network Service Provider. (AS9924)	1
praware.tw	Alibaba US Technology Co., Ltd. (AS45102)	1
7436cne.com	Unit D,E,F,G 28th Floor (AS55547)	1
mrs3.tw	Digital United Inc. (AS4780)	1
wpx.net	K Media Tech Ltd. (AS210250)	3
com.tw	RELIABLESITE (AS23470)	1
ninesun.tw	Data Communication Business Group (AS3462)	1
markmonitor.com	Akamai Connected Cloud (AS63949)	2
CLOUDFLARENET	GO-DADDY-COM-LLC (AS398101)	2
amazingaia.net	Yuan-Jhen Info., Co., Ltd (AS131149)	2
CHINANET SiChuan Telecom Internet Data Center	Shenzhen Tencent Computer Systems Company Limited (AS45090)	1
infoit-crm.com	Data Communication Business Group (AS3462)	1
whoami.tw	Data Communication Business Group (AS3462)	1
SkyExchange Internet Access	GO-DADDY-COM-LLC (AS398101)	1
CLOUDFLARENET	RENDER (AS397273)	1
Host Europe GmbH	MULTA-ASN1 (AS35916)	1
ha-dns.net	Deutsche Glasfaser Wholesale GmbH (AS60294)	1
adacor.net	Adacor Hosting GmbH (AS42442)	1
SECURITYSERVICES	Octopuce s.a.r.l. (AS28855)	1
CLOUDFLARENET	Infomaniak Network SA (AS29222)	1
dcolor.tw	Data Communication Business Group (AS3462)	1
Host Europe GmbH	VERISIGN-ILG1 (AS30060)	1
NSONE	Contabo Asia Private Limited (AS141995)	1
com.br	Universal Telecom S.A. (AS26609)	1
HURRICANE	UNIFIEDLAYER-AS-1 (AS46606)	1
cheni.tw	GOOGLE-CLOUD-PLATFORM (AS396982)	1
net.tw	National Center for High-performance Computing (AS7539)	1
z.com	AMAZON-02 (AS16509)	1
SECURITYSERVICES	ASN-FLEXENTIAL (AS13649)	1
in4ia.net	NAMECHEAP-NET (AS22612)	1
name-services.com	Alibaba US Technology Co., Ltd. (AS45102)	1
GANDI SAS	Tencent Building, Kejizhongyi Avenue (AS132203)	2
team.blue Denmark A/S	CLOUDFLARENET (AS13335)	1
Host Europe GmbH	GConnect Technology Ltd (AS33941)	1
MMC	RACKSPACE (AS27357)	1
omc.info	kyberio GmbH (AS24679)	1
dnspod.com	Li Jing Info Limited (AS9917)	1
hp.com	AMAZON-02 (AS16509)	2
Host Europe GmbH	DEDICATED (AS63018)	1
Safenames Ltd.	AS26250 (AS26250)	1
Yuan-Jhen Info., Co., Ltd	Taiwan Fixed Network, Telco and Network Service Provider. (AS9924)	1
tmt.de	MICROSOFT-CORP-MSN-AS-BLOCK (AS8075)	1
itandtel.at	Alibaba US Technology Co., Ltd. (AS45102)	1
GANDI SAS	NETWORK-SOLUTIONS-HOSTING (AS19871)	1
wakeup.tw	Data Communication Business Group (AS3462)	1
AMAZON-02	WINDSTREAM (AS7029)	1
ypro.tw	Data Communication Business Group (AS3462)	1
519.tw	GOOGLE (AS15169)	1
Data Communication Business Group	TIM (AS20746)	1
ascio.com	Dinova Srl (AS200760)	1
GOOGLE-CLOUD-PLATFORM	Iomart Managed Services Limited (AS199542)	1
dns6tems.com	Euskaltel S.A. (AS12338)	1
syr963.com	IWEB-AS (AS32613)	1
domaineasy.com	AMAZON-02 (AS16509)	1
CLOUDFLARENET	LEASEWEB HONG KONG LIMITED (AS133752)	4
ametek.com	NETWORK-SOLUTIONS-HOSTING (AS19871)	1
Akamai International B.V.	INS-AS (AS2386)	1
direktdomains.de	Hetzner Online GmbH (AS24940)	2
qwest.net	CENTURYLINK-LEGACY-QWEST-SPA-OMAHA (AS4015)	1
register.it	Data Communication Business Group (AS3462)	1
CLOUDFLARENET	TM TECHNOLOGY SERVICES SDN. BHD. (AS4788)	1
synergyts.net	NOCIX (AS33387)	1
ab stract ltd	AMAZON-02 (AS16509)	2
CLOUDFLARENET	PRIVATESYSTEMS (AS63410)	1
name-services.com	Superonline Iletisim Hizmetleri A.S. (AS34984)	2
IONOS SE	firstcolo GmbH (AS44066)	1
dnsip.com	AMAZON-02 (AS16509)	1
ORACLE-BMC-31898	AS-26496-GO-DADDY-COM-LLC (AS26496)	1
CLOUDFLARENET	National Tsing-Hua University (AS18047)	2
kjc.tw	Data Communication Business Group (AS3462)	1
xundns.com	CTG Server Limited (AS152194)	1
nono.tw	Data Communication Business Group (AS3462)	1
8898go.com	Data Communication Business Group (AS3462)	1
Data Communication Business Group	Mobile Business Group (AS17421)	1
MICROSOFT-CORP-MSN-AS-BLOCK	MPY Telecom Oy (AS34263)	1
quicns.cloud	GO-DADDY-COM-LLC (AS398101)	1
markmonitor.com	ML-1432-54994 (AS54994)	1
Retelit Digital Services S.p.A.	Retelit Digital Services S.p.A. (AS5602)	1
HURRICANE	Host Sailor Ltd (AS60117)	1
ns14.net	GlobalConnect A/S (AS42525)	1
regfish-ns.net	regfish GmbH (AS203560)	1
dnspod.net	AMAZON-02 (AS16509)	1
byethost27.org	Wildcard UK Limited (AS34119)	1
com.tw	Taiwan Internet Gateway (AS10126)	3
w3line.fr	Orange (AS3215)	1
Data Communication Business Group	HITRON TECHNOLOGY INC. (AS9311)	1
net.tw	AUTOMATTIC (AS2635)	3
SECURITYSERVICES	INMOTION (AS22611)	1
GOOGLE-CLOUD-PLATFORM	SaveCom Internation Inc. (AS9676)	1
co.jp	Weathernews,Inc. (AS24286)	1
GANDI SAS	TIM (AS20746)	1
vspain.net	IONOS SE (AS8560)	1
CLOUDFLARENET	Scalaxy B.V. (AS58061)	1
NSS INTL CO., LTD.	New Century InfoComm Tech Co., Ltd. (AS9919)	1
jetfast.tw	Data Communication Business Group (AS3462)	1
CLOUDFLARENET	TAIWAN-TELECOM (AS38047)	1
supremepanel.com	LIQUIDNETLTD1 (AS14555)	1
registrar-servers.com	DIGITALOCEAN-ASN (AS14061)	1
SECURITYSERVICES	EPICOR (AS30175)	1
ormag.net	Hetzner Online GmbH (AS24940)	1
ego.tw	Data Communication Business Group (AS3462)	1
huacha.tw	PUMO NETWORK DIGITAL TECHNOLOGY CO.,LTD (AS38843)	1
auto-dns.com	UpCloud Ltd (AS202053)	1
sgic.tw	Data Communication Business Group (AS3462)	1
GOOGLE-CLOUD-PLATFORM	DREAMHOST-AS (AS26347)	1
cbsv.jp	GMO Internet Group, Inc. (AS58791)	1
2000net.it	2000net srl (AS206222)	1
bugsbook.com	LG DACOM Corporation (AS3786)	1
sstec08.	SaveCom Internation Inc. (AS9676)	1
goope.jp	GMO Internet Group, Inc. (AS7506)	1
ebuildhost.com	HGC Global Communications Limited (AS9304)	1
Hangzhou Alibaba Advertising Co.,Ltd.	Layerstack Limited (AS133380)	1
ndsc.tw	Data Communication Business Group (AS3462)	1
GOOGLE-CLOUD-PLATFORM	GITHUB (AS36459)	1
unknown	AS-26496-GO-DADDY-COM-LLC (AS26496)	1
montenapoleone2000.com	Hetzner Online GmbH (AS24940)	2
NUCDN	Hydac Technology GmbH (AS31049)	1
linode.com	Enflow B.V. (AS209626)	1
odotservice.com	Akamai Connected Cloud (AS63949)	1
xn--49s680d.tw	Data Communication Business Group (AS3462)	1
ORACLE-BMC-31898	Data Communication Business Group (AS3462)	1
CLOUDFLARENET	Access Solutions Limited (AS55334)	1
SECURITYSERVICES	KPN B.V. (AS21286)	1
AMAZON-02	WHG Hosting Services Ltd (AS36454)	2
maxph.tw	kbro CO. Ltd. (AS38841)	1
mr-online.net	Deutsche Telekom AG (AS3320)	1
da.direct	Petar Petrov (AS202634)	1
loopia.se	Cleura AB (AS42695)	1
casecorp.com	Fca Information Technology, Excellence And Methods S.p.A. (AS24771)	1
syscore.jp	Internet Solutions Limited (AS4594)	1
biyou.tw	Data Communication Business Group (AS3462)	1
zoneedit.com	SimplerCloud Pte Ltd (AS132816)	1
shellhosts.com	REFLECTED (AS29789)	1
hukot.cz	SecurityNet.cz s.r.o. (AS42422)	1
pindns.com	NSS S.A. (AS16814)	1
SkyExchange Internet Access	IT7NET (AS25820)	1
gofardesign.uk	MULTA-ASN1 (AS35916)	1
markydot.com	InterNetX GmbH (AS15456)	2
Host Europe GmbH	AS-WHOLESAIL (AS20055)	1
CLOUDFLARENET	netcup GmbH (AS197540)	1
photobooks.tw	Data Communication Business Group (AS3462)	1
nazwa.pl	Nazwa.pl Sp.z.o.o. (AS15967)	2
CLOUDFLARENET	KDDI CORPORATION (AS2516)	1
cathaysec.tw	PUNET Taiwan (AS9216)	1
QUIC-CLOUD	HAWKHOST (AS20068)	1
Akamai International B.V.	Koninklijke Luchtvaart Maatschappij N.V. (AS28806)	2
lemarit.de	punkt.de GmbH (AS16188)	1
wannafind.dk	team.blue Denmark A/S (AS48854)	3
WEDOS Internet, a.s.	SCALEMATRIX (AS33695)	2
com.tw	TBC (AS131596)	1
genesys informatica srl	Neten S.p.A. (AS206476)	1
parents.tw	AS-VULTR (AS20473)	1
regdom.it	Server Plan S.r.l. (AS52030)	1
Host Europe GmbH	Cloud Computing HK Limited (AS134366)	1
timeweb.org	Prometon LLC (AS200966)	1
abbeyroad.tw	SAKURA Internet Inc. (AS9370)	1
ANEXIA Internetdienstleistungs GmbH	OVH SAS (AS16276)	2
NUCDN	LeaseWeb Network B.V. (AS38930)	1
dns.nexus	LIQUIDWEB (AS32244)	1
name-services.com	AS17378 (AS17378)	1
ezisp.eu	CLOUDFLARENET (AS13335)	1
geyan.tw	AMAZON-02 (AS16509)	1
weber.cloud	weber.digital GmbH (AS35710)	1
sensson.eu	Hetzner Online GmbH (AS24940)	1
CLOUDFLARENET	GOSSAMERTHREADS (AS36483)	1
lemarit.de	Alibaba US Technology Co., Ltd. (AS45102)	1
AMAZON-02	AUTOMATTIC (AS2635)	2
GANDI SAS	Claranet Limited (AS8426)	1
MICROSOFT-CORP-MSN-AS-BLOCK	Rackspace Ltd. (AS15395)	1
lynet.com	Hetzner Online GmbH (AS24940)	1
inexio.net	Bradler & Krantz GmbH & Co. KG (AS29141)	1
internad.hk	HKBN Enterprise Solutions HK Limited (AS9381)	1
CLOUDFLARENET	Exabytes Network Singapore Pte. Ltd. (AS38532)	1
toplight.tw	Taiwan Infrastructure Network Technologie (AS18049)	1
lemarit.de	Host Europe GmbH (AS21499)	1
ganag.com	The Cloud Networks Germany GmbH (AS20830)	1
banahosting.com	SERVERCENTRAL (AS23352)	2
SkyExchange Internet Access	HUAWEI CLOUDS (AS136907)	1
glipac.ch	CSC (AS19574)	1
econet.tw	Data Communication Business Group (AS3462)	1
ns14.net	23M GmbH (AS47447)	1
cute-baby.tw	Data Communication Business Group (AS3462)	1
fuseddns.com	FUSED (AS394949)	1
web4u.cz	Web4U s.r.o. (AS39790)	1
wiredmedia.net	AP TRANSIT PTE LTD (AS45477)	1
lemarit.de	Deutsche Telekom AG (AS3320)	1
HURRICANE	AS-VULTR (AS20473)	2
ipcom GmbH	Artfiles New Media GmbH (AS8893)	1
AMAZON-02	Rackspace Ltd. (AS15395)	1
GOOGLE-CLOUD-PLATFORM	VEE TIME CORP. (AS17809)	2
net.uk	UKDedicated LTD (AS34282)	1
funung.tw	Data Communication Business Group (AS3462)	1
NSONE	Hostinger International Limited (AS47583)	1
continum.net	AMAZON-02 (AS16509)	1
cube-net.tw	Data Communication Business Group (AS3462)	1
AMAZON-02	GITHUB (AS36459)	1
cloudpit.com	Telia Cygate Oy (AS29422)	1
easywebshop.com	Combell NV (AS34762)	1
slik.eu	Tilaa B.V. (AS196752)	2
nearlyfreespeech.net	GRIDFURY-AS (AS40630)	1
Host Europe GmbH	WINDSTREAM (AS7029)	1
cisco.com	CISCOSYSTEMS (AS109)	1
markmonitor.com	MEETME-1 (AS46656)	1
eyecloud.tw	Data Communication Business Group (AS3462)	1
nic.ru	JSC Gloria-Jeans (AS56741)	1
emirates.com	AMAZON-02 (AS16509)	4
jimdo.com	AMAZON-02 (AS16509)	1
Deutsche Telekom AG	T-Systems International GmbH (AS6878)	1
edag.de	Deutsche Telekom AG (AS3320)	1
taiwancloudhosting.net	20i Limited (AS48254)	1
totalenergies.biz	CLOUDFLARENET (AS13335)	1
net.tw	GO-DADDY-COM-LLC (AS398787)	1
IONOS SE	SHC Netzwerktechnik GmbH (AS35684)	1
zhan-yang.com	CM Craft Aesthetic (AS18424)	1
forpsi.cz	INTERNET CZ, a.s. (AS24806)	2
GANDI SAS	CISCO-UMBRELLA (AS36692)	3
ns14.net	Elmos Semiconductor SE (AS34982)	1
dns1.de	METANET AG (AS21069)	1
savvii.com	CLDIN B.V. (AS48635)	1
GANDI SAS	FLY (AS40509)	2
name-services.com	AS-COLOCROSSING (AS36352)	1
domainsure.com	Amarutu Technology Ltd (AS206264)	2
CLOUDFLARENET	AKILE LTD (AS61112)	2
fullx.tw	Data Communication Business Group (AS3462)	1
mybizcloud.at	Infotech EDV-Systeme GmbH (AS28760)	1
globalaqua.tw	PUMO NETWORK DIGITAL TECHNOLOGY CO.,LTD (AS38843)	1
DIGITALOCEAN-ASN	Data Communication Business Group (AS3462)	1
GANDI SAS	CSC (AS19574)	1
prominent.de	TWL-Kom GmbH (AS9022)	2
zyxon.tw	Data Communication Business Group (AS3462)	1
DIGICERT	FASTLY (AS54113)	1
404dns.com	DIGITALOCEAN-ASN (AS14061)	1
CLOUDFLARENET	EIGHTJOY-NETWORK-LLC (AS393889)	1
SECURITYSERVICES	AS-VULTR (AS20473)	1
ix1000.com	Cloudflare London, LLC (AS209242)	1
tradeserv.com	AMAZON-AES (AS14618)	1
itriumweb.de	Strato GmbH (AS6724)	1
tierra.net	AMAZON-02 (AS16509)	3
zerohalliburton.tw	IDC Frontier Inc. (AS4694)	1
GANDI SAS	WHG Hosting Services Ltd (AS14670)	2
zoneedit.com	Monzoon Networks AG (AS24889)	1
iacd.net	IACD Systemhaus GmbH (AS16218)	1
GMO Internet Group, Inc.	KAGOYA JAPAN Inc. (AS24282)	1
CLOUDFLARENET	HKBN Enterprise Solutions HK Limited (AS9381)	1
main-hosting.eu	Hostinger International Limited (AS47583)	1
dnspod.com	Mt Finance LLC (AS214822)	1
ipcom GmbH	VTS Sp. z o.o. (AS31045)	1
twhouses.tw	SAKURA Internet Inc. (AS9370)	1
foxfilm.com	AS-26496-GO-DADDY-COM-LLC (AS26496)	1
MICROSOFT-CORP-MSN-AS-BLOCK	JWKFO (AS394046)	1
GOOGLE-CLOUD-PLATFORM	kbro CO. Ltd. (AS38841)	1
com.tw	DaDa Broadband LTD. (AS18419)	1
dnspod.net	MICROSOFT-CORP-MSN-AS-BLOCK (AS8075)	1
gatherhome.tw	PUMO NETWORK DIGITAL TECHNOLOGY CO.,LTD (AS38843)	1
net.tw	Taiwan Internet Gateway (AS10126)	3
muumuu-domain.com	FUJITSU LIMITED (AS55374)	1
co.il	SINGLEHOP-LLC (AS32475)	1
CLOUDFLARENET	Telefonica De Espana S.a.u. (AS3352)	1
SECURITYSERVICES	Navisite Opco LLC (AS9193)	2
42.pl	UNIFIEDLAYER-AS-1 (AS46606)	1
ipcom GmbH	Atos Information Technology GmbH (AS21150)	1
SECURITYSERVICES	Deutsche Telekom AG (AS3320)	2
managed-ip.com	Deutsche Telekom AG (AS3320)	3
domenia.no	Nexthop AS (AS49788)	1
d-53.info	SoftBank Corp. (AS17676)	1
Yuan-Jhen Info., Co., Ltd	WHG Hosting Services Ltd (AS204800)	1
corecommerce.com	AMAZON-AES (AS14618)	1
intergroup.net	OVH SAS (AS16276)	1
all-connect.net	all-connect Data Communications GmbH (AS21476)	1
schlundtech.de	23M GmbH (AS47447)	1
Yuan-Jhen Info., Co., Ltd	FASTER CZ spol. s r.o. (AS24641)	1
hostingspeed.net	Wix.com Ltd. (AS58182)	1
cloudprot.com	OVH SAS (AS16276)	1
breeze.tw	AMAZON-AES (AS14618)	1
acm-icpc.tw	Data Communication Business Group (AS3462)	1
xn--fiqt58q.tw	Data Communication Business Group (AS3462)	1
ORACLE-BMC-31898	MICROSOFT-CORP-MSN-AS-BLOCK (AS8075)	2
register.it	RMH-14 (AS33070)	1
cnslaw.tw	PUMO NETWORK DIGITAL TECHNOLOGY CO.,LTD (AS38843)	1
golife.tw	Data Communication Business Group (AS3462)	1
xvidsolutions.com	DIGICERT (AS16552)	1
dnspod.net	AIS Fibre (AS133481)	1
CLOUDFLARENET	WEBINT (AS11989)	2
secureserver.net	AMAZON-02 (AS16509)	1
dnsip.com	UNIT A17,9F SILVERCORP INTL TOWER 707-713 NATHAN RD (AS134175)	2
Yuan-Jhen Info., Co., Ltd	OVH SAS (AS16276)	1
CLOUDFLARENET	Aeza International Ltd (AS210644)	1
MICROSOFT-CORP-MSN-AS-BLOCK	WINDSTREAM (AS7029)	1
centaur-it.net	Centaur GmbH (AS29145)	1
tro.net	InterNetX GmbH (AS15456)	1
fgi.tw	Data Communication Business Group (AS3462)	1
xundns.com	HK AISI CLOUD COMPUTING LIMITED (AS132813)	1
ssandomain.com	KINX (AS9286)	1
ipv6day.tw	Data Communication Business Group (AS3462)	1
xxking.com	MICROSOFT-CORP-MSN-AS-BLOCK (AS8075)	1
localhost.	Data Communication Business Group (AS3462)	1
IONOS SE	ANEXIA Internetdienstleistungs GmbH (AS42473)	2
serverhostgroup.com	OVH SAS (AS16276)	2
Data Communication Business Group	UNION BROADBAND NETWORK (AS24164)	3
hostserv.eu	hosttech GmbH (AS207143)	1
HURRICANE	Akamai Connected Cloud (AS63949)	1
Host Europe GmbH	CELLCO-PART (AS6167)	2
Data Communication Business Group	AboveNet Communications Taiwan (AS17408)	3
GMO Internet Group, Inc.	NTT Communications Corporation (AS4713)	2
narbutas.eu	NForce Entertainment B.V. (AS43350)	1
ipcom GmbH	StarHub Ltd (AS4657)	1
cocomas.net	Host Europe GmbH (AS21499)	1
markmonitor.com	UNIFIEDLAYER-AS-1 (AS46606)	1
message.tw	Yuan-Jhen Info., Co., Ltd (AS131149)	2
NSONE	Digital United Inc. (AS4780)	1
ukfast.net	CLOUDFLARENET (AS13335)	1
Host Europe GmbH	Hoshin Multimedia Center Inc. (AS9416)	1
SECURITYSERVICES	LIQUIDWEB (AS32244)	1
jia-cheng.tw	Data Communication Business Group (AS3462)	1
inetu.net	ASN-FLEXENTIAL (AS13649)	1
GOOGLE-CLOUD-PLATFORM	SERVERPOINT (AS26277)	1
widhost.net	GOOGLE-CLOUD-PLATFORM (AS396982)	1
co.kr	SK Broadband Co Ltd (AS9318)	3
twmail.org	IT7NET (AS25820)	1
bisping.de	Bisping & Bisping GmbH & Co KG (AS20686)	1
hostsmart.org	Victor Connect Ltd. (AS200418)	1
prh.com	AMAZON-AES (AS14618)	1
rgfi.net	RS Gesellschaft fuer Informationstechnik mbH & Co.KG (AS60316)	1
or.jp	IDC Frontier Inc. (AS4694)	2
why3s.com	Data Communication Business Group (AS3462)	1
hostxtrem.net	Comvive Servidores S.L. (AS39020)	1
rox.net	China Unicom Beijing Province Network (AS4808)	1
pearly.tw	Data Communication Business Group (AS3462)	1
ns14.net	synaforce GmbH (AS57395)	1
com.tw	DREAMHOST-AS (AS26347)	1
bringe.net	Neue Medien Muennich GmbH (AS34788)	1
NSS INTL CO., LTD.	XIMBO Internet Limited (AS133322)	1
tvb.tw	Data Communication Business Group (AS3462)	1
ANEXIA Internetdienstleistungs GmbH	Coloplast A/S (AS25111)	1
Host Europe GmbH	SAKURA Internet Inc. (AS9370)	1
cloudns.net	NETSOLV-NETSOLV-01 (AS401254)	1
AMAZON-02	RMH-14 (AS33070)	1
ipcom GmbH	EDIS GmbH (AS57169)	1
Host Europe GmbH	LVLT-3549 (AS3549)	1
GOOGLE	New Century InfoComm Tech Co., Ltd. (AS9919)	1
hscsc.de	Consultix GmbH (AS31055)	2
ipcom GmbH	Koesio Corporate Technologies SAS (AS60543)	1
AMAZON-02	Fastweb (AS12874)	1
deguest.jp	DIGITALOCEAN-ASN (AS14061)	1
org.tw	Industrial Technology Research Institute (AS18422)	1
fashionguide.tw	Data Communication Business Group (AS3462)	1
mozanim.net	Hetzner Online GmbH (AS24940)	1
cloudns.net	MICROSOFT-CORP-MSN-AS-BLOCK (AS8075)	1
MICROSOFT-CORP-MSN-AS-BLOCK	CLDIN B.V. (AS48635)	1
Host Europe GmbH	GMO Internet Group, Inc. (AS58791)	1
Data Communication Business Group	CM Craft Aesthetic (AS18424)	1
telemar.it	Axera SpA (AS13097)	1
cyut.tw	Taiwan Academic Network TANet Information Center (AS1659)	1
diamondgo.tw	Data Communication Business Group (AS3462)	1
toukaya.tw	Data Communication Business Group (AS3462)	1
idnet.net	Infinity Developments Limited (AS12496)	1
versuni.com	AMAZON-02 (AS16509)	1
yitong.tw	Data Communication Business Group (AS3462)	1
ix1000.com	UNIFIEDLAYER-AS-1 (AS46606)	1
tai-yang.tw	PUMO NETWORK DIGITAL TECHNOLOGY CO.,LTD (AS38843)	1
rgfi.net	dogado GmbH (AS45012)	1
linevast.de	Continum Ag (AS20849)	1
DIGICERT	RACKSPACE (AS19994)	2
GOOGLE-CLOUD-PLATFORM	IVENUE (AS40738)	1
sstc.tw	Yuan-Jhen Info., Co., Ltd (AS131149)	1
MICROSOFT-CORP-MSN-AS-BLOCK	Key-Systems GmbH (AS13246)	1
CLOUDFLARENET	Frauscher Sensor Technology Group GmbH (AS208315)	1
servetheworld.net	ServeTheWorld AS (AS34989)	1
bumble.com	Greysom Limited (AS12678)	1
stayfriends.com	NorthC Deutschland GmbH (AS24898)	1
956.tw	Data Communication Business Group (AS3462)	1
netim.net	Hetzner Online GmbH (AS24940)	2
GOOGLE-CLOUD-PLATFORM	SUCURI-SEC (AS30148)	1
com.tw	SOFTLAYER (AS36351)	1
GMO Internet Group, Inc.	Akamai Connected Cloud (AS63949)	1
Soluciones Corporativas IP, SL	FASTLY (AS54113)	1
Host Europe GmbH	CS LOXINFO PUBLIC COMPANY LIMITED (AS4750)	1
IONOS SE	KEVAG Telekom GmbH (AS12360)	1
net.tw	SAKURA Internet Inc. (AS9370)	1
AMAZON-02	YARDI (AS16789)	1
Safenames Ltd.	Rackspace Ltd. (AS15395)	1
szhot.com	DREAMHOST-AS (AS26347)	1
AUTOMATTIC	New Century InfoComm Tech Co., Ltd. (AS9919)	1
cloudns.net	Akamai Connected Cloud (AS63949)	2
hostiran.net	NOAVARAN SHABAKEH SABZ MEHREGAN (Ltd.) (AS59441)	1
blendbyte.net	Hetzner Online GmbH (AS24940)	2
e-delos.com	DATAPIPE-SEA (AS22205)	1
ppp.de	PPP Internetdienstleistungen GmbH (AS8687)	1
net.tw	Far EastTone Telecommunication Co., Ltd. (AS9674)	1
AMAZON-02	M-net Telekommunikations GmbH (AS8767)	1
SAREnet, S.A.	SAREnet, S.A. (AS3262)	1
togofilm.tw	PUMO NETWORK DIGITAL TECHNOLOGY CO.,LTD (AS38843)	1
bytemine.net	KUES DATA GmbH (AS203412)	1
jma.tw	Akamai Connected Cloud (AS63949)	1
desec.io	DIGITALOCEAN-ASN (AS14061)	1
NUCDN	Luxnetwork S.A. (AS29467)	1
nominalia.com	DIGITALOCEAN-ASN (AS14061)	1
bell.ca	BACOM (AS577)	1
wiziup.net	COGENT-174 (AS174)	1
afraid.org	MICROSOFT-CORP-MSN-AS-BLOCK (AS8075)	1
nuface.tw	Data Communication Business Group (AS3462)	1
register.it	OVH SAS (AS16276)	2
linode.com	Data Communication Business Group (AS3462)	2
com.cn	AROSS-AS (AS400619)	1
myecar.tw	PUMO NETWORK DIGITAL TECHNOLOGY CO.,LTD (AS38843)	1
cloudcity.fi	Cloud City Oy (AS202509)	1
sysvity.tech	GMO Internet Group, Inc. (AS7506)	1
iso18436.tw	Data Communication Business Group (AS3462)	1
CLOUDFLARENET	President Information Corp. (AS17710)	2
schlundtech.de	Plusnet GmbH (AS20676)	1
ngu.tw	GOOGLE-CLOUD-PLATFORM (AS396982)	1
com.br	CYBERWEB NETWORKS LTDA (AS28299)	1
argo.tw	Data Communication Business Group (AS3462)	1
fycc.tw	PUMO NETWORK DIGITAL TECHNOLOGY CO.,LTD (AS38843)	1
greenhost.nl	Greenhost BV (AS47172)	2
dsc.tw	Data Communication Business Group (AS3462)	1
casecorp.com	KYNDR-RTP (AS16734)	1
CENGAGE-OHCIN	CENGAGE-OHCIN (AS27365)	1
mmoo888.com	ZEN-ECN (AS21859)	1
dns-iet.	Data Communication Business Group (AS3462)	1
one.com	team.blue Denmark A/S (AS48854)	1
dkr.tw	Data Communication Business Group (AS3462)	1
powerhostbg.com	Telehouse EAD (AS57344)	1
SECURITYSERVICES	TROWE-NET (AS6566)	1
markmonitor.com	Sony Network Taiwan Limited (AS18182)	1
com.tw	WHG Hosting Services Ltd (AS204800)	1
SECURITYSERVICES	AS14725 (AS14725)	1
cnkuai.cn	LARUS Limited (AS17561)	1
WEBNX	GOOGLE-CLOUD-PLATFORM (AS396982)	1
MICROSOFT-CORP-MSN-AS-BLOCK	Telia Company AB (AS3301)	1
juice.tw	Data Communication Business Group (AS3462)	1
matbao.com	VIETNAM POSTS AND TELECOMMUNICATIONS GROUP (AS135905)	1
xincache.com	Hangzhou Alibaba Advertising Co.,Ltd. (AS37963)	1
pclanvad.net	BROADBANDONE (AS13645)	1
SECURITYSERVICES	ADESTIS GmbH (AS204053)	1
first-ns.de	Hetzner Online GmbH (AS24940)	1
dnspod.com	Yuan-Jhen Info., Co., Ltd (AS131149)	1
ecircle.de	Webtrekk GmbH (AS60164)	1
hix.nl	One.com A/S (AS51468)	1
softdev.tw	Data Communication Business Group (AS3462)	1
domena.pl	EXEA Sp. z o.o. (AS60713)	1
heng.ai	NForce Entertainment B.V. (AS43350)	1
HURRICANE	Koos Broadband Telecom (AS18042)	1
3dr.tw	PUMO NETWORK DIGITAL TECHNOLOGY CO.,LTD (AS38843)	1
ipcom GmbH	Jumo GmbH & Co. KG (AS30787)	1
webec.tw	Data Communication Business Group (AS3462)	1
dns-gateway.de	SaSG GmbH & Co. KG (AS51483)	1
abchk.net	ABC Computer Systems Ltd (AS55750)	1
ipcom GmbH	15347 (AS15347)	2
SECURITYSERVICES	CONNECTRIA-ASN-1 (AS11734)	1
idv.tw	DFW-DATACENTER (AS30277)	1
GMO Internet Group, Inc.	GOOGLE (AS15169)	1
nether.net	AMAZON-02 (AS16509)	1
junglevoice.tw	Sony Network Taiwan Limited (AS18182)	1
namehero.com	NAMEHERO-KCDC (AS399250)	2
cjcu.tw	Taiwan Academic Network TANet Information Center (AS1659)	1
GOOGLE-CLOUD-PLATFORM	Enflow B.V. (AS209626)	1
domain-hosting.name	recast IT GmbH & Co. KG (AS51906)	1
com.tw	FORTRESSITX (AS25653)	1
DIGICERT	Metaways Infosystems GmbH (AS44225)	1
kaoribarfinca.tw	PUMO NETWORK DIGITAL TECHNOLOGY CO.,LTD (AS38843)	1
net.tw	National Central University (AS18420)	1
austrogate.net	KraftCom Service GmbH (AS12453)	1
cernerns.com	CERNER-CORPORATE-AS (AS36502)	1
twosteps.info	Hetzner Online GmbH (AS24940)	1
win-7o0bhep4rb7.	Data Communication Business Group (AS3462)	1
Akamai International B.V.	OVH SAS (AS16276)	1
lanland.tw	DaDa Broadband LTD. (AS18419)	1
markmonitor.com	UBIMET GmbH (AS209571)	1
CLOUDFLARENET	CENTURYLINK-LEGACY-LVLT-203 (AS203)	1
allegion.com	Previder B.V. (AS20847)	1
ainic.tw	Data Communication Business Group (AS3462)	1
SkyExchange Internet Access	AS-26496-GO-DADDY-COM-LLC (AS26496)	1
Host Europe GmbH	PEG-HK (AS398478)	1
ns14.net	Telefonbuch Verlag Hans Mueller GmbH & Co. KG (AS12655)	1
dnspod.net	NETLAB-SDN (AS979)	1
IONOS SE	Grupo Loading Systems, S.L. (AS198066)	1
DIGICERT	COGECO-PEER1 (AS13768)	1
Data Communication Business Group	HK Broadband Network Ltd. (AS10103)	1
nadns1.com	Celeste SAS (AS20926)	1
intechnic.com	ADF01 (AS46433)	1
Yuan-Jhen Info., Co., Ltd	Sony Network Taiwan Limited (AS18182)	1
fst.tw	Data Communication Business Group (AS3462)	1
SECURITYSERVICES	Alibaba US Technology Co., Ltd. (AS45102)	1
ANEXIA Internetdienstleistungs GmbH	SingNet (AS3758)	1
ndns.cn	Alibaba US Technology Co., Ltd. (AS45102)	1
Host Europe GmbH	US-SIGNAL (AS26554)	1
Data Communication Business Group	Digidom CableTV Co., LTD. (AS131607)	1
CLOUDFLARENET	Expereo International BV (AS15695)	1
Data Communication Business Group	Asia Pacific Broadband Fixed Lines Co., Ltd. (AS24154)	1
bisping.de	Mittwald CM Service GmbH & Co. KG (AS15817)	1
naquadria.it	Aruba S.p.A. (AS31034)	1
AMAZON-02	Wix.com Ltd. (AS58182)	1
mydomain.com	BIZLAND-SD (AS29873)	1
siena.tw	Data Communication Business Group (AS3462)	1
sgis.tw	Academia Sinica (AS9264)	1
angelina.tw	Data Communication Business Group (AS3462)	1
egopharm.com	AMAZON-02 (AS16509)	1
host-sites.net	PRIVATESYSTEMS (AS63410)	1
ogicom.pl	Cyber_Folks S.A. (AS29522)	1
CLOUDFLARENET	team.blue Denmark A/S (AS48854)	1
Host Europe GmbH	SHARKTECH (AS46844)	1
sylphen.com	ecotel communication ag (AS12312)	1
hostnet.nl	Signet B.V. (AS20857)	1
cloudns.net	Scaleway S.a.s. (AS12876)	1
1a.nl	dnx network sarl (AS212882)	1
cepus.net	Iver Norge As (AS57829)	1
HURRICANE	Tencent Building, Kejizhongyi Avenue (AS132203)	1
NSONE	Taiwan Infrastructure Network Technologie (AS18049)	1
schalk-it.de	SpaceNet AG (AS5539)	1
Host Europe GmbH	HKT Limited (AS4760)	1
CLOUDFLARENET	GO-DADDY-COM-LLC (AS398787)	1
hostns.io	Enix Ltd (AS52148)	1
Host Europe GmbH	AS17378 (AS17378)	1
GANDI SAS	HOSTHATCH (AS63473)	1
parkonehealth.tw	Akamai Connected Cloud (AS63949)	1
alpari-dns.net	Exinity works (CY) LTD (AS59655)	1
vismadns.com	Visma Software International AS (AS61213)	1
ns14.net	MLP Banking AG (AS41699)	1
CLOUDFLARENET	WEBMD-IDC2-AS (AS46617)	1
tieto.com	Optimizely AB (AS30811)	1
goodstuff.tw	Data Communication Business Group (AS3462)	1
MICROSOFT-CORP-MSN-AS-BLOCK	Cegeka NV (AS9166)	1
nadns1.com	CSC (AS19574)	1
co.jp	SoftBank Corp. (AS4725)	1
telefonica-data.com	Telefonica De Espana S.a.u. (AS3352)	3
gopas-solutions.de	Jungheinrich AG (AS212961)	1
phpwebsite.tw	Data Communication Business Group (AS3462)	1
raiffeisen.net	Konverto SpA (AS44512)	1
17go.tw	Data Communication Business Group (AS3462)	1
markmonitor.com	Data Communication Business Group (AS3462)	1
Host Europe GmbH	SHAWINDUSTRIES (AS13698)	2
grifols.com	Grifols S.A. (AS42722)	1
CHINANET Guangdong province network	STARWIRELESS-15153 (AS15153)	1
genesys informatica srl	OVH SAS (AS16276)	1
GANDI SAS	kbro CO. Ltd. (AS38841)	2
name-services.com	DIGITALOCEAN-ASN (AS14061)	1
nscluster.tn	AMAZON-02 (AS16509)	1
reliant.tw	Data Communication Business Group (AS3462)	1
dvhair.tw	Data Communication Business Group (AS3462)	1
ICDSoft Ltd.	CLOUDFLARENET (AS13335)	1
pavietnam.vn	SUPERDATA (AS45544)	1
lottosport.com	HERABIT S.p.A. (AS29177)	1
namedserver.net	GMO GlobalSign Holdings K.K. (AS131921)	1
Host Europe GmbH	UUNET (AS701)	1
MICROSOFT-CORP-MSN-AS-BLOCK	IVENUE (AS40738)	1
markmonitor.com	Kamatera, Inc. (AS64022)	1
ns46.com	Host Europe GmbH (AS8972)	1
dns.com	FD-298-8796 (AS8796)	1
vrvy.net	MOJOHOST (AS27589)	1
CLOUDFLARENET	Taiwan Digital Streaming Co. (AS18041)	1
MICROSOFT-CORP-MSN-AS-BLOCK	Sony Network Taiwan Limited (AS18182)	1
GANDI SAS	Scaleway S.a.s. (AS12876)	1
Alibaba US Technology Co., Ltd.	HKBN Enterprise Solutions HK Limited (AS9381)	1
GOOGLE-CLOUD-PLATFORM	OVH SAS (AS16276)	1
CLOUDFLARENET	FLY (AS40509)	1
profocus.tw	Data Communication Business Group (AS3462)	1
GMO Internet Group, Inc.	BroadBand Tower, Inc. (AS9607)	1
megateam.tw	PUMO NETWORK DIGITAL TECHNOLOGY CO.,LTD (AS38843)	1
twmail.org	Tencent Building, Kejizhongyi Avenue (AS132203)	1
lunet.it	Lucense SCaRL (AS41381)	1
com.hk	Hostinger International Limited (AS47583)	2
lmcs.tw	Data Communication Business Group (AS3462)	1
twmail.org	FASTLY (AS54113)	1
hostnet.nl	CLOUDFLARENET (AS13335)	1
simplehost.sg	Akamai Connected Cloud (AS63949)	2
escapenet.ch	METANET AG (AS21069)	1
ns1sobile.tw	GOOGLE-CLOUD-PLATFORM (AS396982)	1
GANDI SAS	NSS INTL CO., LTD. (AS131626)	2
CHINANET Guangdong province network	ISP (AS55355)	1
co.uk	Metaregistrar B.V. (AS42585)	1
mythic-beasts.com	Mythic Beasts Ltd (AS44684)	1
apex.tw	Data Communication Business Group (AS3462)	1
0800080.tw	Data Communication Business Group (AS3462)	1
yoe.tw	Data Communication Business Group (AS3462)	1
cilaya.com	NETWORK-SOLUTIONS-HOSTING (AS19871)	1
Host Europe GmbH	COGECO-PEER1 (AS13768)	1
seeweb.it	SEEWEB s.r.l. (AS12637)	1
Host Europe GmbH	VEE TIME CORP. (AS17809)	1
ix1000.com	Hsin Yeong An Cable TV Co., Ltd. (AS131602)	1
nsoft.it	AMAZON-02 (AS16509)	1
olato.com	AMAZON-AES (AS14618)	1
Host Europe GmbH	DNIC-AS-00749 (AS749)	1
netb.jp	NTT PC Communications, Inc. (AS2514)	1
tcy.com	Yuan-Jhen Info., Co., Ltd (AS131149)	1
konzept.cc	Nessus GmbH (AS47692)	1
chongjun.tw	Data Communication Business Group (AS3462)	1
0204520.tw	Data Communication Business Group (AS3462)	1
versanus.hu	Magyar Telekom Plc. (AS5483)	1
vmdns.net	IT.Gate S.p.A. (AS12779)	2
gwill.tw	PUMO NETWORK DIGITAL TECHNOLOGY CO.,LTD (AS38843)	1
register.it	TIM (AS20746)	2
bluebar.tw	Data Communication Business Group (AS3462)	1
hi7.de	noris network AG (AS12337)	2
mirrormirror.tw	Data Communication Business Group (AS3462)	1
IONOS SE	EVANZO e-commerce GmbH (AS42730)	1
dnsexit.com	Digi Romania S.A. (AS8708)	2
sandalsbeta.com	LEVEL3 (AS3356)	1
Host Europe GmbH	NTT PC Communications, Inc. (AS2514)	1
only.tw	Data Communication Business Group (AS3462)	1
ns14.net	GOOGLE (AS15169)	1
vivawebhost.com	Telehouse EAD (AS57344)	1
Host Europe GmbH	POWER LINE DATACENTER (AS132839)	1
GOOGLE-CLOUD-PLATFORM	RENDER (AS397273)	1
SECURITYSERVICES	Access UK Ltd (AS50292)	1
CLOUDFLARENET	MULTA-ASN1 (AS35916)	1
bdl.lu	Banque De Luxembourg SA (AS20501)	1
ne.jp	A2HOSTING (AS55293)	1
Register S.p.A.	Keliweb S.R.L (AS202675)	1
CLOUDFLARENET	EMGINECONCEPT-01 (AS31972)	3
indichosts.net	Hetzner Online GmbH (AS24940)	1
NSONE	CENCORA-INTERNET (AS13628)	1
co.uk	UUNET (AS701)	1
GOOGLE-CLOUD-PLATFORM	WAVE-AMERICA (AS395681)	2
managed-ip.com	TelemaxX Telekommunikation GmbH (AS12843)	1
SECURITYSERVICES	SpaceNet AG (AS5539)	1
ANEXIA Internetdienstleistungs GmbH	FASTLY (AS54113)	1
nameshield.net	OVH SAS (AS16276)	2
net.tw	OVH SAS (AS16276)	1
symphox.net	PUNET Taiwan (AS9216)	1
AMAZON-02	Instra Corporation Pty Ltd (AS133104)	1
edreams.com	GOOGLE-CLOUD-PLATFORM (AS396982)	1
Host Europe GmbH	Dynamic Computing Technology (AS131601)	1
absolutushost.nl	Previder B.V. (AS20847)	1
markmonitor.com	Hangzhou Alibaba Advertising Co.,Ltd. (AS37963)	1
iok.net	IONOS SE (AS8560)	2
net.il	MICROSOFT-CORP-MSN-AS-BLOCK (AS8075)	1
GOOGLE	Yuan-Jhen Info., Co., Ltd (AS131149)	1
SECURITYSERVICES	UUNET (AS702)	1
Data Communication Business Group	DCConnect Sdn. Bhd. (AS151664)	1
CLOUDFLARENET	Stack Network Sdn. Bhd. (AS153706)	1
psi-japan.net	AMAZON-02 (AS16509)	1
asianaidt.com	Korea Telecom (AS4766)	1
AMAZON-02	RACKSPACE (AS19994)	1
yungo.tw	Digital United Inc. (AS4780)	1
Host Europe GmbH	SUPERDATA (AS45544)	1
dns.	Data Communication Business Group (AS4782)	1
ieee.tw	Data Communication Business Group (AS3462)	1
imediadns.com	NETWORK-SOLUTIONS-HOSTING (AS19871)	1
wisniowski.pl	WISNIOWSKI Sp. z o.o. S.K.A. (AS210081)	1
snet.tw	New Century InfoComm Tech Co., Ltd. (AS9919)	1
btr.tw	Data Communication Business Group (AS3462)	1
lemarit.de	OMCnet Internet Service GmbH (AS15388)	1
grazkom.at	AMAZON-02 (AS16509)	1
microcell-tech.tw	AMAZON-AES (AS14618)	1
Akamai International B.V.	Deutsche Telekom AG (AS3320)	1
hostinger.com	Hostinger International Limited (AS47583)	1
proofpoint.com	INCAPSULA (AS19551)	1
IONOS SE	YMC AG (AS203969)	1
CLOUDFLARENET	See Get Upstart Technology Co., Ltd. (AS63908)	1
canonical.com	Canonical Group Limited (AS41231)	1
hostix.de	NetCologne Gesellschaft fur Telekommunikation mbH (AS8422)	1
ordipat.fr	CENTURYLINK-LEGACY-SAVVIS (AS3561)	1
system447.com	ICDSoft Ltd. (AS8739)	1
orima.tw	PUMO NETWORK DIGITAL TECHNOLOGY CO.,LTD (AS38843)	1
swiazure.	Data Communication Business Group (AS3462)	2
otto.de	Mittwald CM Service GmbH & Co. KG (AS15817)	1
com.tw	SQUARESPACE (AS53831)	1
markmonitor.com	AMAZON-AES (AS14618)	1
arkadis.com	HEXATOM s.a.r.l. (AS51269)	1
consultingweb.it	MICROSOFT-CORP-MSN-AS-BLOCK (AS8075)	1
lynn.tw	Data Communication Business Group (AS3462)	1
org.tw	New Century InfoComm Tech Co., Ltd. (AS9919)	1
co.kr	Wix.com Ltd. (AS58182)	1
gofruits.co	GOOGLE-CLOUD-PLATFORM (AS396982)	2
co.jp	BroadBand Tower, Inc. (AS9607)	1
ix1000.com	Peicity Digital Cable Television., LTD (AS131627)	1
ANEXIA Internetdienstleistungs GmbH	MICROSOFT-CORP-MSN-AS-BLOCK (AS8075)	2
Xserver Inc.	CLOUDFLARENET (AS13335)	1
xundns.com	Forewin Telecom Group Limited, ISP at (AS38186)	2
transresult.net	Optitrust GmbH (AS200062)	2
markmonitor.com	DIGITALOCEAN-ASN (AS14061)	2
hga.tw	Data Communication Business Group (AS3462)	1
popo.tw	Sony Network Taiwan Limited (AS18182)	1
parklogic.com	LIQUIDWEB (AS32244)	1
iq.pl	Oktawave S.A. (AS42503)	1
Host Europe GmbH	LIQUIDWEB (AS32244)	2
sicon.tw	PUMO NETWORK DIGITAL TECHNOLOGY CO.,LTD (AS38843)	1
gettyimages.com	BINCNET (AS3599)	1
linode.com	MICROSOFT-CORP-MSN-AS-BLOCK (AS8075)	1
ipcom GmbH	JWKFO (AS394046)	1
newsbook.net	HK Broadband Network Ltd. (AS10103)	1
Data Communication Business Group	PEACHNET-AS3479 (AS3479)	1
irondns.de	Knipp Medien und Kommunikation GmbH (AS8391)	2
com.cn	Cloudie Limited (AS55933)	1
MICROSOFT-CORP-MSN-AS-BLOCK	COGECO-PEER1 (AS13768)	1
GOOGLE-CLOUD-PLATFORM	AS297 (AS297)	1
webhosting.jp	CLOUDFLARENET (AS13335)	1
SECURITYSERVICES	iWelt GmbH + Co. KG (AS29624)	1
genesys informatica srl	CriticalCase s.r.l (AS48815)	1
hwrn.net	GOOGLE-CLOUD-PLATFORM (AS396982)	1
Host Europe GmbH	SpeedyPage Ltd (AS142594)	1
Host Europe GmbH	Amarutu Technology Ltd (AS206264)	1
CLOUDFLARENET	MasterDC s.r.o. (AS24971)	2
Host Europe GmbH	ChangLian Network Technology Co., Limited (AS137443)	1
CLOUDFLARENET	ONIAAS (AS40092)	1
CLOUDFLARENET	P.A. A.B.S. SRL - Partners Associates Advanced Business Solution (AS9076)	1
openminds.be	Combell NV (AS34762)	1
wt500.com	MICROSOFT-CORP-MSN-AS-BLOCK (AS8075)	1
myhostadmin.net	IT7NET (AS25820)	1
a6n.de	netcup GmbH (AS197540)	1
shes.tw	Taiwan Academic Network TANet Information Center (AS1659)	1
linode.com	Extra-Lan Technologies Co., LTD (AS18429)	1
planethoster.net	PLANETHOSTER-8 (AS53589)	1
domainnamedns.com	DXTL Tseung Kwan O Service (AS134548)	1
ndns.cn	Sony Network Taiwan Limited (AS18182)	1
starhosting.space	Hetzner Online GmbH (AS24940)	1
CLOUDFLARENET	BAXET-GROUP (AS398343)	1
rakuya.tw	AboveNet Communications Taiwan (AS17408)	1
nyi.net	NYINTERNET (AS11403)	1
opendoor.tw	PUMO NETWORK DIGITAL TECHNOLOGY CO.,LTD (AS38843)	1
Host Europe GmbH	ODS Joint Stock Company (AS45538)	1
pcshopping.tw	Data Communication Business Group (AS3462)	1
yourdomainprovider.net	LeaseWeb Netherlands B.V. (AS60781)	1
zenbox.pl	Beyond.pl sp. z o.o. (AS31229)	2
NETWORK-SOLUTIONS-HOSTING	Data Communication Business Group (AS3462)	1
com.br	LVLT-3549 (AS3549)	1
cctc.tw	PUMO NETWORK DIGITAL TECHNOLOGY CO.,LTD (AS38843)	1
lemarit.de	Liebherr-IT Services GmbH (AS30915)	1
ipcom GmbH	HVC-AS (AS29802)	1
CLOUDFLARENET	DMIT (AS906)	2
upup.tw	National Sun Yat-sen University (AS17713)	1
intergroup.net	PUMO NETWORK DIGITAL TECHNOLOGY CO.,LTD (AS38843)	1
issworld.tw	Data Communication Business Group (AS3462)	1
unknown	AMAZON-02 (AS16509)	1
co.kr	GOOGLE-CLOUD-PLATFORM (AS396982)	1
tradeserv.com	GOOGLE-CLOUD-PLATFORM (AS396982)	1
Akamai International B.V.	Alter Way SAS (AS13273)	1
aca.tw	PUMO NETWORK DIGITAL TECHNOLOGY CO.,LTD (AS38843)	1
NSONE	AROSS-AS (AS400619)	1
SECURITYSERVICES	Akamai Connected Cloud (AS63949)	1
ilv.tw	IS-AS-1 (AS19318)	1
com.au	AMAZON-02 (AS16509)	3
Akamai International B.V.	EntServ Deutschland GmbH (AS15854)	1
loopia.se	GOOGLE-CLOUD-PLATFORM (AS396982)	1
ctbc.tw	Chinatrust Commercial Bank (AS131143)	1
update.tw	Data Communication Business Group (AS3462)	1
mixhost.jp	GMO Internet Group, Inc. (AS7506)	1
jinmusou.com	Data Communication Business Group (AS3462)	1
sjcos.tw	Data Communication Business Group (AS3462)	1
shared.tw	PUMO NETWORK DIGITAL TECHNOLOGY CO.,LTD (AS38843)	1
topgraf.com	TIM (AS3269)	1
dnsip.com	YISU CLOUD LTD (AS142403)	1
jetscope.com	SAKURA Internet Inc. (AS9371)	1
blsu.net	Data Communication Business Group (AS3462)	1
Data Communication Business Group	Floppy Ltd. (AS150756)	1
ezdnscenter.com	Alibaba US Technology Co., Ltd. (AS45102)	1
cnmsn.net	China Telecom Group (AS4812)	1
sonera.fi	Nameshield SAS (AS20756)	1
telekom-domains.de	Deutsche Telekom AG (AS3320)	1
fae.tw	Data Communication Business Group (AS3462)	1
adesign.tw	Data Communication Business Group (AS3462)	1
enbik.tw	GOOGLE (AS15169)	1
hostserv.eu	GOOGLE-CLOUD-PLATFORM (AS396982)	1
CLOUDFLARENET	AP TRANSIT PTE LTD (AS45477)	1
managed-vps.net	AS17378 (AS17378)	1
clovis.tw	Data Communication Business Group (AS3462)	1
weifeng.tw	Data Communication Business Group (AS3462)	1
CLOUDFLARENET	JOESD-18501 (AS18501)	1
NSONE	OVH SAS (AS16276)	1
qweb.eu	TIM (AS20746)	1
dnsservice.net	webhoster.de AG (AS200548)	1
ports.se	IT-Total Sweden AB (AS8769)	1
nic.ru	VTB Bank (Public Joint-Stock Company) (AS41551)	1
simplexi.com	SK Broadband Co Ltd (AS9318)	1
koreaidc.com	Korea Telecom (AS4766)	1
com.tw	HITRON TECHNOLOGY INC. (AS9311)	1
Host Europe GmbH	CENTURYLINK-LEGACY-SAVVIS (AS3561)	1
dhcp.tw	Data Communication Business Group (AS3462)	1
dns4names.com	Hetzner Online GmbH (AS24940)	1
eandt.tw	Data Communication Business Group (AS3462)	1
AMAZON-02	EASPNET Inc. (AS10135)	1
contabo.net	Contabo Asia Private Limited (AS141995)	2
pearson.com	Pearson Shared Services Ltd (AS29016)	1
GANDI SAS	IONOS SE (AS8560)	1
CLOUDFLARENET	Ultahost, Inc. (AS214036)	1
ezydomain.com	A2HOSTING (AS55293)	1
entrydns.net	COMCAST-7922 (AS7922)	1
redirect.host	Gransy s.r.o. (AS60592)	1
Host Europe GmbH	BGP Network Limited (AS64050)	1
com.tw	HK AISI CLOUD COMPUTING LIMITED (AS132813)	1
dtnt.info	MICROSOFT-CORP-MSN-AS-BLOCK (AS8075)	1
GANDI SAS	Gigas Hosting S.A. (AS57286)	2
megabit.net	ITEMAX GmbH (AS9135)	1
net.tw	DWINS Digital Service Corp. (AS17416)	1
innowin.tw	Data Communication Business Group (AS3462)	1
hhy.tw	PUMO NETWORK DIGITAL TECHNOLOGY CO.,LTD (AS38843)	1
iplace.se	Infomaniak Network SA (AS29222)	1
Host Europe GmbH	NetActuate, Inc (AS63911)	1
mira.tw	Data Communication Business Group (AS3462)	1
providesupport.com	CLOUDFLARENET (AS13335)	1
sunjun.tw	Data Communication Business Group (AS3462)	1
livehostsupport.com	Dreamscape Networks Limited (AS38719)	1
pupu.tw	Data Communication Business Group (AS3462)	1
netim.net	Fundaments B.V. (AS20559)	1
ramnode.com	RAMNODE (AS3842)	1
angle.tw	New Century InfoComm Tech Co., Ltd. (AS9919)	1
xn--jpra1172a.tw	TISNET Technology Inc. (AS7535)	1
server260.com	ICDSoft Ltd. (AS8739)	1
CLOUDFLARENET	LUOGELANG FRANCE LIMITED (AS142286)	1
NSS INTL CO., LTD.	SOFTLAYER (AS36351)	1
serverfreak.biz	Serverfreak Technologies Sdn Bhd (AS150172)	1
iwantmyname.net	SQUARESPACE (AS53831)	1
fudako.tw	PUMO NETWORK DIGITAL TECHNOLOGY CO.,LTD (AS38843)	1
net.tw	HOSTP-LA (AS23273)	1
freeones.com	AS-VULTR (AS20473)	1
CLOUDFLARENET	Lucas Vossberg (AS198139)	2
stabletransit.com	RACKSPACE (AS19994)	1
amiss.tw	PUMO NETWORK DIGITAL TECHNOLOGY CO.,LTD (AS38843)	1
slickdns.com	Akamai Connected Cloud (AS63949)	1
Server2019System.	Data Communication Business Group (AS3462)	1
yong-quan.tw	PUMO NETWORK DIGITAL TECHNOLOGY CO.,LTD (AS38843)	1
mobileit.tw	NETWORK-SOLUTIONS-HOSTING (AS19871)	1
SECURITYSERVICES	PPCO (AS18701)	1
agt.tw	Data Communication Business Group (AS3462)	1
CLOUDFLARENET	LEASEWEB-USA-WDC (AS30633)	1
CLOUDFLARENET	Li Jing Info Limited (AS9917)	1
kaifong.tw	Data Communication Business Group (AS3462)	1
uvensys.de	uvensys GmbH (AS58010)	1
lovellsnames.org	Hosting.de GmbH (AS12574)	1
cannabis.tw	RACKSPACE (AS19994)	1
Host Europe GmbH	US-TELEPACIFIC (AS14265)	1
orsir.tw	Data Communication Business Group (AS3462)	1
name-services.com	M247 Europe SRL (AS9009)	1
avency GmbH	Layerstack Limited (AS133380)	1
shihsin.tw	PUMO NETWORK DIGITAL TECHNOLOGY CO.,LTD (AS38843)	1
myfriend.tw	AS-VULTR (AS20473)	1
NSS INTL CO., LTD.	AS-VULTR (AS20473)	1
cheerg.tw	Data Communication Business Group (AS3462)	1
cooliving.tw	PUMO NETWORK DIGITAL TECHNOLOGY CO.,LTD (AS38843)	1
clone.tw	Data Communication Business Group (AS3462)	1
Signet B.V.	Combell NV (AS34762)	1
NSONE	CARINET (AS10439)	1
UK-2 Limited	The Hut.com Limited (AS197651)	1
netfinish.de	WIIT AG (AS24961)	1
csec.tw	Data Communication Business Group (AS3462)	1
AMAZON-02	Xserver Inc. (AS131965)	1
managed-ip.com	MICROSOFT-CORP-MSN-AS-BLOCK (AS8075)	1
bb2.tw	Data Communication Business Group (AS3462)	1
Host Europe GmbH	OWGELS INTERNATIONAL CO., LIMITED (AS153656)	1
Host Europe GmbH	Hetzner Online GmbH (AS213230)	1
Host Europe GmbH	New Century InfoComm Tech Co., Ltd. (AS9919)	2
xn--sgt671l.tw	Data Communication Business Group (AS3462)	1
SECURITYSERVICES	DEFENSE-NET (AS55002)	1
Host Europe GmbH	RACKSPACE (AS27357)	1
GANDI SAS	CENTURYLINK-US-LEGACY-QWEST (AS209)	1
CLOUDFLARENET	Magyar Telekom Plc. (AS5483)	1
ezhd.tw	Data Communication Business Group (AS3462)	1
Host Europe GmbH	WAVE-AMERICA (AS395681)	1
ns14.net	ISPpro Internet KG (AS35366)	1
Safenames Ltd.	CLOUDFLARENET (AS13335)	1
name-services.com	Room 704, ChinaChen Leighton Plaza (AS55953)	1
cloudns.net	Taiwan Fixed Network, Telco and Network Service Provider. (AS9924)	1
com.tw	HKT Limited (AS4760)	1
Host Europe GmbH	CommuniLink Internet Limited. (AS38277)	1
fong-design.com	Data Communication Business Group (AS3462)	1
speedweb.sk	SWAN, a.s. (AS5578)	1
consignia.com	Radware Ltd (AS198949)	1
icheck.tw	SaveCom Internation Inc. (AS9676)	1
trangwebvang.net	VNPT Corp (AS45899)	1
DIGICERT	OVH SAS (AS16276)	1
ezydomain.com	Sky Digital Co., Ltd. (AS134823)	1
GANDI SAS	Taiwan Fixed Network, Telco and Network Service Provider. (AS9924)	1
Hangzhou Alibaba Advertising Co.,Ltd.	YISU CLOUD LTD (AS138152)	1
pc-net.tw	Sony Network Taiwan Limited (AS18182)	1
hostgt.net	NETWORK-SOLUTIONS-HOSTING (AS19871)	1
com.au	Virtutel Pty Ltd (AS24516)	1
drnameservice.com	Retelit Digital Services S.p.A. (AS5396)	1
kivial.it	Engineering D.HUB S.p.A. (AS21176)	1
yahoo.com	New Century InfoComm Tech Co., Ltd. (AS9919)	1
GANDI SAS	COMCAST-7922 (AS7922)	1
cnvr.net	VALUECLICK (AS25751)	1
cmtdns2.	Data Communication Business Group (AS3462)	1
SCAAM0001	MICROSOFT-CORP-MSN-AS-BLOCK (AS8075)	1
SECURITYSERVICES	CI-AS (AS396514)	1
datenchef.net	meerfarbig GmbH & Co. KG (AS34549)	1
tronco.tw	Data Communication Business Group (AS3462)	1
sun-power.tw	PUMO NETWORK DIGITAL TECHNOLOGY CO.,LTD (AS38843)	1
SECURITYSERVICES	TCIS (AS22747)	1
htmi.tw	PUMO NETWORK DIGITAL TECHNOLOGY CO.,LTD (AS38843)	1
ace7687server.	Data Communication Business Group (AS3462)	1
GOOGLE	B-F (AS40338)	1
CLOUDFLARENET	UK-2 Limited (AS13213)	1
net.tw	SQUARESPACE (AS53831)	1
auo.com	Data Communication Business Group (AS3462)	1
ipcom GmbH	AS-VULTR (AS20473)	1
ilv.tw	New Century InfoComm Tech Co., Ltd. (AS9919)	1
yuanhao.tw	Data Communication Business Group (AS3462)	1
Vautron Rechenzentrum AG	Contabo GmbH (AS51167)	1
axera.it	Axera SpA (AS13097)	1
NSONE	Host Europe GmbH (AS20773)	1
CLOUDFLARENET	HURRICANE (AS6939)	1
mimic.tw	TISNET Technology Inc. (AS7535)	1
lesjoforsab.com	Telia Company AB (AS3301)	1
net.tw	FLY (AS40509)	1
NSS INTL CO., LTD.	PUMO NETWORK DIGITAL TECHNOLOGY CO.,LTD (AS38843)	1
G-Core Labs S.A.	TZULO (AS11878)	1
Data Communication Business Group	NAMECHEAP-NET (AS22612)	1
hkuser.org	PCCW IMS Ltd PCCW Business Internet Access (AS4515)	1
team4media.net	Plus.line AG (AS12306)	1
mpexnet.de	mpex GmbH (AS35833)	1
dnsip.com	CTG Server Limited (AS152194)	1
NUCDN	SafeBrands S.A.S. (AS34173)	1
teamviewer.com	ANEXIA Internetdienstleistungs GmbH (AS42473)	1
manitu.net	manitu GmbH (AS34240)	1
iwantmyname.net	InterNetX GmbH (AS15456)	1
ns14.net	Megaspace Internet Services GmbH (AS34624)	1
CENGAGE-OHCIN	Koos Broadband Telecom (AS18042)	1
qtmedia.jp	SAKURA Internet Inc. (AS9370)	1
GMO Internet Group, Inc.	IDC Frontier Inc. (AS4694)	1
SpaceNet AG	SpaceNet AG (AS5539)	1
com.tw	LIQUIDWEB (AS32244)	1
GOOGLE	SQUARESPACE (AS53831)	1
generex.tw	Data Communication Business Group (AS3462)	1
missa.tw	PUMO NETWORK DIGITAL TECHNOLOGY CO.,LTD (AS38843)	1
kyo.tw	PUMO NETWORK DIGITAL TECHNOLOGY CO.,LTD (AS38843)	1
Host Europe GmbH	SingNet (AS3758)	2
AMAZON-02	WHG Hosting Services Ltd (AS51713)	1
marc-cain.net	Hetzner Online GmbH (AS24940)	1
frei.net	Deutsche Telekom AG (AS3320)	3
8890.tw	Data Communication Business Group (AS3462)	1
fujisoft.tw	AMAZON-02 (AS16509)	1
greatknives.tw	Data Communication Business Group (AS3462)	1
NUCDN	AKAMAI-AS (AS16625)	1
schlundtech.de	MCS GmbH (AS215992)	1
levigo.com	NorthC Deutschland GmbH (AS15598)	1
securen.net	TM TECHNOLOGY SERVICES SDN. BHD. (AS4788)	1
ndns.cn	Tencent Building, Kejizhongyi Avenue (AS132203)	1
New Century InfoComm Tech Co., Ltd.	Koos Broadband Telecom (AS18042)	1
ns14.net	Neue Medien Muennich GmbH (AS34788)	3
mcmaster.com	MCMNET (AS22034)	1
bumperplugs.com	ORACLE-BMC-31898 (AS31898)	1
NUCDN	Aire Networks Del Mediterraneo Sl Unipersonal (AS29119)	1
schlundtech.de	DMG Media Limited (AS12789)	1
markmonitor.com	Deutsche Telekom AG (AS3320)	2
ix1000.com	Taiwan Academic Network TANet Information Center (AS1659)	1
GOOGLE-CLOUD-PLATFORM	Asia Pacific On-line Service Inc. (AS7482)	2
yourdomainprovider.net	CLDIN B.V. (AS48635)	1
beit.de	BEIT GmbH (AS211784)	1
pearson.com	CW Vodafone Group PLC (AS1273)	1
CHINANET SiChuan Telecom Internet Data Center	Forewin Telecom Group Limited, ISP at (AS38186)	1
GANDI SAS	Internet Vikings International AB (AS203610)	1
fuya.tw	PUMO NETWORK DIGITAL TECHNOLOGY CO.,LTD (AS38843)	1
lemarit.de	Scaleway S.a.s. (AS12876)	1
dbgdns.de	MICROSOFT-CORP-MSN-AS-BLOCK (AS8075)	1
vhs100.com	Sony Network Taiwan Limited (AS18182)	1
acrylic.tw	Data Communication Business Group (AS3462)	1
ezim-solutions.com	HKBN Enterprise Solutions HK Limited (AS9381)	1
Hangzhou Alibaba Advertising Co.,Ltd.	Tencent Building, Kejizhongyi Avenue (AS132203)	1
123tkt.tw	PUMO NETWORK DIGITAL TECHNOLOGY CO.,LTD (AS38843)	1
excedonet.net	GleSYS AB (AS42708)	2
kornet.net	CLOUDFLARENET (AS13335)	1
ckl.tw	AMAZON-02 (AS16509)	1
encirca.net	LVLT-3549 (AS3549)	1
GANDI SAS	VIRMACH (AS25693)	1
gocloudeasy.com	LEASEWEB SINGAPORE PTE. LTD. (AS59253)	1
host20.net	Adam EcoTech, S.A (AS15699)	1
Host Europe GmbH	Shenzhen Dianjiang Technology Co Ltd (AS147008)	1
smartname.com	AMAZON-02 (AS16509)	1
european-server.com	Datacenter Luxembourg S.A. (AS24611)	1
mshost.tw	ZEN-ECN (AS21859)	1
NSONE	RMH-14 (AS33070)	1
hola.info	AMAZON-02 (AS16509)	1
ORACLE-BMC-31898	Digital United Inc. (AS4780)	1
MICROSOFT-CORP-MSN-AS-BLOCK	GANDI SAS (AS29169)	2
everydayisagift.tw	AS-VULTR (AS20473)	1
ezydomain.com	Asia Pacific Broadband Fixed Lines Co., Ltd. (AS24154)	1
linzh.tw	Data Communication Business Group (AS3462)	1
CLOUDFLARENET	UUNET (AS701)	1
CLOUDFLARENET	UNIVERSAL-INSURANCE (AS22109)	1
parktons.com	Gransy s.r.o. (AS60592)	1
bokai.tw	Asia Pacific Broadband Fixed Lines Co., Ltd. (AS24154)	1
online-forum.net	OVH SAS (AS16276)	1
delink.de	M-net Telekommunikations GmbH (AS8767)	1
MICROSOFT-CORP-MSN-AS-BLOCK	INS-AS (AS2386)	1
ucloudhosting.com	New Century InfoComm Tech Co., Ltd. (AS9919)	1
CLOUDFLARENET	GANDI SAS (AS203476)	1
nsdns.info	Scaleway S.a.s. (AS12876)	1
liquidweb.com	LIQUIDWEB (AS32244)	1
biteldns.de	23M GmbH (AS47447)	1
123ns.eu	'ingenit GmbH & Co. KG' (AS57376)	1
m25.nl	Hetzner Online GmbH (AS24940)	1
timia.tw	Data Communication Business Group (AS3462)	1
infinity.tw	DaDa Broadband LTD. (AS18419)	1
iwantmyname.net	RMH-14 (AS33070)	1
GOOGLE-CLOUD-PLATFORM	Floppy Ltd. (AS150756)	1
odrdns.eu	The Infrastructure Group B.V. (AS60404)	1
Infomaniak Network SA	Scaleway S.a.s. (AS12876)	1
serverhostgroup.com	AS-VULTR (AS20473)	1
hyp.net	Globalconnect As (AS2116)	1
chengxin.tw	Data Communication Business Group (AS3462)	1
exocad.net	Hetzner Online GmbH (AS24940)	1
umate.tw	PUMO NETWORK DIGITAL TECHNOLOGY CO.,LTD (AS38843)	1
net.au	Vocus Connect International Backbone (AS4826)	1
Host Europe GmbH	Zhengzhou Fastidc Technology Co.,Ltd. (AS56005)	1
GOOGLE	CONFLUENCE-NETWORK-INC (AS40034)	1
Signet B.V.	Vancis IP B.V. (AS15879)	1
eternity.tw	AS40676 (AS40676)	1
ports.se	Akamai Connected Cloud (AS63949)	1
hostedby.eu	Xenius BVBA (AS203148)	1
CLOUDFLARENET	Chummy Technology Ltd. (AS152615)	1
i-s-o.net	Hetzner Online GmbH (AS24940)	1
G-Core Labs S.A.	G-Core Labs S.A. (AS199524)	1
Nessus GmbH	DIGITALOCEAN-ASN (AS14061)	1
idear.tw	Data Communication Business Group (AS3462)	1
rs.com	DIGICERT (AS16552)	1
wearebuy.tw	Taiwan Infrastructure Network Technologie (AS18049)	1
x168.tw	kbro CO. Ltd. (AS38841)	1
Host Europe GmbH	ZILLION-NETWORK (AS54801)	3
com.tw	Sky Digital Co., Ltd. (AS134823)	1
ipcom GmbH	Chinanet (AS4134)	1
Host Europe GmbH	Itm8 A/S (AS44398)	1
mpcnet.de	Probe Networks (AS29686)	1
Yuan-Jhen Info., Co., Ltd	Cloudflare London, LLC (AS209242)	1
com.tw	LUCIDACLOUD LIMITED (AS139659)	1
GMO Internet Group, Inc.	NTT PC Communications, Inc. (AS2514)	1
ysgroup.tw	PUMO NETWORK DIGITAL TECHNOLOGY CO.,LTD (AS38843)	1
msp.tw	Data Communication Business Group (AS4782)	1
nouryon.com	Enflow B.V. (AS209626)	2
ipcom GmbH	T-Mobile Austria GmbH (AS8412)	1
Host Europe GmbH	Virtual1 Limited (AS47474)	1
iquer.net	united-domains GmbH (AS202108)	1
SECURITYSERVICES	AS2-TRENDMICRO-COM (AS16880)	1
MICROSOFT-CORP-MSN-AS-BLOCK	RACKSPACE (AS27357)	1
xincache.com	AMAZON-02 (AS16509)	1
net.tw	WAVE-AMERICA (AS395681)	1
GANDI SAS	CommuniLink Internet Limited. (AS38277)	1
DIGICERT	Optimizely AB (AS30811)	2
Data Communication Business Group	DaDa Broadband LTD. (AS18419)	1
mywebserv.com	SERVCOMPUTING INC (AS131620)	1
NUCDN	HostGhost B.V. (AS197395)	1
Host Europe GmbH	Leaseweb Japan K.K. (AS134351)	1
8pm.tw	SaveCom Internation Inc. (AS9676)	1
libreoffice.tw	Yuan-Jhen Info., Co., Ltd (AS131149)	1
chan-da.tw	Data Communication Business Group (AS3462)	1
nshost2.de	TelemaxX Telekommunikation GmbH (AS12843)	1
abbott.com	CONFLUENCE-NETWORK-INC (AS40034)	1
stabletransit.com	RACKSPACE (AS27357)	1
GANDI SAS	Alibaba US Technology Co., Ltd. (AS45102)	1
Hangzhou Alibaba Advertising Co.,Ltd.	IT7NET (AS25820)	1
yourdomainprovider.net	Metaregistrar B.V. (AS42585)	1
nthu.tw	National Tsing-Hua University (AS18047)	1
hyp.net	Blix Solutions AS (AS50304)	1
tuonomeregistrar.com	SEEWEB s.r.l. (AS12637)	1
desec.io	Data Communication Business Group (AS3462)	1
tecob.com	Contabo GmbH (AS51167)	1
Yuan-Jhen Info., Co., Ltd	Kaopu Cloud HK Limited (AS138915)	1
DIGICERT	IFNCO (AS393347)	1
unigra.it	E-Mind Srl (AS49535)	1
Hangzhou Alibaba Advertising Co.,Ltd.	IncomparableHKNetwork Co., Limited (AS141159)	1
eudns.nl	Schokker IT B.V. (AS60790)	1
MICROSOFT-CORP-MSN-AS-BLOCK	Taiwan Fixed Network, Telco and Network Service Provider. (AS9924)	2
secserverpros.com	GOOGLE-CLOUD-PLATFORM (AS396982)	1
MICROSOFT-CORP-MSN-AS-BLOCK	AboveNet Communications Taiwan (AS17408)	1
Data Communication Business Group	Data Communication Business Group (AS4782)	1
GANDI SAS	National Health Research Institutes (AS18181)	1
SECURITYSERVICES	DATACHAMBERS (AS29765)	2
AMAZON-02	SHOPEE TAIWAN CO. LTD. (AS131623)	1
GMO Internet Group, Inc.	ARTERIA Networks Corporation (AS17506)	1
GOOGLE	PUMO NETWORK DIGITAL TECHNOLOGY CO.,LTD (AS38843)	1
ix1000.com	Floppy Ltd. (AS150756)	1
hilink.tw	Data Communication Business Group (AS3462)	1
co.uk	Heart Internet limited (AS20738)	1
GOOGLE-CLOUD-PLATFORM	GOOGLE-2 (AS19527)	1
node.tw	Data Communication Business Group (AS3462)	1
pavihost.com	Data Communication Business Group (AS3462)	1
twwww.net	OVH SAS (AS16276)	1
managed-ip.com	UNIFIEDLAYER-AS-1 (AS46606)	1
BIZLAND-SD	Hangzhou Alibaba Advertising Co.,Ltd. (AS37963)	1
regmix.com	Pq Hosting Plus S.r.l. (AS44477)	2
CLOUDFLARENET	CENTURYLINK-LEGACY-LIGHTCORE (AS22561)	1
froghome.tw	PUMO NETWORK DIGITAL TECHNOLOGY CO.,LTD (AS38843)	1
hotrue.tw	PUMO NETWORK DIGITAL TECHNOLOGY CO.,LTD (AS38843)	1
mijndnsserver.nl	AMAZON-02 (AS16509)	1
abierto365.net	Tecnocratica Centro de Datos, S.L. (AS15954)	1
atos-services.net	Worldline SA (AS8677)	1
Yuan-Jhen Info., Co., Ltd	NSS INTL CO., LTD. (AS131626)	2
griffel.se	Griffel AB (AS47467)	1
Akamai International B.V.	NCUBE-OREGON-AS (AS1219)	1
vplus.tw	Data Communication Business Group (AS3462)	1
ANEXIA Internetdienstleistungs GmbH	Bluewin (AS3303)	1
GOOGLE	Taiwan Mobile Co., Ltd. (AS24158)	1
jiestrong.tw	Data Communication Business Group (AS3462)	1
topmall.tw	Data Communication Business Group (AS3462)	1
icic.	Data Communication Business Group (AS3462)	1
servicio-online.net	GOOGLE-CLOUD-PLATFORM (AS396982)	1
Data Communication Business Group	BIZLAND-SD (AS29873)	1
nest.it	DIGITALOCEAN-ASN (AS14061)	1
cloudsigma.com	Cloudsigma Ag (AS50837)	1
sa.cz	STUDENT AGENCY k.s. (AS200844)	1
ORACLE-BMC-31898	NTT Com Asia Limited (AS9293)	1
yka.tw	Data Communication Business Group (AS3462)	1
idnt.de	HKN GmbH (AS12676)	1
odiso.net	Cyllene Its SAS (AS34993)	1
HURRICANE	FASTLY (AS54113)	1
terralink.de	terralink networks GmbH (AS59507)	2
nsprimario.com	Telefonica De Espana S.a.u. (AS3352)	1
Akamai International B.V.	FASTLY (AS54113)	1
netim.net	OVH SAS (AS16276)	1
wpxhosting.com	K Media Tech Ltd. (AS210250)	1
gigatech.tw	Data Communication Business Group (AS3462)	1
open-e.com	Hetzner Online GmbH (AS24940)	1
IONOS SE	DIGITALOCEAN-ASN (AS14061)	1
Safenames Ltd.	XMISSION (AS6315)	1
ih-nameserver.com	SSASN2 (AS20454)	1
Aruba S.p.A.	GOOGLE (AS15169)	1
iboss.tw	Data Communication Business Group (AS3462)	1
CLOUDFLARENET	AS17378 (AS17378)	1
cloudns.net	HOSTVN Technology Solutions Joint Stock Company (AS63765)	1
co.uk	Cloudbear B.V. (AS57758)	1
is-fun.net	UK-2 Limited (AS13213)	1
GANDI SAS	Alpilink Cloud S.A.S. (AS28768)	1
skrool.com	COLT Technology Services Group Limited (AS8220)	1
MMC	AMAZON-AES (AS14618)	1
Akamai International B.V.	AS2-TRENDMICRO-COM (AS16880)	1
medline.net	MEDLINE (AS22446)	1
com.tw	GO-DADDY-COM-LLC (AS400754)	1
QUIC-CLOUD	Yuan-Jhen Info., Co., Ltd (AS131149)	1
Data Communication Business Group	Extra-Lan Technologies Co., LTD (AS18429)	1
flygt.com	Xylem Water Solutions Global Services Ab (AS60269)	1
networkshosting.com	BIZLAND-SD (AS29873)	1
SECURITYSERVICES	senseLAN GmbH (AS31736)	1
dnspod.net	Netsec Limited (AS45753)	1
mijndnsserver.nl	Signet B.V. (AS20857)	1
CLOUDFLARENET	Korea Telecom (AS4766)	1
rzowl.de	MARCANT AG (AS197932)	1
GOOGLE-CLOUD-PLATFORM	Telenet BV (AS6848)	1
pcparty.tw	Data Communication Business Group (AS3462)	1
inservice.tw	Data Communication Business Group (AS3462)	1
twmail.org	AMAZON-02 (AS16509)	1
dotvndns.vn	SUPERDATA (AS45544)	1
wa1000.com	New Century InfoComm Tech Co., Ltd. (AS9919)	1
brandsight-dns.com	AMAZON-02 (AS16509)	1
bicos.de	Bicos Computer GmbH (AS12466)	1
ns53.be	Devout BV (AS216471)	1
quadsys.net	AS40676 (AS40676)	1
QUIC-CLOUD	Data Communication Business Group (AS3462)	1
enbw.com	EnBW Energie Baden-Wuerttemberg AG (AS15698)	1
crossedpair.com	COGENT-174 (AS174)	1
jai.tw	Taiwan Intelligent Fiber Optic Network Co.,Ltd. (AS131584)	1
CLOUDFLARENET	JINHUA, ZHEJIANG Province, P.R.China. (AS136190)	1
basefarm.net	Arribatec Cloud AS (AS205976)	1
wayken.tw	Data Communication Business Group (AS3462)	1
assurant.com	CLOUDFLARENET (AS13335)	1
yahoo.com	Yahoo Global Holdings B.V. Taiwan Branch (AS24506)	1
Swan_DNS_Server.	Data Communication Business Group (AS3462)	1
CLOUDFLARENET	Ddos-guard Ltd (AS57724)	1
kitaro.tw	PUMO NETWORK DIGITAL TECHNOLOGY CO.,LTD (AS38843)	1
SECURITYSERVICES	IFOXNETODPD-ENSONO-DCCS (AS19229)	1
CLOUDFLARENET	Surfplanet GmbH (AS33984)	1
server.plus	LEASEWEB-USA-NYC (AS396362)	1
msdservicesdns.com	GOOGLE (AS15169)	1
GANDI SAS	AS-26496-GO-DADDY-COM-LLC (AS26496)	1
f5clouddns.com	F5 Networks SARL (AS35280)	1
namespro.ca	A2HOSTING (AS55293)	1
whoisdomain.kr	KINX (AS9286)	1
hostingtek.it	MICROSOFT-CORP-MSN-AS-BLOCK (AS8075)	1
gowesthosting.com	WEHOSTWEBSITES-COM (AS30475)	1
e-learning.	Data Communication Business Group (AS3462)	1
risely.digital	Hetzner Online GmbH (AS24940)	1
encirca.net	AMAZON-AES (AS14618)	1
AMAZON-02	Taiwan Academic Network TANet Information Center (AS1659)	2
GANDI SAS	UNION BROADBAND NETWORK (AS24164)	1
funtravel.tw	PUMO NETWORK DIGITAL TECHNOLOGY CO.,LTD (AS38843)	1
pinco.com	NAMECHEAP-NET (AS22612)	1
ikoula.com	Ikoula Net SAS (AS21409)	1
ts500e6-1.ts500dns	PUMO NETWORK DIGITAL TECHNOLOGY CO.,LTD (AS38843)	1
AMAZON-02	TRIPADVISOR (AS32286)	1
Host Europe GmbH	National Internet Backbone (AS9829)	1
zds.tw	PUMO NETWORK DIGITAL TECHNOLOGY CO.,LTD (AS38843)	1
ametek.com	AS-26496-GO-DADDY-COM-LLC (AS26496)	1
885995.tw	Yuan-Jhen Info., Co., Ltd (AS131149)	1
NUCDN	Krystal Hosting Ltd (AS12488)	1
etnews.tw	Sony Network Taiwan Limited (AS18182)	1
ne.jp	SAKURA Internet Inc. (AS7684)	1
xundns.com	NTT-DATA-2914 (AS2914)	1
CLOUDFLARENET	COMCAST-7922 (AS7922)	1
CLOUDFLARENET	Intesa Sanpaolo S.p.A. (AS13183)	1
mylivescore.tw	Akamai Connected Cloud (AS63949)	1
communique.se	Telia Company AB (AS3301)	1
go4web.ch	AMAZON-02 (AS16509)	1
timway.com	CommuniLink Internet Limited. (AS38277)	1
ipcom GmbH	SaveCom Internation Inc. (AS9676)	1
MICROSOFT-CORP-MSN-AS-BLOCK	GANDI SAS (AS203476)	1
cdesign-server.	Data Communication Business Group (AS3462)	1
agfa.be	Agfa Gevaert NV (AS31612)	2
fol.it	Aruba S.p.A. (AS31034)	1
cloudns.net	UNION BROADBAND NETWORK (AS24165)	1
zetadns.net	Shinjiru Technology Sdn Bhd (AS45839)	1
ORACLE-BMC-31898	Enflow B.V. (AS209626)	1
inforent.de	MICROSOFT-CORP-MSN-AS-BLOCK (AS8075)	1
chiaching.tw	Data Communication Business Group (AS3462)	1
porch.tw	Data Communication Business Group (AS3462)	1
Host Europe GmbH	SonderCloud Limited (AS133199)	1
SECURITYSERVICES	Retelit Digital Services S.p.A. (AS28716)	1
CLOUDFLARENET	Enflow B.V. (AS209626)	1
com.br	ORACLE-BMC-31898 (AS31898)	1
jacs.tw	PUMO NETWORK DIGITAL TECHNOLOGY CO.,LTD (AS38843)	1
ns14.net	Digi Romania S.A. (AS8708)	1
ceking.tw	Data Communication Business Group (AS3462)	1
xn--hjuy98h.tw	Data Communication Business Group (AS3462)	1
supporthost.com	Hetzner Online GmbH (AS24940)	1
metro-ag.com	MICROSOFT-CORP-MSN-AS-BLOCK (AS8075)	1
CLOUDFLARENET	LUMOS (AS7795)	1
dogado.de	dogado GmbH (AS8648)	1
abb.com	Register S.p.A. (AS39729)	1
Host Europe GmbH	HLL LLC (AS51115)	1
ICDSoft Ltd.	HGC Global Communications Limited (AS9304)	1
name-services.com	Yuan-Jhen Info., Co., Ltd (AS131149)	1
cathaylife.tw	PUNET Taiwan (AS9216)	1
CLOUDFLARENET	Signet B.V. (AS20857)	1
versio.be	CLDIN B.V. (AS48635)	1
Hangzhou Alibaba Advertising Co.,Ltd.	LEASEWEB-USA-LAX (AS395954)	1
ANEXIA Internetdienstleistungs GmbH	Team Internet AG (AS61969)	1
symbio.tw	SAKURA Internet Inc. (AS9370)	1
qwest.net	Shanghai Blue Cloud Technology Co.,Ltd (AS58593)	1
SECURITYSERVICES	WHG Hosting Services Ltd (AS14670)	1
cjee.tw	Data Communication Business Group (AS3462)	1
interaxes.com	AS-VULTR (AS20473)	1
SECURITYSERVICES	Equinix (EMEA) Acquisition Enterprises B.V. (AS15830)	1
AMAZON-02	2degrees Networks Limited (AS23655)	1
senmu.tw	PUMO NETWORK DIGITAL TECHNOLOGY CO.,LTD (AS38843)	1
paroi.tw	PUMO NETWORK DIGITAL TECHNOLOGY CO.,LTD (AS38843)	1
MICROSOFT-CORP-MSN-AS-BLOCK	Vodafone Libertel B.V. (AS33915)	1
netuy.net	HVC-AS (AS29802)	1
hiopen.com	IHNET (AS33494)	1
ix1000.com	GO-DADDY-COM-LLC (AS400754)	1
360d.tw	Asia Pacific Broadband Fixed Lines Co., Ltd. (AS24154)	1
MICROSOFT-CORP-MSN-AS-BLOCK	WEEBLY (AS27647)	1
name-services.com	SEDO GmbH (AS47846)	1
1984.is	1984 ehf (AS44925)	1
cole.tw	Data Communication Business Group (AS3462)	1
Host Europe GmbH	SERVERPOINT (AS26277)	1
kronotex.tw	Data Communication Business Group (AS3462)	1
chia-tai.tw	Data Communication Business Group (AS3462)	1
datacenter.no	Webhuset AS (AS29486)	1
MICROSOFT-CORP-MSN-AS-BLOCK	Safenames Ltd. (AS60819)	1
skoda-auto.cz	SKODA AUTO a.s. (AS20708)	1
AMAZON-02	BIZNESSHOSTING-DBA-VOLICO (AS33724)	1
elogic.it	Dinova Srl (AS200760)	1
grp.tw	Data Communication Business Group (AS3462)	1
wyith.net	GO-DADDY-COM-LLC (AS398101)	1
co.uk	LIQUIDWEB (AS32244)	1
serverexperts.org	AS-COLOCROSSING (AS36352)	1
IONOS SE	UNIFIEDLAYER-AS-1 (AS46606)	1
CLOUDFLARENET	ASTRAL-INTERNET (AS394277)	1
afraid.org	Sony Network Communications Inc. (AS2527)	1
managed-ip.com	TKRZ Stadtwerke GmbH (AS42184)	1
cronon.de	Strato GmbH (AS6724)	1
NSONE	ESET, spol. s r.o. (AS50881)	1
cloudforce.tw	Asia Pacific Broadband Fixed Lines Co., Ltd. (AS24154)	1
heng.ai	CTG Server Limited (AS152194)	1
hostnamegt.com	NAMECHEAP-NET (AS22612)	1
linode.com	AS-VULTR (AS20473)	1
domaine.fr	Xefi Lyon SAS (AS198330)	1
CLOUDFLARENET	ASLINE LIMITED (AS137951)	2
lifestyle.tw	Data Communication Business Group (AS3462)	1
openimage.tw	Data Communication Business Group (AS3462)	1
ono.tw	Data Communication Business Group (AS3462)	1
a1.net	Telekom Austria (AS8447)	1
gigastorage.tw	Digital United Inc. (AS4780)	1
managed-ip.com	SysEleven GmbH (AS25291)	1
AMAZON-02	Layerstack Limited (AS133380)	1
publicelements.de	Strato GmbH (AS6724)	1
CLOUDFLARENET	WebHorizon Internet Services (AS149020)	1
meganameservers.eu	23M GmbH (AS47447)	1
ab stract ltd	Global-Data System IT Corporation (AS42624)	1
or.jp	AMAZON-02 (AS16509)	1
lube.tw	Data Communication Business Group (AS3462)	1
siselectron.com	COMCAST-7922 (AS7922)	1
tradeserv.com	Data Communication Business Group (AS3462)	1
ix1000.com	CTG Server Limited (AS152194)	1
antiderivative.net	AS-VULTR (AS20473)	1
CLOUDFLARENET	Darkness Reigns (Holding) B.V. (AS61161)	1
CHINANET Guangdong province network	N963 PTE. LTD. (AS963)	1
keyper.net	Cloudflare London, LLC (AS209242)	1
uniauto.tw	Data Communication Business Group (AS3462)	1
SECURITYSERVICES	dogado GmbH (AS45012)	1
next-services.de	InterNetworX Management GmbH (AS48596)	1
Host Europe GmbH	Contabo Asia Private Limited (AS141995)	1
td-fn.net	CLOUDFLARENET (AS13335)	1
megagroup.ru	Megagroup.ru LLC (AS60357)	1
GOOGLE-CLOUD-PLATFORM	INCAPSULA (AS19551)	1
openmuseum.tw	Academia Sinica (AS9264)	1
nodesecure.com	AUTOMATTIC (AS2635)	1
SECURITYSERVICES	AS17378 (AS17378)	2
j-vista.ru	Hetzner Online GmbH (AS24940)	1
hostsevenplus.com	Siamdata Communication Co.,Ltd. (AS56309)	1
SkyExchange Internet Access	AMAZON-02 (AS16509)	1
Safenames Ltd.	GOOGLE-CLOUD-PLATFORM (AS396982)	1
anxo.tw	Data Communication Business Group (AS3462)	1
one.com	CLOUDFLARENET (AS13335)	1
CLOUDFLARENET	Team Internet AG (AS61969)	1
bpldns.com	BYTEDANCE (AS396986)	1
Akamai International B.V.	Data Communication Business Group (AS3462)	1
ns-smart.com	CLOUDFLARENET (AS13335)	1
Aruba S.p.A.	CLOUDFLARENET (AS13335)	1
iptp.net	IPTP LTD (AS41095)	1
yandex.net	National Central University (AS18420)	1
exlab.net	Data Communication Business Group (AS3462)	1
ix1000.com	NSS INTL CO., LTD. (AS131626)	1
dn-s.nl	Cyso Group B.V. (AS25151)	1
co.uk	GOOGLE (AS15169)	1
prius.tw	TISNET Technology Inc. (AS7535)	1
businesswire.com	AMAZON-02 (AS16509)	1
SkyExchange Internet Access	Hangzhou Alibaba Advertising Co.,Ltd. (AS37963)	1
com.tw	Layerstack Limited (AS133905)	1
LVLT-3549	LVLT-3549 (AS3549)	1
SECURITYSERVICES	Deutsche Telekom MMS GmbH (AS200093)	1
parasoft.com	FASTLY (AS54113)	1
Data Communication Business Group	VPLSNET (AS35908)	1
Knipp Medien und Kommunikation GmbH	EVANZO e-commerce GmbH (AS42730)	1
araves.tw	UNION BROADBAND NETWORK (AS24164)	1
CLDIN B.V.	Akamai Connected Cloud (AS63949)	1
unitop.tw	PUMO NETWORK DIGITAL TECHNOLOGY CO.,LTD (AS38843)	1
reedelsevier.com	Safenames Ltd. (AS60819)	1
european-server.com	Level 27 BVBA (AS59943)	1
Host Europe GmbH	PIEG-01 (AS400238)	1
Taiwan Fixed Network, Telco and Network Service Provider.	Sony Network Taiwan Limited (AS18182)	1
NSONE	EQUINIX-CORP-NETWORK (AS14609)	1
Data Communication Business Group	IVENUE (AS40738)	1
co.uk	Hetzner Online GmbH (AS24940)	1
mitdps.net	5G NETWORK OPERATIONS PTY LTD (AS24446)	1
CLOUDFLARENET	UAB Cherry Servers (AS16125)	1
0880.tw	AS-VULTR (AS20473)	1
srcc.tw	Data Communication Business Group (AS3462)	1
markmonitor.com	AS17378 (AS17378)	1
ports.se	MICROSOFT-CORP-MSN-AS-BLOCK (AS8075)	1
MICROSOFT-CORP-MSN-AS-BLOCK	HITRON TECHNOLOGY INC. (AS9311)	1
host313.net	Data Communication Business Group (AS3462)	1
why3s.com	Koos Broadband Telecom (AS18042)	1
netservicesgroup.net	SBBSNET (AS15154)	1
iron-man.tw	Data Communication Business Group (AS3462)	1
gic.tw	Digital United Inc. (AS4780)	1
abzone.cz	Quantcom, a.s. (AS29208)	1
SkyExchange Internet Access	UNIFIEDLAYER-AS-1 (AS46606)	1
CLOUDFLARENET	SAKURA Internet Inc. (AS9370)	1
GANDI SAS	HostingInside LTD. (AS9678)	1
timmy.tw	Data Communication Business Group (AS3462)	1
hosting335.com	ICDSoft Ltd. (AS8739)	1
com.hk	HK Broadband Network Ltd. (AS10103)	1
koocloud.net	AMAZON-02 (AS16509)	1
CLOUDFLARENET	offek h&o ltd (AS201156)	1
money591.tw	Data Communication Business Group (AS3462)	1
webme.it	Infrastructure Italia Colo S.r.l. (AS203201)	1
solcon.nl	Global-e ICT solutions B.V. (AS39591)	1
lspd.net	Viewqwest Pte Ltd (AS18106)	1
vkn.de	CMO Internet Dienstleistungen GmbH (AS25058)	1
scania.com	Scania CV AB (AS202116)	1
zoneedit.com	EDNS (AS16686)	1
anycastns1.org	WZ-US-40824 (AS40824)	1
Hangzhou Alibaba Advertising Co.,Ltd.	GOOGLE-CLOUD-PLATFORM (AS396982)	1
Data Communication Business Group	Dynamic Computing Technology (AS131601)	1
xxoo.net	WEBNX (AS18450)	1
MICROSOFT-CORP-MSN-AS-BLOCK	CEGID S.A. (AS47820)	1
get.tw	New Century InfoComm Tech Co., Ltd. (AS9919)	1
Deutsche Telekom AG	IONOS SE (AS8560)	1
ports.se	OVH SAS (AS16276)	1
ports.se	Team Internet AG (AS61969)	1
Alibaba US Technology Co., Ltd.	HK AISI CLOUD COMPUTING LIMITED (AS132813)	1
xerox.com	XEROX-WB (AS22390)	1
tipsport.cz	Tipsport.net a.s. (AS206613)	1
han-solo.net	hostNET Medien GmbH (AS34895)	1
MICROSOFT-CORP-MSN-AS-BLOCK	AS-26496-GO-DADDY-COM-LLC (AS26496)	1
Safenames Ltd.	Itm8 A/S (AS44398)	1
AMAZON-02	Vodafone GmbH (AS3209)	1
jay.net	Sentia Denmark A/S (AS47292)	1
MICROSOFT-CORP-MSN-AS-BLOCK	China Networks Inter-Exchange (AS4847)	1
NUCDN	British Telecommunications PLC (AS2856)	1
srvcp.com	SpeedyPage Ltd (AS142594)	1
esunergy.com	Data Communication Business Group (AS3462)	1
NUCDN	dogado GmbH (AS8648)	1
GANDI SAS	Contabo GmbH (AS51167)	1
ip-asia.com	Shinjiru Technology Sdn Bhd (AS45839)	1
ediciel.com	Scaleway S.a.s. (AS12876)	1
1and1.es	IONOS SE (AS8560)	1
OVH SAS	AMAZON-02 (AS16509)	1
LINE Corporation	CLOUDFLARENET (AS13335)	1
tenten.vn	GMO-Z.com Runsystem Joint Stock Company (AS131392)	1
Alibaba US Technology Co., Ltd.	Tencent Building, Kejizhongyi Avenue (AS132203)	1
clk.tw	Data Communication Business Group (AS3462)	1
aiontech.tw	New Century InfoComm Tech Co., Ltd. (AS9919)	1
telekom-domains.de	TUEV NORD Service GmbH & Co KG (AS200003)	1
netafraz.com	Netafraz Iranian Ltd. (AS212216)	1
enem.nl	LeaseWeb Netherlands B.V. (AS60781)	1
youquan.tw	Data Communication Business Group (AS3462)	1
ix1000.com	GO-DADDY-COM-LLC (AS398101)	1
yixing.tw	Data Communication Business Group (AS3462)	1
net.tw	RACKSPACE (AS19994)	1
ipcom GmbH	Ecritel SASU (AS8304)	1
Safenames Ltd.	New Century InfoComm Tech Co., Ltd. (AS9919)	1
ustek.tw	PUMO NETWORK DIGITAL TECHNOLOGY CO.,LTD (AS38843)	1
co.uk	IONOS SE (AS8560)	1
ns14.net	Host Europe GmbH (AS8972)	1
MICROSOFT-CORP-MSN-AS-BLOCK	Akamai Connected Cloud (AS63949)	1
pointdnshere.net	RM B, 2F 88 KWAI CHEONG ROAD (AS132056)	1
wt500.com	Data Communication Business Group (AS3462)	1
Akamai Connected Cloud	NETWORK-SOLUTIONS-HOSTING (AS19871)	1
phtco.com	Hetzner Online GmbH (AS24940)	1
ate.info	PLANETHOSTER-8 (AS53589)	1
changlawfirm.tw	TISNET Technology Inc. (AS7535)	1
AMAZON-02	Uniserver Internet B.V. (AS31673)	1
thednscompany.com	LeaseWeb Netherlands B.V. (AS60781)	1
extdns.de	Dr.-Ing. Nepustil & Co. GmbH Internet Service Center Ingenieurgesellschaft fuer Systemsoftwa (AS33843)	1
net.tw	LATITUDE-SH (AS396356)	1
rozhled.cz	VSHosting s.r.o. (AS43541)	1
AMAZON-02	Elisa Oyj (AS719)	1
rox.net	Rockenstein AG (AS8823)	1
cj2.nl	Stichting DIGI NL (AS206281)	1
