IONOS SE	IONOS SE (AS8560)	10401
Host Europe GmbH	AMAZON-02 (AS16509)	61450
GOOGLE	AMAZON-AES (AS14618)	98
Host Europe GmbH	LINKED STORE BRASIL CRIACAO E DESENVOL DE SOFTWARE (AS273584)	223
GOOGLE	CLOUDFLARENET (AS13335)	1961
sedoparking.com	SEDO GmbH (AS47846)	639
CLOUDFLARENET	Hostinger International Limited (AS47583)	10296
GOOGLE	Wix.com Ltd. (AS58182)	8925
lineadns.com	Alibaba US Technology Co., Ltd. (AS45102)	2
Hetzner Online GmbH	Hetzner Online GmbH (AS213230)	25
IONOS SE	CLOUDFLARENET (AS13335)	334
SECURITYSERVICES	NAMECHEAP-NET (AS22612)	3153
com.mx	UNIFIEDLAYER-AS-1 (AS46606)	236
Host Europe GmbH	GO-DADDY-COM-LLC (AS398101)	4280
inmotionhosting.com	INMOTION (AS22611)	595
Host Europe GmbH	CLOUDFLARENET (AS13335)	3965
hosting-mexico.net	LIMESTONENETWORKS (AS46475)	705
AMAZON-02	WHG Hosting Services Ltd (AS211126)	969
ORACLE-BMC-31898	OVH SAS (AS16276)	3
SERVERCENTRAL	SERVERCENTRAL (AS23352)	1436
CLOUDFLARENET	CLOUDFLARENET (AS13335)	12177
Triara.com S.A. de C.V.	INFB2-AS (AS30447)	665
hostgator.com	ORACLE-BMC-31898 (AS31898)	18
SECURITYSERVICES	CSC (AS19574)	1799
Host Europe GmbH	Wix.com Ltd. (AS58182)	440
AMAZON-02	AMAZON-AES (AS14618)	1085
AMAZON-02	AMAZON-02 (AS16509)	2285
GOOGLE	SQUARESPACE (AS53831)	3932
CLOUDFLARENET	UNIFIEDLAYER-AS-1 (AS46606)	1523
kibu.mx	OVH SAS (AS16276)	1
com.mx	UNINET (AS8151)	32
DIMENOC	OVH SAS (AS16276)	5
SECURITYSERVICES	Akamai Connected Cloud (AS63949)	416
linode.com	DACEN-2 (AS31863)	1
net.vn	VIETNAM POSTS AND TELECOMMUNICATIONS GROUP (AS135905)	1
hostgator.com	CLOUDFLARENET (AS13335)	38
easybroker.com	AMAZON-AES (AS14618)	103
NSONE	AMAZON-02 (AS16509)	360
Host Europe GmbH	Contabo GmbH (AS51167)	26
hostgator.com	UNIFIEDLAYER-AS-1 (AS46606)	592
AMAZON-02	Team Internet AG (AS206834)	294
NETWORK-SOLUTIONS-HOSTING	NETWORK-SOLUTIONS-HOSTING (AS19871)	5626
GANDI SAS	GANDI SAS (AS29169)	660
hosting-mexico.net	NETSOURCE (AS22458)	428
greenhost.nl	Greenhost BV (AS47172)	7
AMAZON-02	Cloudflare London, LLC (AS209242)	74
neubox.net	AS17378 (AS17378)	7302
AS-30083-US-VELIA-NET	AS-30083-US-VELIA-NET (AS30083)	40
OVH SAS	OVH SAS (AS16276)	1192
NSONE	SQUARESPACE (AS53831)	333
Safenames Ltd.	Safenames Ltd. (AS60819)	317
SECURITYSERVICES	AMAZON-02 (AS16509)	265
GOOGLE	FASTLY (AS54113)	136
AMAZON-02	GOOGLE-CLOUD-PLATFORM (AS396982)	653
prodynamics.mx	DATABANK-DFW (AS13767)	1
CLOUDFLARENET	DREAMHOST-AS (AS26347)	1557
AMAZON-02	GOOGLE (AS15169)	2036
Host Europe GmbH	NETWORK-SOLUTIONS-HOSTING (AS19871)	140
GOOGLE	GOOGLE (AS15169)	204
NSONE	SINGLEHOP-LLC (AS32475)	1
unknown	GOOGLE-CLOUD-PLATFORM (AS396982)	4
AS17378	AS17378 (AS17378)	3884
CLOUDFLARENET	AS-26496-GO-DADDY-COM-LLC (AS26496)	20
CLOUDFLARENET	UNINET (AS8151)	56
akkyhosting23.mx	CLOUDFLARENET (AS13335)	1
sgcloudhosting.cloud	Exabytes Network Singapore Pte. Ltd. (AS38532)	1
CLOUDFLARENET	eTOP sp. z o.o. (AS20853)	2
DIMENOC	DIMENOC (AS33182)	1041
co.uk	CSC (AS19574)	11
tecnoxia.net	DIMENOC (AS33182)	3
AMAZON-02	A2HOSTING (AS55293)	713
CLOUDFLARENET	GOOGLE-CLOUD-PLATFORM (AS396982)	1588
unknown	GO-DADDY-COM-LLC (AS398101)	51
xpresshosting.com	WHG Hosting Services Ltd (AS211126)	188
DIGITAL COMUNICATIONS DE MEXICO SA DE CV	DIGITAL COMUNICATIONS DE MEXICO SA DE CV (AS265504)	14
com.mx	LIQUIDWEB (AS32244)	26
accenit.com	LIQUIDWEB (AS32244)	3
IONOS SE	AMAZON-02 (AS16509)	185
PRIVATESYSTEMS	PRIVATESYSTEMS (AS63410)	229
com.br	UNIFIEDLAYER-AS-1 (AS46606)	432
team.blue Denmark A/S	team.blue Denmark A/S (AS48854)	12
A2HOSTING	A2HOSTING (AS55293)	75
BIZLAND-SD	BIZLAND-SD (AS29873)	427
secure-data.net	OVH SAS (AS16276)	3
firebirdlabsusa.com	INMOTION (AS22611)	3
NTHL	NTHL (AS11042)	285
Dattatec.com	Dattatec.com (AS27823)	410
Host Europe GmbH	AUTOMATTIC (AS2635)	91
CLOUDFLARENET	DIGITALOCEAN-ASN (AS14061)	1017
Network Information Center Mexico	Network Information Center Mexico (AS22894)	3528
CLOUDFLARENET	DIMENOC (AS33182)	10
OVH SAS	CLOUDFLARENET (AS13335)	22
CLOUDFLARENET	CYBERCON (AS7393)	40
CLOUDFLARENET	AMAZON-02 (AS16509)	2343
NSONE	SEDO GmbH (AS47846)	274
nodoxy.com	AMAZON-02 (AS16509)	2399
Host Europe GmbH	SUCURI-SEC (AS30148)	190
markmonitor.com	AMAZON-02 (AS16509)	1292
interdominios.com	Cloud Builders SA (AS48348)	2
HURRICANE	AS-COLOCROSSING (AS36352)	3
ipcom GmbH	SafeBrands S.A.S. (AS34173)	1
SECURITYSERVICES	FE-DC-BGP (AS32649)	1
CLOUDFLARENET	NETWORK-SOLUTIONS-HOSTING (AS19871)	292
ports.se	Tele2 SWIPnet (AS1257)	39
hover.com	TUCOWS (AS15348)	114
AS17378	AMAZON-02 (AS16509)	44
Host Europe GmbH	HUAWEI CLOUDS (AS136907)	26
Host Europe GmbH	AS-26496-GO-DADDY-COM-LLC (AS26496)	624
abcoach.mx	UNINET (AS8151)	1
IONOS SE	united-domains GmbH (AS202108)	261
akkyhosting20.mx	LIQUIDNETLTD1 (AS14555)	36
IONOS SE	NL-811-40021 (AS40021)	15
Host Europe GmbH	GO-DADDY-COM-LLC (AS400754)	981
itsec4u.mx	Tu Casa Inalambrica de Mexico (AS263157)	1
Host Europe GmbH	GOOGLE (AS15169)	448
Rackspace Ltd.	Akamai Connected Cloud (AS63949)	18
unknown	AS17378 (AS17378)	450
co.uk	AMAZON-AES (AS14618)	480
QUICKPACKET	QUICKPACKET (AS46261)	6
grupotmi.com	AS17378 (AS17378)	3
servconfig.com	INMOTION (AS22611)	72
com.mx	SERVERCENTRAL (AS23352)	66
AMAZON-02	Mega Cable, S.A. de C.V. (AS262916)	4
NSONE	Akamai International B.V. (AS20940)	3
CLOUDFLARENET	GO-DADDY-COM-LLC (AS398101)	37
AMAZON-02	OVH SAS (AS16276)	352
AS-VULTR	LIQUIDWEB (AS32244)	48
Host Europe GmbH	LIQUIDWEB (AS32244)	39
Host Europe GmbH	SQUARESPACE (AS53831)	781
suempresa.com	AMAZON-02 (AS16509)	19
CLOUDFLARENET	ONIAAS (AS40092)	243
Host Europe GmbH	GOOGLE-CLOUD-PLATFORM (AS396982)	500
cargo.site	AMAZON-AES (AS14618)	44
Combell NV	Combell NV (AS34762)	263
CLDIN B.V.	Zen Internet Ltd (AS13037)	1
networksclub.net	LIMESTONENETWORKS (AS46475)	32
MICROSOFT-CORP-MSN-AS-BLOCK	MICROSOFT-CORP-MSN-AS-BLOCK (AS8075)	380
GOOGLE	AMAZON-02 (AS16509)	300
net.mx	DIGITALOCEAN-ASN (AS14061)	2
elavon.com	AMAZON-AES (AS14618)	2
com.mx	AMAZON-AES (AS14618)	37
CLOUDFLARENET	CONFLUENCE-NETWORK-INC (AS40034)	469
Host Europe GmbH	AMAZON-AES (AS14618)	607
SECURITYSERVICES	AMAZON-AES (AS14618)	110
Host Europe GmbH	Cloudflare London, LLC (AS209242)	1302
GOOGLE	GOOGLE-CLOUD-PLATFORM (AS396982)	485
hostgator.com	NETWORK-SOLUTIONS-HOSTING (AS19871)	441
ICDSoft Ltd.	ICDSoft Ltd. (AS8739)	63
net.mx	Imatech Networks, S.A. de C.V. (AS28524)	71
CLOUDFLARENET	MICROSOFT-CORP-MSN-AS-BLOCK (AS8075)	80
unknown	OVH SAS (AS16276)	23
Host Europe GmbH	FASTLY (AS54113)	319
NUCDN	Adam EcoTech, S.A (AS15699)	35
CLOUDFLARENET	netcup GmbH (AS214996)	3
Akamai Connected Cloud	PC ONLINE (AS270179)	422
ns1.pl	PROGRESO.PL Sp. z o.o (AS210379)	1
demoncompany.com	NETWORK-SOLUTIONS-HOSTING (AS19871)	4
NSONE	SOFTLAYER (AS36351)	99
UNIFIEDLAYER-AS-1	UNIFIEDLAYER-AS-1 (AS46606)	1033
imoff.mx	Host Europe GmbH (AS21499)	1
leclinvet.mx	UNIFIEDLAYER-AS-1 (AS46606)	4
netim.net	Eurofiber France SAS (AS24935)	115
Network Information Center Mexico	SQUARESPACE (AS53831)	39
neubox.net	CLOUDFLARENET (AS13335)	112
IONOS SE	UNIFIEDLAYER-AS-1 (AS46606)	8
viwi.media	NL-811-40021 (AS40021)	1
CLOUDFLARENET	Wix.com Ltd. (AS58182)	78
unknown	NETWORK-SOLUTIONS-HOSTING (AS19871)	91
Host Europe GmbH	OVH SAS (AS16276)	184
DinaHosting S.L.	DinaHosting S.L. (AS42612)	156
solucionesintegralesayc.mx	NETWORK-SOLUTIONS-HOSTING (AS19871)	3
drabiel.mx	IONOS SE (AS8560)	1
GANDI SAS	CLOUDFLARENET (AS13335)	5
VITAL-DNS	VELOCOM SA DE CV (AS265605)	1
AS17378	AMAZON-AES (AS14618)	42
AUTOMATTIC	AUTOMATTIC (AS2635)	926
Konecta de Mexico, S. de R.L. de C.V.	Konecta de Mexico, S. de R.L. de C.V. (AS262913)	16
CLOUDFLARENET	INCAPSULA (AS19551)	636
GANDI SAS	DIGITALOCEAN-ASN (AS14061)	3
ESTRUXTURE-ON-19122	ESTRUXTURE-ON-19122 (AS19122)	6
CLOUDFLARENET	Netsec Limited (AS45753)	24
ipcom GmbH	DIGITALOCEAN-ASN (AS14061)	7
confiaweb.net	LIQUIDNETLTD1 (AS14555)	4
CLOUDFLARENET	Megacable Comunicaciones de Mexico, S.A. de C.V. (AS14178)	21
homeservenet.uk	GOOGLE-CLOUD-PLATFORM (AS396982)	1
cometel.mx	Triara.com S.A. de C.V. (AS19373)	1
ipcom GmbH	creoline GmbH (AS205948)	7
NUCDN	Team Internet AG (AS61969)	114
saludpatrimonial.com	NL-811-40021 (AS40021)	1
suempresa.com	WHG Hosting Services Ltd (AS211126)	300
treecode.mx	UNIFIEDLAYER-AS-1 (AS46606)	1
VITAL-DNS	UNINET (AS8151)	29
usvx.net	GOOGLE-CLOUD-PLATFORM (AS396982)	194
Host Europe GmbH	MICROSOFT-CORP-MSN-AS-BLOCK (AS8075)	325
cloudns.net	ORACLE-BMC-31898 (AS31898)	1
AMAZON-02	WHG Hosting Services Ltd (AS36454)	264
CLOUDFLARENET	GOOGLE (AS15169)	61
akkyhosting21.mx	LIQUIDNETLTD1 (AS14555)	29
Host Europe GmbH	UNIFIEDLAYER-AS-1 (AS46606)	140
SECURITYSERVICES	Hetzner Online GmbH (AS24940)	15
LIQUIDWEB	LIQUIDWEB (AS32244)	310
IONOS SE	SQUARESPACE (AS53831)	34
yuvox.net	YUVOX S.A DE C.V (AS10706)	4
vendodominios.mx	GOOGLE-CLOUD-PLATFORM (AS396982)	1
sepas.mx	NTHL (AS11042)	1
hostgator.com	Cloudflare London, LLC (AS209242)	4
CLOUDFLARENET	AMAZON-AES (AS14618)	161
GOOGLE	UNINET (AS8151)	12
SECURITYSERVICES	MICROSOFT-CORP-MSN-AS-BLOCK (AS8075)	84
Host Europe GmbH	DIGITALOCEAN-ASN (AS14061)	443
LIQUIDWEB	NAMEHERO-KCDC (AS399250)	4
nadns1.com	Nameshield SAS (AS20756)	9
Host Europe GmbH	AS-VULTR (AS20473)	87
afraid.org	Alestra, S. de R.L. de C.V. (AS11172)	2
nameshield.net	Nameshield SAS (AS20756)	235
com.mx	Sixsigma Networks Mexico, S.A. de C.V. (AS22908)	155
com.br	NETWORK-SOLUTIONS-HOSTING (AS19871)	31
SECURITYSERVICES	FASTLY (AS54113)	56
AS17378	CLOUDFLARENET (AS13335)	176
AMAZON-02	20i Limited (AS48254)	1
grupofurco.com	NAMEHERO-KCDC (AS399250)	4
CLOUDFLARENET	IWEB-AS (AS32613)	21
Host Europe GmbH	IONOS SE (AS8560)	191
SOFTLAYER	SOFTLAYER (AS36351)	322
merinetwork.com	OVH SAS (AS16276)	2
ch-inter.net	METANET AG (AS21069)	3
com.mx	IONOS SE (AS8560)	45
Triara.com S.A. de C.V.	Triara.com S.A. de C.V. (AS19373)	296
DIGITALOCEAN-ASN	IOFLOOD (AS53755)	18
alb.de	GBC GmbH Internet Service Center Ingenieurgesellschaft fuer Systemsoftware und Kommunikation (AS24766)	3
meganameservers.com	INFB-AS (AS14116)	41
inhostedns.com	Hosting Ukraine LTD (AS200000)	4
CLOUDFLARENET	AS-VULTR (AS20473)	214
NetActuate, Inc	SQUARESPACE (AS53831)	23
SECURITYSERVICES	CLOUDFLARENET (AS13335)	253
ns14.net	1&1 Versatel Deutschland GmbH (AS8881)	6
avantetecnologia.com	NTHL (AS11042)	2
nube.ninja	TIER-NET (AS397423)	26
sistemas5sol.mx	OVH SAS (AS16276)	3
SECURITYSERVICES	Hostinger International Limited (AS47583)	30
ipcom GmbH	AMAZON-02 (AS16509)	303
stabletransit.com	LIQUIDWEB (AS53824)	75
Host Europe GmbH	Sixsigma Networks Mexico, S.A. de C.V. (AS22011)	2
123ns.de	'ingenit GmbH & Co. KG' (AS57376)	15
TOTALCHOICE-HOSTING	TOTALCHOICE-HOSTING (AS16556)	8
Triara.com S.A. de C.V.	AMAZON-AES (AS14618)	351
dongee.com	OVH SAS (AS16276)	22
idea.mx	TRANSTELCO-INC (AS32098)	1
swlogistics.mx	LIQUIDWEB (AS32244)	1
Triara.com S.A. de C.V.	CLOUDFLARENET (AS13335)	9
GOOGLE	INMOTION (AS22611)	3
iom.com	CSC (AS19574)	1
AMAZON-02	CLOUDFLARENET (AS13335)	185
CLOUDFLARENET	Cloudflare London, LLC (AS209242)	181
pagina.mx	OVH SAS (AS16276)	32
IONOS SE	Akamai International B.V. (AS20940)	1
CLOUDFLARENET	FASTLY (AS54113)	116
webhostinghub.com	INMOTION (AS22611)	22
CLOUDFLARENET	OIS1 (AS26337)	25
cfa.mx	DIMENOC (AS33182)	1
COGECO-PEER1	COGECO-PEER1 (AS13768)	38
akkyhosting26.mx	LIQUIDNETLTD1 (AS14555)	26
akkyhosting18.mx	LIQUIDNETLTD1 (AS14555)	30
CLOUDFLARENET	NL-811-40021 (AS40021)	38
AMAZON-02	SINGLEHOP-LLC (AS32475)	233
metodoabundiss.com	UNIFIEDLAYER-AS-1 (AS46606)	4
Akamai International B.V.	AKAMAI-AS (AS16625)	23
CLOUDFLARENET	OVH SAS (AS16276)	187
IWEB-AS	IWEB-AS (AS32613)	191
TIER-NET	CLOUDFLARENET (AS13335)	2
markmonitor.com	LeaseWeb Netherlands B.V. (AS60781)	1
csm.mx	DEDICATED (AS63018)	1
l4dns.com	ORACLE-BMC-31898 (AS31898)	27
webhosting-network-services.com	GLOBALCOMPASS (AS22653)	3
Host Europe GmbH	ASN-GIGENET (AS32181)	6
Host Europe GmbH	Megacable Comunicaciones de Mexico, S.A. de C.V. (AS14178)	30
yoco.ws	SQUARESPACE (AS53831)	3
com.mx	OVH SAS (AS16276)	165
ipcom GmbH	IONOS SE (AS8560)	69
Network Information Center Mexico	AMAZON-AES (AS14618)	72
AMAZON-02	AS17378 (AS17378)	16
ipcom GmbH	UNINET (AS8151)	26
epack.mx	UNIFIEDLAYER-AS-1 (AS46606)	2
CLOUDFLARENET	LINKED STORE BRASIL CRIACAO E DESENVOL DE SOFTWARE (AS273584)	68
dnsdienst.de	AMAZON-02 (AS16509)	1
inmotionhosting.com	AMAZON-02 (AS16509)	5
GOOGLE	DIGITALOCEAN-ASN (AS14061)	83
NSONE	OVH SAS (AS16276)	5
AMAZON-02	WHG Hosting Services Ltd (AS36218)	70
linode.com	Akamai Connected Cloud (AS63949)	187
com.br	UNINET (AS8151)	2
Assetel SA de CV	Assetel SA de CV (AS265615)	9
bumble.com	Greysom Limited (AS12678)	1
hosting-mexico.net	CLOUDFLARENET (AS13335)	21
GOOGLE	NETWORK-SOLUTIONS-HOSTING (AS19871)	51
GOOGLE	CSC (AS19574)	9
cdmon.net	DIMENOC (AS33182)	1
petatepixel.com	NAMECHEAP-NET (AS22612)	3
tecnologia3k.com	NETWORK-SOLUTIONS-HOSTING (AS19871)	3
supremepanel.com	LIQUIDNETLTD1 (AS14555)	196
IONOS SE	LIQUIDWEB (AS32244)	3
markmonitor.com	BIGCOMMERCE (AS399566)	1
Network Information Center Mexico	IONOS SE (AS8560)	23
com.br	Hostinger International Limited (AS47583)	2
aditivo.io	SERVERCENTRAL (AS23352)	3
fullcontrol.net	ZAYO-6461 (AS6461)	3
regasa.mx	IONOS SE (AS8560)	1
andriacci.mx	OVH SAS (AS16276)	1
it-site.com	COGECO-PEER1 (AS13768)	3
CLOUDFLARENET	IONOS SE (AS8560)	147
SECURITYSERVICES	SECURITYSERVICES (AS12008)	159
NETWORK-SOLUTIONS-HOSTING	CLOUDFLARENET (AS13335)	75
agenciaseo.mx	SERVERCENTRAL (AS23352)	2
IS-AS-1	IS-AS-1 (AS19318)	261
IONOS SE	Triara.com S.A. de C.V. (AS19373)	3
Hostinger International Limited	Hostinger International Limited (AS47583)	60
AMAZON-AES	AMAZON-AES (AS14618)	128
inflalandia.mx	UNIFIEDLAYER-AS-1 (AS46606)	1
DIGITALOCEAN-ASN	GOOGLE (AS15169)	2
IONOS SE	PlusServer GmbH (AS61157)	2
salaweb.net	INMOTION (AS22611)	1
pancil.net	MASSIVE-NETWORKS (AS21777)	2
CLDIN B.V.	CLDIN B.V. (AS48635)	8
TURNKEY-INTERNET	TURNKEY-INTERNET (AS40244)	9
Host Europe GmbH	Host Europe GmbH (AS20773)	8
com.br	LINKED STORE BRASIL CRIACAO E DESENVOL DE SOFTWARE (AS273584)	10
akkyhosting14.mx	LIQUIDNETLTD1 (AS14555)	32
OVH SAS	GOOGLE-CLOUD-PLATFORM (AS396982)	4
lemarit.de	AS-VULTR (AS20473)	40
NETWORK-SOLUTIONS-HOSTING	AMAZON-02 (AS16509)	43
NSONE	AMAZON-AES (AS14618)	285
akkyhosting29.mx	LIQUIDNETLTD1 (AS14555)	31
venred.net	OVH SAS (AS16276)	1
direnetservers.com	AS-COLOCROSSING (AS36352)	21
nominalia.com	IONOS SE (AS8560)	2
edu.mx	UNIFIEDLAYER-AS-1 (AS46606)	3
ipcom GmbH	GOOGLE (AS15169)	164
unknown	NL-811-40021 (AS40021)	7
meydo.mx	UNIFIEDLAYER-AS-1 (AS46606)	4
SINGLEHOP-LLC	SINGLEHOP-LLC (AS32475)	168
AMAZON-02	Hostinger International Limited (AS47583)	24
CLOUDFLARENET	BIZLAND-SD (AS29873)	57
signus.ws	AUTOMATTIC (AS2635)	1
GANDI SAS	Bahnhof AB (AS8473)	1
parastorage.com	Wix.com Ltd. (AS58182)	50
ASN-GIGENET	LIQUIDWEB (AS32244)	9
one.com	One.com A/S (AS51468)	136
GOOGLE-CLOUD-PLATFORM	20i Limited (AS48254)	260
aqphost.com	OVH SAS (AS16276)	1
ACEHOST	ACEHOST (AS398779)	23
com.mx	MULTA-ASN1 (AS35916)	13
Host Europe GmbH	APYLI-AS (AS53628)	1
zenbox.pl	Beyond.pl sp. z o.o. (AS31229)	3
Host Europe GmbH	ICDSoft Ltd. (AS8739)	2
UK-2 Limited	GOOGLE-CLOUD-PLATFORM (AS396982)	8
ORACLE-BMC-31898	MICROSOFT-CORP-MSN-AS-BLOCK (AS8075)	8
okens.domains	Team Internet AG (AS61969)	4
Host Europe GmbH	GOOGLE-2 (AS19527)	15
gransy.com	Orion Network Limited (AS58065)	4
com.mx	WHG Hosting Services Ltd (AS211126)	439
Network Information Center Mexico	OVH SAS (AS16276)	8
serverhostgroup.com	AMAZON-AES (AS14618)	1
conceptexperts.net	Hostinger International Limited (AS47583)	1
neubox.net	Hostinger International Limited (AS47583)	22
CLOUDFLARENET	HOSTP-LA (AS23273)	66
webnames.ca	COGECO-PEER1 (AS13768)	25
esysmx.net	OVH SAS (AS16276)	2
BB-Online UK Ltd	British Telecommunications PLC (AS2856)	6
Network Information Center Mexico	AS17378 (AS17378)	9
emn.mx	OVH SAS (AS16276)	1
DIGICERT	Konecta de Mexico, S. de R.L. de C.V. (AS262913)	1
mediacloud.link	20i Limited (AS48254)	2
AS-VULTR	AS-VULTR (AS20473)	246
CLOUDFLARENET	LIQUIDNETLTD1 (AS14555)	4
ecua.es	IONOS SE (AS8560)	1
GANDI SAS	Foxcloud Llp (AS200904)	1
AMAZON-02	PDX (AS399482)	1
NUCDN	AMAZON-02 (AS16509)	33
stabletransit.com	RACKSPACE (AS19994)	15
PONYNET	NAMECRANE (AS46824)	7
AMAZON-02	WHG Hosting Services Ltd (AS14670)	316
CLOUDFLARENET	PONYNET (AS53667)	27
Network Information Center Mexico	CLOUDFLARENET (AS13335)	204
Signet B.V.	Signet B.V. (AS20857)	44
com.mx	NETWORK-SOLUTIONS-HOSTING (AS19871)	137
MICROSOFT-CORP-MSN-AS-BLOCK	OVH SAS (AS16276)	38
Soluciones Corporativas IP, SL	Soluciones Corporativas IP, SL (AS57910)	262
CLOUDFLARENET	Sendinblue SAS (AS200484)	7
DIMENOC	AMAZON-02 (AS16509)	4
Network Information Center Mexico	Cloudflare London, LLC (AS209242)	26
meganameservers.eu	Internet Names for Business Inc (AS9115)	8
Hetzner Online GmbH	Hetzner Online GmbH (AS24940)	193
site4now.net	SHARKTECH (AS46844)	130
co.uk	AMAZON-02 (AS16509)	10
unenetworks.net	TIER-NET (AS397423)	2
dnsip.com	Dimension Network & Communication Limited (AS59371)	43
psd-server3.com	AS17378 (AS17378)	2
variomedia.de	ScaleUp Technologies GmbH & Co. KG (AS29014)	3
rojasramirez.com	UNIFIEDLAYER-AS-1 (AS46606)	1
cln.mx	IWEB-AS (AS32613)	3
com.mx	AS40676 (AS40676)	4
GOOGLE-CLOUD-PLATFORM	NETWORK-SOLUTIONS-HOSTING (AS19871)	1
TIER-NET	TIER-NET (AS397423)	105
DIGICERT	SERVERS-COM (AS7979)	1
Host Europe GmbH	GARSA HOLDING SA DE CV (AS270123)	1
mundoescolarydeoficina.mx	UNIFIEDLAYER-AS-1 (AS46606)	1
juegosadictivos.com	PONYNET (AS53667)	1
CLOUDFLARENET	Digital Realty (UK) Limited (AS49425)	1
Soluciones Corporativas IP, SL	CLOUDFLARENET (AS13335)	18
Host Europe GmbH	Akamai Connected Cloud (AS63949)	98
Cloud DNS Ltd	Hetzner Online GmbH (AS24940)	16
hostgator.cl	NETWORK-SOLUTIONS-HOSTING (AS19871)	3
primeblue.mx	SERVERCENTRAL (AS23352)	2
gesmatik.mx	OVH SAS (AS16276)	1
Signet B.V.	DIGITALOCEAN-ASN (AS14061)	2
SAP-NIE	SAP SE (AS12510)	1
SECURITYSERVICES	GOOGLE-CLOUD-PLATFORM (AS396982)	86
Dreamscape Networks Limited	Dreamscape Networks Limited (AS38719)	69
AMAZON-02	Garena Online Pte Ltd (AS58521)	1
Host Europe GmbH	FORTRESSITX (AS25653)	2
sitecbc.com	NL-811-40021 (AS40021)	3
Host Europe GmbH	Hostinger International Limited (AS47583)	254
Host Europe GmbH	Triara.com S.A. de C.V. (AS19373)	23
SECURITYSERVICES	Safenames Ltd. (AS60819)	5
CLOUDFLARENET	Akamai Connected Cloud (AS63949)	37
SECURITYSERVICES	UNINET (AS8151)	15
AMAZON-02	GO-DADDY-COM-LLC (AS398101)	16
IONOS SE	AMAZON-AES (AS14618)	58
UNIFIEDLAYER-AS-1	Konecta de Mexico, S. de R.L. de C.V. (AS262913)	2
astraps.com	SERVERCENTRAL (AS23352)	1
MICROSOFT-CORP-MSN-AS-BLOCK	AS-DYNASCALE-LAX (AS7296)	1
AMAZON-02	COGENT-174 (AS174)	3
cdmon.net	DIGITALOCEAN-ASN (AS14061)	4
Triara.com S.A. de C.V.	Cloudflare London, LLC (AS209242)	5
koryfiserver.com	LEASEWEB-USA-DAL (AS394380)	3
GOOGLE	DIMENOC (AS33182)	6
ORACLE-BMC-31898	ORACLE-BMC-31898 (AS31898)	63
register.it	Register S.p.A. (AS39729)	153
Host Europe GmbH	Alestra, S. de R.L. de C.V. (AS11172)	59
317.mx	LIQUIDWEB (AS32244)	1
CLOUDFLARENET	EUROHOSTER Ltd. (AS207728)	1
MICROSOFT-CORP-MSN-AS-BLOCK	AMAZON-02 (AS16509)	42
capmex.mx	UNIFIEDLAYER-AS-1 (AS46606)	1
ONIAAS	ONIAAS (AS40092)	65
CLOUDFLARENET	LEASEWEB-USA-LAX (AS395954)	14
Servicios Administrados Mexis, S.A. de C.V.	Servicios Administrados Mexis, S.A. de C.V. (AS8007)	9
rackspace.com	RACKSPACE (AS27357)	12
Host Europe GmbH	DATAPIPE (AS14492)	2
Host Europe GmbH	Hetzner Online GmbH (AS24940)	59
akkyhosting.mx	LIQUIDNETLTD1 (AS14555)	31
IONOS SE	GOOGLE-CLOUD-PLATFORM (AS396982)	56
Triara.com S.A. de C.V.	UNINET (AS8151)	20
htsmx.com	OVH SAS (AS16276)	5
movex.mx	AMAZON-02 (AS16509)	1
Host Europe GmbH	GO-DADDY-COM-LLC (AS398787)	111
mktrealit.mx	IONOS SE (AS8560)	1
acens Technologies, S.L.	Lyntia Networks S.A. (AS8903)	3
UNIFIEDLAYER-AS-1	CLOUDFLARENET (AS13335)	14
SCOTIABANK	Alestra, S. de R.L. de C.V. (AS11172)	5
neubox.net	Wix.com Ltd. (AS58182)	15
Triara.com S.A. de C.V.	UNIFIEDLAYER-AS-1 (AS46606)	8
nodoxy.com	Hetzner Online GmbH (AS213230)	73
Aruba S.p.A.	Aruba S.p.A. (AS31034)	24
AMAZON-02	UNINET (AS8151)	43
SECURITYSERVICES	COGECO-PEER1 (AS13768)	62
GO-DADDY-COM-LLC	GO-DADDY-COM-LLC (AS398101)	34
glbns.com	Servergarden Kft. (AS47381)	2
centraldomainnames.com	LIQUIDNETLTD1 (AS14555)	12
Network Information Center Mexico	Triara.com S.A. de C.V. (AS19373)	4
VITAL-DNS	AMAZON-AES (AS14618)	27
Network Information Center Mexico	AMAZON-02 (AS16509)	70
fancluster.mx	UNIFIEDLAYER-AS-1 (AS46606)	1
Network Information Center Mexico	TOTAL PLAY TELECOMUNICACIONES SA DE CV (AS22884)	20
CLOUDFLARENET	firstcolo GmbH (AS44066)	1
net.mx	CLOUDFLARENET (AS13335)	5
Triara.com S.A. de C.V.	TRANSTELCO-INC (AS32098)	1
Network Information Center Mexico	MICROSOFT-CORP-MSN-AS-BLOCK (AS8075)	85
uson.mx	Universidad de Sonora (AS4493)	6
fjaimes.com	IWEB-AS (AS32613)	3
DIGITALOCEAN-ASN	OVH SAS (AS16276)	94
com.mx	HUAWEI CLOUDS (AS136907)	28
Host Europe GmbH	ATT-INTERNET4 (AS7018)	7
ipcom GmbH	Akamai Connected Cloud (AS63949)	13
OMNIS-ANYCAST-1	OMNIS (AS19237)	29
AMAZON-02	SQUARESPACE (AS53831)	14
MICROSOFT-CORP-MSN-AS-BLOCK	AUTOMATTIC (AS2635)	4
marketingdigitalmonterrey.mx	GO-DADDY-COM-LLC (AS398101)	1
OVH SAS	Colombia Hosting (AS52335)	2
jetthost.net	WEBNX (AS18450)	103
levigo.com	NorthC Deutschland GmbH (AS15598)	2
com.mx	MASSIVE-NETWORKS (AS21777)	2
CLOUDFLARENET	LIQUIDWEB (AS32244)	21
IOFLOOD	IOFLOOD (AS53755)	36
GOOGLE	Hostinger International Limited (AS47583)	71
net.mx	AS-26496-GO-DADDY-COM-LLC (AS26496)	2
AMAZON-02	LIQUIDWEB (AS32244)	3
EPIK-LLC	EPIK-LLC (AS394456)	27
IONOS SE	Akamai Connected Cloud (AS63949)	6
com.mx	HVC-AS (AS29802)	103
cicese.mx	Universidad de Guadalajara (AS2549)	1
SECURITYSERVICES	HOSTWINDS (AS54290)	5
Host Europe GmbH	PRIVATESYSTEMS (AS63410)	18
Hostinger International Limited	AMAZON-AES (AS14618)	4
CLOUDFLARENET	Hetzner Online GmbH (AS24940)	51
com.mx	Jobnetworks de Mexico, S.A. de C.V. (AS28397)	2
gubzi.online	CLOUDFLARENET (AS13335)	1
akkyhosting25.mx	LIQUIDNETLTD1 (AS14555)	28
inmotionhosting.com	IMH-IAD (AS54641)	110
Host Europe GmbH	NTHL (AS11042)	10
stabletransit.com	DIGITALOCEAN-ASN (AS14061)	13
1984.is	NL-811-40021 (AS40021)	2
yahoo.com	AMAZON-02 (AS16509)	20
CLOUDFLARENET	AS-30083-US-VELIA-NET (AS30083)	34
SECURITYSERVICES	DIGIKEY (AS14738)	1
IHNET	IHNET (AS33494)	15
naturalshops3.net	LIQUIDWEB (AS32244)	2
creadigital.mx	AS17378 (AS17378)	2
com.mx	PRIVATESYSTEMS (AS63410)	26
trackerlite.mx	GOOGLE-CLOUD-PLATFORM (AS396982)	1
advantia.it	Intred S.p.A. (AS31115)	1
innovationti.mx	GO-DADDY-COM-LLC (AS398101)	1
neubox.net	AMAZON-02 (AS16509)	41
biostar.mx	AS17378 (AS17378)	1
arcondec.mx	GO-DADDY-COM-LLC (AS398101)	1
rackspace.com	OVH SAS (AS16276)	2
cloudns.net	Hetzner Online GmbH (AS24940)	12
CLOUDFLARENET	SOFTLAYER (AS36351)	12
moversefxmexico.com	NETWORK-SOLUTIONS-HOSTING (AS19871)	3
mnv.agency	SERVERCENTRAL (AS23352)	2
akkyhosting24.mx	LIQUIDNETLTD1 (AS14555)	29
hostiq.ua	PE Skurykhin Mukola Volodumurovuch (AS56851)	2
kubalek.com	DIMENOC (AS33182)	1
CLOUDFLARENET	Red Cientifica Peruana (AS3132)	1
NUCDN	Combell NV (AS34762)	2
com.mx	HOST4GEEKS-LLC (AS393960)	2
AMAZON-02	CSC (AS19574)	14
atlanticadigital.net	LIQUIDNETLTD1 (AS14555)	1
com.mx	GO-DADDY-COM-LLC (AS398101)	25
phenoarc.mx	WHG Hosting Services Ltd (AS211126)	1
tecnoalcance.com	AS17378 (AS17378)	1
co.uk	COGECO-PEER1 (AS13768)	2
bulzara.mx	IONOS SE (AS8560)	1
Host Europe GmbH	UNINET (AS8151)	90
ns0.nl	DIGITALOCEAN-ASN (AS14061)	1
cdpk.io	WIIT AG (AS24961)	4
IONOS SE	DIGITALOCEAN-ASN (AS14061)	47
MAJESTIC-HOSTING-01	MAJESTIC-HOSTING-01 (AS396073)	130
sapv.mx	Alestra, S. de R.L. de C.V. (AS11172)	1
VITAL-DNS	DIGITALOCEAN-ASN (AS14061)	2
sjaguar.mx	AS-VULTR (AS20473)	4
Axarnet Comunicaciones, S.l.	Hetzner Online GmbH (AS24940)	1
VITAL-DNS	Tecnologia Multransaccional Aplicada Al comercio SA de CV (AS270151)	2
MICROSOFT-CORP-MSN-AS-BLOCK	GOOGLE (AS15169)	12
CLOUDFLARENET	A2HOSTING (AS55293)	29
jetthost.net	AMAZON-02 (AS16509)	2
AS-VULTR	AS40676 (AS40676)	23
AMAZON-02	NIXVAL (AS13287)	2
efapel.pt	Dominios, S.A. (AS33876)	1
NL-811-40021	NL-811-40021 (AS40021)	36
diversipack.mx	LIQUIDWEB (AS32244)	1
GOOGLE	Cloudflare London, LLC (AS209242)	100
GOOGLE	MICROSOFT-CORP-MSN-AS-BLOCK (AS8075)	15
rapidenet.ca	GTCOMM (AS36666)	3
clariti.mx	Alestra, S. de R.L. de C.V. (AS11172)	1
suempresa.com	WHG Hosting Services Ltd (AS14670)	7
register.it	OVH SAS (AS16276)	5
SECURITYSERVICES	Cloudflare London, LLC (AS209242)	32
wolfkan.mx	UNIFIEDLAYER-AS-1 (AS46606)	1
AMAZON-02	DIGITALOCEAN-ASN (AS14061)	58
com.mx	CLOUDFLARENET (AS13335)	47
G-Core Labs S.A.	CNSERVERS (AS40065)	1
checkdomain.de	dogado GmbH (AS45012)	1
sisvantec.mx	UNIFIEDLAYER-AS-1 (AS46606)	3
managed-ip.com	Mittwald CM Service GmbH & Co. KG (AS15817)	3
com.mx	DIMENOC (AS33182)	44
CLOUDFLARENET	WHG Hosting Services Ltd (AS211126)	4
AMAZON-02	LINKdotNET Telecom Limited (AS23966)	6
ford.com	VSHosting s.r.o. (AS43541)	1
DIGICERT	DIGITALOCEAN-ASN (AS14061)	19
HVC-AS	HVC-AS (AS29802)	141
ggarza.net	UNINET (AS8151)	5
ADF01	ADF01 (AS46433)	21
AMAZON-02	Nova Internet S.L. (AS12521)	2
webstep.cz	SecurityNet.cz s.r.o. (AS42422)	1
hostnet.nl	One.com A/S (AS51468)	42
CLOUDFLARENET	AS40676 (AS40676)	35
OVH SAS	AMAZON-02 (AS16509)	11
register.it	AMAZON-02 (AS16509)	58
AMAZON-02	INCAPSULA (AS19551)	9
com.mx	SYSTEC TELECOM (AS271504)	33
IONOS SE	UNINET (AS8151)	10
CLOUDFLARENET	SEDO GmbH (AS47846)	58
aliasdns.net	AMAZON-AES (AS14618)	10
dnspod.net	Alibaba US Technology Co., Ltd. (AS45102)	2
IONOS SE	OVH SAS (AS16276)	35
IONOS SE	LINKED STORE BRASIL CRIACAO E DESENVOL DE SOFTWARE (AS273584)	43
desarrolloweb.pro	SERVERCENTRAL (AS23352)	3
VITAL-DNS	IS-AS-1 (AS19318)	1
WEBNX	WEBNX (AS18450)	37
kulanders.com	UNIFIEDLAYER-AS-1 (AS46606)	4
Nazwa.pl Sp.z.o.o.	Nazwa.pl Sp.z.o.o. (AS15967)	4
akkyhosting13.mx	LIQUIDNETLTD1 (AS14555)	28
providedns.com	HVC-AS (AS29802)	1
CLOUDFLARENET	SQUARESPACE (AS53831)	57
NTHL	Cloudflare London, LLC (AS209242)	1
managed-ip.com	InterNetX GmbH (AS15456)	21
netzpionier.at	eww ag (AS21013)	1
DIGITALOCEAN-ASN	DIGITALOCEAN-ASN (AS14061)	98
hosting577.com	LIQUIDNETLTD1 (AS14555)	4
NAMEHERO-KCDC	NAMEHERO-KCDC (AS399250)	60
GOOGLE	OVH SAS (AS16276)	22
specialhostingnow.com	Datacamp Limited (AS60068)	2
siag.mx	NTHL (AS11042)	1
SECURITYSERVICES	IS-AS-1 (AS19318)	5
Host Europe GmbH	NL-811-40021 (AS40021)	36
AS17378	DIGITALOCEAN-ASN (AS14061)	25
QUIC-CLOUD	AS-VULTR (AS20473)	25
inmotionhosting.com	AS-VULTR (AS20473)	3
Beget LLC	Beget LLC (AS198610)	8
NSONE	GOOGLE (AS15169)	52
acro2000.com	IMH-IAD (AS54641)	8
GOOGLE	Akamai International B.V. (AS20940)	7
Signet B.V.	CLOUDFLARENET (AS13335)	6
garmtech.com	Garmtech Lp (AS43108)	1
AS17378	LINKED STORE BRASIL CRIACAO E DESENVOL DE SOFTWARE (AS273584)	33
magpiedns.com	NForce Entertainment B.V. (AS43350)	1
mexdevelop.com	AMAZON-02 (AS16509)	2
Hetzner Online GmbH	Contabo GmbH (AS51167)	54
com.mx	Hetzner Online GmbH (AS24940)	41
suempresa.com	DIGITALOCEAN-ASN (AS14061)	31
unknown	UNIFIEDLAYER-AS-1 (AS46606)	11
GOOGLE	AS-VULTR (AS20473)	9
com.mx	GENERAL-MOTORS-CORPORATION (AS30383)	2
bodis.com	AMAZON-02 (AS16509)	228
lineadns.com	HVC-AS (AS29802)	17
CLOUDFLARENET	Contabo GmbH (AS51167)	22
Network Information Center Mexico	GOOGLE-CLOUD-PLATFORM (AS396982)	37
MICROSOFT-CORP-MSN-AS-BLOCK	CLOUDFLARENET (AS13335)	19
hosting-mexico.net	INCAPSULA (AS19551)	2
CLOUDFLARENET	Enflow B.V. (AS209626)	9
MICROSOFT-CORP-MSN-AS-BLOCK	TOTAL PLAY TELECOMUNICACIONES SA DE CV (AS22884)	8
zoneedit.com	GOOGLE-CLOUD-PLATFORM (AS396982)	1
myfcloudtx.com	Akamai Connected Cloud (AS63949)	4
net.mx	AS-30083-US-VELIA-NET (AS30083)	7
pauch.net	SERVERCENTRAL (AS23352)	1
panelwebdns.com	AS-30083-US-VELIA-NET (AS30083)	3
lithiumpr.mx	UNIFIEDLAYER-AS-1 (AS46606)	1
zoneedit.com	EDNS (AS16686)	14
markmonitor.com	MICROSOFT-CORP-MSN-AS-BLOCK (AS8075)	9
webdelempresario.com	SERVERCENTRAL (AS23352)	3
GOOGLE	Akamai Connected Cloud (AS63949)	6
Host Europe GmbH	Axtel, S.A.B. de C.V. (AS6503)	55
acuitybrands.com	AMAZON-02 (AS16509)	10
com.mx	RAMNODE (AS3842)	2
CLOUDFLARENET	Start LLC (AS61400)	1
gethosted.online	Pq Hosting Plus S.r.l. (AS44477)	1
akkyhosting5.mx	LIQUIDNETLTD1 (AS14555)	46
elogia.net	OVH SAS (AS16276)	1
softech.mx	IONOS SE (AS8560)	1
IONOS SE	RENDER (AS397273)	12
e-digitalhosting.net	Mega Cable, S.A. de C.V. (AS262916)	81
com.mx	BTU COMUNICACION SA DE CV (AS28399)	5
RELIABLESITE	RELIABLESITE (AS23470)	30
LIQUIDWEB	OVH SAS (AS16276)	12
jetthost.net	DFW-DATACENTER (AS30277)	115
CLOUDFLARENET	Operbes, S.A. de C.V. (AS18734)	15
lineaimagenhosting.com	A2HOSTING (AS55293)	2
WorldStream B.V.	WorldStream B.V. (AS49981)	10
CLOUDFLARENET	CNSERVERS (AS40065)	8
SECURITYSERVICES	DIGITALOCEAN-ASN (AS14061)	28
abbott.com	AMAZON-02 (AS16509)	8
centaur-it.net	TelemaxX Telekommunikation GmbH (AS12843)	1
managed-ns.com	Hetzner Online GmbH (AS24940)	1
solcet.mx	CLOUDFLARENET (AS13335)	1
IONOS SE	AS17378 (AS17378)	9
NUCDN	Datacenter Luxembourg S.A. (AS24611)	170
IONOS SE	Hetzner Online GmbH (AS24940)	14
CLOUDFLARENET	Eurofiber Cloud Infra B.V. (AS25459)	2
akkyhosting22.mx	LIQUIDNETLTD1 (AS14555)	33
sticme.mx	LIMESTONENETWORKS (AS46475)	4
Host Europe GmbH	DBM-ASN-KC (AS401479)	3
Mapfre Tech SA	Mapfre Tech SA (AS30846)	3
Host Europe GmbH	WEEBLY (AS27647)	54
sitios.im	NAMECHEAP-NET (AS22612)	11
net.mx	Alestra, S. de R.L. de C.V. (AS11172)	34
afterfuture.net	OVH SAS (AS16276)	3
refrigeracionysistemas.mx	IONOS SE (AS8560)	1
cleanupprocess.top	Contabo GmbH (AS51167)	3
linode.com	CLOUDFLARENET (AS13335)	2
neubox.net	NAMECHEAP-NET (AS22612)	3
vernelabs.mx	IONOS SE (AS8560)	3
surtidorenlinea.com	Hostinger International Limited (AS47583)	1
grupomulticolor.mx	DIMENOC (AS33182)	1
GOOGLE	RELIABLESITE (AS23470)	2
HOSTWINDS	HOSTWINDS (AS54290)	41
cloudns.net	Hostinger International Limited (AS47583)	4
cdmon.net	Axtel, S.A.B. de C.V. (AS6503)	1
betapersei.net	AS-GLOBALTELEHOST (AS63023)	18
com.mx	IWEB-AS (AS32613)	29
servconfig.com	IMH-IAD (AS54641)	8
easydns.com	EDNS (AS16686)	12
bwite.com	NETWORK-SOLUTIONS-HOSTING (AS19871)	1
one.com	Bredband2 AB (AS29518)	1
DIGITALOCEAN-ASN	Level 27 BVBA (AS59943)	1
exagono.net	GOOGLE-CLOUD-PLATFORM (AS396982)	123
Akamai Connected Cloud	HVC-AS (AS29802)	121
aplus.net	INFB2-AS (AS30447)	10
sphairasoluciones.com	IS-AS-1 (AS19318)	3
iptwins.com	OVH SAS (AS16276)	11
nublem.com	A2HOSTING (AS55293)	3
Cloud DNS Ltd	NForce Entertainment B.V. (AS43350)	11
ports.se	OVH SAS (AS16276)	1
Infomaniak Network SA	Infomaniak Network SA (AS29222)	23
rifilsa.mx	LIQUIDWEB (AS32244)	1
sunpacific.mx	AS-26496-GO-DADDY-COM-LLC (AS26496)	2
hostway.net	AFFINITY-INTER (AS18447)	3
ecotam.mx	DIGITALOCEAN-ASN (AS14061)	1
suzukicumbres.mx	GO-DADDY-COM-LLC (AS398101)	1
AMAZON-02	WHG Hosting Services Ltd (AS51713)	18
caotika.mx	GO-DADDY-COM-LLC (AS398101)	1
serverhostgroup.com	OVH SAS (AS16276)	38
UNIFIEDLAYER-AS-1	PUBLIC-DOMAIN-REGISTRY (AS394695)	3
AS17378	ONIAAS (AS40092)	3
NETWORK-SOLUTIONS-HOSTING	Alestra, S. de R.L. de C.V. (AS11172)	4
SECURITYSERVICES	Optimizely AB (AS30811)	7
gabinetesmetalicos.mx	UNIFIEDLAYER-AS-1 (AS46606)	1
hyundaiapizaco.mx	HVC-AS (AS29802)	2
WEHOSTWEBSITES-COM	WEHOSTWEBSITES-COM (AS30475)	2
hostgator.com	AS-VULTR (AS20473)	1
GOOGLE	Hetzner Online GmbH (AS213230)	1
Mapfre Tech SA	acens Technologies, S.L. (AS16371)	1
villarreal.top	NL-811-40021 (AS40021)	1
MULTA-ASN1	MULTA-ASN1 (AS35916)	14
CLOUDFLARENET	TERAEXCH (AS399077)	3
WEDOS Internet, a.s.	AMAZON-02 (AS16509)	13
securednshost.com	ASN-FLEXENTIAL (AS13649)	6
com.mx	Megacable Comunicaciones de Mexico, S.A. de C.V. (AS14178)	18
cloudns.net	MICROSOFT-CORP-MSN-AS-BLOCK (AS8075)	13
com.br	CLOUDFLARENET (AS13335)	50
cogentco.com	COGENT-174 (AS174)	1
Host Europe GmbH	TOTAL PLAY TELECOMUNICACIONES SA DE CV (AS22884)	59
usvx.net	AMAZON-AES (AS14618)	23
Buy Limited	AS-VULTR (AS20473)	13
openit.mx	Hetzner Online GmbH (AS24940)	1
Knipp Medien und Kommunikation GmbH	Knipp Medien und Kommunikation GmbH (AS8391)	8
NSONE	MULTA-ASN1 (AS35916)	1
qualitysolution.es	Adam EcoTech, S.A (AS15699)	1
com.mx	AS17378 (AS17378)	105
MICROSOFT-CORP-MSN-AS-BLOCK	Universidad Autonoma de Guadalajara, A.C. (AS28519)	1
IONOS SE	Hostinger International Limited (AS47583)	27
Soluciones Corporativas IP, SL	OVH SAS (AS16276)	5
cloudns.net	FASTLY (AS54113)	5
mayoral.com	Orange Espagne SA (AS12479)	2
theservercompany.com	HOSTVENOM-LLC (AS30455)	10
MICROSOFT-CORP-MSN-AS-BLOCK	Combell NV (AS34762)	18
perf1.com	Nameshield SAS (AS20756)	58
NUCDN	Signet B.V. (AS21155)	5
PEPSICO-NA	AMAZON-02 (AS16509)	3
mkt26.com	SERVERCENTRAL (AS23352)	3
GOOGLE	UNIFIEDLAYER-AS-1 (AS46606)	51
AMAZON-02	ATT-INTERNET4 (AS7018)	2
AMAZON-02	HAWKHOST (AS20068)	11
globaltechmac.mx	Mehmet Selim Sahin (AS61084)	1
Host Europe GmbH	K Media Tech Ltd. (AS210250)	4
gpo-digital.com	NETWORK-SOLUTIONS-HOSTING (AS19871)	1
Xtudio Networks S.L.U.	OVH SAS (AS16276)	40
GOOGLE	AS17378 (AS17378)	22
GOOGLE	GO-DADDY-COM-LLC (AS398101)	44
dns-diy.com	Alibaba US Technology Co., Ltd. (AS45102)	2
NTHL	ATLANTIC-NET-1 (AS6364)	4
secoesa.mx	WHG Hosting Services Ltd (AS14670)	1
cidev.mx	GO-DADDY-COM-LLC (AS398101)	1
sit-mexico.com	LeaseWeb Netherlands B.V. (AS60781)	15
SECURITYSERVICES	BAYER-ARCH (AS23167)	5
hostgo.com	EXPEDIENT (AS17054)	5
akkyhosting8.mx	LIQUIDNETLTD1 (AS14555)	23
managed-vps.net	AS17378 (AS17378)	7
CLOUDFLARENET	AS17378 (AS17378)	49
dns26.net	CTS Computers and Telecommunications Systems SAS (AS35393)	1
banak.com	Orange Espagne SA (AS12479)	3
hpe.com	HPINC (AS2165)	10
busexpress.info	NETWORK-SOLUTIONS-HOSTING (AS19871)	2
logram.mx	DIMENOC (AS33182)	1
CLOUDFLARENET	HVC-AS (AS29802)	13
motoboutique.mx	UNIFIEDLAYER-AS-1 (AS46606)	2
afraid.org	DIGITALOCEAN-ASN (AS14061)	2
datapixel.mx	NETWORK-SOLUTIONS-HOSTING (AS19871)	3
autoluca.net	UNIFIEDLAYER-AS-1 (AS46606)	3
mydnsservice.com	NOCIX (AS33387)	1
stabletransit.com	AS-26496-GO-DADDY-COM-LLC (AS26496)	2
koryfiserver.com	DIMENOC (AS33182)	2
Akamai International B.V.	BLACKROCK-FINANCIAL-MANAGEMENT (AS11336)	6
cdmon.net	OVH SAS (AS16276)	37
verkauf.mx	COEFICIENTE COMUNICACIONES (AS265524)	1
IONOS SE	Alestra, S. de R.L. de C.V. (AS11172)	12
NSONE	Cloudflare London, LLC (AS209242)	16
akkyhosting30.mx	LIQUIDNETLTD1 (AS14555)	27
lytion.cloud	Hostinger International Limited (AS47583)	2
VITAL-DNS	GOOGLE-CLOUD-PLATFORM (AS396982)	2
afraid.org	TOTAL PLAY TELECOMUNICACIONES SA DE CV (AS22884)	5
GOOGLE	Grupo Hidalguense de Desarrollo, S.A. de C.V. (AS28381)	2
Global Village GmbH	Global Village GmbH (AS13039)	8
Triara.com S.A. de C.V.	LIQUIDWEB (AS53824)	1
VITAL-DNS	BIGSCOOTS (AS394303)	27
tigertech.biz	TIGERTECH (AS47002)	6
sonnesolar.mx	LIQUIDWEB (AS32244)	1
AMAZON-02	SUCURI-SEC (AS30148)	5
hostingmid.com	AMAZON-02 (AS16509)	1
databasemart.net	AS40676 (AS40676)	1
grazkom.at	Anton Paar GmbH (AS47106)	1
ns564440.	AS-EDGEUNO-NETWORK (AS55211)	1
akkyhosting11.mx	LIQUIDNETLTD1 (AS14555)	16
NetActuate, Inc	Akamai International B.V. (AS20940)	4
CLOUDFLARENET	Exim Host SRL (AS211611)	1
com.ar	WHG Hosting Services Ltd (AS211126)	1
Contabo GmbH	NL-811-40021 (AS40021)	61
IS-AS-1	AS-30083-US-VELIA-NET (AS30083)	2
akkyhosting9.mx	LIQUIDNETLTD1 (AS14555)	20
neubox.net	SQUARESPACE (AS53831)	12
IS-AS-1	Cloudflare London, LLC (AS209242)	1
akkyhosting31.mx	LIQUIDNETLTD1 (AS14555)	18
Host Europe GmbH	MICROSOFT-CORP-MSN-AS-BLOCK (AS8069)	7
MICROSOFT-CORP-MSN-AS-BLOCK	Hostinger International Limited (AS47583)	21
com.mx	AMAZON-02 (AS16509)	44
neubox.net	IONOS SE (AS8560)	9
Network Information Center Mexico	LIQUIDNETLTD1 (AS14555)	12
Host Europe GmbH	Host Europe GmbH (AS21499)	44
COGENT-174	COGENT-174 (AS174)	32
NETWORK-SOLUTIONS-HOSTING	IONOS SE (AS8560)	7
DIGITALOCEAN-ASN	AMAZON-AES (AS14618)	10
thryvinc-ns.com	GOOGLE-CLOUD-PLATFORM (AS396982)	2
ono.com	AMAZON-02 (AS16509)	1
Trellian Pty. Limited	Trellian Pty. Limited (AS133618)	33
netcup GmbH	Pixel X e.K. (AS60380)	1
rexity.mx	LIQUIDWEB (AS32244)	1
draconis.ch	Hetzner Online GmbH (AS24940)	1
CLOUDFLARENET	PE Skurykhin Mukola Volodumurovuch (AS56851)	1
GANDI SAS	Sixsigma Networks Mexico, S.A. de C.V. (AS22908)	1
cvz.mx	AMAZON-AES (AS14618)	1
Host Europe GmbH	COGENT-174 (AS174)	11
CLDIN B.V.	Hetzner Online GmbH (AS24940)	2
Host Europe GmbH	IS-AS-1 (AS19318)	15
Host Europe GmbH	Advika Web Developments Hosting Pvt Ltd (AS135682)	1
BIZLAND-SD	AMAZON-02 (AS16509)	5
IS-AS-1	IONOS SE (AS8560)	1
Akamai International B.V.	Arelion Sweden AB (AS1299)	1
AS17378	NETWORK-SOLUTIONS-HOSTING (AS19871)	8
HOSTING EN LA WEB S.A.S.	HOSTING EN LA WEB S.A.S. (AS266886)	7
networksclub.net	NETSOURCE (AS22458)	25
akkyhosting16.mx	LIQUIDNETLTD1 (AS14555)	27
akkyhosting12.mx	LIQUIDNETLTD1 (AS14555)	30
GANDI SAS	GANDI SAS (AS203476)	7
MICROSOFT-CORP-MSN-AS-BLOCK	OMNIS (AS19237)	1
duplika.com	LIQUIDWEB (AS32244)	19
wwdh.hu	Magyar Telekom Plc. (AS5483)	1
Host Europe GmbH	WII (AS32097)	1
Host Europe GmbH	RENDER (AS397273)	19
server289.com	ICDSoft Ltd. (AS8739)	2
bimeda.com	GOOGLE-CLOUD-PLATFORM (AS396982)	1
BIZLAND-SD	Akamai Connected Cloud (AS63949)	1
alkimiko.com	Hostinger International Limited (AS47583)	1
MICROSOFT-CORP-MSN-AS-BLOCK	GOOGLE-CLOUD-PLATFORM (AS396982)	25
blogenserio.com	PRIVATESYSTEMS (AS63410)	4
suplementosmty.mx	AS-VULTR (AS20473)	1
pcenlaces.com	GO-DADDY-COM-LLC (AS398101)	2
sitelutions.com	Alestra, S. de R.L. de C.V. (AS11172)	1
ORACLE-BMC-31898	Axtel, S.A.B. de C.V. (AS6503)	3
itesm.mx	Instituto Tecnologico y de Estudios Superiores de Monterrey (AS6342)	2
hosting-mexico.net	GOOGLE (AS15169)	4
MICROSOFT-CORP-MSN-AS-BLOCK	FASTLY (AS54113)	5
tlr.mx	LIQUIDWEB (AS32244)	1
go2weblink.com	HOPONE-GLOBAL (AS14361)	1
bambusoft.mx	Akamai Connected Cloud (AS63949)	1
Host Europe GmbH	NetActuate, Inc (AS63911)	2
IONOS SE	Cloudflare London, LLC (AS209242)	82
Host Europe GmbH	DIMENOC (AS33182)	21
site4now.net	IONOS SE (AS8560)	2
secor.mx	MULTA-ASN1 (AS35916)	1
sundeli.mx	LIQUIDWEB (AS32244)	1
markmonitor.com	DMNL-ASN-01 (AS401348)	1
soati.mx	Wix.com Ltd. (AS58182)	1
pagina.mx	ENET-2 (AS10297)	42
AMAZON-02	TEAM-MSN (AS54519)	1
ipcom GmbH	Hetzner Online GmbH (AS24940)	27
markmonitor.com	CARLSONWAGONLITTRAVEL (AS63061)	1
netus.mx	NETWORK-SOLUTIONS-HOSTING (AS19871)	1
trueserver.nl	TrueFullstaq B.V. (AS15703)	1
Host Europe GmbH	IENTC S DE RL DE CV (AS28458)	2
pixelimagen.com	Hetzner Online GmbH (AS24940)	3
NSONE	Xhost Internet Solutions Lp (AS197414)	2
DFW-DATACENTER	DFW-DATACENTER (AS30277)	43
tijuanadatacenter.com	Baja Datacenter, SA de CV (AS265552)	3
exclusivehosting.net	LIQUIDNETLTD1 (AS14555)	9
net.mx	Sixsigma Networks Mexico, S.A. de C.V. (AS22011)	1
CLOUDFLARENET	HAWKHOST (AS20068)	1
akkyhosting10.mx	LIQUIDNETLTD1 (AS14555)	21
GOOGLE-CLOUD-PLATFORM	GOOGLE-CLOUD-PLATFORM (AS396982)	31
hostilica.net	Hetzner Online GmbH (AS24940)	2
AS17378	Cloudflare London, LLC (AS209242)	16
glipac.ch	Bluewin (AS3303)	8
LIQUIDWEB	Cloudflare London, LLC (AS209242)	2
ORACLE-BMC-31898	AMAZON-02 (AS16509)	4
Dattatec.com	AMAZON-AES (AS14618)	1
correoparatodos.mx	IWEB-AS (AS32613)	9
CLOUDFLARENET	PRIVATESYSTEMS (AS63410)	7
IONOS SE	GOOGLE (AS15169)	16
cloudns.net	GO-DADDY-COM-LLC (AS398101)	3
unknown	MULTA-ASN1 (AS35916)	1
SECURITYSERVICES	Silverhill Group Holding Ltd (AS202492)	1
pms.mx	IONOS SE (AS8560)	1
Network Information Center Mexico	Alestra, S. de R.L. de C.V. (AS11172)	14
freehosting.com	Hetzner Online GmbH (AS24940)	5
perf1.com	Hermes Europe GmbH (AS29042)	4
jetthost.net	CLOUDFLARENET (AS13335)	5
THEOPT-HOU	MOBIUSPARTNERS (AS19337)	4
supremepanel.com	Cloudflare London, LLC (AS209242)	1
UNIFIEDLAYER-AS-1	Wix.com Ltd. (AS58182)	4
manolonajera.com	GO-DADDY-COM-LLC (AS398101)	2
GOOGLE	MULTA-ASN1 (AS35916)	2
tecki.mx	Hostinger International Limited (AS47583)	4
Host Europe GmbH	ATLANTIC-NET-1 (AS6364)	7
thundercloud.uk	Awareness Software Limited (AS34931)	21
IONOS SE	Raiola Networks S.L. (AS56958)	2
wiroos.com	OVH SAS (AS16276)	29
AMAZON-02	Akamai Connected Cloud (AS63949)	67
stabletransit.com	UNINET (AS8151)	3
redb.mx	OVH SAS (AS16276)	1
nedmex.mx	IONOS SE (AS8560)	1
MICROSOFT-CORP-MSN-AS-BLOCK	INFB2-AS (AS30447)	3
aireproyectos.mx	Alestra, S. de R.L. de C.V. (AS11172)	1
lh.pl	LH.pl Sp. z o.o. (AS203417)	2
browstudio.mx	Hostinger International Limited (AS47583)	1
privatedns.vip	WIIT AG (AS24961)	2
VITAL-DNS	Alestra, S. de R.L. de C.V. (AS11172)	2
Host Europe GmbH	NEXCESS-NET (AS36444)	5
rackspace.com	RACKSPACE (AS19994)	21
net.mx	ATLANTIC-NET-1 (AS6364)	4
ORACLE-BMC-31898	SINGLEHOP-LLC (AS32475)	1
nominalia.com	Register S.p.A. (AS39729)	45
GOOGLE	IONOS SE (AS8560)	20
net.mx	Servnet Mexico, S.A. de C.V. (AS28546)	22
clowebsite.com	AMAZON-02 (AS16509)	1
Network Information Center Mexico	Wix.com Ltd. (AS58182)	41
almada.mx	AS-26496-GO-DADDY-COM-LLC (AS26496)	1
cdpk.mx	WIIT AG (AS24961)	3
AMAZON-02	MICROSOFT-CORP-MSN-AS-BLOCK (AS8075)	38
fastnext.com	Serverius Holding B.V. (AS50673)	1
slack.mx	Scaleway S.a.s. (AS12876)	1
RAMNODE	RAMNODE (AS3842)	24
akkyhosting23.mx	LIQUIDNETLTD1 (AS14555)	17
CLOUDFLARENET	BIGCOMMERCE (AS399566)	10
Host Europe GmbH	Mega Cable, S.A. de C.V. (AS262916)	26
Network Information Center Mexico	LIQUIDWEB (AS32244)	6
DIGITALOCEAN-ASN	ServeTheWorld AS (AS34989)	4
ORACLE-BMC-31898	COGECO-PEER1 (AS13768)	18
hwzoadns.org	DIGICERT (AS16552)	1
puntoiot.com	GO-DADDY-COM-LLC (AS400754)	1
ns14.net	InterNetX GmbH (AS15456)	35
dnsdienst.de	dogado GmbH (AS8648)	1
ligaspro.co	DIMENOC (AS33182)	1
AS-VULTR	TIER-NET (AS397423)	21
joiz.net	OVH SAS (AS16276)	3
tophost.ch	NovaTrend Services GmbH (AS35206)	1
akzonobel.com	AMAZON-02 (AS16509)	3
vikinsoft.com	OVH SAS (AS16276)	1
stabletransit.com	AMAZON-02 (AS16509)	7
arkanmedia.com	UNIFIEDLAYER-AS-1 (AS46606)	1
nicole.mx	NETWORK-SOLUTIONS-HOSTING (AS19871)	3
constructoramakro.mx	AS17378 (AS17378)	1
GOOGLE	PRIVATESYSTEMS (AS63410)	4
CLOUDFLARENET	JOESD-18501 (AS18501)	3
fastdomain.com	UNIFIEDLAYER-AS-1 (AS46606)	4
CLOUDFLARENET	NAMECHEAP-NET (AS22612)	36
elementocero.mx	UNIFIEDLAYER-AS-1 (AS46606)	4
SEDO GmbH	SEDO GmbH (AS47846)	26
sonera.fi	Telia Finland Oyj (AS1759)	1
Hostpoint AG	Hostpoint AG (AS29097)	28
supremecenterhost.com	LIQUIDNETLTD1 (AS14555)	7
aziondns.com	Azion Technologies Ltda. (AS52580)	2
satorite.ch	IONOS SE (AS8560)	1
biotempak.com	UNIFIEDLAYER-AS-1 (AS46606)	2
MICROSOFT-CORP-MSN-AS-BLOCK	GO-DADDY-COM-LLC (AS398101)	18
kilorama.mx	Akamai Connected Cloud (AS63949)	1
GANDI SAS	AMAZON-02 (AS16509)	10
do-ex.com	AMAZON-02 (AS16509)	1
signiaweb.com	OVH SAS (AS16276)	2
wep-inc.mx	OVH SAS (AS16276)	1
ittotalenvironment.com	WHG Hosting Services Ltd (AS211126)	2
MICROSOFT-CORP-MSN-AS-BLOCK	GTN Services B.V. (AS48083)	7
AMAZON-02	Tecnologias Avanzadas S. de R.L. de C.V. (AS265575)	3
org.mx	UNIFIEDLAYER-AS-1 (AS46606)	5
cpd02svt.net	Gigas Hosting S.A. (AS57286)	1
CLOUDFLARENET	Scalaxy B.V. (AS58061)	7
barociodentalhouse.mx	IONOS SE (AS8560)	1
EDNS	EDNS (AS16686)	4
AMAZON-02	Hetzner Online GmbH (AS24940)	12
MICROSOFT-CORP-MSN-AS-BLOCK	LIQUIDWEB (AS32244)	7
GOOGLE	B-F (AS40338)	12
syrahost.com	ORACLE-BMC-31898 (AS31898)	1
internetdeoccidente.net	OVH SAS (AS16276)	47
AS-ADN	AS-ADN (AS23367)	8
markmonitor.zone	AMAZON-02 (AS16509)	42
Neue Medien Muennich GmbH	Neue Medien Muennich GmbH (AS34788)	28
hostgator.com	INCAPSULA (AS19551)	8
AMAZON-02	Wix.com Ltd. (AS58182)	37
PAIR-NETWORKS	PAIR-NETWORKS (AS7859)	14
CLOUDFLARENET	FIBERSTATE (AS26042)	5
it-hosting-mx.com	PRIVATESYSTEMS (AS63410)	1
HURRICANE	SHOCK-1 (AS395092)	1
aliaweb.cz	CASABLANCA INT a.s. (AS15685)	1
GOOGLE	TOTAL PLAY TELECOMUNICACIONES SA DE CV (AS22884)	6
samuliahostingservice.com	UK-2 Limited (AS13213)	1
Akamai Connected Cloud	AMAZON-02 (AS16509)	10
Akamai International B.V.	Akamai International B.V. (AS20940)	50
com.mx	RACKSPACE (AS27357)	14
OMNIS-ANYCAST-1	AMAZON-02 (AS16509)	2
markmonitor.com	Deutsche Telekom AG (AS3320)	3
server327.com	ICDSoft Ltd. (AS8739)	1
NETWORK-SOLUTIONS-HOSTING	GOOGLE-CLOUD-PLATFORM (AS396982)	11
eapps.com	MICROSOFT-CORP-MSN-AS-BLOCK (AS8075)	1
DIGICERT	TOTAL PLAY TELECOMUNICACIONES SA DE CV (AS22884)	1
ddns.net	IONOS SE (AS8560)	3
AMAZON-02	NETWORK-SOLUTIONS-HOSTING (AS19871)	24
jagarsoft.net	NETWORK-SOLUTIONS-HOSTING (AS19871)	2
Akamai Connected Cloud	Akamai Connected Cloud (AS63949)	86
NSONE	GOOGLE-CLOUD-PLATFORM (AS396982)	16
cbctecnologia.net	NTHL (AS11042)	1
hostingyradio.com	DIMENOC (AS33182)	3
ns14.net	Mittwald CM Service GmbH & Co. KG (AS15817)	9
versuni.com	AMAZON-02 (AS16509)	1
DIGITALOCEAN-ASN	Stichting DIGI NL (AS206281)	12
com.mx	GOOGLE (AS15169)	40
DIGICERT	Optimizely AB (AS30811)	1
NETWORK-SOLUTIONS-HOSTING	DIGITALOCEAN-ASN (AS14061)	27
recoveryforense.com	AS17378 (AS17378)	2
Host Europe GmbH	BIZNESSHOSTING-DBA-VOLICO (AS33724)	1
wortev.com	AMAZON-02 (AS16509)	3
xmhosting.com	SINGLEHOP-LLC (AS32475)	1
Network Information Center Mexico	NETWORK-SOLUTIONS-HOSTING (AS19871)	19
stabletransit.com	NETWORK-SOLUTIONS-HOSTING (AS19871)	4
codero.com	JOESD-18501 (AS18501)	30
GOOGLE	HUAWEI CLOUDS (AS136907)	1
cloudns.net	DIGITALOCEAN-ASN (AS14061)	13
NAMECHEAP-NET	NAMECHEAP-NET (AS22612)	59
getsetlive.com	282, Sector 19 (AS132420)	1
sisk.bid	OVH SAS (AS16276)	4
AS17378	SERVERCENTRAL (AS23352)	1
NSONE	DIGITALOCEAN-ASN (AS14061)	18
linode.com	AMAZON-AES (AS14618)	5
lucushost.com	OVH SAS (AS16276)	8
raiolanetworks.es	OVH SAS (AS16276)	16
kyoto.mx	Axtel, S.A.B. de C.V. (AS6503)	1
IONOS SE	Wix.com Ltd. (AS58182)	50
rapiwebs1.com	NETWORK-SOLUTIONS-HOSTING (AS19871)	2
acens Technologies, S.L.	acens Technologies, S.L. (AS16371)	16
tecnoweb.net	TECNOWEB PERU SAC (AS64114)	12
chapingo.mx	SERVERCENTRAL (AS23352)	1
cloudns.net	Alestra, S. de R.L. de C.V. (AS11172)	7
BUNNYWAY, informacijske storitve d.o.o.	Datacamp Limited (AS60068)	4
MICROSOFT-CORP-MSN-AS-BLOCK	Sixsigma Networks Mexico, S.A. de C.V. (AS22908)	1
wunamkt.com	UNIFIEDLAYER-AS-1 (AS46606)	2
telinkcom.com	JOESDATACENTER (AS19969)	2
hostgator.co	NETWORK-SOLUTIONS-HOSTING (AS19871)	4
ultahost.com	LATITUDE-SH (AS396356)	3
AMAZON-02	Vodafone Spain (AS12430)	1
philips.com	AMAZON-02 (AS16509)	4
Network Information Center Mexico	MOBIUSPARTNERS (AS19337)	1
CLOUDFLARENET	AS-COLOCROSSING (AS36352)	15
com.mx	Rackspace Ltd. (AS15395)	3
LIQUIDNETLTD1	LIQUIDNETLTD1 (AS14555)	12
kulinarisch.mx	Alestra, S. de R.L. de C.V. (AS11172)	1
CLOUDFLARENET	AUTOMATTIC (AS2635)	18
CLOUDFLARENET	SUCURI-SEC (AS30148)	5
daretec.mx	NAMECHEAP-NET (AS22612)	3
dnetnoc.net	GLOBAL-IP-NETWORKS (AS7819)	1
DIGICERT	DIGICERT (AS16552)	70
Megacable Comunicaciones de Mexico, S.A. de C.V.	Megacable Comunicaciones de Mexico, S.A. de C.V. (AS14178)	70
CLOUDFLARENET	Signet B.V. (AS20857)	5
akkyhosting3.mx	LIQUIDNETLTD1 (AS14555)	31
unade.net	acens Technologies, S.L. (AS16371)	1
net.mx	OVH SAS (AS16276)	32
CARINET	CARINET (AS10439)	10
kivial.it	Engineering D.HUB S.p.A. (AS21176)	2
SECURITYSERVICES	SQUARESPACE (AS53831)	22
grupoalva.mx	IONOS SE (AS8560)	1
porteros.mx	Megacable Comunicaciones de Mexico, S.A. de C.V. (AS14178)	1
ixad.net	Hetzner Online GmbH (AS24940)	3
shared-servers.com	WII (AS32097)	5
GOOGLE	Triara.com S.A. de C.V. (AS19373)	4
dns.services	Christian Ebsen ApS (AS62121)	2
DIGICERT	GOOGLE (AS15169)	6
hosterion.com	Hosterion Srl (AS43927)	2
H4Y-TECHNOLOGIES	MONTICELLO (AS14935)	7
netclick03.com	MULTA-ASN1 (AS35916)	1
edu.mx	Konecta de Mexico, S. de R.L. de C.V. (AS262913)	1
net.mx	TOPNET SA de CV (AS16531)	1
CLOUDFLARENET	CTG Server Limited (AS152194)	12
domeny.host	AMAZON-AES (AS14618)	1
Host Europe GmbH	Bicentel SA de CV (AS28394)	3
SECURITYSERVICES	Elasticity Limited (AS205434)	1
CLOUDFLARENET	DXTL Tseung Kwan O Service (AS134548)	5
QUIC-CLOUD	HOSTDUPLEX (AS54555)	1
CLOUDFLARENET	ZOHO-AS (AS2639)	2
edifika.mx	NETWORK-SOLUTIONS-HOSTING (AS19871)	3
IONOS SE	AS-VULTR (AS20473)	11
GOOGLE	GO-DADDY-COM-LLC (AS400754)	6
wondermooie.com	NAMECHEAP-NET (AS22612)	3
xicoconsultores.mx	GO-DADDY-COM-LLC (AS398101)	1
InterNetX GmbH	InterNetX GmbH (AS15456)	4
AMAZON-02	Alibaba US Technology Co., Ltd. (AS45102)	2
slicehost.net	RMH-14 (AS33070)	1
viajesyturismo.mx	DIGITAL SNAP (AS150055)	1
mibrillo.mx	DIGITALOCEAN-ASN (AS14061)	1
Xtudio Networks S.L.U.	AMAZON-02 (AS16509)	1
mdnsservice.com	AS-VULTR (AS20473)	33
NSONE	CLOUDFLARENET (AS13335)	38
NEXCESS-NET	VPSDATACENTER (AS40819)	2
com.mx	WII (AS32097)	4
Safenames Ltd.	AMAZON-02 (AS16509)	11
com.mx	DIGITALOCEAN-ASN (AS14061)	31
Hetzner Online GmbH	TOTAL PLAY TELECOMUNICACIONES SA DE CV (AS22884)	2
litoralimg.com	NAMEHERO-KCDC (AS399250)	4
mg-tlahuac.mx	HVC-AS (AS29802)	1
Host Europe GmbH	Hetzner Online GmbH (AS212317)	1
hover.com	Axarnet Comunicaciones, S.l. (AS50926)	1
afraid.org	GITHUB (AS36459)	1
lomasnet.com	UNIFIEDLAYER-AS-1 (AS46606)	4
techno-world.net	TEKTONIC (AS55045)	1
lamp.mx	Akamai Connected Cloud (AS63949)	1
Combell NV	GOOGLE-CLOUD-PLATFORM (AS396982)	2
webaccountserver.com	NETACTUATE (AS394344)	12
px-pro-hosting.com	Hetzner Online GmbH (AS24940)	1
dodns.net	UNIFIEDLAYER-AS-1 (AS46606)	1
GANDI SAS	Havas Media Group Spain SA (AS201099)	1
Host Europe GmbH	ORACLE-BMC-31898 (AS31898)	20
avestudio.mx	SSASN2 (AS20454)	1
BIZLAND-SD	AS-30083-US-VELIA-NET (AS30083)	3
GORILLASERVERS	GORILLASERVERS (AS53850)	8
nunsys.net	Nunsys SA (AS198479)	3
NETWORK-SOLUTIONS-HOSTING	OVH SAS (AS16276)	3
dnsexit.com	Operbes, S.A. de C.V. (AS18734)	1
WEBNX	AMAZON-02 (AS16509)	2
sofland.mx	UNIFIEDLAYER-AS-1 (AS46606)	1
technologymw.com	DIGITALOCEAN-ASN (AS14061)	1
Heart Internet limited	Heart Internet limited (AS20738)	7
cdmon.net	SERVERPOINT (AS26277)	3
Host Europe GmbH	A2HOSTING (AS55293)	39
appexpress.mx	NETWORK-SOLUTIONS-HOSTING (AS19871)	2
IONOS SE	DYNU (AS398019)	1
apitecdev.com	Cloudflare London, LLC (AS209242)	2
Alestra, S. de R.L. de C.V.	Axtel, S.A.B. de C.V. (AS6503)	9
AUTOMATTIC	Hostinger International Limited (AS47583)	4
genesys informatica srl	genesys informatica srl (AS24994)	13
ascio.com	EPAG Domainservices GmbH (AS12915)	14
beedesign.mx	SERVERCENTRAL (AS23352)	3
co.uk	Metaregistrar B.V. (AS42585)	1
MICROSOFT-CORP-MSN-AS-BLOCK	Contabo GmbH (AS51167)	2
pmcserver.net	NETWORK-SOLUTIONS-HOSTING (AS19871)	1
VITAL-DNS	GOOGLE (AS15169)	2
Safenames Ltd.	IQVIA-CARLSTADT (AS14948)	1
PRIVATESYSTEMS	Axtel, S.A.B. de C.V. (AS6503)	1
euroimmun.de	Deutsche Telekom AG (AS3320)	2
NETWORK-SOLUTIONS-HOSTING	UNIFIEDLAYER-AS-1 (AS46606)	14
ANEXIA Internetdienstleistungs GmbH	Tele2 SWIPnet (AS1257)	62
getresponse.com	GETRESPONSE-IMPLIX (AS46469)	4
AMAZON-02	RACKSPACE (AS27357)	8
AMAZON-02	Alestra, S. de R.L. de C.V. (AS11172)	8
noopzee.com	DIGITALOCEAN-ASN (AS14061)	3
bioparquemexico.mx	LIQUIDWEB (AS32244)	1
NETWORK-SOLUTIONS-HOSTING	Wix.com Ltd. (AS58182)	14
dnscalifornia.net	Contabo GmbH (AS51167)	2
cruising.mx	IONOS SE (AS8560)	1
AS-VULTR	AMAZON-AES (AS14618)	2
SECURITYSERVICES	GOOGLE (AS15169)	14
JOESD-18501	JOESD-18501 (AS18501)	16
intercity.cl	Intercity (AS13424)	1
BRAVO-NET	BRAVO-NET (AS14416)	41
THEOPT-HOU	THEOPT-HOU (AS40156)	15
SkyExchange Internet Access	Alibaba US Technology Co., Ltd. (AS45102)	8
name-services.com	AS-VULTR (AS20473)	1
ipcom GmbH	DIMENOC (AS33182)	1
Host Europe GmbH	INVOLTA (AS14230)	1
AMAZON-02	FORTRESSITX (AS25653)	6
miramar.mx	RELIABLESITE (AS23470)	4
time4vps.com	UAB Interneto vizija (AS212531)	3
CLOUDFLARENET	Visma Software International AS (AS61213)	1
idmkt.mx	GOOGLE-CLOUD-PLATFORM (AS396982)	1
enbuenplan.mx	UNIFIEDLAYER-AS-1 (AS46606)	2
Alestra, S. de R.L. de C.V.	Alestra, S. de R.L. de C.V. (AS11172)	11
hosting-mexico.net	Hetzner Online GmbH (AS213230)	1
AMAZON-02	FASTLY (AS54113)	30
AS17378	Hostinger International Limited (AS47583)	13
register.it	BT Italia S.p.A. (AS3313)	1
l4dns.com	INFOLINK-MIA (AS15083)	26
SECURITYSERVICES	RACKSPACE (AS19994)	9
stabletransit.com	IONOS SE (AS8560)	8
buro3host.com	LIMESTONENETWORKS (AS46475)	1
AMAZON-02	AS-26496-GO-DADDY-COM-LLC (AS26496)	27
da.direct	IS-AS-1 (AS19318)	2
SECURITYSERVICES	ORACLE-BMC-31898 (AS31898)	5
ipcom GmbH	OVH SAS (AS16276)	9
GOOGLE	SQUIXA PTY LIMITED (AS136133)	1
edns.de	PlusServer GmbH (AS61157)	1
Contabo GmbH	Contabo GmbH (AS51167)	71
pvcdemonterrey.mx	IONOS SE (AS8560)	1
is-fun.net	Hetzner Online GmbH (AS24940)	2
Akamai International B.V.	UNINET (AS8151)	87
bosch.de	MICROSOFT-CORP-MSN-AS-BLOCK (AS8075)	18
akkyhosting32.mx	LIQUIDNETLTD1 (AS14555)	13
AMAZON-02	Mexico Red de Telecomunicaciones, S. de R.L. de C.V. (AS13591)	6
Soluciones Corporativas IP, SL	GOOGLE (AS15169)	1
com.mx	Hetzner Online GmbH (AS213230)	4
stabletransit.com	HOSTWINDS (AS54290)	4
sm3agencia.com	UNIFIEDLAYER-AS-1 (AS46606)	2
AMAZON-02	WBD-AS40703 (AS40703)	12
SERVERSTACK-ASN	SERVERSTACK-ASN (AS46652)	6
Triara.com S.A. de C.V.	HOSTWINDS (AS54290)	1
sedetec.net	AMAZON-AES (AS14618)	3
com.mx	GOOGLE-CLOUD-PLATFORM (AS396982)	55
AS-VULTR	CLOUDFLARENET (AS13335)	8
prowork.us	Wix.com Ltd. (AS58182)	1
UNIFIEDLAYER-AS-1	TOTAL PLAY TELECOMUNICACIONES SA DE CV (AS22884)	1
CLOUDFLARENET	Hetzner Online GmbH (AS212317)	12
neubox.net	GOOGLE-CLOUD-PLATFORM (AS396982)	17
maspropiedades.mx	GO-DADDY-COM-LLC (AS398101)	1
cloudns.net	OVH SAS (AS16276)	14
Host Europe GmbH	SOFTLAYER (AS36351)	19
register.it	Connesi s.p.a. (AS15605)	1
serverange.net	AS-COLOCROSSING (AS36352)	2
Host Europe GmbH	TWC-11427-TEXAS (AS11427)	1
CLOUDFLARENET	Fastmail Pty Ltd (AS151847)	25
CLOUDFLARENET	DMIT-EYEBALL (AS54574)	5
iwantmyname.net	InterNetX GmbH (AS15456)	4
webhostingpad.com	ASN-GIGENET (AS32181)	8
geotest.mx	IONOS SE (AS8560)	1
servidoruno.net	IONOS SE (AS8560)	1
icommkt.net	AMAZON-02 (AS16509)	1
Host Europe GmbH	NAMECHEAP-NET (AS22612)	30
ORACLE-BMC-31898	UNINET (AS8151)	17
sdv.fr	SdV-Plurimedia (AS8839)	1
cialtia.mx	SERVERPOINT (AS26277)	1
Soluciones web on line s.l.	Soluciones web on line s.l. (AS201446)	5
akkyhosting7.mx	LIQUIDNETLTD1 (AS14555)	30
paki.mx	LIQUIDWEB (AS32244)	1
neubox.net	DIGITALOCEAN-ASN (AS14061)	19
LEASEWEB-USA-DAL	LEASEWEB-USA-DAL (AS394380)	22
CLOUDFLARENET	INFB2-AS (AS30447)	2
GMO Internet Group, Inc.	GMO Internet Group, Inc. (AS7506)	9
nsresponse.com	WHG Hosting Services Ltd (AS14670)	17
runhosting.com	Zetta Hosting Solutions LLC. (AS44476)	2
com.mx	DIGY NETWORKS (AS265606)	2
inverpreadeoaxaca.com	WHG Hosting Services Ltd (AS14670)	2
internubes.com	NETWORK-SOLUTIONS-HOSTING (AS19871)	4
cdmon.net	GOOGLE-CLOUD-PLATFORM (AS396982)	32
bechtle.com	Bechtle AG (AS21161)	1
NETWORK-SOLUTIONS-HOSTING	GOOGLE (AS15169)	6
koaladns.com	LEASEWEB-USA-LAX (AS395954)	37
mindea.mx	NETWORK-SOLUTIONS-HOSTING (AS19871)	1
maus.mx	UNIFIEDLAYER-AS-1 (AS46606)	2
GOOGLE	AS-30083-US-VELIA-NET (AS30083)	6
SECURITYSERVICES	Procono S.A. (AS34977)	1
Triara.com S.A. de C.V.	AMAZON-02 (AS16509)	9
mipymes.mx	IONOS SE (AS8560)	1
DIGICERT	CLOUDFLARENET (AS13335)	27
AMAZON-02	DC74-AS (AS17216)	1
AUTOMATTIC	CLOUDFLARENET (AS13335)	11
ORACLE-BMC-31898	Akamai International B.V. (AS20940)	10
dnsexit.com	Alestra, S. de R.L. de C.V. (AS11172)	4
CLOUDFLARENET	RACKSPACE (AS19994)	5
grupoaes.mx	UNIFIEDLAYER-AS-1 (AS46606)	1
DinaHosting S.L.	IONOS SE (AS8560)	2
Host Europe GmbH	ElCat Ltd. (AS8449)	3
tswhost.net	SERVERCENTRAL (AS23352)	1
vplcreative.com	UNIFIEDLAYER-AS-1 (AS46606)	3
GANDI SAS	OVH SAS (AS16276)	18
drizabal.com	NETWORK-SOLUTIONS-HOSTING (AS19871)	3
SECURITYSERVICES	CSC Administrative Services Limited (AS34922)	16
clientes525.com	NETWORK-SOLUTIONS-HOSTING (AS19871)	2
CLOUDFLARENET	WEEBLY (AS27647)	2
GOOGLE	COORDINADORA DE CARRIERS, S.A. DE C.V. (AS19332)	5
neubox.net	AMAZON-AES (AS14618)	31
Host Europe GmbH	Alibaba US Technology Co., Ltd. (AS45102)	17
STEADFAST	CLOUDFLARENET (AS13335)	1
SECURITYSERVICES	Entain Services Austria GmbH (AS13008)	28
nmugroup.com	Nordisk Media Utveckling AB (AS204074)	6
SECURITYSERVICES	Hetzner Online GmbH (AS212317)	2
internetservicios.com	PRIVATESYSTEMS (AS63410)	1
NUCDN	IONOS SE (AS8560)	3
NUCDN	CLOUDFLARENET (AS13335)	3
Triara.com S.A. de C.V.	NETWORK-SOLUTIONS-HOSTING (AS19871)	9
cloudns.net	TOTAL PLAY TELECOMUNICACIONES SA DE CV (AS22884)	5
stabletransit.com	LIQUIDWEB (AS32244)	29
ibspark.com	Team Internet AG (AS61969)	4
hostnet.nl	Combell NV (AS34762)	1
CLOUDFLARENET	Bezeq- THE ISRAEL TELECOMMUNICATION CORP. LTD. (AS6810)	1
DIGICERT	acens Technologies, S.L. (AS16371)	3
haco.mx	Hostinger International Limited (AS47583)	3
markmonitor.com	CLOUDFLARENET (AS13335)	10
hotelhi.info	IONOS SE (AS8560)	4
alphamx.info	AS17378 (AS17378)	2
vp-consulting.mx	AMAZON-AES (AS14618)	1
AUTOMATTIC	AMAZON-02 (AS16509)	1
pasalaguna.mx	GOOGLE-CLOUD-PLATFORM (AS396982)	1
gmexico.com	UNINET (AS8151)	1
CLOUDFLARENET	1984 ehf (AS44925)	1
yourwebhoster.com	UpCloud Ltd (AS202053)	1
simnet.is	CLOUDFLARENET (AS13335)	1
CLOUDFLARENET	METANET AG (AS21069)	1
OVH SAS	WII (AS32097)	1
IONOS SE	acens Technologies, S.L. (AS16371)	2
akkyhosting28.mx	LIQUIDNETLTD1 (AS14555)	22
AMAZON-02	SOFTLAYER (AS36351)	6
binary.net	ASN7806 (AS7806)	2
timbraxml.com	STEADFAST (AS32748)	2
gizmotrece.com	NETWORK-SOLUTIONS-HOSTING (AS19871)	3
prokennex.mx	Axtel, S.A.B. de C.V. (AS6503)	1
formato16-9.net	KVCNET-2009 (AS395111)	3
ORACLE-BMC-31898	Megacable Comunicaciones de Mexico, S.A. de C.V. (AS14178)	1
IONOS SE	InterNetX GmbH (AS15456)	8
CLOUDFLARENET	Scloud Pte Ltd (AS142002)	1
ns14.net	AMAZON-02 (AS16509)	4
seeds-edu.mx	UNIFIEDLAYER-AS-1 (AS46606)	1
cdmon.net	Alestra, S. de R.L. de C.V. (AS11172)	2
imaginatuboda.mx	NIXVAL (AS13287)	1
rotax.mx	DATABANK-DFW (AS13767)	1
hostingred.mx	IWEB-AS (AS32613)	1
dnsexit.com	Axtel, S.A.B. de C.V. (AS6503)	6
com.mx	WEHOSTWEBSITES-COM (AS30475)	2
Host Europe GmbH	UUNET (AS701)	12
LIQUIDWEB	GOOGLE-CLOUD-PLATFORM (AS396982)	3
sotero.mx	IONOS SE (AS8560)	1
sarsanapp.com	AS40676 (AS40676)	3
whc.ca	OVH SAS (AS16276)	8
hostname.cl	Servicios Informaticos Hostname Ltda (AS262256)	2
Servicios Administrados Mexis, S.A. de C.V.	Hostinger International Limited (AS47583)	2
grifols.com	Grifols S.A. (AS42722)	1
gransy.com	CASABLANCA INT a.s. (AS15685)	18
MICROSOFT-CORP-MSN-AS-BLOCK	Safenames Ltd. (AS60819)	1
azurian.com	SINGLEHOP-LLC (AS32475)	3
kchibaches.com	SERVERCENTRAL (AS23352)	4
SERVERCENTRAL	CLOUDFLARENET (AS13335)	10
Sixsigma Networks Mexico, S.A. de C.V.	Sixsigma Networks Mexico, S.A. de C.V. (AS22908)	7
NUCDN	AS-COLOCROSSING (AS36352)	1
GANDI SAS	DRILLINGINFO-VIRGINIA (AS398475)	1
ZONER a.s.	ZONER a.s. (AS34222)	13
Alpla Werke Alwin Lehner GmbH & Co KG	Alpla Werke Alwin Lehner GmbH & Co KG (AS210341)	3
casamazatlan.mx	HUAWEI CLOUDS (AS136907)	1
vivirmejor.mx	GOOGLE-CLOUD-PLATFORM (AS396982)	2
cyberneticos.com	Cyberneticos Hosting SL (AS198968)	8
lentrio.com	UNIFIEDLAYER-AS-1 (AS46606)	1
MICROSOFT-CORP-MSN-AS-BLOCK	NETWORK-SOLUTIONS-HOSTING (AS19871)	16
IONOS SE	INMOTION (AS22611)	2
0.7	CARINET (AS10439)	8
eboss.site	OVH SAS (AS16276)	8
raiolanetworks.es	Raiola Networks S.L. (AS56958)	15
uacam.mx	UNINET (AS8151)	1
hoster907.com	CLOUDFLARENET (AS13335)	1
Akamai International B.V.	MICROSOFT-CORP-MSN-AS-BLOCK (AS8075)	12
fmedical.mx	WEBNX (AS18450)	1
INCAPSULA	PRUASN (AS6253)	1
markmonitor.com	Burda Digital Systems GmbH (AS39218)	1
Akamai International B.V.	CLOUDFLARENET (AS13335)	2
ORACLE-BMC-31898	RACKSPACE (AS19994)	2
Network Information Center Mexico	TOPNET SA de CV (AS16531)	2
savvii.com	BIT BV (AS12859)	1
MICROSOFT-CORP-MSN-AS-BLOCK	DIGITALOCEAN-ASN (AS14061)	9
sitioswebslp.com	UNIFIEDLAYER-AS-1 (AS46606)	3
advl.mx	UNIFIEDLAYER-AS-1 (AS46606)	2
register.it	GOOGLE (AS15169)	1
com.mx	DIGITAL COMUNICATIONS DE MEXICO SA DE CV (AS265504)	15
Triara.com S.A. de C.V.	GOOGLE-CLOUD-PLATFORM (AS396982)	21
mvtecnologias.com	NETSOURCE (AS22458)	2
Akamai Connected Cloud	OVH SAS (AS16276)	4
akkyhosting14.mx	Wix.com Ltd. (AS58182)	2
abundisservices.com	UNIFIEDLAYER-AS-1 (AS46606)	2
VITAL-DNS	OVH SAS (AS16276)	2
hostcetw.com	UNIFIEDLAYER-AS-1 (AS46606)	1
hosteons.com	Hosteons Pte. Ltd. (AS142036)	2
Network Information Center Mexico	WEBINT (AS11989)	1
suempresa.com	Wix.com Ltd. (AS58182)	3
negohost.net	PONYNET (AS53667)	1
DIMENOC	CLOUDFLARENET (AS13335)	9
akkyhosting27.mx	LIQUIDNETLTD1 (AS14555)	27
japrix.com	NL-811-40021 (AS40021)	2
proyectopcs.com	SERVERCENTRAL (AS23352)	1
eficazcomotu.mx	GO-DADDY-COM-LLC (AS398101)	1
GOOGLE	AS40676 (AS40676)	1
promocionalescp.mx	IONOS SE (AS8560)	1
markmonitor.zone	PACCAR (AS18500)	5
integrarserver.net	LEASEWEB-USA-SFO (AS7203)	1
LIQUIDWEB	Hostinger International Limited (AS47583)	17
DIGICERT	AMAZON-02 (AS16509)	22
nominalia.com	Combell NV (AS34762)	6
ipcom GmbH	InterNetworX Management GmbH (AS48596)	61
NUCDN	LeaseWeb Netherlands B.V. (AS60781)	1
GOOGLE	WHG Hosting Services Ltd (AS199404)	1
hgsoft-s3.com	UNIFIEDLAYER-AS-1 (AS46606)	4
IONOS SE	FASTLY (AS54113)	34
com.mx	DREAMHOST-AS (AS26347)	4
HVC-AS	AMAZON-02 (AS16509)	1
t852.com	Contabo GmbH (AS51167)	1
subarugonzalitos.mx	LIQUIDWEB (AS32244)	1
kali.mx	IENTC S DE RL DE CV (AS28458)	4
IMH-IAD	IMH-IAD (AS54641)	21
sistemasabanza.com	AS-VULTR (AS20473)	2
amkta17.com	IS-AS-1 (AS19318)	3
MICROSOFT-CORP-MSN-AS-BLOCK	InterNetX GmbH (AS15456)	3
GENERAL-MOTORS-CORPORATION	GENERAL-MOTORS-CORPORATION (AS30383)	3
CLOUDFLARENET	DMNL-ASN-01 (AS401348)	8
akkyhosting15.mx	LIQUIDNETLTD1 (AS14555)	37
gcdn.services	Akamai Connected Cloud (AS63949)	4
aleux.mx	UNINET (AS8151)	1
fishathome.mx	IONOS SE (AS8560)	1
1984.is	1984 ehf (AS44925)	4
aliasdns.net	Hostinger International Limited (AS47583)	1
sanlucashospital.mx	GO-DADDY-COM-LLC (AS398101)	1
zentiment.mx	NETWORK-SOLUTIONS-HOSTING (AS19871)	4
MICROSOFT-CORP-MSN-AS-BLOCK	Team Internet AG (AS61969)	3
limitededition.mx	CLOUDFLARENET (AS13335)	1
INCAPSULA	INCAPSULA (AS19551)	8
web4u.cz	Web4U s.r.o. (AS39790)	2
markmonitor.com	SPLUNK-WEST (AS22024)	3
GOOGLE	RACKSPACE (AS19994)	1
isandbs.com	IS-AS-1 (AS19318)	1
xpresshosting.com	DIGITALOCEAN-ASN (AS14061)	5
isef.mx	NETWORK-SOLUTIONS-HOSTING (AS19871)	1
NForce Entertainment B.V.	OVH SAS (AS16276)	1
AS17378	IONOS SE (AS8560)	11
webink.space	GOOGLE-CLOUD-PLATFORM (AS396982)	1
blacknightdns.com	AMAZON-02 (AS16509)	2
kaptaschool.com	UNIFIEDLAYER-AS-1 (AS46606)	1
hoster905.com	ICDSoft Ltd. (AS8739)	3
NETSOURCE	TRANSTELCO-INC (AS32098)	3
zoneedit.com	SERVERCENTRAL (AS23352)	1
swrecycling.mx	LIQUIDWEB (AS32244)	1
Triara.com S.A. de C.V.	Sixsigma Networks Mexico, S.A. de C.V. (AS22908)	1
unknown	AMAZON-02 (AS16509)	14
metahome.mx	GO-DADDY-COM-LLC (AS398101)	1
combell.net	Signet B.V. (AS20857)	1
secureserver.net	GO-DADDY-COM-LLC (AS398101)	26
mywhc.ca	GTCOMM (AS36666)	2
ratsoti.com	AMAZON-02 (AS16509)	2
SECURITYSERVICES	INCAPSULA (AS19551)	29
ipcom GmbH	T-Systems International GmbH (AS34086)	4
MICROSOFT-CORP-MSN-AS-BLOCK	UNIFIEDLAYER-AS-1 (AS46606)	12
O2switch SAS	O2switch SAS (AS50474)	13
SERVERCENTRAL	AMAZON-02 (AS16509)	3
AUTOMATTIC	FASTLY (AS54113)	3
webhostingbuzz.com	WHG Hosting Services Ltd (AS14670)	2
metodika.mx	PRIVATESYSTEMS (AS63410)	2
rebel.ca	AMAZON-AES (AS14618)	12
Triara.com S.A. de C.V.	FASTLY (AS54113)	5
teamscorporate.com	SINGLEHOP-LLC (AS32475)	2
lonex.com	LIQUIDNETLTD1 (AS14555)	2
encorhosting05.com	TRANSTELCO-INC (AS32098)	1
MICROSOFT-CORP-MSN-AS-BLOCK	GO-DADDY-COM-LLC (AS400754)	6
Host Europe GmbH	LIQUIDWEB (AS53824)	5
MICROSOFT-CORP-MSN-AS-BLOCK	Orange Espagne SA (AS12479)	3
acens Technologies, S.L.	Telefonica De Espana S.a.u. (AS3352)	1
AMAZON-02	Mittwald CM Service GmbH & Co. KG (AS15817)	1
Network Information Center Mexico	Hostinger International Limited (AS47583)	14
deltasolutions.mx	LIQUIDWEB (AS32244)	1
cimari.mx	OVH SAS (AS16276)	1
CLOUDFLARENET	IS-AS-1 (AS19318)	21
MICROSOFT-CORP-MSN-AS-BLOCK	AS17378 (AS17378)	25
paginaswebenobregon.com	UNIFIEDLAYER-AS-1 (AS46606)	4
AMAZON-02	PPG-INDUSTRIES (AS17011)	2
ti3r.com	ESECUREDATA (AS11831)	5
DIMENOC	DIGITALOCEAN-ASN (AS14061)	5
serverw3.com	PRIVATESYSTEMS (AS63410)	1
buddyns.com	LeaseWeb Netherlands B.V. (AS60781)	1
dominiando.asia	Register S.p.A. (AS39729)	8
sisver.host	NL-811-40021 (AS40021)	3
markmonitor.com	DIGITALOCEAN-ASN (AS14061)	2
CLOUDFLARENET	K Media Tech Ltd. (AS210250)	2
joker.com	CSL Computer Service Langenbach GmbH (AS5517)	1
net.mx	MICROSOFT-CORP-MSN-AS-BLOCK (AS8075)	5
Akamai Connected Cloud	UNINET (AS8151)	5
NetActuate, Inc	AMAZON-02 (AS16509)	10
com.mx	Axtel, S.A.B. de C.V. (AS6503)	13
Akamai International B.V.	Eurofiber Nederland BV (AS39686)	1
CLOUDFLARENET	ORACLE-BMC-31898 (AS31898)	39
responde321.com	UNIFIEDLAYER-AS-1 (AS46606)	2
co.uk	BEHRPROCESS (AS11140)	1
nexosai.mx	IWEB-AS (AS32613)	1
stabletransit.com	AMAZON-AES (AS14618)	15
Host Europe GmbH	AS-DYNASCALE-LAX (AS7296)	2
is-fun.net	TelemaxX Telekommunikation GmbH (AS12843)	19
SECURITYSERVICES	The Offices at Central World, 27th floor (AS45530)	1
afraid.org	COORDINADORA DE CARRIERS, S.A. DE C.V. (AS19332)	1
hace.mx	LIQUIDWEB (AS32244)	1
globalbtek.com	NL-811-40021 (AS40021)	3
codigox.mx	NETWORK-SOLUTIONS-HOSTING (AS19871)	2
Network Information Center Mexico	BCC-65-182-96-0-PHX (AS33055)	1
DIGICERT	AMAZON-AES (AS14618)	14
vspain.net	acens Technologies, S.L. (AS16371)	1
Host Europe GmbH	w1n ltd (AS42237)	1
NETWORK-SOLUTIONS-HOSTING	MICROSOFT-CORP-MSN-AS-BLOCK (AS8075)	2
Cloudi Nextgen Sl	Cloudi Nextgen Sl (AS49635)	11
galvanabogados.mx	Grupo Hidalguense de Desarrollo, S.A. de C.V. (AS28381)	1
proelium.mx	SERVERPOINT (AS26277)	1
ORACLE-BMC-31898	TOTAL PLAY TELECOMUNICACIONES SA DE CV (AS22884)	2
prodns.uk	20i Limited (AS48254)	2
dopla.eu	Webfleet Solutions Development Germany GmbH (AS47518)	4
NETWORK-SOLUTIONS-HOSTING	Cloudflare London, LLC (AS209242)	15
psiade.fr	Psiade Sarl (AS207988)	1
logistica.mx	AS17378 (AS17378)	1
TV Azteca, S.A.B. de C.V.	AMAZON-AES (AS14618)	1
Host Europe GmbH	DREAMHOST-AS (AS26347)	30
MICROSOFT-CORP-MSN-AS-BLOCK	HASBRO (AS32025)	3
ncomputers.org	Contabo GmbH (AS51167)	7
name-services.com	JOESD-18501 (AS18501)	3
fratelliconsultores.mx	LIQUIDWEB (AS32244)	1
gencco.mx	NETWORK-SOLUTIONS-HOSTING (AS19871)	4
ipcmty.mx	LIQUIDWEB (AS32244)	1
thinkmp.com	UNIFIEDLAYER-AS-1 (AS46606)	2
hostingnimbuscrea2.com	SERVERCENTRAL (AS23352)	3
informadns.com	CLOUDFLARENET (AS13335)	1
stabletransit.com	NAMEHERO-KCDC (AS399250)	2
sitiosmty.com	UNIFIEDLAYER-AS-1 (AS46606)	2
Host Europe GmbH	LVLT-3549 (AS3549)	4
volvo.com	Volvo Information Technology AB (AS25252)	4
icatec.mx	AS17378 (AS17378)	1
ipcom GmbH	CLOUDFLARENET (AS13335)	9
facturaweb.mx	AS17378 (AS17378)	2
SECURITYSERVICES	Metaways Infosystems GmbH (AS44225)	2
santahierba.net	NETWORK-SOLUTIONS-HOSTING (AS19871)	1
w3line.fr	OVH SAS (AS16276)	3
server297.com	ICDSoft Ltd. (AS8739)	1
clico.mx	INMOTION (AS22611)	5
arqcodigital.com	UNIFIEDLAYER-AS-1 (AS46606)	4
Host Europe GmbH	SSASN2 (AS20454)	8
molot.eu	Alexhost Srl (AS200019)	1
linode.com	AMAZON-02 (AS16509)	8
neubox.net	Cloudflare London, LLC (AS209242)	35
felixservers.com	OVH SAS (AS16276)	1
NUCDN	Cloudi Nextgen Sl (AS49635)	2
CLOUDFLARENET	RENDER (AS397273)	10
stabletransit.com	GOOGLE-CLOUD-PLATFORM (AS396982)	11
lozano.tech	GO-DADDY-COM-LLC (AS398101)	2
GOOGLE	Hetzner Online GmbH (AS24940)	11
marketing-personal.com	SERVERCENTRAL (AS23352)	3
sictel.com	SERVERCENTRAL (AS23352)	1
CLOUDFLARENET	NUT HOST SRL (AS264649)	4
servconfig.com	CLOUDFLARENET (AS13335)	2
DIGICERT	IFNCO (AS393347)	1
CLOUDFLARENET	AS-TING-BACKBONE (AS32133)	1
volcanavps.com	OVH SAS (AS16276)	1
ns1.broker-it-mx	AMAZON-02 (AS16509)	1
MICROSOFT-CORP-MSN-AS-BLOCK	Operbes, S.A. de C.V. (AS13440)	2
NETWORK-SOLUTIONS-HOSTING	SQUARESPACE (AS53831)	6
dnsrubycom.com	OVH SAS (AS16276)	1
com.mx	BIGSCOOTS (AS394303)	5
AHOSTING	AHOSTING (AS54163)	8
OVH SAS	Comvive Servidores S.L. (AS39020)	1
unknown	AMAZON-AES (AS14618)	3
milesmx.com	LEASEWEB-USA-LAX (AS395954)	4
supremepanel.com	Alestra, S. de R.L. de C.V. (AS11172)	2
tloque.com	NETWORK-SOLUTIONS-HOSTING (AS19871)	1
Host Europe GmbH	Beeks Financial Cloud Ltd (AS206689)	1
Nessus GmbH	Nessus GmbH (AS47692)	18
aspnix.com	ANAXA3-ASN (AS989)	3
Host Europe GmbH	INMOTION (AS22611)	32
logidev.mx	UNIFIEDLAYER-AS-1 (AS46606)	1
contactpromo.mx	OVH SAS (AS16276)	1
Triara.com S.A. de C.V.	Mega Cable, S.A. de C.V. (AS262916)	6
OVH SAS	Alestra, S. de R.L. de C.V. (AS11172)	6
Safenames Ltd.	GOOGLE-CLOUD-PLATFORM (AS396982)	1
depositphotos.com	Webzilla B.V. (AS35415)	1
stabletransit.com	COGECO-PEER1 (AS13768)	1
sesderma.com	Soltia Consulting SL (AS201942)	2
supremedns.com	LIQUIDNETLTD1 (AS14555)	56
ocampo.mx	UNIFIEDLAYER-AS-1 (AS46606)	1
ns14.net	OVH SAS (AS16276)	5
CLOUDFLARENET	Alibaba US Technology Co., Ltd. (AS45102)	15
ceuniv.mx	NETWORK-SOLUTIONS-HOSTING (AS19871)	1
salmeron.mx	AMAZON-02 (AS16509)	1
negromexicano.com	SERVERCENTRAL (AS23352)	2
Combell NV	OVH SAS (AS16276)	13
centos-server.net	ASACENET1 (AS22878)	1
IONOS SE	INFOLINK-MIA (AS15083)	2
GOOGLE	Axtel, S.A.B. de C.V. (AS6503)	2
SECURITYSERVICES	Institut Straumann AG (AS34893)	8
cardumen.mx	UNIFIEDLAYER-AS-1 (AS46606)	3
LIGHTEDGE-AS-02	LIGHTEDGE-AS-02 (AS11320)	11
GOOGLE	NL-811-40021 (AS40021)	9
SOFTLAYER	CLOUDFLARENET (AS13335)	4
usvx.net	AMAZON-02 (AS16509)	7
ipcom GmbH	GleSYS AB (AS42708)	24
elsoldenayarit.com	LIQUIDWEB (AS32244)	2
gestorpv.com	NETWORK-SOLUTIONS-HOSTING (AS19871)	1
Deutsche Telekom AG	AMAZON-02 (AS16509)	1
akkyhosting4.mx	LIQUIDNETLTD1 (AS14555)	25
CONSORTIA TIC S. DE R.L. DE C.V.	CONSORTIA TIC S. DE R.L. DE C.V. (AS265556)	5
NIXIHOST	NIXIHOST (AS46505)	18
blacom.mx	Computadoras y Servicios Especiales SA de CV (AS28387)	1
ipcom GmbH	IBH IT-Service GmbH (AS15372)	3
hospedatupagina.com	NETWORK-SOLUTIONS-HOSTING (AS19871)	1
dynu.com	DYNU (AS398019)	4
pcvisual.net	NL-811-40021 (AS40021)	1
maia11.com	SINGLEHOP-LLC (AS32475)	1
uaa.mx	Alestra, S. de R.L. de C.V. (AS11172)	1
mserwis.pl	Dataspace P.s.a. (AS50599)	1
A2HOSTING	SUCURI-SEC (AS30148)	1
pincel.mx	AS-COLOCROSSING (AS36352)	1
AMAZON-02	ORACLE-BMC-31898 (AS31898)	4
WEBNX	CLOUDFLARENET (AS13335)	2
unh.net	MICROSOFT-CORP-MSN-AS-BLOCK (AS8075)	1
vsserver101.com	AS-30083-US-VELIA-NET (AS30083)	4
dnsexit.com	UNINET (AS8151)	8
CLOUDFLARENET	NAMEHERO-KCDC (AS399250)	1
AMAZON-02	AS-COLOAM (AS21769)	1
DIGICERT	COLT Technology Services Group Limited (AS8220)	3
pub-ns.me	DataWeb Global Group B.V. (AS39572)	1
CLOUDFLARENET	NETACTUATE (AS36236)	2
raizen.it	Netsons s.r.l. (AS60087)	1
reverso.be	CRUNCHBITS (AS400304)	1
NSONE	CENCORA-INTERNET (AS13628)	1
solucionesporinternet.com	NETWORK-SOLUTIONS-HOSTING (AS19871)	2
combell.net	Combell NV (AS34762)	16
sitios.im	UNIFIEDLAYER-AS-1 (AS46606)	1
myhostingpack.com	WHG Hosting Services Ltd (AS211126)	45
AMAZON-02	THEOPT-HOU (AS40156)	1
LEASEWEB-USA-LAX	LEASEWEB-USA-LAX (AS395954)	12
ostelcolorado.com	AS17378 (AS17378)	2
icuerdas.com	UNIFIEDLAYER-AS-1 (AS46606)	4
AMAZON-02	Secretaria de la Hacienda Publica (AS28392)	1
NUCDN	FALCK-MOBILE-HEALTH-CORP (AS32306)	1
HURRICANE	NETWORK-SOLUTIONS-HOSTING (AS19871)	1
dns.biz	AMAZON-AES (AS14618)	1
dsmx.com	TZULO (AS11878)	1
everleap.com	HOSTCOLLECTIVE (AS14415)	8
com.mx	IS-AS-1 (AS19318)	13
Host Europe GmbH	RACKSPACE (AS27357)	9
CLOUDFLARENET	Mega Cable, S.A. de C.V. (AS13999)	8
BCC-65-182-96-0-PHX	BCC-65-182-96-0-PHX (AS33055)	9
Signet B.V.	AMAZON-02 (AS16509)	2
mexicoescultura.com	Alestra, S. de R.L. de C.V. (AS11172)	3
MICROSOFT-CORP-MSN-AS-BLOCK	SOFTLAYER (AS36351)	22
CLOUDFLARENET	SERVERCENTRAL (AS23352)	21
Xtudio Networks S.L.U.	Xtudio Networks S.L.U. (AS60458)	27
Host Europe GmbH	AS-COLOCROSSING (AS36352)	9
openhousevip.com	NETWORK-SOLUTIONS-HOSTING (AS19871)	1
udla.mx	Mexico Red de Telecomunicaciones, S. de R.L. de C.V. (AS13591)	1
hostpacal.org	IS-AS-1 (AS19318)	1
cloudns.net	AMAZON-AES (AS14618)	17
darm.mx	AS17378 (AS17378)	4
MICROSOFT-CORP-MSN-AS-BLOCK	Wix.com Ltd. (AS58182)	9
synology.com	AMAZON-02 (AS16509)	1
cnpm.mx	IONOS SE (AS8560)	1
com.mx	STEADFAST (AS32748)	8
SECURITYSERVICES	AS-26496-GO-DADDY-COM-LLC (AS26496)	30
hosting-mexico.net	Cloudflare London, LLC (AS209242)	7
gkg.net	Akamai Connected Cloud (AS63949)	1
ultahost.com	firstcolo GmbH (AS44066)	1
jackrack.mx	UNIFIEDLAYER-AS-1 (AS46606)	1
VITAL-DNS	TOTAL PLAY TELECOMUNICACIONES SA DE CV (AS22884)	6
troqueladosmx.com	UNIFIEDLAYER-AS-1 (AS46606)	2
newtekdns.com	AS-26496-GO-DADDY-COM-LLC (AS26496)	1
MICROSOFT-CORP-MSN-AS-BLOCK	Nine Internet Solutions AG (AS29691)	1
GANDI SAS	Datacamp Limited (AS60068)	1
inleed.net	Yelles AB (AS206170)	1
hyperservers.net	GOOGLE-CLOUD-PLATFORM (AS396982)	1
net.mx	Cloudflare London, LLC (AS209242)	4
com.mx	INMOTION (AS22611)	20
corporativoafae.mx	LIQUIDWEB (AS32244)	1
AS17378	GOOGLE-CLOUD-PLATFORM (AS396982)	22
DIGICERT	NETWORK-SOLUTIONS-HOSTING (AS19871)	3
pulsation.fr	OVH SAS (AS16276)	1
pacificmarket.mx	IONOS SE (AS8560)	1
ns14.net	Hetzner Online GmbH (AS24940)	11
Host Europe GmbH	COMCAST-7922 (AS7922)	3
Host Europe GmbH	ASN-FLEXENTIAL (AS13649)	9
us.lt	UAB Interneto vizija (AS212531)	2
register.it	MICROSOFT-CORP-MSN-AS-BLOCK (AS8075)	6
imaclegal.com	AS-VULTR (AS20473)	1
tecnologiaintegrada.mx	UNIFIEDLAYER-AS-1 (AS46606)	3
neubox.net	INMOTION (AS22611)	1
brasmidia.net	Hetzner Online GmbH (AS24940)	2
CLOUDFLARENET	NEXCESS-NET (AS36444)	2
cloudns.net	Servnet Mexico, S.A. de C.V. (AS28546)	4
net.mx	SERVERCENTRAL (AS23352)	1
cloudns.net	NForce Entertainment B.V. (AS43350)	23
thebrandingessentials.com	UNIFIEDLAYER-AS-1 (AS46606)	3
SECURITYSERVICES	MICROSOFT-CORP-MSN-AS-BLOCK (AS8069)	1
poderwserver.com	NL-811-40021 (AS40021)	2
agenturserver.co	Mittwald CM Service GmbH & Co. KG (AS15817)	8
unknown	HVC-AS (AS29802)	11
oto.cc	AMAZON-AES (AS14618)	2
AS-VULTR	HAWKHOST (AS20068)	9
subarumty.mx	LIQUIDWEB (AS32244)	1
bunkers2dio.com	UNIFIEDLAYER-AS-1 (AS46606)	3
huaweicloud-dns.cn	HUAWEI CLOUDS (AS136907)	10
LIQUIDWEB	CLOUDFLARENET (AS13335)	7
DIGICERT	AUTOMATTIC (AS2635)	6
exagono.net	AMAZON-02 (AS16509)	1
RACKSPACE	RACKSPACE (AS19994)	2
IS-AS-1	GOOGLE (AS15169)	1
stabletransit.com	Akamai Connected Cloud (AS63949)	3
neubox.net	WHG Hosting Services Ltd (AS36454)	1
com.uy	Contabo GmbH (AS51167)	1
SECURITYSERVICES	Akamai International B.V. (AS20940)	10
com.mx	SQUARESPACE (AS53831)	14
AS-VULTR	AMAZON-02 (AS16509)	4
CLOUDFLARENET	Tencent Building, Kejizhongyi Avenue (AS132203)	7
grupomega.mx	IOFLOOD (AS53755)	2
encenterweb.com	LIQUIDNETLTD1 (AS14555)	4
Sixsigma Networks Mexico, S.A. de C.V.	RADWARE-CLOUD-SERVICES (AS25773)	2
hotbytes.net	Mittwald CM Service GmbH & Co. KG (AS15817)	2
emcms.mx	UNIFIEDLAYER-AS-1 (AS46606)	3
ASN-DIS	ASN-DIS (AS393398)	12
cloudns.net	IONOS SE (AS8560)	1
CLOUDFLARENET	Hetzner Online GmbH (AS213230)	19
dynu.com	Hostinger International Limited (AS47583)	1
net.co	IWEB-AS (AS32613)	1
easycomputer.es	OVH SAS (AS16276)	1
galasa.mx	LIQUIDWEB (AS32244)	1
hostpromex.com	DIMENOC (AS33182)	1
estrattegacloud.com	UNIFIEDLAYER-AS-1 (AS46606)	3
shotmty.com	PRIVATESYSTEMS (AS63410)	4
aspelab.com	UNIFIEDLAYER-AS-1 (AS46606)	2
awardspace.com	Zetta Hosting Solutions LLC. (AS44476)	10
cloudns.net	SpeedyPage Ltd (AS142594)	1
IONOS SE	GO-DADDY-COM-LLC (AS398101)	8
IONOS SE	WEEBLY (AS27647)	2
SECURITYSERVICES	UNIFIEDLAYER-AS-1 (AS46606)	4
intermediohosting.com	UNIFIEDLAYER-AS-1 (AS46606)	1
co.il	COGECO-PEER1 (AS13768)	2
com.mx	Akamai Connected Cloud (AS63949)	26
vexilo.dev	AS-VULTR (AS20473)	2
d9hosting.com	RELIABLESITE (AS23470)	1
virtualmente.mx	SSASN2 (AS20454)	1
CLOUDFLARENET	DIGITAL COMUNICATIONS DE MEXICO SA DE CV (AS265504)	1
pixelx.de	Contabo GmbH (AS51167)	4
CLOUDFLARENET	Dattatec.com (AS27823)	5
ovea.ca	OVEA SAS (AS29608)	1
Akamai International B.V.	CSC (AS19574)	5
Telmex Chile Internet S.A.	Telmex Chile Internet S.A. (AS6429)	19
LIQUIDWEB	DIMENOC (AS33182)	2
net.mx	INFB2-AS (AS30447)	15
internex.at	senseLAN GmbH (AS31736)	1
Akamai Connected Cloud	Wix.com Ltd. (AS58182)	3
DIMENOC	Wix.com Ltd. (AS58182)	2
pymedns.net	ZAM LTDA. (AS52368)	2
IONOS SE	Mega Cable, S.A. de C.V. (AS13999)	6
MICROSOFT-CORP-MSN-AS-BLOCK	NAMECHEAP-NET (AS22612)	3
mayoristasderecarga.mx	UNIFIEDLAYER-AS-1 (AS46606)	1
seokraken.net	SERVERCENTRAL (AS23352)	4
akkyhosting17.mx	LIQUIDNETLTD1 (AS14555)	26
orangearmy.mx	Hostinger International Limited (AS47583)	3
iwantmyname.net	CLOUDFLARENET (AS13335)	2
co.kr	LG DACOM Corporation (AS3786)	8
gregohm.com	OVH SAS (AS16276)	2
migivagroup.com	NETWORK-SOLUTIONS-HOSTING (AS19871)	1
tqhosting.com	NETACTUATE (AS36236)	1
Host Europe GmbH	HAWKHOST (AS20068)	4
world4you.at	World4You Internet Services GmbH (AS38955)	8
server501.net	MAJESTIC-HOSTING-01 (AS396073)	2
mydnscloud.com	Afrihost (AS37611)	1
fastbighost.com	OVH SAS (AS16276)	1
CLOUDFLARENET	NODISTO (AS394727)	1
nacionaldesistemas.com	NETSOURCE (AS22458)	1
1416.mx	IONOS SE (AS8560)	1
Network Information Center Mexico	DIGITALOCEAN-ASN (AS14061)	23
Akamai International B.V.	CARINET (AS10439)	1
pindns.com	NSS S.A. (AS16814)	1
com.mx	AS-VULTR (AS20473)	7
firstcolo GmbH	firstcolo GmbH (AS44066)	2
corplci.com	DIMENOC (AS33182)	1
hosttlan.com	NETWORK-SOLUTIONS-HOSTING (AS19871)	1
polar.mx	LIQUIDWEB (AS32244)	1
flinkhost.net	UNIFIEDLAYER-AS-1 (AS46606)	2
ford.com	GOOGLE-CLOUD-PLATFORM (AS396982)	2
sys-inter.net	SOFTLAYER (AS36351)	2
IONOS SE	MICROSOFT-CORP-MSN-AS-BLOCK (AS8075)	26
akkyhosting2.mx	Wix.com Ltd. (AS58182)	1
srvdnsext.	MICROSOFT-CORP-MSN-AS-BLOCK (AS8075)	1
orgasmic.net	Hetzner Online GmbH (AS24940)	1
domainoo.fr	Planet Service SARL (AS61168)	37
trigoscoot.mx	Hetzner Online GmbH (AS24940)	1
NetActuate, Inc	SALESFORCE (AS14340)	27
AMAZON-AES	AMAZON-02 (AS16509)	2
rsalinas.mx	NOCIX (AS33387)	1
GANDI SAS	ICM Netsystems 2005 SL (AS197876)	1
gi-svr.com	PRIVATESYSTEMS (AS63410)	2
lembrands.com	SERVERCENTRAL (AS23352)	1
MICROSOFT-CORP-MSN-AS-BLOCK	LINKEDIN (AS14413)	1
controldeservidor.com	Grupo Loading Systems, S.L. (AS198066)	7
Triara.com S.A. de C.V.	MICROSOFT-CORP-MSN-AS-BLOCK (AS8075)	13
bellbit.com	OVH SAS (AS16276)	1
Triara.com S.A. de C.V.	DREAMHOST-AS (AS26347)	3
spartansofthouse.com	UNIFIEDLAYER-AS-1 (AS46606)	1
publissoft.com	IWEB-AS (AS32613)	1
r4l.com	OVH SAS (AS16276)	8
wembix.com	SERVERCENTRAL (AS23352)	1
caracteres.mx	UNIFIEDLAYER-AS-1 (AS46606)	2
negonet.mx	APYLI-AS (AS53628)	3
Host Europe GmbH	SH.cz s.r.o. (AS39392)	2
edec.mx	MULTA-ASN1 (AS35916)	1
nodefield.net	Suomi Communications Oy (AS16302)	1
mctechosting.com	UNIFIEDLAYER-AS-1 (AS46606)	4
webhostinghub.com	IMH-IAD (AS54641)	19
supremepanel.com	CLOUDFLARENET (AS13335)	4
active.com	CARINET (AS10439)	1
tecsom.mx	UNIFIEDLAYER-AS-1 (AS46606)	3
tripleparhosting.com	A2HOSTING (AS55293)	3
Network Information Center Mexico	UNINET (AS8151)	19
restaurante-save.mx	ORACLE-BMC-31898 (AS31898)	1
meditex.es	Telefonica De Espana S.a.u. (AS6813)	1
net.mx	AMAZON-AES (AS14618)	2
NUCDN	JETWASN (AS47054)	1
NSONE	FASTLY (AS54113)	10
soulandblues.mx	AS-26496-GO-DADDY-COM-LLC (AS26496)	1
aztecaservicios.mx	TV Azteca, S.A.B. de C.V. (AS28517)	8
1com.mx	AS17378 (AS17378)	4
24SHELLS	24SHELLS (AS55081)	10
BIZLAND-SD	Tu Casa Inalambrica de Mexico (AS263157)	1
K Media Tech Ltd.	K Media Tech Ltd. (AS210250)	18
Network Information Center Mexico	AS-VULTR (AS20473)	6
grupoplexon.com	PRIVATESYSTEMS (AS63410)	3
LDSCHURCH1	LDSCHURCH1 (AS19648)	14
suempresa.com	GOOGLE-CLOUD-PLATFORM (AS396982)	2
lozano.technology	AMAZON-02 (AS16509)	2
PRIVATESYSTEMS	OVH SAS (AS16276)	1
CLOUDFLARENET	Domain names registrar REG.RU, Ltd (AS197695)	1
virgit.com	NETWORK-SOLUTIONS-HOSTING (AS19871)	2
INMOTION	INMOTION (AS22611)	27
nominalia.com	Hetzner Online GmbH (AS24940)	1
Sixsigma Networks Mexico, S.A. de C.V.	CLOUDFLARENET (AS13335)	1
afraid.org	UNINET (AS8151)	13
NETSOURCE	NETSOURCE (AS22458)	5
lemarit.de	Deutsche Telekom AG (AS3320)	1
cleardigitalvision.com	SERVERCENTRAL (AS23352)	4
sitioe.com	LIQUIDWEB (AS53824)	3
UNIFIEDLAYER-AS-1	NETWORK-SOLUTIONS-HOSTING (AS19871)	9
Network Information Center Mexico	AUTOMATTIC (AS2635)	3
Akamai Connected Cloud	LEASEWEB-USA-PHX (AS19148)	2
mitalteli.com	CYBERCON (AS7393)	8
ipcom GmbH	Datacenter Luxembourg S.A. (AS24611)	12
com.br	CLARO S.A. (AS4230)	1
seisco.mx	AS17378 (AS17378)	3
SECURITYSERVICES	AGARIK SAS (AS16128)	1
coparmexdigital.com	OVH SAS (AS16276)	1
INCAPSULA	Sixsigma Networks Mexico, S.A. de C.V. (AS22011)	1
hostgator.com	SQUARESPACE (AS53831)	6
com.mx	SINGLEHOP-LLC (AS32475)	16
GOOGLE	PC ONLINE (AS270179)	2
DIGICERT	GOOGLE-CLOUD-PLATFORM (AS396982)	2
NUCDN	Babiel GmbH (AS198913)	3
adolopez.net	GLOBALCOMPASS (AS22653)	3
akkyhosting2.mx	LIQUIDNETLTD1 (AS14555)	26
my-tss.com	PERFORMIVE (AS46562)	3
drdavidmerino.com	AS17378 (AS17378)	3
SECURITYSERVICES	ATT-INTERNET4 (AS7018)	6
interlake.mx	UTSG-30139 (AS30139)	1
AMAZON-02	KDDI Web Communications Inc. (AS9597)	1
sillycruds.com	CLOUDFLARENET (AS13335)	1
asesoresprofesionales.mx	IONOS SE (AS8560)	1
ids-mkt-digital.com	SERVERCENTRAL (AS23352)	1
hostsense.mx	PRIVATESYSTEMS (AS63410)	1
NETWORK-SOLUTIONS-HOSTING	AS17378 (AS17378)	1
webgeekenterprises.com	LIQUIDWEB (AS32244)	1
catomhosting.com	NETWORK-SOLUTIONS-HOSTING (AS19871)	2
petfood.mx	STEADFAST (AS32748)	1
Host Europe GmbH	Auxilium S.r.l. (AS205926)	1
AMAZON-02	UNIFIEDLAYER-AS-1 (AS46606)	12
CLOUDFLARENET	Invermae Solutions SL (AS213005)	2
SECURITYSERVICES	VPSDATACENTER (AS40819)	5
idnt.de	HKN GmbH (AS12676)	1
3dbaremetalcloud.com	IOFLOOD (AS53755)	3
SECURITYSERVICES	DREAMHOST-AS (AS26347)	3
akkyhosting27.mx	CLOUDFLARENET (AS13335)	1
HURRICANE	IENTC S DE RL DE CV (AS28458)	6
Host Europe GmbH	NEOCITIES (AS395409)	1
dynu.com	TOTAL PLAY TELECOMUNICACIONES SA DE CV (AS22884)	2
Host Europe GmbH	AS17378 (AS17378)	42
jimdo-server.com	InterNetX GmbH (AS15456)	2
lypmultimedios.tv	AS17378 (AS17378)	1
ipcom GmbH	MICROSOFT-CORP-MSN-AS-BLOCK (AS8075)	11
CLOUDFLARENET	ZONER a.s. (AS34222)	1
teletrade-dj.com	Hetzner Online GmbH (AS24940)	1
Akamai International B.V.	LENOVO-NET (AS20111)	10
elegance-jewelry.mx	IONOS SE (AS8560)	1
top-brand.mx	NETWORK-SOLUTIONS-HOSTING (AS19871)	15
cloudns.net	GOOGLE (AS15169)	3
accenture.com	GANDI SAS (AS29169)	1
IONOS SE	A2HOSTING (AS55293)	2
SECURITYSERVICES	FRONTIER (AS7311)	1
hover.com	CLOUDFLARENET (AS13335)	5
IONOS SE	Konecta de Mexico, S. de R.L. de C.V. (AS262913)	4
hostspacemexico.com	DIGITALOCEAN-ASN (AS14061)	2
ipcom GmbH	Metaregistrar B.V. (AS42585)	12
HURRICANE	Hetzner Online GmbH (AS213230)	5
yow.mx	CLOUDFLARENET (AS13335)	1
Host Europe GmbH	VPSDATACENTER (AS40819)	10
CLOUDFLARENET	MULTA-ASN1 (AS35916)	2
altair-travel.net	Hetzner Online GmbH (AS24940)	1
Universidad Nacional Autonoma de Mexico	DIGITALOCEAN-ASN (AS14061)	1
proyectosmwc.com	UNIFIEDLAYER-AS-1 (AS46606)	1
Host Europe GmbH	DACEN-2 (AS31863)	4
dianacano.com	SINGLEHOP-LLC (AS32475)	3
veobox.net	UNIFIEDLAYER-AS-1 (AS46606)	4
xhells.org	PRIVATESYSTEMS (AS63410)	2
net.mx	Redes y Comunicaciones de Michoacan S.A. de C.V. (AS263127)	3
agenciawebguadalajara.com	NAMECHEAP-NET (AS22612)	2
incrementaweb.com	SERVERCENTRAL (AS23352)	3
AMAZON-02	OMNIS (AS19237)	2
Triara.com S.A. de C.V.	Alestra, S. de R.L. de C.V. (AS11172)	2
SECURITYSERVICES	DATACHAMBERS (AS29765)	2
Host Europe GmbH	LEASEWEB-USA-WDC (AS30633)	3
Network Information Center Mexico	A2HOSTING (AS55293)	5
akkyhosting19.mx	LIQUIDNETLTD1 (AS14555)	35
abugaber.com	LIQUIDWEB (AS32244)	2
sarms.mx	AS-VULTR (AS20473)	1
SECURITYSERVICES	OPTIMAS-SOLUTIONS (AS400697)	1
FACEBOOK	FACEBOOK (AS32934)	9
targetmkt-dns.com	SINGLEHOP-LLC (AS32475)	1
Host Europe GmbH	LIQUIDNETLTD1 (AS14555)	4
ilkari.tech	Team Internet AG (AS61969)	2
opisa.mx	LIQUIDWEB (AS32244)	1
snhdns.com	TOTALCHOICE-HOSTING (AS16556)	3
diosesdemexico.com	UNIFIEDLAYER-AS-1 (AS46606)	1
WHG Hosting Services Ltd	WHG Hosting Services Ltd (AS14670)	6
Network Information Center Mexico	DIMENOC (AS33182)	2
cloudns.net	DIMENOC (AS33182)	3
AS17378	SQUARESPACE (AS53831)	13
Equinix (EMEA) Acquisition Enterprises B.V.	Equinix (EMEA) Acquisition Enterprises B.V. (AS15830)	5
Host Europe GmbH	Advania Island ehf (AS50613)	1
SECURITYSERVICES	ABBVIE (AS62763)	6
grainger.com	AKAMAI-AS (AS16625)	1
one.com	CLOUDFLARENET (AS13335)	1
Network Information Center Mexico	LINKED STORE BRASIL CRIACAO E DESENVOL DE SOFTWARE (AS273584)	12
coelin.mx	IONOS SE (AS8560)	1
zoneedit.com	UNINET (AS8151)	4
jpmorganchase.com	JPMORGAN-AS3486 (AS3486)	2
AS-VULTR	AS-30083-US-VELIA-NET (AS30083)	2
managed-ip.com	Hetzner Online GmbH (AS24940)	3
LIMESTONENETWORKS	LIMESTONENETWORKS (AS46475)	11
rusty.mx	CLOUDFLARENET (AS13335)	1
hostingmultiple.info	DIMENOC (AS33182)	3
GANDI SAS	Hetzner Online GmbH (AS24940)	3
GOOGLE	NAMECHEAP-NET (AS22612)	6
deacero.com	CLOUDFLARENET (AS13335)	1
unknown	IS-AS-1 (AS19318)	12
SECURITYSERVICES	Axtel, S.A.B. de C.V. (AS6503)	5
OVH SAS	AMAZON-AES (AS14618)	10
checkdomain.de	Hetzner Online GmbH (AS24940)	17
PONYNET	Wildcard UK Limited (AS34119)	4
ipcom GmbH	Alibaba US Technology Co., Ltd. (AS45102)	1
t1mexico.net	UNIFIEDLAYER-AS-1 (AS46606)	2
ctics.host	UNIFIEDLAYER-AS-1 (AS46606)	1
ATT-INTERNET4	AS17378 (AS17378)	1
hostingpalvelu.fi	UpCloud Ltd (AS202053)	1
peltre.mx	CONSORTIA TIC S. DE R.L. DE C.V. (AS265556)	1
akkyhosting5.mx	Wix.com Ltd. (AS58182)	1
Network Information Center Mexico	UNIFIEDLAYER-AS-1 (AS46606)	14
tecmm.mx	COEFICIENTE COMUNICACIONES (AS265524)	1
LIQUIDWEB	LIQUIDWEB (AS53824)	57
thelandingmakers.com	NTHL (AS11042)	4
phase8.net	Team Blue Internet Services Uk Limited (AS8622)	10
ngic.com	NGIC-COMM (AS22221)	1
HVC-AS	DIGITALOCEAN-ASN (AS14061)	2
PLANETHOSTER-8	PLANETHOSTER-8 (AS53589)	12
caerussolutions.net	AMAZON-02 (AS16509)	2
accuwebhosting.com	WEHOSTWEBSITES-COM (AS30475)	2
mediacomm.it	Net & Com s.r.l. (AS6831)	1
com.mx	Operadora de Rastreos UDA, S.A. de C.V. (AS28567)	4
alfahosting.info	Hetzner Online GmbH (AS24940)	1
esden.es	UpCloud Ltd (AS202053)	1
vanemonroe.com	UNIFIEDLAYER-AS-1 (AS46606)	1
GANDI SAS	Contabo GmbH (AS51167)	1
Akamai Connected Cloud	AS17378 (AS17378)	1
Hetzner Online GmbH	AMAZON-02 (AS16509)	9
com.br	Cloudflare London, LLC (AS209242)	9
topenergy.mx	OVH SAS (AS16276)	1
UK-2 Limited	UK-2 Limited (AS13213)	15
SECURITYSERVICES	Rackspace Ltd. (AS15395)	5
Akamai Connected Cloud	GOOGLE (AS15169)	3
oportunidadesenpropiedades.com	NETWORK-SOLUTIONS-HOSTING (AS19871)	2
socialite.mx	AS17378 (AS17378)	1
supremedns.com	UK Dedicated Servers Limited (AS42831)	5
oceanusint.com	GO-DADDY-COM-LLC (AS398101)	2
ns14.net	hostNET Medien GmbH (AS34895)	1
rackspace.com	RMH-14 (AS33070)	10
mayantrend.mx	WHG Hosting Services Ltd (AS14670)	1
CLOUDFLARENET	FLY (AS40509)	3
SECURITYSERVICES	OVH SAS (AS16276)	22
stabletransit.com	SUCURI-SEC (AS30148)	3
andoci.mx	OVH SAS (AS16276)	1
onicrom.com	RACK-AND-DATA (AS55053)	1
GOOGLE	LINKED STORE BRASIL CRIACAO E DESENVOL DE SOFTWARE (AS273584)	27
t2s.mx	LIQUIDWEB (AS32244)	1
NETWORK-SOLUTIONS-HOSTING	AMAZON-AES (AS14618)	19
uhost.mx	SHOCK-1 (AS395092)	4
net.mx	COGECO-PEER1 (AS13768)	2
radiosysmx.info	NETWORK-SOLUTIONS-HOSTING (AS19871)	3
dealeron.com	FASTLY (AS54113)	2
ciberlexusa.com	HOSTDUPLEX (AS54555)	1
accenture.com	Cloudflare London, LLC (AS209242)	1
gvd.mx	MULTA-ASN1 (AS35916)	1
PAIR-NETWORKS	AMAZON-AES (AS14618)	1
websupport.hu	WebSupport s.r.o. (AS51013)	2
dtnt.info	Bezeq International Ltd. (AS8551)	5
centromedicodelnino.mx	LIQUIDWEB (AS32244)	1
vargasbranding.com	HOSTWINDS (AS54290)	1
Grupo Sys4net, S.l.	Grupo Sys4net, S.l. (AS202054)	3
Host Europe GmbH	GIGASNET-AS (AS27640)	5
AS17378	Wix.com Ltd. (AS58182)	29
druryhotels.com	DRURYHOTELS (AS46760)	1
nok.mx	SERVERCENTRAL (AS23352)	1
proyecto3.mx	WHG Hosting Services Ltd (AS14670)	1
CLOUDFLARENET	RAILWAY (AS400940)	4
artefoto.mx	IONOS SE (AS8560)	1
wizhosting.com	AS-30083-US-VELIA-NET (AS30083)	1
AUTOMATTIC	WEEBLY (AS27647)	1
linode.com	MICROSOFT-CORP-MSN-AS-BLOCK (AS8075)	1
acerosroj.mx	LIQUIDWEB (AS32244)	1
solucionesexpertas.com	SERVERCENTRAL (AS23352)	1
mundodemujeres.com	WEHOSTWEBSITES-COM (AS30475)	2
com.br	DIGITALOCEAN-ASN (AS14061)	4
z-ns.net	Hetzner Online GmbH (AS24940)	5
adopteunmec.com	LEVEL3 (AS3356)	4
servercimeira5.com	WHG Hosting Services Ltd (AS36218)	1
elementocero.xyz	UNIFIEDLAYER-AS-1 (AS46606)	1
SECURITYSERVICES	AXA-GROUP-OPERATIONS (AS397993)	3
jh-mills.com	UNIFIEDLAYER-AS-1 (AS46606)	2
GOOGLE	Hetzner Online GmbH (AS212317)	1
sedgwick.com	FNIS (AS18434)	1
eapps.com	Cloudflare London, LLC (AS209242)	8
glipac.ch	PlusServer GmbH (AS61157)	1
dig.com	DISNEYONLINE-AS (AS8137)	5
Akamai International B.V.	AMAZON-AES (AS14618)	4
galber.com	NETWORK-SOLUTIONS-HOSTING (AS19871)	2
Dattatec.com	CLOUDFLARENET (AS13335)	9
cide.mx	UNINET (AS8151)	1
NETWORK-SOLUTIONS-HOSTING	Hostinger International Limited (AS47583)	6
danfer.mx	UNIFIEDLAYER-AS-1 (AS46606)	2
VITAL-DNS	SCONTINUIDAD LATAM, S.A. DE C.V. (AS270124)	1
prioritywebs.com	WHG Hosting Services Ltd (AS14670)	3
co.uk	Enflow B.V. (AS209626)	1
sitios.im	CLOUDFLARENET (AS13335)	2
bim.mx	AMAZON-AES (AS14618)	1
corporativoinformatico.com	NETWORK-SOLUTIONS-HOSTING (AS19871)	3
com.mx	WHG Hosting Services Ltd (AS14670)	21
Signet B.V.	Akamai Connected Cloud (AS63949)	1
iptwins.com	Optimizely AB (AS30811)	2
manufacturing-mexico.mx	AS17378 (AS17378)	4
LIQUIDWEB	IONOS SE (AS8560)	4
NUCDN	DIGITALOCEAN-ASN (AS14061)	3
sesodi.com	NETWORK-SOLUTIONS-HOSTING (AS19871)	1
somosstreaming.com	WEBNX (AS18450)	3
rim1.mx	UNIFIEDLAYER-AS-1 (AS46606)	1
IONOS SE	Entidad Publica Empresarial Red.es (AS766)	1
cloudns.net	GO-DADDY-COM-LLC (AS400754)	1
NSONE	AKAMAI-AS (AS16625)	1
Host Europe GmbH	Administracion Nacional de Telecomunicaciones (AS6057)	1
turnkeywebspace.net	TURNKEY-INTERNET (AS40244)	2
CLOUDFLARENET	KPN B.V. (AS1136)	1
leaseweb.nl	LeaseWeb Netherlands B.V. (AS60781)	3
secorp.mx	OVH SAS (AS16276)	3
gastronomiagourmet.mx	IONOS SE (AS8560)	1
Host Europe GmbH	BIGCOMMERCE (AS399566)	4
tramitusa.com	NETWORK-SOLUTIONS-HOSTING (AS19871)	1
com.mx	CORESPACE-DAL (AS54489)	3
dynamixhost.com	Itinsell Cloud SAS (AS34235)	1
AMAZON-02	HWSERVICES-32400 (AS32400)	1
epag.net	Hetzner Online GmbH (AS24940)	3
netfi.mx	GO-DADDY-COM-LLC (AS398101)	1
Host Europe GmbH	BIZLAND-SD (AS29873)	2
cleaners-1.mx	AS-VULTR (AS20473)	1
AUTOMATTIC	Cloudflare London, LLC (AS209242)	7
GOOGLE-CLOUD-PLATFORM	GOOGLE (AS15169)	2
vmicrosistemas.com	WHG Hosting Services Ltd (AS36454)	1
zoneedit.com	Globalways GmbH (AS48918)	1
ediclass.mx	LIQUIDWEB (AS32244)	1
websoport.com	NAMECHEAP-NET (AS22612)	2
roladoras.mx	UNIFIEDLAYER-AS-1 (AS46606)	4
NSONE	Hostinger International Limited (AS47583)	6
MICROSOFT-CORP-MSN-AS-BLOCK	INCAPSULA (AS19551)	5
phase8.net	Dreamscape Networks Limited (AS38719)	1
register.it	Keliweb S.R.L (AS202675)	1
CLOUDFLARENET	INBTEL SA DE CV (AS265586)	3
IONOS SE	Gigas Hosting S.A. (AS57286)	1
HURRICANE	AMAZON-AES (AS14618)	2
Hetzner Online GmbH	Artnet Sp. z o.o. (AS200088)	1
bienvenidohosting.com	Hetzner Online GmbH (AS24940)	3
winhost.com	HOSTCOLLECTIVE (AS14415)	11
CLOUDFLARENET	HUAWEI CLOUDS (AS136907)	11
SECURITYSERVICES	TCIS (AS22747)	1
OVH SAS	RAMNODE (AS3842)	2
xmhosting.com	NAMECHEAP-NET (AS22612)	1
centos.mx	TEKTONIC (AS55045)	3
GOOGLE	VIETNAM POSTS AND TELECOMMUNICATIONS GROUP (AS135905)	1
Hydra Communications Ltd	Enix Ltd (AS52148)	8
pccofradia.com	NAMECHEAP-NET (AS22612)	2
webo.hosting	Hetzner Online GmbH (AS24940)	2
com.mx	HURRICANE (AS6939)	2
cyon.ch	cyon GmbH (AS47302)	2
pedro-valtierra.com	SOFTLAYER (AS36351)	1
El Corte Ingles S.A.	LIQUIDWEB (AS32244)	1
NSONE	NETWORK-SOLUTIONS-HOSTING (AS19871)	4
rebel.com	AMAZON-02 (AS16509)	1
solucionesdelmar-desarrollo.com	NETWORK-SOLUTIONS-HOSTING (AS19871)	2
servicios3c.mx	AS17378 (AS17378)	1
solinsur.net	Vodafone Ono, S.A. (AS6739)	1
CLOUDFLARENET	HOSTHATCH (AS63473)	2
ametek.com	AMAZON-02 (AS16509)	8
registra.mx	OVH SAS (AS16276)	4
proxi.technology	OVH SAS (AS16276)	4
com.mx	GSAT COMUNICACIONES SA DE CV (AS28503)	4
metropublicidad.mx	NETWORK-SOLUTIONS-HOSTING (AS19871)	1
alora.mx	AS17378 (AS17378)	1
GOOGLE	SERVERCENTRAL (AS23352)	11
TP	TP (AS399522)	9
cloudpit.com	AMAZON-02 (AS16509)	1
DIGICERT	Hostinger International Limited (AS47583)	4
CLOUDFLARENET	HURRICANE (AS6939)	10
GOOGLE	Claranet Limited (AS8426)	1
neubox.net	INFOLINK-MIA (AS15083)	1
tusitiopchosting.com	SOFTLAYER (AS36351)	4
jetthost.net	Wix.com Ltd. (AS58182)	1
rele.mx	OVH SAS (AS16276)	1
CLOUDFLARENET	TZULO (AS11878)	3
AS17378	AS-VULTR (AS20473)	2
ulsa.mx	UNIFIEDLAYER-AS-1 (AS46606)	2
1-1-0-1.net	AS-30083-US-VELIA-NET (AS30083)	1
Network Information Center Mexico	Akamai Connected Cloud (AS63949)	7
ns14.net	Reygers Systemhaus GmbH (AS204252)	1
COGECO-PEER1	Hostinger International Limited (AS47583)	1
edu.mx	AS17378 (AS17378)	1
CLOUDFLARENET	webgo GmbH (AS48324)	3
grupowebhosting.com	SERVERCENTRAL (AS23352)	2
timeweb.org	DIGITALOCEAN-ASN (AS14061)	1
Key-Systems GmbH	OCKNet GmbH (AS210304)	2
imos.net	imos Gesellschaft fuer Internet-Marketing und Online-Services mbH (AS20677)	3
v2nets.com	GRUPO ZGH SPA (AS263702)	1
NETWORK-SOLUTIONS-HOSTING	GO-DADDY-COM-LLC (AS398101)	5
co.uk	IOFLOOD (AS53755)	2
dikel.mx	AS-30083-US-VELIA-NET (AS30083)	1
akkyhosting30.mx	Wix.com Ltd. (AS58182)	1
bzone.it	MICROSOFT-CORP-MSN-AS-BLOCK (AS8075)	1
com.mx	FASTLY (AS54113)	5
refrisistemas.mx	IONOS SE (AS8560)	1
irz42.net	Wieske's Crew GmbH (AS13135)	4
AS-VULTR	CNSQ-AS32298 (AS32298)	4
CLOUDFLARENET	Tilda Publishing Ltd. (AS205282)	4
GOOGLE	WHG Hosting Services Ltd (AS216180)	1
com.br	GOOGLE (AS15169)	4
AMAZON-02	HVC-AS (AS29802)	17
RAMNODE	OVH SAS (AS16276)	1
hostingahorra.com	SHOCK-1 (AS395092)	2
Neue Medien Muennich GmbH	METANET AG (AS21069)	1
lemarit.de	Hetzner Online GmbH (AS24940)	5
ipcom GmbH	F5 Networks SARL (AS35280)	2
visionenweb.com	Hostinger International Limited (AS47583)	1
Netnod AB	INTERNET AG Global Network (AS8495)	1
CLOUDFLARENET	Raiola Networks S.L. (AS56958)	1
CLOUDFLARENET	LVLT-3549 (AS3549)	2
UNIFIEDLAYER-AS-1	GO-DADDY-COM-LLC (AS398101)	2
ONIAAS	CLOUDFLARENET (AS13335)	3
unikaerp.net	DIMENOC (AS33182)	1
ta-cloud.mx	RH & Co. IT Services Ltd (AS205220)	1
da.direct	RELIABLESITE (AS23470)	6
com.br	EVEO S.A. (AS53107)	2
LIQUIDWEB	DIGITALOCEAN-ASN (AS14061)	1
SECURITYSERVICES	IPXO (AS834)	1
ipcom GmbH	British Telecommunications PLC (AS2856)	1
server268.com	ICDSoft Ltd. (AS8739)	2
Host Europe GmbH	WEHOSTWEBSITES-COM (AS30475)	2
SECURITYSERVICES	Babiel GmbH (AS198913)	2
fornex.com	Fornex Hosting S.L. (AS44051)	1
MICROSOFT-CORP-MSN-AS-BLOCK	LIMESTONENETWORKS (AS46475)	2
cloudns.net	AMAZON-02 (AS16509)	8
chemogroup.net	CLOUDFLARENET (AS13335)	1
OVH SAS	Orange Polska Spolka Akcyjna (AS5617)	1
cike.ws	AS-30083-US-VELIA-NET (AS30083)	4
GOOGLE	TRANSTELCO-INC (AS32098)	7
OVH SAS	Beyond.pl sp. z o.o. (AS31229)	1
varialhosting.com	VDC (AS55017)	1
xerox.com	XEROX-WB (AS22390)	15
Fundaments B.V.	Hetzner Online GmbH (AS213230)	2
host-gramatipo.com	NAMECHEAP-NET (AS22612)	4
VITAL-DNS	Mega Cable, S.A. de C.V. (AS13999)	2
eficienciaeconomica.cloud	AMAZON-02 (AS16509)	1
schlundtech.de	Mittwald CM Service GmbH & Co. KG (AS15817)	3
biolive.mx	DIMENOC (AS33182)	1
IONOS SE	DBM-ASN-KC (AS401479)	1
negocell.com	MAJESTIC-HOSTING-01 (AS396073)	2
icondns.net	SSASN2 (AS20454)	5
softsyshosting.com	WEHOSTWEBSITES-COM (AS30475)	2
mxhostingsolutions.net	SERVERCENTRAL (AS23352)	1
netim.net	Fundaments B.V. (AS20559)	1
cubicodeserver.mx	AMAZON-AES (AS14618)	3
wwdh.hu	Hetzner Online GmbH (AS24940)	5
mundotcgp.com	INMOTION (AS22611)	1
CLOUDFLARENET	SSASN2 (AS20454)	5
laotraorilla.mx	IONOS SE (AS8560)	1
Network Information Center Mexico	HUAWEI CLOUDS (AS136907)	1
proyectosmexico.mx	SCONTINUIDAD LATAM, S.A. DE C.V. (AS270124)	1
digimed.mx	OVH SAS (AS16276)	2
estamosalaire.mx	OVH SAS (AS16276)	1
com.mx	LVLT-3549 (AS3549)	9
mg-serdan.mx	HVC-AS (AS29802)	1
Host Europe GmbH	GO-DADDY-COM-LLC (AS398108)	4
Host Europe GmbH	RACKMONK DATACENTERS PRIVATE LIMITED (AS152491)	1
itcentercancun.com	APYLI-AS (AS53628)	2
Host Europe GmbH	WHG Hosting Services Ltd (AS14670)	3
cargas.mx	Alestra Innovacion Digital S de RL de CV (AS28502)	1
DIMENOC	GO-DADDY-COM-LLC (AS398101)	3
takeaway.com	AMAZON-02 (AS16509)	2
morelosenweb.com	UNIFIEDLAYER-AS-1 (AS46606)	1
NSONE	THEOPT-HOU (AS40156)	1
Triara.com S.A. de C.V.	GOOGLE (AS15169)	4
ingeniaoaxaca.com	SERVERCENTRAL (AS23352)	3
Network Information Center Mexico	GO-DADDY-COM-LLC (AS400754)	7
dnssrv.nl	CLDIN B.V. (AS48635)	7
ns14.net	Neue Medien Muennich GmbH (AS34788)	4
NSONE	UNIFIEDLAYER-AS-1 (AS46606)	7
casecorp.com	KYNDR-RTP (AS16734)	1
ahsmx.net	CLOUDFLARENET (AS13335)	1
da.direct	INTERSERVER-LAX (AS26666)	2
audantis.mx	UNINET (AS8151)	1
bigrock.com	UNIFIEDLAYER-AS-1 (AS46606)	2
stabletransit.com	CLOUDFLARENET (AS13335)	6
itocservices.net	MICROSOFT-CORP-MSN-AS-BLOCK (AS8075)	1
com.mx	INCAPSULA (AS19551)	1
puertod.com	NETWORK-SOLUTIONS-HOSTING (AS19871)	3
name-services.com	LIQUIDWEB (AS32244)	1
wsgc.com	AS-WSI-ECOM-WEST (AS17381)	6
com.ar	NTHL (AS11042)	1
dnsiaas.com	MULTA-ASN1 (AS35916)	3
dnsclever.net	PRIVATESYSTEMS (AS63410)	3
joinlist-server2.com	AMAZON-02 (AS16509)	2
avancesoluciones-sistema.com	NAMECHEAP-NET (AS22612)	2
fundacionavanta.org	UNIFIEDLAYER-AS-1 (AS46606)	3
apiname.com	Atak Domain Bilgi Teknolojileri A.S. (AS211401)	3
TIER-NET	Hostinger International Limited (AS47583)	1
GOOGLE	GO-DADDY-COM-LLC (AS398787)	10
cco.mx	DIMENOC (AS33182)	1
com.br	FASTLY (AS54113)	6
e-digitalhosting.net	TOTAL PLAY TELECOMUNICACIONES SA DE CV (AS22884)	2
manifestodns.com	AS-30083-US-VELIA-NET (AS30083)	4
AMAZON-02	AS-30083-US-VELIA-NET (AS30083)	2
SECURITYSERVICES	Mega Cable, S.A. de C.V. (AS13999)	1
CLOUDFLARENET	OWS-NETWORK (AS984)	1
domain24.de	Hetzner Online GmbH (AS24940)	2
peptimax.mx	Triara.com S.A. de C.V. (AS19373)	1
salmonahumado.mx	IONOS SE (AS8560)	1
com.mx	NAMECHEAP-NET (AS22612)	6
SECURITYSERVICES	COGENT-174 (AS174)	7
NUCDN	HDI AG (AS206274)	1
Akamai International B.V.	RCLLTD (AS35955)	1
slim.mx	WII (AS32097)	1
lighting.com	AMAZON-02 (AS16509)	3
pixered.host	UNIFIEDLAYER-AS-1 (AS46606)	1
zygtec.net	MULTA-ASN1 (AS35916)	1
tkntec.mx	NETWORK-SOLUTIONS-HOSTING (AS19871)	1
mayaflow.mx	IONOS SE (AS8560)	1
yellowknifehosting.com	LIQUIDNETLTD1 (AS14555)	7
mijndnsserver.nl	Vancis IP B.V. (AS15879)	1
nabiax.mx	Euskaltel S.A. (AS12338)	1
IONOS SE	velia.net Internetdienste GmbH (AS29066)	1
3ls3rv1d0r.com	UNIFIEDLAYER-AS-1 (AS46606)	3
2makeitwork.nl	Global-e ICT solutions B.V. (AS39591)	1
SECURITYSERVICES	RMH-14 (AS33070)	6
Triara.com S.A. de C.V.	Hetzner Online GmbH (AS24940)	2
Raiola Networks S.L.	Raiola Networks S.L. (AS56958)	6
perf1.com	CLOUDFLARENET (AS13335)	6
Akamai Connected Cloud	PFNL-ASN (AS46208)	1
salazarconsultores.mx	AS17378 (AS17378)	1
SECURITYSERVICES	PlusServer GmbH (AS61157)	2
medmy.mx	LIQUIDWEB (AS32244)	1
marc-cain.net	Hetzner Online GmbH (AS24940)	1
MICROSOFT-CORP-MSN-AS-BLOCK	Instituto Nacional de Estadistica Geografia e Info (AS27673)	4
kachiwomba.com	NETWORK-SOLUTIONS-HOSTING (AS19871)	1
net.mx	AS-VULTR (AS20473)	1
newmarketing.mx	Hostinger International Limited (AS47583)	2
AMAZON-02	IONOS SE (AS8560)	12
stabletransit.com	MICROSOFT-CORP-MSN-AS-BLOCK (AS8075)	18
IONOS SE	DinaHosting S.L. (AS42612)	5
performive.com	PERFORMIVE (AS46562)	1
viveorendain.com	UNIFIEDLAYER-AS-1 (AS46606)	1
paginaswebdf.mx	IWEB-AS (AS32613)	1
stabletransit.com	UNIFIEDLAYER-AS-1 (AS46606)	4
dynamic.mx	GO-DADDY-COM-LLC (AS398101)	1
dataforest.net	dataforest GmbH (AS58212)	1
lizardcreative.mx	NETWORK-SOLUTIONS-HOSTING (AS19871)	3
Host Europe GmbH	Servicios Administrados Mexis, S.A. de C.V. (AS8007)	3
aspirationdns.com	SERVERCENTRAL (AS23352)	3
Network Information Center Mexico	FASTLY (AS54113)	20
CLOUDFLARENET	Netinternet Bilisim Teknolojileri AS (AS51559)	1
dinno.mx	NETWORK-SOLUTIONS-HOSTING (AS19871)	3
jessenlenz.com	Neue Medien Muennich GmbH (AS34788)	1
VITAL-DNS	Mega Cable, S.A. de C.V. (AS262916)	4
netim.net	Hetzner Online GmbH (AS24940)	3
gponcelagos.com	NETWORK-SOLUTIONS-HOSTING (AS19871)	1
Host Europe GmbH	INFOLINK-MIA (AS15083)	1
sivasa.mx	Alestra, S. de R.L. de C.V. (AS11172)	1
e-novanet.mx	LEASEWEB-USA-DAL (AS394380)	1
Axarnet Comunicaciones, S.l.	Axarnet Comunicaciones, S.l. (AS50926)	11
geekcommerce.net	DIMENOC (AS33182)	3
AS-VULTR	RELIABLESITE (AS23470)	6
neubox.net	Axtel, S.A.B. de C.V. (AS6503)	1
SCAAM0001	Host Europe GmbH (AS8972)	7
michemix.mx	LIQUIDWEB (AS32244)	1
centos.mx	ESECUREDATA (AS11831)	9
Host Europe GmbH	TRANSTELCO-INC (AS32098)	22
DIMENOC	FASTLY (AS54113)	3
evoempresarial.com	DIMENOC (AS33182)	3
example.ltd	AS-VULTR (AS20473)	2
CLOUDFLARENET	TIER-NET (AS397423)	1
murueta.mx	IONOS SE (AS8560)	1
demasiserver.com	UNIFIEDLAYER-AS-1 (AS46606)	3
dynu.com	IONOS SE (AS8560)	1
difiza.mx	DIMENOC SERVICOS DE INFORMATICA LTDA (AS53055)	1
le-mon.mx	IONOS SE (AS8560)	1
GOOGLE	AS-26496-GO-DADDY-COM-LLC (AS26496)	22
Host Europe GmbH	Operbes, S.A. de C.V. (AS18734)	8
genetsisdns.net	Genetsis Partners Sl (AS16168)	2
host-n-web.com	NETWORK-SOLUTIONS-HOSTING (AS19871)	1
OVH SAS	Wix.com Ltd. (AS58182)	7
SOFTLAYER	GO-DADDY-COM-LLC (AS400754)	1
stlog.mx	TOTAL PLAY TELECOMUNICACIONES SA DE CV (AS22884)	1
vetshop.mx	DIMENOC (AS33182)	1
whc.ca	GTCOMM (AS36666)	3
linode.com	SWITCH-LTD (AS23005)	1
turtle.zone	PRGMR (AS47066)	1
Host Europe GmbH	SERVERCENTRAL (AS23352)	44
efra.mx	IONOS SE (AS8560)	1
clasificadoscontacto.com	NETWORK-SOLUTIONS-HOSTING (AS19871)	2
Deutsche Telekom AG	Host Europe GmbH (AS34011)	1
DIGICERT	SQUARESPACE (AS53831)	3
lineadns.com	OVH SAS (AS16276)	16
Host Europe GmbH	ZOHO-AS (AS2639)	1
messefrankfurt.com	Hetzner Online GmbH (AS24940)	1
globexdata.com	STACK Infrastructure Switzerland SA (AS21217)	1
5linq.com	DIMENOC (AS33182)	2
IONOS SE	TOTAL PLAY TELECOMUNICACIONES SA DE CV (AS22884)	9
panelmaestro.com	LIQUIDNETLTD1 (AS14555)	6
thundermx.com	UNIFIEDLAYER-AS-1 (AS46606)	1
tick-ts.de	ConnectingBytes GmbH (AS34568)	1
clapbc.mx	Alestra, S. de R.L. de C.V. (AS11172)	1
hospedamemx.com	SCALAHOSTING (AS40476)	1
CLOUDFLARENET	Alestra, S. de R.L. de C.V. (AS11172)	11
ugmexenlinea.com	NETWORK-SOLUTIONS-HOSTING (AS19871)	1
codero.com	MICROSOFT-CORP-MSN-AS-BLOCK (AS8075)	2
ipcom GmbH	AS17378 (AS17378)	2
DIGICERT	AS-VULTR (AS20473)	6
perf1.com	MICROSOFT-CORP-MSN-AS-BLOCK (AS8075)	3
akkyhosting22.mx	AMAZON-02 (AS16509)	1
vikavila.com	NETWORK-SOLUTIONS-HOSTING (AS19871)	4
colt.net	Delticom Ag (AS57533)	1
Sixsigma Networks Mexico, S.A. de C.V.	OVH SAS (AS16276)	1
Host Europe GmbH	ONIAAS (AS40092)	5
YANDEX LLC	P.a.g.m. Ou (AS198068)	1
MICROSOFT-CORP-MSN-AS-BLOCK	BERKA-ASN (AS53398)	7
GOOGLE	WHG Hosting Services Ltd (AS36454)	4
com.mx	LINKED STORE BRASIL CRIACAO E DESENVOL DE SOFTWARE (AS273584)	4
tumblr.com	AUTOMATTIC (AS2635)	2
GANDI SAS	ADELI SAS (AS43142)	1
hazlopresencial.mx	OVH SAS (AS16276)	1
NSONE	IONOS SE (AS8560)	4
digitalinnova.net	DIMENOC (AS33182)	3
tuwebb.net	UNIFIEDLAYER-AS-1 (AS46606)	2
CLOUDFLARENET	STEELCASEINET (AS19236)	2
CLOUDFLARENET	LIMESTONENETWORKS (AS46475)	2
ns14.net	CTS Eventim Solutions GmbH (AS204253)	1
Host Europe GmbH	US-TELEPACIFIC (AS11915)	1
GOOGLE	SKYSILK-02 (AS399334)	2
SECURITYSERVICES	LIQUIDWEB (AS32244)	2
Rackspace Ltd.	SSASN2 (AS20454)	3
dodns.net	united-domains GmbH (AS202108)	23
nameshield.net	Cloudflare London, LLC (AS209242)	1
serverdeaplicaciones.com	PRIVATESYSTEMS (AS63410)	3
streamterium.com	Supporta Interactiva B.V. (AS205316)	1
ANEXIA Internetdienstleistungs GmbH	MICROSOFT-CORP-MSN-AS-BLOCK (AS8075)	1
wakahost.com	NAMEHERO-KCDC (AS399250)	3
netim.net	CLOUDFLARENET (AS13335)	4
Host Europe GmbH	Medela AG (AS51760)	1
swisimex.mx	Wix.com Ltd. (AS58182)	1
drayhost.de	ScaleUp Technologies GmbH & Co. KG (AS29014)	1
heavyrigging.mx	OVH SAS (AS16276)	1
UNIFIEDLAYER-AS-1	GOOGLE-CLOUD-PLATFORM (AS396982)	5
Dattatec.com	LINKED STORE BRASIL CRIACAO E DESENVOL DE SOFTWARE (AS273584)	1
PEPSICO-NA	AFFILIATED (AS13913)	2
second-ns.com	Hetzner Online GmbH (AS24940)	20
hostingtgdns.com	Hetzner Online GmbH (AS24940)	1
psw.net	rh-tec Business GmbH (AS25560)	1
SECURITYSERVICES	LINKED STORE BRASIL CRIACAO E DESENVOL DE SOFTWARE (AS273584)	8
MICROSOFT-CORP-MSN-AS-BLOCK	COGECO-PEER1 (AS13768)	1
org.mx	ORACLE-BMC-31898 (AS31898)	1
CLOUDFLARENET	WHG Hosting Services Ltd (AS36454)	6
co.nz	Dreamscape Networks Limited (AS38719)	1
IS-AS-1	CLOUDFLARENET (AS13335)	3
changed.	AMAZON-AES (AS14618)	1
BRAVO-NET	GOOGLE (AS15169)	1
DEFENSE-NET	BANCO ACTINVER, S.A., INSTITUCION DE BANCA MULTIPLE, GRUPO FINANCIERO ACTINVER (AS272399)	8
tiscomhosting.eu	Totaalnet Internet Works B.V. (AS43190)	2
pony.tel	FASTLY (AS54113)	1
lonex.com	UK Dedicated Servers Limited (AS42831)	5
Grupo Hidalguense de Desarrollo, S.A. de C.V.	Grupo Hidalguense de Desarrollo, S.A. de C.V. (AS28381)	6
Network Information Center Mexico	GOOGLE (AS15169)	20
egregius.mx	Euskaltel S.A. (AS12338)	1
dildong.mx	CLOUDFLARENET (AS13335)	1
Network Information Center Mexico	Megacable Comunicaciones de Mexico, S.A. de C.V. (AS14178)	7
gerritsict.nl	Signet B.V. (AS20857)	1
ggv.mx	CLOUDFLARENET (AS13335)	3
thryvinc-ns.com	CLOUDFLARENET (AS13335)	1
teamnet.de	Teamnet GmbH (AS35062)	1
idcservices.it	Lyntia Networks S.A. (AS8903)	1
UNINET	GIGASNET-AS (AS27640)	1
appstrong.mx	UNIFIEDLAYER-AS-1 (AS46606)	1
servihosting.com	Aire Networks Del Mediterraneo Sl Unipersonal (AS29119)	3
Network Information Center Mexico	Axtel, S.A.B. de C.V. (AS6503)	4
goc.mx	Alestra, S. de R.L. de C.V. (AS11172)	1
cactuz.mx	GO-DADDY-COM-LLC (AS398101)	2
hexanet.fr	Hexanet SAS (AS34863)	1
IWEB-AS	Mega Cable, S.A. de C.V. (AS262916)	1
telmex.com	Triara.com S.A. de C.V. (AS19373)	2
hostnatural100.com	BTU COMUNICACION SA DE CV (AS28399)	1
ipcom GmbH	GOOGLE-CLOUD-PLATFORM (AS396982)	6
tcgweb.mx	NETWORK-SOLUTIONS-HOSTING (AS19871)	1
contraserver.com	SQUARESPACE (AS53831)	1
quicns.cloud	AS-VULTR (AS20473)	9
contecindustrial.com	AMAZON-AES (AS14618)	2
AMAZON-02	Megacable Comunicaciones de Mexico, S.A. de C.V. (AS14178)	7
Tecnocratica Centro de Datos, S.L.	Tecnocratica Centro de Datos, S.L. (AS15954)	6
AMAZON-AES	MICROSOFT-CORP-MSN-AS-BLOCK (AS8075)	8
MICROSOFT-CORP-MSN-AS-BLOCK	Akenes SA (AS61098)	3
eitur.mx	UNIFIEDLAYER-AS-1 (AS46606)	1
Host Europe GmbH	WCD, S.A. DE C.V. (AS265548)	4
mirecargatelcel.com	LIQUIDWEB (AS32244)	2
buddyns.com	Universidad Autonoma Metropolitana (AS3596)	1
privatewp.com	SERVERCENTRAL (AS23352)	1
ORANGEHOST	ORANGEHOST (AS19853)	7
unnico.mx	LIQUIDWEB (AS32244)	1
univeritas.mx	IS-AS-1 (AS19318)	1
ascio.com	DinaHosting S.L. (AS42612)	1
STEADFAST	STEADFAST (AS32748)	2
weboasis.ae	DIGITALOCEAN-ASN (AS14061)	1
SECURITYSERVICES	Greentube GmbH (AS60368)	1
evowhx.com	AS17378 (AS17378)	1
Akamai Connected Cloud	CHANGEIP-01 (AS19557)	1
asurahosting.com	PONYNET (AS53667)	3
Cloud DNS Ltd	SOFTLAYER (AS36351)	6
AMAZON-02	SHARKTECH (AS46844)	2
Host Europe GmbH	ENDTOEND MANAGEMENT S.A. DE CV. (AS270155)	4
Network Information Center Mexico	Operbes, S.A. de C.V. (AS18734)	6
rackspace.com	AMAZON-AES (AS14618)	3
byethost6.org	Wildcard UK Limited (AS34119)	2
HURRICANE	GOOGLE (AS15169)	3
NetActuate, Inc	RACKSPACE (AS27357)	1
SECURITYSERVICES	NL-811-40021 (AS40021)	4
distribuidoradiez.mx	UNIFIEDLAYER-AS-1 (AS46606)	1
CLOUDFLARENET	DNIC-AS-00749 (AS749)	1
flexwebhosting.nl	CLDIN B.V. (AS48635)	1
soedns.net	AS-30083-US-VELIA-NET (AS30083)	1
scannet2.dk	team.blue Denmark A/S (AS48854)	2
cloudns.net	PRIVATESYSTEMS (AS63410)	3
umbranza.com	DIMENOC (AS33182)	3
AMAZON-02	Infobip Limited (AS43009)	2
domainers.de	Vautron Rechenzentrum AG (AS25504)	1
clouding.mx	TOTAL PLAY TELECOMUNICACIONES SA DE CV (AS22884)	3
Network Information Center Mexico	GO-DADDY-COM-LLC (AS398101)	13
SECURITYSERVICES	AS-VULTR (AS20473)	22
arcco.mx	OVH SAS (AS16276)	1
capitalseguros.mx	AS17378 (AS17378)	1
magdalenajalisco.net	CLOUDFLARENET (AS13335)	2
syscon.mx	AS-30083-US-VELIA-NET (AS30083)	1
Network Information Center Mexico	Mexico Red de Telecomunicaciones, S. de R.L. de C.V. (AS13591)	1
ns25.de	Contabo GmbH (AS51167)	4
mivps.net	TIER-NET (AS397423)	1
GANDI SAS	Oxeva SAS (AS39104)	1
markmonitor.com	UUNET (AS701)	1
AMAZON-02	FACHQINTERNET (AS399009)	1
smtransportes.mx	GO-DADDY-COM-LLC (AS398101)	1
olymphost.com	Enix Ltd (AS52148)	1
SkyExchange Internet Access	HUAWEI CLOUDS (AS136907)	2
vtir.net	LEASEWEB-USA-LAX (AS395954)	4
akkyhosting5.mx	NL-811-40021 (AS40021)	2
caeva-hosting.com	AS17378 (AS17378)	4
NUCDN	OVH SAS (AS16276)	9
mann-hummel.com	Deutsche Telekom AG (AS3320)	4
websemilla.com	NETWORK-SOLUTIONS-HOSTING (AS19871)	1
com.mx	KVCNET-2009 (AS395111)	2
devgdlhost.com	WEBNX (AS18450)	1
foxfilm.com	AMAZON-AES (AS14618)	4
enchinga.mx	OVH SAS (AS16276)	1
resellerinterface.de	Hetzner Online GmbH (AS24940)	2
Grupo Sys4net, S.l.	DIGITALOCEAN-ASN (AS14061)	1
gfsrv.net	Gameforge 4D GmbH (AS47195)	16
transresult.net	InterNetX GmbH (AS15456)	1
dtec.mx	NL-811-40021 (AS40021)	1
creceenlaweb.mx	NETWORK-SOLUTIONS-HOSTING (AS19871)	2
Akamai Connected Cloud	Hetzner Online GmbH (AS24940)	1
myplesk.cc	TIER-NET (AS397423)	3
teampromos.mx	AMAZON-AES (AS14618)	1
thundercloud.uk	GOOGLE-CLOUD-PLATFORM (AS396982)	1
LIQUIDWEB	DREAMHOST-AS (AS26347)	1
mksac.mx	SSASN2 (AS20454)	1
mybluehost.me	UNIFIEDLAYER-AS-1 (AS46606)	2
urbaterra.mx	IONOS SE (AS8560)	1
duodns.net	Hetzner Online GmbH (AS24940)	2
iconmedios.com	Hostinger International Limited (AS47583)	3
Hetzner Online GmbH	Vodafone Spain (AS12430)	1
syrahost.com	Dreamscape Networks Limited (AS38719)	3
com.mx	WHG Hosting Services Ltd (AS36454)	2
dnsmx.com	DFW-DATACENTER (AS30277)	9
yuumgo.com	SERVERCENTRAL (AS23352)	1
dugohosting.in	CLOUDFLARENET (AS13335)	1
ANEXIA Internetdienstleistungs GmbH	Team Internet AG (AS61969)	5
widelan.net	UNIFIEDLAYER-AS-1 (AS46606)	3
akkyhosting6.mx	LIQUIDNETLTD1 (AS14555)	21
insurancekingcorporate.com	NETWORK-SOLUTIONS-HOSTING (AS19871)	2
redaction.mx	DIGITALOCEAN-ASN (AS14061)	1
sturmlan.net	Hetzner Online GmbH (AS24940)	1
Host Europe GmbH	BIRD-HOSTING (AS19133)	2
mexiweb.com	NETWORK-SOLUTIONS-HOSTING (AS19871)	1
net.mx	Mexico Red de Telecomunicaciones, S. de R.L. de C.V. (AS13591)	2
name-services.com	Akamai Connected Cloud (AS63949)	2
PONYNET	PONYNET (AS53667)	19
usvx.net	HOSTWINDS (AS54290)	2
nomonkeysmarketing.com	NETWORK-SOLUTIONS-HOSTING (AS19871)	2
asaambiental.mx	Cloudsigma Ag (AS50837)	1
HURRICANE	CROCWEB (AS63068)	1
Host Europe GmbH	Hetzner Online GmbH (AS213230)	9
venezueladns.com	ASN-QUADRANET-GLOBAL (AS8100)	1
internic.ca	AMAZON-AES (AS14618)	2
bcdtravel.com	CSC (AS19574)	1
darkness.mx	WHG Hosting Services Ltd (AS36454)	1
dns1-exagono.	GOOGLE-CLOUD-PLATFORM (AS396982)	8
Soluciones Corporativas IP, SL	MICROSOFT-CORP-MSN-AS-BLOCK (AS8075)	3
sustanciaweb.mx	UNIFIEDLAYER-AS-1 (AS46606)	4
wrdns.it	GOOGLE (AS15169)	1
serverhostgroup.com	AMAZON-02 (AS16509)	1
GOOGLE	WHG Hosting Services Ltd (AS211126)	6
wnhcloudserver.com	DFW-DATACENTER (AS30277)	3
inmotionhosting.com	AMAZON-AES (AS14618)	4
kripton.mx	UNIFIEDLAYER-AS-1 (AS46606)	1
com.mx	MICROSOFT-CORP-MSN-AS-BLOCK (AS8075)	33
hostingmitoluca1.com	AS17378 (AS17378)	2
NetActuate, Inc	CSC (AS19574)	6
rapiwebhost.com	SERVERCENTRAL (AS23352)	3
irivinsu.com	DATABANK-DFW (AS13767)	10
seventhosting.com	NETWORK-SOLUTIONS-HOSTING (AS19871)	3
Triara.com S.A. de C.V.	TOTAL PLAY TELECOMUNICACIONES SA DE CV (AS22884)	3
tamsys.mx	Alestra, S. de R.L. de C.V. (AS11172)	1
DEFENSE-NET	F5 Networks SARL (AS35280)	6
com.mx	HOSTROCKET (AS23535)	3
Host Europe GmbH	Host Europe GmbH (AS8972)	4
audaxis.com	Maehdros S.A. (AS49677)	1
NUCDN	British Telecommunications PLC (AS2856)	1
namehero.com	NAMEHERO-KCDC (AS399250)	18
IONOS SE	Contabo GmbH (AS51167)	8
316studio.mx	NETWORK-SOLUTIONS-HOSTING (AS19871)	1
ticketmania.mx	SERVERCENTRAL (AS23352)	2
Host Europe GmbH	Ddos-guard Ltd (AS57724)	6
CLOUDFLARENET	SK Broadband Co Ltd (AS9318)	1
unknown	AS-COLOCROSSING (AS36352)	4
com.mx	Mexico Red de Telecomunicaciones, S. de R.L. de C.V. (AS13591)	15
setin.com	Newserverlife LLC (AS49791)	3
Bdl Systemes SAS	Bdl Systemes SAS (AS38926)	6
ORACLE-BMC-31898	SUCURI-SEC (AS30148)	1
grupomaken.com	SERVERCENTRAL (AS23352)	2
digyhosting.com	SERVERCENTRAL (AS23352)	4
aztecaservicios.mx	Hostinger International Limited (AS47583)	9
afraid.org	NL-811-40021 (AS40021)	1
Host Europe GmbH	Heart Internet limited (AS20738)	3
IONOS SE	GO-DADDY-COM-LLC (AS400754)	4
exagono.net	Triara.com S.A. de C.V. (AS19373)	3
afraid.org	SOFTLAYER (AS36351)	8
abaa.mx	AMAZON-02 (AS16509)	1
ibox.red	OVH SAS (AS16276)	2
nixnetworks.mx	AMAZON-AES (AS14618)	9
dnsnetz.com	AMAZON-AES (AS14618)	3
netim.net	DIGITALOCEAN-ASN (AS14061)	3
muchoespacio.net	OVH SAS (AS16276)	3
ivenue.com	MICROSOFT-CORP-MSN-AS-BLOCK (AS8075)	2
MICROSOFT-CORP-MSN-AS-BLOCK	Cloudflare London, LLC (AS209242)	18
mx4.mx	GOOGLE-CLOUD-PLATFORM (AS396982)	1
SOFTLAYER	Axtel, S.A.B. de C.V. (AS6503)	4
corporativoprea.mx	WHG Hosting Services Ltd (AS14670)	1
hostingbarato.org	SERVERCENTRAL (AS23352)	4
cscudns.com	MICROSOFT-CORP-MSN-AS-BLOCK (AS8075)	1
hover.com	TIER-NET (AS397423)	1
Host Europe GmbH	TOPNET SA de CV (AS16531)	1
Host Europe GmbH	RADWARE-CLOUD-SERVICES (AS25773)	2
krystal.uk	Krystal Hosting Ltd (AS12488)	5
guiasur.com	AS17378 (AS17378)	2
operacionesco.com	NETWORK-SOLUTIONS-HOSTING (AS19871)	4
pontual.mx	NETWORK-SOLUTIONS-HOSTING (AS19871)	2
AS17378	GOOGLE (AS15169)	9
creolineserver.com	creoline GmbH (AS205948)	1
GANDI SAS	Scaleway S.a.s. (AS12876)	1
GOOGLE	IMH-IAD (AS54641)	4
udg.mx	Universidad de Guadalajara (AS2549)	1
next.la	NTHL (AS11042)	4
hp.com	AMAZON-02 (AS16509)	3
dmmhosting.com	LIQUIDWEB (AS32244)	1
Network Information Center Mexico	Hosterion Srl (AS43927)	1
all-in-1.com	ALL-IN-1 (AS394912)	2
afraid.org	Wix.com Ltd. (AS58182)	1
wisyhome.mx	OVH SAS (AS16276)	1
serveriai.lt	UAB Interneto vizija (AS212531)	7
CLOUDFLARENET	SINGLEHOP-LLC (AS32475)	12
mangafa.mx	LIQUIDWEB (AS32244)	1
boxzone.mx	SINGLEHOP-LLC (AS32475)	1
twogreenmonkeys.ca	ESECUREDATA (AS11831)	2
NSONE	MICROSOFT-CORP-MSN-AS-BLOCK (AS8075)	10
Key-Systems GmbH	Key-Systems GmbH (AS13246)	6
cloudns.net	AS-26496-GO-DADDY-COM-LLC (AS26496)	1
NUCDN	Host Europe GmbH (AS8972)	1
hostforgesrv.com	AS-30083-US-VELIA-NET (AS30083)	1
exclusivehosting.net	UK Dedicated Servers Limited (AS42831)	4
Host Europe GmbH	home.pl S.A. (AS12824)	1
neubox.net	LINKED STORE BRASIL CRIACAO E DESENVOL DE SOFTWARE (AS273584)	19
3pc.mx	COEFICIENTE COMUNICACIONES (AS265524)	1
tecnoera.com	SERVICIOS INTERNET LTDA (AS22860)	1
mdanegocios.com	UNIFIEDLAYER-AS-1 (AS46606)	1
superdnssite.com	SINGLEHOP-LLC (AS32475)	1
elce.mx	LIQUIDWEB (AS32244)	1
servicioperez.mx	INTERSERVER-LAX (AS26666)	1
netjust.com	Sparkinit S.r.l. (AS39825)	3
rhsoftware.de	M-net Telekommunikations GmbH (AS8767)	2
SECURITYSERVICES	Wix.com Ltd. (AS58182)	3
Host Europe GmbH	SERVER-MANIA (AS55286)	1
sailhan.org	DIMENOC (AS33182)	1
Iomart Cloud Services Limited	Iomart Cloud Services Limited (AS20860)	14
Wildcard UK Limited	Wildcard UK Limited (AS34119)	19
dhn.cl	Servicios Informaticos Hostname Ltda (AS262256)	3
NETWORK-SOLUTIONS-HOSTING	Mega Cable, S.A. de C.V. (AS262916)	2
CLOUDFLARENET	JSC Selectel (AS49505)	4
afraid.org	OVH SAS (AS16276)	1
gitserver3.net	UNIFIEDLAYER-AS-1 (AS46606)	4
SECURITYSERVICES	Access UK Ltd (AS50292)	1
domeny.tv	OVH SAS (AS16276)	2
SkyExchange Internet Access	CLOUDFLARENET (AS13335)	4
teuto.net	teuto.net Netzdienste GmbH (AS212215)	3
widelan.net	GO-DADDY-COM-LLC (AS398101)	1
wandercabins.mx	UNIFIEDLAYER-AS-1 (AS46606)	1
RACKSPACE	Team Internet AG (AS61969)	11
siston.mx	GO-DADDY-COM-LLC (AS398101)	1
medicinaintegradora.mx	Hetzner Online GmbH (AS24940)	1
AMAZON-02	ASACENET1 (AS22878)	8
dns.com	YISU CLOUD LTD (AS136970)	2
pery.com	CLOUDFLARENET (AS13335)	1
hostgator.com	DIGITALOCEAN-ASN (AS14061)	14
com.br	DIMENOC SERVICOS DE INFORMATICA LTDA (AS53055)	2
Triara.com S.A. de C.V.	SQUARESPACE (AS53831)	2
NForce Entertainment B.V.	Green Floid LLC (AS15626)	1
NUCDN	Hetzner Online GmbH (AS24940)	4
GOOGLE-CLOUD-PLATFORM	AMAZON-AES (AS14618)	1
unknown	CLOUDFLARENET (AS13335)	3
IONOS SE	23M GmbH (AS47447)	1
uv.mx	MICROSOFT-CORP-MSN-AS-BLOCK (AS8075)	1
dns-es.com	Lyntia Networks S.A. (AS8903)	1
neubox.net	AS-VULTR (AS20473)	1
yourdomainprovider.net	KPN B.V. (AS1136)	1
siselectron.com	COMCAST-7922 (AS7922)	4
hostmx.mx	NETWORK-SOLUTIONS-HOSTING (AS19871)	3
com.mx	SOFTLAYER (AS36351)	15
neuroniapublications.com	AS17378 (AS17378)	3
smsolucionesweb.com	NETWORK-SOLUTIONS-HOSTING (AS19871)	3
OVH SAS	Ingenierie Informatique Systeme Et Reseau SARL (AS208957)	1
cloudns.net	GOOGLE-CLOUD-PLATFORM (AS396982)	6
AMAZON-02	WHG Hosting Services Ltd (AS209341)	6
mydomain.com	OVH SAS (AS16276)	1
solasweet.mx	TIER-NET (AS397423)	1
IS-AS-1	INTERSERVER-LAX (AS26666)	3
artfiles.de	Artfiles New Media GmbH (AS8893)	2
productosg2.mx	IONOS SE (AS8560)	1
CLOUDFLARENET	CARINET (AS10439)	10
dns-externo.	GOOGLE-CLOUD-PLATFORM (AS396982)	2
rebel.com	AMAZON-AES (AS14618)	3
beetlehosting.com	LIQUIDNETLTD1 (AS14555)	1
iget.marketing	NAMECHEAP-NET (AS22612)	1
NForce Entertainment B.V.	CLOUDFLARENET (AS13335)	1
phdns22.es	Soluciones web on line s.l. (AS201446)	1
quickroutedns.com	ATLANTIC-NET-1 (AS6364)	2
nsroot1.com	CSC (AS19574)	7
plazahost.net	OVH SAS (AS16276)	3
afraid.org	Mega Cable, S.A. de C.V. (AS262916)	3
nicns.net	OVH SAS (AS16276)	4
Network Information Center Mexico	WEEBLY (AS27647)	4
multimarketingonline.com	DIMENOC (AS33182)	1
syl.mx	NETWORK-SOLUTIONS-HOSTING (AS19871)	3
dnstools.nl	Uniserver Internet B.V. (AS31673)	3
hostnet.nl	CLOUDFLARENET (AS13335)	1
dns6tems.com	Euskaltel S.A. (AS12338)	1
mxgeeks.com	DIGITALOCEAN-ASN (AS14061)	1
iti.mx	TOTAL PLAY TELECOMUNICACIONES SA DE CV (AS22884)	3
servidores.im	20i Limited (AS48254)	1
lws-hosting.com	Groupe LWS SARL (AS210403)	1
gigahost.dk	Sentia Denmark A/S (AS16245)	1
gobiernomunicipal.mx	MULTA-ASN1 (AS35916)	1
freyer.mx	DIGITALOCEAN-ASN (AS14061)	1
dobleclic.me	PRIVATESYSTEMS (AS63410)	3
Host Europe GmbH	Television Internacional, S.A. de C.V. (AS11888)	4
redcoahuila.net	NETWORK-SOLUTIONS-HOSTING (AS19871)	1
cenchu.net	AS-COLOCROSSING (AS36352)	1
stabletransit.com	INMOTION (AS22611)	1
digitalisimo.website	NAMECHEAP-NET (AS22612)	3
directnic.com	TP (AS399522)	19
autoagentesms.mx	GOOGLE-CLOUD-PLATFORM (AS396982)	1
unknown	INFOLINK-MIA (AS15083)	2
covaltsolutions.com	NETWORK-SOLUTIONS-HOSTING (AS19871)	4
dominiouno.com	TOPNET SA de CV (AS16531)	3
Triara.com S.A. de C.V.	LIQUIDWEB (AS32244)	1
GOOGLE	GOOGLE-2 (AS19527)	4
cloudnsplus.com	HVC-AS (AS29802)	1
com.au	DREAMHOST-AS (AS26347)	1
CLOUDFLARENET	DEDICATED (AS63018)	1
Akamai Connected Cloud	WEEBLY (AS27647)	2
european-server.com	Combell NV (AS34762)	4
hostingleon.com	UNIFIEDLAYER-AS-1 (AS46606)	1
web-crossing.net	web-crossing GmbH (AS202516)	1
CLDIN B.V.	Accenture B. V. (AS8315)	7
uu.net	SUCURI-SEC (AS30148)	1
com.mx	CROCWEB (AS63068)	3
com.my	OVH SAS (AS16276)	1
AMAZON-02	Previder B.V. (AS20847)	1
orapron.com	ORACLE-BMC-31898 (AS31898)	2
odoo.com	AMAZON-02 (AS16509)	2
CENTURYLINK-US-LEGACY-QWEST	CENTURYLINK-US-LEGACY-QWEST (AS209)	2
estanteriametalica.mx	UNIFIEDLAYER-AS-1 (AS46606)	1
fabulous.com	TP (AS399522)	6
sirte.eu	OVH SAS (AS16276)	2
gcamachos.com	LIMESTONENETWORKS (AS46475)	3
pinterest.com	FASTLY (AS54113)	1
solucionixserver.com	INMOTION (AS22611)	4
SINGLEHOP-LLC	AMAZON-02 (AS16509)	2
bosch.de	Robert Bosch Gesellschaft mit Beschraenkter Haftung (AS9183)	13
org.mx	Alestra, S. de R.L. de C.V. (AS11172)	2
AS17378	UNIFIEDLAYER-AS-1 (AS46606)	3
ntcloudhosting.com	20i Limited (AS48254)	1
inmotionhosting.com	FASTLY (AS54113)	3
NTHL	NL-811-40021 (AS40021)	11
xmusic.mx	MICROSOFT-CORP-MSN-AS-BLOCK (AS8075)	1
tuhostingfacil.com	PRIVATESYSTEMS (AS63410)	2
enios.net	LIQUIDWEB (AS32244)	4
bsoft.com	NETWORK-SOLUTIONS-HOSTING (AS19871)	3
level27.eu	Level 27 BVBA (AS59943)	1
codigodiv.mx	Hostinger International Limited (AS47583)	1
uady.mx	MICROSOFT-CORP-MSN-AS-BLOCK (AS8075)	1
printstore.mx	IONOS SE (AS8560)	1
nube.ninja	WorldStream B.V. (AS49981)	9
mysinerggia.com	IS-AS-1 (AS19318)	1
DIGITALOCEAN-ASN	GNET Internet Telekomunikasyon A.S. (AS42846)	3
iddercom.mx	LIQUIDWEB (AS32244)	1
dnsexit.com	Wix.com Ltd. (AS58182)	1
lomejor20.com	UNIFIEDLAYER-AS-1 (AS46606)	2
DIGICERT	UNINET (AS8151)	10
DinaHosting S.L.	CLOUDFLARENET (AS13335)	4
cdmon.net	CLOUDFLARENET (AS13335)	2
machineasp.net	FIBERSTATE (AS26042)	1
co.uk	CLOUDFLARENET (AS13335)	6
akashield.net	Akamai International B.V. (AS20940)	3
ORACLE-BMC-31898	Alestra, S. de R.L. de C.V. (AS11172)	2
bnamed.eu	AMAZON-02 (AS16509)	3
OVH SAS	Vodafone Italia S.p.A. (AS30722)	1
Servicios Administrados Mexis, S.A. de C.V.	TOTAL PLAY TELECOMUNICACIONES SA DE CV (AS22884)	2
gusadevelopment.com	INMOTION (AS22611)	6
NETWORK-SOLUTIONS-HOSTING	INCAPSULA (AS19551)	1
sitec-mx.mx	CLOUDFLARENET (AS13335)	6
sposabella.mx	Contabo GmbH (AS51167)	1
AMAZON-02	Netsons s.r.l. (AS60087)	1
solatextil.mx	AS17378 (AS17378)	1
akkyhosting25.mx	CLOUDFLARENET (AS13335)	2
AS17378	Aruba S.p.A. (AS31034)	1
ns14.net	GOOGLE-CLOUD-PLATFORM (AS396982)	1
IONOS SE	netcup GmbH (AS197540)	2
siteprotect.com	HWSERVICES-32400 (AS32400)	1
hover.com	SQUARESPACE (AS53831)	4
Host Europe GmbH	Alestra Innovacion Digital S de RL de CV (AS28502)	1
UNREAL-SERVERS	UNREAL-SERVERS (AS64236)	6
NUCDN	WIIT AG (AS24961)	1
AS17378	DIMENOC (AS33182)	1
navidad.mx	AS17378 (AS17378)	1
softme.us	Contabo GmbH (AS51167)	1
SECURITYSERVICES	Alibaba US Technology Co., Ltd. (AS45102)	3
Host Europe GmbH	Team Blue Carrier Limited (AS29550)	1
spltrack.mx	LIQUIDWEB (AS32244)	1
contaboserver.net	Contabo GmbH (AS51167)	1
NetActuate, Inc	AMAZON-AES (AS14618)	9
mric.mx	TIER-NET (AS397423)	1
domeny.tv	Dataspace P.s.a. (AS50599)	15
segasa.mx	IONOS SE (AS8560)	1
com.br	CYBERWEB NETWORKS LTDA (AS28299)	3
ns564440.	OVH SAS (AS16276)	3
CLOUDFLARENET	CSC (AS19574)	5
co.uk	Krystal Hosting Ltd (AS12488)	5
grouphabitat.mx	LIQUIDWEB (AS32244)	1
CLOUDFLARENET	WIIT AG (AS24961)	2
getgo.com	AMAZON-AES (AS14618)	5
synapses.mx	AS-VULTR (AS20473)	1
imagenpoblana.com	IWEB-AS (AS32613)	1
com.mx	Volkswagen AG (AS206618)	1
123ns.de	MICROSOFT-CORP-MSN-AS-BLOCK (AS8075)	2
mgn1.pro	SERVERCENTRAL (AS23352)	1
HURRICANE	WHG Hosting Services Ltd (AS36454)	5
infoselfcloud.com	Infoself Sistemes SL (AS51621)	1
MICROSOFT-CORP-MSN-AS-BLOCK	UNIVERSIDAD AUTONOMA DE TAMAULIPAS (AS7325)	1
inmotionhosting.com	DREAMHOST-AS (AS26347)	1
caribenetworks.com	HVC-AS (AS29802)	1
mercatecnia.com	UNIFIEDLAYER-AS-1 (AS46606)	4
webmiddle.mx	UNIFIEDLAYER-AS-1 (AS46606)	1
intexperts.com	SERVERS-COM (AS7979)	3
yourdomainprovider.net	CLDIN B.V. (AS48635)	4
BIZLAND-SD	FASTLY (AS54113)	2
AS17378	AS-26496-GO-DADDY-COM-LLC (AS26496)	2
ablabs.info	AMAZON-02 (AS16509)	2
perunpro.com	Webtasy, d.o.o. (AS43128)	1
byteshotel.com	NETWORK-SOLUTIONS-HOSTING (AS19871)	2
Host Europe GmbH	AS-30083-US-VELIA-NET (AS30083)	9
dnsexit.com	LIMESTONENETWORKS (AS46475)	1
enlacespyme.net	TOTAL PLAY TELECOMUNICACIONES SA DE CV (AS22884)	1
xymmetrix.net	XYMMETRIX-XYMMETRIX-LLC (AS15144)	1
opengob.mx	DIGITALOCEAN-ASN (AS14061)	4
whdns.co	Akamai Connected Cloud (AS63949)	1
stabletransit.com	SQUARESPACE (AS53831)	3
NETWORK-SOLUTIONS-HOSTING	SERVERCENTRAL (AS23352)	2
cloudpit.com	dogado GmbH (AS8648)	1
estrategiaelectronica.com	SERVERCENTRAL (AS23352)	3
SECURITYSERVICES	GO-DADDY-COM-LLC (AS398101)	8
quiahuiztlan.com	AS40676 (AS40676)	2
calaveria.mx	AS-VULTR (AS20473)	1
shared-servers.com	DATABANK-DFW (AS13767)	2
nurlex.mx	GO-DADDY-COM-LLC (AS398101)	1
imakino.com	UNIFIEDLAYER-AS-1 (AS46606)	1
ANEXIA Internetdienstleistungs GmbH	VITERRA-REGINA (AS46612)	2
hostingshift.net	CLOUDFLARENET (AS13335)	1
PEPSICO-NA	Akamai Connected Cloud (AS63949)	1
MICROSOFT-CORP-MSN-AS-BLOCK	AMAZON-AES (AS14618)	16
Atman Sp. z o.o.	Atman Sp. z o.o. (AS15694)	3
cloudpit.com	Nessus GmbH (AS47692)	3
interdominios.com	Telefonica De Espana S.a.u. (AS3352)	1
regmix.com	Pq Hosting Plus S.r.l. (AS44477)	3
odoo.com	OVH SAS (AS16276)	1
HURRICANE	DIGITALOCEAN-ASN (AS14061)	1
Host Europe GmbH	IMH-IAD (AS54641)	7
canspace.ca	OVH SAS (AS16276)	2
AMAZON-AES	SINGLEHOP-LLC (AS32475)	1
ipcom GmbH	Telmex Chile Internet S.A. (AS6429)	1
pronuoto.com	NETWORK-SOLUTIONS-HOSTING (AS19871)	1
net.mx	Gdlicanet, S.A. de C.V. (AS28408)	5
reidis.com	NETWORK-SOLUTIONS-HOSTING (AS19871)	3
NUCDN	Luxnetwork S.A. (AS29467)	1
NSONE	LIQUIDWEB (AS32244)	1
crescasmx.com	UNIFIEDLAYER-AS-1 (AS46606)	1
CLDIN B.V.	BIT BV (AS12859)	1
NSONE	CONFLUENCE-NETWORK-INC (AS40034)	1
systemdns.com	TUCOWS (AS15348)	7
sys5-inter.net	SOFTLAYER (AS36351)	3
Cyber_Folks S.A.	Cyber_Folks S.A. (AS41079)	4
boostnet.mx	BOOSTNET SA DE CV (AS272400)	1
routing.net	Hosting.de GmbH (AS12574)	2
GOOGLE-CLOUD-PLATFORM	Wix.com Ltd. (AS58182)	1
aone.mx	LIQUIDWEB (AS32244)	1
AS17378	Alestra, S. de R.L. de C.V. (AS11172)	3
Cyberlink AG	Cyberlink AG (AS15623)	8
firmauto.net	MICROSOFT-CORP-MSN-AS-BLOCK (AS8075)	4
compulap.mx	UNIFIEDLAYER-AS-1 (AS46606)	2
MICROSOFT-CORP-MSN-AS-BLOCK	DMNL-ASN-01 (AS401348)	3
Domain names registrar REG.RU, Ltd	Domain names registrar REG.RU, Ltd (AS197695)	11
hosting-mexico.net	SQUARESPACE (AS53831)	2
MCMNET	MCMNET (AS22034)	3
Knipp Medien und Kommunikation GmbH	VegaSystems GmbH & Co. KG (AS34372)	1
CLOUDFLARENET	I LAYER LIMITED (AS137899)	2
dnsip.com	DXTL Tseung Kwan O Service (AS134548)	3
com.mx	Triara.com S.A. de C.V. (AS19373)	5
OVH SAS	AS-VULTR (AS20473)	1
crucialwebhost.com	CRUCIALWEBHOST (AS32647)	3
paginesi.it	OVH SAS (AS16276)	1
register.it	GOOGLE-CLOUD-PLATFORM (AS396982)	3
MICROSOFT-CORP-MSN-AS-BLOCK	BIZLAND-SD (AS29873)	2
amenworld.com	Register S.p.A. (AS39729)	3
incom03.com	NETWORK-SOLUTIONS-HOSTING (AS19871)	3
Akamai International B.V.	Barclays Bank PLC (AS44022)	1
Host Europe GmbH	Krolik Solutions S.A de C.V. (AS265567)	3
chilangoeshop.com	GO-DADDY-COM-LLC (AS398101)	1
andres.mx	SSASN2 (AS20454)	1
xnameserver.de	InterNetworX Management GmbH (AS48596)	1
rackspace.com	Akamai Connected Cloud (AS63949)	3
daganet.net	SERVERCENTRAL (AS23352)	1
conticon.mx	Triara.com S.A. de C.V. (AS19373)	1
SERVERCENTRAL	SINGLEHOP-LLC (AS32475)	8
mxseev.dev	MACARNE (AS64289)	1
inspiraserver.com	SERVERCENTRAL (AS23352)	1
strgtec.com	STRTEC (AS22781)	3
beit.de	BEIT GmbH (AS211784)	1
DIMENOC	Akamai Connected Cloud (AS63949)	1
irondns.de	Adacor Hosting GmbH (AS42442)	1
usvx.net	CLOUDFLARENET (AS13335)	7
vadengroup.mx	AS-26496-GO-DADDY-COM-LLC (AS26496)	1
ch-meta.net	METANET AG (AS21069)	1
cervezasmayoreo.mx	SINGLEHOP-LLC (AS32475)	1
AMAZON-02	IQ PL Sp. z o.o. (AS47544)	1
lintel.mx	NETWORK-SOLUTIONS-HOSTING (AS19871)	1
mundosica.com	SINGLEHOP-LLC (AS32475)	3
medicanuclear.com	UNIFIEDLAYER-AS-1 (AS46606)	1
CLOUDFLARENET	POWER LINE DATACENTER (AS132839)	3
yoursrs.com	UNIFIEDLAYER-AS-1 (AS46606)	1
PC ONLINE	PC ONLINE (AS270179)	7
mexeuropa.com	PRIVATESYSTEMS (AS63410)	3
grupoazor.net	NAMECHEAP-NET (AS22612)	1
cloudmonsters.nl	DIGITALOCEAN-ASN (AS14061)	2
hemo.mx	LIQUIDWEB (AS32244)	1
mktdigitalmx.com	UNIFIEDLAYER-AS-1 (AS46606)	4
tierracero.co	DIGITALOCEAN-ASN (AS14061)	2
wwworld.it	Fastweb (AS12874)	1
bnkcom.net	DIGITALOCEAN-ASN (AS14061)	1
AS-COLOCROSSING	AS-COLOCROSSING (AS36352)	14
server265.com	ICDSoft Ltd. (AS8739)	1
siber.com	HURRICANE (AS6939)	1
CLOUDFLARENET	NOCIX (AS33387)	2
SECURITYSERVICES	WEBINT (AS11989)	1
mirco.mx	IONOS SE (AS8560)	1
pergom.mx	Megacable Comunicaciones de Mexico, S.A. de C.V. (AS14178)	2
bytes24.de	Net-Build GmbH (AS38927)	1
IONOS SE	SUCURI-SEC (AS30148)	2
yarmakconsulting.com	HVC-AS (AS29802)	1
gomex.mx	UNINET (AS8151)	1
IONOS SE	Akenes SA (AS61098)	1
izmocars.net	AMAZON-02 (AS16509)	2
CLOUDFLARENET	DFW-DATACENTER (AS30277)	3
AS17378	OVH SAS (AS16276)	5
nettutos.com	UNIFIEDLAYER-AS-1 (AS46606)	1
gigas.com	Gigas Hosting S.A. (AS57286)	1
nierika.digital	SHOCK-1 (AS395092)	3
Host Europe GmbH	SQUIXA PTY LIMITED (AS136133)	2
CLOUDFLARENET	RELIABLESITE (AS23470)	2
janahost.net	NETWORK-SOLUTIONS-HOSTING (AS19871)	2
dynu.com	Mega Cable, S.A. de C.V. (AS13999)	1
AMAZON-02	Instra Corporation Pty Ltd (AS133104)	4
megaplaza.com	INMOTION (AS22611)	2
kvchosting.com	KVCNET-2009 (AS395111)	2
convencioniece.mx	NETSOURCE (AS22458)	1
webtangible.com	AMAZON-AES (AS14618)	1
ns15.net	InterNetX GmbH (AS15456)	2
NSONE	AS-26496-GO-DADDY-COM-LLC (AS26496)	3
promo.it	Opiquad SRL (AS8855)	3
net2red.mx	PONYNET (AS53667)	1
Host Europe GmbH	Green Floid LLC (AS59729)	6
GOOGLE	LIQUIDWEB (AS32244)	5
Akamai International B.V.	DEERE (AS10846)	3
LIQUIDWEB	AUTOMATTIC (AS2635)	1
unknown	MICROSOFT-CORP-MSN-AS-BLOCK (AS8075)	16
Cloud DNS Ltd	GOOGLE-CLOUD-PLATFORM (AS396982)	8
pportale.pl	NL-811-40021 (AS40021)	3
CLOUDFLARENET	TOTAL PLAY TELECOMUNICACIONES SA DE CV (AS22884)	8
Network Information Center Mexico	Combell NV (AS34762)	3
UNIFIEDLAYER-AS-1	AMAZON-02 (AS16509)	6
rackmarkt.net	SQUARESPACE (AS53831)	2
markmonitor.com	SEEWEB s.r.l. (AS12637)	1
Hangzhou Alibaba Advertising Co.,Ltd.	Alibaba US Technology Co., Ltd. (AS45102)	2
mctechproducciones.com	LIQUIDWEB (AS32244)	4
AMAZON-02	Reevo S.p.A. (AS3242)	1
webhostingpad.com	SERVERCENTRAL (AS23352)	3
shore.mx	LIQUIDWEB (AS32244)	1
hotmarketing.net	A2HOSTING (AS55293)	4
secureserver.net	GOOGLE-CLOUD-PLATFORM (AS396982)	2
formadigital.mx	NETWORK-SOLUTIONS-HOSTING (AS19871)	1
CLOUDFLARENET	TVC-AS1 (AS13536)	1
net.mx	DinaHosting S.L. (AS42612)	2
ICDSoft Ltd.	Hostinger International Limited (AS47583)	1
phdns8.es	Soluciones web on line s.l. (AS201446)	2
AMAZON-02	WHG Hosting Services Ltd (AS216180)	2
Host Europe GmbH	CARINET (AS10439)	4
ibizdns.com	CARINET (AS10439)	1
com.mx	Operbes, S.A. de C.V. (AS18734)	11
markmonitor.com	CSC Administrative Services Limited (AS34922)	1
Akamai Connected Cloud	CLOUDFLARENET (AS13335)	11
tvrey.mx	GOOGLE-CLOUD-PLATFORM (AS396982)	1
qualytech.mx	GO-DADDY-COM-LLC (AS398101)	1
studiovainilla.mx	OVH SAS (AS16276)	3
comsys.mx	IWEB-AS (AS32613)	1
parklogic.com	Akamai Connected Cloud (AS63949)	12
servconfig.com	IOFLOOD (AS53755)	1
conacyt.mx	INCAPSULA (AS19551)	2
prodns.de	IPB Internet Provider in Berlin GmbH (AS20647)	4
IONOS SE	AUTOMATTIC (AS2635)	3
AMAZON-02	IWEB-AS (AS32613)	6
zynch.mx	VPN de Mexico, S.A. de C.V. (AS27683)	1
SERVERCENTRAL	GOOGLE-CLOUD-PLATFORM (AS396982)	3
mapache-tech.com	UNIFIEDLAYER-AS-1 (AS46606)	2
com.mx	TOTAL PLAY TELECOMUNICACIONES SA DE CV (AS22884)	4
akkyhosting13.mx	Wix.com Ltd. (AS58182)	1
adhosting.es	Sysad It Services Sl (AS197483)	2
mideclaranot.com	NETWORK-SOLUTIONS-HOSTING (AS19871)	2
iabserver.net	ATLANTIC-NET-1 (AS6364)	1
CLOUDFLARENET	LIQUIDWEB (AS53824)	2
AMAZON-02	TicMate AB (AS199543)	1
gzo.com	HVC-AS (AS29802)	4
cdmon.net	GOOGLE (AS15169)	6
Host Europe GmbH	RMH-14 (AS33070)	13
CLOUDFLARENET	Contabo Asia Private Limited (AS141995)	2
tecob.com	OVH SAS (AS16276)	1
SOFTLAYER	Akamai Connected Cloud (AS63949)	3
lemarit.de	net.de AG (AS15743)	1
PRIVATESYSTEMS	CLOUDFLARENET (AS13335)	1
hilaryduff.mx	Mega Cable, S.A. de C.V. (AS13999)	1
SECURITYSERVICES	EMERSON-ELECTRIC (AS36590)	1
titodominios.net	OVH SAS (AS16276)	1
speedsixwheels.mx	OVH SAS (AS16276)	1
oncv.mx	Bicentel SA de CV (AS28394)	1
DIGICERT	LIQUIDWEB (AS32244)	2
new-agri.mx	ONIAAS (AS40092)	1
increare.com	SERVERCENTRAL (AS23352)	2
Mexico Red de Telecomunicaciones, S. de R.L. de C.V.	Mexico Red de Telecomunicaciones, S. de R.L. de C.V. (AS13591)	16
PRIVATESYSTEMS	AMAZON-02 (AS16509)	4
readyhosting.com	BIZLAND-SD (AS29873)	3
kreatividads.com	AS17378 (AS17378)	3
laboratorioglio.mx	DIMENOC (AS33182)	1
ATT-INTERNET4	AMAZON-02 (AS16509)	2
codigodinamico.net	OVH SAS (AS16276)	1
psh01uy.net	DIMENOC (AS33182)	2
hoteldedatos.com	IOFLOOD (AS53755)	3
CLOUDFLARENET	Akamai International B.V. (AS20940)	4
plasticingenuity.mx	DIMENOC (AS33182)	1
SOFTLAYER	IONOS SE (AS8560)	3
schlundtech.de	IONOS SE (AS8560)	2
pteinteractive.com	UNIFIEDLAYER-AS-1 (AS46606)	4
DIGITALOCEAN-ASN	GLOBALCOMPASS (AS22653)	6
im.forsale	DIGITALOCEAN-ASN (AS14061)	3
niyoli.com	NETWORK-SOLUTIONS-HOSTING (AS19871)	3
quickclinic.mx	LIQUIDWEB (AS32244)	1
camelbtc.com	NAMECHEAP-NET (AS22612)	1
markmonitor.com	HILTON-E (AS26529)	7
SECURITYSERVICES	Host Europe GmbH (AS34011)	1
irivinsu.com	Datacamp Limited (AS212238)	3
meganameservers.com	INCAPSULA (AS19551)	1
HURRICANE	HURRICANE (AS6939)	1
idqa-dns.com	GOOGLE-CLOUD-PLATFORM (AS396982)	1
alert.sk	CASABLANCA INT a.s. (AS15685)	1
inmotionhosting.com	DIGITALOCEAN-ASN (AS14061)	1
server325.com	ICDSoft Ltd. (AS8739)	1
sdns.xyz	MULTA-ASN1 (AS35916)	1
noris.ch	GOOGLE-CLOUD-PLATFORM (AS396982)	1
bpets.mx	UNIFIEDLAYER-AS-1 (AS46606)	1
servercorme.com	UNIFIEDLAYER-AS-1 (AS46606)	2
net.mx	Mega Cable, S.A. de C.V. (AS13999)	9
NUCDN	CONFLUENCE-NETWORK-INC (AS40034)	5
digitusmx.com	NAMECHEAP-NET (AS22612)	1
SECURITYSERVICES	GO-DADDY-COM-LLC (AS400754)	1
polacocina.com	UNIFIEDLAYER-AS-1 (AS46606)	1
MICROSOFT-CORP-MSN-AS-BLOCK	THEROCKETSCIENCEGROUP (AS14782)	1
tecnedia.com	LIQUIDNETLTD1 (AS14555)	8
AMAZON-02	RADWARE-CLOUD-SERVICES (AS25773)	3
BUNNYWAY, informacijske storitve d.o.o.	Tencent Building, Kejizhongyi Avenue (AS132203)	1
viavoxinteractive.com	AMAZON-02 (AS16509)	1
grupoocupa.mx	UNINET (AS8151)	1
veronicacorzo.com	AMAZON-02 (AS16509)	1
rrbrink.mx	LIQUIDWEB (AS32244)	1
koaladns.com	SERVER-MANIA (AS55286)	2
elitetuxedoserver.com	UNIFIEDLAYER-AS-1 (AS46606)	1
BIZLAND-SD	Hostinger International Limited (AS47583)	1
Host Europe GmbH	MULTA-ASN1 (AS35916)	5
heliohost.org	HURRICANE (AS6939)	1
BUNNYWAY, informacijske storitve d.o.o.	Cloudflare London, LLC (AS209242)	1
todo-para-acupuntura.mx	WHG Hosting Services Ltd (AS14670)	1
code4.world	NETWORK-SOLUTIONS-HOSTING (AS19871)	1
grupocopydata.com	WII (AS32097)	2
arteria.mx	HURRICANE (AS6939)	2
silverbackmx.mx	IONOS SE (AS8560)	1
ssit4.com	NETWORK-SOLUTIONS-HOSTING (AS19871)	2
Host Europe GmbH	WEBNX (AS18450)	6
DIGICERT	UNIFIEDLAYER-AS-1 (AS46606)	15
AHOSTING	CLOUDFLARENET (AS13335)	2
SECURITYSERVICES	Contabo GmbH (AS51167)	6
da.direct	AS17378 (AS17378)	10
suempresa.com	AMAZON-AES (AS14618)	6
simorelos.com	NTHL (AS11042)	2
cienciamx.com	NETWORK-SOLUTIONS-HOSTING (AS19871)	3
xuxomllc.com	SERVERCENTRAL (AS23352)	2
net.mx	Internet Engine, S.A. de C.V. (AS14249)	2
CLOUDFLARENET	NTHL (AS11042)	7
NUCDN	Uniserver Internet B.V. (AS31673)	1
namebay.com	Nameshield SAS (AS20756)	4
theservercluster.com	LeaseWeb Netherlands B.V. (AS60781)	7
ec-is.net	Ecommerce Informatique Services SARL (AS206856)	1
truper.com	Operbes, S.A. de C.V. (AS18734)	7
Soluciones Corporativas IP, SL	Team Internet AG (AS61969)	17
autumnhost.net	WHG Hosting Services Ltd (AS36454)	1
deccsa.mx	LIQUIDWEB (AS32244)	1
bach01.	DREAMHOST-AS (AS26347)	1
crealo.mx	NETWORK-SOLUTIONS-HOSTING (AS19871)	1
com.mx	SERVERPOINT (AS26277)	1
sinerggia2.com	IS-AS-1 (AS19318)	1
name-services.com	RACKSPACE (AS27357)	4
anahuac.mx	Operbes, S.A. de C.V. (AS18734)	1
bajatransfer.com	UNIFIEDLAYER-AS-1 (AS46606)	2
plusserver.com	1&1 Versatel Deutschland GmbH (AS8881)	1
Host Europe GmbH	NAMEHERO-KCDC (AS399250)	4
itesm.mx	DIGITALOCEAN-ASN (AS14061)	1
udlap.mx	INCAPSULA (AS19551)	1
SECURITYSERVICES	netcup GmbH (AS197540)	4
AMAZON-02	SECURITYSERVICES (AS12008)	4
Akamai International B.V.	AMAZON-02 (AS16509)	15
SkyExchange Internet Access	China Mobile communications corporation (AS56046)	1
schlundtech.de	InterNetX GmbH (AS15456)	5
setin.com	ENET-2 (AS10297)	5
NSONE	Alibaba US Technology Co., Ltd. (AS45102)	2
atlasware.mx	IONOS SE (AS8560)	1
CLOUDFLARENET	Aktsiaselts WaveCom (AS34702)	1
whplanet.com	IWEB-AS (AS32613)	1
alive-systems.com	OVH SAS (AS16276)	1
net.mx	SQUARESPACE (AS53831)	2
cristaleriamonaco.mx	LIQUIDWEB (AS32244)	1
Host Europe GmbH	SBAEDGE-603 (AS53264)	1
cancun-hosting.com	NTHL (AS11042)	2
nwc.mx	UNINET (AS8151)	1
taenzer.hosting	Hetzner Online GmbH (AS24940)	1
MICROSOFT-CORP-MSN-AS-BLOCK	IONOS SE (AS8560)	8
fima-hosting.ch	Hosting eXperts Switzerland AG (AS200979)	3
infinitweb.com	DIMENOC (AS33182)	2
SECURITYSERVICES	AUTOMATTIC (AS2635)	3
AMAZON-02	NAMECHEAP-NET (AS22612)	1
Host Europe GmbH	AS40676 (AS40676)	6
dnsexit.com	GOOGLE-CLOUD-PLATFORM (AS396982)	9
NSONE	INTERNAP-BLOCK-4 (AS14742)	1
42.pl	HITME.PL (AS50840)	1
register.be	Combell NV (AS34762)	9
cower.mx	Propelin Consulting S.L.U. (AS45037)	1
RAMNODE	HOST4GEEKS-LLC (AS393960)	3
nicu.de	netcup GmbH (AS197540)	1
hosting-mexico.net	PRIVATESYSTEMS (AS63410)	1
torstdio.website	UNIFIEDLAYER-AS-1 (AS46606)	4
cns-ipicyt.mx	INSTITUTO POTOSINO DE INVESTIGACION CIENTIFICA Y TECNOLOGICA (AS265519)	1
appwebit.at	Nessus GmbH (AS47692)	1
42fu.com	Akamai Connected Cloud (AS63949)	1
akkyhosting7.mx	AMAZON-02 (AS16509)	1
laylo.it	High5! B.V. (AS60131)	1
eurekamktdigital.com	OVH SAS (AS16276)	2
com.br	IONOS SE (AS8560)	2
Network Information Center Mexico	RADWARE-CLOUD-SERVICES (AS25773)	1
401hospedando.info	LIQUIDWEB (AS32244)	2
salud-interactiva.mx	IWEB-AS (AS32613)	1
DIGITALOCEAN-ASN	CLOUDFLARENET (AS13335)	4
ACTIVE 24, s.r.o.	WebSupport s.r.o. (AS51013)	5
Host Europe GmbH	Host Europe GmbH (AS34011)	19
proyecto-x.site	UNIFIEDLAYER-AS-1 (AS46606)	1
creativosblog.com	SERVERCENTRAL (AS23352)	3
enwbhrconsulting.mx	GO-DADDY-COM-LLC (AS398101)	1
ascomsa.mx	AS17378 (AS17378)	2
dnscentralmachine.org	SQUARESPACE (AS53831)	1
truxgo.com	Truxgo S. de R.L de C.V (AS28423)	1
CLOUDFLARENET	UAB Cherry Servers (AS16125)	3
IS-AS-1	Hostinger International Limited (AS47583)	1
avn.mx	Akamai Connected Cloud (AS63949)	1
supporto2.mx	IONOS SE (AS8560)	1
keminetdns.com	Keminet SHPK (AS197706)	1
ionblade.net	OVH SAS (AS16276)	11
tomalish.net	COGENT-174 (AS174)	7
luiskha-mozh.info	DIMENOC (AS33182)	1
ti3r.com	TEKTONIC (AS55045)	1
NUCDN	Soluciones web on line s.l. (AS201446)	1
avasamty.mx	SOFTLAYER (AS36351)	1
markmonitor.com	NUEVA WAL MART DE MEXICO (AS28551)	2
hostnet.nl	BIT BV (AS12859)	1
Host Europe GmbH	GigNet, S.A. de C.V. (AS265547)	1
ipcom GmbH	iptoX GmbH (AS33828)	2
adns2.de	MICROSOFT-CORP-MSN-AS-BLOCK (AS8075)	1
starsatel.mx	Wibo SA de CV (AS265535)	3
zapatati.com	UNIFIEDLAYER-AS-1 (AS46606)	3
aiality.xyz	Mega Cable, S.A. de C.V. (AS13999)	3
vinoc.mx	CLOUDFLARENET (AS13335)	1
Host Europe GmbH	Rackhost Zrt. (AS29278)	1
Network Information Center Mexico	Hetzner Online GmbH (AS213230)	2
datametricspro.com	Mega Cable, S.A. de C.V. (AS262916)	5
factorit.com	HOSTING. (AS265839)	1
zilcamedia.mx	WHG Hosting Services Ltd (AS36454)	3
goth.mx	HVC-AS (AS29802)	1
Akamai Connected Cloud	Hostinger International Limited (AS47583)	2
CLOUDFLARENET	WHG Hosting Services Ltd (AS14670)	3
adominioz.com	IS-AS-1 (AS19318)	1
ipcom GmbH	A2HOSTING (AS55293)	2
OVH SAS	Hetzner Online GmbH (AS213230)	2
serverpoint-dns1.com	SERVERPOINT (AS26277)	1
sictel.com	GIGASNET-AS (AS27640)	1
Safenames Ltd.	MICROSOFT-CORP-MSN-AS-BLOCK (AS8075)	2
com.mx	LIMESTONENETWORKS (AS46475)	7
idss.mx	IONOS SE (AS8560)	1
Host Europe GmbH	XO-AS15 (AS2828)	1
iwantmyname.net	AMAZON-AES (AS14618)	4
MICROSOFT-CORP-MSN-AS-BLOCK	CENTURYLINK-LEGACY-SAVVIS (AS3561)	10
swapdns.com	TIER-NET (AS397423)	1
schlundtech.de	Hetzner Online GmbH (AS24940)	5
acens Technologies, S.L.	F5 Networks SARL (AS35280)	1
AS17378	ESECUREDATA (AS11831)	4
highandbeyond.com	UNIFIEDLAYER-AS-1 (AS46606)	1
publicidaddigital.mx	LIQUIDWEB (AS32244)	1
skysecrets.mx	Alestra, S. de R.L. de C.V. (AS11172)	1
easydns.com	FASTLY (AS54113)	1
WEBNX	OVH SAS (AS16276)	2
dunetechnology.com	NForce Entertainment B.V. (AS43350)	1
pmptravel.mx	OVH SAS (AS16276)	1
HURRICANE	UNINET (AS8151)	6
dnshigh.com	Server Plan S.r.l. (AS52030)	1
GOOGLE	DREAMHOST-AS (AS26347)	6
Host Europe GmbH	CENTURYLINK-US-LEGACY-QWEST (AS209)	5
AS17378	TOTAL PLAY TELECOMUNICACIONES SA DE CV (AS22884)	8
minicoffe.com	SERVERCENTRAL (AS23352)	2
smarthostingmx.com	UNIFIEDLAYER-AS-1 (AS46606)	1
co.uk	Hetzner Online GmbH (AS24940)	5
elearning.mx	Contabo GmbH (AS51167)	1
skillsinnovation.mx	NETWORK-SOLUTIONS-HOSTING (AS19871)	1
grupomo.mx	SERVERPOINT (AS26277)	1
GANDI SAS	CSC (AS19574)	4
inboundmarketing.mx	UNIFIEDLAYER-AS-1 (AS46606)	4
e-novanet.mx	Mega Cable, S.A. de C.V. (AS262916)	1
Stichting DIGI NL	Stichting DIGI NL (AS206281)	2
Host Europe GmbH	NIXVAL (AS13287)	1
ORACLE-BMC-31898	CLOUDFLARENET (AS13335)	9
muplas.mx	TOTAL PLAY TELECOMUNICACIONES SA DE CV (AS22884)	1
Heymman Servers Corporation	Heymman Servers Corporation (AS62164)	6
altrego.mx	MULTA-ASN1 (AS35916)	1
futureweb.at	T-Mobile Austria GmbH (AS8412)	3
GOOGLE	Tilda Publishing Ltd. (AS205282)	2
buddyns.com	OVH SAS (AS16276)	1
MICROSOFT-CORP-MSN-AS-BLOCK	Alestra, S. de R.L. de C.V. (AS11172)	11
laraudio.mx	HVC-AS (AS29802)	1
pwsolutions.mx	LIQUIDWEB (AS32244)	1
sanidentalgroup.com	UNIFIEDLAYER-AS-1 (AS46606)	1
Host Europe GmbH	IWEB-AS (AS32613)	22
arquidiocesismty.org	AS-VULTR (AS20473)	2
pimientastudio.com	GO-DADDY-COM-LLC (AS398101)	1
ssit2.com	NETWORK-SOLUTIONS-HOSTING (AS19871)	2
ANEXIA Internetdienstleistungs GmbH	AMAZON-02 (AS16509)	4
directnic.com	DIMENOC (AS33182)	1
ANEXIA Internetdienstleistungs GmbH	INCAPSULA (AS19551)	1
server271.com	ICDSoft Ltd. (AS8739)	1
QUIC-CLOUD	SINGLEHOP-LLC (AS32475)	1
nortedigital.mx	UNIFIEDLAYER-AS-1 (AS46606)	1
gestionpro.lat	SERVERCENTRAL (AS23352)	4
mserwis.pl	MSERWIS (AS200534)	3
alnexus.mx	UNIFIEDLAYER-AS-1 (AS46606)	1
mtech-usa.com	UNIFIEDLAYER-AS-1 (AS46606)	1
com.mx	GIGASNET-AS (AS27640)	5
cdmon.net	Assetel SA de CV (AS265615)	1
server11.xyz	SERVERCENTRAL (AS23352)	1
avantys.com	Hetzner Online GmbH (AS24940)	1
dinet.mx	LIQUIDWEB (AS32244)	1
CLOUDFLARENET	Tilaa B.V. (AS196752)	1
site4now.net	NL-811-40021 (AS40021)	1
easydns.com	CLOUDFLARENET (AS13335)	1
Universidad Nacional Autonoma de Mexico	UNINET (AS8151)	1
DIGICERT	INFOLINK-MIA (AS15083)	2
diecasting.mx	LIQUIDWEB (AS32244)	1
wayak.mx	UNIFIEDLAYER-AS-1 (AS46606)	1
MICROSOFT-CORP-MSN-AS-BLOCK	Host Europe GmbH (AS21499)	3
totalenergies.biz	CW Vodafone Group PLC (AS1273)	1
akkyhosting14.mx	CLOUDFLARENET (AS13335)	1
CLOUDFLARENET	LUCIDACLOUD LIMITED (AS139659)	1
Host Europe GmbH	Host Europe GmbH (AS21501)	6
MICROSOFT-CORP-MSN-AS-BLOCK	Mittwald CM Service GmbH & Co. KG (AS15817)	1
hyperservers.net	NL-811-40021 (AS40021)	1
SECURITYSERVICES	Sentia Denmark A/S (AS47292)	2
NUCDN	netlogix GmbH & Co. KG (AS206231)	1
gvodns.com	GVO (AS46549)	1
Signet B.V.	Enflow B.V. (AS209626)	1
GANDI SAS	TIM (AS20746)	3
Host Europe GmbH	NODISTO (AS394727)	4
nweb.mx	WII (AS32097)	1
cancun-hosting.com	CLOUDFLARENET (AS13335)	1
oohmedios.com	AMAZON-AES (AS14618)	1
skrool.com	COLT Technology Services Group Limited (AS8220)	1
com.mx	LUMENET COMUNICACIONES S. DE R.L. DE C.V. (AS265531)	1
netim.net	Seflow s.r.l. (AS49367)	1
CLOUDFLARENET	Grupo Sys4net, S.l. (AS202054)	1
SOFTLAYER	GOOGLE-CLOUD-PLATFORM (AS396982)	5
usvx.net	COGECO-PEER1 (AS13768)	5
DIGITALOCEAN-ASN	SQUARESPACE (AS53831)	3
gbc.gmbh	GBC GmbH Internet Service Center Ingenieurgesellschaft fuer Systemsoftware und Kommunikation (AS24766)	2
integrohcm.mx	IONOS SE (AS8560)	1
com.mx	Awareness Software Limited (AS34931)	2
Triara.com S.A. de C.V.	GO-DADDY-COM-LLC (AS398787)	1
artetectonico.mx	LIQUIDWEB (AS32244)	1
MICROSOFT-CORP-MSN-AS-BLOCK	SUCURI-SEC (AS30148)	1
Triara.com S.A. de C.V.	AS17378 (AS17378)	6
dinamicacomputacional.info	ASN-DIS (AS393398)	1
com.mx	LEASEWEB-USA-LAX (AS395954)	1
rclevel.com	NETWORK-SOLUTIONS-HOSTING (AS19871)	1
Host Europe GmbH	Equinix (EMEA) Acquisition Enterprises B.V. (AS15830)	2
hostbuddy.cloud	NL-811-40021 (AS40021)	1
getyourguide.com	CLOUDFLARENET (AS13335)	1
managed-ip.com	AMAZON-02 (AS16509)	3
SECURITYSERVICES	Eviden Netherlands B.V. (AS29063)	1
Host Europe GmbH	NSS S.A. (AS16814)	1
CLOUDFLARENET	TimeWeb LLC (AS9123)	1
CLOUDFLARENET	NUCDN (AS23393)	11
keurigonline.be	CJ2 Hosting B.V. (AS39704)	2
whftl.mx	SOFTLAYER (AS36351)	1
corporationsystem.net	Massivegrid Ltd (AS49683)	1
lander.mx	Alestra, S. de R.L. de C.V. (AS11172)	1
ete.mx	AMAZON-02 (AS16509)	1
avansys.mx	OVH SAS (AS16276)	4
webgomx.com	UNIFIEDLAYER-AS-1 (AS46606)	1
sictel.mx	PEGASO PCS (AS7438)	1
icedns.is	Advania Island ehf (AS50613)	1
com.mx	Wix.com Ltd. (AS58182)	6
nurith.net	UNIFIEDLAYER-AS-1 (AS46606)	3
baruchluna.com	DIMENOC (AS33182)	1
consultores-web5.com	UNIFIEDLAYER-AS-1 (AS46606)	2
markmonitor.com	united-domains GmbH (AS202108)	1
mazdausa.com	RACKSPACE (AS19994)	1
gattuzo.com	Mega Cable, S.A. de C.V. (AS262916)	1
ralexm.cloud	OVH SAS (AS16276)	2
cancanclub.mx	GOOGLE (AS15169)	1
laboratoriosandoci.mx	OVH SAS (AS16276)	1
namebay.com	Claranet Limited (AS8426)	1
LIQUIDWEB	AS17378 (AS17378)	1
inteligenciacanina.com	NETWORK-SOLUTIONS-HOSTING (AS19871)	1
CLOUDFLARENET	NETSOURCE (AS22458)	4
1and1.mx	IONOS SE (AS8560)	2
camymic.top	SERVERCENTRAL (AS23352)	3
taplink.cc	DIGITALOCEAN-ASN (AS14061)	4
solucionixvps.com	NAMECHEAP-NET (AS22612)	3
inin.mx	TRANSTELCO-INC (AS32098)	1
byethost9.org	Wildcard UK Limited (AS34119)	4
canfieldsci.com	CONE (AS62)	1
CLOUDFLARENET	Deutsche Telekom Global Business Solutions GmbH (AS8387)	1
YANDEX LLC	Mega Cable, S.A. de C.V. (AS13999)	1
localhost.localdomain	IONOS SE (AS8560)	1
domains.ch	Sunrise GmbH (AS6730)	2
servers.eu	Uniserver Internet B.V. (AS31673)	2
pasionxviajes.mx	GO-DADDY-COM-LLC (AS398101)	1
acsan.mx	GO-DADDY-COM-LLC (AS398101)	1
Akamai International B.V.	Nestle Nespresso SA (AS48307)	1
koalahosting.xyz	PONYNET (AS53667)	3
aztecaservicios.mx	AMAZON-AES (AS14618)	1
nayaranjamx.com	UNIFIEDLAYER-AS-1 (AS46606)	2
mdsnoc1.net	HOSTWINDS (AS54290)	3
whatahosting.com	HVC-AS (AS29802)	8
smtpservices.mx	IMH-IAD (AS54641)	3
Akamai International B.V.	Alestra, S. de R.L. de C.V. (AS11172)	2
bioclinico.mx	IONOS SE (AS8560)	1
e-os.de	Hetzner Online GmbH (AS24940)	2
biosystem.mx	DIMENOC (AS33182)	1
cloudns.net	RS Advanced Systems S.R.L. (AS12515)	1
servercimeirasupreme3.com	WHG Hosting Services Ltd (AS36218)	1
cpanelhost.cl	SOC. COMERCIAL WIRENET CHILE LTDA. (AS265831)	3
amkta26.com	IS-AS-1 (AS19318)	4
quieromi.com	NTHL (AS11042)	1
CENTURYLINK-US-LEGACY-QWEST	CENTURYLINK-LEGACY-QWEST-SPA-OMAHA (AS4015)	1
distrito-web.net	NETWORK-SOLUTIONS-HOSTING (AS19871)	2
suzukisaltillo.mx	LIQUIDWEB (AS32244)	1
OVH SAS	ATLANTIC-NET-1 (AS6364)	1
speach.mx	IONOS SE (AS8560)	1
hostinger.com	Hostinger International Limited (AS47583)	1
CLOUDFLARENET	Triara.com S.A. de C.V. (AS19373)	3
com.br	MICROSOFT-CORP-MSN-AS-BLOCK (AS8075)	3
jpareservations.net	NETWORK-SOLUTIONS-HOSTING (AS19871)	2
com.mx	INTERSERVER-LAX (AS26666)	1
nanociencias.mx	GO-DADDY-COM-LLC (AS398101)	1
IOFLOOD	HVC-AS (AS29802)	1
zoneedit.com	DIGITALOCEAN-ASN (AS14061)	2
koaladns.com	LeaseWeb Netherlands B.V. (AS60781)	4
mulbin.com	DIGITALOCEAN-ASN (AS14061)	2
AMAZON-02	Retelit Digital Services S.p.A. (AS5602)	1
UNIFIEDLAYER-AS-1	AMAZON-AES (AS14618)	4
serverdpw.net	HVC-AS (AS29802)	2
CLOUDFLARENET	GOOGLE-2 (AS19527)	7
SECURITYSERVICES	PRIVATESYSTEMS (AS63410)	1
tbits.net	TBits.net GmbH (AS51417)	1
futdepot.com	SERVERCENTRAL (AS23352)	1
Cloud DNS Ltd	Wix.com Ltd. (AS58182)	1
seai.mx	LIQUIDWEB (AS32244)	1
CLOUDFLARENET	Cloudie Limited (AS55933)	1
NUCDN	SQUARESPACE (AS53831)	1
mygraceserver.com	Akamai Connected Cloud (AS63949)	2
reporteclick.info	LEASEWEB-USA-WDC (AS30633)	3
cargasegura.mx	Hostinger International Limited (AS47583)	1
interalia.net	AMAZON-02 (AS16509)	1
dehostingfirma.com	ADES BV (AS39637)	1
Servicios Administrados Mexis, S.A. de C.V.	SUCURI-SEC (AS30148)	1
publicisgroupe.com	AMAZON-AES (AS14618)	2
NETWORK-SOLUTIONS-HOSTING	AS-VULTR (AS20473)	3
data-center.com	Hetzner Online GmbH (AS24940)	1
intodomain.net	HVC-AS (AS29802)	2
Network Information Center Mexico	ESECUREDATA (AS11831)	1
com.mx	Hetzner Online GmbH (AS212317)	1
mazdautofinanciamiento.mx	Hetzner Online GmbH (AS24940)	1
estudio1414.com	UNIFIEDLAYER-AS-1 (AS46606)	2
tiimnet.com	NETWORK-SOLUTIONS-HOSTING (AS19871)	1
GMO Internet Group, Inc.	LIQUIDWEB (AS32244)	2
q-ark.mx	UNIFIEDLAYER-AS-1 (AS46606)	1
servidoraweb.net	AMAZON-AES (AS14618)	2
com.mx	WEBNX (AS18450)	4
ns14.net	Vodafone GmbH (AS3209)	1
WEBLINE19	WEBLINE19 (AS29757)	7
hosting-mexico.net	Wix.com Ltd. (AS58182)	2
adigitalmx.net	LIQUIDWEB (AS32244)	1
com.mx	Servnet Mexico, S.A. de C.V. (AS28546)	2
SECURITYSERVICES	NEXCESS-NET (AS36444)	2
abarden.net	WEBHOST-ASN1 (AS27229)	1
NSONE	INCAPSULA (AS19551)	2
123NET	GOOGLE-CLOUD-PLATFORM (AS396982)	1
AMAZON-02	Universidad Autonoma Metropolitana (AS3596)	1
edag.de	Hetzner Online GmbH (AS24940)	1
SINGLEHOP-LLC	GOOGLE-CLOUD-PLATFORM (AS396982)	3
dnsmisitio.net	ZAM LTDA. (AS52368)	4
AB Tetra Pak	CSC (AS19574)	3
NETWORK-SOLUTIONS-HOSTING	LINKED STORE BRASIL CRIACAO E DESENVOL DE SOFTWARE (AS273584)	5
orcemex.com	UNIFIEDLAYER-AS-1 (AS46606)	1
Soluciones Corporativas IP, SL	Telefonica De Espana S.a.u. (AS3352)	1
OVH SAS	IONOS SE (AS8560)	4
EDNS	AMAZON-AES (AS14618)	1
neubox.net	SUCURI-SEC (AS30148)	1
com.mx	TRANSTELCO-INC (AS32098)	3
imandi.info	MULTA-ASN1 (AS35916)	2
lopri.mx	AS17378 (AS17378)	1
AS17378	Contabo GmbH (AS51167)	3
MICROSOFT-CORP-MSN-AS-BLOCK	ASN-FLEXENTIAL (AS13649)	3
ICDSoft Ltd.	Cloudflare London, LLC (AS209242)	1
Host Europe GmbH	COORDINADORA DE CARRIERS, S.A. DE C.V. (AS19332)	4
aippem.es	IONOS SE (AS8560)	1
tuhost.cloud	GLOBAL-IP-NETWORKS (AS7819)	3
openetworks.net	DIGITALOCEAN-ASN (AS14061)	5
VITAL-DNS	WEEBLY (AS27647)	1
host-virtual-reseller.com	Hetzner Online GmbH (AS24940)	1
tags.mx	AMAZON-AES (AS14618)	1
aertecnica.mx	NL-811-40021 (AS40021)	1
pasionxeuropa.mx	GO-DADDY-COM-LLC (AS398101)	1
iptwins.com	CSC Administrative Services Limited (AS34922)	1
BIZLAND-SD	Wix.com Ltd. (AS58182)	1
netgate.com	NETGATE (AS30312)	1
cdmon.net	10dencehispahard, S.L. (AS197712)	14
myscriptcase.host	OVH SAS (AS16276)	1
ivgseguros.com	UNIFIEDLAYER-AS-1 (AS46606)	1
owexxhosting.com	UAB Interneto vizija (AS212531)	1
weiserver.net	Tecnocratica Centro de Datos, S.L. (AS15954)	2
mega00.net	SHOCK-1 (AS395092)	1
cdmon.net	Mega Cable, S.A. de C.V. (AS13999)	3
SCAAM0001	DIGITALOCEAN-ASN (AS14061)	1
com.mx	VWMX-AS (AS3810)	4
a1.net	Telekom Austria (AS8447)	5
techgusa.com	INMOTION (AS22611)	5
com.br	AMAZON-02 (AS16509)	15
actualizandome.net	NAMECHEAP-NET (AS22612)	2
OVH SAS	Aruba S.p.A. (AS31034)	1
com.mx	NETSOURCE (AS22458)	2
nsresponse.com	AS-COLOCROSSING (AS36352)	4
travelmania.mx	AS17378 (AS17378)	2
hostinginterface.eu	Team Internet AG (AS61969)	3
ipcom GmbH	Cloudflare London, LLC (AS209242)	5
cimaspeed.com	DFW-DATACENTER (AS30277)	4
alwaysdata.com	Alwaysdata Sarl (AS60362)	4
casamazatlan.mx	AS17378 (AS17378)	1
register.it	Contabo GmbH (AS51167)	2
oci-sa.fr	Alsace Cloud Informatique SARL (AS61136)	1
cimeira.tech	WHG Hosting Services Ltd (AS36218)	2
NSONE	Hangzhou Alibaba Advertising Co.,Ltd. (AS37963)	2
DinaHosting S.L.	AMAZON-02 (AS16509)	3
Host Europe GmbH	Assetel SA de CV (AS265615)	2
Banco Mercantil del Norte S.A., Institucion de Banca Multiple, Grupo Financiero Banorte	Banco Mercantil del Norte S.A., Institucion de Banca Multiple, Grupo Financiero Banorte (AS11519)	4
cnc1.net	IS-AS-1 (AS19318)	1
ligosmartit.mx	NAMECHEAP-NET (AS22612)	2
infoquesthost.com	INFO-IQTINC (AS11357)	1
Network Information Center Mexico	INCAPSULA (AS19551)	5
magnointernet.com	PONYNET (AS53667)	1
dns-hg.com	OVH SAS (AS16276)	1
ANEXIA Internetdienstleistungs GmbH	ANEXIA Internetdienstleistungs GmbH (AS42473)	3
ascio.com	Register S.p.A. (AS39729)	2
IONOS SE	GOOGLE-2 (AS19527)	1
IONOS SE	AS-26496-GO-DADDY-COM-LLC (AS26496)	1
adacor.net	Adacor Hosting GmbH (AS42442)	1
hotmarketing.name	A2HOSTING (AS55293)	9
elogic.it	Dinova Srl (AS200760)	3
prodisa5.net	AS-COLOCROSSING (AS36352)	3
proyectaserver3.com	NAMECHEAP-NET (AS22612)	2
SECURITYSERVICES	IONOS SE (AS8560)	4
thebigday.mx	UNIFIEDLAYER-AS-1 (AS46606)	1
boosts.mx	NETWORK-SOLUTIONS-HOSTING (AS19871)	1
labomex.mx	Mega Cable, S.A. de C.V. (AS262916)	1
7cloudcomputing.com	UNIFIEDLAYER-AS-1 (AS46606)	2
Nessus GmbH	HOSTISERVER (AS32338)	1
MICROSOFT-CORP-MSN-AS-BLOCK	SQUARESPACE (AS53831)	9
uaslp.mx	UNIVERSIDAD AUTONOMA DE SAN LUIS POTOSI (AS273261)	1
Host Europe GmbH	DFW-DATACENTER (AS30277)	3
beerzone.mx	SINGLEHOP-LLC (AS32475)	1
larestudiocreativo.com	NETWORK-SOLUTIONS-HOSTING (AS19871)	2
CLOUDFLARENET	IOFLOOD (AS53755)	1
commplaza.ws	WHG Hosting Services Ltd (AS14670)	3
rednegocios.host	UNIFIEDLAYER-AS-1 (AS46606)	3
fifthns.com	ANEXIA Internetdienstleistungs GmbH (AS42473)	3
srv-hostalia.com	acens Technologies, S.L. (AS16371)	2
udem.mx	Alestra, S. de R.L. de C.V. (AS11172)	2
gostudios.net	IWEB-AS (AS32613)	2
exxs.net	Hetzner Online GmbH (AS24940)	1
inexio.net	Bradler & Krantz GmbH & Co. KG (AS29141)	1
okdominios.com	OVH SAS (AS16276)	1
maycalab.com	NETWORK-SOLUTIONS-HOSTING (AS19871)	2
yoco.ws	UNIFIEDLAYER-AS-1 (AS46606)	3
gkt.mx	GK TELECOMUNICACIONES (AS28453)	1
fundacionavanta.org	CLOUDFLARENET (AS13335)	1
mathworks.com	MATHWORKS (AS11939)	3
bobo.mx	WHG Hosting Services Ltd (AS14670)	2
s4serv.com	Hetzner Online GmbH (AS24940)	1
td-test.stream	HOSTHATCH (AS63473)	1
INFORM LLC	HLL LLC (AS51115)	1
Host Europe GmbH	ESECUREDATA (AS11831)	1
AS-VULTR	COGECO-PEER1 (AS13768)	2
Host Europe GmbH	HVC-AS (AS29802)	18
naskis.com	WEHOSTWEBSITES-COM (AS30475)	2
nivapixel.com	SERVERCENTRAL (AS23352)	1
com.mx	TIER-NET (AS397423)	1
Host Europe GmbH	TV Rey de Occidente, S.A. de C.V. (AS28378)	5
condomex.mx	DIGITALOCEAN-ASN (AS14061)	1
lenguajevisual.pe	DIMENOC (AS33182)	1
mvmnet.com	Moviement srl (AS49073)	4
prologix.mx	LIQUIDWEB (AS32244)	1
com.ar	Aginet SA (AS52283)	3
multiplexia.lat	DIGITALOCEAN-ASN (AS14061)	1
saturcom.mx	NETWORK-SOLUTIONS-HOSTING (AS19871)	2
CLOUDFLARENET	TWC-11427-TEXAS (AS11427)	1
VITAL-DNS	WHG Hosting Services Ltd (AS36454)	1
supremedns.com	AMAZON-02 (AS16509)	1
LEASEWEB-USA-LAX	SERVERCENTRAL (AS23352)	1
sparomaterapia.com	NETWORK-SOLUTIONS-HOSTING (AS19871)	2
mittymarketing.com	UNIFIEDLAYER-AS-1 (AS46606)	1
Xserver Inc.	Xserver Inc. (AS131965)	2
NUCDN	Hosting.de GmbH (AS48823)	2
ibizmx.com	AS-30083-US-VELIA-NET (AS30083)	2
CENTURYLINK-US-LEGACY-QWEST	AMAZON-02 (AS16509)	1
cinemex.com	DIGICERT (AS16552)	1
web-solutions.dk	Sentia Denmark A/S (AS47292)	2
theservermasters.com	SERVERCENTRAL (AS23352)	2
turbohostingmx.com	UNIFIEDLAYER-AS-1 (AS46606)	1
terniumzintroalum.mx	MICROSOFT-CORP-MSN-AS-BLOCK (AS8075)	1
stabletransit.com	NAMECHEAP-NET (AS22612)	1
savvii.com	CLDIN B.V. (AS48635)	1
psd-server2.com	AS17378 (AS17378)	1
nominalia.com	AMAZON-AES (AS14618)	2
hmcsrv.com	GO-DADDY-COM-LLC (AS398101)	1
dnsexit.com	NETWORK-SOLUTIONS-HOSTING (AS19871)	3
AS40676	UNIFIEDLAYER-AS-1 (AS46606)	6
fmxtech.mx	Alestra, S. de R.L. de C.V. (AS11172)	1
introweb.nl	Vancis IP B.V. (AS15879)	1
alojared.com	OVH SAS (AS16276)	1
sandino.net	OVH SAS (AS16276)	2
nominalia.com	Gigas Hosting S.A. (AS57286)	2
hosting-mexico.net	AMAZON-02 (AS16509)	4
globalfries.mx	IONOS SE (AS8560)	1
ea-technologies.net	SERVERCENTRAL (AS23352)	2
linkear.com	LIQUIDWEB (AS32244)	2
NetActuate, Inc	CLOUDFLARENET (AS13335)	4
Host Europe GmbH	PC ONLINE (AS270179)	1
webcapitalcloud.com	UNIFIEDLAYER-AS-1 (AS46606)	1
simply-bob.de	Hetzner Online GmbH (AS24940)	1
ecocomputer.com	R Cable y Telecable Telecomunicaciones, S.A.U. (AS12946)	2
rdms.mx	LIQUIDWEB (AS32244)	1
markmonitor.com	GOOGLE-CLOUD-PLATFORM (AS396982)	3
GANDI SAS	uvensys GmbH (AS58010)	1
scene.zone	OVH SAS (AS16276)	1
hostinga1.com	OVH SAS (AS16276)	3
NETWORK-SOLUTIONS-HOSTING	FASTLY (AS54113)	3
jima.mx	SERVERCENTRAL (AS23352)	1
infobel.net	DC STAR nv (AS42160)	1
hostingcolor.com	Hetzner Online GmbH (AS24940)	1
nayaa.mx	Contabo GmbH (AS51167)	1
com.mx	GO-DADDY-COM-LLC (AS400754)	5
megalopolis.mx	IONOS SE (AS8560)	1
clubwebpremier.com	UNIFIEDLAYER-AS-1 (AS46606)	4
dssp-dns.com	AS-30083-US-VELIA-NET (AS30083)	2
dnsblizzard.com	Xidras GmbH (AS42557)	1
cloudns.net	CLOUDFLARENET (AS13335)	8
VITAL-DNS	KnownSRV Ltd. (AS200514)	1
146.8	STEADFAST (AS32748)	3
iproject.mx	UNIFIEDLAYER-AS-1 (AS46606)	3
amseguros.mx	UNIFIEDLAYER-AS-1 (AS46606)	1
server311.com	ICDSoft Ltd. (AS8739)	1
coindsa.mx	GO-DADDY-COM-LLC (AS398101)	1
zoneedit.com	Solar Communications GmbH (AS197988)	1
org.mx	TRANSTELCO-INC (AS32098)	1
SECURITYSERVICES	JLL-AM-CHI (AS29954)	1
garzahost.net	NL-811-40021 (AS40021)	1
AMAZON-AES	SQUARESPACE (AS53831)	1
hostbuddy.cloud	Contabo GmbH (AS51167)	3
mkd26pro.com	SERVERCENTRAL (AS23352)	3
dacero.mx	RAMNODE (AS3842)	1
dig.com	AMAZON-02 (AS16509)	20
net.mx	UNINET (AS8151)	1
DIGICERT	LIMESTONENETWORKS (AS46475)	1
akkyhosting10.mx	AMAZON-AES (AS14618)	2
cecra.mx	WHG Hosting Services Ltd (AS211126)	1
HURRICANE	ORACLE-BMC-31898 (AS31898)	1
domain.tld	OVH SAS (AS16276)	1
CLOUDFLARENET	PC ONLINE (AS270179)	3
AMAZON-02	Leica Geosystems AG (AS208065)	2
SECURITYSERVICES	KPN B.V. (AS21286)	1
markmonitor.com	GOOGLE (AS15169)	3
vpls.net	EVOCATIVE-GLOBAL (AS4213)	1
markmonitor.com	SWITCH-LTD (AS23005)	6
redpetroil.mx	IONOS SE (AS8560)	1
SERVERCENTRAL	SUCURI-SEC (AS30148)	1
Akamai Connected Cloud	Alestra, S. de R.L. de C.V. (AS11172)	1
masiagroup.com	IONOS SE (AS8560)	3
IONOS SE	NetActuate, Inc (AS63911)	1
systemdns.com	DIGITALOCEAN-ASN (AS14061)	1
com.mx	NL-811-40021 (AS40021)	7
com.co	AMAZON-AES (AS14618)	2
unknown	AS-KGIX (AS53861)	5
namehero.net	NAMEHERO-KCDC (AS399250)	2
Host Europe GmbH	IOFLOOD (AS53755)	1
escalum.mx	LIQUIDWEB (AS32244)	1
facturaciones.mx	OVH SAS (AS16276)	1
r2kns.com	DIMENOC (AS33182)	2
abbott.com	AMAZON-AES (AS14618)	1
DIGICERT	Megaspace Internet Services GmbH (AS34624)	2
discountasp.net	HOSTCOLLECTIVE (AS14415)	2
GOOGLE	AUTOMATTIC (AS2635)	10
DIGICERT	RACKSPACE (AS19994)	5
acamexapp.com	NL-811-40021 (AS40021)	1
mademex.mx	THEOPT-HOU (AS40156)	1
cgsimedia.com	GO-DADDY-COM-LLC (AS398101)	1
Network Information Center Mexico	AS-26496-GO-DADDY-COM-LLC (AS26496)	5
AMAZON-02	RMH-14 (AS33070)	2
ascio.com	acens Technologies, S.L. (AS16371)	1
meganameservers.eu	AMAZON-02 (AS16509)	1
kubocloud.com	AS-VULTR (AS20473)	3
CLOUDFLARENET	NIXVAL (AS13287)	3
sanbar.mx	IONOS SE (AS8560)	1
neondns.com	Hetzner Online GmbH (AS24940)	1
itesm.mx	INCAPSULA (AS19551)	3
OVH SAS	Scaleway S.a.s. (AS12876)	2
panalinkinfotech.com	Iomart Managed Services Limited (AS35425)	1
AMAZON-02	CENTURYLINK-LEGACY-SAVVIS (AS3561)	2
memeconsulting.mx	WHG Hosting Services Ltd (AS211126)	1
CLOUDFLARENET	1&1 Versatel Deutschland GmbH (AS8881)	1
111.52	IONOS SE (AS8560)	1
itecom.mx	AS17378 (AS17378)	2
CLOUDFLARENET	Coreix Ltd (AS31708)	1
gmaq.mx	ONIAAS (AS40092)	1
elanenergy.mx	GO-DADDY-COM-LLC (AS398101)	1
sharlez.com	NETWORK-SOLUTIONS-HOSTING (AS19871)	4
e-mind.com	E-Mind Srl (AS49535)	1
ganaderiarevuelta.mx	Alestra, S. de R.L. de C.V. (AS11172)	1
chrysler.com	Servicios Administrados Mexis, S.A. de C.V. (AS8007)	1
arcanegocio.com	UNIFIEDLAYER-AS-1 (AS46606)	1
ipcom GmbH	Wurth IT GmbH (AS207481)	3
rematesbancariosclub.club	NETWORK-SOLUTIONS-HOSTING (AS19871)	1
AS17378	WIIT AG (AS24961)	1
kunde24.de	23M GmbH (AS47447)	1
aztecaservicios.mx	AMAZON-02 (AS16509)	1
dns.com	MICROSOFT-CORP-MSN-AS-BLOCK (AS8075)	2
markmonitor.com	ALL42 s.r.l. (AS212054)	1
clinicainfantil.mx	LIQUIDWEB (AS32244)	1
hostgator.com	GO-DADDY-COM-LLC (AS398787)	1
lasredes2.com	UNIFIEDLAYER-AS-1 (AS46606)	1
cumuloweb.com	UNIFIEDLAYER-AS-1 (AS46606)	2
NSONE	ONSH-NET-CHGO-BLK01 (AS26068)	1
llogsa.mx	SUCURI-SEC (AS30148)	1
daar.mx	UNINET (AS8151)	1
facturaloenlinea.com	LIQUIDNETLTD1 (AS14555)	3
AMAZON-02	AUTOMATTIC (AS2635)	7
negopro.site	AS17378 (AS17378)	3
webb.net	GleSYS AB (AS42708)	1
ixtle.com	NETWORK-SOLUTIONS-HOSTING (AS19871)	3
CLOUDFLARENET	GOSSAMERTHREADS (AS36483)	1
gob.mx	Mega Cable, S.A. de C.V. (AS262916)	1
yonkesenmexico.com	OVH SAS (AS16276)	1
hostingserver123.com	FIBERSTATE (AS26042)	1
neubox.net	UNIFIEDLAYER-AS-1 (AS46606)	1
optiservers.com	PRIVATESYSTEMS (AS63410)	3
netim.net	OVH SAS (AS16276)	4
motorplus.mx	GOOGLE-CLOUD-PLATFORM (AS396982)	1
ascio.com	Telefonica De Espana S.a.u. (AS3352)	1
Triara.com S.A. de C.V.	Akamai Connected Cloud (AS63949)	3
mctech.pw	UNIFIEDLAYER-AS-1 (AS46606)	4
i-tax.mx	AMAZON-02 (AS16509)	1
sqdm.mx	UNIFIEDLAYER-AS-1 (AS46606)	1
newmarketing.mx	SERVERCENTRAL (AS23352)	2
dinamoworkshop.com	NETWORK-SOLUTIONS-HOSTING (AS19871)	2
hotelnoor.mx	GO-DADDY-COM-LLC (AS398101)	1
NSONE	IWEB-AS (AS32613)	2
maus.mx	AMAZON-02 (AS16509)	2
diservia.com	SERVERCENTRAL (AS23352)	1
ns36.de	SEDO GmbH (AS47846)	2
escobosa.mx	PRIVATESYSTEMS (AS63410)	1
mercadocancun.com	PRIVATESYSTEMS (AS63410)	1
aplusc.mx	AMAZON-AES (AS14618)	1
l4dns.com	LINKED STORE BRASIL CRIACAO E DESENVOL DE SOFTWARE (AS273584)	1
widhost.net	Aruba S.p.A. (AS31034)	2
host4doctors.com	WEBNX (AS18450)	4
midtowndoornailns.com	AMAZON-02 (AS16509)	1
AMAZON-02	DMNL-ASN-01 (AS401348)	1
iwantmyname.net	AMAZON-02 (AS16509)	4
server-imacom.net	GO-DADDY-COM-LLC (AS398101)	1
roshaplan.com	MULTA-ASN1 (AS35916)	2
CLOUDFLARENET	SAKURA Internet Inc. (AS9370)	1
AMAZON-02	HUT8-EAST (AS912)	1
soljem.com	Hetzner Online GmbH (AS24940)	4
derec.mx	GOOGLE (AS15169)	1
Megacable Comunicaciones de Mexico, S.A. de C.V.	AS17378 (AS17378)	1
cubicsix.com	AS-VULTR (AS20473)	4
ecosur.mx	UNINET (AS8151)	1
avancesoluciones-sistema.com	CLOUDFLARENET (AS13335)	1
serverhostgroup.com	LINKED STORE BRASIL CRIACAO E DESENVOL DE SOFTWARE (AS273584)	2
ksservers.com	NAMECHEAP-NET (AS22612)	1
HURRICANE	OVH SAS (AS16276)	3
CLOUDFLARENET	Stichting DIGI NL (AS206281)	1
CLOUDFLARENET	Data Miners S.A. Racknation.cr (AS52423)	1
SECURITYSERVICES	EPICOR (AS30175)	1
SECURITYSERVICES	A2HOSTING (AS55293)	3
GANDI SAS	SQUARESPACE (AS53831)	1
hostnet.nl	Hostnet B.V. (AS197902)	3
softstudio.mx	NETWORK-SOLUTIONS-HOSTING (AS19871)	1
wmedia.org	LIQUIDWEB (AS32244)	2
MICROSOFT-CORP-MSN-AS-BLOCK	BLT-US-01 (AS21721)	1
co.uk	Alestra, S. de R.L. de C.V. (AS11172)	1
IONOS SE	CYBERCON (AS7393)	1
cloudify.mx	IONOS SE (AS8560)	1
conadi.site	NETWORK-SOLUTIONS-HOSTING (AS19871)	1
codero.com	AMAZON-AES (AS14618)	1
Soluciones Corporativas IP, SL	Hetzner Online GmbH (AS24940)	2
dns-shield.com	SSASN2 (AS20454)	4
grupoestrategia.com	NETWORK-SOLUTIONS-HOSTING (AS19871)	1
Host Europe GmbH	COMUNICACION DIGITAL DE SINALOA SA DE CV (AS265621)	1
codnlabs.com	OVH SAS (AS16276)	4
Infomaniak Network SA	CLOUDFLARENET (AS13335)	2
Sixsigma Networks Mexico, S.A. de C.V.	Sixsigma Networks Mexico, S.A. de C.V. (AS22011)	1
paginaswebpro.com	SERVERCENTRAL (AS23352)	2
greenlove.mx	AS17378 (AS17378)	1
eurekainteractiva.com	SERVERCENTRAL (AS23352)	2
GOOGLE	HVC-AS (AS29802)	4
ORACLE-BMC-31898	Operbes, S.A. de C.V. (AS18734)	5
net.mx	GO-DADDY-COM-LLC (AS398101)	2
j2service.com	UNIFIEDLAYER-AS-1 (AS46606)	1
squirreldns.com	LEASEWEB-USA-LAX (AS395954)	3
saintseiya.mx	UNIFIEDLAYER-AS-1 (AS46606)	1
SkyExchange Internet Access	UNIFIEDLAYER-AS-1 (AS46606)	1
i-net-hosting.net	Hetzner Online GmbH (AS24940)	7
efimax.mx	LIQUIDWEB (AS32244)	1
i-net-hosting.net	PlusServer GmbH (AS61157)	1
markmonitor.zone	MICROSOFT-CORP-MSN-AS-BLOCK (AS8075)	1
schindler.com	FASTLY (AS54113)	1
AUTOMATTIC	GO-DADDY-COM-LLC (AS398101)	2
com.mx	Alestra, S. de R.L. de C.V. (AS11172)	26
Host Europe GmbH	Enflow B.V. (AS209626)	9
tigron.be	Tigron bv (AS56837)	1
portres.mx	IONOS SE (AS8560)	1
AS17378	IQ PL Sp. z o.o. (AS47544)	1
Akamai International B.V.	RMH-14 (AS33070)	3
hospedajesydominio.com	OVH SAS (AS16276)	3
Safenames Ltd.	AMAZON-AES (AS14618)	2
web-vision.de	WIIT AG (AS24961)	1
alfawebmx.com	UNIFIEDLAYER-AS-1 (AS46606)	3
Host Europe GmbH	LLDC (AS30691)	1
linuxpl.com	Cyber_Folks S.A. (AS41079)	1
lsccom.com	Axtel, S.A.B. de C.V. (AS6503)	1
dnspod.net	Tencent Building, Kejizhongyi Avenue (AS132203)	1
SECURITYSERVICES	SafeBrands S.A.S. (AS34173)	1
SECURITYSERVICES	NTT-DATA-2914 (AS2914)	1
Network Information Center Mexico	SINGLEHOP-LLC (AS32475)	4
almacenesnarovec.mx	OVH SAS (AS16276)	1
com.mx	Hostinger International Limited (AS47583)	14
e-admin.mx	OVH SAS (AS16276)	1
ibumu.com	LIQUIDWEB (AS32244)	1
GOOGLE	JOSE MIGUEL MACIAS CONTRERAS (AS28539)	1
HURRICANE	Alibaba US Technology Co., Ltd. (AS45102)	2
puntotolsa.com	Hetzner Online GmbH (AS24940)	1
a1.net	Hetzner Online GmbH (AS24940)	2
byethost22.org	Wildcard UK Limited (AS34119)	1
eaton.com	EATON-CORPORATION (AS11719)	2
abideal.mx	UNINET (AS8151)	1
Akamai Connected Cloud	GO-DADDY-COM-LLC (AS400754)	7
Contabo GmbH	IS-AS-1 (AS19318)	5
opticaprofessional.mx	NETWORK-SOLUTIONS-HOSTING (AS19871)	2
NSONE	Enflow B.V. (AS209626)	1
vezkhost.com	UNIFIEDLAYER-AS-1 (AS46606)	2
VITAL-DNS	Hostinger International Limited (AS47583)	3
recordatorios.mx	IONOS SE (AS8560)	1
erillam-healthcare.com	Cloudi Nextgen Sl (AS49635)	2
akkyhosting17.mx	AMAZON-AES (AS14618)	1
Host Europe GmbH	Host SpA (AS47242)	2
appdesign.dev	IONOS SE (AS8560)	1
SOFTLAYER	DIGITALOCEAN-ASN (AS14061)	5
AS17378	GTT Communications Inc. (AS3257)	2
optiservers.com	NETWORK-SOLUTIONS-HOSTING (AS19871)	1
GANDI SAS	IPGarde SAS (AS41765)	1
jh-mills.com	AMAZON-02 (AS16509)	1
GOOGLE	Zylon (AS8312)	1
myhostingpack.com	WHG Hosting Services Ltd (AS14670)	6
dn-s.nl	AMAZON-02 (AS16509)	2
roquin.mx	Alestra, S. de R.L. de C.V. (AS11172)	1
NUCDN	Cloudflare London, LLC (AS209242)	2
MICROSOFT-CORP-MSN-AS-BLOCK	Optimizely AB (AS30811)	5
CLOUDFLARENET	noris network AG (AS12337)	2
atecorp.mx	GO-DADDY-COM-LLC (AS398101)	1
hstgr.cloud	Hostinger International Limited (AS47583)	9
GANDI SAS	NAMECHEAP-NET (AS22612)	1
ipcom GmbH	FASTLY (AS54113)	2
inefablestudio.mx	NETWORK-SOLUTIONS-HOSTING (AS19871)	1
beerspot.mx	SINGLEHOP-LLC (AS32475)	1
codice.com	BIRD-HOSTING (AS19133)	4
xlhost.com	ENET-2 (AS10297)	1
comtec.mx	UNIFIEDLAYER-AS-1 (AS46606)	3
DIMENOC	GOOGLE-CLOUD-PLATFORM (AS396982)	4
galletasdonde.com	Hetzner Online GmbH (AS213230)	4
ttny.mx	NL-811-40021 (AS40021)	1
whatshome.mx	Hostinger International Limited (AS47583)	1
NSONE	NEXCESS-NET (AS36444)	1
unknown	IWEB-AS (AS32613)	2
0123dot.com	IS-AS-1 (AS19318)	1
Mapfre Tech SA	AMAZON-02 (AS16509)	1
SECURITYSERVICES	TDC Holding A/S (AS3292)	1
Prosodie Iberica Sl	Prosodie Iberica Sl (AS9165)	11
viaaprende.mx	LIQUIDWEB (AS32244)	1
notipush.mx	TOTAL PLAY TELECOMUNICACIONES SA DE CV (AS22884)	1
vacuumandair.com	GO-DADDY-COM-LLC (AS398101)	1
Hetzner Online GmbH	VSE NET GmbH (AS9063)	3
grupoig.mx	IONOS SE (AS8560)	1
HOSTWINDS	CLOUDFLARENET (AS13335)	1
ufinetlatam.net	UFINET PANAMA S.A. (AS52468)	1
CLOUDFLARENET	XMISSION (AS6315)	1
dnsgigas.es	GIGASNET-AS (AS27640)	1
afraid.org	AMAZON-AES (AS14618)	1
netpilot.net	Hetzner Online GmbH (AS24940)	1
intelcapsf.mx	GO-DADDY-COM-LLC (AS398101)	1
agenciaefe5.com	NETWORK-SOLUTIONS-HOSTING (AS19871)	3
pielclinic.mx	UNIFIEDLAYER-AS-1 (AS46606)	2
ROLLERNETWORK	OVH SAS (AS16276)	4
vitara.mx	LIQUIDWEB (AS32244)	1
digitalegia.com	NETWORK-SOLUTIONS-HOSTING (AS19871)	2
dns-externo.	COORDINADORA DE CARRIERS, S.A. DE C.V. (AS19332)	1
cocoaestudio.mx	NETWORK-SOLUTIONS-HOSTING (AS19871)	3
intermaxgroup.com	MasterDC s.r.o. (AS24971)	1
raamlogistics.mx	IONOS SE (AS8560)	1
NL-811-40021	Hostinger International Limited (AS47583)	1
GOOGLE	Megacable Comunicaciones de Mexico, S.A. de C.V. (AS14178)	3
soporttex.net	LIQUIDNETLTD1 (AS14555)	2
LIQUIDWEB	AMAZON-AES (AS14618)	4
CLOUDFLARENET	INMOTION (AS22611)	14
gmhosting.net	SERVERCENTRAL (AS23352)	1
miideahosting.com	NETWORK-SOLUTIONS-HOSTING (AS19871)	4
iworksver.net	NETWORK-SOLUTIONS-HOSTING (AS19871)	2
aleux.net	UNIFIEDLAYER-AS-1 (AS46606)	2
at-dns.com	NDCHOST (AS33322)	1
NSONE	AUTOMATTIC (AS2635)	1
MAJESTIC-HOSTING-01	OVH SAS (AS16276)	7
CLOUDFLARENET	EL PODER DE INTERNET (AS265611)	3
diferenteweb.com	PRIVATESYSTEMS (AS63410)	1
ns14.net	PlusServer GmbH (AS61157)	2
GOOGLE	Enflow B.V. (AS209626)	2
DIMENOC	Mega Cable, S.A. de C.V. (AS262916)	1
bienvenidohosting.com	OVH SAS (AS16276)	1
dnsrou.com	HOSTING EN LA WEB S.A.S. (AS266886)	2
facturaelectronicagfa.mx	MICROSOFT-CORP-MSN-AS-BLOCK (AS8075)	1
Host Europe GmbH	ATLASWORLDGROUP-AS (AS30100)	1
GOOGLE	Operbes, S.A. de C.V. (AS18734)	2
Host Europe GmbH	Mega Cable, S.A. de C.V. (AS13999)	13
GOOGLE-CLOUD-PLATFORM	Tilda Publishing Ltd. (AS205282)	1
Host Europe GmbH	BON-ASN-01 (AS400134)	1
SECURITYSERVICES	Ecritel SASU (AS8304)	2
Triara.com S.A. de C.V.	BIZLAND-SD (AS29873)	1
Host Europe GmbH	RACKSPACE (AS19994)	12
cruzazulfc.mx	NETWORK-SOLUTIONS-HOSTING (AS19871)	1
grn.es	GRN Serveis Telematics SL (AS20815)	1
ns14.net	netcup GmbH (AS197540)	1
hostmkt.com	Hetzner Online GmbH (AS24940)	1
MICROSOFT-CORP-MSN-AS-BLOCK	ASN-CXA-ALL-CCI-22773-RDC (AS22773)	1
cgold.mx	Mega Cable, S.A. de C.V. (AS262916)	1
managed-ip.com	UNIFIEDLAYER-AS-1 (AS46606)	1
SECURITYSERVICES	Gamebuilders Inc. (AS18018)	1
neored.com	GO-DADDY-COM-LLC (AS398101)	1
fenasa.mx	LIQUIDWEB (AS32244)	1
nelix.host	OVH SAS (AS16276)	2
am4digital.net	20i Limited (AS48254)	2
softhink.mx	Hetzner Online GmbH (AS24940)	2
clientes525.com	AMAZON-AES (AS14618)	2
Host Europe GmbH	Mexico Red de Telecomunicaciones, S. de R.L. de C.V. (AS13591)	3
cevirtual.org	NETWORK-SOLUTIONS-HOSTING (AS19871)	4
socialplan.mx	SERVERCENTRAL (AS23352)	4
nubit.mx	MICROSOFT-CORP-MSN-AS-BLOCK (AS8075)	2
net.co	LVLT-3549 (AS3549)	1
Soluciones Corporativas IP, SL	GOOGLE-CLOUD-PLATFORM (AS396982)	3
usvx.net	GOOGLE (AS15169)	2
org.mx	Sixsigma Networks Mexico, S.A. de C.V. (AS22908)	3
luzire.mx	OVH SAS (AS16276)	1
zetup.se	DIGITALOCEAN-ASN (AS14061)	1
cdmon.net	AMAZON-02 (AS16509)	2
domain-robot.org	InterNetX GmbH (AS15456)	1
Network Information Center Mexico	SERVICIO Y EQUIPO EN TELEFONIA INTERNET Y TV S.A. DE C.V. (AS27672)	1
fordogtrainers.mx	OVH SAS (AS16276)	1
atrevia.com	Almouroltec Servicos De Informatica E Internet Lda (AS24768)	1
Network Information Center Mexico	DIGITAL COMUNICATIONS DE MEXICO SA DE CV (AS265504)	1
BIZLAND-SD	GO-DADDY-COM-LLC (AS398101)	3
Abastecedora de Conectividad, S.A. de C.V.	Abastecedora de Conectividad, S.A. de C.V. (AS28514)	9
inhostserver.com	INMOTION (AS22611)	2
stabletransit.com	CYBERLYNK (AS21554)	1
dogado GmbH	dogado GmbH (AS45012)	1
Megacable Comunicaciones de Mexico, S.A. de C.V.	UNINET (AS8151)	1
arcomex.mx	Triara.com S.A. de C.V. (AS19373)	1
consensus.com	JCOM-3 (AS11166)	1
NetActuate, Inc	IONOS SE (AS8560)	1
pm-i.com	firstcolo GmbH (AS44066)	1
GOOGLE	IWEB-AS (AS32613)	6
SINGLEHOP-LLC	Hostinger International Limited (AS47583)	2
Konecta de Mexico, S. de R.L. de C.V.	GOOGLE-CLOUD-PLATFORM (AS396982)	2
schlundtech.de	Aixit GmbH (AS29551)	1
Host Europe GmbH	UPCLOUDUSA (AS25697)	3
centrodentalqueretaro.mx	SERVERCENTRAL (AS23352)	1
CLOUDFLARENET	WEBNX (AS18450)	9
gpsmonitor.mx	LeaseWeb Netherlands B.V. (AS60781)	2
neubox.net	Hetzner Online GmbH (AS24940)	5
podernet.net	AMAZON-02 (AS16509)	1
bananagroup.mx	NL-811-40021 (AS40021)	4
Host Europe GmbH	TIER-NET (AS397423)	6
valpex.net	WHG Hosting Services Ltd (AS14670)	2
csof.net	GOOGLE-CLOUD-PLATFORM (AS396982)	2
hispalisdns.com	Comvive Servidores S.L. (AS39020)	9
gallbo.mx	UNIFIEDLAYER-AS-1 (AS46606)	2
redich.mx	UNIFIEDLAYER-AS-1 (AS46606)	3
SECURITYSERVICES	PWRWG (AS18602)	1
doclernet.hu	Servergarden Kft. (AS47381)	1
superfan.mx	Alestra, S. de R.L. de C.V. (AS11172)	1
konmarketing.com	NETWORK-SOLUTIONS-HOSTING (AS19871)	2
SECURITYSERVICES	EG-USWEST (AS54018)	2
NSONE	Akamai International B.V. (AS213120)	4
suempresa.com	TOTAL PLAY TELECOMUNICACIONES SA DE CV (AS22884)	2
supremo-c103.com	UNIFIEDLAYER-AS-1 (AS46606)	1
mabosrv.com	GOOGLE-CLOUD-PLATFORM (AS396982)	1
CLOUDFLARENET	Kaspersky Lab Switzerland GmbH (AS200107)	4
sicosu.mx	THEOPT-HOU (AS40156)	1
signus.ws	GOOGLE-CLOUD-PLATFORM (AS396982)	2
net.mx	RADWARE-CLOUD-SERVICES (AS25773)	4
cloudtriara.com	Triara.com S.A. de C.V. (AS19373)	1
is-fun.net	Net-Build GmbH (AS38927)	1
SECURITYSERVICES	PANDG (AS11003)	1
ingesoft.net	Gtd Internet S.A. (AS14259)	1
upphost.com	UNIFIEDLAYER-AS-1 (AS46606)	1
suzukimonterrey.mx	LIQUIDWEB (AS32244)	1
webhostingbuzz.com	AS-COLOCROSSING (AS36352)	4
webgrafico.site	UNIFIEDLAYER-AS-1 (AS46606)	1
MICROSOFT-CORP-MSN-AS-BLOCK	IS-AS-1 (AS19318)	13
hosting-mexico.net	GOOGLE-CLOUD-PLATFORM (AS396982)	8
controladordns.com	LIQUIDWEB (AS32244)	2
frdqro0801.	CLOUDFLARENET (AS13335)	3
lmdint.mx	Alestra, S. de R.L. de C.V. (AS11172)	1
grupoab.mx	MICROSOFT-CORP-MSN-AS-BLOCK (AS8075)	1
GOOGLE	Safenames Ltd. (AS60819)	4
tarhely.com	WebSupport s.r.o. (AS51013)	1
correoparatodos.mx	A2HOSTING (AS55293)	1
ambulanciasamor.mx	LIQUIDWEB (AS32244)	1
wordpress.org	SINGLEHOP-LLC (AS32475)	1
pewpew.mx	GO-DADDY-COM-LLC (AS398101)	1
net.mx	Alestra Innovacion Digital S de RL de CV (AS28502)	2
cloudcnv2.com	SERVERCENTRAL (AS23352)	4
geekazoids.net	meerfarbig GmbH & Co. KG (AS34549)	1
maneja.mx	UNIFIEDLAYER-AS-1 (AS46606)	1
SOFTLAYER	AUTOMATTIC (AS2635)	1
prj.mx	IONOS SE (AS8560)	4
ancara.net	Planetel SPA (AS47217)	1
smart-hosts.net	LIQUIDWEB (AS32244)	4
compu-mecanic.com	HVC-AS (AS29802)	3
DIGICERT	UK-2 Limited (AS13213)	1
neubox.net	MICROSOFT-CORP-MSN-AS-BLOCK (AS8075)	3
auradifusion.net	IONOS SE (AS8560)	1
sitioarevision.com	DIMENOC (AS33182)	4
com.mx	COGECO-PEER1 (AS13768)	5
umbrellagroup.mx	SOFTLAYER (AS36351)	1
espejonegro.com	NETWORK-SOLUTIONS-HOSTING (AS19871)	2
duglas.mx	Akamai Connected Cloud (AS63949)	1
IFX18747	Hetzner Online GmbH (AS24940)	1
webnames.ca	IWEB-AS (AS32613)	1
lemarit.de	LEMARIT GmbH (AS204135)	5
managed-vps.net	SCALAHOSTING (AS40476)	6
AMAZON-02	INGR-ASN (AS6591)	1
AMAZON-02	SOLUCIONES, ANALITICOS Y SERVICIOS TEAM (AS270118)	1
appsmks.com	NETWORK-SOLUTIONS-HOSTING (AS19871)	2
hostgator.com	AMAZON-AES (AS14618)	1
EDNS	Wix.com Ltd. (AS58182)	1
nadns1.com	Megacable Comunicaciones de Mexico, S.A. de C.V. (AS14178)	1
79dec.com	OVH SAS (AS16276)	1
bomberazo.com	WHG Hosting Services Ltd (AS14670)	5
stabletransit.com	RACKSPACE (AS27357)	3
perf1.com	Claranet Limited (AS8426)	1
schlund.de	IONOS SE (AS8560)	1
arende.mx	LIQUIDWEB (AS32244)	1
Host Europe GmbH	GITHUB (AS36459)	2
promohealthmx.com	IONOS SE (AS8560)	4
agroberry.mx	WHG Hosting Services Ltd (AS211126)	1
AMAZON-02	GO-DADDY-COM-LLC (AS398787)	1
GOOGLE	IS-AS-1 (AS19318)	3
stabletransit.com	FASTLY (AS54113)	1
eternisys.net	NETWORK-SOLUTIONS-HOSTING (AS19871)	2
BIZLAND-SD	CLOUDFLARENET (AS13335)	8
AMAZON-02	SERVERCENTRAL (AS23352)	3
jschosting.se	AMAZON-02 (AS16509)	1
stabletransit.com	RMH-14 (AS33070)	6
mydomain.com	BIZLAND-SD (AS29873)	3
AB Tetra Pak	MICROSOFT-CORP-MSN-AS-BLOCK (AS8075)	8
TIER-NET	AMAZON-02 (AS16509)	2
Nessus GmbH	TelemaxX Telekommunikation GmbH (AS12843)	1
NSONE	GO-DADDY-COM-LLC (AS398101)	3
DIGICERT	GLOBAL-IP-NETWORKS (AS7819)	2
it-site.com	AS-VULTR (AS20473)	2
org.mx	Instituto Federal Electoral (AS8140)	1
cuentadns.com	Advanced Software Production Line, S.L. (AS206102)	1
privatednsorg.com	SERVERCENTRAL (AS23352)	3
IWEB-AS	Wix.com Ltd. (AS58182)	2
mfranyutti.com	UNIFIEDLAYER-AS-1 (AS46606)	2
mitalteli.com	AMAZON-AES (AS14618)	1
integrityhost.com	CLOUDFLARENET (AS13335)	1
cnie.mx	AS17378 (AS17378)	1
flit.mx	WHG Hosting Services Ltd (AS211126)	1
ORACLE-BMC-31898	Wix.com Ltd. (AS58182)	1
DIMENOC	MICROSOFT-CORP-MSN-AS-BLOCK (AS8075)	2
TV Azteca, S.A.B. de C.V.	TV Azteca, S.A.B. de C.V. (AS28517)	3
sistemastenek.com	AMAZON-02 (AS16509)	2
gestiondns.net	COGENT-174 (AS174)	1
MICROSOFT-CORP-MSN-AS-BLOCK	DIMENOC (AS33182)	3
Host Europe GmbH	CSC (AS19574)	4
TV Azteca, S.A.B. de C.V.	AS-26496-GO-DADDY-COM-LLC (AS26496)	1
hostingnetweb1.com	UNIFIEDLAYER-AS-1 (AS46606)	1
Host Europe GmbH	Konecta de Mexico, S. de R.L. de C.V. (AS262913)	2
sidinet.com	WHG Hosting Services Ltd (AS216180)	1
atmosfera.net	MICROSOFT-CORP-MSN-AS-BLOCK (AS8075)	1
selectel.ru	HOSTKEY-USA (AS395839)	1
stabletransit.com	TEKTONIC (AS55045)	3
MICROSOFT-CORP-MSN-AS-BLOCK	IPGOMA (AS46713)	2
aziondns.com	Universidad Iberoamericana, A.C. (AS28382)	2
almazena.com	Aspa Cloud Sl (AS202207)	1
joseluz.net	UNIFIEDLAYER-AS-1 (AS46606)	4
erkaservicios.mx	UNIFIEDLAYER-AS-1 (AS46606)	1
MICROSOFT-CORP-MSN-AS-BLOCK	SINGLEHOP-LLC (AS32475)	4
AS-VULTR	DIMENOC (AS33182)	1
servidorlinux12.com	PRIVATESYSTEMS (AS63410)	1
IOFLOOD	OVH SAS (AS16276)	6
DIMENOC	WHG Hosting Services Ltd (AS14670)	1
ddinteractivo.com	NL-811-40021 (AS40021)	4
DIGICERT	Sixsigma Networks Mexico, S.A. de C.V. (AS22908)	2
UNINET	NTT-DATA-2914 (AS2914)	5
naturleon.com	NETWORK-SOLUTIONS-HOSTING (AS19871)	3
AS17378	FLY (AS40509)	1
escoolkardex.mx	OVH SAS (AS16276)	1
elautoclasico.com	GO-DADDY-COM-LLC (AS398101)	1
SERVERCENTRAL	LINKED STORE BRASIL CRIACAO E DESENVOL DE SOFTWARE (AS273584)	1
neubox.net	WEEBLY (AS27647)	3
jetcom.dk	team.blue Denmark A/S (AS48854)	1
datev.com	DATEV eG (AS15451)	1
SINGLEHOP-LLC	Enjoyvc Cloud Group Limited. (AS136897)	1
cloudns.net	AS-VULTR (AS20473)	4
glz.mx	Hostinger International Limited (AS47583)	1
net.mx	CARINET (AS10439)	4
Cloud DNS Ltd	MULTA-ASN1 (AS35916)	5
neubox.net	SERVERCENTRAL (AS23352)	1
ntchosting.com	LIQUIDNETLTD1 (AS14555)	3
papelesplanos.com	LINKED STORE BRASIL CRIACAO E DESENVOL DE SOFTWARE (AS273584)	1
hostmetro.com	ASN-GIGENET (AS32181)	2
SECURITYSERVICES	uvensys GmbH (AS58010)	1
OVH SAS	SCALAHOSTING (AS40476)	1
valeconfia.com	AS17378 (AS17378)	1
PRIVATESYSTEMS	Cloudflare London, LLC (AS209242)	1
CLOUDFLARENET	SONDATECH S.A.S. (AS263812)	1
Safenames Ltd.	PATHWAY (AS11342)	1
net.pl	IQ PL Sp. z o.o. (AS47544)	1
unh.net	BT Italia S.p.A. (AS3313)	1
Triara.com S.A. de C.V.	GO-DADDY-COM-LLC (AS398101)	6
gransy.com	AMAZON-AES (AS14618)	1
canagon.com	Hetzner Online GmbH (AS24940)	1
Domain names registrar REG.RU, Ltd	JSC Selectel (AS49505)	1
cetis36.site	Hostinger International Limited (AS47583)	1
secir.net	RELIABLESITE (AS23470)	4
SAREnet, S.A.	SAREnet, S.A. (AS3262)	6
Host Europe GmbH	Tencent Building, Kejizhongyi Avenue (AS132203)	4
kasperskylabs.net	RACKSPACE (AS19994)	1
ORACLE-BMC-31898	GO-DADDY-COM-LLC (AS398101)	5
cdmon.net	PEGASO PCS (AS7438)	1
auto-center.mx	LIQUIDWEB (AS32244)	1
AS-COLOCROSSING	LIMESTONENETWORKS (AS46475)	1
web.de	IONOS SE (AS8560)	1
opensystems.mx	AMAZON-AES (AS14618)	1
consultoriawebguadalajara.com	NETWORK-SOLUTIONS-HOSTING (AS19871)	1
servconfig.com	LINKED STORE BRASIL CRIACAO E DESENVOL DE SOFTWARE (AS273584)	1
hover.com	FASTLY (AS54113)	2
voxelestudio.com	LIQUIDWEB (AS32244)	1
Deutsche Telekom AG	Hetzner Online GmbH (AS24940)	5
GENMILLS	Cloudflare London, LLC (AS209242)	2
AS17378	WEEBLY (AS27647)	2
ANEXIA Internetdienstleistungs GmbH	One.com A/S (AS51468)	3
rddmx.com	WEBNX (AS18450)	4
digital4.net	NETWORK-SOLUTIONS-HOSTING (AS19871)	2
programacioninteligente.com	UNIFIEDLAYER-AS-1 (AS46606)	1
interwebgdl.com	NETWORK-SOLUTIONS-HOSTING (AS19871)	4
grupoloading.com	Grupo Loading Systems, S.L. (AS198066)	2
1984.is	Stichting Hivos (AS60526)	1
Global Village GmbH	Delticom Ag (AS57533)	7
dntrust.com	Key-Systems GmbH (AS13246)	7
Telefonica De Espana S.a.u.	Telefonica De Espana S.a.u. (AS3352)	10
IONOS SE	NOCIX (AS33387)	1
Akamai International B.V.	RACKSPACE (AS19994)	1
ecdevelopment.mx	Alestra, S. de R.L. de C.V. (AS11172)	1
meganameservers.com	CLOUDFLARENET (AS13335)	1
sinestra.net	NETWORK-SOLUTIONS-HOSTING (AS19871)	2
ezisp.eu	CLOUDFLARENET (AS13335)	1
stabletransit.com	Operbes, S.A. de C.V. (AS18734)	1
izcalliando.com	SERVERCENTRAL (AS23352)	1
co.uk	GOOGLE-CLOUD-PLATFORM (AS396982)	3
santiagorubio.mx	GO-DADDY-COM-LLC (AS398101)	1
ip-plus.net	Mittwald CM Service GmbH & Co. KG (AS15817)	1
acaciasolar.mx	SERVERPOINT (AS26277)	1
bluecatdns.com	INCAPSULA (AS19551)	1
CLOUDFLARENET	GO-DADDY-COM-LLC (AS398787)	5
nadns1.com	Hostinger International Limited (AS47583)	1
CLOUDFLARENET	Webzilla B.V. (AS35415)	2
DIGICERT	COGECO-PEER1 (AS13768)	2
CLOUDFLARENET	O2 Czech Republic, a.s. (AS5610)	1
livwell.mx	GO-DADDY-COM-LLC (AS398101)	1
blanco.de	Deutsche Telekom AG (AS3320)	1
g-8d.com	OVH SAS (AS16276)	1
Host Europe GmbH	WHG Hosting Services Ltd (AS51713)	4
SECURITYSERVICES	united-domains GmbH (AS202108)	2
heficed.com	HVC-AS (AS29802)	1
grexti.com	AS17378 (AS17378)	2
DIGICERT	Neterra Ltd. (AS34224)	1
monitordeloitte.mx	Mexico Red de Telecomunicaciones, S. de R.L. de C.V. (AS13591)	1
itandtel.at	eww ag (AS21013)	3
bolteck.com	UNIFIEDLAYER-AS-1 (AS46606)	1
CLOUDFLARENET	OPSICOME SA DE CV (AS265545)	1
procomponents.mx	IONOS SE (AS8560)	1
MICROSOFT-CORP-MSN-AS-BLOCK	SERVERCENTRAL (AS23352)	5
nix.mx	AMAZON-AES (AS14618)	1
etcnameserver.com	HVC-AS (AS29802)	2
ticketrey.com	SERVERCENTRAL (AS23352)	2
marcant.net	MARCANT AG (AS15726)	4
akkyhosting20.mx	Cloudflare London, LLC (AS209242)	1
NIXIHOST	CLOUDFLARENET (AS13335)	1
ortoflex.mx	LIQUIDWEB (AS32244)	1
prowebgdl.com	OVH SAS (AS16276)	1
eurocam.mx	LIQUIDWEB (AS32244)	1
NUCDN	Axarnet Comunicaciones, S.l. (AS50926)	1
compuamigos.mx	LEASEWEB-USA-WDC (AS30633)	1
quimicagoncal.mx	Alestra, S. de R.L. de C.V. (AS11172)	1
UNINET	RadioMovil Dipsa, S.A. de C.V. (AS28403)	1
inetlocker.net	TIER-NET (AS397423)	5
frivasa.mx	GO-DADDY-COM-LLC (AS398101)	1
com.br	BS2 Sistemas para Internet Ltda. (AS262500)	1
CLOUDFLARENET	Cloudi Nextgen Sl (AS49635)	1
lenteweb.net	NETWORK-SOLUTIONS-HOSTING (AS19871)	1
hosting54.com	RELIABLESITE (AS23470)	3
servidorescapse.in	IONOS SE (AS8560)	3
p7s1ns.de	AMAZON-AES (AS14618)	1
dnsprivatenetworks.com	Hetzner Online GmbH (AS24940)	2
INCAPSULA	Supermercados Internacionales HEB SA de CV (AS265521)	4
DIGICERT	COGENT-174 (AS174)	5
lozanotech.com	GO-DADDY-COM-LLC (AS398101)	2
Host Europe GmbH	NOCIX (AS33387)	4
mijndnsserver.nl	Cloudflare London, LLC (AS209242)	2
Host Europe GmbH	COGECO-PEER1 (AS13768)	8
GOOGLE	AS-COLOCROSSING (AS36352)	1
exonhost.com	GORILLASERVERS (AS53850)	1
innobach.com	DIGITALOCEAN-ASN (AS14061)	2
Akamai Connected Cloud	SERVERCENTRAL (AS23352)	2
ipcom GmbH	AGORA CALYCE SpAS (AS47833)	1
MICROSOFT-CORP-MSN-AS-BLOCK	AS-26496-GO-DADDY-COM-LLC (AS26496)	9
Blacknight Internet Solutions Limited	GOOGLE-CLOUD-PLATFORM (AS396982)	1
server24.eu	INCUBATEC GmbH - Srl (AS34081)	2
ipcom GmbH	froxlor GmbH (AS207048)	1
GOOGLE	NIXIHOST (AS46505)	5
GOOGLE-CLOUD-PLATFORM	AS-VULTR (AS20473)	1
centos.mx	AMAZON-02 (AS16509)	1
com.br	Alibaba US Technology Co., Ltd. (AS45102)	1
com.mx	VPN de Mexico, S.A. de C.V. (AS27683)	1
com.mx	GANDI SAS (AS29169)	1
unonet.it	Aruba S.p.A. (AS31034)	1
GOOGLE	SUCURI-SEC (AS30148)	2
gruposalinas-hosting.net	UNIFIEDLAYER-AS-1 (AS46606)	3
IONOS SE	LIMESTONENETWORKS (AS46475)	1
xpresshosting.com	CLOUDFLARENET (AS13335)	4
neubox.net	TOTAL PLAY TELECOMUNICACIONES SA DE CV (AS22884)	3
AMAZON-02	TOTAL PLAY TELECOMUNICACIONES SA DE CV (AS22884)	4
elotero.net	AMAZON-02 (AS16509)	1
yukiko.mx	IONOS SE (AS8560)	1
stabletransit.com	Alestra, S. de R.L. de C.V. (AS11172)	3
AMAZON-02	WEBNX (AS18450)	3
chiligrin.mx	LIQUIDWEB (AS32244)	1
ipcom GmbH	Hostinger International Limited (AS47583)	1
co.uk	CONFLUENCE-NETWORK-INC (AS40034)	3
01800bateria.mx	Alestra, S. de R.L. de C.V. (AS11172)	1
micartelera.mobi	CLOUDFLARENET (AS13335)	1
dnscalifornia.net	NL-811-40021 (AS40021)	3
dobleclic.me	Wix.com Ltd. (AS58182)	1
cloudns.net	AS-COLOCROSSING (AS36352)	1
AMAZON-02	Team Internet AG (AS61969)	6
cloudns.net	Tu Casa Inalambrica de Mexico (AS263157)	2
SECURITYSERVICES	NETWORK-SOLUTIONS-HOSTING (AS19871)	3
poole.company	DIGITALOCEAN-ASN (AS14061)	1
siseimx.com	IS-AS-1 (AS19318)	4
hukot.cz	SecurityNet.cz s.r.o. (AS42422)	2
HURRICANE	POWER CLOUD AND HOSTING SA DE CV (AS265527)	2
DIMENOC	Hostinger International Limited (AS47583)	4
Network Information Center Mexico	IS-AS-1 (AS19318)	2
cloudns.net	RAUL DUARTE URITA (AS28431)	6
BIZLAND-SD	UNIFIEDLAYER-AS-1 (AS46606)	5
penicheandpeniche.com	AS17378 (AS17378)	1
GOOGLE	A2HOSTING (AS55293)	6
prxy.net	AMAZON-02 (AS16509)	1
itsolutions.it	Retelit Digital Services S.p.A. (AS28716)	1
softec-internet.com	UNIFIEDLAYER-AS-1 (AS46606)	2
etsai.mx	IONOS SE (AS8560)	2
casio.jp	AMAZON-02 (AS16509)	3
ns0.nl	Signet B.V. (AS20857)	4
cbpnserver.com	NETWORK-SOLUTIONS-HOSTING (AS19871)	3
IS-AS-1	Mega Cable, S.A. de C.V. (AS13999)	1
webdepot.mx	SERVERCENTRAL (AS23352)	2
pincelhost.com	AS-COLOCROSSING (AS36352)	7
iptwins.com	Zayo Infrastructure France SA (AS8218)	1
transportescaar.com	WHG Hosting Services Ltd (AS211126)	1
modesignstudio.mx	AMAZON-02 (AS16509)	1
infocomercial.net	PRIVATESYSTEMS (AS63410)	1
vegasystems.de	VegaSystems GmbH & Co. KG (AS34372)	1
CLOUDFLARENET	Konecta de Mexico, S. de R.L. de C.V. (AS262913)	1
afraid.org	Mega Cable, S.A. de C.V. (AS13999)	2
HURRICANE	Hostinger International Limited (AS47583)	1
e-xtranets.com	JOESD-18501 (AS18501)	2
perezmunozyasociados.mx	NOCIX (AS33387)	1
pearson.com	Pearson Shared Services Ltd (AS29016)	3
Raiola Networks S.L.	AS-VULTR (AS20473)	1
liquidoweb.com	NETWORK-SOLUTIONS-HOSTING (AS19871)	3
humanmetricsystem.com	AMAZON-02 (AS16509)	4
neubox.net	FASTLY (AS54113)	9
gisconsultoria.mx	SOFTLAYER (AS36351)	1
nnns.de	Cronon GmbH (AS6786)	1
frenoscancun.com	AS17378 (AS17378)	1
NForce Entertainment B.V.	NForce Entertainment B.V. (AS43350)	5
shinechi.mx	AS17378 (AS17378)	1
globalaceros.mx	UNIFIEDLAYER-AS-1 (AS46606)	2
BIZLAND-SD	AMAZON-AES (AS14618)	2
gposolar.mx	LIQUIDWEB (AS32244)	1
gco.mx	LIQUIDWEB (AS32244)	1
ns14.net	dogado GmbH (AS47215)	1
suempresa.com	CLOUDFLARENET (AS13335)	6
ricardodiaz.mx	IONOS SE (AS8560)	1
miratihome.mx	Alestra, S. de R.L. de C.V. (AS11172)	1
SECURITYSERVICES	Cyllene Its SAS (AS12826)	1
markmonitor.com	AMAZON-AES (AS14618)	8
hospedajei.com	DIGITALOCEAN-ASN (AS14061)	3
otiing.mx	LIQUIDWEB (AS32244)	1
koiserver.com	UNIFIEDLAYER-AS-1 (AS46606)	1
com.br	SQUARESPACE (AS53831)	2
tane.mx	CLOUDFLARENET (AS13335)	1
Hangzhou Alibaba Advertising Co.,Ltd.	UCLOUD INFORMATION TECHNOLOGY HK LIMITED (AS135377)	3
AS17378	GO-DADDY-COM-LLC (AS398101)	7
masfactura.mx	UNIFIEDLAYER-AS-1 (AS46606)	1
teknocalli.cloud	LIQUIDNETLTD1 (AS14555)	1
afraid.org	CLOUDFLARENET (AS13335)	1
copyleft.no	Blix Solutions AS (AS50304)	8
ekatar.com	UNIFIEDLAYER-AS-1 (AS46606)	1
transresult.net	Optitrust GmbH (AS200062)	3
loopia.se	Loopia AB (AS39570)	3
aldeahost.net	IS-AS-1 (AS19318)	3
zidam.mx	NETWORK-SOLUTIONS-HOSTING (AS19871)	1
timeweb.org	TimeWeb LLC (AS9123)	1
Cloud DNS Ltd	AMAZON-02 (AS16509)	2
IONOS SE	Genossenschaft GGA Maur (AS21232)	1
Host Europe GmbH	US-SIGNAL (AS26554)	1
CLOUDFLARENET	AS-ADN (AS23367)	1
hostgosrv.com	AS-30083-US-VELIA-NET (AS30083)	2
CLOUDFLARENET	NSS S.A. (AS16814)	1
GOOGLE	VPSDATACENTER (AS40819)	1
NEXCESS-NET	NEXCESS-NET (AS36444)	8
.	AS17378 (AS17378)	4
temok.com	NOCIX (AS33387)	1
centraltbg.com	NETWORK-SOLUTIONS-HOSTING (AS19871)	1
easyrest.mx	AS-30083-US-VELIA-NET (AS30083)	1
munyaltek.com	DIMENOC (AS33182)	3
BIZLAND-SD	GOOGLE (AS15169)	4
serverlet.com	Hetzner Online GmbH (AS24940)	1
acens Technologies, S.L.	Vodafone Spain (AS12430)	1
publicisgroupe.com	NTT Global Data Centers EMEA UK Ltd. (AS29017)	1
mkmgs.com	RELIABLESITE (AS23470)	1
abbott.com	RACKSPACE (AS19994)	2
CLOUDFLARENET	PEG-HK (AS398478)	2
akkyhosting14.mx	AMAZON-02 (AS16509)	1
mystride.com	AMAZON-02 (AS16509)	1
spiralsoft.mx	IONOS SE (AS8560)	1
systemdns.com	SN-2006 (AS54240)	1
eventim.de	CTS Eventim Solutions GmbH (AS204253)	2
ipcom GmbH	NorthC Deutschland GmbH (AS15598)	7
imagenwebhoy.com	NL-811-40021 (AS40021)	2
interactivehub.mx	OVH SAS (AS16276)	1
Triara.com S.A. de C.V.	COGECO-PEER1 (AS13768)	3
futurewebsite.com	A2HOSTING (AS55293)	1
plusserver.com	DIGITALOCEAN-ASN (AS14061)	1
indigocloud.host	AMAZON-AES (AS14618)	1
onlinemkt.com	Aspa Cloud Sl (AS202207)	3
nominalia.com	MICROSOFT-CORP-MSN-AS-BLOCK (AS8075)	1
AMAZON-02	JSC Selectel (AS49505)	1
puntosvip.com	NTHL (AS11042)	1
co.uk	Cloudflare London, LLC (AS209242)	1
AEGONUSA	AEGONUSA (AS11857)	3
shockhosting.com	SHOCK-1 (AS395092)	3
easydns.com	AMAZON-02 (AS16509)	1
privatelabeldns.com	TURNKEY-INTERNET (AS40244)	3
telenet.be	Telenet BV (AS6848)	1
ns564440.	Cloudflare London, LLC (AS209242)	1
webbrandz.net	NETWORK-SOLUTIONS-HOSTING (AS19871)	1
grupoglobalnet.com	COLT Technology Services Group Limited (AS8220)	2
tecnositesoluciones.com	SERVERCENTRAL (AS23352)	1
byethost41.org	Wildcard UK Limited (AS34119)	1
Network Information Center Mexico	DFW-DATACENTER (AS30277)	1
CLOUDFLARENET	Sabiedriba ar ierobezotu atbildibu DELSKA Latvia (AS12993)	1
hnode.cl	GRUPO ZGH SPA (AS263702)	1
MICROSOFT-CORP-MSN-AS-BLOCK	Krystal Hosting Ltd (AS12488)	1
LIQUIDWEB	SINGLEHOP-LLC (AS32475)	3
tuversiondigital.com	20i Limited (AS48254)	2
GOOGLE	FLY (AS40509)	3
nadns1.com	Hetzner Online GmbH (AS24940)	2
dominioabsoluto.com	Xtra Telecom S.A. (AS15704)	1
desarrollarte.mx	NETWORK-SOLUTIONS-HOSTING (AS19871)	1
Domain names registrar REG.RU, Ltd	P.a.g.m. Ou (AS198068)	1
preview.mx	IMH-IAD (AS54641)	1
criticalserver4.net	AS-VULTR (AS20473)	4
kivial.it	IONOS SE (AS8560)	1
CLOUDFLARENET	ENET-2 (AS10297)	1
cgfinancieros.mx	UNIFIEDLAYER-AS-1 (AS46606)	1
ikaan.mx	LIQUIDWEB (AS32244)	1
codiflex.mx	AS17378 (AS17378)	1
IWEB-AS	AMAZON-AES (AS14618)	3
perf1.com	CSC (AS19574)	5
arrobamex.net	GO-DADDY-COM-LLC (AS398101)	1
sohocomputing.mx	AS-COLOCROSSING (AS36352)	3
CLOUDFLARENET	ATT-INTERNET4 (AS7018)	6
deltacomdigital.website	NAMECHEAP-NET (AS22612)	1
Dattatec.com	DIGITALOCEAN-ASN (AS14061)	2
example.tld	IONOS SE (AS8560)	2
solucionamexico.com	IWEB-AS (AS32613)	1
markmonitor.zone	CLOUDFLARENET (AS13335)	1
phdns6.es	Soluciones web on line s.l. (AS201446)	3
campus-virtuales.mx	IONOS SE (AS8560)	1
dnsconfigure.com	FIBER (AS5048)	1
nuxsoft.com	CLOUDFLARENET (AS13335)	1
clinicadentalmexico.mx	LIQUIDWEB (AS32244)	1
elprogramador.com	SAREnet, S.A. (AS3262)	1
GOOGLE	ORACLE-BMC-31898 (AS31898)	6
porsche.asia	AMAZON-AES (AS14618)	2
hoster902.com	CLOUDFLARENET (AS13335)	1
medicarmen.mx	UNIFIEDLAYER-AS-1 (AS46606)	1
COGECO-PEER1	Wix.com Ltd. (AS58182)	1
Network Information Center Mexico	SOFTLAYER (AS36351)	1
SINGLEHOP-LLC	CLOUDFLARENET (AS13335)	4
gs.com	SECURITYSERVICES (AS12008)	6
GOOGLE	PONYNET (AS53667)	2
register.it	DIGITALOCEAN-ASN (AS14061)	2
NSONE	Braathe AS (AS21119)	1
interwebserver.com	IWEB-AS (AS32613)	1
abedns.net	Tele2 SWIPnet (AS1257)	1
SOFTLAYER	AMAZON-AES (AS14618)	5
perezacosta.mx	LIQUIDWEB (AS32244)	1
DIGICERT	ACE (AS139341)	2
monopost.com	Greysom Limited (AS12678)	2
Triara.com S.A. de C.V.	Telefonica de Argentina (AS22927)	1
systemdns.com	AMAZON-AES (AS14618)	3
DIGICERT	HKN GmbH (AS12676)	1
gaviones.mx	LIQUIDWEB (AS32244)	1
fc-net.fr	Franche Comte Net SAS (AS39931)	1
Host Europe GmbH	SERVERS-COM (AS7979)	1
Key-Systems GmbH	PlusServer GmbH (AS61157)	1
com.mx	CARINET (AS10439)	2
friendfinderinc.com	VARIO (AS25875)	1
Network Information Center Mexico	SECURITYSERVICES (AS19905)	1
com.mx	Internet Cancun S.A. de C.V. (AS7399)	1
sandbox.mx	NETWORK-SOLUTIONS-HOSTING (AS19871)	3
SINGLEHOP-LLC	MICROSOFT-CORP-MSN-AS-BLOCK (AS8075)	1
mercatek.mx	AS17378 (AS17378)	1
DIGICERT	FASTLY (AS54113)	3
cloudunificado.com	OVH SAS (AS16276)	2
ksserver2.com	HVC-AS (AS29802)	4
sitezoogle.com	CLOUDFLARENET (AS13335)	2
broadbandpc.com	UNIFIEDLAYER-AS-1 (AS46606)	1
MICROSOFT-CORP-MSN-AS-BLOCK	PC ONLINE (AS270179)	2
montexanic.mx	DIGITALOCEAN-ASN (AS14061)	1
SECURITYSERVICES	Alestra, S. de R.L. de C.V. (AS11172)	2
distorted-box.net	UNIFIEDLAYER-AS-1 (AS46606)	2
muumuu-domain.com	GOOGLE-CLOUD-PLATFORM (AS396982)	1
fabricadeductos.mx	Alestra, S. de R.L. de C.V. (AS11172)	1
Ledl.net GmbH	Ledl.net GmbH (AS25575)	2
Akamai Connected Cloud	DIGITALOCEAN-ASN (AS14061)	1
serverhostgroup.com	DIGITALOCEAN-ASN (AS14061)	1
webgo.de	webgo GmbH (AS48324)	1
SOFTLAYER	RMH-14 (AS33070)	1
amaac.mx	NL-811-40021 (AS40021)	1
com.mx	GO-DADDY-COM-LLC (AS398787)	3
IONOS SE	SINGLEHOP-LLC (AS32475)	1
masksoftco.mx	AS17378 (AS17378)	1
Host Europe GmbH	Register S.p.A. (AS39729)	1
AMAZON-02	NODISTO (AS394727)	1
SECURITYSERVICES	GOOGLE-2 (AS19527)	1
WUSTL-ASN	WUSTL-ASN (AS2552)	2
empoderasalud.mx	UNIFIEDLAYER-AS-1 (AS46606)	1
gigadns.com	A2HOSTING (AS55293)	1
websyred.com	SERVERCENTRAL (AS23352)	3
AMAZON-02	WHG Hosting Services Ltd (AS204800)	3
gmedic.mx	LIQUIDWEB (AS32244)	1
SECURITYSERVICES	COMCAST-7922 (AS7922)	2
CLOUDFLARENET	WEBYNE DATA CENTRE PRIVATE LIMITED (AS151734)	1
internet-service1.com	DIMENOC (AS33182)	2
ipcom GmbH	UNIFIEDLAYER-AS-1 (AS46606)	4
hostnext.net	Hetzner Online GmbH (AS24940)	1
hostgator.com	IONOS SE (AS8560)	1
GOOGLE	SINGLEHOP-LLC (AS32475)	2
etias.mx	AS-VULTR (AS20473)	1
onecompany.mx	GANDI SAS (AS29169)	1
medmarketing.mx	OVH SAS (AS16276)	1
lemarit.de	dogado GmbH (AS45012)	2
Akamai Connected Cloud	FASTLY (AS54113)	6
NSONE	CENTURYLINK-US-LEGACY-QWEST (AS209)	1
Key-Systems GmbH	DIGITALOCEAN-ASN (AS14061)	1
VITAL-DNS	Triara.com S.A. de C.V. (AS19373)	2
akkyhosting13.mx	CLOUDFLARENET (AS13335)	1
ceti.mx	Centro de Ensenanza Tecnica Industrial (AS263149)	1
CLOUDFLARENET	IENTC S DE RL DE CV (AS28458)	2
SERVERCENTRAL	PC ONLINE (AS270179)	1
aens.mx	ASN-FLEXENTIAL (AS13649)	1
Network Information Center Mexico	AS40676 (AS40676)	2
clinicalapaz.mx	UNIFIEDLAYER-AS-1 (AS46606)	1
fastcpanelserver.com	OVH SAS (AS16276)	1
ingecw.com	SERVERCENTRAL (AS23352)	2
cremi.mx	SERVERCENTRAL (AS23352)	3
CLOUDFLARENET	UPCLOUDUSA (AS25697)	2
sequoiamarketing.mx	NETWORK-SOLUTIONS-HOSTING (AS19871)	2
upem.mx	AS17378 (AS17378)	1
nocws1.com	RELIABLESITE (AS23470)	4
asindustrial.mx	LIQUIDWEB (AS32244)	1
BRAVO-NET	AMAZON-AES (AS14618)	1
akkyhosting26.mx	LINKED STORE BRASIL CRIACAO E DESENVOL DE SOFTWARE (AS273584)	1
ticp.mx	DIGITALOCEAN-ASN (AS14061)	1
cloudns.net	Cloudflare London, LLC (AS209242)	3
imeisoft.com	Cyberneticos Hosting SL (AS198968)	1
afraid.org	ORACLE-BMC-31898 (AS31898)	1
colegiochona.com	AS17378 (AS17378)	1
tanamezcal.mx	IONOS SE (AS8560)	1
multicargarangel.com	ORACLE-BMC-31898 (AS31898)	1
neubox.net	ORACLE-BMC-31898 (AS31898)	1
CLOUDFLARENET	PEG-SV (AS54600)	3
mktpymesgdl.com	NETWORK-SOLUTIONS-HOSTING (AS19871)	2
zoneedit.com	TOTAL PLAY TELECOMUNICACIONES SA DE CV (AS22884)	2
ifastnet16.org	Wildcard UK Limited (AS34119)	3
secdns.eu	ATW Internet Kft. (AS41075)	1
ailair.fr	OVH SAS (AS16276)	1
hosting-mexico.net	WEEBLY (AS27647)	1
droca.com	TOTAL PLAY TELECOMUNICACIONES SA DE CV (AS22884)	4
Nessus GmbH	Hetzner Online GmbH (AS24940)	1
zone.ee	Zone Media OU (AS49604)	4
Host Europe GmbH	SINGLEHOP-LLC (AS32475)	8
enelsrv.com	Akamai Connected Cloud (AS63949)	3
GOOGLE	BIZLAND-SD (AS29873)	1
bugsbook.com	LG DACOM Corporation (AS3786)	1
dianahosting.com	OVH SAS (AS16276)	2
altheainstituto.mx	DIMENOC (AS33182)	1
CLOUDFLARENET	MOTOROLA-SOLUTIONS (AS19773)	3
rackspace.com	UNINET (AS8151)	3
OVH SAS	Server Plan S.r.l. (AS52030)	1
fotogastronomica.mx	SSASN2 (AS20454)	1
lemarit.de	Liebherr-IT Services GmbH (AS30915)	1
site.pro	GOOGLE-CLOUD-PLATFORM (AS396982)	1
codero.com	CLOUDFLARENET (AS13335)	1
Host Europe GmbH	Strato GmbH (AS6724)	1
originalms3.com	SERVERCENTRAL (AS23352)	1
hivelocity.net	HVC-AS (AS29802)	4
EXPEDIENT	EXPEDIENT (AS17054)	3
DEFENSE-NET	INCAPSULA (AS19551)	1
popadvise.net	Hostinger International Limited (AS47583)	1
paginaswebmonterrey.biz	SERVERCENTRAL (AS23352)	3
xzy.mx	Scaleway S.a.s. (AS12876)	1
gvi.archi	UNIFIEDLAYER-AS-1 (AS46606)	1
GOOGLE	CONFLUENCE-NETWORK-INC (AS40034)	1
nike.com	AMAZON-02 (AS16509)	1
podernet.net	Axtel, S.A.B. de C.V. (AS6503)	1
CLOUDFLARENET	RMH-14 (AS33070)	5
mampodre.es	IONOS SE (AS8560)	2
CLOUDFLARENET	BGPNET PTE. LTD. (AS4907)	1
singulares.mx	LIQUIDWEB (AS32244)	1
ANEXIA Internetdienstleistungs GmbH	Equinix (EMEA) Acquisition Enterprises B.V. (AS15830)	1
tuenlinea.mx	IONOS SE (AS8560)	1
riasa.mx	Alestra, S. de R.L. de C.V. (AS11172)	1
grutastolantongo.mx	IONOS SE (AS8560)	1
ROLLERNETWORK	UNIDATA S.p.A. (AS30848)	1
Host Europe GmbH	HULUX TELECOMUNICACIONES (AS265587)	2
drsimi.com	GOOGLE-CLOUD-PLATFORM (AS396982)	1
hyperservers.net	UNIFIEDLAYER-AS-1 (AS46606)	1
cloudns.net	IWEB-AS (AS32613)	1
hostingenmexico.org	INMOTION (AS22611)	1
dwdominios.com	UNIFIEDLAYER-AS-1 (AS46606)	1
lfluevano.com	RICAWEBSERVICES (AS26832)	2
iwantmyname.net	SQUARESPACE (AS53831)	3
AS-VULTR	GOOGLE-CLOUD-PLATFORM (AS396982)	5
rtpdns.ch	Ops One AG (AS198249)	1
stabletransit.com	GOOGLE (AS15169)	10
netlifemx.net	NETWORK-SOLUTIONS-HOSTING (AS19871)	1
geoperfora.mx	IONOS SE (AS8560)	1
VITAL-DNS	Megacable Comunicaciones de Mexico, S.A. de C.V. (AS14178)	1
stabletransit.com	AS17378 (AS17378)	3
innobach.net	IWEB-AS (AS32613)	2
b-cards.cards	UNIFIEDLAYER-AS-1 (AS46606)	1
SkyExchange Internet Access	Hostinger International Limited (AS47583)	1
casareyes.mx	GO-DADDY-COM-LLC (AS398101)	1
CLOUDFLARENET	BREEZETECH (AS400810)	4
thinkmp.com	GOOGLE-CLOUD-PLATFORM (AS396982)	1
Host Europe GmbH	RAMNODE (AS3842)	1
fcnetw7.com	NL-811-40021 (AS40021)	2
webink.space	LIQUIDWEB (AS32244)	2
MICROSOFT-CORP-MSN-AS-BLOCK	ROUTERHOSTING (AS14956)	1
AS17378	Enflow B.V. (AS209626)	2
janeladigital.com	Servicos De Comunicacoes E Multimedia S.A. (AS3243)	3
greencompany.biz	UNINET (AS8151)	3
hst5web.com	OVH SAS (AS16276)	1
enko.ws	WHG Hosting Services Ltd (AS36454)	6
AMAZON-02	LIQUIDWEB (AS53824)	2
AS-VULTR	NETWORK-SOLUTIONS-HOSTING (AS19871)	1
VITAL-DNS	SUCURI-SEC (AS30148)	2
criticalserver1.net	SOFTLAYER (AS36351)	3
AMAZON-02	WEEBLY (AS27647)	3
hostduplex.com	HOSTDUPLEX (AS54555)	3
MICROSOFT-CORP-MSN-AS-BLOCK	JWKFO (AS394046)	2
web-crossing.at	web-crossing GmbH (AS202516)	1
Network Information Center Mexico	DREAMHOST-AS (AS26347)	2
sieti.mx	WHG Hosting Services Ltd (AS14670)	3
macromed.mx	LIQUIDWEB (AS32244)	1
nameshield.net	AMAZON-02 (AS16509)	3
markmonitor.com	MEETME-1 (AS46656)	1
cliniclab.mx	DIMENOC (AS33182)	1
CLOUDFLARENET	Skycloud Computing co., Ltd. (AS7483)	3
salazarcontadores.mx	GO-DADDY-COM-LLC (AS398101)	1
e-commetrics.com	CLOUDFLARENET (AS13335)	2
h2htrade.mx	DIMENOC (AS33182)	1
beecloudy.net	OVH SAS (AS16276)	1
neubox.net	UNINET (AS8151)	2
serverprincipal.com	Hostinger International Limited (AS47583)	1
Host Europe GmbH	Metro MPLS (AS262248)	1
Akamai Connected Cloud	HOSTROCKET (AS23535)	5
domainscm.com	ORACLE-BMC-31898 (AS31898)	4
NSONE	GOOGLE-2 (AS19527)	1
stabletransit.com	Alibaba US Technology Co., Ltd. (AS45102)	3
hostmetro.com	SERVERCENTRAL (AS23352)	5
Host Europe GmbH	INCAPSULA (AS19551)	5
deacero.com	MICROSOFT-CORP-MSN-AS-BLOCK (AS8075)	2
SECURITYSERVICES	BLNWX (AS399629)	1
SECURITYSERVICES	senseLAN GmbH (AS31736)	1
expertswork.mx	LIQUIDWEB (AS32244)	1
stabletransit.com	OVH SAS (AS16276)	4
securehosts.com	IS-AS-1 (AS19318)	1
eyse-empaques.com	WHG Hosting Services Ltd (AS14670)	2
ip-projects.de	blackpoint GmbH (AS214319)	1
hsynergy.mx	GO-DADDY-COM-LLC (AS398101)	1
CLOUDFLARENET	WII (AS32097)	1
interna.me	Nazwa.pl Sp.z.o.o. (AS15967)	1
studiomediaagency.com	DIGITALOCEAN-ASN (AS14061)	3
gthouse.net	GOOGLE-CLOUD-PLATFORM (AS396982)	1
cerezodigital.com	UNIFIEDLAYER-AS-1 (AS46606)	2
easywebshop.com	Combell NV (AS34762)	2
neubox.net	Contabo GmbH (AS51167)	2
msilaborde.mx	NETWORK-SOLUTIONS-HOSTING (AS19871)	2
ofimundo.mx	IONOS SE (AS8560)	1
akkyhosting29.mx	FASTLY (AS54113)	1
blindajestys.mx	IONOS SE (AS8560)	1
O2switch SAS	OVH SAS (AS16276)	3
name-services.com	GO-DADDY-COM-LLC (AS398101)	2
AUTOMATTIC	AMAZON-AES (AS14618)	4
lamodamasdeseada.mx	Axtel, S.A.B. de C.V. (AS6503)	1
AS-VULTR	SINGLEHOP-LLC (AS32475)	2
phase8.net	AMAZON-02 (AS16509)	1
com.mx	Mega Cable, S.A. de C.V. (AS13999)	1
admeli.com	Akamai Connected Cloud (AS63949)	1
creatium.app	Hetzner Online GmbH (AS24940)	1
byteshieldns.com	Cloudflare London, LLC (AS209242)	3
crossconceptdns.de	crossconcept GmbH (AS202784)	2
GTT Communications Inc.	acens Technologies, S.L. (AS16371)	3
MICROSOFT-CORP-MSN-AS-BLOCK	INMOTION (AS22611)	4
bilendi.com	Bilendi Technology SARL (AS51664)	2
ogrup.com	IOFLOOD (AS53755)	1
gpoasesor.com	IWEB-AS (AS32613)	2
SECURITYSERVICES	RENDER (AS397273)	5
AS17378	NL-811-40021 (AS40021)	3
iexe-universidad.net	OVH SAS (AS16276)	1
AMAZON-02	F5 Networks SARL (AS35280)	3
main-node.com	Hetzner Online GmbH (AS24940)	1
ecritel.com	GANDI SAS (AS29169)	1
xdns2.xignuxcom	MICROSOFT-CORP-MSN-AS-BLOCK (AS8075)	1
VITAL-DNS	FASTLY (AS54113)	1
Host Europe GmbH	Internet Engine, S.A. de C.V. (AS14249)	3
com.br	GO-DADDY-COM-LLC (AS398101)	4
EDNS	Amarutu Technology Ltd (AS206264)	3
midesrvr.com	WHG Hosting Services Ltd (AS36454)	1
condulac.mx	Cloudflare London, LLC (AS209242)	1
kgix.net	Kualo Limited (AS204436)	1
bhinteriordesign.mx	GO-DADDY-COM-LLC (AS398101)	1
GANDI SAS	BIZNESSHOSTING-DBA-VOLICO (AS33724)	1
IONOS SE	Megacable Comunicaciones de Mexico, S.A. de C.V. (AS14178)	4
ea.im	NOCIX (AS33387)	1
1-1-0-1.net	OVH SAS (AS16276)	4
LIQUIDWEB	Hetzner Online GmbH (AS213230)	1
localhost.	IONOS SE (AS8560)	3
NSONE	Wix.com Ltd. (AS58182)	7
IONOS SE	Datacamp Limited (AS60068)	1
teknocalli.info	LIQUIDNETLTD1 (AS14555)	2
wiredit.net	UNIFIEDLAYER-AS-1 (AS46606)	1
mxgeeks.com	SERVERCENTRAL (AS23352)	3
dnsiwsoft.com	NETWORK-SOLUTIONS-HOSTING (AS19871)	1
vpsg11.com	UNIFIEDLAYER-AS-1 (AS46606)	1
hispavista.com	COGENT-174 (AS174)	1
Host Europe GmbH	TELEVISION POR CABLE TEPA S.A DE C.V (AS265551)	1
geographica.mx	GO-DADDY-COM-LLC (AS398101)	4
SECURITYSERVICES	F5 Networks SARL (AS35280)	2
landert.com	Sunrise GmbH (AS6730)	1
zoneedit.com	A2HOSTING (AS55293)	1
Blacknight Internet Solutions Limited	AMAZON-02 (AS16509)	2
NETWORK-SOLUTIONS-HOSTING	NAMECHEAP-NET (AS22612)	4
mi-web.mx	IONOS SE (AS8560)	1
classicweb.com	GTT Communications Inc. (AS3257)	1
adminit.biz	KIUBIX, SA de CV (AS270139)	1
secihti.mx	INCAPSULA (AS19551)	1
VITAL-DNS	AMAZON-02 (AS16509)	3
tupaginaya.biz	ASN-GIGENET (AS32181)	1
dotmed.com	INTERNAP-BLK3 (AS13789)	1
MICROSOFT-CORP-MSN-AS-BLOCK	Akamai Connected Cloud (AS63949)	5
unknown	SOFTLAYER (AS36351)	4
sagaonline.mx	IS-AS-1 (AS19318)	1
nameshield.net	INFB2-AS (AS30447)	1
advisors.mx	OVH SAS (AS16276)	1
innovaciondesign.com	SERVERCENTRAL (AS23352)	3
CLOUDFLARENET	UAB Proservis (AS56413)	1
alojatei.net	OVH SAS (AS16276)	1
gitserver5.net	UNIFIEDLAYER-AS-1 (AS46606)	3
SECURITYSERVICES	AS17378 (AS17378)	3
logi.mx	IONOS SE (AS8560)	1
pagina.mx	RAMNODE (AS3842)	10
sfs-network.biz	Mittwald CM Service GmbH & Co. KG (AS15817)	1
grupoplexon.com	AMAZON-AES (AS14618)	1
register.it	Fastweb (AS12874)	3
linode.com	DIGITALOCEAN-ASN (AS14061)	5
dnsserverweb.	UNINET (AS8151)	1
cloudns.net	InnoGames GmbH (AS208058)	4
vagabe.com	PRIVATESYSTEMS (AS63410)	4
partnerconsole.net	AMAZON-02 (AS16509)	1
AMAZON-02	Contabo GmbH (AS51167)	2
virtualns.net	Axarnet Comunicaciones, S.l. (AS50926)	1
Host Europe GmbH	ASN-CXA-ALL-CCI-22773-RDC (AS22773)	4
powerdns.de	UD Media GmbH (AS199753)	3
srv53.net	OVH SAS (AS16276)	4
techboys.mx	UNIFIEDLAYER-AS-1 (AS46606)	1
car-part.com	FUSE-NET (AS6181)	3
NUCDN	NETWORK-SOLUTIONS-HOSTING (AS19871)	3
introdns.com	Tngnet B.v. (AS47690)	2
signus.ws	IHNET (AS33494)	6
dnsexit.com	AS-GLOBALTELEHOST (AS63023)	2
035norma.mx	MICROSOFT-CORP-MSN-AS-BLOCK (AS8075)	1
newworldhosting.com	LIQUIDWEB (AS32244)	1
MICROSOFT-CORP-MSN-AS-BLOCK	Bezeq International Ltd. (AS8551)	1
HURRICANE	AS-VULTR (AS20473)	4
pytsa.mx	OVH SAS (AS16276)	1
AS17378	FASTLY (AS54113)	13
labsantamaria.mx	GIGASNET-AS (AS27640)	1
fernandogutierrez.mx	IONOS SE (AS8560)	1
stabletransit.com	GO-DADDY-COM-LLC (AS398101)	5
neodelphi.net	Hoopla Hosting Limited (AS133950)	1
CLOUDFLARENET	RICAWEBSERVICES (AS26832)	1
atcom.gr	MICROSOFT-CORP-MSN-AS-BLOCK (AS8075)	1
mcnet.media	HVC-AS (AS29802)	1
gopacsi.com	TOTAL PLAY TELECOMUNICACIONES SA DE CV (AS22884)	4
METANET AG	METANET AG (AS21069)	6
misfacturas.mx	IONOS SE (AS8560)	1
soysocialoficial.com	IONOS SE (AS8560)	2
cancun-hosting.net	NTHL (AS11042)	1
denza.mx	OVH SAS (AS16276)	1
onix.de	EWE-Tel GmbH (AS9145)	1
qxdevnet.com	NETWORK-SOLUTIONS-HOSTING (AS19871)	2
CLOUDFLARENET	KnownSRV Ltd. (AS200514)	1
darchbps.com	MULTA-ASN1 (AS35916)	1
acepro.mx	NL-811-40021 (AS40021)	4
activacionweb.mx	UNIFIEDLAYER-AS-1 (AS46606)	3
eubdi.com	PRIVATESYSTEMS (AS63410)	1
hgsoft-s5.com	NETWORK-SOLUTIONS-HOSTING (AS19871)	1
letrasinsomnes.com	ORACLE-BMC-31898 (AS31898)	1
dns01.	POWER CLOUD AND HOSTING SA DE CV (AS265527)	1
net.mx	NETWORK-SOLUTIONS-HOSTING (AS19871)	2
phinternacional.com	CYBERCON (AS7393)	3
revistaactual.mx	Triara.com S.A. de C.V. (AS19373)	1
cdnetdns.net	BEHRPROCESS (AS11140)	1
swiservers.com	LIMESTONENETWORKS (AS46475)	1
codero.com	OVH SAS (AS16276)	4
hostxido.com	PONYNET (AS53667)	10
BRAVO-NET	IONOS SE (AS8560)	2
rochcompany.com	NTHL (AS11042)	2
naturalhealers.mx	LIQUIDWEB (AS32244)	1
grupointelectix.mx	MICROSOFT-CORP-MSN-AS-BLOCK (AS8075)	1
bioparque.mx	LIQUIDWEB (AS32244)	1
mljt.tech	Cloudflare London, LLC (AS209242)	1
CLOUDFLARENET	UK-2 Limited (AS13213)	2
DIMENOC	Gdlicanet, S.A. de C.V. (AS28408)	1
devup.mx	IS-AS-1 (AS19318)	1
inwx.ch	InterNetworX Management GmbH (AS48596)	1
CLOUDFLARENET	Datacamp Limited (AS60068)	1
hwperu.com	OVH SAS (AS16276)	1
Servicios Administrados Mexis, S.A. de C.V.	Hetzner Online GmbH (AS24940)	1
bhserver1.net	NL-811-40021 (AS40021)	3
VITAL-DNS	SUBETE A LA NUBE S.A. DE C.V. (AS265617)	1
wisec.mx	GO-DADDY-COM-LLC (AS398101)	1
bioparqueestrella.mx	LIQUIDWEB (AS32244)	1
hospedat3.com	NETWORK-SOLUTIONS-HOSTING (AS19871)	1
hosting-mexico.net	Operbes, S.A. de C.V. (AS18734)	2
nakedservidores.com	NETWORK-SOLUTIONS-HOSTING (AS19871)	2
24livehost.com	IONOS SE (AS8560)	1
DIGICERT	Mega Cable, S.A. de C.V. (AS262916)	3
veniu.com	NETWORK-SOLUTIONS-HOSTING (AS19871)	2
xcreen.net	CLOUDACCESS-NETWORK (AS54456)	1
letsencode.xyz	SERVERCENTRAL (AS23352)	3
IONOS SE	DREAMHOST-AS (AS26347)	3
AMAZON-02	Vercom S.A. (AS206417)	1
digitalnova.at	T-Mobile Austria GmbH (AS8412)	1
aulaenlinea.mx	GOOGLE-CLOUD-PLATFORM (AS396982)	1
AS-VULTR	HURRICANE (AS6939)	3
ukfast.net	DIGITALOCEAN-ASN (AS14061)	1
QUIC-CLOUD	PRIVATESYSTEMS (AS63410)	1
proisi.mx	Mega Cable, S.A. de C.V. (AS262916)	1
mangio.xyz	UNIFIEDLAYER-AS-1 (AS46606)	2
osvaldogdelrio.dev	UNIFIEDLAYER-AS-1 (AS46606)	2
CLOUDFLARENET	SCALEMATRIX (AS33695)	1
hkn.de	HKN GmbH (AS12676)	1
mydnsservice.com	WII (AS32097)	1
com.mx	AS-30083-US-VELIA-NET (AS30083)	6
prominic.net	PROMINIC-NET-INC (AS22663)	1
realtyninja.com	AMAZON-02 (AS16509)	1
NUCDN	Econocom Cloud Sl (AS24592)	1
cirtexhosting.com	UNIFIEDLAYER-AS-1 (AS46606)	1
com.br	LIMESTONENETWORKS (AS46475)	2
creattocloud.com	IONOS SE (AS8560)	3
ipcom GmbH	Strato GmbH (AS6724)	5
local-host.de	netcup GmbH (AS197540)	1
Host Europe GmbH	ICENTRAL SISTEMAS Y COMUNICACIONES (AS270175)	1
CLOUDFLARENET	GO-DADDY-COM-LLC (AS400754)	8
taurogas.mx	MULTA-ASN1 (AS35916)	2
nameservice.at	interneX GmbH (AS44453)	1
hosting-mx.com	SERVERCENTRAL (AS23352)	2
occentus.net	NIXVAL (AS13287)	1
mexcomp.com	DIMENOC (AS33182)	2
Triara.com S.A. de C.V.	20i Limited (AS48254)	1
IONOS SE	ORACLE-BMC-31898 (AS31898)	7
papelesplanos.com	UNIFIEDLAYER-AS-1 (AS46606)	1
inforent.de	INFORENT GmbH (AS21336)	1
solmar.com	Akamai Connected Cloud (AS63949)	5
mammut.mx	Scaleway S.a.s. (AS12876)	1
emirates.com	AMAZON-02 (AS16509)	2
servicioswebmx.com	netcup GmbH (AS214996)	2
emkiobsdn03.	RMH-14 (AS33070)	1
IONOS SE	IWEB-AS (AS32613)	2
Host Europe GmbH	GANDI SAS (AS203476)	1
CLOUDFLARENET	M247 Europe SRL (AS9009)	2
plazadecomputo.net	UNIFIEDLAYER-AS-1 (AS46606)	3
benefit.mx	IONOS SE (AS8560)	1
MICROSOFT-CORP-MSN-AS-BLOCK	Claranet Limited (AS8426)	1
ingeniusdigital.online	UNIFIEDLAYER-AS-1 (AS46606)	2
IONOS SE	Mega Cable, S.A. de C.V. (AS262916)	2
grii.mx	LIQUIDNETLTD1 (AS14555)	1
schooltech.mx	MULTA-ASN1 (AS35916)	1
cicde.mx	WHG Hosting Services Ltd (AS211126)	2
ATT-INTERNET4	Telefonica De Espana S.a.u. (AS3352)	1
afraid.org	Hostinger International Limited (AS47583)	2
virtualns.net	IONOS SE (AS8560)	1
noztar.com	OVH SAS (AS16276)	2
kigre.mx	AS17378 (AS17378)	1
plaindns.net	Register S.p.A. (AS39729)	2
MICROSOFT-CORP-MSN-AS-BLOCK	SHARKTECH (AS46844)	1
domain-hosting.name	InterNetX GmbH (AS15456)	2
NSONE	COGENT-174 (AS174)	1
CLOUDFLARENET	ZILLION-NETWORK (AS54801)	2
SECURITYSERVICES	LANTOINTERNET SA DE CV (AS265561)	1
Host Europe GmbH	CROCWEB (AS63068)	1
soyweb.net	AS17378 (AS17378)	3
wdn.mx	HOSTWINDS (AS54290)	1
GOOGLE	Scalaxy B.V. (AS58061)	1
ZONER a.s.	T-Mobile Czech Republic a.s. (AS13036)	1
oasify.mx	SERVERCENTRAL (AS23352)	1
hexadecimalcreativo.com	SERVERCENTRAL (AS23352)	1
dwggl.com	UNIFIEDLAYER-AS-1 (AS46606)	1
xado.com	Hetzner Online GmbH (AS24940)	1
solo-host.com	UNIFIEDLAYER-AS-1 (AS46606)	2
CLOUDFLARENET	WEBINT (AS11989)	14
hostxido.com	NAMECRANE (AS46824)	2
Blacknight Internet Solutions Limited	Blacknight Internet Solutions Limited (AS39122)	2
Enix Ltd	Enix Ltd (AS52148)	15
frisbi.net	OVH SAS (AS16276)	2
rackspace.com	CLOUDFLARENET (AS13335)	2
zomro.com	Podaon SIA (AS211381)	1
one.com	dogado GmbH (AS8648)	1
lobocom.es	AMAZON-02 (AS16509)	1
Akamai Connected Cloud	LEASEWEB-USA-SFO (AS7203)	2
IONOS SE	UK Dedicated Servers Limited (AS42831)	1
IONOS SE	NorthC Deutschland GmbH (AS15598)	2
redcloudnet.net	Hostinger International Limited (AS47583)	1
CIPHERKEY	CIPHERKEY (AS25668)	2
rokolavirtual.com	LIMESTONENETWORKS (AS46475)	1
mho.mx	Gdlicanet, S.A. de C.V. (AS28408)	1
karmanames.com	GOTEKKY (AS63447)	1
Akamai Connected Cloud	LINKED STORE BRASIL CRIACAO E DESENVOL DE SOFTWARE (AS273584)	2
avantmed.mx	GO-DADDY-COM-LLC (AS398101)	1
kastillo.org	OVH SAS (AS16276)	4
colmex.mx	El Colegio de Mexico, A.C. (AS3968)	1
safe.mx	AMAZON-02 (AS16509)	1
onlycpanel.com	Hetzner Online GmbH (AS24940)	1
Hostinger International Limited	AMAZON-02 (AS16509)	1
losdentistas.mx	AUTOMATTIC (AS2635)	1
NAMEHERO-KCDC	FASTLY (AS54113)	1
akkyhosting26.mx	AMAZON-AES (AS14618)	1
evolutiondev.mx	SERVERCENTRAL (AS23352)	1
CLOUDFLARENET	Dimension Network & Communication Limited (AS59371)	2
redunda.com	Axarnet Comunicaciones, S.l. (AS50926)	3
CLOUDFLARENET	Servergarden Kft. (AS47381)	1
IONOS SE	ICM Netsystems 2005 SL (AS197876)	1
seodomains.top	M247 Europe SRL (AS9009)	1
CLOUDFLARENET	BACOM (AS577)	1
DIGICERT	ATT-INTERNET4 (AS7018)	1
transat.com	TRANSAT (AS54447)	1
Cloud DNS Ltd	IOFLOOD (AS53755)	2
itpyme.mx	Contabo GmbH (AS51167)	1
laconve.com	UNIFIEDLAYER-AS-1 (AS46606)	2
bisping.de	Bisping & Bisping GmbH & Co KG (AS20686)	3
integraing.mx	MULTA-ASN1 (AS35916)	1
stabletransit.com	DIMENOC (AS33182)	1
BIZLAND-SD	Alestra, S. de R.L. de C.V. (AS11172)	1
ccmailservice.com	MICROSOFT-CORP-MSN-AS-BLOCK (AS8075)	1
VITAL-DNS	Axtel, S.A.B. de C.V. (AS6503)	2
jidservers.com	GO-DADDY-COM-LLC (AS398101)	2
lemarit.de	CLOUDFLARENET (AS13335)	1
dsgner.net	SERVERCENTRAL (AS23352)	2
sipnology.mx	GO-DADDY-COM-LLC (AS398101)	1
CLOUDFLARENET	LEASEWEB-USA-WDC (AS30633)	2
astrocollege.mx	SOFTLAYER (AS36351)	1
by-neo.com	NETWORK-SOLUTIONS-HOSTING (AS19871)	1
jumpvps.org	Delta HighTech Ltd. (AS8860)	2
Host Europe GmbH	DATABANK-DFW (AS13767)	2
prodisa5.net	CLOUDFLARENET (AS13335)	1
sandvik.com	WIIT AG (AS24961)	1
com.au	Dreamscape Networks Limited (AS38719)	4
pulsation.fr	AMAZON-02 (AS16509)	1
introdns.com	Okb Progress LLC (AS39238)	1
CLOUDFLARENET	PEG-SG (AS394432)	1
ocg.mx	UNIFIEDLAYER-AS-1 (AS46606)	1
mayarinmo.com	NETWORK-SOLUTIONS-HOSTING (AS19871)	1
leaseweb.nl	IWEB-AS (AS32613)	1
go54.com	SS-ASH (AS19437)	1
cehm.mx	Triara.com S.A. de C.V. (AS19373)	1
4.4	OVH SAS (AS16276)	4
datam.mx	AMAZON-AES (AS14618)	4
grpconalep.com	NETWORK-SOLUTIONS-HOSTING (AS19871)	1
especialistaswebserv17.com	IS-AS-1 (AS19318)	1
GOOGLE	Alestra, S. de R.L. de C.V. (AS11172)	1
lnhi.net	LNH-INC (AS20021)	2
hover.com	GO-DADDY-COM-LLC (AS398101)	1
ghmanagement.mx	AS17378 (AS17378)	1
CENTURYLINK-US-LEGACY-QWEST	UNINET (AS8151)	1
megahost.xyz	Hetzner Online GmbH (AS24940)	2
orus2mx.com	NETWORK-SOLUTIONS-HOSTING (AS19871)	1
ffbcc.mx	DIMENOC (AS33182)	1
Host Europe GmbH	NETSOURCE (AS22458)	2
akkyhosting31.mx	AMAZON-AES (AS14618)	1
com.mx	Scaleway S.a.s. (AS12876)	4
terus5.com	UNIFIEDLAYER-AS-1 (AS46606)	1
catpate.com	NETSOURCE (AS22458)	2
MICROSOFT-CORP-MSN-AS-BLOCK	SALESFORCE (AS14340)	1
ORACLE-BMC-31898	SERVERCENTRAL (AS23352)	1
autohistorica.mx	IONOS SE (AS8560)	1
secureservers.site	IONOS SE (AS8560)	2
reflected.net	AMAZON-02 (AS16509)	1
nuvem.mx	MICROSOFT-CORP-MSN-AS-BLOCK (AS8075)	2
CLOUDFLARENET	SYN LTD (AS58305)	1
oval.it	UNIDATA S.p.A. (AS30848)	1
alucina.mx	SERVERCENTRAL (AS23352)	4
herkel.mx	AS-30083-US-VELIA-NET (AS30083)	1
NetActuate, Inc	FASTLY (AS54113)	1
Host Europe GmbH	THEOPT-HOU (AS40156)	1
ecmdiesel.com	IS-AS-1 (AS19318)	1
OVH SAS	Orange (AS3215)	1
home.pl	home.pl S.A. (AS12824)	1
VITAL-DNS	Cloudsigma Ag (AS50837)	2
icnea.net	Noraina Ltd (AS48305)	1
evolutionserver.net	AS-22364 (AS22364)	1
gisecmx.com	HVC-AS (AS29802)	2
DIGICERT	GETRESPONSE-IMPLIX (AS46469)	1
a1.net	AMAZON-02 (AS16509)	2
qualtel.mx	LIQUIDWEB (AS32244)	1
ixaya.net	SERVER-MANIA (AS55286)	7
akkyhosting6.mx	AMAZON-AES (AS14618)	2
dnsexit.com	CARINET (AS10439)	1
SECURITYSERVICES	Clever Cloud SAS (AS213394)	1
mark3ting.mx	AS-GLOBALTELEHOST (AS62563)	1
gosites.mx	20i Limited (AS48254)	1
yoamoveracruz.com	DIMENOC (AS33182)	1
eass.mx	SERVERPOINT (AS26277)	1
Host Europe GmbH	SCALAHOSTING (AS40476)	2
AS17378	MAJESTIC-HOSTING-01 (AS396073)	1
Dreamscape Networks Limited	CLOUDFLARENET (AS13335)	1
integra-st.com	WHG Hosting Services Ltd (AS14670)	1
com.au	Mammoth Media Pty Ltd (AS133159)	1
waultimate.mx	OVH SAS (AS16276)	1
directnic.com	DinaHosting S.L. (AS42612)	2
hostingorbis.com	UNIFIEDLAYER-AS-1 (AS46606)	3
ikadigital.com	AS17378 (AS17378)	3
managed-ip.com	PlusServer GmbH (AS61157)	4
register.it	CLOUDFLARENET (AS13335)	3
meganameservers.com	GOOGLE-CLOUD-PLATFORM (AS396982)	1
Hangzhou Alibaba Advertising Co.,Ltd.	NETWORK-SOLUTIONS-HOSTING (AS19871)	1
zele.mx	IONOS SE (AS8560)	1
sillycruds.com	UNIFIEDLAYER-AS-1 (AS46606)	1
ifilter.mx	TEKTONIC (AS55045)	1
srv-acens.com	acens Technologies, S.L. (AS16371)	1
neubox.net	GO-DADDY-COM-LLC (AS398101)	3
controladordns.com	DIGITALOCEAN-ASN (AS14061)	1
datacenter.no	Webhuset AS (AS39783)	2
BUNNYWAY, informacijske storitve d.o.o.	GOOGLE-CLOUD-PLATFORM (AS396982)	2
acj.mx	UNINET (AS8151)	1
Akamai International B.V.	MASTER-7-AS (AS26380)	1
Triara.com S.A. de C.V.	DIGITALOCEAN-ASN (AS14061)	8
TIER-NET	Wix.com Ltd. (AS58182)	2
cloudns.net	Akamai Connected Cloud (AS63949)	17
haisoft.net	Fbw Networks SAS (AS49434)	1
x-dns.de	planet 33 AG (AS206138)	1
IONOS SE	NTT-DATA-2914 (AS2914)	1
sersis.de	Hetzner Online GmbH (AS212317)	3
vexel.mx	MULTA-ASN1 (AS35916)	3
sameservers.com	AHOSTING (AS54163)	1
edlio.com	CLOUDFLARENET (AS13335)	3
dnns.net	GLOBAL-IP-NETWORKS (AS7819)	1
GANDI SAS	UNINET (AS8151)	1
estratecc.com	NETWORK-SOLUTIONS-HOSTING (AS19871)	1
koaladns.com	LIMESTONENETWORKS (AS46475)	4
usvx.net	IONOS SE (AS8560)	1
domainers.de	Key-Systems GmbH (AS13246)	3
edns.de	DNS:NET Internet Service GmbH (AS15366)	1
dnsdatacenter.com	SERVERCENTRAL (AS23352)	1
edgedns.ru	edgeam LLC (AS201589)	1
Host Europe GmbH	Tilda Publishing Ltd. (AS205282)	4
nahual.mx	OVH SAS (AS16276)	1
keynetserver.com	A2HOSTING (AS55293)	2
mexinbox-server.com	DIMENOC (AS33182)	2
cristafacil.com	GOOGLE-CLOUD-PLATFORM (AS396982)	1
NUCDN	Tilaa B.V. (AS196752)	1
ACTIVE 24, s.r.o.	Loopia AB (AS41528)	3
Host Europe GmbH	Sixsigma Networks Mexico, S.A. de C.V. (AS22908)	1
c-onlineweb.com	NETWORK-SOLUTIONS-HOSTING (AS19871)	1
AMAZON-02	LINKED STORE BRASIL CRIACAO E DESENVOL DE SOFTWARE (AS273584)	5
SECURITYSERVICES	OMNITURE (AS15224)	5
dnsexit.com	Mega Cable, S.A. de C.V. (AS13999)	1
enelsrv.com	AS-VULTR (AS20473)	1
linode.com	NETWORK-SOLUTIONS-HOSTING (AS19871)	1
Network Information Center Mexico	NAMECHEAP-NET (AS22612)	4
perf1.com	OVH SAS (AS16276)	3
nadns1.com	GO-DADDY-COM-LLC (AS398101)	1
rdwserver.net	NTHL (AS11042)	1
ypo.mx	LIQUIDWEB (AS32244)	1
mobixa.mx	Host Europe GmbH (AS21499)	1
directnic.com	SQUARESPACE (AS53831)	1
everex.es	Soluciones web on line s.l. (AS200960)	1
byethost20.org	Wildcard UK Limited (AS34119)	3
Soluciones Corporativas IP, SL	Alibaba US Technology Co., Ltd. (AS45102)	1
serviciolacima.mx	MICROSOFT-CORP-MSN-AS-BLOCK (AS8075)	1
markmonitor.com	COGECO-PEER1 (AS13768)	3
losjefescg.mx	NETWORK-SOLUTIONS-HOSTING (AS19871)	1
brandingmix.com	INMOTION (AS22611)	1
rodlogistics.mx	GO-DADDY-COM-LLC (AS398101)	1
com.mx	LIQUIDNETLTD1 (AS14555)	4
OVH SAS	Datacamp Limited (AS212238)	1
umwerk-domains.com	Hetzner Online GmbH (AS24940)	2
apgmayoreo.mx	KVCNET-2009 (AS395111)	1
acuatics.mx	WEBINT (AS11989)	1
AMAZON-02	Nine Internet Solutions AG (AS29691)	1
com.mx	Cloudflare London, LLC (AS209242)	3
misitiohostgator.com	NETWORK-SOLUTIONS-HOSTING (AS19871)	4
SECURITYSERVICES	HOSTA-LAS (AS33398)	1
sybic.mx	UNINET (AS8151)	1
GOOGLE	THEROCKETSCIENCEGROUP (AS14782)	1
managed-ip.com	GOOGLE-CLOUD-PLATFORM (AS396982)	1
grupomuseodecera.mx	MULTA-ASN1 (AS35916)	1
MICROSOFT-CORP-MSN-AS-BLOCK	TRANSTELCO-INC (AS32098)	1
koaladns.com	NForce Entertainment B.V. (AS43350)	1
adir.mx	Mega Cable, S.A. de C.V. (AS262916)	1
nextdimensioninc.com	MICROSOFT-CORP-MSN-AS-BLOCK (AS8075)	1
AS-VULTR	DIGITALOCEAN-ASN (AS14061)	5
hostinger.com	GOOGLE-CLOUD-PLATFORM (AS396982)	1
server273.com	ICDSoft Ltd. (AS8739)	2
credihosting.net	LIQUIDWEB (AS32244)	3
dis.mx	Axtel, S.A.B. de C.V. (AS6503)	1
fisa.mx	AS17378 (AS17378)	1
sitebytes.nl	CLDIN B.V. (AS48635)	1
mijndnsserver.nl	Signet B.V. (AS20857)	1
CLOUDFLARENET	GRIDFURY-AS (AS40630)	1
CLOUDFLARENET	COGENT-174 (AS174)	1
Host Europe GmbH	LATIN-IP (AS40731)	5
fbmgaming.mx	AS17378 (AS17378)	1
SECURITYSERVICES	ROGERS-COMMUNICATIONS (AS812)	2
bhserver5.net	NL-811-40021 (AS40021)	4
byethost11.org	Wildcard UK Limited (AS34119)	1
inteneg1.local	Alestra, S. de R.L. de C.V. (AS11172)	1
zumaya.mx	UNIFIEDLAYER-AS-1 (AS46606)	2
hiper.scot	Kualo Limited (AS204436)	1
dns-h.com	xneelo (AS37153)	2
hostgator.com	Wix.com Ltd. (AS58182)	3
AUTOMATTIC	RENDER (AS397273)	1
Hostinger International Limited	GOOGLE-CLOUD-PLATFORM (AS396982)	2
clinicajardines.mx	GO-DADDY-COM-LLC (AS398101)	1
Triara.com S.A. de C.V.	Cydsa Corporativo, S.A. de C.V. (AS28375)	1
frei.net	Equinix (EMEA) Acquisition Enterprises B.V. (AS15830)	2
AMAZON-02	Host Europe GmbH (AS8972)	1
co.uk	CCSI-AS (AS40593)	2
thewebhostserver.com	Synextra Limited (AS59778)	2
hover.com	GOOGLE-2 (AS19527)	1
com.br	AS-VULTR (AS20473)	3
beit.mx	AS-VULTR (AS20473)	1
com.uy	OVH SAS (AS16276)	1
Akamai International B.V.	IFX18747 (AS18747)	1
ip-148-113-219.net	OVH SAS (AS16276)	1
1hostingenmexico.com	UNIFIEDLAYER-AS-1 (AS46606)	1
CLOUDFLARENET	Nessus GmbH (AS47692)	1
checkdomain.de	Xirra GmbH (AS51191)	7
interip.nl	WorldStream B.V. (AS49981)	1
TV Azteca, S.A.B. de C.V.	Hostinger International Limited (AS47583)	1
conergy.mx	LIQUIDWEB (AS32244)	1
scubashack.mx	Castor Networks Mexico (AS270142)	1
dynu.com	UNINET (AS8151)	6
CLOUDFLARENET	AS-GLOBALTELEHOST (AS63023)	1
NEXCESS-NET	LIQUIDWEB (AS32244)	3
register.it	TIM (AS20746)	1
cosene.mx	LIQUIDWEB (AS32244)	1
bamac.mx	WHG Hosting Services Ltd (AS211126)	1
gmxt.mx	Megacable Comunicaciones de Mexico, S.A. de C.V. (AS14178)	1
inteligentedigital.net	NAMECHEAP-NET (AS22612)	3
dn-s.nl	DIGITALOCEAN-ASN (AS14061)	1
gohosting.mx	Dattatec.com (AS27823)	2
fgyasociados.mx	Hetzner Online GmbH (AS24940)	1
dyce.mx	OVH SAS (AS16276)	1
concepted.com	NETWORK-SOLUTIONS-HOSTING (AS19871)	3
mihostya.com	Megacable Comunicaciones de Mexico, S.A. de C.V. (AS14178)	2
Network Information Center Mexico	WEBNX (AS18450)	1
nameshield.net	IONOS SE (AS8560)	1
tektonic.net	TEKTONIC (AS55045)	3
hospedateya.net	NOCIX (AS33387)	3
yourwebhosting.com	BIZLAND-SD (AS29873)	3
AMAZON-02	PRIVATESYSTEMS (AS63410)	2
nocws10.com	IOFLOOD (AS53755)	1
Network Information Center Mexico	INFB2-AS (AS30447)	1
kaba.com	AMAZON-02 (AS16509)	1
dailymiracle.org	SERVERCENTRAL (AS23352)	1
server323.com	ICDSoft Ltd. (AS8739)	1
7sistemas.com	UNIFIEDLAYER-AS-1 (AS46606)	1
percepticon.net	INTERNAP-2BLK (AS12182)	1
GOOGLE	TV Rey de Occidente, S.A. de C.V. (AS28378)	2
kngaz.com	NETWORK-SOLUTIONS-HOSTING (AS19871)	2
covarii.mx	IONOS SE (AS8560)	1
darsis.us	UNIFIEDLAYER-AS-1 (AS46606)	2
systemdns.com	IBX-CHICAGO (AS11763)	4
co.uk	AS-26496-GO-DADDY-COM-LLC (AS26496)	1
des-ag.net	Hofmeir Media GmbH (AS196922)	2
flowcoco.mx	IWEB-AS (AS32613)	1
cscudns.com	AMAZON-02 (AS16509)	1
fitsoftware.mx	NODISTO (AS394727)	2
praim.mx	UNIFIEDLAYER-AS-1 (AS46606)	1
gadgetsmx.com	INMOTION (AS22611)	1
Host Europe GmbH	HOSTCOLLECTIVE (AS14415)	1
xweb.mx	Mega Cable, S.A. de C.V. (AS13999)	1
Host Europe GmbH	VSHosting s.r.o. (AS43541)	3
psd-server1.com	Hostinger International Limited (AS47583)	1
com.mx	KKM IT Limited (AS60922)	1
inteligentehost.com	NAMECHEAP-NET (AS22612)	1
enterprisedomains.com	Enterprise-Outsourcing (AS328523)	3
Akamai International B.V.	MOTOROLA-MOBILITY (AS22244)	5
SECURITYSERVICES	Strato GmbH (AS6724)	1
bluedomino.com	BIZLAND-SD (AS29873)	1
gnoss.net	IONOS SE (AS8560)	1
nationalnet.com	PERFORMIVE (AS46562)	1
axo-corp.com	AMAZON-02 (AS16509)	2
Akamai Connected Cloud	Zomro B.V. (AS204601)	1
akkyhosting7.mx	GO-DADDY-COM-LLC (AS398787)	1
mrbhost.com	OVH SAS (AS16276)	1
desci.mx	OVH SAS (AS16276)	1
fc-net.fr	GANDI SAS (AS29169)	2
grifonline.it	Grifonline S.r.l. (AS43942)	1
flnet.su	Rostelecom (AS12389)	1
Network Information Center Mexico	OIS1 (AS26337)	1
phase8.net	WEEBLY (AS27647)	1
ipcom GmbH	Bluewin (AS3303)	5
cafeinadigital.mx	SERVERCENTRAL (AS23352)	3
nubbacloud.com	20i Limited (AS48254)	2
servergr.com	IONOS SE (AS8560)	1
SECURITYSERVICES	Bayerische Motoren Werke Aktiengesellschaft (AS8590)	5
falkor.cc	ATT-INTERNET4 (AS7018)	1
popidns.de	pop-interactive GmbH (AS20783)	1
gitserver5.com	NETWORK-SOLUTIONS-HOSTING (AS19871)	1
server297.com	NETWORK-SOLUTIONS-HOSTING (AS19871)	1
SECURITYSERVICES	TOTAL PLAY TELECOMUNICACIONES SA DE CV (AS22884)	1
ubix.mx	AS-VULTR (AS20473)	1
testlab.mx	UNINET (AS8151)	1
dominiok.it	3U TELECOM GmbH (AS198710)	10
klen.mx	IONOS SE (AS8560)	1
iplace.se	Tele2 SWIPnet (AS1257)	1
gob.mx	INCAPSULA (AS19551)	2
server308.com	ICDSoft Ltd. (AS8739)	1
aplicacionex.com	NAMECHEAP-NET (AS22612)	1
lena.mx	Akamai Connected Cloud (AS63949)	1
mipaginaweb.mx	CLOUDFLARENET (AS13335)	1
ssit2.com	CLOUDFLARENET (AS13335)	1
ipcom GmbH	EDNS (AS16686)	1
zomro.com	Zomro B.V. (AS204601)	3
biotecnologias.mx	DIMENOC (AS33182)	1
LIQUIDWEB	NEXCESS-NET (AS36444)	2
AMAZON-02	WHG Hosting Services Ltd (AS213183)	1
myvytech.mx	SERVERCENTRAL (AS23352)	1
lubrizol.com	63371 (AS63371)	1
com.mx	Host Europe GmbH (AS21499)	3
liondefense.mx	GO-DADDY-COM-LLC (AS398101)	1
going.mx	Alestra, S. de R.L. de C.V. (AS11172)	1
mayansource.cloud	OVH SAS (AS16276)	1
e-digitalhosting.net	AMAZON-02 (AS16509)	1
inforegio.mx	WII (AS32097)	2
Host Europe GmbH	SWITCH-LTD (AS23005)	2
3oha.com	AMAZON-AES (AS14618)	1
webaccess.mx	NETWORK-SOLUTIONS-HOSTING (AS19871)	1
apple.com	APPLE-ENGINEERING (AS714)	6
lf.net	LF.net Netzwerksysteme GmbH (AS12374)	1
CLOUDFLARENET	AISANIE DATA SERVICES LIMITED (AS150150)	1
IONOS SE	SHARKTECH (AS46844)	1
masmex.com	UNIFIEDLAYER-AS-1 (AS46606)	2
quetevalga.mx	IONOS SE (AS8560)	1
ergofilms.mx	GOOGLE-CLOUD-PLATFORM (AS396982)	1
Key-Systems GmbH	23M GmbH (AS47447)	1
register.be	Axarnet Comunicaciones, S.l. (AS50926)	1
merca-host.com	OVH SAS (AS16276)	3
tmdvps.com	SINGLEHOP-LLC (AS32475)	1
DIGICERT	A2HOSTING (AS55293)	2
organizateya.mx	PONYNET (AS53667)	1
Host Europe GmbH	RICAWEBSERVICES (AS26832)	2
o24dns.co	CLOUDFLARENET (AS13335)	1
zion-soft.com	SERVERCENTRAL (AS23352)	1
almira.mx	UNIFIEDLAYER-AS-1 (AS46606)	3
hdnsserver2.com	INMOTION (AS22611)	3
AMERITECH-AS	AMAZON-AES (AS14618)	1
tunl.mx	LIQUIDWEB (AS32244)	1
lomasdechapultepec.mx	GO-DADDY-COM-LLC (AS398101)	1
osn.de	CLOUDFLARENET (AS13335)	1
TUT-AS	TUT-AS (AS53334)	1
inmotionhosting.com	CLOUDFLARENET (AS13335)	5
pixerama.com	Soltia Consulting SL (AS201942)	2
ztomy.com	CONFLUENCE-NETWORK-INC (AS40034)	3
SOFTLAYER	Wix.com Ltd. (AS58182)	3
webdesign.mx	DIMENOC (AS33182)	1
llanes2022.com	SERVERCENTRAL (AS23352)	1
DIGICERT	IP Matrix, S.A. de C.V. (AS22566)	1
118km.com	SERVERCENTRAL (AS23352)	1
akkyhosting17.mx	NGX-NETWORKS (AS398013)	1
Triara.com S.A. de C.V.	COLOSOLUTIONS (AS16557)	1
serveruno.com	TURNKEY-INTERNET (AS40244)	2
prvmexico.com	NL-811-40021 (AS40021)	1
gci.mx	SERVERPOINT (AS26277)	1
bufetebautista.com	WHG Hosting Services Ltd (AS211126)	1
ns14.net	Bradler & Krantz GmbH & Co. KG (AS29141)	1
com.mx	AS-COLOCROSSING (AS36352)	5
MICROSOFT-CORP-MSN-AS-BLOCK	GANDI SAS (AS203476)	1
climaspro.mx	IONOS SE (AS8560)	1
adminhostdns10.com	SERVERCENTRAL (AS23352)	1
AMAZON-02	Sixsigma Networks Mexico, S.A. de C.V. (AS22908)	2
CLOUDFLARENET	COLT Technology Services Group Limited (AS8220)	2
hoststar.hosting	Hetzner Online GmbH (AS24940)	1
Safenames Ltd.	CLOUDFLARENET (AS13335)	3
miredmovil.mx	Hetzner Online GmbH (AS24940)	1
AMAZON-02	RACKSPACE (AS19994)	3
epa.mx	GO-DADDY-COM-LLC (AS398101)	1
necesitomi.com	CLOUDFLARENET (AS13335)	1
Host Europe GmbH	INFB2-AS (AS30447)	1
bayit.mx	IONOS SE (AS8560)	1
net.mx	GOOGLE-CLOUD-PLATFORM (AS396982)	3
phoenix-solutions.net	NTHL (AS11042)	2
IQCLOUD S.A. DE C.V.	IQCLOUD S.A. DE C.V. (AS265503)	12
conexiondigitaltotal.com	SERVERCENTRAL (AS23352)	1
co.uk	FASTLY (AS54113)	3
acens Technologies, S.L.	Akamai Connected Cloud (AS63949)	1
SECURITYSERVICES	Combell NV (AS34762)	2
qromahost.com	SERVERCENTRAL (AS23352)	2
com.ar	INTERBANKING S.A. (AS52394)	1
akkyhosting29.mx	DIGITALOCEAN-ASN (AS14061)	1
CLOUDFLARENET	SPACEX-STARLINK (AS14593)	1
kadyllo.mx	IONOS SE (AS8560)	2
emtech.digital	OVH SAS (AS16276)	1
joiner.fi	Planeetta Internet Oy (AS58003)	1
NETWORK-SOLUTIONS-HOSTING	INMOTION (AS22611)	2
trespuntosweb.com	UNIFIEDLAYER-AS-1 (AS46606)	2
uaemex.mx	Universidad Autonoma del Estado de Mexico (AS28526)	1
dlpmexico.com	UNIFIEDLAYER-AS-1 (AS46606)	1
brinck.org	DIMENOC (AS33182)	1
gssupport-hosting.net	NETWORK-SOLUTIONS-HOSTING (AS19871)	3
artificeio.com	DIGITALOCEAN-ASN (AS14061)	1
topsec.com	AMAZON-02 (AS16509)	2
bit.nl	MICROSOFT-CORP-MSN-AS-BLOCK (AS8075)	1
mktsinjaula.com	NETWORK-SOLUTIONS-HOSTING (AS19871)	1
NETWORK-SOLUTIONS-HOSTING	LIQUIDWEB (AS32244)	2
IONOS SE	Cablevision, S.A. de C.V. (AS28548)	1
autocamiones.mx	DREAMHOST-AS (AS26347)	1
acens Technologies, S.L.	GOOGLE-CLOUD-PLATFORM (AS396982)	1
usvx.net	WHG Hosting Services Ltd (AS211126)	1
webhosting-network-services.com	HVC-AS (AS29802)	1
CLOUDFLARENET	Assetel SA de CV (AS265615)	3
rackspace.com	LIQUIDWEB (AS32244)	1
mdnsservice.com	UNIFIEDLAYER-AS-1 (AS46606)	1
AMAZON-AES	GO-DADDY-COM-LLC (AS398101)	1
ns14.net	MARCANT AG (AS15726)	3
GOOGLE	Mega Cable, S.A. de C.V. (AS262916)	2
Cloud Builders SA	Cloud Builders SA (AS48348)	2
CLOUDFLARENET	YISU CLOUD LTD (AS142403)	1
123ns.de	Hetzner Online GmbH (AS24940)	1
cscweb.net	Akamai Connected Cloud (AS63949)	1
whatyou.com	NL-811-40021 (AS40021)	1
srv.cr	JSC Selectel (AS50340)	1
Dattatec.com	SQUARESPACE (AS53831)	1
dn-s.nl	Signet B.V. (AS20857)	5
ANEXIA Internetdienstleistungs GmbH	CLOUDFLARENET (AS13335)	1
Host Europe GmbH	SHARKTECH (AS46844)	5
NETWORK-SOLUTIONS-HOSTING	Etix Everywhere Ouest SAS (AS197816)	1
ns14.net	Enflow B.V. (AS209626)	2
raymondmx.space	UNIFIEDLAYER-AS-1 (AS46606)	1
rackspace.com	Sixsigma Networks Mexico, S.A. de C.V. (AS22908)	1
OVH SAS	LH.pl Sp. z o.o. (AS203417)	1
insistecsecurity.com	GO-DADDY-COM-LLC (AS398101)	2
arteendisplay.mx	IONOS SE (AS8560)	1
MICROSOFT-CORP-MSN-AS-BLOCK	CANCOM Austria AG (AS31382)	1
DIGICERT	OVH SAS (AS16276)	10
BRAVO-NET	DIMENOC (AS33182)	1
IONOS SE	WHG Hosting Services Ltd (AS36454)	2
datmon.mx	YUVOX S.A DE C.V (AS10706)	1
dmsistemas.mx	WHG Hosting Services Ltd (AS211126)	1
HVC-AS	GOOGLE (AS15169)	1
rseguridad.com	UNIFIEDLAYER-AS-1 (AS46606)	1
emkiobsdn03.	Sixsigma Networks Mexico, S.A. de C.V. (AS22908)	4
SkyExchange Internet Access	AMAZON-AES (AS14618)	1
arteenflores.mx	SOFTLAYER (AS36351)	1
servidorgha3.com	GO-DADDY-COM-LLC (AS398101)	1
secorp.mx	CLOUDFLARENET (AS13335)	1
org.co	OVH SAS (AS16276)	1
inmotionhosting.com	GO-DADDY-COM-LLC (AS398101)	1
tupaginawebymas.com	LIQUIDNETLTD1 (AS14555)	1
virtualeduca.mx	NETWORK-SOLUTIONS-HOSTING (AS19871)	4
anycast-rcode0.at	Probe Networks (AS29686)	1
mezcalguiadelalma.mx	IONOS SE (AS8560)	1
hostgator.com	GOOGLE-CLOUD-PLATFORM (AS396982)	3
kaikala.mx	AS-26496-GO-DADDY-COM-LLC (AS26496)	1
farma-si.mx	UNIFIEDLAYER-AS-1 (AS46606)	2
Host Europe GmbH	ENZUINC (AS18978)	1
asicmexico.mx	ONIAAS (AS40092)	1
bluecatdns.com	CGINET-01 (AS18563)	1
comcaz.com	Contabo GmbH (AS51167)	1
codigoartesano.xyz	NETWORK-SOLUTIONS-HOSTING (AS19871)	1
intelplanethosting.com	Hostinger International Limited (AS47583)	2
pyb.mx	AS-COLOCROSSING (AS36352)	2
domserver.de	InterNetX GmbH (AS15456)	1
wmd-webprostor.com	Hetzner Online GmbH (AS24940)	1
Combell NV	UNIFIEDLAYER-AS-1 (AS46606)	1
netsons.net	Netsons s.r.l. (AS60087)	6
udf.edu	NETWORK-SOLUTIONS-HOSTING (AS19871)	2
mschosting.com	WEHOSTWEBSITES-COM (AS30475)	1
hotelcasamadero.mx	UNINET (AS8151)	1
ngcintarget.com	WEHOSTWEBSITES-COM (AS30475)	2
AMAZON-02	Equinix (EMEA) Acquisition Enterprises B.V. (AS15830)	2
dnspropio.com	Grupo Sys4net, S.l. (AS202054)	2
sercomx.com	AS-COLOCROSSING (AS36352)	3
myfastdns.com	MAJESTIC-HOSTING-01 (AS396073)	1
estratos.net	Wix.com Ltd. (AS58182)	1
GOOGLE	LIQUIDNETLTD1 (AS14555)	1
sphostserver.com	Server Plan S.r.l. (AS52030)	1
compute.internal	AMAZON-02 (AS16509)	4
gruportg.com	MULTA-ASN1 (AS35916)	1
ipcom GmbH	20i Limited (AS48254)	1
SECURITYSERVICES	SOFTLAYER (AS36351)	1
ddns.mx	Hetzner Online GmbH (AS24940)	1
as41887.eu	Hetzner Online GmbH (AS24940)	1
altoque.net	HVC-AS (AS29802)	1
ddsm.mx	Alestra, S. de R.L. de C.V. (AS11172)	1
acenet.us	ASACENET1 (AS22878)	2
feedback-comunicaciones.com	SERVERCENTRAL (AS23352)	4
Host Europe GmbH	SERVERPOINT (AS26277)	1
Host Europe GmbH	NForce Entertainment B.V. (AS43350)	2
rebel.ca	AMAZON-02 (AS16509)	1
GOOGLE	SOLUCIONES DE TECNOLOGIA JAH SA DE CV (AS273250)	1
SECURITYSERVICES	GANDI SAS (AS29169)	3
2is.nl	CLDIN B.V. (AS48635)	2
g13hosting2.com	GO-DADDY-COM-LLC (AS398101)	3
nube4web.com	SERVERCENTRAL (AS23352)	1
hilosdeplata.mx	LIQUIDWEB (AS32244)	1
csac.mx	DIGITAL COMUNICATIONS DE MEXICO SA DE CV (AS265504)	2
Megacable Comunicaciones de Mexico, S.A. de C.V.	NETWORK-SOLUTIONS-HOSTING (AS19871)	1
AMAZON-02	Alibaba Cloud Singapore Private Limited (AS134963)	1
gocheapweb.com	OVH SAS (AS16276)	3
mydevil.net	Atman Sp. z o.o. (AS57367)	2
CLOUDFLARENET	Imatech Networks, S.A. de C.V. (AS28524)	1
globalcompetent.org	NAMECHEAP-NET (AS22612)	1
MICROSOFT-CORP-MSN-AS-BLOCK	Infomaniak Network SA (AS29222)	1
SECURITYSERVICES	AS-COLOCROSSING (AS36352)	4
corevac.mx	LIQUIDWEB (AS32244)	1
BIZLAND-SD	LIQUIDWEB (AS32244)	1
metodo.mx	GO-DADDY-COM-LLC (AS398101)	1
qdglobal.com	Fibraworld Telecom S.a.u. (AS207050)	1
citaexamenmedico.com	NETWORK-SOLUTIONS-HOSTING (AS19871)	1
siweb-ia.com	NETWORK-SOLUTIONS-HOSTING (AS19871)	1
xsalto.net	Alpilink Cloud S.A.S. (AS28768)	1
hostvirtual.com	NETACTUATE (AS36236)	1
Host Europe GmbH	META NETWORKS SA DE CV (AS265614)	2
lubricantexpress.mx	AS17378 (AS17378)	1
com.mx	A2HOSTING (AS55293)	1
Bdl Systemes SAS	Celeste SAS (AS20926)	2
SERVERCENTRAL	AMAZON-AES (AS14618)	3
CLOUDFLARENET	HOPONE-GLOBAL (AS14361)	4
team.blue Denmark A/S	Sentia Denmark A/S (AS47292)	1
HURRICANE	INTERNET TELEFONIA Y TV DE MICHOACAN SA DE CV (AS28398)	1
axastudio.com	SERVERCENTRAL (AS23352)	4
MICROSOFT-CORP-MSN-AS-BLOCK	PERFORMIVE (AS46562)	1
gaveti.mx	TOTAL PLAY TELECOMUNICACIONES SA DE CV (AS22884)	1
Host Europe GmbH	UK-2 Limited (AS13213)	2
softec-internet.com	Axarnet Comunicaciones, S.l. (AS50926)	1
GOOGLE	Network Information Center Mexico (AS22894)	1
CLOUDFLARENET	PLANETHOSTER-8 (AS53589)	1
providesupport.com	CLOUDFLARENET (AS13335)	1
luz.network	AS-30083-US-VELIA-NET (AS30083)	1
Host Europe GmbH	VPN de Mexico, S.A. de C.V. (AS27683)	3
cloudns.net	UNINET (AS8151)	9
gvr.mx	DIGITALOCEAN-ASN (AS14061)	3
leonguanajuato.mx	UAB Interneto vizija (AS212531)	1
avon.com	AMAZON-AES (AS14618)	1
dnsip.com	SAITEIDC Limited (AS133178)	1
ns-service.de	ConnectingBytes GmbH (AS34568)	1
movlim.com	NETWORK-SOLUTIONS-HOSTING (AS19871)	1
com.br	OVH SAS (AS16276)	2
OVH SAS	WHG Hosting Services Ltd (AS211126)	1
Host Europe GmbH	Solar Communications GmbH (AS197988)	1
AUTOMATTIC	Wix.com Ltd. (AS58182)	3
sitioscreativos.com	UNIFIEDLAYER-AS-1 (AS46606)	1
CLOUDFLARENET	HOSTIDC INTERNET DATACENTER LTDA (AS267355)	1
creativitymkt.com	NETWORK-SOLUTIONS-HOSTING (AS19871)	1
spindns.com	SERVERCENTRAL (AS23352)	1
NSONE	RAMNODE (AS3842)	1
com.mx	Aeropuerto Internacional de la Ciudad de Mexico, S.A. de C.V. (AS28476)	1
net.tr	Vodafone Net Iletisim Hizmetler AS (AS15924)	1
segurimax.mx	GO-DADDY-COM-LLC (AS398101)	1
SECURITYSERVICES	SINGLEHOP-LLC (AS32475)	2
inblay.us	Hetzner Online GmbH (AS24940)	3
CLOUDFLARENET	HostUS (AS7489)	2
afraid.org	Bredband2 AB (AS29518)	1
SECURITYSERVICES	Aruba S.p.A. (AS31034)	1
dynamica.biz	Hetzner Online GmbH (AS24940)	1
oryco.com	UNIFIEDLAYER-AS-1 (AS46606)	3
cyrustech.mx	UNIFIEDLAYER-AS-1 (AS46606)	1
METANET AG	CLOUDFLARENET (AS13335)	1
DIGITALOCEAN-ASN	AMAZON-02 (AS16509)	2
Host Europe GmbH	EXIGO-EPIC (AS32413)	1
bojorge.mx	AS17378 (AS17378)	2
akkyhosting19.mx	Wix.com Ltd. (AS58182)	2
apolo.	Alestra, S. de R.L. de C.V. (AS11172)	1
IONOS SE	Telefonica De Espana S.a.u. (AS3352)	3
newtechnologies.mx	GO-DADDY-COM-LLC (AS398101)	1
ldmmexico.com	NETWORK-SOLUTIONS-HOSTING (AS19871)	1
abysmal.mx	Akamai Connected Cloud (AS63949)	1
Host Europe GmbH	Host Sailor Ltd (AS60117)	1
zacatlan.net	NETWORK-SOLUTIONS-HOSTING (AS19871)	1
atco.ca	AS-26496-GO-DADDY-COM-LLC (AS26496)	1
sectigoweb.com	UNIFIEDLAYER-AS-1 (AS46606)	1
dnsexit.com	TRANSTELCO-INC (AS32098)	1
lovel.mx	SSASN2 (AS20454)	1
ipcom GmbH	SQUARESPACE (AS53831)	1
NSONE	Truxgo S. de R.L de C.V (AS28423)	1
GANDI SAS	CISCO-UMBRELLA (AS36692)	2
desis.cl	Gtd Internet S.A. (AS14259)	1
hosting-mexico.net	Contabo GmbH (AS51167)	1
com.mx	JOSE GONZALO OLIVARES MADRIGAL (AS265581)	3
SECURITYSERVICES	NCL-203-396290 (AS396290)	2
jester.mx	AMAZON-02 (AS16509)	1
mahahealing.mx	SERVERPOINT (AS26277)	1
servidorrprivado.com	OVH SAS (AS16276)	2
roboticalaguna.com	WHG Hosting Services Ltd (AS211126)	1
AS-VULTR	SUCURI-SEC (AS30148)	3
CLOUDFLARENET	RACKSPACE (AS27357)	8
com.ar	GOOGLE (AS15169)	1
solucionesprecisas.net	Akamai Connected Cloud (AS63949)	2
interlakemecalux.mx	NETWORK-SOLUTIONS-HOSTING (AS19871)	1
Host Europe GmbH	CLDIN B.V. (AS48635)	4
Host Europe GmbH	Safenames Ltd. (AS60819)	1
ndsplitter.com	Hetzner Online GmbH (AS24940)	3
dotnice.asia	AMAZON-02 (AS16509)	5
co.uk	RACKSPACE (AS19994)	1
jot.mx	OVH SAS (AS16276)	1
seltenmedia.com	COGENT-174 (AS174)	4
akkyhosting12.mx	CLOUDFLARENET (AS13335)	1
nsx.mx	UNINET (AS8151)	1
gamsa.mx	UNINET (AS8151)	1
venart.mx	GO-DADDY-COM-LLC (AS398101)	1
AMAZON-02	AS-VULTR (AS20473)	7
arkhe.website	NETWORK-SOLUTIONS-HOSTING (AS19871)	1
neomediaworks.net	NETWORK-SOLUTIONS-HOSTING (AS19871)	2
softstudio.com	NETWORK-SOLUTIONS-HOSTING (AS19871)	3
cloudshift.io	QualityHosting AG (AS25260)	1
rojomarketing.mx	OVH SAS (AS16276)	1
Host Europe GmbH	Data Miners S.A. Racknation.cr (AS52423)	1
Network Information Center Mexico	Cablevision, S.A. de C.V. (AS28548)	1
seisbits.com	Hetzner Online GmbH (AS24940)	1
Host Europe GmbH	WEBINT (AS11989)	1
ezenia.it	Hetzner Online GmbH (AS24940)	1
multimediacolor.com	NETWORK-SOLUTIONS-HOSTING (AS19871)	2
c-werke.de	LUMi GmbH (AS39257)	1
meaning.mx	UNIFIEDLAYER-AS-1 (AS46606)	2
co.uk	CENTURYLINK-LEGACY-SAVVIS (AS3561)	2
SECURITYSERVICES	ECHOSTAR-BROADCASTING-CORPORATION (AS18570)	1
Akamai International B.V.	AS-26496-GO-DADDY-COM-LLC (AS26496)	1
beetux.com	OVH SAS (AS16276)	1
dn-s.nl	SQUARESPACE (AS53831)	1
Network Information Center Mexico	IMH-IAD (AS54641)	1
clientes.cloud	OVH SAS (AS16276)	2
alianzac.net	MICROSOFT-CORP-MSN-AS-BLOCK (AS8075)	2
mdnsservice.com	TUCOWS (AS15348)	3
Network Information Center Mexico	NL-811-40021 (AS40021)	1
acerosindustriales.mx	UNIFIEDLAYER-AS-1 (AS46606)	1
webme.it	Retelit Digital Services S.p.A. (AS5602)	6
dnsip.com	UNIT A17,9F SILVERCORP INTL TOWER 707-713 NATHAN RD (AS134175)	1
kmmedios.mx	LIQUIDWEB (AS32244)	1
gatewayhost.com	AS-VULTR (AS20473)	1
mcvmedios.com	UNIFIEDLAYER-AS-1 (AS46606)	1
bony.mx	UNIFIEDLAYER-AS-1 (AS46606)	1
neubox.net	GOOGLE (AS15169)	6
MICROSOFT-CORP-MSN-AS-BLOCK	Industrias Xignux, S.A. de C.V. (AS28480)	3
irondns.net	SOPRADO GmbH (AS20546)	1
aci.run	Hostinger International Limited (AS47583)	2
crembofashion.com	NETWORK-SOLUTIONS-HOSTING (AS19871)	2
saku.mx	CYBERCON (AS7393)	1
proyectaserver2.com	NAMECHEAP-NET (AS22612)	3
CLOUDFLARENET	SERVER-MANIA (AS55286)	1
dallas-idc.com	LIMESTONENETWORKS (AS46475)	1
Deutsche Telekom AG	dogado GmbH (AS45012)	1
mala.mx	DIGITALOCEAN-ASN (AS14061)	1
webrec.it	TIM (AS20746)	1
UNIFIEDLAYER-AS-1	SQUARESPACE (AS53831)	4
netim.net	Netsons s.r.l. (AS60087)	1
issociate.de	Hetzner Online GmbH (AS24940)	1
mbrank.com	UNIFIEDLAYER-AS-1 (AS46606)	2
CLOUDFLARENET	SECURITY-FINANCE (AS33391)	1
blackbull.mx	PRIVATESYSTEMS (AS63410)	2
neubox.net	RENDER (AS397273)	3
supplydepot.mx	IONOS SE (AS8560)	1
com.mx	Television Internacional, S.A. de C.V. (AS11888)	1
SECURITYSERVICES	Triara.com S.A. de C.V. (AS19373)	2
gruposefinsa.com	UNIFIEDLAYER-AS-1 (AS46606)	1
cenitdigital.com	SERVERCENTRAL (AS23352)	4
com.mx	RELIABLESITE (AS23470)	3
correoconfiable.net	PRIVATESYSTEMS (AS63410)	3
akkyhosting8.mx	AMAZON-AES (AS14618)	1
managed-ip.com	noris network AG (AS12337)	1
roha.mx	UNIFIEDLAYER-AS-1 (AS46606)	2
marketing-provision.com	DIGITALOCEAN-ASN (AS14061)	1
poblano.mx	OVH SAS (AS16276)	1
PEPSICO-NA	INCAPSULA (AS19551)	2
createsend.com	DIGICERT (AS16552)	1
ecomove.mx	IONOS SE (AS8560)	1
nextbarber.mx	IONOS SE (AS8560)	1
AMAZON-02	VS-MEDIA-IPV4 (AS395412)	2
mejorada.mx	AS17378 (AS17378)	3
afraid.org	AS40676 (AS40676)	2
MICROSOFT-CORP-MSN-AS-BLOCK	WHG Hosting Services Ltd (AS14670)	3
tiavc.mx	UNIFIEDLAYER-AS-1 (AS46606)	1
website.com	OVH SAS (AS16276)	1
acimx.net	UNINET (AS8151)	1
gob.mx	Alestra Innovacion Digital S de RL de CV (AS28502)	1
webmastersmx.com	SERVERCENTRAL (AS23352)	1
Cloud DNS Ltd	IS-AS-1 (AS19318)	8
rocasis.mx	GOOGLE-CLOUD-PLATFORM (AS396982)	1
shared-servers.com	AS40676 (AS40676)	1
territoriohost.com	SERVERCENTRAL (AS23352)	1
netcloud.lat	Massivegrid Ltd (AS49683)	1
AMAZON-02	Elisa Oyj (AS719)	1
CLOUDFLARENET	Sixsigma Networks Mexico, S.A. de C.V. (AS22908)	2
NTHL	GOOGLE-CLOUD-PLATFORM (AS396982)	1
hosting-mexico.net	GO-DADDY-COM-LLC (AS398101)	2
CLOUDFLARENET	SHARKTECH (AS46844)	2
Deutsche Telekom AG	noris network AG (AS12337)	1
webhostmost.com	WEB-HOST-MOST-ASN-1 (AS401605)	1
cybercompras.mx	UNIFIEDLAYER-AS-1 (AS46606)	1
dditservices.com	JWE S.a r.l. (AS34655)	2
NUCDN	PlusServer GmbH (AS61157)	1
LIQUIDWEB	SOFTLAYER (AS36351)	2
edu.mx	Operbes, S.A. de C.V. (AS18734)	1
GOOGLE-CLOUD-PLATFORM	GO-DADDY-COM-LLC (AS398101)	2
AS17378	MICROSOFT-CORP-MSN-AS-BLOCK (AS8075)	5
Akamai International B.V.	INFOTEC CENTRO DE INVESTIGACION E INNOVACION EN TECNOLOGIAS DE LA INFORMACION Y COMUNICACION (AS13579)	1
SOFTLAYER	AMAZON-02 (AS16509)	3
drakh.com	DIGITALOCEAN-ASN (AS14061)	3
Host Europe GmbH	INTERSERVER-LAX (AS26666)	2
Host Europe GmbH	UNE EPM TELECOMUNICACIONES S.A. (AS13489)	1
CLOUDFLARENET	VPSDATACENTER (AS40819)	6
thetravelserver.com	Akamai Connected Cloud (AS63949)	1
lifusa.mx	IONOS SE (AS8560)	1
orbisys.net	IMH-IAD (AS54641)	3
siennadocs.mx	LIQUIDWEB (AS32244)	1
AMAZON-02	DIMENOC (AS33182)	3
BIZLAND-SD	Hetzner Online GmbH (AS24940)	1
hospedajemd.net	UNIFIEDLAYER-AS-1 (AS46606)	2
GENMILLS	GENMILLS (AS20478)	1
ggm.mx	UNINET (AS8151)	1
ffb.mx	DIMENOC (AS33182)	1
Hetzner Online GmbH	Deutsche Telekom AG (AS3320)	1
joomlapractico.com	SERVERCENTRAL (AS23352)	1
hostenmexico.com	HVC-AS (AS29802)	1
consmart.mx	UNINET (AS8151)	1
Triara.com S.A. de C.V.	Axtel, S.A.B. de C.V. (AS6503)	3
CENTURYLINK-US-LEGACY-QWEST	Cloudflare London, LLC (AS209242)	1
ogrup.net	SERVERCENTRAL (AS23352)	2
corpubc.com	UNIFIEDLAYER-AS-1 (AS46606)	3
s1pixel.com	IOFLOOD (AS53755)	2
rackspace.com	AUTOMATTIC (AS2635)	1
drvwebtech.com	UNIFIEDLAYER-AS-1 (AS46606)	1
tmaq.mx	AS17378 (AS17378)	2
AS17378	IENTC S DE RL DE CV (AS28458)	2
luvitech.mx	OVH SAS (AS16276)	1
creativity-gmbh.com	Mittwald CM Service GmbH & Co. KG (AS15817)	1
inmotionhosting.com	UNIFIEDLAYER-AS-1 (AS46606)	1
WEDOS Internet, a.s.	WEDOS Internet, a.s. (AS208414)	1
Enix Ltd	TRANSTELCO-INC (AS32098)	1
CLOUDFLARENET	Team Internet AG (AS61969)	1
sportsolution.mx	UNIFIEDLAYER-AS-1 (AS46606)	1
servicioenlinea.mx	DIGITALOCEAN-ASN (AS14061)	2
carpinet.it	Retelit Digital Services S.p.A. (AS12850)	1
desycon.mx	WII (AS32097)	1
Triara.com S.A. de C.V.	Hostinger International Limited (AS47583)	3
MICROSOFT-CORP-MSN-AS-BLOCK	NEXCESS-NET (AS36444)	1
guiacloudserver.com	NAMEHERO-KCDC (AS399250)	1
iphostmx.net	ASN-DIS (AS393398)	4
econtrolsvps.net	UNIFIEDLAYER-AS-1 (AS46606)	2
CLOUDFLARENET	Awareness Software Limited (AS34931)	1
akkyhosting9.mx	AMAZON-02 (AS16509)	1
agenciacodex.com	IWEB-AS (AS32613)	3
AMAZON-02	GANDI SAS (AS29169)	3
cisco.com	CISCOSYSTEMS (AS109)	1
td-fn.net	AMAZON-AES (AS14618)	1
Host Europe GmbH	NIXIHOST (AS46505)	3
mangio.mx	UNIFIEDLAYER-AS-1 (AS46606)	1
CLOUDFLARENET	Enlaces y Comunicaciones del Sureste SA de CV (AS26595)	1
maindns.org	NETWORK-SOLUTIONS-HOSTING (AS19871)	1
co.uk	DIGITALOCEAN-ASN (AS14061)	1
cloudns.net	Tecnologias Avanzadas S. de R.L. de C.V. (AS265575)	1
webfast.mx	OVH SAS (AS16276)	2
IONOS SE	CMC Telecom Infrastructure Company (AS45903)	1
hostchile.net	OVH SAS (AS16276)	1
arpnet.org	AMAZON-02 (AS16509)	1
dnsexit.com	FRONTIER-FRTR (AS5650)	1
infoexpo.mx	IWEB-AS (AS32613)	1
perf1.com	AMAZON-02 (AS16509)	6
Akamai International B.V.	ADP1 (AS14299)	5
hostgator.com	GOOGLE-2 (AS19527)	1
DIMENOC	SQUARESPACE (AS53831)	1
beta.local	Mega Cable, S.A. de C.V. (AS13999)	1
akkyhosting11.mx	MICROSOFT-CORP-MSN-AS-BLOCK (AS8075)	1
holdwebhosting.com	HVC-AS (AS29802)	2
cloudsigma.com	Cloudsigma Ag (AS50837)	1
GANDI SAS	IX Reach Ltd (AS4455)	1
AMAZON-02	DATAPIPE (AS14492)	1
Host Europe GmbH	SHIFT-HOSTING-LLC (AS394177)	1
systemdns.com	CRUCIALWEBHOST (AS32647)	1
alpro.mx	THEOPT-HOU (AS40156)	1
hazloweb.net	UNIFIEDLAYER-AS-1 (AS46606)	4
Nessus GmbH	DIGITALOCEAN-ASN (AS14061)	1
ORACLE-BMC-31898	TOTAL PLAY TELECOMUNICACIONES SA DE CV (AS17072)	2
nominalia.com	INCAPSULA (AS19551)	1
stabletransit.com	VPSDATACENTER (AS40819)	1
mirecetafacil.com	UNIFIEDLAYER-AS-1 (AS46606)	1
OVH SAS	Mega Cable, S.A. de C.V. (AS262916)	1
mkt-hosting.com	AS-VULTR (AS20473)	2
disasi.com	DATABANK-DFW (AS13767)	1
nodoxy.com	RAMNODE (AS3842)	3
pissa.mx	LIQUIDWEB (AS32244)	1
rebel.com	CLOUDFLARENET (AS13335)	1
IONOS SE	GO-DADDY-COM-LLC (AS398787)	2
medinavirtual.com	CLOUDFLARENET (AS13335)	1
nscluster.tn	AMAZON-02 (AS16509)	1
mk-inmobiliario.com	SERVERCENTRAL (AS23352)	3
mspv.mx	LVLT-3549 (AS3549)	1
BMS-AS	GOOGLE-CLOUD-PLATFORM (AS396982)	3
ipcom GmbH	Combell NV (AS34762)	1
Host Europe GmbH	THEROCKETSCIENCEGROUP (AS14782)	3
SCAAM0001	CLOUDFLARENET (AS13335)	1
Host Europe GmbH	BLACKBAUD-ASN (AS15148)	1
alegriam.mx	DIMENOC (AS33182)	1
zerodragon.net	PRIVATESYSTEMS (AS63410)	3
tiendakosako.mx	SINGLEHOP-LLC (AS32475)	1
CLOUDFLARENET	HOSTDUPLEX (AS54555)	3
CLOUDFLARENET	NATCOWEB (AS46636)	1
andersons.mx	STEADFAST (AS32748)	1
SOFTLAYER	Alestra, S. de R.L. de C.V. (AS11172)	3
mxshost.com	NL-811-40021 (AS40021)	2
aceptatarjetas.mx	LIQUIDWEB (AS32244)	1
hermanmiller.com	AMAZON-02 (AS16509)	1
checkdomain.de	Cloudflare London, LLC (AS209242)	1
mecalco.mx	AS-30083-US-VELIA-NET (AS30083)	1
Telefonica De Espana S.a.u.	MICROSOFT-CORP-MSN-AS-BLOCK (AS8075)	1
IONOS SE	CABLEBAHAMAS (AS15146)	1
AMAZON-02	Saudi Information Technology Company CJSC (AS210275)	1
Host Europe GmbH	Aitire S.L (AS208591)	1
INCAPSULA	MICROSOFT-CORP-MSN-AS-BLOCK (AS8075)	1
ec2amaz-4rsr8ip.	AMAZON-AES (AS14618)	1
hersamazatlan.com	AMAZON-02 (AS16509)	1
cloudns.net	SQUARESPACE (AS53831)	1
ns14.net	ADESTIS GmbH (AS204053)	2
guebs.com	Axarnet Comunicaciones, S.l. (AS50926)	2
msw.mx	DIMENOC (AS33182)	2
idoo.mx	GOOGLE-CLOUD-PLATFORM (AS396982)	2
hover.com	DREAMHOST-AS (AS26347)	1
Universidad Nacional Autonoma de Mexico	Universidad Nacional Autonoma de Mexico (AS278)	5
megaradios.net	OVH SAS (AS16276)	1
Host Europe GmbH	HOSTWINDS (AS54290)	8
MICROSOFT-CORP-MSN-AS-BLOCK	LIQUIDWEB (AS53824)	1
transfarer.mx	IONOS SE (AS8560)	1
lemarit.de	SOPRADO GmbH (AS20546)	2
MICROSOFT-CORP-MSN-AS-BLOCK	Key-Systems GmbH (AS13246)	1
ellamp.mx	UNIFIEDLAYER-AS-1 (AS46606)	1
acescontrol.net	GO-DADDY-COM-LLC (AS398101)	2
teltonika-gps.mx	OVH SAS (AS16276)	1
inmotionhosting.com	SUCURI-SEC (AS30148)	4
domaindiscover.com	AMAZON-02 (AS16509)	4
operadoraaudax.com	AS17378 (AS17378)	1
Dattatec.com	Wix.com Ltd. (AS58182)	2
pymesoluciones.mx	IONOS SE (AS8560)	1
grupoccima.com	AS17378 (AS17378)	1
sistnet.it	TIM (AS3269)	1
softmexico.com	UNIFIEDLAYER-AS-1 (AS46606)	3
NUCDN	23M GmbH (AS47447)	1
cibergenios.com	UNIFIEDLAYER-AS-1 (AS46606)	1
edu.mx	TOTAL PLAY TELECOMUNICACIONES SA DE CV (AS22884)	1
rogohosting.com	OVH SAS (AS16276)	8
Host Europe GmbH	MOJOHOST (AS27589)	2
electric-system.mx	LIQUIDWEB (AS32244)	1
rcubicait.mx	DIGITALOCEAN-ASN (AS14061)	1
CLOUDFLARENET	Telia Lietuva, AB (AS8764)	1
tacticalagencia.com	IONOS SE (AS8560)	1
hosttech.at	hosttech GmbH (AS207143)	2
MICROSOFT-CORP-MSN-AS-BLOCK	Dattatec.com (AS27823)	3
bluniaservices.com	OVH SAS (AS16276)	1
dns.ie	LeaseWeb Netherlands B.V. (AS60781)	1
ns564440.	DREAMHOST-AS (AS26347)	7
shopyhost.com	NETWORK-SOLUTIONS-HOSTING (AS19871)	1
alkaserver.com	UNIFIEDLAYER-AS-1 (AS46606)	2
crystalmedia.mx	IONOS SE (AS8560)	1
BB-Online UK Ltd	AS-VULTR (AS20473)	7
internetdomainnameregistrar.org	Gigacodes GmbH (AS44949)	1
systemdns.com	DOSARREST (AS19324)	2
CLOUDFLARENET	IQWeb FZ-LLC (AS59692)	2
iworks.mx	NETWORK-SOLUTIONS-HOSTING (AS19871)	1
managed-vps.net	DREAMHOST-AS (AS26347)	1
VITAL-DNS	EXTRAVISION COMUNICACION SAPI DE CV (AS270214)	1
AMAZON-02	LEVEL3 (AS3356)	6
it-mac.net	IONOS SE (AS8560)	3
rhwebservers.net	HVC-AS (AS29802)	2
ipcom GmbH	AS-26496-GO-DADDY-COM-LLC (AS26496)	1
openi2.com	AS-30083-US-VELIA-NET (AS30083)	2
codicem.mx	DIMENOC (AS33182)	2
supremepanel.com	AMAZON-02 (AS16509)	3
SOFTLAYER	UNIFIEDLAYER-AS-1 (AS46606)	2
enel.it	INCAPSULA (AS19551)	2
grupoicec.com	DIMENOC (AS33182)	1
com.au	Akamai Connected Cloud (AS63949)	1
daosafe.mx	OVH SAS (AS16276)	1
com.mx	AUTOMATTIC (AS2635)	3
MULTA-ASN1	CLOUDFLARENET (AS13335)	1
curaden-hosting.ch	Hosting eXperts Switzerland AG (AS200979)	1
OVH SAS	CLDIN B.V. (AS48635)	1
sitelutions.com	AS-VULTR (AS20473)	4
com.br	Locaweb Servicos de Internet SA (AS27715)	6
intelimax.mx	TOTAL PLAY TELECOMUNICACIONES SA DE CV (AS22884)	1
phdns.es	Soluciones web on line s.l. (AS201446)	1
Safenames Ltd.	Cloudflare London, LLC (AS209242)	1
xpresshosting.com	AMAZON-02 (AS16509)	1
SINGLEHOP-LLC	IONOS SE (AS8560)	1
OVH SAS	UNINET (AS8151)	1
nizu.mx	UNIFIEDLAYER-AS-1 (AS46606)	1
tecsmart.mx	DYNU (AS398019)	1
AMAZON-02	Claranet Limited (AS8426)	1
UPCLOUDUSA	UPCLOUDUSA (AS25697)	5
trevenque.es	DIGITALOCEAN-ASN (AS14061)	2
clichedigital.net	UNIFIEDLAYER-AS-1 (AS46606)	1
AUTOMATTIC	SERVERCENTRAL (AS23352)	1
Signet B.V.	BIT BV (AS12859)	1
almalinuxserver.com	NAMECHEAP-NET (AS22612)	2
Network Information Center Mexico	UAB Interneto vizija (AS212531)	1
geomembranasytuberias.mx	IONOS SE (AS8560)	1
inmotionhosting.com	Cloudflare London, LLC (AS209242)	4
ORACLE-BMC-31898	Cloudflare London, LLC (AS209242)	4
akkyhosting15.mx	Wix.com Ltd. (AS58182)	1
domain2go.net	Wobcom GmbH (AS9136)	1
CLOUDFLARENET	TURNKEY-INTERNET (AS40244)	2
Triara.com S.A. de C.V.	CLOUDWEBMANAGE-TX (AS396949)	2
brandsight-dns.com	AMAZON-02 (AS16509)	3
OVH SAS	Team Internet AG (AS61969)	1
Network Information Center Mexico	Mega Cable, S.A. de C.V. (AS13999)	4
itacshosting.com	IS-AS-1 (AS19318)	2
dotnice.asia	Hetzner Online GmbH (AS24940)	1
AS17378	SUBETE A LA NUBE S.A. DE C.V. (AS265617)	1
dn-s.be	Signet B.V. (AS20857)	1
galvanlaw.mx	Grupo Hidalguense de Desarrollo, S.A. de C.V. (AS28381)	1
Host Europe GmbH	CLOUDWEBMANAGE-TX (AS396949)	3
aliadodigital.mx	IONOS SE (AS8560)	1
granadainmobiliaria.mx	AS17378 (AS17378)	1
AMAZON-02	Safenames Ltd. (AS60819)	1
stabletransit.com	SERVERCENTRAL (AS23352)	2
gethy.mx	IONOS SE (AS8560)	1
Network Information Center Mexico	ICDSoft Ltd. (AS8739)	1
Xtudio Networks S.L.U.	CLOUDFLARENET (AS13335)	3
spx.com	OVH SAS (AS16276)	1
windows-f5t2u62.	UNINET (AS8151)	1
IONOS SE	AS-30083-US-VELIA-NET (AS30083)	3
jethosting.com	OVH SAS (AS16276)	1
altia.es	Altia Consultores S.A. (AS57656)	2
Triara.com S.A. de C.V.	redIT Services AG (AS61232)	1
CLOUDFLARENET	ROUTERHOSTING (AS14956)	2
dns24.hu	CLOUDFLARENET (AS13335)	1
HURRICANE	netcup GmbH (AS197540)	2
outletllantas.com	AS17378 (AS17378)	2
myworlddns.com	HOSTROCKET (AS23535)	2
AS-VULTR	GOOGLE (AS15169)	1
gfs-webservices.com	WHG Hosting Services Ltd (AS14670)	1
informesmexico.mx	AMAZON-AES (AS14618)	1
topdsgn.com	velia.net Internetdienste GmbH (AS29066)	1
dominiok.it	Hetzner Online GmbH (AS24940)	1
Network Information Center Mexico	Mega Cable, S.A. de C.V. (AS262916)	7
microhost.pl	CLOUDFLARENET (AS13335)	1
com.br	SUCURI-SEC (AS30148)	1
AS-VULTR	Wix.com Ltd. (AS58182)	2
Host Europe GmbH	Hyve Ltd (AS204167)	1
samainstrumentos.mx	LIQUIDWEB (AS32244)	1
netk.tv	IWEB-AS (AS32613)	1
OVH SAS	Host Europe GmbH (AS21499)	1
experto-hosting.com	IONOS SE (AS8560)	1
preparate.mx	GOOGLE-CLOUD-PLATFORM (AS396982)	2
register.it	Retelit Digital Services S.p.A. (AS28716)	3
stabletransit.com	Hostinger International Limited (AS47583)	4
name-services.com	AUTOMATTIC (AS2635)	1
SECURITYSERVICES	NMMN New Media Markets & Networks IT-Services GmbH (AS20694)	1
GOOGLE	INFOLINK-MIA (AS15083)	2
tld-ns.com	DIAMATRIX (AS327979)	1
fussion.vip	NAMECHEAP-NET (AS22612)	2
Tecnocratica Centro de Datos, S.L.	GTT Communications Inc. (AS3257)	1
net.mx	RACKSPACE (AS27357)	2
geomex.mx	AS17378 (AS17378)	1
CLOUDFLARENET	IS (AS3741)	1
com.mx	MVS Net, S.A. de C.V. (AS18449)	4
IONOS SE	NETWORK-SOLUTIONS-HOSTING (AS19871)	4
aktgdc.com	MICROSOFT-CORP-MSN-AS-BLOCK (AS8075)	1
arkadev.mx	NETWORK-SOLUTIONS-HOSTING (AS19871)	1
corporativoarroba.mx	NETWORK-SOLUTIONS-HOSTING (AS19871)	2
proisp.no	Emp Secure As (AS28824)	1
dem-web.com	TIER-NET (AS397423)	1
mybizcloud.at	dogado GmbH (AS208582)	1
oprema.mx	DIMENOC (AS33182)	1
micartelera.mobi	HOSTVENOM-LLC (AS30455)	2
creattid.com	SERVERCENTRAL (AS23352)	3
servidoraweb.net	NUT HOST SRL (AS264649)	12
crearmisitio.com	INMOTION (AS22611)	1
krones-group.com	PlusServer GmbH (AS61157)	1
proofpoint.com	INCAPSULA (AS19551)	1
com.mx	ADF01 (AS46433)	1
webmaker.mx	PONYNET (AS53667)	3
indichosts.net	FIBERSTATE (AS26042)	1
Host Europe GmbH	Gigabit Hosting Sdn Bhd (AS55720)	2
fide.mx	UNINET (AS8151)	1
kaizen.mx	AMAZON-02 (AS16509)	1
DIMENOC	Axtel, S.A.B. de C.V. (AS6503)	2
cloudns.net	AS-30083-US-VELIA-NET (AS30083)	2
tophost.ch	Optimizely AB (AS30811)	1
villuendas.mx	AS17378 (AS17378)	1
ezipcom.com	LIMESTONENETWORKS (AS46475)	2
sendconarh01.com	OVH SAS (AS16276)	2
dmlink.com	PRIVATESYSTEMS (AS63410)	2
hosting-web.mx	NETSOURCE (AS22458)	1
ecoverde.mx	IONOS SE (AS8560)	1
kyotoelectronics.mx	Axtel, S.A.B. de C.V. (AS6503)	1
acom.mx	NETWORK-SOLUTIONS-HOSTING (AS19871)	1
mivps.net	GOOGLE-CLOUD-PLATFORM (AS396982)	1
kpnqwest.it	Retelit Digital Services S.p.A. (AS5602)	1
LIQUIDWEB	AS-VULTR (AS20473)	1
my-ndns.com	CLOUDFLARENET (AS13335)	1
IONOS SE	INCAPSULA (AS19551)	2
nscluster.eu	AMAZON-02 (AS16509)	2
inetlocker.net	STEADFAST (AS32748)	2
edifika.mx	UNIFIEDLAYER-AS-1 (AS46606)	4
tupronsa.mx	LIQUIDWEB (AS32244)	1
numini.mx	UNIFIEDLAYER-AS-1 (AS46606)	1
dominiok.it	OVH SAS (AS16276)	1
jorgedavid.mx	OVH SAS (AS16276)	1
MICROSOFT-CORP-MSN-AS-BLOCK	ROCKYRIDGE-NET (AS399833)	1
servidorgha5.com	GO-DADDY-COM-LLC (AS398101)	3
YANDEX LLC	AS17378 (AS17378)	1
ilv.tw	CLOUDFLARENET (AS13335)	1
kreativmedia.ch	METANET AG (AS21069)	3
CLOUDFLARENET	COORDINADORA DE CARRIERS, S.A. DE C.V. (AS19332)	1
servercimeirasupreme.com	WHG Hosting Services Ltd (AS36218)	1
ule.mx	IONOS SE (AS8560)	1
active-dns.com	UNIFIEDLAYER-AS-1 (AS46606)	1
tercerpiso.mx	IONOS SE (AS8560)	1
desstro.cc	IONOS SE (AS8560)	1
SINGLEHOP-LLC	AMAZON-AES (AS14618)	1
HURRICANE	Hetzner Online GmbH (AS24940)	1
neubox.net	Mega Cable, S.A. de C.V. (AS262916)	1
qxdevnet.com	Contabo GmbH (AS51167)	1
ar-caddy.com	HVC-AS (AS29802)	1
SECURITYSERVICES	PIONEER (AS4868)	1
cicor.mx	MICROSOFT-CORP-MSN-AS-BLOCK (AS8075)	1
ucm.mx	TOTAL PLAY TELECOMUNICACIONES SA DE CV (AS22884)	2
comnet.mx	Alestra, S. de R.L. de C.V. (AS11172)	1
stackpole.mx	IONOS SE (AS8560)	1
Safenames Ltd.	AS26250 (AS26250)	1
tobit.website	UNIFIEDLAYER-AS-1 (AS46606)	1
nadns1.com	Alestra, S. de R.L. de C.V. (AS11172)	1
CLOUDFLARENET	ELSERVER S.R.L (AS52270)	1
webnethost.net	ESTRUXTURE-ON-19122 (AS19122)	1
computel.it	NAVIGO srl (AS200794)	1
server314.com	ICDSoft Ltd. (AS8739)	1
markmonitor.com	VIRTELA-1 (AS17307)	1
CLOUDFLARENET	NEUROTECH DE LA LAGUNA SA DE CV (AS265573)	2
nil.mx	Akamai Connected Cloud (AS63949)	2
dynu.com	netcup GmbH (AS197540)	2
space.net	InterNetworX Management GmbH (AS48596)	1
bilix.mx	Hetzner Online GmbH (AS24940)	1
renaultlavilla.com	UNIFIEDLAYER-AS-1 (AS46606)	1
markmonitor.com	IONOS SE (AS8560)	2
UNIFIEDLAYER-AS-1	IONOS SE (AS8560)	4
cupernic.host	IONOS SE (AS8560)	1
markmonitor.com	Quality Net General Trading & Contracting Company (AS9155)	5
stabletransit.com	Cloudflare London, LLC (AS209242)	3
AMAZON-02	FLUKE-ELECTRONICS (AS16435)	1
MICROSOFT-CORP-MSN-AS-BLOCK	UNINET (AS8151)	8
win-hl7t7cmtndh.	Radore Veri Merkezi Hizmetleri A.S. (AS42926)	1
CLOUDFLARENET	VNPT Corp (AS45899)	1
etdomain.net	GOOGLE-CLOUD-PLATFORM (AS396982)	1
NETSOURCE	Cloudflare London, LLC (AS209242)	1
gain.mx	AS17378 (AS17378)	1
pagimas.com	HVC-AS (AS29802)	1
AMAZON-02	Mega Cable, S.A. de C.V. (AS13999)	1
coolnetwork.it	Aruba S.p.A. (AS31034)	1
netsonic.net	NETSONIC (AS11595)	1
newcond.mx	Akamai Connected Cloud (AS63949)	1
itesm.mx	MICROSOFT-CORP-MSN-AS-BLOCK (AS8075)	4
biztec.mx	Triara.com S.A. de C.V. (AS19373)	1
CLOUDFLARENET	HTG (AS10445)	1
inntagri.com	UNIFIEDLAYER-AS-1 (AS46606)	1
host4web.net	UNIFIEDLAYER-AS-1 (AS46606)	1
Safenames Ltd.	Akamai Connected Cloud (AS63949)	1
stabletransit.com	BIGCOMMERCE (AS399566)	2
sathost.net	TRANSTELCO-INC (AS32098)	1
cloudunificado.com	Raiola Networks S.L. (AS56958)	1
ledline.mx	IONOS SE (AS8560)	1
roha.mx	IONOS SE (AS8560)	1
gruporo.net	Axtel, S.A.B. de C.V. (AS6503)	6
cubu.mx	IONOS SE (AS8560)	1
SECURITYSERVICES	SCALEMATRIX (AS33695)	1
OMNIS-ANYCAST-1	AMAZON-AES (AS14618)	1
tye-solutions.com	NETWORK-SOLUTIONS-HOSTING (AS19871)	3
CENTURYLINK-LEGACY-SAVVIS	CENTURYLINK-LEGACY-QWEST-SPA-OMAHA (AS4015)	1
GOOGLE	ROUTERHOSTING (AS14956)	1
LIQUIDWEB	SIMPLEHELIX (AS46506)	1
mexion.net	UNIFIEDLAYER-AS-1 (AS46606)	3
cscudns.com	CSC (AS19574)	1
xoarquitectura.mx	IONOS SE (AS8560)	1
MICROSOFT-CORP-MSN-AS-BLOCK	BIRD-HOSTING (AS19133)	1
picu.mx	CLOUDFLARENET (AS13335)	1
validns.com	MASSIVE-NETWORKS (AS21777)	2
uksrv.uk	Krystal Hosting Ltd (AS12488)	2
amsterdam-hosting.to	IP Connect Inc (AS213373)	1
cream.nl	Signet B.V. (AS35470)	1
dnsexit.com	AS17378 (AS17378)	1
CLOUDFLARENET	NETLAB-SDN (AS979)	3
CLOUDFLARENET	BTU COMUNICACION SA DE CV (AS28399)	4
tlc5.mx	IONOS SE (AS8560)	1
exum.eu	OVH SAS (AS16276)	1
SECURITYSERVICES	IACD Systemhaus GmbH (AS16218)	1
mt7g.com	UNIFIEDLAYER-AS-1 (AS46606)	1
pokerklub.website	NAMECHEAP-NET (AS22612)	1
hospedajeweb.us	A2HOSTING (AS55293)	2
cdmon.net	IONOS SE (AS8560)	2
atvirtual.com	Akamai Connected Cloud (AS63949)	1
stabletransit.com	IWEB-AS (AS32613)	1
vhabogados.mx	IONOS SE (AS8560)	1
net.mx	Operbes, S.A. de C.V. (AS18734)	2
nseasy.com	DIMENOC (AS33182)	1
ilustrate360.mx	UNIFIEDLAYER-AS-1 (AS46606)	1
lojueguito.com	CARINET (AS10439)	2
Rackspace Ltd.	UNITAS (AS1828)	2
LEASEWEB-USA-LAX	CLOUDFLARENET (AS13335)	1
SECURITYSERVICES	CENTURYLINK-LEGACY-SAVVIS (AS3561)	2
godns.net	Wix.com Ltd. (AS58182)	1
DIGICERT	ORACLE-BMC-31898 (AS31898)	1
mail.ru	AMAZON-AES (AS14618)	2
bht.mx	GO-DADDY-COM-LLC (AS398101)	1
socgen.com	COLT Technology Services Group Limited (AS8220)	1
unib.mx	GO-DADDY-COM-LLC (AS398101)	1
all4net.de	ENTEGA Medianet GmbH (AS12897)	2
Host Europe GmbH	Colombia Hosting (AS52335)	1
iem.mx	Cloudflare London, LLC (AS209242)	1
elsitiomezcaleria.mx	OVH SAS (AS16276)	1
AMAZON-02	NETSOURCE (AS22458)	1
e-n-v.net	punkt.de GmbH (AS16188)	1
SOFTLAYER	Megacable Comunicaciones de Mexico, S.A. de C.V. (AS14178)	1
zairus.com	GO-DADDY-COM-LLC (AS398101)	1
nesis.mx	UNIFIEDLAYER-AS-1 (AS46606)	2
uagro.mx	Universidad Autonoma de Guerrero (AS5708)	1
electrycom.info	IONOS SE (AS8560)	1
intelplanet.xyz	Hostinger International Limited (AS47583)	2
fixionsolutions.com	OVH SAS (AS16276)	3
IONOS SE	Host Europe GmbH (AS21499)	2
GANDI SAS	Akamai International B.V. (AS20940)	1
alce-soft.com	NETWORK-SOLUTIONS-HOSTING (AS19871)	1
linode.com	GOOGLE (AS15169)	2
cdmon.net	Operbes, S.A. de C.V. (AS18734)	1
Host Europe GmbH	Dattatec.com (AS27823)	1
poliformas.mx	ADF01 (AS46433)	1
magpiedns.com	LEASEWEB-USA-LAX (AS395954)	2
htnsevrs.com	COGENT-174 (AS174)	2
SECURITYSERVICES	SpaceNet AG (AS5539)	1
CLDIN B.V.	Vancis IP B.V. (AS15879)	1
joiz.net	Alestra, S. de R.L. de C.V. (AS11172)	1
mx-ns.mx	Network Information Center Mexico (AS22894)	2
ipcom GmbH	SERVERCENTRAL (AS23352)	1
SHOCK-1	SHOCK-1 (AS395092)	6
mrsushi.mx	AMAZON-AES (AS14618)	1
YANDEX LLC	FASTLY (AS54113)	1
opnserver.com	ORACLE-BMC-31898 (AS31898)	1
AS17378	Hetzner Online GmbH (AS24940)	1
hubara.net	HUBARA hosting solutions, S.L. (AS51294)	4
proveedores-mexico.com	AS17378 (AS17378)	2
cctelco.mx	IONOS SE (AS8560)	1
OVH SAS	CTS Computers and Telecommunications Systems SAS (AS35393)	1
tildadns.com	Tilda Publishing Ltd. (AS205282)	1
com.mx	Zylon (AS8312)	1
intersintesis.net	UNIFIEDLAYER-AS-1 (AS46606)	1
estrategawebsolutions.com	SINGLEHOP-LLC (AS32475)	2
playasdepanama.com	SERVERCENTRAL (AS23352)	1
ipcom GmbH	Mega Cable, S.A. de C.V. (AS262916)	1
seltec3s.mx	UNIFIEDLAYER-AS-1 (AS46606)	1
adgreenpower.mx	Hostinger International Limited (AS47583)	1
dynu.com	Hetzner Online GmbH (AS24940)	4
espaciowebq.com	NETWORK-SOLUTIONS-HOSTING (AS19871)	1
divetro.mx	SERVERCENTRAL (AS23352)	1
emmenlinea.mx	Hostinger International Limited (AS47583)	1
allytech.com	Allytech S.A. (AS266660)	2
NETSOURCE	TOTAL PLAY TELECOMUNICACIONES SA DE CV (AS22884)	1
hosted.nl	BIT BV (AS12859)	1
studiotech.mx	AMAZON-02 (AS16509)	1
tintobox.com	SERVERCENTRAL (AS23352)	2
QUIC-CLOUD	Hostinger International Limited (AS47583)	2
GO-DADDY-COM-LLC	GOOGLE-CLOUD-PLATFORM (AS396982)	1
appeventc1.com	UNIFIEDLAYER-AS-1 (AS46606)	1
virtualns.net	AMAZON-02 (AS16509)	1
DinaHosting S.L.	OVH SAS (AS16276)	2
SECURITYSERVICES	noris network AG (AS12337)	2
CLOUDFLARENET	PlusServer GmbH (AS61157)	1
mandarincarton.mx	DIMENOC (AS33182)	1
name-services.com	TUCOWS-3 (AS32491)	2
Host Europe GmbH	Hangzhou Alibaba Advertising Co.,Ltd. (AS37963)	1
websitemty.com	LIMESTONENETWORKS (AS46475)	2
indigytec.com	GO-DADDY-COM-LLC (AS398101)	2
globalmotion.mx	GO-DADDY-COM-LLC (AS398101)	1
Combell NV	CLOUDFLARENET (AS13335)	2
alabtech.mx	Contabo GmbH (AS51167)	2
conocehuatulco.mx	NL-811-40021 (AS40021)	2
Triara.com S.A. de C.V.	Operbes, S.A. de C.V. (AS18734)	1
2is.nl	MICROSOFT-CORP-MSN-AS-BLOCK (AS8075)	1
globaldns.de	Hetzner Online GmbH (AS24940)	1
innovo.mx	UNIFIEDLAYER-AS-1 (AS46606)	1
ba-lab.mx	DIMENOC (AS33182)	1
vwcamiones.mx	Servnet Mexico, S.A. de C.V. (AS28546)	1
r2kns.com	GOOGLE-CLOUD-PLATFORM (AS396982)	1
Network Information Center Mexico	PONYNET (AS53667)	1
HURRICANE	Mexico Red de Telecomunicaciones, S. de R.L. de C.V. (AS13591)	2
disnetserver.com	DIGITALOCEAN-ASN (AS14061)	1
bigrock.com	PUBLIC-DOMAIN-REGISTRY (AS394695)	1
compositum.de	Hetzner Online GmbH (AS24940)	2
ventajasweb.com	SSASN2 (AS20454)	1
bhosted.nl	Eurofiber Cloud Infra B.V. (AS25459)	1
capcomputer2.com	NETWORK-SOLUTIONS-HOSTING (AS19871)	1
ferrecsa.mx	IONOS SE (AS8560)	1
metropolitancenter.mx	GOOGLE (AS15169)	1
chepe.mx	Megacable Comunicaciones de Mexico, S.A. de C.V. (AS14178)	1
unknown	DIGITALOCEAN-ASN (AS14061)	2
ugm.mx	OVH SAS (AS16276)	1
datransfer.net	AMAZON-AES (AS14618)	1
polcfdi.com	NETWORK-SOLUTIONS-HOSTING (AS19871)	1
hachete.com	Vodafone Ono, S.A. (AS6739)	1
server11.xyz	CLOUDFLARENET (AS13335)	1
IONOS SE	Efor Global Technology SL (AS44585)	2
espina.dev	DIGITALOCEAN-ASN (AS14061)	2
cealmx.com	NETWORK-SOLUTIONS-HOSTING (AS19871)	2
elitegaming.mx	Alestra, S. de R.L. de C.V. (AS11172)	1
IS-AS-1	SERVERCENTRAL (AS23352)	2
namespro.ca	SOFTLAYER (AS36351)	3
rackspace.com	MICROSOFT-CORP-MSN-AS-BLOCK (AS8075)	3
tunubedigital.com	GO-DADDY-COM-LLC (AS398101)	1
dnsexit.com	MICROSOFT-CORP-MSN-AS-BLOCK (AS8075)	2
net.mx	GOOGLE (AS15169)	2
drizabal.com	CLOUDFLARENET (AS13335)	1
GOOGLE	SALISH-NETWORKS (AS11038)	1
mkting.mx	IONOS SE (AS8560)	1
centrocea.mx	WHG Hosting Services Ltd (AS211126)	1
sof.mx	DIMENOC (AS33182)	1
Host Europe GmbH	WHG Hosting Services Ltd (AS36454)	3
edu.mx	IHNET (AS33494)	1
topbrand.mx	UNIFIEDLAYER-AS-1 (AS46606)	3
nerion.com	Axarnet Comunicaciones, S.l. (AS50926)	1
Cloud DNS Ltd	RELIABLESITE (AS23470)	1
koaladesign.mx	SERVERCENTRAL (AS23352)	3
SOFTLAYER	JOESD-18501 (AS18501)	1
OVH SAS	NL-811-40021 (AS40021)	1
qualitysoft.mx	Hostinger International Limited (AS47583)	1
GOOGLE	Wildcard UK Limited (AS34119)	1
domaine.fr	OVH SAS (AS16276)	2
dnsbackup.net	Webglobe, s.r.o. (AS29134)	1
plastiquestudios.com	LIQUIDWEB (AS32244)	1
is-fun.net	IONOS SE (AS8560)	1
combell.net	DIGITALOCEAN-ASN (AS14061)	1
firefish.mx	GOOGLE (AS15169)	1
ADF01	LINKED STORE BRASIL CRIACAO E DESENVOL DE SOFTWARE (AS273584)	1
neoplasticos.mx	GO-DADDY-COM-LLC (AS398101)	1
BIZLAND-SD	SQUARESPACE (AS53831)	2
akkyhosting27.mx	AMAZON-AES (AS14618)	2
territoriohost.com	CLOUDFLARENET (AS13335)	1
csh.mx	Triara.com S.A. de C.V. (AS19373)	1
AMAZON-02	TDC Holding A/S (AS34482)	1
srvon.com	Akamai Connected Cloud (AS63949)	2
atlanticadigital.net	IS-AS-1 (AS19318)	3
cloudns.net	A2HOSTING (AS55293)	1
113.4	Universidad Pedagogica Nacional (AS28493)	1
godns.net	Telecom Argentina S.A. (AS7303)	3
beall.mx	HOSTP-LA (AS23273)	1
Sixsigma Networks Mexico, S.A. de C.V.	GOOGLE (AS15169)	1
nbxsrv.com	Mega Cable, S.A. de C.V. (AS262916)	4
neubox.net	GO-DADDY-COM-LLC (AS400754)	1
innovationxystems.com	Contabo GmbH (AS51167)	1
2uic.mx	DACEN-2 (AS31863)	1
hostingwebgdl.com	UNIFIEDLAYER-AS-1 (AS46606)	2
creasotoldns.com	DIMENOC (AS33182)	2
Host Europe GmbH	Sistemas de Communicacion GM S.A. de C.V. (AS28506)	1
serversprivacy.com	TIER-NET (AS397423)	2
CLOUDFLARENET	Bluewin (AS3303)	1
DIGICERT	Operbes, S.A. de C.V. (AS18734)	2
ernestovarela.mx	AS17378 (AS17378)	1
NSONE	LINKED STORE BRASIL CRIACAO E DESENVOL DE SOFTWARE (AS273584)	2
AS-VULTR	GO-DADDY-COM-LLC (AS398101)	1
sitelutions.com	UNINET (AS8151)	2
register.it	Cloudflare London, LLC (AS209242)	1
nona.mx	TOTAL PLAY TELECOMUNICACIONES SA DE CV (AS22884)	1
ha-dns.net	Hetzner Online GmbH (AS24940)	1
domain.link	AS-VULTR (AS20473)	1
stabletransit.com	Hetzner Online GmbH (AS24940)	2
opencloudhosting.net	UNIFIEDLAYER-AS-1 (AS46606)	1
accentric.net	HOSTA-LAS (AS33398)	2
reslab.mx	DIMENOC (AS33182)	1
spmd.mx	LIQUIDWEB (AS32244)	1
baloma.mx	IONOS SE (AS8560)	1
beetdm.com	GO-DADDY-COM-LLC (AS398101)	1
numlog.fr	Numlog S.a.s. (AS199248)	1
NUCDN	MICROSOFT-CORP-MSN-AS-BLOCK (AS8075)	3
resguardrent.mx	UNIFIEDLAYER-AS-1 (AS46606)	1
yourdomainprovider.net	Metaregistrar B.V. (AS42585)	4
Host Europe GmbH	HWSERVICES-32400 (AS32400)	2
innovaris.mx	NETWORK-SOLUTIONS-HOSTING (AS19871)	1
servicehostperu.com	ORACLE-BMC-31898 (AS31898)	1
confiaweb.com	LIQUIDNETLTD1 (AS14555)	1
fanadvise.net	Hostinger International Limited (AS47583)	1
leonelli.mx	UNINET (AS8151)	1
modermo.mx	OVH SAS (AS16276)	1
interconnect-dns.be	ML Consultancy (AS9150)	1
am4digital.xyz	NL-811-40021 (AS40021)	1
hnremote.net	AMAZON-AES (AS14618)	1
linea02.com	AS17378 (AS17378)	2
UNIFIEDLAYER-AS-1	Hostinger International Limited (AS47583)	1
webgoku.com	SWISHMAIL (AS14469)	1
sistecel.com	NETWORK-SOLUTIONS-HOSTING (AS19871)	1
sigmanet.hu	SigmaNet Szolgaltato es Kereskedelm Ltd (AS42964)	1
NSONE	PROGRESSIVE-AS (AS11740)	1
IONOS SE	COORDINADORA DE CARRIERS, S.A. DE C.V. (AS19332)	2
eks-solutions.com	UNIFIEDLAYER-AS-1 (AS46606)	1
indice.mx	IS-AS-1 (AS19318)	1
hogary.mx	LIQUIDWEB (AS32244)	1
AMAZON-02	TRANSTELCO-INC (AS32098)	6
agenciaecreative.com	NETWORK-SOLUTIONS-HOSTING (AS19871)	2
in.ua	Internet Invest, Ltd. (AS28907)	1
tbase.mx	IONOS SE (AS8560)	1
Contabo GmbH	NIDIX NETWORKS S.A. DE C.V. (AS265627)	1
ORACLE-BMC-31898	LIQUIDWEB (AS32244)	1
clickandtouch.com	INMOTION (AS22611)	2
vwfs.net	Volkswagen Financial Services AG (AS205505)	2
TV Azteca, S.A.B. de C.V.	INCAPSULA (AS19551)	2
Host Europe GmbH	GOSEMO-LLC (AS46906)	2
sienois.mx	OVH SAS (AS16276)	1
misspark.com	Miss Hosting AB (AS200719)	1
ZONER a.s.	Datacamp Limited (AS60068)	1
cubicatec.mx	GO-DADDY-COM-LLC (AS398101)	1
interplanet.it	Axera SpA (AS34758)	1
areaproject.net	Area Project Solutions SL (AS201152)	1
falbus.com	IHNET (AS33494)	3
noris.ch	noris network AG (AS12337)	1
gob.mx	UNINET (AS8151)	3
josuli.cloud	SERVERCENTRAL (AS23352)	1
atvirtual.com	Festo Management SE (AS41700)	1
123NET	123NET (AS12129)	6
indigo.mx	SERVERCENTRAL (AS23352)	3
siteprotect.com	AFFINITY-INTER (AS18447)	1
metalseed.net	LIQUIDWEB (AS32244)	1
vwfs.tools	AMAZON-02 (AS16509)	1
NSONE	Scaleway S.a.s. (AS12876)	2
kuznetsov.mx	HVC-AS (AS29802)	1
ns2.vm	MULTA-ASN1 (AS35916)	1
usarice.mx	SSASN2 (AS20454)	1
ppse.net	Accenture B. V. (AS8315)	1
leidos.com	LEIDOS-AS (AS19)	1
Cloud DNS Ltd	NAMECHEAP-NET (AS22612)	3
timberfloors.mx	NETWORK-SOLUTIONS-HOSTING (AS19871)	1
xado.com	IWEB-AS (AS32613)	1
CLOUDFLARENET	Mega Cable, S.A. de C.V. (AS262916)	4
bek.mx	LIQUIDWEB (AS32244)	1
CLOUDFLARENET	PRGMR (AS47066)	1
universoeg.com	DIGITALOCEAN-ASN (AS14061)	1
nomadak.mx	SERVERCENTRAL (AS23352)	1
price-center.mx	Axtel, S.A.B. de C.V. (AS6503)	1
unknown	ATT-INTERNET4 (AS7018)	4
AS-VULTR	PRIVATESYSTEMS (AS63410)	1
co.uk	Richemont International SA (AS25275)	1
netdelabs.com	AS17378 (AS17378)	1
eatserver.nl	CLDIN B.V. (AS48635)	1
dnsex.	GOOGLE-CLOUD-PLATFORM (AS396982)	1
SECURITYSERVICES	UNITAS (AS1828)	2
dygglobal.com	IDIGITAL (AS54643)	2
artificemultimedia.com	DIGITALOCEAN-ASN (AS14061)	1
interlub.website	AS17378 (AS17378)	3
linode.com	Cloudflare London, LLC (AS209242)	1
LIQUIDWEB	Telefonica Germany (AS6805)	1
DIGICERT	SOFTLAYER (AS36351)	1
hostgator.com	AS17378 (AS17378)	1
linode.com	MULTA-ASN1 (AS35916)	3
equstuff.com	GIGASNET-AS (AS27640)	2
Cloud Builders SA	GlobalConnect AB (AS12552)	1
Buy Limited	GOOGLE-CLOUD-PLATFORM (AS396982)	1
obras.mx	UNIFIEDLAYER-AS-1 (AS46606)	1
IONOS SE	DIMENOC (AS33182)	2
todosexo.com	Hetzner Online GmbH (AS24940)	1
solventia.mx	IONOS SE (AS8560)	1
SOFTLAYER	LIQUIDWEB (AS32244)	1
GOOGLE	Mega Cable, S.A. de C.V. (AS13999)	5
smartvoice.mx	AMAZON-02 (AS16509)	1
solucionahosting.com	IWEB-AS (AS32613)	3
oqee.net	Free SAS (AS12322)	1
hover.com	GOOGLE-CLOUD-PLATFORM (AS396982)	1
enehost.com	NETWORK-SOLUTIONS-HOSTING (AS19871)	1
suempresa.com	SQUARESPACE (AS53831)	2
LIQUIDWEB	SQUARESPACE (AS53831)	1
1a.nl	dnx network sarl (AS212882)	1
byethost50.org	Wildcard UK Limited (AS34119)	3
nodourbano.mx	GO-DADDY-COM-LLC (AS398101)	1
intrasiap.com	AS17378 (AS17378)	1
ecenica.com	SQUARESPACE (AS53831)	1
Host Europe GmbH	WEDOS Internet, a.s. (AS197019)	1
indichosts.net	AS-COLOCROSSING (AS36352)	1
SECURITYSERVICES	JSC Selectel (AS50340)	1
mindfulnesstotal.mx	WHG Hosting Services Ltd (AS51713)	1
register.it	Server Plan S.r.l. (AS52030)	2
disasi.com	OVH SAS (AS16276)	1
nextsolutions.mx	UNIFIEDLAYER-AS-1 (AS46606)	1
u-innovacion.mx	UNIFIEDLAYER-AS-1 (AS46606)	1
exagono.net	UNIFIEDLAYER-AS-1 (AS46606)	1
machdns.com	MachCloud B.V. (AS39146)	1
AMAZON-02	acens Technologies, S.L. (AS16371)	3
com.mx	ORACLE-BMC-31898 (AS31898)	4
Soluciones Corporativas IP, SL	AMAZON-02 (AS16509)	4
1984.is	CABLEONE (AS11492)	1
doomey.de	Team Internet AG (AS61969)	1
Host Europe GmbH	Axarnet Comunicaciones, S.l. (AS50926)	1
consolsrv.com	IWEB-AS (AS32613)	3
Signet B.V.	Combell NV (AS34762)	1
renova.pt	Renova-Fabrica de Papel do Almonda S.A. (AS38993)	1
hormigaweb.mx	AS17378 (AS17378)	1
proaconsulting.mx	AS17378 (AS17378)	1
sgicocp.mx	AS17378 (AS17378)	1
Host Europe GmbH	Host Europe GmbH (AS60253)	1
diagnomol.mx	IONOS SE (AS8560)	1
CLOUDFLARENET	Green Floid LLC (AS21100)	1
mexcloud.net	UNIFIEDLAYER-AS-1 (AS46606)	3
mspdelnoreste.mx	LIQUIDWEB (AS32244)	1
xcause.net	SERVERCENTRAL (AS23352)	1
IONOS SE	Tu Casa Inalambrica de Mexico (AS263157)	2
Alestra, S. de R.L. de C.V.	Combell NV (AS34762)	1
INCAPSULA	Television Internacional, S.A. de C.V. (AS11888)	1
ccss.mx	COORDINADORA DE CARRIERS, S.A. DE C.V. (AS19332)	1
internic.at	Telekom Austria (AS8447)	1
NUCDN	CITIC Telecom CPC Netherlands B.V. (AS3327)	1
10bits.com	NETWORK-SOLUTIONS-HOSTING (AS19871)	1
AS17378	DYNU (AS398019)	1
domaineasy.com	AMAZON-02 (AS16509)	4
NEXCESS-NET	AMAZON-02 (AS16509)	1
tresases.mx	LIQUIDWEB (AS32244)	1
ncomputers.org	AMAZON-02 (AS16509)	1
suresa.mx	IONOS SE (AS8560)	1
tuhostingexpress.com	SERVERCENTRAL (AS23352)	4
udo.mx	UNINET (AS8151)	1
conectia.mx	UNIFIEDLAYER-AS-1 (AS46606)	1
Akamai International B.V.	trivago N.V. (AS198018)	1
netlog.lat	GO-DADDY-COM-LLC (AS398101)	1
SECURITYSERVICES	Claranet Limited (AS8426)	1
calientesvip.com	NTHL (AS11042)	2
bdidatacenter.com	INMOTION (AS22611)	1
invitafy.mx	UNIFIEDLAYER-AS-1 (AS46606)	1
dns.salon	WMS s.r.o. (AS47493)	1
SECURITYSERVICES	Axarnet Comunicaciones, S.l. (AS50926)	1
regiosdigitales.com	Hostinger International Limited (AS47583)	1
cemex.com	MICROSOFT-CORP-MSN-AS-BLOCK (AS8075)	1
Cloud Builders SA	Leaseweb Deutschland GmbH (AS28753)	2
SECURITYSERVICES	Deutsche Telekom AG (AS3320)	1
sociosit.com	PRIVATESYSTEMS (AS63410)	1
todorov.mx	COMCAST-7922 (AS7922)	1
HURRICANE	HUAWEI CLOUDS (AS136907)	1
guruchihuahua.com	AMAZON-02 (AS16509)	1
nss.ee	Ou Northside Solutions (AS200804)	2
dti-consultores.com	UNIFIEDLAYER-AS-1 (AS46606)	2
tu-casa.mx	TOTAL PLAY TELECOMUNICACIONES SA DE CV (AS22884)	1
neonube.com	Hostinger International Limited (AS47583)	1
robnovelo.com	SERVERCENTRAL (AS23352)	1
fennecore.com	WEBNX (AS18450)	1
AMAZON-02	COORDINADORA DE CARRIERS, S.A. DE C.V. (AS19332)	3
webglobe.cz	MICROSOFT-CORP-MSN-AS-BLOCK (AS8075)	1
MICROSOFT-CORP-MSN-AS-BLOCK	Triara.com S.A. de C.V. (AS19373)	3
ns14.net	MICROSOFT-CORP-MSN-AS-BLOCK (AS8075)	2
dnsexit.com	M247 Europe SRL (AS9009)	1
Network Information Center Mexico	RENDER (AS397273)	1
it-strategy.mx	GOOGLE-CLOUD-PLATFORM (AS396982)	1
secureserver.net	Heart Internet limited (AS20738)	1
VITAL-DNS	Television Internacional, S.A. de C.V. (AS11888)	1
i-s-o.net	Hetzner Online GmbH (AS24940)	1
SECURITYSERVICES	HUAWEI CLOUDS (AS136907)	2
CLOUDFLARENET	TRANSTELCO-INC (AS32098)	1
hover.com	Wix.com Ltd. (AS58182)	1
seohost.pl	Dataspace P.s.a. (AS50599)	1
site4now.net	ENZUINC (AS18978)	1
Akamai Connected Cloud	AS-26496-GO-DADDY-COM-LLC (AS26496)	1
markmonitor.com	RACKSPACE (AS19994)	3
wegetit.ws	IONOS SE (AS8560)	1
acimx.net	NETWORK-SOLUTIONS-HOSTING (AS19871)	3
tianguis.click	DIGITALOCEAN-ASN (AS14061)	1
co.kr	VLAN24-INC (AS14821)	1
proyectaire.org	PC ONLINE (AS270179)	1
cloudns.net	TURNKEY-INTERNET (AS40244)	1
Network Information Center Mexico	SUCURI-SEC (AS30148)	2
dnsiaas.com	velia.net Internetdienste GmbH (AS29066)	1
DIGICERT	LIQUIDNETLTD1 (AS14555)	2
packet.mx	TRANSTELCO-INC (AS32098)	2
weblcg.com	OVH SAS (AS16276)	1
hover.com	GOOGLE (AS15169)	1
SECURITYSERVICES	CHEVRON (AS7862)	2
hostgator.com	AMAZON-02 (AS16509)	6
webtech-services.com	OVH SAS (AS16276)	1
pro-tic.mx	IONOS SE (AS8560)	1
awardspace.com	Cloudflare London, LLC (AS209242)	1
lose.mx	AS-VULTR (AS20473)	1
com.br	Enflow B.V. (AS209626)	1
x1.si	SIEL, d.o.o. (AS51790)	1
wdc.com	AMAZON-02 (AS16509)	1
akkyhosting10.mx	Cloudflare London, LLC (AS209242)	1
IONOS SE	Sixsigma Networks Mexico, S.A. de C.V. (AS22908)	2
Network Information Center Mexico	firstcolo GmbH (AS44066)	1
zoominseo.com	Hetzner Online GmbH (AS24940)	2
profilmgrp.mx	LIQUIDWEB (AS32244)	1
egontek.net	AMAZON-02 (AS16509)	1
levita-dns.eu	GOOGLE-CLOUD-PLATFORM (AS396982)	1
premiosensalud.org	MICROSOFT-CORP-MSN-AS-BLOCK (AS8075)	1
solmar.com	Hostinger International Limited (AS47583)	1
ADF01	CLOUDFLARENET (AS13335)	2
schlundtech.de	RWTH Aachen University (AS47610)	1
Host Europe GmbH	Kiwi Networks (AS263114)	2
wiroos.com	AMAZON-AES (AS14618)	4
iphost.gr	IpHost P.C. (AS47521)	2
udlap.mx	AMAZON-02 (AS16509)	1
Akamai International B.V.	Cloudflare London, LLC (AS209242)	1
redtestingprogram.mx	GO-DADDY-COM-LLC (AS398101)	1
VITAL-DNS	PRIVATESYSTEMS (AS63410)	2
Hetzner Online GmbH	CLOUDFLARENET (AS13335)	1
hostry.com	AMAZON-02 (AS16509)	1
Host Europe GmbH	Doruk Iletisim ve Otomasyon Sanayi ve Ticaret A.S. (AS8685)	1
pacocalderon.mx	OVH SAS (AS16276)	1
GOOGLE	TigrisNet (AS48407)	1
ip-projects.de	IP-Projects GmbH & Co. KG (AS48314)	2
com.ar	PRIVATESYSTEMS (AS63410)	3
NForce Entertainment B.V.	IONOS SE (AS8560)	1
team.blue Denmark A/S	TDC Holding A/S (AS3292)	1
cmfmx.mx	IONOS SE (AS8560)	1
vanguardiasoluciones.com	NETWORK-SOLUTIONS-HOSTING (AS19871)	4
monstarter.com	SERVERCENTRAL (AS23352)	1
te-creative.com	SSASN2 (AS20454)	1
cjwebservers.com	Hetzner Online GmbH (AS24940)	1
CLOUDFLARENET	Informacines sistemos ir technologijos, UAB (AS61272)	1
AMAZON-02	WHG Hosting Services Ltd (AS212660)	1
entrydns.net	NETWORK-SOLUTIONS-HOSTING (AS19871)	1
kiubix.info	IWEB-AS (AS32613)	1
cupernic.net	SINGLEHOP-LLC (AS32475)	1
cloudprot.com	OVH SAS (AS16276)	1
megana.mx	AS17378 (AS17378)	1
AMAZON-02	BMS-AS (AS7246)	1
Host Europe GmbH	TELUS Communications (AS852)	1
server316.com	ICDSoft Ltd. (AS8739)	1
Dattatec.com	Akamai Connected Cloud (AS63949)	1
anuies.mx	TRANSTELCO-INC (AS32098)	1
uaem.mx	UNIVERSIDAD AUTONOMA DEL ESTADO DE MORELOS (AS28477)	1
markmonitor.com	SQUARESPACE (AS53831)	1
empirion.at	CLOUDFLARENET (AS13335)	1
GOOGLE	SHOCK-1 (AS395092)	1
sotelhosting.com	OVH SAS (AS16276)	1
unknown	PERFORMIVE (AS46562)	1
CLOUDFLARENET	COMCAST-7922 (AS7922)	1
sysop.mx	LIQUIDWEB (AS32244)	1
GANDI SAS	Andrews & Arnold Ltd (AS20712)	1
supremedns.com	CLOUDFLARENET (AS13335)	2
SERVERCENTRAL	SQUARESPACE (AS53831)	2
opst-hosting.net	DIMENOC (AS33182)	1
ns14.net	Telefonbuch Verlag Hans Mueller GmbH & Co. KG (AS12655)	2
oderland.com	ODERLAND Webbhotell AB (AS44136)	2
nologin.mx	Servicios de Hosting en Internet S.A. (AS15919)	1
realtecsoluciona.com	IWEB-AS (AS32613)	1
zsh.mx	DIGITALOCEAN-ASN (AS14061)	1
Triara.com S.A. de C.V.	GO-DADDY-COM-LLC (AS400754)	1
labeldictate.com	AS17378 (AS17378)	2
LIGHTEDGE-AS-02	CLOUDFLARENET (AS13335)	1
tecnologiasdealtamira.com	NETWORK-SOLUTIONS-HOSTING (AS19871)	4
IONOS SE	EVANZO e-commerce GmbH (AS42730)	1
SECURITYSERVICES	IRI-BGP (AS393330)	2
AS17378	Akamai Connected Cloud (AS63949)	2
server287.com	ICDSoft Ltd. (AS8739)	1
rackspace.com	AMAZON-02 (AS16509)	1
mdcsrv2.com	AS-30083-US-VELIA-NET (AS30083)	2
nowcndns.com	Alibaba US Technology Co., Ltd. (AS45102)	1
rivadeneyrait.net	Hostinger International Limited (AS47583)	2
Infomaniak Network SA	FASTLY (AS54113)	1
ge-dns.com	AMAZON-AES (AS14618)	1
metaname.net	SiteHost New Zealand (AS45179)	3
masterhosting.mx	UNIFIEDLAYER-AS-1 (AS46606)	3
Host Europe GmbH	COLOGIX-SV (AS7151)	3
net.mx	Cablemas Telecomunicaciones SA de CV (AS28509)	1
thegreengo.net	DWL-MAIN (AS32505)	1
certixpro.mx	AMAZON-AES (AS14618)	1
com.mx	IQCLOUD S.A. DE C.V. (AS265503)	1
ipec.mx	AS17378 (AS17378)	1
blacksteel.mx	LIQUIDWEB (AS32244)	1
asociadosweb.net	NETWORK-SOLUTIONS-HOSTING (AS19871)	1
creavity.mx	WHG Hosting Services Ltd (AS14670)	1
lagrande.mx	GO-DADDY-COM-LLC (AS398101)	1
servicioscreativos.net	AMAZON-AES (AS14618)	1
sitelutions.com	NETWORK-SOLUTIONS-HOSTING (AS19871)	2
cloudns.net	Wix.com Ltd. (AS58182)	2
ns14.net	Leibold Sicherheits- & Informationstechnik GmbH (AS200395)	1
alcanzaconsultants.mx	GO-DADDY-COM-LLC (AS398101)	1
schlundtech.de	1&1 Versatel Deutschland GmbH (AS8881)	1
BRAVO-NET	UNINET (AS8151)	1
Infomaniak Network SA	AMAZON-02 (AS16509)	1
arsoluciones.mx	SOFTLAYER (AS36351)	1
paginaswebdc.com	NETWORK-SOLUTIONS-HOSTING (AS19871)	1
VITAL-DNS	DACEN-2 (AS31863)	2
mocdns.nl	AMAZON-02 (AS16509)	2
voestalpine.com	Deutsche Telekom Global Business Solutions GmbH (AS8387)	1
AMAZON-02	Cloudi Nextgen Sl (AS49635)	1
intechnic.com	ADF01 (AS46433)	1
empirion.at	HZ Hosting Ltd (AS59711)	1
Host Europe GmbH	NAMECRANE (AS46824)	1
weber.cloud	weber.digital GmbH (AS35710)	2
ahosting.cz	VSHosting s.r.o. (AS43541)	1
AMAZON-02	DREAMHOST-AS (AS26347)	5
depotserver.com	UNIFIEDLAYER-AS-1 (AS46606)	1
distribuidoracan.mx	IONOS SE (AS8560)	1
cmtechnology.com	CM.com N.V. (AS15447)	2
lerco.agency	UNIFIEDLAYER-AS-1 (AS46606)	3
lamty.mx	LIQUIDWEB (AS32244)	1
leon.mx	UAB Interneto vizija (AS212531)	1
dukascopy.com	Dukascopy Bank SA (AS41623)	3
defn.mx	Akamai Connected Cloud (AS63949)	1
AMAZON-AES	SERVERCENTRAL (AS23352)	1
houston-webhosting.com	GO-DADDY-COM-LLC (AS398101)	1
grupofives.com	TOTAL PLAY TELECOMUNICACIONES SA DE CV (AS22884)	1
GOOGLE	Cloudsigma Ag (AS50837)	1
Akamai Connected Cloud	IONOS SE (AS8560)	1
virtual.mx	SINGLEHOP-LLC (AS32475)	2
enla.red	LIMESTONENETWORKS (AS46475)	4
nike.com	RACKSPACE (AS19994)	1
sicrealink.com	GIGASNET-AS (AS27640)	1
oficemartsrv.com	GO-DADDY-COM-LLC (AS398101)	2
tlock.mx	IONOS SE (AS8560)	1
domusacademy.net	Seflow s.r.l. (AS49367)	1
GOOGLE	RENDER (AS397273)	5
websupport.cz	WebSupport s.r.o. (AS51013)	3
ORACLE-BMC-31898	INCAPSULA (AS19551)	1
genesys informatica srl	AMAZON-02 (AS16509)	2
markmonitor.com	Safenames Ltd. (AS60819)	1
laplaza.mx	UNIFIEDLAYER-AS-1 (AS46606)	2
linuxmexico.net	Contabo GmbH (AS51167)	1
iwt.mx	IONOS SE (AS8560)	1
AMAZON-02	IS-AS-1 (AS19318)	2
CLOUDFLARENET	Servnet Mexico, S.A. de C.V. (AS28546)	1
AMAZON-02	Akamai International B.V. (AS20940)	3
savana.cz	Webglobe, s.r.o. (AS29134)	1
SECURITYSERVICES	MOODYS (AS17350)	1
underhost.com	OVH SAS (AS16276)	1
myvdc.it	Epiclink SRL (AS204482)	1
ncomputers.org	OVH SAS (AS16276)	1
Host Europe GmbH	Instituto Costarricense de Electricidad y Telecom. (AS11830)	1
zhosting.es	Scaleway S.a.s. (AS12876)	1
tender.mx	LIQUIDWEB (AS32244)	1
jetthost.net	DIGITALOCEAN-ASN (AS14061)	1
SECURITYSERVICES	Hetzner Online GmbH (AS213230)	2
fasttrackdns.com	AMAZON-02 (AS16509)	1
vectorwebhosting.com	ESTRUXTURE-ON-19122 (AS19122)	1
server.plus	LEASEWEB-USA-NYC (AS396362)	1
hostingraja.org	QTIME BUSINESSES PRIVATE LIMITED (AS141004)	1
net.tr	Teletek Bulut Bilisim ve Iletisim Hizmetleri A.S. (AS43352)	2
sagga.mx	WHG Hosting Services Ltd (AS211126)	1
VITAL-DNS	TOTAL PLAY TELECOMUNICACIONES SA DE CV (AS17072)	1
kiralcreation.com	NETWORK-SOLUTIONS-HOSTING (AS19871)	1
MICROSOFT-CORP-MSN-AS-BLOCK	OIS1 (AS26337)	1
Akamai International B.V.	Alter Way SAS (AS13273)	2
cecem.mx	AS17378 (AS17378)	1
landernetworks.net	COGENT-174 (AS174)	1
w3line.fr	Triple C Cloud Computing Ltd. (AS50463)	1
synlawnbajio.com	UNIFIEDLAYER-AS-1 (AS46606)	1
hwrn.net	GOOGLE-CLOUD-PLATFORM (AS396982)	3
digitalmarketsoporte.com	SERVERCENTRAL (AS23352)	1
MICROSOFT-CORP-MSN-AS-BLOCK	DIGITAL COMUNICATIONS DE MEXICO SA DE CV (AS265504)	5
pianetaitalia.com	Aruba S.p.A. (AS31034)	1
imat.com	Cloudsigma Ag (AS50837)	1
servidoruno.net	SERVERCENTRAL (AS23352)	2
blacksun.ca	VDC (AS55017)	1
hosting-mexico.net	FIBERSTATE (AS26042)	1
newwaste.mx	UNINET (AS8151)	1
quepocamadre.mx	IONOS SE (AS8560)	1
getgo.com	MICROSOFT-CORP-MSN-AS-BLOCK (AS8075)	1
umich.mx	Alestra, S. de R.L. de C.V. (AS11172)	1
azulena.mx	LIQUIDWEB (AS32244)	1
GANDI SAS	GOOGLE-CLOUD-PLATFORM (AS396982)	4
fenoma.mx	IONOS SE (AS8560)	1
zserver.cz	OVH SAS (AS16276)	1
DIGICERT	Enflow B.V. (AS209626)	3
hddbroker.io	DIGITALOCEAN-ASN (AS14061)	1
weiserver.net	Templus Barcelona S.l. (AS43578)	2
partnerconsole.net	CLOUDFLARENET (AS13335)	1
VITAL-DNS	WEBNX (AS18450)	1
lindavista.in	NETWORK-SOLUTIONS-HOSTING (AS19871)	2
net.mx	Akamai Connected Cloud (AS63949)	2
cloudns.net	Axtel, S.A.B. de C.V. (AS6503)	1
ipcom GmbH	GBC GmbH Internet Service Center Ingenieurgesellschaft fuer Systemsoftware und Kommunikation (AS24766)	1
IONOS SE	Deutsche Telekom AG (AS3320)	3
zapasoft.mx	AS17378 (AS17378)	1
cckcor.com	SERVERCENTRAL (AS23352)	2
Akamai International B.V.	INCAPSULA (AS19551)	3
ORACLE-BMC-31898	Servicios Administrados Mexis, S.A. de C.V. (AS8007)	2
DIMENOC	GO-DADDY-COM-LLC (AS398787)	1
nominalia.com	GOOGLE-CLOUD-PLATFORM (AS396982)	2
ports.se	Mittwald CM Service GmbH & Co. KG (AS15817)	1
esdras.mx	WHG Hosting Services Ltd (AS14670)	2
gpoasesor.com	DIGITALOCEAN-ASN (AS14061)	1
BUNNYWAY, informacijske storitve d.o.o.	SERVERCENTRAL (AS23352)	2
maxtelecom.mx	COEFICIENTE COMUNICACIONES (AS265524)	1
Hangzhou Alibaba Advertising Co.,Ltd.	OVH SAS (AS16276)	1
Host Europe GmbH	IPXO (AS834)	1
itmanager.dev	UNIFIEDLAYER-AS-1 (AS46606)	2
ns14.net	M-net Telekommunikations GmbH (AS8767)	1
superboletos.mx	Alestra, S. de R.L. de C.V. (AS11172)	1
netsoniccloud.com	NETSONIC (AS11595)	1
VITAL-DNS	NETWORK-SOLUTIONS-HOSTING (AS19871)	2
rebel.com	WTC (AS23252)	1
uxen-neuromarketing.com	SERVERCENTRAL (AS23352)	2
NETWORK-SOLUTIONS-HOSTING	HVC-AS (AS29802)	1
mgroup.mx	AS17378 (AS17378)	2
anzuelomkt.com	LIQUIDNETLTD1 (AS14555)	1
linode.com	AS17378 (AS17378)	2
itnovado.com	NL-811-40021 (AS40021)	2
gamereactor.dk	Rackhosting.com ApS (AS31590)	1
sidehosting.net	NETWORK-SOLUTIONS-HOSTING (AS19871)	3
rackmarkt.com	CLOUDFLARENET (AS13335)	1
latitude.mx	LIQUIDWEB (AS32244)	1
ns1.546430	UNIFIEDLAYER-AS-1 (AS46606)	1
fresenius.de	AMAZON-02 (AS16509)	1
ipcom GmbH	AUTOMATTIC (AS2635)	1
Host Europe GmbH	HURRICANE (AS6939)	2
gp1host.com	NETWORK-SOLUTIONS-HOSTING (AS19871)	2
SECURITYSERVICES	RAMNODE (AS3842)	4
fusionag.site	SERVERCENTRAL (AS23352)	4
markmonitor.com	CONFLUENCE-NETWORK-INC (AS40034)	2
hover.com	AMAZON-02 (AS16509)	4
AUTOMATTIC	Network Information Center Mexico (AS22894)	1
grupoconcepto.com	NETWORK-SOLUTIONS-HOSTING (AS19871)	2
kdi.cl	Gtd Internet S.A. (AS14259)	1
MICROSOFT-CORP-MSN-AS-BLOCK	AFFINITY-INTER (AS18447)	1
net.mx	TOTAL PLAY TELECOMUNICACIONES SA DE CV (AS28414)	1
chic-chic.mx	SERVERCENTRAL (AS23352)	1
Signet B.V.	Hetzner Online GmbH (AS24940)	2
lovellsnames.org	Hosting.de GmbH (AS12574)	1
netlab.mx	Hostinger International Limited (AS47583)	1
mstd.mx	MICROSOFT-CORP-MSN-AS-BLOCK (AS8075)	1
sjolseth.casa	LIQUIDWEB (AS53824)	1
ecolmenares.net	RELIABLESITE (AS23470)	2
basedaba.mx	UNIFIEDLAYER-AS-1 (AS46606)	1
servihostingperu.com	DIMENOC (AS33182)	1
AS17378	LIQUIDWEB (AS32244)	1
jazmarketing.com	OVH SAS (AS16276)	1
santacalifornia.mx	IONOS SE (AS8560)	1
dao-comunicacion.mx	CYBERCON (AS7393)	2
cloudteranet.net	WHG Hosting Services Ltd (AS36454)	1
ns14.net	SHC Netzwerktechnik GmbH (AS35684)	1
keyloop.com	Keyloop Holdings (UK) Limited (AS206547)	1
netim.net	AS-VULTR (AS20473)	1
mljt.tech	GOOGLE-CLOUD-PLATFORM (AS396982)	1
ofasa.mx	HVC-AS (AS29802)	1
turkticaret.net	TURKTICARET.NET YAZILIM HIZMETLERI SAN. ve TIC. A.S. (AS197720)	3
dnsexit.com	WEEBLY (AS27647)	3
itandtel.at	Hetzner Online GmbH (AS24940)	1
vigitek.mx	LIQUIDWEB (AS32244)	1
AMAZON-02	Micronet de Mexico, S.A. de C.V. (AS28561)	1
cix.de	punkt.de GmbH (AS16188)	2
zeticloud.net	OVH SAS (AS16276)	3
net.mx	RACKSPACE (AS19994)	1
thesiteforme.com	LIQUIDNETLTD1 (AS14555)	2
dns-principal-34.com	CLOUDFLARENET (AS13335)	1
DFW-DATACENTER	CLOUDFLARENET (AS13335)	1
servidor.red	NAMECHEAP-NET (AS22612)	1
com.mx	SUCURI-SEC (AS30148)	2
bio-medic.mx	DIMENOC (AS33182)	1
teamholistic.com	Hetzner Online GmbH (AS24940)	1
cenam.mx	TOTAL PLAY TELECOMUNICACIONES SA DE CV (AS22884)	1
orongohosting.com	GTCOMM (AS36666)	3
lemoq.mx	SOFTLAYER (AS36351)	1
ip-188-165-198.eu	OVH SAS (AS16276)	1
rapi2.mx	Contabo GmbH (AS51167)	1
DIGICERT	Cloudflare London, LLC (AS209242)	2
sandalsbeta.com	LEVEL3 (AS3356)	1
metalbuild.mx	LIQUIDWEB (AS32244)	1
Megacable Comunicaciones de Mexico, S.A. de C.V.	SWITCH-LTD (AS23005)	1
mexico-francia.mx	AS17378 (AS17378)	1
AMAZON-02	AS-ADN (AS23367)	2
SECURITYSERVICES	Bayer AG (AS13043)	1
IONOS SE	Combell NV (AS34762)	1
umar.mx	UNINET (AS8151)	1
vallejo2.	TOPNET SA de CV (AS16531)	1
SECURITYSERVICES	Iomart Cloud Services Limited (AS20860)	1
com.mx	TV Azteca, S.A.B. de C.V. (AS28517)	1
systemdns.com	AMAZON-02 (AS16509)	2
AMAZON-02	CONFLUENCE-NETWORK-INC (AS40034)	1
soati.mx	AMAZON-AES (AS14618)	3
correodenegocios.com	Enix Ltd (AS52148)	1
biossmann.com	Alestra, S. de R.L. de C.V. (AS11172)	2
solucionacorreo.com	IWEB-AS (AS32613)	1
NUCDN	COLT Technology Services Group Limited (AS8220)	2
Triara.com S.A. de C.V.	IONOS SE (AS8560)	3
ciatec.mx	UNINET (AS8151)	1
managerenmiempresa.com	Hostinger International Limited (AS47583)	1
vpsnet.mx	UNIFIEDLAYER-AS-1 (AS46606)	1
bolsadetrabajoccgdl.mx	OVH SAS (AS16276)	1
7cloudcomputing.com	GOOGLE (AS15169)	1
SECURITYSERVICES	Malakmadze Web LLC (AS199242)	2
SECURITYSERVICES	BIGCOMMERCE (AS399566)	1
parna.digital	NETWORK-SOLUTIONS-HOSTING (AS19871)	2
hgsoft-s2.com	NETWORK-SOLUTIONS-HOSTING (AS19871)	1
goodhosting4me.com	NETWORK-SOLUTIONS-HOSTING (AS19871)	2
tcertifica.com	UNIFIEDLAYER-AS-1 (AS46606)	1
ireservers.biz	LIQUIDWEB (AS32244)	1
server285.com	ICDSoft Ltd. (AS8739)	1
MICROSOFT-CORP-MSN-AS-BLOCK	ZAM LTDA. (AS52368)	1
perf1.com	23M GmbH (AS47447)	1
pruebascentralinvirzo.com	UNIFIEDLAYER-AS-1 (AS46606)	2
NSONE	HOSTWINDS (AS54290)	2
MICROSOFT-CORP-MSN-AS-BLOCK	Telium Telecomunicacoes Ltda (AS11432)	1
cuatromashost.com	DIMENOC (AS33182)	1
vianca.mx	UNIFIEDLAYER-AS-1 (AS46606)	3
cdag.mx	LIQUIDWEB (AS32244)	1
entrale.com	OVH SAS (AS16276)	2
letsplaya.mx	AS-VULTR (AS20473)	1
MICROSOFT-CORP-MSN-AS-BLOCK	DREAMHOST-AS (AS26347)	5
cloudns.net	MULTA-ASN1 (AS35916)	1
elinformante.mx	IONOS SE (AS8560)	1
nominalia.com	Telefonica De Espana S.a.u. (AS3352)	2
dnsramirez.com	GO-DADDY-COM-LLC (AS398101)	3
IONOS SE	RMH-14 (AS33070)	1
oneworldhosting.com	LIQUIDWEB (AS32244)	1
BRAVO-NET	AS17378 (AS17378)	3
cobredemexico.mx	Triara.com S.A. de C.V. (AS19373)	1
lemarit.de	punkt.de GmbH (AS16188)	1
xenoncloud.com	SHOCK-1 (AS395092)	1
nameserveit.com	IS-AS-1 (AS19318)	1
DIMENOC	AMAZON-AES (AS14618)	4
zuzih.mx	IONOS SE (AS8560)	1
AMAZON-02	Axtel, S.A.B. de C.V. (AS6503)	3
artemahosting.net	OVH SAS (AS16276)	1
proceau.net	Squark Sarl (AS43424)	1
45st.com	Xtudio Networks S.L.U. (AS60458)	1
DIGICERT	LVLT-3549 (AS3549)	3
clubdelgourmet.mx	COGECO-PEER1 (AS13768)	1
SECURITYSERVICES	Megacable Comunicaciones de Mexico, S.A. de C.V. (AS14178)	1
CLOUDFLARENET	PERFORMIVE (AS46562)	2
cnaholding.com	NETWORK-SOLUTIONS-HOSTING (AS19871)	2
isd.mx	IONOS SE (AS8560)	1
ces21.mx	OVH SAS (AS16276)	1
mi-tienda.mx	UNIFIEDLAYER-AS-1 (AS46606)	2
AUTOMATTIC	SQUARESPACE (AS53831)	2
cloudns.net	PONYNET (AS53667)	1
optivosa.mx	WHG Hosting Services Ltd (AS14670)	1
sys5-inter.net	IS-AS-1 (AS19318)	1
adcsoluciones.mx	UNIFIEDLAYER-AS-1 (AS46606)	2
seguridadprivadaicc.mx	AS17378 (AS17378)	1
leance.mx	GO-DADDY-COM-LLC (AS398101)	1
arkte.mx	IONOS SE (AS8560)	1
Aruba S.p.A.	ArubaCloud Limited (AS199883)	1
netcup GmbH	Dattatec.com (AS27823)	1
teamholistic.com	LIQUIDWEB (AS32244)	1
ad-arquitectura.mx	MULTA-ASN1 (AS35916)	1
serverdos2.com	SERVERCENTRAL (AS23352)	1
tecnowire.cloud	NAMECHEAP-NET (AS22612)	1
hostplaza.net	FASTLY (AS54113)	1
CLOUDFLARENET	UUNET (AS701)	5
themkt.solutions	NETWORK-SOLUTIONS-HOSTING (AS19871)	1
Host Europe GmbH	SingNet (AS3758)	2
CLOUDFLARENET	VSHosting s.r.o. (AS43541)	2
Triara.com S.A. de C.V.	DIMENOC (AS33182)	1
todosenlinea.com	SERVERCENTRAL (AS23352)	4
ns.com	CLOUDFLARENET (AS13335)	1
interpaginas.com	NETWORK-SOLUTIONS-HOSTING (AS19871)	2
grupoefectivo.com	MAJESTIC-HOSTING-01 (AS396073)	3
grancapital.mx	OVH SAS (AS16276)	1
uishy.com	IONOS SE (AS8560)	1
LIQUIDWEB	NetActuate, Inc (AS63911)	1
schlundtech.de	msg systems ag (AS197208)	1
abbehost.com	SOFTLAYER (AS36351)	2
hosting-mexico.net	AMAZON-AES (AS14618)	5
projektdevelopment.mx	LIQUIDWEB (AS32244)	1
CLOUDFLARENET	ICDSoft Ltd. (AS8739)	1
jacve.mx	WHG Hosting Services Ltd (AS211126)	1
rackfish.net	NETWORK-SOLUTIONS-HOSTING (AS19871)	1
tsheets.com	Akamai Connected Cloud (AS63949)	2
CLOUDFLARENET	PAIR-NETWORKS (AS7859)	2
speed-server.de	AMAZON-AES (AS14618)	1
philips.com	AMAZON-AES (AS14618)	1
adigitalmx.net	NEXCESS-NET (AS36444)	1
gopacsi.com	GOOGLE-CLOUD-PLATFORM (AS396982)	1
dns-es.com	Nicalia Internet, S.L.U (AS208769)	2
aztecaservicios.mx	INCAPSULA (AS19551)	4
green-kraken.com	OVH SAS (AS16276)	4
ipcom GmbH	GO-DADDY-COM-LLC (AS400754)	2
MICROSOFT-CORP-MSN-AS-BLOCK	Tele2 SWIPnet (AS1257)	1
phpwebhosting.com	SOFTLAYER (AS36351)	1
inix.mx	SUCURI-SEC (AS30148)	1
Safenames Ltd.	CENTURYLINK-LEGACY-SAVVIS (AS3561)	1
paginascdmx.com	OVH SAS (AS16276)	1
teslasoftware.mx	OVH SAS (AS16276)	1
markmonitor.com	UBIMET GmbH (AS209571)	1
zoneedit.com	GOOGLE (AS15169)	1
trestudio.mx	UNIFIEDLAYER-AS-1 (AS46606)	3
Host Europe GmbH	OMNIS (AS19237)	1
net.mx	AS17378 (AS17378)	1
robertoduran.mx	UNIFIEDLAYER-AS-1 (AS46606)	1
156.161	WHG Hosting Services Ltd (AS51713)	1
DinaHosting S.L.	R Cable y Telecable Telecomunicaciones, S.A.U. (AS12334)	1
IONOS SE	COGECO-PEER1 (AS13768)	2
UK-2 Limited	20i Limited (AS48254)	1
cordaflex.mx	Cloudflare London, LLC (AS209242)	1
cimeira.tech	CLOUDFLARENET (AS13335)	1
com.br	Equinix (EMEA) Acquisition Enterprises B.V. (AS15830)	1
ttd.net	INCAPSULA (AS19551)	1
GANDI SAS	Sendinblue SAS (AS200484)	1
openkepler.mx	UNIFIEDLAYER-AS-1 (AS46606)	1
mdnsservice.com	COGECO-PEER1 (AS13768)	1
globalwifi.mx	COEFICIENTE COMUNICACIONES (AS265524)	1
iberopuebla.mx	Alestra, S. de R.L. de C.V. (AS11172)	1
Network Information Center Mexico	Enflow B.V. (AS209626)	1
ewdns.ch	Hostpoint AG (AS29097)	1
jacar.mx	LIQUIDWEB (AS32244)	1
Hetzner Online GmbH	Hetzner Online GmbH (AS212317)	2
IONOS SE	SOFTLAYER (AS36351)	2
uu.net	MICROSOFT-CORP-MSN-AS-BLOCK (AS8075)	1
akkyhosting15.mx	HOSTWINDS (AS54290)	1
paginaswebpro.net	SERVERCENTRAL (AS23352)	3
loosefoot.com	HOSTP-LA (AS23273)	2
kasperskylabs.net	Kaspersky Lab Switzerland GmbH (AS200107)	4
keyence.net	AMAZON-02 (AS16509)	1
techmagui.mx	velia.net Internetdienste GmbH (AS29066)	1
altonadock.mx	CLOUDFLARENET (AS13335)	1
ns1.	AS-26496-GO-DADDY-COM-LLC (AS26496)	1
denizbank.com	Denizbank A.S. (AS29434)	1
fornex.com	AS62904 (AS62904)	1
laspalomasresort.net	NL-811-40021 (AS40021)	1
OVH SAS	Scaleway S.a.s. (AS29447)	1
com.br	Criare Telecomunicacoes e Consultoria Ltda. - EPP (AS53100)	1
SECURITYSERVICES	DIMENOC (AS33182)	1
managed-ip.com	InfoServe GmbH (AS9188)	1
directnic.com	EXPEDIENT (AS17054)	1
iexe-universidad.com	OVH SAS (AS16276)	1
42consulting.mx	NTHL (AS11042)	1
Triara.com S.A. de C.V.	WHG Hosting Services Ltd (AS211126)	2
net.mx	Triara.com S.A. de C.V. (AS19373)	2
izcalliando.com	CLOUDFLARENET (AS13335)	1
nicenova.net	Hetzner Online GmbH (AS24940)	1
bhserver2.net	NL-811-40021 (AS40021)	4
sucuridns.com	SUCURI-SEC (AS30148)	2
academytec.mx	UNIFIEDLAYER-AS-1 (AS46606)	1
AMAZON-02	SAKURA Internet Inc. (AS9371)	1
businesscardsgroup.com	UNIFIEDLAYER-AS-1 (AS46606)	2
server321.com	ICDSoft Ltd. (AS8739)	1
nmugroup.com	Binero AB (AS35041)	1
net.uk	Future Publishing Ltd (AS20596)	2
newfield.cl	AMAZON-02 (AS16509)	1
Host Europe GmbH	WorldStream B.V. (AS49981)	1
bellinghausen.mx	AS-COLOCROSSING (AS36352)	1
cloudns.net	LIMESTONENETWORKS (AS46475)	1
cdmon.net	ASN-CXA-ALL-CCI-22773-RDC (AS22773)	3
dnsexit.com	Digi Romania S.A. (AS8708)	2
PONYNET	WEBHOSTINGHOLDINGS (AS965)	1
buyhttp.com	IS-AS-1 (AS19318)	1
bmbserver.com	UNIFIEDLAYER-AS-1 (AS46606)	1
tld.pl	Cyber_Folks S.A. (AS43758)	3
ugc.mx	UNIFIEDLAYER-AS-1 (AS46606)	1
dnsprotect.com	AMAZON-AES (AS14618)	1
empresasenred.net	IHNET (AS33494)	1
giadhetec.com	AS17378 (AS17378)	1
surtimedik.mx	AS17378 (AS17378)	1
tglobally.mx	Alestra, S. de R.L. de C.V. (AS11172)	1
BIZLAND-SD	AUTOMATTIC (AS2635)	1
mrmarketing.mx	NETWORK-SOLUTIONS-HOSTING (AS19871)	4
neostrada.nl	CLDIN B.V. (AS48635)	4
dogmediahosting.net	LIQUIDNETLTD1 (AS14555)	2
stabletransit.com	KVCNET-2009 (AS395111)	1
integraabogados.mx	ONIAAS (AS40092)	1
vordsys.com	MULTA-ASN1 (AS35916)	1
mdnsservice.com	AMAZON-02 (AS16509)	1
hostingpresario.com	NAMECHEAP-NET (AS22612)	2
SERVERCENTRAL	DIGITALOCEAN-ASN (AS14061)	2
planethoster.net	PLANETHOSTER-8 (AS53589)	2
gaknotemp.com	SINGLEHOP-LLC (AS32475)	1
nominalia.com	COLT Technology Services Group Limited (AS8220)	1
CLOUDFLARENET	COGECO-PEER1 (AS13768)	2
frdmtp0801.	Sixsigma Networks Mexico, S.A. de C.V. (AS22908)	1
Servicios Administrados Mexis, S.A. de C.V.	GOOGLE-CLOUD-PLATFORM (AS396982)	1
koaladns.com	LEASEWEB-USA-WDC (AS30633)	2
Hangzhou Alibaba Advertising Co.,Ltd.	HUAWEI CLOUDS (AS136907)	2
tuvirtualizado.com	OVH SAS (AS16276)	1
enlacehs.com	velia.net Internetdienste GmbH (AS29066)	1
naranjacode.net	IMH-IAD (AS54641)	1
transmaritima.mx	UNIFIEDLAYER-AS-1 (AS46606)	1
hostdepartment.com	IS-AS-1 (AS19318)	2
akkyhosting24.mx	CLOUDFLARENET (AS13335)	2
Fundaments B.V.	Fundaments B.V. (AS20559)	3
transfershield.mx	IONOS SE (AS8560)	1
comitan.com	AS17378 (AS17378)	1
epag.net	EPAG Domainservices GmbH (AS12915)	2
flygt.com	Akamai Connected Cloud (AS63949)	1
Hetzner Online GmbH	Wix.com Ltd. (AS58182)	2
01dcpromo.com	SERVERCENTRAL (AS23352)	1
dnsexit.com	Enflow B.V. (AS209626)	1
kilarny.mx	OVH SAS (AS16276)	1
inhostedns.com	OVH SAS (AS16276)	2
animenexus.net	OVH SAS (AS16276)	1
hospedajewp.com	CLOUDFLARENET (AS13335)	1
bowerwebsolutions.com	LIQUIDWEB (AS32244)	1
grupocontrotec.com	SERVERCENTRAL (AS23352)	1
ATT-INTERNET4	Mexico Red de Telecomunicaciones, S. de R.L. de C.V. (AS13591)	1
cloudns.net	INCAPSULA (AS19551)	1
net.mx	DIMENOC (AS33182)	1
nbgo.de	Net-Build GmbH (AS38927)	1
heart.org	ATT-INTERNET4 (AS7018)	1
peaknetworks.net	Iway AG (AS8758)	1
SECURITYSERVICES	Telia Company AB (AS3301)	1
ceram.mx	UNIFIEDLAYER-AS-1 (AS46606)	1
servicesbms.com	AS17378 (AS17378)	1
2000net.it	2000net srl (AS206222)	1
regfish-ns.net	regfish GmbH (AS203560)	2
proyectopcs.net	SERVERCENTRAL (AS23352)	2
salimisrael.dev	SERVERCENTRAL (AS23352)	3
liveboxserver.com	OVH SAS (AS16276)	3
r4l.com	WEEBLY (AS27647)	1
sinappsis.mx	NETWORK-SOLUTIONS-HOSTING (AS19871)	1
complise.mx	Tu Casa Inalambrica de Mexico (AS263157)	1
Host Europe GmbH	MOBIUSPARTNERS (AS19337)	1
SERVERCENTRAL	HVC-AS (AS29802)	1
myhostingpack.com	GOOGLE-CLOUD-PLATFORM (AS396982)	2
caribesofthosting.com	IMH-IAD (AS54641)	1
market2you.mx	NETWORK-SOLUTIONS-HOSTING (AS19871)	1
netflix.net	AMAZON-02 (AS16509)	2
webhostpython.com	ASN-DIS (AS393398)	4
rwtc.mx	AMAZON-02 (AS16509)	1
destino360.mx	WEHOSTWEBSITES-COM (AS30475)	1
setin.com	CLOUDFLARENET (AS13335)	2
isaindustrial.mx	Alestra, S. de R.L. de C.V. (AS11172)	1
mercadoet.mx	DIMENOC (AS33182)	1
SECURITYSERVICES	NAXOS TELECOM (AS268983)	1
dnsparkplus.in	OVH SAS (AS16276)	1
OVH SAS	Akamai Connected Cloud (AS63949)	1
cazapropiedades.mx	DIGITALOCEAN-ASN (AS14061)	1
misto.cloud	AMAZON-02 (AS16509)	1
mundodemujeres.com	CLOUDFLARENET (AS13335)	1
arroyo.bz	UNIFIEDLAYER-AS-1 (AS46606)	2
cul.mx	IONOS SE (AS8560)	1
VITAL-DNS	AS-26496-GO-DADDY-COM-LLC (AS26496)	1
gten.mx	GO-DADDY-COM-LLC (AS398101)	1
hosting-mexico.net	IWEB-AS (AS32613)	1
usvx.net	OVH SAS (AS16276)	1
handsonwebhosting.com	PERFORMIVE (AS46562)	1
rackspace.com	A2HOSTING (AS55293)	1
plusrite.mx	GO-DADDY-COM-LLC (AS398101)	1
A2HOSTING	UPCLOUDUSA (AS25697)	1
missoni.it	Elmec Informatica S.p.A. (AS39217)	1
ddg.mx	CENTURYLINK-US-LEGACY-QWEST (AS209)	1
ilillili.net	GO-DADDY-COM-LLC (AS398101)	4
O2switch SAS	WIIT AG (AS24961)	1
hackerone.com	CLOUDFLARENET (AS13335)	1
telemar.it	Axera SpA (AS13097)	1
hostgator.com	OVH SAS (AS16276)	1
Akamai International B.V.	RADWARE-CLOUD-SERVICES (AS25773)	1
domaindiscover.com	CLOUDFLARENET (AS13335)	2
nubelupware.com	AS17378 (AS17378)	1
casablend.mx	IONOS SE (AS8560)	1
med-sol.mx	DIMENOC (AS33182)	1
rasa.mx	UNIFIEDLAYER-AS-1 (AS46606)	1
MICROSOFT-CORP-MSN-AS-BLOCK	LIQUIDNETLTD1 (AS14555)	3
roomyhost.com	AS-30083-US-VELIA-NET (AS30083)	1
opowerdev.net	SSASN2 (AS20454)	1
metamas.mx	CONSORTIA TIC S. DE R.L. DE C.V. (AS265556)	1
spcinternet.net	SPC Net Soluciones de Negocio Electronico S.L. (AS44233)	1
intexperts.com	CLOUDFLARENET (AS13335)	1
mdnsservice.com	SOFTLAYER (AS36351)	3
domaindiscover.com	SQUARESPACE (AS53831)	1
ipcom GmbH	Sunrise GmbH (AS6730)	1
supremebox.com	LIQUIDNETLTD1 (AS14555)	1
your-email.mx	DIGITALOCEAN-ASN (AS14061)	1
cacaostudio.mx	Hetzner Online GmbH (AS24940)	3
cdmon.net	LIQUIDWEB (AS53824)	1
cotizador.mx	UNIFIEDLAYER-AS-1 (AS46606)	1
sce16.net	Hetzner Online GmbH (AS24940)	1
AMAZON-02	Globalconnect As (AS2116)	1
sliders.mx	GOOGLE (AS15169)	1
edu.mx	UNINET (AS8151)	2
herflor.lat	HERFLOR TI SA DE CV (AS270121)	1
grupocr.mx	LIQUIDWEB (AS32244)	1
riggingplot.com	OVH SAS (AS16276)	1
EDNS	GOOGLE-CLOUD-PLATFORM (AS396982)	1
activatehoy.mx	UNIFIEDLAYER-AS-1 (AS46606)	1
MICROSOFT-CORP-MSN-AS-BLOCK	METANET AG (AS21069)	2
audiostreamvolt.com	SERVERCENTRAL (AS23352)	1
SECURITYSERVICES	ZEN-ECN (AS21859)	1
name-servers.gr	Th.papamichail Vainas - G.psaltakis G.p (AS209150)	1
GOOGLE-CLOUD-PLATFORM	OVH SAS (AS16276)	1
CLOUDFLARENET	LUOGELANG FRANCE LIMITED (AS135097)	3
LIQUIDWEB	ORACLE-BMC-31898 (AS31898)	2
CLOUDFLARENET	Celeonet SAS (AS31178)	1
luver.mx	LIQUIDWEB (AS32244)	1
EPIK-LLC	CLOUDFLARENET (AS13335)	1
pil.email	Xtra Telecom S.A. (AS15704)	1
sisworx.com	NETWORK-SOLUTIONS-HOSTING (AS19871)	1
servconfig.com	AMAZON-02 (AS16509)	1
domenia.no	Nexthop AS (AS49788)	1
copyleft.no	SQUARESPACE (AS53831)	1
mexicosatellite.mx	Castor Networks Mexico (AS270142)	1
scios.club	NETWORK-SOLUTIONS-HOSTING (AS19871)	1
blesk.mx	IONOS SE (AS8560)	1
SECURITYSERVICES	Audatex (Schweiz) GmbH (AS29430)	1
siemsupply.mx	IONOS SE (AS8560)	1
igloonet.cz	FASTER CZ spol. s r.o. (AS24641)	1
Network Information Center Mexico	STEADFAST (AS32748)	1
SECURITYSERVICES	ISOMEDIA-1 (AS18530)	1
neurs.xyz	Hostinger International Limited (AS47583)	1
VITAL-DNS	CLOUDFLARENET (AS13335)	2
AS-VULTR	FASTLY (AS54113)	1
Host Europe GmbH	ASNET (AS26383)	1
TUT-AS	FASTLY (AS54113)	1
DEFENSE-NET	23M GmbH (AS47447)	1
blackhunter.mx	LIQUIDWEB (AS32244)	1
phdns2.es	Soluciones web on line s.l. (AS200960)	1
CLOUDFLARENET	Wholesale Services Provider (AS45671)	1
blocksin.mx	GO-DADDY-COM-LLC (AS398101)	1
nsdhost.com	OVH SAS (AS16276)	3
neubox.net	NL-811-40021 (AS40021)	4
CLOUDFLARENET	BGC Partners (AS19178)	1
wmexico.net	AS-COLOCROSSING (AS36352)	1
DIGICERT	MICROSOFT-CORP-MSN-AS-BLOCK (AS8075)	6
enteka.mx	TV Rey de Occidente, S.A. de C.V. (AS28378)	1
datanostrum.net	SERVERCENTRAL (AS23352)	2
spanto.net	Hetzner Online GmbH (AS24940)	1
invination.mx	GO-DADDY-COM-LLC (AS398101)	1
gitdomains.xyz	DIGITALOCEAN-ASN (AS14061)	3
Global Village GmbH	ecotel communication ag (AS12312)	1
entorno.cat	Adam EcoTech, S.A (AS15699)	1
hostplaza.net	INMOTION (AS22611)	1
GOOGLE	Tencent Building, Kejizhongyi Avenue (AS132203)	1
kmmedia.mx	LIQUIDWEB (AS32244)	1
AS-VULTR	OVH SAS (AS16276)	2
Combell NV	NETWORK-SOLUTIONS-HOSTING (AS19871)	1
eurekaenlinea.com	Wix.com Ltd. (AS58182)	1
ezns.ch	Iway AG (AS8758)	2
dwit.mx	AMAZON-AES (AS14618)	1
telephonejeans.com	GO-DADDY-COM-LLC (AS398101)	1
nutrishop.mx	SERVERPOINT (AS26277)	1
hosting-mexico.net	LINKED STORE BRASIL CRIACAO E DESENVOL DE SOFTWARE (AS273584)	3
zentennial.mx	IONOS SE (AS8560)	1
hostserv.eu	MICROSOFT-CORP-MSN-AS-BLOCK (AS8075)	1
cloudhosting.uk	Krystal Hosting Ltd (AS12488)	2
gopas-solutions.de	Jungheinrich AG (AS212961)	1
AMAZON-02	Combell NV (AS34762)	1
comimsa.com	COMIMSA (AS7408)	1
afraid.org	IONOS SE (AS8560)	2
CLOUDFLARENET	RAMNODE (AS3842)	3
introweb.nl	Previder B.V. (AS20847)	1
master.cz	MasterDC s.r.o. (AS24971)	2
damber.mx	NAMECHEAP-NET (AS22612)	1
webb.net	Hetzner Online GmbH (AS24940)	1
Signet B.V.	Cloudflare London, LLC (AS209242)	1
AS-VULTR	SQUARESPACE (AS53831)	1
abrgo.com	NETWORK-SOLUTIONS-HOSTING (AS19871)	1
register.be	COLT Technology Services Group Limited (AS8220)	1
Host Europe GmbH	PROOFPOINT-ASN-US-EAST (AS22843)	1
luxurypuertovallarta.com	UNIFIEDLAYER-AS-1 (AS46606)	1
nuevehosting.com	NETWORK-SOLUTIONS-HOSTING (AS19871)	2
idecasa.mx	FASTLY (AS54113)	1
iralo.mx	NETWORK-SOLUTIONS-HOSTING (AS19871)	1
co.uk	Cellcom Fixed Line Communication L.P (AS1680)	1
doteasy.com	WHG Hosting Services Ltd (AS36218)	2
SECURITYSERVICES	Walhalla Data Center Services SL (AS30937)	1
domain.tld	DIGITALOCEAN-ASN (AS14061)	1
freepi.io	LEASEWEB-USA-LAX (AS395954)	2
afraid.org	ASMedi (AS36925)	1
hipernodo.com	A2HOSTING (AS55293)	1
omegarequiem.com	SERVERCENTRAL (AS23352)	1
distritoweb.mx	NETWORK-SOLUTIONS-HOSTING (AS19871)	4
ronet.de	Keyweb AG (AS31103)	1
ipcom GmbH	Globalways GmbH (AS48918)	1
empresasonline2.net	NETWORK-SOLUTIONS-HOSTING (AS19871)	1
123ns.de	noris network AG (AS12337)	7
AMAZON-02	Instituto Jalisciense de Tecnologias de la Informacion A.C. (AS28383)	1
profesionalhosting.com	Soluciones web on line s.l. (AS201446)	1
suempresa.com	COORDINADORA DE CARRIERS, S.A. DE C.V. (AS19332)	1
tekdigital.mx	NETWORK-SOLUTIONS-HOSTING (AS19871)	3
misho.mx	LIQUIDWEB (AS32244)	1
Host Europe GmbH	LEASEWEB-USA-LAX (AS395954)	1
ddns.mx	RACKSPACE (AS27357)	1
AMAZON-02	KPN B.V. (AS3265)	1
upsmx.com	IONOS SE (AS8560)	1
CLOUDFLARENET	Smartnet Limited (AS203446)	2
nduti.mx	GO-DADDY-COM-LLC (AS398101)	1
delarosa.mx	LIQUIDWEB (AS32244)	1
CLOUDFLARENET	SERVERS-COM (AS7979)	1
namebay.com	Planet Bourgogne SARL (AS200339)	1
SECURITYSERVICES	Tilda Publishing Ltd. (AS205282)	1
interdatahost.com	AMAZON-02 (AS16509)	1
supremepanel.com	AS-30083-US-VELIA-NET (AS30083)	1
vmjuridico.mx	UNINET (AS8151)	1
ggaf.mx	LIQUIDWEB (AS32244)	1
uach.mx	Operbes, S.A. de C.V. (AS18734)	1
edu.mx	Axtel, S.A.B. de C.V. (AS6503)	2
versio.eu	CLDIN B.V. (AS48635)	1
AS17378	Mega Cable, S.A. de C.V. (AS13999)	1
gigilist.com	AS40676 (AS40676)	1
liohosting.com	Hetzner Online GmbH (AS24940)	1
Host Europe GmbH	EXPEDIENT (AS17054)	1
pizzahouse.mx	AS17378 (AS17378)	1
likebets.mx	LeaseWeb Netherlands B.V. (AS60781)	1
migobierno.mx	UNIFIEDLAYER-AS-1 (AS46606)	1
cleanaim.net	Iomart Managed Services Limited (AS35425)	2
HURRICANE	CEDIA (AS61468)	1
ipcom GmbH	Neue Medien Muennich GmbH (AS34788)	2
aerored.com	DIGITALOCEAN-ASN (AS14061)	1
cloudns.net	Sunrise GmbH (AS6730)	2
IONOS SE	POWER CLOUD AND HOSTING SA DE CV (AS265527)	1
metaways.net	Mittwald CM Service GmbH & Co. KG (AS15817)	1
Rackspace Ltd.	CSC Administrative Services Limited (AS34922)	1
OVH SAS	SINGLEHOP-LLC (AS32475)	1
grupocal.mx	AS17378 (AS17378)	1
Host Europe GmbH	TZULO (AS11878)	2
NSONE	EBAY (AS11643)	1
SOFTLAYER	GOOGLE (AS15169)	2
premiumhosting.es	Trevenque Sistemas De Informacion S.l. (AS42220)	1
SECURITYSERVICES	FLY (AS40509)	5
site4now.net	AS-DYNASCALE-LAX (AS7296)	1
SECURITYSERVICES	NINTENDO (AS11278)	1
quimical.mx	NETWORK-SOLUTIONS-HOSTING (AS19871)	1
DIGICERT	SINGLEHOP-LLC (AS32475)	3
elbosquedelcicloverde.mx	UNIFIEDLAYER-AS-1 (AS46606)	1
molinum.com	Hetzner Online GmbH (AS24940)	1
CLOUDFLARENET	Axarnet Comunicaciones, S.l. (AS50926)	2
grupoinnova.mx	LIMESTONENETWORKS (AS46475)	1
Deutsche Telekom AG	Telekom Deutschland GmbH (AS20570)	1
SECURITYSERVICES	Odido Netherlands B.V. (AS50266)	1
iservicio.net	FASTLY (AS54113)	1
byethost7.org	Wildcard UK Limited (AS34119)	1
orbisit.mx	TOTAL PLAY TELECOMUNICACIONES SA DE CV (AS22884)	1
casamoreno.mx	LIQUIDWEB (AS32244)	1
org.mx	GLOBAL-IP-NETWORKS (AS7819)	1
dongee.com	Hetzner Online GmbH (AS24940)	1
thinline.cz	VSHosting s.r.o. (AS43541)	2
mecalux.mx	UUNET (AS702)	1
IONOS SE	WII (AS32097)	3
dns24.net	Hetzner Online GmbH (AS24940)	1
virusoff.mx	GOOGLE-CLOUD-PLATFORM (AS396982)	1
holonameserver-1.it	Seflow s.r.l. (AS49367)	2
viral-hosting.net	LIQUIDNETLTD1 (AS14555)	1
core-dns.net	H4Y-TECHNOLOGIES (AS397373)	2
VITAL-DNS	MICROSOFT-CORP-MSN-AS-BLOCK (AS8075)	2
dnspool.net	Two Degrees Mobile Limited (AS9889)	1
inhostedns.com	Hetzner Online GmbH (AS24940)	1
DIGICERT	IWEB-AS (AS32613)	2
mivisitavirtual.com	SERVERCENTRAL (AS23352)	3
cipydo.com	OVH SAS (AS16276)	2
metamorfo.mx	NETWORK-SOLUTIONS-HOSTING (AS19871)	1
construlitalighting.com	NETWORK-SOLUTIONS-HOSTING (AS19871)	1
stabletransit.com	COORDINADORA DE CARRIERS, S.A. DE C.V. (AS19332)	1
Konecta de Mexico, S. de R.L. de C.V.	DIMENOC (AS33182)	1
oiracel.mx	INBTEL SA DE CV (AS265586)	1
GOOGLE	netcup GmbH (AS197540)	1
linode.com	DREAMHOST-AS (AS26347)	1
zoneedit.com	IONOS SE (AS8560)	1
dominiok.it	CLOUDFLARENET (AS13335)	2
mybluehost.me	GO-DADDY-COM-LLC (AS400754)	1
nomgob.mx	WII (AS32097)	1
invitacion.mx	Hostinger International Limited (AS47583)	1
Aruba S.p.A.	GOOGLE (AS15169)	1
Assetel SA de CV	MICROSOFT-CORP-MSN-AS-BLOCK (AS8075)	2
rilsa.mx	UNINET (AS8151)	1
nicwebhosting.cl	netcup GmbH (AS214996)	1
ce-com.mx	Alestra, S. de R.L. de C.V. (AS11172)	1
hover.com	Cloudflare London, LLC (AS209242)	1
markmonitor.com	ASN-CXA-ALL-CCI-22773-RDC (AS22773)	1
nominalia.com	Euskaltel S.A. (AS12338)	1
seodany.pro	SERVERCENTRAL (AS23352)	1
aoi.eu	Contabo GmbH (AS51167)	1
Network Information Center Mexico	LIQUIDWEB (AS53824)	1
webhostingireland.ie	Team Blue Carrier Limited (AS29550)	1
stable.cz	Webglobe, s.r.o. (AS29134)	1
pctechnica.com	A2HOSTING (AS55293)	3
opensys.mx	Television Internacional, S.A. de C.V. (AS11888)	1
AS17378	DREAMHOST-AS (AS26347)	1
sandalsbeta.com	GTT Communications Inc. (AS3257)	1
cnci.mx	Alestra, S. de R.L. de C.V. (AS11172)	1
AS17378	UNINET (AS8151)	4
neothek.com	LIQUIDWEB (AS32244)	2
proyecto-web.co	AMAZON-02 (AS16509)	1
slackbox.mx	Scaleway S.a.s. (AS12876)	1
joker.com	AS-SONICTELECOM (AS46375)	1
intershop.mx	DIMENOC (AS33182)	1
thinline.cz	PRO-ZETA a.s. (AS60606)	1
neubox.net	WHG Hosting Services Ltd (AS211126)	1
realtech.es	acens Technologies, S.L. (AS16371)	2
server290.com	ICDSoft Ltd. (AS8739)	2
SkyExchange Internet Access	Host Europe GmbH (AS21499)	1
serverzentre.com	LEASEWEB-USA-WDC (AS30633)	1
AMAZON-02	Enix Ltd (AS52148)	1
SkyExchange Internet Access	AMAZON-02 (AS16509)	1
zoneedit.com	AS17378 (AS17378)	1
DEFENSE-NET	Servicios Administrados Mexis, S.A. de C.V. (AS8007)	1
pro-serve.eu	Signet B.V. (AS21155)	1
meganameservers.eu	SINGLEHOP-LLC (AS32475)	1
ita.mx	UNINET (AS8151)	1
farmaprontocentro.mx	IONOS SE (AS8560)	1
punkt.de	Hetzner Online GmbH (AS24940)	1
hostairweb.com	AMAZON-02 (AS16509)	1
wiredisle.com	PRIVATESYSTEMS (AS63410)	1
ACTIVE 24, s.r.o.	Hetzner Online GmbH (AS24940)	1
pagina.mx	GOOGLE-CLOUD-PLATFORM (AS396982)	1
Host Europe GmbH	Xtudio Networks S.L.U. (AS60458)	1
publinet.it	Fastweb (AS12874)	1
luxuryjewels.mx	NETWORK-SOLUTIONS-HOSTING (AS19871)	1
AMAZON-02	GTLLP (AS19482)	2
SECURITYSERVICES	iWelt GmbH + Co. KG (AS29624)	1
buzbax.com	UNIFIEDLAYER-AS-1 (AS46606)	1
CLDIN B.V.	i3D.net B.V (AS49544)	1
bidtecnologia.mx	DIGITALOCEAN-ASN (AS14061)	1
Safenames Ltd.	COGECO-PEER1 (AS13768)	1
LIGHTEDGE-AS-02	Mexico Red de Telecomunicaciones, S. de R.L. de C.V. (AS13591)	2
phade.de	LEVEL3 (AS3356)	1
sytes.net	UNINET (AS8151)	1
net.ar	Contabo GmbH (AS51167)	1
is-fun.net	LVLT-3549 (AS3549)	1
ORACLE-BMC-31898	AS17378 (AS17378)	1
gofardesign.uk	MULTA-ASN1 (AS35916)	1
com.tw	Taiwan Fixed Network, Telco and Network Service Provider. (AS9924)	1
indigocloud.host	SERVERCENTRAL (AS23352)	3
IONOS SE	EK-Media B.V. (AS51942)	1
countryclubculiacan.mx	Alestra, S. de R.L. de C.V. (AS11172)	1
com.co	GIGAS HOSTING COLOMBIA S.A.S. (AS267841)	1
NUCDN	OIS1 (AS26337)	2
AMAZON-02	AMX-LLC-AS (AS15113)	2
skilltech.mx	UNIFIEDLAYER-AS-1 (AS46606)	1
Host Europe GmbH	AS-KGIX (AS53861)	1
seprocentro.com	DIMENOC (AS33182)	1
rovasa.mx	Hostinger International Limited (AS47583)	1
markmonitor.com	LIQUIDWEB (AS32244)	1
dnsprotect.com	DIMENOC (AS33182)	6
CLOUDFLARENET	UNIT A17,9F SILVERCORP INTL TOWER 707-713 NATHAN RD (AS134175)	1
combios.es	Host Europe GmbH (AS21499)	2
inmotionhosting.com	GOOGLE-CLOUD-PLATFORM (AS396982)	1
msmotorsports.mx	OVH SAS (AS16276)	1
broadspeed.de	Plusnet GmbH (AS20676)	1
portaldigitae.net	LIMESTONENETWORKS (AS46475)	1
ugto.mx	Universidad de Guanajuato (AS2708)	1
gabinetesmetalicosfilerk.mx	UNIFIEDLAYER-AS-1 (AS46606)	1
IS-AS-1	LINKED STORE BRASIL CRIACAO E DESENVOL DE SOFTWARE (AS273584)	1
rickygzz.com	Hostinger International Limited (AS47583)	1
dnsbrr.com	Hetzner Online GmbH (AS24940)	1
ipcom GmbH	Wix.com Ltd. (AS58182)	1
dn-s.nl	CLDIN B.V. (AS48635)	1
shuttles.mx	AS-VULTR (AS20473)	1
exception.nl	OSSO B.V. (AS43366)	1
server343.com	ICDSoft Ltd. (AS8739)	1
hosting-mexico.net	Hostinger International Limited (AS47583)	1
999servers.com	Good Domain Registry Private Limited (AS132322)	1
buro3publicidad.com	DIMENOC (AS33182)	1
NS1.	OVH SAS (AS16276)	1
markmonitor.com	ML-1432-54994 (AS54994)	1
condominio24.mx	LIQUIDWEB (AS32244)	1
suzukimty.mx	LIQUIDWEB (AS32244)	1
hostgatorwebservers.com	UNIFIEDLAYER-AS-1 (AS46606)	1
SECURITYSERVICES	GO-DADDY-COM-LLC (AS398787)	1
managed-ip.com	TelemaxX Telekommunikation GmbH (AS12843)	1
Dattatec.com	MICROSOFT-CORP-MSN-AS-BLOCK (AS8075)	1
SECURITYSERVICES	ODERLAND Webbhotell AB (AS44136)	2
kanhotel.net	Nexthop AS (AS49788)	1
mictlanix.net	CLOUDFLARENET (AS13335)	1
artaksolutions.com	NETWORK-SOLUTIONS-HOSTING (AS19871)	1
Triara.com S.A. de C.V.	DATABANK-ZCOLO (AS27325)	1
cloudns.net	UNIFIEDLAYER-AS-1 (AS46606)	2
tony.mx	Enflow B.V. (AS209626)	1
lifelike.mx	CLOUDFLARENET (AS13335)	1
ozongo.com	AMAZON-02 (AS16509)	1
Hetzner Online GmbH	FASTLY (AS54113)	2
radar-social.com	HURRICANE (AS6939)	1
MICROSOFT-CORP-MSN-AS-BLOCK	RACKSPACE (AS19994)	3
onikom.mx	AMAZON-02 (AS16509)	1
ovum.mx	IONOS SE (AS8560)	1
AS17378	COGENT-174 (AS174)	1
neill.net	NEXCESS-NET (AS36444)	2
CLOUDFLARENET	INOVADATA (AS62550)	1
wwe.com	AMAZON-AES (AS14618)	2
parqueindustrialzapopan.mx	AS-26496-GO-DADDY-COM-LLC (AS26496)	1
sombrerosviquez.mx	Wix.com Ltd. (AS58182)	1
otorrinomty.mx	LIQUIDWEB (AS32244)	1
wired-it.net	TOTAL PLAY TELECOMUNICACIONES SA DE CV (AS22884)	1
dnspackage.com	Dreamscape Networks Limited (AS38719)	2
zintroalum.mx	MICROSOFT-CORP-MSN-AS-BLOCK (AS8075)	1
netnautics.net	Netwerkvereniging Coloclue (AS8283)	1
agenciammstudio.com	Enix Ltd (AS52148)	1
cyaenlinea.com	NETWORK-SOLUTIONS-HOSTING (AS19871)	1
MICROSOFT-CORP-MSN-AS-BLOCK	NETSOURCE (AS22458)	2
corporativodigitos.mx	NETWORK-SOLUTIONS-HOSTING (AS19871)	1
adketingserver.com	DIMENOC (AS33182)	1
elqbo.net	SERVERCENTRAL (AS23352)	3
CLOUDFLARENET	CENTURYLINK-LEGACY-SAVVIS (AS3561)	1
nominalia.com	Soluciones web on line s.l. (AS201446)	1
IONOS SE	Grupo Loading Systems, S.L. (AS198066)	1
thcservers.com	AS40676 (AS40676)	1
sab.mx	NETWORK-SOLUTIONS-HOSTING (AS19871)	1
aruba.it	Aruba S.p.A. (AS31034)	1
oetcapital.com	INMOTION (AS22611)	3
pixtudios.net	PRIVATESYSTEMS (AS63410)	1
domainhotelli.fi	SQUARESPACE (AS53831)	1
interbusiness.it	CSC (AS19574)	1
CLOUDFLARENET	NewVM B.V. (AS201401)	2
smbn.mx	IONOS SE (AS8560)	1
ich-6.com	IWEB-AS (AS32613)	1
elshowdehector.mx	NOCIX (AS33387)	1
pointmedia.mx	IONOS SE (AS8560)	1
pro-one.mx	RADWARE-CLOUD-SERVICES (AS25773)	1
codero.com	NL-811-40021 (AS40021)	1
hostlife.net	AS-30083-US-VELIA-NET (AS30083)	1
amplifyapp.com/login	AMAZON-02 (AS16509)	1
AMAZON-AES	Cloudflare London, LLC (AS209242)	1
incolume.info	SERVERCENTRAL (AS23352)	2
SERVERCENTRAL	KAMATERA (AS36007)	1
Deutsche Telekom AG	SOPRADO GmbH (AS20546)	1
jcsantiagous.mx	GO-DADDY-COM-LLC (AS398101)	1
gmoserver.jp	GMO Internet Group, Inc. (AS7506)	1
servername.online	CYBERCON (AS7393)	1
hostserverpro.com	LIQUIDWEB (AS53824)	1
fcardoso.mx	AS17378 (AS17378)	1
huanga.com	Netrics Zuerich AG, Opfikon (AS31424)	1
zoneedit.com	NETWORK-SOLUTIONS-HOSTING (AS19871)	1
conseo.mx	SERVERCENTRAL (AS23352)	2
saudi.mx	Contabo GmbH (AS51167)	1
OVH SAS	GANDI SAS (AS203476)	2
CLOUDFLARENET	LUMOS (AS7795)	1
viasnet.com	DIMENOC (AS33182)	2
lsccom.com	AMAZON-02 (AS16509)	1
craigslist.org	CRAIGS-NET-1 (AS22414)	1
svrmx.com	NETWORK-SOLUTIONS-HOSTING (AS19871)	1
especialistaswebserv1.com	IS-AS-1 (AS19318)	2
inmotionhosting.com	Contabo Asia Private Limited (AS141995)	1
dns-registros.com	A2HOSTING (AS55293)	1
niveldecalidad.mx	NIXVAL (AS13287)	1
anagramhosting.net	NETWORK-SOLUTIONS-HOSTING (AS19871)	2
cloudns.net	Virtual Systems LLC (AS30860)	1
gcarso.mx	Cloudflare London, LLC (AS209242)	1
com.mx	YUVOX S.A DE C.V (AS10706)	1
Dattatec.com	AMAZON-02 (AS16509)	3
caramuti.net	Dattatec.com (AS27823)	1
webmaster04serranopublicidad.com	NETSOURCE (AS22458)	1
CENTURYLINK-US-LEGACY-QWEST	LEVEL3 (AS3356)	1
martec.mx	Hetzner Online GmbH (AS24940)	1
TUT-AS	Cloudflare London, LLC (AS209242)	1
co.kr	WHG Hosting Services Ltd (AS36454)	1
com.au	Wholesale Services Provider (AS45671)	3
MICROSOFT-CORP-MSN-AS-BLOCK	GOSEMO-LLC (AS46906)	1
medula.mx	IONOS SE (AS8560)	1
kenton.mx	UNIFIEDLAYER-AS-1 (AS46606)	2
Hydra Communications Ltd	Hydra Communications Ltd (AS25369)	2
vinoc.mx	GOOGLE-CLOUD-PLATFORM (AS396982)	2
NUCDN	AS-26496-GO-DADDY-COM-LLC (AS26496)	1
sas-dns.com	OVH SAS (AS16276)	2
cylarcom.net	DIGITALOCEAN-ASN (AS14061)	1
centrosos.pw	AS-30083-US-VELIA-NET (AS30083)	2
BMS-AS	INCAPSULA (AS19551)	1
sycor.de	SYCOR GmbH (AS25481)	1
sadasi.net	ATLANTIC-NET-1 (AS6364)	1
sisstratos.net	UNIFIEDLAYER-AS-1 (AS46606)	1
xcreen.net	UNIFIEDLAYER-AS-1 (AS46606)	2
Akamai International B.V.	GOOGLE-CLOUD-PLATFORM (AS396982)	1
virtuodigital.com	UNIFIEDLAYER-AS-1 (AS46606)	1
Nessus GmbH	FASTLY (AS54113)	1
maderasyplasticos.com	AS17378 (AS17378)	1
rochendns.net	AMAZON-02 (AS16509)	2
NETSOURCE	BLUEZONE-ISP (AS55025)	1
megatransporte.mx	AS17378 (AS17378)	1
cubreasientosjalisco.com	SERVERCENTRAL (AS23352)	3
one.com	MICROSOFT-CORP-MSN-AS-BLOCK (AS8075)	2
agfa.be	Agfa Gevaert NV (AS31612)	2
enxohost.com	NL-811-40021 (AS40021)	2
hostspectrum.com	MASSIVE-NETWORKS (AS21777)	1
linode.com	HERABIT S.p.A. (AS21309)	1
khromat.org	NAMEHERO-KCDC (AS399250)	3
cointic.mx	IONOS SE (AS8560)	1
dailymotion.com	Dailymotion S.A. (AS41690)	1
ipn.mx	MICROSOFT-CORP-MSN-AS-BLOCK (AS8075)	1
Host Europe GmbH	SEL-AS (AS4539)	1
CLOUDFLARENET	US-TELEPACIFIC (AS14265)	1
com.mx	NEXCESS-NET (AS36444)	2
CLOUDFLARENET	ABCDE GROUP (AS133201)	1
universidaddelamujer.mx	Axtel, S.A.B. de C.V. (AS6503)	1
CLOUDFLARENET	NETandWORK s.r.l. (AS201877)	1
digitalquo.net	Hostinger International Limited (AS47583)	2
capisa.mx	DIGITALOCEAN-ASN (AS14061)	1
gtm.red	NL-811-40021 (AS40021)	1
visionactiva.net	SERVERCENTRAL (AS23352)	1
Ledl.net GmbH	AMAZON-02 (AS16509)	1
avantra.mx	IONOS SE (AS8560)	1
ebosshost.com	A2HOSTING (AS55293)	1
hostland.ru	Hostland LTD (AS62082)	2
CLOUDFLARENET	SSUITES-AS1 (AS14352)	2
3plogistics.mx	UNIFIEDLAYER-AS-1 (AS46606)	1
media3.net	MICROSOFT-CORP-MSN-AS-BLOCK (AS8075)	1
cdmon.net	Mega Cable, S.A. de C.V. (AS262916)	2
quyo.net	DIGITALOCEAN-ASN (AS14061)	1
chrysler.com	MICROSOFT-CORP-MSN-AS-BLOCK (AS8069)	1
wtservers.com	Dream Fusion - IT Services, Lda (AS39384)	1
GANDI SAS	Gigas Hosting S.A. (AS57286)	2
IONOS SE	Iomart Cloud Services Limited (AS20860)	1
GOOGLE	Grupo Loading Systems, S.L. (AS198066)	1
zoneedit.com	Mega Cable, S.A. de C.V. (AS13999)	3
SECURITYSERVICES	SYMANTEC-CORPORATION (AS16733)	1
tumsa.mx	AS-30083-US-VELIA-NET (AS30083)	1
swisspac.ph	UNIFIEDLAYER-AS-1 (AS46606)	1
co.uk	MICROSOFT-CORP-MSN-AS-BLOCK (AS8075)	2
villah.net	ML Consultancy (AS9150)	1
Safenames Ltd.	Rackspace Ltd. (AS15395)	1
NETWORK-SOLUTIONS-HOSTING	WHG Hosting Services Ltd (AS14670)	1
one.com	GOOGLE-CLOUD-PLATFORM (AS396982)	1
prodonsa.net	HOPONE-GLOBAL (AS14361)	3
bifrost.mx	GOOGLE-CLOUD-PLATFORM (AS396982)	1
name-services.com	DATAYARD (AS14131)	1
Bdl Systemes SAS	CSC (AS19574)	2
ORACLE-BMC-31898	GOOGLE (AS15169)	2
graft.mx	NETWORK-SOLUTIONS-HOSTING (AS19871)	2
hostcmpro.com	NETWORK-SOLUTIONS-HOSTING (AS19871)	1
servidoresdns10.com	IONOS SE (AS8560)	1
omega1pharma.mx	SSASN2 (AS20454)	1
nbfoods.mx	IONOS SE (AS8560)	1
positiva.mx	NETWORK-SOLUTIONS-HOSTING (AS19871)	2
cloudns.io	Enix Ltd (AS52148)	3
pagina.mx	Hostinger International Limited (AS47583)	1
mictlanix.net	LIQUIDWEB (AS32244)	1
migonetworks.com	NETWORK-SOLUTIONS-HOSTING (AS19871)	2
teleios.mx	AS17378 (AS17378)	1
DIGICERT	LEVEL3 (AS3356)	1
plusline.de	velia.net Internetdienste GmbH (AS29066)	1
icondns.net	SS-ASH (AS19437)	1
fabulous.com	Team Internet AG (AS61969)	2
Host Europe GmbH	PEG-SV (AS54600)	1
edu.mx	Universidad Autonoma de Nayarit (AS28390)	1
xundns.com	Yancy Limited (AS138415)	1
digicom.mx	GIGASNET-AS (AS27640)	1
newtekdns.com	CRYSTALTECH (AS14992)	3
itserver.at	InterNetworX Management GmbH (AS48596)	1
com.br	SERVERCENTRAL (AS23352)	2
serverhostgroup.com	Akamai Connected Cloud (AS63949)	2
latincasa.mx	Cloudflare London, LLC (AS209242)	1
IS-AS-1	Wix.com Ltd. (AS58182)	1
nidhost.com	SERVERCENTRAL (AS23352)	1
adicio.mx	LIQUIDWEB (AS32244)	1
NETWORK-SOLUTIONS-HOSTING	PT Perwira Media Solusi (AS211407)	1
orbitaciv.com	CARINET (AS10439)	1
Host Europe GmbH	hostNET Medien GmbH (AS34895)	1
SECURITYSERVICES	ANEXIA Internetdienstleistungs GmbH (AS42473)	1
norock.mx	DIGITALOCEAN-ASN (AS14061)	1
kyneb.mx	AS17378 (AS17378)	1
warptech.mx	IONOS SE (AS8560)	1
peugeotchihuahua.mx	ADISTA SAS (AS16347)	1
HURRICANE	Megacable Comunicaciones de Mexico, S.A. de C.V. (AS14178)	1
ankol.mx	GO-DADDY-COM-LLC (AS398101)	1
digitalags.com	DIGITAL COMUNICATIONS DE MEXICO SA DE CV (AS265504)	1
8b.io	AMAZON-AES (AS14618)	1
ksserver1.com	TIER-NET (AS397423)	1
romarg.com	ROMARG SRL (AS205275)	1
setin.com	UNINET (AS8151)	1
medinavirtual.com	UNIFIEDLAYER-AS-1 (AS46606)	1
AS17378	RAMNODE (AS3842)	1
miconsul.com	LEASEWEB-USA-WDC (AS30633)	1
softnethosting.net	WHG Hosting Services Ltd (AS14670)	4
tycoelectronics.com	DATAYARD (AS14131)	1
AMAZON-02	INTERNAP-BLK3 (AS13789)	1
cloudns.net	LIQUIDNETLTD1 (AS14555)	2
CLOUDFLARENET	TEKTONIC (AS55045)	2
nhl-data.dk	NForce Entertainment B.V. (AS43350)	1
holijolly.mx	Contabo GmbH (AS51167)	1
lmtransport.mx	OVH SAS (AS16276)	1
glipac.ch	MICROSOFT-CORP-MSN-AS-BLOCK (AS8075)	2
flowbit.mx	NETWORK-SOLUTIONS-HOSTING (AS19871)	1
ciqa.mx	JOSE MIGUEL MACIAS CONTRERAS (AS28539)	1
serverjid9001.com	DFW-DATACENTER (AS30277)	1
okbike.mx	LIQUIDWEB (AS32244)	1
hostingjusto.com	NETWORK-SOLUTIONS-HOSTING (AS19871)	1
GOOGLE	Television Internacional, S.A. de C.V. (AS265594)	1
Host Europe GmbH	ZC38-AS1 (AS13354)	1
gaguweb.net	OVH SAS (AS16276)	1
AMAZON-02	Neptune Internet Services SAS (AS60595)	1
gshconsulting.net	Hetzner Online GmbH (AS24940)	1
valenciaconsultores.mx	GO-DADDY-COM-LLC (AS398101)	1
supremepanel.com	Hostinger International Limited (AS47583)	1
nethost.cz	MICROSOFT-CORP-MSN-AS-BLOCK (AS8075)	1
alias2.net	AMAZON-02 (AS16509)	1
dodns.net	CLOUDFLARENET (AS13335)	1
AMAZON-02	Euskaltel S.A. (AS12338)	1
sistemasags.com	LIMESTONENETWORKS (AS46475)	1
tutiendadesalud.com	UNIFIEDLAYER-AS-1 (AS46606)	2
aspnext.de	M-net Telekommunikations GmbH (AS8767)	1
4gds.biz	AS17378 (AS17378)	1
usvx.net	DIGITALOCEAN-ASN (AS14061)	1
expotimemexico.com	AS17378 (AS17378)	2
net.au	Fluccs Australia Australian Cloud Provider (AS55359)	1
somosgrupo-a.com	AMAZON-AES (AS14618)	1
itacshosting.com	NETWORK-SOLUTIONS-HOSTING (AS19871)	1
wadilworks.net	DIMENOC (AS33182)	4
EDNS	WorldStream B.V. (AS49981)	1
cruvaz.com	SERVERCENTRAL (AS23352)	1
GENMILLS	GOOGLE-CLOUD-PLATFORM (AS396982)	1
GOOGLE	Combell NV (AS34762)	1
Host Europe GmbH	IT7NET (AS25820)	4
evoled.mx	OVH SAS (AS16276)	1
PONYNET	CLOUDFLARENET (AS13335)	1
iptwins.com	AS-26496-GO-DADDY-COM-LLC (AS26496)	1
deiro.com	Vodafone Spain (AS12430)	2
tve.mx	AS17378 (AS17378)	1
akkyhosting18.mx	AMAZON-AES (AS14618)	1
org.mx	GOOGLE-CLOUD-PLATFORM (AS396982)	1
real.com	Cloudflare London, LLC (AS209242)	1
MAJESTIC-HOSTING-01	MICROSOFT-CORP-MSN-AS-BLOCK (AS8075)	1
one.com	NETWORK-SOLUTIONS-HOSTING (AS19871)	1
co.uk	Des Capital B.V. (AS213035)	1
codice.com	TOTAL PLAY TELECOMUNICACIONES SA DE CV (AS22884)	1
BRAVO-NET	NETWORK-SOLUTIONS-HOSTING (AS19871)	1
ns14.net	RelAix Networks GmbH (AS34953)	1
team.blue Denmark A/S	WIIT AG (AS24961)	1
org.mx	CLOUDFLARENET (AS13335)	1
Host Europe GmbH	MACST-ATL (AS395336)	1
inteliserver.info	NETWORK-SOLUTIONS-HOSTING (AS19871)	1
efor.es	Efor Global Technology SL (AS44585)	2
mapfre.com	acens Technologies, S.L. (AS16371)	2
IWEB-AS	CLOUDFLARENET (AS13335)	2
mizapateria.mx	AS17378 (AS17378)	1
tobepsr.com	UNIFIEDLAYER-AS-1 (AS46606)	4
ecommercebros.mx	SINGLEHOP-LLC (AS32475)	1
nenuco.mx	AS17378 (AS17378)	1
guiaderutas.com	NETWORK-SOLUTIONS-HOSTING (AS19871)	1
reyseo.es	SERVERCENTRAL (AS23352)	1
Host Europe GmbH	Team Blue Carrier Limited (AS34920)	2
MICROSOFT-CORP-MSN-AS-BLOCK	RACKSPACE (AS27357)	1
globaloxs.net	AS17378 (AS17378)	1
neill.net	NEILL-CORPORATION (AS21952)	1
rjmmanufacturing.mx	LIQUIDWEB (AS32244)	1
Host Europe GmbH	ab stract ltd (AS39287)	2
flnet.su	JSC Faberlic (AS38974)	2
gransy.com	WEDOS Internet, a.s. (AS197019)	1
Host Europe GmbH	Akamai International B.V. (AS20940)	1
sconetwork.mx	GO-DADDY-COM-LLC (AS398101)	1
smartg.mx	LIQUIDWEB (AS32244)	1
HURRICANE	Mega Cable, S.A. de C.V. (AS13999)	1
AS17378	Hetzner Online GmbH (AS212317)	1
e-digitalhosting.net	Leaseweb Deutschland GmbH (AS28753)	1
cloudns.net	Pq Hosting Plus S.r.l. (AS44477)	1
genesys informatica srl	Aruba S.p.A. (AS31034)	2
akkyhosting22.mx	AMAZON-AES (AS14618)	1
wunderlabshost.com	DIGITALOCEAN-ASN (AS14061)	1
dinamix.mx	NETWORK-SOLUTIONS-HOSTING (AS19871)	1
CLOUDFLARENET	10dencehispahard, S.L. (AS197712)	1
bateriasincluidas.com	UNIFIEDLAYER-AS-1 (AS46606)	4
gsdmx.com	CROCWEB (AS63068)	2
jetco.st	AMAZON-02 (AS16509)	1
lo-cality.net	CLOUDFLARENET (AS13335)	2
mojohost.com	MOJOHOST (AS27589)	1
CLOUDFLARENET	HOSTWINDS (AS54290)	3
ipcom GmbH	GISA GmbH (AS205435)	1
SECURITYSERVICES	TVC-AS1 (AS13536)	1
albertoaguirre.site	AMAZON-02 (AS16509)	1
vamarvallarta.com	IS-AS-1 (AS19318)	1
name-services.com	AMAZON-02 (AS16509)	5
3uno.com	OVH SAS (AS16276)	1
Banco Mercantil del Norte S.A., Institucion de Banca Multiple, Grupo Financiero Banorte	AMAZON-02 (AS16509)	1
insadisa.mx	UNIFIEDLAYER-AS-1 (AS46606)	1
UNINET	UNINET (AS8151)	2
NETWORK-SOLUTIONS-HOSTING	WHG Hosting Services Ltd (AS36454)	1
SECURITYSERVICES	dogado GmbH (AS8648)	1
hostyou4ever.be	Combell NV (AS34762)	1
si-servers.com	SINGLEHOP-LLC (AS32475)	1
server304.com	ICDSoft Ltd. (AS8739)	2
kolorines.info	LIQUIDWEB (AS32244)	1
caboinformatica.com	Akamai Connected Cloud (AS63949)	1
cortaestancia.mx	MICROSOFT-CORP-MSN-AS-BLOCK (AS8075)	1
correo.mx	Internet Engine, S.A. de C.V. (AS14249)	1
PAIR-NETWORKS	CLOUDFLARENET (AS13335)	1
DIGICERT	GO-DADDY-COM-LLC (AS398101)	4
guima.mx	MICROSOFT-CORP-MSN-AS-BLOCK (AS8075)	1
siicom-mx.com	AS-30083-US-VELIA-NET (AS30083)	3
NETWORK-SOLUTIONS-HOSTING	SHARKTECH (AS46844)	1
conceptexperts.com	Hostinger International Limited (AS47583)	3
fusionyformas.com	UNIFIEDLAYER-AS-1 (AS46606)	1
com.pe	Hetzner Online GmbH (AS24940)	1
mintac.net	IONOS SE (AS8560)	1
Soluciones Corporativas IP, SL	GlobalConnect AB (AS12552)	2
saira.mx	IONOS SE (AS8560)	1
isnstudio.com	NETWORK-SOLUTIONS-HOSTING (AS19871)	1
DinaHosting S.L.	Rackspace Ltd. (AS15395)	1
auto-dns.com	UpCloud Ltd (AS202053)	1
rentayserviciosf5.mx	GOOGLE (AS15169)	1
cloudns.net	SECNET Sp. z o.o. (AS198854)	1
haciendadetrancas.mx	IONOS SE (AS8560)	1
notaria77.mx	SOFTLAYER (AS36351)	1
xignux.com	MICROSOFT-CORP-MSN-AS-BLOCK (AS8075)	1
tuwebhost.us	LIQUIDNETLTD1 (AS14555)	1
institutofarmanegocio.com	WHG Hosting Services Ltd (AS14670)	2
SECURITYSERVICES	CABLE-NET-1 (AS6128)	1
hostgator.com	UNINET (AS8151)	1
Host Europe GmbH	RELIABLESITE (AS23470)	4
iweblan.net	AS62904 (AS62904)	2
CLOUDFLARENET	DeepL SE (AS60550)	1
velor.mx	AS17378 (AS17378)	1
QUIC-CLOUD	AS-GLOBALTELEHOST (AS63023)	1
onepage.io	GOOGLE-CLOUD-PLATFORM (AS396982)	2
frenosjabalera.com	SERVERCENTRAL (AS23352)	2
ipcom GmbH	Deutsche Telekom AG (AS3320)	2
europiel.club	NAMECHEAP-NET (AS22612)	3
Host Europe GmbH	PRETECS (AS39962)	1
atiemposiempre.com	HOST4GEEKS-LLC (AS393960)	1
markmonitor.com	Corpex Internet GmbH (AS39227)	1
IS-AS-1	DIGITALOCEAN-ASN (AS14061)	1
droca.com	Axtel, S.A.B. de C.V. (AS6503)	1
caroltech.com	UNIFIEDLAYER-AS-1 (AS46606)	1
IONOS SE	QTI (AS63148)	1
servidoresdns10.com	Abansys & Hostytec, S.L. (AS196713)	2
arran.mx	AS17378 (AS17378)	1
heras.mx	LIQUIDWEB (AS32244)	1
nominalia.com	OVH SAS (AS16276)	2
sistemaip.net	OVH SAS (AS16276)	1
Hostpoint AG	METANET AG (AS21069)	2
akkyhosting28.mx	CLOUDFLARENET (AS13335)	1
SECURITYSERVICES	WEEBLY (AS27647)	3
hostingzone.eu	1api GmbH (AS44569)	1
Host Europe GmbH	23VNet Kft. (AS30836)	1
metalseed.io	LIQUIDWEB (AS32244)	1
invoiceone.mx	Axtel, S.A.B. de C.V. (AS6503)	1
itigroup.mx	GO-DADDY-COM-LLC (AS398101)	2
alma-da.com	HOST4GEEKS-LLC (AS393960)	1
ANEXIA Internetdienstleistungs GmbH	DIGITALOCEAN-ASN (AS14061)	1
net.mx	Cablevision, S.A. de C.V. (AS28548)	2
grabadosmonterrey.mx	GOOGLE-CLOUD-PLATFORM (AS396982)	1
rocasistemas.mx	GOOGLE-CLOUD-PLATFORM (AS396982)	1
Signet B.V.	Netwerkvereniging Coloclue (AS8283)	1
mota-engil.pt	Mota-engil Global-servicos Partilhados Administrativos E Tecnicos, S.A. (AS50271)	1
ORACLE-BMC-31898	CSC (AS19574)	1
gransy.com	MasterDC s.r.o. (AS24971)	1
schlundtech.de	TelemaxX Telekommunikation GmbH (AS12843)	3
meganameservers.com	WEEBLY (AS27647)	1
SAREnet, S.A.	GOOGLE-CLOUD-PLATFORM (AS396982)	1
HURRICANE	LIQUIDNETLTD1 (AS14555)	1
Network Information Center Mexico	ORACLE-BMC-31898 (AS31898)	2
dynu.com	INTELVID S.A. DE C.V. (AS265505)	1
orbiscorporation.com	DIGICERT (AS16552)	1
mexipe.com	LIQUIDWEB (AS32244)	1
co.uk	Kualo Limited (AS204436)	1
mairo.mx	IONOS SE (AS8560)	1
linode.com	GENERAL-MOTORS-CORPORATION (AS30383)	2
OMNIS-ANYCAST-1	NETWORK-SOLUTIONS-HOSTING (AS19871)	1
kaelytechnology.com	NETWORK-SOLUTIONS-HOSTING (AS19871)	1
pricerivieratours.mx	GO-DADDY-COM-LLC (AS398101)	1
firehouse.mx	MULTA-ASN1 (AS35916)	1
co.uk	INCAPSULA (AS19551)	2
simont.mx	DIGITALOCEAN-ASN (AS14061)	1
cdmon.net	Genetsis Partners Sl (AS16168)	1
uanl.mx	Universidad Autonoma de Nuevo Leon (AS3454)	2
magdalenajalisco.net	LIQUIDNETLTD1 (AS14555)	1
rackspeed-cloud.com	comtrance service GmbH (AS30962)	1
dnsexit.com	PFNL-ASN (AS46208)	2
banners.mx	DIGITALOCEAN-ASN (AS14061)	1
unknown	Wix.com Ltd. (AS58182)	1
ocahospital.mx	GO-DADDY-COM-LLC (AS398787)	1
MICROSOFT-CORP-MSN-AS-BLOCK	CLOUDWEBMANAGE-TX (AS396949)	1
AMAZON-02	CENTURYLINK-LEGACY-LVLT-203 (AS203)	1
DIGICERT	Proact IT UK Limited (AS62313)	1
weber.cloud	Hetzner Online GmbH (AS24940)	1
finallabs.com	Wix.com Ltd. (AS58182)	1
creditfactor.mx	OVH SAS (AS16276)	1
zumedns.com	Alpha Internet Limited (AS58051)	1
hotelencantoacapulco.com	LEASEWEB-USA-WDC (AS30633)	1
residenz.mx	UNIFIEDLAYER-AS-1 (AS46606)	1
NETWORK-SOLUTIONS-HOSTING	Guillermo Robles Ramirez (AS270172)	1
hostingsisec.com	UNIFIEDLAYER-AS-1 (AS46606)	2
bepensa.com	Triara.com S.A. de C.V. (AS19373)	1
tgallo.mx	OVH SAS (AS16276)	1
namepros-dns.com	AMAZON-AES (AS14618)	1
SECURITYSERVICES	TWC-11427-TEXAS (AS11427)	1
pomex.mx	WEBINT (AS11989)	1
edugap.mx	WHG Hosting Services Ltd (AS14670)	1
allegratravel.mx	LIQUIDWEB (AS32244)	1
Deutsche Telekom AG	PlusServer GmbH (AS61157)	1
alpha-dns.com	OVH SAS (AS16276)	1
firefish.mx	NETWORK-SOLUTIONS-HOSTING (AS19871)	1
notaria136.mx	NOCIX (AS33387)	1
NETWORK-SOLUTIONS-HOSTING	IS-AS-1 (AS19318)	1
cloudns.net	AUTOMATTIC (AS2635)	3
zoneedit.com	OVH SAS (AS16276)	2
franslux.mx	CLOUDFLARENET (AS13335)	1
AMAZON-02	Sentia Denmark A/S (AS47292)	1
isap.mx	PRIVATESYSTEMS (AS63410)	1
drei.host	Hetzner Online GmbH (AS24940)	2
Host Europe GmbH	CHARTER-20115 (AS20115)	1
ticketmaster.com	ATT-INTERNET4 (AS7018)	2
co.uk	Coreix Ltd (AS31708)	2
xmegatravel.com	PRIVATESYSTEMS (AS63410)	3
unipaginas.com	NTHL (AS11042)	2
markmonitor.com	Cloudflare London, LLC (AS209242)	1
cloudpit.com	Telia Cygate Oy (AS29422)	1
DIGICERT	LEASEWEB-USA-WDC (AS30633)	1
CLOUDFLARENET	Combell NV (AS34762)	3
hosttech.ch	hosttech GmbH (AS207143)	2
dnssw.net	sw hosting & communications technologies SL (AS41541)	2
transtolvas.mx	LIQUIDWEB (AS32244)	1
123ns.de	Mittwald CM Service GmbH & Co. KG (AS15817)	1
luadns.net	AS-VULTR (AS20473)	2
SkyExchange Internet Access	ZEN-ECN (AS21859)	1
CLOUDFLARENET	KTCFV-USA (AS33134)	1
CLOUDFLARENET	Alibaba Cloud Singapore Private Limited (AS134963)	1
Servicios Administrados Mexis, S.A. de C.V.	AMAZON-02 (AS16509)	1
123ns.de	Triara.com S.A. de C.V. (AS19373)	1
CLOUDFLARENET	XNNET (AS6134)	1
60.214	AMAZON-02 (AS16509)	1
Host Europe GmbH	Cloudi Nextgen Sl (AS49635)	1
signus.ws	Cloudflare London, LLC (AS209242)	1
OVH SAS	Hostinger International Limited (AS47583)	2
ascio.com	Esteve Pharmaceuticals SA (AS31164)	1
mega-rey.com	UNIFIEDLAYER-AS-1 (AS46606)	1
nic.ru	Jsc ru-center (AS48287)	1
bayern.de	Vodafone GmbH (AS3209)	1
hyperservers.net	WII (AS32097)	2
SECURITYSERVICES	Danfoss A/S (AS12834)	1
mie.mx	AMAZON-02 (AS16509)	1
webyes.nl	NAMEHERO-KCDC (AS399250)	1
OVH SAS	Infomaniak Network SA (AS29222)	1
CLOUDFLARENET	LEVEL3 (AS3356)	1
Host Europe GmbH	PERFORMIVE (AS46562)	1
DIGICERT	InterNetX GmbH (AS15456)	1
DFW-DATACENTER	Hetzner Online GmbH (AS24940)	2
adismarketing.com	UNIFIEDLAYER-AS-1 (AS46606)	1
MICROSOFT-CORP-MSN-AS-BLOCK	IMH-IAD (AS54641)	1
truvisibility.com	DIGITALOCEAN-ASN (AS14061)	1
Universidad Nacional Autonoma de Mexico	IONOS SE (AS8560)	1
myfcloudfr.com	Akamai Connected Cloud (AS63949)	1
loopia.se	Cleura AB (AS42695)	1
cirugiaplastica.mx	LEASEWEB-USA-WDC (AS30633)	1
firestorm-isp.com	Datasource AG (AS51395)	1
wisypool.mx	OVH SAS (AS16276)	1
kaunaz.net	UNIFIEDLAYER-AS-1 (AS46606)	1
hostnet.nl	Hetzner Online GmbH (AS24940)	1
xn--dnsparking-st6e.com	IONOS SE (AS8560)	1
CARINET	AS17378 (AS17378)	1
websolutions.pe	SERVERCENTRAL (AS23352)	1
psw.net	QualityHosting AG (AS25260)	1
stabletransit.com	LIMESTONENETWORKS (AS46475)	1
twihosting.com	Bridge Fibre Limited (AS51055)	1
fullcontrol.net	LIQUIDWEB (AS32244)	1
cqr.mx	AS17378 (AS17378)	1
onestudio.mx	Grupo Hidalguense de Desarrollo, S.A. de C.V. (AS28381)	1
iteso.mx	ITESO, A.C. (AS1831)	2
dosbytes-host.com	UNIFIEDLAYER-AS-1 (AS46606)	1
infoselfcloud.com	MICROSOFT-CORP-MSN-AS-BLOCK (AS8075)	1
CLOUDFLARENET	Aruba S.p.A. (AS31034)	2
Host Europe GmbH	IQCLOUD S.A. DE C.V. (AS265503)	1
tupaginaya.site	LIQUIDWEB (AS32244)	1
facturadoronline.com	WEBNX (AS18450)	1
UNIFIEDLAYER-AS-1	DIGITALOCEAN-ASN (AS14061)	3
teradisk.net	Aire Networks Del Mediterraneo Sl Unipersonal (AS29119)	1
Host Europe GmbH	Telecom Argentina S.A. (AS7303)	1
Host Europe GmbH	ROUTERHOSTING (AS14956)	1
kylos.pl	LH.pl Sp. z o.o. (AS203417)	1
fullcontrol.net	SUCURI-SEC (AS30148)	1
cepus.net	Iver Norge As (AS57829)	1
ATT-INTERNET4	Axtel, S.A.B. de C.V. (AS6503)	1
Rackspace Ltd.	Datacenter Luxembourg S.A. (AS24611)	1
primeraplana.mx	PRIVATESYSTEMS (AS63410)	1
stabletransit.com	AS-30083-US-VELIA-NET (AS30083)	1
AS17378	SHARKTECH (AS46844)	1
IONOS SE	DFW-DATACENTER (AS30277)	1
asuntoslaborales.mx	ONIAAS (AS40092)	1
gestiondeservidor.com	Xtudio Networks S.L.U. (AS60458)	1
intermedia.net	SQUARESPACE (AS53831)	1
byethost1.org	Wildcard UK Limited (AS34119)	1
facilweb.info	UNIFIEDLAYER-AS-1 (AS46606)	1
cpalexortiz.com	NETWORK-SOLUTIONS-HOSTING (AS19871)	1
server286.com	ICDSoft Ltd. (AS8739)	1
EDNS	CONFLUENCE-NETWORK-INC (AS40034)	1
wendys.com	DIGITALOCEAN-ASN (AS14061)	1
moyseafood.com	Cyberneticos Hosting SL (AS198968)	1
ciudadvertical.mx	AS17378 (AS17378)	1
arsoftmx.com	SERVERCENTRAL (AS23352)	1
huespedvirtualserver.com	Contabo GmbH (AS51167)	1
genesys informatica srl	Hetzner Online GmbH (AS24940)	1
nameshield.net	INCAPSULA (AS19551)	4
plataforma-garay.com	AS17378 (AS17378)	1
MICROSOFT-CORP-MSN-AS-BLOCK	WHG Hosting Services Ltd (AS211126)	1
btnet.de	Neue Medien Muennich GmbH (AS34788)	1
alabool.net	GOOGLE-CLOUD-PLATFORM (AS396982)	1
gpc.mx	UNIFIEDLAYER-AS-1 (AS46606)	1
lightcreativity.club	SERVERCENTRAL (AS23352)	1
com.br	RENDER (AS397273)	1
edrive-hosting.cz	LiveSport s.r.o. (AS52130)	3
operacionesmexico.com	AS17378 (AS17378)	1
estugo-webhosting.com	dogado GmbH (AS8648)	1
NForce Entertainment B.V.	Vodafone GmbH (AS3209)	1
brownservers.xyz	netcup GmbH (AS214996)	2
HURRICANE	Sunrise GmbH (AS6730)	1
utopica.mx	UNIFIEDLAYER-AS-1 (AS46606)	1
Host Europe GmbH	NovoServe B.V. (AS215224)	1
sologis.mx	LIQUIDWEB (AS32244)	1
DinaHosting S.L.	DIGITALOCEAN-ASN (AS14061)	1
jetthost.net	SQUARESPACE (AS53831)	2
milleniumexpos.mx	SINGLEHOP-LLC (AS32475)	1
parbo.mx	Akamai Connected Cloud (AS63949)	1
airliquide.com	Akamai International B.V. (AS20940)	1
uratedhosting.com	NAMECHEAP-NET (AS22612)	1
SECURITYSERVICES	Mittwald CM Service GmbH & Co. KG (AS15817)	1
chihuatacos.mx	AS17378 (AS17378)	1
limousinrevuelta.mx	Alestra, S. de R.L. de C.V. (AS11172)	1
SOFTLAYER	HOSTROCKET (AS23535)	1
newsharedhosting.us	Contabo GmbH (AS51167)	1
supporto.mx	IONOS SE (AS8560)	1
SOFTLAYER	COGENT-174 (AS174)	1
com.mx	Contabo GmbH (AS51167)	3
valleencantado.mx	GO-DADDY-COM-LLC (AS398101)	1
MICROSOFT-CORP-MSN-AS-BLOCK	Mexico Red de Telecomunicaciones, S. de R.L. de C.V. (AS13591)	1
cloudns.net	terralink networks GmbH (AS59507)	1
progymcloud.com	AS17378 (AS17378)	1
roscadereyes.mx	WEBINT (AS11989)	1
nic.ru	MICROSOFT-CORP-MSN-AS-BLOCK (AS8075)	1
rackspace.com	ORACLE-BMC-31898 (AS31898)	1
publiservers.com	UNIFIEDLAYER-AS-1 (AS46606)	2
genac.org	SHOCK-1 (AS395092)	1
neubox.net	Aspa Cloud Sl (AS202207)	1
nic.ru	HLL LLC (AS51115)	1
empowermedia.mx	DIGITALOCEAN-ASN (AS14061)	1
GOOGLE	SpeedyPage Ltd (AS142594)	1
zyro.com	Hostinger International Limited (AS47583)	1
discovereducation.mx	UNIFIEDLAYER-AS-1 (AS46606)	3
bouclier.mx	IONOS SE (AS8560)	1
AMAZON-02	METROOPTIC (AS29909)	1
healthpass.es	Cyberneticos Hosting SL (AS198968)	1
ANEXIA Internetdienstleistungs GmbH	AS-VULTR (AS20473)	1
Abastecedora de Conectividad, S.A. de C.V.	BIRD-HOSTING (AS19133)	1
servicioswebonline.net	WHG Hosting Services Ltd (AS211126)	1
com.mx	Audi AG (AS12331)	2
ascio.com	OVH SAS (AS16276)	1
Host Europe GmbH	BINCNET (AS3599)	1
culturalhosting.com	Hetzner Online GmbH (AS24940)	1
stabletransit.com	AS-VULTR (AS20473)	3
ASN-GIGENET	AMAZON-AES (AS14618)	1
sistemarecargas.com	LIQUIDWEB (AS32244)	1
akkyhosting5.mx	MICROSOFT-CORP-MSN-AS-BLOCK (AS8075)	1
guvi.mx	WHG Hosting Services Ltd (AS211126)	1
zubiri.mx	NETWORK-SOLUTIONS-HOSTING (AS19871)	1
AUTOMATTIC	DIGITALOCEAN-ASN (AS14061)	3
SECURITYSERVICES	Volvo Information Technology AB (AS25252)	1
yachay.pe	Red Cientifica Peruana (AS3132)	1
esysst.net	OVH SAS (AS16276)	1
dominiq.mx	AS17378 (AS17378)	1
Host Europe GmbH	FLY (AS40509)	5
Signet B.V.	RACKSPACE (AS19994)	1
Host Europe GmbH	Combell NV (AS34762)	2
totalenergies.biz	CLOUDFLARENET (AS13335)	1
GOOGLE	GTT Communications Inc. (AS3257)	2
fangio.net	G2K ARGENTINA S.A. (AS52236)	1
cosmored.mx	Cosmored Puerto Vallarta S.A. de C.V. (AS265562)	1
qcenter.mx	MICROSOFT-CORP-MSN-AS-BLOCK (AS8075)	1
CLOUDFLARENET	Equinix (EMEA) Acquisition Enterprises B.V. (AS15830)	2
diapa.mx	DIMENOC (AS33182)	1
com.mx	AS-GLOBALTELEHOST (AS63023)	1
zns-53.com	ZOHO-AS (AS2639)	1
algodones.mx	GO-DADDY-COM-LLC (AS398101)	1
netcologne.de	GO-DADDY-COM-LLC (AS398101)	1
ipcom GmbH	COLT Technology Services Group Limited (AS8220)	1
ns14.net	ISPpro Internet KG (AS35366)	1
LIQUIDWEB	AMAZON-02 (AS16509)	1
shopinn.mx	UNIFIEDLAYER-AS-1 (AS46606)	2
AMAZON-02	HOSTA-LAS (AS33398)	1
CLOUDFLARENET	INS-AS (AS2386)	1
jarrito.host	SERVERCENTRAL (AS23352)	1
bhrmx.com	GO-DADDY-COM-LLC (AS398101)	1
idhostcr.com	OVH SAS (AS16276)	1
as60813.net	COLT Technology Services Group Limited (AS8220)	1
crearehosting.com	NETWORK-SOLUTIONS-HOSTING (AS19871)	1
lemarit.de	FASTLY (AS54113)	1
losdominiosdelola.net	NETWORK-SOLUTIONS-HOSTING (AS19871)	3
tonichost.xyz	LIQUIDNETLTD1 (AS14555)	1
raqdns.net	INTUEGO S.R.L. (AS267793)	1
Host Europe GmbH	Gtd Internet S.A. (AS14259)	1
squadhelp.com	AMAZON-AES (AS14618)	2
lagomstudio.mx	GO-DADDY-COM-LLC (AS398101)	1
arclick.net	AMAZON-AES (AS14618)	1
rackspace.com	Operbes, S.A. de C.V. (AS18734)	2
asaambiental.mx	UNINET (AS8151)	2
cerezodigital.com	Wix.com Ltd. (AS58182)	1
ipcom GmbH	netcup GmbH (AS197540)	1
bufetederefrigeracionindustrial.mx	AS17378 (AS17378)	1
LIQUIDWEB	Network Information Center Mexico (AS22894)	1
mayfirst.org	HURRICANE (AS6939)	1
verdeantequera.com	NOCIX (AS33387)	1
montes.studio	SERVERCENTRAL (AS23352)	1
encorhosting01.com	AS17378 (AS17378)	1
Host Europe GmbH	CORESITE (AS2734)	1
dnsip.com	CNSERVERS (AS40065)	1
co.uk	ROCKYRIDGE-NET (AS399833)	2
NETWORK-SOLUTIONS-HOSTING	GO-DADDY-COM-LLC (AS400754)	2
solucionesgastronomicas.com	DIMENOC (AS33182)	2
necesitolentes.mx	UNIFIEDLAYER-AS-1 (AS46606)	1
ANEXIA Internetdienstleistungs GmbH	Hostnet B.V. (AS197902)	1
mercadotecniasustentable.com	UNIFIEDLAYER-AS-1 (AS46606)	4
leasedminds.com	JMF-NETWORKS (AS40805)	1
IONOS SE	CSL Computer Service Langenbach GmbH (AS5517)	1
imakgraph.com	NETWORK-SOLUTIONS-HOSTING (AS19871)	1
Beget LLC	JSC Selectel (AS50340)	1
top-brand.mx	CLOUDFLARENET (AS13335)	1
gzonedesign.com	NETWORK-SOLUTIONS-HOSTING (AS19871)	1
NAMECHEAP-NET	CLOUDFLARENET (AS13335)	2
bigscoots.com	BIGSCOOTS (AS394303)	1
domestique.mx	CLOUDFLARENET (AS13335)	1
exonhost.com	FIBERSTATE (AS26042)	1
kiubix.us	OVH SAS (AS16276)	2
pisoa.mx	UNIFIEDLAYER-AS-1 (AS46606)	1
sitiowebmx.com	UNIFIEDLAYER-AS-1 (AS46606)	2
GOOGLE	WEEBLY (AS27647)	3
cowebservice.co	GOOGLE-CLOUD-PLATFORM (AS396982)	1
rackspace.com	Rackspace Ltd. (AS15395)	1
gpoideas.mx	GO-DADDY-COM-LLC (AS398101)	1
wildwoodservices.com	UNIFIEDLAYER-AS-1 (AS46606)	1
CLOUDFLARENET	AS-WHOLESAIL (AS20055)	1
MICROSOFT-CORP-MSN-AS-BLOCK	GIONA (AS22838)	1
chamezquizo.com	SQUARESPACE (AS53831)	1
Host Europe GmbH	Ou Northside Solutions (AS200804)	1
name-services.com	Hostinger International Limited (AS47583)	1
Triara.com S.A. de C.V.	ORACLE-BMC-31898 (AS31898)	1
kuragobiote.com	UNIFIEDLAYER-AS-1 (AS46606)	1
venus-rh.com	OVH SAS (AS16276)	1
DinaHosting S.L.	DREAMHOST-AS (AS26347)	1
com.au	DIGITALOCEAN-ASN (AS14061)	2
peopleinnovacion.com	UNIFIEDLAYER-AS-1 (AS46606)	1
systemdns.com	GOOGLE-CLOUD-PLATFORM (AS396982)	1
unocrm.mx	UNIFIEDLAYER-AS-1 (AS46606)	2
team.blue Denmark A/S	CLOUDFLARENET (AS13335)	3
com.mx	DFW-DATACENTER (AS30277)	1
CLOUDFLARENET	Chinanet (AS4134)	1
internetdeoccidente.net	FASTLY (AS54113)	1
AMAZON-AES	LIQUIDWEB (AS32244)	1
Host Europe GmbH	Alwaysdata Sarl (AS60362)	1
opsdns.ch	Ops One AG (AS198249)	1
hostcable.com	NAMECHEAP-NET (AS22612)	1
com.br	Akamai Connected Cloud (AS63949)	2
netkobe.com	INMOTION (AS22611)	1
spot.host	Signet B.V. (AS20857)	1
plataforma-integralle.com	AS17378 (AS17378)	1
AMAZON-02	CLOUDWEBMANAGE-TX (AS396949)	1
rednetgroup.net	Gigared S.A. (AS20207)	1
core.io	NorthC Deutschland GmbH (AS15598)	1
fcloud.mx	SQUARESPACE (AS53831)	1
MICROSOFT-CORP-MSN-AS-BLOCK	Trevenque Sistemas De Informacion S.l. (AS42220)	1
ORACLE-BMC-31898	NETWORK-SOLUTIONS-HOSTING (AS19871)	1
core-dns.net	MONTICELLO (AS14935)	1
lockersmetalicosfilerk.mx	UNIFIEDLAYER-AS-1 (AS46606)	1
myclouddns.xyz	Hetzner Online GmbH (AS24940)	1
mx-ns.mx	INCAPSULA (AS19551)	4
cdnetdns.net	AMAZON-02 (AS16509)	1
ucach.mx	OVH SAS (AS16276)	1
growtimecorp.com	UNIFIEDLAYER-AS-1 (AS46606)	1
tamx.net	NL-811-40021 (AS40021)	2
acens Technologies, S.L.	Wix.com Ltd. (AS58182)	1
intlfcstone.net	STONEX (AS11369)	2
levi.com	SECURITYSERVICES (AS12008)	1
cymed.mx	AS17378 (AS17378)	1
MICROSOFT-CORP-MSN-AS-BLOCK	Grupo Hidalguense de Desarrollo, S.A. de C.V. (AS28381)	1
CLOUDFLARENET	BlueVPS OU (AS62005)	1
kpe.mx	AS17378 (AS17378)	1
shoutcastmexico.com	SERVERCENTRAL (AS23352)	1
1-1-0-1.net	UNINET (AS8151)	1
hostingsca.com	OVH SAS (AS16276)	1
MICROSOFT-CORP-MSN-AS-BLOCK	ASN-GIGENET (AS32181)	1
Nessus GmbH	dogado GmbH (AS208582)	3
vikher.mx	UNIFIEDLAYER-AS-1 (AS46606)	3
stabletransit.com	INCAPSULA (AS19551)	1
ai-du.mx	TIER-NET (AS397423)	1
unknown	LIMESTONENETWORKS (AS46475)	5
nadns1.com	INCAPSULA (AS19551)	1
dnsmatica.com	acens Technologies, S.L. (AS16371)	1
bit.nl	DIGITALOCEAN-ASN (AS14061)	1
nsmxh.com	20i Limited (AS48254)	2
ipcom GmbH	Atos Information Technology GmbH (AS21150)	1
Triara.com S.A. de C.V.	HUAWEI CLOUDS (AS136907)	1
comercia.mx	IONOS SE (AS8560)	1
itinternationaltraining.com	NETWORK-SOLUTIONS-HOSTING (AS19871)	1
HURRICANE	Cloudi Nextgen Sl (AS49635)	1
Host Europe GmbH	DF-TUKWILA01 (AS3361)	1
CLOUDFLARENET	XNNET (AS932)	1
hotelsecreto.mx	Hostinger International Limited (AS47583)	1
dnsexit.com	UNIFIEDLAYER-AS-1 (AS46606)	1
suempresa.com	NETWORK-SOLUTIONS-HOSTING (AS19871)	1
OVH SAS	Servicios Tecnologicos TIM SL (AS203119)	1
dnslinks.net	SOFTLAYER (AS36351)	2
perenfo.com	SINGLEHOP-LLC (AS32475)	1
CLOUDFLARENET	RADIOGRAFICA COSTARRICENSE (AS3790)	1
Host Europe GmbH	Servnet Mexico, S.A. de C.V. (AS28546)	1
serversgt.com	RELIABLESITE (AS23470)	2
xpresshosting.com	Wix.com Ltd. (AS58182)	1
netcup GmbH	netcup GmbH (AS197540)	2
muumuu-domain.com	GMO Internet Group, Inc. (AS7506)	1
winworld.es	IONOS SE (AS8560)	1
ATT-INTERNET4	AMAZON-AES (AS14618)	2
teslapcym.com	DIMENOC (AS33182)	1
conexioncanacintra.com	SERVERCENTRAL (AS23352)	2
AUTOMATTIC	GOOGLE (AS15169)	1
hosting.nl	Cyso Group B.V. (AS25151)	1
itcmx.work	UNIFIEDLAYER-AS-1 (AS46606)	2
co-crea.mx	OVH SAS (AS16276)	1
CLOUDFLARENET	AITNET (AS10843)	1
criminalwings.mx	NETWORK-SOLUTIONS-HOSTING (AS19871)	1
alianzac.net	LIQUIDWEB (AS53824)	1
bluecell.mx	Euskaltel S.A. (AS12338)	1
tyaasa.mx	LIQUIDWEB (AS32244)	1
cvfitness.mx	CLOUDFLARENET (AS13335)	1
Host Europe GmbH	DinaHosting S.L. (AS42612)	1
sendicaeducation.com	DIGITALOCEAN-ASN (AS14061)	2
AS-VULTR	SOFTLAYER (AS36351)	1
pc-911.mx	NETWORK-SOLUTIONS-HOSTING (AS19871)	4
MICROSOFT-CORP-MSN-AS-BLOCK	Enflow B.V. (AS209626)	1
serveriai.lt	CLOUDFLARENET (AS13335)	1
umbranza.com	CLOUDFLARENET (AS13335)	1
ssdhostingserver.com	Hetzner Online GmbH (AS24940)	1
magichouse.cz	VSHosting s.r.o. (AS43541)	1
MICROSOFT-CORP-MSN-AS-BLOCK	WHG Hosting Services Ltd (AS36454)	1
netim.net	Celeste SAS (AS34177)	1
WEHOSTWEBSITES-COM	DIGITALOCEAN-ASN (AS14061)	1
nominalia.com	10dencehispahard, S.L. (AS197712)	2
optivision.mx	AMAZON-AES (AS14618)	1
integrarserver.net	WHG Hosting Services Ltd (AS36454)	1
maldonadoautopartes.mx	LIQUIDWEB (AS32244)	1
plasticingenuity.mx	CLOUDFLARENET (AS13335)	2
servconfig.com	AMAZON-AES (AS14618)	1
recioenergy.com	MULTA-ASN1 (AS35916)	1
tecsienweb.com	AS17378 (AS17378)	1
rpgradio.mx	Megacable Comunicaciones de Mexico, S.A. de C.V. (AS14178)	1
difraxion.net	UNIFIEDLAYER-AS-1 (AS46606)	1
OMNIS-ANYCAST-1	Akamai Connected Cloud (AS63949)	1
ehost.uno	TURNKEY-INTERNET (AS40244)	2
thehostgroup.com	HURRICANE (AS6939)	1
christus.mx	AMAZON-AES (AS14618)	1
Cloud DNS Ltd	GO-DADDY-COM-LLC (AS400754)	2
domrobot.com	IONOS SE (AS8560)	1
sysware.online	NETWORK-SOLUTIONS-HOSTING (AS19871)	1
abugaber.com	OVH SAS (AS16276)	2
hover.com	Tele2 SWIPnet (AS1257)	1
Akamai International B.V.	Grupo Financiero Bancomer (AS15107)	1
ttopera.mx	DIMENOC (AS33182)	1
bandana.mx	Wix.com Ltd. (AS58182)	1
proxys.com	UNIFIEDLAYER-AS-1 (AS46606)	1
chc.mx	TIER-NET (AS397423)	1
mccomputersystems.com	SERVERCENTRAL (AS23352)	4
rawradgency.host	NETWORK-SOLUTIONS-HOSTING (AS19871)	2
routing.net	IP-Projects GmbH & Co. KG (AS48314)	1
datodns.com	NIXVAL (AS13287)	1
mijndnsserver.nl	LeaseWeb Netherlands B.V. (AS60781)	1
moleculadigital.com	NETWORK-SOLUTIONS-HOSTING (AS19871)	1
keekles.org	AS-INTER (AS12110)	1
decomave.com	UNIFIEDLAYER-AS-1 (AS46606)	1
vallecarne.mx	GO-DADDY-COM-LLC (AS398101)	1
lagloberiaymas.com	CLOUDFLARENET (AS13335)	1
extendrix3.net	INMOTION (AS22611)	3
com.mx	Mega Cable, S.A. de C.V. (AS262916)	1
maspc.mx	IONOS SE (AS8560)	1
awsserver002.com	AMAZON-AES (AS14618)	1
AMAZON-02	ASN-TEKTRONIX (AS10406)	1
ns14.net	Host Europe GmbH (AS8972)	1
fcdigital.mx	SINGLEHOP-LLC (AS32475)	1
facades.mx	IONOS SE (AS8560)	1
films.org	AMAZON-AES (AS14618)	1
linode.com	WHG Hosting Services Ltd (AS14670)	1
example.com	Zomro B.V. (AS204601)	1
movilias.com	GLOBAL-IP-NETWORKS (AS7819)	1
server272.com	ICDSoft Ltd. (AS8739)	1
NUCDN	Yayzi Broadband Limited (AS215523)	1
correospro.com	SERVERCENTRAL (AS23352)	2
firstconsultinggroup.mx	NETWORK-SOLUTIONS-HOSTING (AS19871)	2
einsteinindustries.com	AMAZON-02 (AS16509)	1
Host Europe GmbH	Blix Solutions AS (AS50304)	1
pro-agro.mx	IONOS SE (AS8560)	1
SECURITYSERVICES	Euskaltel S.A. (AS12338)	1
tecnoservidor.com	NETSOURCE (AS22458)	2
Host Europe GmbH	sw hosting & communications technologies SL (AS41541)	1
hosting-bsf.company	LIQUIDNETLTD1 (AS14555)	1
hoster912.com	ICDSoft Ltd. (AS8739)	1
LIGHTEDGE-AS-02	WEEBLY (AS27647)	1
vip.nl	CLDIN B.V. (AS48635)	1
basf.com	BASF Digital Solutions GmbH (AS15495)	1
chimeneas.mx	WEBINT (AS11989)	1
centralinteractiva.mx	OVH SAS (AS16276)	1
stabletransit.com	A2HOSTING (AS55293)	1
sitiosbara.com	NETWORK-SOLUTIONS-HOSTING (AS19871)	1
CLOUDFLARENET	Xdpcloud Ltd (AS216047)	1
cloudns.net	ML-1432-54994 (AS54994)	1
AS-VULTR	Cloudflare London, LLC (AS209242)	1
GOOGLE	NTHL (AS11042)	1
nuestrafamilia.mx	DIMENOC (AS33182)	1
IONOS SE	R Cable y Telecable Telecomunicaciones, S.A.U. (AS12946)	2
hostplaza.net	Wix.com Ltd. (AS58182)	1
ipesamex.com	MULTA-ASN1 (AS35916)	1
neubox.net	Mega Cable, S.A. de C.V. (AS13999)	1
ferre10.com	UNIFIEDLAYER-AS-1 (AS46606)	1
1-1-0-1.net	TOTAL PLAY TELECOMUNICACIONES SA DE CV (AS22884)	1
MICROSOFT-CORP-MSN-AS-BLOCK	Dinova Srl (AS200760)	1
trendy.mx	NL-811-40021 (AS40021)	1
IONOS SE	NTT Global Data Centers EMEA UK Ltd. (AS29017)	1
omitech.it	AMAZON-02 (AS16509)	2
casadeespana.mx	OVH SAS (AS16276)	1
suddenlink.net	SUDDENLINK-COMMUNICATIONS (AS19108)	1
managed-ip.com	Deutsche Telekom AG (AS3320)	2
syncope.de	AUTOMATTIC (AS2635)	1
boletica.mx	GO-DADDY-COM-LLC (AS398101)	1
profiwebspace.at	InterNetX GmbH (AS15456)	1
inmotionhosting.com	OVH SAS (AS16276)	1
bbcdns.net	BBC (AS2818)	1
edgar.tk	OVH SAS (AS16276)	1
goingtomexico.mx	DIGITALOCEAN-ASN (AS14061)	1
MICROSOFT-CORP-MSN-AS-BLOCK	CRYSTALTECH (AS14992)	1
silverhost.cl	NAMECHEAP-NET (AS22612)	1
abanicoacademico.mx	SINGLEHOP-LLC (AS32475)	1
swaydo.mx	MICROSOFT-CORP-MSN-AS-BLOCK (AS8075)	1
IONOS SE	Alibaba US Technology Co., Ltd. (AS45102)	1
mobiliarioescolar.mx	UNIFIEDLAYER-AS-1 (AS46606)	1
GOOGLE-CLOUD-PLATFORM	Cloudflare London, LLC (AS209242)	1
versatel.de	Neue Medien Muennich GmbH (AS34788)	1
naturalshops5.net	LIQUIDWEB (AS32244)	1
quickpage.mx	LIQUIDWEB (AS32244)	1
gtmoperadora.mx	Akamai Connected Cloud (AS63949)	1
SECURITYSERVICES	COLT Technology Services Group Limited (AS8220)	1
NETWORK-SOLUTIONS-HOSTING	NL-811-40021 (AS40021)	1
Host Europe GmbH	Railnet LLC (AS214943)	1
indusfy.mx	IONOS SE (AS8560)	1
notaria107.mx	SOFTLAYER (AS36351)	1
paywin.mx	R Cable y Telecable Telecomunicaciones, S.A.U. (AS12334)	1
psd-server11.com	Hostinger International Limited (AS47583)	3
justradio.mx	HVC-AS (AS29802)	2
serveli.pro	Hostinger International Limited (AS47583)	1
ivasc.mx	AS17378 (AS17378)	1
iozoom.com	AS40676 (AS40676)	1
colectadigital.mx	Hetzner Online GmbH (AS24940)	1
CLOUDFLARENET	Universidad Nacional Autonoma de Mexico (AS278)	1
loopia.se	GOOGLE-CLOUD-PLATFORM (AS396982)	1
markmonitor.zone	AS23049 (AS23049)	1
AMAZON-02	INFB2-AS (AS30447)	1
AS17378	RENDER (AS397273)	1
Akamai International B.V.	Koninklijke Luchtvaart Maatschappij N.V. (AS28806)	2
Akamai Connected Cloud	LEASEWEB-USA-DAL (AS394380)	3
popadvise.com	Hostinger International Limited (AS47583)	1
parkovka.ua	Hetzner Online GmbH (AS24940)	1
unknown	Hostinger International Limited (AS47583)	1
hostingdw.com	SERVERCENTRAL (AS23352)	2
Host Europe GmbH	ZTELCO (AS54706)	1
domibay.org	Cloudi Nextgen Sl (AS49635)	1
keobi.com	AMAZON-AES (AS14618)	1
tecbox.mx	Hetzner Online GmbH (AS24940)	1
hippomegas.com	IONOS SE (AS8560)	1
ATT-INTERNET4	BIPERFORMANCE-ASN (AS13892)	1
MICROSOFT-CORP-MSN-AS-BLOCK	Network Information Center Mexico (AS22894)	1
hoogmawebdesign.com	Signet B.V. (AS20857)	1
cicalux.mx	VPN de Mexico, S.A. de C.V. (AS27683)	1
desec.io	Contabo GmbH (AS51167)	1
bei.mx	AMAZON-AES (AS14618)	1
wexpi.com	Wix.com Ltd. (AS58182)	1
hosting.cl	HOSTING. (AS265839)	1
arteclick.com	UNIFIEDLAYER-AS-1 (AS46606)	1
erptachi-s.mx	Alestra, S. de R.L. de C.V. (AS11172)	1
bluephoenix.mx	UNINET (AS8151)	1
EDNS	Aruba S.p.A. (AS31034)	1
systema-ti.mx	GO-DADDY-COM-LLC (AS398101)	1
GOOGLE	SOFTLAYER (AS36351)	1
host2-dosbytes.com	NETWORK-SOLUTIONS-HOSTING (AS19871)	1
gsame.mx	AMAZON-02 (AS16509)	1
ri.fi	GOOGLE-CLOUD-PLATFORM (AS396982)	1
SERVERCENTRAL	Wix.com Ltd. (AS58182)	3
obringolfo.com	Contabo GmbH (AS51167)	1
hostgator.com	Hostinger International Limited (AS47583)	1
mysap.mx	AS-ADN (AS23367)	1
ebenezerpapelera.mx	IONOS SE (AS8560)	1
SECURITYSERVICES	GITHUB (AS36459)	2
hyundaicontry.mx	GO-DADDY-COM-LLC (AS398101)	1
idep.us	OVH SAS (AS16276)	1
fabricasoftware.net	UNIFIEDLAYER-AS-1 (AS46606)	1
com.mx	WHATCOUNTS-ASN-1 (AS36656)	1
ipcom GmbH	Akamai International B.V. (AS20940)	1
numbatdns.com	LEASEWEB-USA-LAX (AS395954)	1
ericsson.se	MICROSOFT-CORP-MSN-AS-BLOCK (AS8075)	1
cepsar.mx	Jose Homero Trevino Villasenor (AS265559)	1
secureserver.net	British Telecommunications PLC (AS2856)	1
intelplanet.net	Hostinger International Limited (AS47583)	3
itfortal.com	UNIFIEDLAYER-AS-1 (AS46606)	2
dezer.mx	AS17378 (AS17378)	1
livedesign.org	OVH SAS (AS16276)	1
Host Europe GmbH	portal provedor de comunicacoes ltda (AS263548)	1
iwantmyname.com	Cloudflare London, LLC (AS209242)	1
t-renta.mx	AS17378 (AS17378)	1
grupopcservice.com	SSASN2 (AS20454)	4
CLOUDFLARENET	Strato GmbH (AS6724)	1
nouryon.com	Enflow B.V. (AS209626)	2
hostcentric.com	BIZLAND-SD (AS29873)	1
omron.com	AMAZON-02 (AS16509)	1
interdatahost.com	GOOGLE-CLOUD-PLATFORM (AS396982)	1
name-services.com	SEDO GmbH (AS47846)	1
jd-services.eu	AS-VULTR (AS20473)	1
serverdpi.com	GIGASNET-AS (AS27640)	2
marketerosmx.com	NETWORK-SOLUTIONS-HOSTING (AS19871)	2
makita.mx	AS17378 (AS17378)	1
onbudgetservices.com	CLOUDFLARENET (AS13335)	1
chandi.mx	LIQUIDWEB (AS32244)	1
iplace.se	Infomaniak Network SA (AS29222)	1
NSONE	DREAMHOST-AS (AS26347)	1
crono5.com	UNIFIEDLAYER-AS-1 (AS46606)	2
gemtel.mx	YUVOX S.A DE C.V (AS10706)	1
dnsip.com	HONG KONG KOWLOON TELECOMMUNICATIONS CO.,LIMITED (AS135357)	1
aiinformatics.com	Applied International Informatics GmbH (AS197491)	1
gbic.mx	INTERNET TELEFONIA Y TV DE MICHOACAN SA DE CV (AS28398)	1
vradns.com	Scaleway S.a.s. (AS12876)	1
bregna.org	PRIVATESYSTEMS (AS63410)	1
ipcom GmbH	GO-DADDY-COM-LLC (AS398101)	1
masmen.mx	IONOS SE (AS8560)	1
contenido.mx	Triara.com S.A. de C.V. (AS19373)	1
hts.mx	OVH SAS (AS16276)	1
hostgator.com	INMOTION (AS22611)	1
cepasa.mx	DIMENOC (AS33182)	1
nsmabenic.com	Mabe, S.A. de C.V. (AS28553)	2
IONOS SE	NAMECHEAP-NET (AS22612)	1
hosting-mexico.net	OVH SAS (AS16276)	1
SECURITYSERVICES	NUEVA WAL MART DE MEXICO (AS28551)	1
iusasol.mx	VPN de Mexico, S.A. de C.V. (AS27683)	1
Aruba S.p.A.	MICROSOFT-CORP-MSN-AS-BLOCK (AS8075)	1
DIGITALOCEAN-ASN	Hetzner Online GmbH (AS24940)	1
AMAZON-02	NTT COMMUNICATIONS INDIA NETWORK SERVICES PRIVATE LIMITED (AS17439)	1
pery.com	AS-22364 (AS22364)	1
hostservercloud.com	Akamai Connected Cloud (AS63949)	1
kuautli.mx	IONOS SE (AS8560)	1
sectorshared.net	123NET (AS12129)	2
labsantalucia.mx	GIGASNET-AS (AS27640)	1
Host Europe GmbH	MVS Net, S.A. de C.V. (AS18449)	3
amupasta.mx	IONOS SE (AS8560)	1
a1.net	GOOGLE-CLOUD-PLATFORM (AS396982)	1
carmencarreon.mx	IONOS SE (AS8560)	1
movavi.com	Leaseweb Deutschland GmbH (AS28753)	1
sicotra.mx	AS17378 (AS17378)	1
iepct.mx	UNINET (AS8151)	1
reedelsevier.com	LEXIS-AS (AS1757)	1
SECURITYSERVICES	RACKSPACE (AS27357)	1
ns14.net	Strato GmbH (AS6724)	1
Host Europe GmbH	Imatech Networks, S.A. de C.V. (AS28524)	2
ansa.mx	Axtel, S.A.B. de C.V. (AS6503)	1
Dattatec.com	Cloudflare London, LLC (AS209242)	2
MICROSOFT-CORP-MSN-AS-BLOCK	K Media Tech Ltd. (AS210250)	1
rdmx.mx	IONOS SE (AS8560)	1
cofesa.mx	GO-DADDY-COM-LLC (AS400754)	1
smallhold-hosting.nl	Eurofiber Cloud Infra B.V. (AS25459)	2
Akamai International B.V.	FASTLY (AS54113)	2
hoster911.com	ICDSoft Ltd. (AS8739)	1
photondns.net	TOTAL PLAY TELECOMUNICACIONES SA DE CV (AS22884)	1
ATT-INTERNET4	AUTOMATTIC (AS2635)	2
istrategize.mx	MasterDC s.r.o. (AS24971)	1
VITAL-DNS	Wix.com Ltd. (AS58182)	1
adnserver.com	Keminet SHPK (AS197706)	1
intek.mx	WHG Hosting Services Ltd (AS211126)	1
ingrowth.mx	Hostinger International Limited (AS47583)	1
envius.mx	IONOS SE (AS8560)	1
webpages-online.com	WHG Hosting Services Ltd (AS36454)	2
1984.is	DNIC-AS-00749 (AS749)	1
GOOGLE-CLOUD-PLATFORM	AS-COLOCROSSING (AS36352)	1
hyundaicumbres.mx	GO-DADDY-COM-LLC (AS398101)	1
allfred.mx	PRIVATESYSTEMS (AS63410)	1
gfipublicidad.com	NETWORK-SOLUTIONS-HOSTING (AS19871)	2
quaroni.mx	Mega Cable, S.A. de C.V. (AS262916)	1
inoxidepot.mx	LIQUIDWEB (AS32244)	1
acendor.com	DIGITALOCEAN-ASN (AS14061)	1
ipcom GmbH	PlusServer GmbH (AS61157)	1
Host Europe GmbH	ZEN-ECN (AS21859)	1
santacarnita.mx	AS-VULTR (AS20473)	1
deacero.com	Cloudflare London, LLC (AS209242)	1
sarmw.mx	LIQUIDWEB (AS32244)	1
GOOGLE	SPOT UNO SA DE CV (AS272316)	1
sika.com	CLOUDFLARENET (AS13335)	2
org.mx	GO-DADDY-COM-LLC (AS398101)	1
mrclickmx.com	NETWORK-SOLUTIONS-HOSTING (AS19871)	1
hostgator.com	WHG Hosting Services Ltd (AS211126)	1
segunda-division.info	LIQUIDWEB (AS32244)	1
trueconf.net	Hetzner Online GmbH (AS24940)	1
lomelin.mx	AMAZON-AES (AS14618)	1
hospedaje.website	IONOS SE (AS8560)	2
typrefrigeracion.com	OVH SAS (AS16276)	1
atiendo.mx	IONOS SE (AS8560)	1
cttrentals.com	UNIFIEDLAYER-AS-1 (AS46606)	1
magniservers.com	HVC-AS (AS29802)	1
zoneedit.com	Cloudflare London, LLC (AS209242)	1
Host Europe GmbH	LEMON TELECOMMUNICATIONS LIMITED (AS132325)	1
everestravel.mx	IONOS SE (AS8560)	1
grupobarrera.mx	UNIFIEDLAYER-AS-1 (AS46606)	1
server301.com	ICDSoft Ltd. (AS8739)	2
net.mx	AMAZON-02 (AS16509)	1
pelayo.mx	DIMENOC (AS33182)	1
227.245	DIMENOC (AS33182)	1
alfani.mx	CLOUDFLARENET (AS13335)	1
CLOUDFLARENET	SUBETE A LA NUBE S.A. DE C.V. (AS265617)	2
AS17378	WII (AS32097)	1
igcmarketing.com	OVH SAS (AS16276)	1
domailant.com	20i Limited (AS48254)	1
identitat.es	OVH SAS (AS16276)	1
ICDSoft Ltd.	CLOUDFLARENET (AS13335)	1
one.com	DIGITALOCEAN-ASN (AS14061)	2
hostm.net	CLOUDFLARENET (AS13335)	1
AS17378	Hetzner Online GmbH (AS213230)	1
manrev.net	AMAZON-02 (AS16509)	1
webnames.ca	MICROSOFT-CORP-MSN-AS-BLOCK (AS8075)	1
ipcom GmbH	Previder B.V. (AS20847)	1
UNINET	MICROSOFT-CORP-MSN-AS-BLOCK (AS8075)	1
koaladns.com	LEASEWEB-USA-SFO (AS7203)	2
CLOUDFLARENET	Mexico Red de Telecomunicaciones, S. de R.L. de C.V. (AS13591)	2
virtio.be	AS-VULTR (AS20473)	1
iecc.com	DIGITALOCEAN-ASN (AS14061)	1
Host Europe GmbH	EDNS (AS16686)	1
sbproduce.mx	IONOS SE (AS8560)	1
prodimsa.mx	IONOS SE (AS8560)	1
server-cpanel.com	WHG Hosting Services Ltd (AS216180)	1
iqconsulting.group	SERVERCENTRAL (AS23352)	1
org.mx	Operbes, S.A. de C.V. (AS18734)	1
NETWORK-SOLUTIONS-HOSTING	SUCURI-SEC (AS30148)	1
zenutech.com	GTCOMM (AS36666)	1
BIZLAND-SD	GOOGLE-CLOUD-PLATFORM (AS396982)	5
grupodron.com	UNIFIEDLAYER-AS-1 (AS46606)	1
com.mx	TOTALCHOICE-HOSTING (AS16556)	1
clinixlab.mx	SERVERCENTRAL (AS23352)	1
labombillacreativa.com	OVH SAS (AS16276)	1
ipcom GmbH	uvensys GmbH (AS58010)	2
nfi.mx	NETWORK-SOLUTIONS-HOSTING (AS19871)	2
CLOUDFLARENET	COLOSOLUTIONS (AS16557)	1
NSONE	Hetzner Online GmbH (AS24940)	1
solcet.mx	UNIFIEDLAYER-AS-1 (AS46606)	2
Key-Systems GmbH	OCKNet GmbH (AS202252)	1
enlacespyme.net	Akamai Connected Cloud (AS63949)	2
edemtec.mx	WHG Hosting Services Ltd (AS211126)	1
cloudcity.fi	Cloud City Oy (AS202509)	1
mosat.mx	NL-811-40021 (AS40021)	1
akkyhosting18.mx	Cloudflare London, LLC (AS209242)	1
freedomrealestate.mx	AMAZON-AES (AS14618)	1
mediano.mx	SINGLEHOP-LLC (AS32475)	1
sarc.mx	UNIFIEDLAYER-AS-1 (AS46606)	1
exacthosting.com	LIQUIDWEB (AS32244)	2
com.mx	UK-2 Limited (AS13213)	1
taoa.com	HK AISI CLOUD COMPUTING LIMITED (AS132813)	1
redmercadotecnia.net	UNIFIEDLAYER-AS-1 (AS46606)	3
oceanus.mx	AS17378 (AS17378)	1
OVH SAS	FASTLY (AS54113)	1
OVH SAS	DIGITALOCEAN-ASN (AS14061)	1
ps.net	MOMENTUM-ACCESS (AS25645)	1
clickove.com	Hostinger International Limited (AS47583)	1
gcb.mx	AS-30083-US-VELIA-NET (AS30083)	1
markmonitor.com	ORACLE-BMC-31898 (AS31898)	1
kyplearning.com	UNIFIEDLAYER-AS-1 (AS46606)	1
ultranet.mx	COEFICIENTE COMUNICACIONES (AS265524)	1
escalehost.net	AMAZON-AES (AS14618)	1
CLOUDFLARENET	Secretaria de la Hacienda Publica (AS28392)	1
correoseguro.mx	GO-DADDY-COM-LLC (AS398101)	2
dynu.com	OVH SAS (AS16276)	1
i7.ru	JSC RTComm.RU (AS8342)	1
bosch.de	AMAZON-02 (AS16509)	1
ZONER a.s.	UVT Internet s.r.o. (AS35236)	1
SECURITYSERVICES	JOSE MIGUEL MACIAS CONTRERAS (AS28539)	1
bwserver24.com	INMOTION (AS22611)	2
avaneturuapan.com	NETWORK-SOLUTIONS-HOSTING (AS19871)	1
vepormas.mx	Sixsigma Networks Mexico, S.A. de C.V. (AS22908)	1
cabales.mx	AS40676 (AS40676)	1
NUCDN	GOOGLE-CLOUD-PLATFORM (AS396982)	3
ds82.de	Hetzner Online GmbH (AS24940)	1
Host Europe GmbH	10dencehispahard, S.L. (AS197712)	2
fasttrackdns.com	SUCURI-SEC (AS30148)	1
comoentv.mx	LIQUIDWEB (AS32244)	1
one.com	OVH SAS (AS16276)	1
uniserve.de	Surfplanet GmbH (AS33984)	1
reflejoweb.com	AS17378 (AS17378)	2
scientology.org	GOOGLE-CLOUD-PLATFORM (AS396982)	1
host4mexico.com	AS17378 (AS17378)	2
capitanhostino.it	Televideocom Srl (AS39887)	1
tucasaenambiant.com	PRIVATESYSTEMS (AS63410)	1
lagloberiaymas.com	NETWORK-SOLUTIONS-HOSTING (AS19871)	1
enlacespyme.net	Television Internacional, S.A. de C.V. (AS11888)	1
cmllnetwork.com	NTHL (AS11042)	2
factoriadigital.com	NIXVAL (AS13287)	1
2conexion.com	MULTA-ASN1 (AS35916)	1
hostwhitelabel.com	CLOUDFLARENET (AS13335)	1
AS-VULTR	Alestra, S. de R.L. de C.V. (AS11172)	1
LIQUIDWEB	BLUEBRIDGE-NETWORKS (AS33227)	1
afraid.org	AS-30083-US-VELIA-NET (AS30083)	1
fortice.mx	AS-VULTR (AS20473)	1
materialesasfalticos.mx	LIQUIDWEB (AS32244)	1
vidadental.mx	IONOS SE (AS8560)	1
akkysitios.mx	LIQUIDNETLTD1 (AS14555)	1
odelo.mx	A1 Bulgaria EAD (AS8717)	1
AMAZON-02	NTHL (AS11042)	1
tinypack.mx	IONOS SE (AS8560)	1
logtec.mx	Triara.com S.A. de C.V. (AS19373)	1
CLOUDFLARENET	Data Communication Business Group (AS3462)	1
azteca.	Alestra, S. de R.L. de C.V. (AS11172)	1
v-kool.mx	LIQUIDWEB (AS32244)	1
CLOUDFLARENET	Routit BV (AS28685)	1
mdnsservice.com	Hetzner Online GmbH (AS213230)	1
ptyb.com	DIMENOC (AS33182)	3
cdmon.net	UNINET (AS8151)	2
xiserp.mx	AS-30083-US-VELIA-NET (AS30083)	1
SECURITYSERVICES	Key-Systems GmbH (AS13246)	1
seistocloud.com	LIQUIDWEB (AS32244)	1
register.it	Dinova Srl (AS200760)	1
bitlibre.net	MICROSOFT-CORP-MSN-AS-BLOCK (AS8075)	1
IONOS SE	SERVERCENTRAL (AS23352)	3
peopleshostvps.com	COLOSOLUTIONS (AS16557)	1
serviciosweb.xyz	SERVERCENTRAL (AS23352)	2
server264.com	ICDSoft Ltd. (AS8739)	1
machsol.com	MachCloud B.V. (AS39146)	1
supremedns.com	Ficolo Oy (AS49282)	1
CLOUDFLARENET	Telia Lietuva, AB (AS43811)	1
ptb.mx	Wix.com Ltd. (AS58182)	1
generandoideas.mx	SOFTLAYER (AS36351)	1
canyonserver.com	OVH SAS (AS16276)	2
ipcom GmbH	Free Pro SAS (AS30781)	1
edimall.mx	UNIFIEDLAYER-AS-1 (AS46606)	1
freeones.com	AS-VULTR (AS20473)	1
lozano.tech	AMAZON-02 (AS16509)	3
haken.mx	NETWORK-SOLUTIONS-HOSTING (AS19871)	1
Network Information Center Mexico	Dattatec.com (AS27823)	1
markmonitor.com	Host Europe GmbH (AS21499)	1
TUT-AS	COLOSPACE (AS27382)	1
homedepot.com	Home Depot Mexico, S. de R.L. de C.V. (AS28547)	1
edisas.mx	IONOS SE (AS8560)	1
suzukisendero.mx	GO-DADDY-COM-LLC (AS398101)	1
weiserver.net	Cloudflare London, LLC (AS209242)	1
domaine.fr	Xefi Lyon SAS (AS198330)	1
CLDIN B.V.	Signet B.V. (AS35470)	1
or.jp	IDC Frontier Inc. (AS4694)	1
eventospegaso.com	LIQUIDWEB (AS32244)	1
zayfex.net	SERVERCENTRAL (AS23352)	4
cvdirecto.mx	CLOUDFLARENET (AS13335)	1
phi-tech.mx	AMAZON-02 (AS16509)	2
glutationtusalud.com	AS17378 (AS17378)	1
NSONE	Contabo Asia Private Limited (AS141995)	1
graficowebs.com	SERVERCENTRAL (AS23352)	1
slamdot.com	LIQUIDWEB (AS32244)	1
Combell NV	AMAZON-02 (AS16509)	1
SCAAM0001	MICROSOFT-CORP-MSN-AS-BLOCK (AS8075)	1
eolichost.com	NETWORK-SOLUTIONS-HOSTING (AS19871)	1
neubox.net	IS-AS-1 (AS19318)	1
wmediahost.com	NAMEHERO-KCDC (AS399250)	2
markmonitor.zone	CSC (AS19574)	1
AMAZON-02	Enflow B.V. (AS209626)	3
DIGICERT	Television Internacional, S.A. de C.V. (AS11888)	1
poise.se	Admax AB (AS39806)	1
tuservidoronline.com	Raiola Networks S.L. (AS56958)	1
iquer.net	iquer.net GmbH & Co KG (AS201955)	1
com.mx	WEEBLY (AS27647)	1
alexverafotogastronomica.mx	SSASN2 (AS20454)	1
linode.com	Hostinger International Limited (AS47583)	1
velcec.net	NETWORK-SOLUTIONS-HOSTING (AS19871)	2
Host Europe GmbH	XMISSION (AS6315)	1
testingprogram.mx	GO-DADDY-COM-LLC (AS398101)	1
summaconsulting.link	NAMEHERO-KCDC (AS399250)	1
myhostingpack.com	AMAZON-02 (AS16509)	1
markmonitor.com	OVH SAS (AS16276)	1
intel.com	INTEL-SC-AS (AS4983)	1
travelersmx.com	UNIFIEDLAYER-AS-1 (AS46606)	1
superior-host.com	RELIABLESITE (AS23470)	1
internex.at	interneX GmbH (AS44453)	2
zikroautomation.com	NETWORK-SOLUTIONS-HOSTING (AS19871)	1
tarhelykozpont.hu	WebSupport s.r.o. (AS51013)	1
ORACLE-BMC-31898	Sixsigma Networks Mexico, S.A. de C.V. (AS22908)	1
grupopsa.com	AS17378 (AS17378)	1
quokkadns.com	LEASEWEB-USA-LAX (AS395954)	1
simplemexico.mx	LIQUIDWEB (AS32244)	1
materion.com	DIGICERT (AS16552)	1
mexbog.com	LIMESTONENETWORKS (AS46475)	1
net-base.de	Rockenstein AG (AS12610)	1
Hetzner Online GmbH	netcup GmbH (AS197540)	1
fernandomendozastudio.com	UNIFIEDLAYER-AS-1 (AS46606)	1
net.mx	LINKED STORE BRASIL CRIACAO E DESENVOL DE SOFTWARE (AS273584)	1
solidhosting.pro	HVC-AS (AS29802)	2
xel.nl	BIT BV (AS12859)	2
neubox.net	NETWORK-SOLUTIONS-HOSTING (AS19871)	4
ti3r.mx	ESECUREDATA (AS11831)	1
AMAZON-02	INMOTION (AS22611)	3
grupobalam.mx	UNIFIEDLAYER-AS-1 (AS46606)	1
stabletransit.com	Scaleway S.a.s. (AS12876)	1
southwind.mx	IONOS SE (AS8560)	1
strace.net	Citadel Crimea Ltd. (AS56587)	1
creativodisegnia.com	DIGITALOCEAN-ASN (AS14061)	1
BUNNYWAY, informacijske storitve d.o.o.	AMAZON-02 (AS16509)	1
soco.systems	NETWORK-SOLUTIONS-HOSTING (AS19871)	1
cluster-team.net	InterNetX GmbH (AS15456)	1
co.kr	Korea Telecom (AS4766)	1
CLOUDFLARENET	FUSED (AS394949)	1
AMAZON-02	COGECO-PEER1 (AS13768)	1
pangolinlaser.com	CLOUDFLARENET (AS13335)	1
larrinaga.mx	Hostinger International Limited (AS47583)	1
CLOUDFLARENET	Sixsigma Networks Mexico, S.A. de C.V. (AS22011)	2
direnetservers.com	CLOUDFLARENET (AS13335)	1
CLOUDFLARENET	uvensys GmbH (AS58010)	1
WEDOS Internet, a.s.	SCALEMATRIX (AS33695)	1
betapersei.net	OVH SAS (AS16276)	1
priceshoes.mx	NEXCESS-NET (AS36444)	1
roomescape.at	AMAZON-02 (AS16509)	3
pressa.mx	WHG Hosting Services Ltd (AS211126)	1
Triara.com S.A. de C.V.	AS-26496-GO-DADDY-COM-LLC (AS26496)	2
ne.jp	SAKURA Internet Inc. (AS9371)	1
neubox.net	OVH SAS (AS16276)	2
franmedia.es	AMAZON-02 (AS16509)	1
enigmarooms.net	AS17378 (AS17378)	1
Host Europe GmbH	HOSTP-LA (AS23273)	1
Triara.com S.A. de C.V.	OVH SAS (AS16276)	1
infoser.mx	Aire Networks Del Mediterraneo Sl Unipersonal (AS60494)	1
com.bo	SERVERCENTRAL (AS23352)	1
GANDI SAS	SdV-Plurimedia (AS8839)	1
ipandmore.cloud	ip&more GmbH (AS12907)	2
shaklee.com	SHAKLEE1 (AS33026)	1
115.87	NETWORK-SOLUTIONS-HOSTING (AS19871)	1
lamuno.mx	UNINET (AS8151)	1
vicom360.mx	DIGITALOCEAN-ASN (AS14061)	1
nivimu.com	OVH SAS (AS16276)	1
BUNNYWAY, informacijske storitve d.o.o.	IS-AS-1 (AS19318)	1
itonux.com	SERVERCENTRAL (AS23352)	2
QUIC-CLOUD	Hetzner Online GmbH (AS24940)	1
Host Europe GmbH	Melbikomas UAB (AS56630)	1
SOFTLAYER	TOTAL PLAY TELECOMUNICACIONES SA DE CV (AS22884)	1
Triara.com S.A. de C.V.	RACKSPACE (AS19994)	3
acens Technologies, S.L.	IONOS SE (AS8560)	1
serviciosdigitalesb2b.com	UNIFIEDLAYER-AS-1 (AS46606)	2
MICROSOFT-CORP-MSN-AS-BLOCK	TELUS Communications (AS852)	1
IONOS SE	Hetzner Online GmbH (AS212317)	1
Host Europe GmbH	Liquid Web B.V. (AS202521)	1
HURRICANE	IONOS SE (AS8560)	2
dreventos.mx	IONOS SE (AS8560)	1
dynasoft.cloud	IONOS SE (AS8560)	2
sysolutions.mx	GO-DADDY-COM-LLC (AS398101)	1
betapersei.net	AS17378 (AS17378)	1
ORACLE-BMC-31898	IONOS SE (AS8560)	3
Host Europe GmbH	SIA VEESP (AS43317)	1
nsprimario.com	Euskaltel S.A. (AS12338)	3
INCAPSULA	UNINET (AS8151)	1
renta-de-copiadoras-y-multifuncionales-copymart.com	AMAZON-02 (AS16509)	1
IONOS SE	UAB Cgates (AS21412)	1
markmonitor.com	Alchemy Systems International Limited (AS203251)	1
sales24x7.mx	GO-DADDY-COM-LLC (AS398101)	1
negonet.biz	APYLI-AS (AS53628)	1
nic53.de	Hetzner Online GmbH (AS24940)	1
olmeca.link	Contabo GmbH (AS51167)	1
seeweb.it	SEEWEB s.r.l. (AS12637)	2
boostedhost-dns.com	TEMPEST-HOSTING (AS36231)	1
gozoypaz.mx	IONOS SE (AS8560)	1
SkyExchange Internet Access	Tencent Building, Kejizhongyi Avenue (AS132203)	1
AHOSTING	Wix.com Ltd. (AS58182)	1
softwaregrp.com	OPENTEXT (AS82)	1
eggkin.mx	LIQUIDWEB (AS32244)	1
GANDI SAS	Claranet SAS (AS34948)	1
euro909.com	OVH SAS (AS16276)	1
one.com	Hetzner Online GmbH (AS24940)	1
MICROSOFT-CORP-MSN-AS-BLOCK	CIRBN-LLC (AS62523)	1
01isp.com	UCLOUD INFORMATION TECHNOLOGY HK LIMITED (AS135377)	1
openserverdns.com	NL-811-40021 (AS40021)	1
Network Information Center Mexico	BIZLAND-SD (AS29873)	1
sky-bubbles.mx	Cloudi Nextgen Sl (AS49635)	1
clarity.mx	UNIFIEDLAYER-AS-1 (AS46606)	1
Host Europe GmbH	RMATV (AS393816)	1
DIGITALOCEAN-ASN	NETWORK-SOLUTIONS-HOSTING (AS19871)	2
fer.es	IONOS SE (AS8560)	1
rhcorp.mx	UNINET (AS8151)	1
granjadeservidores.org	AS-GLOBALTELEHOST (AS63023)	1
Host Europe GmbH	CONFLUENCE-NETWORK-INC (AS40034)	1
NSONE	LIQUIDNETLTD1 (AS14555)	1
cremalabstudio.com	UNIFIEDLAYER-AS-1 (AS46606)	1
websitemx.com	NETWORK-SOLUTIONS-HOSTING (AS19871)	1
Host Europe GmbH	Neue Medien Muennich GmbH (AS34788)	1
perf1.com	ML-1432-54994 (AS54994)	1
NSONE	CSC (AS19574)	3
sarmientolegorreta.com	UNIFIEDLAYER-AS-1 (AS46606)	1
cibnor.mx	UNINET (AS8151)	1
Hetzner Online GmbH	AMAZON-AES (AS14618)	1
CLOUDFLARENET	DC MATRIX INTERNET SA (AS10733)	1
intercc.net	PRIVATESYSTEMS (AS63410)	1
ncoming.net	NETWORK-SOLUTIONS-HOSTING (AS19871)	2
aavv.net	Vodafone Ono, S.A. (AS6739)	1
second-ns.com	Stadtwerke OELSNITZ/V. GmbH (AS215876)	1
webcats.mx	NETWORK-SOLUTIONS-HOSTING (AS19871)	1
milesmx.com	LIMESTONENETWORKS (AS46475)	1
CLOUDFLARENET	YANDEX LLC (AS13238)	1
unknown	WHG Hosting Services Ltd (AS36454)	1
eleven2.com	IHNET (AS33494)	2
NSONE	The Hut.com Limited (AS197651)	1
klikserver.de	Mittwald CM Service GmbH & Co. KG (AS15817)	1
Network Information Center Mexico	MULTA-ASN1 (AS35916)	1
rckt.mx	AS-VULTR (AS20473)	1
ifastnet3.org	Wildcard UK Limited (AS34119)	1
com.br	LVLT-3549 (AS3549)	1
com.mx	JOESD-18501 (AS18501)	1
GOOGLE	OMNIS (AS19237)	1
HURRICANE	AMAZON-02 (AS16509)	2
easydns.com	UNINET (AS8151)	1
unfindesemana.mx	NETWORK-SOLUTIONS-HOSTING (AS19871)	2
widhost.net	Akamai Connected Cloud (AS63949)	1
group1auto.com	COXAUTO (AS393340)	1
corputsil.mx	AS17378 (AS17378)	1
Network Information Center Mexico	Sunrise GmbH (AS6730)	1
hugodiseno.net	NETWORK-SOLUTIONS-HOSTING (AS19871)	2
nuxsoft.com	LIQUIDWEB (AS32244)	1
jagarsoft.com	SQUARESPACE (AS53831)	1
annaskyliving.mx	GO-DADDY-COM-LLC (AS398101)	1
managed-ip.com	Kuehne + Nagel (AG & Co.) KG (AS211656)	1
blacknightdns.com	Blacknight Internet Solutions Limited (AS39122)	1
atencioncorporativa.mx	GO-DADDY-COM-LLC (AS398101)	1
dr3x.mx	LIQUIDWEB (AS32244)	1
barracudahosting.com	WHG Hosting Services Ltd (AS14670)	1
co.uk	Kering SA (AS15422)	1
Deutsche Telekom AG	23M GmbH (AS47447)	1
vradns.com	NETWORK-SOLUTIONS-HOSTING (AS19871)	1
decas.mx	Todito.com S.A. de C.V. (AS19259)	1
servercimeira4.com	WHG Hosting Services Ltd (AS36218)	2
sectigoweb.com	Cloudflare London, LLC (AS209242)	1
MICROSOFT-CORP-MSN-AS-BLOCK	Axtel, S.A.B. de C.V. (AS6503)	2
danniela.mx	Scaleway S.a.s. (AS12876)	1
joomlaregio.com	NETWORK-SOLUTIONS-HOSTING (AS19871)	1
tecnologias.mx	IONOS SE (AS8560)	1
hospeda.mx	AMAZON-02 (AS16509)	1
pegasus.it	AMAZON-02 (AS16509)	2
basf.com	AMAZON-02 (AS16509)	1
fullcontrol.net	NAMECHEAP-NET (AS22612)	1
nethero.pl	Smarthost sp. z o.o. (AS39566)	1
schlundtech.de	AMAZON-02 (AS16509)	1
bajanet.mx	NETWORK-SOLUTIONS-HOSTING (AS19871)	1
SOFTLAYER	OVH SAS (AS16276)	3
publidigital.mx	DIMENOC (AS33182)	2
sazz.mx	DIGITALOCEAN-ASN (AS14061)	1
web-solutions.dk	Operbes, S.A. de C.V. (AS18734)	1
unimodelo.mx	SONDATECH S.A.S. (AS263812)	1
zoneedit.com	UNIFIEDLAYER-AS-1 (AS46606)	3
electromateriales.mx	LIQUIDWEB (AS32244)	1
com.mx	GLOBAL-IP-NETWORKS (AS7819)	1
namespro.ca	CLOUDFLARENET (AS13335)	1
chemtech.mx	IONOS SE (AS8560)	1
wiredit.site	GO-DADDY-COM-LLC (AS398101)	1
ns03stream.com	Hetzner Online GmbH (AS24940)	1
newdiscovery.agency	Hostinger International Limited (AS47583)	2
marmacore.online	Hostinger International Limited (AS47583)	1
kesako.ch	OVH SAS (AS16276)	1
filer.mx	UNIFIEDLAYER-AS-1 (AS46606)	1
kubocloud.com	CLOUDFLARENET (AS13335)	1
pearson.com	PEARSON-NA (AS11892)	1
sibolsa.mx	BURSATEC, S.A. DE C.V. (AS17249)	1
proluce.mx	LIQUIDWEB (AS32244)	1
CLOUDFLARENET	XRUI TECHNOLOGY LIMITED (AS153494)	1
beelserver.com	OVH SAS (AS16276)	1
com.br	Wix.com Ltd. (AS58182)	1
mg-angelopolis.mx	HVC-AS (AS29802)	1
cupernic.net	IONOS SE (AS8560)	2
IONOS SE	Zurkuhl GmbH (AS42221)	1
CLOUDFLARENET	Forewin Telecom Group Limited, ISP at (AS38186)	1
compulab.pt	Almouroltec Servicos De Informatica E Internet Lda (AS24768)	1
domeinbalie.nl	CLDIN B.V. (AS48635)	2
com.ar	AS-30083-US-VELIA-NET (AS30083)	1
netjust.com	GOOGLE-CLOUD-PLATFORM (AS396982)	1
apitecdev.com	SERVERCENTRAL (AS23352)	1
cantoral.mx	IONOS SE (AS8560)	1
Akamai International B.V.	NCUBE-OREGON-AS (AS1219)	1
Host Europe GmbH	LIMESTONENETWORKS (AS46475)	2
mnv.host	SERVERCENTRAL (AS23352)	1
OVH SAS	Nazwa.pl Sp.z.o.o. (AS15967)	1
easycgi.com	BIZLAND-SD (AS29873)	1
deisainterno.local	Megacable Comunicaciones de Mexico, S.A. de C.V. (AS14178)	1
LIQUIDWEB	TIER-NET (AS397423)	1
mjpony.com	SERVERCENTRAL (AS23352)	1
CLOUDFLARENET	netcup GmbH (AS197540)	2
decasa.mx	AS17378 (AS17378)	1
threema.ch	Nine Internet Solutions AG (AS29691)	1
ns14.net	EWE-Tel GmbH (AS9066)	1
GANDI SAS	Cloudflare London, LLC (AS209242)	1
Cloud DNS Ltd	OVH SAS (AS16276)	1
Servicios Administrados Mexis, S.A. de C.V.	MICROSOFT-CORP-MSN-AS-BLOCK (AS8075)	1
bti.mx	Cablevision, S.A. de C.V. (AS28548)	1
synergic.mx	AMAZON-02 (AS16509)	1
hover.com	TEKTONIC (AS55045)	1
biossmann.com	DIGITALOCEAN-ASN (AS14061)	1
Host Europe GmbH	LATITUDE-SH (AS396356)	1
mkzhost.com	Hetzner Online GmbH (AS24940)	1
stabletransit.com	NTHL (AS11042)	2
itam.mx	Instituto Tecnologico Autonomo de MexicoITAM (AS21520)	1
eco-genius.cl	PowerHost Telecom SPA (AS263237)	1
acontrol.mx	UNIFIEDLAYER-AS-1 (AS46606)	1
flyingpig.mx	AS-30083-US-VELIA-NET (AS30083)	1
gruposalinas-diamante2.net	UNIFIEDLAYER-AS-1 (AS46606)	1
linode.com	GOOGLE-CLOUD-PLATFORM (AS396982)	1
Host Europe GmbH	NEW-MEXICO-MILITARY-INSTITUTE (AS63204)	1
Alestra, S. de R.L. de C.V.	Hostinger International Limited (AS47583)	1
anunciosyestructurasimagenintegral.mx	UNIFIEDLAYER-AS-1 (AS46606)	1
Network Information Center Mexico	COLOGIX-SV (AS7151)	1
mapromex.mx	LIQUIDWEB (AS32244)	1
diezmilseres.com	SERVERCENTRAL (AS23352)	1
krismar.mx	AMAZON-AES (AS14618)	2
stabletransit.com	WHG Hosting Services Ltd (AS211126)	2
alemanasociados.mx	AS17378 (AS17378)	1
Konecta de Mexico, S. de R.L. de C.V.	AMAZON-02 (AS16509)	1
net.mx	Wix.com Ltd. (AS58182)	1
ctelecom.mx	SERVERPOINT (AS26277)	1
mirecarga.mx	NETWORK-SOLUTIONS-HOSTING (AS19871)	2
genesysapp.tech	UNIFIEDLAYER-AS-1 (AS46606)	1
e-studioplus.com	NETWORK-SOLUTIONS-HOSTING (AS19871)	1
acosis.net	Redestel Networks S.L. (AS8311)	1
dragonflai.mx	MICROSOFT-CORP-MSN-AS-BLOCK (AS8075)	1
intermediasp.com	OVH SAS (AS16276)	1
SECURITYSERVICES	VARIO (AS25875)	1
nscluster.at	AMAZON-02 (AS16509)	2
Hangzhou Alibaba Advertising Co.,Ltd.	Tencent Building, Kejizhongyi Avenue (AS132203)	1
akkyhosting13.mx	AMAZON-02 (AS16509)	1
nominalia.com	Hostinger International Limited (AS47583)	1
server267.com	ICDSoft Ltd. (AS8739)	1
taasgo.mx	Alestra, S. de R.L. de C.V. (AS11172)	1
SECURITYSERVICES	AISS-7-14566 (AS14566)	1
mg-miramontes.mx	HVC-AS (AS29802)	1
desarrollowebmorelos.com	HVC-AS (AS29802)	1
ldigital.net	AS-HOSTUPON (AS53479)	3
arauza.net	WorldStream B.V. (AS49981)	2
managed-ip.com	eww ag (AS21013)	1
Soluciones Corporativas IP, SL	SOFTLAYER (AS36351)	1
solotv.mx	UNIFIEDLAYER-AS-1 (AS46606)	1
mdnsservice.com	Wix.com Ltd. (AS58182)	1
systemdns.com	LINKED STORE BRASIL CRIACAO E DESENVOL DE SOFTWARE (AS273584)	1
SECURITYSERVICES	CLOUDSAFE-PROVIDER (AS395349)	1
CLOUDFLARENET	INTERSERVER-LAX (AS26666)	1
grupocodice.online	UNIFIEDLAYER-AS-1 (AS46606)	1
vistared.com	GOOGLE (AS15169)	1
tisocial.mx	IONOS SE (AS8560)	1
congresoescala.mx	IONOS SE (AS8560)	1
sealandss.mx	Hetzner Online GmbH (AS24940)	1
qmo.cl	NETWORK-SOLUTIONS-HOSTING (AS19871)	1
akkyhosting10.mx	CLOUDFLARENET (AS13335)	1
OVH SAS	Drutex S.A. (AS56609)	1
inmotionhosting.com	SQUARESPACE (AS53831)	1
nethinks.com	NETHINKS GmbH (AS8319)	1
mepc.mx	GO-DADDY-COM-LLC (AS398101)	1
fluxlabs.net	HVC-AS (AS29802)	1
SECURITYSERVICES	SERVERCENTRAL (AS23352)	1
scutum.mx	COEFICIENTE COMUNICACIONES (AS265524)	1
cloudpit.com	GOOGLE-CLOUD-PLATFORM (AS396982)	1
enmiguate.net	LIQUIDWEB (AS32244)	2
sgvps.net	GOOGLE (AS15169)	1
cvo.mx	WHG Hosting Services Ltd (AS211126)	2
albesa.mx	LIQUIDWEB (AS32244)	1
ain.mx	ARTERIA Networks Corporation (AS2519)	1
tritonix.mx	Akamai Connected Cloud (AS63949)	1
techtime.me	AMAZON-02 (AS16509)	1
markmonitor.com	Optimizely AB (AS30811)	2
servicioweb.mx	IWEB-AS (AS32613)	1
AMERITECH-AS	ORACLE-BMC-31898 (AS31898)	1
gruportg.com	CLOUDFLARENET (AS13335)	1
vshosting.cloud	VSHosting s.r.o. (AS43541)	1
CLOUDFLARENET	Orange Espagne SA (AS12479)	1
CLOUDFLARENET	CROCWEB (AS63068)	1
tele3.cz	MasterDC s.r.o. (AS24971)	1
dnsv4.com	Tencent Building, Kejizhongyi Avenue (AS132203)	1
heteml.jp	GMO Internet Group, Inc. (AS7506)	1
powerdnn.com	WEBINT (AS11989)	1
stabletransit.com	SOFTLAYER (AS36351)	1
Assetel SA de CV	CLOUDFLARENET (AS13335)	1
asic.mx	UNIFIEDLAYER-AS-1 (AS46606)	1
DIGICERT	Mexico Red de Telecomunicaciones, S. de R.L. de C.V. (AS13591)	1
servershost.net	WHG Hosting Services Ltd (AS14670)	1
sergioluna.com	AS-COLOCROSSING (AS36352)	1
r3it.mx	DIGITALOCEAN-ASN (AS14061)	1
ensi.mx	GO-DADDY-COM-LLC (AS398101)	1
insist.pro	ATLANTIC-NET-1 (AS6364)	1
kioit.com	Sixsigma Networks Mexico, S.A. de C.V. (AS22908)	1
ugmex.mx	UNIFIEDLAYER-AS-1 (AS46606)	1
suempresa.com	HVC-AS (AS29802)	1
CENTURYLINK-US-LEGACY-QWEST	Shanghai Blue Cloud Technology Co.,Ltd (AS58593)	1
inhostedns.com	Tilda Publishing Ltd. (AS205282)	1
Triara.com S.A. de C.V.	Instituto Federal Electoral (AS8140)	1
CLOUDFLARENET	20i Limited (AS48254)	1
Akamai Connected Cloud	AMAZON-AES (AS14618)	2
uia.mx	Universidad Iberoamericana, A.C. (AS28382)	1
hugodiseno.net	CLOUDFLARENET (AS13335)	1
cnc1.net	HVC-AS (AS29802)	1
GOOGLE	ONIAAS (AS40092)	1
iteso.mx	MICROSOFT-CORP-MSN-AS-BLOCK (AS8075)	1
DIMENOC	UNIFIEDLAYER-AS-1 (AS46606)	1
AMAZON-02	VPSDATACENTER (AS40819)	1
com.mx	NOCIX (AS33387)	1
speedweb.sk	SWAN, a.s. (AS5578)	1
credimotosgroup.com	AS17378 (AS17378)	1
AMAZON-02	ASN-DIS (AS393398)	1
nubixo.com	CLOUDFLARENET (AS13335)	1
mabosrv.com	OVH SAS (AS16276)	2
admabogados.mx	UNIFIEDLAYER-AS-1 (AS46606)	1
fashion-server.com	DIMENOC (AS33182)	1
topgraf.com	Aruba S.p.A. (AS31034)	1
youcan.shop	SOFTLAYER (AS36351)	1
rubbertop.mx	GOOGLE-CLOUD-PLATFORM (AS396982)	1
AMAZON-02	LIMESTONENETWORKS (AS46475)	1
cloudns.net	LIQUIDWEB (AS32244)	1
DIGITALOCEAN-ASN	SOFTLAYER (AS36351)	5
com.mx	Bisping & Bisping GmbH & Co KG (AS20686)	1
hostlat.com	OVH SAS (AS16276)	2
hosting-mexico.net	DIGITALOCEAN-ASN (AS14061)	1
pt.lu	POST Luxembourg (AS6661)	1
buap.mx	INCAPSULA (AS19551)	1
SkyExchange Internet Access	SOFTLAYER (AS36351)	1
ttc.mx	OVH SAS (AS16276)	1
schlundtech.de	Host Europe GmbH (AS8972)	1
rclearning.mx	WII (AS32097)	1
hello.co	AMAZON-02 (AS16509)	2
Host Europe GmbH	CABLE-NET-1 (AS6128)	1
customideasmx.com	A2HOSTING (AS55293)	2
kasperskylabs.net	Domain names registrar REG.RU, Ltd (AS197695)	1
skeltoras.de	Hetzner Online GmbH (AS24940)	1
CLDIN B.V.	DIGITALOCEAN-ASN (AS14061)	1
sepen.mx	UNINET (AS8151)	1
grandsayula.com	NETWORK-SOLUTIONS-HOSTING (AS19871)	1
MICROSOFT-CORP-MSN-AS-BLOCK	Datacamp Limited (AS60068)	1
craftroom.mx	MICROSOFT-CORP-MSN-AS-BLOCK (AS8075)	1
gipyc.com	UNIFIEDLAYER-AS-1 (AS46606)	1
mxmbr.com	UNIFIEDLAYER-AS-1 (AS46606)	2
vialy.com	NETWORK-SOLUTIONS-HOSTING (AS19871)	1
kiwioi812.com	Krolik Solutions S.A de C.V. (AS265567)	1
server313.com	ICDSoft Ltd. (AS8739)	1
spider.mx	Axtel, S.A.B. de C.V. (AS6503)	1
inmotionhosting.com	Hostinger International Limited (AS47583)	1
pagina.mx	LINKED STORE BRASIL CRIACAO E DESENVOL DE SOFTWARE (AS273584)	1
net.mx	Axtel, S.A.B. de C.V. (AS6503)	1
thednscompany.com	LeaseWeb Netherlands B.V. (AS60781)	1
SECURITYSERVICES	Cloudi Nextgen Sl (AS49635)	1
Host Europe GmbH	Almouroltec Servicos De Informatica E Internet Lda (AS24768)	1
produccionespcs.com	WHG Hosting Services Ltd (AS14670)	1
inmotionhosting.com	Hetzner Online GmbH (AS213230)	1
register.it	NDCHOST (AS33322)	1
CLOUDFLARENET	ACTIVE 24, s.r.o. (AS25234)	1
querico.online	PRIVATESYSTEMS (AS63410)	1
tcla.mx	LIQUIDWEB (AS32244)	1
copydatadns.net	WII (AS32097)	2
hostingperu.solutions	SERVERCENTRAL (AS23352)	1
worldofjob.mx	MULTA-ASN1 (AS35916)	1
com.mx	WorldStream B.V. (AS49981)	1
da.direct	Petar Petrov (AS202634)	1
imos.net	velia.net Internetdienste GmbH (AS29066)	1
aztecaservicios.mx	CLOUDFLARENET (AS13335)	1
BIZLAND-SD	DIGITALOCEAN-ASN (AS14061)	1
vatanmed.mx	Hetzner Online GmbH (AS24940)	1
zoneedit.com	Aruba S.p.A. (AS31034)	1
digitlan.cloud	OVH SAS (AS16276)	1
anitme.com	NETWORK-SOLUTIONS-HOSTING (AS19871)	1
animol.mx	LIQUIDWEB (AS32244)	1
cielohost.com	NETWORK-SOLUTIONS-HOSTING (AS19871)	1
Triara.com S.A. de C.V.	CONSORTIA TIC S. DE R.L. DE C.V. (AS265556)	1
ynis.nl	Signet B.V. (AS39700)	1
mba3.site	NETWORK-SOLUTIONS-HOSTING (AS19871)	1
rackspace.com	IENTC S DE RL DE CV (AS28458)	1
acesprotech.net	GO-DADDY-COM-LLC (AS398101)	1
magpiedns.com	SERVER-MANIA (AS55286)	1
VITAL-DNS	Sixsigma Networks Mexico, S.A. de C.V. (AS22011)	1
nominalia.com	DIGITALOCEAN-ASN (AS14061)	1
afraid.org	TOPNET SA de CV (AS16531)	1
rackspace.com	IWEB-AS (AS32613)	1
hazlohoy.com	Hetzner Online GmbH (AS24940)	1
Television Internacional, S.A. de C.V.	Operbes, S.A. de C.V. (AS18734)	1
b2bhosting.es	netcup GmbH (AS197540)	1
ipcom GmbH	IT.Gate S.p.A. (AS12779)	1
wocomm.net	AS-KGIX (AS53861)	1
enel.it	FASTLY (AS54113)	1
hostelec.com	APYLI-AS (AS53628)	1
getmarket.mx	IONOS SE (AS8560)	1
dvc.mx	COORDINADORA DE CARRIERS, S.A. DE C.V. (AS19332)	1
quintet.com	UUNET (AS702)	1
nuvio.mx	LIQUIDWEB (AS32244)	1
rcode0.net	Probe Networks (AS29686)	1
akkyhosting26.mx	AMAZON-02 (AS16509)	1
11analytics.cl	iHosting Servicios Internet Ltda. (AS28099)	1
meganucleo.mx	Akamai Connected Cloud (AS63949)	1
whc.ca	IWEB-AS (AS32613)	1
SINGLEHOP-LLC	UNIFIEDLAYER-AS-1 (AS46606)	1
ith.mx	LUMEN-LEGACY-L3-CUSTOMER-SHARED-USE (AS10753)	1
combell.net	Hetzner Online GmbH (AS24940)	1
zoneedit.com	AMAZON-02 (AS16509)	3
AMAZON-02	Iomart Cloud Services Limited (AS20860)	1
tributia.mx	IS-AS-1 (AS19318)	1
Host Europe GmbH	velia.net Internetdienste GmbH (AS29066)	3
mpexnet.de	mpex GmbH (AS35833)	1
bastify.com	Aire Networks Del Mediterraneo Sl Unipersonal (AS60494)	1
deepsolution.mx	UNIFIEDLAYER-AS-1 (AS46606)	1
financialgroup.mx	AMAZON-02 (AS16509)	1
lineadns.com	AMAZON-02 (AS16509)	1
inware.ch	METANET AG (AS21069)	1
nidiro.com	AMAZON-02 (AS16509)	1
GANDI SAS	TENASKA-INC (AS31986)	1
DIGICERT	INCAPSULA (AS19551)	1
IONOS SE	Comvive Servidores S.L. (AS39020)	1
creactivamente.com	WEBNX (AS18450)	1
MICROSOFT-CORP-MSN-AS-BLOCK	CSC (AS19574)	2
GOOGLE	UAB Interneto vizija (AS212531)	1
procarsa.mx	OVH SAS (AS16276)	1
MICROSOFT-CORP-MSN-AS-BLOCK	Hetzner Online GmbH (AS24940)	3
mktinternet.org	NETWORK-SOLUTIONS-HOSTING (AS19871)	1
nordicway.dk	Hetzner Online GmbH (AS24940)	1
gohost.cl	ECOHOSTING INTERNET LIMITADA (AS266855)	1
accredian.mx	RELIABLESITE (AS23470)	1
net.il	SOFTLAYER (AS36351)	1
CLOUDFLARENET	Scaleway S.a.s. (AS12876)	2
Hetzner Online GmbH	Scalaxy B.V. (AS58061)	1
AMAZON-02	DIGITAL COMUNICATIONS DE MEXICO SA DE CV (AS265504)	1
elvendevende.com	IWEB-AS (AS32613)	1
El Corte Ingles S.A.	Telefonica De Espana S.a.u. (AS3352)	1
SECURITYSERVICES	AS2-TRENDMICRO-COM (AS16880)	1
wachihosting.mx	AS17378 (AS17378)	1
greening-e.mx	Trevenque Sistemas De Informacion S.l. (AS42220)	1
HURRICANE	SERVERCENTRAL (AS23352)	1
gvfsoluciones.com	UNIFIEDLAYER-AS-1 (AS46606)	1
markmonitor.com	NET253 (AS396952)	1
DIMENOC	IONOS SE (AS8560)	1
taxtron.mx	AMAZON-AES (AS14618)	1
bengarudns.com	NETWORK-SOLUTIONS-HOSTING (AS19871)	1
UK-2 Limited	The Hut.com Limited (AS197651)	1
masfiscal.mx	UNIFIEDLAYER-AS-1 (AS46606)	2
stabletransit.com	IS-AS-1 (AS19318)	2
atlanticadigital.net	CLOUDFLARENET (AS13335)	1
miscfdi.mx	DIMENOC (AS33182)	1
hostgator.com	Alestra, S. de R.L. de C.V. (AS11172)	2
emmanuel.mx	SINGLEHOP-LLC (AS32475)	1
cashopper.mx	UNIFIEDLAYER-AS-1 (AS46606)	1
markmonitor.com	PROQUEST (AS40675)	1
LDSCHURCH1	GENSOCIETYUTAH (AS33397)	1
tilosolver.net	Cloudflare London, LLC (AS209242)	2
facturacionguajardo.com	WHG Hosting Services Ltd (AS14670)	1
asoro.mx	NETWORK-SOLUTIONS-HOSTING (AS19871)	1
juarezweb.com	WHG Hosting Services Ltd (AS211126)	1
akkyhosting31.mx	CLOUDFLARENET (AS13335)	1
fmm.mx	Mega Cable, S.A. de C.V. (AS262916)	1
ixtle.com	CLOUDFLARENET (AS13335)	1
altomandomty.com	LEASEWEB-USA-WDC (AS30633)	1
fresenius.de	FASTLY (AS54113)	1
code49.net	DIMENOC (AS33182)	3
site4now.net	CLOUDFLARENET (AS13335)	1
SECURITYSERVICES	DOM Digital Online Media GmbH (AS31521)	1
org.mx	UNINET (AS8151)	1
Triara.com S.A. de C.V.	RADWARE-CLOUD-SERVICES (AS25773)	1
cdmon.net	Axarnet Comunicaciones, S.l. (AS50926)	1
cloudns.net	LINKED STORE BRASIL CRIACAO E DESENVOL DE SOFTWARE (AS273584)	1
propagation.net	CORESPACE-DAL (AS54489)	1
Network Information Center Mexico	WHG Hosting Services Ltd (AS211126)	1
hospitalume.mx	IONOS SE (AS8560)	1
grupotrespicos.net	SINGLEHOP-LLC (AS32475)	1
ip-51-161-15.net	OVH SAS (AS16276)	2
akkyhosting11.mx	AMAZON-AES (AS14618)	1
calderon.mx	Television Internacional, S.A. de C.V. (AS11888)	1
DIGICERT	Telmex Chile Internet S.A. (AS6429)	1
dns.google	Instituto Nacional de Astrofisica, Optica y Electronica (AS7173)	1
aztecaservicios.mx	GOOGLE-CLOUD-PLATFORM (AS396982)	1
CLOUDFLARENET	iHosting Servicios Internet Ltda. (AS28099)	2
all-connect.net	all-connect Data Communications GmbH (AS21476)	1
dahan.mx	Alestra, S. de R.L. de C.V. (AS11172)	1
markmonitor.com	Equinix (EMEA) Acquisition Enterprises B.V. (AS15830)	1
gceo.mx	DATABANK-DFW (AS13767)	1
kaeg.mx	NTHL (AS11042)	1
martinaguilar.net	NETWORK-SOLUTIONS-HOSTING (AS19871)	1
AS-VULTR	SERVERCENTRAL (AS23352)	1
riansa.mx	UNIFIEDLAYER-AS-1 (AS46606)	1
swisscenter.com	LIMESTONENETWORKS (AS46475)	1
rootnux.net	NETWORK-SOLUTIONS-HOSTING (AS19871)	1
sibro.mx	UNIFIEDLAYER-AS-1 (AS46606)	1
vikher.mx	AMAZON-AES (AS14618)	1
AMAZON-02	Hetzner Online GmbH (AS213230)	1
IS-AS-1	OVH SAS (AS16276)	1
diespezialisten.de	Hetzner Online GmbH (AS24940)	1
garca.mx	AS17378 (AS17378)	1
OVH SAS	Infrastructure Italia Colo S.r.l. (AS203201)	1
anra.mx	LIQUIDWEB (AS32244)	1
famisa.mx	LIQUIDWEB (AS32244)	1
MICROSOFT-CORP-MSN-AS-BLOCK	SERVERPOINT (AS26277)	1
easydns.com	Amarutu Technology Ltd (AS206264)	2
zoneedit.com	Alestra, S. de R.L. de C.V. (AS11172)	1
Host Europe GmbH	Techtel LMDS Comunicaciones Interactivas S.A. (AS11664)	1
express57.mx	AMAZON-02 (AS16509)	1
SECURITYSERVICES	MSTRARIN-1 (AS13410)	1
sesmarkclientes.com	IWEB-AS (AS32613)	1
Megacable Comunicaciones de Mexico, S.A. de C.V.	Cloudflare London, LLC (AS209242)	1
LIQUIDWEB	IWEB-AS (AS32613)	1
server277.com	ICDSoft Ltd. (AS8739)	1
promok.mx	UNIFIEDLAYER-AS-1 (AS46606)	1
NSONE	AS17378 (AS17378)	2
virtualtec.mx	IONOS SE (AS8560)	1
AMAZON-02	Instituto Politecnico Nacional (AS3484)	1
criticalserver11.net	AS-VULTR (AS20473)	1
SECURITYSERVICES	AKAMAI-AS (AS16625)	1
dominiosycorreo.com	NETWORK-SOLUTIONS-HOSTING (AS19871)	1
com.ve	ASN-QUADRANET-GLOBAL (AS8100)	1
dynu.com	CARINET (AS10439)	1
CLOUDFLARENET	HOTWIRE-COMMUNICATIONS (AS23089)	1
dch.cl	DCH COMPANIA DE COMUNICACIONES E INMOBILIARIA LTDA (AS272014)	1
markydot.com	InterNetX GmbH (AS15456)	1
syserv.mx	WII (AS32097)	1
celamex.education	UNIFIEDLAYER-AS-1 (AS46606)	1
bemira-dns.net	MICROSOFT-CORP-MSN-AS-BLOCK (AS8075)	1
megalink.com	MEGALINK S.R.L. (AS22541)	1
mihostingplus.com	SERVERCENTRAL (AS23352)	1
afraid.org	AS17378 (AS17378)	1
dkch.net	HVC-AS (AS29802)	1
globosaerostaticosenmexico.com	UNIFIEDLAYER-AS-1 (AS46606)	1
MICROSOFT-CORP-MSN-AS-BLOCK	A2HOSTING (AS55293)	2
valecash.mx	AS17378 (AS17378)	1
eagle.ca	EAGLE-CA-1 (AS14270)	2
itmxl.net	LIQUIDNETLTD1 (AS14555)	1
universidadvasconcelosvirtual.mx	JOESD-18501 (AS18501)	1
bci.mx	AS17378 (AS17378)	1
infravesi.com	MICROSOFT-CORP-MSN-AS-BLOCK (AS8075)	1
tolantongo.mx	IONOS SE (AS8560)	1
IONOS SE	Cloudi Nextgen Sl (AS49635)	2
NSONE	Host Europe GmbH (AS8972)	1
GANDI SAS	AUTOMATTIC (AS2635)	1
equant.net	CELANESE (AS46118)	2
IONOS SE	Valor Information Technologies, S.L. (AS56989)	1
uatx.mx	Computadoras y Servicios Especiales SA de CV (AS28387)	1
netim.net	senseLAN GmbH (AS31736)	1
jzc.mx	CONSORTIA TIC S. DE R.L. DE C.V. (AS265556)	1
IONOS SE	IMH-IAD (AS54641)	1
AS17378	CARINET (AS10439)	1
AMAZON-02	IQWeb FZ-LLC (AS59692)	1
crochet.mx	DIMENOC (AS33182)	1
rawradgency.host	Hostinger International Limited (AS47583)	1
quimical.online	NETWORK-SOLUTIONS-HOSTING (AS19871)	1
ATT-INTERNET4	LIZ-CLAIBORNE-INC (AS26976)	1
psi.jp	AMAZON-02 (AS16509)	1
lcn.com	Combell NV (AS34762)	1
chefsmexicanos.mx	SSASN2 (AS20454)	1
CLOUDFLARENET	BrainStorm Network, Inc (AS136258)	1
etes.de	ETES GmbH (AS205890)	2
upschool.mx	AMAZON-AES (AS14618)	1
kysor.online	ORACLE-BMC-31898 (AS31898)	1
bimeda.com	DIGICERT (AS16552)	1
genesys informatica srl	Uan Company S.r.l. (AS15691)	1
barberiabarbamala.com	NETWORK-SOLUTIONS-HOSTING (AS19871)	1
manet.de	TWL-Kom GmbH (AS9022)	1
MICROSOFT-CORP-MSN-AS-BLOCK	GO-DADDY-COM-LLC (AS398787)	1
dbqphost.net	LIQUIDNETLTD1 (AS14555)	1
gsiglobals.com	SERVERCENTRAL (AS23352)	1
MICROSOFT-CORP-MSN-AS-BLOCK	Arsys Internet S.l.u. (AS20718)	1
LIQUIDWEB	VPSDATACENTER (AS40819)	1
afraid.org	MULTA-ASN1 (AS35916)	1
Host Europe GmbH	JOESDATACENTER (AS19969)	2
ups.com	AMAZON-02 (AS16509)	1
paginasdeinternet.mx	LIQUIDWEB (AS32244)	1
systemdns.com	IONOS SE (AS8560)	1
ANEXIA Internetdienstleistungs GmbH	TDC Holding A/S (AS3292)	1
team.blue Denmark A/S	Hetzner Online GmbH (AS24940)	1
trevenque.es	Trevenque Sistemas De Informacion S.l. (AS42220)	2
ford.com	FORDSRL-AS (AS3389)	2
hosting-mexico.net	MICROSOFT-CORP-MSN-AS-BLOCK (AS8075)	1
nuhtulum.com	AS-VULTR (AS20473)	1
casaiza.mx	LIQUIDWEB (AS32244)	1
swami-maheshwarananda.org	LeaseWeb Netherlands B.V. (AS60781)	1
CLOUDFLARENET	NIXIHOST (AS46505)	2
Host Europe GmbH	UAB Interneto vizija (AS212531)	2
AMAZON-02	Scaleway S.a.s. (AS12876)	1
motecmex.mx	NOCIX (AS33387)	1
wolverinedns.com	ASACENET1 (AS22878)	1
AMAZON-02	CARINET (AS10439)	2
DIGICERT	TRANSTELCO-INC (AS32098)	1
tecmor.mx	UNINET (AS8151)	1
CLOUDFLARENET	Bicentel SA de CV (AS28394)	1
accuwebhosting.com	LIMESTONENETWORKS (AS46475)	1
Akamai Connected Cloud	GOOGLE-CLOUD-PLATFORM (AS396982)	2
messefrankfurt.com	Messe Frankfurt GmbH (AS20740)	1
duatics.com	OVH SAS (AS16276)	1
cota.mx	LIQUIDWEB (AS32244)	1
ipcom GmbH	NAMECHEAP-NET (AS22612)	1
aquacrm.mx	UNIFIEDLAYER-AS-1 (AS46606)	1
servidoraweb.net	OVH SAS (AS16276)	2
ual.mx	Alestra, S. de R.L. de C.V. (AS11172)	1
serverggm.com	NETWORK-SOLUTIONS-HOSTING (AS19871)	2
gthouse.net	HVC-AS (AS29802)	1
MICROSOFT-CORP-MSN-AS-BLOCK	AS40676 (AS40676)	1
neuronascreativas.com	SERVERCENTRAL (AS23352)	2
dodns.net	DIGITALOCEAN-ASN (AS14061)	1
auladigitaleme.mx	Hostinger International Limited (AS47583)	1
ticonsultores.net	SERVERCENTRAL (AS23352)	2
cprs.mx	OVH SAS (AS16276)	1
dnsexit.com	Cloudsigma Ag (AS50837)	1
Akamai Connected Cloud	SQUARESPACE (AS53831)	2
DIMENOC	GOOGLE-2 (AS19527)	2
cbxt.mx	IONOS SE (AS8560)	1
SECURITYSERVICES	M247 Europe SRL (AS9009)	1
netim.net	Host Europe GmbH (AS8972)	1
corefootwear.mx	CLOUDFLARENET (AS13335)	1
hit.mx	Triara.com S.A. de C.V. (AS19373)	1
atouch.mx	AMAZON-02 (AS16509)	1
CLOUDFLARENET	ZEN-ECN (AS21859)	1
rhx.info	CDLAN SpA (AS20836)	1
NETWORK-SOLUTIONS-HOSTING	UNINET (AS8151)	2
coenservices.com	UNIFIEDLAYER-AS-1 (AS46606)	1
gruma.com	MICROSOFT-CORP-MSN-AS-BLOCK (AS8075)	1
iwantmyname.net	FASTLY (AS54113)	1
BIZLAND-SD	Enix Ltd (AS52148)	1
koryfiserver.com	LEASEWEB-USA-MIA (AS393886)	1
AMAZON-02	Hangzhou Alibaba Advertising Co.,Ltd. (AS37963)	1
cbox.mx	LIQUIDWEB (AS32244)	1
cretam.mx	WHG Hosting Services Ltd (AS51713)	1
nic53.de	OVH SAS (AS16276)	1
cosmic-cpanel.com	Hetzner Online GmbH (AS24940)	1
IS-AS-1	SQUARESPACE (AS53831)	1
salde.mx	COEFICIENTE COMUNICACIONES (AS265524)	1
alianzacomercial.mx	NETWORK-SOLUTIONS-HOSTING (AS19871)	1
Host Europe GmbH	Red Cientifica Peruana (AS3132)	1
magpiedns.com	LEASEWEB-USA-SFO (AS7203)	2
fozzy.com	WZ-US-40824 (AS40824)	1
managed-ip.com	AS-VULTR (AS20473)	1
exagono.net	MICROSOFT-CORP-MSN-AS-BLOCK (AS8075)	1
phdns17.es	Soluciones web on line s.l. (AS201446)	2
bodegadelaminas.mx	LIQUIDWEB (AS32244)	1
elfest.mx	Hetzner Online GmbH (AS24940)	1
tuhost.org	NL-811-40021 (AS40021)	1
unknown	Baja Datacenter, SA de CV (AS265552)	2
neostrada.nl	LeaseWeb Netherlands B.V. (AS60781)	1
datacom.mx	Hetzner Online GmbH (AS24940)	1
mydnspt.net	Almouroltec Servicos De Informatica E Internet Lda (AS24768)	2
xpaceweb.com	UNIFIEDLAYER-AS-1 (AS46606)	1
imoch.mx	GIGASNET-AS (AS27640)	1
sistemas-sos.com	UNIFIEDLAYER-AS-1 (AS46606)	1
prosop.mx	LIQUIDWEB (AS32244)	1
lineadns.com	TIER-NET (AS397423)	1
Host Europe GmbH	Yandex.Cloud LLC (AS200350)	1
gear.host	Hostinger International Limited (AS47583)	2
thigo.mx	MICROSOFT-CORP-MSN-AS-BLOCK (AS8075)	1
masbytes.es	Aspa Cloud Sl (AS202207)	1
VITAL-DNS	AS17378 (AS17378)	1
HURRICANE	TOTAL PLAY TELECOMUNICACIONES SA DE CV (AS22884)	1
imds.mx	COORDINADORA DE CARRIERS, S.A. DE C.V. (AS19332)	1
babygym.mx	SOFTLAYER (AS36351)	1
interdatahost.com	UNIFIEDLAYER-AS-1 (AS46606)	2
akitastudio.com	AS-30083-US-VELIA-NET (AS30083)	1
GOOGLE	Sargasso N1 Limited (AS39767)	1
DIGICERT	AS-26496-GO-DADDY-COM-LLC (AS26496)	2
tycoelectronics.com	AMAZON-AES (AS14618)	1
Host Europe GmbH	IQ PL Sp. z o.o. (AS47544)	1
interlab.mx	DIMENOC (AS33182)	1
IONOS SE	Arsys Internet S.l.u. (AS20718)	1
OVH SAS	Hetzner Online GmbH (AS24940)	1
ehost.pl	Cyber_Folks S.A. (AS29522)	1
Host Europe GmbH	MAJESTIC-HOSTING-01 (AS396073)	1
Host Europe GmbH	SonderCloud Limited (AS133199)	2
amahospital.mx	OVH SAS (AS16276)	1
CLOUDFLARENET	WHIRLPOOL-ASN (AS11757)	1
webazilla.com	Cloudist AB (AS51821)	1
DIGICERT	DREAMHOST-AS (AS26347)	2
anex.mx	LIQUIDWEB (AS32244)	1
sahakahosting.com	LIQUIDNETLTD1 (AS14555)	1
AMAZON-02	ESET, spol. s r.o. (AS50881)	1
tuapp.dev	netcup GmbH (AS214996)	1
Host Europe GmbH	SS-ASH (AS19437)	1
akkyhosting19.mx	CLOUDFLARENET (AS13335)	1
hostuj.to	VSHosting s.r.o. (AS43541)	1
frontfacebusiness.mx	DIMENOC (AS33182)	1
Host Europe GmbH	IDIGITAL (AS54643)	1
GOOGLE	TOTALCHOICE-HOSTING (AS16556)	1
win-svlrjn5tgov.	Tu Casa Inalambrica de Mexico (AS263157)	1
bytezeroservers.net	SINGLEHOP-LLC (AS32475)	1
pricepointmonitor.com	AS17378 (AS17378)	1
holcim.com	AMAZON-02 (AS16509)	1
nomen.mx	AS-VULTR (AS20473)	1
com.br	JOSE MIGUEL MACIAS CONTRERAS (AS28539)	1
clausweb.ro	CLAUS WEB srl (AS203053)	1
hospedarte.net	NETWORK-SOLUTIONS-HOSTING (AS19871)	1
sexo.mx	AMAZON-02 (AS16509)	1
tkcloud.es	DinaHosting S.L. (AS42612)	1
CLOUDFLARENET	Qrator Labs CZ s.r.o. (AS209671)	1
nameshield.net	Infomaniak Network SA (AS29222)	1
directadmin.mx	TOTAL PLAY TELECOMUNICACIONES SA DE CV (AS22884)	2
consultores-web.mx	NETWORK-SOLUTIONS-HOSTING (AS19871)	1
Host Europe GmbH	Cato Networks Ltd (AS13150)	1
HURRICANE	Corporacion Universitaria para el Desarrollo de Internet, A.C. (AS18592)	1
managed-ip.info	Buhler AG (AS34261)	2
nominalia.com	LeaseWeb Netherlands B.V. (AS60781)	1
SAP-NIE	CSC (AS19574)	1
desingsgdl.com	UNIFIEDLAYER-AS-1 (AS46606)	3
spaperros.mx	AS-30083-US-VELIA-NET (AS30083)	1
iptwins.com	CLOUDFLARENET (AS13335)	1
tukulhosting.com	NAMECHEAP-NET (AS22612)	1
trofeos.mx	NETWORK-SOLUTIONS-HOSTING (AS19871)	1
hostingwebmexico.com	Hetzner Online GmbH (AS24940)	1
iok.net	IONOS SE (AS8560)	2
MICROSOFT-CORP-MSN-AS-BLOCK	Vodafone Portugal - Communicacoes Pessoais S.A. (AS12353)	1
iok.net	AMAZON-02 (AS16509)	1
suempresa.com	AS-VULTR (AS20473)	1
MAJESTIC-HOSTING-01	CLOUDFLARENET (AS13335)	1
markmonitor.zone	ASN-FLEXENTIAL (AS13649)	1
combios.es	Nunsys SA (AS198479)	2
Network Information Center Mexico	Instituto Nacional de Salud Publica (AS28563)	1
Host Europe GmbH	SONDATECH S.A.S. (AS263812)	2
dnswhisper.com	Hetzner Online GmbH (AS24940)	1
mexicoprojectshub.mx	SCONTINUIDAD LATAM, S.A. DE C.V. (AS270124)	1
Host Europe GmbH	Koc Sistem Bilgi Ve Iletisim Hizmetleri Anonim Sirketi (AS9074)	1
Aruba S.p.A.	GOOGLE-CLOUD-PLATFORM (AS396982)	1
jmre.es	IONOS SE (AS8560)	1
panelville.com	SERV3R (AS400130)	1
acmx.mx	Alestra, S. de R.L. de C.V. (AS11172)	1
hazketo.mx	CLOUDFLARENET (AS13335)	1
Host Europe GmbH	REFLECTED (AS29789)	1
catalyst2.net	catalyst2 Services Limited (AS41355)	1
accenture.com	MICROSOFT-CORP-MSN-AS-BLOCK (AS8075)	1
exsilia.net	Signet B.V. (AS35470)	1
Akamai Connected Cloud	AUTOMATTIC (AS2635)	1
ausn.mx	GO-DADDY-COM-LLC (AS398101)	1
gelsa.mx	LIQUIDWEB (AS32244)	1
ZONER a.s.	PRO-ZETA a.s. (AS60606)	1
CLOUDFLARENET	Axtel, S.A.B. de C.V. (AS6503)	1
miwebb.com	Signet B.V. (AS20857)	1
hostgator.com	Radio Enlaces del Bajio (AS28452)	1
litehosting.be	The Infrastructure Group B.V. (AS60404)	1
marne.mx	IONOS SE (AS8560)	1
CLOUDFLARENET	INTERNAP-BLK (AS10912)	1
biointragroup.mx	SERVERPOINT (AS26277)	1
icvida.mx	Akamai Connected Cloud (AS63949)	1
IONOS SE	LEASEWEB-USA-DAL (AS394380)	1
whatahosting.com	NL-811-40021 (AS40021)	1
eri.mx	UNIFIEDLAYER-AS-1 (AS46606)	1
hostcolor.net	AS-GLOBALTELEHOST (AS63023)	1
revisa.mx	LIQUIDWEB (AS32244)	1
emiliosalazar.mx	WHG Hosting Services Ltd (AS14670)	1
calleja.mx	DIGITALOCEAN-ASN (AS14061)	1
register.it	UNIFIEDLAYER-AS-1 (AS46606)	1
mcafee.com	AMAZON-02 (AS16509)	2
wiff.mx	OVH SAS (AS16276)	1
hostround.com	HOSTROUND-LLC (AS397666)	1
ORACLE-BMC-31898	HUAWEI CLOUDS (AS136907)	1
mg-losfuertes.mx	HVC-AS (AS29802)	1
gavimex.mx	LIQUIDWEB (AS32244)	1
solidhosting.pro	AS-VULTR (AS20473)	1
CLOUDFLARENET	RADWARE-CLOUD-SERVICES (AS25773)	1
acuyo.mx	GOOGLE (AS15169)	1
hoonix.com	METANET AG (AS21069)	1
ICDSoft Ltd.	AMAZON-AES (AS14618)	1
LIQUIDWEB	NETWORK-SOLUTIONS-HOSTING (AS19871)	1
kubic.mx	LIQUIDWEB (AS32244)	1
CLOUDFLARENET	INFOTECHSYS (AS6943)	1
draexlmaier.de	DIGITALOCEAN-ASN (AS14061)	1
intelectix.mx	MICROSOFT-CORP-MSN-AS-BLOCK (AS8075)	1
klikserver.de	Hetzner Online GmbH (AS24940)	1
dakaconsulting.mx	UNIFIEDLAYER-AS-1 (AS46606)	1
genicrea.mx	WHG Hosting Services Ltd (AS36454)	1
tuactitud.mx	UNIFIEDLAYER-AS-1 (AS46606)	1
namechecking.net	MICROSOFT-CORP-MSN-AS-BLOCK (AS8075)	2
simark.mx	LIQUIDWEB (AS32244)	1
konnekt.online	InterNetworX Management GmbH (AS48596)	1
webhostingserver.nl	Previder B.V. (AS20847)	1
techmonitor.mx	LIQUIDWEB (AS32244)	1
server12.xyz	SERVERCENTRAL (AS23352)	1
islasdelmar.com	UNIFIEDLAYER-AS-1 (AS46606)	2
vordcab.mx	Hostinger International Limited (AS47583)	1
logicweb.com	LOGICWEB (AS64286)	1
cloudclusters.net	AS40676 (AS40676)	2
MICROSOFT-CORP-MSN-AS-BLOCK	WEBNX (AS18450)	1
epag.net	Deutsche Telekom AG (AS3320)	1
Host Europe GmbH	PAIR-NETWORKS (AS7859)	1
torroca.net	RELIABLESITE (AS23470)	1
Host Europe GmbH	Hong Kong Communications International Co., Limited (AS140227)	2
org.mx	INMOTION (AS22611)	1
NSONE	COORDINADORA DE CARRIERS, S.A. DE C.V. (AS19332)	1
digipdns.com	InterNetX GmbH (AS15456)	1
hydis.mx	OVH SAS (AS16276)	1
digisns.net	Pq Hosting Plus S.r.l. (AS44477)	1
virtualns.net	OVH SAS (AS16276)	1
net.ar	AMAZON-02 (AS16509)	1
ORACLE-BMC-31898	GOOGLE-CLOUD-PLATFORM (AS396982)	1
omarric.com	PRIVATESYSTEMS (AS63410)	2
IONOS SE	HUAWEI CLOUDS (AS136907)	1
1and1.es	IONOS SE (AS8560)	1
2serviceweb.com	AS17378 (AS17378)	2
hydroloop.mx	Contabo GmbH (AS51167)	1
CLOUDFLARENET	LATITUDE-SH (AS396356)	2
SECURITYSERVICES	Webdock.io ApS (AS44803)	1
NETWORK-SOLUTIONS-HOSTING	WEBNX (AS18450)	1
ello.mx	Castor Networks Mexico (AS270142)	1
mxvhost.com	OVH SAS (AS16276)	1
topetephoto.com	WHG Hosting Services Ltd (AS36454)	3
AUTOMATTIC	AS-VULTR (AS20473)	1
rubikweb.com	HVC-AS (AS29802)	1
Network Information Center Mexico	RMH-14 (AS33070)	2
Network Information Center Mexico	WII (AS32097)	1
nerion.com	Raiola Networks S.L. (AS56958)	1
dnspackage.com	DIGITALOCEAN-ASN (AS14061)	1
iwantmyname.net	Heart Internet limited (AS20738)	1
importapro.mx	IONOS SE (AS8560)	1
NSONE	ICM Netsystems 2005 SL (AS197876)	1
.	PRIVATESYSTEMS (AS63410)	1
pixelfed.mx	Scaleway S.a.s. (AS12876)	1
meprosa.mx	UNIFIEDLAYER-AS-1 (AS46606)	1
aluxtravel.com	NETWORK-SOLUTIONS-HOSTING (AS19871)	1
mmcomunicaciones.mx	HOSTP-LA (AS23273)	1
AMAZON-02	Soltia Consulting SL (AS201942)	1
hith.nl	Fundaments B.V. (AS20559)	1
GANDI SAS	MICROSOFT-CORP-MSN-AS-BLOCK (AS8075)	2
papeleriayconsumibles.mx	IONOS SE (AS8560)	1
corpinter.de	Societe Francaise Du Radiotelephone - SFR SA (AS15557)	1
BIZLAND-SD	DATAPIPE-SEA (AS22205)	1
worldwipes.com	NETWORK-SOLUTIONS-HOSTING (AS19871)	1
pco.mx	AS17378 (AS17378)	1
cdmon.net	IENTC S DE RL DE CV (AS28458)	1
hostforweb.net	WHG Hosting Services Ltd (AS14670)	1
hosting-mexico.net	AUTOMATTIC (AS2635)	1
mdnsservice.com	GOOGLE-CLOUD-PLATFORM (AS396982)	2
dimenoc.com	DIMENOC (AS33182)	1
secuiep.com	GO-DADDY-COM-LLC (AS398101)	1
viendo-inmuebles.mx	Megacable Comunicaciones de Mexico, S.A. de C.V. (AS14178)	1
fantasticservices.mx	Victor Connect Ltd. (AS200418)	1
srchgroup.xyz	NAMECHEAP-NET (AS22612)	1
grupocbs.com	AS17378 (AS17378)	1
xpresshosting.com	GOOGLE-CLOUD-PLATFORM (AS396982)	2
jetthost.net	GOOGLE-CLOUD-PLATFORM (AS396982)	1
hostadata.com	NL-811-40021 (AS40021)	1
hoster904.com	ICDSoft Ltd. (AS8739)	1
UNIFIEDLAYER-AS-1	Hetzner Online GmbH (AS212317)	1
notitiacriminis.mx	AS-VULTR (AS20473)	1
festivaldelchocolate.mx	UNINET (AS8151)	1
dbqphost.net	TOPNET SA de CV (AS16531)	1
AMAZON-02	AS-TING-BACKBONE (AS32133)	1
CLOUDFLARENET	IMDC-AS12025 (AS12025)	1
guaff.com	NAMECHEAP-NET (AS22612)	1
orion.it	Nouvelle S.r.l (AS12309)	1
Xtudio Networks S.L.U.	Cloudflare London, LLC (AS209242)	1
logismarket.mx	UUNET (AS702)	1
AMAZON-02	MasterDC s.r.o. (AS24971)	1
telekom.at	Telekom Austria (AS8447)	1
savethisday.mx	IONOS SE (AS8560)	1
entorno.cat	Datacenter Luxembourg S.A. (AS24611)	1
zky.mx	Mega Cable, S.A. de C.V. (AS13999)	1
carreiro.global	AS17378 (AS17378)	2
aglo.mx	LIQUIDWEB (AS32244)	1
ela.mx	Dattatec.com (AS27823)	1
bolfeta.mx	IONOS SE (AS8560)	1
pscmex.info	NETWORK-SOLUTIONS-HOSTING (AS19871)	1
webs21.com	WEHOSTWEBSITES-COM (AS30475)	1
fullcontrol.net	HURRICANE (AS6939)	1
nichosinteligentes.mx	UNIFIEDLAYER-AS-1 (AS46606)	2
akkyhosting20.mx	AS-COLOAM (AS21769)	1
codesin.mx	UNIFIEDLAYER-AS-1 (AS46606)	1
andonietech.com	UNIFIEDLAYER-AS-1 (AS46606)	1
osn.de	OSN Online Service Nuernberg GmbH (AS8859)	1
tekni-k.com	UNIFIEDLAYER-AS-1 (AS46606)	1
sas-dns.com	DIGICERT (AS16552)	1
itson.mx	MICROSOFT-CORP-MSN-AS-BLOCK (AS8075)	1
servertobit.site	UNIFIEDLAYER-AS-1 (AS46606)	1
sucursaleshircasa.com	HVC-AS (AS29802)	1
mts-ws.net	MTS PJSC (AS13174)	1
spicecorp.fr	atom86 BV (AS8455)	1
netsons.net	Aruba S.p.A. (AS31034)	1
sqr.cloud	Cyso Group B.V. (AS25151)	2
MICROSOFT-CORP-MSN-AS-BLOCK	ALYRICA (AS25961)	1
belayhost.com	Hostinger International Limited (AS47583)	1
biossmann.com	WHG Hosting Services Ltd (AS211126)	1
cornersport.mx	ONIAAS (AS40092)	1
katespadeandcompany.com	LIZ-CLAIBORNE-INC (AS26976)	1
AMAZON-02	Krystal Hosting Ltd (AS12488)	2
kun.mx	IONOS SE (AS8560)	1
za-domain.de	za-internet GmbH (AS30791)	1
akkyhosting.mx	Wix.com Ltd. (AS58182)	1
NSONE	JCOM-3 (AS11166)	1
uvp.mx	AS-ADN (AS23367)	1
inmotionhosting.com	TOTAL PLAY TELECOMUNICACIONES SA DE CV (AS22884)	1
Host Europe GmbH	GOSSAMERTHREADS (AS36483)	1
cinvestav.mx	Centro de Investigacion y de Estudios Avanzados del Instituto Politecnico Nacional (AS3548)	1
register.be	Hetzner Online GmbH (AS24940)	2
interhost.com	Servicios de Hosting en Internet S.A. (AS15919)	2
tierra-santa.mx	UNIFIEDLAYER-AS-1 (AS46606)	1
cloudns.net	Dravanet Co Ltd. (AS197248)	1
tuonomeregistrar.com	AMAZON-02 (AS16509)	1
roxtec.com	Roxtec International AB (AS207538)	1
register.it	Aruba S.p.A. (AS31034)	2
inc.cl	Servicios Informaticos Hostname Ltda (AS262256)	1
Network Information Center Mexico	Assetel SA de CV (AS265615)	1
serveli.pro	IWEB-AS (AS32613)	1
codero.com	AMAZON-02 (AS16509)	1
cdk.com	CDK-GLOBAL (AS40443)	3
adco-mexico.com	NETWORK-SOLUTIONS-HOSTING (AS19871)	2
com.co	NETWORK-SOLUTIONS-HOSTING (AS19871)	1
masterhost.ru	MTS PJSC (AS8359)	1
AMAZON-02	RAMNODE (AS3842)	1
serace.mx	LIQUIDWEB (AS32244)	1
Host Europe GmbH	Videnca AB (AS42622)	1
ewetel.de	EWE-Tel GmbH (AS9145)	1
IONOS SE	Signet B.V. (AS20857)	1
secsistemas.com	IWEB-AS (AS32613)	1
UNIFIEDLAYER-AS-1	GOOGLE (AS15169)	1
piensa-local.com	SERVERCENTRAL (AS23352)	2
reactorads.com	AS-VULTR (AS20473)	1
ingent.net	INCAPSULA (AS19551)	2
nearlyfreespeech.net	GRIDFURY-AS (AS40630)	2
pribajacalifornia.org	NETWORK-SOLUTIONS-HOSTING (AS19871)	1
DIGITALOCEAN-ASN	GOOGLE-CLOUD-PLATFORM (AS396982)	1
crisolution.com	IS-AS-1 (AS19318)	1
GO-DADDY-COM-LLC	CLOUDFLARENET (AS13335)	1
PRIVATESYSTEMS	DIGITALOCEAN-ASN (AS14061)	1
linode.com	TRANSTELCO-INC (AS32098)	1
Akamai International B.V.	GRUPO LUMA SAS (AS269777)	1
net.mx	TUCOWS (AS15348)	1
dersal.mx	SOFTLAYER (AS36351)	1
oberberg-online.de	Oberberg-Online Informationssysteme GmbH (AS15415)	1
GOOGLE	Alibaba US Technology Co., Ltd. (AS45102)	1
mwebdns.de	M247 Europe SRL (AS9009)	1
bnc.info	DNS:NET Internet Service GmbH (AS15366)	1
Signet B.V.	TrueFullstaq B.V. (AS15703)	1
QUIC-CLOUD	A2HOSTING (AS55293)	1
colofon.mx	UNIFIEDLAYER-AS-1 (AS46606)	1
dnsnetwork.net	DFW-DATACENTER (AS30277)	1
metbio.mx	NETWORK-SOLUTIONS-HOSTING (AS19871)	1
SECURITYSERVICES	VNET a.s. (AS29405)	1
hivelocitydns.com	HVC-AS (AS29802)	1
stabletransit.com	LINKED STORE BRASIL CRIACAO E DESENVOL DE SOFTWARE (AS273584)	1
OVH SAS	SQUARESPACE (AS53831)	2
depechemode.mx	OVH SAS (AS16276)	1
stabletransit.com	Wix.com Ltd. (AS58182)	2
alojamientowebperu.net	Red Cientifica Peruana (AS3132)	1
servidoreswindows.com	DFW-DATACENTER (AS30277)	1
buscocasita.com	LEASEWEB-USA-WDC (AS30633)	2
MICROSOFT-CORP-MSN-AS-BLOCK	Universidad La Salle, AC (AS21603)	1
BUNNYWAY, informacijske storitve d.o.o.	Hostinger International Limited (AS47583)	1
inteek.mx	OVH SAS (AS16276)	1
TV Azteca, S.A.B. de C.V.	AMAZON-02 (AS16509)	1
aape.mx	AS17378 (AS17378)	1
genesis.mx	STEADFAST (AS32748)	1
afraid.org	AS-VULTR (AS20473)	1
pcdelnorte.mx	LIQUIDWEB (AS32244)	1
scientology.net	GOOGLE-CLOUD-PLATFORM (AS396982)	1
DIGITAL COMUNICATIONS DE MEXICO SA DE CV	DIGITALOCEAN-ASN (AS14061)	1
hegmexico.com	UNIFIEDLAYER-AS-1 (AS46606)	1
337-hostbox.net	UNIFIEDLAYER-AS-1 (AS46606)	1
cweb.hu	Enix Ltd (AS52148)	1
57.2	DIMENOC (AS33182)	1
hosting-mexico.net	LVLT-3549 (AS3549)	1
SAREnet, S.A.	FASTLY (AS54113)	1
SECURITYSERVICES	Ddos-guard Ltd (AS57724)	1
cablesespeciales.mx	LIQUIDWEB (AS32244)	1
Cloud DNS Ltd	TIER-NET (AS397423)	2
managed-ip.com	CLOUDFLARENET (AS13335)	1
albanetwork.cl	ENTEL CHILE S.A. (AS27651)	1
register.it	TRANSTELCO-INC (AS32098)	1
GMO Internet Group, Inc.	AMAZON-02 (AS16509)	1
SECURITYSERVICES	LIQUIDWEB (AS53824)	1
wiziup.net	COGENT-174 (AS174)	1
MICROSOFT-CORP-MSN-AS-BLOCK	Universidad Autonoma del Estado de Mexico (AS28526)	1
egregiesystems.com	UNIFIEDLAYER-AS-1 (AS46606)	1
ipm.mx	AMAZON-02 (AS16509)	1
europisos.mx	NETWORK-SOLUTIONS-HOSTING (AS19871)	1
markmonitor.com	AVAST Software s.r.o. (AS198605)	2
IONOS SE	Vautron Rechenzentrum AG (AS25504)	1
vca.mx	NETWORK-SOLUTIONS-HOSTING (AS19871)	1
Host Europe GmbH	Cosmored Puerto Vallarta S.A. de C.V. (AS265562)	1
ezdnscenter.com	HKBN Enterprise Solutions Limited (AS17444)	1
naturalista.mx	MICROSOFT-CORP-MSN-AS-BLOCK (AS8075)	1
BUNNYWAY, informacijske storitve d.o.o.	WorldStream B.V. (AS49981)	1
holbihost.com	OVH SAS (AS16276)	1
mywahosting.com	AMAZON-AES (AS14618)	1
lsccom.com	COGECO-PEER1 (AS13768)	1
grupoarmas.mx	UNIFIEDLAYER-AS-1 (AS46606)	2
HVC-AS	CLOUDFLARENET (AS13335)	1
biz-tec.mx	Triara.com S.A. de C.V. (AS19373)	1
tecnocom.mx	UNIFIEDLAYER-AS-1 (AS46606)	1
mundohost2.com	GEARHOST (AS40728)	1
saborfilms.mx	SSASN2 (AS20454)	1
ifix.mx	IONOS SE (AS8560)	1
SECURITYSERVICES	RELIABLESITE (AS23470)	1
Host Europe GmbH	CISCO-UMBRELLA (AS36692)	1
Host Europe GmbH	Webdock.io ApS (AS44803)	1
itacshosting.com	CLOUDFLARENET (AS13335)	1
xertog.com	Go-Trex Holding BV (AS199752)	1
daulab.mx	DIMENOC (AS33182)	1
e-digitalhosting.net	GOOGLE-CLOUD-PLATFORM (AS396982)	1
Host Europe GmbH	GTCOMM (AS36666)	1
bilsteinstore.mx	IONOS SE (AS8560)	1
norplex.no	Hetzner Online GmbH (AS24940)	1
Akamai International B.V.	La Roche Ltd. (AS2047)	1
antor.ws	NL-811-40021 (AS40021)	2
pointhq.com	AMAZON-02 (AS16509)	1
nine.ch	Nine Internet Solutions AG (AS29691)	1
coracyt.info	OVH SAS (AS16276)	2
necesitomi.com	NAMEHERO-KCDC (AS399250)	3
palkoui.com	IHNET (AS33494)	1
gob.mx	Sixsigma Networks Mexico, S.A. de C.V. (AS22908)	1
tequilaserver.com	DIGITALOCEAN-ASN (AS14061)	1
UNIFIEDLAYER-AS-1	Cloudflare London, LLC (AS209242)	1
DIGICERT	Mega Cable, S.A. de C.V. (AS13999)	1
IONOS SE	Host Europe GmbH (AS20773)	1
grundfos.com	Grundfos Holding A/s (AS31131)	1
com.br	Universo Online S.A. (AS7162)	1
SkyExchange Internet Access	Chinanet (AS4134)	1
GOOGLE-CLOUD-PLATFORM	AS-26496-GO-DADDY-COM-LLC (AS26496)	1
artdecora.mx	Hostinger International Limited (AS47583)	1
esolved.com	OVH SAS (AS16276)	1
aduanet.net	Alestra, S. de R.L. de C.V. (AS11172)	1
xpresshosting.com	AMAZON-AES (AS14618)	2
streamexico.tv	OVH SAS (AS16276)	1
portobellostreet.es	IONOS SE (AS8560)	1
nroute.de	TelemaxX Telekommunikation GmbH (AS12843)	1
scuda.mx	LIQUIDWEB (AS32244)	1
zmi.at	Zayo Infrastructure France SA (AS8218)	1
bah.com	CLOUDFLARENET (AS13335)	1
servidorwebmercadr.com	NETWORK-SOLUTIONS-HOSTING (AS19871)	1
com.my	AMAZON-02 (AS16509)	1
GOOGLE	Fastmail Pty Ltd (AS151847)	1
TIER-NET	GOOGLE-CLOUD-PLATFORM (AS396982)	1
INCAPSULA	GOOGLE-CLOUD-PLATFORM (AS396982)	1
berlleo.com	UNIFIEDLAYER-AS-1 (AS46606)	1
donhuayraoficial.com	CLOUDFLARENET (AS13335)	1
dgen.mx	STEADFAST (AS32748)	1
zoneedit.com	SQUARESPACE (AS53831)	1
guzman.mx	LIQUIDWEB (AS32244)	1
ecreativeworks.com	AMAZON-02 (AS16509)	1
suzukilastorres.mx	LIQUIDWEB (AS32244)	1
efectivate.com	UNIFIEDLAYER-AS-1 (AS46606)	1
cosisa.mx	IONOS SE (AS8560)	1
procesoadministrativo.mx	OVH SAS (AS16276)	1
morelosenweb.com	LINKED STORE BRASIL CRIACAO E DESENVOL DE SOFTWARE (AS273584)	1
mangiatutto.mx	IONOS SE (AS8560)	1
checkdomain.de	GOOGLE (AS15169)	1
SkyExchange Internet Access	Shanghai Blue Cloud Technology Co.,Ltd (AS58593)	1
cdmon.net	TOTAL PLAY TELECOMUNICACIONES SA DE CV (AS22884)	1
1101.mx	OVH SAS (AS16276)	1
dil.mx	Contabo GmbH (AS51167)	1
millennialsconsulting.mx	Cloudi Nextgen Sl (AS49635)	1
copydata.net	WII (AS32097)	1
DIGITALOCEAN-ASN	AS-VULTR (AS20473)	1
ANEXIA Internetdienstleistungs GmbH	FASTLY (AS54113)	1
dns-registros.com	GOOGLE-CLOUD-PLATFORM (AS396982)	1
sitiosweb-mx.com	NETWORK-SOLUTIONS-HOSTING (AS19871)	2
sicintegral.mx	LIQUIDWEB (AS32244)	1
infinitum.mx	Triara.com S.A. de C.V. (AS19373)	1
mangiocafeteria.com	UNIFIEDLAYER-AS-1 (AS46606)	1
hostlat.net	OVH SAS (AS16276)	1
27p.net	20i Limited (AS48254)	1
adan.guru	ONIAAS (AS40092)	1
co.uk	WebSupport s.r.o. (AS51013)	1
Triara.com S.A. de C.V.	JOESD-18501 (AS18501)	1
1984.is	GOOGLE-CLOUD-PLATFORM (AS396982)	1
yaxal.mx	NAMECHEAP-NET (AS22612)	1
unknown	AS-26496-GO-DADDY-COM-LLC (AS26496)	1
game4kstar.info	ORACLE-BMC-31898 (AS31898)	1
Host Europe GmbH	Iberwix Telecom S.l. (AS203936)	1
AMAZON-02	GRUPO INAN SPA (AS273091)	1
greening-group.mx	Trevenque Sistemas De Informacion S.l. (AS42220)	1
AMAZON-02	CRYSTALTECH (AS14992)	1
CLOUDFLARENET	23M GmbH (AS47447)	1
cicese.mx	C I C E S E (AS3640)	1
supremo-c155.com	UNIFIEDLAYER-AS-1 (AS46606)	1
aztecaservicios.mx	TV Azteca, S.A.B. de C.V. (AS16689)	1
petersonwebstudio.com	NETWORK-SOLUTIONS-HOSTING (AS19871)	1
GOOGLE	Xtudio Networks S.L.U. (AS60458)	1
HURRICANE	Contabo GmbH (AS51167)	1
abkam.mx	NETWORK-SOLUTIONS-HOSTING (AS19871)	4
IS-AS-1	GOOGLE-CLOUD-PLATFORM (AS396982)	1
nodesecure.com	IONOS SE (AS8560)	1
Host Europe GmbH	DRP CLOUD MEXICO SAPI DE CV (AS265618)	1
shockmedia.nl	Previder B.V. (AS20847)	1
publiteamweb.com	SERVERCENTRAL (AS23352)	1
too.mx	DIMENOC (AS33182)	1
gob.mx	Operbes, S.A. de C.V. (AS18734)	1
cloudns.net	TOTAL PLAY TELECOMUNICACIONES SA DE CV (AS17072)	1
mobitserver.com	UNIFIEDLAYER-AS-1 (AS46606)	1
stabletransit.com	RENDER (AS397273)	1
as63447.net	GOTEKKY (AS63447)	1
lamont.mx	LIQUIDWEB (AS32244)	1
CLOUDFLARENET	aurologic GmbH (AS30823)	1
tuviajefavorito.mx	IONOS SE (AS8560)	1
wznoc.com	GORILLASERVERS (AS53850)	1
DinaHosting S.L.	SQUARESPACE (AS53831)	1
grupodromi.com	NETWORK-SOLUTIONS-HOSTING (AS19871)	1
continum.net	Continum Ag (AS20849)	1
milvox.mx	NL-811-40021 (AS40021)	1
CLOUDFLARENET	Leaseweb Deutschland GmbH (AS28753)	1
markmonitor.com	LNH-INC (AS20021)	1
neubox.net	Alestra, S. de R.L. de C.V. (AS11172)	2
SECURITYSERVICES	Alphalink SASU (AS25540)	1
easydns.com	Akamai Connected Cloud (AS63949)	1
diazarias.mx	DIMENOC (AS33182)	1
apollohosting.com	BIZLAND-SD (AS29873)	1
novaram.net	Novaram ApS (AS34165)	1
SECURITYSERVICES	WHG Hosting Services Ltd (AS211126)	1
akkyhosting27.mx	Wix.com Ltd. (AS58182)	1
elstir.com	Server Plan S.r.l. (AS52030)	1
CLOUDFLARENET	BE DC Connect UK Limited (AS25577)	1
miboletodigital.mx	Alestra, S. de R.L. de C.V. (AS11172)	1
cafe24.com	Korea Telecom (AS4766)	1
aguilarsancheznotaria.com	UNIFIEDLAYER-AS-1 (AS46606)	1
telekom.at	Equinix (EMEA) Acquisition Enterprises B.V. (AS15830)	1
flwc.cc	CLOUDFLARENET (AS13335)	1
CLOUDFLARENET	FUSE-NET (AS6181)	1
covalia.mx	SERVERCENTRAL (AS23352)	1
fiba.mx	UNIFIEDLAYER-AS-1 (AS46606)	1
phdns20.es	Soluciones web on line s.l. (AS200960)	1
net.mx	WEEBLY (AS27647)	1
radiohosting.online	OVH SAS (AS16276)	1
softcompany.online	UNIFIEDLAYER-AS-1 (AS46606)	1
ugfischer.com	fischerwerke GmbH & Co. KG (AS207404)	1
hover.com	DIGITALOCEAN-ASN (AS14061)	1
tyam.mx	SOFTLAYER (AS36351)	1
crochetstores.mx	CLOUDFLARENET (AS13335)	1
lpmtr.net	DIGITALOCEAN-ASN (AS14061)	1
pluxhost.com	SERVERCENTRAL (AS23352)	1
UNIFIEDLAYER-AS-1	AMAZON-FC (AS62785)	1
bluecatdns.com	AMAZON-AES (AS14618)	1
CLOUDFLARENET	INTERNAP-BLOCK-4 (AS14744)	1
afraid.org	SHARKTECH (AS46844)	1
werner.mx	Lyse Tele (AS29695)	1
value-domain.com	GMO Internet Group, Inc. (AS7506)	1
level3.net	DIGICERT (AS16552)	2
eldefiar.com	LIMESTONENETWORKS (AS46475)	1
MAJESTIC-HOSTING-01	AMAZON-AES (AS14618)	1
Akamai International B.V.	Deutsche Telekom AG (AS3320)	1
mxtecnoimagen.com	GO-DADDY-COM-LLC (AS398101)	1
logie.technology	OVH SAS (AS16276)	2
Host Europe GmbH	HOSTHATCH (AS63473)	2
IONOS SE	adesso as a service GmbH (AS44152)	1
rackspace.com	Wix.com Ltd. (AS58182)	1
AS-VULTR	AS17378 (AS17378)	1
ukfast.net	Ans Academy Limited (AS61323)	1
myma-promos.com	UNIFIEDLAYER-AS-1 (AS46606)	1
com.mx	DATABANK-LATISYS (AS7226)	3
grupou.mx	OVH SAS (AS16276)	1
siseguro.mx	AS-COLOCROSSING (AS36352)	1
canterasmayas.mx	LIQUIDWEB (AS32244)	1
tomahost.net	OVH SAS (AS16276)	1
steadyturtle.com	LEVELONESERVERS (AS398395)	1
VITAL-DNS	COMCAST-7922 (AS7922)	1
OMNIS-ANYCAST-1	RMH-14 (AS33070)	1
lozano.tech	Wix.com Ltd. (AS58182)	1
realfix.mx	AS17378 (AS17378)	1
itgolearning.mx	Convex Internet Solutions (AS28589)	1
CLOUDFLARENET	DMIT (AS906)	1
flexbe.com	OVH SAS (AS16276)	1
ultahost.com	NAMECHEAP-NET (AS22612)	1
vacacioname.mx	IONOS SE (AS8560)	1
CLOUDFLARENET	MasterDC s.r.o. (AS24971)	2
q-pharma.net	IONOS SE (AS8560)	1
com.mx	WEBINT (AS11989)	1
NTHL	LINKED STORE BRASIL CRIACAO E DESENVOL DE SOFTWARE (AS273584)	1
unknown	LINKED STORE BRASIL CRIACAO E DESENVOL DE SOFTWARE (AS273584)	1
businessconnect.eu	Today Concepts B.V. (AS15693)	1
infinitysrv.com	SINGLEHOP-LLC (AS32475)	1
digitaljera.mx	GO-DADDY-COM-LLC (AS398101)	1
newtekwebhosting.com	CRYSTALTECH (AS14992)	1
AS17378	ADVIN (AS22295)	1
SECURITYSERVICES	VERITIV-ASN1 (AS398056)	1
fastsecureservers.com	HOSTP-LA (AS23273)	1
telaioagency.com	SOFTLAYER (AS36351)	1
concretostecnicos.mx	LIQUIDWEB (AS32244)	1
Network Information Center Mexico	IP Matrix, S.A. de C.V. (AS22566)	1
geeksolutions.cloud	A2HOSTING (AS55293)	1
crealibre.org	NETWORK-SOLUTIONS-HOSTING (AS19871)	1
servername.online	CLOUDFLARENET (AS13335)	1
fleetcor.com	INCAPSULA (AS19551)	1
DinaHosting S.L.	Cloudi Nextgen Sl (AS49635)	1
exsemed.mx	AS17378 (AS17378)	1
achichincle.net	FASTLY (AS54113)	1
diehl.com	DIEHL Informatik GmbH (AS25115)	1
suempresa.com	UNIFIEDLAYER-AS-1 (AS46606)	1
ORACLE-BMC-31898	AS-26496-GO-DADDY-COM-LLC (AS26496)	1
dedicateclickarapp.com	OVH SAS (AS16276)	1
teodns.com	Tencent Building, Kejizhongyi Avenue (AS132203)	1
ph-connect.me	Hetzner Online GmbH (AS24940)	1
nexhd.com	OVH SAS (AS16276)	1
aut.mx	LIQUIDWEB (AS32244)	1
AS17378	ORACLE-BMC-31898 (AS31898)	2
protecmx.net	UNIFIEDLAYER-AS-1 (AS46606)	1
vis-hosting.com	OVH SAS (AS16276)	1
unenetworks.net	AMAZON-02 (AS16509)	1
cronon.de	Strato GmbH (AS6724)	1
MMC	MMC (AS17161)	1
NETWORK-SOLUTIONS-HOSTING	COEFICIENTE COMUNICACIONES (AS265524)	1
IONOS SE	Mittwald CM Service GmbH & Co. KG (AS15817)	1
drsimi.com	Farmacias de Similares S.A de C.V (AS28421)	2
IFX18747	IFX18747 (AS18747)	1
ACEHOST	CLOUDFLARENET (AS13335)	1
planethoster.net	HVC-AS (AS29802)	1
planetanatura.mx	CLOUDFLARENET (AS13335)	1
promoventus.com	AS17378 (AS17378)	1
pandapools.mx	NL-811-40021 (AS40021)	1
CLOUDFLARENET	Corpex Internet GmbH (AS39227)	1
lozanoyasociados.mx	LIQUIDWEB (AS32244)	1
prepagomexico.mx	Alestra, S. de R.L. de C.V. (AS11172)	1
oikos.mx	Alestra, S. de R.L. de C.V. (AS11172)	1
bienestarcarso.mx	Triara.com S.A. de C.V. (AS19373)	1
hertz.com	AMAZON-02 (AS16509)	1
sse-ns.com	TrueFullstaq B.V. (AS15703)	1
cazalo.mx	GO-DADDY-COM-LLC (AS398101)	1
Domain names registrar REG.RU, Ltd	DIGITALOCEAN-ASN (AS14061)	1
srgisazu1-1141.	MICROSOFT-CORP-MSN-AS-BLOCK (AS8075)	1
exoscale.ch	Akenes SA (AS61098)	1
whc.ca	AMAZON-02 (AS16509)	1
ewetel.de	Mittwald CM Service GmbH & Co. KG (AS15817)	1
fastervps.com	UNIFIEDLAYER-AS-1 (AS46606)	2
Akamai International B.V.	Massive Media Match NV (AS41471)	1
caifan.mx	CONSORTIA TIC S. DE R.L. DE C.V. (AS265556)	1
unlimitedhostinghub.com	Awareness Software Limited (AS34931)	1
redestel.com	Redestel Networks S.L. (AS8311)	1
CLOUDFLARENET	High Family Technology Co., Limited (AS142032)	1
UNIFIEDLAYER-AS-1	DREAMHOST-AS (AS26347)	1
besttours.mx	IONOS SE (AS8560)	1
cleverdot.com	AS-KGIX (AS53861)	1
infopime.com	IONOS SE (AS8560)	1
stabletransit.com	Hetzner Online GmbH (AS213230)	1
Triara.com S.A. de C.V.	Tu Casa Inalambrica de Mexico (AS263157)	1
OVH SAS	Cloudflare London, LLC (AS209242)	1
fherdezsoft.net	AMAZON-02 (AS16509)	1
edgeuno.com	EDGEUNO S.A.S (AS7195)	1
VITAL-DNS	10dencehispahard, S.L. (AS197712)	1
negonet.biz	DIGITALOCEAN-ASN (AS14061)	1
CLOUDFLARENET	Eduardo Denis Tanase (AS214340)	1
MICROSOFT-CORP-MSN-AS-BLOCK	COLOGIX-FL (AS46672)	1
Host Europe GmbH	Clouvider Limited (AS62240)	1
rozer.mx	LIQUIDWEB (AS32244)	1
stahlwerks.mx	LIQUIDWEB (AS32244)	1
ns-net.de	PlusServer GmbH (AS61157)	1
GANDI SAS	CLOUDWEBMANAGE-SC (AS396948)	1
Akamai International B.V.	NUEVA WAL MART DE MEXICO (AS28551)	1
NUCDN	Lyntia Networks S.A. (AS8903)	1
sinapsisconsulting.mx	WEBINT (AS11989)	1
opticaprofessional.mx	CLOUDFLARENET (AS13335)	1
ipcom GmbH	THEROCKETSCIENCEGROUP (AS14782)	1
outdns.net	PRIVATESYSTEMS (AS63410)	1
Safenames Ltd.	OPENTEXT-NA-CA-1 (AS16751)	1
linode.com	Mega Cable, S.A. de C.V. (AS262916)	1
ipares.mx	AS17378 (AS17378)	1
Network Information Center Mexico	GOOGLE-2 (AS19527)	1
miahotelsandresorts.com	NETWORK-SOLUTIONS-HOSTING (AS19871)	1
magdalenajalisco.mx	CLOUDFLARENET (AS13335)	1
udes.mx	IS-AS-1 (AS19318)	1
CLOUDFLARENET	Locaweb Servicos de Internet SA (AS27715)	1
grdns.cz	MICROSOFT-CORP-MSN-AS-BLOCK (AS8075)	1
www3.	CLOUDFLARENET (AS13335)	1
webhostinghub.com	CLOUDFLARENET (AS13335)	2
prodonsa.info	HOPONE-GLOBAL (AS14361)	1
Cloud DNS Ltd	AMAZON-AES (AS14618)	1
SECURITYSERVICES	ASN1 (AS1414)	1
ifixit.mx	IONOS SE (AS8560)	1
GANDI SAS	AS-26496-GO-DADDY-COM-LLC (AS26496)	1
AMAZON-02	DLR-SEATTLE (AS53939)	1
buenalinea.mx	OVH SAS (AS16276)	1
ecoclub.mx	Contabo GmbH (AS51167)	1
AMAZON-02	Contabo Asia Private Limited (AS141995)	1
Host Europe GmbH	TEKTONIC (AS55045)	1
OVH SAS	GO-DADDY-COM-LLC (AS398787)	1
ineval.mx	AS40676 (AS40676)	1
neo-online.mx	AS17378 (AS17378)	1
imls.mx	GO-DADDY-COM-LLC (AS398787)	1
mgmx.mx	UNIFIEDLAYER-AS-1 (AS46606)	1
dnsneu.net	AS17378 (AS17378)	1
portal-grupotecno.com	UNIFIEDLAYER-AS-1 (AS46606)	1
mdnsservice.com	Hostinger International Limited (AS47583)	1
AUTOMATTIC	GOOGLE-CLOUD-PLATFORM (AS396982)	1
raicesdechiapas.mx	APYLI-AS (AS53628)	1
AMERITECH-AS	AT&T COMUNICACIONES DIGITALES S DE RL (AS28469)	1
Akamai International B.V.	IONOS SE (AS8560)	1
rehau.com	REHAU Industries SE & Co. KG (AS204138)	1
cisinet.com	UNIFIEDLAYER-AS-1 (AS46606)	1
SECURITYSERVICES	IMH-IAD (AS54641)	1
sitelutions.com	AMAZON-AES (AS14618)	1
selloshidraulicos.mx	LIQUIDWEB (AS32244)	1
servidoresadmin.com	Hetzner Online GmbH (AS24940)	1
CLOUDFLARENET	Ddos-guard Ltd (AS57724)	2
travellero.org	SEEWEB s.r.l. (AS12637)	1
cazadigital.mx	NETWORK-SOLUTIONS-HOSTING (AS19871)	1
schwab.com	AMAZON-02 (AS16509)	1
bienesonline.com	PRIVATESYSTEMS (AS63410)	1
nhl-data.dk	GlobalConnect A/S (AS31027)	1
web4u.cz	AMAZON-02 (AS16509)	1
webxaa.com	AMAZON-02 (AS16509)	2
flydesarrollo.net	NL-811-40021 (AS40021)	1
Host Europe GmbH	Todo En Cloud Sl (AS201346)	1
lyenzo.mx	IONOS SE (AS8560)	1
daa-sc.com	MULTA-ASN1 (AS35916)	1
xango.mx	AMAZON-02 (AS16509)	1
shantispadepaz.mx	UNIFIEDLAYER-AS-1 (AS46606)	1
lanubevirtual.eu	Aire Networks Del Mediterraneo Sl Unipersonal (AS60494)	1
vecti.mx	SOFTLAYER (AS36351)	1
IFX18747	Cloudflare London, LLC (AS209242)	1
mejoresempresasmexicanas.mx	Mexico Red de Telecomunicaciones, S. de R.L. de C.V. (AS13591)	1
GANDI SAS	SURF B.V. (AS1103)	1
sprux.com	TZULO (AS11878)	1
delmich.mx	AS17378 (AS17378)	1
LIQUIDWEB	UNINET (AS8151)	1
BCC-65-182-96-0-PHX	CLOUDFLARENET (AS13335)	1
zignia.mx	Todito.com S.A. de C.V. (AS19259)	1
smart-cast.mx	LIQUIDWEB (AS32244)	1
SECURITYSERVICES	DMNL-ASN-01 (AS401348)	1
com.mx	TELECOMUNICACIONES DIVERSIFICADAS, S.A. DE C.V. (AS265534)	1
ipcom GmbH	AMAZON-AES (AS14618)	1
maridi.mx	AS-30083-US-VELIA-NET (AS30083)	1
ipcom GmbH	NL-811-40021 (AS40021)	1
Host Europe GmbH	CONNECTRIA-ASN-1 (AS11734)	1
dotblock.com	DREAMHOST-AS (AS26347)	1
dnspod.net	IT7NET (AS25820)	1
xyndex.mx	OVH SAS (AS16276)	1
Domain names registrar REG.RU, Ltd	JSC IOT (AS29182)	1
namesrv.ch	Hetzner Online GmbH (AS24940)	2
mrcdinstrumentos.mx	MICROSOFT-CORP-MSN-AS-BLOCK (AS8075)	1
gisrvr.com	SERVERCENTRAL (AS23352)	1
simuladorib.com	UNIFIEDLAYER-AS-1 (AS46606)	1
hosters.es	NIXVAL (AS13287)	1
outletmx.net	CLOUDFLARENET (AS13335)	1
aqt.mx	UNIFIEDLAYER-AS-1 (AS46606)	1
denial.cl	IRONSERVERS E.I.R.L (AS52511)	1
Triara.com S.A. de C.V.	SAS Kalanda (AS61047)	1
myrconsa.mx	LIQUIDWEB (AS32244)	1
administrator.no	SQUARESPACE (AS53831)	1
bitsness.mx	Akamai Connected Cloud (AS63949)	1
DIMENOC	GOOGLE (AS15169)	1
covirsa.mx	AS17378 (AS17378)	1
eolas.fr	FASTLY (AS54113)	1
IONOS SE	WEBYNE DATA CENTRE PRIVATE LIMITED (AS151734)	1
NETWORK-SOLUTIONS-HOSTING	Globalconnect As (AS2116)	1
santeco.mx	AMAZON-02 (AS16509)	1
PRIVATESYSTEMS	GOOGLE-CLOUD-PLATFORM (AS396982)	1
chulel.mx	GO-DADDY-COM-LLC (AS398101)	1
markmonitor.com	FASTLY (AS54113)	1
ipmirror.com	EPAG Domainservices GmbH (AS12915)	1
grupovisual.mx	IONOS SE (AS8560)	1
dosele.mx	LIQUIDWEB (AS32244)	1
centroasturianodemexico.mx	GO-DADDY-COM-LLC (AS398101)	1
CLOUDFLARENET	GITHUB (AS36459)	1
coemsaestructuras.mx	LIQUIDWEB (AS32244)	1
GOOGLE	UUNET (AS701)	1
tuspa.mx	IONOS SE (AS8560)	1
CLOUDFLARENET	AECP-AS (AS27482)	1
AMAZON-02	MCL Internet (AS10778)	1
anderrezdesign.com	NAMECHEAP-NET (AS22612)	1
QUIC-CLOUD	SERVERCENTRAL (AS23352)	2
webhostingireland.ie	Blacknight Internet Solutions Limited (AS39122)	1
codias.com	AS17378 (AS17378)	1
hoster902.com	ICDSoft Ltd. (AS8739)	1
unacar.mx	UNINET (AS8151)	1
CLOUDFLARENET	RBA CATV SA DE CV (AS265549)	1
rackspace.com	Redes y Comunicaciones de Michoacan S.A. de C.V. (AS263127)	1
otli.mx	ONIAAS (AS40092)	1
Triara.com S.A. de C.V.	DATABANK-LATISYS (AS7226)	1
NUCDN	Hostinger International Limited (AS47583)	1
SkyExchange Internet Access	FASTLY (AS54113)	1
co.za	Contabo GmbH (AS51167)	1
evolutio.es	GOOGLE-CLOUD-PLATFORM (AS396982)	1
ICDSoft Ltd.	Wix.com Ltd. (AS58182)	1
Aruba S.p.A.	SEEWEB s.r.l. (AS12637)	1
mediaocean.com	MEDIAOCEAN (AS26057)	1
SINGLEHOP-LLC	SQUARESPACE (AS53831)	1
CLOUDFLARENET	YISU CLOUD LTD (AS138152)	1
AMAZON-02	NTT PC Communications, Inc. (AS2514)	1
MICROSOFT-CORP-MSN-AS-BLOCK	PINNACLEBANK (AS394336)	1
ATT-INTERNET4	LIQUIDWEB (AS32244)	1
microrad.net	INMOTION (AS22611)	1
elementocero.net	UNIFIEDLAYER-AS-1 (AS46606)	1
LIQUIDWEB	Akamai Connected Cloud (AS63949)	1
compratuautoya.mx	LIQUIDWEB (AS32244)	1
MAJESTIC-HOSTING-01	ORACLE-BMC-31898 (AS31898)	1
SECURITYSERVICES	Signet B.V. (AS35470)	1
OVH SAS	Contabo GmbH (AS51167)	1
horeca.mx	UNIFIEDLAYER-AS-1 (AS46606)	1
waimao.us	NETEASE HONG KONG LIMITED (AS137263)	1
Host Europe GmbH	LEASEWEB-USA-SFO (AS7203)	1
slackware.mx	Scaleway S.a.s. (AS12876)	1
com.mx	COORDINADORA DE CARRIERS, S.A. DE C.V. (AS19332)	1
grupocng.mx	IONOS SE (AS8560)	1
mmasni.com	AS17378 (AS17378)	1
mervins.mx	A2HOSTING (AS55293)	1
lemadcapital.mx	LIQUIDWEB (AS32244)	1
copydatait.com	WII (AS32097)	1
MICROSOFT-CORP-MSN-AS-BLOCK	HVC-AS (AS29802)	1
AMAZON-02	KINX (AS9286)	1
suempresa.com	Hostinger International Limited (AS47583)	1
dnspromaster.com	Host Europe GmbH (AS21499)	1
wapp.mx	IWEB-AS (AS32613)	1
partymanager.mx	GO-DADDY-COM-LLC (AS398101)	1
diavolops.com	SERVERCENTRAL (AS23352)	1
nyda.mx	NETWORK-SOLUTIONS-HOSTING (AS19871)	1
GOOGLE	Florian Kolb (AS58087)	1
eks-solutions.com	AMAZON-02 (AS16509)	1
servidorescapse1.in	IONOS SE (AS8560)	1
medicalbridge.mx	AS17378 (AS17378)	1
muchaspartes.mx	LIQUIDWEB (AS32244)	1
msj.mx	GOOGLE-CLOUD-PLATFORM (AS396982)	1
CLOUDFLARENET	Grupo Hostit SAS (AS199751)	1
ilimit.net	Cloudi Nextgen Sl (AS49635)	1
cscudns.com	SECURITYSERVICES (AS12008)	1
afraid.org	DATABANK-DFW (AS13767)	1
vspain.net	IONOS SE (AS8560)	1
isolve.mx	UNIFIEDLAYER-AS-1 (AS46606)	1
upmx.mx	Axtel, S.A.B. de C.V. (AS6503)	2
dinamicademercados.mx	LIQUIDWEB (AS32244)	1
spx.com	GOOGLE-CLOUD-PLATFORM (AS396982)	1
redirect.host	Gransy s.r.o. (AS60592)	1
DIMENOC	Mega Cable, S.A. de C.V. (AS13999)	1
floreriamty.com	UNIFIEDLAYER-AS-1 (AS46606)	1
massif.mx	IS-AS-1 (AS19318)	1
camppro.mx	CLOUDFLARENET (AS13335)	1
ORACLE-BMC-31898	Triara.com S.A. de C.V. (AS19373)	1
prosoftware.mx	GOOGLE-CLOUD-PLATFORM (AS396982)	1
sccrm.mx	CWIE (AS19181)	1
exagono.net	AMAZON-AES (AS14618)	1
compartamos.com	Sixsigma Networks Mexico, S.A. de C.V. (AS22011)	1
intermax.nl	Intermax Group B.V. (AS24586)	1
IONOS SE	PEGASO PCS (AS7438)	2
plazafiestaarboledas.mx	OVH SAS (AS16276)	1
hostgator.com	Scaleway S.a.s. (AS12876)	1
akkyhosting7.mx	SQUARESPACE (AS53831)	1
sistemasdemexico.com	OVH SAS (AS16276)	1
mictlanix.net	ENZUINC (AS18978)	1
SECURITYSERVICES	Springer Nature B.V. (AS211769)	1
greeningi.mx	Trevenque Sistemas De Informacion S.l. (AS42220)	1
lorotechh.mx	AS17378 (AS17378)	1
SAREnet, S.A.	Soluciones Corporativas IP, SL (AS57910)	1
NSONE	A2HOSTING (AS55293)	1
cloudunificado.com	Panda Security S.l. (AS50335)	1
AMAZON-02	Tencent Building, Kejizhongyi Avenue (AS132203)	1
queretarotv.mx	AS17378 (AS17378)	1
sit-mexico.com	LEASEWEB-USA-WDC (AS30633)	1
ANEXIA Internetdienstleistungs GmbH	CTCA1336 (AS13516)	1
hosting.de	Hosting.de GmbH (AS12574)	1
WEBNX	Wix.com Ltd. (AS58182)	1
PRIVATESYSTEMS	NETWORK-SOLUTIONS-HOSTING (AS19871)	1
gransy.com	VSHosting s.r.o. (AS43541)	1
inmotionhosting.com	NL-811-40021 (AS40021)	1
Triara.com S.A. de C.V.	LIQUIDNETLTD1 (AS14555)	1
HURRICANE	UNIFIEDLAYER-AS-1 (AS46606)	1
site4now.net	AMAZON-02 (AS16509)	1
ATT-INTERNET4	ROGERS-COMMUNICATIONS (AS812)	1
duplika.com	CLOUDFLARENET (AS13335)	1
diazsalazaryasociados.mx	IONOS SE (AS8560)	1
serwer.mx	OVH SAS (AS16276)	1
Host Europe GmbH	CYBOLT MANAGED SERVICES S.A. de C.V. (AS28454)	1
technocool.mx	IONOS SE (AS8560)	1
GOOGLE	Tu Casa Inalambrica de Mexico (AS263157)	1
Host Europe GmbH	MACST-VEGAS (AS395337)	1
consejagri.mx	OVH SAS (AS16276)	1
webhostingpremium.com	GORILLASERVERS (AS53850)	1
gbc.gmbh	Hetzner Online GmbH (AS24940)	1
NSONE	GO-DADDY-COM-LLC (AS400754)	1
banjecel.mx	UNINET (AS8151)	1
hostry.host	Webzilla B.V. (AS35415)	1
lacybird.mx	Ddos-guard Ltd (AS57724)	1
marques.mx	GO-DADDY-COM-LLC (AS398101)	1
hostnet.nl	Triple IT BV (AS50295)	1
CLOUDFLARENET	LG DACOM Corporation (AS3786)	1
Host Europe GmbH	COLOMBIA TELECOMUNICACIONES S.A. ESP BIC (AS3816)	1
MICROSOFT-CORP-MSN-AS-BLOCK	Megacable Comunicaciones de Mexico, S.A. de C.V. (AS14178)	1
eurekaenlinea.com	UNIFIEDLAYER-AS-1 (AS46606)	1
CLOUDFLARENET	The Infrastructure Group B.V. (AS60404)	1
xmegatravel.com	AMAZON-02 (AS16509)	1
linode.com	Internet Engine, S.A. de C.V. (AS14249)	1
garibaymkt.net	SERVERCENTRAL (AS23352)	1
itrsecurity.mx	AS17378 (AS17378)	2
MICROSOFT-CORP-MSN-AS-BLOCK	recast IT GmbH & Co. KG (AS51906)	1
Sixsigma Networks Mexico, S.A. de C.V.	NETWORK-SOLUTIONS-HOSTING (AS19871)	1
construlita.com	HVC-AS (AS29802)	1
grupoarg.mx	Alestra, S. de R.L. de C.V. (AS11172)	1
NSONE	Xtra Telecom S.A. (AS15704)	1
nacerdenuevo.mx	IONOS SE (AS8560)	1
bitsness.net	Akamai Connected Cloud (AS63949)	1
cidec.mx	GOOGLE-CLOUD-PLATFORM (AS396982)	1
kebirhost.com	Hetzner Online GmbH (AS24940)	1
intoto.net	Signet B.V. (AS35470)	1
3dsn.net	3DS-AS01 (AS396422)	1
studiophi.biz	LIQUIDWEB (AS32244)	1
cemeni.mx	LIQUIDWEB (AS32244)	1
it.net	Reevo S.p.A. (AS3242)	1
partnerlive.mx	HVC-AS (AS29802)	1
incomm.com	AS26224 (AS26224)	1
payspei.com	OVH SAS (AS16276)	1
pcmloscabos.net	Hetzner Online GmbH (AS212317)	1
ns14.net	Artfiles New Media GmbH (AS8893)	1
Host Europe GmbH	AltusHost B.V. (AS51430)	1
residencialsangil.com	UNIFIEDLAYER-AS-1 (AS46606)	1
vidr.mx	IONOS SE (AS8560)	1
com.pl	Netlink Sp. z o o (AS34324)	1
VITAL-DNS	DIMENOC (AS33182)	2
serverhost.name	LEASEWEB-USA-WDC (AS30633)	1
QUIC-CLOUD	FIBERSTATE (AS26042)	1
IONOS SE	IS-AS-1 (AS19318)	1
Safenames Ltd.	RACKSPACE (AS19994)	1
icondns.com	SS-ASH (AS19437)	1
idmediaserver.com	GO-DADDY-COM-LLC (AS398101)	1
livra.mx	UNIFIEDLAYER-AS-1 (AS46606)	1
dace.mx	HVC-AS (AS29802)	1
aw-consultancy.de	Hetzner Online GmbH (AS24940)	1
tam.mx	SQUARESPACE (AS53831)	1
CLOUDFLARENET	OXNET (AS21547)	1
impactsolutions.mx	UNIFIEDLAYER-AS-1 (AS46606)	2
inmoindigo.mx	MICROSOFT-CORP-MSN-AS-BLOCK (AS8075)	1
ich-5.com	SINGLEHOP-LLC (AS32475)	1
eyecandyhosting.xyz	PRIVATESYSTEMS (AS63410)	2
khomp.com	MICROSOFT-CORP-MSN-AS-BLOCK (AS8075)	1
densenada.com	UNIFIEDLAYER-AS-1 (AS46606)	1
solucionesweb.mx	NETSOURCE (AS22458)	1
afraid.org	AMAZON-02 (AS16509)	1
sagrantino.mx	OVH SAS (AS16276)	1
spmexico.mx	AS-30083-US-VELIA-NET (AS30083)	1
nutricioncanis.com	UNIFIEDLAYER-AS-1 (AS46606)	1
dnsinetglobal.com	Hetzner Online GmbH (AS24940)	1
sollie.nl	Serverius Holding B.V. (AS50673)	1
SECURITYSERVICES	Gigaclear Limited (AS56329)	1
dnshostingperte.it	Reevo S.p.A. (AS3242)	2
resellerinterface.de	CSC (AS19574)	1
CLOUDFLARENET	SQUIXA PTY LIMITED (AS136133)	1
elmayorista.site	UNIFIEDLAYER-AS-1 (AS46606)	1
wexpi.com	NETWORK-SOLUTIONS-HOSTING (AS19871)	1
cdnetdns.net	SMCUSA-ASN1 (AS54896)	1
westhost.com	20i Limited (AS48254)	1
clicksouth.net	WEEBLY (AS27647)	1
fiestamagica.mx	Host Europe GmbH (AS21499)	1
SECURITYSERVICES	Zen Internet Ltd (AS13037)	1
sciudy.mx	UNIFIEDLAYER-AS-1 (AS46606)	1
nselite.com	UNINET (AS8151)	1
eapps.com	CLOUDFLARENET (AS13335)	1
Alestra, S. de R.L. de C.V.	Servicios Administrados Mexis, S.A. de C.V. (AS8007)	1
alhandra.mx	IONOS SE (AS8560)	1
alfahosting.info	dogado GmbH (AS45012)	1
orbisit.mx	OVH SAS (AS16276)	1
asdf456.com	SERVERPOINT (AS26277)	1
IONOS SE	PROFITBRICKS-USA (AS54548)	1
wrp.mx	Alestra, S. de R.L. de C.V. (AS11172)	1
europeart.es	netcup GmbH (AS197540)	1
linuxred.mx	INFOLINK-MIA (AS15083)	1
academex.mx	UNIFIEDLAYER-AS-1 (AS46606)	1
photonhost.com	AS-30083-US-VELIA-NET (AS30083)	2
e-mind.com	TIM (AS20746)	1
dnsov.com	WII (AS32097)	1
NSONE	PRIVATESYSTEMS (AS63410)	1
GOOGLE	Telepoint Ltd (AS31083)	1
ti-consultoria.com	Hetzner Online GmbH (AS24940)	1
nominalia.com	Vodafone Ono, S.A. (AS6739)	1
adine.mx	IS-AS-1 (AS19318)	1
paseosdelbosque.mx	OVH SAS (AS16276)	1
AMAZON-02	NL-811-40021 (AS40021)	1
plazajuarez.mx	SUCURI-SEC (AS30148)	1
plantaplan.mx	IONOS SE (AS8560)	1
mindbaz.net	AMAZON-02 (AS16509)	1
serv-web-vall.	UNINET (AS8151)	1
lagala.mx	IONOS SE (AS8560)	1
interfactura.com	NETWORK-SOLUTIONS-HOSTING (AS19871)	1
IONOS SE	Host Europe GmbH (AS34011)	1
ispgestion.mx	Aire Networks Del Mediterraneo Sl Unipersonal (AS60494)	1
Network Information Center Mexico	EL PODER DE INTERNET (AS265611)	1
Deutsche Telekom AG	T-Systems International GmbH (AS6878)	1
ssima.mx	SERVERCENTRAL (AS23352)	1
davidchavez.digital	UNIFIEDLAYER-AS-1 (AS46606)	1
50webs.com	LIQUIDNETLTD1 (AS14555)	1
afraid.org	TWC-11427-TEXAS (AS11427)	1
exnor.ro	CLAUS WEB srl (AS203053)	1
scw.cloud	Scaleway S.a.s. (AS12876)	2
AMAZON-02	PONYNET (AS53667)	1
seekahost.net	OVH SAS (AS16276)	1
mijn.host	Voxility LLP (AS3223)	1
com.tw	GOOGLE-CLOUD-PLATFORM (AS396982)	1
gcombiomex.mx	SOFTLAYER (AS36351)	1
Network Information Center Mexico	CYBERCON (AS7393)	1
AS17378	TRANSTELCO-INC (AS32098)	1
fisan.mx	AS17378 (AS17378)	1
meganoticias.net	HVC-AS (AS29802)	1
net.mx	DREAMHOST-AS (AS26347)	1
Host Europe GmbH	ENI NETWORKS SAPI de CV (AS28409)	1
server270.com	ICDSoft Ltd. (AS8739)	1
compartamos.com	INCAPSULA (AS19551)	1
sevenit.biz	Neue Medien Muennich GmbH (AS34788)	1
bamboo.mx	IONOS SE (AS8560)	1
plazahost.net	CLOUDFLARENET (AS13335)	1
interland.net	NETWORK-SOLUTIONS-HOSTING (AS19871)	1
SECURITYSERVICES	Telmex Chile Internet S.A. (AS6429)	1
covax.mx	UK-2 Limited (AS13213)	1
GOOGLE	AKAMAI-AS (AS16625)	1
hotelnuevovallarta.com	NETWORK-SOLUTIONS-HOSTING (AS19871)	1
cluon.com	GANDI SAS (AS29169)	1
nepustil.de	Dr.-Ing. Nepustil & Co. GmbH Internet Service Center Ingenieurgesellschaft fuer Systemsoftwa (AS12502)	1
cloudssk.com	IONOS SE (AS8560)	1
CLOUDFLARENET	Aspa Cloud Sl (AS202207)	1
cloudns.net	G-Core Labs S.A. (AS202422)	1
cloudns.net	BIGCOMMERCE (AS399566)	1
perf1.com	UNIFIEDLAYER-AS-1 (AS46606)	1
netspan.ch	OVH SAS (AS16276)	1
gwtc.mx	Alestra, S. de R.L. de C.V. (AS11172)	1
Host Europe GmbH	GLOBAL-IP-NETWORKS (AS7819)	1
Host Europe GmbH	Faelix Limited (AS41495)	1
sppel.mx	Mega Cable, S.A. de C.V. (AS262916)	1
dhjmgc.mx	LIQUIDWEB (AS32244)	1
Host Europe GmbH	INTERNAP-BLOCK-4 (AS14742)	1
Soluciones Corporativas IP, SL	IONOS SE (AS8560)	1
opensolutions.mx	Television Internacional, S.A. de C.V. (AS11888)	1
carrillolab.mx	DIMENOC (AS33182)	1
domserver.de	NetCologne Gesellschaft fur Telekommunikation mbH (AS8422)	1
santafevirtual.mx	UNIFIEDLAYER-AS-1 (AS46606)	1
EDNS	FASTLY (AS54113)	1
arte-digital.mx	UNIFIEDLAYER-AS-1 (AS46606)	1
neurs.info	Hostinger International Limited (AS47583)	1
nettchie.com	AMAZON-02 (AS16509)	1
Soluciones Corporativas IP, SL	DIGITALOCEAN-ASN (AS14061)	1
register.it	BT Italia S.p.A. (AS8968)	1
clicner.com	CYBERWEB NETWORKS LTDA (AS28299)	1
pro1.mx	NOCIX (AS33387)	1
telaioserver.com	CLOUDFLARENET (AS13335)	1
tellgroup.mx	GO-DADDY-COM-LLC (AS398101)	1
Triara.com S.A. de C.V.	WEBNX (AS18450)	2
xmr.mx	SIA VEESP (AS43317)	1
CLOUDFLARENET	NDCHOST (AS33322)	1
Network Information Center Mexico	GO-DADDY-COM-LLC (AS398787)	1
CLOUDFLARENET	NOCTURNAL (AS63229)	1
ipcom GmbH	Vodafone Libertel B.V. (AS33915)	1
solucionespracticas.mx	IONOS SE (AS8560)	1
ipcom GmbH	FD-298-8796 (AS8796)	1
afraid.org	IOFLOOD (AS53755)	1
ultraadvance3.mx	LIQUIDWEB (AS32244)	1
acantho.net	CLOUDFLARENET (AS13335)	1
gseguros.mx	Alestra, S. de R.L. de C.V. (AS11172)	1
CLOUDFLARENET	COEFICIENTE COMUNICACIONES (AS265524)	1
Triara.com S.A. de C.V.	HWSERVICES-32400 (AS32400)	1
odelofarba.mx	A1 Bulgaria EAD (AS8717)	1
istesa.mx	OVH SAS (AS16276)	1
CLOUDFLARENET	Yandex.Cloud LLC (AS200350)	1
elenlace.com	DIMENOC (AS33182)	1
resumen.mx	Hostinger International Limited (AS47583)	1
kadima.mx	LIQUIDWEB (AS32244)	1
alegrialoteria.mx	UNINET (AS8151)	1
mayanis.com	UNIFIEDLAYER-AS-1 (AS46606)	1
solucionestecnologicas.mx	WIIT AG (AS24961)	1
silhu.mx	DIGITALOCEAN-ASN (AS14061)	1
neubox.net	AUTOMATTIC (AS2635)	1
scriptcase.host	OVH SAS (AS16276)	1
lineadns.com	CLOUDFLARENET (AS13335)	1
suggiero.info	OVH SAS (AS16276)	1
BIZLAND-SD	NetActuate, Inc (AS63911)	1
AS17378	Alibaba US Technology Co., Ltd. (AS45102)	1
Host Europe GmbH	Pulsant (Scotland) Ltd (AS12703)	1
elportal.mx	IONOS SE (AS8560)	1
MICROSOFT-CORP-MSN-AS-BLOCK	Operbes, S.A. de C.V. (AS18734)	1
keurigonline.be	Signet B.V. (AS20857)	1
ZONER a.s.	VSHosting s.r.o. (AS43541)	1
cmmionline.mx	UNIFIEDLAYER-AS-1 (AS46606)	1
name-services.com	MICROSOFT-CORP-MSN-AS-BLOCK (AS8075)	1
CLOUDFLARENET	GIGASNET-AS (AS27640)	1
hosting-mexico.net	UNINET (AS8151)	1
Deutsche Telekom AG	Host Europe GmbH (AS20773)	1
cdmon.net	ENTEL CHILE S.A. (AS27651)	1
ciateq.mx	UNINET (AS8151)	1
nameshield.net	AMAZON-AES (AS14618)	1
Network Information Center Mexico	HOSTCOLLECTIVE (AS14415)	1
space.net	1&1 Versatel Deutschland GmbH (AS8881)	1
imcmexico.com	LIQUIDWEB (AS32244)	1
MICROSOFT-CORP-MSN-AS-BLOCK	CEGID S.A. (AS47820)	1
mitalteli.com	Convex Internet Solutions (AS28589)	1
com.mx	RCN-AS (AS6079)	1
tusprofesionales.com	Abansys & Hostytec, S.L. (AS196713)	1
akkyhosting22.mx	CLOUDFLARENET (AS13335)	1
tiny.mx	IONOS SE (AS8560)	1
com.mx	AS-26496-GO-DADDY-COM-LLC (AS26496)	1
cosum.mx	IONOS SE (AS8560)	1
CLOUDFLARENET	Hostek AB (AS61207)	1
NAMECHEAP-NET	AMAZON-AES (AS14618)	1
ROLLERNETWORK	GOOGLE-CLOUD-PLATFORM (AS396982)	1
recopilaciondedatos.com	SERVERCENTRAL (AS23352)	1
cloudns.io	Real Hosts Limited (AS39458)	1
sistematlan.com	UNIFIEDLAYER-AS-1 (AS46606)	1
xidotec.com	UNIFIEDLAYER-AS-1 (AS46606)	1
Megacable Comunicaciones de Mexico, S.A. de C.V.	GOOGLE-CLOUD-PLATFORM (AS396982)	1
thosteo.com	SINGLEHOP-LLC (AS32475)	1
Host Europe GmbH	FRONTIER-FRTR (AS5650)	1
integraonline.com	AMAZON-02 (AS16509)	1
CLOUDFLARENET	Neue Zuercher Zeitung AG (AS29166)	1
doblenet.com	Gigas Hosting S.A. (AS57286)	1
zoneedit.com	PONYNET (AS53667)	1
Host Europe GmbH	Television Internacional, S.A. de C.V. (AS270161)	1
MICROSOFT-CORP-MSN-AS-BLOCK	INS-AS (AS2386)	1
call4u.mx	COEFICIENTE COMUNICACIONES (AS265524)	1
fralla.mx	NETWORK-SOLUTIONS-HOSTING (AS19871)	1
alaire.mx	OVH SAS (AS16276)	1
productosgoldentime.mx	NETWORK-SOLUTIONS-HOSTING (AS19871)	1
GOOGLE-CLOUD-PLATFORM	SQUARESPACE (AS53831)	1
ddos-guard.net	IQWeb FZ-LLC (AS59692)	1
webhostinghub.com	AMAZON-AES (AS14618)	1
planetahosting.cloud	Scaleway S.a.s. (AS12876)	1
aliasdns.net	HVC-AS (AS29802)	1
vigbo.site	Hetzner Online GmbH (AS24940)	1
Tele2 SWIPnet	Tele2 SWIPnet (AS1257)	1
plusserver.com	PlusServer GmbH (AS61157)	1
tilosolver.net	AMAZON-02 (AS16509)	1
CLOUDFLARENET	Nine Internet Solutions AG (AS29691)	1
cpanelexperto.com	LIQUIDNETLTD1 (AS14555)	1
Akamai International B.V.	GOOGLE (AS15169)	1
acwebconnecting.com	SC Web Software Development SRL (AS47836)	1
aitelecom.net	AITelecom S.A. de C.V. (AS28396)	1
AS17378	Orange Espagne SA (AS12479)	1
terasigma.com	UNIFIEDLAYER-AS-1 (AS46606)	1
polymorphic.net	LIQUIDWEB (AS32244)	1
smartnext.com	AS-VULTR (AS20473)	1
cloudserver23.com	NL-811-40021 (AS40021)	1
BUNNYWAY, informacijske storitve d.o.o.	UAB Cherry Servers (AS204770)	1
com.co	DIMENOC (AS33182)	1
sigmod.mx	Alestra, S. de R.L. de C.V. (AS11172)	1
haskala.mx	IONOS SE (AS8560)	1
cloudns.net	netcup GmbH (AS197540)	1
CLOUDFLARENET	Beget LLC (AS198610)	1
vime.mx	IONOS SE (AS8560)	1
seocomer.com	SERVERCENTRAL (AS23352)	1
rsnx.ru	LLC astra Cloud (AS41535)	1
solarnet.mx	LIQUIDWEB (AS32244)	1
Hetzner Online GmbH	Hostinger International Limited (AS47583)	1
webparts.mx	AS-30083-US-VELIA-NET (AS30083)	1
carso.mx	GOOGLE-CLOUD-PLATFORM (AS396982)	1
SECURITYSERVICES	Smartnet Limited (AS203446)	1
antagus.de	Hetzner Online GmbH (AS24940)	1
codice.com	CLOUDFLARENET (AS13335)	1
ACEHOST	Cloudi Nextgen Sl (AS49635)	1
perf1.com	FASTLY (AS54113)	1
IONOS SE	HOST4GEEKS-LLC (AS393960)	1
GANDI SAS	Partner Communications Ltd. (AS12400)	1
pixelx.de	Pixel X e.K. (AS60380)	1
Host Europe GmbH	IFX18747 (AS18747)	1
supremepanel.com	GO-DADDY-COM-LLC (AS398101)	1
webtech.mx	NL-811-40021 (AS40021)	1
AMAZON-02	FLY (AS40509)	1
cdmon.net	SOFTLAYER (AS36351)	1
HURRICANE	THEROCKETSCIENCEGROUP (AS14782)	1
dattaservervolt.com	NL-811-40021 (AS40021)	1
dublock.com	UNIFIEDLAYER-AS-1 (AS46606)	1
hostingmacroplus.com	SERVERCENTRAL (AS23352)	1
AS-VULTR	Hostinger International Limited (AS47583)	1
hostbudget.net	AS40676 (AS40676)	1
raiolanetworks.es	GIGASNET-AS (AS27640)	1
IONOS SE	Solar Communications GmbH (AS197988)	1
appgo.mx	OVH SAS (AS16276)	1
net.mx	Television Internacional, S.A. de C.V. (AS11888)	1
VITAL-DNS	VITAL-DNS (AS29997)	1
svrdatacenter.com	COGENT-174 (AS174)	1
ferrelogic.mx	Akamai Connected Cloud (AS63949)	1
roandro.mx	GO-DADDY-COM-LLC (AS398101)	1
danpal.mx	SERVERPOINT (AS26277)	1
paradiseclubtravel.mx	IONOS SE (AS8560)	1
artfiles.de	Hetzner Online GmbH (AS24940)	1
bnamed.eu	Opera Norway AS (AS39832)	1
SECURITYSERVICES	KKM IT Limited (AS60922)	1
avon.com	AVON (AS27263)	1
expoempaquenorte.mx	LIQUIDWEB (AS32244)	1
mypixelhosting.com	NAMEHERO-KCDC (AS399250)	1
Host Europe GmbH	Jisc Services Limited (AS786)	1
islonline.net	Hetzner Online GmbH (AS24940)	1
GOOGLE	Sendinblue SAS (AS200484)	1
tipsdemadre.com	SERVERCENTRAL (AS23352)	1
NSONE	Alestra, S. de R.L. de C.V. (AS11172)	1
CLOUDFLARENET	Alwaysdata Sarl (AS60362)	1
edu.mx	DIMENOC (AS33182)	1
bio-kem.mx	Wix.com Ltd. (AS58182)	1
dongee.com	CLOUDFLARENET (AS13335)	1
dnsexit.com	DIGITALOCEAN-ASN (AS14061)	1
coffeefactory.mx	THEOPT-HOU (AS40156)	1
carlosdiaz.mx	IONOS SE (AS8560)	1
aneuropean.com	NETWORK-SOLUTIONS-HOSTING (AS19871)	1
Akamai International B.V.	Akamai International B.V. (AS213120)	1
klickpark.de	dogado GmbH (AS45012)	1
lickido.com	LIQUIDNETLTD1 (AS14555)	1
modulorweb.com	DIGITALOCEAN-ASN (AS14061)	2
itsolar.mx	IONOS SE (AS8560)	1
adns2.de	Telmex Colombia S.A. (AS14080)	1
bluetelecomm.mx	GO-DADDY-COM-LLC (AS398101)	1
ns14.net	Telefonica De Espana S.a.u. (AS3352)	1
ecarsa.mx	DIMENOC (AS33182)	1
tierradenadie.mx	GO-DADDY-COM-LLC (AS398101)	1
arenaguadalajara.mx	RADWARE-CLOUD-SERVICES (AS25773)	1
micasasegura.mx	UNINET (AS8151)	1
devidp.com	ADF01 (AS46433)	1
gabysalido.mx	IONOS SE (AS8560)	1
domain-hosting.name	Hetzner Online GmbH (AS24940)	1
server-sz.com	Alsycon B.V. (AS49870)	1
OVH SAS	A2HOSTING (AS55293)	1
SECURITYSERVICES	JOESD-18501 (AS18501)	1
cloudxspeed.com	QTIME BUSINESSES PRIVATE LIMITED (AS141004)	1
focusonservices.com	DIMENOC (AS33182)	1
CLOUDFLARENET	Orion Network Limited (AS58065)	1
beetelecom.mx	TOTAL PLAY TELECOMUNICACIONES SA DE CV (AS22884)	1
admibackup.cl	WHG Hosting Services Ltd (AS14670)	1
GOOGLE	One.com A/S (AS51468)	1
protokol.mx	PROTOKOL TELECOMUNICACIONES SA DE CV (AS265596)	1
easywms.mx	UUNET (AS702)	1
ticmcrs.com	NETWORK-SOLUTIONS-HOSTING (AS19871)	1
inmotionhosting.com	GO-DADDY-COM-LLC (AS398787)	1
MICROSOFT-CORP-MSN-AS-BLOCK	Mega Cable, S.A. de C.V. (AS262916)	1
praxisasesores.mx	AS17378 (AS17378)	1
adindexparking.com	Hetzner Online GmbH (AS24940)	1
MICROSOFT-CORP-MSN-AS-BLOCK	Instituto Mexicano del Petroleo (AS7974)	1
bluhosting.com	PRIVATESYSTEMS (AS63410)	1
Host Europe GmbH	IT.Gate S.p.A. (AS12779)	1
bizwizd.com	UNIFIEDLAYER-AS-1 (AS46606)	1
OVH SAS	SERVERCENTRAL (AS23352)	1
com.ua	Hetzner Online GmbH (AS24940)	1
grupoae.mx	Hostinger International Limited (AS47583)	1
smartbis-server.xyz	SERVERCENTRAL (AS23352)	1
sumtec.mx	LIQUIDWEB (AS32244)	1
juan-carlos.mx	Mega Cable, S.A. de C.V. (AS13999)	1
usvx.net	LIQUIDWEB (AS32244)	1
genemex.mx	AMAZON-02 (AS16509)	1
cdmon.net	NETWORK-SOLUTIONS-HOSTING (AS19871)	1
64.93	PONYNET (AS53667)	1
Host Europe GmbH	American Data Networks (AS27876)	1
liderit.com	IONOS SE (AS8560)	1
AMAZON-02	Telefonica De Espana S.a.u. (AS3352)	2
micontacto.mx	IONOS SE (AS8560)	1
neubox.net	ATLANTIC-NET-1 (AS6364)	1
com.br	AMAZON-AES (AS14618)	1
vrvy.net	Datacenter Luxembourg S.A. (AS24611)	1
cdaa.mx	DIMENOC (AS33182)	1
wa360.mx	OVH SAS (AS16276)	1
rotaxmexico.mx	DATABANK-DFW (AS13767)	1
digilopolis.net	SERVERCENTRAL (AS23352)	1
ipcom GmbH	Optimizely AB (AS30811)	1
driemtraducciones.com	AS-VULTR (AS20473)	1
quenahost.net	NETWORK-SOLUTIONS-HOSTING (AS19871)	1
tristonesystems.tech	ORACLE-BMC-31898 (AS31898)	1
neoris.com	Neoris de Mexico, S.A. de C.V. (AS28372)	1
SECURITYSERVICES	IPHOTEL Hospedagem de Sites Ltda (AS262787)	1
MICROSOFT-CORP-MSN-AS-BLOCK	SCALEMATRIX (AS33695)	1
insurex.mx	OVH SAS (AS16276)	1
craterserver.com	DIMENOC (AS33182)	1
MICROSOFT-CORP-MSN-AS-BLOCK	RENDER (AS397273)	1
usvx.net	Hostinger International Limited (AS47583)	1
grupoatencion.mx	GO-DADDY-COM-LLC (AS398101)	1
HURRICANE	LIQUIDWEB (AS32244)	1
continenteferretero.mx	UNIFIEDLAYER-AS-1 (AS46606)	1
csni.mx	AS17378 (AS17378)	1
Netnod AB	GleSYS AB (AS42708)	1
SOFTLAYER	MICROSOFT-CORP-MSN-AS-BLOCK (AS8075)	1
Host Europe GmbH	PUBLIC-DOMAIN-REGISTRY (AS394695)	1
cerezodigital.com	GOOGLE-CLOUD-PLATFORM (AS396982)	1
infraestructurati.mx	UNIFIEDLAYER-AS-1 (AS46606)	1
Deutsche Telekom AG	Mittwald CM Service GmbH & Co. KG (AS15817)	1
GANDI SAS	GOOGLE (AS15169)	1
invoicealert.mx	OVH SAS (AS16276)	1
vreo.net	AMAZON-02 (AS16509)	1
gnt.cc	MICROSOFT-CORP-MSN-AS-BLOCK (AS8075)	1
gpo.mx	LIQUIDWEB (AS32244)	1
ORACLE-BMC-31898	HOSTCOLLECTIVE (AS14415)	1
yottabyteits.com	NETWORK-SOLUTIONS-HOSTING (AS19871)	1
com.cn	AMAZON-02 (AS16509)	1
bsystems.host	AS17378 (AS17378)	1
CLOUDFLARENET	MELALEUCA-INC (AS36819)	1
Cloudi Nextgen Sl	Hostinger International Limited (AS47583)	1
dnspod.net	M-net Telekommunikations GmbH (AS8767)	1
tfa.mx	AS17378 (AS17378)	1
HURRICANE	CLOUDFLARENET (AS13335)	1
Host Europe GmbH	firstcolo GmbH (AS44066)	1
suzukijimny.mx	LIQUIDWEB (AS32244)	1
ha-software.com	ATT-INTERNET4 (AS7018)	1
nameshield.net	LIQUIDWEB (AS32244)	1
VITAL-DNS	INMOTION (AS22611)	1
IWEB-AS	DIGITALOCEAN-ASN (AS14061)	1
AS-VULTR	UNIFIEDLAYER-AS-1 (AS46606)	1
liceocertificacion.mx	UNIFIEDLAYER-AS-1 (AS46606)	1
caboinformatica.com	UNINET (AS8151)	1
guisoft.net	Servicos De Comunicacoes E Multimedia S.A. (AS15525)	1
HURRICANE	INMOTION (AS22611)	1
dds-park.com	AS-26496-GO-DADDY-COM-LLC (AS26496)	1
vicomstudio.com	OVH SAS (AS16276)	1
Network Information Center Mexico	Host Europe GmbH (AS44273)	1
Host Europe GmbH	Universo Online S.A. (AS7162)	1
monito.mx	AMAZON-AES (AS14618)	1
SECURITYSERVICES	TOTAL PLAY TELECOMUNICACIONES SA DE CV (AS17072)	1
CLOUDFLARENET	HUNA SISTEMAS S. DE R.L. DE C.V. (AS270115)	1
artegence.com	Efigence S.A. (AS43091)	1
sixaraerp.com	AS17378 (AS17378)	1
secureserver.net	AS-26496-GO-DADDY-COM-LLC (AS26496)	1
SECURITYSERVICES	WIIT AG (AS24961)	1
xionicshandler.net	NETWORK-SOLUTIONS-HOSTING (AS19871)	1
CLOUDFLARENET	Fundaments B.V. (AS20559)	1
celuloterapia.mx	IONOS SE (AS8560)	1
GOOGLE	LeaseWeb Netherlands B.V. (AS60781)	1
CLOUDFLARENET	ML-1432-54994 (AS54994)	1
gec.mx	NETWORK-SOLUTIONS-HOSTING (AS19871)	1
netgo.mx	COEFICIENTE COMUNICACIONES (AS265524)	1
lemarit.de	Claas KGaA mbH (AS208868)	1
avservers.ro	Hetzner Online GmbH (AS24940)	1
kunproducts.mx	IONOS SE (AS8560)	1
elrebollar.mx	UNIFIEDLAYER-AS-1 (AS46606)	1
cursa.mx	LIQUIDWEB (AS32244)	1
moriah.mx	UNINET (AS8151)	1
waller.mx	IONOS SE (AS8560)	1
olsystems.site	NETWORK-SOLUTIONS-HOSTING (AS19871)	1
hostingshift.net	SERVERCENTRAL (AS23352)	1
saludtotal.mx	AMAZON-02 (AS16509)	1
AMAZON-02	Qrator Labs CZ s.r.o. (AS209671)	1
dyndns.tv	Mega Cable, S.A. de C.V. (AS13999)	1
floreriaenlinea.mx	UAB Interneto vizija (AS212531)	1
rtblw.com	ADISTA SAS (AS16347)	1
lacasadelasenchiladas.mx	SSASN2 (AS20454)	1
Host Europe GmbH	N963 PTE. LTD. (AS963)	1
leonolivares.com	DIGITALOCEAN-ASN (AS14061)	1
3demakdevserv.com	UNIFIEDLAYER-AS-1 (AS46606)	1
exna.mx	IONOS SE (AS8560)	1
hostgator.com	LINKED STORE BRASIL CRIACAO E DESENVOL DE SOFTWARE (AS273584)	1
Network Information Center Mexico	MAJESTIC-HOSTING-01 (AS396073)	1
mihosting.net	Hetzner Online GmbH (AS24940)	1
MICROSOFT-CORP-MSN-AS-BLOCK	MICROSOFT-CORP-MSN-AS-BLOCK (AS8068)	1
hosttamex.com	PRIVATESYSTEMS (AS63410)	1
DIGICERT	RACKSPACE (AS27357)	1
vradns.com	DIGITALOCEAN-ASN (AS14061)	1
erotik.mx	DIMENOC (AS33182)	1
ibcf.mx	UNIFIEDLAYER-AS-1 (AS46606)	1
safesecureweb.com	FASTLY (AS54113)	1
miwebdns.net	ZAM LTDA. (AS52368)	1
grupotala.com	RELIABLESITE (AS23470)	1
gxkjdns.com	AMAZON-02 (AS16509)	1
vphreactor.mx	Megacable Comunicaciones de Mexico, S.A. de C.V. (AS14178)	1
Network Information Center Mexico	Strato GmbH (AS6724)	1
hostingmorelia.com	AS17378 (AS17378)	1
ordipat.fr	CSC (AS19574)	1
cutefans.win	Alexhost Srl (AS200019)	1
bbsti.mx	IONOS SE (AS8560)	1
vidrioslaluz.mx	IONOS SE (AS8560)	1
hostwhitelabel.com	CROCWEB (AS63068)	1
AMAZON-02	CENTURYLINK-US-LEGACY-QWEST (AS209)	1
com.au	AMAZON-02 (AS16509)	1
ps.net	MICROSOFT-CORP-MSN-AS-BLOCK (AS8075)	1
canadianwebhosting.com	ESECUREDATA (AS11831)	1
red2000.mx	DIMENOC (AS33182)	1
ACEHOST	LIQUIDWEB (AS32244)	1
unknown	Akamai Connected Cloud (AS63949)	1
skystra.com	IWEB-AS (AS32613)	1
NUCDN	Alibaba US Technology Co., Ltd. (AS45102)	1
xtsystem.it	Akamai Connected Cloud (AS63949)	1
openi2.com	OVH SAS (AS16276)	1
Dattatec.com	GOOGLE-CLOUD-PLATFORM (AS396982)	1
AS17378	COGECO-PEER1 (AS13768)	1
leidos.com	AS-26496-GO-DADDY-COM-LLC (AS26496)	1
xonexka.mx	AS17378 (AS17378)	1
123hospedajes.com	UNIFIEDLAYER-AS-1 (AS46606)	1
BIZLAND-SD	NETWORK-SOLUTIONS-HOSTING (AS19871)	1
grupoveloci.com	UNIFIEDLAYER-AS-1 (AS46606)	1
bookroad.mx	OVH SAS (AS16276)	1
is-fun.net	meerfarbig GmbH & Co. KG (AS34549)	1
losandescampestre.mx	IONOS SE (AS8560)	1
connectmktmx.com	NETWORK-SOLUTIONS-HOSTING (AS19871)	1
mainmail.net	PIT CHILE SP (AS64112)	1
SECURITYSERVICES	DATACANOPY-IRV01 (AS1069)	1
Triara.com S.A. de C.V.	F5 Networks SARL (AS35280)	1
interficto.mx	PRIVATESYSTEMS (AS63410)	1
HURRICANE	WII (AS32097)	1
com.mx	HOSTWINDS (AS54290)	1
com.mx	APYLI-AS (AS53628)	1
unknown	Hetzner Online GmbH (AS24940)	1
SECURITYSERVICES	Alexhost Srl (AS200019)	1
adanetworks.net	CLOUD-SOUTH (AS13886)	1
MICROSOFT-CORP-MSN-AS-BLOCK	Roedl & Partner GmbH Wirtschaftspruefungsgesellschaft (AS212225)	1
Akamai International B.V.	DOW (AS1678)	1
biso.mx	IONOS SE (AS8560)	1
umbral.mx	LIQUIDWEB (AS32244)	1
cloudoon.com	OVH SAS (AS16276)	1
serverarquimo.com	NETWORK-SOLUTIONS-HOSTING (AS19871)	1
ipcom GmbH	INCAPSULA (AS19551)	1
gormay.mx	GO-DADDY-COM-LLC (AS398101)	1
swimsuit.mx	Hetzner Online GmbH (AS24940)	1
e-sistemas.net	DinaHosting S.L. (AS42612)	1
superhosting.bg	SuperHosting.BG Ltd. (AS201200)	2
contrasteserver.com	LIQUIDWEB (AS32244)	1
GANDI SAS	GO-DADDY-COM-LLC (AS398101)	1
altodns.de	Bradler & Krantz GmbH & Co. KG (AS29141)	1
businesscapitals.mx	AS17378 (AS17378)	1
colorobbia.mx	LIQUIDWEB (AS32244)	1
verisigndns.com	DIGICERT (AS16552)	1
realptt.mx	Dattatec.com (AS27823)	1
aspirationhosting.com	SERVERCENTRAL (AS23352)	1
bacti-clean.mx	LIQUIDWEB (AS32244)	1
co.uk	NETWORK-SOLUTIONS-HOSTING (AS19871)	1
cloudns.net	Convergencia Inalambrica, S.A. de C.V. (AS28425)	1
domain2ip.de	Lightup Network Solutions GmbH & Co. KG (AS25486)	1
hilvana.mx	LIQUIDWEB (AS32244)	1
inconnekt.net	UNIFIEDLAYER-AS-1 (AS46606)	1
guruhosting.net	UNIFIEDLAYER-AS-1 (AS46606)	1
solusoy.mx	UNIFIEDLAYER-AS-1 (AS46606)	1
genesys informatica srl	MICROSOFT-CORP-MSN-AS-BLOCK (AS8075)	1
hosterion.com	DATABANK-DFW (AS13767)	1
genba.mx	INTERSERVER-LAX (AS26666)	1
portalauranet.cl	GOOGLE-CLOUD-PLATFORM (AS396982)	1
SECURITYSERVICES	AS20190 (AS20190)	1
innere.mx	LIQUIDWEB (AS32244)	1
shell.com	MICROSOFT-CORP-MSN-AS-BLOCK (AS8075)	1
gob.mx	Gobierno del Estado de Morelos (AS265589)	1
AMAZON-02	GOOGLE-2 (AS19527)	1
alcione.mx	INCAPSULA (AS19551)	1
directnic.com	GO-DADDY-COM-LLC (AS400754)	1
Host Europe GmbH	INFORM LLC (AS13105)	1
hostdepot.cloud	OVH SAS (AS16276)	1
neubox.net	NetActuate, Inc (AS63911)	1
ipcom GmbH	AS-VULTR (AS20473)	1
velzac.com	NETWORK-SOLUTIONS-HOSTING (AS19871)	1
bda.mx	NL-811-40021 (AS40021)	1
rackslot.com	CLOUDFLARENET (AS13335)	1
larcad.mx	Universidad Autonoma de Chiapas (AS28417)	1
uu.net	gridscale GmbH (AS29423)	1
DIGICERT	Meytel Publicidad S.L. (AS43520)	1
uptravel.mx	IONOS SE (AS8560)	1
managed-ip.com	init AG fuer digitale Kommunikation (AS25516)	1
aztecaservicios.mx	DFW-DATACENTER (AS30277)	1
lorettadesigns.mx	CLOUDFLARENET (AS13335)	1
ATT-INTERNET4	Daisy Corporate Services Trading Ltd (AS5413)	1
GENERAL-MOTORS-CORPORATION	Akamai Connected Cloud (AS63949)	1
awsoftware.mx	UNIFIEDLAYER-AS-1 (AS46606)	1
ivangonzalez.mx	NETWORK-SOLUTIONS-HOSTING (AS19871)	1
supertrack.mx	DIMENOC (AS33182)	1
ports.se	A2HOSTING (AS55293)	1
Heymman Servers Corporation	CLOUDFLARENET (AS13335)	1
consultoresdelpacifico.mx	IONOS SE (AS8560)	1
diarte.mx	IONOS SE (AS8560)	1
seguridadpatrimonial.mx	Dattatec.com (AS27823)	1
serverlet.com	OVH SAS (AS16276)	1
worldofchia.com	LIQUIDWEB (AS32244)	1
zonainternet-server3.net	NETWORK-SOLUTIONS-HOSTING (AS19871)	1
antenasocial.mx	MULTA-ASN1 (AS35916)	1
iusaenlinea.com	VPN de Mexico, S.A. de C.V. (AS27683)	1
deployment.mx	WHG Hosting Services Ltd (AS14670)	1
mimecast.com	SQUIXA PTY LIMITED (AS136133)	1
AMAZON-02	CV. Rumahweb Indonesia (AS58487)	1
EDNS	Operbes, S.A. de C.V. (AS18734)	1
matthew.mx	WHG Hosting Services Ltd (AS51713)	1
register.it	Combell NV (AS34762)	1
OVH SAS	Rackspace Ltd. (AS15395)	1
tmddedicated.com	SINGLEHOP-LLC (AS32475)	1
cloudns.net	Enflow B.V. (AS209626)	1
quandy.mx	IONOS SE (AS8560)	1
raddns.com	LIMESTONENETWORKS (AS46475)	1
AMAZON-02	IHNET (AS33494)	1
hostix.de	NetCologne Gesellschaft fur Telekommunikation mbH (AS8422)	1
CLOUDFLARENET	NetForce Ukraine LLC (AS209593)	1
CLOUDFLARENET	MAINFREIGHTUS-AS (AS21913)	1
SAP-NIE	SAP SE (AS35039)	1
Akamai International B.V.	InterNetX GmbH (AS15456)	1
plandigital.mx	NETWORK-SOLUTIONS-HOSTING (AS19871)	1
delcampe.be	Tigron bv (AS56837)	1
rafagaglobal.com	AS17378 (AS17378)	1
datastar.mx	AMAZON-02 (AS16509)	1
tocimedical.com	NETWORK-SOLUTIONS-HOSTING (AS19871)	1
mxrobotics.com	NETWORK-SOLUTIONS-HOSTING (AS19871)	1
nforce.nl	NForce Entertainment B.V. (AS43350)	1
SkyExchange Internet Access	GO-DADDY-COM-LLC (AS398101)	1
opensuse.org	SUSE Software Solutions Germany GmbH (AS29298)	1
ns-serve.net	Hetzner Online GmbH (AS24940)	1
signus.ws	AS17378 (AS17378)	1
cloudns.net	TRANSTELCO-INC (AS32098)	1
IS-AS-1	AMAZON-02 (AS16509)	1
sandiegobio.us	AS17378 (AS17378)	1
initworks-cld.net	BIT BV (AS12859)	1
uvt.nl	SURF B.V. (AS1103)	1
notariatrece.mx	IONOS SE (AS8560)	1
TIER-NET	DIGITALOCEAN-ASN (AS14061)	1
azafra.mx	SERVERCENTRAL (AS23352)	1
NAMECHEAP-NET	AMAZON-02 (AS16509)	1
precioalmayoreo.com	Hostinger International Limited (AS47583)	1
AMAZON-02	AWIN LTD (AS198063)	1
rogers.mx	OVH SAS (AS16276)	1
bit.nl	Hostnet B.V. (AS197902)	1
AS-VULTR	LINKED STORE BRASIL CRIACAO E DESENVOL DE SOFTWARE (AS273584)	1
vaenca.mx	UNIFIEDLAYER-AS-1 (AS46606)	1
IONOS SE	M247 Europe SRL (AS9009)	1
solar2000.mx	OVH SAS (AS16276)	1
nashfinancial.mx	DIMENOC (AS33182)	1
bugaboo.mx	LIMESTONENETWORKS (AS46475)	1
NForce Entertainment B.V.	AMAZON-02 (AS16509)	1
nichosinteligentes.mx	Hostinger International Limited (AS47583)	1
patrimony.mx	IONOS SE (AS8560)	1
silibake.mx	LIQUIDWEB (AS32244)	1
ascio.com	AMAZON-02 (AS16509)	1
maxonline.de	Deutsche Telekom AG (AS3320)	1
Host Europe GmbH	Scaleway S.a.s. (AS12876)	1
comnet.mx	GO-DADDY-COM-LLC (AS400754)	1
cl-t164-242cn.	IWEB-AS (AS32613)	1
Dattatec.com	Red Cientifica Peruana (AS3132)	1
hostyourservices.net	SYNERGY WHOLESALE PTY LTD (AS45638)	1
ipcom GmbH	net.de AG (AS15743)	1
smallvillages.com	RCC-RDC-AS (AS29988)	1
meganis.mx	Alestra, S. de R.L. de C.V. (AS11172)	1
webme.it	Infrastructure Italia Colo S.r.l. (AS203201)	1
forcetec.mx	UNINET (AS8151)	1
uption.net	PRIVATESYSTEMS (AS63410)	1
otologo.mx	LIQUIDWEB (AS32244)	1
aivia.mx	IONOS SE (AS8560)	1
villadigital.mx	SERVERCENTRAL (AS23352)	1
cloudclusters.net	WII (AS32097)	1
mediaoncloud.it	MICROSOFT-CORP-MSN-AS-BLOCK (AS8075)	1
christushealth.org	MICROSOFT-CORP-MSN-AS-BLOCK (AS8075)	1
whitepanther-hosting.com	NAMEHERO-KCDC (AS399250)	1
famaper.mx	LIQUIDWEB (AS32244)	1
AMAZON-02	Ddos-guard Ltd (AS57724)	1
volkswagen.de	Volkswagen AG (AS206618)	1
inmotionhosting.com	UNINET (AS8151)	1
resonancerepatterning.mx	MICROSOFT-CORP-MSN-AS-BLOCK (AS8075)	1
chance.mx	ATT-INTERNET4 (AS7018)	1
michelhr.com	AMAZON-02 (AS16509)	1
ns564440.	Wix.com Ltd. (AS58182)	1
hostgator.com	SERVERCENTRAL (AS23352)	1
aacowebdesign.com	AS40028 (AS40028)	1
SECURITYSERVICES	Host Europe GmbH (AS8972)	1
hydra.net	IWEB-AS (AS32613)	1
ipxon.net	SONDATECH S.A.S. (AS263812)	1
phdns24.es	CLOUDFLARENET (AS13335)	1
smartfire.mx	OVH SAS (AS16276)	1
grupofernandez.mx	LIQUIDWEB (AS32244)	1
tenfox.net	IONOS SE (AS8560)	1
itnetworks.online	OVH SAS (AS16276)	1
intelplanet.com	NETWORK-SOLUTIONS-HOSTING (AS19871)	1
quantum-server.net	DIGITALOCEAN-ASN (AS14061)	1
markmonitor.com	CSC (AS19574)	1
mastubo.com	DIMENOC (AS33182)	1
pyrsa.mx	DIGITALOCEAN-ASN (AS14061)	1
mx-ns.mx	INFOTEC CENTRO DE INVESTIGACION E INNOVACION EN TECNOLOGIAS DE LA INFORMACION Y COMUNICACION (AS13579)	1
xbasewebsite.com	ATLANTIC-NET-1 (AS6364)	1
flycom.mx	DIMENOC (AS33182)	1
iwantmyname.net	DIGITALOCEAN-ASN (AS14061)	1
orangewebsite.com	Advania Island ehf (AS50613)	1
com.mx	INFB2-AS (AS30447)	1
IONOS SE	Previder B.V. (AS20847)	1
bakugan.mx	AMAZON-AES (AS14618)	1
grupochapultepec.com	AS17378 (AS17378)	1
UNIFIEDLAYER-AS-1	INMOTION (AS22611)	1
prevencionydeteccion.mx	VPN de Mexico, S.A. de C.V. (AS27683)	1
GO-DADDY-COM-LLC	DIGITALOCEAN-ASN (AS14061)	1
iwsservers.com	WHG Hosting Services Ltd (AS211126)	1
abelqb.com	IWEB-AS (AS32613)	1
adanl.mx	LIQUIDWEB (AS32244)	1
adwebsys.com	IWEB-AS (AS32613)	1
one3erver.com	Sefroyek Pardaz Engineering PJSC (AS48715)	1
ssnc.cloud	CLOUDFLARENET (AS13335)	2
rehau.com	Hetzner Online GmbH (AS24940)	1
yercadia.com	NETWORK-SOLUTIONS-HOSTING (AS19871)	1
netim.net	AMAZON-02 (AS16509)	1
host48horas.com	SERVERCENTRAL (AS23352)	1
autolucassd.com	UNIFIEDLAYER-AS-1 (AS46606)	1
tuespazio.biz	GORILLASERVERS (AS53850)	1
mijndnsserver.nl	Stichting DIGI NL (AS206281)	1
tucorazon.mx	SERVERPOINT (AS26277)	1
sycel.mx	AS-30083-US-VELIA-NET (AS30083)	1
Hangzhou Alibaba Advertising Co.,Ltd.	AMAZON-AES (AS14618)	1
CLOUDFLARENET	SonderCloud Limited (AS133861)	1
bulltax.mx	UNIFIEDLAYER-AS-1 (AS46606)	1
mediamonks.net	AMAZON-02 (AS16509)	1
greeninginvestments.mx	Trevenque Sistemas De Informacion S.l. (AS42220)	1
zhiller.mx	IONOS SE (AS8560)	1
networksclub.net	MICROSOFT-CORP-MSN-AS-BLOCK (AS8075)	1
Hetzner Online GmbH	Podaon SIA (AS211381)	1
SkyExchange Internet Access	Hangzhou Alibaba Advertising Co.,Ltd. (AS37963)	1
Host Europe GmbH	TWL-Kom GmbH (AS9022)	1
imta.mx	UNINET (AS8151)	1
hoasted.com	Hoasted B.V. (AS205876)	1
xpresshosting.com	AS-VULTR (AS20473)	1
first365.net	MICROSOFT-CORP-MSN-AS-BLOCK (AS8069)	1
rojopurpura.mx	IONOS SE (AS8560)	1
quiahuiztlan.com	CLOUDFLARENET (AS13335)	1
gallegosconstrucciones.com	WEBNX (AS18450)	1
innodns.info	Hostinger International Limited (AS47583)	1
co.uk	FMGLOBAL (AS32906)	1
Host Europe GmbH	SPOT UNO SA DE CV (AS272316)	1
com.mx	Tu Casa Inalambrica de Mexico (AS263157)	1
AS17378	Gobierno del Estado de Guanajuato (AS28371)	1
co.uk	GOOGLE (AS15169)	1
systemdns.com	CLOUDFLARENET (AS13335)	1
ipcom GmbH	Key-Systems GmbH (AS196763)	1
JOESD-18501	AMAZON-02 (AS16509)	1
Network Information Center Mexico	IWEB-AS (AS32613)	1
elmuelle.net	Cloudflare London, LLC (AS209242)	1
SECURITYSERVICES	Host Europe GmbH (AS21499)	1
MICROSOFT-CORP-MSN-AS-BLOCK	Soluciones web on line s.l. (AS201446)	1
aliasdns.net	LINKED STORE BRASIL CRIACAO E DESENVOL DE SOFTWARE (AS273584)	1
mobiliariometalico.mx	UNIFIEDLAYER-AS-1 (AS46606)	1
GANDI SAS	AS17378 (AS17378)	1
millenniumarts.net	Hetzner Online GmbH (AS24940)	1
sermep.mx	Alestra, S. de R.L. de C.V. (AS11172)	1
bosch.de	Vodafone GmbH (AS3209)	1
Host Europe GmbH	LeaseWeb Netherlands B.V. (AS60781)	1
remolquesbonanza.mx	IONOS SE (AS8560)	1
srv53.net	Scalaxy B.V. (AS58061)	1
actoringservices.com	NETWORK-SOLUTIONS-HOSTING (AS19871)	1
redsiete.com	PRIVATESYSTEMS (AS63410)	1
DIGICERT	Hetzner Online GmbH (AS24940)	1
awesomeprojects.ro	GTS Telecom SRL (AS5606)	1
sphyl.com	UNIFIEDLAYER-AS-1 (AS46606)	1
sippuebla.com	NETWORK-SOLUTIONS-HOSTING (AS19871)	1
ZONER a.s.	SH.cz s.r.o. (AS39392)	1
tacohouse.mx	SERVERPOINT (AS26277)	1
musanclickers.com	NETWORK-SOLUTIONS-HOSTING (AS19871)	1
sandvik.com	Comercio e Prestacao de Servicos Informaticos, Lda (AS59787)	1
letsdnsit.nl	CLOUDFLARENET (AS13335)	1
com.br	GOOGLE-CLOUD-PLATFORM (AS396982)	1
abcconcretos.com	WII (AS32097)	1
domaine.fr	METANET AG (AS21069)	1
chrisalim.com	AS17378 (AS17378)	1
mariscosaltamar.mx	SSASN2 (AS20454)	1
ipcom GmbH	DXC-AS3360 (AS3360)	1
inventa-materia.com	AS17378 (AS17378)	1
comparebee.com	EMPIRE (AS54839)	1
servatica.com	Servatica Technologies, S.L. (AS31653)	1
soberon.mx	OVH SAS (AS16276)	1
ec2amaz-8oeni6t.	GO-DADDY-COM-LLC (AS398101)	1
elnet.lt	UAB Interneto vizija (AS212531)	1
dtoscananuevovallarta.mx	AS17378 (AS17378)	1
nidum.mx	AMAZON-AES (AS14618)	1
leadertelecom.nl	LeaderTelecom B.V. (AS58272)	1
webmaps.mx	IONOS SE (AS8560)	1
deliriumlabs.net	A2HOSTING (AS55293)	1
gyrestudio.net	CLOUDFLARENET (AS13335)	1
digma.mx	IWEB-AS (AS32613)	1
danpalon.mx	SERVERPOINT (AS26277)	1
com.mx	NTT-DATA-2914 (AS2914)	1
sitios.im	OVH SAS (AS16276)	1
Triara.com S.A. de C.V.	INMOTION (AS22611)	1
DIGICERT	AS-COLOCROSSING (AS36352)	1
name-services.com	NAMECHEAP-NET (AS22612)	1
almenara.mx	M247 Europe SRL (AS9009)	1
geekspc.mx	NETWORK-SOLUTIONS-HOSTING (AS19871)	1
cla-gdl.mx	Alestra, S. de R.L. de C.V. (AS11172)	1
Host Europe GmbH	HostUS (AS7489)	1
AMAZON-02	WHG Hosting Services Ltd (AS199404)	1
labstra.mx	SSASN2 (AS20454)	1
cir.mx	GO-DADDY-COM-LLC (AS398101)	1
babynomad.mx	TZULO (AS11878)	1
atakdomain.com	Atak Domain Bilgi Teknolojileri A.S. (AS211401)	1
grupoenriquez.mx	IONOS SE (AS8560)	1
terheq.com	NETWORK-SOLUTIONS-HOSTING (AS19871)	1
krausnaimer.com	Telecom Liechtenstein AG (AS20634)	1
DIGICERT	Alestra, S. de R.L. de C.V. (AS11172)	1
LIQUIDWEB	BAI-IP-SERVICES (AS23316)	1
modserver.com	Akamai Connected Cloud (AS63949)	1
abmexico.info	SERVERCENTRAL (AS23352)	1
AS-VULTR	NL-811-40021 (AS40021)	1
webexpress.mx	GO-DADDY-COM-LLC (AS398101)	1
NETWORK-SOLUTIONS-HOSTING	Mega Cable, S.A. de C.V. (AS13999)	1
afraid.org	SQUARESPACE (AS53831)	1
G-Core Labs S.A.	OWGELS INTERNATIONAL CO., LIMITED (AS139880)	1
gridfast.net	SERVERCENTRAL (AS23352)	1
HURRICANE	MULTI ASSIST S.A. (AS52494)	1
0800freecall.ch	LEVEL3 (AS3356)	1
NForce Entertainment B.V.	Scaleway S.a.s. (AS12876)	1
wolkehost.com	UNIFIEDLAYER-AS-1 (AS46606)	1
labsi.mx	DIMENOC (AS33182)	1
markmonitor.com	AS-26496-GO-DADDY-COM-LLC (AS26496)	1
crcloud.es	Hetzner Online GmbH (AS24940)	1
Television Internacional, S.A. de C.V.	AMAZON-AES (AS14618)	1
MICROSOFT-CORP-MSN-AS-BLOCK	HOSTP-LA (AS23273)	1
CLOUDFLARENET	369 IntoNet Limited (AS214785)	1
pautacreativa.mx	Alestra, S. de R.L. de C.V. (AS11172)	1
toditopagos.mx	Alestra, S. de R.L. de C.V. (AS11172)	1
rasatanet2.com	Hostinger International Limited (AS47583)	1
nominalia.com	RelAix Networks GmbH (AS34953)	1
toditocard.mx	Alestra, S. de R.L. de C.V. (AS11172)	1
ok-03.com	NETWORK-SOLUTIONS-HOSTING (AS19871)	1
Infomaniak Network SA	BSE Software GmbH (AS9044)	1
cartapatiosfc.mx	IONOS SE (AS8560)	1
hulifestyle.mx	Cloudflare London, LLC (AS209242)	1
exitcorp.net	SERVERCENTRAL (AS23352)	1
MICROSOFT-CORP-MSN-AS-BLOCK	IWEB-AS (AS32613)	1
brainydns.com	LEASEWEB-USA-LAX (AS395954)	1
Bdl Systemes SAS	CLOUDFLARENET (AS13335)	1
finbeabc.mx	Alestra, S. de R.L. de C.V. (AS11172)	1
inetlocker.net	GO-DADDY-COM-LLC (AS398101)	1
colaboro.mx	AS-30083-US-VELIA-NET (AS30083)	1
